site,wildtype,mutant,effect,effect_std,times_seen,n_selections
22,A,*,-6,0,4,2
22,A,A,0,0,,2
22,A,C,0.4809,0.388,3.5,2
22,A,D,0.4368,0,2.5,1
22,A,E,-0.01801,0.09349,3,2
22,A,F,0.1323,0.191,2.5,2
22,A,G,0.1225,0.2786,2.5,2
22,A,H,-0.3144,0.1014,2,2
22,A,I,-1.901,0.4625,1.5,2
22,A,K,-0.1092,0.01065,4,2
22,A,M,-0.2887,0.054,5,2
22,A,N,0.4096,0.1661,4,2
22,A,P,0.0558,0.04208,3.5,2
22,A,Q,-0.4671,0.05385,5.5,2
22,A,R,0.4207,0.1169,2.5,2
22,A,S,0.2969,0.09445,3.5,2
22,A,T,-0.04145,0.06115,7.5,2
22,A,V,-1.516,0.218,7.5,2
22,A,W,-1.466,0.1075,3.5,2
22,A,Y,0.1062,0.00669,2.5,2
23,V,*,-6,0,2.5,2
23,V,A,-0.09599,0.05082,5,2
23,V,C,-0.0994,0.2071,3.5,2
23,V,D,0.1117,0.3692,3,2
23,V,E,-0.1137,0.2492,2.5,2
23,V,F,-0.3456,0.258,4,2
23,V,G,0.008055,0.031,3.5,2
23,V,H,0.297,0.1394,3,2
23,V,I,-0.348,0.3235,3.5,2
23,V,K,-0.1536,0.06327,6,2
23,V,L,-0.2867,0,4.5,1
23,V,M,-0.048,0.2497,4.5,2
23,V,N,-0.2592,0.01945,4.5,2
23,V,P,-0.0596,0.2335,3,2
23,V,Q,-0.2825,0.5607,3,2
23,V,R,-0.9358,0.1183,4.5,2
23,V,S,-0.4425,0.05935,2,2
23,V,T,0.06045,0.3448,5,2
23,V,V,0,0,,2
23,V,W,-0.8824,0.6265,2,2
23,V,Y,0.1296,0.3291,6,2
24,K,*,-6,0,5.5,2
24,K,A,-0.1406,0.0596,3.5,2
24,K,C,-0.08855,0.1217,3.5,2
24,K,D,0.469,0.4572,2.5,2
24,K,E,-0.349,0.00505,4,2
24,K,F,0.324,0.1665,2.5,2
24,K,G,-0.4322,0.04515,5.5,2
24,K,H,-0.4721,0.06195,6,2
24,K,I,0.02382,0.1083,6.5,2
24,K,K,0,0,,2
24,K,L,-0.2059,0.2396,7.5,2
24,K,M,-0.1238,0.1079,2.5,2
24,K,N,0.02012,0.1086,3,2
24,K,P,-0.142,0.1451,5.5,2
24,K,Q,-0.3127,0.1278,6,2
24,K,R,-0.07565,0.1111,8.5,2
24,K,S,0.1446,0.6068,3,2
24,K,T,0.4863,0.1406,3.5,2
24,K,V,-0.00245,0.3967,5,2
24,K,W,-1.125,0.1326,8,2
24,K,Y,0.3099,0.1257,5,2
25,V,*,-6,0,6.5,2
25,V,A,0.07165,0.1842,6.5,2
25,V,C,0.1725,0.2057,4,2
25,V,D,0.2697,0.00295,5,2
25,V,E,-0.208,0.2132,4.5,2
25,V,G,0.1808,0.078,6,2
25,V,H,0.1539,0.1357,4,2
25,V,I,0.3448,0.1375,7,2
25,V,K,0.1027,0.00718,4,2
25,V,L,-0.3743,0.1545,3.5,2
25,V,M,0.09323,0.1921,7,2
25,V,N,0.3998,0,0.5,1
25,V,P,0.3453,0.09015,4,2
25,V,Q,-0.5474,0.01385,6.5,2
25,V,R,0.2017,0.0665,8,2
25,V,S,0.7132,0.112,4,2
25,V,T,0.04055,0.3322,4.5,2
25,V,V,0,0,,2
25,V,W,-0.1453,0.6866,4,2
25,V,Y,0.1885,0.3003,5.5,2
26,G,*,-6,0,5,2
26,G,A,-0.3975,0.1727,6.5,2
26,G,C,-0.284,0.4933,3,2
26,G,D,-0.0039,0.3589,3.5,2
26,G,E,0.03525,0.3503,4.5,2
26,G,F,-0.309,0.1236,6.5,2
26,G,G,0,0,,2
26,G,H,0.0769,0.4012,3,2
26,G,I,0.1207,0.1191,4,2
26,G,K,-0.387,0.6043,4.5,2
26,G,L,-1.069,0.8732,3,2
26,G,M,0.4323,0.077,3,2
26,G,N,0.1537,0.00235,3,2
26,G,P,-0.5396,0.2503,4,2
26,G,Q,-0.2706,0.2593,4,2
26,G,R,0.1565,0.1095,3,2
26,G,S,-0.06075,0.2656,5,2
26,G,T,0.3469,0.1425,6.5,2
26,G,V,0.02185,0.3438,5.5,2
26,G,W,-0.7481,0.03945,6,2
26,G,Y,0.05859,0.0745,5,2
27,H,*,-6,0,7.5,2
27,H,A,0.6346,0.5354,4.5,2
27,H,C,0.3195,0.1151,3.5,2
27,H,D,-0.2238,0.2725,3.5,2
27,H,E,-0.1807,0.1361,4.5,2
27,H,F,0.2848,0.0732,6,2
27,H,G,-0.2569,0.32,4,2
27,H,H,0,0,,2
27,H,I,-0.1181,0.05963,3.5,2
27,H,K,-0.2967,0.0952,4.5,2
27,H,L,-0.06395,0.08605,7,2
27,H,M,-0.1672,0.08794,2,2
27,H,N,-0.0826,0.3312,5,2
27,H,P,0.3151,0.2352,3,2
27,H,Q,-0.2676,0.06025,5.5,2
27,H,R,-0.1895,0.466,5,2
27,H,S,0.3125,0.3654,4,2
27,H,T,0.5202,0.03905,3,2
27,H,V,0.00995,0.3125,5.5,2
27,H,W,-0.2633,0.09085,4,2
27,H,Y,-0.09432,0.1931,8.5,2
28,V,*,-6,0,5,2
28,V,A,-0.5815,0.2518,3.5,2
28,V,C,-0.1165,0.2284,5.5,2
28,V,D,-0.6275,0.2151,3.5,2
28,V,E,-0.4801,0.01545,6.5,2
28,V,F,-0.6669,0.3451,6,2
28,V,G,-0.074,1.211,2.5,2
28,V,H,0.0596,0.03927,2,2
28,V,I,0.1637,0.3449,5,2
28,V,K,-0.02405,0.3314,5.5,2
28,V,L,0.491,0.252,2,2
28,V,M,-0.3441,0.00785,3,2
28,V,N,-0.082,0.2011,4.5,2
28,V,P,-1.245,0.1745,3,2
28,V,Q,0.2998,0.6172,2.5,2
28,V,R,0.1088,0.1764,4.5,2
28,V,S,0.01703,0.08877,4.5,2
28,V,T,-0.06993,0.1269,5.5,2
28,V,V,0,0,,2
28,V,W,0.1134,0.2814,4,2
28,V,Y,-0.02422,0.04013,3.5,2
29,L,*,-6,0,4.5,2
29,L,A,-0.7917,0.01705,6,2
29,L,C,-0.6139,0.06505,4,2
29,L,D,-5.542,0,5,2
29,L,E,-1.38,0.2005,4,2
29,L,F,0.4577,0.01805,3,2
29,L,G,-1.413,0.5102,7,2
29,L,H,-0.4446,0.2786,2.5,2
29,L,I,-0.9041,0.2479,5,2
29,L,K,-1.08,0.287,3,2
29,L,L,0,0,,2
29,L,M,-0.0926,0.3068,3.5,2
29,L,N,-1.487,0.3945,5,2
29,L,P,-6,0,3,2
29,L,Q,-0.4197,0.5391,6,2
29,L,R,-2.4,0.199,4.5,2
29,L,S,-0.0052,0.1099,3.5,2
29,L,T,-1.048,0.011,7.5,2
29,L,V,-0.8589,0.2361,4.5,2
29,L,W,-0.7963,0.1351,6,2
29,L,Y,-1.167,0.0085,3,2
30,M,*,-6,0,4,2
30,M,A,-0.2415,0.1213,5.5,2
30,M,C,-0.07999,0.1147,5,2
30,M,D,-0.4447,0.1935,7,2
30,M,E,-0.3343,0.2496,6,2
30,M,F,0.08345,0.2117,5.5,2
30,M,G,-0.1162,0.3607,4.5,2
30,M,H,0.0147,0.219,6.5,2
30,M,I,-0.0029,0.2744,7,2
30,M,K,0.09509,0.0848,5,2
30,M,L,-0.0002,0.1444,5.5,2
30,M,M,0,0,,2
30,M,N,-2.193,0.163,6,2
30,M,P,-3.718,0,4.5,2
30,M,Q,-0.183,0.1497,5,2
30,M,R,0.08165,0.06914,4.5,2
30,M,S,0.4735,0.5585,4.5,2
30,M,T,-0.3025,0.2422,2,2
30,M,V,-0.5892,0.6138,5.5,2
30,M,W,-0.6068,0.0352,4,2
30,M,Y,-0.01135,0.1517,5,2
31,Q,*,-6,0,7,2
31,Q,A,-0.284,0.1531,5,2
31,Q,C,-0.3739,0,3,1
31,Q,D,-0.5493,0.06725,7,2
31,Q,E,-0.2712,0.0024,4.5,2
31,Q,F,0.4396,0.1377,6,2
31,Q,G,-2.085,0.416,4,2
31,Q,H,-1.063,0.09405,5,2
31,Q,I,-0.5615,0.05735,4.5,2
31,Q,K,-1.328,0.0815,2.5,2
31,Q,L,-0.2925,0.2116,4.5,2
31,Q,M,-0.3558,0.1073,7,2
31,Q,N,-1.743,0.1315,5.5,2
31,Q,P,-2.712,0.1535,8,2
31,Q,Q,0,0,,2
31,Q,R,-2.615,0.173,9,2
31,Q,S,-1.251,0.085,5.5,2
31,Q,T,-0.1054,0.4652,6,2
31,Q,V,-0.1064,0.2158,5,2
31,Q,W,-1.687,0.114,5.5,2
31,Q,Y,-1.534,0.3075,5,2
32,T,*,-6,0,5.5,2
32,T,A,-0.5164,0.6475,3,2
32,T,C,-0.08763,0.1637,6.5,2
32,T,D,-0.605,0.4179,5.5,2
32,T,E,-0.5363,0.3245,6,2
32,T,F,0.06459,0.1181,6.5,2
32,T,G,-0.7631,0.2087,7,2
32,T,H,-1.096,0.094,3,2
32,T,I,0.01149,0.06815,5,2
32,T,K,-1.31,0.4942,9.5,2
32,T,L,-0.1272,0.2115,5.5,2
32,T,M,0.05738,0.1572,7.5,2
32,T,N,0.07705,0.000985,4,2
32,T,P,-5.564,0,7,2
32,T,Q,-0.06895,0.1047,7,2
32,T,R,-0.1568,0.2753,5.5,2
32,T,S,-0.7261,0.1321,4,2
32,T,T,0,0,,2
32,T,V,-0.1702,0.004,5,2
32,T,W,-0.9108,0.07715,3,2
32,T,Y,-0.5525,0.2663,7.5,2
33,E,*,-6,0,5.5,2
33,E,A,-1.72,0.0895,4.5,2
33,E,C,-0.4762,0.2334,8.5,2
33,E,D,-0.8805,0.0288,5,2
33,E,E,0,0,,2
33,E,F,-2.288,0.5665,3.5,2
33,E,G,-1.02,0.1804,8,2
33,E,H,-1.563,0.1355,7.5,2
33,E,I,-0.2329,0.03155,4.5,2
33,E,K,-3.88,0,6,2
33,E,L,-0.0683,0.2128,5,2
33,E,M,-1.638,0.077,4.5,2
33,E,N,-0.8469,0.04795,6.5,2
33,E,P,-5.78,0,5,2
33,E,Q,-1.471,0.249,3,2
33,E,R,-2.556,0.358,5.5,2
33,E,S,-1.521,0.0575,5,2
33,E,T,-1.706,0.0525,5.5,2
33,E,V,-0.2208,0.04275,7,2
33,E,W,-3.002,0.0335,6.5,2
33,E,Y,-2.487,0.2385,4,2
34,F,*,-6,0,7.5,2
34,F,A,-0.4257,0.0904,6,2
34,F,C,-0.9632,0.4959,6.5,2
34,F,D,-2.591,0.159,4.5,2
34,F,E,-1.321,0.1345,3.5,2
34,F,F,0,0,,2
34,F,G,-1.074,0.062,4,2
34,F,H,-0.7053,0.2126,3.5,2
34,F,I,-0.6586,0.048,7,2
34,F,K,-2.396,0.0565,6,2
34,F,L,-0.4579,0.1574,7.5,2
34,F,M,-0.1635,0.06055,3.5,2
34,F,N,-1.506,0.5349,4,2
34,F,P,-6,0,4,2
34,F,Q,-0.931,0.231,5.5,2
34,F,R,-1.658,0.147,7,2
34,F,S,-0.4753,0.3347,6,2
34,F,T,-1.12,0.7944,3.5,2
34,F,V,-0.9278,0.0258,5.5,2
34,F,W,-0.01125,0.183,3,2
34,F,Y,0.3581,0.303,6.5,2
35,Y,*,-6,0,6,2
35,Y,A,-0.2989,0.115,4,2
35,Y,C,-0.9269,0.442,4.5,2
35,Y,D,-5.262,0,1.5,1
35,Y,E,-2.814,0.1985,5.5,2
35,Y,F,-0.7706,0.5394,1.5,2
35,Y,G,-3.556,0,3,2
35,Y,H,-0.3427,0.2033,7,2
35,Y,I,-0.6369,0.1117,3.5,2
35,Y,K,-2.253,0.1915,2.5,2
35,Y,L,-1.051,0.236,4,2
35,Y,M,0.1819,0.1028,5,2
35,Y,N,-2.165,0.145,6.5,2
35,Y,P,-6,0,6.5,2
35,Y,Q,-1.832,1.067,4,2
35,Y,R,-1.55,0.0845,4,2
35,Y,S,-0.7166,0.1121,5,2
35,Y,T,-0.0996,0.3089,3.5,2
35,Y,V,-0.3484,0.0013,3.5,2
35,Y,W,-0.5033,0.2366,3.5,2
35,Y,Y,0,0,,2
36,Q,*,-6,0,8,2
36,Q,A,0.0586,0.388,5.5,2
36,Q,C,-0.7661,0.1613,5.5,2
36,Q,D,-0.1201,0.04657,4,2
36,Q,E,-0.02914,0.02333,6,2
36,Q,F,-0.3536,0.5619,3.5,2
36,Q,G,-0.3565,0.5074,5,2
36,Q,H,0.2048,0.1408,9,2
36,Q,I,-1.134,0.4537,2,2
36,Q,K,-2.057,0.352,4.5,2
36,Q,L,-0.3307,0.2625,5,2
36,Q,M,0.238,0.1174,4,2
36,Q,N,-0.4533,0.1993,2,2
36,Q,P,-6,0,6.5,2
36,Q,Q,0,0,,2
36,Q,R,-1.034,0.1628,4.5,2
36,Q,S,0.3757,0.09005,2,2
36,Q,T,-0.6178,0.1007,4,2
36,Q,V,-0.1872,0.1906,4,2
36,Q,W,-0.01465,0.1297,6.5,2
36,Q,Y,-0.1927,0.1997,4.5,2
37,R,*,-6,0,4.5,2
37,R,A,-0.01173,0.04231,4.5,2
37,R,C,-0.6504,0.1939,4.5,2
37,R,D,-0.3291,0.2115,5.5,2
37,R,E,-0.4074,0.0308,5.5,2
37,R,F,-0.3132,0.0746,7.5,2
37,R,G,-0.3417,0.3113,4.5,2
37,R,H,-0.254,0.3668,4,2
37,R,I,-0.2135,0.1731,5,2
37,R,K,0.04525,0.3324,3.5,2
37,R,L,-0.1392,0.04525,5,2
37,R,M,-0.4227,0.1224,6,2
37,R,N,-0.2767,0.2404,5,2
37,R,P,-6,0,5.5,2
37,R,Q,-0.4209,0,6.5,1
37,R,R,0,0,,2
37,R,S,-0.00475,0.1338,4.5,2
37,R,T,0.09692,0.1665,3.5,2
37,R,V,-0.01085,0.2024,4,2
37,R,W,-0.4863,0.1037,6.5,2
37,R,Y,-0.2555,0.1646,11,2
38,D,*,-6,0,9.5,2
38,D,A,0.2351,0.1361,6.5,2
38,D,C,0.2246,0.0461,4,2
38,D,D,0,0,,2
38,D,E,0.2554,0.0185,6,2
38,D,F,-0.3992,0.4602,1.5,2
38,D,G,-0.4086,0.0325,6,2
38,D,H,0.152,0.3036,3.5,2
38,D,I,-0.1118,0.04417,4.5,2
38,D,K,-1.797,0.5245,3,2
38,D,L,-0.2165,0.4983,2.5,2
38,D,M,-0.7159,0.1144,4,2
38,D,N,-1.054,0.0884,5.5,2
38,D,P,-3.341,0,7.5,2
38,D,Q,-0.1974,0.0199,4.5,2
38,D,R,-1.045,0.1144,3.5,2
38,D,S,0.1643,0.0702,5,2
38,D,T,-0.05095,0.07855,5,2
38,D,V,-0.1792,0.3488,5.5,2
38,D,W,0.04767,0.01759,6.5,2
38,D,Y,-0.3646,0.1081,5.5,2
39,E,*,-6,0,4.5,2
39,E,A,0.2645,0.1101,7.5,2
39,E,C,-0.1336,0.3373,6,2
39,E,D,-0.03299,0.05439,5.5,2
39,E,E,0,0,,2
39,E,F,-0.3745,0.3039,8,2
39,E,G,-0.306,0.1048,5.5,2
39,E,H,-0.1241,0.04025,3.5,2
39,E,I,-0.1334,0.07874,6,2
39,E,K,0.02648,0.07923,4.5,2
39,E,L,-0.06242,0.1176,7,2
39,E,M,-0.5577,0.1418,8,2
39,E,N,-0.1258,0.4033,6,2
39,E,P,-0.3879,0.2641,3,2
39,E,Q,-0.688,0.2203,4,2
39,E,R,-0.1932,0.1054,7,2
39,E,S,0.0892,0.1921,4,2
39,E,T,0.071,0.2825,3.5,2
39,E,V,-0.0248,0.1369,8.5,2
39,E,W,-0.0018,0.7071,2.5,2
39,E,Y,-0.325,0.0626,6,2
40,T,*,-6,0,4,2
40,T,A,-0.1397,0.1575,5,2
40,T,C,0.193,0.3141,4,2
40,T,D,0.002505,0.08557,5,2
40,T,E,-0.04908,0.07072,3,2
40,T,F,-0.3997,0.2122,6,2
40,T,G,-0.1606,0.0075,6,2
40,T,H,-0.09285,0.105,6.5,2
40,T,I,0.0814,0.2378,7.5,2
40,T,K,0.2516,0.1003,4,2
40,T,L,-0.007325,0.02448,6.5,2
40,T,M,-0.4317,0.5703,4,2
40,T,N,0.08905,0.1189,5.5,2
40,T,P,-0.3347,0.1844,6.5,2
40,T,Q,0.04795,0.2939,8,2
40,T,R,-0.05845,0.4128,4.5,2
40,T,S,-0.2009,0.1429,5,2
40,T,T,0,0,,2
40,T,V,0.2337,0.2746,5.5,2
40,T,W,0.01405,0.1875,3,2
40,T,Y,-0.3217,0.2832,3,2
41,H,*,-5.613,0,3.5,2
41,H,A,0.5687,0.5283,5,2
41,H,C,0.0496,0.4688,8.5,2
41,H,D,0.0296,0.1395,5.5,2
41,H,E,-0.05257,0.03799,8.5,2
41,H,F,-0.1564,0.06435,3,2
41,H,G,-1.382,0.6981,2.5,2
41,H,H,0,0,,2
41,H,I,0.0813,0.2009,6.5,2
41,H,K,-0.3553,0.2762,2.5,2
41,H,L,-0.3099,0.1526,3.5,2
41,H,M,0.1327,0.2678,5,2
41,H,N,-0.5992,0.1024,6.5,2
41,H,P,-0.4134,0.2361,6.5,2
41,H,Q,-0.1426,0.1112,5,2
41,H,R,-0.04505,0.01245,4.5,2
41,H,S,0.02554,0.103,4.5,2
41,H,T,-0.07111,0.02283,2,2
41,H,V,-0.0402,0.1933,4,2
41,H,W,-0.1502,0.0385,2,2
41,H,Y,-0.4082,0.1253,5,2
42,N,A,-0.8218,0.4742,2.5,2
42,N,C,-0.0785,0.0562,5,2
42,N,D,0.5575,0.7606,4.5,2
42,N,E,-0.1011,0.4171,3.5,2
42,N,F,0.0665,0.1684,4.5,2
42,N,G,-0.6926,0.0859,4.5,2
42,N,H,-0.1211,0.1288,5.5,2
42,N,I,0.2371,0.2781,2,2
42,N,K,0.4506,0.457,3.5,2
42,N,L,0.4122,0.2504,6,2
42,N,M,-0.3744,0.5607,2.5,2
42,N,N,0,0,,2
42,N,P,0.05165,0.03842,7.5,2
42,N,Q,0.3233,0.1379,4.5,2
42,N,R,-0.1313,0.1577,6,2
42,N,S,-0.277,0.00565,6,2
42,N,T,0.2525,0.09595,4,2
42,N,V,0.1072,0.2824,7,2
42,N,W,-0.3131,0.0683,6,2
42,N,Y,0.1885,0.1046,1.5,2
43,R,A,0.00305,0.1114,6,2
43,R,C,-0.3482,0.1683,5,2
43,R,D,-0.326,0.2231,3.5,2
43,R,E,-0.3577,0.3049,2.5,2
43,R,F,-0.4039,0.1829,6,2
43,R,G,0.09433,0.09207,6,2
43,R,H,0.02867,0.06526,7,2
43,R,I,-0.6145,0.1043,2.5,2
43,R,K,-0.0482,0.1268,8,2
43,R,L,0.286,0.0421,6,2
43,R,M,0.06795,0.2848,2.5,2
43,R,N,0.01332,0.06197,5.5,2
43,R,P,-0.912,0.256,5,2
43,R,Q,-0.2614,0.5321,3,2
43,R,R,0,0,,2
43,R,S,-0.2299,0.2875,6.5,2
43,R,T,-0.6099,0.2469,3,2
43,R,V,-0.2614,0.07265,3.5,2
43,R,W,-0.199,0.01005,6.5,2
43,R,Y,0.01884,0.01471,7,2
44,E,*,-5.849,0,1,1
44,E,A,0.1677,0.0268,3.5,2
44,E,C,-0.6952,0.0657,3.5,2
44,E,D,-0.2384,0.1241,2.5,2
44,E,E,0,0,,2
44,E,F,-0.7077,0.08675,3.5,2
44,E,G,-0.5309,0.186,6,2
44,E,H,-0.9229,0.05225,8,2
44,E,I,-0.3049,0.0795,3.5,2
44,E,K,-0.8076,0.5124,2,2
44,E,L,-0.3416,0.2572,4,2
44,E,M,-0.4284,0.093,5.5,2
44,E,N,-0.1906,0.0596,6.5,2
44,E,P,-0.6373,0.0633,5,2
44,E,Q,-0.3233,0.1635,3.5,2
44,E,R,-0.4481,0.1145,4,2
44,E,S,-0.4234,0.0904,6,2
44,E,T,0.02045,0.107,4.5,2
44,E,V,-0.7264,0.1256,3.5,2
44,E,W,-1.203,0.2786,4.5,2
44,E,Y,-0.644,0.05325,4,2
45,G,A,-0.1243,0.02811,7.5,2
45,G,C,0.1509,0.1243,9.5,2
45,G,D,0.03065,0.09134,1.5,2
45,G,E,-0.3038,0.317,3,2
45,G,F,-0.2484,0.0218,3.5,2
45,G,G,0,0,,2
45,G,H,0.4402,0.1356,6.5,2
45,G,I,0.3237,0.09905,5,2
45,G,K,0.2615,0.156,5,2
45,G,L,-0.09285,0.2723,7.5,2
45,G,M,0.3347,0.0627,7,2
45,G,N,0.0788,0.3164,6.5,2
45,G,P,-3.619,0,7,2
45,G,Q,-0.04024,0.00182,4.5,2
45,G,R,0.0615,0.2412,4.5,2
45,G,S,-0.0457,0.4627,4.5,2
45,G,T,0.2866,0.0543,8.5,2
45,G,V,0.1681,0.0184,6,2
45,G,W,-0.3016,0.1228,8,2
45,G,Y,0.0126,0.1356,4,2
46,G,A,-0.3372,0.1673,6,2
46,G,C,-0.7884,0.1965,5,2
46,G,D,-1.727,0.392,5.5,2
46,G,E,-2.429,0.2555,5.5,2
46,G,F,-0.6296,0.0083,4,2
46,G,G,0,0,,2
46,G,H,-0.5456,0.2029,5,2
46,G,I,-1.401,0.2575,7.5,2
46,G,K,-6,0,4.5,2
46,G,L,-1.6,0.245,7.5,2
46,G,M,-1.856,0.071,3.5,2
46,G,N,-0.43,0.2331,2.5,2
46,G,P,-0.4229,0.1028,3.5,2
46,G,Q,-0.6054,0.0561,4.5,2
46,G,R,-1.949,0.073,6.5,2
46,G,S,-0.4083,0.1495,5.5,2
46,G,T,-0.7618,0.0968,3,2
46,G,V,-0.9577,0.0295,8,2
46,G,W,-0.643,0.05135,6.5,2
46,G,Y,-0.5891,0.1117,5.5,2
47,Q,A,-0.0295,0.1709,6,2
47,Q,C,-0.2641,0.3769,6.5,2
47,Q,D,-0.5107,0.3273,4,2
47,Q,E,0.338,0.2624,6.5,2
47,Q,F,-0.5463,0,1.5,1
47,Q,G,-0.0581,0.1619,3.5,2
47,Q,H,-0.302,0.2315,7.5,2
47,Q,I,-0.1043,0.07604,7,2
47,Q,K,-1.024,0.1549,2.5,2
47,Q,L,0.3173,0.3519,5,2
47,Q,M,-0.3572,0.0327,4,2
47,Q,N,-0.3753,0.0935,6.5,2
47,Q,P,-6,0,5,2
47,Q,Q,0,0,,2
47,Q,R,-0.7514,0.07955,2,2
47,Q,S,0.1628,0.1324,3.5,2
47,Q,T,-0.01597,0.02572,5.5,2
47,Q,V,-0.1709,0.1834,6,2
47,Q,W,0.06275,0.1882,4,2
47,Q,Y,-0.285,0.1776,6,2
48,F,A,-1.928,0.395,2.5,2
48,F,C,-1.573,0.073,6,2
48,F,D,-4.794,0,3,1
48,F,E,-3.123,0,4,2
48,F,F,0,0,,2
48,F,G,-4.062,0,1,2
48,F,H,-1.497,0.6077,3,2
48,F,I,-0.7534,0,0.5,1
48,F,K,-5.723,0,4.5,2
48,F,L,-0.6909,0.1758,3.5,2
48,F,M,-0.8451,0.0213,4.5,2
48,F,N,-2.779,0.2655,5,2
48,F,P,-6,0,4.5,2
48,F,Q,-1.308,0.1175,4,2
48,F,R,-6,0,6,2
48,F,S,-1.77,0.16,4,2
48,F,T,-1.491,0.043,6.5,2
48,F,V,-1.311,0.001,5.5,2
48,F,W,-0.0907,0.238,4,2
48,F,Y,-1.098,0.2868,3.5,2
49,M,A,-0.04626,0.00335,7,2
49,M,C,0.07002,0.00589,4,2
49,M,D,-0.2263,0.2219,4.5,2
49,M,E,-0.1158,0.1549,4.5,2
49,M,F,-0.06925,0.2757,7.5,2
49,M,G,-0.504,0.08795,4.5,2
49,M,H,-0.161,0.0685,6.5,2
49,M,I,0.2718,0.312,5,2
49,M,K,-0.4853,0.2618,2,2
49,M,L,0.1664,0.1169,3.5,2
49,M,M,0,0,,2
49,M,N,-0.112,0.4653,3.5,2
49,M,P,-6,0,6,2
49,M,Q,-0.04539,0.0617,6.5,2
49,M,R,0.0766,0.1971,4.5,2
49,M,S,0.2092,0.08715,4,2
49,M,T,-0.3463,0.0856,7,2
49,M,V,0.0302,0.3516,7.5,2
49,M,W,-0.4341,0.2128,5.5,2
49,M,Y,0.2763,0,2,1
50,F,A,-1.708,0.2575,7,2
50,F,C,-0.8779,0.03185,8.5,2
50,F,D,-0.4206,0.1412,3.5,2
50,F,E,-0.8314,0.3017,3.5,2
50,F,F,0,0,,2
50,F,G,-1.607,0.102,4,2
50,F,H,0.2333,0.5086,3,2
50,F,I,-0.6134,0,2.5,1
50,F,K,-1.091,0.0775,5.5,2
50,F,L,-0.472,0.2632,7,2
50,F,M,-0.3211,0.00865,3.5,2
50,F,N,-0.8395,0.0778,8,2
50,F,P,-4.161,0,7,2
50,F,Q,-0.6552,0.6508,2,2
50,F,R,-2.062,0.3025,4,2
50,F,S,-0.8568,0.2632,5,2
50,F,T,-1.131,0.125,3,2
50,F,V,-0.7707,0.1854,3,2
50,F,W,-1.828,0.125,3.5,2
50,F,Y,-1.053,0.1591,6,2
51,D,A,-0.601,0.3795,3.5,2
51,D,C,-0.3642,0.02885,4,2
51,D,D,0,0,,2
51,D,E,-0.1023,0.1418,9,2
51,D,F,0.4347,0.1473,5,2
51,D,G,0.2408,0.2267,4.5,2
51,D,H,0.2119,0.3843,6.5,2
51,D,I,0.1085,0.1514,4,2
51,D,K,-0.1025,0.2566,4.5,2
51,D,L,-0.2238,0.1273,6,2
51,D,M,0.0808,0.1821,5,2
51,D,N,-0.02117,0.06986,5.5,2
51,D,P,-1.625,0.218,4,2
51,D,Q,-0.05486,0.01344,7,2
51,D,R,-0.7043,0.0096,7,2
51,D,S,0.1753,0.0437,3,2
51,D,T,0.1099,0.06535,7.5,2
51,D,V,-0.1205,0.142,6.5,2
51,D,W,-0.2286,0.2276,6.5,2
51,D,Y,-0.03975,0.287,9.5,2
52,F,A,-1.132,0.3137,8,2
52,F,C,-0.9208,0.4382,4,2
52,F,D,-1.662,0.221,3.5,2
52,F,E,-1.129,0.2019,4,2
52,F,F,0,0,,2
52,F,G,-1.144,0.1656,4.5,2
52,F,H,-1.098,0.1359,5.5,2
52,F,I,-0.5679,0.1926,4.5,2
52,F,K,-1.324,0.1565,3.5,2
52,F,L,-0.1058,0.4993,4.5,2
52,F,M,-0.4673,0.4853,5,2
52,F,N,-1.425,0.7196,2,2
52,F,P,-5.467,0,4,2
52,F,Q,-0.8955,0.3275,3,2
52,F,R,-1.468,0.457,6.5,2
52,F,S,-1.147,0.0065,7,2
52,F,T,-0.7097,0.125,5.5,2
52,F,V,-0.6281,0.02625,4.5,2
52,F,W,-0.4507,0.11,11,2
52,F,Y,-0.7557,0.1352,7,2
53,D,A,-0.4285,0.0946,3,2
53,D,C,-0.7522,0.2648,6,2
53,D,D,0,0,,2
53,D,E,-0.6423,0.0406,3,2
53,D,F,-1.565,0.3165,6.5,2
53,D,G,-0.386,0.04035,4,2
53,D,H,-0.9544,0.2516,5.5,2
53,D,I,-1.236,0.011,4,2
53,D,K,-0.8477,0.1211,4.5,2
53,D,L,-1.123,0.1516,7,2
53,D,M,-0.902,0.07315,7,2
53,D,N,0.06821,0.006965,8.5,2
53,D,P,-4.365,0,3,2
53,D,Q,-0.5636,0.1077,6,2
53,D,R,-0.7731,0.07495,7.5,2
53,D,S,-0.09602,0.07517,3.5,2
53,D,T,-0.2653,0.2204,4.5,2
53,D,V,-1.155,0.2929,3,2
53,D,W,-1.91,0.044,8.5,2
53,D,Y,-1.696,0.372,7.5,2
54,G,A,0.2103,0.2071,4,2
54,G,C,0.08626,0.01894,6.5,2
54,G,D,-0.06896,0.1339,4,2
54,G,E,-0.0482,0.1797,6,2
54,G,F,0.3972,0.03195,4,2
54,G,G,0,0,,2
54,G,H,0.4303,0.0251,5,2
54,G,I,-0.4519,0.4447,5,2
54,G,K,-0.1911,0.1921,4,2
54,G,L,-0.061,0.2097,4,2
54,G,M,-0.1925,0.0391,4.5,2
54,G,N,0.04583,0.1189,6,2
54,G,P,-0.9459,0.1981,4.5,2
54,G,Q,-0.4541,0.1013,4,2
54,G,R,0.07523,0.1037,5.5,2
54,G,S,-0.1732,0.3497,2.5,2
54,G,T,-0.01893,0.0731,5.5,2
54,G,V,-0.316,0.1134,8.5,2
54,G,W,-0.3447,0.00185,4,2
54,G,Y,-0.03335,0.141,4.5,2
55,D,A,-0.699,0.1931,5.5,2
55,D,C,-0.745,0.05635,3,2
55,D,D,0,0,,2
55,D,E,-0.07666,0.07754,6.5,2
55,D,F,-0.6233,0.2614,3.5,2
55,D,G,-0.2584,0.2206,4.5,2
55,D,H,-0.8334,0.2496,6,2
55,D,I,-0.9499,0.194,5,2
55,D,K,-1.317,0.093,4,2
55,D,L,-0.6602,0.2645,5,2
55,D,M,-0.7812,0.1472,4.5,2
55,D,N,-0.1222,0.1811,5,2
55,D,P,-2.138,0.2205,5,2
55,D,Q,-0.3637,0.09855,6.5,2
55,D,R,-1.46,0.083,7.5,2
55,D,S,-0.4214,0.06135,3,2
55,D,T,-0.8467,0.1307,5,2
55,D,V,-1.586,0.251,7,2
55,D,W,-1.827,0.0485,7,2
55,D,Y,-0.6964,0.01885,5.5,2
56,E,A,-0.2761,0.1081,6,2
56,E,C,-0.03705,0.2331,3.5,2
56,E,D,-0.7769,0.1158,6,2
56,E,E,0,0,,2
56,E,F,-2.499,0.307,7.5,2
56,E,G,-0.4281,0.0874,6,2
56,E,H,-0.5083,0.0342,5,2
56,E,I,0.239,0.5986,3.5,2
56,E,K,-0.2084,0.2583,5,2
56,E,L,-0.2737,0.1782,7,2
56,E,M,-0.4309,0.2635,2.5,2
56,E,N,-0.6279,0.1319,5,2
56,E,P,-0.7884,0.05845,7.5,2
56,E,Q,-0.7766,0.0986,7,2
56,E,R,-1.017,0.07835,2.5,2
56,E,S,-0.3387,0.1744,9,2
56,E,T,-0.3546,0.08535,3.5,2
56,E,V,-0.5302,0.2413,5.5,2
56,E,W,-2.24,0.163,9,2
56,E,Y,-1.356,0.007,6,2
57,I,A,-0.626,0.0892,4,2
57,I,C,0.1934,0.1313,5.5,2
57,I,D,-5.874,0,4,2
57,I,E,-1.119,0.0135,3.5,2
57,I,F,-0.8659,0.318,4,2
57,I,G,-3.133,0,4,2
57,I,H,-3.372,0,6.5,2
57,I,I,0,0,,2
57,I,K,-5.693,0,1,1
57,I,L,0.3231,0.5072,4.5,2
57,I,M,-0.479,0.09935,8,2
57,I,N,-2.846,0.112,9,2
57,I,P,-4.377,0,5.5,2
57,I,Q,-2.091,0.0285,7,2
57,I,R,-6,0,9,2
57,I,S,-1.438,0.0895,5,2
57,I,T,-0.5111,0.2645,5,2
57,I,V,-0.01245,0.3044,4,2
57,I,W,-1.206,0.2174,5,2
57,I,Y,-1.268,0.079,6.5,2
58,F,A,-0.9956,0.1864,1.5,2
58,F,C,-0.3515,0.1249,5,2
58,F,D,-1.37,0.057,2.5,2
58,F,E,-2.179,0.1425,4.5,2
58,F,F,0,0,,2
58,F,G,-1.152,0.0095,3.5,2
58,F,H,-1.102,0.1204,6.5,2
58,F,I,-0.7951,0.461,4.5,2
58,F,K,-3.489,0,8,2
58,F,L,-0.1339,0.05207,4.5,2
58,F,M,-0.6496,0.1616,4,2
58,F,N,-0.4899,0.05555,4.5,2
58,F,P,-6,0,4.5,2
58,F,Q,-0.9834,0.0132,4.5,2
58,F,R,-6,0,6.5,2
58,F,S,-1.113,0.01,6,2
58,F,T,-0.887,0.1631,6,2
58,F,V,-0.7192,0.027,4.5,2
58,F,W,-0.5764,0.3543,5.5,2
58,F,Y,-0.2905,0.0684,4,2
59,H,A,-1.188,1.246,5,2
59,H,C,-0.2705,0.05855,4,2
59,H,D,-0.3659,0.04515,3,2
59,H,E,-0.52,0.0449,5,2
59,H,F,-0.02025,0.3102,6.5,2
59,H,G,-1.348,0.108,8,2
59,H,H,0,0,,2
59,H,I,-0.5214,0.1086,7.5,2
59,H,K,-0.0246,0.0828,5,2
59,H,L,-1.305,0.1315,5,2
59,H,M,-0.2542,0.1746,5.5,2
59,H,N,-0.2621,0.0008,3.5,2
59,H,P,-6,0,4.5,2
59,H,Q,-0.6343,0.2684,6,2
59,H,R,-0.3912,0.2209,11,2
59,H,S,-0.8824,0.03755,3.5,2
59,H,T,-0.5711,0.0381,5.5,2
59,H,V,-0.8085,0.1139,4,2
59,H,W,-0.4079,0.1976,7,2
59,H,Y,-0.2499,0.1766,7.5,2
60,V,A,-0.2038,0.1179,5,2
60,V,C,0.02165,0.0371,3,2
60,V,D,-2.287,0.2065,3.5,2
60,V,E,-0.32,0.1643,7,2
60,V,F,-1.765,0.143,6,2
60,V,G,-1.534,0.0435,6,2
60,V,H,-1.247,0.0995,7.5,2
60,V,I,-0.1146,0.08371,2,2
60,V,K,-4.149,0,6,2
60,V,L,0.3379,0.2293,7.5,2
60,V,M,-0.05994,0.0356,7.5,2
60,V,N,-0.7941,0,3.5,1
60,V,P,-1.142,0.0895,7,2
60,V,Q,-0.7471,0.3058,4.5,2
60,V,R,-3.946,0,7,2
60,V,S,-0.146,0,0.5,1
60,V,T,-0.3616,0.3076,4,2
60,V,V,0,0,,2
60,V,W,-5.691,0,4.5,2
60,V,Y,-1.062,0.0325,5.5,2
61,D,A,-0.397,0.1509,5,2
61,D,C,-0.2386,0.2766,7,2
61,D,D,0,0,,2
61,D,E,-0.6342,0.2655,4,2
61,D,F,-0.2144,0.0357,5,2
61,D,G,-0.263,0.07925,5,2
61,D,H,0.3689,0.3,4,2
61,D,I,-0.5008,0.0325,6.5,2
61,D,K,-0.6305,0.1358,5,2
61,D,L,-0.6961,0.0136,3,2
61,D,M,-0.7047,0.1031,5.5,2
61,D,N,0.1744,0.2163,3.5,2
61,D,P,-2.192,0.6645,4,2
61,D,Q,-0.3508,0.2903,4,2
61,D,R,-0.866,0.2979,3.5,2
61,D,S,-0.1481,0,3,1
61,D,T,-1.474,0.1525,6.5,2
61,D,V,-0.6671,0.0222,6.5,2
61,D,W,-0.4406,0.06,5.5,2
61,D,Y,-1.164,0.2543,3.5,2
62,L,A,-0.01495,0.1427,5,2
62,L,C,-0.7621,0.04795,3,2
62,L,D,-6,0,7,2
62,L,E,-5.013,0,6,2
62,L,F,-0.1612,0.08216,5,2
62,L,G,-0.3009,0.06705,4,2
62,L,H,-1.377,0.107,5.5,2
62,L,I,-0.3576,0.8014,5.5,2
62,L,K,-0.8196,0.6083,4,2
62,L,L,0,0,,2
62,L,M,-0.1038,0.2318,4.5,2
62,L,N,-1.289,0.2835,4.5,2
62,L,P,0.03326,0,3.5,1
62,L,Q,-1.048,0.4956,4.5,2
62,L,R,-2.486,0.267,4.5,2
62,L,S,-1.685,0.2195,5,2
62,L,T,-0.5049,0.2252,3,2
62,L,V,-0.7879,0.09715,4.5,2
62,L,W,-6,0,3,2
62,L,Y,-6,0,4.5,2
63,Q,*,-6,0,1,1
63,Q,A,0.1332,0.2466,7,2
63,Q,C,-0.7072,0.0194,4,2
63,Q,D,-0.836,0.0553,5,2
63,Q,E,-0.2431,0.2986,5,2
63,Q,F,-0.4214,0.2547,7,2
63,Q,G,-0.07153,0.06157,6.5,2
63,Q,H,-0.3993,0.1798,6,2
63,Q,I,-0.01486,0.04648,5.5,2
63,Q,K,-0.2252,0.2365,6,2
63,Q,L,-0.03908,0.06201,5,2
63,Q,M,-0.1092,0.1924,3,2
63,Q,N,-5.252,0,5,2
63,Q,P,0.1061,0.03825,7.5,2
63,Q,Q,0,0,,2
63,Q,R,0.0235,0.3339,9.5,2
63,Q,S,-0.1698,0.1487,4,2
63,Q,T,-0.00985,0.342,5.5,2
63,Q,V,-0.2074,0.2143,6.5,2
63,Q,W,-0.4534,0.1445,7,2
63,Q,Y,-0.2719,0.3189,5,2
64,K,A,-0.5785,0.097,4,2
64,K,C,-1.333,0.0315,6.5,2
64,K,D,-1.403,0.0055,4.5,2
64,K,E,-0.9493,0.1607,5,2
64,K,F,-0.7143,0.07335,7,2
64,K,G,-0.5455,0.0063,4,2
64,K,H,0.2326,0.2576,3,2
64,K,I,-0.1533,0.02995,9,2
64,K,K,0,0,,2
64,K,L,-0.2444,0.2244,4.5,2
64,K,M,0.0349,0.2782,8,2
64,K,N,-0.204,0.2662,4,2
64,K,P,-0.9744,0.4487,6.5,2
64,K,Q,-0.4119,0.0815,4.5,2
64,K,R,0.3189,0,2,1
64,K,S,-0.8587,0.00105,3,2
64,K,T,-0.4284,0.00245,5.5,2
64,K,V,-0.3373,0.1366,5.5,2
64,K,W,-0.7826,0.0101,5,2
64,K,Y,-0.3654,0.03765,6.5,2
65,S,A,-0.1633,0.1995,3.5,2
65,S,C,-0.5978,0.002,6.5,2
65,S,D,-0.09039,0.08371,4.5,2
65,S,E,-0.7962,0.5538,4,2
65,S,F,0.0706,0.4085,3,2
65,S,G,-0.0638,0.1151,4,2
65,S,H,-1.45,0.4678,2,2
65,S,I,-0.0899,0.1603,4,2
65,S,K,-1.542,0.054,7.5,2
65,S,L,-0.3488,0.1159,7,2
65,S,M,0.08815,0.06925,3.5,2
65,S,N,-6,0,5,2
65,S,P,-0.4846,0.1634,5.5,2
65,S,Q,-0.442,0.2338,3.5,2
65,S,R,-1.248,0.3815,5,2
65,S,S,0,0,,2
65,S,T,-0.114,0.03541,6.5,2
65,S,V,0.05455,0.2183,2.5,2
65,S,W,-6,0,5.5,2
65,S,Y,-0.5752,0.164,6,2
66,E,*,-6,0,0.5,1
66,E,A,-0.1866,0.09743,6,2
66,E,C,-0.8535,0.047,4.5,2
66,E,D,-0.2016,0.1601,4,2
66,E,E,0,0,,2
66,E,F,0.00625,0.1956,4.5,2
66,E,G,-0.5173,0.1105,9.5,2
66,E,H,-0.08624,0.006615,8,2
66,E,I,0.06385,0.06355,4.5,2
66,E,K,0.00495,0.3314,3.5,2
66,E,L,-0.5411,0.2089,3,2
66,E,M,-0.4921,0.6909,4.5,2
66,E,N,-0.1043,0.0446,3.5,2
66,E,P,-2.493,0.527,6,2
66,E,Q,-0.2203,0.1158,6,2
66,E,R,-0.1662,0.247,4,2
66,E,S,0.1441,0.4815,5.5,2
66,E,T,0.1164,0.1934,5.5,2
66,E,V,0.1954,0.3359,6,2
66,E,W,-0.3348,0.1731,3.5,2
66,E,Y,-0.1332,0.05915,8,2
67,T,A,-0.2346,0.0644,3.5,2
67,T,C,-0.2743,0.274,9,2
67,T,D,0.02434,0.04606,6.5,2
67,T,E,-0.6668,0.02155,4,2
67,T,F,-2.05,0.032,7.5,2
67,T,G,-0.4534,0.1004,4,2
67,T,H,-1.789,0.172,5,2
67,T,I,-0.4275,0.3266,4.5,2
67,T,K,-1.531,0.066,6.5,2
67,T,L,-1.102,0.098,7.5,2
67,T,M,-1.151,0.135,6,2
67,T,N,-0.1601,0.1141,7.5,2
67,T,P,-0.06479,0.01038,10.5,2
67,T,Q,-1.445,0.0025,4,2
67,T,R,-2.614,0.5505,3.5,2
67,T,S,0.0435,0.6811,5.5,2
67,T,T,0,0,,2
67,T,V,-0.6024,0.5706,7,2
67,T,W,-2.231,0.51,5.5,2
67,T,Y,-2.018,0.117,4.5,2
68,I,A,-0.4476,0.5466,6,2
68,I,C,0.2864,0.1297,7.5,2
68,I,D,-0.00215,0.4041,11,2
68,I,E,0.4939,0.0831,3,2
68,I,F,0.01635,0.5154,3.5,2
68,I,G,-0.1023,0.5052,7,2
68,I,H,0.333,0.2819,5.5,2
68,I,I,0,0,,2
68,I,K,0.3235,0.2265,5,2
68,I,L,-0.1188,0.1045,5,2
68,I,M,-0.1907,0.1763,3,2
68,I,N,-0.1495,0.09627,4,2
68,I,P,-1.252,0.0295,5.5,2
68,I,Q,0.2428,0.2177,3,2
68,I,R,0.3189,0.0465,5.5,2
68,I,S,-0.1589,0.1228,3,2
68,I,T,0.0374,0.3154,3,2
68,I,V,0.159,0.0056,6.5,2
68,I,W,-0.06875,0.2382,4,2
68,I,Y,-0.0295,0.17,4.5,2
69,W,*,-6,0,2,2
69,W,A,-0.609,0,2.5,1
69,W,C,-0.2605,0.1739,4.5,2
69,W,D,-0.9039,0.00425,4,2
69,W,E,-1.026,0.5154,3,2
69,W,F,0.3962,0.0168,4.5,2
69,W,G,-0.9705,0.1925,2.5,2
69,W,H,-0.8879,0.2272,5.5,2
69,W,I,-1.459,0.376,4,2
69,W,K,-1.862,0.267,7,2
69,W,L,-0.3589,0.0369,6.5,2
69,W,M,-0.2382,0.1968,6,2
69,W,N,-0.7455,0.2196,4.5,2
69,W,P,-0.4377,0.1662,4,2
69,W,Q,-0.3957,0.1154,4.5,2
69,W,R,-1.12,0.0555,7,2
69,W,S,-0.6402,0.09995,5,2
69,W,T,-1.01,0.7525,2.5,2
69,W,V,-0.3036,0.223,6,2
69,W,W,0,0,,2
69,W,Y,-0.2693,0.0324,3.5,2
70,R,A,-0.101,0.3326,3,2
70,R,C,-0.544,0.1797,5,2
70,R,D,0.1231,0.04956,3.5,2
70,R,E,-0.02923,0.02076,6,2
70,R,F,-0.6465,0.1776,7.5,2
70,R,G,-0.05285,0.3276,2.5,2
70,R,H,0.4143,0.1341,7.5,2
70,R,I,-0.07313,0.04577,7.5,2
70,R,K,0.9699,0.2171,5,2
70,R,L,0.00205,0.12,4,2
70,R,M,-0.01165,0.07165,5,2
70,R,N,0.1964,0.0031,7,2
70,R,P,-1.109,0.1273,4,2
70,R,Q,-0.1921,0.2797,6.5,2
70,R,R,0,0,,2
70,R,S,0.3497,0.0792,4.5,2
70,R,T,-0.1818,0.0065,5.5,2
70,R,V,-0.00235,0.1593,4,2
70,R,W,-0.0529,0.2238,6,2
70,R,Y,-0.2118,0.2238,4.5,2
71,L,*,-6,0,0.5,1
71,L,A,-0.5373,0.1262,5.5,2
71,L,C,0.185,0.2067,6,2
71,L,D,-0.3784,0.1493,3.5,2
71,L,E,-0.3756,0.1375,6,2
71,L,F,-1.129,0.0325,6,2
71,L,G,-1.298,0.0985,7,2
71,L,H,-0.2771,0.2712,6.5,2
71,L,I,-0.1011,0.3365,7,2
71,L,K,0.1591,0.4064,2.5,2
71,L,L,0,0,,2
71,L,M,-0.3103,0.1083,6,2
71,L,N,-0.06239,0.1485,7,2
71,L,P,-2.3,0.7125,6.5,2
71,L,Q,-0.2468,0.08455,5,2
71,L,R,-0.1357,0.07066,4.5,2
71,L,S,0.149,0.1275,4,2
71,L,T,-0.4494,0.07245,4,2
71,L,V,0.7438,0,1.5,1
71,L,W,-1.266,0.141,6.5,2
71,L,Y,-1.309,0.4309,5,2
72,P,A,0.2267,0.2327,4,2
72,P,C,-0.4492,0.1994,5,2
72,P,D,0.2407,0.08835,7.5,2
72,P,E,-0.337,0.2258,3.5,2
72,P,F,-0.2259,0.3033,4,2
72,P,G,0.3592,0.1229,5.5,2
72,P,H,-0.1248,0.178,5,2
72,P,I,-0.06449,0.1143,6.5,2
72,P,K,0.7242,0.1734,3.5,2
72,P,L,-0.07985,0.1802,6.5,2
72,P,M,0.1902,0.3372,6.5,2
72,P,N,0.1638,0.2576,5,2
72,P,P,0,0,,2
72,P,R,0.0525,0.4002,3.5,2
72,P,S,-0.4711,0.0316,6.5,2
72,P,T,0.1875,0.1215,5.5,2
72,P,V,-0.2785,0.2381,4.5,2
72,P,W,-0.8799,0.5781,5.5,2
72,P,Y,-0.0101,0.1345,5,2
73,I,A,-0.09732,0.116,3.5,2
73,I,C,-0.1043,0.2075,6.5,2
73,I,D,-0.2272,0.5305,3,2
73,I,E,-0.06228,0.1554,5.5,2
73,I,F,-0.3048,0.1135,6.5,2
73,I,G,-0.3195,0.0298,6,2
73,I,H,0.6059,0.0742,2.5,2
73,I,I,0,0,,2
73,I,K,0.2179,0.1363,4,2
73,I,L,0.0134,0.2701,4,2
73,I,M,0.1893,0.08525,4.5,2
73,I,N,0.3029,0.3695,5,2
73,I,P,-0.3499,0.162,6.5,2
73,I,Q,-0.1914,0.1038,5,2
73,I,R,-0.1967,0.117,8,2
73,I,S,0.1044,0.1387,7,2
73,I,T,0.2122,0.01545,8,2
73,I,V,0.122,0.09605,5,2
73,I,W,-0.04023,0.07678,8,2
73,I,Y,0.1127,0.2187,6.5,2
74,F,*,-6,0,0.5,1
74,F,A,-1.115,0.3914,4.5,2
74,F,C,-1.379,0.3085,4,2
74,F,D,-0.2151,0.3795,4.5,2
74,F,E,-0.5769,0.0624,5,2
74,F,F,0,0,,2
74,F,G,-1.277,0.4913,5,2
74,F,H,-0.6754,0.3023,4,2
74,F,I,-0.62,0.133,6,2
74,F,K,-0.4431,0.1265,7.5,2
74,F,L,-0.7553,0.001,7,2
74,F,M,-0.6441,0.1553,3,2
74,F,N,-0.567,0.1626,3,2
74,F,P,-1.417,0.0365,5,2
74,F,Q,-0.8381,0.0014,6,2
74,F,R,-0.9076,0.0923,8,2
74,F,S,-0.6654,0.0036,7,2
74,F,T,-0.8397,0.2503,2,2
74,F,V,-0.8652,0.3128,7.5,2
74,F,W,-0.6074,0.1928,7.5,2
74,F,Y,0.1565,0.01385,7.5,2
75,T,A,-0.3248,0.1187,4,2
75,T,C,-0.2495,0.09525,4,2
75,T,D,-0.297,0.01715,6,2
75,T,E,0.02437,0.06588,5,2
75,T,F,-0.6286,0.00925,5,2
75,T,G,0.05888,0.156,4.5,2
75,T,H,0.2475,0.1363,7,2
75,T,I,-0.09654,0.1767,6,2
75,T,K,0.2558,0.2749,4.5,2
75,T,L,0.54,0.07795,4,2
75,T,M,0.0341,0.01188,3,2
75,T,N,-0.4306,0.0423,3,2
75,T,P,-0.5427,0.2932,5,2
75,T,Q,-0.03475,0.05709,6,2
75,T,R,0.0411,0.2316,9.5,2
75,T,S,0.2503,0.0193,3.5,2
75,T,T,0,0,,2
75,T,V,0.04325,0.178,4.5,2
75,T,W,-0.6636,0.1079,7.5,2
75,T,Y,-0.308,0.00945,3.5,2
76,T,A,-0.2215,0.2012,7,2
76,T,C,-0.2872,0.072,2.5,2
76,T,D,-0.09076,0,2,1
76,T,E,-0.8606,0.6064,7.5,2
76,T,F,-0.0859,0.085,5.5,2
76,T,G,-0.5576,0.1165,5,2
76,T,H,-0.0248,0.1517,6,2
76,T,I,-0.05585,0.2122,8,2
76,T,K,0.2625,0.0036,8.5,2
76,T,L,-0.5918,0.2587,6.5,2
76,T,M,-0.1586,0.1831,7.5,2
76,T,N,-2.887,1.613,3,2
76,T,P,-0.8858,0.3062,4,2
76,T,Q,0.1327,0.1386,6,2
76,T,R,0.1656,0.1085,2,2
76,T,S,0.1894,0.0437,8,2
76,T,T,0,0,,2
76,T,V,-0.4075,0.2289,4.5,2
76,T,W,-0.5638,0.0562,8,2
76,T,Y,-0.5626,0.08045,4.5,2
77,F,A,-0.2826,0.1,9.5,2
77,F,C,-0.1515,0.05383,5,2
77,F,D,-0.05045,0.156,3,2
77,F,E,-0.0732,0.1439,4.5,2
77,F,F,0,0,,2
77,F,G,-0.6927,0.1488,8.5,2
77,F,H,0.5768,0.00925,6,2
77,F,I,0.1864,0.03085,4,2
77,F,K,-0.1442,0.2186,6,2
77,F,L,-0.2525,0.09665,5,2
77,F,M,0.01645,0.16,4,2
77,F,N,0.1243,0.1441,4.5,2
77,F,P,-1.803,0.7945,2.5,2
77,F,Q,-0.2535,0.04255,9.5,2
77,F,R,0.09846,0.05775,6,2
77,F,S,-0.1308,0.1325,5.5,2
77,F,T,-0.1443,0.3023,2.5,2
77,F,V,-0.254,0.03285,5.5,2
77,F,W,-0.2371,0.0251,6.5,2
77,F,Y,0.2883,0.08655,6,2
78,T,A,-0.09724,0,4.5,1
78,T,C,-0.06621,0.05119,3.5,2
78,T,D,-1.044,0.0355,6.5,2
78,T,E,-1.192,0.055,3,2
78,T,F,-0.758,0.05625,1.5,2
78,T,G,-0.5491,0.1229,8,2
78,T,H,-2.171,0.002,1,2
78,T,I,-0.05565,0.5017,5,2
78,T,K,-1.364,0.5011,3,2
78,T,L,-0.2842,0.01885,5.5,2
78,T,M,-0.8346,0.2784,2,2
78,T,N,-0.5118,0.0004,4.5,2
78,T,P,-1.056,0.2336,4.5,2
78,T,Q,-1.059,0.0495,6,2
78,T,R,-1.662,0.0715,4,2
78,T,S,-0.09937,0.1291,1,2
78,T,T,0,0,,2
78,T,V,-0.3845,0.1167,7,2
78,T,W,-0.8169,0.1499,4.5,2
78,T,Y,-1.321,0.1215,5,2
79,S,A,-0.0386,0.1555,6,2
79,S,C,-0.6265,0.0379,7,2
79,S,D,-0.3691,0.2599,4.5,2
79,S,E,0.4763,0.0356,4.5,2
79,S,F,-0.1936,0.2433,9.5,2
79,S,G,-0.7026,0.0847,5,2
79,S,H,0.08035,0.2257,5,2
79,S,I,-0.1867,0.133,7,2
79,S,K,-0.06105,0.3105,4,2
79,S,L,-0.1447,0.04998,5.5,2
79,S,M,0.3956,0.08375,5,2
79,S,N,-0.152,0.4943,5,2
79,S,P,-1.44,0.2655,2,2
79,S,Q,-0.125,0.3045,7.5,2
79,S,R,-0.1613,0.2204,6,2
79,S,S,0,0,,2
79,S,T,-0.00447,0.00804,5,2
79,S,V,-0.1901,0.2343,9,2
79,S,W,0.2433,0.1327,4,2
79,S,Y,0.0857,0.4413,3,2
80,F,A,-1.927,0.13,3.5,2
80,F,C,-1.696,0.2485,4.5,2
80,F,D,-2.373,0.139,5.5,2
80,F,E,-2.506,0.1395,3,2
80,F,F,0,0,,2
80,F,G,-1.282,0.4416,3,2
80,F,H,-2.129,0.316,5.5,2
80,F,I,-1.558,0.0755,3,2
80,F,K,-2.726,0.0475,4.5,2
80,F,L,-1.217,0.091,7.5,2
80,F,M,-0.5286,0.2263,5.5,2
80,F,N,-1.735,0.16,3.5,2
80,F,P,-2.067,0.2255,6,2
80,F,Q,-2.268,0.1545,6,2
80,F,R,-3.069,0.243,3,2
80,F,S,-2.041,0.047,3.5,2
80,F,T,-1.885,0.0555,5,2
80,F,V,-1.465,0.017,9,2
80,F,W,-1.349,0.272,3.5,2
80,F,Y,-0.5641,0.2531,3.5,2
81,E,*,-5.148,0,0.5,1
81,E,A,-0.5665,0.03745,5.5,2
81,E,C,-1.196,0.0985,6,2
81,E,D,0.181,0.162,4.5,2
81,E,E,0,0,,2
81,E,F,-0.6693,0.2691,6.5,2
81,E,G,-0.2783,0.2698,6.5,2
81,E,H,-0.4834,0.0678,6.5,2
81,E,I,-0.9284,0.2686,9,2
81,E,K,-1.195,0.0835,8,2
81,E,L,-0.588,0.2686,2.5,2
81,E,M,-1.062,0.5263,6.5,2
81,E,N,-0.4364,5e-05,8.5,2
81,E,P,-1.182,0.7855,2,2
81,E,Q,0.04335,0.1475,4.5,2
81,E,R,-1.327,0.1935,3,2
81,E,S,-0.2162,0.1965,5.5,2
81,E,T,-0.8197,0.1579,7.5,2
81,E,V,-0.4159,0.2078,6.5,2
81,E,W,-1.008,0.02635,4.5,2
81,E,Y,-0.9035,0.0654,8.5,2
82,A,A,0,0,,2
82,A,C,0.4917,0.05075,5.5,2
82,A,D,0.3178,0.08235,5,2
82,A,E,0.113,0.1541,5.5,2
82,A,F,-1.087,0.037,5.5,2
82,A,G,0.0163,0.1789,8.5,2
82,A,H,-0.2772,0.3691,8.5,2
82,A,I,0.1505,0.238,8,2
82,A,K,-0.8227,0.1202,6.5,2
82,A,L,0.2327,0.3055,4,2
82,A,M,-0.2384,0.04395,6.5,2
82,A,N,-0.1902,0.0755,9,2
82,A,P,0.1054,0.1554,3.5,2
82,A,Q,-0.3539,0.121,8,2
82,A,R,-0.6243,0.1308,6,2
82,A,S,-0.6406,0.3883,1.5,2
82,A,T,0.1031,0.07412,5.5,2
82,A,V,0.1065,0.2822,4.5,2
82,A,W,0.2453,0.0387,2,2
82,A,Y,-0.7747,0.1353,5.5,2
83,Q,*,-6,0,1,2
83,Q,A,-0.7708,0.1454,6,2
83,Q,C,-2.107,0.0075,6.5,2
83,Q,D,-0.8088,0.3752,6,2
83,Q,E,-0.9405,0.4036,6.5,2
83,Q,F,-0.07555,0.07715,5.5,2
83,Q,G,-0.4729,0.2979,7,2
83,Q,H,0.1054,0.1699,10,2
83,Q,I,0.254,0.3936,4.5,2
83,Q,K,-3.091,0.053,8.5,2
83,Q,L,-0.18,0.0137,4.5,2
83,Q,M,0.18,0.1062,4,2
83,Q,N,-0.4999,0.1435,7,2
83,Q,P,-0.5536,0.2465,8.5,2
83,Q,Q,0,0,,2
83,Q,R,-2.748,0.0935,10,2
83,Q,S,-0.06564,0.1025,4,2
83,Q,T,-0.355,0.01115,5.5,2
83,Q,V,0.0236,0.2482,7,2
83,Q,W,-1.026,0.2235,5,2
83,Q,Y,-0.514,0.1227,7.5,2
84,G,A,0.03184,0.1069,5,2
84,G,C,0.1661,0.2851,8.5,2
84,G,D,0.4423,0.3806,7,2
84,G,E,0.4721,0.0891,4,2
84,G,F,0.1622,0.464,4,2
84,G,G,0,0,,2
84,G,H,0.8901,0.4099,4.5,2
84,G,I,0.06045,0.159,4,2
84,G,K,-0.1163,0.4347,8.5,2
84,G,L,0.0979,0.2244,4.5,2
84,G,M,0.07886,0.07404,3,2
84,G,N,0.005355,0.0807,6,2
84,G,P,0.04565,0.06045,8,2
84,G,Q,0.05765,0.317,7.5,2
84,G,R,-0.1377,0.1663,3.5,2
84,G,S,0.2122,0.3735,4,2
84,G,T,0.053,0.3255,4,2
84,G,V,0.2399,0.092,7,2
84,G,W,0.2166,0.2006,7,2
84,G,Y,-0.1614,0.06,6.5,2
85,A,A,0,0,,2
85,A,C,0.2837,0.2742,7,2
85,A,D,-3.526,0,8.5,2
85,A,E,-2.018,0.0005,7.5,2
85,A,F,-3.159,0.0355,7.5,2
85,A,G,-0.412,0.07335,5.5,2
85,A,H,-2.481,0.5465,3.5,2
85,A,I,0.3382,0.2403,6.5,2
85,A,K,-4.834,0,6.5,2
85,A,L,-1.949,0.045,7,2
85,A,M,-0.5624,0.1055,5,2
85,A,N,-1.688,0.087,4,2
85,A,P,-0.2861,0.1259,6,2
85,A,Q,-1.394,0.1,5,2
85,A,R,-3.95,0,5.5,2
85,A,S,0.2016,0.1805,3.5,2
85,A,T,0.2322,0.00745,7,2
85,A,V,0.04233,0.08977,3,2
85,A,W,-2.838,0.047,6,2
85,A,Y,-2.297,0.2885,3.5,2
86,L,A,-0.7459,0.0079,6.5,2
86,L,C,-3.28,0.0345,6,2
86,L,D,-6,0,5,2
86,L,E,-1.356,0.0835,5,2
86,L,F,-0.08383,0.1821,6,2
86,L,G,-6,0,2.5,2
86,L,H,-0.8431,0.2669,3.5,2
86,L,I,-0.7802,0.1018,7,2
86,L,K,-6,0,6.5,2
86,L,L,0,0,,2
86,L,M,-0.8748,0.3802,4,2
86,L,N,-0.7351,0.1971,5,2
86,L,P,-2.478,0.5055,4.5,2
86,L,Q,-0.6612,0.219,6,2
86,L,R,-5.96,0,6,2
86,L,S,-5.505,0,7.5,2
86,L,T,-2.042,0.038,4.5,2
86,L,V,-0.827,0.01455,5.5,2
86,L,W,-6,0,3.5,2
86,L,Y,-0.1128,0.01293,5.5,2
87,Q,*,-6,0,1.5,2
87,Q,A,-0.0985,0.0926,6,2
87,Q,C,-0.8648,0.1152,2.5,2
87,Q,D,-1.123,0.2493,5.5,2
87,Q,E,-0.133,0.07205,5,2
87,Q,F,-0.2686,0.05195,6.5,2
87,Q,G,-0.1793,0.08382,5.5,2
87,Q,H,-0.1126,0.127,6,2
87,Q,I,-0.08292,0.1498,6,2
87,Q,K,-0.3563,0.1096,4,2
87,Q,L,-0.00605,0.1613,5,2
87,Q,M,-0.4839,0.5661,4.5,2
87,Q,N,-1.081,0.6394,2.5,2
87,Q,P,-0.0982,0.2234,6.5,2
87,Q,Q,0,0,,2
87,Q,R,-0.3189,0.2685,4.5,2
87,Q,S,-0.2078,0.2458,4.5,2
87,Q,T,-0.5385,0.3145,3.5,2
87,Q,V,-0.05031,0.04431,5,2
87,Q,W,-0.01763,0.02652,2,2
87,Q,Y,-0.2494,0.0029,3,2
88,N,A,-1.068,0.1591,8.5,2
88,N,C,-0.9238,0.1683,9.5,2
88,N,D,-1.07,0.024,2.5,2
88,N,E,-1.199,0.128,7.5,2
88,N,F,-2.251,0.031,6.5,2
88,N,G,-1.367,0.234,5.5,2
88,N,H,-1.694,0.2485,4,2
88,N,I,-1.608,0.293,3.5,2
88,N,K,-1.207,0.2087,5.5,2
88,N,L,-2.169,0.43,4.5,2
88,N,M,-1.543,0.0025,9.5,2
88,N,N,0,0,,2
88,N,P,-1.435,0.075,5,2
88,N,Q,-1.51,0.431,5.5,2
88,N,R,-1.349,0.0805,6.5,2
88,N,S,-1.482,0.401,5,2
88,N,T,-1.3,0.0305,8.5,2
88,N,V,-1.523,0.1195,6.5,2
88,N,W,-2.904,0.139,5,2
88,N,Y,-1.79,0.091,5,2
89,I,A,0.1589,0.2188,5.5,2
89,I,C,-0.2188,0.03735,6,2
89,I,D,-0.8749,0.2032,4,2
89,I,E,-0.8304,0.06735,4,2
89,I,F,-2.297,0.106,9,2
89,I,G,-0.5131,0.03015,4.5,2
89,I,H,-1.174,0.136,5.5,2
89,I,I,0,0,,2
89,I,K,-6,0,6,2
89,I,L,-0.0682,0.2259,3,2
89,I,M,-0.1315,0.1998,5.5,2
89,I,N,-0.2453,0.3192,8.5,2
89,I,P,-0.9151,0.1779,4,2
89,I,Q,0.06565,0.1875,10.5,2
89,I,R,-6,0,5.5,2
89,I,S,-0.6179,0.068,4.5,2
89,I,T,-0.8841,0.08275,7,2
89,I,V,0.1762,0.06705,4.5,2
89,I,W,-6,0,4,2
89,I,Y,-6,0,3.5,2
90,A,A,0,0,,2
90,A,C,-1.493,0.078,5.5,2
90,A,D,-0.4633,0.0474,3.5,2
90,A,E,-0.5125,0.45,2,2
90,A,F,-0.7707,0.2323,5,2
90,A,G,-0.8708,0.1432,4.5,2
90,A,H,-0.4178,0.1095,4,2
90,A,I,-1.055,0.2132,6,2
90,A,K,-2.486,0.067,3.5,2
90,A,L,-1.115,0.3774,3,2
90,A,M,-0.1537,0.2898,4.5,2
90,A,N,-0.07655,0.07785,7.5,2
90,A,P,0.1798,0.1081,5.5,2
90,A,Q,-0.2254,0.0893,7,2
90,A,R,-1.017,0.2568,2.5,2
90,A,S,-5.265,0,5.5,2
90,A,T,-5.059,0,11.5,2
90,A,V,-0.1214,0.04788,4,2
90,A,W,-0.6043,0.3295,6.5,2
90,A,Y,-0.5514,0.367,3.5,2
91,V,A,-0.863,0.304,5,2
91,V,C,-0.7118,0.3572,5,2
91,V,D,-1.002,0.1253,4.5,2
91,V,E,-0.3792,0.0572,8,2
91,V,F,-0.6159,0,2.5,1
91,V,G,-0.8107,0.121,7.5,2
91,V,H,-1.142,0.2253,5,2
91,V,I,0.2005,0.066,4,2
91,V,K,-1.144,0.1896,4.5,2
91,V,L,-0.361,0.1422,9,2
91,V,M,-0.2914,0.0812,8,2
91,V,N,-1.087,0.2465,6,2
91,V,P,-3.103,0,4.5,2
91,V,Q,0.4765,0.1414,4,2
91,V,R,-0.7089,0.1556,6.5,2
91,V,S,-0.5861,0.173,6.5,2
91,V,T,-0.2875,0.5264,2.5,2
91,V,V,0,0,,2
91,V,W,-0.955,0.426,6,2
91,V,Y,-0.7933,0.001,5,2
92,D,A,-0.8158,0.09205,8,2
92,D,C,-0.9909,0.1301,4,2
92,D,D,0,0,,2
92,D,E,-0.2425,0.076,6.5,2
92,D,F,-3.525,0,8.5,2
92,D,G,-0.8797,0,3.5,1
92,D,H,-0.8039,0.0869,3,2
92,D,I,-1.152,0.005,7,2
92,D,K,-2.457,0.4215,5,2
92,D,L,-1.208,0.3893,7,2
92,D,M,-1.587,0.1325,6.5,2
92,D,N,-0.6634,0.3048,10,2
92,D,P,-3.584,0,8,2
92,D,Q,-0.6126,0.2985,8,2
92,D,R,-2.167,0.158,4,2
92,D,S,-1.098,0.3321,6.5,2
92,D,T,-0.7105,0.1604,5,2
92,D,V,-0.897,0.0035,5.5,2
92,D,W,-4.214,0,7.5,2
92,D,Y,-2.846,0.189,8,2
93,K,A,-0.5742,0.2135,3.5,2
93,K,C,-0.02,0.1562,6,2
93,K,D,-0.8579,0.022,6.5,2
93,K,E,0.07159,0.004,5.5,2
93,K,F,-0.581,0.0221,6,2
93,K,G,-0.5736,0.1221,3,2
93,K,H,-0.25,0.01565,7.5,2
93,K,I,-0.614,0.1676,8.5,2
93,K,K,0,0,,2
93,K,L,-0.6146,0.1336,4.5,2
93,K,M,-0.1547,0.2778,6,2
93,K,N,-0.7525,0.06595,4.5,2
93,K,P,-3.067,0.0545,8,2
93,K,Q,0.01651,0.07444,6,2
93,K,R,0.09542,0.1237,5.5,2
93,K,S,-0.02055,0.05019,8,2
93,K,T,-0.05415,0.1152,5.5,2
93,K,V,0.0977,0.04571,9.5,2
93,K,W,-0.3777,0.08455,6,2
93,K,Y,-0.5758,0.2292,5.5,2
94,Q,*,-6,0,4,2
94,Q,A,0.03371,0.08909,9.5,2
94,Q,C,0.1772,0.04165,6,2
94,Q,D,0.1544,0.3209,3.5,2
94,Q,E,-0.1167,0.02207,3.5,2
94,Q,F,-0.3795,0.1022,7.5,2
94,Q,G,-0.01975,0.2002,6,2
94,Q,H,-0.2476,0.3095,8,2
94,Q,I,-0.4234,0.4788,4.5,2
94,Q,K,-0.1313,0.09745,5.5,2
94,Q,L,0.09048,0.06982,6.5,2
94,Q,M,-0.0877,0.2106,7,2
94,Q,N,0.2065,0.3681,5.5,2
94,Q,P,-0.3095,0,1.5,1
94,Q,Q,0,0,,2
94,Q,R,0.3166,0.2309,3,2
94,Q,S,0.5162,0.126,4.5,2
94,Q,T,-0.0049,0.169,4,2
94,Q,V,0.05248,0.106,6,2
94,Q,W,-1.244,0.1785,5.5,2
94,Q,Y,-0.03595,0.2152,5,2
95,N,A,-1.512,0.7108,6,2
95,N,C,-1.063,0.024,7.5,2
95,N,D,-2.236,0.5925,2.5,2
95,N,E,-2.75,0.05,8,2
95,N,F,-0.6434,0.3755,7.5,2
95,N,G,-1.109,0.2768,5,2
95,N,H,-1.072,0.1795,8,2
95,N,I,-1.099,0.031,7,2
95,N,K,-1.29,0.0905,7,2
95,N,L,-0.8746,0.075,9.5,2
95,N,M,-1.342,0.2855,5.5,2
95,N,N,0,0,,2
95,N,P,-6,0,7,2
95,N,Q,-1.382,0.059,6.5,2
95,N,R,-0.9752,0.3648,5,2
95,N,S,-1.108,0.2254,5.5,2
95,N,T,-1.297,0.086,6.5,2
95,N,V,-1.687,0.0695,4,2
95,N,W,-1.117,0.1265,5,2
95,N,Y,-1.477,0.4485,4,2
96,M,A,-0.6395,0.0789,2.5,2
96,M,C,-0.3138,0.0259,7,2
96,M,D,-1.714,0.048,6,2
96,M,E,-1.568,0.179,4,2
96,M,F,-0.6486,0.1844,5,2
96,M,G,-0.8575,0.0683,5,2
96,M,H,-0.9172,0.2379,5,2
96,M,I,-0.1815,0.2155,11,2
96,M,K,-2.006,0.1195,5.5,2
96,M,L,-0.3586,0.227,8.5,2
96,M,M,0,0,,2
96,M,N,-0.2149,0.3042,3.5,2
96,M,P,-6,0,3,2
96,M,Q,-0.8417,0.085,5,2
96,M,R,-1.901,0.0595,4,2
96,M,S,-0.02315,0.4885,3,2
96,M,T,0.324,0.2687,7,2
96,M,V,-0.02875,0.2409,5.5,2
96,M,W,-1.023,0.0415,3,2
96,M,Y,-0.8548,0.07695,5.5,2
97,E,A,-0.08905,0.2616,3.5,2
97,E,C,-0.1685,0.08339,5.5,2
97,E,D,-0.204,0.04705,5,2
97,E,E,0,0,,2
97,E,F,-0.4316,0,5,1
97,E,G,0.2304,0.375,4.5,2
97,E,H,0.1386,0.00085,6,2
97,E,I,0.5143,0.5587,1.5,2
97,E,K,-0.3321,0.1978,9,2
97,E,L,-0.294,0.3684,6,2
97,E,M,0.2008,0.425,3,2
97,E,N,0.2949,0.1316,5,2
97,E,P,-1.567,0.265,7,2
97,E,Q,0.2186,0.08685,5.5,2
97,E,R,0.0142,0.1838,4.5,2
97,E,S,-4.783,0,5,2
97,E,T,-6,0,6.5,2
97,E,V,-0.1547,0.09827,10.5,2
97,E,W,0.05292,0.05608,5.5,2
97,E,Y,-0.404,0.3239,5,2
98,I,A,-0.527,0.2059,3.5,2
98,I,C,-0.0303,0.1377,5.5,2
98,I,D,-0.672,0.462,1,2
98,I,E,-0.234,0.05535,6,2
98,I,F,-1.252,0.0835,4,2
98,I,G,-0.5705,0.1313,5.5,2
98,I,H,-0.2637,0,2,1
98,I,I,0,0,,2
98,I,K,-0.1757,0.235,5,2
98,I,L,0.3725,0.2193,3.5,2
98,I,M,-0.2464,0,2,1
98,I,N,-0.9297,0.1172,7,2
98,I,P,-2.268,0.059,8,2
98,I,Q,-0.1468,0.1634,2,2
98,I,R,-0.7348,0.102,5.5,2
98,I,S,-0.8561,0.3409,5,2
98,I,T,0.09842,0.1318,6.5,2
98,I,V,0.1636,0.3168,5.5,2
98,I,W,-0.7823,0.1402,6.5,2
98,I,Y,-0.8148,0.183,5.5,2
99,M,A,-0.5029,0.00845,5,2
99,M,C,-0.6323,0.2963,4,2
99,M,D,-1.798,0.3785,4.5,2
99,M,E,-1.657,0.115,4.5,2
99,M,F,-0.6722,0.0921,5.5,2
99,M,G,-1.151,0.0735,5.5,2
99,M,H,-0.6974,0.0392,9.5,2
99,M,I,-0.6089,0.01415,11.5,2
99,M,K,-0.7332,0.08445,4.5,2
99,M,L,-0.6839,0.0336,7.5,2
99,M,M,0,0,,2
99,M,N,-1.015,0.0607,7,2
99,M,P,-4.418,0,3,2
99,M,Q,-1.116,0.2702,5,2
99,M,R,-0.7313,0.228,3,2
99,M,S,-0.6081,0.0884,6,2
99,M,T,-1.012,0.0536,3.5,2
99,M,V,-0.559,0.0748,5.5,2
99,M,W,-1.257,0.5678,3,2
99,M,Y,-1.104,0.3978,4.5,2
100,M,A,-0.0777,0.1393,4.5,2
100,M,C,-0.1858,0.1866,4.5,2
100,M,D,-0.7379,0.361,5.5,2
100,M,E,-0.2549,0.125,3.5,2
100,M,F,-0.0853,0.0677,6.5,2
100,M,G,-0.3992,0.4601,4.5,2
100,M,H,-0.37,0.2107,4,2
100,M,I,-0.09931,0.08439,25,2
100,M,K,-0.4,0.0911,3,2
100,M,L,0.121,0.0466,8,2
100,M,M,0,0,,2
100,M,N,-1.471,1.241,3.5,2
100,M,P,-3.719,0,4,2
100,M,Q,0.4476,0.3251,5.5,2
100,M,R,0.02232,0.03808,3.5,2
100,M,S,-0.2818,0.6328,4.5,2
100,M,T,-0.2321,0.03725,9.5,2
100,M,V,0.1052,0.176,9.5,2
100,M,W,-0.4859,0.1763,4,2
100,M,Y,-0.3435,0.0071,5,2
101,K,A,-0.08369,0.0411,6.5,2
101,K,C,-0.2281,0.1477,7.5,2
101,K,D,-0.1412,0.1239,9.5,2
101,K,E,-0.4272,0.07175,8,2
101,K,F,-0.2047,0.0143,3.5,2
101,K,G,-0.5012,0.0215,3.5,2
101,K,H,0.2992,0.0633,4.5,2
101,K,I,-0.5799,0.2237,5,2
101,K,K,0,0,,2
101,K,L,-0.2098,0.1144,5,2
101,K,M,-0.338,0.1712,2.5,2
101,K,N,0.1954,0.2301,7.5,2
101,K,P,-1.118,0.2799,7.5,2
101,K,Q,-0.1427,0.3088,3.5,2
101,K,R,-0.1218,0.2013,3.5,2
101,K,S,-0.03338,0.08322,7.5,2
101,K,T,0.0273,0.2742,7.5,2
101,K,V,-0.4379,0.0314,5,2
101,K,W,-0.6184,0.3447,6.5,2
101,K,Y,-0.3526,0.1512,4.5,2
102,R,*,-6,0,0.5,1
102,R,A,-1.672,0.383,8.5,2
102,R,C,-2.46,0.128,6,2
102,R,D,-2.635,0.0555,7.5,2
102,R,E,-2.445,0.0945,4,2
102,R,F,-1.769,0.183,9.5,2
102,R,G,-3.325,0.11,7.5,2
102,R,H,-1.923,0.3705,5.5,2
102,R,I,-1.652,0.2385,7.5,2
102,R,K,-1.027,0.1001,9.5,2
102,R,L,-1.512,0.2095,9,2
102,R,M,-1.953,0.3415,3.5,2
102,R,N,-1.75,0.0925,5,2
102,R,P,-4.59,0,6,2
102,R,Q,-1.664,0.045,4,2
102,R,R,0,0,,2
102,R,S,-2.079,0.0695,5.5,2
102,R,T,-2.043,0.3615,6.5,2
102,R,V,-1.474,0.2955,5,2
102,R,W,-2.494,0.2285,5.5,2
102,R,Y,-1.801,0.324,3.5,2
103,S,A,0.1387,0.1202,6.5,2
103,S,C,0.3382,0.2326,3.5,2
103,S,D,0.1486,0.2127,5,2
103,S,E,-0.9635,0.01255,6.5,2
103,S,F,-0.8157,0.00325,5,2
103,S,G,-0.01945,0.1169,7,2
103,S,H,-0.6612,0.00025,5,2
103,S,I,-0.4011,0.1646,4.5,2
103,S,K,-0.612,0.1462,2,2
103,S,L,-0.3952,0.01475,8,2
103,S,M,-0.3027,0.218,3.5,2
103,S,N,0.09965,0.1264,4,2
103,S,P,-1.218,0.1265,6.5,2
103,S,Q,-0.4443,0.5233,2.5,2
103,S,R,-0.01188,0.00883,7,2
103,S,S,0,0,,2
103,S,T,0.3039,0.1811,5,2
103,S,V,-0.04635,0.1774,8.5,2
103,S,W,-0.7702,0.08295,4.5,2
103,S,Y,-0.217,0.04715,8,2
104,N,A,0.2981,0.0264,4,2
104,N,C,-0.01505,0.00349,3,2
104,N,D,-0.1598,0.2441,6.5,2
104,N,E,-0.25,0.2152,5,2
104,N,F,-0.2757,0.2546,5,2
104,N,G,0.02766,0.09714,5.5,2
104,N,H,-0.122,0.3614,6,2
104,N,I,-0.4472,0.1885,1.5,2
104,N,K,-0.00425,0.404,5,2
104,N,L,-0.1536,0.05378,4.5,2
104,N,M,0.3508,0.09575,3.5,2
104,N,N,0,0,,2
104,N,P,-0.7174,0.0788,6.5,2
104,N,Q,-0.356,0.2788,6,2
104,N,R,-0.1136,0.2381,4,2
104,N,S,-0.1013,0.1087,8.5,2
104,N,T,-0.2456,0.1435,5,2
104,N,V,-0.0322,0.1247,8,2
104,N,W,-0.3005,0.1136,4.5,2
104,N,Y,-0.1736,0.2036,4.5,2
105,R,A,0.0789,0.5093,2,2
105,R,C,0.2208,0.00015,5,2
105,R,D,0.355,0.2165,5.5,2
105,R,E,0.04975,0.1334,4.5,2
105,R,F,-0.3274,0,4,1
105,R,G,0.0161,0.1336,5.5,2
105,R,H,-0.1848,0.1846,4.5,2
105,R,I,-0.7109,0.04865,2.5,2
105,R,K,-0.0207,0.1494,8.5,2
105,R,L,-0.1943,0.3306,4,2
105,R,M,-0.1753,0,0.5,1
105,R,N,0.6083,0.7797,3.5,2
105,R,P,-1.346,0.313,6.5,2
105,R,Q,-0.256,0.1693,3.5,2
105,R,R,0,0,,2
105,R,S,-0.4324,0.2863,5,2
105,R,T,-0.2875,0.2846,3.5,2
105,R,V,-0.3024,0.3405,4.5,2
105,R,W,-0.2069,0.3585,2.5,2
105,R,Y,-0.08133,0.1586,4,2
106,S,A,-0.2037,0.0831,2.5,2
106,S,C,-0.0388,0.2918,7.5,2
106,S,D,-0.4135,0.6614,2,2
106,S,E,-0.3873,0,1.5,1
106,S,F,-0.3193,0.0866,8,2
106,S,G,-0.1231,0.01595,1.5,2
106,S,H,0.1345,0.2686,1.5,2
106,S,I,0.05642,0.00686,9,2
106,S,K,-0.03668,0.06662,8,2
106,S,L,-0.1046,0.00135,7,2
106,S,M,0.1467,0.1868,8.5,2
106,S,N,-0.2341,0.1868,8,2
106,S,P,-1.436,0.209,7.5,2
106,S,Q,-0.132,0.1865,5.5,2
106,S,R,-0.1309,0.0167,6,2
106,S,S,0,0,,2
106,S,T,-0.06058,0.1344,14.5,2
106,S,V,-0.248,0.2048,3.5,2
106,S,W,-0.2206,0.0103,3,2
106,S,Y,0.03003,0.00157,6.5,2
107,Q,*,-6,0,1,2
107,Q,A,0.0311,0.2444,2,2
107,Q,C,0.7858,0,1,1
107,Q,D,-0.3428,0,0.5,1
107,Q,E,0.088,0.4776,2,2
107,Q,F,0.2302,0,3,1
107,Q,G,0.1205,0,3,1
107,Q,H,-0.3185,0.6017,7,2
107,Q,I,0.4877,0.2618,5,2
107,Q,K,-0.03507,0.08783,4.5,2
107,Q,L,-0.4893,0,2.5,1
107,Q,M,0.0723,0.212,7,2
107,Q,N,-0.1277,0.0952,3.5,2
107,Q,P,0.2723,0.2264,1.5,2
107,Q,Q,0,0,,2
107,Q,R,-0.1083,0.06785,3,2
107,Q,S,0.0071,0.2077,5.5,2
107,Q,T,0.1013,0.5841,4,2
107,Q,V,-0.04335,0.2737,2,2
107,Q,W,-0.9053,0.7447,1,2
107,Q,Y,0.2036,0.4166,1.5,2
108,G,A,0.4309,0.168,5,2
108,G,C,0.05785,0.6714,3,2
108,G,D,0.09925,0.2863,3,2
108,G,E,-0.2067,0.261,8.5,2
108,G,F,-0.3657,0.0059,4.5,2
108,G,G,0,0,,2
108,G,H,-0.03575,0.08855,6.5,2
108,G,I,-0.5271,0.5049,3,2
108,G,K,0.1696,0.1966,4,2
108,G,L,-1.049,0.1762,4,2
108,G,M,0.1578,0.02745,6.5,2
108,G,N,-0.2606,0.0565,5,2
108,G,P,-0.08,0.1944,4,2
108,G,Q,-0.1677,0.153,4,2
108,G,R,-0.2619,0.05275,10,2
108,G,S,0.2312,0.0395,4.5,2
108,G,T,-0.0853,0.0485,3.5,2
108,G,V,-0.0055,0.1222,4.5,2
108,G,W,-0.0195,0.3899,3.5,2
108,G,Y,-0.05895,0.07975,5.5,2
109,T,A,0.2301,0.0435,8,2
109,T,C,0.0395,0.2361,7,2
109,T,D,-0.08735,0.3409,8,2
109,T,E,0.3917,0.3093,2.5,2
109,T,F,0.1875,0.25,7.5,2
109,T,G,0.08662,0.08218,6.5,2
109,T,H,0.3772,0.0978,7,2
109,T,I,0.2561,0.2629,8.5,2
109,T,K,0.01849,0.08911,7,2
109,T,L,0.4291,0.4452,4,2
109,T,M,0.2427,0.1704,6.5,2
109,T,N,0.3148,0.1777,5,2
109,T,P,-0.2263,0.1876,9.5,2
109,T,Q,-0.2209,0.1118,7.5,2
109,T,R,0.1551,0.1493,8,2
109,T,S,-0.3145,0.1672,3,2
109,T,T,0,0,,2
109,T,V,-0.7778,0,0.5,1
109,T,W,-0.1223,0.08133,8.5,2
109,T,Y,-0.1085,0.02357,5,2
110,I,A,0.0737,0.4446,5.5,2
110,I,C,0.0511,0.1914,4,2
110,I,D,-0.293,0.3907,8.5,2
110,I,E,-0.1086,0.00015,5,2
110,I,F,0.1139,0.02539,9,2
110,I,G,-0.6332,0.03835,4,2
110,I,H,-0.02764,0.1142,5.5,2
110,I,I,0,0,,2
110,I,K,0.1251,0.0226,6.5,2
110,I,L,0.01115,0.04602,10,2
110,I,M,-0.1905,0.00535,6,2
110,I,N,0.07246,0.1472,7.5,2
110,I,P,-0.2211,0.03425,6,2
110,I,Q,-0.4136,0.1353,5,2
110,I,R,-0.04005,0.3879,5,2
110,I,S,0.01105,0.2165,5.5,2
110,I,T,0.05763,0.09266,4.5,2
110,I,V,0.3039,0.1012,9,2
110,I,W,-0.1896,0.0704,11,2
110,I,Y,-0.08949,0.1701,4.5,2
111,A,A,0,0,,2
111,A,C,-0.1827,0.1465,5.5,2
111,A,D,0.1745,0.155,6,2
111,A,E,-0.3195,0.03715,6.5,2
111,A,F,-0.04356,0.1107,8,2
111,A,G,-0.1234,0.1341,5,2
111,A,H,-0.2389,0.4884,6.5,2
111,A,I,0.2719,0.04905,6,2
111,A,K,-0.2523,0.2491,9,2
111,A,L,-0.1355,0.1709,6.5,2
111,A,M,0.00221,0.02315,6,2
111,A,N,-0.1163,0.4057,6.5,2
111,A,P,-1.888,0.0295,6.5,2
111,A,Q,0.3535,0.01245,6,2
111,A,R,-0.1028,0.01929,10,2
111,A,S,-0.2129,0.1045,5.5,2
111,A,T,-0.3314,0.02555,6.5,2
111,A,V,0.1973,0.0199,8.5,2
111,A,W,0.02095,0.2006,8.5,2
111,A,Y,-0.2744,0.4385,4,2
112,P,A,0.05904,0.01556,5,2
112,P,C,0.00768,0.04672,8,2
112,P,D,0.1834,0.1957,4.5,2
112,P,E,-0.01863,0.1027,7,2
112,P,F,0.3827,0.438,6.5,2
112,P,G,-0.01369,0.0326,7,2
112,P,H,0.2218,0.08925,9,2
112,P,I,-0.01345,0.2026,10,2
112,P,K,0.3304,0.218,4.5,2
112,P,L,0.3732,0.02295,6.5,2
112,P,M,0.1245,0.06808,7.5,2
112,P,N,0.2574,0.1246,9,2
112,P,P,0,0,,2
112,P,Q,0.0511,0.03159,7.5,2
112,P,R,0.6409,0.3771,6,2
112,P,S,-0.0349,0.04099,7.5,2
112,P,T,-0.3688,0.2004,4,2
112,P,V,0.2905,0.1335,6.5,2
112,P,W,-0.857,0.805,3.5,2
112,P,Y,-0.2742,0.0777,5.5,2
113,P,A,0.1977,0.0878,6.5,2
113,P,C,-0.2003,0.2949,3.5,2
113,P,D,-3.098,0.0105,8.5,2
113,P,E,-2.329,0.0165,8.5,2
113,P,F,-2.122,0.2135,4,2
113,P,G,-0.2644,0.2405,5.5,2
113,P,H,-1.953,0.1445,5,2
113,P,I,-1.393,0.1665,8.5,2
113,P,K,-2.429,0.0465,2.5,2
113,P,L,-2.333,0.4605,6,2
113,P,M,-0.927,0.2,5.5,2
113,P,N,-2.433,0.0505,6.5,2
113,P,P,0,0,,2
113,P,Q,-1.766,0.156,6.5,2
113,P,R,-2.177,0.089,9,2
113,P,S,-1.236,0.055,6.5,2
113,P,T,-1.628,0.02,9,2
113,P,V,-0.5143,0.1588,8,2
113,P,W,-3.022,0.14,5.5,2
113,P,Y,-2.03,0.0665,6.5,2
114,E,A,-0.2589,0.5356,2.5,2
114,E,C,0.475,0.1379,7,2
114,E,D,0.1546,0.09381,4.5,2
114,E,E,0,0,,2
114,E,F,-0.5791,0.2667,2.5,2
114,E,G,0.2726,0.088,10,2
114,E,H,-0.09914,0.06517,5.5,2
114,E,I,-0.1582,0.4372,6.5,2
114,E,K,-0.06505,0.4757,4,2
114,E,L,0.05865,0.01442,10,2
114,E,M,-0.2929,0.1001,3.5,2
114,E,N,0.0175,0.1757,2,2
114,E,P,-1.03,0.002,3,2
114,E,Q,0.7749,0.4262,4.5,2
114,E,R,0.1972,0.1395,6,2
114,E,T,0.1197,0.1384,4.5,2
114,E,V,0.08043,0.07537,5,2
114,E,W,0.05275,0.1204,7,2
114,E,Y,0.05145,0.2782,5.5,2
115,V,A,0.3832,0.0009,8,2
115,V,C,0.1509,0.1885,5.5,2
115,V,D,-0.4694,0.07035,4,2
115,V,E,-0.5197,0.1568,6.5,2
115,V,F,-0.1945,0.05115,9,2
115,V,G,-0.499,0.0103,3.5,2
115,V,H,-0.2099,0.01055,5.5,2
115,V,I,0.08054,0.02846,7,2
115,V,K,-0.0298,0.1241,5,2
115,V,L,-0.2188,0.01175,10,2
115,V,M,0.2129,0.2221,7,2
115,V,N,0.04275,0.002105,9,2
115,V,P,-0.0388,0.3852,8.5,2
115,V,Q,-0.1496,0.07926,8,2
115,V,R,0.193,0.2803,5.5,2
115,V,S,0.05353,0.1042,11.5,2
115,V,T,0.06894,0.06046,6.5,2
115,V,V,0,0,,2
115,V,W,-0.2846,0.011,7,2
115,V,Y,-0.046,0.2064,12,2
116,T,A,0.2548,0.1499,7.5,2
116,T,C,0.08588,0.006875,8.5,2
116,T,D,0.09964,0.1867,10.5,2
116,T,E,-0.1379,0.1488,7,2
116,T,F,-0.05246,0.08954,5.5,2
116,T,G,0.0104,0.1978,6.5,2
116,T,H,-0.3603,0.0113,7,2
116,T,I,-0.2217,0.299,5,2
116,T,K,0.1749,0.02045,7.5,2
116,T,L,-0.3273,0.1662,5,2
116,T,M,0.1659,0.09478,6.5,2
116,T,N,0.09187,0.1451,8.5,2
116,T,P,-1.432,0.423,4.5,2
116,T,Q,-0.05975,0.2334,4.5,2
116,T,R,-0.1023,0.2063,8.5,2
116,T,S,-0.04514,0.128,9.5,2
116,T,T,0,0,,2
116,T,V,0.03422,0.1148,6.5,2
116,T,W,0.2521,0.4545,4.5,2
116,T,Y,0.4005,0.2145,5,2
117,V,A,0.06035,0.1628,9,2
117,V,C,0.3348,0.1663,10.5,2
117,V,D,-1.771,0.025,7,2
117,V,E,-0.6469,0.3493,7.5,2
117,V,F,-0.4103,0.0206,5,2
117,V,G,-0.3053,0.0623,5,2
117,V,H,-0.8406,0.07735,8,2
117,V,I,-0.1825,0.062,7.5,2
117,V,K,-2.333,0.5235,3,2
117,V,L,0.1471,0.08679,7,2
117,V,M,0.0991,0.2518,8.5,2
117,V,N,-0.3421,0.2033,1.5,2
117,V,P,-0.06432,0.01973,5,2
117,V,Q,-0.1412,0.0321,9.5,2
117,V,R,-1.226,0.0095,4,2
117,V,S,-0.1431,0.3376,7,2
117,V,T,-0.06681,0.03073,7.5,2
117,V,V,0,0,,2
117,V,W,-1.993,0.2325,5.5,2
117,V,Y,-0.7563,0.1266,4.5,2
118,F,A,0.2971,0.0621,6,2
118,F,C,-0.1483,0.05123,9.5,2
118,F,D,-0.1661,0.4416,6,2
118,F,E,0.2639,0.0326,8.5,2
118,F,F,0,0,,2
118,F,G,-0.21,0.1364,7,2
118,F,H,-0.1168,0.3987,6.5,2
118,F,I,-0.4508,0.1685,3.5,2
118,F,K,-0.6082,0.2624,8.5,2
118,F,L,0.1608,0.1677,5,2
118,F,M,0.3891,0.2218,2,2
118,F,N,0.0539,0.2288,5.5,2
118,F,P,-6,0,8.5,2
118,F,Q,0.2047,0.1188,7,2
118,F,R,-0.9247,0.3012,8,2
118,F,S,0.2033,0.09195,6,2
118,F,T,0.0151,0.3713,6,2
118,F,V,0.1774,0.0363,11.5,2
118,F,W,0.07745,0.1058,6.5,2
118,F,Y,0.01715,0.2347,7,2
119,S,A,0.1069,0.09851,4,2
119,S,C,0.1876,0.1715,6.5,2
119,S,D,0.3296,0.04835,7.5,2
119,S,E,0.1726,0.1531,6,2
119,S,F,0.4101,0.1619,8,2
119,S,G,0.191,0.3319,6,2
119,S,H,0.04483,0.1119,8,2
119,S,I,-0.2571,0.02945,6,2
119,S,K,0.3508,0.3287,6,2
119,S,L,0.2055,0.2113,6.5,2
119,S,M,0.1697,0.048,7,2
119,S,N,0.2874,0.2217,5.5,2
119,S,P,-0.256,0.378,6.5,2
119,S,Q,0.1532,0.04035,7.5,2
119,S,R,0.1309,0.1839,5.5,2
119,S,S,0,0,,2
119,S,T,-0.4308,0.0074,4.5,2
119,S,V,-0.00337,0.09028,4.5,2
119,S,W,0.4713,0.05815,4,2
119,S,Y,-0.1893,0.1156,7,2
120,E,*,-6,0,0.5,1
120,E,A,0.2224,0.0525,7.5,2
120,E,C,-0.2118,0.1636,7,2
120,E,D,-0.2486,0.0912,8,2
120,E,E,0,0,,2
120,E,F,-0.4907,0.3435,4.5,2
120,E,G,0.06582,0.1363,6,2
120,E,H,0.2892,0.2054,2.5,2
120,E,I,-0.2017,0.05945,5.5,2
120,E,K,0.6129,0.07875,8,2
120,E,L,-0.1361,0.0884,4.5,2
120,E,M,-0.0422,0.2518,6.5,2
120,E,N,-0.519,0.612,5,2
120,E,P,-0.2498,0.1993,5.5,2
120,E,Q,-0.08268,0.1475,8.5,2
120,E,R,0.8234,0.1956,7.5,2
120,E,S,-0.1067,0.0444,7.5,2
120,E,T,0.0597,0.3327,9,2
120,E,V,-0.119,0.2218,8,2
120,E,W,-0.4225,0.1247,8,2
120,E,Y,-0.7833,0.07585,7.5,2
121,D,A,0.1021,0.1228,10,2
121,D,C,-0.07634,0.08226,8,2
121,D,D,0,0,,2
121,D,E,-0.1893,0.2181,7,2
121,D,F,0.1814,0.2079,3,2
121,D,G,0.3433,0.1324,5.5,2
121,D,H,0.1846,0.1814,6,2
121,D,I,-0.04155,0.2331,5,2
121,D,K,0.6383,0.1158,8.5,2
121,D,L,0.067,0.4922,4,2
121,D,M,0.0303,0.1192,6,2
121,D,N,0.0236,0.358,7,2
121,D,P,0.5673,0.04255,6.5,2
121,D,Q,0.0924,0.2495,6,2
121,D,R,0.287,0.3091,5,2
121,D,S,0.4202,0.07335,7.5,2
121,D,T,-0.1506,0.05903,5,2
121,D,V,-0.2754,0.2134,4.5,2
121,D,W,-0.4098,0.0726,6.5,2
121,D,Y,-0.1929,0.4191,8,2
122,P,A,0.02226,0.1165,7.5,2
122,P,C,-0.01969,0.04351,4.5,2
122,P,D,-0.07561,0.01067,9,2
122,P,E,-0.2821,0.184,6.5,2
122,P,F,0.1102,0.09569,8.5,2
122,P,G,0.0392,0.1628,4,2
122,P,H,0.1243,0.1337,6.5,2
122,P,I,0.2806,0.3847,6,2
122,P,K,-0.1996,0.1201,5,2
122,P,L,0.2173,0.1643,5.5,2
122,P,M,0.3002,0.102,9,2
122,P,N,-0.1191,0.1445,5,2
122,P,P,0,0,,2
122,P,Q,-0.2071,0.22,4.5,2
122,P,R,0.1339,0.08252,9.5,2
122,P,S,-0.1093,0.1736,5.5,2
122,P,T,0.2428,0.1131,6.5,2
122,P,V,-0.2137,0.1152,6,2
122,P,W,0.0254,0.03272,9.5,2
122,P,Y,0.4365,0.04115,5,2
123,V,A,0.02231,0.1118,8,2
123,V,C,-0.09164,0.179,11.5,2
123,V,D,-0.06606,0.06514,9.5,2
123,V,E,0.1939,0.3191,6.5,2
123,V,F,0.4788,0.1535,3.5,2
123,V,G,0.4538,0.02715,7,2
123,V,H,0.1788,0.457,5.5,2
123,V,I,-0.1227,0.05744,6.5,2
123,V,K,0.2011,0.3564,3.5,2
123,V,L,-0.1948,0.1218,7,2
123,V,M,-0.0768,0.2365,5,2
123,V,N,0.1824,0.4711,4,2
123,V,P,0.01716,0.1101,6.5,2
123,V,Q,0.1968,0.08355,8,2
123,V,R,0.6772,0.289,2.5,2
123,V,S,0.2252,0.2409,7,2
123,V,T,-0.3258,0.0488,6.5,2
123,V,V,0,0,,2
123,V,W,0.2136,0.09,8,2
123,V,Y,-0.1023,0.04885,6.5,2
124,E,A,0.2959,0.04785,4,2
124,E,C,0.2698,0.3364,7,2
124,E,D,-0.5355,0.5565,4.5,2
124,E,E,0,0,,2
124,E,F,0.2769,0.06065,7.5,2
124,E,G,0.1957,0.4284,7.5,2
124,E,H,0.4496,0.2543,6.5,2
124,E,I,0.4385,0.09415,10,2
124,E,K,0.6472,0.1085,11.5,2
124,E,L,0.3427,0.0681,7,2
124,E,M,0.469,0.3466,7,2
124,E,N,0.1835,0.06445,7.5,2
124,E,P,0.3121,0.1299,5,2
124,E,Q,0.4058,0.03315,8,2
124,E,R,0.6488,0.3418,7.5,2
124,E,S,0.1854,0.179,7.5,2
124,E,T,0.164,0.08942,7,2
124,E,V,0.04605,0.1477,10.5,2
124,E,W,0.12,0.1098,5.5,2
124,E,Y,0.276,0.092,6,2
125,L,-,-0.3175,0,0.5,1
125,L,A,0.1248,0.2036,6.5,2
125,L,C,0.1451,0.0345,6.5,2
125,L,D,0.196,0.2722,7,2
125,L,E,-0.08975,0.4466,5.5,2
125,L,F,0.2288,0.1135,5.5,2
125,L,G,0.5261,0.07175,6,2
125,L,H,0.3321,0.1616,8.5,2
125,L,I,-0.03573,0.05462,4.5,2
125,L,K,0.4657,0.2094,5.5,2
125,L,L,0,0,,2
125,L,M,0.1371,0.00485,9.5,2
125,L,N,0.3424,0.1632,5,2
125,L,P,0.1763,0.0251,7.5,2
125,L,Q,0.3308,0.093,3.5,2
125,L,R,0.4219,0.2305,8,2
125,L,S,0.2244,0.0562,4.5,2
125,L,T,-0.4387,0.2964,6.5,2
125,L,V,-0.2367,0.1533,8,2
125,L,W,-0.2341,0.101,3.5,2
125,L,Y,-0.2722,0.1608,5.5,2
126,G,A,0.2426,0.3403,5,2
126,G,C,0.1715,0.00065,7,2
126,G,D,-0.2598,0.1687,9,2
126,G,E,0.07114,0.1139,7,2
126,G,F,0.2554,0.059,12.5,2
126,G,G,0,0,,2
126,G,H,0.2119,0.2327,7,2
126,G,I,0.08875,0.2757,6.5,2
126,G,K,0.5259,0.1793,8.5,2
126,G,M,0.3563,0.2843,2,2
126,G,N,0.3079,0.0726,6,2
126,G,P,-0.5441,0.2548,4,2
126,G,Q,0.1616,0.3198,4.5,2
126,G,R,0.8145,0.2264,6,2
126,G,S,0.3324,0.3265,5.5,2
126,G,T,0.2084,0.211,6,2
126,G,V,-0.2399,0.8362,1.5,2
126,G,W,0.07925,0.08835,6,2
126,G,Y,0.1213,0.03698,9,2
127,D,A,0.2444,0.1391,4.5,2
127,D,C,0.6669,0.0424,4.5,2
127,D,D,0,0,,2
127,D,E,-0.2636,0.1902,6.5,2
127,D,F,0.4171,0.3753,6.5,2
127,D,G,0.6043,0.5047,5.5,2
127,D,H,0.8212,0.1535,6.5,2
127,D,I,0.1652,0.09745,5.5,2
127,D,K,0.6252,0.1585,9.5,2
127,D,L,0.7014,0.2889,5.5,2
127,D,M,0.4704,0.05855,8,2
127,D,N,0.2525,0.2607,5,2
127,D,P,0.714,0.3889,6.5,2
127,D,Q,0.5976,0.21,7,2
127,D,R,0.6164,0.07005,7.5,2
127,D,S,0.5737,0.0866,6.5,2
127,D,T,0.2409,0.08585,6.5,2
127,D,V,0.2454,0.258,7,2
127,D,W,-0.1066,0.1531,8.5,2
127,D,Y,0.8175,0.2966,6,2
128,P,A,-0.4489,0.4745,5.5,2
128,P,C,0.805,0.261,5.5,2
128,P,D,1.465,0.207,5,2
128,P,E,1.349,0.091,4.5,2
128,P,F,0.0101,0.5058,5,2
128,P,G,0.3761,0.1915,8.5,2
128,P,H,0.8296,0.0868,12.5,2
128,P,I,0.9954,0.2025,7,2
128,P,K,0.8724,0.1172,6,2
128,P,L,0.6301,0.0515,7.5,2
128,P,M,0.6977,0.2587,6.5,2
128,P,N,0.9237,0.3463,5.5,2
128,P,P,0,0,,2
128,P,Q,0.8347,0.0357,4,2
128,P,R,0.8487,0.09285,7.5,2
128,P,S,0.8958,0.0193,8.5,2
128,P,T,0.5463,0.07955,5,2
128,P,V,0.06575,0.3378,4,2
128,P,W,-0.3196,0.0687,8.5,2
128,P,Y,-0.4121,0.01955,8,2
129,N,A,-0.4935,0.0789,5.5,2
129,N,C,-0.1662,0.23,6,2
129,N,D,0.1967,0.4109,3,2
129,N,E,-0.4058,0.4531,4.5,2
129,N,F,0.8965,0.1344,5.5,2
129,N,G,0.001,0.2947,6.5,2
129,N,H,0.6242,0.02275,2.5,2
129,N,I,-0.6237,0.1438,6.5,2
129,N,K,0.07515,0.2615,4.5,2
129,N,L,-0.4,0.0972,6.5,2
129,N,M,-0.2132,0.2545,5.5,2
129,N,N,0,0,,2
129,N,P,0.3781,0.4727,5,2
129,N,Q,0.063,0.0693,7.5,2
129,N,R,0.2047,0.0264,4,2
129,N,S,-0.0269,0.2375,6.5,2
129,N,T,-0.2135,0.1121,7,2
129,N,V,-0.5677,0.292,6,2
129,N,W,0.9097,0.2223,9,2
129,N,Y,0.9939,0.0361,8,2
130,I,A,0.5226,0.1914,4.5,2
130,I,C,0.0014,0.3528,5.5,2
130,I,D,0.9775,0.0785,8.5,2
130,I,E,0.6699,0.3286,3,2
130,I,F,0.5211,0.1234,7,2
130,I,G,0.6692,0.1177,8.5,2
130,I,H,1.048,0.299,5,2
130,I,I,0,0,,2
130,I,K,1.177,0.0525,4.5,2
130,I,L,-0.2231,0.3475,4.5,2
130,I,M,0.2303,0.356,9,2
130,I,N,1.067,0.185,10.5,2
130,I,P,-1.686,0.361,6,2
130,I,Q,0.854,0.1426,5.5,2
130,I,R,0.9071,0.203,6,2
130,I,S,0.8041,0.1784,5,2
130,I,T,0.5928,0.09805,5,2
130,I,V,0.4655,0.1453,8,2
130,I,W,0.9006,0.04125,3,2
130,I,Y,0.456,0.3108,8,2
131,L,A,-0.0673,0.2502,3.5,2
131,L,C,0.116,0.212,5,2
131,L,D,-3.083,0.1535,7,2
131,L,E,-1.521,0.453,5.5,2
131,L,F,0.0247,0.5836,7,2
131,L,G,-0.1553,0.1707,6.5,2
131,L,H,-0.5094,0.1497,5,2
131,L,I,-0.5303,0.6467,6.5,2
131,L,K,-2.367,0.259,5,2
131,L,L,0,0,,2
131,L,M,0.05133,0.1146,6.5,2
131,L,N,-0.06358,0.02684,8.5,2
131,L,P,-6,0,4,2
131,L,Q,-0.3691,0.0521,5,2
131,L,R,-3.862,0,7.5,2
131,L,S,-0.375,0.2958,3.5,2
131,L,T,-6,0,7,2
131,L,V,0.0176,0.1299,9.5,2
131,L,W,-0.9881,0.2198,7,2
131,L,Y,-1.394,0.208,8,2
132,I,A,-0.2673,0.198,8,2
132,I,C,-0.1577,0.01945,6.5,2
132,I,D,-0.1718,0.1704,4,2
132,I,E,-0.4178,0.2059,7,2
132,I,F,-0.2204,0.187,10.5,2
132,I,G,-0.7857,0.5093,5.5,2
132,I,H,-0.2029,0.04265,5,2
132,I,I,0,0,,2
132,I,K,-0.39,0.1005,8.5,2
132,I,L,0.1812,0.135,8.5,2
132,I,M,-0.2199,0.0648,8.5,2
132,I,N,-0.2085,0.0789,10.5,2
132,I,P,-5.482,0,7,2
132,I,Q,-0.4431,0.2418,5.5,2
132,I,R,-0.4807,0.0886,5,2
132,I,S,-0.06448,0.07212,10.5,2
132,I,T,-0.5424,0.07575,5.5,2
132,I,V,0.0616,0.0663,7.5,2
132,I,W,-0.5637,0.1763,8.5,2
132,I,Y,-0.3862,0.2885,5.5,2
133,C,*,-6,0,0.5,1
133,C,A,0.08304,0.1456,8.5,2
133,C,C,0,0,,2
133,C,D,-6,0,9.5,2
133,C,E,-4.321,0,5.5,2
133,C,F,-0.7136,0.5344,5,2
133,C,G,-0.09931,0.04999,8.5,2
133,C,H,-2.309,0.0575,6.5,2
133,C,I,-0.2462,0.07935,7.5,2
133,C,K,-4.423,0,4.5,2
133,C,L,-0.06175,0.216,5,2
133,C,M,-0.06395,0.1749,4.5,2
133,C,N,-1.339,0.2115,9,2
133,C,P,-6,0,8,2
133,C,Q,-1.812,0.015,11,2
133,C,R,-6,0,5.5,2
133,C,S,0.03175,0.3953,5.5,2
133,C,T,-0.1244,0.1985,5,2
133,C,V,0.009075,0.006625,10.5,2
133,C,W,-2.758,0.0515,8.5,2
133,C,Y,-1.599,0.08,9.5,2
134,Y,*,-6,0,1,1
134,Y,A,-0.04988,0.06073,8,2
134,Y,C,-0.3094,0.064,8,2
134,Y,D,-0.4753,0.2495,6,2
134,Y,E,-0.4099,0.13,3,2
134,Y,F,0.07328,0.04002,9.5,2
134,Y,G,-0.3928,0.2986,5,2
134,Y,H,0.2014,0.001,5,2
134,Y,I,0.1755,0.2381,9,2
134,Y,K,-0.4262,0.1318,6,2
134,Y,L,-0.07765,0.201,7.5,2
134,Y,M,0.08734,0.01159,7.5,2
134,Y,N,-0.136,0.238,7,2
134,Y,P,-3.418,0.0805,9.5,2
134,Y,Q,-0.3252,0.1973,5.5,2
134,Y,R,-0.5565,0.3039,9.5,2
134,Y,S,-0.3054,0.4599,4,2
134,Y,T,-0.4261,0.0397,5.5,2
134,Y,V,-0.0504,0.1723,9.5,2
134,Y,W,-0.00019,0.07034,7.5,2
134,Y,Y,0,0,,2
135,V,A,0.0006,0.1319,8.5,2
135,V,C,-0.238,0.2455,7,2
135,V,D,-2.023,0.176,8.5,2
135,V,E,-0.7736,0.0674,10,2
135,V,F,-0.1281,0.05842,10.5,2
135,V,G,0.2637,0.3338,5.5,2
135,V,H,-0.838,0.05,9,2
135,V,I,-0.0347,0.1503,6.5,2
135,V,K,-0.5363,0.198,5.5,2
135,V,L,0.1208,0.1685,9,2
135,V,M,0.2435,0.05645,7,2
135,V,N,-0.1346,0.1846,9,2
135,V,P,0.3792,0.3703,7,2
135,V,Q,0.1943,0.2932,3.5,2
135,V,R,-5.759,0,4,2
135,V,S,0.2677,0.2185,5.5,2
135,V,T,0.1832,0.1143,9,2
135,V,V,0,0,,2
135,V,W,-3.545,0,3.5,2
135,V,Y,-0.8211,0.2979,7.5,2
136,D,A,-0.05579,0.1297,6.5,2
136,D,C,-0.1088,0.1517,8.5,2
136,D,D,0,0,,2
136,D,E,-0.1792,0.0239,3.5,2
136,D,F,-0.0262,0.4148,8,2
136,D,G,-0.2781,0.3328,9,2
136,D,H,0.06781,0.07029,8,2
136,D,I,-0.506,0,2,1
136,D,K,-0.2912,0.0998,5.5,2
136,D,L,0.1016,0.08469,8.5,2
136,D,M,0.1797,0.04915,9.5,2
136,D,N,0.1034,0.04016,8,2
136,D,P,-0.5301,0.00155,3,2
136,D,Q,0.2484,0.2359,5,2
136,D,R,0.0209,0.2139,4,2
136,D,S,0.1817,0.05295,10,2
136,D,T,-0.13,0.3191,4,2
136,D,V,-0.6516,0.01005,4.5,2
136,D,W,0.0721,0.1678,6.5,2
136,D,Y,0.0438,0.3961,5,2
137,K,*,-6,0,0.5,1
137,K,A,0.01617,0.006474,5.5,2
137,K,C,0.07283,0.04557,6,2
137,K,D,0.01746,0.04859,6.5,2
137,K,E,0.1702,0.047,8.5,2
137,K,F,-0.5932,0.1468,8,2
137,K,G,0.06394,0.03049,8,2
137,K,H,-0.0379,0.4151,9,2
137,K,I,-1.244,0.0395,7.5,2
137,K,K,0,0,,2
137,K,L,0.2445,0.01425,6,2
137,K,M,-0.2754,0.00065,12.5,2
137,K,N,0.2021,0.1689,6.5,2
137,K,P,-4.112,0,8.5,2
137,K,Q,-0.01345,0.03784,6,2
137,K,R,-0.119,0.2084,9.5,2
137,K,S,-0.02776,0.04719,6,2
137,K,T,-0.3442,0.4016,6.5,2
137,K,V,-0.3881,0.2361,8,2
137,K,W,-1.494,0.2545,7.5,2
137,K,Y,0.1205,0.05486,7.5,2
138,F,A,-0.9704,0.2267,4.5,2
138,F,C,-0.2374,0.1945,7.5,2
138,F,D,-3.659,0,8.5,2
138,F,E,-2.801,0.3405,8,2
138,F,F,0,0,,2
138,F,G,-0.5582,0.3206,6.5,2
138,F,H,-0.9963,0.2128,11,2
138,F,I,0.06084,0,3.5,1
138,F,K,-5.843,0,5.5,2
138,F,L,0.00975,0.1464,11,2
138,F,M,-0.02905,0.1189,6,2
138,F,N,-1.459,0.276,6,2
138,F,P,-1.734,0.1795,3.5,2
138,F,Q,-0.7308,0.3142,3,2
138,F,R,-6,0,8,2
138,F,S,-1.252,0.1345,4.5,2
138,F,T,-0.7306,0.0103,7.5,2
138,F,V,0.08615,0.1905,4,2
138,F,W,-1.577,0.167,4.5,2
138,F,Y,-0.00541,0.07852,7.5,2
139,W,*,-6,0,0.5,1
139,W,A,-3.53,0,4,2
139,W,C,-3.671,0,7,2
139,W,D,-4.642,0,10,2
139,W,E,-5.506,0,4.5,2
139,W,F,-0.6043,0.3029,7,2
139,W,G,-5.77,0,7,2
139,W,H,-3.373,0,8,2
139,W,I,-4.79,0,6.5,2
139,W,K,-6,0,4,2
139,W,L,-5.345,0,5.5,2
139,W,M,-4.75,0,4,2
139,W,N,-3.525,0,6,2
139,W,P,-6,0,7,2
139,W,Q,-5.271,0,6,2
139,W,R,-6,0,9,2
139,W,S,-2.966,0.0745,4.5,2
139,W,T,-4.561,0,9.5,2
139,W,V,-4.62,0,5.5,2
139,W,W,0,0,,2
139,W,Y,0.1022,0.2841,4.5,2
140,P,A,-4.612,0,5.5,2
140,P,C,-5.559,0,6.5,2
140,P,D,-6,0,7,2
140,P,E,-6,0,4,2
140,P,F,-4.891,0,7,2
140,P,G,-5.088,0,4.5,2
140,P,H,-5.611,0,5,2
140,P,I,-5.154,0,8.5,2
140,P,K,-6,0,4.5,2
140,P,L,-5.72,0,6.5,2
140,P,M,-4.477,0,5,2
140,P,N,-6,0,7,2
140,P,P,0,0,,2
140,P,Q,-5.427,0,1.5,1
140,P,R,-6,0,5.5,2
140,P,S,-5.374,0,5.5,2
140,P,T,-6,0,4.5,2
140,P,V,-5.844,0,3.5,2
140,P,W,-4.861,0,6,2
140,P,Y,-4.795,0,5,2
141,S,A,-0.3303,0.2403,6,2
141,S,C,-0.1007,0.1908,6.5,2
141,S,D,-0.6464,0.01645,3.5,2
141,S,E,-1.198,0.0485,6.5,2
141,S,F,-1.795,0.057,10.5,2
141,S,G,-0.1414,0.0253,8,2
141,S,H,-1.46,0.5533,5,2
141,S,I,-0.1153,0.4451,8.5,2
141,S,K,-4.162,0,5.5,2
141,S,L,-0.1968,0.1881,4.5,2
141,S,M,-0.5062,0.0117,9,2
141,S,N,-0.2108,0.2177,7,2
141,S,P,-0.1003,0.06351,7,2
141,S,Q,-0.55,0.466,7,2
141,S,R,-4.755,0,6,2
141,S,S,0,0,,2
141,S,T,-0.1715,0.025,4.5,2
141,S,V,-0.2558,0.0138,9.5,2
141,S,W,-2.845,0.094,7.5,2
141,S,Y,-1.574,0.358,8,2
142,V,A,-0.3044,0.3537,5,2
142,V,C,0.1966,0.03165,7,2
142,V,D,-0.3881,0.2843,4,2
142,V,E,-0.02415,0.2569,5.5,2
142,V,F,0.1303,0.3428,6.5,2
142,V,G,0.0448,0.179,6,2
142,V,H,-0.0423,0.2955,8.5,2
142,V,I,0.119,0.2181,8,2
142,V,K,-0.05415,0.07624,5,2
142,V,L,0.1893,0.2369,3,2
142,V,M,-0.4335,0.1924,7.5,2
142,V,N,0.2985,0.05865,3.5,2
142,V,P,-0.6229,0.2217,7.5,2
142,V,Q,0.3464,0.169,3,2
142,V,R,-0.1759,0.27,3.5,2
142,V,S,0.05615,0.3947,7.5,2
142,V,T,0.1385,0.1143,11,2
142,V,V,0,0,,2
142,V,W,0.2637,0.0959,14,2
142,V,Y,-0.2848,0.1711,6.5,2
143,I,A,0.04987,0.0465,8.5,2
143,I,C,0.1578,0.1461,7.5,2
143,I,D,-0.9096,0.3394,5.5,2
143,I,E,0.1022,0.02921,9,2
143,I,F,-0.5956,0.1228,6,2
143,I,G,-0.3404,0.2541,4,2
143,I,H,-0.5223,0.05955,8.5,2
143,I,I,0,0,,2
143,I,K,-0.1419,0.08908,8,2
143,I,L,-0.07537,0.1397,5,2
143,I,M,0.09255,0.2244,9.5,2
143,I,N,-0.07329,0.01409,8,2
143,I,P,-1.702,0.1935,10,2
143,I,Q,0.1255,0.2023,5.5,2
143,I,R,-0.368,0.1631,6.5,2
143,I,S,-0.5222,0.1786,7,2
143,I,T,0.1654,0.2745,4.5,2
143,I,V,0.1065,0.1688,7,2
143,I,W,-0.2804,0.0995,5.5,2
143,I,Y,-0.3282,0.269,10,2
144,T,A,-0.01915,0.2581,7.5,2
144,T,C,-0.0317,0.03343,8,2
144,T,D,-0.387,0.0591,6,2
144,T,E,-0.4241,0.09415,7.5,2
144,T,F,-0.129,0.09823,7,2
144,T,G,-0.02874,0.02061,8,2
144,T,H,0.1436,0.00365,5.5,2
144,T,I,0.06077,0.09003,6,2
144,T,K,0.4189,0.2457,5.5,2
144,T,L,0.04663,0.08416,8.5,2
144,T,M,-0.1901,0.1691,10,2
144,T,N,0.05825,0.00277,8.5,2
144,T,P,-0.2149,0.0329,7.5,2
144,T,Q,-0.00705,0.2011,4,2
144,T,R,0.1482,0.01255,7,2
144,T,S,0.2124,0.06365,1.5,2
144,T,T,0,0,,2
144,T,V,-0.44,0.4023,6,2
144,T,W,0.06238,0.02249,6,2
144,T,Y,0.0873,0.3726,5.5,2
145,I,A,0.3582,0.0328,5.5,2
145,I,C,-1.182,0.147,6,2
145,I,D,-0.7969,0.9931,3,2
145,I,E,-0.281,0.1958,6.5,2
145,I,F,0.04116,0.1341,8.5,2
145,I,G,-0.1236,0.1016,9,2
145,I,H,0.2873,0.1784,6,2
145,I,I,0,0,,2
145,I,K,0.1296,0.1748,8,2
145,I,L,0.07695,0.2382,4.5,2
145,I,M,-0.126,0.07033,7.5,2
145,I,N,-0.0396,0.2044,6,2
145,I,P,-0.2739,0.0601,7.5,2
145,I,Q,0.0787,0.03839,6,2
145,I,R,0.2669,0.0204,3.5,2
145,I,S,0.3824,0.4929,7.5,2
145,I,T,0.06245,0.2903,5,2
145,I,V,0.1532,0.1518,7.5,2
145,I,W,0.1304,0.4192,6,2
145,I,Y,-0.06775,0.0284,3.5,2
146,T,A,0.2905,0.0805,4.5,2
146,T,C,-0.1046,0.2016,12,2
146,T,D,0.2352,0.1015,6,2
146,T,E,0.06845,0.1296,7.5,2
146,T,F,0.2069,0.2786,5,2
146,T,G,0.3405,0.2118,5.5,2
146,T,H,-0.05479,0.01187,8.5,2
146,T,I,0.1241,0.09237,9,2
146,T,K,0.3733,0.4191,6,2
146,T,L,0.06055,0.134,5.5,2
146,T,M,0.0204,0.159,3.5,2
146,T,N,-0.1463,0.1114,6,2
146,T,P,-1.403,0.318,5.5,2
146,T,Q,0.1098,0.07537,10,2
146,T,R,0.1049,0.06912,4.5,2
146,T,S,0.07606,0.1723,7.5,2
146,T,T,0,0,,2
146,T,V,0.1927,0.1942,7,2
146,T,W,0.1295,0.2329,6.5,2
146,T,Y,0.08273,0.09037,5.5,2
147,W,*,-6,0,2.5,2
147,W,A,-0.6753,0.1483,10.5,2
147,W,C,-3.186,0,5.5,2
147,W,D,-5.017,0,4.5,2
147,W,E,-3.364,0.015,6,2
147,W,F,0.343,0.3406,5.5,2
147,W,G,-3.274,0,8,2
147,W,H,0.1527,0.05635,5.5,2
147,W,I,-0.5805,0.07585,4.5,2
147,W,K,-3.162,0.235,3.5,2
147,W,L,-0.3301,0.08325,7,2
147,W,M,-0.1372,0.0758,3.5,2
147,W,N,-0.8223,0.1437,7,2
147,W,P,-0.3762,0.1292,3,2
147,W,Q,-0.3278,0.2232,6,2
147,W,R,0.5318,0.5422,3,2
147,W,S,-1.64,0.126,6.5,2
147,W,T,-0.4585,0.1148,3.5,2
147,W,V,-0.2034,0.09055,5,2
147,W,W,0,0,,2
147,W,Y,-0.2971,0.1081,3.5,2
148,M,A,0.1088,0.01222,6,2
148,M,C,-0.2006,0.05475,10.5,2
148,M,D,0.3992,0.098,3,2
148,M,E,-0.2011,0.06265,4,2
148,M,F,-0.4057,0.04935,7.5,2
148,M,G,0.06795,0.09695,3.5,2
148,M,H,-0.00717,0.1051,8,2
148,M,I,0.09065,0.188,12.5,2
148,M,K,-0.4829,0.2053,3.5,2
148,M,L,-0.04681,0.1405,6.5,2
148,M,M,0,0,,2
148,M,N,0.02155,0.4213,3.5,2
148,M,P,-3.984,0,6,2
148,M,Q,-0.3319,0.01345,8.5,2
148,M,R,0.0805,0.279,7.5,2
148,M,S,-0.0552,0.1822,8.5,2
148,M,T,-0.2382,0.04875,10,2
148,M,V,-0.1127,0.01135,11.5,2
148,M,W,-0.0596,0.2219,4,2
148,M,Y,-0.05384,0.1327,7.5,2
149,K,A,-0.6287,0.2668,6.5,2
149,K,C,-0.0217,0.1556,6.5,2
149,K,D,-0.254,0.0432,7,2
149,K,E,-0.1763,0.2668,6.5,2
149,K,F,-0.2355,0.1274,7,2
149,K,G,-0.1753,0.02095,11,2
149,K,H,-0.2939,0.0319,7,2
149,K,I,0.2034,0.1607,6,2
149,K,K,0,0,,2
149,K,L,0.224,0.07725,5.5,2
149,K,M,0.0131,0.1175,7,2
149,K,N,-0.2746,0.1322,6,2
149,K,P,-2.022,0.1375,6.5,2
149,K,Q,-0.2265,0.3519,4,2
149,K,R,0.00235,0.251,6.5,2
149,K,S,-0.09602,0.04398,4.5,2
149,K,T,0.1285,0.07122,7,2
149,K,V,-0.02099,0.006235,9,2
149,K,W,-0.2092,0.07705,7.5,2
149,K,Y,0.0437,0.02819,12,2
150,N,A,-0.01995,0.1373,5,2
150,N,C,0.3894,0.04705,4.5,2
150,N,D,-0.09235,0.09465,6,2
150,N,E,-0.1792,0.01155,10,2
150,N,F,0.1721,0.2982,4.5,2
150,N,G,-0.1195,0.01035,9.5,2
150,N,H,-0.1683,0.1091,6.5,2
150,N,I,0.0393,0.2663,6.5,2
150,N,K,0.2169,0.0212,10,2
150,N,L,0.09478,0.02042,6,2
150,N,M,0.2247,0.1317,6.5,2
150,N,N,0,0,,2
150,N,P,-1.236,0.1345,9.5,2
150,N,Q,0.0745,0.3207,5.5,2
150,N,R,-0.1814,0.00895,7.5,2
150,N,S,-0.1073,0.2535,9,2
150,N,T,0.08241,0.1695,7.5,2
150,N,V,-0.1044,0.02019,11,2
150,N,W,-0.0669,0.01867,6.5,2
150,N,Y,0.04972,0.07517,6.5,2
151,G,A,-0.1308,0.1456,7.5,2
151,G,C,0.2014,0.04595,9,2
151,G,D,-0.0432,0.1864,9,2
151,G,E,0.2021,0.0444,7,2
151,G,F,-0.08715,0.06535,8,2
151,G,G,0,0,,2
151,G,H,0.2729,0.074,4.5,2
151,G,I,-0.1676,0.2075,5,2
151,G,K,0.05387,0.06253,4,2
151,G,L,0.1582,0.1544,5.5,2
151,G,M,0.1657,0.2197,2,2
151,G,N,0.2026,0.0577,6.5,2
151,G,P,-2.787,0.2355,7,2
151,G,Q,0.03746,0.1314,8.5,2
151,G,R,0.00895,0.1886,8,2
151,G,S,-0.2799,0.252,3,2
151,G,T,0.03515,0.1377,4.5,2
151,G,V,-0.2367,0.1424,13,2
151,G,W,-0.2448,0.0699,5,2
151,G,Y,0.1606,0.1843,5.5,2
152,Q,*,-6,0,1,1
152,Q,A,0.3205,0.3836,7.5,2
152,Q,C,0.09348,0.02342,7.5,2
152,Q,D,-0.0233,0.179,8,2
152,Q,E,-0.3286,0.2511,7,2
152,Q,F,-0.3198,0.4461,3.5,2
152,Q,G,0.05165,0.2742,6.5,2
152,Q,H,-0.0666,0.3577,8.5,2
152,Q,I,0.2978,0.1378,11.5,2
152,Q,K,-5e-05,0.1965,9.5,2
152,Q,L,0.5899,0.05235,7.5,2
152,Q,M,0.3177,0.1316,9.5,2
152,Q,N,-0.1045,0.341,5,2
152,Q,P,-0.5066,0.3819,5,2
152,Q,Q,0,0,,2
152,Q,R,0.2661,0.1335,5.5,2
152,Q,S,0.3683,0.0831,9,2
152,Q,T,0.2289,0.05635,7.5,2
152,Q,V,0.3687,0.0055,9,2
152,Q,W,-0.1201,0.2296,9.5,2
152,Q,Y,0.0339,0.1755,7,2
153,E,*,-6,0,1,2
153,E,A,0.4997,0.2402,6,2
153,E,C,0.2248,0.2167,9,2
153,E,D,0.06066,0.1413,7.5,2
153,E,E,0,0,,2
153,E,F,0.07698,0.00213,7,2
153,E,G,0.0265,0.2733,9,2
153,E,H,-0.1547,0.04655,10,2
153,E,I,0.1274,0.0206,10.5,2
153,E,K,-0.2991,0.0535,9.5,2
153,E,L,0.245,0.07785,8,2
153,E,M,-0.07505,0.1995,13,2
153,E,N,0.3006,0.1691,5,2
153,E,P,-0.1167,0.0083,6,2
153,E,Q,0.1746,0.1916,10,2
153,E,R,0.2685,0.1249,7.5,2
153,E,S,0.1741,0.02425,5.5,2
153,E,T,0.1649,0.08702,8,2
153,E,V,0.2523,0.2386,6.5,2
153,E,W,0.2073,0.1321,5.5,2
153,E,Y,-0.0273,0.2496,6.5,2
154,V,A,-0.3042,0.2316,8.5,2
154,V,C,0.08565,0.3071,6,2
154,V,D,0.1267,0.06192,7,2
154,V,E,0.12,0.00475,9,2
154,V,F,-0.0376,0.1881,6.5,2
154,V,G,-0.1967,0.3095,8,2
154,V,H,0.03281,0.03831,6,2
154,V,I,0.4194,0.3432,4,2
154,V,K,0.05587,0.05443,5,2
154,V,L,0.1036,0,6,2
154,V,M,-0.1583,0.4726,8.5,2
154,V,N,-0.1332,0.08899,5.5,2
154,V,P,-0.3134,0.0207,5,2
154,V,Q,0.3916,0.4269,9,2
154,V,R,0.4115,0.0096,9,2
154,V,S,-0.07437,0.05213,4,2
154,V,T,0.02814,0.1163,6.5,2
154,V,V,0,0,,2
154,V,W,0.1267,0.1169,7.5,2
154,V,Y,-0.1423,0.2803,4,2
155,T,A,-0.2512,0.0953,7.5,2
155,T,C,-0.2468,0.03235,7.5,2
155,T,D,0.1047,0.3135,8.5,2
155,T,E,-0.3525,0.0275,9,2
155,T,F,-0.235,0.0146,7,2
155,T,G,0.2634,0.21,5,2
155,T,H,-0.1977,0.1697,4.5,2
155,T,I,-0.1493,0.3129,9.5,2
155,T,K,0.1699,0.0189,11,2
155,T,L,-0.1274,0.2904,3.5,2
155,T,M,-0.1386,0.3045,5,2
155,T,N,0.0378,0.2515,9,2
155,T,P,-0.09693,0.06367,8.5,2
155,T,Q,-0.2637,0.0113,9.5,2
155,T,R,0.1923,0.0173,5,2
155,T,S,0.08375,0.3201,5.5,2
155,T,T,0,0,,2
155,T,V,-0.3137,0.445,2,2
155,T,W,0.0077,0.1332,8.5,2
155,T,Y,-0.1338,0.3104,7,2
156,E,A,0.06663,0.02945,6,2
156,E,C,-0.1436,0.3261,5,2
156,E,D,-0.0451,0.1806,8,2
156,E,E,0,0,,2
156,E,F,0.01503,0.09846,6.5,2
156,E,G,0.03995,0.1078,7,2
156,E,H,-0.141,0.06821,7,2
156,E,I,0.01595,0.1822,17.5,2
156,E,K,0.241,0.00765,12,2
156,E,L,0.0018,0.02761,8.5,2
156,E,M,-0.07915,0.3346,9,2
156,E,N,0.2078,0.2928,7.5,2
156,E,P,0.3107,0.03405,4,2
156,E,Q,-0.02645,0.157,13,2
156,E,R,-0.296,0.1032,4,2
156,E,S,0.2884,0.1223,8.5,2
156,E,T,-0.1759,0.1347,6.5,2
156,E,V,0.3462,0.1482,5.5,2
156,E,W,-0.2482,0.0379,7,2
156,E,Y,0.06455,0.1805,9.5,2
157,G,*,-6,0,0.5,1
157,G,A,-0.4938,0.376,4,2
157,G,C,-0.6384,0.1666,4.5,2
157,G,D,0.08535,0.2796,4,2
157,G,E,-0.1568,0.1721,7,2
157,G,F,-0.09295,0.1997,8,2
157,G,G,0,0,,2
157,G,H,-0.2863,0.435,6,2
157,G,I,-0.1089,0.09825,6,2
157,G,K,0.1879,0.1503,9,2
157,G,L,0.09465,0.2712,6,2
157,G,M,-0.403,0.0474,10.5,2
157,G,N,0.1538,0.1619,9,2
157,G,P,-0.5546,0.1318,7.5,2
157,G,Q,-0.1883,0.0545,8,2
157,G,R,-0.215,0.049,11.5,2
157,G,S,-0.3075,0.1431,6.5,2
157,G,T,-0.0101,0.1852,8.5,2
157,G,V,-0.1377,0.01265,8.5,2
157,G,W,-0.5685,0.1302,8,2
157,G,Y,-0.4104,0.2421,6.5,2
158,V,A,0.1474,0.1059,6.5,2
158,V,C,0.2093,0.2412,7,2
158,V,D,-0.8988,0.0803,3,2
158,V,E,-0.3284,0.01315,5,2
158,V,F,-0.3295,0.04845,9.5,2
158,V,G,-0.8518,0.1115,6,2
158,V,H,-0.3338,0.1481,7.5,2
158,V,I,0.0132,0.08433,4.5,2
158,V,K,0.1029,0.1977,6.5,2
158,V,L,-0.07659,0.0364,8,2
158,V,M,-0.1404,0.2128,6.5,2
158,V,N,-0.3973,0.0039,7,2
158,V,P,-0.1982,0.0407,9,2
158,V,Q,0.0665,0.221,7,2
158,V,R,-0.1375,0.05681,4.5,2
158,V,S,-0.4925,0.0736,6.5,2
158,V,T,-0.583,0.207,3.5,2
158,V,V,0,0,,2
158,V,W,-0.1023,0.1563,4.5,2
158,V,Y,-0.6153,0.201,9,2
159,S,A,-0.5006,0.04795,7.5,2
159,S,C,0.1077,0.5401,5,2
159,S,D,0.4541,0.1337,10.5,2
159,S,E,0.5544,0.0943,4.5,2
159,S,F,-0.03406,0.1262,2.5,2
159,S,G,-0.5718,0.154,7.5,2
159,S,H,0.1375,0.1655,6.5,2
159,S,I,0.4788,0.3838,5.5,2
159,S,K,0.2559,0.0867,7.5,2
159,S,L,0.5227,0.0022,6.5,2
159,S,M,0.9055,0.09745,4.5,2
159,S,N,1.181,0.0775,4,2
159,S,P,-0.252,0.209,7,2
159,S,Q,0.3049,0.1099,6.5,2
159,S,R,-0.3474,0.0838,5,2
159,S,S,0,0,,2
159,S,T,0.6413,0.1984,7,2
159,S,V,0.2739,0.01645,8.5,2
159,S,W,0.1224,0.2846,8,2
159,S,Y,-0.3557,0.1265,4.5,2
160,E,A,0.4988,0.1864,8,2
160,E,C,0.3813,0.0525,7.5,2
160,E,D,0.1323,0.1469,5.5,2
160,E,E,0,0,,2
160,E,F,0.1528,0.0512,8,2
160,E,G,0.4877,0.1272,7,2
160,E,H,0.1351,0.2747,8.5,2
160,E,I,0.2545,0.07095,8.5,2
160,E,K,0.1038,0.1279,7.5,2
160,E,L,0.166,0.0294,5.5,2
160,E,M,0.2436,0.1353,4,2
160,E,N,-0.1655,0.1387,5,2
160,E,P,-0.2415,0.00755,7,2
160,E,Q,0.05482,0.1423,7,2
160,E,R,0.1092,0.2954,4,2
160,E,S,0.5916,0.01175,3,2
160,E,T,0.5441,0.1061,9,2
160,E,V,0.3954,0.3336,6.5,2
160,E,W,0.3248,0.1071,9.5,2
160,E,Y,0.6169,0.2557,7,2
161,T,A,-0.9088,0.0358,4.5,2
161,T,C,-0.399,0.1667,5,2
161,T,D,-0.3633,0.0185,9,2
161,T,E,-0.0299,0.158,7.5,2
161,T,F,-0.2631,0.1261,10,2
161,T,G,-0.8975,0.3715,5.5,2
161,T,H,0.2877,0.04095,5,2
161,T,I,-0.926,0.08095,9.5,2
161,T,K,-0.3347,0.1907,6,2
161,T,L,-0.1588,0.03585,10.5,2
161,T,M,0.381,0.06715,6,2
161,T,N,0.1291,0.1016,5.5,2
161,T,P,-0.248,0.092,8,2
161,T,Q,-0.03058,0.00891,8,2
161,T,R,-0.1231,0.08363,8,2
161,T,S,-0.5941,0.2755,7,2
161,T,T,0,0,,2
161,T,V,-0.3545,0.0208,6,2
161,T,W,0.5553,0.15,4.5,2
161,T,Y,0.09104,2e-05,8.5,2
162,V,A,-0.2142,0.1436,7.5,2
162,V,C,-0.1993,0.00845,6,2
162,V,D,-0.3182,0.2733,6.5,2
162,V,E,-0.424,0.123,6.5,2
162,V,F,-0.02535,0.3424,8.5,2
162,V,G,-0.7354,0.0943,9,2
162,V,H,-0.3469,0.3413,10,2
162,V,I,0.0053,0.1973,8,2
162,V,K,0.006405,0.02135,6.5,2
162,V,L,-0.2633,0.0817,8.5,2
162,V,M,0.05565,0.1923,11,2
162,V,N,-0.07568,0.1236,6,2
162,V,P,-0.4511,0.05195,7,2
162,V,Q,0.08266,0.1405,6,2
162,V,R,-0.9598,0.5053,6.5,2
162,V,S,-0.2926,0.05625,9,2
162,V,T,-0.0287,0.1699,12.5,2
162,V,V,0,0,,2
162,V,W,-0.2623,0.0266,6,2
162,V,Y,0.06713,0.1457,5.5,2
163,F,A,-0.3459,0.1205,3,2
163,F,C,0.01976,0.02155,7,2
163,F,D,-0.3132,0.2607,5.5,2
163,F,E,0.003805,0.05661,8,2
163,F,F,0,0,,2
163,F,G,-0.07832,0.04908,7.5,2
163,F,H,-0.2001,0.03705,4.5,2
163,F,I,0.6442,0.02665,7.5,2
163,F,K,0.05548,0.06623,6.5,2
163,F,L,0.104,0.1731,3,2
163,F,M,0.2747,0.06615,8.5,2
163,F,N,0.3906,0.03415,7.5,2
163,F,P,-0.1358,0.2251,7,2
163,F,Q,-0.4553,0.03375,8,2
163,F,R,-0.3331,0.1054,3,2
163,F,S,-0.1465,0.07201,5.5,2
163,F,T,0.0729,0.1539,8.5,2
163,F,V,-0.2988,0.0483,6.5,2
163,F,W,-0.4953,0.141,8,2
163,F,Y,0.09747,0.1009,5.5,2
164,Y,A,-0.03952,0.01912,5,2
164,Y,C,-0.1219,0.6123,7,2
164,Y,D,-0.1322,0.2824,5.5,2
164,Y,E,-0.185,0.1539,7.5,2
164,Y,F,-0.21,0.1636,5.5,2
164,Y,G,-0.02735,0.2182,10.5,2
164,Y,H,-0.2608,0.0293,7.5,2
164,Y,I,-0.1492,0.1646,6,2
164,Y,K,0.07678,0.1415,5.5,2
164,Y,L,0.0806,0.191,7,2
164,Y,M,0.1046,0.07494,5.5,2
164,Y,N,0.1193,0.3147,3,2
164,Y,P,-0.5661,0.1896,4,2
164,Y,Q,-0.1139,0.3387,8,2
164,Y,R,-0.2526,0.1406,5,2
164,Y,S,0.2803,0.05455,6,2
164,Y,T,-0.3861,0.0285,8.5,2
164,Y,V,-0.307,0.02515,5.5,2
164,Y,W,0.5437,0.078,5,2
164,Y,Y,0,0,,2
165,R,*,-6,0,0.5,1
165,R,A,-0.04068,0.07353,7,2
165,R,C,0.2455,0.00425,8.5,2
165,R,D,-1.09,0.0205,7.5,2
165,R,E,-2.208,0.1385,7.5,2
165,R,F,0.06881,0.165,9,2
165,R,G,-0.3787,0.2381,10,2
165,R,H,-0.1781,0.2085,6,2
165,R,I,-0.08397,0.163,5.5,2
165,R,K,-0.3611,0.3628,5.5,2
165,R,L,-0.02824,0.03924,6.5,2
165,R,M,0.225,0.1404,6,2
165,R,N,-0.1453,0.1763,7.5,2
165,R,P,-0.6292,0.4117,7.5,2
165,R,Q,-0.1941,0.3753,7.5,2
165,R,R,0,0,,2
165,R,S,-0.3441,0.117,9,2
165,R,T,0.1861,0.03765,5.5,2
165,R,V,0.1144,0.1046,13.5,2
165,R,W,-0.1577,0.1987,8.5,2
165,R,Y,-0.2402,0.0567,8.5,2
166,Q,*,-4.265,0.235,1.5,2
166,Q,A,0.3288,0.2639,8,2
166,Q,C,0.1285,0.1461,5.5,2
166,Q,D,0.2089,0.00475,6.5,2
166,Q,E,-0.01845,0.05958,8.5,2
166,Q,F,-0.2567,0.2474,5,2
166,Q,G,0.07553,0.03848,8.5,2
166,Q,H,0.0835,0.2224,5,2
166,Q,I,-0.183,0.3602,7,2
166,Q,K,0.2094,0.2446,4.5,2
166,Q,L,0.325,0.0692,6.5,2
166,Q,M,-0.02489,0.1144,4.5,2
166,Q,N,0.2182,0.09845,8,2
166,Q,P,-1.038,0.1837,10,2
166,Q,Q,0,0,,2
166,Q,R,0.03262,0.1232,8,2
166,Q,S,-0.0411,0.3075,13,2
166,Q,T,0.1385,0.1107,4.5,2
166,Q,V,-0.3168,0.0131,9.5,2
166,Q,W,-0.4336,0.2079,3,2
166,Q,Y,-0.2632,0.1806,5.5,2
167,A,A,0,0,,2
167,A,C,0.347,0.2213,7,2
167,A,D,0.2056,0.2158,12,2
167,A,E,0.4535,0.2141,6.5,2
167,A,F,-0.03214,0.04482,9.5,2
167,A,G,0.1356,0.03325,5.5,2
167,A,H,-0.02955,0.2274,9,2
167,A,I,-0.2123,0.1222,5.5,2
167,A,K,0.2118,0.0302,4,2
167,A,L,-0.1719,0.1742,7,2
167,A,M,0.08964,0.1391,8.5,2
167,A,N,0.3626,0.01295,4.5,2
167,A,P,-0.1638,0.06752,7.5,2
167,A,Q,-0.402,0.1472,7.5,2
167,A,R,-0.317,0.1503,8.5,2
167,A,S,0.2384,0.0702,6,2
167,A,T,0.03697,0.06454,7,2
167,A,V,-0.1581,0.2327,10.5,2
167,A,W,0.05723,0.1365,8,2
167,A,Y,0.01205,0.1197,9,2
168,D,A,-0.3925,0.0052,9,2
168,D,C,-0.1512,0.07049,7.5,2
168,D,D,0,0,,2
168,D,E,0.1526,0.06444,8,2
168,D,F,-0.4566,0.0788,7.5,2
168,D,G,-0.09955,0.2258,7,2
168,D,H,-0.3575,0.455,6.5,2
168,D,I,-0.193,0.01605,8,2
168,D,K,-0.1811,0.3588,8,2
168,D,L,-0.3829,0.0157,12,2
168,D,M,-0.172,0.1608,5,2
168,D,N,0.1861,0.0621,8.5,2
168,D,P,-0.2781,0.1618,9,2
168,D,Q,0.04985,0.08954,6,2
168,D,R,-0.1812,0.1047,7.5,2
168,D,S,-0.04195,0.07855,7,2
168,D,T,-0.2972,0.0784,9.5,2
168,D,V,-0.3075,0.4567,6.5,2
168,D,W,0.03768,0.1114,8.5,2
168,D,Y,-0.4588,0.3895,7.5,2
169,N,A,-0.3836,0.0928,8,2
169,N,C,-0.06553,0.1558,7,2
169,N,D,-0.05223,0.08908,7.5,2
169,N,E,-0.1933,0.158,8,2
169,N,F,-0.04425,0,1,1
169,N,G,0.1113,0.0528,7,2
169,N,H,0.1462,0.2869,6,2
169,N,I,-0.3037,0.224,4,2
169,N,K,-0.7436,0.0995,4.5,2
169,N,L,-0.01919,0.07032,7,2
169,N,M,-0.2409,0.41,6,2
169,N,N,0,0,,2
169,N,P,-1.077,0.3135,5,2
169,N,Q,-0.4312,0.0517,8.5,2
169,N,R,-0.5053,0.0863,8.5,2
169,N,S,-0.04631,0.08278,4,2
169,N,T,-0.5019,0.1311,8.5,2
169,N,V,-0.353,0.1641,5.5,2
169,N,W,-0.272,0.08775,9.5,2
169,N,Y,-0.5026,0.2754,6.5,2
170,G,A,0.1551,0.3996,7.5,2
170,G,C,-0.01115,0.2049,9.5,2
170,G,D,-0.2085,0.3833,2.5,2
170,G,E,-0.7004,0.3617,5.5,2
170,G,F,-0.314,0.3087,9,2
170,G,G,0,0,,2
170,G,H,0.297,0.09255,5,2
170,G,I,0.0835,0.2586,4,2
170,G,K,-0.0422,0.2563,6.5,2
170,G,L,-0.1775,0.0705,6,2
170,G,M,-0.0299,0.1993,5,2
170,G,N,0.3676,0.088,4.5,2
170,G,P,-0.6932,0.0068,9.5,2
170,G,Q,-0.2576,0.1339,6,2
170,G,R,0.0874,0.2125,6.5,2
170,G,S,-0.2553,0.3211,7.5,2
170,G,T,0.06765,0.09245,4.5,2
170,G,V,-0.2772,0.2746,7.5,2
170,G,W,0.1488,0.1368,8.5,2
170,G,Y,-0.247,0.2654,6,2
171,F,*,-6,0,0.5,1
171,F,-,-3.309,0,0.5,1
171,F,A,-0.6048,0.3949,5,2
171,F,C,-0.2556,0.383,4.5,2
171,F,D,-0.3436,0.0406,4,2
171,F,E,-0.632,0.439,5,2
171,F,F,0,0,,2
171,F,G,-0.2308,0.04685,8.5,2
171,F,H,-0.4796,0.23,7,2
171,F,I,-0.2929,0.0922,5.5,2
171,F,K,-2.942,0.2845,4,2
171,F,L,-0.3703,0.0691,5.5,2
171,F,M,-0.2204,0.2968,6,2
171,F,N,-0.186,0.07795,8,2
171,F,P,-0.9492,0.2879,6,2
171,F,Q,-0.2214,0.01695,7,2
171,F,R,-3.022,0.075,8.5,2
171,F,S,-1.286,0.4015,6.5,2
171,F,T,-1.931,0.059,5.5,2
171,F,V,-0.3334,0.02705,7,2
171,F,W,0.2542,0.249,6.5,2
171,F,Y,-0.4738,0.1597,3,2
172,Y,*,-6,0,1,1
172,Y,A,-0.1906,0.0146,8,2
172,Y,C,0.1529,0.1739,6.5,2
172,Y,D,-0.253,0.1715,7.5,2
172,Y,E,-0.05443,0.06617,6,2
172,Y,F,-0.4149,0.3583,7,2
172,Y,G,-0.2266,0.02845,6.5,2
172,Y,H,0.1997,0.0689,9,2
172,Y,I,0.00755,0.0068,8,2
172,Y,K,-0.3855,0.2068,6,2
172,Y,L,-0.0575,0.0709,8.5,2
172,Y,M,0.2621,0.1231,9.5,2
172,Y,N,0.237,0.1311,7,2
172,Y,P,-3.2,0.0265,5.5,2
172,Y,Q,-0.3002,0.1071,4.5,2
172,Y,R,-0.1198,0.2091,5.5,2
172,Y,S,0.1242,0.06292,2.5,2
172,Y,T,-0.4228,0.1183,8.5,2
172,Y,V,0.02782,0.1049,8.5,2
172,Y,W,-0.0109,0.1448,5.5,2
172,Y,Y,0,0,,2
173,K,A,-0.8768,0.1662,6.5,2
173,K,C,-0.374,0.0419,11,2
173,K,D,-0.4554,0.259,8.5,2
173,K,E,-0.345,0.3889,3.5,2
173,K,F,-0.3603,0.07765,6,2
173,K,G,-1.413,0.248,4.5,2
173,K,H,-0.6039,0.2329,7.5,2
173,K,I,-0.3809,0.2971,7.5,2
173,K,K,0,0,,2
173,K,L,-0.05078,0.1443,4.5,2
173,K,M,0.1632,0.2577,8,2
173,K,N,-2.782,0.09,8.5,2
173,K,P,-6,0,8.5,2
173,K,Q,0.07624,0.03746,6.5,2
173,K,R,0.5841,0.4809,5.5,2
173,K,S,-0.3497,0.2517,9,2
173,K,T,0.1082,0.176,4.5,2
173,K,V,-0.1582,0.2565,5.5,2
173,K,W,-1.082,0.2506,8,2
173,K,Y,-0.4772,0.0491,4.5,2
174,F,A,-0.4237,0.1328,7,2
174,F,C,-0.2526,0.2722,6,2
174,F,D,-1.322,0.002,5,2
174,F,E,-0.6894,0.0812,9,2
174,F,F,0,0,,2
174,F,G,-0.506,0.3636,6.5,2
174,F,H,-0.3953,0.0053,8.5,2
174,F,I,-0.4531,0.2745,5.5,2
174,F,K,-0.5232,0.1273,7.5,2
174,F,L,-0.05625,0.1242,4,2
174,F,M,-0.2147,0.01015,5.5,2
174,F,N,-0.24,0.18,4.5,2
174,F,P,-1.027,0.3189,3,2
174,F,Q,-0.2822,0.1217,8.5,2
174,F,R,-0.6004,0.0266,6,2
174,F,S,-0.2772,0.1573,6,2
174,F,T,-0.00945,0.4424,4,2
174,F,V,-0.3967,0.04795,6,2
174,F,W,-0.1905,0.0499,7,2
174,F,Y,0.1375,0.06763,8,2
175,S,A,0.1312,0.00885,2.5,2
175,S,C,0.1357,0.1713,4,2
175,S,D,-0.4453,0.1691,5,2
175,S,E,-0.1029,0.165,9,2
175,S,F,-0.04135,0.2373,8,2
175,S,G,-0.5474,0.1775,8.5,2
175,S,H,0.3485,0.121,3,2
175,S,I,0.2811,0.2464,7,2
175,S,K,0.5734,0.09805,6,2
175,S,L,0.00446,0.07928,8.5,2
175,S,M,-0.01245,0.2055,5.5,2
175,S,N,0.0278,0.138,8.5,2
175,S,P,-6,0,4,2
175,S,Q,0.1343,0.04715,8,2
175,S,R,0.6149,0.09495,10,2
175,S,S,0,0,,2
175,S,T,0.1415,0.3762,6.5,2
175,S,V,0.3423,0.00055,6.5,2
175,S,W,-0.02144,0.0634,9.5,2
175,S,Y,0.2088,0.01655,6,2
176,Y,*,-6,0,1,2
176,Y,A,0.3011,0.0103,6,2
176,Y,C,-0.03703,0.06356,8,2
176,Y,D,-0.3829,0.1079,9.5,2
176,Y,E,0.2953,0.2321,6,2
176,Y,F,-0.01545,0.3204,9.5,2
176,Y,G,0.3547,0.0823,5,2
176,Y,H,0.5654,0.07325,7,2
176,Y,I,0.2612,0.1904,8.5,2
176,Y,K,0.4559,0.2092,8,2
176,Y,L,-0.4531,0.1182,7,2
176,Y,M,0.4198,0.0681,7,2
176,Y,N,0.26,0.5106,4.5,2
176,Y,P,-0.7223,0.0245,8.5,2
176,Y,Q,0.4738,0.2251,5,2
176,Y,R,0.8257,0.07185,7.5,2
176,Y,S,0.7777,0.3813,9,2
176,Y,T,0.5958,0.0929,6.5,2
176,Y,V,0.1549,0.08,6,2
176,Y,W,0.1605,0.0093,9,2
176,Y,Y,0,0,,2
177,L,A,-0.1061,0.04228,4.5,2
177,L,C,0.06585,0.01681,7.5,2
177,L,D,-2.24,0.32,4,2
177,L,E,-0.217,0.0315,5.5,2
177,L,F,-0.2686,0.1406,7.5,2
177,L,G,-0.7821,0.3679,8.5,2
177,L,H,-0.3088,0.2205,3.5,2
177,L,I,-0.3843,0.1098,4,2
177,L,K,0.363,0.2621,6,2
177,L,L,0,0,,2
177,L,M,0.1551,0.0085,7.5,2
177,L,N,0.1931,0.1214,9.5,2
177,L,P,-6,0,5,2
177,L,Q,0.04438,0.04904,6,2
177,L,R,0.3166,0.1289,6.5,2
177,L,S,0.115,0.1416,10.5,2
177,L,T,-0.2099,0.3242,5.5,2
177,L,V,0.01505,0.06638,6.5,2
177,L,W,-0.094,0.3501,6,2
177,L,Y,-0.1405,0.3351,4.5,2
178,P,A,-0.1098,0.1871,6,2
178,P,C,0.1578,0.05235,4,2
178,P,D,0.7367,0.04185,7,2
178,P,E,0.8059,0.0569,8,2
178,P,F,0.7511,0.3159,7,2
178,P,G,0.5986,0.0373,6.5,2
178,P,H,1.244,0.195,8.5,2
178,P,I,-0.3359,0.0896,5.5,2
178,P,K,1.211,0.0435,4,2
178,P,L,-0.5717,0.04265,11,2
178,P,M,0.05895,0.3376,5.5,2
178,P,N,0.7843,0.5196,3.5,2
178,P,P,0,0,,2
178,P,Q,0.7653,0.1095,6,2
178,P,R,1.116,0.2324,5.5,2
178,P,S,0.4261,0.09065,7.5,2
178,P,T,-0.3653,0.16,3.5,2
178,P,V,-0.3487,0.1477,5,2
178,P,W,0.9632,0.04975,6.5,2
178,P,Y,0.7792,0.1298,7,2
179,F,A,0.1275,0.1171,6.5,2
179,F,C,0.4998,0.0146,3.5,2
179,F,D,0.01335,0.1335,6.5,2
179,F,E,-0.2094,0.2552,4.5,2
179,F,F,0,0,,2
179,F,G,-0.1037,0.3106,6.5,2
179,F,H,0.2221,0.0338,6.5,2
179,F,I,-0.1826,0.6376,7.5,2
179,F,K,-0.4424,0.3097,5,2
179,F,L,-0.1003,0.2624,4,2
179,F,M,0.1954,0.0673,8,2
179,F,N,-0.115,0.5273,4,2
179,F,P,-4.624,0,9,2
179,F,Q,0.3488,0.3675,4.5,2
179,F,R,0.03415,0.177,4.5,2
179,F,S,-0.1446,0.05042,6.5,2
179,F,T,-0.0661,0.0995,6.5,2
179,F,V,0.118,0.09031,4.5,2
179,F,W,-0.3342,0.119,6.5,2
179,F,Y,0.1926,0.08775,11.5,2
180,I,A,0.7455,0.2545,11,2
180,I,C,0.4845,0.05425,7,2
180,I,D,0.8223,0.1241,5,2
180,I,E,0.5173,0.0489,3,2
180,I,F,0.07225,0.05115,7.5,2
180,I,G,0.4416,0.1996,5.5,2
180,I,H,0.9468,0.0922,6.5,2
180,I,I,0,0,,2
180,I,K,1.098,0.1161,5,2
180,I,L,0.5446,0.5544,4.5,2
180,I,M,0.3303,0.03375,8,2
180,I,N,0.5211,0.1333,7,2
180,I,P,0.2866,0.0123,4.5,2
180,I,Q,0.474,0.0066,6,2
180,I,R,0.877,0.443,7.5,2
180,I,S,0.7477,0.1529,10.5,2
180,I,T,0.4707,0.2021,7.5,2
180,I,V,0.3308,0.07405,10,2
180,I,W,0.203,0.2106,5.5,2
180,I,Y,0.4555,0.02095,6.5,2
181,P,A,-0.6406,0.4124,5,2
181,P,C,-0.1707,0.2246,9,2
181,P,D,0.0224,0.194,5.5,2
181,P,E,-0.1064,0.628,7.5,2
181,P,F,0.1175,0.07158,7,2
181,P,G,0.1977,0.04395,2,2
181,P,H,0.07555,0.2401,7.5,2
181,P,I,0.3415,0.2388,4,2
181,P,K,-0.1674,0.1743,7,2
181,P,L,-0.05185,0.2925,8.5,2
181,P,M,-0.208,0.1789,9.5,2
181,P,N,0.1021,0.1128,7,2
181,P,P,0,0,,2
181,P,Q,0.0598,0.277,7,2
181,P,R,-0.1436,0.161,8,2
181,P,S,-0.1508,0.04195,6,2
181,P,T,0.0216,0.3702,6.5,2
181,P,V,0.2717,0.4361,5,2
181,P,W,-0.07406,0.03534,9,2
181,P,Y,0.2788,0.1864,8,2
182,T,A,0.0742,0.2747,8,2
182,T,C,0.6192,0.4818,3.5,2
182,T,D,0.2833,0.1161,4,2
182,T,E,-0.3713,0.2061,4.5,2
182,T,F,-0.09893,0.08998,5,2
182,T,G,0.03467,0.07554,8,2
182,T,H,0.1377,0.0072,2,2
182,T,I,0.09889,0.00521,6.5,2
182,T,K,-0.03525,0.00986,6,2
182,T,L,0.2405,0.2445,7,2
182,T,M,-0.1004,0.008895,5.5,2
182,T,N,-0.00935,0.07147,10.5,2
182,T,P,-0.5134,0.314,7.5,2
182,T,Q,0.1061,0.2568,8,2
182,T,R,0.1396,0.1533,7.5,2
182,T,S,-0.2223,0.553,4.5,2
182,T,T,0,0,,2
182,T,V,0.01096,0.06016,8.5,2
182,T,W,0.1516,0.1787,7.5,2
182,T,Y,-0.1039,0.04304,9.5,2
183,R,*,-6,0,0.5,1
183,R,A,0.1361,0.01165,8,2
183,R,C,0.2385,0.2133,3,2
183,R,D,0.0519,0.1779,7,2
183,R,E,-0.04378,0.002325,8,2
183,R,F,0.2012,0.0522,2.5,2
183,R,G,-0.1718,0.0213,7.5,2
183,R,H,-0.02878,0.00542,8.5,2
183,R,I,0.05285,0.2613,9,2
183,R,K,0.4888,0.1073,6,2
183,R,L,0.3648,0.1262,4.5,2
183,R,M,-0.4992,0.7308,3.5,2
183,R,N,0.0204,0.237,8,2
183,R,P,0.04758,0.08181,7.5,2
183,R,Q,0.18,0.2082,6,2
183,R,R,0,0,,2
183,R,S,-0.09781,0.122,8.5,2
183,R,T,0.1867,0.2582,8,2
183,R,V,0.0904,0.2639,9,2
183,R,W,0.008975,0.09019,10.5,2
183,R,Y,-0.2598,0.03545,8,2
184,G,A,0.1508,0.1612,8.5,2
184,G,C,-0.1418,0.0001,7.5,2
184,G,D,0.1096,0.2777,5.5,2
184,G,E,-0.3735,0.05385,5,2
184,G,F,0.04225,0.0438,11,2
184,G,G,0,0,,2
184,G,H,0.105,0.1063,10,2
184,G,I,0.03389,0.02481,7.5,2
184,G,K,0.07251,0.0736,8,2
184,G,L,0.1906,0.0266,7.5,2
184,G,M,0.1036,0.2219,7.5,2
184,G,N,-0.3129,0.3246,5,2
184,G,P,0.1067,0.3418,4.5,2
184,G,Q,0.1152,0.1938,3.5,2
184,G,R,-0.02423,0.003105,4,2
184,G,S,0.1649,0.2686,5,2
184,G,T,-0.5282,0.2278,3,2
184,G,V,0.068,0.0493,9,2
184,G,W,0.05388,0.05992,7,2
184,G,Y,0.3168,0.2105,8,2
185,D,A,0.03385,0.1181,7.5,2
185,D,C,0.08967,0.118,9.5,2
185,D,D,0,0,,2
185,D,E,-0.3876,0.0598,8.5,2
185,D,F,0.3183,0.2504,8.5,2
185,D,G,0.1014,0.07626,8,2
185,D,H,-0.1848,0.1648,6,2
185,D,I,-0.3876,0.2413,7,2
185,D,K,0.1663,0.0085,9.5,2
185,D,L,-0.08065,0.1058,6.5,2
185,D,M,0.2914,0.2023,5.5,2
185,D,N,0.6069,0.05475,4.5,2
185,D,P,0.3907,0.1155,3,2
185,D,Q,-0.4327,0.1743,6.5,2
185,D,R,-0.1832,0.043,10,2
185,D,S,0.4967,0,3,1
185,D,T,-0.3871,0.1273,7,2
185,D,V,-0.02575,0.2614,4.5,2
185,D,W,-0.307,0.04085,7.5,2
185,D,Y,0.2114,0.1356,5.5,2
186,Y,A,0.03589,0.03876,9,2
186,Y,C,0.1136,0.06949,6.5,2
186,Y,D,-0.2689,0.2499,10.5,2
186,Y,E,0.02082,0.07288,6,2
186,Y,F,-0.2129,0.08665,6.5,2
186,Y,G,0.3351,0.0805,6.5,2
186,Y,H,-0.1264,0.1251,9.5,2
186,Y,I,0.2392,0.0633,7.5,2
186,Y,K,-0.3934,0.081,5.5,2
186,Y,L,0.1232,0.0084,5.5,2
186,Y,M,-0.4642,0.6698,10.5,2
186,Y,N,0.07874,0.08666,5,2
186,Y,P,0.2646,0.0489,7.5,2
186,Y,Q,0.3089,0.006,8,2
186,Y,R,-0.03476,0.01796,5.5,2
186,Y,S,0.2142,0.04435,4.5,2
186,Y,T,-0.0843,0.2948,6,2
186,Y,V,0.4535,0.2407,7,2
186,Y,W,-0.1707,0.2722,10,2
186,Y,Y,0,0,,2
187,Y,A,0.2534,0.2096,9.5,2
187,Y,C,-0.2828,0.0693,6.5,2
187,Y,D,-4.109,0,8.5,2
187,Y,E,-2.285,0.1895,7,2
187,Y,F,0.08725,0.08565,6.5,2
187,Y,G,-1.062,0.0746,3.5,2
187,Y,H,-0.1961,0.1974,4,2
187,Y,I,0.1063,0.05288,6,2
187,Y,K,-2.138,0.087,11.5,2
187,Y,L,-0.1431,0.1089,8.5,2
187,Y,M,-0.2314,0.124,6,2
187,Y,N,-3.393,0,7,2
187,Y,P,-0.2074,0.3537,5.5,2
187,Y,Q,-0.2661,0.0397,6,2
187,Y,R,-0.7371,0.0601,7.5,2
187,Y,S,-0.8824,0.7515,4.5,2
187,Y,T,-0.1515,0.00665,8,2
187,Y,V,-0.2602,0.2049,7.5,2
187,Y,W,-0.09941,0.03659,7.5,2
187,Y,Y,0,0,,2
188,D,A,-0.06002,0.1582,3,2
188,D,C,0.06032,0.1029,4,2
188,D,D,0,0,,2
188,D,E,0.06278,0.1298,5,2
188,D,F,0.0065,0.3535,4.5,2
188,D,G,0.1077,0.2768,4,2
188,D,H,-0.5383,0.4299,1.5,2
188,D,I,-0.3567,0.0258,4,2
188,D,K,0.1725,0.4336,1.5,2
188,D,L,0.1415,0.06608,6,2
188,D,M,0.1278,0.1078,2.5,2
188,D,N,-0.1367,0.1452,6,2
188,D,P,-4.046,0,4.5,2
188,D,Q,0.3367,0.0315,5,2
188,D,R,0.0751,0.232,5.5,2
188,D,S,-0.1138,0.2899,3.5,2
188,D,T,-0.03325,0.153,5.5,2
188,D,V,0.1197,0.3702,3,2
188,D,W,-0.4601,0.136,4.5,2
188,D,Y,-0.1977,0.2439,3.5,2
189,C,*,-6,0,1,2
189,C,A,-0.6852,0.6468,2.5,2
189,C,C,0,0,,2
189,C,D,-5.946,0,5,2
189,C,E,-4.826,0,8.5,2
189,C,F,-0.3796,0.2235,3.5,2
189,C,G,-1.156,0.1864,5,2
189,C,H,-2.131,0.0385,4.5,2
189,C,I,-0.2099,0.297,4.5,2
189,C,K,-6,0,7,2
189,C,L,-0.117,0.008,6.5,2
189,C,M,-0.1926,0.2881,4,2
189,C,N,0.0512,0.198,3,2
189,C,P,-1.53,0.058,2.5,2
189,C,Q,-2.051,0.1245,4,2
189,C,R,-6,0,7.5,2
189,C,S,0.1413,0.1914,2.5,2
189,C,T,0.3711,0.2703,2,2
189,C,V,-0.05328,0.07981,2.5,2
189,C,W,-0.7204,0.1032,6,2
189,C,Y,-1.58,0.231,11,2
190,R,A,0.8606,0,0.5,1
190,R,C,-0.17,0.112,2,2
190,R,D,0.3558,0,1,1
190,R,E,-0.3298,0.2486,5,2
190,R,F,0.3249,0.163,4.5,2
190,R,G,-0.2232,0.0116,3,2
190,R,I,-0.2725,0.1749,4.5,2
190,R,K,0.054,0.2154,7,2
190,R,L,0.216,0.5038,3,2
190,R,M,-0.1005,0.1588,8.5,2
190,R,N,-0.3572,0.3536,4,2
190,R,P,-1.699,0.216,4,2
190,R,Q,-0.4144,0.04415,3,2
190,R,R,0,0,,2
190,R,S,-0.2987,0.3252,4.5,2
190,R,T,-0.4203,0.4422,4,2
190,R,V,0.0553,0.03427,11,2
190,R,W,-0.5005,0.3899,2,2
190,R,Y,0.0441,0.1537,5.5,2
191,V,A,-0.0694,0.2996,7,2
191,V,C,0.0896,0.368,7.5,2
191,V,D,-3.436,0,8,2
191,V,E,-1.742,0.05,7.5,2
191,V,F,-0.6094,0.2209,4.5,2
191,V,G,0.1696,0.07425,7,2
191,V,H,-0.5239,0.4341,4.5,2
191,V,I,-0.2786,0.2023,11.5,2
191,V,K,-3.403,0,9,2
191,V,L,0.1514,0.168,5.5,2
191,V,M,-0.2068,0.0005,18.5,2
191,V,N,-0.0906,0.3088,10,2
191,V,P,-0.6652,0.038,7,2
191,V,Q,-0.3939,0.1737,9,2
191,V,R,-2.059,0.1235,8,2
191,V,S,-0.07646,0.07134,6.5,2
191,V,T,-0.1194,0.1458,4,2
191,V,V,0,0,,2
191,V,W,-0.503,0.1325,8,2
191,V,Y,0.1051,0.08644,10,2
192,E,*,-6,0,0.5,1
192,E,A,-0.1108,0.0102,9,2
192,E,C,-0.1087,0.3366,6,2
192,E,D,0.2147,0.479,5,2
192,E,E,0,0,,2
192,E,F,-0.06848,0.1405,8.5,2
192,E,G,-0.2979,0.2624,5,2
192,E,H,-0.1695,0.4524,6,2
192,E,I,-0.398,0.3544,5,2
192,E,K,-0.05724,0.03374,10.5,2
192,E,L,-0.02375,0,2.5,1
192,E,M,0.06598,0.1543,5.5,2
192,E,N,0.0922,0.4342,6.5,2
192,E,P,-0.3979,0.4525,5,2
192,E,Q,-0.3459,0.01435,2.5,2
192,E,R,-0.09175,0.382,5,2
192,E,S,0.1503,0.06136,3.5,2
192,E,T,-0.01733,0.1046,8,2
192,E,V,-0.1813,0.2806,6.5,2
192,E,W,-0.0878,0.2217,5.5,2
192,E,Y,-0.1121,0.06132,6.5,2
193,H,A,0.08697,0.1308,7,2
193,H,C,-0.1319,0.1577,6.5,2
193,H,D,-0.5635,0.197,6,2
193,H,E,-0.5831,0.1007,8,2
193,H,F,0.1506,0.06685,7.5,2
193,H,G,0.3675,0.5994,4.5,2
193,H,H,0,0,,2
193,H,I,-0.4801,0.1523,9,2
193,H,K,-0.5326,0.0019,9,2
193,H,L,0.07337,0.1699,8.5,2
193,H,M,0.09883,0.07996,11,2
193,H,N,-0.3442,0.08885,9,2
193,H,P,0.3911,0.06945,5,2
193,H,Q,-0.0388,0.05668,7,2
193,H,R,-0.03504,0.002955,7,2
193,H,S,-0.2879,0.203,6.5,2
193,H,T,-0.3216,0.0623,9,2
193,H,V,-0.2008,0.0164,7,2
193,H,W,0.0785,0.4962,7,2
193,H,Y,0.143,0.06469,5,2
194,W,*,-6,0,2.5,2
194,W,A,0.1442,0.01895,4.5,2
194,W,C,0.1356,0.0346,9.5,2
194,W,D,0.3011,0.2082,10,2
194,W,E,0.1966,0.2629,6,2
194,W,F,0.1125,0.09935,3.5,2
194,W,G,-0.152,0.08163,6,2
194,W,H,-0.2067,0.1023,8,2
194,W,I,0.4193,0.2961,3,2
194,W,K,0.08739,0.1064,6,2
194,W,L,0.1827,0.06945,6.5,2
194,W,M,0.06457,0.1103,8,2
194,W,N,-0.2009,0.3919,6,2
194,W,P,0.04791,0.05929,8.5,2
194,W,Q,0.00355,0.1177,7,2
194,W,R,0.09487,0.1096,8.5,2
194,W,S,0.0112,0.1453,2.5,2
194,W,T,0.3971,0.5285,4.5,2
194,W,V,0.06185,0.09025,6,2
194,W,W,0,0,,2
194,W,Y,0.2584,0.1787,6.5,2
195,G,A,0.4139,0.2434,5,2
195,G,C,0.28,0.1957,9.5,2
195,G,D,0.11,0.2464,3.5,2
195,G,E,0.3599,0.0458,4,2
195,G,F,0.1609,0.2261,12.5,2
195,G,G,0,0,,2
195,G,H,0.5121,0.1298,5,2
195,G,I,-0.1065,0.01072,4,2
195,G,K,0.2532,0.322,7.5,2
195,G,L,-0.00615,0.1451,5.5,2
195,G,M,0.39,0.06895,5.5,2
195,G,N,0.3493,0.2109,5.5,2
195,G,P,-0.09065,0.06515,7.5,2
195,G,Q,0.3278,0.249,6,2
195,G,R,0.4057,0.1787,5,2
195,G,S,0.03886,0.005255,6.5,2
195,G,T,0.0006,0.382,6.5,2
195,G,V,0.3589,0.1414,7.5,2
195,G,W,0.3044,0.01485,5,2
195,G,Y,0.2458,0.06765,8,2
196,L,A,0.7627,0.2091,5,2
196,L,C,0.1385,0.2661,6,2
196,L,D,0.08146,0.09733,8,2
196,L,E,0.2425,0.0722,6,2
196,L,F,0.3038,0.1024,5.5,2
196,L,G,0.00985,0.194,6,2
196,L,H,0.1373,0.1655,5.5,2
196,L,I,-0.2799,0.05105,12.5,2
196,L,K,-0.1162,0.03892,6.5,2
196,L,L,0,0,,2
196,L,M,0.0572,0.1908,8.5,2
196,L,N,-0.1298,0.06585,4.5,2
196,L,P,0.2897,0.1909,7,2
196,L,Q,0.3699,0.4718,5,2
196,L,R,0.2073,0.01645,7,2
196,L,S,-0.2526,0.0326,6.5,2
196,L,T,-0.0238,0.25,6.5,2
196,L,V,-0.1331,0.2963,3.5,2
196,L,W,-0.3048,0.1931,3,2
196,L,Y,-0.000975,0.03957,5,2
197,P,A,-0.1684,0.3338,5,2
197,P,C,-0.2381,0.058,7.5,2
197,P,D,-0.103,0.02203,5,2
197,P,E,-0.2245,0.0894,8.5,2
197,P,F,-0.07725,0.4108,5.5,2
197,P,G,0.3672,0.05765,4,2
197,P,H,0.1233,0.1778,8.5,2
197,P,I,0.2626,0.07825,6.5,2
197,P,K,0.00235,0.1076,7.5,2
197,P,L,0.1028,0.1057,5,2
197,P,M,0.2083,0.2061,6.5,2
197,P,N,-0.3987,0.0708,3,2
197,P,P,0,0,,2
197,P,Q,-0.136,0.3247,4,2
197,P,R,0.1945,0.09732,3,2
197,P,S,0.1167,0.06125,5,2
197,P,T,-0.04652,0.09038,10,2
197,P,V,-0.0631,0.2279,10.5,2
197,P,W,-0.1405,0.2245,6,2
197,P,Y,0.07472,0.01552,5.5,2
198,E,A,0.00147,0.06182,6.5,2
198,E,C,-0.02117,0.05161,6.5,2
198,E,D,-0.04385,0.5299,5.5,2
198,E,E,0,0,,2
198,E,F,-0.1442,0.04541,6,2
198,E,G,0.09732,0.03798,8.5,2
198,E,H,0.1243,0.2577,6,2
198,E,I,0.1094,0.181,6.5,2
198,E,K,0.2036,0.3548,10,2
198,E,L,0.1051,0.4847,4,2
198,E,M,-0.0521,0.01411,5.5,2
198,E,N,0.4821,0.1434,8.5,2
198,E,P,0.1364,0.366,4,2
198,E,Q,0.391,0.1716,4,2
198,E,R,-0.3151,0.1596,6.5,2
198,E,S,0.1296,0.0794,5,2
198,E,T,0.0213,0.2014,4.5,2
198,E,V,-0.2994,0.01795,7,2
198,E,W,0.1605,0.1916,7,2
198,E,Y,0.2067,0.1985,5,2
199,P,A,0.07675,0.4302,4,2
199,P,C,0.05694,0.1019,5,2
199,P,D,-0.3542,0.1071,3.5,2
199,P,E,0.04615,0.1522,5,2
199,P,F,-0.2599,0.2607,4.5,2
199,P,G,0.2366,0.4261,3.5,2
199,P,H,0.0819,0.2154,7,2
199,P,I,0.331,0.1542,7,2
199,P,K,0.2806,0.06505,9,2
199,P,L,-0.05661,0.06189,5,2
199,P,M,-0.4448,0.09735,5,2
199,P,N,-0.1179,0.01848,6.5,2
199,P,P,0,0,,2
199,P,Q,-0.1638,0.1377,7.5,2
199,P,R,0.3439,0.1707,4,2
199,P,S,0.0127,0.07136,9.5,2
199,P,T,0.00655,0.08374,11,2
199,P,V,0.2929,0.0398,6.5,2
199,P,W,-0.1515,0.00435,9.5,2
199,P,Y,0.1611,0.1176,6.5,2
200,L,A,0.4793,0.3085,3,2
200,L,C,0.1313,0.00375,6.5,2
200,L,D,0.1914,0.182,4,2
200,L,E,0.1279,0.178,5,2
200,L,F,-0.0529,0.4566,3.5,2
200,L,G,-0.2084,0.1985,6.5,2
200,L,H,0.2239,0.388,5.5,2
200,L,I,-0.1414,0.2095,4,2
200,L,K,0.152,0.1494,3.5,2
200,L,L,0,0,,2
200,L,M,0.4684,0.1586,7,2
200,L,N,0.5701,0.07065,5,2
200,L,P,0.2419,0.2539,7.5,2
200,L,Q,0.07625,0.264,4.5,2
200,L,R,0.144,0.1484,4,2
200,L,S,-0.02935,0.1517,6.5,2
200,L,T,0.2797,0.2124,6.5,2
200,L,V,0.1782,0.1425,4,2
200,L,W,0.1529,0.1022,6.5,2
200,L,Y,0.7461,0.1747,4,2
201,M,A,-0.0272,0.0108,7.5,2
201,M,C,-0.1684,0.1333,6.5,2
201,M,D,0.1151,0.0556,6,2
201,M,E,-0.0158,0.3914,1.5,2
201,M,F,-0.0381,0.1732,5,2
201,M,G,-0.07425,0.2366,7,2
201,M,H,-0.1245,0.2702,4,2
201,M,I,-0.02255,0.2576,7,2
201,M,K,0.1011,0.1033,4.5,2
201,M,L,0.1069,0.05015,8.5,2
201,M,M,0,0,,2
201,M,N,0.06646,0.01777,4.5,2
201,M,P,0.06325,0.2452,8.5,2
201,M,Q,-0.0047,0.1125,6,2
201,M,R,0.3876,0.302,7,2
201,M,S,0.2947,0.1255,8,2
201,M,T,0.2751,0.1227,8,2
201,M,V,-0.2132,0.1556,7,2
201,M,W,0.0599,0.3065,5.5,2
201,M,Y,0.1679,0.09561,4.5,2
202,T,A,-0.1642,0.00335,4.5,2
202,T,C,-0.2255,0.2969,6.5,2
202,T,D,-0.1201,0.2159,6,2
202,T,E,0.0564,0.285,5.5,2
202,T,F,0.1432,0.2857,7,2
202,T,G,-0.543,0.1452,2,2
202,T,H,0.2445,0.1008,5,2
202,T,I,-0.0559,0.2525,7,2
202,T,K,-0.08255,0.3692,3,2
202,T,L,-0.00495,0.1377,7.5,2
202,T,M,-0.1341,0.08454,3.5,2
202,T,N,0.0304,0.2885,5.5,2
202,T,P,0.1038,0.00445,8.5,2
202,T,Q,-0.4072,0.1162,2,2
202,T,R,-0.5237,0.1228,7,2
202,T,S,0.1756,0.2136,6,2
202,T,T,0,0,,2
202,T,V,0.03045,0.1548,6,2
202,T,W,-0.06765,0.1748,9,2
202,T,Y,0.292,0.3331,3.5,2
203,H,A,-0.2657,0,2.5,1
203,H,C,-0.3729,0.01755,4,2
203,H,D,0.09032,0.1559,8,2
203,H,E,-0.01145,0.1926,7,2
203,H,F,-0.396,0.2312,5,2
203,H,G,-0.2842,0.0242,8,2
203,H,H,0,0,,2
203,H,I,-0.1732,0.1061,6,2
203,H,K,0.4184,0.0522,5,2
203,H,L,-0.08565,0.1673,6.5,2
203,H,M,-0.1333,0.01985,5,2
203,H,N,-0.09385,0.369,6,2
203,H,P,0.1574,0.09667,3,2
203,H,Q,-0.2965,0.0641,3,2
203,H,R,-0.1087,0.3292,2.5,2
203,H,S,0.0364,0.1396,7.5,2
203,H,T,0.06375,0.1975,3.5,2
203,H,V,0.01325,0.1869,6,2
203,H,W,-0.2876,0.2337,11,2
203,H,Y,0.0414,0.2951,3.5,2
204,W,*,-3.228,1.272,3.5,2
204,W,A,-0.3796,0.2233,5,2
204,W,C,0.1645,0.2424,5.5,2
204,W,D,-0.397,0.06535,6.5,2
204,W,E,-0.5163,0.09385,6.5,2
204,W,F,0.1374,0.3519,5.5,2
204,W,G,-0.9332,0.0818,1.5,2
204,W,H,-0.1141,0.2945,6,2
204,W,I,0.4345,0.1398,5,2
204,W,K,-0.0371,0.3689,2.5,2
204,W,L,-0.4325,0.1125,6,2
204,W,M,0.1578,0.2889,6.5,2
204,W,N,-0.2384,0.05495,5.5,2
204,W,P,-1.581,0.6253,4.5,2
204,W,Q,-0.4056,0.0469,5,2
204,W,R,-0.816,0.313,9.5,2
204,W,S,-0.0337,0.1697,8.5,2
204,W,T,-0.1429,0.01465,8.5,2
204,W,V,-0.03659,0.08741,7.5,2
204,W,W,0,0,,2
204,W,Y,0.1655,0.229,8.5,2
205,E,A,-0.05295,0.2288,7,2
205,E,C,-0.2113,0.3614,7,2
205,E,D,0.223,0.1571,4.5,2
205,E,E,0,0,,2
205,E,F,0.04018,0.0134,9.5,2
205,E,G,-0.1671,0.5295,4.5,2
205,E,H,-1.143,1.441,3,2
205,E,I,-0.1276,0.4065,3.5,2
205,E,K,0.07655,0.1775,7,2
205,E,L,0.1669,0.0247,5,2
205,E,M,0.0829,0.2675,7,2
205,E,N,0.05287,0.1157,8,2
205,E,P,-0.1407,0.169,8,2
205,E,Q,-0.08715,0.187,5.5,2
205,E,R,0.05518,0.08233,8,2
205,E,S,-0.2551,0.0453,7,2
205,E,T,0.04535,0.07475,5,2
205,E,V,0.0851,0.0213,8,2
205,E,W,-0.2555,0.153,7.5,2
205,E,Y,0.0569,0.3242,4.5,2
206,P,A,0.2713,0.3266,4.5,2
206,P,C,-0.1121,0.02932,4.5,2
206,P,D,0.2959,0.1142,7.5,2
206,P,E,0.2173,0.1208,6.5,2
206,P,F,-0.01388,0.002975,5,2
206,P,G,0.02355,0.1573,4.5,2
206,P,H,0.3098,0.2821,7,2
206,P,I,-0.1289,0.1168,6.5,2
206,P,K,0.2742,0.05335,9,2
206,P,L,-0.0146,0.2617,5,2
206,P,M,0.1926,0.03095,7.5,2
206,P,N,-0.2844,0.1694,5.5,2
206,P,P,0,0,,2
206,P,Q,0.006125,0.05479,10,2
206,P,R,0.2057,0.2561,6.5,2
206,P,S,-0.2482,0.221,5.5,2
206,P,T,-0.4414,0.133,9.5,2
206,P,V,0.2258,0.1387,5.5,2
206,P,W,-0.03413,0.07938,5.5,2
206,P,Y,0.08277,0.00933,5.5,2
207,Q,*,-6,0,0.5,1
207,Q,A,-0.2375,0.1172,5,2
207,Q,C,-0.1704,0.2613,7,2
207,Q,D,-0.3453,0.01315,7,2
207,Q,E,0.1311,0.09723,7.5,2
207,Q,F,-0.4056,0.0028,9,2
207,Q,G,0.0255,0.5289,4.5,2
207,Q,H,-0.2167,0.2075,6,2
207,Q,I,-0.007585,0.09179,9.5,2
207,Q,K,0.2642,0.03975,5,2
207,Q,L,-0.03675,0.322,7.5,2
207,Q,M,-0.1759,0.01985,8,2
207,Q,N,-0.1218,0.02801,8,2
207,Q,P,0.0473,0.0647,6,2
207,Q,Q,0,0,,2
207,Q,R,0.2128,0.1074,9,2
207,Q,S,-0.621,0.2387,7.5,2
207,Q,T,0.04445,0.0037,5,2
207,Q,V,0.288,0.05235,4,2
207,Q,W,-0.0847,0.342,5,2
207,Q,Y,-0.2418,0.0575,8,2
208,V,A,0.2102,0.02025,4.5,2
208,V,C,-0.7209,0.2148,6,2
208,V,D,-0.07765,0.08035,5.5,2
208,V,E,0.2097,0.00085,7.5,2
208,V,F,0.05715,0.006135,8,2
208,V,G,0.2378,0.02935,5.5,2
208,V,H,0.1121,0.09017,3.5,2
208,V,I,-0.02345,0.185,5,2
208,V,K,0.3997,0.2576,6.5,2
208,V,L,0.2154,0.0895,4.5,2
208,V,M,0.1261,0.07448,11.5,2
208,V,N,0.06176,0.08654,6,2
208,V,P,-0.0193,0.1637,5,2
208,V,Q,-0.07114,0.03346,4.5,2
208,V,R,0.5672,0.2188,4,2
208,V,S,0.7428,0.2922,5,2
208,V,T,0.1181,0.3682,7,2
208,V,V,0,0,,2
208,V,W,0.1234,0.0971,5,2
208,V,Y,0.3879,0.3523,4.5,2
209,P,A,0.1199,0.1123,6,2
209,P,C,-0.5821,0.2131,2.5,2
209,P,D,0.2056,0.1263,5.5,2
209,P,E,-0.1485,0.2977,8.5,2
209,P,F,-0.05575,0.2326,5.5,2
209,P,G,0.02028,0.04877,5,2
209,P,H,-0.1395,0.1091,6.5,2
209,P,I,-0.03435,0.1323,7.5,2
209,P,K,-0.08689,0.1563,5,2
209,P,L,-0.1726,0.2198,7,2
209,P,M,0.0594,0.1809,8.5,2
209,P,N,0.259,0.256,4,2
209,P,P,0,0,,2
209,P,Q,-0.3386,0.0725,6.5,2
209,P,R,-0.2228,0.05615,5,2
209,P,S,-0.0564,0.0493,8,2
209,P,T,0.211,0.1958,6.5,2
209,P,V,-0.3903,0.2132,4,2
209,P,W,0.06014,0.02614,6.5,2
209,P,Y,-0.6225,0.02225,8,2
210,L,A,0.3711,0.1529,5.5,2
210,L,C,-0.1381,0.04345,7,2
210,L,D,0.2161,0.2982,6,2
210,L,E,0.3338,0.152,5,2
210,L,F,0.06792,0.1401,10,2
210,L,G,0.6447,0.3873,5,2
210,L,H,-0.0384,0.2035,10,2
210,L,I,-0.07692,0.03068,8.5,2
210,L,K,0.09868,0.008715,5.5,2
210,L,L,0,0,,2
210,L,M,0.2389,0.2062,3,2
210,L,N,-0.1354,0.07629,6.5,2
210,L,P,0.04109,0.1168,4.5,2
210,L,Q,-0.3432,0.1756,3,2
210,L,R,0.2666,0.02725,7,2
210,L,S,0.2291,0.06275,9.5,2
210,L,T,0.2372,0.4117,2.5,2
210,L,V,0.2198,0.09055,6.5,2
210,L,W,-0.0439,0.3879,1,2
210,L,Y,0.0438,0.4017,7,2
211,P,A,-0.0636,0.05099,7.5,2
211,P,C,-0.341,0.3519,4,2
211,P,D,-0.1461,0.0775,8.5,2
211,P,E,-0.4082,0.05645,4.5,2
211,P,F,-0.09881,0.07399,7,2
211,P,G,0.2697,0.272,4.5,2
211,P,H,-0.5342,0.09765,4,2
211,P,I,-0.1924,0.5328,6,2
211,P,K,0.4543,0.2386,5.5,2
211,P,L,-0.3187,0.4457,4.5,2
211,P,M,-0.1115,0.3923,10.5,2
211,P,N,-0.1161,0.02698,5.5,2
211,P,P,0,0,,2
211,P,Q,-0.1719,0.0181,5,2
211,P,R,0.2482,0.0264,13.5,2
211,P,S,-0.1108,0.1092,10.5,2
211,P,T,-0.2422,0.207,7,2
211,P,V,-0.1247,0.05545,6.5,2
211,P,W,-0.3942,0.6279,9,2
211,P,Y,-0.0521,0.1911,5,2
212,V,A,-0.1444,0.00335,7,2
212,V,C,-0.8555,0.09235,5.5,2
212,V,D,-0.1764,0.0315,7,2
212,V,E,-0.2048,0.1319,4,2
212,V,F,0.0448,0.06159,6.5,2
212,V,G,-0.03,0.074,6,2
212,V,H,0.0813,0.228,6.5,2
212,V,I,0.1613,0.0436,4.5,2
212,V,K,0.1011,0.1088,4.5,2
212,V,L,-0.07658,0.08022,8,2
212,V,M,0.009325,0.1069,8,2
212,V,N,-0.1948,0.1421,6.5,2
212,V,P,0.06855,0.2389,7.5,2
212,V,Q,-0.05285,0.1356,6.5,2
212,V,R,-0.1247,0.366,7,2
212,V,S,-0.02255,0.2002,6.5,2
212,V,T,-0.2594,0.1248,5,2
212,V,V,0,0,,2
212,V,W,-0.3276,0.2825,5,2
212,V,Y,0.1314,0.07863,4.5,2
213,S,A,0.1209,0.2618,5.5,2
213,S,C,-0.7727,0.1623,3.5,2
213,S,D,-0.2036,0.6798,3.5,2
213,S,E,0.4608,0.06825,1.5,2
213,S,F,-0.4109,0.191,7,2
213,S,G,-0.1391,0.1725,9.5,2
213,S,H,0.03555,0.2389,9,2
213,S,I,-0.2329,0.134,8.5,2
213,S,K,0.08109,0.000515,10,2
213,S,L,0.0692,0.43,6,2
213,S,M,0.1394,0.05772,3.5,2
213,S,N,0.04812,0.1187,8,2
213,S,P,0.1355,0.2817,5,2
213,S,Q,0.4795,0.0684,8.5,2
213,S,R,-0.3213,0.1475,5.5,2
213,S,S,0,0,,2
213,S,T,0.09815,0.5434,7,2
213,S,V,-0.09605,0.205,6.5,2
213,S,W,-0.2343,0.01655,6,2
213,S,Y,-0.1236,0.0072,8.5,2
214,E,A,0.05707,0.003735,7,2
214,E,C,-0.1132,0.1955,5.5,2
214,E,D,0.2359,0.1921,6,2
214,E,E,0,0,,2
214,E,F,-0.4039,0.3971,7.5,2
214,E,G,-0.213,0.05095,9.5,2
214,E,H,0.1148,0.0739,2.5,2
214,E,I,-0.602,0.02055,12.5,2
214,E,K,0.02085,0.1211,9.5,2
214,E,L,-0.492,0.1663,4,2
214,E,M,-0.1868,0.0862,5,2
214,E,N,0.3211,0.07335,2,2
214,E,P,0.1851,0.4642,4,2
214,E,Q,0.3042,0.0966,6,2
214,E,R,0.2839,0.1413,9.5,2
214,E,S,-0.2514,0.03845,7.5,2
214,E,T,0.05845,0.1615,6.5,2
214,E,V,-0.4507,0.2073,6.5,2
214,E,W,-0.2135,0.07095,6.5,2
214,E,Y,-0.2029,0.06685,5.5,2
215,S,A,-0.163,0.2738,8.5,2
215,S,C,-0.3568,0.08175,7.5,2
215,S,D,0.303,0.1001,5.5,2
215,S,E,0.2833,0.239,6,2
215,S,F,0.0466,0.0328,3,2
215,S,G,-0.1512,0.07873,6.5,2
215,S,H,0.6357,0.3752,3.5,2
215,S,I,-0.02892,0.03998,8.5,2
215,S,K,-0.16,0.0066,7,2
215,S,L,-0.0691,0.2536,8.5,2
215,S,M,0.1092,0.1838,9.5,2
215,S,N,-0.09179,0.05012,10.5,2
215,S,P,0.2046,0.0038,7.5,2
215,S,Q,0.262,0.1502,7,2
215,S,R,0.5216,0.025,4,2
215,S,S,0,0,,2
215,S,T,-0.1479,0.08613,7.5,2
215,S,V,0.155,0.1497,5,2
215,S,W,-0.1659,0.2561,5,2
215,S,Y,0.0328,0.1828,4.5,2
216,T,A,0.1007,0.2935,5,2
216,T,C,-0.5679,0.06515,4.5,2
216,T,D,0.07391,0.01083,5.5,2
216,T,E,0.04068,0.00578,8,2
216,T,F,-0.3881,0.2381,8,2
216,T,G,-0.2318,0.135,9.5,2
216,T,H,0.2467,0.3288,5.5,2
216,T,I,0.119,0.01525,5.5,2
216,T,K,0.3025,0.073,1.5,2
216,T,L,-0.2207,0.08235,7.5,2
216,T,M,0.01257,0.008375,6,2
216,T,N,0.3181,0.1131,5,2
216,T,P,-0.06755,0.4367,5.5,2
216,T,Q,0.01272,0.00132,9,2
216,T,R,0.2646,0.2521,7,2
216,T,S,0.2574,0.1865,5.5,2
216,T,T,0,0,,2
216,T,V,0.057,0.1712,4.5,2
216,T,W,-0.133,0.1588,7.5,2
216,T,Y,0.2984,0.1396,6,2
217,E,*,-6,0,0.5,1
217,E,A,0.1658,0.1266,7.5,2
217,E,C,-0.2671,0.2725,6,2
217,E,D,0.3641,0.08115,3.5,2
217,E,E,0,0,,2
217,E,F,0.0391,0.2384,6,2
217,E,G,0.1361,0.2427,6.5,2
217,E,H,0.06684,0.01908,4.5,2
217,E,I,0.2568,0.2876,3,2
217,E,K,0.1878,0.1444,10,2
217,E,L,0.09448,0.1079,6,2
217,E,M,0.2995,0.0246,6,2
217,E,N,-0.1188,0.06161,11,2
217,E,P,0.2397,0.1633,4,2
217,E,Q,0.1312,0.4047,4,2
217,E,R,0.3837,0.176,4.5,2
217,E,S,0.1794,0.00155,3.5,2
217,E,T,0.08877,0.1405,5.5,2
217,E,V,-0.2255,0.4978,6,2
217,E,W,0.177,0.0657,6,2
217,E,Y,0.1631,0.01485,8.5,2
218,T,I,-0.4193,0,0.5,1
218,T,T,0,0,,2
219,L,L,0,0,,2
219,L,M,-0.05825,0,0.5,1
220,V,A,0.5047,0,0.5,1
220,V,V,0,0,,2
221,C,C,0,0,,2
221,C,F,0.7803,0,0.5,1
221,C,G,0.193,0,0.5,1
221,C,R,0.2155,0,1,1
221,C,S,0.5856,0,0.5,1
221,C,Y,0.3231,0.309,3,2
222,A,A,0,0,,2
222,A,S,-0.4542,0,0.5,1
222,A,V,-3.273,0,1,1
223,L,L,0,0,,2
223,L,M,-0.9003,0,0.5,1
223,L,P,0.1265,0,1.5,1
223,L,Q,-0.56,0,0.5,1
224,G,D,-0.893,0.0893,1.5,2
224,G,G,0,0,,2
224,G,S,0.1989,0.07885,1.5,2
225,L,I,0.2753,0,0.5,1
225,L,L,0,0,,2
226,A,A,0,0,,2
226,A,T,-1.018,2.33,1,2
226,A,V,-0.1504,0.2687,2,2
227,V,E,-1.421,0,1,1
227,V,M,-0.8147,0,0.5,1
227,V,V,0,0,,2
228,G,D,-0.3143,0.1015,3,2
228,G,G,0,0,,2
228,G,S,-0.2211,0.6417,1.5,2
229,I,I,0,0,,2
230,V,A,-0.2965,0.8605,1,2
230,V,M,0.07212,0.00734,3,2
230,V,V,0,0,,2
231,G,E,-0.2796,0.08685,7.5,2
231,G,G,0,0,,2
231,G,R,-6,0,0.5,1
231,G,W,0.3133,0,0.5,1
232,I,I,0,0,,2
232,I,N,-0.4346,0,1,1
232,I,V,1.032,0,0.5,1
233,V,E,-1.776,0.006,1,2
233,V,L,-3.064,0,1,1
233,V,M,0.08405,0.2127,1.5,2
233,V,V,0,0,,2
234,V,A,-0.007863,0,0.5,1
234,V,F,-0.4368,0,0.5,1
234,V,I,0.3114,0,0.5,1
234,V,V,0,0,,2
235,G,D,0.0454,0.3949,3.5,2
235,G,G,0,0,,2
235,G,S,-0.3665,0,1,1
236,T,S,0.1899,0,0.5,1
236,T,T,0,0,,2
237,I,I,0,0,,2
238,L,K,-0.4952,0,0.5,1
238,L,L,0,0,,2
238,L,M,-0.1852,0.00505,1.5,2
238,L,P,-0.4836,0.4246,2,2
239,I,I,0,0,,2
239,I,N,0.04093,0,0.5,1
239,I,V,0.2499,0,0.5,1
240,I,I,0,0,,2
240,I,M,0.1012,0,0.5,1
240,I,N,-0.298,0,0.5,1
240,I,T,0.3045,0,0.5,1
241,K,K,0,0,,2
241,K,R,0.1158,0.5965,1,2
242,A,A,0,0,,2
242,A,T,0.05816,0.1053,1,2
242,A,V,-0.0543,0.1613,1,2
243,M,I,0.2615,0.348,4.5,2
243,M,M,0,0,,2
243,M,T,-0.2736,0,0.5,1
244,K,*,-6,0,1,1
244,K,E,0.3672,0.188,1,2
244,K,K,0,0,,2
244,K,M,0.7284,0,0.5,1
244,K,R,-0.08762,0,0.5,1
245,M,I,-0.2329,0.2067,3,2
245,M,M,0,0,,2
246,N,D,-0.754,0,0.5,1
246,N,N,0,0,,2
246,N,T,-0.7017,0,0.5,1
247,N,K,0.3876,0.06535,1,2
247,N,N,0,0,,2
247,N,S,1.371,0,1,1
248,A,A,0,0,,2
248,A,D,-1.212,0,0.5,1
248,A,P,0.8981,0,0.5,1
248,A,T,-0.431,0.2584,1.5,2
249,R,G,-0.8316,0.3495,2,2
249,R,K,0.1647,0,1,1
249,R,R,0,0,,2
249,R,S,-0.3605,0,0.5,1
250,N,K,0.2833,0,0.5,1
250,N,N,0,0,,2
251,Q,*,-6,0,1,2
251,Q,Q,0,0,,2
251,Q,R,1.131,0,0.5,1
252,R,*,-6,0,0.5,1
252,R,G,-6,0,0.5,1
252,R,K,-1.924,1.281,2,2
252,R,R,0,0,,2
253,G,C,2.078,0,0.5,1
253,G,D,-2.543,0,0.5,1
253,G,G,0,0,,2
253,G,S,0.4726,0,0.5,1
254,L,L,0,0,,2
254,L,P,-2.023,0,0.5,1
255,L,L,0,0,,2
255,L,P,-2.052,0,0.5,1
256,G,*,-6,0,1,2
256,G,E,-1.569,0.0305,3.5,2
256,G,G,0,0,,2
256,G,R,0.7998,0.1856,5,2
256,G,V,1.305,0,0.5,1
257,S,R,0.7882,0,0.5,1
257,S,S,0,0,,2
258,G,D,-1.698,0.56,1,2
258,G,G,0,0,,2
258,G,S,-0.2131,0.7939,1,2
259,E,E,0,0,,2
259,E,G,0.4258,0,0.5,1
259,E,K,0.4883,0,0.5,1
260,G,C,-4.666,0,0.5,1
260,G,D,-1.231,0.6044,1.5,2
260,G,G,0,0,,2
260,G,R,-1.359,0,1,1
260,G,S,-1.905,0,0.5,1
261,R,P,-2.166,0.257,5,2
261,R,Q,-1.566,0,0.5,1
261,R,R,0,0,,2
261,R,W,-1.174,0,0.5,1
262,G,D,-1.426,0.335,4,2
262,G,G,0,0,,2
262,G,S,-1.572,0,0.5,1
263,S,N,-0.5128,0,0.5,1
263,S,R,-0.847,0,0.5,1
263,S,S,0,0,,2
264,L,L,0,0,,2
264,L,M,-3.211,1.289,1,2
264,L,P,-1.56,0.773,1.5,2
264,L,Q,-1.005,0,0.5,1
265,L,L,0,0,,2
266,T,I,-4.129,0,1,1
266,T,N,-0.8758,0,0.5,1
266,T,T,0,0,,2
267,C,*,-6,0,0.5,1
267,C,C,0,0,,2
267,C,F,-4.133,0,0.5,1
267,C,R,-1.691,0.0045,2.5,2
267,C,S,-0.534,0.3039,1,2
267,C,Y,-1.882,0.198,1.5,2
268,G,D,-1.929,0.366,1,2
268,G,G,0,0,,2
269,D,D,0,0,,2
269,D,E,-1.566,0.242,1,2
269,D,G,-5.678,0,0.5,1
269,D,H,-1.428,0,0.5,1
269,D,N,-1.289,0.2005,4,2
270,V,L,-2.217,0,0.5,1
270,V,M,-2.262,0.028,1.5,2
270,V,V,0,0,,2
271,E,E,0,0,,2
271,E,G,-6,0,0.5,1
271,E,K,-0.8871,0.352,1.5,2
272,E,D,-2.017,0,0.5,1
272,E,E,0,0,,2
272,E,G,-0.1936,0,0.5,1
272,E,K,-0.06918,0.07472,8,2
273,N,D,-0.9122,0,0.5,1
273,N,H,-1.056,0,0.5,1
273,N,N,0,0,,2
274,P,P,0,0,,2
274,P,S,-2.746,0,0.5,1
275,G,C,-2.962,0,0.5,1
275,G,D,-3.624,0,0.5,1
275,G,G,0,0,,2
275,G,S,-1.975,0,0.5,1
276,P,P,0,0,,2
277,M,I,-0.4517,0.6952,1.5,2
277,M,M,0,0,,2
277,M,T,-0.3138,0,0.5,1
278,G,D,0.08253,0.004835,4.5,2
278,G,G,0,0,,2
278,G,S,0.1996,0.6851,1.5,2
279,S,S,0,0,,2
279,S,Y,-2.013,0,0.5,1
280,G,D,-0.182,0.06205,2.5,2
280,G,G,0,0,,2
280,G,S,0.1309,0.0301,2,2
281,R,K,0.3379,0,1,1
281,R,R,0,0,,2
281,R,S,0.253,0,0.5,1
282,I,I,0,0,,2
283,L,L,0,0,,2
283,L,M,-0.2691,0,0.5,1
283,L,P,0.2257,0,0.5,1
283,L,Q,-1.268,0.1595,1,2
283,L,R,-0.7246,0,0.5,1
284,G,D,0.06396,0,0.5,1
284,G,G,0,0,,2
284,G,S,-0.09047,0.03503,3,2
285,A,A,0,0,,2
285,A,S,-0.1928,0,0.5,1
285,A,T,-0.411,0.5569,2.5,2
285,A,V,0.3781,0.1641,2.5,2
286,G,D,-0.7551,0.5898,1.5,2
286,G,G,0,0,,2
286,G,S,-0.5312,0,0.5,1
286,G,V,-0.3917,0,0.5,1
287,A,A,0,0,,2
287,A,G,0.64,0,0.5,1
287,A,T,0.04775,0.2211,1.5,2
287,A,V,0.2742,0,0.5,1
288,V,A,-0.7518,0.01015,1,2
288,V,E,-1.695,0,0.5,1
288,V,L,-0.3474,0,0.5,1
288,V,M,-0.2256,0.1886,2,2
288,V,V,0,0,,2
289,L,L,0,0,,2
289,L,P,-1.454,0,2,1
289,L,R,-0.5842,0,0.5,1
290,V,A,-0.2793,0,0.5,1
290,V,F,-0.02215,0.1754,1,2
290,V,I,0.02824,0.02093,2,2
290,V,V,0,0,,2
291,A,A,0,0,,2
291,A,T,-0.8648,0,0.5,1
292,L,L,0,0,,2
292,L,P,-1.304,0.175,3,2
293,V,I,0.8162,0,0.5,1
293,V,V,0,0,,2
294,V,M,-0.3773,0.0991,1.5,2
294,V,V,0,0,,2
295,L,F,-0.04765,0.1217,1.5,2
295,L,L,0,0,,2
295,L,P,-3.35,1.15,1,2
296,G,C,0.8444,0,0.5,1
296,G,D,-1.356,0,1,1
296,G,G,0,0,,2
296,G,S,-0.0233,0,1,1
296,G,V,-1.675,0,0.5,1
297,A,A,0,0,,2
297,A,D,-0.03969,0,0.5,1
297,A,T,0.5231,0,0.5,1
297,A,V,0.2412,0.6953,1,2
298,R,C,0.6659,0,0.5,1
298,R,H,0.2524,0.1055,1.5,2
298,R,R,0,0,,2
298,R,S,0.5343,0.1062,1,2
299,L,K,-0.7492,0,0.5,1
299,L,L,0,0,,2
299,L,M,0.3612,0,0.5,1
299,L,Q,-0.1152,0,1,1
300,A,A,0,0,,2
300,A,T,0.0419,0.3045,3.5,2
300,A,V,-0.2452,0.0935,2,2
301,G,A,-0.7569,0,1,1
301,G,C,-0.4164,0,0.5,1
301,G,D,0.2411,0,1.5,1
301,G,G,0,0,,2
301,G,S,0.8445,0.3935,1.5,2
301,G,V,-0.01322,0,0.5,1
302,G,A,0.2623,0.1332,7.5,2
302,G,C,-0.2999,0.06575,5.5,2
302,G,D,-3.401,0,5,2
302,G,E,-2.913,0.0405,5,2
302,G,F,-0.7847,0.3134,6,2
302,G,G,0,0,,2
302,G,H,-2.627,0.0105,8.5,2
302,G,I,-3.482,0,7,2
302,G,K,-3.371,0,6.5,2
302,G,L,-0.8085,0.01545,5,2
302,G,M,-0.9673,0.3916,5.5,2
302,G,N,-0.5462,0.0147,5.5,2
302,G,P,-0.7175,0.04545,4.5,2
302,G,Q,-0.7262,0.09645,7,2
302,G,R,-3.522,0,9.5,2
302,G,S,-0.124,0.03633,6,2
302,G,T,-0.1026,0.1056,10,2
302,G,V,-1.849,0.2755,11.5,2
302,G,W,-4.615,0,6.5,2
302,G,Y,-4.05,0,7.5,2
303,E,A,-0.02955,0.1197,8,2
303,E,C,0.1794,0.02375,8,2
303,E,D,-0.1186,0.209,6,2
303,E,E,0,0,,2
303,E,F,-0.1198,0.1327,6.5,2
303,E,G,-0.5706,0.2621,4.5,2
303,E,H,-0.3469,0.1947,3.5,2
303,E,I,0.01175,0.2117,8.5,2
303,E,K,-0.1669,0.1604,8.5,2
303,E,L,0.1271,0.05806,9.5,2
303,E,M,-0.0026,0.2961,4,2
303,E,N,0.01675,0.1342,8,2
303,E,P,-3.09,0.0785,9.5,2
303,E,Q,0.1161,0.1158,5,2
303,E,R,-0.00255,0.2649,8.5,2
303,E,S,-0.02285,0.1352,7.5,2
303,E,T,0.2429,0.00375,8,2
303,E,V,-0.05996,0.04663,4.5,2
303,E,W,-0.1858,0.1621,5.5,2
303,E,Y,-0.1346,0.3075,10.5,2
304,E,*,-6,0,0.5,1
304,E,A,-0.07465,0.2284,10,2
304,E,C,0.1476,0.02325,8,2
304,E,D,0.3301,0.0552,8,2
304,E,E,0,0,,2
304,E,F,-0.0497,0.03266,9,2
304,E,G,0.1748,0.1207,6,2
304,E,H,0.3469,0.1675,7,2
304,E,I,-0.02955,0.02709,10,2
304,E,K,0.07985,0.3962,11.5,2
304,E,L,-0.07325,0.03436,7,2
304,E,M,0.1191,0.1629,8.5,2
304,E,N,0.1299,0.3105,8.5,2
304,E,P,0.3402,0.1041,6.5,2
304,E,Q,-0.0964,0.021,9.5,2
304,E,R,0.0488,0.1708,6.5,2
304,E,S,0.0211,0.1959,5,2
304,E,T,0.06656,0.125,6.5,2
304,E,V,-0.02628,0.03555,4.5,2
304,E,W,-0.3659,0.07285,8,2
304,E,Y,-0.1484,0.2072,7,2
305,T,A,0.1434,0.09168,8.5,2
305,T,C,0.1485,0.2911,8,2
305,T,D,0.1755,0.07863,6,2
305,T,E,0.6296,0.2672,4,2
305,T,F,-0.02774,0.02629,6.5,2
305,T,G,0.2156,0.1445,5.5,2
305,T,H,-0.1645,0.1239,7,2
305,T,I,0.0671,0.2687,7.5,2
305,T,K,0.2234,0.3632,5.5,2
305,T,L,0.06385,0.04994,9.5,2
305,T,M,-0.2283,0.07045,4,2
305,T,N,-0.04785,0.1671,5.5,2
305,T,P,-0.6991,0.194,3.5,2
305,T,Q,-0.2433,0.0729,7,2
305,T,R,-0.1037,0.3071,10,2
305,T,S,0.3808,0.1815,6,2
305,T,T,0,0,,2
305,T,V,-0.3191,0.2109,7.5,2
305,T,W,0.1483,0.07952,7.5,2
305,T,Y,-0.02644,0.04992,3,2
306,K,A,-0.3799,0.3413,4,2
306,K,C,0.08664,0.03945,7,2
306,K,D,-0.4465,0.1428,5,2
306,K,E,-0.07336,0.006695,7.5,2
306,K,F,0.4395,0.5501,6.5,2
306,K,G,0.2049,0.0986,6.5,2
306,K,H,-0.4868,0.5222,5.5,2
306,K,I,-0.00867,0.05847,7,2
306,K,K,0,0,,2
306,K,L,-0.07512,0.05897,8,2
306,K,M,-0.5241,0.3735,4.5,2
306,K,N,0.0515,0.1676,9.5,2
306,K,P,0.09262,0.004755,8.5,2
306,K,Q,0.0437,0.2491,7,2
306,K,R,0.4249,0.06585,7,2
306,K,S,-0.0405,0.1395,6,2
306,K,T,0.0229,0.0784,5.5,2
306,K,V,-0.2944,0.1346,5.5,2
306,K,W,-0.3929,0.0822,4,2
306,K,Y,-0.00025,0.1381,8.5,2
307,G,A,0.2296,0.1532,5.5,2
307,G,C,-0.1211,0.2777,7.5,2
307,G,D,-0.1268,0.1607,10,2
307,G,E,-0.2874,0.1222,6,2
307,G,F,-0.01409,0.1049,8.5,2
307,G,G,0,0,,2
307,G,H,-0.2304,0.245,9.5,2
307,G,I,0.2681,0.1471,7.5,2
307,G,K,-0.409,0.1307,5,2
307,G,L,-0.3526,0.2526,8.5,2
307,G,M,-0.2073,0.3251,7,2
307,G,N,0.0765,0.1839,7.5,2
307,G,P,-0.1865,0.1094,11,2
307,G,Q,-0.6452,0.2555,7,2
307,G,R,-0.1919,0.1738,9,2
307,G,S,0.0345,0.1402,7,2
307,G,T,0.5922,0.3393,2.5,2
307,G,V,0.0582,0.2538,4,2
307,G,W,0.02185,0.3427,7,2
307,G,Y,-0.0181,0.3618,5,2
308,F,A,-1.487,0.167,7.5,2
308,F,C,-0.6434,0.3176,4.5,2
308,F,D,-4.393,0,2.5,2
308,F,E,-4.177,0,7,2
308,F,F,0,0,,2
308,F,G,-2.857,0.248,9.5,2
308,F,H,-1.284,0.088,9.5,2
308,F,I,-0.142,0.1291,9.5,2
308,F,K,-4.767,0,11,2
308,F,L,-0.2166,0.01625,11,2
308,F,M,-0.3174,0.0715,6,2
308,F,N,-2.871,0.128,10,2
308,F,P,-3.271,0,4.5,2
308,F,Q,-2.897,0.1015,5.5,2
308,F,R,-4.54,0,5.5,2
308,F,S,-2.331,0.501,6.5,2
308,F,T,-1.192,0.0075,6.5,2
308,F,V,-0.2717,0.2772,6.5,2
308,F,W,-0.5414,0.045,5.5,2
308,F,Y,-0.4116,0.2092,4,2
309,F,A,-0.147,0.1095,5.5,2
309,F,C,-0.494,0.1957,7.5,2
309,F,D,-0.0156,0.2848,6.5,2
309,F,E,-0.4616,0.05215,8.5,2
309,F,F,0,0,,2
309,F,G,-0.5968,0.0321,7.5,2
309,F,H,-0.00245,0.2136,6,2
309,F,I,-0.5537,0.1438,5,2
309,F,K,-2.537,0.002,6,2
309,F,L,-0.8939,0.3741,4.5,2
309,F,M,-0.4862,0.0407,8.5,2
309,F,N,-0.2641,0.1685,7,2
309,F,P,-6,0,6.5,2
309,F,Q,-0.1149,0.3942,7,2
309,F,R,-1.364,0.0175,7.5,2
309,F,S,-0.2477,0.3621,3,2
309,F,T,-0.5076,0.5524,4.5,2
309,F,V,-0.6475,0.2169,9.5,2
309,F,W,0.0797,0.06149,5,2
309,F,Y,-0.1657,0.0138,6.5,2
310,Q,*,-6,0,2.5,2
310,Q,A,0.07225,0.2783,5,2
310,Q,C,-0.2259,0.2633,9.5,2
310,Q,D,-0.6285,0.0028,6,2
310,Q,E,-0.1549,0.2223,7,2
310,Q,F,-0.2951,0.0366,6.5,2
310,Q,G,-1.941,0.125,5.5,2
310,Q,H,-0.241,0.1805,8,2
310,Q,I,-0.1936,0.06465,6.5,2
310,Q,K,-3.024,0.123,6.5,2
310,Q,L,-0.441,0.04875,9.5,2
310,Q,M,-0.1431,0.1294,7.5,2
310,Q,N,-0.8737,0.4064,6.5,2
310,Q,P,-6,0,9,2
310,Q,Q,0,0,,2
310,Q,R,-3.503,0,5.5,2
310,Q,S,0.1089,0.114,6.5,2
310,Q,T,-0.2487,0.4013,6.5,2
310,Q,V,-0.033,0.2017,6,2
310,Q,W,-2.713,0.171,10.5,2
310,Q,Y,-2.748,0.016,9,2
311,E,A,-0.351,0.1409,8,2
311,E,C,-0.6646,0.1072,6,2
311,E,D,-0.7225,0.2634,9,2
311,E,E,0,0,,2
311,E,F,-0.9121,0.473,7,2
311,E,G,-0.5653,0.019,5,2
311,E,H,-0.6652,0.1235,7.5,2
311,E,I,-0.5514,0.00585,7.5,2
311,E,K,-1.498,0.099,10.5,2
311,E,L,-1.214,0.0185,8.5,2
311,E,M,-0.07134,0.1273,8.5,2
311,E,N,-1.028,0.3922,6.5,2
311,E,P,-2.532,0.207,7.5,2
311,E,Q,-0.0087,0.2839,8.5,2
311,E,R,-0.9553,0.1737,4,2
311,E,S,0.0107,0.2414,6.5,2
311,E,T,-0.4397,0.1852,9.5,2
311,E,V,-0.1664,0.2453,6,2
311,E,W,-1.847,0.0445,7.5,2
311,E,Y,-0.8927,0.0041,6,2
312,M,A,0.1065,0.1414,7,2
312,M,C,-0.1651,0.052,8.5,2
312,M,D,-1.027,0.022,7,2
312,M,E,-0.4265,0.00395,9,2
312,M,F,-1.054,0.1,8.5,2
312,M,G,-0.6516,0.1396,4.5,2
312,M,H,-1.175,0.3883,3.5,2
312,M,I,-0.3721,0.0065,5.5,2
312,M,K,-4.179,0,4,2
312,M,L,0.143,0.4038,6,2
312,M,M,0,0,,2
312,M,N,-1.334,0.354,5.5,2
312,M,P,-6,0,7,2
312,M,Q,-0.3029,0.312,6,2
312,M,R,-3.095,0.1545,7,2
312,M,S,-0.1933,0.1475,6.5,2
312,M,T,0.2883,0.1034,3.5,2
312,M,V,0.7312,0.2508,3,2
312,M,W,-0.8483,0.08105,6.5,2
312,M,Y,-0.7966,0.1064,7.5,2
313,V,A,-0.1689,0.01535,9,2
313,V,C,-0.01869,0.06654,6.5,2
313,V,D,-3.767,0,10,2
313,V,E,-2.53,0.0385,9,2
313,V,F,-0.7591,0.0372,4,2
313,V,G,-2.399,0.279,6.5,2
313,V,H,-1.245,0.2783,5.5,2
313,V,I,-1.089,0.2764,4,2
313,V,K,-1.729,0.0335,8,2
313,V,L,-0.875,0.134,9,2
313,V,M,-0.1899,0.2539,3.5,2
313,V,N,-1.454,0.132,4.5,2
313,V,P,-6,0,5,2
313,V,Q,-1.582,0.116,9,2
313,V,R,-2.701,0.178,7,2
313,V,S,-0.2281,0.07045,4.5,2
313,V,T,-0.1462,0.08983,9,2
313,V,V,0,0,,2
313,V,W,-1.165,0.1668,6.5,2
313,V,Y,-0.6966,0.1116,7.5,2
314,A,A,0,0,,2
314,A,C,0.1227,0.09138,3,2
314,A,D,-0.3204,0.1252,8.5,2
314,A,E,-0.6065,0,2.5,1
314,A,F,-1.11,0.3834,5.5,2
314,A,G,0.1983,0.3035,4,2
314,A,H,0.1138,0.1027,8,2
314,A,I,-0.5553,0.2144,7,2
314,A,K,-0.0325,0.2119,5.5,2
314,A,L,-0.5029,0.0685,7.5,2
314,A,M,-0.1957,0.1092,5,2
314,A,N,0.2813,0.2003,8,2
314,A,P,-5.075,0,7.5,2
314,A,Q,-0.05895,0.4632,6.5,2
314,A,R,-0.2243,0.07935,7.5,2
314,A,S,0.2458,0.001,7,2
314,A,T,-0.1593,0.203,7.5,2
314,A,V,-0.0738,0.22,8,2
314,A,W,-1.22,0.1155,6.5,2
314,A,Y,-0.9122,0.2338,7.5,2
315,F,A,0.5281,0.0997,2.5,2
315,F,C,-0.6615,0.0073,8,2
315,F,D,-3.704,0,5.5,2
315,F,E,-2.929,0.2645,6.5,2
315,F,F,0,0,,2
315,F,G,0.1572,0.1624,5,2
315,F,H,-0.6252,0.1931,4.5,2
315,F,I,-1.071,0.0095,6.5,2
315,F,K,-1.737,0.094,5.5,2
315,F,L,-0.4726,0.1323,4.5,2
315,F,M,-0.3464,0.2249,4,2
315,F,N,-1.448,0.335,6,2
315,F,P,-3.601,0,8,2
315,F,Q,-1.786,0.1575,6.5,2
315,F,R,-1.345,0.0765,9,2
315,F,S,-0.648,0.0665,8.5,2
315,F,T,-1.19,0.114,5.5,2
315,F,V,-1.156,0.2582,4.5,2
315,F,W,-0.966,0.01175,10,2
315,F,Y,-0.5777,0.01375,6.5,2
316,E,A,-1.216,0.153,11.5,2
316,E,C,-1.815,0.099,8,2
316,E,D,-0.5148,0.0682,10,2
316,E,E,0,0,,2
316,E,F,-3.283,0,11,2
316,E,G,-1.943,0.159,4.5,2
316,E,H,-1.683,0.214,6.5,2
316,E,I,-2.351,0.107,8.5,2
316,E,K,-2.242,0.2705,10.5,2
316,E,L,-3.446,0,7.5,2
316,E,M,-2.529,0.0905,7,2
316,E,N,-2.087,0.1895,8.5,2
316,E,P,-6,0,11,2
316,E,Q,-0.6574,0.0766,5.5,2
316,E,R,-2.837,0.271,3.5,2
316,E,S,-0.5171,0.02005,5,2
316,E,T,-0.9693,0.1867,4.5,2
316,E,V,-1.982,0.1985,10,2
316,E,W,-4.626,0,7,2
316,E,Y,-2.089,0.147,9.5,2
317,C,A,-3.327,0,4,2
317,C,C,0,0,,2
317,C,D,-6,0,7.5,2
317,C,E,-6,0,5.5,2
317,C,F,-3.462,0,5.5,2
317,C,G,-5.853,0,5,2
317,C,H,-6,0,5,2
317,C,I,-1.848,0.049,5,2
317,C,K,-6,0,8,2
317,C,L,-2.969,0.206,9.5,2
317,C,M,-2.951,0.005,7.5,2
317,C,N,-6,0,8,2
317,C,P,-6,0,5.5,2
317,C,Q,-6,0,6.5,2
317,C,R,-6,0,9.5,2
317,C,S,-6,0,8,2
317,C,T,-4.744,0,7.5,2
317,C,V,-1.929,0.164,5,2
317,C,W,-5.773,0,4,2
317,C,Y,-4.282,0,6.5,2
318,H,A,-0.5235,0.2278,4,2
318,H,C,-0.495,0.01195,8,2
318,H,D,-0.4151,0.0031,11,2
318,H,E,-0.17,0.08884,5,2
318,H,F,-0.5343,0.1377,4.5,2
318,H,G,-1.135,0.1195,8.5,2
318,H,H,0,0,,2
318,H,I,-0.2658,0.06295,8.5,2
318,H,K,-0.4518,0.1008,9,2
318,H,L,-0.5616,0.02075,5,2
318,H,M,-0.4655,0.2612,7,2
318,H,N,-0.4316,0.09235,9.5,2
318,H,P,-5.669,0,7.5,2
318,H,Q,-0.2449,0.1344,4.5,2
318,H,R,-0.1442,0.1301,5.5,2
318,H,S,-0.2268,0.1225,3,2
318,H,T,-0.993,0.1099,6.5,2
318,H,V,-0.7545,0.0243,5,2
318,H,W,-0.2631,0.0569,5.5,2
318,H,Y,-0.2122,0.1331,3.5,2
319,Y,A,-1.626,0.371,5,2
319,Y,C,-1.235,0.0215,9,2
319,Y,D,-3.728,0,3.5,2
319,Y,E,-2.553,0.2935,8.5,2
319,Y,F,-0.4934,0.1037,5.5,2
319,Y,G,-1.623,0.1375,5.5,2
319,Y,H,-0.6126,0.1146,6,2
319,Y,I,-0.9476,0.07045,7.5,2
319,Y,K,-1.544,0.053,7.5,2
319,Y,L,-0.4329,0.082,9,2
319,Y,M,-0.5854,0.00415,8.5,2
319,Y,N,-1.723,0.098,6,2
319,Y,P,-2.921,0.0765,5,2
319,Y,Q,-1.595,0.1805,6,2
319,Y,R,-1.785,0.259,5,2
319,Y,S,-1.603,0.091,4,2
319,Y,T,-1.274,0.17,7,2
319,Y,V,-0.9331,0.0337,6,2
319,Y,W,-0.7228,0.02725,8.5,2
319,Y,Y,0,0,,2
320,L,A,-0.245,0.118,5,2
320,L,C,-0.0586,0.1818,4.5,2
320,L,D,0.1542,0.3359,10,2
320,L,E,0.1453,0.2183,6.5,2
320,L,F,0.1081,0.1869,3,2
320,L,G,-0.3447,0.1108,6.5,2
320,L,H,0.1522,0.1225,7,2
320,L,I,-0.01285,0.1983,6.5,2
320,L,K,-0.07544,0.007795,4.5,2
320,L,L,0,0,,2
320,L,M,-0.3114,0.204,6,2
320,L,N,0.03743,0.09767,7,2
320,L,P,0.2729,0.00135,6,2
320,L,Q,-0.03093,0.05323,10,2
320,L,R,0.1722,0.2444,9,2
320,L,S,0.0658,0.3526,4,2
320,L,T,-0.1119,0.05604,10,2
320,L,V,-0.1466,0.04963,8.5,2
320,L,W,-0.04358,0.08493,6.5,2
320,L,Y,-0.006185,0.08936,6,2
321,N,A,-0.5653,0.6857,5.5,2
321,N,C,-0.6369,0.2412,8,2
321,N,D,0.06362,0.1253,8,2
321,N,E,0.1215,0.1903,9,2
321,N,F,-0.3564,0.02005,8,2
321,N,G,0.1297,0.04852,9,2
321,N,H,-0.4316,0.0561,9.5,2
321,N,I,-0.8152,0.2278,7,2
321,N,K,-0.6913,0.00245,4.5,2
321,N,L,-0.4365,0.09895,7.5,2
321,N,M,-0.2615,0.1719,5,2
321,N,N,0,0,,2
321,N,P,0.2687,0.0352,4,2
321,N,Q,-0.1888,0.172,14,2
321,N,R,-0.4367,0.119,7.5,2
321,N,S,0.0659,0.3355,10.5,2
321,N,T,-0.5293,0.1491,7,2
321,N,V,-0.9277,0.1743,4,2
321,N,W,-0.4667,0.08635,5.5,2
321,N,Y,-0.5773,0.2466,3,2
322,G,*,-6,0,0.5,1
322,G,A,0.0487,0.312,5,2
322,G,C,-0.6855,0.2828,8.5,2
322,G,D,-0.0506,0.03869,7,2
322,G,E,-0.2482,0.02195,9.5,2
322,G,F,-0.09604,0.04165,13,2
322,G,G,0,0,,2
322,G,H,-0.3188,0.1333,8,2
322,G,I,-0.4169,0.06795,8.5,2
322,G,K,0.1432,0.2445,4,2
322,G,L,0.01408,0.09162,5,2
322,G,M,0.1845,0.08994,9,2
322,G,N,-0.2087,0.3272,6,2
322,G,P,-0.9934,0.0596,4.5,2
322,G,Q,-0.2095,0.0697,10.5,2
322,G,R,-0.1126,0.1062,11,2
322,G,S,-0.253,0.302,6,2
322,G,T,0.07449,0.08911,7.5,2
322,G,V,-0.06402,0.08498,9.5,2
322,G,W,-0.1487,0.213,5.5,2
322,G,Y,-0.2274,0.3692,5.5,2
323,T,A,0.255,0.3098,7,2
323,T,C,-0.9503,0.1398,7.5,2
323,T,D,-0.04465,0.1721,6,2
323,T,E,-0.6822,0.0197,7.5,2
323,T,F,-0.8249,0.569,4,2
323,T,G,-0.1404,0.1732,7.5,2
323,T,H,-0.1967,0.03365,8,2
323,T,I,-0.1552,0.3087,8.5,2
323,T,K,-0.1597,0.117,4,2
323,T,L,-0.0016,0.3021,9,2
323,T,M,-0.3253,0.3714,6.5,2
323,T,N,-0.5451,0.3873,6,2
323,T,P,0.048,0.04766,6.5,2
323,T,Q,-0.3116,0.071,8,2
323,T,R,-0.3133,0.0539,9,2
323,T,S,0.1671,0.02135,8,2
323,T,T,0,0,,2
323,T,V,-0.04661,0.05043,7.5,2
323,T,W,-0.4229,0.2916,5,2
323,T,Y,0.333,0.1679,4,2
324,E,A,0.07966,0.02874,6.5,2
324,E,C,-1.316,0.0555,10,2
324,E,D,-0.01655,0.125,6,2
324,E,E,0,0,,2
324,E,F,-0.5638,0.2915,6,2
324,E,G,-0.1929,0.2142,6.5,2
324,E,H,0.0317,0.1413,6.5,2
324,E,I,-0.01504,0.05275,5.5,2
324,E,K,-0.2852,0.07245,7.5,2
324,E,L,-0.4633,0.4017,4.5,2
324,E,M,-0.08962,0.09908,9.5,2
324,E,N,-0.07278,0.02012,8,2
324,E,P,0.3508,0.3245,6,2
324,E,Q,0.06115,0.2184,8,2
324,E,R,-0.1247,0.1897,7,2
324,E,S,0.264,0.4512,6.5,2
324,E,T,0.2238,0.2812,6.5,2
324,E,V,-0.6256,0.1167,4.5,2
324,E,W,-0.3728,0.3448,6,2
324,E,Y,0.04001,0.02278,8,2
325,Q,*,-6,0,4.5,2
325,Q,A,0.08965,0.1986,8,2
325,Q,C,-0.2405,0.3792,7.5,2
325,Q,D,-0.3277,0.165,4,2
325,Q,E,-0.1273,0.07676,7.5,2
325,Q,F,-0.2928,0.03835,9,2
325,Q,G,-0.2928,0.1517,5.5,2
325,Q,H,-0.0856,0.3152,6.5,2
325,Q,I,-0.2332,0.0307,7.5,2
325,Q,K,-0.1751,0.3624,4,2
325,Q,L,-0.6005,0.2823,5,2
325,Q,M,-0.5533,0.008,5.5,2
325,Q,N,0.4138,0.1259,7,2
325,Q,P,0.2785,0.0966,4,2
325,Q,Q,0,0,,2
325,Q,R,0.0075,0.1407,8.5,2
325,Q,S,0.276,0.2456,7,2
325,Q,T,-0.07795,0.03705,5,2
325,Q,V,0.02547,0.03689,11.5,2
325,Q,W,-0.2439,0.4711,6,2
325,Q,Y,0.01913,0.08657,10.5,2
326,V,A,-0.318,0.1209,7,2
326,V,C,-1.595,0.3635,8.5,2
326,V,D,-1.589,0.5265,6.5,2
326,V,E,-1.797,0.0775,8,2
326,V,F,-0.11,0.1157,6.5,2
326,V,G,-0.3783,0.1818,8,2
326,V,H,-0.1482,5e-05,7,2
326,V,I,0.2468,0.0642,8,2
326,V,K,-1.048,0.3447,6.5,2
326,V,L,0.04803,0.08137,4.5,2
326,V,M,0.1809,0.0446,10.5,2
326,V,N,-0.6608,0.2753,7,2
326,V,P,0.3032,0.2845,5,2
326,V,Q,0.1983,0.1304,6,2
326,V,R,-0.5117,0.09385,5,2
326,V,S,-0.2024,0.277,5.5,2
326,V,T,-0.1992,0.2008,7,2
326,V,V,0,0,,2
326,V,W,-0.5809,0.0557,10,2
326,V,Y,0.1454,0.05738,4.5,2
327,R,A,-0.6802,0.3468,6,2
327,R,C,-6,0,7,2
327,R,D,-2.114,0.086,9,2
327,R,E,-1.434,0.4519,6.5,2
327,R,F,-1.819,0.286,9,2
327,R,G,-1.415,0.2225,7,2
327,R,H,-0.05205,0.1833,10,2
327,R,I,-0.9484,0.1926,7,2
327,R,K,-0.06645,0.07215,3.5,2
327,R,L,-0.3243,0.1203,8.5,2
327,R,M,-0.7724,0.06855,8.5,2
327,R,N,-0.6761,0.1972,6,2
327,R,P,-5.559,0,7,2
327,R,Q,0.01443,0.02053,7.5,2
327,R,R,0,0,,2
327,R,S,-0.3296,0.1114,11.5,2
327,R,T,-0.502,0.00195,6.5,2
327,R,V,-0.8722,0.1139,7.5,2
327,R,W,-0.4297,0.0782,6.5,2
327,R,Y,-0.5422,0.2767,5,2
328,Y,*,-6,0,0.5,1
328,Y,A,0.2143,0.01075,4.5,2
328,Y,C,-1.161,0.0095,4.5,2
328,Y,D,-4.258,0,9.5,2
328,Y,E,-0.5285,0.2181,7.5,2
328,Y,F,-0.368,0.1562,6,2
328,Y,G,0.4469,0.3065,5,2
328,Y,H,-0.3308,0.0341,6,2
328,Y,I,-0.06635,0.07875,6.5,2
328,Y,K,0.1437,0.02085,8,2
328,Y,L,0.3691,0.3289,6.5,2
328,Y,M,-0.1015,0.04843,5.5,2
328,Y,N,-0.6421,0.00155,7.5,2
328,Y,P,-2.318,0.327,4.5,2
328,Y,Q,-0.1782,0.2865,5,2
328,Y,R,-0.8337,0.1199,8,2
328,Y,S,0.1308,0.1197,4.5,2
328,Y,T,0.04611,0.0488,6.5,2
328,Y,V,-0.07409,0.06601,7,2
328,Y,W,0.3564,0.09585,8.5,2
328,Y,Y,0,0,,2
329,L,A,0.2776,0.048,10.5,2
329,L,C,-0.1992,0.1066,5,2
329,L,D,-0.04785,0.3721,2.5,2
329,L,E,-0.348,0.0916,2.5,2
329,L,F,-0.1023,0.03507,9,2
329,L,G,-0.4835,0.2878,6,2
329,L,H,0.03145,0.2272,13,2
329,L,I,0.4464,0.2321,9,2
329,L,K,-0.3076,0.5397,4.5,2
329,L,L,0,0,,2
329,L,M,0.2371,0.1126,4.5,2
329,L,N,-0.04406,0.09184,4.5,2
329,L,P,-6,0,7.5,2
329,L,Q,0.1083,0.5292,9.5,2
329,L,R,0.009485,0.05035,8,2
329,L,S,0.2242,0.0527,5,2
329,L,T,0.06118,0.1323,5.5,2
329,L,V,-0.02142,0.04433,7,2
329,L,W,0.0264,0.1608,10,2
329,L,Y,0.3644,0.04545,7.5,2
330,V,A,0.1725,0.03345,7.5,2
330,V,C,-2.71,0.1245,8.5,2
330,V,D,-6,0,7.5,2
330,V,E,-1.864,0.0575,7,2
330,V,F,0.1057,0.01774,9.5,2
330,V,G,-2.875,0.006,7,2
330,V,H,-2.468,0.139,6,2
330,V,I,0.0977,0.1868,11,2
330,V,K,-1.641,0.2805,6,2
330,V,L,-0.09833,0.1158,6.5,2
330,V,M,-0.3846,0.0987,7,2
330,V,N,-2.697,0.2875,4.5,2
330,V,P,-6,0,7.5,2
330,V,Q,-0.5718,0.0147,9.5,2
330,V,R,-1.477,0.295,5.5,2
330,V,S,-0.3876,0.0097,6.5,2
330,V,T,-0.1209,0.4042,8.5,2
330,V,V,0,0,,2
330,V,W,0.2868,0.1532,7.5,2
330,V,Y,-1.778,0.3705,7,2
331,K,A,0.1077,0.04768,9,2
331,K,C,-3.194,0,5.5,2
331,K,D,-1.78,0.381,8.5,2
331,K,E,-0.9797,0.1123,7.5,2
331,K,F,-0.3954,0.00965,11.5,2
331,K,G,-0.9947,0.1194,7,2
331,K,H,-0.4425,0.2421,5.5,2
331,K,I,-1.735,0.002,7,2
331,K,K,0,0,,2
331,K,L,-0.5853,0.00195,13,2
331,K,M,-0.07213,0.08416,7,2
331,K,N,-0.2779,0.354,8.5,2
331,K,P,-6,0,8.5,2
331,K,Q,-0.1182,0.3604,5.5,2
331,K,R,-0.2216,0.0302,5.5,2
331,K,S,0.2876,0.0874,4.5,2
331,K,T,-0.08622,0.02278,6,2
331,K,V,-1.937,0.006,7.5,2
331,K,W,-1.272,0.135,9.5,2
331,K,Y,-0.031,0.1374,8,2
332,Y,*,-6,0,0.5,1
332,Y,A,-3.143,0.022,7.5,2
332,Y,C,-3.132,0.0255,8,2
332,Y,D,-6,0,8.5,2
332,Y,E,-6,0,5,2
332,Y,F,-1.017,0.101,9.5,2
332,Y,G,-5.25,0,8,2
332,Y,H,-1.153,0.5265,4.5,2
332,Y,I,-2.026,0.8775,5.5,2
332,Y,K,-1.513,0.272,6,2
332,Y,L,-1.195,0.2454,7.5,2
332,Y,M,-1.176,0.1997,9,2
332,Y,N,-3.116,0,9,2
332,Y,P,-6,0,5,2
332,Y,Q,-2.918,0.1945,9.5,2
332,Y,R,-1.531,0.2295,4.5,2
332,Y,S,-3.478,0,3,2
332,Y,T,-2.971,0.08,5.5,2
332,Y,V,-1.461,0.446,8,2
332,Y,W,-0.9836,0.2123,5,2
332,Y,Y,0,0,,2
333,I,A,-0.2964,0.3393,8.5,2
333,I,C,-0.1154,0.05919,6.5,2
333,I,D,-4.901,0,7.5,2
333,I,E,-2.659,0.004,7,2
333,I,F,-0.08685,0.3022,8.5,2
333,I,G,-0.6701,0.0718,6.5,2
333,I,H,-1.21,0,3,1
333,I,I,0,0,,2
333,I,K,-4.316,0,11.5,2
333,I,L,-0.1857,0.1864,6.5,2
333,I,M,0.1592,0.1286,5,2
333,I,N,-1.246,0.4529,5.5,2
333,I,P,-6,0,6.5,2
333,I,Q,-1.829,0.0045,5,2
333,I,R,-3.629,0,10.5,2
333,I,S,0.08375,0.1492,7.5,2
333,I,T,-0.04657,0.1417,7,2
333,I,V,-0.1018,0.245,4,2
333,I,W,-0.7959,0.6211,5.5,2
333,I,Y,0.0691,0.2392,5.5,2
334,H,A,-0.6084,0.06775,10.5,2
334,H,C,-0.2877,0.1125,8,2
334,H,D,-4.029,0,8.5,2
334,H,E,-3.009,0.021,5,2
334,H,F,-0.06752,0.1047,7,2
334,H,G,-0.6915,0.4665,4.5,2
334,H,H,0,0,,2
334,H,I,-2.484,0.0935,7,2
334,H,K,-2.075,0.5105,4.5,2
334,H,L,-1.276,0.0395,8,2
334,H,M,-0.4825,0.0489,5.5,2
334,H,N,-0.09626,0.07255,7,2
334,H,P,-6,0,7,2
334,H,Q,-1.124,0.13,9.5,2
334,H,R,-1.045,0.003,5.5,2
334,H,S,-0.7055,0.3165,7,2
334,H,T,-0.4964,0.1223,7.5,2
334,H,V,-2.181,0.1415,9.5,2
334,H,W,-0.36,0.4999,9,2
334,H,Y,-0.1876,0.1175,6,2
335,N,A,-1.409,0.008,9.5,2
335,N,C,-1.877,0.0945,5,2
335,N,D,-1.206,0.2071,11,2
335,N,E,-2.179,0.1035,7,2
335,N,F,-6,0,6.5,2
335,N,G,-0.4335,0.6335,2.5,2
335,N,H,-2.862,0.27,9,2
335,N,I,-4.66,0,9.5,2
335,N,K,-4.079,0,8,2
335,N,L,-3.097,0.057,7,2
335,N,M,-2.008,0.472,3,2
335,N,N,0,0,,2
335,N,P,-6,0,7.5,2
335,N,Q,-0.02954,0.08896,6.5,2
335,N,R,-3.973,0,10.5,2
335,N,S,-1.905,0.3965,4,2
335,N,T,-4.23,0,8,2
335,N,V,-4.537,0,3.5,2
335,N,W,-6,0,7,2
335,N,Y,-6,0,7,2
336,R,A,-0.04535,0.2168,10,2
336,R,C,-0.4189,0.167,7.5,2
336,R,D,-0.4334,0.1256,8.5,2
336,R,E,-1.345,0.123,6,2
336,R,F,-1.074,0.017,8.5,2
336,R,G,0.3963,0.112,5,2
336,R,H,0.004675,0.08991,8.5,2
336,R,I,-2.155,0.297,4.5,2
336,R,K,0.2094,0.3518,4,2
336,R,L,-0.7419,0.05315,7.5,2
336,R,M,-0.6498,0.03985,8.5,2
336,R,N,0.05163,0.04458,10.5,2
336,R,P,-6,0,7,2
336,R,Q,0.0481,0.01518,12,2
336,R,R,0,0,,2
336,R,S,-0.1484,0.0154,8,2
336,R,T,-0.08962,0.06118,6.5,2
336,R,V,-1.735,0.236,7.5,2
336,R,W,-1.809,0.0395,10.5,2
336,R,Y,-1.748,0.4025,7.5,2
337,Q,A,0.2733,0.2086,5,2
337,Q,C,0.0471,0.1855,10,2
337,Q,D,0.008,0.3404,7,2
337,Q,E,0.443,0.138,7,2
337,Q,F,0.1575,0.07382,7.5,2
337,Q,G,0.0085,0.1187,8,2
337,Q,H,-0.1046,0.3112,5.5,2
337,Q,I,0.06457,0.1161,6,2
337,Q,K,-0.189,0.0918,6.5,2
337,Q,L,-0.1211,0.06627,8,2
337,Q,M,0.116,0.07176,6,2
337,Q,N,-0.1065,0.04382,8,2
337,Q,P,-6,0,4,2
337,Q,Q,0,0,,2
337,Q,R,-0.2027,0.03265,7.5,2
337,Q,S,-3.75,0,6.5,2
337,Q,T,-3.62,0,7.5,2
337,Q,V,0.108,0.1682,7,2
337,Q,W,-0.3103,0.01895,8,2
337,Q,Y,-0.408,0.01845,11.5,2
338,Q,*,-6,0,2,2
338,Q,A,-0.3614,0.0142,2.5,2
338,Q,C,0.06389,0.05651,6,2
338,Q,D,-0.3465,0.2022,6.5,2
338,Q,E,0.1606,0.0847,9.5,2
338,Q,F,-1.892,0.321,8,2
338,Q,G,-0.8659,0.119,6,2
338,Q,H,-1.282,0.156,6.5,2
338,Q,I,0.09865,0.1206,10.5,2
338,Q,K,-1.393,0.387,7,2
338,Q,L,0.1884,0.1944,6,2
338,Q,M,0.2132,0.2295,10,2
338,Q,N,-0.2377,0.1177,11,2
338,Q,P,-0.2014,0.02365,8.5,2
338,Q,Q,0,0,,2
338,Q,R,-1.454,0.1215,9,2
338,Q,S,-0.01575,0.03749,7,2
338,Q,T,0.1651,0.0365,11,2
338,Q,V,-0.2302,0.0119,7.5,2
338,Q,W,-3.59,0,5,2
338,Q,Y,-1.76,0.265,6,2
339,D,A,0.206,0.1189,10.5,2
339,D,C,-0.3333,0.6294,4.5,2
339,D,D,0,0,,2
339,D,E,-0.3677,0.4143,6.5,2
339,D,F,0.372,0.2666,6.5,2
339,D,G,-0.1467,0.1396,6.5,2
339,D,H,0.06052,0.1237,11.5,2
339,D,I,-0.3036,0.24,9.5,2
339,D,K,-1.028,0.07275,9,2
339,D,L,-0.1265,0.2596,8.5,2
339,D,M,0.02775,0.3423,8,2
339,D,N,-0.1479,0.0232,5.5,2
339,D,P,-2.265,0.145,9.5,2
339,D,Q,0.1786,0.1937,6,2
339,D,R,-0.6688,0.02385,4,2
339,D,S,0.1771,0.1904,8.5,2
339,D,T,-0.1858,0.116,7,2
339,D,V,-0.2071,0.1029,7.5,2
339,D,W,-0.725,0.02615,7.5,2
339,D,Y,-0.524,0.01305,4.5,2
340,V,A,-0.2526,0.1164,7,2
340,V,C,-0.401,0.0861,5,2
340,V,D,-3.646,0.5365,4,2
340,V,E,-4.913,0,8.5,2
340,V,F,-0.4633,0.2576,7.5,2
340,V,G,-2.539,0.0745,8,2
340,V,H,-1.329,0.0535,9,2
340,V,I,-0.1062,0.2193,7.5,2
340,V,K,-1.151,0.4567,4,2
340,V,L,-0.6942,0.0594,6,2
340,V,M,-0.7923,0.05305,6,2
340,V,N,-2.223,0.1475,5,2
340,V,P,-6,0,5,2
340,V,Q,-2.403,0.557,5.5,2
340,V,R,-1.515,0.364,7,2
340,V,S,-0.8473,0.1442,7,2
340,V,T,-0.403,0.178,10.5,2
340,V,V,0,0,,2
340,V,W,-0.1388,0.09732,8,2
340,V,Y,-1.304,0.3148,4.5,2
341,H,A,-1.312,0.0125,5.5,2
341,H,C,-0.8336,0.0216,9,2
341,H,D,-5.988,0,6,2
341,H,E,-1.24,0.0085,9,2
341,H,F,-0.08245,0.1032,6,2
341,H,G,-1.831,0.0105,8.5,2
341,H,H,0,0,,2
341,H,I,-0.9087,0.2972,7.5,2
341,H,K,-1.51,0.2745,6.5,2
341,H,L,-0.6069,0.1233,5,2
341,H,M,-0.2581,0.4024,3.5,2
341,H,N,-1.349,0.118,3.5,2
341,H,P,-6,0,6,2
341,H,Q,-0.5466,0.3326,9.5,2
341,H,R,-1.606,0.3915,3.5,2
341,H,S,0.2487,0.2492,4,2
341,H,T,0.1171,0.2151,5.5,2
341,H,V,-0.321,0.089,7.5,2
341,H,W,-0.6219,0.1908,6,2
341,H,Y,-0.3996,0.1562,10.5,2
342,Y,A,-6,0,7.5,2
342,Y,C,-4.26,0,7.5,2
342,Y,D,-6,0,3.5,2
342,Y,E,-6,0,10.5,2
342,Y,F,-0.05206,0.05354,9.5,2
342,Y,G,-6,0,4,2
342,Y,H,-4.314,0,5.5,2
342,Y,I,-0.7378,0.2682,10,2
342,Y,K,-6,0,4,2
342,Y,L,-0.1766,0.0132,6.5,2
342,Y,M,-0.5253,0.0774,7,2
342,Y,N,-6,0,6.5,2
342,Y,P,-6,0,4,2
342,Y,Q,-6,0,4,2
342,Y,R,-6,0,6.5,2
342,Y,S,-6,0,4.5,2
342,Y,T,-6,0,7,2
342,Y,V,-3.196,0.0155,7.5,2
342,Y,W,-0.6722,0.2188,7,2
342,Y,Y,0,0,,2
343,D,A,-0.8257,0.0028,4.5,2
343,D,C,-0.9935,0.1845,4.5,2
343,D,D,0,0,,2
343,D,E,-1.299,0.4636,6.5,2
343,D,F,-3.155,0.0185,6.5,2
343,D,G,-3.301,0,11,2
343,D,H,-1.336,0.106,11,2
343,D,I,-2.745,0.048,8,2
343,D,K,-3.75,0,7.5,2
343,D,L,-2.549,0.11,7,2
343,D,M,-2.779,0.059,7.5,2
343,D,N,0.1539,0.1943,6,2
343,D,P,-6,0,7.5,2
343,D,Q,-2.29,0.2375,3.5,2
343,D,R,-2.61,0.017,8.5,2
343,D,S,-0.1934,0.4812,5,2
343,D,T,-1.088,0.2425,8.5,2
343,D,V,-2.814,0.1615,5.5,2
343,D,W,-2.966,0.153,4,2
343,D,Y,-2.247,0.0805,7.5,2
344,S,-,-6,0,1.5,1
344,S,A,-1.43,0.0275,4,2
344,S,C,-2.168,0.0145,9,2
344,S,D,-2.221,0.425,6.5,2
344,S,E,-3.878,0,5.5,2
344,S,F,-1.794,0.1425,9,2
344,S,G,-0.8851,0.2138,8.5,2
344,S,H,-1.949,0.4755,7,2
344,S,I,-3.045,0.005,6,2
344,S,K,-4.085,0,5.5,2
344,S,L,-3.085,0,4,2
344,S,M,-1.97,0.2015,7.5,2
344,S,N,-1.48,0.027,7.5,2
344,S,P,-2.338,0.2955,4.5,2
344,S,Q,-2.707,0.102,6.5,2
344,S,R,-3.104,0,10,2
344,S,S,0,0,,2
344,S,T,-0.5814,0.0068,8,2
344,S,V,-2.29,0.3585,7,2
344,S,W,-1.739,0.03,5.5,2
344,S,Y,-1.324,0.238,5.5,2
345,D,A,-0.1897,0.0687,7,2
345,D,C,-0.09587,0.03104,8.5,2
345,D,D,0,0,,2
345,D,E,0.04993,0.00326,7.5,2
345,D,F,0.04757,0.134,9,2
345,D,G,-0.0571,0.1783,6.5,2
345,D,H,-0.39,0.3486,5.5,2
345,D,I,-0.3402,0.5615,3.5,2
345,D,K,-0.09255,0.06196,5.5,2
345,D,L,-0.2143,0.0698,6.5,2
345,D,M,0.2823,0.1931,5.5,2
345,D,N,-0.0315,0.09929,7,2
345,D,P,-3.393,0,6.5,2
345,D,Q,0.03615,0.4545,5.5,2
345,D,R,0.1833,0.1413,7,2
345,D,S,0.1238,0.03046,7.5,2
345,D,T,-0.01106,0.09995,7.5,2
345,D,V,0.07239,0.1629,7.5,2
345,D,W,-0.08787,0.02043,10,2
345,D,Y,-0.1102,0.5637,4.5,2
346,V,A,0.0012,0.1391,5.5,2
346,V,C,0.1389,0.09173,9,2
346,V,D,-0.1485,0.0218,4.5,2
346,V,E,0.184,0.086,5.5,2
346,V,F,-0.04238,0.04378,7,2
346,V,G,-0.5254,0.2645,6.5,2
346,V,H,-0.08625,0.3921,5,2
346,V,I,-0.1358,0.3965,10.5,2
346,V,K,-0.2768,0.0483,6,2
346,V,L,-0.1842,0.1996,7,2
346,V,M,-0.4643,0.1563,7,2
346,V,N,-0.06426,0.05534,8,2
346,V,P,-0.3958,0.0876,5,2
346,V,Q,-0.2692,0.1254,6,2
346,V,R,-0.3116,0.04215,7.5,2
346,V,S,-0.6039,0.1012,8.5,2
346,V,T,-0.214,0.3808,5.5,2
346,V,V,0,0,,2
346,V,W,-0.2986,0.3671,9.5,2
346,V,Y,-0.1863,0.3437,8,2
347,G,A,-0.3471,0.2153,7,2
347,G,C,-1.135,0.0805,6.5,2
347,G,D,0.01265,0.1436,5,2
347,G,E,-0.1647,0.1043,6,2
347,G,F,-1.15,0.3998,7,2
347,G,G,0,0,,2
347,G,H,-0.3783,0.08155,7,2
347,G,I,-3.766,0,3,1
347,G,K,-0.4813,0.02255,9,2
347,G,L,-0.6493,0.4067,8,2
347,G,M,-0.574,0.3633,6,2
347,G,N,-0.1943,0.3219,7.5,2
347,G,P,-3.386,0,7.5,2
347,G,Q,-0.0356,0.1783,8.5,2
347,G,R,-0.2485,0.07485,5.5,2
347,G,S,-0.4092,0.1557,8,2
347,G,T,-1.352,0.0415,7.5,2
347,G,V,-3.301,0,5.5,2
347,G,W,-1.854,0.1665,4.5,2
347,G,Y,-1.342,0.265,7,2
348,H,A,-0.0791,0.193,7.5,2
348,H,C,0.3482,0.2211,7.5,2
348,H,D,0.1251,0.3039,8,2
348,H,E,0.1824,0.0182,9,2
348,H,F,-0.0709,0.0689,6.5,2
348,H,G,-0.1777,0.0866,4.5,2
348,H,H,0,0,,2
348,H,I,-0.3333,0.1683,8.5,2
348,H,K,0.08763,0.01627,8,2
348,H,L,0.09234,0.1493,5.5,2
348,H,M,-0.1555,0.07947,10,2
348,H,N,0.1132,0.1284,5.5,2
348,H,P,-5.335,0,8,2
348,H,Q,-0.151,0.03255,6,2
348,H,R,0.05555,0.317,7.5,2
348,H,S,-0.2223,0.1328,8,2
348,H,T,0.06995,0.09874,5,2
348,H,V,0.1008,0.01747,8,2
348,H,W,-0.3682,0.016,7,2
348,H,Y,-0.2016,0.1696,6,2
349,Y,A,-1.716,0.2705,6,2
349,Y,C,-2.764,0.0085,6.5,2
349,Y,D,-6,0,3,2
349,Y,E,-6,0,4.5,2
349,Y,F,0.2708,0.1774,5,2
349,Y,G,-6,0,7.5,2
349,Y,H,-1.357,0.2805,6,2
349,Y,I,-2.32,0.5255,4,2
349,Y,K,-6,0,5.5,2
349,Y,L,-1.978,0.1865,7,2
349,Y,M,-0.4219,0.07165,8,2
349,Y,N,-4.131,0,6,2
349,Y,P,-4.769,0,6,2
349,Y,Q,-6,0,5,2
349,Y,R,-6,0,5.5,2
349,Y,S,-4.33,0,5,2
349,Y,T,-4.713,0,5,2
349,Y,V,-2.188,0.1785,4.5,2
349,Y,W,0.2074,0.2836,10,2
349,Y,Y,0,0,,2
350,V,A,-0.1709,0.439,7,2
350,V,C,0.2034,0.0045,6.5,2
350,V,D,-0.8505,0.1585,5.5,2
350,V,E,-0.3631,0.2352,4.5,2
350,V,F,-0.4456,0.1212,6.5,2
350,V,G,-2.061,0.24,4.5,2
350,V,H,-0.5471,0.2511,4,2
350,V,I,-0.1091,0.1915,5.5,2
350,V,K,-0.03935,0.162,5.5,2
350,V,L,-0.2193,0.0496,10,2
350,V,M,-0.1024,0.0337,10,2
350,V,N,-0.5888,0.1383,5,2
350,V,P,-6,0,7,2
350,V,Q,-0.1245,0.1631,6.5,2
350,V,R,-0.3352,0.2174,4.5,2
350,V,S,-0.06805,0.2309,7.5,2
350,V,T,0.2253,0.1183,5.5,2
350,V,V,0,0,,2
350,V,W,-0.8739,0.3112,6.5,2
350,V,Y,-0.1534,0.159,9.5,2
351,A,A,0,0,,2
351,A,C,-0.8262,0.3228,7.5,2
351,A,D,-1.001,0.2569,10,2
351,A,E,-0.1916,0.09648,5.5,2
351,A,F,-0.3159,0.0419,3.5,2
351,A,G,-0.07245,0.1856,10,2
351,A,H,0.2951,0.08795,6,2
351,A,I,-0.9484,0.2676,9.5,2
351,A,K,-2.109,0.1825,3.5,2
351,A,L,-3.01,0.036,6.5,2
351,A,M,-1.325,0.1765,7.5,2
351,A,N,-0.5319,0.1682,5,2
351,A,P,0.5601,0.3816,2.5,2
351,A,Q,-0.9243,0.0383,7,2
351,A,R,-2.072,0.152,7,2
351,A,S,-0.01961,0.09849,6.5,2
351,A,T,-0.9911,0.1339,10,2
351,A,V,-0.9769,0.114,10.5,2
351,A,W,0.03562,0.06364,11,2
351,A,Y,0.5414,0.2001,6.5,2
352,D,A,-1.359,0.123,8.5,2
352,D,C,-1.768,0.0555,9.5,2
352,D,D,0,0,,2
352,D,E,-0.7369,0.0551,4,2
352,D,F,-2.016,0.0245,9,2
352,D,G,-1.196,0.1755,5,2
352,D,H,-1.963,0.2875,6.5,2
352,D,I,-1.518,0.1405,6.5,2
352,D,K,-2.306,0.219,5.5,2
352,D,L,-0.8056,0.1973,7,2
352,D,M,-1.152,0.122,9.5,2
352,D,N,-0.4521,0.1143,12,2
352,D,P,-4.604,0,4.5,2
352,D,Q,-1.215,0.206,4.5,2
352,D,R,-3.116,0,6.5,2
352,D,S,-0.7567,0.07655,9.5,2
352,D,T,-0.274,0.0284,5,2
352,D,V,-1.51,0.169,6.5,2
352,D,W,-2.923,0.015,10.5,2
352,D,Y,-2.163,0.2095,8.5,2
353,T,A,-0.4806,0.1395,9.5,2
353,T,C,-0.3376,0.1952,5.5,2
353,T,D,-0.2512,0.01675,5.5,2
353,T,E,-0.7962,0.05545,6,2
353,T,F,-2.391,0.0475,6.5,2
353,T,G,-0.6004,0.3443,9.5,2
353,T,H,0.4465,0.1265,10,2
353,T,I,-1.474,0.0235,7.5,2
353,T,K,-1.391,0.0285,9.5,2
353,T,L,-0.9338,0.0802,6.5,2
353,T,M,-0.9262,0.06525,7,2
353,T,N,0.06939,0.07791,9,2
353,T,P,-6,0,7.5,2
353,T,Q,-0.3166,0.2371,8,2
353,T,R,-0.3812,0.3585,8,2
353,T,S,0.2505,0.08785,6,2
353,T,T,0,0,,2
353,T,V,-1.204,0.0485,7,2
353,T,W,-1.692,0.0975,8.5,2
353,T,Y,-1.876,0.241,5,2
354,E,A,0.0905,0.0472,9,2
354,E,C,-0.2147,0.1533,8.5,2
354,E,D,0.03702,0.1028,9.5,2
354,E,E,0,0,,2
354,E,F,-0.04525,0.1491,6,2
354,E,G,0.0768,0.04571,12,2
354,E,H,0.3627,0.2451,4.5,2
354,E,I,0.107,0.2137,12,2
354,E,K,-0.0051,0.1543,7,2
354,E,L,0.4265,0.2948,5.5,2
354,E,M,-0.0565,0.3183,8.5,2
354,E,N,0.1407,0.2717,7.5,2
354,E,P,-0.1077,0.1134,6.5,2
354,E,Q,0.05734,0.1088,6,2
354,E,R,0.2092,0.06645,9.5,2
354,E,S,0.1469,0.1428,8.5,2
354,E,T,0.1267,0.1663,10.5,2
354,E,V,0.1951,0.3719,5.5,2
354,E,W,-0.02665,0.1637,8,2
354,E,Y,0.0928,0.3112,5.5,2
355,L,A,-0.31,0.1648,7,2
355,L,C,-0.189,0.319,9.5,2
355,L,D,-0.2661,0.0032,10,2
355,L,E,-0.03275,0.1368,4.5,2
355,L,F,0.4114,0.0453,8.5,2
355,L,G,-0.1396,0.1065,4,2
355,L,H,-0.00135,0.1594,9.5,2
355,L,I,-0.2543,0.1398,8.5,2
355,L,K,-0.3703,0.2322,7,2
355,L,L,0,0,,2
355,L,M,-0.1783,0.0018,10.5,2
355,L,N,0.0688,0.3695,6,2
355,L,P,-0.6299,0.1577,10,2
355,L,Q,-0.0589,0.1874,5.5,2
355,L,R,0.1625,0.1636,4.5,2
355,L,S,-0.279,0.0656,6,2
355,L,T,-0.4149,0.0413,5.5,2
355,L,V,-0.2192,0.192,7.5,2
355,L,W,0.1045,0.1318,7.5,2
355,L,Y,0.3052,0.3605,11,2
356,G,A,-0.7187,0.0405,4.5,2
356,G,C,-1.375,0.2605,11.5,2
356,G,D,-6,0,10.5,2
356,G,E,-6,0,7,2
356,G,F,-2.05,0.2585,8.5,2
356,G,G,0,0,,2
356,G,H,-4.599,0,10,2
356,G,I,-5.294,0,13.5,2
356,G,K,-4.209,0,8,2
356,G,L,-2.139,0.1315,15.5,2
356,G,M,-1.377,0.037,7,2
356,G,N,-3.31,0,9,2
356,G,P,-6,0,4,2
356,G,Q,-4.798,0,6,2
356,G,R,-1.667,0.1165,11.5,2
356,G,S,-1.361,0.073,9.5,2
356,G,T,-2.58,0.2245,7,2
356,G,V,-3.857,0,7.5,2
356,G,W,-2.606,0.093,6,2
356,G,Y,-2.689,0.2015,10.5,2
357,K,A,0.1611,0.1406,6.5,2
357,K,C,0.08363,0.08057,9,2
357,K,D,-0.222,0.02625,10.5,2
357,K,E,-0.03022,0.02089,5,2
357,K,F,-0.1577,0.2592,9,2
357,K,G,-0.3632,0.05725,10.5,2
357,K,H,-0.1159,0.06028,9.5,2
357,K,I,0.1404,0.07828,7,2
357,K,K,0,0,,2
357,K,L,-0.4991,0.322,5.5,2
357,K,M,-0.1313,0.141,7,2
357,K,N,-0.2311,0.08995,6.5,2
357,K,P,-4.407,0,7.5,2
357,K,Q,-0.3095,0.5612,4.5,2
357,K,R,0.1112,0.06796,8.5,2
357,K,S,-0.05135,0.1744,6.5,2
357,K,T,0.07082,0.08648,10,2
357,K,V,0.04656,0.1165,8,2
357,K,W,-0.2355,0.1514,10,2
357,K,Y,-0.03243,0.04288,9.5,2
358,P,A,-0.6832,0.2705,5,2
358,P,C,0.0974,0.4618,8,2
358,P,D,-0.1419,0.07574,6.5,2
358,P,E,-0.3326,0.04175,4.5,2
358,P,F,-0.2116,0.0033,6,2
358,P,G,-0.2561,0.04585,5.5,2
358,P,H,-0.0331,0.2011,7.5,2
358,P,I,-0.034,0.2423,7,2
358,P,K,0.2916,0.3593,8.5,2
358,P,L,0.3764,0.3381,4.5,2
358,P,M,-0.29,0.0356,8.5,2
358,P,N,0.0016,0.2118,8,2
358,P,P,0,0,,2
358,P,Q,0.0066,0.116,6.5,2
358,P,R,0.7694,0.2856,5.5,2
358,P,S,-0.1974,0.284,8,2
358,P,T,0.1277,0.1762,8,2
358,P,V,0.4975,0.5125,5,2
358,P,W,0.02343,0.02593,7,2
358,P,Y,0.2883,0.05425,7,2
359,D,A,-0.9702,0.1588,5.5,2
359,D,C,-1.07,0.1943,5.5,2
359,D,D,0,0,,2
359,D,E,-0.6783,0.283,4.5,2
359,D,F,-1.095,0.2006,8,2
359,D,G,-0.9616,0.3065,9,2
359,D,H,-0.758,0.1482,7,2
359,D,I,-0.9802,0.1148,6,2
359,D,K,-1.216,0.0685,4.5,2
359,D,L,-0.9855,0.2164,6,2
359,D,M,-1.014,0.1472,6.5,2
359,D,N,-0.252,0.206,6,2
359,D,P,-0.7699,0.1632,5,2
359,D,Q,-0.9375,0.4656,4,2
359,D,R,-0.6456,0.1835,6.5,2
359,D,S,-0.88,0.0839,4.5,2
359,D,T,-0.9116,0.1485,8,2
359,D,V,-0.8367,0.3103,7,2
359,D,W,-0.8265,0.01805,10,2
359,D,Y,-0.7827,0.2853,8.5,2
360,A,A,0,0,,2
360,A,C,-0.4798,0.286,6,2
360,A,D,-3.885,0,7.5,2
360,A,E,-0.3713,0.1212,7,2
360,A,F,-3.679,0,8.5,2
360,A,G,-1.655,0.1225,7,2
360,A,H,-3.535,0,9,2
360,A,I,-1.404,0.204,6,2
360,A,K,-1.787,0.092,4,2
360,A,L,-2.433,0.0665,6,2
360,A,M,0.06545,0.07445,8.5,2
360,A,N,-3.593,0,4.5,2
360,A,P,-4.653,0,11,2
360,A,Q,-0.311,0.1358,8,2
360,A,R,-0.692,0.2957,7.5,2
360,A,S,-0.1133,0.238,6,2
360,A,T,-0.7046,0.1383,6,2
360,A,V,-0.04846,0.1349,13.5,2
360,A,W,-4.556,0,7.5,2
360,A,Y,-3.853,0,7,2
361,D,A,-0.2594,0.1497,7,2
361,D,C,-0.6994,0.0968,10.5,2
361,D,D,0,0,,2
361,D,E,-0.06214,0.0039,7,2
361,D,F,-0.1802,0.0735,5.5,2
361,D,G,-1.089,0.5798,5,2
361,D,H,-0.0651,0.261,7,2
361,D,I,-0.3323,0.2482,7,2
361,D,K,0.14,0.1029,7.5,2
361,D,L,0.07977,0.1528,5.5,2
361,D,M,-0.3368,0.8992,5,2
361,D,N,0.00715,0.2269,9,2
361,D,P,-3.109,0,5.5,2
361,D,Q,-0.04595,0.2232,8.5,2
361,D,R,-0.1153,0.1362,6,2
361,D,S,-0.1306,0.04494,5,2
361,D,T,0.0718,0.1581,10,2
361,D,V,-0.0901,0.1704,6.5,2
361,D,W,-0.09228,0.1129,9,2
361,D,Y,0.00245,0.1861,9,2
362,Y,A,-0.4713,0.1137,4.5,2
362,Y,C,-0.6499,0.018,6.5,2
362,Y,D,-0.7901,0.1263,7.5,2
362,Y,E,-0.5382,0.1857,5.5,2
362,Y,F,0.2394,0.1282,9.5,2
362,Y,G,-0.5508,0.02655,6,2
362,Y,H,-0.2669,0.311,6.5,2
362,Y,I,-0.00649,0.03751,4.5,2
362,Y,K,-0.8033,0.2188,4,2
362,Y,L,-0.3075,0.154,5.5,2
362,Y,M,0.00905,0.1794,12,2
362,Y,N,-0.6777,0.0203,10,2
362,Y,P,-5.546,0,9.5,2
362,Y,Q,-0.6799,0.677,4.5,2
362,Y,R,-0.2158,0.1872,6.5,2
362,Y,S,-0.3965,0.188,5.5,2
362,Y,T,-0.2993,0.0028,9,2
362,Y,V,-0.4215,0.2037,9.5,2
362,Y,W,-0.04069,0.1243,8,2
362,Y,Y,0,0,,2
363,W,*,-6,0,8.5,2
363,W,A,-1.503,0.038,8,2
363,W,C,-2.022,0.3025,6,2
363,W,D,-6,0,9,2
363,W,E,-5.844,0,9.5,2
363,W,F,-0.7653,0.07765,9,2
363,W,G,-2.347,0.4825,6,2
363,W,H,-2.087,0.056,6,2
363,W,I,-2.548,0.0435,8,2
363,W,K,-2.061,0.0645,4,2
363,W,L,-1.012,0.1819,8.5,2
363,W,M,-1.049,0.0732,4.5,2
363,W,N,-4.992,0,7,2
363,W,P,-6,0,8,2
363,W,Q,-2.31,0.072,8,2
363,W,R,-1.89,0.136,10.5,2
363,W,S,-3.109,0.1755,6,2
363,W,T,-5.152,0,7,2
363,W,V,-3.122,0.0185,7.5,2
363,W,W,0,0,,2
363,W,Y,-0.8938,0.1163,4,2
364,N,-,-6,0,0.5,1
364,N,A,-2.977,0.025,9.5,2
364,N,C,-4.131,0,5.5,2
364,N,D,-0.6724,0.1073,7.5,2
364,N,E,-0.512,0.1163,5.5,2
364,N,F,-4.42,0,7.5,2
364,N,G,-2.784,0.22,6,2
364,N,H,-3.292,0,5,2
364,N,I,-4.623,0,5,2
364,N,K,-3.857,0,10,2
364,N,L,-4.111,0,8,2
364,N,M,-2.763,0.0425,9,2
364,N,N,0,0,,2
364,N,P,-5.947,0,7.5,2
364,N,Q,-2.78,0.225,7.5,2
364,N,R,-3.792,0,6.5,2
364,N,S,-1.526,0.2585,12,2
364,N,T,-2.715,0.2875,4,2
364,N,V,-4.786,0,8.5,2
364,N,W,-3.684,0,6,2
364,N,Y,-4.716,0,11.5,2
365,S,A,-0.4061,0.3661,5,2
365,S,C,-0.2608,0.036,11.5,2
365,S,D,-0.0386,0.04105,7,2
365,S,E,-0.2268,0.1018,6,2
365,S,F,-0.2651,0.03805,9,2
365,S,G,0.09953,0.1601,9.5,2
365,S,H,0.09265,0.455,4,2
365,S,I,-0.4653,0.4231,8,2
365,S,K,-0.06803,0.02189,6,2
365,S,L,-0.06284,0.03434,12,2
365,S,M,-0.0947,0.1534,6.5,2
365,S,N,-0.02253,0.00508,4,2
365,S,P,-3.41,0,6,2
365,S,Q,-0.08892,0.04828,7,2
365,S,R,0.09225,0.12,9.5,2
365,S,S,0,0,,2
365,S,T,0.01748,0.007561,7,2
365,S,V,-0.1042,0.3111,6.5,2
365,S,W,-0.5726,0.3598,8,2
365,S,Y,-0.4693,0.0417,13.5,2
366,Q,A,-0.2438,0.1187,4.5,2
366,Q,C,-0.0503,0.3772,4.5,2
366,Q,D,-0.04007,0,4,1
366,Q,E,0.07001,0.07079,5.5,2
366,Q,F,-0.07673,0.09097,9,2
366,Q,G,-0.0659,0.3422,3.5,2
366,Q,H,-0.1816,0.2316,7.5,2
366,Q,I,-0.1715,0.01575,8,2
366,Q,K,-0.142,0.329,10.5,2
366,Q,L,-0.05815,0.2691,5.5,2
366,Q,M,0.143,0.09035,8,2
366,Q,N,0.191,0.1772,5.5,2
366,Q,P,-1.953,0.094,10.5,2
366,Q,Q,0,0,,2
366,Q,R,-0.00855,0.1464,3.5,2
366,Q,S,0.0676,0.5049,6,2
366,Q,T,-0.2435,0.3552,7,2
366,Q,V,-0.0723,0.3616,5.5,2
366,Q,W,-0.8176,1.206,5.5,2
366,Q,Y,-0.2213,0.0465,7.5,2
367,P,A,-0.1656,0.1254,3.5,2
367,P,C,-0.364,0.1898,6.5,2
367,P,D,-0.2116,0.406,5,2
367,P,E,-0.6352,0.5188,2,2
367,P,F,-0.4615,0.0461,7,2
367,P,G,-0.1205,0.2979,6,2
367,P,H,0.2289,0.185,3.5,2
367,P,I,-0.4753,0.383,7.5,2
367,P,K,-1.027,0.4784,3,2
367,P,L,-0.6297,0.2021,6.5,2
367,P,M,-0.7912,0.3159,4.5,2
367,P,N,-0.0339,0.1998,4.5,2
367,P,P,0,0,,2
367,P,Q,-0.2274,0.00725,6.5,2
367,P,R,-0.2065,0.2964,5.5,2
367,P,S,-0.2129,0.1602,4,2
367,P,T,-0.0731,0.2364,3,2
367,P,V,0.1301,0.3024,3.5,2
367,P,W,-0.4568,0.4438,7.5,2
367,P,Y,-0.08915,0.3166,5.5,2
368,E,*,-6,0,0.5,1
368,E,A,-0.3791,0.1122,2,2
368,E,C,-0.1941,0,1.5,1
368,E,D,-0.0897,0.3206,3.5,2
368,E,E,0,0,,2
368,E,F,-0.2979,0.0377,5.5,2
368,E,G,0.6658,0.0168,2,2
368,E,H,-0.6234,0.4296,2,2
368,E,I,-0.1902,0.2713,3.5,2
368,E,K,0.1781,0.2256,8,2
368,E,L,-0.1588,0.03695,4.5,2
368,E,M,-0.05309,0.06181,5,2
368,E,N,-0.3179,0.045,2.5,2
368,E,P,-0.5681,0.1192,1.5,2
368,E,Q,0.2199,0.0808,2.5,2
368,E,R,-0.2062,0.1852,3,2
368,E,S,-0.05705,0.3236,4.5,2
368,E,T,-0.03928,0.06452,7,2
368,E,V,-0.3059,0.2767,6,2
368,E,W,-0.1721,0.1052,3.5,2
368,E,Y,0.2759,0,1,1
369,E,A,-0.673,0.0196,3.5,2
369,E,C,-0.2643,0.2292,5,2
369,E,D,-0.5429,0.1191,7,2
369,E,E,0,0,,2
369,E,F,-0.29,0.1921,3,2
369,E,G,-0.3026,0.2739,5,2
369,E,H,-0.8216,0.1709,3,2
369,E,I,-0.7369,0.1987,3.5,2
369,E,K,-0.7332,0.0594,12.5,2
369,E,L,-0.1276,0.1938,2.5,2
369,E,M,-0.6357,0.1183,3.5,2
369,E,N,-0.4326,0.0775,7,2
369,E,P,-1.029,0.5982,6,2
369,E,Q,-1.316,0.7181,3,2
369,E,R,-0.6459,0.00695,2.5,2
369,E,S,-0.7335,0.1403,4,2
369,E,T,-0.7346,0.07875,3,2
369,E,V,-0.3584,0.1419,3.5,2
369,E,W,-0.3827,0.0787,7.5,2
369,E,Y,-0.4385,0.3673,6,2
370,K,A,0.3705,0.1184,5.5,2
370,K,C,-0.05735,0.2134,3,2
370,K,D,-0.3844,0.2084,4.5,2
370,K,E,0.29,0.00015,4.5,2
370,K,F,-0.4153,0.09815,7,2
370,K,G,0.1527,0.02815,4.5,2
370,K,H,0.1886,0.2781,7.5,2
370,K,I,-0.3357,0.1099,6,2
370,K,K,0,0,,2
370,K,L,-0.4451,0.303,5,2
370,K,M,-0.3836,0.0584,5,2
370,K,N,-0.2948,0.132,4.5,2
370,K,P,-0.09616,0.1661,4.5,2
370,K,Q,-0.2182,0.02455,7.5,2
370,K,R,-0.0005,0.169,7,2
370,K,S,-0.06855,0.3708,7,2
370,K,T,0.2265,0.379,5.5,2
370,K,V,-0.2459,0.0258,3,2
370,K,W,0.08986,0.1845,6.5,2
370,K,Y,-0.1607,0.1864,5,2
371,E,*,-5.946,0,1,2
371,E,A,-0.2049,0.1583,6,2
371,E,C,-0.2265,0.0229,8.5,2
371,E,D,-0.00045,0.2565,5.5,2
371,E,E,0,0,,2
371,E,F,-0.3282,0.2029,5,2
371,E,G,0.006625,0.09202,5,2
371,E,H,-0.3718,0.2745,8,2
371,E,I,-0.2852,0.47,6,2
371,E,K,-0.0194,0.1439,10,2
371,E,L,-0.4849,0.096,6,2
371,E,M,-0.4151,0.00825,7.5,2
371,E,N,-0.0149,0.1246,5,2
371,E,P,-0.2549,0.1535,5,2
371,E,Q,0.037,0.6385,6,2
371,E,R,-0.8221,0.663,4.5,2
371,E,S,-0.3397,0.1403,7,2
371,E,T,-0.2195,0.3139,8,2
371,E,V,-0.2316,0.0935,6,2
371,E,W,-0.4761,0.3905,7.5,2
371,E,Y,-0.2552,0.223,6.5,2
372,R,A,-0.4619,0.022,3.5,2
372,R,C,-0.6812,0.04325,5,2
372,R,D,-0.6023,0.1208,6,2
372,R,E,-0.3725,0.08855,2,2
372,R,F,-1.111,0.297,4,2
372,R,G,-1.01,0.1999,3.5,2
372,R,H,-0.5111,0.02395,5.5,2
372,R,I,-0.6237,0.0823,6,2
372,R,K,-0.3223,0.1031,7,2
372,R,L,-0.4811,0.03795,10.5,2
372,R,M,-0.417,0.2135,5.5,2
372,R,N,-0.9599,0.1061,4.5,2
372,R,P,-1.051,0.079,4.5,2
372,R,Q,-0.4177,0.2631,4.5,2
372,R,R,0,0,,2
372,R,S,-0.5696,0.1768,5.5,2
372,R,T,-0.7022,0.2001,3.5,2
372,R,V,-2.058,1.103,4.5,2
372,R,W,-0.8297,0.3842,8.5,2
372,R,Y,-0.8479,0.0501,6.5,2
373,V,A,-0.1391,0.04278,11.5,2
373,V,C,-0.4913,0.05835,6,2
373,V,D,-0.5701,0.2615,7,2
373,V,E,0.1441,0.2606,4,2
373,V,F,0.308,0.2247,9,2
373,V,G,-0.5452,0.1289,6.5,2
373,V,H,0.02915,0.1739,7.5,2
373,V,I,0.0583,0.2567,7.5,2
373,V,K,-1.374,0.144,3.5,2
373,V,L,-0.2973,0.3657,6,2
373,V,M,-0.00495,0.2742,7,2
373,V,N,-0.715,0.1916,8.5,2
373,V,P,-0.7732,0.00635,12.5,2
373,V,Q,-0.1324,0.1362,4,2
373,V,R,-1.083,0.1594,8.5,2
373,V,S,-0.1072,0.3741,7.5,2
373,V,T,-0.1765,0.7662,4,2
373,V,V,0,0,,2
373,V,W,0.7768,0.08775,5,2
373,V,Y,0.3876,0.1245,6,2
374,R,A,-0.07037,0.07082,4,2
374,R,C,0.04865,0.1941,5.5,2
374,R,D,-0.4772,0.0965,4.5,2
374,R,E,-0.2706,0.107,5,2
374,R,F,-0.173,0.1374,6.5,2
374,R,G,-0.733,0.2648,3.5,2
374,R,H,-0.13,0.002,9.5,2
374,R,I,0.0356,0.04257,6.5,2
374,R,K,-0.331,0.5415,5.5,2
374,R,L,0.1144,0.2295,6.5,2
374,R,M,0.1323,0.4394,5.5,2
374,R,N,-0.2819,0.0828,6.5,2
374,R,P,-0.3054,0.1315,9.5,2
374,R,Q,-0.00595,0.12,8.5,2
374,R,R,0,0,,2
374,R,S,-0.01121,0.03249,9,2
374,R,T,0.2817,0.02625,5.5,2
374,R,V,-0.1821,0.1838,7,2
374,R,W,-0.3125,0.131,6.5,2
374,R,Y,-0.2691,0.1748,9,2
375,A,A,0,0,,2
375,A,C,-0.1904,0.09412,7.5,2
375,A,D,0.03742,0.05903,4,2
375,A,E,0.1275,0.2824,9,2
375,A,F,-0.0247,0.1474,9,2
375,A,G,0.3481,0.3234,8.5,2
375,A,H,-0.2222,0.1065,6,2
375,A,I,0.1252,0.1046,5.5,2
375,A,K,0.0371,0.8228,2.5,2
375,A,L,-0.2213,0.02125,7,2
375,A,M,0.1494,0.2772,4.5,2
375,A,N,0.03035,0.3829,7.5,2
375,A,P,-1.169,0.119,9.5,2
375,A,Q,0.0958,0.3336,3.5,2
375,A,R,-0.6231,0.0287,4,2
375,A,S,-0.1437,0.1576,7,2
375,A,T,0.2873,0.08185,7,2
375,A,V,-0.2243,0.2317,4.5,2
375,A,W,0.2477,0.1005,5.5,2
375,A,Y,-0.01205,0.4401,8.5,2
376,E,A,-0.6087,0.1508,5,2
376,E,C,-0.6288,0.1876,5,2
376,E,D,-0.5785,0.1234,8,2
376,E,E,0,0,,2
376,E,F,-0.8004,0.03535,5.5,2
376,E,G,-0.9641,0.3129,6,2
376,E,H,-0.6161,0.1117,7,2
376,E,I,-1.158,0.4424,6.5,2
376,E,K,-1.092,0.1293,6.5,2
376,E,L,-1.128,0.1055,7.5,2
376,E,M,-1.235,0.4034,6.5,2
376,E,N,-0.7413,0.2082,7,2
376,E,P,-1.716,0.3895,5,2
376,E,Q,-1.229,0.0675,7,2
376,E,R,-1.032,0.1098,4.5,2
376,E,S,-0.5328,0.09825,6,2
376,E,T,-1.23,0.4071,6.5,2
376,E,V,-0.8125,0.0519,7,2
376,E,W,-1.187,0.126,6,2
376,E,Y,-1.006,0.183,8,2
377,I,A,0.1474,0.0337,8,2
377,I,C,0.1535,0.159,10,2
377,I,D,-2.341,0.3445,6.5,2
377,I,E,0.4022,0.3484,8.5,2
377,I,F,0.2863,0.1142,7,2
377,I,G,0.4557,0.0966,6,2
377,I,H,-0.2126,0.1342,6.5,2
377,I,I,0,0,,2
377,I,K,-0.06215,0.2025,7,2
377,I,L,0.4587,0.04065,10,2
377,I,M,0.073,0.3883,5.5,2
377,I,N,-1.053,0.0962,7,2
377,I,P,-0.6121,0.1652,7,2
377,I,Q,-0.4411,0.5859,5,2
377,I,R,0.1229,0.1162,7,2
377,I,S,0.3086,0.1066,4.5,2
377,I,T,0.3083,0.1896,7.5,2
377,I,V,-0.0608,0.2452,5,2
377,I,W,0.3402,0.3926,6,2
377,I,Y,-2.886,1.614,3.5,2
378,D,A,0.184,0.0224,4,2
378,D,C,-0.1704,0.05785,5.5,2
378,D,D,0,0,,2
378,D,E,0.02885,0.3609,2.5,2
378,D,F,0.2616,0.0202,7.5,2
378,D,G,0.1188,0.01345,4,2
378,D,H,-0.03599,0.1055,7.5,2
378,D,I,-0.0538,0.1063,4,2
378,D,K,0.08139,0.1403,5,2
378,D,L,0.2067,0.1594,5,2
378,D,M,0.2303,0.1293,5,2
378,D,N,0.1055,0.2878,9,2
378,D,P,-0.2604,0.0569,3.5,2
378,D,Q,-0.1498,0.378,7.5,2
378,D,R,0.0629,0.5037,4.5,2
378,D,S,0.1505,0.2063,6,2
378,D,T,-0.06098,0.1535,9.5,2
378,D,V,-0.00395,0.1915,6,2
378,D,W,0.1906,0.3268,6.5,2
378,D,Y,0.07825,0.2512,7.5,2
379,T,A,0.4656,0.2921,5.5,2
379,T,C,-0.1244,0.1872,6,2
379,T,D,-0.9343,0.2677,3,2
379,T,E,0.4245,0.3081,8,2
379,T,F,0.06615,0.1197,4,2
379,T,G,0.2976,0.0738,3.5,2
379,T,H,0.4723,0.0101,5,2
379,T,I,0.6758,0.4412,4.5,2
379,T,K,0.2754,0.02405,8,2
379,T,L,0.3073,0.1646,6.5,2
379,T,M,0.343,0.3007,4,2
379,T,N,0.2024,0.3934,5.5,2
379,T,P,-0.539,0.03655,7.5,2
379,T,Q,0.1588,0.0182,7,2
379,T,R,0.2784,0.2297,5,2
379,T,S,0.1023,0.1971,8.5,2
379,T,T,0,0,,2
379,T,V,0.0932,0.1175,3,2
379,T,W,-0.1663,0.1123,8.5,2
379,T,Y,0.2699,0.3041,5,2
380,V,A,0.4079,0.01385,6,2
380,V,C,-0.05574,0.01479,5,2
380,V,D,-1.796,0.258,6,2
380,V,E,-0.2283,0.1896,4,2
380,V,F,-0.6058,0.1583,4,2
380,V,G,-0.2528,0.1167,4.5,2
380,V,H,0.4904,0.0078,9,2
380,V,I,-0.5812,0.2763,5.5,2
380,V,K,0.08174,0.04057,5.5,2
380,V,L,-0.3143,0.0247,2.5,2
380,V,M,-0.4694,0.233,7,2
380,V,N,0.5665,0.00765,6.5,2
380,V,P,-2.594,0.265,8.5,2
380,V,Q,-0.2304,0.1688,6.5,2
380,V,R,0.1161,0.2235,3,2
380,V,S,0.1304,0.0011,6,2
380,V,T,-0.2188,0.0175,6,2
380,V,V,0,0,,2
380,V,W,-0.6499,0.05695,6.5,2
380,V,Y,-0.2731,0.375,7,2
381,C,A,-2.634,0.079,6,2
381,C,C,0,0,,2
381,C,D,-6,0,7.5,2
381,C,E,-5.969,0,7.5,2
381,C,F,-2.29,0.088,8,2
381,C,G,-5.357,0,5.5,2
381,C,H,-4.756,0,7.5,2
381,C,I,-1.707,0.2225,5,2
381,C,K,-3.599,0,8.5,2
381,C,L,-1.575,0.0585,7,2
381,C,M,-1.472,0.647,4,2
381,C,N,-4.812,0,3.5,2
381,C,P,-6,0,6.5,2
381,C,Q,-4.024,0,5,2
381,C,R,-4.462,0,4.5,2
381,C,S,-3.811,0,6.5,2
381,C,T,-3.547,0,6.5,2
381,C,V,-1.847,0.151,3.5,2
381,C,W,-3.661,0,3,2
381,C,Y,-4.113,0,10.5,2
382,R,*,-6,0,0.5,1
382,R,A,0.02973,0.1126,6.5,2
382,R,C,-0.1808,0.1111,10.5,2
382,R,D,-0.6335,0.3289,7.5,2
382,R,E,-0.5659,0.2308,9,2
382,R,F,-0.1986,0.3371,8.5,2
382,R,G,-0.405,0.05805,6,2
382,R,H,-0.4966,0.1215,7.5,2
382,R,I,0.03162,0.09677,8,2
382,R,K,0.09707,0.09693,6.5,2
382,R,L,-0.2441,0.0667,7.5,2
382,R,M,-0.5893,0.1507,6.5,2
382,R,N,-0.03305,0.2713,9.5,2
382,R,P,0.1167,0.4522,4.5,2
382,R,Q,-0.2988,0.2303,2.5,2
382,R,R,0,0,,2
382,R,S,-0.07233,0.1474,5,2
382,R,T,0.1474,0.1434,7,2
382,R,V,0.2308,0.09415,4.5,2
382,R,W,-1.206,0.363,6,2
382,R,Y,-0.3775,0.1941,6,2
383,H,A,-0.6623,0.2021,5.5,2
383,H,C,-1.006,0.0868,6,2
383,H,D,-0.5217,0.1376,2.5,2
383,H,E,-1.14,0.2087,7,2
383,H,F,-0.4747,0.3025,2.5,2
383,H,G,-0.8236,0.1168,7,2
383,H,H,0,0,,2
383,H,I,-1.204,0.0505,5.5,2
383,H,K,-1.37,0.188,5,2
383,H,L,-1.01,0.0892,8,2
383,H,M,-0.5282,0,2.5,1
383,H,N,-0.3795,0.1089,4.5,2
383,H,P,-0.2577,0.163,5.5,2
383,H,Q,-1.12,0.2337,5,2
383,H,R,-0.7189,0.02875,6.5,2
383,H,S,-1.123,0.081,4,2
383,H,T,-0.68,0.2071,5,2
383,H,V,-0.7132,0.0233,5,2
383,H,W,-0.5674,0.0877,7,2
383,H,Y,-0.4215,0.06085,7.5,2
384,N,A,-0.9929,0.0051,5.5,2
384,N,C,-1.178,0.013,5.5,2
384,N,D,0.178,0.1122,6,2
384,N,E,-2.431,0.139,6,2
384,N,F,-1.453,0.1135,6,2
384,N,G,-0.9738,0.3142,7.5,2
384,N,H,-1.898,0.226,7,2
384,N,I,-1.946,0.0475,8.5,2
384,N,K,-1.641,0.0005,6.5,2
384,N,L,-1.546,0.4715,8,2
384,N,M,-1.75,0.2155,6.5,2
384,N,N,0,0,,2
384,N,P,-1.212,0.0625,7,2
384,N,Q,-1.526,0.373,6,2
384,N,R,-3.008,0.025,7,2
384,N,S,-1.207,0.113,4.5,2
384,N,T,-1.517,0.122,5.5,2
384,N,V,-1.94,0.079,4.5,2
384,N,W,-2,0.051,7,2
384,N,Y,-2.306,0.1385,5,2
385,Y,A,-0.7813,0.2277,6,2
385,Y,C,-0.9156,0.0096,8,2
385,Y,D,-1.341,0.4176,5.5,2
385,Y,E,-1.011,0.2132,9,2
385,Y,F,-0.0134,0.195,5.5,2
385,Y,G,-0.551,0.191,7.5,2
385,Y,H,-2.376,1.412,2.5,2
385,Y,I,-0.1557,0.1353,6.5,2
385,Y,K,-0.876,0.0665,6,2
385,Y,L,-0.4307,0.1314,4,2
385,Y,M,-0.1925,0.0921,10,2
385,Y,N,-0.4948,0.0013,5,2
385,Y,P,-1.609,0.1915,8,2
385,Y,Q,-0.4777,0.1581,6.5,2
385,Y,R,-0.7841,0.07765,6.5,2
385,Y,S,-0.5588,0.1005,7.5,2
385,Y,T,-0.8726,0.0094,5.5,2
385,Y,V,-0.2672,0.1858,5,2
385,Y,W,0.08465,0.1218,5.5,2
385,Y,Y,0,0,,2
386,F,A,-1.05,0.1921,7.5,2
386,F,C,-1.25,0.0845,4,2
386,F,D,-1.143,0.209,7.5,2
386,F,E,-1.041,0.3677,4.5,2
386,F,F,0,0,,2
386,F,G,-1.286,0.123,2.5,2
386,F,H,-0.814,0.0266,6,2
386,F,I,-0.7772,0.04165,9,2
386,F,K,-0.8798,0.1222,6.5,2
386,F,L,-1.357,0.2115,5,2
386,F,M,-0.6215,0.3088,6,2
386,F,N,-0.8321,0.3598,8,2
386,F,P,-0.7832,0.0525,9,2
386,F,Q,-0.6804,0.1683,8.5,2
386,F,R,-0.8861,0.1129,7,2
386,F,S,-1.894,0.0165,6.5,2
386,F,T,-2.1,0.126,10,2
386,F,V,-1.019,0.0717,4,2
386,F,W,-1.068,0.1494,10,2
386,F,Y,-1.118,0.1697,6.5,2
387,M,A,-0.1973,0.1096,2.5,2
387,M,C,-0.2536,0.0981,4,2
387,M,D,-0.9499,0.1791,8,2
387,M,E,-0.7402,0.0993,5,2
387,M,F,-1.042,0.1777,5.5,2
387,M,G,-0.9102,0.5588,3.5,2
387,M,H,-0.6096,0.0654,8,2
387,M,I,-0.4737,0.1598,7.5,2
387,M,K,-1.133,0.3009,7.5,2
387,M,L,-0.01735,0.09415,4,2
387,M,M,0,0,,2
387,M,N,-1.023,0.0145,7,2
387,M,P,-1.047,0.1349,6,2
387,M,Q,-0.6013,0.1408,8.5,2
387,M,R,-0.8976,0.1464,9,2
387,M,S,-0.5089,0.36,5.5,2
387,M,T,-0.5037,0.1388,3.5,2
387,M,V,-0.6671,0.0587,8,2
387,M,W,-0.8635,0.01995,5,2
387,M,Y,-0.7876,0.07595,5,2
388,A,-,-1.883,0,0.5,1
388,A,A,0,0,,2
388,A,C,-0.4662,0.2999,7.5,2
388,A,D,-1.083,0.1718,8.5,2
388,A,E,-0.7713,0.1077,5.5,2
388,A,F,-0.8159,0.09495,6,2
388,A,G,-0.3774,0.09065,7.5,2
388,A,H,-0.5553,0.5267,4,2
388,A,I,-0.9099,0.1911,4.5,2
388,A,K,-0.211,0.2884,4.5,2
388,A,L,-0.7818,0.0368,8.5,2
388,A,M,-1.005,0.01375,2,2
388,A,N,-0.9374,0.01245,6,2
388,A,P,-1.046,0.013,8,2
388,A,Q,-0.8889,0.05525,4,2
388,A,R,-0.4612,0.106,9.5,2
388,A,S,-0.2222,0.2165,10.5,2
388,A,T,0.06015,0.226,10,2
388,A,V,-0.8505,0.06465,9,2
388,A,W,-0.9293,0.0115,6.5,2
388,A,Y,-0.7727,0.3434,6,2
389,S,A,0.1351,0.02275,7,2
389,S,C,-0.2492,0.3967,6.5,2
389,S,D,0.03351,0.06266,3.5,2
389,S,E,-0.133,0.1052,7,2
389,S,F,-0.1814,0.3164,4.5,2
389,S,G,-0.2552,0.04665,8,2
389,S,H,-0.2606,0.1617,4,2
389,S,I,-0.1085,0.48,4,2
389,S,K,-0.3695,0.1692,6.5,2
389,S,L,-0.2723,0.2266,7,2
389,S,M,-0.1366,0.03145,6,2
389,S,N,0.1319,0.0147,10,2
389,S,P,-0.1802,0.0455,7.5,2
389,S,Q,-0.1199,0.1847,6.5,2
389,S,R,-0.1387,0.1906,7.5,2
389,S,S,0,0,,2
389,S,T,0.1441,0.3679,10.5,2
389,S,V,-0.08211,0.00142,3.5,2
389,S,W,-0.08349,0.1234,7.5,2
389,S,Y,0.3463,0.2817,7,2
390,F,A,-0.8913,0.1227,2.5,2
390,F,C,-0.7855,0.01065,4,2
390,F,D,-0.8713,0.04395,5.5,2
390,F,E,-0.8962,0.0181,7,2
390,F,F,0,0,,2
390,F,G,-0.7967,0.3724,6,2
390,F,H,-0.7268,0.218,7.5,2
390,F,I,-0.8644,0.01605,8,2
390,F,K,-0.3482,0.0278,4.5,2
390,F,L,-0.5567,0.2815,4,2
390,F,M,-0.2406,0.047,4,2
390,F,N,-0.7808,0.0923,8,2
390,F,P,-0.7187,0.0452,5.5,2
390,F,Q,-0.553,0.2822,4,2
390,F,R,-1.502,0.3495,5,2
390,F,S,-1.119,0.1226,5,2
390,F,T,-0.7721,0.314,6,2
390,F,V,-0.5743,0.0417,8,2
390,F,W,-0.1081,0.2503,5,2
390,F,Y,-0.7159,0.06645,2.5,2
391,T,A,-0.6263,0.00045,6.5,2
391,T,C,-0.4994,0.1111,4.5,2
391,T,D,-1.036,0.1543,4.5,2
391,T,E,-0.617,0.0065,5.5,2
391,T,F,-0.9587,0.2974,3.5,2
391,T,G,-1.116,0.109,5,2
391,T,H,-1.213,0.3495,3,2
391,T,I,-0.6719,0.0636,5.5,2
391,T,K,-1.216,0.0215,4,2
391,T,L,-0.3806,0.2775,5.5,2
391,T,M,-1.373,0.0765,3.5,2
391,T,N,-0.6109,0.02225,6.5,2
391,T,P,-0.7738,0.2107,8.5,2
391,T,Q,-1.209,0.303,5,2
391,T,R,-0.9524,0.09265,9,2
391,T,S,-0.9613,0.0467,5.5,2
391,T,T,0,0,,2
391,T,V,-0.6697,0.0824,7,2
391,T,W,-1.146,0.2085,4,2
391,T,Y,-1.05,0.0972,3.5,2
392,V,A,-1.018,0.1869,6,2
392,V,C,-0.2575,0.2908,3,2
392,V,D,-0.9657,0.1573,4,2
392,V,E,-0.7391,0.0482,7,2
392,V,F,-0.6739,0.02045,6.5,2
392,V,G,-0.7672,0.2079,5,2
392,V,H,-0.7122,0.0174,6,2
392,V,I,0.06367,0.1549,6,2
392,V,K,-0.8135,0.06925,6,2
392,V,L,-0.2167,0.08665,6.5,2
392,V,M,-0.883,0.293,8.5,2
392,V,N,-0.9367,0.019,6,2
392,V,P,-0.9021,0.1249,5.5,2
392,V,Q,-0.7987,0.03585,4,2
392,V,R,-0.8506,0.1023,9,2
392,V,S,-1.042,0.0553,8.5,2
392,V,T,-0.2057,0.2109,6,2
392,V,V,0,0,,2
392,V,W,-1.023,0.0313,9,2
392,V,Y,-0.5986,0.1935,6,2
393,D,A,-0.4238,0.1041,6.5,2
393,D,C,-0.2402,0.1456,6,2
393,D,D,0,0,,2
393,D,E,-0.2016,0.4941,5,2
393,D,F,0.000175,0.07495,5.5,2
393,D,G,-0.1255,0.1012,5.5,2
393,D,H,-0.08245,0.2394,4.5,2
393,D,I,-0.7765,0.2704,6.5,2
393,D,K,-0.1544,0.2053,4.5,2
393,D,L,-0.00345,0.3418,6.5,2
393,D,M,0.1125,0.04609,4.5,2
393,D,N,0.08339,0.00726,6,2
393,D,P,-0.9097,0.1464,8,2
393,D,Q,-0.2341,0.1783,4.5,2
393,D,R,-0.425,0.0293,7,2
393,D,S,-0.3114,0.1298,4,2
393,D,T,-0.7907,0.2006,6,2
393,D,V,-0.7648,0.086,8,2
393,D,W,-0.3622,0.2041,2.5,2
393,D,Y,-0.3334,0.1627,5.5,2
394,R,A,-0.8075,0.1502,8,2
394,R,C,-0.6116,0.07175,6.5,2
394,R,D,-0.3347,0.1416,6.5,2
394,R,E,-0.07812,0.04137,5,2
394,R,F,-0.9365,0.09355,5,2
394,R,G,-0.2849,0.0699,6.5,2
394,R,H,-0.247,0.0347,10,2
394,R,I,-0.5062,0.2005,7,2
394,R,K,0.001315,0.07383,4.5,2
394,R,L,-0.4839,0.1811,5,2
394,R,M,-0.582,0.05805,6.5,2
394,R,N,-0.2073,0.00945,7.5,2
394,R,P,-0.5513,0.2724,5.5,2
394,R,Q,0.06807,0.1534,8,2
394,R,R,0,0,,2
394,R,S,-0.3245,0.01705,4.5,2
394,R,T,-0.5982,0.2681,7,2
394,R,V,-0.5666,0.1773,3.5,2
394,R,W,-0.4287,0.1305,5.5,2
394,R,Y,-0.581,0.1456,6,2
395,R,A,-0.01195,0.1416,5,2
395,R,C,-0.2199,0.0984,8,2
395,R,D,-0.2918,0.1284,5.5,2
395,R,E,-0.102,0.2725,5.5,2
395,R,F,-0.266,0.4264,6.5,2
395,R,G,-0.3925,0.2886,5,2
395,R,H,-0.00025,0.3077,10,2
395,R,I,-0.151,0.2579,8.5,2
395,R,K,-0.1933,0.1563,6.5,2
395,R,L,0.05643,0.03875,9,2
395,R,M,-0.004965,0.05672,5.5,2
395,R,N,-0.2446,0.2582,8,2
395,R,P,-0.7364,0.06225,2.5,2
395,R,Q,-0.2843,0.2312,7.5,2
395,R,R,0,0,,2
395,R,S,-0.4872,0.0259,6,2
395,R,T,-0.4239,0.06205,7,2
395,R,V,-0.3452,0.7438,4,2
395,R,W,-0.3767,0.2364,4.5,2
395,R,Y,-0.278,0.1419,7.5,2
396,V,A,0.03825,0.2218,4.5,2
396,V,C,-0.556,0.1838,6.5,2
396,V,D,-0.3478,0.08765,9,2
396,V,E,-0.4773,0.2917,7.5,2
396,V,F,-0.3118,0.1418,9,2
396,V,G,-0.01445,0.4495,5,2
396,V,H,-0.2179,0.133,4.5,2
396,V,I,-0.2163,0.1617,7,2
396,V,K,-0.08445,0.4464,4,2
396,V,L,-0.08323,0.04337,4,2
396,V,M,-0.5193,0.0116,4,2
396,V,N,-0.746,0.08065,6,2
396,V,P,-0.2162,0.00655,3.5,2
396,V,Q,-0.1983,0.0347,9.5,2
396,V,R,0.09008,0.1131,6.5,2
396,V,S,-0.3512,0.1171,6,2
396,V,T,-0.09455,0.5726,7.5,2
396,V,V,0,0,,2
396,V,W,-0.2062,0.03205,5.5,2
396,V,Y,-0.04861,0.1041,5.5,2
397,E,A,-0.2066,0.1218,5,2
397,E,C,0.1105,0.08965,6.5,2
397,E,D,-0.1021,0.1464,11,2
397,E,E,0,0,,2
397,E,F,-0.01945,0.3669,6,2
397,E,G,-0.2369,0.3684,4.5,2
397,E,H,-0.4323,0.007,5,2
397,E,I,0.6088,0.1945,6,2
397,E,K,-0.03506,0.05213,6,2
397,E,L,-0.0704,0.068,5,2
397,E,M,-0.3348,0.06445,6,2
397,E,N,0.2661,0.1958,6,2
397,E,P,-0.159,0.1635,6,2
397,E,Q,0.0329,0.1687,7.5,2
397,E,R,-0.08926,0.07085,7.5,2
397,E,S,-0.2193,0.05175,9.5,2
397,E,T,-0.165,0.1115,4,2
397,E,V,0.1195,0.245,5.5,2
397,E,W,-0.3879,0.344,4.5,2
397,E,Y,-0.3008,0.0613,5,2
398,P,A,-0.4225,0.4769,3,2
398,P,C,0.01642,0.01743,6.5,2
398,P,D,-1.401,0.307,5.5,2
398,P,E,-0.8556,0.1584,8,2
398,P,F,-0.381,0.03565,3.5,2
398,P,G,0.06146,0.009555,6,2
398,P,H,-0.6226,0.03785,5.5,2
398,P,I,-1.152,0.0135,4,2
398,P,K,-1.573,0.1405,6,2
398,P,L,-0.91,0.2311,3.5,2
398,P,M,-0.27,0.026,7,2
398,P,N,-0.5733,0.0151,6.5,2
398,P,P,0,0,,2
398,P,Q,-0.2711,0.004,5,2
398,P,R,-1.887,0.1225,7.5,2
398,P,S,-0.2667,0.1834,8.5,2
398,P,T,-0.3059,0.05535,6.5,2
398,P,V,0.08907,0.01663,9,2
398,P,W,-0.9968,0.1852,8.5,2
398,P,Y,-0.7037,0.4933,5.5,2
399,K,A,-0.4793,0.3221,5.5,2
399,K,C,-0.1723,0.1184,6,2
399,K,D,-0.5522,0.01,2,2
399,K,E,-0.2068,0.1688,5.5,2
399,K,F,-0.2104,0.3013,10,2
399,K,G,-0.1687,0.06715,8,2
399,K,H,-0.2197,0.1622,4,2
399,K,I,-0.1685,0.2659,12.5,2
399,K,K,0,0,,2
399,K,L,-0.2586,0.03945,6,2
399,K,M,-0.05135,0.2484,3,2
399,K,N,0.00754,0.08832,11,2
399,K,P,-1.688,0.2135,5.5,2
399,K,Q,0.0258,0.3045,4,2
399,K,R,0.1349,0.05418,10,2
399,K,S,0.0222,0.1942,8.5,2
399,K,T,0.0957,0.1908,6.5,2
399,K,V,-0.3383,0.1011,5,2
399,K,W,-0.0721,0.254,5.5,2
399,K,Y,0.1001,0.06029,6,2
400,V,-,-2.235,0,0.5,1
400,V,A,0.06673,0.004925,4,2
400,V,C,-0.1264,0.05459,8.5,2
400,V,D,-2.931,0.115,4.5,2
400,V,E,-1.191,0.073,5,2
400,V,F,-0.1468,0.06424,8,2
400,V,G,-0.3768,0.1583,4,2
400,V,H,0.03222,0.08247,8.5,2
400,V,I,-0.01308,0.05411,8.5,2
400,V,K,-1.36,0.006,5,2
400,V,L,0.00655,0.1153,10,2
400,V,M,-0.1566,0.06363,9.5,2
400,V,N,-0.3016,0.1984,6,2
400,V,P,-0.4443,0.3639,1.5,2
400,V,Q,-0.2026,0.03335,3.5,2
400,V,R,-0.8427,0.0788,9,2
400,V,S,-0.3122,0.0027,6.5,2
400,V,T,-0.1147,0.01784,6,2
400,V,V,0,0,,2
400,V,W,-6,0,0.5,1
400,V,Y,0.1757,0.0602,6.5,2
401,R,A,0.147,0.1449,2.5,2
401,R,C,-0.3157,0.2858,6.5,2
401,R,D,-0.2868,0.09295,7.5,2
401,R,E,-0.4447,0.0182,8,2
401,R,F,-0.1581,0.0977,6.5,2
401,R,G,-0.7443,0.9017,6,2
401,R,H,-0.4113,0.08375,8.5,2
401,R,I,0.05859,0.1199,8.5,2
401,R,K,0.0245,0.276,5,2
401,R,L,-0.03575,0.4384,4,2
401,R,M,0.01699,0.0118,6,2
401,R,N,-0.3892,0.0191,7.5,2
401,R,P,-3.928,0.0365,2,2
401,R,Q,-0.2374,0.2074,4.5,2
401,R,R,0,0,,2
401,R,S,-0.05443,0.1398,6.5,2
401,R,T,0.1146,0.01235,2.5,2
401,R,V,0.0015,0.3014,6,2
401,R,W,-0.04882,0.03639,11,2
401,R,Y,0.087,0.2008,7,2
402,V,A,0.3275,0.4606,3,2
402,V,C,0.02445,0.1295,5.5,2
402,V,D,-2.703,0.223,8.5,2
402,V,E,-1.822,0.146,4.5,2
402,V,F,-0.09035,0.02405,9,2
402,V,G,-0.04326,0.01677,8,2
402,V,H,-0.4244,0.1596,6,2
402,V,I,-0.1604,0.0306,5,2
402,V,K,-1.754,0.4385,3,2
402,V,L,-0.2827,0.2595,4.5,2
402,V,M,0.06434,0.02093,7.5,2
402,V,N,-0.6685,0.05455,8.5,2
402,V,P,0.07865,0.7836,4.5,2
402,V,Q,-0.4376,0.1861,6.5,2
402,V,R,-1.085,0.049,5.5,2
402,V,S,-0.6542,0.02075,4,2
402,V,T,0.1918,0.2619,5,2
402,V,V,0,0,,2
402,V,W,-0.7424,0.2305,7,2
402,V,Y,-0.2286,0.03505,7.5,2
403,S,A,0.0672,0.02656,6,2
403,S,C,0.3033,0.1727,11,2
403,S,D,-0.2023,0.2353,7,2
403,S,E,0.7162,0.4249,6,2
403,S,F,-0.1809,0.125,6.5,2
403,S,G,0.1094,0.126,5.5,2
403,S,H,0.225,0.01435,8,2
403,S,I,-0.1013,0.2182,9.5,2
403,S,K,-0.02775,0.131,7,2
403,S,L,0.2865,0,2,1
403,S,M,0.6166,0.5974,6.5,2
403,S,N,0.317,0.0623,6,2
403,S,P,-0.1466,0.06211,8,2
403,S,Q,-0.0584,0.114,6.5,2
403,S,R,-0.1868,0.07845,8.5,2
403,S,S,0,0,,2
403,S,T,-0.04525,0.438,3,2
403,S,V,-0.05995,0.2082,11,2
403,S,W,0.045,0.2809,4.5,2
403,S,Y,-0.08153,0.04157,8,2
404,P,A,0.0812,0.2212,5.5,2
404,P,C,-0.06025,0.03975,8,2
404,P,D,0.2267,0.0112,5,2
404,P,E,-0.1101,0.4383,6.5,2
404,P,F,-0.35,0.1211,6.5,2
404,P,G,-0.05777,0.1313,8.5,2
404,P,H,0.3896,0.00955,5.5,2
404,P,I,0.08188,0.1403,5,2
404,P,K,0.00566,0.01733,8.5,2
404,P,L,0.08693,0.07178,6,2
404,P,M,-0.04818,0.07013,6.5,2
404,P,N,0.2186,0.3688,7,2
404,P,P,0,0,,2
404,P,Q,0.1112,0.01341,9,2
404,P,R,0.2446,0.1082,3,2
404,P,S,0.07791,0.06409,5,2
404,P,T,-0.1095,0.1144,6.5,2
404,P,V,-0.0267,0.1704,5.5,2
404,P,W,0.6098,0.1809,5.5,2
404,P,Y,0.2341,0.1066,4.5,2
405,M,A,0.1993,0.0674,4.5,2
405,M,C,0.159,0.03525,7.5,2
405,M,D,-0.0211,0.2502,6,2
405,M,E,-0.7368,1.092,3,2
405,M,F,0.3337,0.221,7.5,2
405,M,G,-0.252,0.0873,4,2
405,M,H,0.1912,0.193,4.5,2
405,M,I,0.01855,0.1426,12.5,2
405,M,K,0.01205,0.1137,7.5,2
405,M,L,-0.2326,0.0803,4,2
405,M,M,0,0,,2
405,M,N,-0.0146,0.5063,5,2
405,M,P,-0.1308,0.2293,9.5,2
405,M,Q,-0.2717,0.3453,4.5,2
405,M,R,-0.2613,0.1831,5.5,2
405,M,S,0.336,0.3098,8,2
405,M,T,0.0682,0.1425,6,2
405,M,V,0.02202,0.02397,8,2
405,M,W,-0.07215,0.1874,7,2
405,M,Y,-0.611,0.764,5,2
406,Q,*,-6,0,2,2
406,Q,A,0.2223,0.05095,4.5,2
406,Q,C,-0.14,0.2871,8,2
406,Q,D,-0.00429,0.01849,4,2
406,Q,E,0.02065,0.1237,6.5,2
406,Q,F,-1.452,1.635,3,2
406,Q,G,0.3765,0.196,5.5,2
406,Q,H,-0.3868,0.1665,7,2
406,Q,I,0.1341,0.3288,6,2
406,Q,K,-0.02071,0.1207,6.5,2
406,Q,L,-0.249,0.07815,9,2
406,Q,M,0.1396,0.00145,7,2
406,Q,N,0.4158,0.2761,9.5,2
406,Q,P,-0.6723,0.2462,3.5,2
406,Q,Q,0,0,,2
406,Q,R,-0.1613,0.2396,5.5,2
406,Q,S,0.1374,0.2192,5.5,2
406,Q,T,0.141,0.0125,9,2
406,Q,V,0.1003,0.2076,7.5,2
406,Q,W,-0.2202,0.0876,5,2
406,Q,Y,-0.2264,0.4938,6.5,2
407,S,A,0.1362,0.06162,7,2
407,S,C,-0.4391,0.1237,5.5,2
407,S,D,-0.0192,0.4799,2.5,2
407,S,E,-0.08045,0.2447,5,2
407,S,F,0.05411,0.1105,5,2
407,S,G,-0.1137,0.1184,4,2
407,S,H,0.1179,0.1395,9.5,2
407,S,I,0.1815,0.2133,5.5,2
407,S,K,-0.1051,0.08063,6.5,2
407,S,L,0.04997,0.1448,7.5,2
407,S,M,0.1065,0.06562,3.5,2
407,S,N,0.1693,0.0004,7,2
407,S,P,0.6339,0.3456,5.5,2
407,S,Q,0.2001,0.02785,12,2
407,S,R,0.1903,0.2085,5.5,2
407,S,S,0,0,,2
407,S,T,-0.006355,0.07441,5,2
407,S,V,-0.2818,0.1617,5,2
407,S,W,-0.1137,0.08413,4,2
407,S,Y,0.04305,0.3221,6.5,2
408,S,A,0.3493,0.05355,3.5,2
408,S,C,-0.1984,0.1813,6.5,2
408,S,D,0.01922,0.04161,5,2
408,S,E,-0.2038,0.1105,7,2
408,S,F,0.1606,0.206,6.5,2
408,S,G,-0.2258,0.2988,4,2
408,S,H,-0.03739,0.06781,10,2
408,S,I,-0.1254,0.2145,7,2
408,S,K,-0.0075,0.2541,5.5,2
408,S,L,0.2048,0.1353,6.5,2
408,S,M,-0.1667,0.1363,8.5,2
408,S,N,-0.01855,0.2167,9.5,2
408,S,P,-0.04161,0.01426,7.5,2
408,S,Q,0.1472,0.102,7,2
408,S,R,-0.07385,0.1875,6.5,2
408,S,S,0,0,,2
408,S,T,-0.1978,0.1626,7.5,2
408,S,V,-0.1515,0.2362,3,2
408,S,W,0.05515,0.07205,11.5,2
408,S,Y,-0.06943,0.135,4,2
409,S,A,0.2303,0.1295,7.5,2
409,S,C,-0.5931,0.2696,3.5,2
409,S,D,0.1575,0.0133,9.5,2
409,S,E,0.1794,0.2873,4.5,2
409,S,F,-0.0317,0.309,6.5,2
409,S,G,0.4186,0.1304,6.5,2
409,S,H,0.1215,0.00285,8,2
409,S,I,-0.013,0.4737,7.5,2
409,S,K,0.3011,0.1224,6,2
409,S,L,0.1412,0.06107,4.5,2
409,S,M,0.2471,0.1057,5.5,2
409,S,N,0.1945,0.06445,6.5,2
409,S,P,0.02185,0.2214,5.5,2
409,S,Q,-0.1038,0.6079,4,2
409,S,R,0.3523,0.3854,7,2
409,S,S,0,0,,2
409,S,T,-0.3273,0.3027,6.5,2
409,S,V,-0.244,0.01845,4,2
409,S,W,-0.0421,0.2301,8,2
409,S,Y,-0.3889,0.0137,9,2
410,L,A,0.3843,0.05665,6,2
410,L,C,-0.4632,0.1831,4.5,2
410,L,D,-0.3808,0.07465,6.5,2
410,L,E,-0.5165,0.292,5.5,2
410,L,F,-0.4174,0.1852,3.5,2
410,L,G,0.2347,0.5282,4,2
410,L,H,0.0433,0.3267,5.5,2
410,L,I,-0.06525,0.4191,7,2
410,L,K,0.2679,0.1171,8,2
410,L,L,0,0,,2
410,L,M,0.03075,0.1577,6.5,2
410,L,N,-0.3625,0.5572,6,2
410,L,P,0.158,0.4955,3.5,2
410,L,Q,-0.03275,0.1391,7.5,2
410,L,R,-0.2821,0.02575,5.5,2
410,L,S,0.07784,0.06096,7,2
410,L,T,0.2576,0.5023,7,2
410,L,V,0.4055,0.05415,3.5,2
410,L,W,-0.1966,0.0106,7,2
410,L,Y,0.1681,0.1235,6.5,2
411,P,A,-0.01945,0.1373,6,2
411,P,C,-0.3095,0.0417,5.5,2
411,P,D,0.3286,0.1138,6,2
411,P,E,0.3535,0.01175,7,2
411,P,F,-0.02429,0.01756,7,2
411,P,G,0.145,0.2733,7,2
411,P,H,0.4375,0.1091,7,2
411,P,I,-0.0661,0.0073,10.5,2
411,P,K,-0.03861,0.04823,8,2
411,P,L,0.2516,0.3903,5.5,2
411,P,M,-0.07242,0.06168,6.5,2
411,P,N,-0.3579,0.2097,4,2
411,P,P,0,0,,2
411,P,Q,-0.00355,0.1323,8,2
411,P,R,0.04421,0.03378,2.5,2
411,P,S,-0.2963,0.3319,3.5,2
411,P,T,0.3014,0.1798,8,2
411,P,V,-0.281,0.1071,7.5,2
411,P,W,0.059,0.0623,5,2
411,P,Y,0.1254,0.08669,5.5,2
412,Q,*,-6,0,1,2
412,Q,A,-0.1433,0.1733,9,2
412,Q,C,-0.3161,0.1262,5.5,2
412,Q,D,0.07148,0.1477,6.5,2
412,Q,E,0.1119,0.1154,7.5,2
412,Q,F,-0.2171,0.5068,8,2
412,Q,G,-0.2835,0.4088,5,2
412,Q,H,-0.3523,0.109,7.5,2
412,Q,I,0.04895,0.03016,5,2
412,Q,K,-0.2763,0.3286,7.5,2
412,Q,L,0.3385,0.5102,5,2
412,Q,M,-0.09025,0.1688,7,2
412,Q,N,0.1861,0.0074,6.5,2
412,Q,P,0.4219,0.1908,4.5,2
412,Q,Q,0,0,,2
412,Q,R,-0.08335,0.3681,7.5,2
412,Q,S,-0.1539,0.2452,7.5,2
412,Q,T,-0.05743,0.09017,6,2
412,Q,V,-0.1764,0.1779,5.5,2
412,Q,W,0.0396,0.04855,6,2
412,Q,Y,0.03383,0.04417,6.5,2
413,T,A,-0.0314,0.3085,6,2
413,T,C,0.05305,0.2798,6,2
413,T,D,0.06798,0.1651,3.5,2
413,T,E,0.06762,0.1527,7,2
413,T,F,-0.1112,0.1844,2.5,2
413,T,H,0.2809,0.1376,8,2
413,T,I,-0.1438,0.0241,8.5,2
413,T,K,0.0906,0.3066,4.5,2
413,T,L,-0.2822,0.0152,7.5,2
413,T,M,0.08188,0.06923,9,2
413,T,N,0.1818,0.1959,5,2
413,T,P,0.08035,0.249,6,2
413,T,Q,-0.1602,0.6905,7,2
413,T,R,-0.2034,0.5285,3,2
413,T,S,-0.2066,0.0747,4,2
413,T,T,0,0,,2
413,T,V,-0.1058,0.1942,6.5,2
413,T,W,-0.1711,0.2763,5.5,2
413,T,Y,-0.05019,0.07301,8.5,2
414,D,A,0.4367,0.0257,8,2
414,D,C,-0.01585,0.06544,8.5,2
414,D,D,0,0,,2
414,D,E,0.3582,0.2366,5.5,2
414,D,F,0.3465,0.0657,5.5,2
414,D,G,0.2002,0.0464,6,2
414,D,H,0.2218,0.1932,5,2
414,D,I,0.1605,0.2955,6,2
414,D,K,0.2177,0.0628,8.5,2
414,D,L,-0.2963,0.0566,3.5,2
414,D,M,-0.1216,0.1308,8.5,2
414,D,N,0.2918,0.0092,6.5,2
414,D,P,-0.2071,0.2847,4.5,2
414,D,Q,0.5535,0.118,4.5,2
414,D,R,-0.1261,0.1461,6,2
414,D,S,-0.0949,0.109,6.5,2
414,D,T,-0.256,0.01745,5.5,2
414,D,V,-0.1751,0.0513,8.5,2
414,D,W,0.1867,0.1198,5.5,2
414,D,Y,-0.2135,0.3151,3.5,2
415,R,A,0.3677,0.04815,2.5,2
415,R,C,-0.0607,0.02747,9.5,2
415,R,D,0.0317,0.191,9,2
415,R,E,-0.0673,0.1753,5,2
415,R,F,-0.2335,0.4804,7.5,2
415,R,G,-0.1658,0.3771,5.5,2
415,R,H,0.1404,0.07977,7,2
415,R,I,-0.1249,0.1531,6,2
415,R,K,0.03961,0.00175,9.5,2
415,R,L,0.1705,0.07921,11.5,2
415,R,M,0.1947,0.08445,6,2
415,R,N,-0.07325,0.2001,8.5,2
415,R,P,-0.3181,0.135,4,2
415,R,Q,0.09673,0.006275,6,2
415,R,R,0,0,,2
415,R,S,0.0271,0.2854,4,2
415,R,T,-0.1062,0.07355,5,2
415,R,V,-0.2953,0.0748,7.5,2
415,R,W,-0.2436,0.2115,6.5,2
415,R,Y,-0.06345,0.09845,3.5,2
416,L,A,-0.3296,0.1555,6.5,2
416,L,C,-0.1285,0.04496,7,2
416,L,D,-3.452,0.0025,7,2
416,L,E,-0.5822,0.0822,9,2
416,L,F,0.0772,0.046,5,2
416,L,G,-0.494,0.2526,6,2
416,L,H,-0.1724,0.1414,6.5,2
416,L,I,-0.06895,0.2945,6.5,2
416,L,K,-0.2446,0.1407,7,2
416,L,L,0,0,,2
416,L,M,-0.4805,0.0525,3,2
416,L,N,-0.9093,0.4348,3.5,2
416,L,P,-0.3573,0.2184,5,2
416,L,Q,-0.2124,0.03855,6.5,2
416,L,R,-0.2304,0.0026,8,2
416,L,S,-0.1335,0.09225,2.5,2
416,L,T,0.09294,0.02966,5,2
416,L,V,0.2132,0.1054,5,2
416,L,W,-0.00655,0.122,7,2
416,L,Y,-0.1406,0.3161,4.5,2
417,A,A,0,0,,2
417,A,C,-0.3533,0.5233,5.5,2
417,A,D,-0.1735,0.1484,10,2
417,A,E,-0.2466,0.3889,5,2
417,A,F,-0.2579,0.104,4,2
417,A,G,-0.01885,0.3219,5,2
417,A,H,0.08934,0.1889,5,2
417,A,I,-0.2411,0.0341,9.5,2
417,A,K,0.03251,0.121,4,2
417,A,L,0.159,0.04715,5.5,2
417,A,M,-0.09582,0.02427,7.5,2
417,A,N,-0.07964,0.01311,12.5,2
417,A,P,-0.0244,0.1429,4.5,2
417,A,Q,-0.3809,0.063,10,2
417,A,R,-0.4144,0.3684,5,2
417,A,S,-0.2093,0.1386,7.5,2
417,A,T,-0.1765,0.2347,7.5,2
417,A,V,0.09865,0.1193,8.5,2
417,A,W,-0.2361,0.1812,8.5,2
417,A,Y,0.07211,0.06069,7.5,2
418,C,*,-6,0,1,1
418,C,A,-0.2291,0.2736,5,2
418,C,C,0,0,,2
418,C,D,-6,0,9.5,2
418,C,E,-6,0,5,2
418,C,F,-3.143,0.1045,11,2
418,C,G,-1.052,0.2085,7,2
418,C,H,-6,0,10.5,2
418,C,I,-1.043,0.017,8,2
418,C,K,-6,0,3.5,2
418,C,L,-0.6381,0.00105,6.5,2
418,C,M,-0.7601,0.04545,3,2
418,C,N,-5.735,0,6.5,2
418,C,P,-6,0,6.5,2
418,C,Q,-5.434,0,4,2
418,C,R,-6,0,7,2
418,C,S,-1.228,0.133,5.5,2
418,C,T,-0.924,0.401,9,2
418,C,V,-0.3414,0.2561,5.5,2
418,C,W,-6,0,11,2
418,C,Y,-6,0,13,2
419,Y,*,-6,0,1,1
419,Y,A,-0.2366,0.2348,3.5,2
419,Y,C,0.2069,0.3628,4,2
419,Y,D,-1.017,0.1754,7,2
419,Y,E,-0.9049,0.253,5.5,2
419,Y,F,0.0941,0.005845,8,2
419,Y,G,-0.4693,0.2616,5.5,2
419,Y,H,-0.4526,0.1159,3.5,2
419,Y,I,-0.05554,0.1343,6,2
419,Y,K,0.1101,0.1483,7,2
419,Y,L,-0.2701,0.1818,6,2
419,Y,M,-0.1623,0.2817,4,2
419,Y,N,-5.999,0,4.5,2
419,Y,P,-2.082,0.0875,6,2
419,Y,Q,-0.1353,0.1843,9.5,2
419,Y,R,0.1866,0.2117,5.5,2
419,Y,S,-0.2712,0.1718,4.5,2
419,Y,T,-0.3001,0.4207,6.5,2
419,Y,V,0.2211,0.4828,2.5,2
419,Y,W,0.01091,0.06237,10,2
419,Y,Y,0,0,,2
420,V,A,0.1638,0.1012,11,2
420,V,C,0.03425,0.1872,9.5,2
420,V,D,-5.132,0,7.5,2
420,V,E,-3.056,0.0045,5.5,2
420,V,F,-0.4658,0.0916,7.5,2
420,V,G,-0.6012,0.3594,1,2
420,V,H,-2.523,0.097,3.5,2
420,V,I,0.04282,0.03107,9,2
420,V,K,-6,0,5,2
420,V,L,-0.801,0.239,5,2
420,V,M,-0.1309,0.07559,6,2
420,V,N,-0.511,0.2173,6,2
420,V,P,-0.8128,0.037,6.5,2
420,V,Q,-1.901,0.0355,5.5,2
420,V,R,-6,0,7,2
420,V,S,-0.1123,0.1234,5.5,2
420,V,T,-0.06976,0.01877,6.5,2
420,V,V,0,0,,2
420,V,W,-3.558,0,5,2
420,V,Y,-1.574,0.1355,4,2
421,T,A,0.1784,0.05035,6,2
421,T,C,0.04152,0.1167,12.5,2
421,T,D,-0.4676,0.2207,5.5,2
421,T,E,-0.546,0.3209,5.5,2
421,T,F,0.1952,0.4546,6,2
421,T,G,-0.5371,0.174,6,2
421,T,H,-0.1186,0.2131,4,2
421,T,I,-0.2614,0.0977,11,2
421,T,K,-0.0177,0.06781,7.5,2
421,T,L,-0.3335,0,2,1
421,T,M,0.04898,0.06482,8,2
421,T,N,0.1563,0.1009,6,2
421,T,P,-0.8618,0.124,6.5,2
421,T,Q,-0.03353,0.1122,4.5,2
421,T,R,-0.0115,0.2007,5.5,2
421,T,S,-0.06205,0.3574,4.5,2
421,T,T,0,0,,2
421,T,V,0.01585,0.09265,8,2
421,T,W,0.3281,0.06865,4,2
421,T,Y,0.1413,0.07995,9.5,2
422,G,A,-0.2568,0.3553,5.5,2
422,G,C,-0.2715,0.059,10,2
422,G,D,-0.09325,0.3486,5.5,2
422,G,E,-0.003752,0.0009115,4,2
422,G,F,-0.0599,0.3226,8,2
422,G,G,0,0,,2
422,G,H,0.5742,0.1305,9,2
422,G,I,-0.508,0.1108,7.5,2
422,G,K,0.0526,0.07729,9,2
422,G,L,0.3441,0.2213,4,2
422,G,M,-0.02501,0,2,1
422,G,N,-0.1263,0.1242,5,2
422,G,P,-0.1741,0.2269,7,2
422,G,Q,0.3573,0.105,5.5,2
422,G,R,0.1762,0.0116,8,2
422,G,S,-0.07157,0.03023,9.5,2
422,G,T,-0.4307,0.0832,4,2
422,G,V,-0.5795,0.1913,6,2
422,G,W,-0.1803,0.2168,8,2
422,G,Y,-0.1308,0.2538,4,2
423,F,A,-0.0689,0.0425,6,2
423,F,C,-0.2717,0.2464,6,2
423,F,D,-1.7,0.263,3.5,2
423,F,E,-0.7031,0.2848,5.5,2
423,F,F,0,0,,2
423,F,G,-0.2578,0.1796,6,2
423,F,H,-0.1797,0.2675,3,2
423,F,I,-0.1149,0.1952,7.5,2
423,F,K,-3.463,0,3.5,2
423,F,L,-0.1313,0.1924,9.5,2
423,F,M,0.4015,0.5677,4,2
423,F,N,-0.6073,0.1949,5.5,2
423,F,P,-1.876,0.038,6,2
423,F,Q,-0.2542,0.4345,5.5,2
423,F,R,-2.638,0.263,4,2
423,F,S,-0.05615,0.2056,4.5,2
423,F,T,0.01559,0.09311,6,2
423,F,V,0.04736,0.07034,5,2
423,F,W,-0.1245,0.1931,7.5,2
423,F,Y,-0.09539,0.09231,7,2
424,Y,*,-6,0,0.5,1
424,Y,A,-0.748,0.1139,5,2
424,Y,C,-0.6421,0.01855,5,2
424,Y,D,-1.861,0.2185,5,2
424,Y,E,-1.823,0.607,3,2
424,Y,F,-0.4115,0.1032,6,2
424,Y,G,-1.34,0.02,6.5,2
424,Y,H,-0.13,0.1046,5,2
424,Y,I,-1.375,0.1455,3,2
424,Y,K,-2.153,0.076,9,2
424,Y,L,-0.1594,0.0556,7.5,2
424,Y,M,-0.5244,0.1835,5.5,2
424,Y,N,-0.4375,0.06395,5.5,2
424,Y,P,-2.651,0.3165,3.5,2
424,Y,Q,-0.4208,0.3174,7,2
424,Y,R,-0.8579,0.1091,4,2
424,Y,S,-1.445,0.328,4.5,2
424,Y,T,-1.017,0.202,8,2
424,Y,V,-1.349,0.104,3,2
424,Y,W,-0.9061,0.07535,5.5,2
424,Y,Y,0,0,,2
425,P,A,-0.4755,0.00975,7,2
425,P,C,-0.1227,0.0409,10,2
425,P,D,-0.1932,0.00085,7,2
425,P,E,0.07515,0.2767,5.5,2
425,P,F,-0.4461,0.2902,8.5,2
425,P,G,-0.1987,0.0301,5.5,2
425,P,H,-0.08045,0.1191,9,2
425,P,I,-0.4652,0.1779,5,2
425,P,K,-0.0893,0.2067,5.5,2
425,P,L,-0.5256,0.054,6,2
425,P,M,-0.2493,0.2767,5,2
425,P,N,-0.09187,0.09313,4,2
425,P,P,0,0,,2
425,P,Q,0.2731,0.1095,6.5,2
425,P,R,-0.1327,0.14,4.5,2
425,P,S,-0.448,0.1062,5,2
425,P,T,-0.5567,0.08785,5,2
425,P,V,-0.06621,0.07978,9.5,2
425,P,W,-0.38,0.0679,6,2
425,P,Y,-0.3895,0.0623,7.5,2
426,A,A,0,0,,2
426,A,C,-0.1439,0.3662,5.5,2
426,A,D,-0.2213,0.1134,7.5,2
426,A,E,-0.2986,0.3775,7,2
426,A,F,-0.1894,0.4897,2.5,2
426,A,G,-0.1835,0.4028,5,2
426,A,H,-0.07581,0.1739,5.5,2
426,A,I,0.1148,0.115,6,2
426,A,K,0.1074,0.1069,5,2
426,A,L,-0.03625,0.152,8,2
426,A,M,-0.1644,0.4091,4.5,2
426,A,N,-0.1396,0.2154,8,2
426,A,P,-0.1224,0.2134,4.5,2
426,A,Q,-0.3056,0.03755,5.5,2
426,A,R,-0.1368,0.4563,4,2
426,A,S,0.0584,0.2733,5,2
426,A,T,0.2447,0.2684,13,2
426,A,V,0.03629,0.1162,8,2
426,A,W,-0.0697,0.2088,7.5,2
426,A,Y,-0.03333,0.03617,4,2
427,D,A,0.149,0.2231,9,2
427,D,C,0.3276,0.06465,5,2
427,D,D,0,0,,2
427,D,E,0.104,0.0956,6,2
427,D,F,-0.4102,0.4046,2.5,2
427,D,G,-0.2343,0.2967,5,2
427,D,H,0.08515,0.1764,8.5,2
427,D,I,-0.2469,0.1693,5,2
427,D,K,0.0195,0.1485,5,2
427,D,L,-0.1531,0.06922,3.5,2
427,D,M,-0.2233,0.2503,6,2
427,D,N,-0.02745,0.3861,12,2
427,D,P,0.3608,0.0512,5,2
427,D,Q,-0.4466,0.9184,2,2
427,D,R,-0.0948,0.2134,9,2
427,D,S,0.1402,0.09713,4,2
427,D,T,-0.2147,0.0362,5.5,2
427,D,V,0.1993,0.03025,5.5,2
427,D,W,-0.02885,0.168,3.5,2
427,D,Y,0.06011,0.000155,6.5,2
428,I,A,0.01417,0.06653,7.5,2
428,I,C,-0.3115,0.1037,8.5,2
428,I,D,-1.518,0.1415,8.5,2
428,I,E,-1.083,0.0595,7,2
428,I,F,0.02435,0.1508,8,2
428,I,G,0.2098,0.5,4,2
428,I,H,-0.0785,0.2661,4.5,2
428,I,I,0,0,,2
428,I,K,-1.272,0.534,7.5,2
428,I,L,-0.007883,0.01385,7.5,2
428,I,M,0.2029,0.03585,6,2
428,I,N,-0.1438,0.0361,5,2
428,I,P,-0.07475,0.2251,5,2
428,I,Q,-0.3719,0.09155,9,2
428,I,R,-0.6441,0.08585,8.5,2
428,I,S,-0.2132,0,2,1
428,I,T,-0.1349,0.1747,6,2
428,I,V,0.1902,0.0222,4,2
428,I,W,-0.2707,0.3521,5.5,2
428,I,Y,-0.2874,0.3227,6,2
429,Q,*,-4.283,0,1,1
429,Q,A,0.3259,0.08775,4.5,2
429,Q,C,-0.4064,0.3553,4,2
429,Q,D,0.07495,0.05875,4.5,2
429,Q,E,-0.368,0.1691,6,2
429,Q,F,0.3922,0.085,7,2
429,Q,G,0.1165,0.06191,3.5,2
429,Q,H,-0.2824,0.5148,5.5,2
429,Q,I,-0.26,0.0424,10.5,2
429,Q,K,-0.1709,0.0022,7.5,2
429,Q,L,-0.2434,0.447,4,2
429,Q,M,-0.3382,0.2593,4.5,2
429,Q,N,-0.2373,0.0609,7.5,2
429,Q,P,-0.7098,0.2396,8,2
429,Q,Q,0,0,,2
429,Q,R,-0.0205,0.1639,7.5,2
429,Q,S,-0.06214,0.03877,10.5,2
429,Q,T,-0.2702,0.1114,7.5,2
429,Q,V,0.06795,0.2087,4,2
429,Q,W,0.2881,0.2361,3,2
429,Q,Y,-0.17,0.206,3.5,2
430,V,A,-0.1271,0.03013,7.5,2
430,V,C,-0.104,0.0797,5,2
430,V,D,-6,0,9.5,2
430,V,E,-5.742,0,8,2
430,V,F,-0.1,0.06709,10.5,2
430,V,G,-0.7574,0.1213,7.5,2
430,V,H,-1.595,0.068,9.5,2
430,V,I,-0.131,0.3157,7,2
430,V,K,-3.848,0,5,2
430,V,L,0.1053,0.1447,8.5,2
430,V,M,-0.0703,0.2762,5.5,2
430,V,N,-2.271,0.235,7,2
430,V,P,-1.003,0.1869,8,2
430,V,Q,-0.7748,0.04635,6,2
430,V,R,-3.738,0,5.5,2
430,V,S,-0.9576,0.1054,8.5,2
430,V,T,-0.435,0.0535,3,2
430,V,V,0,0,,2
430,V,W,-0.3538,0.2368,8,2
430,V,Y,-0.09035,0.1125,6,2
431,K,A,-0.08139,0.1134,5,2
431,K,C,-0.07574,0.1527,7,2
431,K,D,0.1568,0.05732,8,2
431,K,E,0.2947,0.2184,7,2
431,K,F,0.1945,0.2634,4,2
431,K,G,0.1735,0.3262,4,2
431,K,H,0.046,0.2827,9,2
431,K,I,-0.2493,0.2534,6.5,2
431,K,K,0,0,,2
431,K,L,0.0367,0.3739,3.5,2
431,K,M,0.1427,0.1971,6,2
431,K,N,0.07425,0.2045,8.5,2
431,K,P,-3.889,0,8,2
431,K,Q,0.059,0.2838,6,2
431,K,R,0.1077,0.1156,3,2
431,K,S,-0.03755,0.1585,5,2
431,K,T,0.09175,0.02305,5,2
431,K,V,-0.09835,0.3023,6.5,2
431,K,W,-0.02254,0.06691,8.5,2
431,K,Y,0.2397,0.018,7.5,2
432,W,*,-6,0,1,2
432,W,A,-0.482,0.05955,7.5,2
432,W,C,-1.966,0.6315,4.5,2
432,W,D,-6,0,6,2
432,W,E,-5.068,0,10,2
432,W,F,0.1907,0.2013,7.5,2
432,W,G,-2.386,0.187,4,2
432,W,H,-1.495,0.153,3.5,2
432,W,I,-0.08883,0.05638,6,2
432,W,K,-4.22,0,3,2
432,W,L,0.3311,0.1285,6,2
432,W,M,-0.2514,0.1898,5.5,2
432,W,N,-3.483,0,3,2
432,W,P,-2.213,0.1075,6,2
432,W,Q,-1.486,0.146,4,2
432,W,R,-6,0,6,2
432,W,S,-2.885,0.075,4.5,2
432,W,T,-0.63,0.07005,4.5,2
432,W,V,-0.4244,0.00865,7.5,2
432,W,W,0,0,,2
432,W,Y,0.09995,0.1234,7,2
433,F,A,0.4042,0.0473,4,2
433,F,C,-0.1403,0.0095,6,2
433,F,D,-0.1219,0.0037,4.5,2
433,F,E,0.03585,0.2188,5,2
433,F,F,0,0,,2
433,F,G,-0.1663,0.1795,9,2
433,F,H,-0.01082,0.09028,3.5,2
433,F,I,-0.07695,0.2987,7.5,2
433,F,K,-0.1878,0.03665,7,2
433,F,L,-0.237,0.039,4.5,2
433,F,M,0.0128,0.1911,5.5,2
433,F,N,0.0753,0.0843,6.5,2
433,F,P,-6,0,8.5,2
433,F,Q,-0.02,0.3082,7,2
433,F,R,0.0085,0.1916,8,2
433,F,S,-2.967,1.533,2.5,2
433,F,T,-0.1275,0.2873,3.5,2
433,F,V,0.3075,0.4804,4,2
433,F,W,0.1853,0.1495,4,2
433,F,Y,-0.09849,0.0714,2.5,2
434,K,A,-0.07699,0.09541,4.5,2
434,K,C,-0.1843,0.0171,6.5,2
434,K,D,-0.2843,0.2557,5,2
434,K,E,-0.3036,0.1851,5.5,2
434,K,F,-0.156,0.09035,6.5,2
434,K,G,-0.07575,0.09255,8,2
434,K,H,0.01575,0.1778,5.5,2
434,K,I,0.2111,0.1371,4,2
434,K,K,0,0,,2
434,K,L,0.1663,0.1966,7.5,2
434,K,M,-0.3022,0.2605,7.5,2
434,K,N,-0.4063,0.3074,7.5,2
434,K,P,-1.27,0.062,12.5,2
434,K,Q,0.1789,0.00265,6,2
434,K,R,0.1531,0.13,9.5,2
434,K,S,-0.1884,0.0157,4.5,2
434,K,T,0.06401,0.01772,8.5,2
434,K,V,0.1923,0.1568,4.5,2
434,K,W,0.1569,0.53,3.5,2
434,K,Y,-0.245,0.2753,5.5,2
435,N,A,-0.1384,0.1071,4.5,2
435,N,C,0.02514,0.09477,4.5,2
435,N,D,0.1298,0.1542,6.5,2
435,N,E,0.05444,0.106,5.5,2
435,N,F,-0.0329,0.1588,6.5,2
435,N,G,-0.12,0.1512,5.5,2
435,N,H,-0.1059,0.04603,5.5,2
435,N,I,-0.2332,0.2488,3.5,2
435,N,K,-0.03715,0.0217,9,2
435,N,L,0.0249,0.2847,4.5,2
435,N,M,-0.2661,0.2605,6.5,2
435,N,N,0,0,,2
435,N,P,-1.6,0.166,5.5,2
435,N,Q,0.09336,0.09035,3.5,2
435,N,R,-0.07533,0.08826,7.5,2
435,N,S,-0.4085,0.4404,4,2
435,N,T,-0.03645,0.1823,8.5,2
435,N,V,-0.3394,0.0565,8.5,2
435,N,W,-0.1168,0.09385,6.5,2
435,N,Y,-0.3972,0.04335,5,2
436,G,A,-0.2029,0.377,6.5,2
436,G,C,-0.1804,0.1309,3,2
436,G,D,0.1517,0.336,7,2
436,G,E,0.2142,0.0167,2,2
436,G,F,-0.1243,0.06618,5.5,2
436,G,G,0,0,,2
436,G,H,0.2438,0.1444,7,2
436,G,I,-0.05249,0.05282,6.5,2
436,G,K,-0.1401,0.2771,3.5,2
436,G,L,0.3554,0.2737,5.5,2
436,G,M,-0.1052,0.07381,8,2
436,G,N,0.1626,0.2497,8.5,2
436,G,P,-1.372,0.2105,9.5,2
436,G,Q,-0.3126,0.2933,6.5,2
436,G,R,0.1146,0.255,5.5,2
436,G,S,-0.04225,0.2006,6.5,2
436,G,T,0.0679,0.3638,5,2
436,G,V,-0.429,0.0966,7,2
436,G,W,0.2024,0.0717,7,2
436,G,Y,0.1163,0.1862,7,2
437,Q,*,-6,0,0.5,1
437,Q,A,-0.1049,0.04399,5,2
437,Q,C,-0.1687,0.00975,8.5,2
437,Q,D,-0.1425,0.1524,7.5,2
437,Q,E,-0.03205,0.3744,6,2
437,Q,F,-0.3156,0.1537,5.5,2
437,Q,G,-0.1151,0.123,6.5,2
437,Q,H,0.0888,0.3091,10,2
437,Q,I,0.1725,0.02735,6.5,2
437,Q,K,0.1009,0.307,12.5,2
437,Q,L,0.0173,0.0871,8.5,2
437,Q,M,0.0198,0.1828,5,2
437,Q,N,-0.03859,0.07242,6,2
437,Q,P,-0.5591,0.4149,6,2
437,Q,Q,0,0,,2
437,Q,R,-0.2246,0.2706,7.5,2
437,Q,S,-0.4554,0.4212,7.5,2
437,Q,T,-0.0035,0.3501,11.5,2
437,Q,V,0.6609,0.3941,5,2
437,Q,W,-0.02778,0.07442,9,2
437,Q,Y,-0.3352,0.0278,9,2
438,E,A,0.07378,0.07652,6.5,2
438,E,C,-0.2166,0.1949,7.5,2
438,E,D,0.1056,0.06164,5.5,2
438,E,E,0,0,,2
438,E,F,-0.09887,0.1594,8,2
438,E,G,0.1967,0.1312,9,2
438,E,H,0.2377,0.3266,7.5,2
438,E,I,0.03151,0.01895,8,2
438,E,K,-0.1363,0.01995,6.5,2
438,E,L,0.12,0.2114,6,2
438,E,M,0.07803,0.02406,6,2
438,E,N,0.3438,0.1888,9,2
438,E,P,-0.1842,0.2436,6.5,2
438,E,Q,-0.1457,0.2685,5.5,2
438,E,R,0.1008,0.0638,5,2
438,E,S,-0.3448,0.0412,7,2
438,E,T,0.2457,0.1998,4.5,2
438,E,V,-0.1635,0.12,8.5,2
438,E,W,0.2264,0.0183,8,2
438,E,Y,-0.0538,0.1656,9,2
439,E,A,0.1877,0.052,7,2
439,E,C,0.06448,0.1108,7.5,2
439,E,D,-0.4178,0.00835,5.5,2
439,E,E,0,0,,2
439,E,F,-0.04441,0.02567,6.5,2
439,E,G,-0.3015,0.3527,4.5,2
439,E,H,-0.0822,0.1957,7,2
439,E,I,0.371,0.02415,6,2
439,E,K,0.2363,0.3293,11,2
439,E,L,0.0612,0.4265,5.5,2
439,E,M,-0.1148,0.2643,6,2
439,E,N,-0.3927,0.1278,4,2
439,E,P,-0.1317,0.4483,3,2
439,E,Q,0.1785,0.0395,8,2
439,E,R,0.1069,0.3442,5.5,2
439,E,S,0.2772,0.0421,7,2
439,E,T,-0.2401,0.2413,6,2
439,E,V,0.1554,0.06007,7,2
439,E,W,-0.2589,0.2457,6.5,2
439,E,Y,-0.3711,0.4539,4,2
440,T,A,0.286,0.1732,5.5,2
440,T,C,-0.1572,0.07518,6,2
440,T,D,-0.1915,0.08225,8.5,2
440,T,E,-0.1751,0.44,5,2
440,T,F,0.1291,0.1594,10,2
440,T,G,0.3643,0.2092,6,2
440,T,H,-0.023,0.5248,6.5,2
440,T,I,0.07205,0.04295,7,2
440,T,K,-0.0864,0.0289,7.5,2
440,T,L,-0.5489,0.09515,3,2
440,T,M,0.08493,0.04158,8,2
440,T,N,0.1792,0.2451,4,2
440,T,P,0.02687,0.04043,4.5,2
440,T,Q,0.2022,0.1113,6,2
440,T,R,0.12,0.04085,3,2
440,T,S,0.2267,0.1205,5.5,2
440,T,T,0,0,,2
440,T,V,0.03165,0.2833,8.5,2
440,T,W,-0.06,0.1817,8.5,2
440,T,Y,0.1769,0.1915,7.5,2
441,K,*,-6,0,0.5,1
441,K,A,0.1588,0.05994,6.5,2
441,K,C,0.0743,0.1802,6.5,2
441,K,D,0.05524,0.07066,4.5,2
441,K,E,-0.1922,0.0763,7.5,2
441,K,F,0.03879,0.07971,9.5,2
441,K,G,-0.1799,0.1524,11,2
441,K,H,0.1212,0.04915,5,2
441,K,I,0.1019,0.09531,8,2
441,K,K,0,0,,2
441,K,L,0.05516,0.06494,4,2
441,K,M,0.1296,0.00385,6.5,2
441,K,N,-0.1133,0.356,8,2
441,K,P,0.1159,0.1029,6,2
441,K,Q,-0.0688,0.2124,5.5,2
441,K,R,0.1041,0.1295,10,2
441,K,S,0.3743,0.04975,4,2
441,K,T,-0.1539,0.4974,3,2
441,K,V,0.1298,0.1912,6,2
441,K,W,-0.0624,0.2411,8.5,2
441,K,Y,0.2446,0.08675,5.5,2
442,H,A,-0.2984,0.147,6.5,2
442,H,C,0.1253,0.05185,7,2
442,H,D,0.1293,0.2692,7.5,2
442,H,E,-0.2428,0.106,7.5,2
442,H,F,0.07335,0.241,8.5,2
442,H,G,-0.2346,0.03445,12,2
442,H,H,0,0,,2
442,H,I,0.1334,0.2326,6,2
442,H,K,0.1171,0.4257,2,2
442,H,L,0.1237,0.02265,8,2
442,H,M,-0.1685,0.09512,8.5,2
442,H,N,0.06686,0.1285,7,2
442,H,P,0.1605,0.00805,8,2
442,H,Q,0.2457,0.66,5.5,2
442,H,R,0.1282,0.012,8.5,2
442,H,S,0.194,0.0286,5.5,2
442,H,T,0.08643,0.03558,9,2
442,H,V,0.0699,0.2034,6.5,2
442,H,W,-0.007475,0.09792,5,2
442,H,Y,0.08414,0.06456,12.5,2
443,V,A,0.07685,0.1729,6.5,2
443,V,C,0.04606,0.08954,6.5,2
443,V,D,-0.4792,0.5509,6,2
443,V,E,-0.08182,0.07168,6,2
443,V,F,0.1595,0.2202,4,2
443,V,G,-0.1894,0.2617,5,2
443,V,H,0.2285,0.2208,8,2
443,V,I,0.08225,0.1778,6.5,2
443,V,K,0.09784,0.1014,4.5,2
443,V,L,-0.2738,0.1682,5.5,2
443,V,M,0.1848,0.315,8.5,2
443,V,N,0.3245,0.3779,6.5,2
443,V,P,0.1419,0.074,5.5,2
443,V,Q,0.5784,0.1303,2.5,2
443,V,R,0.5165,0.2344,5,2
443,V,S,-0.01997,0.08213,8.5,2
443,V,T,-0.1141,0.1704,6.5,2
443,V,V,0,0,,2
443,V,W,0.1603,0.05295,10,2
444,V,A,0.05255,0.01915,5,2
444,V,C,-0.1028,0.2249,8,2
444,V,D,0.3533,0.0055,4.5,2
444,V,E,0.1531,0.1746,4.5,2
444,V,F,0.2219,0.1293,7,2
444,V,G,-0.3243,0.035,6.5,2
444,V,H,0.04922,0.1482,9,2
444,V,I,0.01234,0.0584,8.5,2
444,V,K,-0.1687,0.2621,8.5,2
444,V,L,0.06395,0.4627,7.5,2
444,V,M,-0.3012,0.2691,8,2
444,V,N,0.03797,0.01199,5,2
444,V,P,-0.2101,0.4629,4.5,2
444,V,Q,-0.1177,0.3838,5.5,2
444,V,R,0.1946,0.4971,5,2
444,V,S,0.1684,0.0554,5.5,2
444,V,T,0.08605,0.2517,7.5,2
444,V,V,0,0,,2
444,V,W,-0.06316,0.1129,8.5,2
444,V,Y,0.4265,0.1218,5,2
445,S,A,0.0911,0.0354,7,2
445,S,C,0.08676,0.07223,6.5,2
445,S,D,0.0962,0.03611,4.5,2
445,S,E,-0.1403,0.1157,5.5,2
445,S,F,-0.1764,0.1063,8,2
445,S,G,-0.1885,0.004,4.5,2
445,S,H,0.1236,0.02921,11.5,2
445,S,I,0.1673,0.1865,7.5,2
445,S,K,-0.02755,0.2529,6.5,2
445,S,L,0.3901,0.01855,4.5,2
445,S,M,0.07775,0.1376,7.5,2
445,S,N,-0.1545,0.2116,7.5,2
445,S,P,0.4945,0.1335,4,2
445,S,Q,0.06135,0.1658,8,2
445,S,R,-0.08077,0.1475,12,2
445,S,S,0,0,,2
445,S,T,-0.2588,0.05655,2.5,2
445,S,V,0.3296,0.1737,6,2
445,S,W,-0.0565,0.005025,8.5,2
445,S,Y,0.01947,0.04842,7.5,2
446,T,A,0.0137,0,3,1
446,T,C,-0.03775,0.2339,8,2
446,T,D,0.1628,0.00045,4.5,2
446,T,E,-0.2418,0.0829,10,2
446,T,F,-0.05675,0.04505,6,2
446,T,G,0.00996,0.03126,6.5,2
446,T,H,0.0567,0.2729,5,2
446,T,I,-0.4499,0.07035,7.5,2
446,T,K,-0.07825,0.1833,11,2
446,T,L,0.117,0.2258,3.5,2
446,T,M,0.05081,0.09279,6.5,2
446,T,N,-0.07688,0.08122,9.5,2
446,T,P,-0.15,0.2089,6,2
446,T,Q,-0.2412,0.05535,6.5,2
446,T,R,0.1141,0.07992,6.5,2
446,T,S,-0.2112,0.2526,7,2
446,T,T,0,0,,2
446,T,V,0.05014,0.05956,8.5,2
446,T,W,0.08845,0.01825,10.5,2
446,T,Y,-0.6925,0.4995,4.5,2
447,D,A,0.3356,0.01955,4.5,2
447,D,C,0.05656,0.01747,7,2
447,D,D,0,0,,2
447,D,E,0.1779,0.0446,9,2
447,D,F,0.1848,0.1116,7.5,2
447,D,G,0.1527,0.0509,9.5,2
447,D,H,-0.06292,0.1367,7,2
447,D,I,0.05144,0.1349,6.5,2
447,D,K,0.395,0.01545,6,2
447,D,L,-0.2882,0.1509,7,2
447,D,M,0.3707,0.0755,6,2
447,D,N,0.1448,0.1502,4.5,2
447,D,P,-0.09502,0.1538,12.5,2
447,D,Q,0.06146,0.08614,8,2
447,D,R,-0.02855,0.1434,7.5,2
447,D,S,0.1722,0.0114,6,2
447,D,T,-0.2351,0.2821,4.5,2
447,D,V,-0.0808,0.4206,3.5,2
447,D,W,-0.2635,0.3723,5,2
447,D,Y,0.4982,0.2185,5,2
448,V,-,-0.6409,0,0.5,1
448,V,A,0.3305,0.3604,6,2
448,V,C,-0.1142,0.02584,7.5,2
448,V,D,-0.5559,0.023,5.5,2
448,V,E,-0.07404,0.06727,7,2
448,V,F,-0.07701,0.02419,6.5,2
448,V,G,0.05995,0.4046,5.5,2
448,V,H,0.02836,0.03573,2.5,2
448,V,I,0.05113,0.1165,7,2
448,V,K,-0.06684,0.1336,4.5,2
448,V,L,0.01841,0.09829,9,2
448,V,M,0.4889,0.06655,7,2
448,V,N,0.1175,0.1157,8.5,2
448,V,P,-0.4182,0.2099,4,2
448,V,Q,0.2348,0.2183,5.5,2
448,V,R,0.1636,0.0315,9,2
448,V,S,-0.2349,0.2294,8.5,2
448,V,T,0.2483,0.1115,2.5,2
448,V,V,0,0,,2
448,V,W,-0.08295,0.2802,4.5,2
448,V,Y,-0.1205,0.08415,6.5,2
449,I,A,-0.04847,0.1436,4.5,2
449,I,C,-0.21,0.0618,6,2
449,I,D,-0.3622,0.1558,7,2
449,I,E,-0.04845,0.00295,3.5,2
449,I,F,-0.4787,0.2156,4,2
449,I,G,-0.1295,0.00535,7,2
449,I,H,-0.08635,0.6423,3.5,2
449,I,I,0,0,,2
449,I,K,-0.1376,0.4814,4,2
449,I,L,-0.3018,0.09335,8.5,2
449,I,M,-0.07397,0.05523,7.5,2
449,I,N,-0.1368,0.2016,4.5,2
449,I,P,-1.594,0.457,6,2
449,I,Q,-0.06488,0.01263,6,2
449,I,R,-0.2572,0.0276,5.5,2
449,I,S,-0.1045,0.0215,5.5,2
449,I,T,-0.2467,0.1209,7,2
449,I,V,-0.2433,0.1466,6.5,2
449,I,W,-0.01421,0.02882,7,2
449,I,Y,-0.2863,0.1055,6,2
450,Q,A,-0.09015,0.07755,6,2
450,Q,C,0.2806,0.01595,8,2
450,Q,D,-0.03346,0.07934,5,2
450,Q,E,0.06352,0.1464,6,2
450,Q,F,-0.3373,0.3365,6,2
450,Q,G,0.185,0.0258,5,2
450,Q,H,0.1274,0.1288,8.5,2
450,Q,I,0.09535,0.303,7,2
450,Q,K,0.2029,0.4376,4,2
450,Q,L,-0.1916,0.09196,4,2
450,Q,N,-0.3562,0.167,3,2
450,Q,P,-0.1735,0.0152,10.5,2
450,Q,Q,0,0,,2
450,Q,R,-0.1042,0.06236,5,2
450,Q,S,0.1509,0.08251,6,2
450,Q,T,0.1739,0.0235,5,2
450,Q,V,0.1869,0.0059,6,2
450,Q,W,-0.02251,0.01318,4.5,2
450,Q,Y,0.1926,0.0544,7,2
451,N,A,-0.4118,0.009,2,2
451,N,C,0.2745,0.07015,5,2
451,N,D,0.1048,0.1284,4,2
451,N,E,0.1543,0.0275,4,2
451,N,F,-1.608,0.6405,5,2
451,N,G,0.1939,0.1649,4.5,2
451,N,H,-0.3304,0.6756,4.5,2
451,N,I,-0.2046,0.05955,4,2
451,N,K,-0.2746,0.0024,7,2
451,N,L,0.3901,0.249,2,2
451,N,M,0.1862,0.5322,1,2
451,N,N,0,0,,2
451,N,P,-0.788,0.25,5.5,2
451,N,Q,0.09334,0.1517,4.5,2
451,N,R,0.788,0.4199,3,2
451,N,S,-0.3042,0.3238,4.5,2
451,N,T,-0.09605,0.2883,3.5,2
451,N,V,-0.1778,0.1738,3.5,2
451,N,W,-3.48,0.245,2.5,2
451,N,Y,-2.356,0.2135,4,2
452,G,A,0.0007,0.3349,3.5,2
452,G,C,-0.6659,0.1666,6.5,2
452,G,D,-2.014,0.0295,5,2
452,G,E,-1.887,0.078,7,2
452,G,F,-1.518,0.19,9.5,2
452,G,G,0,0,,2
452,G,H,-0.7798,0.2502,4,2
452,G,I,-1.125,0.044,8.5,2
452,G,K,-0.7995,0.08115,7,2
452,G,L,-2.236,0.039,5,2
452,G,M,-0.3099,0.0986,4.5,2
452,G,N,-0.9069,0.126,6,2
452,G,P,0.1047,0.212,7,2
452,G,Q,-0.867,0.0375,8,2
452,G,R,-1.451,0.352,5.5,2
452,G,S,-0.32,0.1962,3.5,2
452,G,T,-1.428,0.057,8,2
452,G,V,-1.123,0.0715,5.5,2
452,G,W,-2.824,0.0705,11.5,2
452,G,Y,-1.663,0.0745,6.5,2
453,D,A,0.3101,0,3.5,1
453,D,C,0.213,0.06085,4,2
453,D,D,0,0,,2
453,D,E,0.4228,0.2031,4,2
453,D,F,-0.612,0.08635,5,2
453,D,G,-1.182,1.182,3.5,2
453,D,H,0.4335,0,3,1
453,D,I,0.0208,0.2302,5.5,2
453,D,K,0.6891,0.0778,5,2
453,D,L,-0.6821,0.1505,2.5,2
453,D,M,-0.2971,0.2131,5,2
453,D,N,1.113,0.2902,4.5,2
453,D,P,-0.4786,0.2303,3.5,2
453,D,Q,1.273,0.1425,4,2
453,D,R,0.4705,0.1432,5,2
453,D,S,-2.061,0.2045,3.5,2
453,D,T,-2.687,0.3075,3,2
453,D,V,-0.0564,0.3686,3,2
453,D,W,-0.6172,0.6848,3.5,2
453,D,Y,-0.0687,0.1119,4.5,2
454,W,*,-6,0,16.5,2
454,W,A,-1.272,0.0275,6.5,2
454,W,C,-0.4853,0.3978,4.5,2
454,W,D,-4.367,0,4,2
454,W,E,-4.673,0,3,2
454,W,F,-0.2477,0.1343,7,2
454,W,G,-1.333,0.0415,4,2
454,W,H,-0.4718,0.1643,7.5,2
454,W,I,-1.028,0.1185,6.5,2
454,W,K,-5.104,0,8,2
454,W,L,-0.81,0.152,4,2
454,W,M,-1.359,0.0185,4.5,2
454,W,N,-1.188,0.2454,4,2
454,W,P,-4.481,0,7.5,2
454,W,Q,-2.12,0.179,7.5,2
454,W,R,-3.774,0,7.5,2
454,W,S,-1.06,0.6695,4,2
454,W,T,-1.612,0.332,4.5,2
454,W,V,-1.255,0.181,3,2
454,W,W,0,0,,2
454,W,Y,-0.3625,0.2032,6,2
455,T,A,-0.0664,0.02825,12,2
455,T,C,-0.1563,0.03625,7.5,2
455,T,D,-0.6535,0.3229,5.5,2
455,T,E,-0.9025,0.3785,7,2
455,T,F,0.3395,0.0099,4,2
455,T,G,-0.4226,0.2447,5.5,2
455,T,H,0.6808,0.2701,4,2
455,T,I,0.1404,0.2016,6,2
455,T,K,0.09675,0.2127,6.5,2
455,T,L,-0.00426,0.06327,9,2
455,T,M,0.1028,0.02345,7,2
455,T,N,0.01785,0.1197,7.5,2
455,T,P,-4.44,0,5.5,2
455,T,Q,-0.137,0.1765,7,2
455,T,R,0.2395,0.1133,6,2
455,T,S,-0.0427,0.05999,7.5,2
455,T,T,0,0,,2
455,T,V,-0.08505,0.2859,8,2
455,T,W,-0.1061,0.1875,5,2
455,T,Y,0.07672,0.1302,9.5,2
456,Y,A,-0.0136,0.1851,3.5,2
456,Y,C,-0.06585,0.0313,3,2
456,Y,D,-0.9536,0.1333,1,2
456,Y,E,-0.6522,0.1079,5,2
456,Y,F,-0.2326,0.02545,8,2
456,Y,G,-0.4182,0.09585,4.5,2
456,Y,H,-0.2403,0.2189,7.5,2
456,Y,I,-1.262,0.5118,5.5,2
456,Y,K,-0.2922,0.4302,5,2
456,Y,L,-0.3906,0.1943,5.5,2
456,Y,M,-0.7311,0.1017,4,2
456,Y,N,-0.06475,0.2066,4,2
456,Y,P,-4.954,0,7,2
456,Y,Q,-0.6349,0.1636,4.5,2
456,Y,R,0.0822,0.03961,7,2
456,Y,S,0.1528,0.1924,8,2
456,Y,T,0.09366,0.02134,4,2
456,Y,V,-0.3837,0.2119,2,2
456,Y,W,0.05526,0.0366,7,2
456,Y,Y,0,0,,2
457,Q,*,-6,0,1,2
457,Q,A,-0.1149,0.05142,4.5,2
457,Q,C,-0.1671,0.2271,10,2
457,Q,D,0.09045,0.4798,4.5,2
457,Q,E,0.05441,0.1166,3,2
457,Q,F,-0.496,0.1433,6,2
457,Q,G,-0.1764,0.3083,4.5,2
457,Q,H,0.1925,0.1285,2.5,2
457,Q,I,-0.3346,0.0705,6,2
457,Q,K,-0.1521,0.08636,7.5,2
457,Q,L,-0.1875,0.03645,3.5,2
457,Q,M,-0.1319,0.2289,6,2
457,Q,N,0.08555,0.01364,4,2
457,Q,P,-5.438,0,6,2
457,Q,Q,0,0,,2
457,Q,R,-0.03085,0.1981,9,2
457,Q,S,0.3544,0.4257,5,2
457,Q,T,0.2647,0.2652,5,2
457,Q,V,-0.583,0.02825,8,2
457,Q,W,0.04995,0.07205,8.5,2
457,Q,Y,-0.3158,0.2716,4.5,2
458,V,A,0.3757,0.1215,7.5,2
458,V,C,-0.2815,0.4182,6,2
458,V,D,-0.5378,0.0023,6,2
458,V,E,-0.5783,0.2073,6.5,2
458,V,F,-0.0635,0.3654,6.5,2
458,V,G,-0.1133,0.2606,3.5,2
458,V,H,0.1316,0.125,5.5,2
458,V,I,-0.01918,0.06996,8,2
458,V,K,-0.4349,0.4195,6.5,2
458,V,L,-0.05565,0.2293,2.5,2
458,V,M,0.07113,0.03537,9,2
458,V,N,-0.6168,0.102,5,2
458,V,P,-6,0,5.5,2
458,V,Q,-0.05697,0.04193,6,2
458,V,R,-0.07905,0.2157,7,2
458,V,S,0.0413,0.2064,10,2
458,V,T,-0.2381,0.2075,5,2
458,V,V,0,0,,2
458,V,W,0.1179,0.1988,7.5,2
458,V,Y,0.3562,0.2609,6,2
459,L,A,0.0314,0.4177,4.5,2
459,L,C,-0.2063,0.1172,6.5,2
459,L,D,-0.8937,0.04205,9,2
459,L,E,-0.4423,0.01475,5.5,2
459,L,F,0.1863,0.2018,3,2
459,L,G,0.1102,0.1421,5,2
459,L,H,-0.3951,0.147,2,2
459,L,I,-0.0515,0.004285,6.5,2
459,L,K,-0.5766,0.2111,4.5,2
459,L,L,0,0,,2
459,L,M,-0.00904,0.09396,6,2
459,L,N,0.2906,0.1095,4,2
459,L,P,-3.023,0.1915,6,2
459,L,Q,0.09397,0.1403,9,2
459,L,R,-0.3879,0.1635,5,2
459,L,S,0.2693,0.00215,3.5,2
459,L,T,-0.2746,0.1437,6,2
459,L,V,-0.1547,0.2846,7,2
459,L,W,-0.2924,0.1884,6.5,2
459,L,Y,-0.3881,0.4702,7,2
460,V,A,-0.2993,0.2664,2,2
460,V,C,-0.2595,0.4062,4,2
460,V,D,-0.1832,0.1454,7,2
460,V,E,-0.4502,0.08115,8,2
460,V,F,-0.1182,0.2331,5,2
460,V,G,0.1431,0.1655,7.5,2
460,V,H,-0.1168,0.07052,8,2
460,V,I,-0.1231,0.3315,4.5,2
460,V,K,0.02975,0.211,4,2
460,V,L,-0.2506,0.03485,7,2
460,V,M,-0.1174,0.01115,5.5,2
460,V,N,0.0538,0.0472,4.5,2
460,V,P,-1.791,0.2305,5.5,2
460,V,Q,-0.09623,0,3,1
460,V,R,0.05145,0.1951,7.5,2
460,V,S,-0.5793,0.5137,1.5,2
460,V,T,0.1488,0.1803,7,2
460,V,V,0,0,,2
460,V,W,-0.1016,0.3039,7,2
460,V,Y,-0.5775,0.033,3,2
461,M,A,0.03317,0.03533,4.5,2
461,M,C,0.08257,0.06862,4.5,2
461,M,D,0.06335,0.1977,5.5,2
461,M,E,-0.1165,0.1053,7.5,2
461,M,F,-0.14,0.1815,4.5,2
461,M,G,0.3084,0.0644,5,2
461,M,H,0.1592,0.2657,7,2
461,M,I,-0.2834,0.2056,12.5,2
461,M,K,0.1047,0.1773,4,2
461,M,L,-0.1575,0.4271,4.5,2
461,M,M,0,0,,2
461,M,N,0.336,0.3052,4,2
461,M,P,-0.3021,0.245,7.5,2
461,M,Q,0.0268,0.07021,4.5,2
461,M,R,0.04702,0.1254,3,2
461,M,S,-0.1825,0.1642,3.5,2
461,M,T,0.06782,0.04378,5,2
461,M,V,0.2878,0.4031,6,2
461,M,W,-0.04925,0.2758,3,2
461,M,Y,0.4404,0.0019,6,2
462,L,A,-0.09108,0.06562,4,2
462,L,C,-0.0447,0.0621,5.5,2
462,L,D,-0.315,0.2979,2.5,2
462,L,E,0.03765,0.4262,5,2
462,L,F,-0.0868,0.4391,5,2
462,L,G,-0.2545,0.1534,4,2
462,L,H,0.1376,0.04124,6.5,2
462,L,I,-0.2335,0.06555,4,2
462,L,K,-0.01445,0.2631,4,2
462,L,L,0,0,,2
462,L,M,0.0977,0.2012,6.5,2
462,L,N,-2.801,0.24,2.5,2
462,L,P,-0.3054,0.01485,8,2
462,L,Q,0.03095,0.2815,6,2
462,L,R,-0.3394,0.1805,7,2
462,L,S,0.1484,0.0178,7,2
462,L,T,-0.1237,0.3084,4,2
462,L,V,-0.02774,0.08636,5,2
462,L,W,-0.04815,0.2488,5.5,2
462,L,Y,0.2753,0.0988,5,2
463,E,A,0.2296,0.3531,4.5,2
463,E,C,-0.2268,0.0495,10.5,2
463,E,D,0.2116,0.1564,5,2
463,E,E,0,0,,2
463,E,F,-0.2075,0.3501,6,2
463,E,G,0.1947,0.1877,5.5,2
463,E,H,0.1078,0.06362,8,2
463,E,I,0.05101,0.02523,8,2
463,E,K,0.0617,0.1619,7.5,2
463,E,L,-0.03765,0.3178,7,2
463,E,M,-0.1718,0.1397,8,2
463,E,N,0.3418,0.1496,6.5,2
463,E,P,0.2461,0.1461,4.5,2
463,E,Q,-0.2277,0.2129,4,2
463,E,R,0.3853,0.1413,7,2
463,E,S,-0.01605,0.1767,12,2
463,E,T,0.1911,0.1143,6,2
463,E,V,0.2619,0.0388,5.5,2
463,E,W,0.02681,0.05624,7,2
463,E,Y,-0.05556,0.07914,10,2
464,S,A,-0.2401,0.0357,5,2
464,S,C,-0.1072,0.3589,3.5,2
464,S,D,-0.01895,0.1588,7,2
464,S,E,0.3202,0.0326,5,2
464,S,F,-0.1951,0.1141,6.5,2
464,S,G,-0.006815,0.02855,11,2
464,S,H,0.443,0.1537,7.5,2
464,S,I,-0.4788,0.0606,7,2
464,S,K,-0.2858,0.1455,5,2
464,S,L,-0.123,0.07587,10.5,2
464,S,M,0.04757,0.05018,6.5,2
464,S,N,0.224,0.1093,8,2
464,S,P,-0.03262,0.06693,5,2
464,S,Q,-0.2521,0.4382,7.5,2
464,S,R,-0.02445,0.0412,4.5,2
464,S,S,0,0,,2
464,S,T,0.1078,0.5423,5.5,2
464,S,V,-0.04346,0.09154,11,2
464,S,W,-0.2314,0.06955,6.5,2
464,S,Y,-0.2823,0.1129,6.5,2
465,T,A,-0.2082,0.1477,5,2
465,T,C,-0.1048,0.1283,3.5,2
465,T,D,-0.2188,0.3469,2.5,2
465,T,E,0.1316,0.1426,4,2
465,T,F,-0.05318,0.02897,6,2
465,T,G,-0.6264,0.7515,7,2
465,T,H,-0.0942,0.2929,8,2
465,T,I,0.0368,0.4836,7.5,2
465,T,K,0.252,0.09695,4.5,2
465,T,L,-0.0848,0.2188,6.5,2
465,T,M,-0.26,0.3851,3.5,2
465,T,N,-0.4156,0.4907,4,2
465,T,P,0.0813,0.2041,4.5,2
465,T,Q,-0.1628,0.04955,4.5,2
465,T,R,-0.08493,0,2,1
465,T,S,0.03625,0.2566,7.5,2
465,T,T,0,0,,2
465,T,V,0.00835,0.3648,4.5,2
465,T,W,0.2142,0.3271,2.5,2
465,T,Y,-0.1033,0.03857,7,2
466,P,A,0.0108,0.3108,6.5,2
466,P,C,-0.09398,0.1305,7,2
466,P,D,0.2566,0.221,4,2
466,P,E,-0.1095,0.1735,5.5,2
466,P,F,0.06687,0.01883,5,2
466,P,G,0.08678,0.06563,4,2
466,P,H,-0.04938,0.09523,5.5,2
466,P,I,0.1923,0.136,3.5,2
466,P,K,-0.3541,0.1963,4,2
466,P,L,0.1388,0.3893,4,2
466,P,M,0.06757,0.1411,5.5,2
466,P,N,-0.0847,0.2669,3.5,2
466,P,P,0,0,,2
466,P,Q,-0.2328,0.01595,4,2
466,P,R,-0.5477,0.0572,7,2
466,P,S,-0.1504,0.184,9.5,2
466,P,T,0.03861,0.007925,7,2
466,P,V,-0.08782,0.1025,7.5,2
466,P,W,-0.2399,0.1829,6.5,2
466,P,Y,0.2672,0.06715,5,2
467,Q,*,-6,0,1.5,2
467,Q,A,0.1578,0.04895,10,2
467,Q,C,-0.3901,0.1688,5.5,2
467,Q,D,0.2485,0.0261,4,2
467,Q,E,0.06425,0.3226,5.5,2
467,Q,F,-0.2495,0.05335,3.5,2
467,Q,G,-0.0744,0.1029,7,2
467,Q,H,0.2492,0.08955,5,2
467,Q,I,-0.0879,0.4074,6.5,2
467,Q,K,0.2728,0.0836,7.5,2
467,Q,L,0.05539,0.04435,4.5,2
467,Q,M,-0.3362,0.5499,5,2
467,Q,N,-0.04025,0.194,5.5,2
467,Q,P,0.5277,0.1329,1.5,2
467,Q,Q,0,0,,2
467,Q,R,0.3304,0.1582,8,2
467,Q,S,-0.16,0.03765,5.5,2
467,Q,T,0.2339,0.03555,8.5,2
467,Q,V,0.05567,0.02968,6.5,2
467,Q,W,-0.02024,0.02419,10.5,2
467,Q,Y,0.05715,0.08955,9.5,2
468,H,A,-0.2733,0.4855,6,2
468,H,C,-0.1439,0.1718,1.5,2
468,H,D,-0.2233,0.1084,5.5,2
468,H,E,-0.2085,0.2645,5.5,2
468,H,F,-0.1813,0.09621,7.5,2
468,H,G,-0.1452,0.0067,5,2
468,H,H,0,0,,2
468,H,I,0.5452,0.0748,4,2
468,H,K,-0.00204,0.01601,9,2
468,H,L,0.1787,0.5629,4.5,2
468,H,M,0.3366,0.03685,6.5,2
468,H,N,-0.2754,0.2008,6,2
468,H,P,-0.4492,0.2798,7,2
468,H,Q,0.01095,0.2417,9.5,2
468,H,R,-0.08283,0.08087,7.5,2
468,H,S,0.4087,0.0453,6.5,2
468,H,T,-0.5499,0.3718,5.5,2
468,H,V,0.2468,0.04545,6.5,2
468,H,W,0.1354,0.1585,4.5,2
468,H,Y,0.3366,0.1285,6.5,2
469,G,A,0.02132,0.07702,4,2
469,G,C,-0.1003,0.03988,5,2
469,G,D,-0.0157,0.2083,4,2
469,G,E,-0.5574,0.2793,3,2
469,G,F,-0.2389,0.6489,3,2
469,G,G,0,0,,2
469,G,H,0.0464,0.1376,6,2
469,G,I,0.1249,0.0909,5,2
469,G,K,-0.00032,0.07453,7,2
469,G,L,-0.1477,0.1988,5.5,2
469,G,M,0.2232,0.2072,3.5,2
469,G,N,-0.0163,0.2081,5.5,2
469,G,P,0.1137,0.2913,7,2
469,G,Q,-0.08595,0.009,6,2
469,G,R,0.2198,0.0361,6,2
469,G,S,0.1079,0.104,5,2
469,G,T,-0.1174,0.2881,6.5,2
469,G,V,-0.1582,0.1101,6,2
469,G,W,0.2009,0.0743,9,2
469,G,Y,0.2916,0.261,4,2
470,D,A,-0.00355,0.1708,6,2
470,D,C,-0.1312,0.1226,6.5,2
470,D,D,0,0,,2
470,D,E,-0.081,0.01679,6,2
470,D,F,0.1495,0.0058,6,2
470,D,G,-0.1138,0.04009,5,2
470,D,H,0.4515,0.06595,7.5,2
470,D,I,0.09335,0.08155,5.5,2
470,D,K,0.05935,0.03202,5.5,2
470,D,L,0.0301,0.09799,7,2
470,D,M,-0.016,0.02315,3.5,2
470,D,N,0.3392,0.1455,9,2
470,D,P,0.06715,0.2283,5,2
470,D,Q,0.04745,0.2588,5,2
470,D,R,0.1564,0.0104,5.5,2
470,D,S,0.2784,0.3327,4,2
470,D,T,0.00626,0.1039,7,2
470,D,V,-0.1381,0.05166,5,2
470,D,W,0.07583,0.01509,8.5,2
470,D,Y,0.5175,0.1013,4,2
471,T,A,-0.1246,0.1003,6.5,2
471,T,C,-0.1689,0.1124,5,2
471,T,D,-0.3946,0.2973,4,2
471,T,E,-0.0057,0.1616,4,2
471,T,F,0.07537,0.1232,2.5,2
471,T,G,-0.0376,0.1377,4,2
471,T,H,-0.1442,0.03395,5.5,2
471,T,I,0.1767,0.0042,8,2
471,T,K,0.1402,0.1698,6.5,2
471,T,L,0.000515,0.01593,6.5,2
471,T,M,-0.07494,0.08996,4,2
471,T,N,-0.08805,0.3056,7.5,2
471,T,P,-0.4576,0.1754,5.5,2
471,T,Q,-0.2477,0.1626,5.5,2
471,T,R,0.07358,0.06392,7.5,2
471,T,S,-0.01745,0.3165,3,2
471,T,T,0,0,,2
471,T,V,-0.4751,0.3203,4,2
471,T,W,0.09947,0.1832,8,2
471,T,Y,0.08604,0.05896,7.5,2
472,Y,A,-0.2837,0.1578,6,2
472,Y,C,0.09245,0.1436,5.5,2
472,Y,D,-1.684,0.291,5,2
472,Y,E,-1.748,0.1235,4,2
472,Y,F,0.05477,0.08303,6,2
472,Y,G,-1.55,0.1035,5.5,2
472,Y,H,-0.06803,0.04807,11.5,2
472,Y,I,0.03885,0.1945,7.5,2
472,Y,K,-0.8092,0.07815,5.5,2
472,Y,L,0.3133,0.0656,3.5,2
472,Y,M,-0.0817,0.0275,7,2
472,Y,N,-0.5893,0.0407,3.5,2
472,Y,P,-1.065,0.4258,3,2
472,Y,Q,-0.2415,0.3344,2.5,2
472,Y,R,-0.4758,0.1526,7,2
472,Y,S,-0.227,0.0791,2.5,2
472,Y,T,-0.4785,0.04245,4,2
472,Y,V,-1.101,0.4361,4,2
472,Y,W,0.4708,0.2023,5,2
472,Y,Y,0,0,,2
473,E,*,-6,0,0.5,1
473,E,A,0.4047,0.06805,8,2
473,E,C,0.5102,0.0946,8.5,2
473,E,D,-0.1358,0.025,6,2
473,E,E,0,0,,2
473,E,F,-0.1895,0.1158,6.5,2
473,E,G,-0.2354,0.6262,4.5,2
473,E,H,0.08489,0.1074,4.5,2
473,E,I,0.1557,0.08043,8,2
473,E,K,-0.1139,0.1242,6,2
473,E,L,-0.1398,0.1121,12,2
473,E,M,-0.1782,0.3179,5.5,2
473,E,N,0.08874,0.08806,9,2
473,E,P,-3.801,0,9.5,2
473,E,Q,-0.2079,0.1555,6,2
473,E,R,-0.1868,0.0459,4,2
473,E,S,-0.1201,0.1688,6,2
473,E,T,-0.1217,0.4361,3.5,2
473,E,V,-0.4597,0.01965,7.5,2
473,E,W,-0.537,0.2173,2.5,2
473,E,Y,-0.1872,0.0736,10.5,2
474,C,A,-0.6221,0.08065,3,2
474,C,C,0,0,,2
474,C,D,-6,0,6.5,2
474,C,E,-6,0,2.5,2
474,C,F,-1.194,0.05,4,2
474,C,G,-3.526,0,5,2
474,C,H,-6,0,6,2
474,C,I,-0.2468,0.07875,6.5,2
474,C,K,-6,0,5.5,2
474,C,L,-0.0981,0.0472,4,2
474,C,M,-2.018,1.427,5,2
474,C,N,-5.021,0,3,2
474,C,P,-5.342,0,3.5,2
474,C,Q,-5.763,0,3.5,2
474,C,R,-6,0,6.5,2
474,C,S,-2.416,0.181,5.5,2
474,C,T,-0.992,0.236,6.5,2
474,C,V,-0.5248,0.3482,3,2
474,C,W,-3.139,0.0355,5,2
474,C,Y,-2.402,0.5345,4.5,2
475,H,A,-0.05972,0.02145,6,2
475,H,C,-0.1811,0.0483,6.5,2
475,H,D,0.1251,0.1098,5.5,2
475,H,E,-0.01845,0.159,3.5,2
475,H,F,-0.3798,0.2519,6.5,2
475,H,G,0.3489,0.1183,8,2
475,H,H,0,0,,2
475,H,I,-0.0005,0.162,7,2
475,H,K,-0.2322,0.04015,8,2
475,H,L,0.3193,0.2002,3.5,2
475,H,M,-0.1318,0.128,7.5,2
475,H,N,-0.117,0,1.5,1
475,H,P,-4.158,0,8.5,2
475,H,Q,0.07644,0.1377,9,2
475,H,R,0.1303,0.1257,5.5,2
475,H,S,-0.3166,0.2368,8,2
475,H,T,0.2054,0.0421,5.5,2
475,H,V,-0.014,0.1744,5.5,2
475,H,W,-0.01482,0.06005,5.5,2
475,H,Y,-0.4759,0.0293,8,2
476,V,A,0.1839,0.1972,5.5,2
476,V,C,-0.2399,0.1085,5.5,2
476,V,D,-6,0,4.5,2
476,V,E,-3.215,0,8.5,2
476,V,F,-0.136,0.4604,6,2
476,V,G,-0.9136,0.1133,5.5,2
476,V,H,-2.58,0.1395,6.5,2
476,V,I,-0.2812,0.287,4,2
476,V,K,-5.947,0,8,2
476,V,L,-0.1227,0.09562,6,2
476,V,M,-0.09456,0.1661,9,2
476,V,N,-2.452,0.242,7.5,2
476,V,P,-1.034,0.1996,8.5,2
476,V,Q,-2.947,0.14,5,2
476,V,R,-5.73,0,4.5,2
476,V,S,-0.5922,0.0599,4,2
476,V,T,0.06435,0.06685,8,2
476,V,V,0,0,,2
476,V,W,-0.8379,0.3821,7.5,2
476,V,Y,-0.7728,0,0.5,1
477,Q,*,-6,0,0.5,1
477,Q,A,-0.06785,0.4806,7.5,2
477,Q,C,-0.2183,0.1017,6,2
477,Q,D,-0.1287,0.7229,5.5,2
477,Q,E,-0.01255,0.1306,9,2
477,Q,F,0.268,0.02255,9,2
477,Q,G,0.05178,0.08373,5.5,2
477,Q,H,0.2694,0.00515,3,2
477,Q,I,-0.05203,0.03281,8,2
477,Q,K,0.01618,0.01012,7.5,2
477,Q,L,0.4373,0.06225,6.5,2
477,Q,M,0.0744,0.009605,9.5,2
477,Q,N,-0.1872,0,4.5,1
477,Q,P,-0.6396,0.0999,7.5,2
477,Q,Q,0,0,,2
477,Q,R,0.3591,0.06465,7.5,2
477,Q,S,-0.3579,0.03685,4.5,2
477,Q,T,-0.03333,0.1105,7,2
477,Q,V,-0.01455,0.02505,6.5,2
477,Q,W,-0.372,0.0383,7.5,2
477,Q,Y,-0.2193,0.1488,9,2
478,H,A,0.02565,0.3039,2.5,2
478,H,C,-0.1363,0.04531,6.5,2
478,H,D,0.0561,0.293,2,2
478,H,E,-1.68,1.314,1.5,2
478,H,F,-0.1491,0.1853,6.5,2
478,H,G,-0.08761,0.1757,6,2
478,H,H,0,0,,2
478,H,I,-0.5161,0.1196,7,2
478,H,K,-0.364,0.0501,6.5,2
478,H,L,-0.1671,0.02815,8.5,2
478,H,M,-0.4184,0.249,5.5,2
478,H,N,-0.3598,0.02245,7.5,2
478,H,P,-0.2477,0.02385,8,2
478,H,Q,-0.09692,0.1044,8.5,2
478,H,R,0.1277,0.1211,9,2
478,H,S,-0.09855,0.2707,8,2
478,H,T,0.2192,0.129,7.5,2
478,H,V,-0.1346,0.04414,9,2
478,H,W,0.2616,0.185,8,2
478,H,Y,-0.03645,0.2905,8,2
479,A,A,0,0,,2
479,A,C,-0.05259,0.05251,9,2
479,A,D,0.141,0.2834,5,2
479,A,E,-1.635,1.506,3,2
479,A,F,-0.04383,0.02899,8,2
479,A,G,-0.3087,0.3969,4,2
479,A,H,-0.0365,0.2779,2.5,2
479,A,I,-0.1232,0.4754,6,2
479,A,K,-0.1861,0.2081,7,2
479,A,L,0.3396,0.0043,5,2
479,A,M,-0.2669,0.1881,5,2
479,A,N,0.2764,0.1086,6.5,2
479,A,P,-0.2756,0.13,6.5,2
479,A,Q,-0.1969,0.2068,7,2
479,A,R,-0.09343,0.05527,5.5,2
479,A,S,-0.05328,0.07882,8.5,2
479,A,T,-0.1557,0.0176,11.5,2
479,A,V,0.02625,0.05775,7.5,2
479,A,W,0.04303,0.03232,8.5,2
479,A,Y,0.0696,0.2602,10.5,2
480,S,A,0.0733,0.1757,8.5,2
480,S,C,-0.1306,0.1352,8,2
480,S,D,-0.4851,0.4025,4,2
480,S,E,-0.07619,0.02711,6.5,2
480,S,F,-0.0171,0.1717,6,2
480,S,G,-0.1554,0.2514,5.5,2
480,S,H,0.2163,0.02095,6.5,2
480,S,I,-0.1601,0.07816,4,2
480,S,K,-0.2204,0.3952,4,2
480,S,L,-0.2285,0.04735,3,2
480,S,M,-0.1154,0.02113,9.5,2
480,S,N,-0.108,0.3066,5.5,2
480,S,P,0.0749,0.4214,6.5,2
480,S,Q,-0.07475,0.3498,4.5,2
480,S,R,-0.3292,0.1238,4.5,2
480,S,S,0,0,,2
480,S,T,0.1211,0.08944,6.5,2
480,S,V,-0.3552,0.1339,9,2
480,S,W,-0.4569,0.252,6.5,2
480,S,Y,-0.04685,0.2055,6.5,2
481,L,A,-0.4178,0.2334,4.5,2
481,L,C,-0.1767,0.02165,6.5,2
481,L,D,0.1501,0,3,1
481,L,E,0.08883,0.00451,8,2
481,L,F,-0.1505,0.2325,3,2
481,L,G,-0.365,0.6146,3,2
481,L,H,0.1687,0.177,6.5,2
481,L,I,0.0017,0.4707,8,2
481,L,K,0.4997,0.3801,5,2
481,L,L,0,0,,2
481,L,M,-0.04135,0.2803,4.5,2
481,L,N,-0.5735,0.08,4.5,2
481,L,P,-0.221,0.441,7,2
481,L,Q,0.3383,0.3512,3,2
481,L,R,0.1792,0.0256,5.5,2
481,L,S,-0.1234,0.4002,6.5,2
481,L,T,-0.1045,0.2404,3.5,2
481,L,V,0.0347,0.2052,9,2
481,L,W,-0.00442,0.05483,4.5,2
481,L,Y,-0.1044,0.06438,4,2
482,K,A,-0.02045,0.00659,7.5,2
482,K,C,-0.1604,0.02075,7.5,2
482,K,D,-0.1946,0.03175,6,2
482,K,E,-0.1512,0.05992,6,2
482,K,F,0.05375,0.1812,5,2
482,K,G,-0.09489,0.1708,4,2
482,K,H,-0.5517,0.1332,5.5,2
482,K,I,0.3016,0.1014,6.5,2
482,K,K,0,0,,2
482,K,L,0.2752,0.3044,7.5,2
482,K,M,-0.2009,0.272,6.5,2
482,K,N,-0.1699,0.0737,6,2
482,K,P,0.3128,0.5943,6,2
482,K,Q,-0.05329,0.1163,7,2
482,K,R,-0.2783,0.1446,11,2
482,K,S,-0.0271,0.1931,5.5,2
482,K,T,0.5302,0.0069,5,2
482,K,V,0.1047,0.1349,5,2
482,K,W,0.2299,0.1919,8,2
482,K,Y,0.08399,0.1692,7,2
483,S,A,-0.02164,0.1104,5.5,2
483,S,C,-0.2156,0.1686,6.5,2
483,S,D,-0.184,0.2785,5.5,2
483,S,E,-0.04745,0.1011,5,2
483,S,F,0.1472,0.1944,9.5,2
483,S,G,0.3526,0.1696,5.5,2
483,S,H,-0.2675,0.0704,6.5,2
483,S,I,-0.223,0.05055,7.5,2
483,S,K,0.137,0.06053,6,2
483,S,L,-0.1637,0.148,6.5,2
483,S,M,0.2715,0.0225,3.5,2
483,S,N,-0.03325,0.184,9.5,2
483,S,P,-0.1064,0.0726,3,2
483,S,Q,0.1156,0.2909,6,2
483,S,R,0.1763,0.2048,9.5,2
483,S,S,0,0,,2
483,S,T,0.1064,0.1452,6,2
483,S,V,-0.2013,0.2344,2.5,2
483,S,W,0.08823,0.05657,4.5,2
483,S,Y,-0.0345,0.1428,7.5,2
484,P,A,-0.2703,0.06035,3.5,2
484,P,C,-0.123,0.00625,6,2
484,P,D,0.5952,0.2183,3.5,2
484,P,E,-0.04285,0.181,4,2
484,P,F,-0.3132,0.2089,9,2
484,P,G,0.2276,0.0428,9.5,2
484,P,H,-0.1506,0.09479,7,2
484,P,I,0.0155,0.1454,6,2
484,P,K,0.2034,0.01365,5.5,2
484,P,L,0.2971,0.2983,6.5,2
484,P,M,0.1411,0.07653,6.5,2
484,P,N,-0.322,0.2142,6,2
484,P,P,0,0,,2
484,P,Q,-0.4098,0.1689,6,2
484,P,R,0.004075,0.07417,11.5,2
484,P,S,0.1037,0.3441,5.5,2
484,P,T,-0.1565,0.217,3,2
484,P,V,-0.1293,0.04355,3.5,2
484,P,W,0.328,0.3775,2,2
484,P,Y,-0.283,0.4608,7.5,2
485,I,A,-0.1238,0.08199,6.5,2
485,I,C,-0.1433,0.0022,4.5,2
485,I,D,-0.01755,0.1996,6,2
485,I,E,-0.07487,0.1212,5.5,2
485,I,F,0.0695,0.4815,4,2
485,I,G,-0.1378,0.3254,5,2
485,I,H,0.3582,0.2747,5,2
485,I,I,0,0,,2
485,I,K,0.1541,0.0727,8,2
485,I,L,-0.12,0.3759,5.5,2
485,I,M,-0.09055,0.3781,10,2
485,I,N,-0.2349,0.1088,6,2
485,I,P,-0.09671,0.06889,4,2
485,I,Q,0.07225,0.3521,5.5,2
485,I,R,-0.167,0.0586,5.5,2
485,I,S,0.09195,0.06695,7,2
485,I,T,-0.6766,0.4183,4,2
485,I,V,-0.05407,0.1382,5,2
485,I,W,-0.0882,0.1112,7.5,2
485,I,Y,-0.07235,0.06155,8.5,2
486,T,A,-0.2707,0.259,6,2
486,T,C,-0.3052,0.2325,9,2
486,T,D,-0.2784,0.2283,5,2
486,T,E,0.1328,0.584,4.5,2
486,T,F,0.01705,0.2019,7,2
486,T,G,-0.169,0.195,4,2
486,T,H,-0.02772,0.01752,6,2
486,T,I,-0.1178,0.1526,10.5,2
486,T,K,0.3,0.1518,4,2
486,T,L,-0.09892,0.02608,7,2
486,T,M,0.01676,0.06658,6,2
486,T,N,-0.08628,0.1067,3.5,2
486,T,P,0.1844,0.1758,5,2
486,T,Q,0.1305,0.04185,6.5,2
486,T,R,-0.4138,0.2182,4.5,2
486,T,S,0.1745,0.07669,7.5,2
486,T,T,0,0,,2
486,T,V,-0.1669,0.4105,3,2
486,T,W,-0.0953,0.1378,9,2
486,T,Y,0.008795,0.0974,8,2
487,Y,A,0.2057,0.3663,5.5,2
487,Y,C,0.09348,0.1656,5.5,2
487,Y,D,0.01805,0.1445,4,2
487,Y,E,-0.3004,0.3266,5,2
487,Y,F,-0.2789,0.3048,3.5,2
487,Y,G,0.1629,0.046,9,2
487,Y,H,0.3665,0.2058,5,2
487,Y,I,0.1327,0.025,6,2
487,Y,K,-0.1353,0.09509,6.5,2
487,Y,L,0.1708,0.2394,5.5,2
487,Y,M,0.2858,0.4184,5,2
487,Y,N,0.06916,0.0217,9.5,2
487,Y,P,-0.7157,0.2824,3.5,2
487,Y,Q,0.02145,0.2337,5.5,2
487,Y,R,0.07971,0.1757,7.5,2
487,Y,S,-0.273,0.4343,3.5,2
487,Y,T,0.05798,0.1006,3.5,2
487,Y,V,-0.2458,0.3497,6,2
487,Y,W,0.07105,0.1431,11,2
487,Y,Y,0,0,,2
488,E,A,-0.04521,0.1177,8.5,2
488,E,C,-0.1239,0.0494,7,2
488,E,D,-0.2047,0.06135,5,2
488,E,E,0,0,,2
488,E,F,-0.1809,0.0137,3.5,2
488,E,G,0.1205,0.09352,9.5,2
488,E,H,0.0685,0.3366,8,2
488,E,I,0.02795,0.00499,8.5,2
488,E,K,0.0357,0.1614,8.5,2
488,E,L,0.1113,0.03126,7,2
488,E,M,-0.08475,0.5092,5,2
488,E,N,0.168,0.4289,6.5,2
488,E,P,-0.146,0.05273,7.5,2
488,E,Q,0.09342,0.1263,5,2
488,E,R,-0.04271,0.07659,6,2
488,E,S,-0.027,0.04143,6,2
488,E,T,0.1875,0.01425,6.5,2
488,E,V,-0.08997,0.01483,7.5,2
488,E,W,-0.0093,0.1542,5,2
488,E,Y,-0.00805,0.1399,5,2
489,W,*,-6,0,3,2
489,W,A,-0.3473,0.1552,5,2
489,W,C,-0.09115,0.03615,4,2
489,W,D,-0.06373,0.1319,6,2
489,W,E,-0.392,0.0478,5,2
489,W,F,-0.05727,0.121,4,2
489,W,G,0.133,0.2255,1,2
489,W,H,-0.3451,0.5198,5.5,2
489,W,I,-0.2798,0.1317,8.5,2
489,W,K,-0.4507,0.0535,6.5,2
489,W,L,-0.1658,0.2127,7.5,2
489,W,M,0.0864,0.1996,7.5,2
489,W,N,-0.9203,0.2837,4,2
489,W,P,-0.2804,0.1683,7,2
489,W,Q,-0.6045,0.1188,5.5,2
489,W,R,-0.4335,0.1799,5,2
489,W,S,-0.6698,0.2433,7.5,2
489,W,T,-0.3623,0.3397,7.5,2
489,W,V,0.3242,0.3351,4,2
489,W,W,0,0,,2
489,W,Y,-0.08563,0.05777,6.5,2
490,V,A,-0.1687,0.0559,9,2
490,V,C,-0.05756,0.1398,7.5,2
490,V,D,0.0078,0.2389,5,2
490,V,E,0.1107,0.1316,6,2
490,V,F,0.3118,0.2457,5.5,2
490,V,G,-0.08485,0.1322,5.5,2
490,V,H,-0.0508,0.5161,6.5,2
490,V,I,-0.1432,0.0915,5.5,2
490,V,K,-0.1435,0.05696,4.5,2
490,V,L,-0.1956,0.1139,7.5,2
490,V,M,-0.0567,0.07401,6,2
490,V,N,-0.1038,0.2366,5.5,2
490,V,P,0.01765,0.1298,5.5,2
490,V,Q,-0.6936,0.5294,4.5,2
490,V,R,0.5025,0.2443,4.5,2
490,V,S,0.04478,0.1388,4.5,2
490,V,T,0.143,0.2974,7,2
490,V,V,0,0,,2
490,V,W,0.07333,0.1566,4,2
490,V,Y,-0.01695,0.1903,6,2
491,L,A,-0.2542,0.3687,4.5,2
491,L,C,0.1929,0.0473,4.5,2
491,L,D,-0.2461,0.3716,4,2
491,L,E,-0.02699,0.1132,4,2
491,L,F,-0.2326,0.1662,4,2
491,L,G,0.1485,0.4098,4.5,2
491,L,H,-0.2354,0.08705,8,2
491,L,I,0.02175,0.1389,4.5,2
491,L,K,0.04699,0.04577,9,2
491,L,L,0,0,,2
491,L,M,0.02401,0.0266,6,2
491,L,N,0.1189,0.1901,6.5,2
491,L,P,-0.3407,0.1756,6,2
491,L,Q,0.2351,0.0983,6.5,2
491,L,R,-0.1753,0.0116,4.5,2
491,L,S,-0.00625,0.3317,5,2
491,L,T,0.1861,0.1379,6.5,2
491,L,V,0.2545,0.3322,6,2
491,L,W,-0.2054,0.1726,4,2
491,L,Y,0.2644,0.0443,7,2
492,P,A,0.2274,0.1774,6,2
492,P,C,-0.3431,0.1439,5.5,2
492,P,D,-0.06828,0.0251,9,2
492,P,E,-0.387,0.2227,6,2
492,P,F,-0.1046,0.3915,9,2
492,P,G,-0.1868,0.1076,6.5,2
492,P,H,0.05192,0.06928,6,2
492,P,I,0.02055,0.03096,7.5,2
492,P,K,0.1551,0.0015,6,2
492,P,L,-0.2296,0.2054,3,2
492,P,M,-0.1423,0.331,4.5,2
492,P,N,0.2737,0.08725,2,2
492,P,P,0,0,,2
492,P,Q,0.04665,0.2844,8,2
492,P,R,-0.1971,0.1939,9.5,2
492,P,S,-0.8073,0.2137,4,2
492,P,T,-0.04595,0.376,7.5,2
492,P,V,0.2175,0.0325,6,2
492,P,W,-0.3609,0.1085,6.5,2
492,P,Y,-0.1799,0.207,3.5,2
493,A,A,0,0,,2
493,A,C,-0.02703,0.07023,6,2
493,A,D,0.00901,0.03421,3,2
493,A,E,0.04211,0.01387,3.5,2
493,A,F,-0.4231,0.4969,3,2
493,A,G,0.06589,0.01125,4.5,2
493,A,H,0.1404,0.03695,7,2
493,A,I,-0.03345,0.1394,6,2
493,A,K,0.2605,0.1816,7,2
493,A,L,-0.3657,0.4614,10,2
493,A,M,0.24,0.3651,6.5,2
493,A,N,0.1536,0.1933,6.5,2
493,A,P,-0.173,0.09097,6,2
493,A,Q,-0.0422,0.2688,5,2
493,A,R,0.4658,0.0268,6,2
493,A,S,0.009725,0.08128,5,2
493,A,T,0.0992,0.2292,7.5,2
493,A,V,-0.08806,0.1246,11.5,2
493,A,W,0.2424,0.03635,5,2
493,A,Y,-0.2172,0.2084,4,2
494,D,A,0.1215,0.3113,4,2
494,D,C,-0.1482,0.9928,5.5,2
494,D,D,0,0,,2
494,D,E,-0.1424,0.0665,8,2
494,D,F,-0.3032,0.07385,6.5,2
494,D,G,0.06917,0.07703,9.5,2
494,D,H,0.117,0.4236,6.5,2
494,D,I,-0.3231,0.02315,7,2
494,D,K,-0.0302,0.3962,6,2
494,D,L,0.3663,0.4012,3.5,2
494,D,M,-0.1057,0.1966,4,2
494,D,N,-0.0451,0.3381,7,2
494,D,P,0.2707,0.1361,5.5,2
494,D,Q,0.222,0.3535,7,2
494,D,R,0.05823,0.1103,4.5,2
494,D,S,-0.01748,0.05978,5.5,2
494,D,T,-0.1277,0.3701,4,2
494,D,V,0.2,0.233,8.5,2
494,D,W,-0.2211,0.3886,6.5,2
494,D,Y,0.01729,0.04335,5,2
495,A,A,0,0,,2
495,A,C,-0.00665,0.1719,9,2
495,A,D,-0.1611,0.0123,6,2
495,A,E,-0.2034,0.3152,3.5,2
495,A,F,-0.1976,0.1183,7,2
495,A,G,-0.1626,0.1614,7.5,2
495,A,H,-0.05001,0.111,6.5,2
495,A,I,0.121,0.1347,5,2
495,A,K,0.03907,0.09782,5,2
495,A,L,0.09711,0.1528,8,2
495,A,M,-0.02534,0.08376,7.5,2
495,A,N,0.2754,0.2658,4,2
495,A,P,0.0558,0.0553,8,2
495,A,Q,-0.06139,0.04492,5.5,2
495,A,R,0.2982,0.3076,9,2
495,A,S,-0.2525,0.2424,9.5,2
495,A,T,0.0968,0.0731,5.5,2
495,A,V,-0.01397,0.09143,6,2
495,A,W,-0.2475,0.1087,6.5,2
495,A,Y,-0.3012,0.05725,6,2
496,A,A,0,0,,2
496,A,C,0.1763,0.2298,10,2
496,A,D,-0.0619,0.1826,5.5,2
496,A,E,-0.3641,0.3109,8,2
496,A,F,0.3837,0.2261,4.5,2
496,A,G,0.02141,0.08989,8.5,2
496,A,H,0.2239,0.0325,9.5,2
496,A,I,-0.06084,0.1167,6,2
496,A,K,0.1692,0.2959,9,2
496,A,L,0.07138,0.1068,7,2
496,A,M,-0.1265,0.1919,6.5,2
496,A,N,-0.1006,0.1355,6,2
496,A,P,0.1656,0.0313,8,2
496,A,Q,-0.1721,0.02145,10,2
496,A,R,0.1006,0.215,11.5,2
496,A,S,-0.07237,0.05983,8,2
496,A,T,0.06123,0.02084,12,2
496,A,V,0.2603,0.1058,8.5,2
496,A,W,-0.3643,0.6163,3,2
496,A,Y,0.3528,0.2093,3.5,2
497,R,A,-0.0317,0.1461,5,2
497,R,C,-0.2985,0.4167,7.5,2
497,R,D,-0.6317,0.1667,4.5,2
497,R,E,-0.236,0.1663,5.5,2
497,R,F,-0.03877,0.07292,7.5,2
497,R,G,-0.0756,0.104,4.5,2
497,R,H,-0.0823,0.01729,4.5,2
497,R,I,-0.2991,0.2656,5,2
497,R,K,0.1723,0.1436,4,2
497,R,L,-0.4234,0.1518,7,2
497,R,M,-0.7606,0.5764,5,2
497,R,N,0.192,0.0242,10,2
497,R,P,0.4126,0.2853,5.5,2
497,R,Q,-0.2007,0.1226,6,2
497,R,R,0,0,,2
497,R,S,0.1886,0.09171,11,2
497,R,T,0.0129,0.1536,6,2
497,R,V,-0.1871,0.1249,9,2
497,R,W,-0.1413,0.1044,8.5,2
497,R,Y,-0.1261,0.1503,6,2
498,G,A,-0.1408,0.1456,11.5,2
498,G,C,-0.2444,0.2165,4,2
498,G,D,0.1899,0.1405,6.5,2
498,G,E,0.00145,0.1242,7,2
498,G,F,-0.3163,0.2405,5.5,2
498,G,G,0,0,,2
498,G,H,-0.3593,0.2378,4,2
498,G,I,0.6267,0.4713,2,2
498,G,K,0.3659,0.08975,9.5,2
498,G,L,-0.08342,0.1259,8.5,2
498,G,M,0.02335,0.169,10.5,2
498,G,N,0.2256,0.1766,6,2
498,G,P,0.2875,0.08035,7,2
498,G,Q,-0.1031,0.04877,5,2
498,G,R,-0.162,0.3866,5,2
498,G,S,0.04287,0.04221,6.5,2
498,G,T,-0.1062,0.3028,8,2
498,G,V,-0.05466,0.1211,4.5,2
498,G,W,-0.1592,0.373,7.5,2
498,G,Y,0.5316,0.1621,4.5,2
499,K,A,-0.4355,0.217,6.5,2
499,K,C,-0.4268,0.0426,6.5,2
499,K,D,-0.3816,0.0513,6.5,2
499,K,E,-0.3113,0.299,3.5,2
499,K,F,-0.5398,0.1933,7,2
499,K,G,0.1728,0.1865,5,2
499,K,H,-0.0392,0.2134,6,2
499,K,I,-0.431,0.2119,5.5,2
499,K,K,0,0,,2
499,K,L,-0.665,0.1339,5.5,2
499,K,M,-0.4551,0.28,3.5,2
499,K,N,-0.1114,0.04821,8,2
499,K,P,-0.2787,0.2745,5,2
499,K,Q,-0.2018,0.2541,4.5,2
499,K,R,0.0313,0.2671,7.5,2
499,K,S,0.0667,0.3237,5,2
499,K,T,-0.3501,0.0714,4.5,2
499,K,V,-0.2862,0.2072,6.5,2
499,K,W,-0.02005,0.1638,7,2
499,K,Y,-0.06003,0.06297,9,2
