site,wildtype,mutant,effect,effect_std,times_seen,n_selections
-1(a),A,*,-5.848,0,5,2
-1(a),A,A,0,0,,2
-1(a),A,C,0.04798,0.0122,4,2
-1(a),A,D,0.001555,0.04222,4.5,2
-1(a),A,E,-0.07311,0.08969,4.5,2
-1(a),A,F,0.02046,0.01531,3.5,2
-1(a),A,G,-0.05796,0.08894,3,2
-1(a),A,H,-0.1188,0.162,3.5,2
-1(a),A,I,-1.68,0.259,4,2
-1(a),A,K,-0.071,0.02838,7,2
-1(a),A,L,-0.007204,0,0.5,1
-1(a),A,M,-0.2767,0.0432,7,2
-1(a),A,N,0.03038,0.03012,5,2
-1(a),A,P,-0.09864,0.1102,7,2
-1(a),A,Q,-0.02833,0.01335,9.5,2
-1(a),A,R,-0.04413,0.1016,5,2
-1(a),A,S,0.01435,0.01282,10.5,2
-1(a),A,T,0.01339,0.003215,18.5,2
-1(a),A,V,-0.7943,0.2067,15.5,2
-1(a),A,W,-1.071,0.5639,7,2
-1(a),A,Y,-0.01928,0.01245,6.5,2
-1(b),A,-,-0.04974,0.02186,2.5,2
-1(b),A,A,0,0,,2
-1(b),A,D,-0.1708,0,0.5,1
-1(b),A,P,-0.00284,0,1,1
-1(b),A,S,-0.02663,0.00869,6,2
-1(b),A,T,-0.08907,0.09153,12,2
-1(b),A,V,0.002906,0.001218,18.5,2
-10(b),A,-,-0.09542,0.1266,1.5,2
-10(b),A,A,0,0,,2
-10(b),A,D,-1.196,0.7852,1.5,2
-10(b),A,P,0.03803,0,0.5,1
-10(b),A,S,0.03723,0.01519,6,2
-10(b),A,T,-0.007527,0.0001555,12.5,2
-10(b),A,V,-0.041,0.00492,6,2
-11(b),V,-,0.0238,0.00705,2,2
-11(b),V,A,-0.1454,0.09797,3.5,2
-11(b),V,F,0.02308,0.008975,6,2
-11(b),V,I,0.0394,0.02942,11,2
-11(b),V,L,-0.0685,0.1335,1.5,2
-11(b),V,V,0,0,,2
-12(b),L,-,0.00815,0.01745,2.5,2
-12(b),L,L,0,0,,2
-12(b),L,M,0.06047,0,0.5,1
-12(b),L,P,-0.1914,0.09743,11.5,2
-12(b),L,Q,-0.07486,0,1,1
-12(b),L,R,-0.5079,0,1,1
-13(b),V,-,-0.03959,0,0.5,1
-13(b),V,A,-0.9372,0.9858,4.5,2
-13(b),V,E,-0.2671,0.2721,2,2
-13(b),V,G,-0.12,0,1,1
-13(b),V,L,0.003501,0.003534,9.5,2
-13(b),V,M,-0.05341,0.04679,13,2
-13(b),V,V,0,0,,2
-14(b),A,-,-0.09982,0,1,1
-14(b),A,A,0,0,,2
-14(b),A,D,-0.2024,0,0.5,1
-14(b),A,G,0.003083,0,0.5,1
-14(b),A,S,0.02226,0.01589,4.5,2
-14(b),A,T,-0.0006745,0.0008535,12.5,2
-14(b),A,V,-1.632,1.493,4.5,2
-15(b),G,-,-0.04285,0,1,1
-15(b),G,C,-0.05132,0.01105,3.5,2
-15(b),G,D,-0.04708,0.01685,6.5,2
-15(b),G,G,0,0,,2
-15(b),G,R,0.05532,0,0.5,1
-15(b),G,S,0.0296,0.01391,11,2
-15(b),G,V,-0.08254,0.09086,2.5,2
-16(b),A,-,-0.1465,0,1,1
-16(b),A,A,0,0,,2
-16(b),A,D,-0.1453,0.138,1,2
-16(b),A,P,-0.01639,0.04943,1.5,2
-16(b),A,S,-0.08349,0.1602,7,2
-16(b),A,T,0.008915,0.02073,18,2
-16(b),A,V,0.03653,0.008165,19,2
-17(b),G,-,0.01853,0,0.5,1
-17(b),G,C,-0.05588,0.03946,2.5,2
-17(b),G,D,-0.1772,0.2007,4.5,2
-17(b),G,G,0,0,,2
-17(b),G,S,0.01618,0.03814,11,2
-17(b),G,V,-0.1856,0.1136,3.5,2
-18(b),L,-,-0.03439,0,0.5,1
-18(b),L,L,0,0,,2
-18(b),L,M,-0.3081,0.3002,3,2
-18(b),L,P,0.0256,0.02081,3.5,2
-18(b),L,Q,-0.8843,0.2327,1.5,2
-18(b),L,R,0.01188,0,0.5,1
-19(b),I,-,0.01238,0,0.5,1
-19(b),I,F,0.008651,0,0.5,1
-19(b),I,I,0,0,,2
-19(b),I,L,0.03043,0,0.5,1
-19(b),I,N,-0.05263,0,2.5,1
-19(b),I,V,-0.138,0.1222,2.5,2
-2(b),L,-,-0.05789,0.03896,2.5,2
-2(b),L,K,-0.9183,0,0.5,1
-2(b),L,L,0,0,,2
-2(b),L,M,0.005391,0.004779,7,2
-2(b),L,P,-0.01752,0.01791,6.5,2
-2(b),L,Q,-0.06519,0.04441,6,2
-2(b),L,R,-0.03406,0.0444,1,2
-20(b),R,-,-0.0596,0,0.5,1
-20(b),R,G,0.008905,0.02849,6,2
-20(b),R,I,-0.1277,0,1,1
-20(b),R,K,-0.02253,0.01504,14,2
-20(b),R,R,0,0,,2
-20(b),R,S,0.05623,0,0.5,1
-21(b),G,-,-0.008592,0,0.5,1
-21(b),G,D,0.04505,0.02526,20,2
-21(b),G,G,0,0,,2
-21(b),G,S,0.03163,0.02354,6.5,2
-21(b),G,V,0.06229,0,1,1
-22(b),S,-,-0.023,0,0.5,1
-22(b),S,F,0.02879,0,2,1
-22(b),S,P,-0.08747,0.09862,1,2
-22(b),S,S,0,0,,2
-22(b),S,T,0.02208,0,1,1
-22(b),S,Y,-1.073,0,1,1
-23(b),G,-,-0.03217,0,0.5,1
-23(b),G,C,-0.01154,0,1,1
-23(b),G,D,-0.02296,0.01231,27.5,2
-23(b),G,G,0,0,,2
-23(b),G,S,-0.3542,0.3131,10.5,2
-23(b),G,V,-0.006226,0,1,1
-24(b),M,-,0.01234,0,0.5,1
-24(b),M,I,-0.009951,0.01182,13.5,2
-24(b),M,K,-0.0505,0.0855,2.5,2
-24(b),M,M,0,0,,2
-24(b),M,T,-0.0429,0.0992,2,2
-24(b),M,V,0.02271,0,0.5,1
-3(b),R,-,-0.04154,0.008905,2.5,2
-3(b),R,C,0.01953,0.00149,9,2
-3(b),R,H,-0.05034,0.0375,15,2
-3(b),R,L,-0.03274,0.00283,6.5,2
-3(b),R,P,0.001209,0,2,1
-3(b),R,R,0,0,,2
-3(b),R,S,0.0102,0.0185,7.5,2
-4(b),A,-,-0.06324,0.005105,3,2
-4(b),A,A,0,0,,2
-4(b),A,D,0.0116,0,1,1
-4(b),A,P,0.01965,0.01973,1.5,2
-4(b),A,S,-0.03483,0.00111,5,2
-4(b),A,T,-0.133,0.03817,4,2
-4(b),A,V,-0.01402,0.007787,12,2
-5(b),G,-,-0.1419,0.02285,3.5,2
-5(b),G,C,0.01351,0.02322,4,2
-5(b),G,D,-0.5194,0.5316,10.5,2
-5(b),G,G,0,0,,2
-5(b),G,R,-0.04152,0.0181,1.5,2
-5(b),G,S,-0.01394,0.02853,9.5,2
-5(b),G,V,-0.7402,0.7288,4.5,2
-6(b),L,-,-0.02458,0.02316,4,2
-6(b),L,F,0.01646,0.05716,5.5,2
-6(b),L,H,-0.00417,0.05521,2.5,2
-6(b),L,I,0.05223,0,1,1
-6(b),L,L,0,0,,2
-6(b),L,P,-2.887,1.505,2,2
-7(b),V,-,0.01538,0.03908,3,2
-7(b),V,A,-0.03999,0.06491,1.5,2
-7(b),V,L,-0.03431,0.03988,4.5,2
-7(b),V,M,-0.6249,0.5222,11.5,2
-7(b),V,V,0,0,,2
-8(b),V,-,-0.1134,0.147,1.5,2
-8(b),V,A,0.05868,0,3,1
-8(b),V,F,0.05042,0.008235,4.5,2
-8(b),V,I,-0.01894,0.03851,8,2
-8(b),V,L,-0.6058,0,0.5,1
-8(b),V,V,0,0,,2
-9(b),L,-,-0.05314,0.08476,1.5,2
-9(b),L,L,0,0,,2
-9(b),L,M,0.00167,0.01949,2.5,2
-9(b),L,P,-1.03,0.3681,12.5,2
1(T2A),G,*,-5.954,0,4.5,2
1(T2A),G,-,-0.04055,0.03329,3.5,2
1(T2A),G,E,-1.07,0.5191,35.5,2
1(T2A),G,G,0,0,,2
1(T2A),G,K,0.07485,0,0.5,1
1(T2A),G,R,0.04688,0.000685,25.5,2
1(T2A),G,V,0.04537,0.02551,4,2
1(a),V,*,-5.851,0,5,2
1(a),V,A,-0.06895,0.02387,14,2
1(a),V,C,-0.2572,0.1767,6.5,2
1(a),V,D,-0.3583,0.1372,5.5,2
1(a),V,E,-0.1315,0.109,4.5,2
1(a),V,F,-0.2039,0.2512,6.5,2
1(a),V,G,-0.09622,0.09468,7.5,2
1(a),V,H,-0.06558,0.06052,5,2
1(a),V,I,-0.2992,0.02865,6.5,2
1(a),V,K,0.01875,0.0116,7.5,2
1(a),V,L,0.01553,0.03403,12.5,2
1(a),V,M,0.04698,0.000415,16.5,2
1(a),V,N,0.03137,0.00049,5.5,2
1(a),V,P,0.04811,0.02487,6,2
1(a),V,Q,-0.0158,0.03514,3,2
1(a),V,R,-0.5206,0.145,7,2
1(a),V,S,-0.4061,0.3414,3,2
1(a),V,T,-0.1543,0.1203,8,2
1(a),V,V,0,0,,2
1(a),V,W,-0.1589,0.1202,6,2
1(a),V,Y,-0.2435,0.0641,7,2
1(b),G,-,-0.4415,0.4454,4,2
1(b),G,A,-0.898,0,1,1
1(b),G,C,0.01002,0.02733,5.5,2
1(b),G,D,-0.01571,0.02755,7,2
1(b),G,G,0,0,,2
1(b),G,R,-0.01786,0,1,1
1(b),G,S,-0.03286,0.03795,12,2
1(b),G,T,0.04329,0,0.5,1
1(b),G,V,0.03945,0.02427,4.5,2
10(T2A),L,-,-0.08257,0.04263,2,2
10(T2A),L,L,0,0,,2
10(T2A),L,M,0.03195,0.00166,1,2
10(T2A),L,P,-0.03801,0,0.5,1
10(T2A),L,Q,-0.2409,0.2743,1.5,2
10(T2A),L,V,0.04378,0.03057,1,2
10(a),T,*,-5.729,0,9.5,2
10(a),T,-,-0.07702,0,1,1
10(a),T,A,-0.239,0.02985,11.5,2
10(a),T,C,-0.05717,0.01987,9.5,2
10(a),T,D,-0.5575,0.1983,9.5,2
10(a),T,E,-0.6907,0.03625,6.5,2
10(a),T,F,-0.1263,0.1052,9,2
10(a),T,G,-0.6669,0.01865,11,2
10(a),T,H,-0.5938,0.1704,4.5,2
10(a),T,I,0.0084,0.00799,12.5,2
10(a),T,K,-1.128,0.3363,12,2
10(a),T,L,-0.2579,0.2432,11.5,2
10(a),T,M,0.04072,0.008005,10.5,2
10(a),T,N,0.03728,0.004,5.5,2
10(a),T,P,-5.495,0,10,2
10(a),T,Q,-0.1553,0.1597,11,2
10(a),T,R,-0.4418,0.0193,10.5,2
10(a),T,S,-0.1953,0.2484,8,2
10(a),T,T,0,0,,2
10(a),T,V,-0.05512,0.05678,9.5,2
10(a),T,W,-0.6591,0.2811,6,2
10(a),T,Y,-0.07755,0.00295,12,2
10(b),Q,*,-5.921,0,7,2
10(b),Q,-,-0.6631,0.5589,2.5,2
10(b),Q,A,-0.4237,0.1124,11.5,2
10(b),Q,C,-0.3668,0.2261,13,2
10(b),Q,D,-0.4081,0.0379,8.5,2
10(b),Q,E,-0.1221,0.04663,11.5,2
10(b),Q,F,-0.4779,0.1785,9.5,2
10(b),Q,G,-2.297,0.028,10.5,2
10(b),Q,H,-0.02342,0.06338,14,2
10(b),Q,I,-0.243,0.1338,9.5,2
10(b),Q,K,-2.817,0.0795,9,2
10(b),Q,L,-0.23,0.1573,17,2
10(b),Q,M,-0.1097,0.01689,12.5,2
10(b),Q,N,-0.8125,0.3045,10,2
10(b),Q,P,-5.983,0,16.5,2
10(b),Q,Q,0,0,,2
10(b),Q,R,-3.21,0.1475,26,2
10(b),Q,S,-0.2295,0.02825,9,2
10(b),Q,T,-0.08087,0.1284,10.5,2
10(b),Q,V,-0.3574,0.04565,9.5,2
10(b),Q,W,-2.654,0.067,14,2
10(b),Q,Y,-2.546,0.013,12,2
100(a),P,-,-0.04544,0.008245,3,2
100(a),P,A,0.05495,0.02097,9.5,2
100(a),P,C,-0.2247,0.2295,8,2
100(a),P,D,-0.08601,0.08369,12.5,2
100(a),P,E,-0.03036,0.01575,10.5,2
100(a),P,F,0.01015,0.03184,11.5,2
100(a),P,G,-0.09663,0.09577,8,2
100(a),P,H,-0.05785,0.08204,7.5,2
100(a),P,I,-0.2295,0.2494,9,2
100(a),P,K,-0.1187,0.09759,6.5,2
100(a),P,L,-0.01543,0.07206,12.5,2
100(a),P,M,0.04057,0.03278,10.5,2
100(a),P,N,-0.01138,0.009752,8,2
100(a),P,P,0,0,,2
100(a),P,Q,0.03368,0.0366,9,2
100(a),P,R,0.04027,0.02207,16,2
100(a),P,S,-0.004195,0.007975,18,2
100(a),P,T,-0.007951,0.008839,12.5,2
100(a),P,V,0.03671,0.009695,8.5,2
100(a),P,W,0.04276,0.01035,13,2
100(a),P,Y,-0.01444,0.06821,7.5,2
100(b),V,-,-1.298,1.029,366,2
100(b),V,A,-0.05719,0.0976,6,2
100(b),V,C,-0.05921,0.00185,13,2
100(b),V,D,-2.843,0.074,7.5,2
100(b),V,E,-0.7648,0.2533,7,2
100(b),V,F,-0.1789,0.07555,13.5,2
100(b),V,G,-0.3101,0.2455,7,2
100(b),V,H,-0.2065,0.05225,14,2
100(b),V,I,0.0383,0.00134,12.5,2
100(b),V,K,-1.417,0.307,6.5,2
100(b),V,L,-0.01006,0.01689,18,2
100(b),V,M,-0.04585,0.03647,21.5,2
100(b),V,N,-0.2577,0.0965,9,2
100(b),V,P,-0.623,0.592,4,2
100(b),V,Q,-0.2625,0.1226,5.5,2
100(b),V,R,-0.8108,0.07825,13.5,2
100(b),V,S,-0.1026,0.1312,12,2
100(b),V,T,-0.1454,0.1605,10.5,2
100(b),V,V,0,0,,2
100(b),V,W,-2.701,1.354,4.5,2
100(b),V,Y,-0.3387,0.02985,10,2
101(a),V,-,-0.02661,0.004215,4,2
101(a),V,A,0.00292,0.04357,14,2
101(a),V,C,-0.1339,0.0109,16,2
101(a),V,D,-0.00322,0.02972,14.5,2
101(a),V,E,-0.03379,0.07201,10,2
101(a),V,F,-0.1031,0.0505,10.5,2
101(a),V,G,0.01338,0.03097,10.5,2
101(a),V,H,0.00904,0.01986,9,2
101(a),V,I,0.03447,0.03299,10.5,2
101(a),V,K,0.05147,0.02388,5,2
101(a),V,L,0.01847,0.009393,18.5,2
101(a),V,M,-0.05923,0.07497,14.5,2
101(a),V,N,0.05438,0.01056,6.5,2
101(a),V,P,0.01041,0.02747,10.5,2
101(a),V,Q,0.02882,0.007645,11,2
101(a),V,R,-0.01542,0.06543,5,2
101(a),V,S,-0.07014,0.05346,10.5,2
101(a),V,T,0.02234,0.02569,10.5,2
101(a),V,V,0,0,,2
101(a),V,W,-0.03264,0.1051,10.5,2
101(a),V,Y,-0.01475,0.01745,10,2
101(b),R,-,-0.02236,0.0167,365.5,2
101(b),R,A,0.04897,0.01614,6,2
101(b),R,C,0.009821,0.003719,10.5,2
101(b),R,D,-0.2209,0.185,9,2
101(b),R,E,0.008865,0.02828,11,2
101(b),R,F,-0.09557,0.135,9,2
101(b),R,G,-0.6434,0.4896,10.5,2
101(b),R,H,-0.329,0.3072,13,2
101(b),R,I,0.03496,0.03759,13.5,2
101(b),R,K,-0.2708,0.2567,6.5,2
101(b),R,L,-0.2403,0.01155,11,2
101(b),R,M,-0.1943,0.1614,8.5,2
101(b),R,N,-0.05737,0.05043,11.5,2
101(b),R,P,-5.675,0,7,2
101(b),R,Q,-0.002464,0.007586,15.5,2
101(b),R,R,0,0,,2
101(b),R,S,0.0256,0.02088,8,2
101(b),R,T,0.01675,0.01867,7.5,2
101(b),R,V,0.02984,0.04023,10.5,2
101(b),R,W,-0.001784,0.006978,46.5,2
101(b),R,Y,0.04598,0.03283,12.5,2
102(a),E,*,-3.787,0.714,3,2
102(a),E,-,-0.02268,0.004205,3.5,2
102(a),E,A,0.008275,0.01549,8,2
102(a),E,C,0.0404,0.01397,10.5,2
102(a),E,D,-0.2342,0.2928,9,2
102(a),E,E,0,0,,2
102(a),E,F,-0.02543,0.03051,8.5,2
102(a),E,G,-0.02691,0.07609,12,2
102(a),E,H,-0.008135,0.05189,9.5,2
102(a),E,I,0.04815,0.02513,13.5,2
102(a),E,K,0.003495,0.01704,37,2
102(a),E,L,0.03125,0.008365,11.5,2
102(a),E,M,0.01386,0.01846,12,2
102(a),E,N,0.0606,0.01157,10.5,2
102(a),E,P,-0.03625,0.1011,7,2
102(a),E,Q,0.04506,0.01306,11,2
102(a),E,R,-0.01337,0.01824,9.5,2
102(a),E,S,0.03952,0.00395,10.5,2
102(a),E,T,-0.01342,0.06218,12,2
102(a),E,V,-0.1346,0.2026,13.5,2
102(a),E,W,0.02836,0.005685,9.5,2
102(a),E,Y,-0.005602,0.009919,8.5,2
102(b),V,-,-0.0269,0.00658,365,2
102(b),V,A,-0.007705,0.05111,11,2
102(b),V,C,-0.1403,0.07896,12,2
102(b),V,D,-2.713,0.0275,10,2
102(b),V,E,-1.856,0.114,8,2
102(b),V,F,-0.3329,0.00295,12.5,2
102(b),V,G,-0.000385,0.07248,10.5,2
102(b),V,H,-0.6464,0.05265,11,2
102(b),V,I,-0.1086,0.09369,6.5,2
102(b),V,K,-2.588,0.6015,6.5,2
102(b),V,L,-0.08106,0.02884,15.5,2
102(b),V,M,-0.04385,0.01049,19,2
102(b),V,N,-0.821,0.02475,12.5,2
102(b),V,P,-0.2641,0.3031,6.5,2
102(b),V,Q,-0.7684,0.2965,11,2
102(b),V,R,-1.184,0.275,8.5,2
102(b),V,S,-0.3345,0.3705,11,2
102(b),V,T,-0.08912,0.1067,9,2
102(b),V,V,0,0,,2
102(b),V,W,-0.8792,0.2748,11.5,2
102(b),V,Y,-0.2575,0.1105,11,2
103(a),L,-,-0.002179,0.01168,5,2
103(a),L,A,0.02703,0.02138,9.5,2
103(a),L,C,0.0134,0.03079,10.5,2
103(a),L,D,0.007575,0.01642,11.5,2
103(a),L,E,0.01573,0.03474,8.5,2
103(a),L,F,-0.00691,0.02053,9,2
103(a),L,G,-0.05803,0.04149,13.5,2
103(a),L,H,-0.07335,0.03365,15.5,2
103(a),L,I,-0.06951,0.13,8.5,2
103(a),L,K,0.04616,0.02345,8,2
103(a),L,L,0,0,,2
103(a),L,M,-0.03925,0.008685,17,2
103(a),L,N,0.01529,0.007957,9.5,2
103(a),L,P,-0.02305,0.04945,18.5,2
103(a),L,Q,0.05155,0.00506,10.5,2
103(a),L,R,0.05061,0.0303,11.5,2
103(a),L,S,-0.06688,0.06972,10,2
103(a),L,T,-0.4862,0.4813,7,2
103(a),L,V,-0.009125,0.08575,10,2
103(a),L,W,-0.0095,0.08931,9,2
103(a),L,Y,-0.1399,0.1329,9,2
103(b),S,-,-0.04798,0.0209,365,2
103(b),S,A,-0.07343,0.1074,7,2
103(b),S,C,-0.01779,0.0509,16.5,2
103(b),S,D,-0.1527,0.1042,9,2
103(b),S,E,0.0326,0.02486,7.5,2
103(b),S,F,-0.04591,0.02056,17,2
103(b),S,G,-0.09049,0.06262,9.5,2
103(b),S,H,0.05776,0.01699,14.5,2
103(b),S,I,-0.04322,0.04959,13.5,2
103(b),S,K,-0.161,0.1605,13,2
103(b),S,L,0.0519,0.0171,6,2
103(b),S,M,-0.03075,0.03793,13,2
103(b),S,N,0.02423,0.01232,10,2
103(b),S,P,-0.05169,0.02008,14,2
103(b),S,Q,0.03753,0.0155,9,2
103(b),S,R,-0.02563,0.007115,14,2
103(b),S,S,0,0,,2
103(b),S,T,-0.02808,0.06243,5.5,2
103(b),S,V,-0.003825,0.06033,16,2
103(b),S,W,-0.08392,0.03517,7,2
103(b),S,Y,-0.1591,0.1371,13.5,2
104(a),G,*,-5.931,0,4.5,2
104(a),G,-,-0.1285,0.06993,4.5,2
104(a),G,A,0.02713,0.000785,10,2
104(a),G,C,0.01342,0.03805,10,2
104(a),G,D,-0.1758,0.2098,10.5,2
104(a),G,E,-0.1019,0.06186,14.5,2
104(a),G,F,0.04844,0.01698,16,2
104(a),G,G,0,0,,2
104(a),G,H,-0.05812,0.08838,11,2
104(a),G,I,-0.1733,0.04995,10.5,2
104(a),G,K,-0.1042,0.1659,13.5,2
104(a),G,M,0.00314,0.03201,5,2
104(a),G,N,0.05501,0.00911,11,2
104(a),G,P,-0.05593,0.1039,10.5,2
104(a),G,Q,-0.2465,0.3236,7,2
104(a),G,R,0.001025,0.05951,21,2
104(a),G,S,0.00207,0.04128,7,2
104(a),G,T,-0.03465,0.02371,10.5,2
104(a),G,V,-0.3365,0.4099,4.5,2
104(a),G,W,0.02455,0.01204,7,2
104(a),G,Y,0.02014,0.01739,12,2
104(b),P,-,-0.02709,0.01445,364.5,2
104(b),P,A,-0.0213,0.002995,9,2
104(b),P,C,-0.0381,0.06109,12.5,2
104(b),P,D,-0.1393,0.1224,11,2
104(b),P,E,-0.03438,0.06557,10,2
104(b),P,F,-0.2053,0.2554,10,2
104(b),P,G,-0.02817,0.01084,14,2
104(b),P,H,0.01233,0.03415,12,2
104(b),P,I,0.06061,0.01513,7.5,2
104(b),P,K,0.04308,0.02791,14,2
104(b),P,L,7.5e-05,0.01037,13,2
104(b),P,M,-0.2743,0.2443,13,2
104(b),P,N,-0.1399,0.04015,10,2
104(b),P,P,0,0,,2
104(b),P,Q,0.0238,0.04417,13.5,2
104(b),P,R,0.0467,0.007895,6,2
104(b),P,S,0.04224,0.00171,16,2
104(b),P,T,0.02907,0.01174,9.5,2
104(b),P,V,-0.2044,0.2678,11,2
104(b),P,W,0.02986,0.01208,7,2
104(b),P,Y,-0.2329,0.2333,6,2
105(a),D,-,-0.09772,0.1036,4.5,2
105(a),D,A,-0.05306,0.03059,10.5,2
105(a),D,C,0.02134,0.02387,8,2
105(a),D,D,0,0,,2
105(a),D,E,-0.1087,0.1538,10,2
105(a),D,F,0.05611,0.01547,9.5,2
105(a),D,G,0.03624,0.006205,7.5,2
105(a),D,H,0.03981,0.01012,14.5,2
105(a),D,I,0.0484,0.01047,7.5,2
105(a),D,K,0.03351,0.00467,16,2
105(a),D,L,0.04418,0.03011,9.5,2
105(a),D,M,0.03243,0.01174,12.5,2
105(a),D,N,0.006215,0.02019,19.5,2
105(a),D,P,0.04641,0.005605,7.5,2
105(a),D,Q,-0.01182,0.006566,10,2
105(a),D,R,0.06073,0.01158,10,2
105(a),D,S,0.03203,0.00066,9,2
105(a),D,T,0.007365,0.05211,8,2
105(a),D,V,0.02084,0.01643,11,2
105(a),D,W,-0.3823,0.4116,12,2
105(a),D,Y,-0.01067,0.04299,14,2
105(b),M,-,-0.104,0.1098,364.5,2
105(b),M,A,-0.00355,0.05291,9,2
105(b),M,C,0.02015,0.01817,11,2
105(b),M,D,-0.01805,0.03836,10,2
105(b),M,E,-0.2232,0.2752,4.5,2
105(b),M,F,-0.09244,0.09216,7.5,2
105(b),M,G,-0.01675,0.008314,6,2
105(b),M,H,-0.000175,0.0661,10,2
105(b),M,I,0.007527,0.01028,32,2
105(b),M,K,-0.05192,0.05618,10.5,2
105(b),M,L,0.0183,0.0265,11,2
105(b),M,M,0,0,,2
105(b),M,N,-0.1615,0.1323,12,2
105(b),M,P,-0.0396,0.1179,12,2
105(b),M,Q,-0.2753,0.1083,9,2
105(b),M,R,-0.1542,0.1063,10,2
105(b),M,S,-0.01999,0.05815,13.5,2
105(b),M,T,0.01962,0.02131,10,2
105(b),M,V,-0.002685,0.01571,14.5,2
105(b),M,W,-0.04066,0.02171,11,2
105(b),M,Y,-0.3002,0.2751,7,2
106(a),P,-,-0.2012,0.1144,6.5,2
106(a),P,A,0.01516,0.007857,9,2
106(a),P,C,0.02594,0.01456,11.5,2
106(a),P,D,0.04065,0.01351,11,2
106(a),P,E,0.03279,0.03365,8,2
106(a),P,F,-0.05267,0.09663,10.5,2
106(a),P,G,-0.07783,0.03648,14,2
106(a),P,H,0.03867,0.03632,19,2
106(a),P,I,0.05876,0.01119,9.5,2
106(a),P,K,0.05738,0.01392,8.5,2
106(a),P,L,0.000145,0.04906,14,2
106(a),P,M,0.05272,0.01346,10,2
106(a),P,N,-0.01311,0.04762,9,2
106(a),P,P,0,0,,2
106(a),P,Q,0.00856,0.03153,5,2
106(a),P,R,0.05067,0.0046,10.5,2
106(a),P,S,0.03351,0.01518,19,2
106(a),P,T,0.05181,0.02554,12,2
106(a),P,V,-0.06878,0.1059,12.5,2
106(a),P,W,-0.1239,0.1096,12,2
106(a),P,Y,-0.1303,0.05224,13,2
106(b),Q,*,-5.768,0,16.5,2
106(b),Q,-,-0.000791,0.003893,364,2
106(b),Q,A,0.02928,0.04113,9,2
106(b),Q,C,-0.3557,0.1253,9.5,2
106(b),Q,D,-0.01458,0.00337,9,2
106(b),Q,E,-0.06456,0.06284,11.5,2
106(b),Q,F,-0.09124,0.1014,5.5,2
106(b),Q,G,0.02137,0.02767,9,2
106(b),Q,H,-0.08668,0.07612,17.5,2
106(b),Q,I,0.04551,0.01572,10,2
106(b),Q,K,-0.03839,0.06252,8.5,2
106(b),Q,L,-0.1154,0.1216,16.5,2
106(b),Q,M,0.03786,0.02539,9.5,2
106(b),Q,N,0.02363,0.01825,12.5,2
106(b),Q,P,-0.4162,0.4764,6,2
106(b),Q,Q,0,0,,2
106(b),Q,R,-0.1453,0.1507,13,2
106(b),Q,S,0.03921,0.00543,9,2
106(b),Q,T,0.03991,0.0198,11.5,2
106(b),Q,V,-0.01346,0.05018,12,2
106(b),Q,W,0.0341,0.00966,8.5,2
106(b),Q,Y,-0.1115,0.08131,10.5,2
107(a),N,-,-0.13,0.09513,5.5,2
107(a),N,A,-0.1779,0.06985,10,2
107(a),N,C,-0.2058,0.2123,9,2
107(a),N,D,-0.2376,0.1348,9.5,2
107(a),N,E,-0.4251,0.2656,10,2
107(a),N,F,0.05514,0.01167,8.5,2
107(a),N,G,0.0218,0.009725,12,2
107(a),N,H,0.03478,0.03593,7,2
107(a),N,I,-0.3665,0.04545,11.5,2
107(a),N,K,-0.01888,0.02593,6.5,2
107(a),N,L,-0.3048,0.2115,12,2
107(a),N,M,-0.187,0.2554,9,2
107(a),N,N,0,0,,2
107(a),N,P,-0.3844,0.1011,7.5,2
107(a),N,Q,-0.1047,0.03518,12.5,2
107(a),N,R,-0.02293,0.03331,5.5,2
107(a),N,S,-0.05631,0.0358,10.5,2
107(a),N,T,-0.1425,0.1319,10.5,2
107(a),N,V,-0.7415,0.0302,10.5,2
107(a),N,W,-0.03707,0.07863,14.5,2
107(a),N,Y,-0.1356,0.1568,10.5,2
107(b),S,-,-0.04277,0.03602,364,2
107(b),S,A,0.01308,0.04303,11.5,2
107(b),S,C,-0.3018,0.2075,9.5,2
107(b),S,D,0.03202,0.002735,9.5,2
107(b),S,E,-0.0839,0.0852,8,2
107(b),S,F,0.01386,0.02683,8.5,2
107(b),S,G,-0.02393,0.07906,7,2
107(b),S,H,0.05013,0.006055,11,2
107(b),S,I,0.000695,0.008822,12,2
107(b),S,K,0.02993,0.03876,10,2
107(b),S,L,-0.04315,0.02665,13.5,2
107(b),S,M,-0.03862,0.08779,10,2
107(b),S,N,-0.00503,0.03367,20,2
107(b),S,P,0.05246,0.01806,10.5,2
107(b),S,Q,0.01063,0.0595,17.5,2
107(b),S,R,-0.00432,0.03819,9.5,2
107(b),S,S,0,0,,2
107(b),S,T,0.003955,0.03408,8,2
107(b),S,V,0.00391,0.05367,7.5,2
107(b),S,W,-0.1171,0.1232,5,2
107(b),S,Y,0.01751,0.01435,10.5,2
108(a),I,-,-0.1137,0.07533,4.5,2
108(a),I,A,0.05253,0.006995,7.5,2
108(a),I,C,0.04555,0.02669,9,2
108(a),I,D,0.06261,0.01031,10.5,2
108(a),I,E,-0.09771,0.1669,7,2
108(a),I,F,-0.02459,0.0376,10.5,2
108(a),I,G,-0.1842,0.2589,11.5,2
108(a),I,H,0.05758,0.0119,8.5,2
108(a),I,I,0,0,,2
108(a),I,K,-0.09239,0.09811,8,2
108(a),I,L,-0.00441,0.06907,9.5,2
108(a),I,M,0.0535,0.003545,11,2
108(a),I,N,-0.0667,0.1245,14,2
108(a),I,P,-1.717,0.049,11,2
108(a),I,Q,0.03888,0.01764,8.5,2
108(a),I,R,-0.05507,0.005555,10.5,2
108(a),I,S,0.02853,0.04796,9,2
108(a),I,T,0.04928,0.001795,9,2
108(a),I,V,-0.1814,0.09906,13,2
108(a),I,W,0.05469,0.008315,7,2
108(a),I,Y,0.004615,0.05378,11.5,2
108(b),S,-,0.0218,0.03973,364.5,2
108(b),S,A,-0.05211,0.09749,7,2
108(b),S,C,-0.31,0.02115,11.5,2
108(b),S,D,0.05252,0.01195,8,2
108(b),S,E,-0.0836,0.1536,9.5,2
108(b),S,F,-0.01234,0.03131,17,2
108(b),S,G,-0.1775,0.1539,7,2
108(b),S,H,-0.07005,0.0149,14,2
108(b),S,I,0.027,0.00426,10,2
108(b),S,K,0.04088,0.02316,7,2
108(b),S,L,-0.02666,0.08474,10,2
108(b),S,M,0.002195,0.02704,13,2
108(b),S,N,-0.01511,0.01297,13.5,2
108(b),S,P,-0.06839,0.09052,18,2
108(b),S,Q,0.04275,0.03243,8.5,2
108(b),S,R,-0.01949,0.007335,12.5,2
108(b),S,S,0,0,,2
108(b),S,T,-0.1936,0.1811,13,2
108(b),S,V,0.008775,0.03748,5.5,2
108(b),S,W,-0.07946,0.06884,13,2
108(b),S,Y,-0.02204,0.04944,6.5,2
109(a),L,-,-0.03374,0.01187,4,2
109(a),L,A,-0.0162,0.009278,9.5,2
109(a),L,C,0.009395,0.01478,10,2
109(a),L,D,-3.163,0.099,9.5,2
109(a),L,E,-1.494,0.225,9,2
109(a),L,F,-0.4069,0.2637,10.5,2
109(a),L,G,-0.1173,0.08297,10,2
109(a),L,H,-0.6525,0.1262,10.5,2
109(a),L,I,-0.0629,0.1363,10,2
109(a),L,K,-2.541,0.6315,8,2
109(a),L,L,0,0,,2
109(a),L,M,-0.009665,0.03157,10.5,2
109(a),L,N,-0.3039,0.2202,11.5,2
109(a),L,P,-5.848,0,19,2
109(a),L,Q,-0.3345,0.1938,8,2
109(a),L,R,-4.172,0,14.5,2
109(a),L,S,-0.9296,0.1645,7.5,2
109(a),L,T,-5.653,0,10.5,2
109(a),L,V,-0.1318,0.1509,12.5,2
109(a),L,W,-0.6378,0.5732,10,2
109(a),L,Y,-0.8878,0.1121,13,2
109(b),S,-,0.009072,0.01241,364,2
109(b),S,A,0.03642,0.01886,12,2
109(b),S,C,-0.209,0.2446,7,2
109(b),S,D,-0.008855,0.02458,12.5,2
109(b),S,E,0.05683,0.01096,7,2
109(b),S,F,-0.01367,0.009485,17,2
109(b),S,G,0.01726,0.0467,9,2
109(b),S,H,0.02412,0.02461,11.5,2
109(b),S,I,0.01824,0.04941,9.5,2
109(b),S,K,0.04838,0.00542,10.5,2
109(b),S,L,-0.05444,0.07495,8,2
109(b),S,M,0.01752,0.02638,9.5,2
109(b),S,N,-0.0922,0.1319,10,2
109(b),S,P,0.0003575,0.008448,11.5,2
109(b),S,Q,-0.31,0.3783,5.5,2
109(b),S,R,-0.141,0.1713,12.5,2
109(b),S,S,0,0,,2
109(b),S,T,-0.01303,0.001665,11.5,2
109(b),S,V,-0.0686,0.0879,6.5,2
109(b),S,W,-0.00651,0.04312,9.5,2
109(b),S,Y,-0.1842,0.1115,12.5,2
11(T2A),T,-,-0.1277,0.07983,2.5,2
11(T2A),T,A,-0.1868,0.0479,3,2
11(T2A),T,I,-1.42,0.093,5,2
11(T2A),T,N,-0.7721,0.7089,2,2
11(T2A),T,S,-1.188,0.733,1.5,2
11(T2A),T,T,0,0,,2
11(a),E,*,-5.97,0,13.5,2
11(a),E,-,-0.04989,0,1,1
11(a),E,A,-1.574,0.225,5,2
11(a),E,C,-0.04167,0.03833,13,2
11(a),E,D,-0.4806,0.2384,12.5,2
11(a),E,E,0,0,,2
11(a),E,F,-2.462,0.0865,6,2
11(a),E,G,-0.8448,0.2153,17.5,2
11(a),E,H,-1.103,0.4664,11.5,2
11(a),E,I,-0.124,0.1733,6.5,2
11(a),E,K,-3.655,0,21,2
11(a),E,L,-0.1518,0.08586,7.5,2
11(a),E,M,-1.656,0.478,5.5,2
11(a),E,N,-0.7391,0.0238,8.5,2
11(a),E,P,-6.029,0,6.5,2
11(a),E,Q,-1.08,0.2941,7,2
11(a),E,R,-2.127,0.3235,6.5,2
11(a),E,S,-0.6057,0.6303,5.5,2
11(a),E,T,-1.444,0.108,10,2
11(a),E,V,-0.005675,0.01751,11.5,2
11(a),E,W,-2.836,0.1585,9,2
11(a),E,Y,-2.538,0.3295,7,2
11(b),E,*,-5.437,0,4,2
11(b),E,-,-0.1867,0.1155,2,2
11(b),E,A,-0.06096,0.1158,12.5,2
11(b),E,C,-0.4989,0.3307,12,2
11(b),E,D,-0.2579,0.08795,20.5,2
11(b),E,E,0,0,,2
11(b),E,F,-0.6098,0.03755,11.5,2
11(b),E,G,-0.4593,0.05955,9,2
11(b),E,H,-0.3632,0.2909,11.5,2
11(b),E,I,-0.598,0.08215,9.5,2
11(b),E,K,-1.165,0.1055,20,2
11(b),E,L,-1.109,0.3212,13,2
11(b),E,M,-0.06918,0.06512,13.5,2
11(b),E,N,-0.3488,0.2236,12,2
11(b),E,P,-2.561,0.008,9.5,2
11(b),E,Q,-0.2056,0.2335,14.5,2
11(b),E,R,-0.761,0.3,6,2
11(b),E,S,-0.1715,0.1731,13,2
11(b),E,T,-0.51,0.2316,12.5,2
11(b),E,V,-0.01796,0.07609,10,2
11(b),E,W,-1.561,0.096,11.5,2
11(b),E,Y,-1.001,0.0687,7.5,2
110(a),I,-,-0.04505,0.01873,4,2
110(a),I,A,-0.1411,0.00095,11,2
110(a),I,C,-0.09817,0.01963,10.5,2
110(a),I,D,-0.2174,0.01625,7,2
110(a),I,E,-0.1706,0.1942,11.5,2
110(a),I,F,-0.09842,0.01618,15,2
110(a),I,G,-0.9661,0.4459,8.5,2
110(a),I,H,-0.1744,0.1474,9.5,2
110(a),I,I,0,0,,2
110(a),I,K,-0.3841,0.1787,12.5,2
110(a),I,L,0.02087,0.02055,11.5,2
110(a),I,M,-0.09805,0.1005,11.5,2
110(a),I,N,-0.2208,0.0472,11.5,2
110(a),I,P,-5.431,0,10.5,2
110(a),I,Q,-0.1076,0.05725,14,2
110(a),I,R,-0.602,0.09915,7.5,2
110(a),I,S,-0.2851,0.1634,12.5,2
110(a),I,T,-0.1782,0.1539,8,2
110(a),I,V,-0.02431,0.01263,14,2
110(a),I,W,-0.4541,0.1081,11.5,2
110(a),I,Y,-0.08879,0.1293,10.5,2
110(b),L,-,-0.0255,0.006355,364.5,2
110(b),L,A,0.01363,0.01118,11.5,2
110(b),L,C,-0.03121,0.02456,7.5,2
110(b),L,D,-0.1281,0.1958,7,2
110(b),L,E,0.05078,0.02901,9,2
110(b),L,F,-0.02921,0.002925,9,2
110(b),L,G,0.04951,0.00332,7.5,2
110(b),L,H,-0.0116,0.0509,10.5,2
110(b),L,I,-0.1125,0.07644,11,2
110(b),L,K,-0.1585,0.06434,12,2
110(b),L,L,0,0,,2
110(b),L,M,-0.02261,0.03771,10.5,2
110(b),L,N,-0.1276,0.1667,8,2
110(b),L,P,-0.03767,0.05179,15,2
110(b),L,Q,0.004295,0.01749,11.5,2
110(b),L,R,-0.00117,0.04675,8,2
110(b),L,S,-0.01111,0.01565,10.5,2
110(b),L,T,-0.01541,0.02871,11,2
110(b),L,V,-0.03215,0.02435,7.5,2
110(b),L,W,0.000165,0.02022,13,2
110(b),L,Y,-0.00069,0.04508,9,2
111(a),C,*,-5.56,0,3,2
111(a),C,-,-0.1156,0.1118,4,2
111(a),C,A,-0.06833,0.04397,10,2
111(a),C,C,0,0,,2
111(a),C,D,-5.829,0,16,2
111(a),C,E,-5.306,0,10,2
111(a),C,F,-0.6421,0.2427,9,2
111(a),C,G,-0.2733,0.277,13,2
111(a),C,H,-2.283,0.059,7.5,2
111(a),C,I,-0.2133,0.1133,12.5,2
111(a),C,K,-4.168,0,9.5,2
111(a),C,L,-0.2033,0.1986,12,2
111(a),C,M,0.02479,0.01524,6.5,2
111(a),C,N,-1.448,0.373,13.5,2
111(a),C,P,-5.809,0,14,2
111(a),C,Q,-1.595,0.0035,14.5,2
111(a),C,R,-5.925,0,10.5,2
111(a),C,S,-0.09881,0.09069,13.5,2
111(a),C,T,-0.1614,0.1156,8,2
111(a),C,V,0.05029,0.01987,12.5,2
111(a),C,W,-2.765,0.022,9.5,2
111(a),C,Y,-1.782,0.0105,35,2
111(b),P,-,-0.003872,0.000293,365,2
111(b),P,A,-0.1913,0.2066,9.5,2
111(b),P,C,-0.1298,0.06771,10,2
111(b),P,D,-0.03031,0.02287,9,2
111(b),P,E,0.03084,0.03738,11,2
111(b),P,F,-0.04663,0.04022,10.5,2
111(b),P,G,0.01203,0.004758,11.5,2
111(b),P,H,-0.1078,0.1752,9,2
111(b),P,I,0.01445,0.01038,11.5,2
111(b),P,K,-0.02969,0.009505,11,2
111(b),P,L,-0.1187,0.1655,12.5,2
111(b),P,M,-0.02036,0.02514,10.5,2
111(b),P,N,-0.02445,0.04147,7,2
111(b),P,P,0,0,,2
111(b),P,Q,0.02116,0.02085,11,2
111(b),P,R,-0.02077,0.00097,7.5,2
111(b),P,S,0.01574,0.01714,17,2
111(b),P,T,0.001418,0.003412,18,2
111(b),P,V,0.008155,0.02425,10,2
111(b),P,W,-0.0306,0.02047,9,2
111(b),P,Y,-0.01469,0.04308,7,2
112(a),Y,*,-5.744,0,4.5,2
112(a),Y,-,-0.986,1.002,4,2
112(a),Y,A,-0.08831,0.1348,13,2
112(a),Y,C,-0.02615,0.07594,12,2
112(a),Y,D,-0.08049,0.06771,9,2
112(a),Y,E,-0.4017,0.181,6.5,2
112(a),Y,F,0.01266,0.02407,13.5,2
112(a),Y,G,-0.7494,0.2498,11.5,2
112(a),Y,H,-0.09779,0.1601,8.5,2
112(a),Y,I,-0.07555,0.1209,12,2
112(a),Y,K,-0.2172,0.0128,12,2
112(a),Y,L,-0.2906,0.2307,9,2
112(a),Y,M,-0.09897,0.1194,10,2
112(a),Y,N,-0.2883,0.07825,11.5,2
112(a),Y,P,-3.471,0.1295,12.5,2
112(a),Y,Q,-0.0631,0.1266,7.5,2
112(a),Y,R,-0.5668,0.09985,13.5,2
112(a),Y,S,-0.2492,0.2838,8,2
112(a),Y,T,-0.3473,0.1317,10,2
112(a),Y,V,0.02559,0.00662,15,2
112(a),Y,W,0.008945,0.03993,12,2
112(a),Y,Y,0,0,,2
112(b),Q,*,-5.752,0,5.5,2
112(b),Q,-,-0.08249,0.07991,366,2
112(b),Q,A,-0.07554,0.1423,12.5,2
112(b),Q,C,-0.1675,0.1304,10,2
112(b),Q,D,-0.1395,0.1549,10,2
112(b),Q,E,-0.01901,0.01791,13.5,2
112(b),Q,F,-0.01548,0.0603,12.5,2
112(b),Q,G,0.01189,0.03125,7,2
112(b),Q,H,0.01626,0.02235,17,2
112(b),Q,I,0.01365,0.04756,8,2
112(b),Q,K,-0.1779,0.1724,10,2
112(b),Q,L,-0.0244,0.0452,11,2
112(b),Q,M,-0.03505,0.01015,11,2
112(b),Q,N,-0.002005,0.02549,11,2
112(b),Q,P,0.01926,0.02445,12,2
112(b),Q,Q,0,0,,2
112(b),Q,R,0.006285,0.021,16.5,2
112(b),Q,S,0.03021,0.004225,12.5,2
112(b),Q,T,-0.08831,0.05299,9.5,2
112(b),Q,V,0.04702,0.02208,9,2
112(b),Q,W,-0.0157,0.0117,9,2
112(b),Q,Y,0.04461,0.00557,10.5,2
113(a),V,-,-1.618,1.492,4.5,2
113(a),V,A,-0.004925,0.01019,16,2
113(a),V,C,0.02807,0.0283,13,2
113(a),V,D,-1.84,0.163,15,2
113(a),V,E,-0.7342,0.024,16,2
113(a),V,F,-0.37,0.1377,19,2
113(a),V,G,-0.1063,0.1239,10.5,2
113(a),V,H,-1.067,0.0724,14,2
113(a),V,I,-0.005911,0.0109,16.5,2
113(a),V,K,-0.8483,0.109,7.5,2
113(a),V,L,-0.1087,0.1116,15,2
113(a),V,M,-4.5e-05,0.06937,10,2
113(a),V,N,-0.1138,0.03411,13.5,2
113(a),V,P,-0.003529,0.01243,10.5,2
113(a),V,Q,-0.2493,0.1244,7.5,2
113(a),V,R,-5.422,0,5,2
113(a),V,S,0.01379,0.04767,8.5,2
113(a),V,T,0.0117,0.03716,14,2
113(a),V,V,0,0,,2
113(a),V,W,-3.697,0,6,2
113(a),V,Y,-0.5718,0.0505,11,2
113(b),T,-,-0.18,0.1204,366,2
113(b),T,A,-0.01494,0.03571,13,2
113(b),T,C,-0.04176,0.02791,11.5,2
113(b),T,D,0.03153,0.01533,7,2
113(b),T,E,-0.07206,0.02164,12.5,2
113(b),T,F,0.02616,0.02406,7.5,2
113(b),T,G,0.009617,0.01819,1,2
113(b),T,H,0.008835,0.06502,13,2
113(b),T,I,0.01357,0.0244,14.5,2
113(b),T,K,0.0177,0.02601,11.5,2
113(b),T,L,-0.01848,0.00761,9.5,2
113(b),T,M,0.03898,0.007035,9,2
113(b),T,N,0.00133,0.02274,8,2
113(b),T,P,-0.04163,0.09998,11,2
113(b),T,Q,-0.2384,0.3064,10,2
113(b),T,R,0.02124,4.5e-05,6.5,2
113(b),T,S,-0.1088,0.03284,7,2
113(b),T,T,0,0,,2
113(b),T,V,0.02688,0.002135,9.5,2
113(b),T,W,-0.1949,0.1117,10,2
113(b),T,Y,-0.0585,0.06909,11,2
114(a),D,-,-0.0501,0.007515,2.5,2
114(a),D,A,0.04946,0.02046,10.5,2
114(a),D,C,-0.04763,0.08327,11.5,2
114(a),D,D,0,0,,2
114(a),D,E,0.04793,0.01597,7.5,2
114(a),D,F,-0.01904,0.01569,13,2
114(a),D,G,-0.09058,0.1433,14,2
114(a),D,H,-0.1355,0.08675,11,2
114(a),D,I,-0.1746,0.1804,5.5,2
114(a),D,K,-0.3825,0.0151,10,2
114(a),D,L,0.0222,0.0455,10.5,2
114(a),D,M,-0.1532,0.1763,13,2
114(a),D,N,0.02691,0.02679,44.5,2
114(a),D,P,-0.3646,0.1448,5.5,2
114(a),D,Q,-0.077,0.03171,8.5,2
114(a),D,R,-0.1248,0.07941,7.5,2
114(a),D,S,-0.008458,0.004682,13,2
114(a),D,T,-0.07886,0.01134,7.5,2
114(a),D,V,-0.1552,0.1272,6.5,2
114(a),D,W,-0.2088,0.0793,9,2
114(a),D,Y,-0.0262,0.000385,14,2
114(b),D,-,-0.1499,0.08712,365,2
114(b),D,A,-0.008972,0.002218,16,2
114(b),D,C,-0.04106,0.02427,13,2
114(b),D,D,0,0,,2
114(b),D,E,0.02749,0.01607,9,2
114(b),D,F,0.00497,0.03259,8.5,2
114(b),D,G,0.003217,0.000732,11,2
114(b),D,H,-0.1114,0.08289,9.5,2
114(b),D,I,-0.02181,0.005915,10,2
114(b),D,K,0.04441,0.00184,10.5,2
114(b),D,L,0.0029,0.01305,7.5,2
114(b),D,M,-0.003152,0.007228,12.5,2
114(b),D,N,0.03539,0.03158,14.5,2
114(b),D,P,-0.01815,0.003725,10,2
114(b),D,Q,0.01912,0.00284,10,2
114(b),D,R,-0.02677,0.04205,9.5,2
114(b),D,S,0.009772,0.008207,7,2
114(b),D,T,-0.2187,0.2316,8,2
114(b),D,V,0.05024,0.01913,11.5,2
114(b),D,W,-0.01226,0.02687,10,2
114(b),D,Y,-0.171,0.2209,7,2
115(a),K,*,-5.874,0,3,2
115(a),K,-,0.01261,0.004451,2,2
115(a),K,A,-0.1096,0.09159,10.5,2
115(a),K,C,-0.1652,0.07309,8.5,2
115(a),K,D,-0.07175,0.1135,7.5,2
115(a),K,E,-0.08003,0.01875,19,2
115(a),K,F,-0.7445,0.1903,17.5,2
115(a),K,G,0.01001,0.04639,11,2
115(a),K,H,-0.3577,0.3924,15,2
115(a),K,I,-1.329,0.0705,11.5,2
115(a),K,K,0,0,,2
115(a),K,L,-0.08929,0.1303,10.5,2
115(a),K,M,-0.06379,0.05781,15.5,2
115(a),K,N,-0.2143,0.1531,12.5,2
115(a),K,P,-4.021,0,15.5,2
115(a),K,Q,-0.09139,0.0516,12,2
115(a),K,R,-0.00196,0.03769,14.5,2
115(a),K,S,-0.003375,0.04465,10.5,2
115(a),K,T,-0.4964,0.3434,11,2
115(a),K,V,-0.6369,0.1108,11,2
115(a),K,W,-1.25,0.193,10,2
115(a),K,Y,-0.4519,0.1056,12.5,2
115(b),R,-,-0.4296,0.3815,365.5,2
115(b),R,A,-0.05398,0.08132,5.5,2
115(b),R,C,-0.2262,0.00865,13.5,2
115(b),R,D,-0.1327,0.067,12.5,2
115(b),R,E,-0.3674,0.3355,7.5,2
115(b),R,F,-0.1623,0.2038,11.5,2
115(b),R,G,-0.06336,0.08725,13.5,2
115(b),R,H,0.04911,0.01723,8.5,2
115(b),R,I,0.04043,0.007205,13.5,2
115(b),R,K,-0.096,0.1265,23,2
115(b),R,L,-0.06962,0.03918,15,2
115(b),R,M,0.03703,0.004365,7.5,2
115(b),R,N,-0.1298,0.09461,13,2
115(b),R,P,-0.02038,0.06921,8.5,2
115(b),R,Q,0.03757,0.003065,9,2
115(b),R,R,0,0,,2
115(b),R,S,-0.05271,0.01026,10,2
115(b),R,T,-0.204,0.1842,9.5,2
115(b),R,V,-0.03299,0.08481,11,2
115(b),R,W,-0.2549,0.1857,9.5,2
115(b),R,Y,0.03628,0.03998,11.5,2
116(a),F,-,-0.06482,0.05368,1.5,2
116(a),F,A,-0.8893,0.1048,7,2
116(a),F,C,-0.4074,0.2987,12.5,2
116(a),F,D,-3.537,0,11,2
116(a),F,E,-2.958,0.218,10.5,2
116(a),F,F,0,0,,2
116(a),F,G,-0.9718,0.2472,12,2
116(a),F,H,-0.7393,0.0518,13.5,2
116(a),F,I,-0.2938,0.04815,10,2
116(a),F,K,-5.686,0,8,2
116(a),F,L,-0.1054,0.07421,16.5,2
116(a),F,M,-0.2983,0.2087,8.5,2
116(a),F,N,-1.245,0.5472,11,2
116(a),F,P,-1.745,0.321,5,2
116(a),F,Q,-0.7428,0.1408,5.5,2
116(a),F,R,-5.761,0,12.5,2
116(a),F,S,-1.009,0.2848,12,2
116(a),F,T,-0.7437,0.1084,8.5,2
116(a),F,V,-0.2039,0.01695,9,2
116(a),F,W,-1.633,0.2295,6.5,2
116(a),F,Y,-0.1961,0.06535,11.5,2
116(b),L,-,-0.208,0.2025,365.5,2
116(b),L,A,-0.5544,0.321,8,2
116(b),L,C,-0.207,0.08825,12,2
116(b),L,D,-3.359,0,9.5,2
116(b),L,E,-0.3951,0.1826,11.5,2
116(b),L,F,-0.08397,0.1317,7,2
116(b),L,G,-0.5365,0.1735,10.5,2
116(b),L,H,-0.07738,0.03252,9,2
116(b),L,I,0.02944,0.001795,8.5,2
116(b),L,K,-0.06788,0.08342,11.5,2
116(b),L,L,0,0,,2
116(b),L,M,-0.0525,0.02116,6.5,2
116(b),L,N,-1.022,0.397,5.5,2
116(b),L,P,-0.6155,0.0061,10,2
116(b),L,Q,-0.2588,0.09495,12.5,2
116(b),L,R,-0.1702,0.0477,13.5,2
116(b),L,S,-0.467,0.0879,4.5,2
116(b),L,T,-0.5786,0.02105,8,2
116(b),L,V,-0.03024,0.02192,9,2
116(b),L,W,0.001035,0.01359,11,2
116(b),L,Y,-0.4227,0.04715,7,2
117(a),W,*,-5.982,0,16,2
117(a),W,-,-3.034,1.491,2,2
117(a),W,A,-3.283,0,8,2
117(a),W,C,-4.178,0,12,2
117(a),W,D,-4.797,0,15,2
117(a),W,E,-5.201,0,5.5,2
117(a),W,F,-0.5531,0.02555,10,2
117(a),W,G,-5.802,0,10.5,2
117(a),W,H,-3.419,0,12,2
117(a),W,I,-5.029,0,11,2
117(a),W,K,-6.032,0,6.5,2
117(a),W,L,-5.121,0,12.5,2
117(a),W,M,-4.768,0,8.5,2
117(a),W,N,-3.571,0,9,2
117(a),W,P,-6.022,0,11.5,2
117(a),W,Q,-5.593,0,10.5,2
117(a),W,R,-5.716,0,16.5,2
117(a),W,S,-3.439,0,7,2
117(a),W,T,-3.843,0,11.5,2
117(a),W,V,-4.582,0,8.5,2
117(a),W,W,0,0,,2
117(a),W,Y,-0.3129,0.0372,5.5,2
117(b),A,-,-0.3801,0.3629,365.5,2
117(b),A,A,0,0,,2
117(b),A,C,-0.3178,0.3298,9,2
117(b),A,D,-0.01581,0.05124,12,2
117(b),A,E,-0.3551,0.4295,8.5,2
117(b),A,F,-0.2061,0.09435,7.5,2
117(b),A,G,0.03719,0.009155,9,2
117(b),A,H,-0.2104,0.1968,10.5,2
117(b),A,I,-0.0452,0.00911,15,2
117(b),A,K,-0.07304,0.05806,8,2
117(b),A,L,0.002995,0.03656,7.5,2
117(b),A,M,-0.07573,0.08198,10,2
117(b),A,N,-0.1221,0.0044,15,2
117(b),A,P,-0.197,0.0961,8,2
117(b),A,Q,-0.05162,0.07318,13,2
117(b),A,R,-0.1282,0.1481,7.5,2
117(b),A,S,-0.04395,0.01951,13.5,2
117(b),A,T,-0.09358,0.06663,27.5,2
117(b),A,V,-0.03086,0.01476,21,2
117(b),A,W,-0.02885,0.05942,12.5,2
117(b),A,Y,0.03609,0.04025,11.5,2
118(a),P,-,-0.01086,0.01997,1.5,2
118(a),P,A,-5.464,0,9,2
118(a),P,C,-5.78,0,10,2
118(a),P,D,-5.899,0,9.5,2
118(a),P,E,-5.508,0,10.5,2
118(a),P,F,-4.82,0,9.5,2
118(a),P,G,-4.858,0,7.5,2
118(a),P,H,-5.362,0,9,2
118(a),P,I,-5.685,0,12.5,2
118(a),P,K,-5.807,0,8.5,2
118(a),P,L,-5.28,0,11,2
118(a),P,M,-4.547,0,7.5,2
118(a),P,N,-5.595,0,10,2
118(a),P,P,0,0,,2
118(a),P,Q,-5.543,0,4,2
118(a),P,R,-5.96,0,7.5,2
118(a),P,S,-5.133,0,15,2
118(a),P,T,-5.977,0,7.5,2
118(a),P,V,-6.015,0,4.5,2
118(a),P,W,-4.832,0,10,2
118(a),P,Y,-5.28,0,9,2
118(b),C,*,-4.579,0,4,2
118(b),C,-,-0.0487,0.03642,365,2
118(b),C,A,0.04099,0.02523,7,2
118(b),C,C,0,0,,2
118(b),C,D,-5.944,0,14.5,2
118(b),C,E,-5.866,0,9.5,2
118(b),C,F,-3.215,0,18.5,2
118(b),C,G,-0.9443,0.09775,11,2
118(b),C,H,-5.887,0,16.5,2
118(b),C,I,-1.085,0.1503,13.5,2
118(b),C,K,-5.788,0,6.5,2
118(b),C,L,-0.7595,0.0445,8.5,2
118(b),C,M,-1.034,0.4035,6,2
118(b),C,N,-5.582,0,10,2
118(b),C,P,-5.925,0,9,2
118(b),C,Q,-5.369,0,7,2
118(b),C,R,-5.892,0,9.5,2
118(b),C,S,-1.274,0.108,10.5,2
118(b),C,T,-0.7165,0.0378,13,2
118(b),C,V,-0.01365,0.05007,7,2
118(b),C,W,-5.849,0,15.5,2
118(b),C,Y,-5.924,0,25,2
119(a),S,-,-0.9408,0.9022,3,2
119(a),S,A,-0.03689,0.02074,13,2
119(a),S,C,-0.1583,0.1239,13.5,2
119(a),S,D,-0.6168,0.1141,8,2
119(a),S,E,-1.401,0.0745,11.5,2
119(a),S,F,-1.686,0.055,13.5,2
119(a),S,G,-0.3584,0.00015,15,2
119(a),S,H,-1.4,0.5038,8.5,2
119(a),S,I,-0.5835,0.2408,17,2
119(a),S,K,-4.995,0,7.5,2
119(a),S,L,-0.4512,0.1325,6.5,2
119(a),S,M,-0.6439,0.1007,13,2
119(a),S,N,-0.3349,0.317,15,2
119(a),S,P,0.01417,0.02771,8.5,2
119(a),S,Q,-0.4878,0.3542,9,2
119(a),S,R,-5.381,0,10.5,2
119(a),S,S,0,0,,2
119(a),S,T,-0.3514,0.1539,6,2
119(a),S,V,-0.3056,0.0468,13.5,2
119(a),S,W,-2.884,0.019,12,2
119(a),S,Y,-1.646,0.472,13.5,2
119(b),Y,*,-6.031,0,3,2
119(b),Y,-,-0.01969,0.007135,365.5,2
119(b),Y,A,0.00505,5.35e-05,5,2
119(b),Y,C,-0.04566,0.07864,9.5,2
119(b),Y,D,-0.5104,0.5256,9.5,2
119(b),Y,E,-0.7369,0.06765,11,2
119(b),Y,F,-0.03329,0.08321,11,2
119(b),Y,G,-0.6899,0.1702,6.5,2
119(b),Y,H,-0.3564,0.2544,7.5,2
119(b),Y,I,-0.1682,0.222,9,2
119(b),Y,K,-0.1462,0.09288,11,2
119(b),Y,L,0.02724,0.04525,8,2
119(b),Y,M,-0.00494,0.04758,10.5,2
119(b),Y,N,-5.566,0,9.5,2
119(b),Y,P,-2.141,0.162,8,2
119(b),Y,Q,-0.1213,0.03789,11.5,2
119(b),Y,R,0.01744,0.01161,9.5,2
119(b),Y,S,-0.09811,0.04749,9,2
119(b),Y,T,0.00485,0.0205,8.5,2
119(b),Y,V,-0.07523,0.1161,6.5,2
119(b),Y,W,-0.009733,0.01727,13.5,2
119(b),Y,Y,0,0,,2
12(T2A),C,*,-5.953,0,2.5,2
12(T2A),C,-,-0.1045,0.01205,2.5,2
12(T2A),C,C,0,0,,2
12(T2A),C,F,-2.038,1.454,2,2
12(T2A),C,R,-0.7328,0.5402,13,2
12(T2A),C,S,-0.2994,0.1603,2,2
12(T2A),C,Y,-1.457,0.4035,11.5,2
12(a),F,*,-5.937,0,10.5,2
12(a),F,-,-0.1916,0,1,1
12(a),F,A,-0.7842,0.1977,11,2
12(a),F,C,-0.891,0.504,8.5,2
12(a),F,D,-2.572,0.4535,6.5,2
12(a),F,E,-1.206,0.0705,10,2
12(a),F,F,0,0,,2
12(a),F,G,-1.387,0.3545,5.5,2
12(a),F,H,-0.1793,0.0087,7.5,2
12(a),F,I,-0.231,0.1706,12.5,2
12(a),F,K,-2.37,0.022,8.5,2
12(a),F,L,-0.2509,0.0694,17,2
12(a),F,M,-0.1551,0.08135,8,2
12(a),F,N,-1.299,0.878,5.5,2
12(a),F,P,-5.863,0,6.5,2
12(a),F,Q,-0.7369,0.0466,10,2
12(a),F,R,-1.769,0.2165,10.5,2
12(a),F,S,-0.4515,0.05725,7.5,2
12(a),F,T,-0.8789,0.122,6.5,2
12(a),F,V,-0.7712,0.2529,9.5,2
12(a),F,W,0.04075,0.01134,3.5,2
12(a),F,Y,0.04066,0.01817,11,2
12(b),M,-,-1.208,1.204,2,2
12(b),M,A,-0.1628,0.02955,11.5,2
12(b),M,C,-0.06062,0.01322,12.5,2
12(b),M,D,-0.6936,0.139,12,2
12(b),M,E,-0.2778,0.06235,11.5,2
12(b),M,F,-0.8463,0.01225,14,2
12(b),M,G,-0.4893,0.1333,7.5,2
12(b),M,H,-1.107,0.081,6.5,2
12(b),M,I,-0.2945,0.1366,15.5,2
12(b),M,K,-3.503,0,8.5,2
12(b),M,L,-0.1641,0.0943,10.5,2
12(b),M,M,0,0,,2
12(b),M,N,-1.195,0.632,9.5,2
12(b),M,P,-6.008,0,9,2
12(b),M,Q,-0.07047,0.04573,8.5,2
12(b),M,R,-2.679,0.222,10.5,2
12(b),M,S,-0.3758,0.03555,8.5,2
12(b),M,T,-0.03527,0.01155,13,2
12(b),M,V,0.01312,0.02199,6.5,2
12(b),M,W,-0.4501,0.1167,10,2
12(b),M,Y,-0.8135,0.1483,10.5,2
120(a),V,-,-1.031,1.029,3,2
120(a),V,A,-0.07529,0.01874,11.5,2
120(a),V,C,-0.1595,0.03675,10,2
120(a),V,D,-0.00551,0.04177,10,2
120(a),V,E,-0.01828,0.0121,10.5,2
120(a),V,F,-0.0589,0.005905,12.5,2
120(a),V,G,-0.04731,0.01626,9.5,2
120(a),V,H,-0.08256,0.07334,12.5,2
120(a),V,I,-0.0065,0.02538,19.5,2
120(a),V,K,-0.01503,0.03718,9,2
120(a),V,L,-0.2774,0.08015,8.5,2
120(a),V,M,-0.1573,0.04435,12,2
120(a),V,N,0.02603,0.02652,6,2
120(a),V,P,-0.298,0.1011,10.5,2
120(a),V,Q,0.003301,0.0104,7,2
120(a),V,R,-0.02568,0.05061,6,2
120(a),V,S,-0.25,0.1392,9,2
120(a),V,T,-0.041,0.03884,15.5,2
120(a),V,V,0,0,,2
120(a),V,W,-0.1777,0.0096,18,2
120(a),V,Y,-0.1658,0.1626,12.5,2
120(b),V,-,-0.01881,0.02469,365.5,2
120(b),V,A,0.03709,0.02757,20.5,2
120(b),V,C,0.03548,0.03864,13,2
120(b),V,D,-5.548,0,11,2
120(b),V,E,-3.226,0,15,2
120(b),V,F,-0.6194,0.3022,11,2
120(b),V,G,-0.6904,0.7046,5,2
120(b),V,H,-2.697,0.3355,3.5,2
120(b),V,I,-0.01099,0.01914,16,2
120(b),V,K,-5.835,0,7.5,2
120(b),V,L,-0.04378,0.009845,14.5,2
120(b),V,M,-0.02744,0.03989,23.5,2
120(b),V,N,-0.191,0.1429,8,2
120(b),V,P,-1.09,0.0595,10,2
120(b),V,Q,-1.951,0.013,10,2
120(b),V,R,-5.911,0,12,2
120(b),V,S,-0.01163,0.04152,10,2
120(b),V,T,-0.0403,0.03427,10,2
120(b),V,V,0,0,,2
120(b),V,W,-3.708,0,10.5,2
120(b),V,Y,-1.579,0.2305,6,2
121(a),I,-,-0.2447,0.1945,3.5,2
121(a),I,A,-0.08525,0.1235,11,2
121(a),I,C,-0.2322,0.2201,10,2
121(a),I,D,-0.7649,0.1152,7,2
121(a),I,E,-0.1656,0.09899,16,2
121(a),I,F,-0.6076,0.1363,10,2
121(a),I,G,-0.2329,0.2462,6,2
121(a),I,H,-0.8816,0.1754,11,2
121(a),I,I,0,0,,2
121(a),I,K,-0.3559,0.01275,12,2
121(a),I,L,0.02763,0.03766,11.5,2
121(a),I,M,0.02089,0.01983,13,2
121(a),I,N,-0.3503,0.04635,14,2
121(a),I,P,-1.651,0.266,13.5,2
121(a),I,Q,-0.3145,0.1187,7,2
121(a),I,R,-0.5043,0.04635,10.5,2
121(a),I,S,-0.09335,0.05025,16,2
121(a),I,T,-0.1698,0.1414,12,2
121(a),I,V,0.02427,0.01324,27.5,2
121(a),I,W,-0.3441,0.3744,7.5,2
121(a),I,Y,-0.4686,0.4446,12,2
121(b),T,-,-1.253,1.244,366.5,2
121(b),T,A,-0.1156,0.1368,16,2
121(b),T,C,-0.05157,0.03374,18.5,2
121(b),T,D,-0.08872,0.1312,9,2
121(b),T,E,-0.03381,0.04689,11.5,2
121(b),T,F,0.01621,0.0426,9.5,2
121(b),T,G,-0.4464,0.2023,7.5,2
121(b),T,H,-0.02799,0.0337,9,2
121(b),T,I,-0.04868,0.02023,28,2
121(b),T,K,-0.03892,0.00908,11.5,2
121(b),T,L,-0.0137,0.0337,5,2
121(b),T,M,-0.06656,0.06694,9.5,2
121(b),T,N,-0.1719,0.00215,10.5,2
121(b),T,P,-0.8665,0.3585,12.5,2
121(b),T,Q,-0.0532,0.0536,10.5,2
121(b),T,R,-0.03436,0.0107,9,2
121(b),T,S,0.02501,0.00196,12,2
121(b),T,T,0,0,,2
121(b),T,V,0.05285,0.008115,14,2
121(b),T,W,-0.04079,0.04825,9.5,2
121(b),T,Y,0.007293,0.003827,13,2
122(a),T,-,-0.1755,0.1076,4.5,2
122(a),T,A,-0.03997,0.001655,17.5,2
122(a),T,C,0.04311,0.01774,10,2
122(a),T,D,-0.1886,0.1077,9.5,2
122(a),T,E,-0.01824,0.03081,12,2
122(a),T,F,-0.008865,0.08109,9,2
122(a),T,G,0.01458,0.01417,9.5,2
122(a),T,H,-0.08814,0.127,9.5,2
122(a),T,I,-0.07266,0.04834,17.5,2
122(a),T,K,0.05102,0.01054,8.5,2
122(a),T,L,-0.06363,0.04466,12,2
122(a),T,M,-0.06645,0.09935,14,2
122(a),T,N,0.02465,0.02362,14.5,2
122(a),T,P,-0.5974,0.1893,12,2
122(a),T,Q,-0.000684,0.01016,10,2
122(a),T,R,0.04623,0.004725,11.5,2
122(a),T,S,-0.1009,0.03619,9,2
122(a),T,T,0,0,,2
122(a),T,V,0.01061,0.05144,11.5,2
122(a),T,W,-0.1801,0.1419,9.5,2
122(a),T,Y,-0.1404,0.1514,7.5,2
122(b),G,-,-0.06137,0.001825,367,2
122(b),G,A,-0.1338,0.00505,12,2
122(b),G,C,-0.04063,0.00734,16.5,2
122(b),G,D,-0.06019,0.05011,30,2
122(b),G,E,-0.122,0.1551,7,2
122(b),G,F,-0.03211,0.0534,10.5,2
122(b),G,G,0,0,,2
122(b),G,H,0.01341,0.04214,13.5,2
122(b),G,I,-0.5985,0.2625,12.5,2
122(b),G,K,-0.08972,0.07068,15,2
122(b),G,L,-0.08977,0.06863,6,2
122(b),G,M,0.01761,0.05738,7,2
122(b),G,N,-0.08443,0.03936,7.5,2
122(b),G,P,-0.3421,0.1843,9.5,2
122(b),G,Q,-0.2197,0.2483,10.5,2
122(b),G,R,0.03333,0.01206,14,2
122(b),G,S,-0.04975,0.01461,22.5,2
122(b),G,T,-0.3277,0.0684,8.5,2
122(b),G,V,-0.6527,0.2116,12,2
122(b),G,W,-0.0389,0.04127,11.5,2
122(b),G,Y,-0.07996,0.05484,6,2
123(a),I,-,-0.6639,0.6731,4.5,2
123(a),I,A,-0.1414,0.136,9,2
123(a),I,C,-1.393,0.1885,8,2
123(a),I,D,-1.054,0.5247,5.5,2
123(a),I,E,-0.2467,0.1578,12.5,2
123(a),I,F,-0.05561,0.0792,18.5,2
123(a),I,G,-0.159,0.07331,11.5,2
123(a),I,H,-0.06574,0.1298,9,2
123(a),I,I,0,0,,2
123(a),I,K,-0.2052,0.024,14.5,2
123(a),I,L,-0.01367,0.03345,13,2
123(a),I,M,-0.05002,0.03585,11.5,2
123(a),I,N,-0.3742,0.1862,8.5,2
123(a),I,P,-0.4792,0.1098,9.5,2
123(a),I,Q,-0.06971,0.06509,10,2
123(a),I,R,-0.2445,0.317,9,2
123(a),I,S,-0.193,0.0008,8.5,2
123(a),I,T,-0.177,0.08377,12.5,2
123(a),I,V,-0.1621,0.06806,23,2
123(a),I,W,-0.3385,0.3406,11.5,2
123(a),I,Y,0.01481,0.03038,5.5,2
123(b),F,-,-2.755,1.505,367.5,2
123(b),F,A,-0.04906,0.1,10.5,2
123(b),F,C,-0.3655,0.3246,8.5,2
123(b),F,D,-1.317,0.23,6.5,2
123(b),F,E,-0.8813,0.02065,8,2
123(b),F,F,0,0,,2
123(b),F,G,-0.4113,0.09485,9.5,2
123(b),F,H,-0.134,0.1981,5.5,2
123(b),F,I,-0.1107,0.1475,11,2
123(b),F,K,-3.359,0,5,2
123(b),F,L,-0.3862,0.02095,23,2
123(b),F,M,0.02575,0.02115,7.5,2
123(b),F,N,-0.6008,0.164,9,2
123(b),F,P,-1.792,0.0615,9.5,2
123(b),F,Q,-0.3458,0.0445,8,2
123(b),F,R,-3.261,0,6.5,2
123(b),F,S,-0.3158,0.2254,10.5,2
123(b),F,T,-0.1384,0.1237,8.5,2
123(b),F,V,-0.03599,0.03413,8.5,2
123(b),F,W,-0.08882,0.04978,11.5,2
123(b),F,Y,-0.01008,0.0497,12.5,2
124(a),T,-,-0.02773,0.02164,4,2
124(a),T,A,0.02821,0.02212,19,2
124(a),T,C,-0.00791,0.03069,14.5,2
124(a),T,D,-0.1098,0.1065,9,2
124(a),T,E,-0.04365,0.05011,11,2
124(a),T,F,0.03803,0.01343,5,2
124(a),T,G,-0.01697,0.03287,10,2
124(a),T,H,0.01994,0.03979,11.5,2
124(a),T,I,-0.05432,0.01999,16.5,2
124(a),T,K,0.03608,0.03558,10,2
124(a),T,L,0.01443,0.03205,9,2
124(a),T,M,-0.01746,0.08314,8,2
124(a),T,N,-0.2737,0.199,10,2
124(a),T,P,-1.793,0.0515,13.5,2
124(a),T,Q,-0.01892,0.00577,13,2
124(a),T,R,0.05181,0.01623,7,2
124(a),T,S,-0.08496,0.1111,12,2
124(a),T,T,0,0,,2
124(a),T,V,0.02783,0.01721,11.5,2
124(a),T,W,0.01532,0.01933,10,2
124(a),T,Y,-0.06603,0.03427,9.5,2
124(b),Y,*,-5.676,0,1.5,2
124(b),Y,-,-0.01833,0.03374,367.5,2
124(b),Y,A,-0.8413,0.2117,6.5,2
124(b),Y,C,-0.2071,0.1341,11,2
124(b),Y,D,-2.098,0.1995,7.5,2
124(b),Y,E,-1.78,0.0445,6.5,2
124(b),Y,F,-0.08008,0.02492,12.5,2
124(b),Y,G,-1.212,0.1925,11,2
124(b),Y,H,-0.08585,0.09585,8.5,2
124(b),Y,I,-1.308,0.1925,5,2
124(b),Y,K,-2.157,0.1385,12.5,2
124(b),Y,L,-0.1467,0.1326,12,2
124(b),Y,M,-0.4564,0.2412,9,2
124(b),Y,N,-0.3831,0.2453,11.5,2
124(b),Y,P,-2.591,0.3675,6.5,2
124(b),Y,Q,-0.3247,0.1021,11,2
124(b),Y,R,-0.8394,0.2767,5,2
124(b),Y,S,-1.271,0.6849,11,2
124(b),Y,T,-0.9609,0.1031,10.5,2
124(b),Y,V,-1.185,0.392,5.5,2
124(b),Y,W,-0.8525,0.0933,8.5,2
124(b),Y,Y,0,0,,2
125(a),W,*,-5.72,0,13.5,2
125(a),W,-,-1.819,0.0645,5.5,2
125(a),W,A,-0.9619,0.2751,14,2
125(a),W,C,-3.352,0,10.5,2
125(a),W,D,-5.867,0,6,2
125(a),W,E,-3.4,0,10,2
125(a),W,F,-0.1014,0.1622,9.5,2
125(a),W,G,-3.36,0,9.5,2
125(a),W,H,0.03007,0.01709,9.5,2
125(a),W,I,-0.02424,0.02525,9.5,2
125(a),W,K,-3.622,0.036,6,2
125(a),W,L,-0.1928,0.06645,13,2
125(a),W,M,0.03016,0.00833,6,2
125(a),W,N,-0.5236,0.0286,10,2
125(a),W,P,-0.6174,0.2485,6.5,2
125(a),W,Q,-0.4394,0.09635,8,2
125(a),W,R,-0.3009,0.301,7.5,2
125(a),W,S,-1.591,0.4075,8.5,2
125(a),W,T,-0.4003,0.02975,7.5,2
125(a),W,V,-0.03703,0.01943,7.5,2
125(a),W,W,0,0,,2
125(a),W,Y,-0.2591,0.05265,10,2
125(b),P,-,-0.1546,0.1469,368,2
125(b),P,A,-0.3832,0.265,11.5,2
125(b),P,C,-0.3346,0.08315,15.5,2
125(b),P,D,-0.1441,0.181,9.5,2
125(b),P,E,-0.03577,0.09073,7.5,2
125(b),P,F,-0.4444,0.0371,12.5,2
125(b),P,G,-0.4184,0.1165,8.5,2
125(b),P,H,-0.12,0.1136,12.5,2
125(b),P,I,-0.6492,0.00315,9.5,2
125(b),P,K,-0.1245,0.06923,8.5,2
125(b),P,L,-0.2319,0.05235,15.5,2
125(b),P,M,-0.07425,0.1226,6.5,2
125(b),P,N,-0.1415,0.07448,7,2
125(b),P,P,0,0,,2
125(b),P,Q,0.01486,0.05538,8.5,2
125(b),P,R,-0.6053,0.3584,5.5,2
125(b),P,S,-0.4496,0.1662,14,2
125(b),P,T,-0.1089,0.05017,6.5,2
125(b),P,V,-0.4024,0.1691,14.5,2
125(b),P,W,-0.3948,0.0135,7.5,2
125(b),P,Y,-0.4929,0.07965,9,2
126(a),M,-,-0.5039,0.4935,5.5,2
126(a),M,A,0.05538,0.008455,7.5,2
126(a),M,C,-0.07006,0.08754,12,2
126(a),M,D,0.03324,0.009215,5.5,2
126(a),M,E,-0.03955,0.005545,10,2
126(a),M,F,-0.1291,0.1622,13,2
126(a),M,G,-0.05096,0.05814,7.5,2
126(a),M,H,-0.08307,0.06923,9.5,2
126(a),M,I,-0.002633,0.002152,54,2
126(a),M,K,-0.02412,0.06544,10,2
126(a),M,L,-0.162,0.027,13.5,2
126(a),M,M,0,0,,2
126(a),M,N,0.02792,0.01414,7.5,2
126(a),M,P,-3.747,0,10,2
126(a),M,Q,-0.0859,0.0908,9.5,2
126(a),M,R,-0.06407,0.018,11.5,2
126(a),M,S,0.044,0.01083,11,2
126(a),M,T,-0.00051,0.02736,17,2
126(a),M,V,0.02137,0.0215,16.5,2
126(a),M,W,0.03377,0.02203,7.5,2
126(a),M,Y,-0.02686,0.04892,9.5,2
126(b),A,*,0.00097,0,0.5,1
126(b),A,-,-1.463,1.458,368.5,2
126(b),A,A,0,0,,2
126(b),A,C,-0.09198,0.1277,9,2
126(b),A,D,-0.1902,0.1458,13,2
126(b),A,E,-0.2716,0.1313,9,2
126(b),A,F,0.0515,0.00335,4.5,2
126(b),A,G,-0.06047,0.09394,9,2
126(b),A,H,-0.09811,0.03999,9,2
126(b),A,I,0.02417,0.01613,10.5,2
126(b),A,K,-0.04219,0.0531,8.5,2
126(b),A,L,0.003106,0.01169,11.5,2
126(b),A,M,-0.2355,0.2687,5,2
126(b),A,N,-0.08139,0.1142,7.5,2
126(b),A,P,0.02037,0.03698,8.5,2
126(b),A,Q,-0.06288,0.1017,8,2
126(b),A,R,-0.132,0.2012,6.5,2
126(b),A,S,-0.05274,0.04956,11.5,2
126(b),A,T,-0.008405,0.02739,42,2
126(b),A,V,-0.02149,0.02513,20,2
126(b),A,W,0.02402,0.04647,12,2
126(b),A,Y,-0.213,0.2605,6,2
127(a),K,*,-5.951,0,1,1
127(a),K,-,-0.5345,0.4965,6.5,2
127(a),K,A,-0.3007,0.3217,11.5,2
127(a),K,C,0.003165,0.03526,9,2
127(a),K,D,-0.1806,0.1618,11,2
127(a),K,E,-0.1856,0.1687,14,2
127(a),K,F,0.02062,0.03227,15.5,2
127(a),K,G,-0.2005,0.1071,14,2
127(a),K,H,-0.01662,0.08256,11,2
127(a),K,I,-0.02046,0.01124,10,2
127(a),K,K,0,0,,2
127(a),K,L,-0.1864,0.0808,8,2
127(a),K,M,-0.05188,0.06072,14,2
127(a),K,N,-0.1711,0.1256,10,2
127(a),K,P,-2.34,0.049,12.5,2
127(a),K,Q,-0.007235,0.05078,8.5,2
127(a),K,R,-0.01495,0.01144,13,2
127(a),K,S,-0.173,0.206,6.5,2
127(a),K,T,0.01076,0.01605,12,2
127(a),K,V,-0.04996,0.09435,14.5,2
127(a),K,W,-0.2568,0.2641,9.5,2
127(a),K,Y,-0.03361,0.00393,16.5,2
127(b),D,-,-0.2838,0.277,368,2
127(b),D,A,-0.01718,0.01447,14,2
127(b),D,C,-0.1217,0.1819,9.5,2
127(b),D,D,0,0,,2
127(b),D,E,0.01929,0.001565,9,2
127(b),D,F,0.02247,0.00094,7.5,2
127(b),D,G,-0.1808,0.0378,8.5,2
127(b),D,H,-0.009696,0.009334,11.5,2
127(b),D,I,-0.05458,0.06132,11,2
127(b),D,K,0.01266,0.01342,8.5,2
127(b),D,L,-0.01499,0.04899,8,2
127(b),D,M,-0.1436,0.05096,7.5,2
127(b),D,N,0.01385,0.00593,65.5,2
127(b),D,P,-0.02587,0.06302,6.5,2
127(b),D,Q,-0.4635,0.4183,4.5,2
127(b),D,R,-0.1191,0.04003,13.5,2
127(b),D,S,-0.06862,0.06008,7.5,2
127(b),D,T,0.04672,0.02186,10,2
127(b),D,V,-0.006185,0.03985,11,2
127(b),D,W,-0.04012,0.044,5,2
127(b),D,Y,-0.1721,0.1879,12.5,2
128(a),N,-,-0.05198,0.002395,5,2
128(a),N,A,0.02749,0.01498,8.5,2
128(a),N,C,-0.2234,0.1743,13.5,2
128(a),N,D,0.02745,0.00048,9,2
128(a),N,E,0.01329,0.02532,15.5,2
128(a),N,F,-0.0412,0.06479,9,2
128(a),N,G,-0.2545,0.08025,12,2
128(a),N,H,-0.1697,0.17,12,2
128(a),N,I,-0.07984,0.04236,9,2
128(a),N,K,-0.1171,0.09602,17.5,2
128(a),N,L,-0.2459,0.2685,11.5,2
128(a),N,M,0.02131,0.04989,12.5,2
128(a),N,N,0,0,,2
128(a),N,P,-1.347,0.0845,13,2
128(a),N,Q,-0.1458,0.1414,7.5,2
128(a),N,R,0.04482,0.01593,12.5,2
128(a),N,S,-0.1031,0.07108,16,2
128(a),N,T,-0.2631,0.1458,12,2
128(a),N,V,0.02349,0.01881,16.5,2
128(a),N,W,-0.1851,0.0671,9,2
128(a),N,Y,0.01765,0.04108,11.5,2
128(b),I,-,-0.1652,0.0634,368,2
128(b),I,A,0.02126,0.02723,9,2
128(b),I,C,-0.2306,0.257,11.5,2
128(b),I,D,-1.52,0.1555,12.5,2
128(b),I,E,-0.9947,0.09435,9.5,2
128(b),I,F,-0.09646,0.03474,12.5,2
128(b),I,G,-0.1005,0.07804,6,2
128(b),I,H,-0.1354,0.1139,7,2
128(b),I,I,0,0,,2
128(b),I,K,-1.53,0.1595,11,2
128(b),I,L,0.02092,0.03463,12.5,2
128(b),I,M,-0.01769,0.05682,8,2
128(b),I,N,-0.3147,0.2956,8.5,2
128(b),I,P,-0.008925,0.06699,8,2
128(b),I,Q,-0.1969,0.1004,16,2
128(b),I,R,-0.9022,0.2158,16,2
128(b),I,S,-0.2997,0.03555,5.5,2
128(b),I,T,-0.09599,0.08621,12.5,2
128(b),I,V,0.00398,0.02627,8.5,2
128(b),I,W,-0.09857,0.07942,12,2
128(b),I,Y,-0.02532,0.01673,10,2
129(a),G,-,-0.0204,0.009215,5,2
129(a),G,A,-0.3779,0.2581,12,2
129(a),G,C,-0.09897,0.02183,17,2
129(a),G,D,-0.01198,0.002386,23,2
129(a),G,E,0.004405,0.03146,9,2
129(a),G,F,-0.1335,0.1175,12.5,2
129(a),G,G,0,0,,2
129(a),G,H,0.05509,0.009955,9.5,2
129(a),G,I,-0.1932,0.2399,9,2
129(a),G,K,-0.01136,0.04939,5.5,2
129(a),G,L,-0.1284,0.1214,8.5,2
129(a),G,M,-0.1926,0.02265,7.5,2
129(a),G,N,0.02776,0.01842,11,2
129(a),G,P,-2.973,0.054,9,2
129(a),G,Q,-0.006132,0.006598,11,2
129(a),G,R,0.01946,0.05304,11,2
129(a),G,S,-0.08972,0.006505,13,2
129(a),G,T,0.01165,0.01137,6,2
129(a),G,V,-0.4393,0.1707,21,2
129(a),G,W,-0.008254,0.009446,9,2
129(a),G,Y,0.05831,0.01604,8,2
129(b),Q,*,-5.101,0,5,2
129(b),Q,-,-0.3721,0.2877,369.5,2
129(b),Q,A,0.03056,0.01321,11.5,2
129(b),Q,C,-0.5086,0.4716,9,2
129(b),Q,D,0.03292,0.01467,9,2
129(b),Q,E,-0.06171,0.1391,11,2
129(b),Q,F,0.02708,0.002665,10.5,2
129(b),Q,G,-0.2113,0.1952,7,2
129(b),Q,H,-0.04469,0.03263,15.5,2
129(b),Q,I,0.02627,0.00546,16.5,2
129(b),Q,K,-0.06926,0.1083,16.5,2
129(b),Q,L,0.00418,0.01697,13,2
129(b),Q,M,-0.02499,0.03706,10,2
129(b),Q,N,-0.1663,0.02465,9.5,2
129(b),Q,P,-0.6322,0.4227,17.5,2
129(b),Q,Q,0,0,,2
129(b),Q,R,-0.08392,0.02197,17.5,2
129(b),Q,S,0.01981,0.02058,15.5,2
129(b),Q,T,0.05558,0.02156,11,2
129(b),Q,V,-0.01344,0.002455,10.5,2
129(b),Q,W,0.0477,0.01987,4.5,2
129(b),Q,Y,-0.05386,0.00017,10,2
13(T2A),G,-,-0.1091,0.07519,3,2
13(T2A),G,C,-0.08448,0,0.5,1
13(T2A),G,D,-0.9751,0.6598,6,2
13(T2A),G,G,0,0,,2
13(T2A),G,R,-0.3493,0,0.5,1
13(T2A),G,S,-0.6249,0.1359,4.5,2
13(T2A),G,V,-0.6074,0.5626,1,2
13(a),Y,*,-5.765,0,9.5,2
13(a),Y,-,-0.01708,0,0.5,1
13(a),Y,A,-0.182,0.08915,7,2
13(a),Y,C,-0.6431,0.1409,15,2
13(a),Y,D,-5.261,0,6,2
13(a),Y,E,-2.711,0.146,10,2
13(a),Y,F,-0.481,0.4929,7,2
13(a),Y,G,-3.248,0,4.5,2
13(a),Y,H,-0.3202,0.1244,11.5,2
13(a),Y,I,-0.6796,0.06965,5.5,2
13(a),Y,K,-1.969,0.391,5.5,2
13(a),Y,L,-1.285,0.1365,8.5,2
13(a),Y,M,-0.1102,0.07512,8.5,2
13(a),Y,N,-1.969,0.1305,12,2
13(a),Y,P,-5.921,0,10,2
13(a),Y,Q,-1.289,0.3473,8,2
13(a),Y,R,-1.617,0.184,6,2
13(a),Y,S,-0.6025,0.3369,8.5,2
13(a),Y,T,-0.2686,0.02335,8.5,2
13(a),Y,V,-0.2679,0.2001,6.5,2
13(a),Y,W,-0.4976,0.2674,5.5,2
13(a),Y,Y,0,0,,2
13(b),V,-,-0.8134,0.7996,1.5,2
13(b),V,A,-0.2782,0.03105,13,2
13(b),V,C,-0.2192,0.01375,10.5,2
13(b),V,D,-3.386,0.043,14,2
13(b),V,E,-2.232,0.1395,12,2
13(b),V,F,-0.3052,0.2107,7,2
13(b),V,G,-2.58,0.2455,11,2
13(b),V,H,-0.9565,0.0835,9,2
13(b),V,I,-0.4342,0.4049,6.5,2
13(b),V,K,-1.332,0.1405,15.5,2
13(b),V,L,-0.7567,0.2503,18.5,2
13(b),V,M,-0.4381,0.2775,10.5,2
13(b),V,N,-1.109,0.103,7.5,2
13(b),V,P,-5.982,0,8.5,2
13(b),V,Q,-1.493,0.075,11.5,2
13(b),V,R,-2.53,0.219,11,2
13(b),V,S,-0.4268,0.0808,7,2
13(b),V,T,-0.1095,0.03599,12,2
13(b),V,V,0,0,,2
13(b),V,W,-0.5341,0.5869,8,2
13(b),V,Y,-0.6066,0.1656,11,2
130(a),Q,*,-5.908,0,5,2
130(a),Q,-,-0.07782,0.00826,5,2
130(a),Q,A,0.02466,0.0402,13,2
130(a),Q,C,0.00781,0.02837,12,2
130(a),Q,D,-0.06224,0.05386,10.5,2
130(a),Q,E,-0.4093,0.09635,8.5,2
130(a),Q,F,0.01304,0.022,6,2
130(a),Q,G,-0.1226,0.1333,9,2
130(a),Q,H,-0.04248,0.04276,15.5,2
130(a),Q,I,0.03907,0.003725,13.5,2
130(a),Q,K,-0.282,0.2921,11.5,2
130(a),Q,L,0.01813,0.03396,14.5,2
130(a),Q,M,-0.01895,0.05154,14,2
130(a),Q,N,-0.03966,0.03904,8.5,2
130(a),Q,P,-0.4878,0.1803,13,2
130(a),Q,Q,0,0,,2
130(a),Q,R,0.03141,0.000525,11,2
130(a),Q,S,0.05833,0.01668,13.5,2
130(a),Q,T,-0.03812,0.09889,10.5,2
130(a),Q,V,0.01433,0.01747,16,2
130(a),Q,W,-0.02852,0.1059,12,2
130(a),Q,Y,-0.00758,0.02055,15,2
130(b),V,-,-0.02831,0.03285,5,2
130(b),V,A,-0.2109,0.2349,12,2
130(b),V,C,-0.09188,0.09752,5,2
130(b),V,D,-5.825,0,13.5,2
130(b),V,E,-5.498,0,15,2
130(b),V,F,-0.1253,0.05497,17.5,2
130(b),V,G,-1.035,0.05695,11.5,2
130(b),V,H,-1.528,0.044,11.5,2
130(b),V,I,0.04821,0.01349,13,2
130(b),V,K,-4.114,0,7,2
130(b),V,L,-0.09962,0.1291,17,2
130(b),V,M,-0.1267,0.04651,22,2
130(b),V,N,-2.167,0.0475,10.5,2
130(b),V,P,-0.262,0.02445,12,2
130(b),V,Q,-0.6298,0.13,9.5,2
130(b),V,R,-3.802,0,10,2
130(b),V,S,-0.7319,0.1936,12,2
130(b),V,T,-0.3127,0.2628,7,2
130(b),V,V,0,0,,2
130(b),V,W,-0.2413,0.1537,11.5,2
130(b),V,Y,-0.01945,0.00114,7,2
131(a),E,*,-5.797,0,5,2
131(a),E,-,-0.04251,0.0486,5,2
131(a),E,A,0.04807,0.005555,11,2
131(a),E,C,0.005215,0.02709,11.5,2
131(a),E,D,-0.03265,0.03507,16.5,2
131(a),E,E,0,0,,2
131(a),E,F,-0.2902,0.2746,11,2
131(a),E,G,-0.004755,0.02117,21.5,2
131(a),E,H,0.01529,0.01531,14.5,2
131(a),E,I,-0.01822,0.008185,13.5,2
131(a),E,K,0.001305,0.04748,20.5,2
131(a),E,L,0.03446,0.002945,12,2
131(a),E,M,-0.02171,0.007095,17,2
131(a),E,N,0.002625,0.0182,11.5,2
131(a),E,P,0.004826,0.005924,9.5,2
131(a),E,Q,-0.008455,0.02411,14,2
131(a),E,R,-0.008148,0.01076,12.5,2
131(a),E,S,-0.00173,0.01999,8,2
131(a),E,T,0.0282,0.00397,11.5,2
131(a),E,V,0.05135,0.001275,11.5,2
131(a),E,W,0.04372,0.01499,9,2
131(a),E,Y,0.008194,0.006026,10.5,2
131(b),K,*,-5.563,0,1.5,2
131(b),K,-,-0.08868,0.08702,6,2
131(b),K,A,-0.003135,0.02989,7.5,2
131(b),K,C,-0.2082,0.209,11,2
131(b),K,D,-0.02348,0.09372,13,2
131(b),K,E,-0.05137,0.03592,14.5,2
131(b),K,F,0.05582,0.01187,7.5,2
131(b),K,G,-0.1528,0.1963,7.5,2
131(b),K,H,-0.02253,0.06882,12,2
131(b),K,I,0.008732,0.01016,7.5,2
131(b),K,K,0,0,,2
131(b),K,L,0.04659,0.003875,8,2
131(b),K,M,-0.002701,0.007779,10.5,2
131(b),K,N,0.03987,0.01462,14,2
131(b),K,P,-4.314,0,12,2
131(b),K,Q,-0.2293,0.2924,10,2
131(b),K,R,0.03306,0.00841,8,2
131(b),K,S,0.02256,0.00246,11,2
131(b),K,T,-0.1428,0.04972,13,2
131(b),K,V,-0.1099,0.101,9,2
131(b),K,W,0.02119,0.0245,11.5,2
131(b),K,Y,-0.1025,0.1657,12,2
132(a),V,-,-0.05674,0.02539,5,2
132(a),V,A,0.01253,0.03862,12,2
132(a),V,C,-0.006125,0.04636,11,2
132(a),V,D,0.02058,0.03887,11.5,2
132(a),V,E,-0.03071,0.04128,13,2
132(a),V,F,0.03266,0.00297,8,2
132(a),V,G,0.02665,0.03371,10,2
132(a),V,H,0.004705,0.03986,11.5,2
132(a),V,I,-0.007945,0.01903,8.5,2
132(a),V,K,0.05234,0.01746,8,2
132(a),V,L,-0.06482,0.04198,13,2
132(a),V,M,-0.00283,0.03724,21,2
132(a),V,N,-0.04757,0.06273,8.5,2
132(a),V,P,-0.1884,0.1171,8.5,2
132(a),V,Q,-0.002095,0.05599,11,2
132(a),V,R,0.02312,0.02045,11,2
132(a),V,S,0.05782,0.01647,6,2
132(a),V,T,-0.03409,0.05911,10,2
132(a),V,V,0,0,,2
132(a),V,W,0.03607,0.0232,11,2
132(a),V,Y,-0.1545,0.07776,6.5,2
132(b),W,*,-5.614,0,16.5,2
132(b),W,-,-0.1125,0.03276,6.5,2
132(b),W,A,-0.7013,0.1813,9.5,2
132(b),W,C,-2.18,0.36,10.5,2
132(b),W,D,-5.888,0,9,2
132(b),W,E,-4.935,0,12.5,2
132(b),W,F,0.02175,0.02598,9,2
132(b),W,G,-2.702,0.329,6.5,2
132(b),W,H,-1.409,0.0535,5.5,2
132(b),W,I,-0.08098,0.01352,9.5,2
132(b),W,K,-4.478,0,6,2
132(b),W,L,-0.1397,0.1524,12.5,2
132(b),W,M,-0.1339,0.1334,9.5,2
132(b),W,N,-3.583,0,5,2
132(b),W,P,-2.279,0.0725,10,2
132(b),W,Q,-1.425,0.3825,5.5,2
132(b),W,R,-5.88,0,9.5,2
132(b),W,S,-2.816,0.1195,7.5,2
132(b),W,T,-0.7587,0.1547,6,2
132(b),W,V,-0.1747,0.2249,10.5,2
132(b),W,W,0,0,,2
132(b),W,Y,-0.1066,0.07317,11.5,2
133(a),T,-,-0.003817,0.004481,5.5,2
133(a),T,A,-0.01145,0.001365,16,2
133(a),T,C,-0.03569,0.1004,13,2
133(a),T,D,-0.01548,0.07197,12,2
133(a),T,E,-0.1421,0.07312,13,2
133(a),T,F,-0.02017,0.03844,9.5,2
133(a),T,G,0.02972,0.03756,10,2
133(a),T,H,0.03141,0.01822,6.5,2
133(a),T,I,-0.2096,0.2286,17.5,2
133(a),T,K,0.01976,0.00218,16,2
133(a),T,L,-0.2549,0.1442,6.5,2
133(a),T,M,0.02003,0.00411,11,2
133(a),T,N,-0.000215,0.02161,13,2
133(a),T,P,-0.1323,0.1506,13,2
133(a),T,Q,-0.1098,0.03198,12,2
133(a),T,R,0.02512,0.01284,11,2
133(a),T,S,0.03582,0.03215,11,2
133(a),T,T,0,0,,2
133(a),T,V,-0.1402,0.2012,2.5,2
133(a),T,W,-0.0593,0.104,12.5,2
133(a),T,Y,0.00256,0.002912,10.5,2
133(b),F,-,-0.00723,0.03241,6.5,2
133(b),F,A,-0.04381,0.01633,7,2
133(b),F,C,-0.07011,0.08589,7,2
133(b),F,D,-0.376,0.2515,9,2
133(b),F,E,0.04182,0.03323,8,2
133(b),F,F,0,0,,2
133(b),F,G,-0.1958,0.0018,14,2
133(b),F,H,-0.01619,0.03882,7.5,2
133(b),F,I,-0.1201,0.1575,14,2
133(b),F,K,-0.03276,0.02881,12,2
133(b),F,L,0.04661,0.00331,9.5,2
133(b),F,M,-0.2303,0.1854,11.5,2
133(b),F,N,-0.2256,0.02185,10,2
133(b),F,P,-5.832,0,13.5,2
133(b),F,Q,-0.2178,0.0694,7.5,2
133(b),F,R,-0.08187,0.08363,11,2
133(b),F,S,0.007325,0.06198,7,2
133(b),F,T,0.04885,0.01073,9.5,2
133(b),F,V,-0.00316,0.03593,7.5,2
133(b),F,W,-0.03303,0.05288,7,2
133(b),F,Y,-0.02848,0.07482,5,2
134(a),E,*,-6.014,0,2,2
134(a),E,-,-0.7254,0.7166,7.5,2
134(a),E,A,0.0358,0.00287,9,2
134(a),E,C,-0.036,0.0222,11.5,2
134(a),E,D,-0.00316,0.01661,17.5,2
134(a),E,E,0,0,,2
134(a),E,F,0.01525,0.009491,10,2
134(a),E,G,-0.03721,0.02669,15.5,2
134(a),E,H,-0.01509,0.0298,9.5,2
134(a),E,I,0.02281,0.01288,19.5,2
134(a),E,K,-0.03164,0.005085,30.5,2
134(a),E,L,0.003515,0.007775,13,2
134(a),E,M,-0.07268,0.08702,14.5,2
134(a),E,N,-0.0086,0.02215,11.5,2
134(a),E,P,-0.007232,0.014,8.5,2
134(a),E,Q,0.005775,0.03288,17,2
134(a),E,R,-0.01887,0.07619,7,2
134(a),E,S,-0.2058,0.2314,13,2
134(a),E,T,-0.01622,0.05956,11,2
134(a),E,V,0.05883,0.01808,12,2
134(a),E,W,-0.4499,0.3065,10.5,2
134(a),E,Y,-0.02396,0.003375,12,2
134(b),K,*,-4.918,0,1,1
134(b),K,-,-0.1508,0.02225,7.5,2
134(b),K,A,0.0295,0.00767,10.5,2
134(b),K,C,-0.03502,0.03152,9,2
134(b),K,D,-0.6663,0.05065,11.5,2
134(b),K,E,-0.03063,0.000305,11,2
134(b),K,F,-0.05428,0.09592,9,2
134(b),K,G,-0.169,0.1538,13,2
134(b),K,H,-0.01042,0.0301,10,2
134(b),K,I,0.03929,0.007425,4.5,2
134(b),K,K,0,0,,2
134(b),K,L,-0.1085,0.1529,8,2
134(b),K,M,-0.112,0.0679,11,2
134(b),K,N,0.01209,0.05992,16,2
134(b),K,P,-1.37,0.023,18,2
134(b),K,Q,-0.02793,0.06925,10,2
134(b),K,R,-0.00075,0.02389,22,2
134(b),K,S,-0.09987,0.1272,11,2
134(b),K,T,-0.04621,0.02723,14,2
134(b),K,V,0.02871,0.01713,6,2
134(b),K,W,-0.2489,0.1485,6,2
134(b),K,Y,-0.3876,0.4085,6.5,2
135(a),G,*,-5.487,0,6.5,2
135(a),G,-,-0.3862,0.311,7.5,2
135(a),G,A,-0.07789,0.1404,5.5,2
135(a),G,C,-0.1131,0.07981,11.5,2
135(a),G,D,-0.02824,0.0132,7,2
135(a),G,E,0.005395,0.007895,20.5,2
135(a),G,F,-0.08642,0.000555,11,2
135(a),G,G,0,0,,2
135(a),G,H,-0.09014,0.1343,9.5,2
135(a),G,I,-0.0681,0.1373,11.5,2
135(a),G,K,0.02193,0.01792,13.5,2
135(a),G,L,-0.04065,0.02955,8,2
135(a),G,M,-0.212,0.0532,15,2
135(a),G,N,0.004905,0.05146,14,2
135(a),G,P,-0.1338,0.1107,12,2
135(a),G,Q,0.0365,0.03882,10.5,2
135(a),G,R,-0.00392,0.01949,30.5,2
135(a),G,S,-0.08223,0.07807,9.5,2
135(a),G,T,-0.1442,0.1154,14,2
135(a),G,V,0.00509,0.01133,13,2
135(a),G,W,-0.4339,0.1975,12.5,2
135(a),G,Y,-0.179,0.1242,10,2
135(b),N,-,-0.7836,0.7864,6,2
135(b),N,A,-0.03913,0.02177,6,2
135(b),N,C,-0.04186,0.04357,7.5,2
135(b),N,D,-0.01163,0.02216,15.5,2
135(b),N,E,-0.04269,0.113,10.5,2
135(b),N,F,-0.1193,0.09126,8.5,2
135(b),N,G,-0.01556,0.01397,8,2
135(b),N,H,-0.2545,0.03995,10,2
135(b),N,I,-0.5222,0.4599,8.5,2
135(b),N,K,-0.08588,0.09742,15.5,2
135(b),N,L,-0.1672,0.01955,8,2
135(b),N,M,-0.1694,0.0222,10.5,2
135(b),N,N,0,0,,2
135(b),N,P,-1.444,0.031,9.5,2
135(b),N,Q,-0.04572,0.07168,6,2
135(b),N,R,-0.2406,0.147,10,2
135(b),N,S,-0.1915,0.1442,8,2
135(b),N,T,-0.08537,0.03413,16,2
135(b),N,V,-0.2046,0.09835,8.5,2
135(b),N,W,-0.2656,0.03235,9,2
135(b),N,Y,-0.3632,0.0514,11.5,2
136(a),V,-,-0.3187,0.2065,8,2
136(a),V,A,-0.05956,0.01493,12.5,2
136(a),V,C,-0.1155,0.05079,9.5,2
136(a),V,D,-0.4743,0.1043,6,2
136(a),V,E,-0.3224,0.05605,8.5,2
136(a),V,F,-0.2692,0.2445,14.5,2
136(a),V,G,-0.1161,0.1124,9,2
136(a),V,H,-0.149,0.04939,13,2
136(a),V,I,0.03674,0.00738,7.5,2
136(a),V,K,-0.1011,0.125,9.5,2
136(a),V,L,-0.1039,0.09368,16.5,2
136(a),V,M,-0.04301,0.03424,22,2
136(a),V,N,-0.4597,0.03615,7,2
136(a),V,P,-0.1363,0.0806,10.5,2
136(a),V,Q,-0.08579,0.08461,13,2
136(a),V,R,-0.1159,0.0006,9,2
136(a),V,S,0.01867,0.003035,10,2
136(a),V,T,0.01299,0.04475,10,2
136(a),V,V,0,0,,2
136(a),V,W,-0.1912,0.0714,11,2
136(a),V,Y,-0.3588,0.06315,12,2
136(b),G,-,-0.008658,0.003422,4.5,2
136(b),G,A,-0.1424,0.0123,12,2
136(b),G,C,0.002345,0.03544,16,2
136(b),G,D,-0.06334,0.03411,17.5,2
136(b),G,E,-0.00367,0.01666,6.5,2
136(b),G,F,-0.1193,0.1248,7,2
136(b),G,G,0,0,,2
136(b),G,H,0.03578,0.01979,7,2
136(b),G,I,0.01104,0.004352,8.5,2
136(b),G,K,0.007305,0.008215,9.5,2
136(b),G,L,-0.03647,0.05409,9,2
136(b),G,M,-0.06911,0.05039,13,2
136(b),G,N,0.006689,0.008021,11,2
136(b),G,P,-1.474,0.0575,13,2
136(b),G,Q,-0.2037,0.1415,10,2
136(b),G,R,0.00576,0.06975,7.5,2
136(b),G,S,0.007762,0.006228,18,2
136(b),G,T,0.02252,0.01715,7.5,2
136(b),G,V,-0.3355,0.2069,14.5,2
136(b),G,W,0.0218,0.01001,12.5,2
136(b),G,Y,-0.1593,0.1164,12,2
137(a),S,-,-0.6098,0.2912,8,2
137(a),S,A,0.01688,0.03148,12,2
137(a),S,C,-0.3271,0.00185,8,2
137(a),S,D,0.03323,0.00307,13,2
137(a),S,E,0.05784,0.01197,8.5,2
137(a),S,F,-0.3934,0.2704,8.5,2
137(a),S,G,-0.607,0.2166,14,2
137(a),S,H,0.02026,0.004505,9,2
137(a),S,I,0.04458,0.02529,7,2
137(a),S,K,-0.03764,0.06327,9.5,2
137(a),S,L,0.05586,0.01461,8,2
137(a),S,M,0.06161,0.009845,10,2
137(a),S,N,0.05812,0.01336,9,2
137(a),S,P,-0.1623,0.134,17,2
137(a),S,Q,0.00748,0.03386,10.5,2
137(a),S,R,-0.05085,0.000255,7,2
137(a),S,S,0,0,,2
137(a),S,T,0.04757,0.01796,12,2
137(a),S,V,0.03828,0.00948,13,2
137(a),S,W,-0.05788,0.1235,11.5,2
137(a),S,Y,-0.04563,0.005785,10,2
137(b),Q,*,-5.592,0,6,2
137(b),Q,-,-0.002735,0.02454,4,2
137(b),Q,A,-0.02966,0.06359,8.5,2
137(b),Q,C,-0.2929,0.2926,15,2
137(b),Q,D,-0.1133,0.00955,11.5,2
137(b),Q,E,-0.02097,0.09053,11,2
137(b),Q,F,-0.01017,0.06532,9.5,2
137(b),Q,G,-0.03231,0.07889,10,2
137(b),Q,H,0.00434,0.02813,20,2
137(b),Q,I,0.05285,0.01066,8,2
137(b),Q,K,-0.02236,0.01859,19.5,2
137(b),Q,L,-0.05476,0.05794,13,2
137(b),Q,M,-0.1735,0.239,8.5,2
137(b),Q,N,0.01269,0.002135,9,2
137(b),Q,P,-0.6413,0.001,17.5,2
137(b),Q,Q,0,0,,2
137(b),Q,R,0.04136,0.01869,16.5,2
137(b),Q,S,-0.1217,0.03089,9,2
137(b),Q,T,-0.07942,0.1222,17.5,2
137(b),Q,V,0.03467,0.00246,10,2
137(b),Q,W,-0.1502,0.09681,14.5,2
137(b),Q,Y,-0.1652,0.1136,11.5,2
138(a),E,*,-5.812,0,4.5,2
138(a),E,-,-0.04949,0.0433,8,2
138(a),E,A,-0.05724,0.1033,12,2
138(a),E,C,-0.01418,0.000955,10,2
138(a),E,D,0.004409,0.003021,9.5,2
138(a),E,E,0,0,,2
138(a),E,F,-0.01755,0.05205,13,2
138(a),E,G,0.0417,0.00802,16,2
138(a),E,H,-0.001865,0.01451,16,2
138(a),E,I,0.004916,0.000312,15,2
138(a),E,K,-0.02824,0.00364,27.5,2
138(a),E,L,-0.07923,0.06546,14,2
138(a),E,M,-0.1378,0.07114,6.5,2
138(a),E,N,0.01627,0.04423,7.5,2
138(a),E,P,-0.3961,0.1018,9.5,2
138(a),E,Q,0.04167,0.019,12,2
138(a),E,R,0.04157,0.00354,3,2
138(a),E,S,-0.185,0.06015,7,2
138(a),E,T,0.05495,0.01414,13,2
138(a),E,V,0.02685,0.01548,10.5,2
138(a),E,W,-0.05373,0.09767,13,2
138(a),E,Y,0.0383,0.02767,11,2
138(b),E,*,-5.661,0,6.5,2
138(b),E,-,-0.8577,0.1503,5.5,2
138(b),E,A,-0.1852,0.02295,12.5,2
138(b),E,C,-0.1743,0.0348,10.5,2
138(b),E,D,-0.03699,0.03317,12,2
138(b),E,E,0,0,,2
138(b),E,F,-0.3079,0.0268,11.5,2
138(b),E,G,-0.1109,0.1213,21.5,2
138(b),E,H,-0.1474,0.0932,10.5,2
138(b),E,I,-0.2586,0.04825,13.5,2
138(b),E,K,-0.1032,0.0208,20.5,2
138(b),E,L,-0.009331,0.01508,11.5,2
138(b),E,M,-0.0868,0.005185,9,2
138(b),E,N,-0.2843,0.15,14.5,2
138(b),E,P,-0.09149,0.0734,10.5,2
138(b),E,Q,-0.3499,0.1237,7,2
138(b),E,R,-0.1705,0.1727,6.5,2
138(b),E,S,-0.0777,0.002055,12.5,2
138(b),E,T,-0.03956,0.02721,8,2
138(b),E,V,-0.08985,0.07696,11.5,2
138(b),E,W,0.01937,0.009035,11.5,2
138(b),E,Y,-0.1076,0.0189,15.5,2
139(a),T,-,-0.1417,0.1564,8.5,2
139(a),T,A,-1.006,0.0316,9.5,2
139(a),T,C,-0.745,0.1989,11,2
139(a),T,D,-0.4684,0.318,15,2
139(a),T,E,-0.5627,0.2226,13,2
139(a),T,F,-0.5908,0.2536,13.5,2
139(a),T,G,-0.5017,0.3993,7.5,2
139(a),T,H,0.05421,0.01953,9,2
139(a),T,I,-1.124,0.106,26.5,2
139(a),T,K,-0.2322,0.1409,9.5,2
139(a),T,L,-0.1965,0.0484,15,2
139(a),T,M,-0.1364,0.2051,9.5,2
139(a),T,N,-0.1206,0.03766,10,2
139(a),T,P,-0.1081,0.1555,12.5,2
139(a),T,Q,-0.2523,0.1263,11,2
139(a),T,R,-0.4725,0.01585,11,2
139(a),T,S,-0.3695,0.3211,12.5,2
139(a),T,T,0,0,,2
139(a),T,V,-0.4654,0.1849,9.5,2
139(a),T,W,-0.4461,0.1093,9.5,2
139(a),T,Y,-0.5906,0.0284,16,2
139(b),E,*,-5.28,0,4,2
139(b),E,-,-0.2506,0.2527,4,2
139(b),E,A,-0.01342,0.07204,11.5,2
139(b),E,C,-0.0367,0.1046,10.5,2
139(b),E,D,-0.02607,0.0329,13.5,2
139(b),E,E,0,0,,2
139(b),E,F,-0.2028,0.0225,9.5,2
139(b),E,G,-0.2432,0.2625,8.5,2
139(b),E,H,-0.1264,0.06298,10,2
139(b),E,I,-0.01023,0.01564,9.5,2
139(b),E,K,-0.009781,0.01843,53,2
139(b),E,L,0.04794,0.00113,10,2
139(b),E,M,-0.2343,0.2868,6,2
139(b),E,N,-0.2384,0.1736,7,2
139(b),E,P,-0.2379,0.2275,7.5,2
139(b),E,Q,0.01865,0.0175,10,2
139(b),E,R,-0.04665,0.09946,7.5,2
139(b),E,S,0.01312,0.05177,10,2
139(b),E,T,0.02594,0.009695,10,2
139(b),E,V,0.02906,0.0083,13,2
139(b),E,W,-0.02705,0.06135,9.5,2
139(b),E,Y,0.04197,0.009295,6.5,2
14(T2A),D,-,-0.03427,0.01848,2,2
14(T2A),D,A,-1.059,0,0.5,1
14(T2A),D,D,0,0,,2
14(T2A),D,E,-1.308,0.0375,6.5,2
14(T2A),D,G,-0.2581,0.07505,3,2
14(T2A),D,H,-1.059,1.023,2,2
14(T2A),D,N,-0.8328,0.1658,27.5,2
14(a),Q,*,-5.899,0,15,2
14(a),Q,-,-0.468,0,1,1
14(a),Q,A,0.02566,0.002765,7.5,2
14(a),Q,C,-0.1571,0.1849,10.5,2
14(a),Q,D,-0.3101,0.0612,9.5,2
14(a),Q,E,-0.3674,0.0415,10.5,2
14(a),Q,F,-0.1046,0.09783,7.5,2
14(a),Q,G,-0.6279,0.1807,7.5,2
14(a),Q,H,-0.157,0.0211,20,2
14(a),Q,I,-1.331,0.252,3,2
14(a),Q,K,-2.242,0.4085,8.5,2
14(a),Q,L,-0.1233,0.07009,8,2
14(a),Q,M,0.01115,0.02728,8.5,2
14(a),Q,N,-0.5058,0.1179,3,2
14(a),Q,P,-5.889,0,12,2
14(a),Q,Q,0,0,,2
14(a),Q,R,-1.19,0.1365,13,2
14(a),Q,S,-0.05989,0.09771,5,2
14(a),Q,T,-0.1486,0.06431,7.5,2
14(a),Q,V,-0.4789,0.03765,5,2
14(a),Q,W,-0.1991,0.1845,11,2
14(a),Q,Y,0.0264,0.01569,8.5,2
14(b),A,-,-0.12,0.1341,1.5,2
14(b),A,A,0,0,,2
14(b),A,C,-0.0226,0.0143,5.5,2
14(b),A,D,-0.09946,0.01874,12.5,2
14(b),A,E,-0.2548,0.0156,6,2
14(b),A,F,-0.8657,0.1933,7.5,2
14(b),A,G,0.05595,0.007,7,2
14(b),A,H,-0.08001,0.04579,13.5,2
14(b),A,I,-0.1802,0.04605,10,2
14(b),A,K,0.01406,0.01457,9,2
14(b),A,L,-0.218,0.1412,14.5,2
14(b),A,M,-0.1457,0.00825,10,2
14(b),A,N,-0.01568,0.07617,11.5,2
14(b),A,P,-5.471,0,12,2
14(b),A,Q,-0.02639,0.08971,9.5,2
14(b),A,R,-0.1525,0.0419,14.5,2
14(b),A,S,-0.008146,0.009884,16.5,2
14(b),A,T,0.01145,0.04587,20,2
14(b),A,V,-0.1281,0.148,15.5,2
14(b),A,W,-1.194,0.174,11.5,2
14(b),A,Y,-0.8847,0.2873,9.5,2
140(a),V,-,-0.04822,0.03631,7.5,2
140(a),V,A,-0.2771,0.1333,12.5,2
140(a),V,C,-0.122,0.0074,12,2
140(a),V,D,-0.3262,0.01355,12,2
140(a),V,E,-0.3293,0.02705,14,2
140(a),V,F,-0.06294,0.05436,12.5,2
140(a),V,G,-0.6871,0.2889,12,2
140(a),V,H,-0.1781,0.0461,13,2
140(a),V,I,0.03405,0.03508,12,2
140(a),V,K,-0.07612,0.1392,9.5,2
140(a),V,L,0.03415,0.005885,15.5,2
140(a),V,M,-0.02384,0.0353,31,2
140(a),V,N,0.02907,0.00278,11,2
140(a),V,P,-0.3105,0.1591,9.5,2
140(a),V,Q,0.03104,0.0114,10.5,2
140(a),V,R,-0.2553,0.0606,11,2
140(a),V,S,-0.1337,0.09723,12,2
140(a),V,T,-0.06873,0.09077,19.5,2
140(a),V,V,0,0,,2
140(a),V,W,-0.2389,0.1759,10,2
140(a),V,Y,0.03224,0.000785,10.5,2
140(b),T,-,-0.00045,0.03579,3.5,2
140(b),T,A,-0.0192,0.01836,11.5,2
140(b),T,C,-0.04299,0.02724,12,2
140(b),T,D,-0.001355,0.02563,12,2
140(b),T,E,-0.01661,0.04789,6,2
140(b),T,F,-0.01903,0.01369,15,2
140(b),T,G,-0.05595,0.01643,9.5,2
140(b),T,H,0.04099,0.005785,11.5,2
140(b),T,I,-0.0813,0.0393,13.5,2
140(b),T,K,-0.0009258,0.001375,9,2
140(b),T,L,-0.02785,0.05099,9.5,2
140(b),T,M,0.00026,0.06416,11,2
140(b),T,N,-0.01288,0.03887,9.5,2
140(b),T,P,-0.05507,0.07173,10.5,2
140(b),T,Q,-0.01549,0.008098,10.5,2
140(b),T,R,-0.0589,0.02755,8.5,2
140(b),T,S,0.009503,0.01919,9.5,2
140(b),T,T,0,0,,2
140(b),T,V,-0.03524,0.06676,11.5,2
140(b),T,W,-0.002665,0.06192,13,2
140(b),T,Y,-0.09741,0.1104,10,2
141(a),F,-,-0.08049,0.07991,8,2
141(a),F,A,-0.5264,0.0494,5,2
141(a),F,C,-0.111,0.1523,12,2
141(a),F,D,-0.3678,0.2799,10,2
141(a),F,E,-0.1785,0.07952,14,2
141(a),F,F,0,0,,2
141(a),F,G,-0.2292,0.1085,13.5,2
141(a),F,H,-0.1946,0.03095,8.5,2
141(a),F,I,-0.1079,0.1622,13.5,2
141(a),F,K,-0.3135,0.1421,12,2
141(a),F,L,-0.01151,0.0196,9,2
141(a),F,M,0.04447,0.00487,10,2
141(a),F,N,-0.09179,0.06391,17,2
141(a),F,P,-0.1384,0.1751,10.5,2
141(a),F,Q,-0.1414,0.1666,9.5,2
141(a),F,R,-1.097,0.5439,6.5,2
141(a),F,S,-0.1939,0.1941,8.5,2
141(a),F,T,-0.2742,0.2292,11,2
141(a),F,V,-0.2509,0.0886,12,2
141(a),F,W,-0.0367,0.06274,15.5,2
141(a),F,Y,0.02733,0.01677,10.5,2
141(b),K,*,-5.782,0,1,2
141(b),K,-,0.0182,0.004005,4,2
141(b),K,A,0.05631,0.0184,11.5,2
141(b),K,C,0.00667,0.02527,10.5,2
141(b),K,D,-0.09073,0.1096,7,2
141(b),K,E,0.03882,0.002315,16.5,2
141(b),K,F,-0.02525,0.0506,14,2
141(b),K,G,-0.03295,0.01401,14.5,2
141(b),K,H,-0.0163,0.01145,7,2
141(b),K,I,0.02236,0.02166,13.5,2
141(b),K,K,0,0,,2
141(b),K,L,-0.02538,0.08402,5,2
141(b),K,M,-0.03561,0.0534,11.5,2
141(b),K,N,-0.02762,0.0154,16,2
141(b),K,P,-0.01702,0.02219,12,2
141(b),K,Q,-0.07086,0.002195,16,2
141(b),K,R,-0.04255,0.03407,20,2
141(b),K,S,-0.0339,0.05756,7,2
141(b),K,T,-0.04862,0.01565,8.5,2
141(b),K,V,0.04882,0.02247,7.5,2
141(b),K,W,-0.08562,0.08248,12,2
141(b),K,Y,0.01785,0.01968,11,2
142(a),Y,*,-1.671,0.8103,1,2
142(a),Y,-,-0.9548,0.6702,9.5,2
142(a),Y,A,-0.2606,0.1777,6.5,2
142(a),Y,C,-0.186,0.02035,21,2
142(a),Y,D,-0.5464,0.2932,10.5,2
142(a),Y,E,-0.5052,0.1679,12.5,2
142(a),Y,F,-0.3496,0.3715,10,2
142(a),Y,G,-0.001625,0.03191,15.5,2
142(a),Y,H,-0.15,0.1088,13,2
142(a),Y,I,-0.2066,0.1907,8.5,2
142(a),Y,K,-0.004601,0.01061,9.5,2
142(a),Y,L,-0.1075,0.05777,11.5,2
142(a),Y,M,-0.1968,0.2095,8.5,2
142(a),Y,N,-0.2435,0.2328,5.5,2
142(a),Y,P,-0.7476,0.0873,4.5,2
142(a),Y,Q,-0.006055,0.05185,11.5,2
142(a),Y,R,-0.0207,0.02693,8,2
142(a),Y,S,-0.1719,0.1005,14,2
142(a),Y,T,-0.1867,0.1333,15,2
142(a),Y,V,-0.3908,0.3794,9,2
142(a),Y,W,0.05217,0.01599,9.5,2
142(a),Y,Y,0,0,,2
142(b),H,-,-0.05715,0.00066,3,2
142(b),H,A,-0.07602,0.09067,10,2
142(b),H,C,-0.1542,0.1768,10.5,2
142(b),H,D,-0.0829,0.1037,10.5,2
142(b),H,E,-0.04807,0.01728,10.5,2
142(b),H,F,-0.00601,0.01786,11,2
142(b),H,G,0.006505,0.0481,17,2
142(b),H,H,0,0,,2
142(b),H,I,-0.07397,0.1501,11,2
142(b),H,K,-0.07735,0.1174,8,2
142(b),H,L,-0.04209,0.0385,15.5,2
142(b),H,M,-0.05647,0.09002,15,2
142(b),H,N,-0.01115,0.03645,13,2
142(b),H,P,-0.03062,0.04476,13.5,2
142(b),H,Q,-0.002395,0.0456,8,2
142(b),H,R,0.04899,0.01099,16,2
142(b),H,S,-0.01304,0.05164,8,2
142(b),H,T,0.04929,0.02459,12,2
142(b),H,V,-0.01403,0.01849,14,2
142(b),H,W,0.02992,0.04272,6.5,2
142(b),H,Y,0.007504,0.008246,39.5,2
143(a),R,*,-3.439,0.8325,1.5,2
143(a),R,-,-1.187,0.9804,10,2
143(a),R,A,0.00092,0.03142,11.5,2
143(a),R,C,-0.1139,0.05296,17,2
143(a),R,D,-1.021,0.04145,10.5,2
143(a),R,E,-2.109,0.0675,9.5,2
143(a),R,F,-0.1355,0.01645,12.5,2
143(a),R,G,-0.3449,0.1716,17,2
143(a),R,H,0.01219,0.01799,10,2
143(a),R,I,-0.1398,0.1902,10,2
143(a),R,K,-0.0844,0.0296,11.5,2
143(a),R,L,-0.03371,0.01128,12,2
143(a),R,M,-0.05233,0.08807,12,2
143(a),R,N,-0.1564,0.03215,9.5,2
143(a),R,P,-0.5243,0.3982,9.5,2
143(a),R,Q,-0.3322,0.05925,9,2
143(a),R,R,0,0,,2
143(a),R,S,-0.1759,0.00695,15,2
143(a),R,T,-0.05379,0.01879,11.5,2
143(a),R,V,0.02035,0.03852,18,2
143(a),R,W,-0.03609,0.0562,12,2
143(a),R,Y,-0.07756,0.05683,11.5,2
143(b),V,-,-0.8144,0.6697,5,2
143(b),V,A,-0.131,0.165,10.5,2
143(b),V,C,-0.1882,0.1506,9.5,2
143(b),V,D,-0.1997,0.1795,9.5,2
143(b),V,E,-0.1894,0.0069,9.5,2
143(b),V,F,-0.193,0.09477,7.5,2
143(b),V,G,0.0091,0.0248,12,2
143(b),V,H,-0.1347,0.08916,10.5,2
143(b),V,I,-0.01092,0.04432,6.5,2
143(b),V,K,-0.2694,0.00865,10,2
143(b),V,L,-0.03121,0.02037,15,2
143(b),V,M,-0.002958,0.009791,22.5,2
143(b),V,N,-0.188,0.01255,9.5,2
143(b),V,P,-0.00442,0.03669,8.5,2
143(b),V,Q,0.002835,0.03535,7,2
143(b),V,R,-0.006829,0.01508,9,2
143(b),V,S,0.04149,0.03017,14,2
143(b),V,T,0.01234,0.04905,10.5,2
143(b),V,V,0,0,,2
143(b),V,W,-0.03626,0.1058,12.5,2
144(a),Q,*,-5.862,0,10,2
144(a),Q,-,-0.1577,0.1197,10,2
144(a),Q,A,0.05011,0.00488,10,2
144(a),Q,C,-0.1849,0.00975,8.5,2
144(a),Q,D,0.008315,0.0383,11.5,2
144(a),Q,E,-0.02645,0.00909,15,2
144(a),Q,F,-0.193,0.1423,9,2
144(a),Q,G,-0.02715,0.01683,12,2
144(a),Q,H,0.02337,0.003215,11,2
144(a),Q,I,-0.06565,0.1012,12,2
144(a),Q,K,-0.01916,0.01002,11.5,2
144(a),Q,L,0.03308,0.01857,11.5,2
144(a),Q,M,-0.02922,0.01611,9,2
144(a),Q,N,0.03606,0.03019,14,2
144(a),Q,P,-0.9287,0.1493,17.5,2
144(a),Q,Q,0,0,,2
144(a),Q,R,0.03627,0.03987,15.5,2
144(a),Q,S,0.00615,0.03307,16.5,2
144(a),Q,T,-0.008125,0.0363,6.5,2
144(a),Q,V,-0.1101,0.1607,16.5,2
144(a),Q,W,-0.1967,0.0866,6.5,2
144(a),Q,Y,-0.1667,0.1702,9,2
144(b),V,-,-0.03459,0.01648,4.5,2
144(b),V,A,-0.04466,0.06464,8.5,2
144(b),V,C,-0.1268,0.1174,11.5,2
144(b),V,D,0.05791,0.02028,9.5,2
144(b),V,E,0.01269,0.01843,11,2
144(b),V,F,-0.121,0.05545,10,2
144(b),V,G,0.02792,0.04487,10,2
144(b),V,H,0.02561,0.01611,14,2
144(b),V,I,-0.08903,0.04917,9.5,2
144(b),V,K,-0.03652,0.01042,10.5,2
144(b),V,L,-0.1178,0.09385,12,2
144(b),V,M,-0.01082,0.01587,17,2
144(b),V,N,-0.03362,0.06472,12.5,2
144(b),V,P,-0.05701,0.03461,7.5,2
144(b),V,Q,-0.04469,0.02088,10.5,2
144(b),V,R,0.04113,0.02996,10.5,2
144(b),V,S,0.0019,0.01591,12,2
144(b),V,T,-0.02075,0.05509,10.5,2
144(b),V,V,0,0,,2
144(b),V,W,-0.03211,0.05003,14,2
144(b),V,Y,0.0253,0.00713,8.5,2
145(a),A,-,-0.2756,0.2995,10,2
145(a),A,A,0,0,,2
145(a),A,C,0.04565,0.02497,10.5,2
145(a),A,D,0.02439,0.01912,18,2
145(a),A,E,-0.03237,0.07453,12,2
145(a),A,F,-0.0121,0.08637,13,2
145(a),A,G,0.04155,0.02398,7,2
145(a),A,H,-0.003375,0.004823,16,2
145(a),A,I,-0.09903,0.1068,9,2
145(a),A,K,-0.001865,0.02155,9,2
145(a),A,L,-0.1043,0.1097,11,2
145(a),A,M,-0.00517,0.04888,14,2
145(a),A,N,0.04852,0.01202,9.5,2
145(a),A,P,-0.00708,0.002713,10,2
145(a),A,Q,-0.01573,0.0404,10.5,2
145(a),A,R,-0.02165,0.04604,11.5,2
145(a),A,S,0.001548,0.004184,14,2
145(a),A,T,-0.01428,0.008275,26.5,2
145(a),A,V,-0.01004,0.03045,24.5,2
145(a),A,W,0.01834,0.01328,14,2
145(a),A,Y,-0.01955,0.04758,11.5,2
145(b),S,-,-0.1351,0.07921,5,2
145(b),S,A,0.01285,0.01665,10.5,2
145(b),S,C,0.02997,0.01889,9,2
145(b),S,D,-0.2702,0.2818,10,2
145(b),S,E,-0.04034,0.01206,7.5,2
145(b),S,F,0.01319,0.02098,11,2
145(b),S,G,-0.08084,0.1351,13,2
145(b),S,H,0.01966,0.03187,14.5,2
145(b),S,I,0.04412,0.01954,14.5,2
145(b),S,K,0.02041,0.02448,9.5,2
145(b),S,L,-0.1176,0.103,7,2
145(b),S,M,-0.008045,0.04061,7.5,2
145(b),S,N,-0.01544,0.02494,26.5,2
145(b),S,P,0.0116,0.03251,7.5,2
145(b),S,Q,0.007725,0.02825,11,2
145(b),S,R,-0.1621,0.028,19,2
145(b),S,S,0,0,,2
145(b),S,T,-0.01724,0.02166,7,2
145(b),S,V,0.02763,0.01225,9.5,2
145(b),S,W,-0.05034,0.01653,13.5,2
145(b),S,Y,-0.151,0.08692,10,2
146(a),D,*,-3.443,0,0.5,1
146(a),D,-,-0.07059,0.0593,7,2
146(a),D,A,-0.04211,0.04865,11,2
146(a),D,C,-0.1885,0.08375,10.5,2
146(a),D,D,0,0,,2
146(a),D,E,-0.1246,0.0155,12,2
146(a),D,F,-0.3814,0.1864,12.5,2
146(a),D,G,-0.09315,0.03244,18.5,2
146(a),D,H,-0.1991,0.07015,14.5,2
146(a),D,I,-0.3597,0.0011,12,2
146(a),D,K,-0.5094,0.159,11,2
146(a),D,L,-0.4869,0.0663,12.5,2
146(a),D,M,-0.2361,0.0209,7,2
146(a),D,N,-0.00289,0.02592,24,2
146(a),D,P,-0.3845,0.1722,14,2
146(a),D,Q,-0.3196,0.02065,10,2
146(a),D,R,-0.2518,0.1385,10,2
146(a),D,S,0.02129,0.02946,8.5,2
146(a),D,T,-0.1228,0.1667,15.5,2
146(a),D,V,-0.3931,0.1029,8.5,2
146(a),D,W,-0.4255,0.1671,11.5,2
146(a),D,Y,-0.08971,0.09219,13,2
146(b),T,-,-0.204,0.2108,4,2
146(b),T,A,-0.1346,0.041,13,2
146(b),T,C,-0.05593,0.000465,11.5,2
146(b),T,D,0.04392,0.001,5.5,2
146(b),T,E,-0.1003,0.0148,16,2
146(b),T,F,-0.1084,0.03623,6,2
146(b),T,G,0.02128,0.0271,11.5,2
146(b),T,H,-0.00663,0.02952,10.5,2
146(b),T,I,-0.4143,0.1407,17.5,2
146(b),T,K,-0.1901,0.1241,17.5,2
146(b),T,L,-0.01224,0.03404,7,2
146(b),T,M,-0.04629,0.07561,10.5,2
146(b),T,N,-0.1494,0.06714,14.5,2
146(b),T,P,-0.245,0.1346,12.5,2
146(b),T,Q,-0.2106,0.1454,10,2
146(b),T,R,0.00212,0.06933,10,2
146(b),T,S,0.02215,0.02285,9,2
146(b),T,T,0,0,,2
146(b),T,V,-0.1657,0.09546,11,2
146(b),T,W,-0.1317,0.1183,16.5,2
146(b),T,Y,-0.07924,0.02575,13.5,2
147(a),N,-,-0.1243,0.1247,7.5,2
147(a),N,A,-0.4941,0.0393,11,2
147(a),N,C,-0.01049,0.04668,9,2
147(a),N,D,-0.1043,0.00295,17.5,2
147(a),N,E,-0.1567,0.1274,12,2
147(a),N,F,0.0007093,0,1.5,1
147(a),N,G,-0.05817,0.104,10.5,2
147(a),N,H,-0.1097,0.05629,16,2
147(a),N,I,-0.55,0.1767,9,2
147(a),N,K,-0.4039,0.2031,10,2
147(a),N,L,-0.1045,0.1363,8.5,2
147(a),N,M,-0.08182,0.1278,8.5,2
147(a),N,N,0,0,,2
147(a),N,P,-0.8722,0.1328,8.5,2
147(a),N,Q,-0.4129,0.1267,15.5,2
147(a),N,R,-0.3488,0.06375,11.5,2
147(a),N,S,-0.04538,0.03889,10.5,2
147(a),N,T,-0.1776,0.0451,16,2
147(a),N,V,-0.4577,0.387,12,2
147(a),N,W,-0.2107,0.05225,14,2
147(a),N,Y,-0.274,0.0659,11,2
147(b),D,-,0.008285,0,3,1
147(b),D,A,-0.002865,0.04782,11,2
147(b),D,C,-0.07595,0.06095,9.5,2
147(b),D,D,0,0,,2
147(b),D,E,0.04761,0.01805,16.5,2
147(b),D,F,-0.0581,0.03249,9.5,2
147(b),D,G,-0.00377,0.0219,17,2
147(b),D,H,0.02552,0.03279,15,2
147(b),D,I,-0.1392,0.1785,9,2
147(b),D,K,-0.02063,0.0277,12.5,2
147(b),D,L,-0.0557,0.0538,12,2
147(b),D,M,0.04762,0.001855,9.5,2
147(b),D,N,0.003739,0.01146,17,2
147(b),D,P,-0.02568,0.1034,19,2
147(b),D,Q,0.03788,0.00991,13.5,2
147(b),D,R,0.04597,0.03286,13.5,2
147(b),D,S,-0.0342,0.05483,16.5,2
147(b),D,T,-0.1654,0.1349,8,2
147(b),D,V,0.01893,0.01649,10,2
147(b),D,W,-0.05501,0.08209,9.5,2
147(b),D,Y,-0.07148,0.01424,13,2
148(a),G,-,-0.08738,0.04133,6.5,2
148(a),G,A,-0.1412,0.1626,12,2
148(a),G,C,0.03061,0.02024,16.5,2
148(a),G,D,-0.0112,0.01662,12.5,2
148(a),G,E,-0.4852,0.4057,10,2
148(a),G,F,-0.1323,0.1559,12,2
148(a),G,G,0,0,,2
148(a),G,H,-0.04587,0.04844,8,2
148(a),G,I,-0.0042,0.06055,6.5,2
148(a),G,K,-0.07142,0.08988,8,2
148(a),G,L,-0.3583,0.142,9,2
148(a),G,M,-0.3533,0.0384,6.5,2
148(a),G,N,0.00238,0.01038,8.5,2
148(a),G,P,-0.6965,0.1049,14.5,2
148(a),G,Q,-0.00659,0.02573,7.5,2
148(a),G,R,0.03885,0.03887,7.5,2
148(a),G,S,-0.1117,0.1084,14.5,2
148(a),G,T,-0.1335,0.1458,8,2
148(a),G,V,-0.5606,0.1207,12.5,2
148(a),G,W,-0.1194,0.07301,11.5,2
148(a),G,Y,-0.01363,0.01854,10.5,2
148(b),V,-,-0.9014,0.5966,3,2
148(b),V,A,-0.05928,0.01009,8.5,2
148(b),V,C,-0.0005805,0.00789,13,2
148(b),V,D,-0.1809,0.2342,8.5,2
148(b),V,E,-0.5837,0.1431,10.5,2
148(b),V,F,-0.0875,0.0481,11.5,2
148(b),V,G,-0.001811,0.00985,11,2
148(b),V,H,-0.04932,0.05598,8,2
148(b),V,I,-0.1688,0.1271,13.5,2
148(b),V,K,-0.137,0.08023,7,2
148(b),V,L,-0.04013,0.003795,14,2
148(b),V,M,-0.06941,0.05009,19,2
148(b),V,N,-0.05086,0.08153,10,2
148(b),V,P,-0.0369,0.04163,6.5,2
148(b),V,Q,-0.1739,0.00685,15.5,2
148(b),V,R,-0.1858,0.0819,13,2
148(b),V,S,-0.00965,0.0454,13.5,2
148(b),V,T,-0.07836,0.1005,9,2
148(b),V,V,0,0,,2
148(b),V,W,0.009535,0.02961,9.5,2
148(b),V,Y,-0.1288,0.151,9,2
149(a),F,*,-6.052,0,0.5,1
149(a),F,-,-1.115,1.125,6.5,2
149(a),F,A,-0.3462,0.1945,9.5,2
149(a),F,C,-0.04972,0.00245,9.5,2
149(a),F,D,-0.2052,0.2677,7.5,2
149(a),F,E,-0.8,0.1407,6,2
149(a),F,F,0,0,,2
149(a),F,G,-0.3923,0.1464,13,2
149(a),F,H,-0.2036,0.1653,10.5,2
149(a),F,I,-0.3343,0.1252,9.5,2
149(a),F,K,-3.038,0.037,8.5,2
149(a),F,L,-0.07471,0.0326,10.5,2
149(a),F,M,-0.03093,0.1001,10,2
149(a),F,N,-0.3145,0.01095,11.5,2
149(a),F,P,-0.849,0.09175,9,2
149(a),F,Q,-0.4751,0.04005,11.5,2
149(a),F,R,-3.131,0,9.5,2
149(a),F,S,-1.338,0.084,14.5,2
149(a),F,T,-1.875,0.1445,7,2
149(a),F,V,-0.3104,0.03115,12.5,2
149(a),F,W,-0.122,0.0235,9,2
149(a),F,Y,-0.1872,0.2194,7,2
149(b),I,-,-0.6518,0,2.5,1
149(b),I,A,-0.4254,0.1997,5.5,2
149(b),I,C,-0.2377,0.1621,11,2
149(b),I,D,-0.2381,0.2179,11.5,2
149(b),I,E,-0.1679,0.172,7,2
149(b),I,F,-0.09367,0.164,7.5,2
149(b),I,G,-0.05104,0.1015,11.5,2
149(b),I,H,0.00547,0.05449,8,2
149(b),I,I,0,0,,2
149(b),I,K,-0.412,0.063,5,2
149(b),I,L,-0.189,0.1592,18,2
149(b),I,M,-0.02117,0.02323,12,2
149(b),I,N,-0.08747,0.07552,11,2
149(b),I,P,-1.522,0.223,10,2
149(b),I,Q,-0.1223,0.1364,9,2
149(b),I,R,0.02594,0.002775,8.5,2
149(b),I,S,-0.1362,0.02935,10.5,2
149(b),I,T,-0.1682,0.1785,13,2
149(b),I,V,-0.1195,0.05774,15,2
149(b),I,W,-0.2241,0.2388,11.5,2
149(b),I,Y,-0.02913,0.04106,8.5,2
15(T2A),V,-,-0.02,0.01913,2,2
15(T2A),V,E,-0.256,0,0.5,1
15(T2A),V,L,-0.9978,0.1203,4.5,2
15(T2A),V,M,-0.9336,0.1974,8,2
15(T2A),V,V,0,0,,2
15(a),R,*,-5.966,0,6.5,2
15(a),R,-,-1.748,1.444,2,2
15(a),R,A,-0.1822,0.1079,7.5,2
15(a),R,C,-0.3787,0.1381,8,2
15(a),R,D,-0.4345,0.00085,9,2
15(a),R,E,-0.4666,0.1365,8,2
15(a),R,F,-0.2117,0.00705,10.5,2
15(a),R,G,-0.6174,0.1697,13,2
15(a),R,H,-0.294,0.1182,7.5,2
15(a),R,I,-0.1324,0.1313,9,2
15(a),R,K,0.02305,0.00468,15,2
15(a),R,L,-0.1131,0.151,10,2
15(a),R,M,0.002235,0.01454,11,2
15(a),R,N,-0.1902,0.1448,6.5,2
15(a),R,P,-5.871,0,8,2
15(a),R,Q,-0.2116,0.2054,9.5,2
15(a),R,R,0,0,,2
15(a),R,S,-0.1254,0.05485,9.5,2
15(a),R,T,-0.07858,0.1016,6,2
15(a),R,V,-0.1081,0.03069,7.5,2
15(a),R,W,-0.1699,0.054,16,2
15(a),R,Y,-0.1621,0.1889,12.5,2
15(b),F,-,-0.2139,0.0904,2,2
15(b),F,A,-0.03563,0.07627,6.5,2
15(b),F,C,-0.2726,0.04955,11,2
15(b),F,D,-4.006,0,10,2
15(b),F,E,-2.852,0.2805,9.5,2
15(b),F,F,0,0,,2
15(b),F,G,-0.121,0.1673,8.5,2
15(b),F,H,-0.5206,0.1194,8,2
15(b),F,I,-0.6133,0.1637,12,2
15(b),F,K,-1.657,0.193,7.5,2
15(b),F,L,-0.1663,0.1065,11.5,2
15(b),F,M,-0.2945,0.1515,8,2
15(b),F,N,-0.9937,0.7014,8.5,2
15(b),F,P,-3.652,0,13,2
15(b),F,Q,-1.353,0.441,10,2
15(b),F,R,-1.208,0.0865,11.5,2
15(b),F,S,-0.3727,0.3197,13.5,2
15(b),F,T,-1.148,0.1847,6.5,2
15(b),F,V,-0.3448,0.02955,7.5,2
15(b),F,W,-0.9854,0.2177,12,2
15(b),F,Y,-0.4356,0.2631,12,2
150(a),Y,*,-5.758,0,1.5,2
150(a),Y,-,-0.06102,0.04748,5.5,2
150(a),Y,A,0.0117,0.004135,14.5,2
150(a),Y,C,0.00175,0.01885,16.5,2
150(a),Y,D,-0.09745,0.09845,12.5,2
150(a),Y,E,0.02261,0.01824,10.5,2
150(a),Y,F,-0.09259,0.06441,13.5,2
150(a),Y,G,-0.3069,0.1115,10,2
150(a),Y,H,-0.1028,0.102,14.5,2
150(a),Y,I,-0.187,0.07205,12,2
150(a),Y,K,-0.2477,0.0158,12.5,2
150(a),Y,L,-0.01593,0.001535,11.5,2
150(a),Y,M,0.01931,0.02534,15.5,2
150(a),Y,N,0.005075,0.03445,11,2
150(a),Y,P,-3.136,0.012,7.5,2
150(a),Y,Q,0.01124,0.001015,8.5,2
150(a),Y,R,0.0442,0.03598,10.5,2
150(a),Y,S,-0.08864,0.08826,11,2
150(a),Y,T,-0.06303,0.09027,14.5,2
150(a),Y,V,0.01019,0.008636,13.5,2
150(a),Y,W,-0.4622,0.08895,9.5,2
150(a),Y,Y,0,0,,2
150(b),Q,*,-3.049,1.378,3.5,2
150(b),Q,-,-0.07468,0,2,1
150(b),Q,A,0.05614,0.00633,8.5,2
150(b),Q,C,0.03844,0.00593,12,2
150(b),Q,D,0.02347,0.0435,10,2
150(b),Q,E,-0.03884,0.03553,7.5,2
150(b),Q,F,-0.06548,0.01108,9.5,2
150(b),Q,G,-0.05407,0.05253,10,2
150(b),Q,H,0.0422,0.03746,19.5,2
150(b),Q,I,-0.0635,0.0583,11.5,2
150(b),Q,K,-0.04502,0.03882,7.5,2
150(b),Q,L,-0.1082,0.07626,12,2
150(b),Q,N,-0.02361,0.0691,6,2
150(b),Q,P,-0.03632,0.005345,26.5,2
150(b),Q,Q,0,0,,2
150(b),Q,R,0.01695,0.01964,17,2
150(b),Q,S,0.03107,0.02071,11,2
150(b),Q,T,0.02841,0.00536,7,2
150(b),Q,V,-0.1416,0.0989,9,2
150(b),Q,W,-0.06031,0.1238,8.5,2
150(b),Q,Y,-0.05505,0.09706,11,2
151(a),K,*,-5.049,0,2,2
151(a),K,-,-0.04372,0.03275,5.5,2
151(a),K,A,-0.5256,0.0132,12,2
151(a),K,C,-0.1805,0.00325,15.5,2
151(a),K,D,-0.6538,0.06825,11.5,2
151(a),K,E,-0.2501,0.03685,7.5,2
151(a),K,F,-0.3757,0.0788,8.5,2
151(a),K,G,-1.315,0.399,7.5,2
151(a),K,H,-0.02569,0.06845,9.5,2
151(a),K,I,-0.4506,0.04125,10,2
151(a),K,K,0,0,,2
151(a),K,L,-0.3243,0.2844,10.5,2
151(a),K,M,-0.106,0.0295,11,2
151(a),K,N,-2.841,0.1765,14.5,2
151(a),K,P,-5.922,0,13,2
151(a),K,Q,-0.1031,0.128,11.5,2
151(a),K,R,0.03805,0.02425,11,2
151(a),K,S,-0.3647,0.0176,14,2
151(a),K,T,-0.3175,0.253,8,2
151(a),K,V,-0.1816,0.1806,9.5,2
151(a),K,W,-1.173,0.133,10.5,2
151(a),K,Y,-0.3579,0.06585,9,2
151(b),N,-,0.00542,0,0.5,1
151(b),N,A,-0.1721,0.1324,5.5,2
151(b),N,C,0.04184,0.00334,6,2
151(b),N,D,-0.2262,0.2243,8,2
151(b),N,E,0.04738,0.01315,8,2
151(b),N,F,-1.034,0.0175,10.5,2
151(b),N,G,-0.1482,0.09781,7.5,2
151(b),N,H,-0.09387,0.02624,12.5,2
151(b),N,I,-0.3986,0.1341,8.5,2
151(b),N,K,-0.09796,0.05334,9.5,2
151(b),N,L,-0.06114,0.09316,3.5,2
151(b),N,M,-0.299,0.2485,4,2
151(b),N,N,0,0,,2
151(b),N,P,-0.8703,0.0372,9.5,2
151(b),N,Q,0.02105,0.01006,7,2
151(b),N,R,-0.0339,0.0974,5.5,2
151(b),N,S,-0.1919,0.2041,9.5,2
151(b),N,T,-0.1336,0.03749,8.5,2
151(b),N,V,-0.1633,0.02765,6,2
151(b),N,W,-3.213,0.206,5,2
151(b),N,Y,-1.983,0.146,11,2
152(a),F,-,-0.03444,0.02349,6,2
152(a),F,A,-0.3435,0.1395,10,2
152(a),F,C,-0.1063,0.01371,12,2
152(a),F,D,-1.171,0.1826,8.5,2
152(a),F,E,-0.6271,0.02715,11.5,2
152(a),F,F,0,0,,2
152(a),F,G,-0.7054,0.3516,8.5,2
152(a),F,H,-0.2855,0.2386,12,2
152(a),F,I,-0.4294,0.1099,8,2
152(a),F,K,-0.578,0.06205,9,2
152(a),F,L,-0.08966,0.06674,10.5,2
152(a),F,M,-0.02726,0.01213,9.5,2
152(a),F,N,-0.3619,0.01695,7,2
152(a),F,P,-1.095,0.061,6.5,2
152(a),F,Q,-0.3931,0.00745,11,2
152(a),F,R,-0.3749,0.2772,9,2
152(a),F,S,-0.3766,0.0765,12.5,2
152(a),F,T,-0.1215,0.161,7,2
152(a),F,V,-0.2849,0.0862,8.5,2
152(a),F,W,-0.03986,0.104,9.5,2
152(a),F,Y,0.02542,0.02533,11,2
152(b),G,-,-0.1377,0,0.5,1
152(b),G,A,-0.2862,0.172,7.5,2
152(b),G,C,-0.5168,0.1263,13,2
152(b),G,D,-2.068,0.3115,16,2
152(b),G,E,-1.782,0.058,12,2
152(b),G,F,-1.257,0.0475,15.5,2
152(b),G,G,0,0,,2
152(b),G,H,-0.7843,0.1067,9.5,2
152(b),G,I,-1.138,0.066,11.5,2
152(b),G,K,-0.836,0.02025,11.5,2
152(b),G,L,-2.479,0.0445,6.5,2
152(b),G,M,-0.2523,0.1175,9,2
152(b),G,N,-0.9745,0.3165,9,2
152(b),G,P,-0.1238,0.0259,11,2
152(b),G,Q,-0.6356,0.1517,13.5,2
152(b),G,R,-1.121,0.0885,11.5,2
152(b),G,S,-0.1023,0.07279,11,2
152(b),G,T,-1.391,0.0945,10.5,2
152(b),G,V,-1.217,0.186,13.5,2
152(b),G,W,-2.726,0.0975,16,2
152(b),G,Y,-1.514,0.064,11,2
153(a),S,-,-1.228,1.186,6.5,2
153(a),S,A,0.0284,0.004925,6.5,2
153(a),S,C,-0.08056,0.01755,9,2
153(a),S,D,-0.2152,0.1648,9,2
153(a),S,E,-0.07333,0.1273,14,2
153(a),S,F,-0.02193,0.01886,12.5,2
153(a),S,G,-0.0133,0.04013,18.5,2
153(a),S,H,0.01958,0.01831,7.5,2
153(a),S,I,0.02425,0.02429,13,2
153(a),S,K,0.02107,0.02549,10,2
153(a),S,L,-0.008634,0.009086,13.5,2
153(a),S,M,-0.08808,0.1385,9.5,2
153(a),S,N,-0.1098,0.1294,20,2
153(a),S,P,-5.944,0,7.5,2
153(a),S,Q,0.0004,0.0252,9.5,2
153(a),S,R,0.02673,0.0034,18,2
153(a),S,S,0,0,,2
153(a),S,T,0.057,0.01041,10.5,2
153(a),S,V,0.01524,0.0147,15,2
153(a),S,W,-0.1186,0.1042,12,2
153(a),S,Y,0.0324,0.01536,9,2
153(b),D,-,-1.418,1.223,1.5,2
153(b),D,A,-0.05167,0.01959,6,2
153(b),D,C,-0.07209,0.06511,5,2
153(b),D,D,0,0,,2
153(b),D,E,-0.0394,0.02091,7,2
153(b),D,F,-0.2576,0.06695,6.5,2
153(b),D,G,-0.04594,0.02621,6.5,2
153(b),D,H,-0.01133,0.05693,9,2
153(b),D,I,-0.2349,0.03735,10.5,2
153(b),D,K,-0.0214,0.03965,6.5,2
153(b),D,L,-0.3227,0.2671,6.5,2
153(b),D,M,-0.1266,0.1057,11,2
153(b),D,N,-0.01321,0.07979,20.5,2
153(b),D,P,-0.3695,0.3067,7.5,2
153(b),D,Q,0.03726,0.006455,7.5,2
153(b),D,R,0.05264,0.01435,9,2
153(b),D,S,-1.956,0.0605,6.5,2
153(b),D,T,-2.79,0.2025,5,2
153(b),D,V,0.001675,0.002151,4,2
153(b),D,W,-0.001946,0.007312,5,2
153(b),D,Y,-0.4044,0.03135,12,2
154(a),Y,*,-5.688,0,4,2
154(a),Y,-,-2.311,1.505,6.5,2
154(a),Y,A,-0.004749,0.003154,9.5,2
154(a),Y,C,-0.296,0.1183,16,2
154(a),Y,D,-0.1565,0.1408,13.5,2
154(a),Y,E,-0.1232,0.07979,10,2
154(a),Y,F,0.02637,0.008205,13,2
154(a),Y,G,-0.1462,0.1848,9.5,2
154(a),Y,H,-0.04212,0.05533,13,2
154(a),Y,I,0.04744,0.004575,11,2
154(a),Y,K,-0.0893,0.1506,12.5,2
154(a),Y,L,-0.3541,0.04295,12,2
154(a),Y,M,-0.000585,0.07394,12,2
154(a),Y,N,-0.2684,0.2659,7,2
154(a),Y,P,-0.5446,0.1988,15,2
154(a),Y,Q,-0.2505,0.06765,10.5,2
154(a),Y,R,0.05969,0.01321,10.5,2
154(a),Y,S,-0.07065,0.008505,14.5,2
154(a),Y,T,0.03686,0.01891,12,2
154(a),Y,V,-0.04975,0.08525,8.5,2
154(a),Y,W,0.02814,0.01369,11,2
154(a),Y,Y,0,0,,2
154(b),W,*,-6.03,0,114,2
154(b),W,-,-0.09598,0.00592,1,2
154(b),W,A,-1.406,0.0355,8.5,2
154(b),W,C,-0.4294,0.1735,13.5,2
154(b),W,D,-4.069,0,9,2
154(b),W,E,-4.848,0,3.5,2
154(b),W,F,-0.06234,0.07756,10.5,2
154(b),W,G,-1.179,0.3789,6.5,2
154(b),W,H,-0.4132,0.02855,9.5,2
154(b),W,I,-0.8152,0.0566,10,2
154(b),W,K,-4.547,0,10.5,2
154(b),W,L,-1.016,0.07385,10.5,2
154(b),W,M,-1.091,0.2862,6.5,2
154(b),W,N,-1.247,0.0755,6,2
154(b),W,P,-5.096,0,11,2
154(b),W,Q,-1.707,0.322,10,2
154(b),W,R,-4.203,0,10,2
154(b),W,S,-1.044,0.0365,10,2
154(b),W,T,-1.609,0.2135,9,2
154(b),W,V,-0.6906,0.2277,6,2
154(b),W,W,0,0,,2
154(b),W,Y,-0.1281,0.1045,11.5,2
155(a),L,-,-0.04175,0.00334,5,2
155(a),L,A,-0.2678,0.0123,7,2
155(a),L,C,0.0455,0.03501,14,2
155(a),L,D,-1.597,0.448,6.5,2
155(a),L,E,-0.4091,0.08245,10,2
155(a),L,F,-0.1168,0.04788,18.5,2
155(a),L,G,-0.9422,0.1199,12,2
155(a),L,H,-0.177,0.1125,8,2
155(a),L,I,-0.004347,0.000328,13,2
155(a),L,K,-0.1184,0.0866,11,2
155(a),L,L,0,0,,2
155(a),L,M,-0.00972,0.04416,10.5,2
155(a),L,N,0.01286,0.000585,13.5,2
155(a),L,P,-5.956,0,8.5,2
155(a),L,Q,-0.1558,0.1811,10,2
155(a),L,R,-0.0743,0.0662,9,2
155(a),L,S,-0.2422,0.1133,15.5,2
155(a),L,T,-0.005545,0.04197,9.5,2
155(a),L,V,0.01056,0.01893,13.5,2
155(a),L,W,-0.4273,0.1625,10,2
155(a),L,Y,-0.05784,0.0027,9.5,2
155(b),T,-,-0.01877,0,0.5,1
155(b),T,A,-0.08743,0.007875,19,2
155(b),T,C,0.002025,0.02473,11,2
155(b),T,D,-0.3711,0.4484,8,2
155(b),T,E,-0.2383,0.02815,12,2
155(b),T,F,-0.04194,0.09586,8,2
155(b),T,G,-0.02425,0.00624,8.5,2
155(b),T,H,0.05869,0.01903,6,2
155(b),T,I,-0.1093,0.135,11,2
155(b),T,K,0.02684,0.01244,10.5,2
155(b),T,L,-0.02836,0.01458,13,2
155(b),T,M,-0.07561,0.1162,9,2
155(b),T,N,-0.2088,0.1286,12.5,2
155(b),T,P,-3.916,0,9,2
155(b),T,Q,-0.03989,0.07342,11.5,2
155(b),T,R,0.005095,0.06674,9,2
155(b),T,S,-0.04563,0.06177,9,2
155(b),T,T,0,0,,2
155(b),T,V,-0.1946,0.2124,14,2
155(b),T,W,-0.2201,0.05905,7.5,2
155(b),T,Y,-0.02593,0.04995,11,2
156(a),P,-,-0.3773,0.3094,5,2
156(a),P,A,-0.1415,0.0345,11,2
156(a),P,C,0.007607,0.01381,9,2
156(a),P,D,0.05411,0.006205,13.5,2
156(a),P,E,0.04453,0.00359,11,2
156(a),P,F,0.05379,0.01362,12,2
156(a),P,G,-0.0251,0.01586,9.5,2
156(a),P,H,0.05867,0.009115,13.5,2
156(a),P,I,-0.1048,0.09534,10,2
156(a),P,K,-0.00998,0.05407,7,2
156(a),P,L,-0.3627,0.05835,20,2
156(a),P,M,-0.05978,0.02989,8.5,2
156(a),P,N,0.04952,0.01992,6,2
156(a),P,P,0,0,,2
156(a),P,Q,0.06002,0.01234,9,2
156(a),P,R,-0.03168,0.1045,9.5,2
156(a),P,S,0.03676,0.03751,27,2
156(a),P,T,-0.00099,0.0126,7,2
156(a),P,V,-0.2692,0.249,8,2
156(a),P,W,0.05621,0.01023,8.5,2
156(a),P,Y,0.04974,7.5e-05,11.5,2
156(b),Y,*,-4.758,0,1,2
156(b),Y,-,-0.04173,0,0.5,1
156(b),Y,A,-0.07494,0.01057,7,2
156(b),Y,C,-0.4773,0.1015,11,2
156(b),Y,D,-0.4161,0.3815,4.5,2
156(b),Y,E,-0.7261,0.1894,7,2
156(b),Y,F,-0.08658,0.02022,12,2
156(b),Y,G,-0.2188,0.04495,7,2
156(b),Y,H,-0.02549,0.005035,17.5,2
156(b),Y,I,-0.3739,0.1596,10.5,2
156(b),Y,K,-0.1856,0.0679,9,2
156(b),Y,L,-0.266,0.231,7.5,2
156(b),Y,M,-0.3277,0.3234,8,2
156(b),Y,N,-0.1089,0.1102,6,2
156(b),Y,P,-4.633,0,9.5,2
156(b),Y,Q,-0.3977,0.2261,7.5,2
156(b),Y,R,0.01728,0.02136,8.5,2
156(b),Y,S,-0.1967,0.1415,12,2
156(b),Y,T,-0.3569,0.1399,9,2
156(b),Y,V,-0.305,0.2405,4,2
156(b),Y,W,-0.3486,0.2726,11,2
156(b),Y,Y,0,0,,2
157(a),F,-,-0.1281,0.1031,4.5,2
157(a),F,A,0.02114,0.006725,13,2
157(a),F,C,0.02306,0.03419,6,2
157(a),F,D,-0.09439,0.02571,9,2
157(a),F,E,-0.2474,0.2832,9.5,2
157(a),F,F,0,0,,2
157(a),F,G,-0.2617,0.2348,12,2
157(a),F,H,-0.07672,0.1453,9,2
157(a),F,I,-0.2305,0.2523,11,2
157(a),F,K,-0.6226,0.1375,8,2
157(a),F,L,0.000191,0.006711,8.5,2
157(a),F,M,0.03508,0.02922,9,2
157(a),F,N,0.04233,0.007835,6,2
157(a),F,P,-4.5,0,13,2
157(a),F,Q,-0.01584,0.04592,7.5,2
157(a),F,R,-0.4219,0.3483,8,2
157(a),F,S,-0.1234,0.08793,11.5,2
157(a),F,T,0.02498,0.03399,9,2
157(a),F,V,0.03339,0.02684,6,2
157(a),F,W,-0.1229,0.06637,9.5,2
157(a),F,Y,-0.01932,0.0125,20.5,2
157(b),Q,*,-5.742,0,8.5,2
157(b),Q,-,0.01255,0,0.5,1
157(b),Q,A,0.01839,0.02006,7.5,2
157(b),Q,C,-0.02228,0.04642,14,2
157(b),Q,D,-0.19,0.0393,9,2
157(b),Q,E,-0.1023,0.1458,7.5,2
157(b),Q,F,-0.4684,0.0593,9.5,2
157(b),Q,G,0.001265,0.03141,7.5,2
157(b),Q,H,-0.07292,0.02545,5.5,2
157(b),Q,I,-0.3409,0.247,9.5,2
157(b),Q,K,-0.4521,0.0292,11.5,2
157(b),Q,L,-0.2033,0.0788,7,2
157(b),Q,M,-0.2376,0.3082,11.5,2
157(b),Q,N,-0.2112,0.03115,6.5,2
157(b),Q,P,-5.537,0,12,2
157(b),Q,Q,0,0,,2
157(b),Q,R,-0.05768,0.05102,26.5,2
157(b),Q,S,0.03984,0.03282,5.5,2
157(b),Q,T,-0.1542,0.0459,8,2
157(b),Q,V,-0.6761,0.1901,11.5,2
157(b),Q,W,-0.1015,0.00742,10.5,2
157(b),Q,Y,-0.2174,0.2982,7.5,2
158(a),I,-,-0.4115,0.1217,4.5,2
158(a),I,A,0.05651,0.01312,11.5,2
158(a),I,C,0.05032,0.0216,12,2
158(a),I,D,0.02017,0.00045,10,2
158(a),I,E,0.02897,0.03223,8.5,2
158(a),I,F,0.02543,0.005575,15,2
158(a),I,G,0.0557,0.00962,7.5,2
158(a),I,H,0.01731,0.03121,9.5,2
158(a),I,I,0,0,,2
158(a),I,K,0.06345,0.0158,7.5,2
158(a),I,L,0.02327,0.02402,10.5,2
158(a),I,M,0.03142,0.00771,13,2
158(a),I,N,0.03806,0.00084,12.5,2
158(a),I,P,-0.01651,0.05211,10,2
158(a),I,Q,0.03458,0.00494,12.5,2
158(a),I,R,0.058,0.01129,8,2
158(a),I,S,0.063,0.01194,13,2
158(a),I,T,0.03599,0.01192,12,2
158(a),I,V,-0.01721,0.01808,21,2
158(a),I,W,-0.3537,0.1896,8.5,2
158(a),I,Y,0.05984,0.01275,9.5,2
158(b),V,-,-0.1688,0,0.5,1
158(b),V,A,0.02555,0.04006,11,2
158(b),V,C,-0.04032,0.08417,8,2
158(b),V,D,-0.4832,0.2091,8.5,2
158(b),V,E,-0.1536,0.2013,9,2
158(b),V,F,-0.07737,0.09473,11,2
158(b),V,G,-0.02768,0.01932,9,2
158(b),V,H,-0.2232,0.111,8.5,2
158(b),V,I,-0.2182,0.1104,9.5,2
158(b),V,K,-0.05671,0.08769,10,2
158(b),V,L,-0.0995,0.1478,11,2
158(b),V,M,-0.01982,0.00259,15.5,2
158(b),V,N,-0.1573,0.1684,7.5,2
158(b),V,P,-5.809,0,7,2
158(b),V,Q,0.01942,0.0255,9.5,2
158(b),V,R,-0.1404,0.1155,11.5,2
158(b),V,S,-0.1758,0.0479,13,2
158(b),V,T,-0.4006,0.1358,7.5,2
158(b),V,V,0,0,,2
158(b),V,W,-0.02517,0.04639,10,2
158(b),V,Y,-0.09744,0.1238,9,2
159(a),P,-,-0.1403,0.08096,4.5,2
159(a),P,A,-0.2791,0.0022,7,2
159(a),P,C,-0.2227,0.1407,12,2
159(a),P,D,-0.2313,0.2048,8,2
159(a),P,E,-0.167,0.2114,13,2
159(a),P,F,0.02958,0.04224,9.5,2
159(a),P,G,-0.1286,0.1505,6,2
159(a),P,H,-0.1114,0.09606,14,2
159(a),P,I,-0.07204,0.1167,6,2
159(a),P,K,-0.08056,0.07894,9,2
159(a),P,L,-0.1289,0.1668,15.5,2
159(a),P,M,0.01112,0.009442,15,2
159(a),P,N,-0.09098,0.03322,8.5,2
159(a),P,P,0,0,,2
159(a),P,Q,-0.02931,0.02159,11,2
159(a),P,R,-0.1484,0.08089,11,2
159(a),P,S,0.01561,0.01945,18.5,2
159(a),P,T,-0.2016,0.2188,10.5,2
159(a),P,V,0.05511,0.01106,7,2
159(a),P,W,-0.000275,0.03494,16.5,2
159(a),P,Y,-0.06113,0.08417,11,2
159(b),L,-,-0.1419,0,0.5,1
159(b),L,A,-0.013,0.01352,7,2
159(b),L,C,-0.00776,0.01638,11,2
159(b),L,D,-0.8079,0.1167,12.5,2
159(b),L,E,-0.6895,0.09415,8,2
159(b),L,F,-0.09803,0.1215,4.5,2
159(b),L,G,0.008115,0.03551,8.5,2
159(b),L,H,0.003045,0.03073,4.5,2
159(b),L,I,-0.06365,0.111,8.5,2
159(b),L,K,-0.6812,0.23,6.5,2
159(b),L,L,0,0,,2
159(b),L,M,-0.1403,0.05377,11.5,2
159(b),L,N,-0.007595,0.02736,8.5,2
159(b),L,P,-2.782,0.237,12,2
159(b),L,Q,-0.06105,0.09675,17.5,2
159(b),L,R,-0.7565,0.06885,8,2
159(b),L,S,0.02591,0.0425,6,2
159(b),L,T,0.01448,0.01245,10,2
159(b),L,V,-0.3174,0.2067,10,2
159(b),L,W,-0.191,0.1775,9,2
159(b),L,Y,-0.09915,0.1542,9,2
16(T2A),E,*,-6.024,0,1,2
16(T2A),E,-,-0.1079,0,1.5,1
16(T2A),E,A,-0.7115,0,0.5,1
16(T2A),E,D,-1.34,0,0.5,1
16(T2A),E,E,0,0,,2
16(T2A),E,G,-0.1509,0.1691,3,2
16(T2A),E,K,-0.5247,0.2152,15,2
16(T2A),E,V,-0.371,0.135,1.5,2
16(a),D,*,-5.972,0,14,2
16(a),D,-,-0.3837,0.4055,2,2
16(a),D,A,-0.3559,0.09905,10,2
16(a),D,C,-0.0129,0.06113,8,2
16(a),D,D,0,0,,2
16(a),D,E,0.05167,0.01161,11.5,2
16(a),D,F,-0.1889,0.244,6.5,2
16(a),D,G,-0.4854,0.3301,12.5,2
16(a),D,H,-0.03526,0.02376,6.5,2
16(a),D,I,-0.1532,0.04385,6.5,2
16(a),D,K,-1.702,0.2065,7,2
16(a),D,L,-0.2411,0.0426,6,2
16(a),D,M,-0.661,0.655,7.5,2
16(a),D,N,-1.187,0.041,17.5,2
16(a),D,P,-3.224,0.0255,11,2
16(a),D,Q,-0.1643,0.1056,10,2
16(a),D,R,-1.204,0.1315,5.5,2
16(a),D,S,-0.04032,0.07517,11.5,2
16(a),D,T,-0.3526,0.4166,7.5,2
16(a),D,V,-0.394,0.1421,8.5,2
16(a),D,W,-0.1857,0.0115,9,2
16(a),D,Y,-0.1865,0.02315,11.5,2
16(b),E,*,-5.943,0,6,2
16(b),E,-,-0.3412,0.09425,2,2
16(b),E,A,-0.9815,0.06855,19,2
16(b),E,C,-1.695,0.442,11.5,2
16(b),E,D,-0.4935,0.2351,20,2
16(b),E,E,0,0,,2
16(b),E,F,-3.427,0,14.5,2
16(b),E,G,-1.843,0.189,20.5,2
16(b),E,H,-1.409,0.358,12,2
16(b),E,I,-2.214,0.074,12.5,2
16(b),E,K,-2.252,0.1095,37,2
16(b),E,L,-3.319,0,11,2
16(b),E,M,-2.397,0.3065,10.5,2
16(b),E,N,-2.082,0.007,10.5,2
16(b),E,P,-5.931,0,14.5,2
16(b),E,Q,-0.3755,0.0617,10.5,2
16(b),E,R,-2.626,0.239,8.5,2
16(b),E,S,-0.6824,0.0628,8,2
16(b),E,T,-0.5907,0.405,9.5,2
16(b),E,V,-2.071,0.0505,19.5,2
16(b),E,W,-5.772,0,11.5,2
16(b),E,Y,-1.987,0.089,13.5,2
160(a),T,-,-0.648,0.2598,3.5,2
160(a),T,A,-0.02989,0.00915,18,2
160(a),T,C,0.05101,0.000165,9,2
160(a),T,D,0.004755,0.02477,7,2
160(a),T,E,0.00822,0.04178,8.5,2
160(a),T,F,0.03248,0.01088,7,2
160(a),T,G,0.04889,0.00731,11,2
160(a),T,H,0.04452,0.003215,4.5,2
160(a),T,I,0.05475,0.01723,14.5,2
160(a),T,K,0.00329,0.02142,8.5,2
160(a),T,L,-0.05475,0.01531,10,2
160(a),T,M,0.03845,0.03834,8.5,2
160(a),T,N,-0.04097,0.07293,14.5,2
160(a),T,P,-0.8196,0.0432,17.5,2
160(a),T,Q,-0.0354,0.02757,16,2
160(a),T,R,0.02554,0.0071,12,2
160(a),T,S,-0.004895,0.04458,7.5,2
160(a),T,T,0,0,,2
160(a),T,V,-0.0485,0.0705,9.5,2
160(a),T,W,0.01987,0.004735,12.5,2
160(a),T,Y,0.01277,0.01673,14,2
160(b),V,-,-0.1174,0,0.5,1
160(b),V,A,-0.06452,0.05678,7,2
160(b),V,C,-0.1452,0.1779,6,2
160(b),V,D,-0.3872,0.02025,9,2
160(b),V,E,-0.6627,0.0502,9,2
160(b),V,F,-0.2794,0.2417,7.5,2
160(b),V,G,0.02818,0.03349,7.5,2
160(b),V,H,-0.06101,0.1159,11.5,2
160(b),V,I,-0.000375,0.06538,6.5,2
160(b),V,K,-0.2013,0.2749,7,2
160(b),V,L,-0.08135,0.09426,11.5,2
160(b),V,M,-0.1568,0.1274,10.5,2
160(b),V,N,0.04321,0.02642,5.5,2
160(b),V,P,-1.863,0.3515,7,2
160(b),V,Q,-0.1133,0.0832,6.5,2
160(b),V,R,-0.05847,0.05293,11,2
160(b),V,S,-0.1515,0.1025,4.5,2
160(b),V,T,0.03671,9.5e-05,11,2
160(b),V,V,0,0,,2
160(b),V,W,-0.1895,0.04045,10,2
160(b),V,Y,-0.1418,0.1075,7.5,2
161(a),R,*,-4.716,0,1,2
161(a),R,-,-0.09647,0.04633,2.5,2
161(a),R,A,-0.02836,0.03212,12.5,2
161(a),R,C,-0.02494,0.01875,7.5,2
161(a),R,D,-0.01188,0.000875,15.5,2
161(a),R,E,-0.01936,0.04154,12.5,2
161(a),R,F,0.005685,0.06918,8.5,2
161(a),R,G,-0.2457,0.2004,14.5,2
161(a),R,H,-0.1066,0.03834,11,2
161(a),R,I,-0.01522,0.01548,19.5,2
161(a),R,K,-0.1155,0.1216,11.5,2
161(a),R,L,-0.07884,0.06506,8.5,2
161(a),R,M,0.04325,0.00331,6,2
161(a),R,N,0.02721,0.02425,10.5,2
161(a),R,P,0.02629,0.01049,11.5,2
161(a),R,Q,-0.02471,0.01047,10,2
161(a),R,R,0,0,,2
161(a),R,S,-0.01583,0.03137,12,2
161(a),R,T,-0.0487,0.0569,13,2
161(a),R,V,-0.1336,0.1785,12,2
161(a),R,W,-0.00912,0.08289,15,2
161(a),R,Y,-0.1114,0.08862,11.5,2
161(b),M,-,-0.8932,0.8318,1.5,2
161(b),M,A,-0.0645,0.01003,9,2
161(b),M,C,-0.02188,0.01651,7,2
161(b),M,D,-0.05318,0.08152,7.5,2
161(b),M,E,-0.1385,0.129,11,2
161(b),M,F,0.02502,0.005755,7.5,2
161(b),M,G,-0.02808,0.00065,9.5,2
161(b),M,H,-0.06636,0.1301,8.5,2
161(b),M,I,0.00564,0.03007,34.5,2
161(b),M,K,0.02337,0.006685,5,2
161(b),M,L,-0.2081,0.2601,7,2
161(b),M,M,0,0,,2
161(b),M,N,0.03532,0.00976,7,2
161(b),M,P,-0.2787,0.1986,11.5,2
161(b),M,Q,0.00378,0.02293,8.5,2
161(b),M,R,-0.01503,0.07423,7,2
161(b),M,S,-0.3457,0.02085,6.5,2
161(b),M,T,-0.02519,0.03904,7.5,2
161(b),M,V,-0.0199,0.04879,9,2
161(b),M,W,0.04699,0.00018,6,2
161(b),M,Y,0.03948,0.02144,8.5,2
162(a),G,-,-0.002215,0.04009,2,2
162(a),G,A,0.04125,0.008915,14.5,2
162(a),G,C,-0.06511,0.05709,14.5,2
162(a),G,D,-0.1846,0.1276,11,2
162(a),G,E,0.01751,0.05523,7,2
162(a),G,F,-0.03632,0.02582,17.5,2
162(a),G,G,0,0,,2
162(a),G,H,0.04667,0.01969,15,2
162(a),G,I,-0.1895,0.08365,14,2
162(a),G,K,0.04743,0.00986,10.5,2
162(a),G,L,0.01017,0.02842,12,2
162(a),G,M,0.02547,0.05277,12,2
162(a),G,N,-0.004055,0.02345,12,2
162(a),G,P,0.04566,0.00288,8,2
162(a),G,Q,-0.2692,0.269,6.5,2
162(a),G,R,0.04228,0.03499,7.5,2
162(a),G,S,0.006492,0.006418,16.5,2
162(a),G,T,0.01483,0.01393,8,2
162(a),G,V,0.01329,0.05196,14,2
162(a),G,W,-0.04596,0.001485,12,2
162(a),G,Y,-0.004835,0.0656,13,2
162(b),L,-,0.003334,0,0.5,1
162(b),L,A,-0.1225,0.09841,9,2
162(b),L,C,-0.3571,0.301,11.5,2
162(b),L,D,-0.07262,0.1029,6,2
162(b),L,E,-0.01093,0.039,9,2
162(b),L,F,0.02502,0.03984,10,2
162(b),L,G,-0.3018,0.00395,5.5,2
162(b),L,H,-0.05351,0.06309,9,2
162(b),L,I,0.02495,0.0203,7,2
162(b),L,K,-0.2216,0.1546,8,2
162(b),L,L,0,0,,2
162(b),L,M,-0.2037,0.0372,9,2
162(b),L,N,-3.29,0.0835,6,2
162(b),L,P,-0.7546,0.0561,18.5,2
162(b),L,Q,0.03779,0.04001,8.5,2
162(b),L,R,-0.2202,0.05555,13,2
162(b),L,S,-0.1257,0.1158,11.5,2
162(b),L,T,-0.319,0.3452,5.5,2
162(b),L,V,0.00318,0.03242,6.5,2
162(b),L,W,-0.02649,0.01553,11.5,2
162(b),L,Y,0.0402,0.01673,9,2
163(a),D,-,-2.208,1.452,2,2
163(a),D,A,0.03666,0.004585,12.5,2
163(a),D,C,0.0449,0.03158,12,2
163(a),D,D,0,0,,2
163(a),D,E,-0.05086,0.05274,12,2
163(a),D,F,0.03442,0.0146,10.5,2
163(a),D,G,-0.03905,0.06285,12,2
163(a),D,H,-0.0217,0.03408,8.5,2
163(a),D,I,-0.2215,0.0292,9.5,2
163(a),D,K,-0.2121,0.1763,12,2
163(a),D,L,-0.1345,0.1223,12,2
163(a),D,M,-0.00575,0.01595,9,2
163(a),D,N,0.0262,0.03377,14,2
163(a),D,P,0.01199,0.003284,3.5,2
163(a),D,Q,-0.08816,0.1002,8,2
163(a),D,R,-0.06886,0.08874,12,2
163(a),D,S,0.03773,0.02454,6,2
163(a),D,T,-0.09037,0.07903,11,2
163(a),D,V,-0.005529,0.005741,8,2
163(a),D,W,0.0468,0.004225,12,2
163(a),D,Y,-0.1527,0.1356,14.5,2
163(b),E,*,-5.967,0,2.5,2
163(b),E,A,-0.114,0.1173,4.5,2
163(b),E,C,-0.2706,0.1839,14,2
163(b),E,D,0.04777,0.0247,8,2
163(b),E,E,0,0,,2
163(b),E,F,-0.1281,0.00315,11,2
163(b),E,G,-0.09353,0.08787,11,2
163(b),E,H,0.02777,0.03366,10,2
163(b),E,I,0.05931,0.009375,12,2
163(b),E,K,-0.07429,0.06651,36,2
163(b),E,L,-0.09085,0.1371,8.5,2
163(b),E,M,-0.1578,0.1544,11.5,2
163(b),E,N,0.04256,0.0232,12.5,2
163(b),E,P,0.01491,0.01281,7.5,2
163(b),E,Q,-0.1366,0.1051,7.5,2
163(b),E,R,0.01219,0.01674,10.5,2
163(b),E,S,0.00269,0.06558,14.5,2
163(b),E,T,-0.006452,0.007188,7.5,2
163(b),E,V,0.05135,0.00436,8,2
163(b),E,W,-0.01568,0.09032,10.5,2
163(b),E,Y,-0.1176,0.1395,12.5,2
164(a),Y,*,-6.022,0,5,2
164(a),Y,-,-1.925,1.507,1.5,2
164(a),Y,A,-0.06787,0.1404,10.5,2
164(a),Y,C,-0.1846,0.0831,16,2
164(a),Y,D,-0.1572,0.1229,13.5,2
164(a),Y,E,-0.3308,0.32,8,2
164(a),Y,F,0.03842,0.00483,13.5,2
164(a),Y,G,0.05105,0.02944,7.5,2
164(a),Y,H,-0.07753,0.09647,14.5,2
164(a),Y,I,0.05828,0.01417,11,2
164(a),Y,K,-0.2406,0.0631,7,2
164(a),Y,L,-0.002885,0.03785,7.5,2
164(a),Y,M,-0.0092,0.03281,13,2
164(a),Y,N,0.01291,0.01125,9.5,2
164(a),Y,P,-0.00854,0.0262,10.5,2
164(a),Y,Q,0.03666,0.005385,13.5,2
164(a),Y,R,-0.123,0.1687,7.5,2
164(a),Y,S,-0.02491,0.03215,13,2
164(a),Y,T,-0.1706,0.1668,10,2
164(a),Y,V,0.01068,0.0204,9,2
164(a),Y,W,-0.1271,0.1863,15,2
164(a),Y,Y,0,0,,2
164(b),S,-,-0.06471,0,0.5,1
164(b),S,A,0.04666,0.01902,5.5,2
164(b),S,C,0.002912,0.001624,8,2
164(b),S,D,-0.1354,0.1498,9,2
164(b),S,E,0.004148,0.01133,7.5,2
164(b),S,F,-0.09703,0.1232,10.5,2
164(b),S,G,-0.01497,0.03046,19.5,2
164(b),S,H,0.004635,0.04126,12.5,2
164(b),S,I,-0.01814,0.06244,11,2
164(b),S,K,0.03007,0.007285,9,2
164(b),S,L,0.05025,0.000975,14,2
164(b),S,M,-0.01376,0.07756,10,2
164(b),S,N,-0.03531,0.07819,23,2
164(b),S,P,-0.08542,0.1372,8,2
164(b),S,Q,-0.0368,0.02056,12,2
164(b),S,R,-0.07627,0.03012,10,2
164(b),S,S,0,0,,2
164(b),S,T,-0.01946,0.05732,8.5,2
164(b),S,V,-0.01969,0.06562,12,2
164(b),S,W,-0.0499,0.0753,10.5,2
164(b),S,Y,-0.09388,0.09682,10,2
165(a),Y,-,-2.063,1.492,1.5,2
165(a),Y,A,-0.1769,0.0682,13,2
165(a),Y,C,-0.2294,0.2346,18.5,2
165(a),Y,D,-4.963,0,13.5,2
165(a),Y,E,-2.083,0.141,14,2
165(a),Y,F,0.02238,0.0221,10.5,2
165(a),Y,G,-1.343,0.0985,8,2
165(a),Y,H,-0.108,0.09405,11.5,2
165(a),Y,I,-0.1269,0.2078,11,2
165(a),Y,K,-2.178,0.0275,15.5,2
165(a),Y,L,-0.01303,0.04346,11.5,2
165(a),Y,M,-0.08883,0.08877,8.5,2
165(a),Y,N,-3.508,0,11,2
165(a),Y,P,-0.2497,0.2491,10.5,2
165(a),Y,Q,-0.3222,0.1429,10,2
165(a),Y,R,-0.6123,0.06015,12,2
165(a),Y,S,-0.9659,0.4031,6.5,2
165(a),Y,T,-0.07988,0.01637,12,2
165(a),Y,V,-0.1993,0.0596,13,2
165(a),Y,W,0.01527,0.05052,9.5,2
165(a),Y,Y,0,0,,2
165(b),T,-,-0.07567,0,0.5,1
165(b),T,A,-0.1557,0.154,11,2
165(b),T,C,-0.6059,0.6261,7.5,2
165(b),T,D,-0.04549,0.00242,4,2
165(b),T,E,-0.22,0.2077,6,2
165(b),T,F,-0.1542,0.1218,10.5,2
165(b),T,G,-0.9444,0.6446,8.5,2
165(b),T,H,-0.07494,0.08977,11.5,2
165(b),T,I,0.03723,0.03737,15,2
165(b),T,K,0.04231,0.00149,6,2
165(b),T,L,-0.03442,0.07838,11.5,2
165(b),T,M,-0.04044,0.05302,6.5,2
165(b),T,N,0.01406,0.0331,7,2
165(b),T,P,-0.02246,0.01923,7.5,2
165(b),T,Q,-0.3688,0.03325,6.5,2
165(b),T,R,-0.2087,0,3.5,1
165(b),T,S,0.01867,0.02411,10.5,2
165(b),T,T,0,0,,2
165(b),T,V,-0.00676,0.03967,10,2
165(b),T,W,0.01639,0.00334,5,2
165(b),T,Y,-0.1631,0.1564,10,2
166(a),D,-,-0.09289,0,1,1
166(a),D,A,-0.2355,0.2765,5.5,2
166(a),D,C,0.03483,0.004015,7.5,2
166(a),D,D,0,0,,2
166(a),D,E,-0.1348,0.02185,8.5,2
166(a),D,F,-0.02151,0.03259,7.5,2
166(a),D,G,-0.1534,0.1523,5,2
166(a),D,H,0.02002,0.01161,6,2
166(a),D,I,-0.01818,0.029,7,2
166(a),D,K,0.02137,0.02054,2,2
166(a),D,L,0.04451,0.01142,6.5,2
166(a),D,M,-0.01741,0.02339,5.5,2
166(a),D,N,-0.01448,0.00287,19,2
166(a),D,P,-5.133,0,8.5,2
166(a),D,Q,0.004993,0.0106,7.5,2
166(a),D,R,-0.02918,0.00283,10.5,2
166(a),D,S,-0.04579,0.05971,3.5,2
166(a),D,T,0.02579,0.001095,7.5,2
166(a),D,V,-0.08777,0.02233,5.5,2
166(a),D,W,-0.1425,0.06746,9.5,2
166(a),D,Y,0.03157,0.01893,6.5,2
166(b),P,-,0.002776,0,1,1
166(b),P,A,-0.101,0.07667,10.5,2
166(b),P,C,-0.02416,0.02498,10,2
166(b),P,D,-0.04763,0.1084,7,2
166(b),P,E,-0.08896,0.09234,9,2
166(b),P,F,-0.05276,0.08034,9,2
166(b),P,G,0.0518,0.002875,9,2
166(b),P,H,-0.04929,0.02353,12,2
166(b),P,I,0.03018,0.01372,6,2
166(b),P,K,0.0179,0.04525,6.5,2
166(b),P,L,0.02705,0.02394,11,2
166(b),P,M,-0.2097,0.14,6.5,2
166(b),P,N,-0.2026,0.2304,5.5,2
166(b),P,P,0,0,,2
166(b),P,Q,-0.08339,0.1234,6.5,2
166(b),P,R,-0.0202,0.06436,9.5,2
166(b),P,S,-0.03148,0.02932,13,2
166(b),P,T,-0.08134,0.07786,9.5,2
166(b),P,V,-0.01358,0.01554,8.5,2
166(b),P,W,-0.1932,0.2523,7.5,2
166(b),P,Y,0.0006,0.03096,7,2
167(a),C,*,-6.016,0,2.5,2
167(a),C,-,-0.02872,0,0.5,1
167(a),C,A,-0.1483,0.1148,4,2
167(a),C,C,0,0,,2
167(a),C,D,-5.764,0,5,2
167(a),C,E,-5.089,0,8.5,2
167(a),C,F,-0.6224,0.247,12,2
167(a),C,G,-1.139,0.0245,9.5,2
167(a),C,H,-2.08,0.0655,7.5,2
167(a),C,I,-0.2418,0.25,5,2
167(a),C,K,-5.768,0,10,2
167(a),C,L,-0.0723,0.0997,11.5,2
167(a),C,M,-0.2719,0.0997,5.5,2
167(a),C,N,-0.1677,0.1029,6,2
167(a),C,P,-1.881,0.2885,5,2
167(a),C,Q,-1.873,0.3375,5,2
167(a),C,R,-5.902,0,10.5,2
167(a),C,S,-0.1291,0.02755,6.5,2
167(a),C,T,-0.2775,0.2923,4,2
167(a),C,V,-0.08514,0.1212,5.5,2
167(a),C,W,-0.6766,0.2872,9.5,2
167(a),C,Y,-1.988,0,36.5,2
167(b),Q,*,-5.956,0,4.5,2
167(b),Q,-,-0.0587,0.03323,1,2
167(b),Q,A,0.01503,0.006307,14.5,2
167(b),Q,C,-0.3289,0.2324,8,2
167(b),Q,D,-0.1052,0.1308,8,2
167(b),Q,E,0.02792,0.003045,11,2
167(b),Q,F,0.006545,0.04866,4.5,2
167(b),Q,G,0.01025,0.004719,10,2
167(b),Q,H,-0.07749,0.05231,10.5,2
167(b),Q,I,-0.08587,0.09883,8,2
167(b),Q,K,-0.03451,0.03029,13.5,2
167(b),Q,L,0.01037,0.0462,10,2
167(b),Q,M,-0.1409,0.151,9.5,2
167(b),Q,N,-0.06076,0.07963,7,2
167(b),Q,P,0.01084,0.02777,2.5,2
167(b),Q,Q,0,0,,2
167(b),Q,R,0.002155,0.0416,19.5,2
167(b),Q,S,-0.1271,0.1076,10,2
167(b),Q,T,0.006906,0.003594,13.5,2
167(b),Q,V,-0.2508,0.287,9.5,2
167(b),Q,W,-0.004015,0.0159,17.5,2
167(b),Q,Y,0.03269,0.04321,13,2
168(a),R,*,-3.677,0.8435,1,2
168(a),R,A,0.02633,0.01377,3,2
168(a),R,C,-0.2179,0.2154,3,2
168(a),R,D,-0.06116,0,2,1
168(a),R,E,-0.0613,0.08961,10,2
168(a),R,F,-0.1471,0.1764,7,2
168(a),R,G,-0.02069,0.007385,14,2
168(a),R,H,0.04033,0.03074,1,2
168(a),R,I,0.02364,0.005495,10,2
168(a),R,K,0.001235,0.02396,13.5,2
168(a),R,L,-0.07772,0.1155,5.5,2
168(a),R,M,0.02966,0.004615,16,2
168(a),R,N,-0.1049,0.1274,5.5,2
168(a),R,P,-1.926,0.022,5.5,2
168(a),R,Q,-0.206,0.2581,5.5,2
168(a),R,R,0,0,,2
168(a),R,S,-0.2455,0.0152,6,2
168(a),R,T,-0.07017,0.1056,10,2
168(a),R,V,-0.01353,0.01012,16.5,2
168(a),R,W,-0.01381,0.008657,5.5,2
168(a),R,Y,-0.02917,0.06214,8,2
168(b),H,-,-0.1536,0.06715,1,2
168(b),H,A,0.03363,0.007405,8,2
168(b),H,C,-0.2743,0.3208,4,2
168(b),H,D,-0.3115,0.3545,8.5,2
168(b),H,E,-0.09823,0.1476,7.5,2
168(b),H,F,0.02669,0.03907,8.5,2
168(b),H,G,-0.01139,0.03506,7.5,2
168(b),H,H,0,0,,2
168(b),H,I,0.03627,0.01148,7.5,2
168(b),H,K,-0.01061,0.03275,10.5,2
168(b),H,L,-0.03858,0.00567,8,2
168(b),H,M,0.008613,0.005576,10,2
168(b),H,N,0.00537,0.02052,8.5,2
168(b),H,P,-0.09245,0.06894,8,2
168(b),H,Q,0.00972,0.01581,14.5,2
168(b),H,R,0.02127,0.02881,16,2
168(b),H,S,0.02263,0.00471,9,2
168(b),H,T,-0.8983,0.6107,5.5,2
168(b),H,V,0.04519,0.004165,8,2
168(b),H,W,-0.1446,0.0319,7.5,2
168(b),H,Y,-0.1005,0.1638,14.5,2
169(a),V,-,-5.338,0,0.5,1
169(a),V,A,-0.05037,0.01858,13,2
169(a),V,C,-0.04126,0.07844,9.5,2
169(a),V,D,-3.403,0,10.5,2
169(a),V,E,-1.986,0.133,11,2
169(a),V,F,-1.452,0.257,8.5,2
169(a),V,G,-0.06034,0.03656,12,2
169(a),V,H,-0.766,0.09525,9,2
169(a),V,I,-0.0131,0.06407,20,2
169(a),V,K,-3.228,0.008,12,2
169(a),V,L,-0.1729,0.04845,12,2
169(a),V,M,-0.5581,0.1596,31.5,2
169(a),V,N,-0.2196,0.1401,13.5,2
169(a),V,P,-0.2816,0.02315,11.5,2
169(a),V,Q,-0.6024,0.1292,12,2
169(a),V,R,-2.173,0.1385,14,2
169(a),V,S,-0.3481,0.2316,13.5,2
169(a),V,T,-0.06901,0.0894,8.5,2
169(a),V,V,0,0,,2
169(a),V,W,-0.6649,0.047,10,2
169(a),V,Y,-0.1462,0.00985,12,2
169(b),G,-,-0.1249,0.03411,1.5,2
169(b),G,A,-0.04097,0.08123,7,2
169(b),G,C,-0.2831,0.1744,9,2
169(b),G,D,-0.03637,0.01277,17,2
169(b),G,E,-0.1719,0.08405,5,2
169(b),G,F,-0.2442,0.03505,6.5,2
169(b),G,G,0,0,,2
169(b),G,H,0.03029,0.0111,9.5,2
169(b),G,I,-0.02168,0.06644,9.5,2
169(b),G,K,-0.1817,0.1674,10,2
169(b),G,L,0.008859,0.01744,9,2
169(b),G,M,-0.1536,0.06397,6.5,2
169(b),G,N,0.04627,0.003335,8,2
169(b),G,P,-0.00353,0.01865,11,2
169(b),G,Q,0.04098,0.0084,8.5,2
169(b),G,R,-0.1839,0.1738,8.5,2
169(b),G,S,-0.09414,0.08906,14.5,2
169(b),G,T,-0.2172,0.02005,9.5,2
169(b),G,V,-0.03271,0.04025,13,2
169(b),G,W,0.04375,0.01792,12.5,2
169(b),G,Y,-0.2931,0.2747,9.5,2
17(T2A),E,*,-0.04938,0,0.5,1
17(T2A),E,-,0.04041,0,1.5,1
17(T2A),E,A,-0.00037,0,0.5,1
17(T2A),E,D,-2.059,0,1,1
17(T2A),E,E,0,0,,2
17(T2A),E,G,-0.177,0.139,2.5,2
17(T2A),E,K,-0.03368,0.003135,73,2
17(a),E,*,-5.854,0,11.5,2
17(a),E,-,-0.1382,0.05324,1.5,2
17(a),E,A,-0.1071,0.1449,15.5,2
17(a),E,C,-0.0977,0.0393,7,2
17(a),E,D,-0.00885,0.02313,15,2
17(a),E,E,0,0,,2
17(a),E,F,-0.2211,0.1522,11,2
17(a),E,G,-0.168,0.0414,10.5,2
17(a),E,H,-0.08225,0.133,8,2
17(a),E,I,-0.1758,0.0179,10,2
17(a),E,K,-0.3193,0.1141,15,2
17(a),E,L,0.00443,0.06553,10,2
17(a),E,M,-0.1985,0.1238,13,2
17(a),E,N,-0.03327,0.04171,6.5,2
17(a),E,P,-0.3773,0.1669,7,2
17(a),E,Q,-0.7562,0.0083,7.5,2
17(a),E,R,-0.1728,0.2233,9,2
17(a),E,S,-0.03139,0.06281,8.5,2
17(a),E,T,-0.07879,0.01512,5.5,2
17(a),E,V,-0.08254,0.08686,14.5,2
17(a),E,W,-0.3508,0.1379,6.5,2
17(a),E,Y,-0.238,0.0977,8,2
17(b),C,*,-4.005,0,0.5,1
17(b),C,-,-0.1789,0.1948,1.5,2
17(b),C,A,-3.231,0,8.5,2
17(b),C,C,0,0,,2
17(b),C,D,-5.942,0,10,2
17(b),C,E,-5.904,0,7,2
17(b),C,F,-3.43,0,14.5,2
17(b),C,G,-5.941,0,7.5,2
17(b),C,H,-5.864,0,11.5,2
17(b),C,I,-1.887,0.277,10,2
17(b),C,K,-5.923,0,13,2
17(b),C,L,-3.05,0.122,16,2
17(b),C,M,-2.646,0.2625,12.5,2
17(b),C,N,-5.915,0,13,2
17(b),C,P,-5.955,0,12,2
17(b),C,Q,-5.845,0,9,2
17(b),C,R,-5.649,0,13.5,2
17(b),C,S,-5.912,0,14.5,2
17(b),C,T,-4.361,0,12,2
17(b),C,V,-1.78,0.2445,7.5,2
17(b),C,W,-5.758,0,7.5,2
17(b),C,Y,-4.026,0,28,2
170(a),E,*,-5.822,0,3,2
170(a),E,-,0.01675,0,0.5,1
170(a),E,A,0.004305,0.02627,12.5,2
170(a),E,C,0.00749,0.01753,7,2
170(a),E,D,0.0396,0.02384,7,2
170(a),E,E,0,0,,2
170(a),E,F,-0.1041,0.01664,12.5,2
170(a),E,G,-0.06319,0.1038,12.5,2
170(a),E,H,-0.02261,0.07322,9,2
170(a),E,I,-0.3178,0.322,6.5,2
170(a),E,K,-0.02977,0.00719,49,2
170(a),E,L,0.00281,0.04223,6.5,2
170(a),E,M,0.02883,0.005285,6,2
170(a),E,N,-0.1146,0.159,8,2
170(a),E,P,-0.2321,0.2486,8.5,2
170(a),E,Q,-0.05646,0.005705,4.5,2
170(a),E,R,-0.2911,0.2445,9,2
170(a),E,S,0.01538,0.02856,7.5,2
170(a),E,T,-0.006658,0.009372,13,2
170(a),E,V,-0.1037,0.03157,8.5,2
170(a),E,W,-0.0244,0.04627,11,2
170(a),E,Y,-0.2088,0.0278,9,2
170(b),D,-,-0.4149,0.3402,2.5,2
170(b),D,A,-0.03494,0.06218,10.5,2
170(b),D,C,-0.1892,0.1081,12,2
170(b),D,D,0,0,,2
170(b),D,E,-0.002175,0.03598,11.5,2
170(b),D,F,0.04139,0.03119,9.5,2
170(b),D,G,-0.2482,0.2725,11,2
170(b),D,H,0.04365,0.000155,10,2
170(b),D,I,-0.1139,0.1864,8.5,2
170(b),D,K,-0.00742,0.04733,10,2
170(b),D,L,0.0123,0.06042,9,2
170(b),D,M,-0.04506,0.05434,7,2
170(b),D,N,-0.02885,0.006705,19.5,2
170(b),D,P,-0.02375,0.00735,10,2
170(b),D,Q,-0.1564,0.2045,8.5,2
170(b),D,R,0.00538,0.0586,11.5,2
170(b),D,S,-0.0452,0.0634,8,2
170(b),D,T,-0.1068,0.09765,9,2
170(b),D,V,-0.07292,0.1127,6.5,2
170(b),D,W,-0.07655,0.1263,14,2
170(b),D,Y,-0.08743,0.03117,9.5,2
171(a),H,-,0.01665,0,0.5,1
171(a),H,A,-0.07176,0.01088,10,2
171(a),H,C,-0.2245,0.1734,9.5,2
171(a),H,D,-0.7601,0.0065,8.5,2
171(a),H,E,-0.5807,0.214,10.5,2
171(a),H,F,0.04018,0.009015,10,2
171(a),H,G,-0.3276,0.1478,9,2
171(a),H,H,0,0,,2
171(a),H,I,-0.2745,0.3062,10.5,2
171(a),H,K,-0.6521,0.1757,12.5,2
171(a),H,L,-0.1883,0.1308,10.5,2
171(a),H,M,0.04784,0.02612,13.5,2
171(a),H,N,-0.5201,0.1313,15,2
171(a),H,P,-0.08353,0.03626,10,2
171(a),H,Q,-0.2455,0.00605,10,2
171(a),H,R,-0.01965,0.01111,11.5,2
171(a),H,S,-0.08119,0.0603,11,2
171(a),H,T,-0.4354,0.0816,10,2
171(a),H,V,-0.2061,0.2322,9.5,2
171(a),H,W,-0.1673,0.09725,9,2
171(a),H,Y,-0.1969,0.0384,15.5,2
171(b),T,-,-0.3159,0.1241,3.5,2
171(b),T,A,0.01756,0.01704,13,2
171(b),T,C,-0.01931,0.00747,9.5,2
171(b),T,D,-0.02365,0.09255,7.5,2
171(b),T,E,-0.1685,0.1963,6.5,2
171(b),T,F,-0.05031,0.04837,3.5,2
171(b),T,G,0.02713,0.03223,11,2
171(b),T,H,-0.09932,0.1003,7,2
171(b),T,I,-0.003887,0.003048,15.5,2
171(b),T,K,-0.4049,0.4379,10,2
171(b),T,L,-0.02085,0.005135,12.5,2
171(b),T,M,-0.0138,0.04274,7.5,2
171(b),T,N,-0.06934,0.1033,10.5,2
171(b),T,P,-0.03846,0.05649,9,2
171(b),T,Q,-0.2029,0.01265,6.5,2
171(b),T,R,-0.05595,0.08936,13,2
171(b),T,S,0.02572,0.006425,6,2
171(b),T,T,0,0,,2
171(b),T,V,0.02551,0.00729,8,2
171(b),T,W,0.009955,0.05752,14.5,2
171(b),T,Y,0.02258,0.01611,13.5,2
172(a),W,*,-5.976,0,17.5,2
172(a),W,-,-0.02673,0.02599,1,2
172(a),W,A,-0.03937,0.04507,8.5,2
172(a),W,C,-0.2002,0.1064,16.5,2
172(a),W,D,-0.05827,0.1082,13.5,2
172(a),W,E,0.02185,0.0241,8,2
172(a),W,F,0.004485,0.04494,9,2
172(a),W,G,-0.00671,0.03564,8,2
172(a),W,H,-0.08301,0.09649,12,2
172(a),W,I,0.04223,0.00068,5,2
172(a),W,K,-0.0828,0.01569,9,2
172(a),W,L,0.01938,0.0277,16.5,2
172(a),W,M,0.04947,0.0199,10.5,2
172(a),W,N,0.009505,0.01907,8.5,2
172(a),W,P,-0.003335,0.01555,11,2
172(a),W,Q,-0.1836,0.1492,11,2
172(a),W,R,-0.008975,0.03023,20,2
172(a),W,S,-0.07709,0.03921,8,2
172(a),W,T,-0.01626,0.05867,8,2
172(a),W,V,0.05532,0.007465,8.5,2
172(a),W,W,0,0,,2
172(a),W,Y,-0.09473,0.04387,10,2
172(b),Y,*,-0.03856,0,0.5,1
172(b),Y,-,-0.2215,0.04655,3.5,2
172(b),Y,A,-0.1122,0.09802,6.5,2
172(b),Y,C,-0.1024,0.05937,15,2
172(b),Y,D,-1.75,0.1795,8,2
172(b),Y,E,-1.595,0.1385,8,2
172(b),Y,F,0.06088,0.02007,9.5,2
172(b),Y,G,-1.314,0.093,9,2
172(b),Y,H,-0.09732,0.1251,19,2
172(b),Y,I,-0.02956,0.06162,13,2
172(b),Y,K,-1.033,0.015,8.5,2
172(b),Y,L,-0.07861,0.06499,7,2
172(b),Y,M,0.007715,0.01119,8.5,2
172(b),Y,N,-0.153,0.1479,7,2
172(b),Y,P,-0.3942,0.3567,6.5,2
172(b),Y,Q,-0.1641,0.1016,5,2
172(b),Y,R,-0.498,0.04475,10.5,2
172(b),Y,S,-0.1709,0.1814,5,2
172(b),Y,T,-0.2712,0.2762,5.5,2
172(b),Y,V,-0.4175,0.4374,8,2
172(b),Y,W,0.03517,0.00383,10.5,2
172(b),Y,Y,0,0,,2
173(a),G,-,-0.01066,0.004525,1,2
173(a),G,A,0.056,0.01425,8,2
173(a),G,C,0.0537,0.01133,13.5,2
173(a),G,D,-0.1277,0.1548,16,2
173(a),G,E,-0.09545,0.1305,9.5,2
173(a),G,F,-0.06325,0.07175,19,2
173(a),G,G,0,0,,2
173(a),G,H,-0.004985,0.03012,7.5,2
173(a),G,I,-0.08277,0.03753,5.5,2
173(a),G,K,-0.002079,0.009361,11,2
173(a),G,L,-0.1583,0.01485,9.5,2
173(a),G,M,0.00963,0.02558,8.5,2
173(a),G,N,-0.0338,0.0761,7.5,2
173(a),G,P,-0.07147,0.04723,10,2
173(a),G,Q,-0.1086,0.1704,8.5,2
173(a),G,R,-0.02079,0.03113,8.5,2
173(a),G,S,-0.1578,0.03025,15.5,2
173(a),G,T,0.06145,0.00955,11.5,2
173(a),G,V,0.004454,0.003097,15.5,2
173(a),G,W,-0.007075,0.06402,9,2
173(a),G,Y,-0.0139,0.01101,12,2
173(b),E,*,-5.733,0,5,2
173(b),E,-,-0.1883,0.01235,4.5,2
173(b),E,A,0.01521,0.04688,14.5,2
173(b),E,C,0.008165,0.03823,13,2
173(b),E,D,-0.4179,0.2262,13.5,2
173(b),E,E,0,0,,2
173(b),E,F,-0.06255,0.05425,12.5,2
173(b),E,G,-0.01125,0.02813,10.5,2
173(b),E,H,-0.1595,0.1964,5.5,2
173(b),E,I,0.02762,0.01392,11,2
173(b),E,K,0.04225,0.003,7,2
173(b),E,L,0.0492,0.01237,15.5,2
173(b),E,M,-0.00473,0.02493,9.5,2
173(b),E,N,0.03064,0.006405,11,2
173(b),E,P,-3.476,0,16,2
173(b),E,Q,0.02353,0.002085,8.5,2
173(b),E,R,0.02803,0.012,7,2
173(b),E,S,-0.1065,0.09738,11,2
173(b),E,T,0.03725,0.02058,6,2
173(b),E,V,-0.3065,0.1348,10,2
173(b),E,W,0.001453,0.009246,8,2
173(b),E,Y,0.02508,0.01377,13.5,2
174(a),L,-,0.05043,0,0.5,1
174(a),L,A,0.0254,0.04726,6.5,2
174(a),L,C,-0.04138,0.08942,8,2
174(a),L,D,-0.0304,0.1032,14,2
174(a),L,E,-0.08583,0.08897,8.5,2
174(a),L,F,0.04478,0.004745,10,2
174(a),L,G,-0.06636,0.09494,8.5,2
174(a),L,H,0.03064,0.009625,11,2
174(a),L,I,-0.1265,0.1132,17.5,2
174(a),L,K,-0.00834,0.02294,11,2
174(a),L,L,0,0,,2
174(a),L,M,-0.02815,0.06947,13,2
174(a),L,N,0.006125,0.03152,6,2
174(a),L,P,-0.1106,0.05045,24,2
174(a),L,Q,-0.01046,0.05657,11.5,2
174(a),L,R,0.04353,0.02839,11,2
174(a),L,S,0.006685,0.02024,8.5,2
174(a),L,T,0.02622,0.02315,9,2
174(a),L,V,-0.2009,0.1611,7,2
174(a),L,W,-0.1391,0.169,7.5,2
174(a),L,Y,0.03426,0.02373,6,2
174(b),C,-,-0.2996,0.1454,4,2
174(b),C,A,-0.5368,0.2489,7,2
174(b),C,C,0,0,,2
174(b),C,D,-5.941,0,11,2
174(b),C,E,-5.822,0,5.5,2
174(b),C,F,-1.569,0.0025,10,2
174(b),C,G,-3.712,0,11.5,2
174(b),C,H,-5.885,0,7,2
174(b),C,I,-0.5345,0.2296,9.5,2
174(b),C,K,-5.913,0,6,2
174(b),C,L,-0.2714,0.1216,10,2
174(b),C,M,-1.674,1.189,8.5,2
174(b),C,N,-5.143,0,4,2
174(b),C,P,-4.922,0,6,2
174(b),C,Q,-5.901,0,6,2
174(b),C,R,-5.949,0,12,2
174(b),C,S,-2.21,0.19,9,2
174(b),C,T,-0.9753,0.2598,7,2
174(b),C,V,-0.5,0.3814,7,2
174(b),C,W,-3.151,0.06,9.5,2
174(b),C,Y,-2.544,0.4915,12,2
175(a),P,-,0.03603,0,0.5,1
175(a),P,A,-0.04943,0.00539,7.5,2
175(a),P,C,0.03304,0.01247,7,2
175(a),P,D,0.038,0.01388,7,2
175(a),P,E,-0.1109,0.02035,11,2
175(a),P,F,-0.3002,0.3464,7,2
175(a),P,G,0.005746,0.009874,6.5,2
175(a),P,H,-0.06503,0.05967,13,2
175(a),P,I,0.007433,0.01266,10.5,2
175(a),P,K,0.02128,0.02358,11,2
175(a),P,L,0.009225,0.03476,12,2
175(a),P,M,-0.00326,0.01997,10,2
175(a),P,N,-0.002049,0.01135,9,2
175(a),P,P,0,0,,2
175(a),P,Q,0.04891,0.009995,7.5,2
175(a),P,R,-0.02955,0.03189,7,2
175(a),P,S,-0.1079,0.06967,26.5,2
175(a),P,T,0.03455,0.03718,14.5,2
175(a),P,V,-0.1538,0.1857,15,2
175(a),P,W,-0.04393,0.0418,8,2
175(a),P,Y,0.03642,0.006595,7,2
175(b),H,-,-0.1098,0,3,1
175(b),H,A,-0.04978,0.05842,10.5,2
175(b),H,C,0.04025,0.03278,11.5,2
175(b),H,D,-0.02311,0.02468,9,2
175(b),H,E,-0.009765,0.05854,5.5,2
175(b),H,F,-0.3377,0.2408,10.5,2
175(b),H,G,-0.0074,0.04968,13.5,2
175(b),H,H,0,0,,2
175(b),H,I,0.01485,0.0306,10,2
175(b),H,K,-0.04445,0.04433,11,2
175(b),H,L,0.02149,0.0148,7.5,2
175(b),H,M,-0.2627,0.2232,11.5,2
175(b),H,N,0.04942,0.02795,4,2
175(b),H,P,-5.71,0,11.5,2
175(b),H,Q,0.01408,0.0117,12,2
175(b),H,R,-0.115,0.1414,18.5,2
175(b),H,S,-0.08433,0.04267,11,2
175(b),H,T,0.02833,0.01006,9,2
175(b),H,V,-0.02809,0.04077,10.5,2
175(b),H,W,0.03585,0.02041,10,2
175(b),H,Y,0.01311,0.003134,14,2
176(a),E,*,-5.223,0,2,2
176(a),E,A,0.03256,0.00296,10,2
176(a),E,C,0.03886,0.00131,8.5,2
176(a),E,D,0.02649,0.0127,8,2
176(a),E,E,0,0,,2
176(a),E,F,-0.02088,0.06751,8.5,2
176(a),E,G,-0.01863,0.04566,20,2
176(a),E,H,-0.03286,0.03897,11,2
176(a),E,I,0.00541,0.01661,10.5,2
176(a),E,K,-0.007803,0.0125,44.5,2
176(a),E,L,-0.1889,0.1738,6.5,2
176(a),E,M,0.000715,0.0569,9.5,2
176(a),E,N,0.04847,0.01649,14,2
176(a),E,P,-0.1454,0.2188,7,2
176(a),E,Q,0.002985,0.02221,12,2
176(a),E,R,0.04683,0.01286,8.5,2
176(a),E,S,-0.1812,0.0773,9,2
176(a),E,T,0.03243,0.006025,9.5,2
176(a),E,V,-0.2552,0.2964,9,2
176(a),E,W,0.02222,0.04845,9,2
176(a),E,Y,-0.319,0.2617,14,2
176(b),V,-,-0.08599,0,3,1
176(b),V,A,-0.2242,0.2216,13,2
176(b),V,C,-0.2973,0.06095,12,2
176(b),V,D,-5.726,0,6.5,2
176(b),V,E,-3.187,0,14.5,2
176(b),V,F,-0.06879,0.06881,8.5,2
176(b),V,G,-0.4827,0.2602,10,2
176(b),V,H,-2.542,0.1585,11,2
176(b),V,I,-0.07623,0.0232,10,2
176(b),V,K,-5.652,0,11,2
176(b),V,L,-0.05216,0.05284,12,2
176(b),V,M,-0.01664,0.02135,22,2
176(b),V,N,-2.441,0.417,9.5,2
176(b),V,P,-0.9599,0.06015,11,2
176(b),V,Q,-2.566,0.3135,10.5,2
176(b),V,R,-5.913,0,7.5,2
176(b),V,S,-0.6264,0.2692,7,2
176(b),V,T,-0.01881,0.05678,17.5,2
176(b),V,V,0,0,,2
176(b),V,W,-0.638,0.3513,10,2
176(b),V,Y,-0.381,0.4044,3,2
177(a),P,A,0.000925,0.03703,7,2
177(a),P,C,-0.02951,0.0874,11.5,2
177(a),P,D,0.01567,0.04941,6,2
177(a),P,E,-0.00072,0.02866,8,2
177(a),P,F,0.02725,0.0053,6.5,2
177(a),P,G,0.04296,0.01885,5,2
177(a),P,H,0.05287,0.00813,11,2
177(a),P,I,-0.0414,0.05814,12,2
177(a),P,K,0.01249,0.005173,10.5,2
177(a),P,L,-0.01138,0.08871,8,2
177(a),P,M,-0.0614,0.01637,10,2
177(a),P,N,-0.1201,0.07109,13,2
177(a),P,P,0,0,,2
177(a),P,Q,-0.01088,0.02176,10.5,2
177(a),P,R,0.02913,0.01358,8,2
177(a),P,S,0.02631,0.03203,19,2
177(a),P,T,0.0057,0.06359,15,2
177(a),P,V,-0.1076,0.03422,10.5,2
177(a),P,W,0.03784,0.008555,12,2
177(a),P,Y,-0.005255,0.04799,10.5,2
177(b),Q,*,-5.992,0,15.5,2
177(b),Q,-,-0.06988,0,3,1
177(b),Q,A,-0.06302,0.04537,10.5,2
177(b),Q,C,-0.1991,0.2101,9,2
177(b),Q,D,-0.01481,0.06221,8.5,2
177(b),Q,E,0.02242,0.00019,15,2
177(b),Q,F,-0.1268,0.1077,13,2
177(b),Q,G,0.00514,0.03145,11.5,2
177(b),Q,H,0.03148,0.001795,10.5,2
177(b),Q,I,0.02749,0.022,11,2
177(b),Q,K,-0.0055,0.0794,9,2
177(b),Q,L,0.009586,0.005964,9.5,2
177(b),Q,M,-0.05977,0.000585,14.5,2
177(b),Q,N,-0.04634,0.01326,9.5,2
177(b),Q,P,-0.8853,0.08385,13.5,2
177(b),Q,Q,0,0,,2
177(b),Q,R,-0.1073,0.01453,13.5,2
177(b),Q,S,-0.04973,0.08037,10,2
177(b),Q,T,-0.00929,0.03701,12,2
177(b),Q,V,0.02398,0.01116,11,2
177(b),Q,W,0.01116,0.03776,11,2
177(b),Q,Y,-0.1318,0.129,13.5,2
178(a),L,A,-0.01181,0.05843,5,2
178(a),L,C,-0.1069,0.1441,9.5,2
178(a),L,D,0.00863,0.02051,7.5,2
178(a),L,E,0.03127,0.00734,7.5,2
178(a),L,F,-0.03163,0.000255,6.5,2
178(a),L,G,-0.1151,0.1089,11,2
178(a),L,H,0.03313,0.000305,8,2
178(a),L,I,-0.1661,0.1003,7,2
178(a),L,K,0.006804,0.01412,5.5,2
178(a),L,L,0,0,,2
178(a),L,M,0.01833,0.01444,12,2
178(a),L,N,0.05212,0.01325,6.5,2
178(a),L,P,-0.02544,0.00237,20.5,2
178(a),L,Q,-0.05762,0.01633,9,2
178(a),L,R,0.00166,0.02312,8,2
178(a),L,S,-0.5195,0.08015,8,2
178(a),L,T,0.00284,0.03467,10.5,2
178(a),L,V,0.05283,0.00553,6.5,2
178(a),L,W,-0.1981,0.1572,10,2
178(a),L,Y,0.05326,0.01009,7,2
178(b),H,-,-0.1555,0,3,1
178(b),H,A,-0.09445,0.1066,7,2
178(b),H,C,-0.0587,0.02424,11.5,2
178(b),H,D,-0.1204,0.138,4.5,2
178(b),H,E,-0.02179,0.02772,6,2
178(b),H,F,-0.4226,0.2287,12,2
178(b),H,G,-0.05063,0.0114,9.5,2
178(b),H,H,0,0,,2
178(b),H,I,-0.4531,0.2538,8,2
178(b),H,K,-0.1991,0.1552,10,2
178(b),H,L,-0.1174,0.1539,13,2
178(b),H,M,-0.00106,0.05765,9,2
178(b),H,N,-0.08927,0.03703,11.5,2
178(b),H,P,-0.3267,0.0476,10,2
178(b),H,Q,-0.1407,0.1221,13.5,2
178(b),H,R,-0.2284,0.055,18,2
178(b),H,S,-0.00621,0.02623,11.5,2
178(b),H,T,-0.00779,0.04817,11,2
178(b),H,V,-0.1346,0.1594,12.5,2
178(b),H,W,0.04126,0.009525,14,2
178(b),H,Y,-0.07079,0.044,19.5,2
179(a),M,A,0.05024,0.01763,11,2
179(a),M,C,-0.05334,0.09945,10.5,2
179(a),M,D,0.02293,0.01086,8,2
179(a),M,E,0.01171,0.01651,4,2
179(a),M,F,-0.08538,0.05131,7.5,2
179(a),M,G,0.0413,0.0274,12,2
179(a),M,H,0.008277,0.000249,6.5,2
179(a),M,I,-0.1176,0.149,23,2
179(a),M,K,-0.00522,0.0173,7.5,2
179(a),M,L,-0.04448,0.06763,10,2
179(a),M,M,0,0,,2
179(a),M,N,-0.4848,0.08915,7.5,2
179(a),M,P,-0.02175,0.02681,12,2
179(a),M,Q,-0.114,0.04493,10,2
179(a),M,R,0.04273,0.00201,9.5,2
179(a),M,S,0.03342,0.03148,12.5,2
179(a),M,T,0.006005,0.000838,10.5,2
179(a),M,V,0.0126,0.006272,14,2
179(a),M,W,-0.1862,0.08385,10.5,2
179(a),M,Y,-0.1266,0.1767,5,2
179(b),A,-,-0.2186,0,3,1
179(b),A,A,0,0,,2
179(b),A,C,-0.0526,0.09209,11,2
179(b),A,D,-0.02284,0.05437,10,2
179(b),A,E,-0.6173,0.6817,5,2
179(b),A,F,-0.02988,0.06331,12,2
179(b),A,G,-0.4495,0.1419,5,2
179(b),A,H,-0.4819,0.2545,3,2
179(b),A,I,-0.02089,0.02771,13.5,2
179(b),A,K,-0.122,0.1749,13,2
179(b),A,L,0.009149,0.005871,7.5,2
179(b),A,M,-0.1003,0.08017,8.5,2
179(b),A,N,-0.0571,0.03294,13.5,2
179(b),A,P,-0.04242,0.0384,12,2
179(b),A,Q,-0.2016,0.0229,7.5,2
179(b),A,R,0.02719,0.01876,7.5,2
179(b),A,S,-0.07082,0.09488,17,2
179(b),A,T,-0.04032,0.02434,24.5,2
179(b),A,V,0.02103,0.01386,14.5,2
179(b),A,W,-0.03204,0.06353,12,2
179(b),A,Y,-0.0785,0.0642,14.5,2
18(T2A),N,-,-0.05831,0,1,1
18(T2A),N,D,-0.07458,0.04333,2,2
18(T2A),N,G,0.01468,0.03841,2,2
18(T2A),N,H,-0.122,0.00425,2.5,2
18(T2A),N,K,0.001629,0.006819,1.5,2
18(T2A),N,N,0,0,,2
18(T2A),N,S,-0.5743,0.5517,4.5,2
18(T2A),N,T,-0.8997,0.9373,1.5,2
18(a),T,*,-5.846,0,7,2
18(a),T,-,-0.04468,0.05373,1.5,2
18(a),T,A,-0.1704,0.1799,10.5,2
18(a),T,C,0.00906,0.02832,6.5,2
18(a),T,D,0.03205,0.02891,8.5,2
18(a),T,E,-0.07494,0.08546,8,2
18(a),T,F,0.05034,0.000225,10.5,2
18(a),T,G,-0.05867,0.05083,9.5,2
18(a),T,H,0.007962,0.01699,13,2
18(a),T,I,-0.01796,0.02485,17.5,2
18(a),T,K,0.04197,0.01271,10.5,2
18(a),T,L,-0.04853,0.04557,10,2
18(a),T,M,-0.1951,0.07465,7.5,2
18(a),T,N,0.0565,0.01437,10.5,2
18(a),T,P,-0.1667,0.1891,11,2
18(a),T,Q,0.02791,0.03475,13.5,2
18(a),T,R,-0.1082,0.1647,7,2
18(a),T,S,0.02265,0.02,10,2
18(a),T,T,0,0,,2
18(a),T,V,-0.1263,0.1281,9,2
18(a),T,W,0.02977,0.0167,6.5,2
18(a),T,Y,-0.005064,0.01359,7,2
18(b),H,-,-0.239,0.1841,1.5,2
18(b),H,A,-0.2833,0.1354,7,2
18(b),H,C,-0.5726,0.1394,14,2
18(b),H,D,-0.3466,0.1957,14,2
18(b),H,E,-0.3881,0.0362,9,2
18(b),H,F,-0.2152,0.2052,5,2
18(b),H,G,-1.16,0.2994,15.5,2
18(b),H,H,0,0,,2
18(b),H,I,-0.1274,0.0109,13.5,2
18(b),H,K,-0.2513,0.1211,14.5,2
18(b),H,L,-0.4494,0.03535,11,2
18(b),H,M,-0.3109,0.116,10,2
18(b),H,N,-0.4713,0.01205,15.5,2
18(b),H,P,-6.015,0,13.5,2
18(b),H,Q,-0.07073,0.03507,9,2
18(b),H,R,-0.06476,0.03615,15,2
18(b),H,S,-0.4787,0.2087,6,2
18(b),H,T,-0.7816,0.1978,10.5,2
18(b),H,V,-0.3847,0.2334,7,2
18(b),H,W,-0.1731,0.09912,9.5,2
18(b),H,Y,-0.1078,0.07489,8,2
180(a),T,-,-0.4325,0,0.5,1
180(a),T,A,-0.06632,0.03988,12,2
180(a),T,C,-0.2409,0.2265,8.5,2
180(a),T,D,-0.05085,0.006515,9,2
180(a),T,E,-0.02726,0.06742,9.5,2
180(a),T,F,-0.00318,0.03529,10,2
180(a),T,G,-0.2879,0.2982,3,2
180(a),T,H,0.03688,0.00826,7,2
180(a),T,I,0.04788,0.02574,10.5,2
180(a),T,K,-0.1798,0.1216,7,2
180(a),T,L,0.038,0.02179,7,2
180(a),T,M,-0.1086,0.05509,19.5,2
180(a),T,N,-0.111,0.08144,8.5,2
180(a),T,P,0.01969,0.04984,13.5,2
180(a),T,Q,0.002155,0.04398,4,2
180(a),T,R,-0.163,0.1214,10,2
180(a),T,S,-0.1455,0.1203,13.5,2
180(a),T,T,0,0,,2
180(a),T,V,0.004316,0.01277,10.5,2
180(a),T,W,-0.04974,0.07856,11.5,2
180(a),T,Y,0.03177,0.01413,7,2
180(b),S,-,-0.07754,0,3,1
180(b),S,A,-0.0164,0.03164,12.5,2
180(b),S,C,-0.1517,0.1354,11,2
180(b),S,D,-0.2213,0.2593,6.5,2
180(b),S,E,0.03369,0.00021,8.5,2
180(b),S,F,-0.2954,0.0294,10,2
180(b),S,G,0.03975,0.03337,8,2
180(b),S,H,0.01708,0.01506,8.5,2
180(b),S,I,-0.1592,0.0153,8,2
180(b),S,K,-0.08231,0.00624,8,2
180(b),S,L,-0.6658,0.0748,4.5,2
180(b),S,M,-0.1686,0.06955,11,2
180(b),S,N,-0.1071,0.07885,8,2
180(b),S,P,0.000525,0.0227,15,2
180(b),S,Q,-0.1907,0.1803,7,2
180(b),S,R,-0.2056,0.178,4.5,2
180(b),S,S,0,0,,2
180(b),S,T,-0.002435,0.01403,10.5,2
180(b),S,V,-0.2267,0.1501,12,2
180(b),S,W,-0.5563,0.3429,10,2
180(b),S,Y,-0.1306,0.07789,10,2
181(a),H,-,-0.3251,0,0.5,1
181(a),H,A,-0.04455,0.04507,6.5,2
181(a),H,C,-0.5725,0.1133,5.5,2
181(a),H,D,-0.00288,0.04816,11.5,2
181(a),H,E,-0.06593,0.1175,8.5,2
181(a),H,F,-0.4264,0.2377,7.5,2
181(a),H,G,-0.01783,0.04999,10,2
181(a),H,H,0,0,,2
181(a),H,I,0.04261,0.00432,10,2
181(a),H,K,-0.00244,0.03656,6.5,2
181(a),H,L,-0.242,0.1966,11,2
181(a),H,M,-0.02128,0.01375,7,2
181(a),H,N,-0.03611,0.02691,9,2
181(a),H,P,-0.00747,0.05976,7,2
181(a),H,Q,-0.00323,0.01521,7,2
181(a),H,R,-0.2936,0.1817,8,2
181(a),H,S,0.00412,0.03562,13,2
181(a),H,T,0.01938,0.01854,5.5,2
181(a),H,V,-0.0535,0.09299,11,2
181(a),H,W,-0.02833,0.03148,18,2
181(a),H,Y,-0.1714,0.1305,10.5,2
181(b),L,-,-0.2049,0,3,1
181(b),L,A,-0.04304,0.07186,8.5,2
181(b),L,C,-0.002735,0.01663,13.5,2
181(b),L,D,0.05862,0.01369,7,2
181(b),L,E,0.03972,0.00025,10,2
181(b),L,F,-0.4687,0.5127,8.5,2
181(b),L,G,-0.09815,0.005055,7,2
181(b),L,H,-0.07898,0.08072,10.5,2
181(b),L,I,-0.4085,0.1207,13.5,2
181(b),L,K,0.0505,0.0129,5.5,2
181(b),L,L,0,0,,2
181(b),L,M,-0.0283,0.0792,8.5,2
181(b),L,N,-0.03352,0.05089,9.5,2
181(b),L,P,-0.2176,0.251,11.5,2
181(b),L,Q,0.006529,0.01537,4.5,2
181(b),L,R,0.0182,0.0187,9,2
181(b),L,S,0.04419,0.000345,10,2
181(b),L,T,-0.07866,0.1371,9.5,2
181(b),L,V,0.03199,0.01164,13.5,2
181(b),L,W,0.04776,0.0142,6.5,2
181(b),L,Y,-0.1128,0.0626,6.5,2
182(a),W,*,-5.882,0,20.5,2
182(a),W,-,-0.00134,0,1,1
182(a),W,A,-0.1012,0.1191,12,2
182(a),W,C,-0.4189,0.04705,11,2
182(a),W,D,-0.3509,0.3345,9.5,2
182(a),W,E,-0.3558,0.06105,11,2
182(a),W,F,-0.1353,0.1093,8,2
182(a),W,G,-0.6351,0.1297,6,2
182(a),W,H,-0.04476,0.07824,8.5,2
182(a),W,I,0.0451,0.02308,6,2
182(a),W,K,-0.2342,0.161,3.5,2
182(a),W,L,-0.1329,0.0165,9.5,2
182(a),W,M,0.01162,0.0187,13,2
182(a),W,N,-0.09387,0.1057,8,2
182(a),W,P,-0.7851,0.1196,7,2
182(a),W,Q,-0.1432,0.02745,7.5,2
182(a),W,R,-0.7631,0.1095,20,2
182(a),W,S,-0.05938,0.1131,11,2
182(a),W,T,-0.2044,0.07545,11,2
182(a),W,V,-0.08692,0.09728,11,2
182(a),W,W,0,0,,2
182(a),W,Y,-0.04991,0.08589,11,2
182(b),K,*,-6.034,0,0.5,1
182(b),K,-,-0.1357,0,2.5,1
182(b),K,A,-0.1312,0.2032,10,2
182(b),K,C,-0.1281,0.1361,9,2
182(b),K,D,-0.1376,0.1514,8,2
182(b),K,E,-0.1428,0.06888,14,2
182(b),K,F,-0.1332,0.04506,10,2
182(b),K,G,-0.05063,0.06907,10,2
182(b),K,H,0.01296,0.03299,8.5,2
182(b),K,I,0.04542,0.01482,7.5,2
182(b),K,K,0,0,,2
182(b),K,L,-0.168,0.07594,13,2
182(b),K,M,0.008325,0.03726,9,2
182(b),K,N,-0.01421,0.0543,14.5,2
182(b),K,P,0.02193,0.01815,10,2
182(b),K,Q,-0.02441,0.009575,12,2
182(b),K,R,-0.03256,0.04838,17,2
182(b),K,S,-0.09983,0.1138,8.5,2
182(b),K,T,0.05629,0.00768,8,2
182(b),K,V,-0.01688,0.02072,8.5,2
182(b),K,W,-0.09407,0.08533,11.5,2
182(b),K,Y,-0.03877,0.02681,8.5,2
183(a),E,*,-4.886,0,1.5,1
183(a),E,-,-0.08198,0,1,1
183(a),E,A,-0.08,0.04659,9.5,2
183(a),E,C,-0.217,0.2451,11,2
183(a),E,D,0.04224,0.02641,9,2
183(a),E,E,0,0,,2
183(a),E,F,0.01076,0.003271,12,2
183(a),E,G,0.01002,0.01639,14.5,2
183(a),E,H,-0.01247,0.0776,6.5,2
183(a),E,I,0.02276,0.0116,6,2
183(a),E,K,0.02223,0.0021,16,2
183(a),E,L,0.04003,0.00962,8,2
183(a),E,M,-0.02371,0.04796,8.5,2
183(a),E,N,0.05171,0.006205,9,2
183(a),E,P,-0.148,0.06439,11,2
183(a),E,Q,-0.1576,0.2312,7.5,2
183(a),E,R,0.01342,0.01403,10.5,2
183(a),E,S,0.01798,0.03175,11.5,2
183(a),E,T,0.04637,0.01973,7.5,2
183(a),E,V,-0.05918,0.08313,11,2
183(a),E,W,-0.07947,0.005455,10.5,2
183(a),E,Y,0.01935,0.03281,7,2
183(b),S,-,-0.1366,0,3,1
183(b),S,A,-0.0233,0.008355,8,2
183(b),S,C,-0.08611,0.02959,12,2
183(b),S,D,-0.01417,0.01695,7,2
183(b),S,E,-0.3898,0.4357,7.5,2
183(b),S,F,-0.0783,0.0522,14,2
183(b),S,G,0.01003,0.00324,12.5,2
183(b),S,H,0.05214,0.01052,13,2
183(b),S,I,-0.1255,0.07391,13,2
183(b),S,K,0.04158,0.02174,8.5,2
183(b),S,L,-0.07043,0.07507,12,2
183(b),S,M,-0.03875,0.1124,7.5,2
183(b),S,N,0.01448,0.007629,16,2
183(b),S,P,0.03145,0.02418,5.5,2
183(b),S,Q,-0.1051,0.1078,9.5,2
183(b),S,R,-0.04809,0.03497,14,2
183(b),S,S,0,0,,2
183(b),S,T,-0.02282,0.02179,12.5,2
183(b),S,V,-0.007675,0.03231,8.5,2
183(b),S,W,-0.02114,0.00629,6.5,2
183(b),S,Y,-0.06448,0.09973,9,2
184(a),P,-,0.03883,0,1,1
184(a),P,A,0.03428,0.02249,8,2
184(a),P,C,-0.2999,0.3052,7,2
184(a),P,D,0.03102,0.01118,10,2
184(a),P,E,-0.007807,0.005423,12,2
184(a),P,F,0.04197,0.02242,7.5,2
184(a),P,G,0.02284,0.05803,9.5,2
184(a),P,H,0.02544,0.01706,8.5,2
184(a),P,I,-0.01883,0.05559,10,2
184(a),P,K,-0.00943,0.04845,11.5,2
184(a),P,L,7.5e-05,0.01393,11,2
184(a),P,M,0.0251,0.02671,9.5,2
184(a),P,N,0.01248,0.02407,8.5,2
184(a),P,P,0,0,,2
184(a),P,Q,0.006292,0.008928,16.5,2
184(a),P,R,-0.01169,0.009412,12.5,2
184(a),P,S,0.003655,0.03699,17,2
184(a),P,T,-0.2099,0.1549,13,2
184(a),P,V,-0.03131,0.04715,10.5,2
184(a),P,W,-0.000525,0.01385,7.5,2
184(a),P,Y,-0.04716,0.00378,11,2
184(b),P,-,-0.1073,0,2.5,1
184(b),P,A,-0.1259,0.165,7,2
184(b),P,C,-0.07744,0.09796,8,2
184(b),P,D,-0.06588,0.05782,6.5,2
184(b),P,E,-0.2779,0.3155,6,2
184(b),P,F,-0.004138,0.01011,11,2
184(b),P,G,-0.02844,0.06846,12.5,2
184(b),P,H,-0.02475,0.01884,25,2
184(b),P,I,-0.000873,0.004727,9,2
184(b),P,K,0.04083,0.009705,9.5,2
184(b),P,L,0.02284,0.004185,14,2
184(b),P,M,-0.1048,0.00922,8.5,2
184(b),P,N,-0.01293,0.04049,7.5,2
184(b),P,P,0,0,,2
184(b),P,Q,0.03968,0.00432,9,2
184(b),P,R,-0.06387,0.06733,16.5,2
184(b),P,S,-0.02753,0.01001,12.5,2
184(b),P,T,-0.193,0.1437,9,2
184(b),P,V,-0.06739,0.005735,8,2
184(b),P,W,0.03227,0.03983,5,2
184(b),P,Y,0.03352,0.01379,9.5,2
185(a),Q,*,-3.065,1.441,1,2
185(a),Q,-,-0.3562,0,0.5,1
185(a),Q,A,-0.07391,0.00558,7,2
185(a),Q,C,-0.0289,0.0999,10.5,2
185(a),Q,D,-0.1999,0.2346,8.5,2
185(a),Q,E,-0.06424,0.04655,9.5,2
185(a),Q,F,-0.01468,0.0046,14,2
185(a),Q,G,-0.123,0.00325,7,2
185(a),Q,H,-0.00645,0.01874,12.5,2
185(a),Q,I,-0.000115,0.04333,12,2
185(a),Q,K,-0.008365,0.04702,7.5,2
185(a),Q,L,-0.04061,0.02223,10.5,2
185(a),Q,M,-0.08192,0.1127,13,2
185(a),Q,N,-0.1408,0.09333,9.5,2
185(a),Q,P,-0.1597,0.1823,8,2
185(a),Q,Q,0,0,,2
185(a),Q,R,-0.0709,0.0937,27.5,2
185(a),Q,S,-0.3786,0.2774,12,2
185(a),Q,T,-0.07092,0.03759,9,2
185(a),Q,V,0.02733,0.02181,9.5,2
185(a),Q,W,-0.09002,0.05668,8,2
185(a),Q,Y,0.00594,0.04948,11.5,2
185(b),I,-,-0.06271,0.04228,3,2
185(b),I,A,-0.01758,0.0173,9,2
185(b),I,C,-0.09294,0.1574,7.5,2
185(b),I,D,-0.08882,0.04398,11.5,2
185(b),I,E,-0.03696,0.06774,8.5,2
185(b),I,F,-0.0509,0.02667,7,2
185(b),I,G,-0.0076,0.04142,8,2
185(b),I,H,0.02054,0.02041,8.5,2
185(b),I,I,0,0,,2
185(b),I,K,0.03341,0.006775,11,2
185(b),I,L,0.03839,0.0277,10.5,2
185(b),I,M,0.04023,0.02945,13,2
185(b),I,N,0.01469,0.03469,15,2
185(b),I,P,-0.02435,0.06721,8,2
185(b),I,Q,-0.1953,0.06925,11.5,2
185(b),I,R,-0.08161,0.08159,8.5,2
185(b),I,S,-0.441,0.5119,9.5,2
185(b),I,T,-0.07034,0.08357,9,2
185(b),I,V,-0.06116,0.03162,16,2
185(b),I,W,-0.1202,0.0162,12,2
185(b),I,Y,-0.1559,0.2294,12,2
186(a),V,A,-0.03754,0.1009,7.5,2
186(a),V,C,-0.5751,0.2163,8,2
186(a),V,D,-0.02562,0.02736,7.5,2
186(a),V,E,-0.0317,0.0507,14,2
186(a),V,F,0.01257,0.03968,11,2
186(a),V,G,-0.06899,0.1145,7.5,2
186(a),V,H,0.02719,0.03116,5.5,2
186(a),V,I,0.0166,0.02314,5.5,2
186(a),V,K,0.04164,0.000185,8,2
186(a),V,L,-0.07071,0.1115,10,2
186(a),V,M,0.00811,0.04663,15.5,2
186(a),V,N,0.00675,0.01926,8.5,2
186(a),V,P,-0.1297,0.1785,7,2
186(a),V,Q,0.02528,0.00718,8,2
186(a),V,R,0.02062,0.02057,6.5,2
186(a),V,S,0.04361,0.01295,8.5,2
186(a),V,T,-0.01338,0.05599,9.5,2
186(a),V,V,0,0,,2
186(a),V,W,-0.1081,0.145,8.5,2
186(a),V,Y,0.01767,0.0271,8,2
186(b),T,-,-0.0755,0.001115,2,2
186(b),T,A,-0.144,0.06316,15,2
186(b),T,C,-0.0194,0.06096,12,2
186(b),T,D,0.03095,0.0308,10,2
186(b),T,E,-0.1366,0.1547,9.5,2
186(b),T,F,-0.2526,0.245,8,2
186(b),T,G,-0.07365,0.1254,6,2
186(b),T,H,-0.1601,0.2117,10,2
186(b),T,I,-0.06772,0.02193,17.5,2
186(b),T,K,0.05843,0.01554,6.5,2
186(b),T,L,-0.06012,0.04398,11.5,2
186(b),T,M,-0.01929,0.04994,9,2
186(b),T,N,-0.06021,0.04088,10.5,2
186(b),T,P,-0.4157,0.381,8,2
186(b),T,Q,-0.07815,0.04876,8,2
186(b),T,R,-0.1733,0.1723,6.5,2
186(b),T,S,0.02241,0.0407,11.5,2
186(b),T,T,0,0,,2
186(b),T,V,-0.06462,0.08568,7.5,2
186(b),T,W,-0.03005,0.01156,13,2
186(b),T,Y,-0.03829,0.02413,12.5,2
187(a),P,A,0.05414,0.01344,7,2
187(a),P,C,0.003345,0.02966,6.5,2
187(a),P,D,-0.02423,0.008195,10,2
187(a),P,E,-0.00568,0.06506,12,2
187(a),P,F,0.009077,0.0151,8,2
187(a),P,G,-0.0082,0.03754,7,2
187(a),P,H,-0.07697,0.009835,9.5,2
187(a),P,I,-0.03156,0.05593,11.5,2
187(a),P,K,0.03429,0.000215,6,2
187(a),P,L,0.00413,0.07041,10.5,2
187(a),P,M,-0.05826,0.09553,10,2
187(a),P,N,-0.0104,0.04401,6.5,2
187(a),P,P,0,0,,2
187(a),P,Q,-0.1009,0.08744,9.5,2
187(a),P,R,0.01342,0.02896,8.5,2
187(a),P,S,-0.04022,0.03231,25,2
187(a),P,T,0.000785,0.01232,12,2
187(a),P,V,-0.379,0.1808,7.5,2
187(a),P,W,-0.07207,0.1327,10.5,2
187(a),P,Y,0.01136,0.000185,12,2
187(b),Y,*,-5.879,0,3,2
187(b),Y,-,-1.906,1.497,2,2
187(b),Y,A,0.007525,0.02026,7.5,2
187(b),Y,C,0.0565,0.01514,11.5,2
187(b),Y,D,0.00424,0.021,7,2
187(b),Y,E,-0.1406,0.1036,9,2
187(b),Y,F,-0.06974,0.1389,5.5,2
187(b),Y,G,0.04609,0.006955,10,2
187(b),Y,H,0.01509,0.02011,19,2
187(b),Y,I,-0.1025,0.09544,11.5,2
187(b),Y,K,-0.01638,0.007261,11.5,2
187(b),Y,L,0.04276,0.03738,9,2
187(b),Y,M,0.05018,0.00485,7,2
187(b),Y,N,-0.05888,0.03429,16,2
187(b),Y,P,-0.007099,0.007001,7.5,2
187(b),Y,Q,0.007787,0.001132,8.5,2
187(b),Y,R,-0.03563,0.02696,13.5,2
187(b),Y,S,0.01429,0.01803,6,2
187(b),Y,T,0.03351,0.009035,7,2
187(b),Y,V,-0.02042,0.04802,9.5,2
187(b),Y,W,0.05388,0.01068,16.5,2
187(b),Y,Y,0,0,,2
188(a),L,A,-0.05768,0.1093,8.5,2
188(a),L,C,-0.2483,0.1752,9.5,2
188(a),L,D,0.02508,0.04256,10.5,2
188(a),L,E,0.02625,0.03855,8,2
188(a),L,F,0.02945,0.01495,13,2
188(a),L,G,-0.02276,0.05558,9.5,2
188(a),L,H,-0.04801,0.1039,10.5,2
188(a),L,I,-0.05602,0.01264,11.5,2
188(a),L,K,-0.04579,0.0521,9,2
188(a),L,L,0,0,,2
188(a),L,M,0.02303,0.01243,10.5,2
188(a),L,N,-0.0072,0.04293,11,2
188(a),L,P,-0.04814,0.00693,12,2
188(a),L,Q,0.04737,0.0287,5,2
188(a),L,R,-0.02674,0.03391,10,2
188(a),L,S,0.02693,0.03563,12.5,2
188(a),L,T,-0.1012,0.07498,7,2
188(a),L,V,0.02819,0.00262,9.5,2
188(a),L,W,-0.1693,0.2019,1,2
188(a),L,Y,-0.0755,0.0778,13.5,2
188(b),E,*,-5.941,0,2.5,2
188(b),E,-,-0.00348,0.04143,1.5,2
188(b),E,A,-0.06896,0.07974,13,2
188(b),E,C,-0.06556,0.07995,10.5,2
188(b),E,D,0.02481,0.005305,11,2
188(b),E,E,0,0,,2
188(b),E,F,-0.02304,0.08956,7.5,2
188(b),E,G,0.02975,0.005005,14,2
188(b),E,H,-0.000625,0.04247,12.5,2
188(b),E,I,-0.1125,0.02296,14,2
188(b),E,K,-0.0451,0.05103,16,2
188(b),E,L,0.02461,0.0156,10.5,2
188(b),E,M,-0.3064,0.01715,7.5,2
188(b),E,N,-0.02653,0.01814,11,2
188(b),E,P,0.02816,0.01217,11.5,2
188(b),E,Q,0.02767,0.001175,8,2
188(b),E,R,0.03345,0.01658,9.5,2
188(b),E,S,0.03553,0.03444,8.5,2
188(b),E,T,0.02812,0.02818,9,2
188(b),E,V,-0.1641,0.1481,12.5,2
188(b),E,W,-0.2075,0.2832,9,2
188(b),E,Y,-0.1548,0.161,8,2
189(a),P,-,0.05001,0,0.5,1
189(a),P,A,0.009105,0.04911,9,2
189(a),P,C,-0.1937,0.019,7,2
189(a),P,D,-0.09366,0.01924,14,2
189(a),P,E,-0.2387,0.131,7.5,2
189(a),P,F,0.01453,0.005882,11.5,2
189(a),P,G,0.02397,0.02517,8,2
189(a),P,H,-0.02422,0.04225,11,2
189(a),P,I,-0.3315,0.4104,7.5,2
189(a),P,K,-0.004765,0.01792,7.5,2
189(a),P,L,-0.1941,0.2205,10,2
189(a),P,M,-0.08013,0.08547,13,2
189(a),P,N,-0.1341,0.1858,9,2
189(a),P,P,0,0,,2
189(a),P,Q,-0.09296,0.1504,8,2
189(a),P,R,-0.01549,0.01345,16.5,2
189(a),P,S,-0.119,0.1297,19.5,2
189(a),P,T,-0.13,0.1247,10.5,2
189(a),P,V,-0.01062,0.05339,11.5,2
189(a),P,W,-0.1807,0.2179,10,2
189(a),P,Y,0.004922,0.01301,11.5,2
189(b),W,*,-5.984,0,27.5,2
189(b),W,-,-0.01793,0.00731,1.5,2
189(b),W,A,0.0603,0.01279,7.5,2
189(b),W,C,-0.2826,0.2129,11.5,2
189(b),W,D,-0.1911,0.03465,7.5,2
189(b),W,E,-0.387,0.1635,8.5,2
189(b),W,F,-0.1752,0.148,7.5,2
189(b),W,G,-0.3553,0.1768,4.5,2
189(b),W,H,-0.2668,0.1624,8.5,2
189(b),W,I,-0.1702,0.0726,12.5,2
189(b),W,K,-0.2886,0.0528,8,2
189(b),W,L,-0.1388,0.08581,10.5,2
189(b),W,M,-0.1848,0.0232,11,2
189(b),W,N,-0.3171,0.2792,7,2
189(b),W,P,-0.2961,0.01795,10.5,2
189(b),W,Q,-0.3821,0.3213,12,2
189(b),W,R,-0.09707,0.1154,9,2
189(b),W,S,-0.1788,0.1854,9.5,2
189(b),W,T,-0.2798,0.2848,13.5,2
189(b),W,V,-0.01465,0.01942,8,2
189(b),W,W,0,0,,2
189(b),W,Y,0.00355,0.055,9.5,2
19(T2A),P,-,-0.005297,0,0.5,1
19(T2A),P,L,-0.5535,0,1,1
19(T2A),P,P,0,0,,2
19(T2A),P,S,-0.2951,0.1095,3,2
19(T2A),P,T,-0.5777,0,1,1
19(a),H,*,-5.691,0,5,2
19(a),H,-,-0.2627,0.2611,2,2
19(a),H,A,-0.05667,0.07753,10,2
19(a),H,C,-0.1927,0.046,10.5,2
19(a),H,D,-0.006902,0.01061,9.5,2
19(a),H,E,0.01919,0.01178,12,2
19(a),H,F,0.006933,0.003126,7.5,2
19(a),H,G,-0.04426,0.00863,4.5,2
19(a),H,H,0,0,,2
19(a),H,I,-0.201,0.014,10.5,2
19(a),H,K,-0.1814,0.1969,4,2
19(a),H,L,-0.05791,0.07249,6.5,2
19(a),H,M,-0.08783,0.1551,7,2
19(a),H,N,-0.05787,0.115,8,2
19(a),H,P,-0.4545,0.04135,11.5,2
19(a),H,Q,-0.1278,0.1531,10.5,2
19(a),H,R,-0.03104,0.00744,20.5,2
19(a),H,S,0.04926,0.008955,7,2
19(a),H,T,-0.08711,0.1425,5.5,2
19(a),H,V,-0.05946,0.09874,7.5,2
19(a),H,W,-0.08405,0.05055,4.5,2
19(a),H,Y,-0.07659,0.05561,12,2
19(b),Y,*,-2.701,1.311,1,2
19(b),Y,-,-0.3465,0.2675,2,2
19(b),Y,A,-1.756,0.0285,7.5,2
19(b),Y,C,-1.218,0.1005,18.5,2
19(b),Y,D,-3.657,0,5.5,2
19(b),Y,E,-2.487,0.24,12,2
19(b),Y,F,-0.00075,0.05225,13.5,2
19(b),Y,G,-1.844,0.139,13.5,2
19(b),Y,H,-0.7223,0.0373,13,2
19(b),Y,I,-0.7211,0.09295,9,2
19(b),Y,K,-1.53,0.1975,11,2
19(b),Y,L,-0.4463,0.0671,14,2
19(b),Y,M,-0.4877,0.0968,14,2
19(b),Y,N,-1.306,0.111,12.5,2
19(b),Y,P,-3.401,0,7,2
19(b),Y,Q,-1.417,0.0295,8.5,2
19(b),Y,R,-1.675,0.2245,6.5,2
19(b),Y,S,-1.731,0.365,6.5,2
19(b),Y,T,-1.303,0.004,11,2
19(b),Y,V,-0.898,0.124,10,2
19(b),Y,W,-0.4912,0.1294,13,2
19(b),Y,Y,0,0,,2
190(a),V,-,0.04063,0,0.5,1
190(a),V,A,-0.04807,0.01805,13,2
190(a),V,C,-0.4748,0.1429,9.5,2
190(a),V,D,-0.04343,0.04823,9,2
190(a),V,E,0.003065,0.00657,9.5,2
190(a),V,F,0.05103,0.01121,9,2
190(a),V,G,0.00346,0.02179,8.5,2
190(a),V,H,-0.01583,0.0272,10,2
190(a),V,I,-0.1896,0.2232,7.5,2
190(a),V,K,0.03718,0.02747,6.5,2
190(a),V,L,-0.1587,0.08509,10.5,2
190(a),V,M,-0.03205,0.01479,22,2
190(a),V,N,-0.1353,0.1345,9.5,2
190(a),V,P,-0.04762,0.05448,8.5,2
190(a),V,Q,0.00107,0.04435,8.5,2
190(a),V,R,0.04955,0.008475,5.5,2
190(a),V,S,0.01196,0.02675,8,2
190(a),V,T,-0.03723,0.05881,6.5,2
190(a),V,V,0,0,,2
190(a),V,W,0.04217,0.00241,5.5,2
190(a),V,Y,-0.1653,0.1157,8.5,2
190(b),V,-,-0.02678,0.008335,2.5,2
190(b),V,A,-0.03197,0.05039,15,2
190(b),V,C,0.0254,0.02453,12,2
190(b),V,D,-0.1147,0.0942,8.5,2
190(b),V,E,-0.009205,0.03827,7.5,2
190(b),V,F,-0.05542,0.1014,11,2
190(b),V,G,-0.04354,0.05746,8,2
190(b),V,H,0.04006,0.0234,11,2
190(b),V,I,0.02513,0.00491,8.5,2
190(b),V,K,-0.1921,0.2344,6.5,2
190(b),V,L,-0.05973,0.07746,14.5,2
190(b),V,M,-0.00257,0.01634,16,2
190(b),V,N,-0.2668,0.0217,9.5,2
190(b),V,P,-0.1636,0.1861,10.5,2
190(b),V,Q,0.03406,0.01991,8.5,2
190(b),V,R,0.03132,0.01946,6.5,2
190(b),V,S,-0.2116,0.1691,7.5,2
190(b),V,T,-0.1691,0.2203,10,2
190(b),V,V,0,0,,2
190(b),V,W,-0.0522,0.07571,6,2
190(b),V,Y,0.01635,0.00484,9.5,2
191(a),S,A,0.003395,0.02681,9.5,2
191(a),S,C,-0.4188,0.3728,7,2
191(a),S,D,-0.03584,0.00464,6.5,2
191(a),S,E,-0.01545,0.04643,3.5,2
191(a),S,F,-0.06134,0.00819,11.5,2
191(a),S,G,-0.02209,0.04945,12.5,2
191(a),S,H,0.005965,0.04075,12.5,2
191(a),S,I,-0.1978,0.087,12,2
191(a),S,K,-0.01097,0.007467,15.5,2
191(a),S,L,0.008825,0.03925,10,2
191(a),S,M,-0.06666,0.09903,7.5,2
191(a),S,N,-0.0568,0.006385,11.5,2
191(a),S,P,0.01366,0.04124,12.5,2
191(a),S,Q,0.01611,0.04244,13.5,2
191(a),S,R,-0.01524,0.02482,8.5,2
191(a),S,S,0,0,,2
191(a),S,T,0.01343,0.01427,12,2
191(a),S,V,0.01165,0.01559,11,2
191(a),S,W,0.01529,0.03191,11.5,2
191(a),S,Y,-0.1362,0.1592,11,2
191(b),L,-,-0.05937,0.01745,3,2
191(b),L,A,0.01829,0.02008,7.5,2
191(b),L,C,0.04386,0.00065,7,2
191(b),L,D,0.000945,0.0162,6.5,2
191(b),L,E,-0.01641,0.00435,4.5,2
191(b),L,F,-0.2193,0.03125,7,2
191(b),L,G,-0.2328,0.2991,8,2
191(b),L,H,0.005255,0.01725,11,2
191(b),L,I,-0.1122,0.1652,8,2
191(b),L,K,-0.01224,0.07667,11,2
191(b),L,L,0,0,,2
191(b),L,M,-0.1313,0.04985,11,2
191(b),L,N,-0.003345,0.05076,10,2
191(b),L,P,-0.1618,0.17,11,2
191(b),L,Q,0.00861,0.02443,10.5,2
191(b),L,R,0.009965,0.04484,10.5,2
191(b),L,S,0.002365,0.01313,7,2
191(b),L,T,-0.01612,0.02461,10,2
191(b),L,V,-0.004705,0.01607,8.5,2
191(b),L,W,-0.01025,0.02008,6,2
191(b),L,Y,0.02246,0.003975,10,2
192(a),E,*,-5.569,0,2.5,2
192(a),E,A,0.04401,0.02259,8.5,2
192(a),E,C,-0.002,0.02322,9,2
192(a),E,D,-0.139,0.1673,13,2
192(a),E,E,0,0,,2
192(a),E,F,-0.1458,0.05187,12,2
192(a),E,G,-0.1326,0.1176,21,2
192(a),E,H,0.04052,0.01457,8,2
192(a),E,I,-0.4788,0.2757,16.5,2
192(a),E,K,0.0113,0.007147,26,2
192(a),E,L,-0.3052,0.3116,6,2
192(a),E,M,-0.1314,0.09921,9.5,2
192(a),E,N,0.02128,0.02844,6,2
192(a),E,P,0.02146,0.008405,9.5,2
192(a),E,Q,0.02884,0.00524,9.5,2
192(a),E,R,-0.0437,0.07911,12,2
192(a),E,S,-0.09132,0.06477,14,2
192(a),E,T,0.01286,0.02248,8.5,2
192(a),E,V,-0.2577,0.2283,10.5,2
192(a),E,W,-0.08961,0.1044,8.5,2
192(a),E,Y,-0.1356,0.1183,7,2
192(b),P,-,-0.05342,0.007065,3,2
192(b),P,A,0.03081,0.0348,12,2
192(b),P,C,-0.2275,0.1899,9.5,2
192(b),P,D,-0.2744,0.261,11,2
192(b),P,E,-0.2988,0.1568,9.5,2
192(b),P,F,0.04693,0.00233,12.5,2
192(b),P,G,-0.1145,0.06533,10,2
192(b),P,H,-0.04326,0.03739,10.5,2
192(b),P,I,-0.09169,0.1276,9,2
192(b),P,K,-0.1398,0.07207,11.5,2
192(b),P,L,-0.0523,0.1084,9,2
192(b),P,M,-0.01851,0.03528,9.5,2
192(b),P,N,-0.1985,0.0251,4,2
192(b),P,P,0,0,,2
192(b),P,Q,-7.5e-05,0.03726,12.5,2
192(b),P,R,0.02514,0.00669,13.5,2
192(b),P,S,-0.01173,0.01881,19,2
192(b),P,T,-0.1252,0.09763,12,2
192(b),P,V,0.04566,0.02052,8,2
192(b),P,W,-0.0416,0.0671,9,2
192(b),P,Y,0.0349,0.03385,6.5,2
193(a),S,A,-0.0174,0.04319,12.5,2
193(a),S,C,-0.3432,0.0084,11,2
193(a),S,D,-0.02712,0.01248,10.5,2
193(a),S,E,-0.06613,0.05697,10.5,2
193(a),S,F,-0.064,0.00944,5.5,2
193(a),S,G,-0.008271,0.01499,14,2
193(a),S,H,0.04946,0.000725,6.5,2
193(a),S,I,-0.01653,0.06885,13.5,2
193(a),S,K,-0.1336,0.105,8.5,2
193(a),S,L,-0.03082,0.04461,11.5,2
193(a),S,M,-0.1971,0.05145,12,2
193(a),S,N,-0.02472,0.01278,27,2
193(a),S,P,0.05291,0.02441,12.5,2
193(a),S,Q,0.04844,0.01971,8,2
193(a),S,R,0.03259,0.01682,9,2
193(a),S,S,0,0,,2
193(a),S,T,0.003295,0.02475,12.5,2
193(a),S,V,-0.06871,0.08859,7.5,2
193(a),S,W,-0.07196,0.07994,9,2
193(a),S,Y,0.03672,0.00465,8.5,2
193(b),A,-,-0.1768,0.1639,4,2
193(b),A,A,0,0,,2
193(b),A,C,-0.00445,0.03096,9.5,2
193(b),A,D,0.01194,0.00828,9.5,2
193(b),A,E,-0.05722,0.05718,7.5,2
193(b),A,F,-0.02536,0.01593,8,2
193(b),A,G,-0.02069,0.02242,10,2
193(b),A,H,-0.0203,0.07278,11,2
193(b),A,I,-0.03594,0.00701,9.5,2
193(b),A,K,0.000955,0.0366,11.5,2
193(b),A,L,-0.05156,0.1056,11.5,2
193(b),A,M,-0.01278,0.03089,8.5,2
193(b),A,N,-0.02454,0.0221,9.5,2
193(b),A,P,-0.2201,0.0055,8,2
193(b),A,Q,-0.06345,0.1045,7.5,2
193(b),A,R,0.02347,0.01586,8.5,2
193(b),A,S,0.02961,0.00828,9.5,2
193(b),A,T,-0.009018,0.001171,28,2
193(b),A,V,-0.004133,0.003509,25.5,2
193(b),A,W,-0.0357,0.02492,7,2
193(b),A,Y,-0.2469,0.2584,7.5,2
194(a),T,A,0.03478,0.002055,11,2
194(a),T,C,-0.336,0.1897,8,2
194(a),T,D,-0.0086,0.06531,10,2
194(a),T,E,-0.0925,0.156,10.5,2
194(a),T,F,-0.03537,0.02567,13,2
194(a),T,G,-0.0326,0.04807,12.5,2
194(a),T,H,-0.1194,0.08884,7.5,2
194(a),T,I,0.03739,0.008545,15.5,2
194(a),T,K,0.02019,0.006695,1.5,2
194(a),T,L,-0.218,0.1479,11.5,2
194(a),T,M,-0.109,0.0062,8.5,2
194(a),T,N,0.02849,0.01313,9.5,2
194(a),T,P,0.00918,0.06209,10,2
194(a),T,Q,-0.1178,0.1565,13,2
194(a),T,R,0.02464,0.03702,11.5,2
194(a),T,S,0.00301,0.04977,10,2
194(a),T,T,0,0,,2
194(a),T,V,-0.2465,0.1954,8,2
194(a),T,W,0.02686,0.0253,10,2
194(a),T,Y,-0.006731,0.002178,9.5,2
194(b),D,-,-0.1636,0.1096,4.5,2
194(b),D,A,0.04462,0.02242,8,2
194(b),D,C,-0.3649,0.3813,7.5,2
194(b),D,D,0,0,,2
194(b),D,E,-0.2088,0.1481,10.5,2
194(b),D,F,-0.1615,0.1223,10.5,2
194(b),D,G,-0.02669,0.06384,19.5,2
194(b),D,H,0.02061,0.02214,10,2
194(b),D,I,-0.2,0.1634,12,2
194(b),D,K,0.04032,0.00756,8,2
194(b),D,L,0.008305,0.03257,5.5,2
194(b),D,M,-0.06106,0.08904,5.5,2
194(b),D,N,-0.05843,0.05757,26,2
194(b),D,P,0.00758,0.04511,8,2
194(b),D,Q,0.02064,0.003855,12,2
194(b),D,R,0.04158,0.01364,8.5,2
194(b),D,S,-0.05417,0.08994,8.5,2
194(b),D,T,0.02629,0.02323,8,2
194(b),D,V,0.01907,0.0253,13,2
194(b),D,W,-0.2863,0.3076,8.5,2
194(b),D,Y,-0.006635,0.01818,10,2
195(a),E,*,-5.993,0,3,2
195(a),E,A,0.0405,0.000205,11.5,2
195(a),E,C,-0.3189,0.1191,12.5,2
195(a),E,D,0.003795,0.01331,7,2
195(a),E,E,0,0,,2
195(a),E,F,0.02354,0.03012,9.5,2
195(a),E,G,-0.01913,0.02016,9,2
195(a),E,H,-0.09989,0.1015,9.5,2
195(a),E,I,0.03719,0.01351,9,2
195(a),E,K,-0.05541,0.0126,27.5,2
195(a),E,L,0.0436,0.0172,9,2
195(a),E,M,-0.08038,0.1472,10,2
195(a),E,N,-0.01295,0.003817,17,2
195(a),E,P,-0.03286,0.01759,10,2
195(a),E,Q,0.01791,0.03034,7.5,2
195(a),E,R,0.03397,0.01825,7.5,2
195(a),E,S,-0.1537,0.1703,6.5,2
195(a),E,T,-0.06578,0.01388,10.5,2
195(a),E,V,0.02543,0.01175,12,2
195(a),E,W,-0.01722,0.07508,9.5,2
195(a),E,Y,0.009672,0.004638,10.5,2
195(b),A,-,-0.02239,0.02908,5.5,2
195(b),A,A,0,0,,2
195(b),A,C,0.007495,0.03318,16,2
195(b),A,D,0.03097,0.00242,11,2
195(b),A,E,0.002455,0.01366,6,2
195(b),A,F,-0.06737,0.01134,10,2
195(b),A,G,0.01476,0.03062,11,2
195(b),A,H,-0.01784,0.04565,11.5,2
195(b),A,I,-0.01384,0.05128,7.5,2
195(b),A,K,0.02198,0.03089,9,2
195(b),A,L,0.03913,0.01454,12.5,2
195(b),A,M,0.02183,0.0257,10,2
195(b),A,N,-0.01234,0.04066,5,2
195(b),A,P,0.0008335,0.01022,13.5,2
195(b),A,Q,-0.2013,0.1015,6.5,2
195(b),A,R,0.02702,0.01798,13,2
195(b),A,S,-0.07553,0.06227,14.5,2
195(b),A,T,-0.01699,0.0152,19.5,2
195(b),A,V,-0.03461,0.003635,14,2
195(b),A,W,-0.01326,0.01953,10,2
195(b),A,Y,0.008748,0.009232,11.5,2
196(a),T,-,-0.01429,0,0.5,1
196(a),T,A,0.00371,0.04956,2.5,2
196(a),T,I,-0.07096,0.04775,9,2
196(a),T,N,-0.2254,0.2623,3.5,2
196(a),T,P,-0.4453,0,0.5,1
196(a),T,S,0.0308,0,0.5,1
196(a),T,T,0,0,,2
196(b),A,-,-0.09929,0.1183,6.5,2
196(b),A,A,0,0,,2
196(b),A,C,0.01137,0.03293,15.5,2
196(b),A,D,-0.01512,0.01579,10.5,2
196(b),A,E,-0.3314,0.3005,11.5,2
196(b),A,F,-0.2262,0.2495,6.5,2
196(b),A,G,0.00712,0.000864,11.5,2
196(b),A,H,0.0596,0.02127,13.5,2
196(b),A,I,-0.06412,0.12,10,2
196(b),A,K,0.02286,0.006855,11.5,2
196(b),A,L,-0.07111,0.09919,9.5,2
196(b),A,M,0.051,0.0037,9,2
196(b),A,N,-0.02947,0.0206,11.5,2
196(b),A,P,-0.1541,0.1816,13.5,2
196(b),A,Q,-0.03185,0.02695,12.5,2
196(b),A,R,-0.0391,0.04371,16.5,2
196(b),A,S,0.03905,0.006485,15,2
196(b),A,T,0.02502,0.02017,28,2
196(b),A,V,0.002175,0.03703,17.5,2
196(b),A,W,0.01102,0.01493,7,2
196(b),A,Y,0.03141,0.00095,8.5,2
197(a),L,-,0.0009367,0,0.5,1
197(a),L,L,0,0,,2
197(a),L,M,-0.05635,0.06165,2,2
197(a),L,P,0.03723,0.02993,4,2
197(b),R,*,-1.476,0.5113,3,2
197(b),R,-,-0.05745,0.03167,5.5,2
197(b),R,A,-0.06001,0.08889,7.5,2
197(b),R,C,-0.1638,0.1729,11.5,2
197(b),R,D,-0.2596,0.3082,7.5,2
197(b),R,E,-0.03577,0.04946,11,2
197(b),R,F,-0.1252,0.0785,11,2
197(b),R,G,-0.04686,0.09444,21,2
197(b),R,H,-0.1122,0.1184,7.5,2
197(b),R,I,-0.1145,0.1386,11.5,2
197(b),R,K,-0.0111,0.01438,10,2
197(b),R,L,-0.1189,0.151,10,2
197(b),R,M,-0.1513,0.1748,8,2
197(b),R,N,0.03138,0.000265,13.5,2
197(b),R,P,0.04248,0.00592,9.5,2
197(b),R,Q,-0.08694,0.1368,9.5,2
197(b),R,R,0,0,,2
197(b),R,S,0.0233,0.05201,14,2
197(b),R,T,-0.1251,0.08734,8.5,2
197(b),R,V,-0.008803,0.002888,12.5,2
197(b),R,W,-0.1475,0.1527,12.5,2
197(b),R,Y,0.0056,0.01304,9.5,2
198(a),V,-,-0.1263,0,1,1
198(a),V,A,0.04408,0.0135,1,2
198(a),V,D,-0.0004556,0,0.5,1
198(a),V,F,0.02755,0,1,1
198(a),V,I,-0.1303,0.1726,7,2
198(a),V,V,0,0,,2
198(b),G,-,-0.2293,0.1683,5.5,2
198(b),G,A,0.002825,0.03063,14.5,2
198(b),G,C,-0.03081,0.006005,8,2
198(b),G,D,-0.007625,0.01976,25,2
198(b),G,E,0.02212,0.000405,13.5,2
198(b),G,F,0.02617,0.02959,7.5,2
198(b),G,G,0,0,,2
198(b),G,H,0.03827,0.0313,7,2
198(b),G,I,0.003954,0.01095,4.5,2
198(b),G,K,0.002735,0.02314,16.5,2
198(b),G,L,-0.04791,0.08539,12,2
198(b),G,M,-0.06964,0.05537,14,2
198(b),G,N,-0.007371,0.008599,10.5,2
198(b),G,P,0.02985,0.00929,11.5,2
198(b),G,Q,0.01989,0.01008,7,2
198(b),G,R,-0.05119,0.1083,7,2
198(b),G,S,-0.02194,0.03376,17,2
198(b),G,T,-0.07134,0.08636,13,2
198(b),G,V,-0.0533,0.0838,9,2
198(b),G,W,-0.000255,0.03896,11,2
198(b),G,Y,-0.01689,0.062,8,2
199(a),C,-,0.005645,0,0.5,1
199(a),C,C,0,0,,2
199(a),C,F,0.01957,0.0286,4.5,2
199(a),C,G,0.02466,0,0.5,1
199(a),C,R,-0.02325,0,2,1
199(a),C,S,-0.00703,0.05847,4.5,2
199(a),C,Y,0.03055,0.01825,12.5,2
199(b),K,*,-0.1801,0,1,1
199(b),K,-,-0.1327,0.1066,5,2
199(b),K,A,-0.2821,0.2992,9,2
199(b),K,C,-0.1336,0.1205,7,2
199(b),K,D,-0.1364,0.06044,12.5,2
199(b),K,E,-0.147,0.1274,12,2
199(b),K,F,-0.3902,0.4094,7.5,2
199(b),K,G,-0.02624,0.03248,11,2
199(b),K,H,0.03498,0.02608,9,2
199(b),K,I,-0.1766,0.1744,9,2
199(b),K,K,0,0,,2
199(b),K,L,-0.3561,0.105,10.5,2
199(b),K,M,-0.1252,0.1162,8.5,2
199(b),K,N,-0.09545,0.128,16,2
199(b),K,P,-0.2657,0.1497,6.5,2
199(b),K,Q,-0.04708,0.000275,8,2
199(b),K,R,-0.1473,0.1496,18,2
199(b),K,S,0.05011,0.00131,7,2
199(b),K,T,-0.07862,0.06738,9.5,2
199(b),K,V,-0.013,0.0313,9,2
199(b),K,W,-0.2167,0.2414,9,2
199(b),K,Y,-0.01156,0.0326,16.5,2
2(T2A),S,-,-0.3671,0.3118,4,2
2(T2A),S,C,-0.4838,0,0.5,1
2(T2A),S,G,-0.1593,0.1411,3.5,2
2(T2A),S,N,0.00863,0.02092,6.5,2
2(T2A),S,R,0.05001,0.000845,2,2
2(T2A),S,S,0,0,,2
2(a),K,*,-5.891,0,11,2
2(a),K,A,-0.07442,0.07438,6.5,2
2(a),K,C,0.0102,0.03089,7.5,2
2(a),K,D,0.000175,0.03472,7,2
2(a),K,E,-0.02643,0.01991,8,2
2(a),K,F,-0.03223,0.07888,4,2
2(a),K,G,-0.5287,0.0629,9,2
2(a),K,H,0.02319,0.02225,10.5,2
2(a),K,I,-0.06086,0.04394,11,2
2(a),K,K,0,0,,2
2(a),K,L,-0.6158,0.313,10,2
2(a),K,M,-0.0642,0.0739,6.5,2
2(a),K,N,-0.1052,0.0738,7.5,2
2(a),K,P,-0.06303,0.137,7.5,2
2(a),K,Q,-0.1754,0.07597,9,2
2(a),K,R,0.01289,0.01638,19,2
2(a),K,S,-0.04462,0.03994,7.5,2
2(a),K,T,-0.05391,0.04242,10,2
2(a),K,V,-0.1117,0.1097,7,2
2(a),K,W,-1.085,0.158,9.5,2
2(a),K,Y,-0.07722,0.07548,7.5,2
2(b),G,*,-5.473,0,3.5,2
2(b),G,-,-0.01614,0.08696,3,2
2(b),G,A,0.02648,0.03292,11.5,2
2(b),G,C,-0.2604,0.3032,8,2
2(b),G,D,-3.378,0,7,2
2(b),G,E,-2.155,0.56,12.5,2
2(b),G,F,-0.8348,0.1477,12.5,2
2(b),G,G,0,0,,2
2(b),G,H,-2.283,0.027,11,2
2(b),G,I,-3.304,0,10,2
2(b),G,K,-3.189,0,11,2
2(b),G,L,-0.3915,0.3245,10,2
2(b),G,M,-0.3905,0.2952,12,2
2(b),G,N,-0.6115,0.1134,9.5,2
2(b),G,P,-0.3564,0.3926,8.5,2
2(b),G,Q,-0.6857,0.1005,11,2
2(b),G,R,-3.253,0,29,2
2(b),G,S,0.01175,0.005379,10,2
2(b),G,T,0.03693,0.01722,13,2
2(b),G,V,-1.694,0.2115,22,2
2(b),G,W,-4.757,0,9.5,2
2(b),G,Y,-3.712,0,10.5,2
20(T2A),G,-,0.03272,0,0.5,1
20(T2A),G,C,-1.479,1.405,1.5,2
20(T2A),G,D,-2.997,0.195,3,2
20(T2A),G,G,0,0,,2
20(T2A),G,S,-1.657,0.642,5,2
20(T2A),G,V,-3.301,0,1.5,1
20(a),N,-,-1.487,1.41,2,2
20(a),N,A,-0.4024,0.1945,7,2
20(a),N,C,-0.0628,0.003055,6.5,2
20(a),N,D,0.02589,0.01053,20,2
20(a),N,E,0.02735,0.00992,6,2
20(a),N,F,-0.02054,0.08956,9.5,2
20(a),N,G,-0.4148,0.1809,7,2
20(a),N,H,-0.03997,0.03163,14,2
20(a),N,I,0.01956,0.02296,7.5,2
20(a),N,K,0.03231,0.04131,10.5,2
20(a),N,L,-0.03231,0.07598,10.5,2
20(a),N,M,-0.4465,0.4971,5,2
20(a),N,N,0,0,,2
20(a),N,P,-0.112,0.1603,10,2
20(a),N,Q,-0.02385,0.01931,6.5,2
20(a),N,R,-0.321,0.08785,9,2
20(a),N,S,-0.09069,0.08151,14.5,2
20(a),N,T,-0.01392,0.02862,8.5,2
20(a),N,V,-0.3022,0.2164,10,2
20(a),N,W,-0.07193,0.000185,9.5,2
20(a),N,Y,-0.0375,0.02474,5,2
20(b),L,-,-0.2253,0.2303,1.5,2
20(b),L,A,-0.02761,0.0018,7.5,2
20(b),L,C,-0.09815,0.06225,8.5,2
20(b),L,D,-0.01034,0.05403,11.5,2
20(b),L,E,-0.07192,0.06438,7,2
20(b),L,F,-0.1514,0.01675,6.5,2
20(b),L,G,-0.2175,0.1421,11,2
20(b),L,H,-0.01167,0.01108,10.5,2
20(b),L,I,0.05729,0.02317,12,2
20(b),L,K,-0.1261,0.0103,8.5,2
20(b),L,L,0,0,,2
20(b),L,M,-0.05248,0.00424,10,2
20(b),L,N,0.02454,0.004415,11.5,2
20(b),L,P,-0.1615,0.0465,19,2
20(b),L,Q,0.004415,0.02948,13,2
20(b),L,R,-0.00096,0.03251,13.5,2
20(b),L,S,-0.03852,0.07758,7,2
20(b),L,T,-0.1524,0.1814,14.5,2
20(b),L,V,-0.06894,0.04235,15.5,2
20(b),L,W,-0.06642,0.1096,10,2
20(b),L,Y,-0.1052,0.01126,11.5,2
200(a),A,-,-0.04622,0,0.5,1
200(a),A,A,0,0,,2
200(a),A,D,0.07011,0,0.5,1
200(a),A,S,-1.419,1.429,2,2
200(a),A,T,0.02272,0.02349,2.5,2
200(a),A,V,-0.6793,0.3508,3,2
201(a),L,-,-0.04264,0,0.5,1
201(a),L,L,0,0,,2
201(a),L,M,-0.1061,0.1316,8,2
201(a),L,P,-0.03437,0.00552,18,2
201(a),L,Q,-0.0638,0.0929,1,2
201(a),L,R,-0.6758,0,0.5,1
202(a),G,-,-0.04435,0.06515,1,2
202(a),G,A,0.02409,0,0.5,1
202(a),G,C,0.02452,0.02372,2,2
202(a),G,D,-0.5636,0.4321,10,2
202(a),G,G,0,0,,2
202(a),G,R,-0.5646,0,0.5,1
202(a),G,S,-0.1055,0.1437,7,2
202(a),G,V,0.0493,0.01566,2.5,2
203(a),L,-,-0.02704,0.01557,1,2
203(a),L,F,-0.1874,0.159,2.5,2
203(a),L,H,0.03433,0,1.5,1
203(a),L,I,0.03719,0.01848,2,2
203(a),L,L,0,0,,2
203(a),L,P,0.01654,0.0281,2.5,2
204(a),A,-,-0.02588,0.01074,1,2
204(a),A,A,0,0,,2
204(a),A,P,0.01534,0,0.5,1
204(a),A,S,0.02583,0.02051,2.5,2
204(a),A,T,0.02412,0.01975,12.5,2
204(a),A,V,0.0077,0.03407,17,2
205(a),V,-,-0.1913,0.1434,1.5,2
205(a),V,A,0.02272,0,1,1
205(a),V,E,-2.789,1.494,3,2
205(a),V,L,-0.1721,0.1763,2.5,2
205(a),V,M,-0.1331,0.0299,8,2
205(a),V,V,0,0,,2
206(a),G,-,-0.4067,0,1,1
206(a),G,C,0.03507,0,1,1
206(a),G,D,-0.3291,0.1401,22,2
206(a),G,G,0,0,,2
206(a),G,R,-3.886,0,0.5,1
206(a),G,S,0.02124,0.004795,8,2
206(a),G,V,-0.3166,0.2339,4,2
207(a),I,-,-0.2335,0.0958,1.5,2
207(a),I,I,0,0,,2
207(a),I,L,-2.26,0,0.5,1
207(a),I,N,-0.03798,0.1031,1,2
207(a),I,T,-0.004334,0.01387,1,2
207(a),I,V,-0.1995,0.1138,4,2
208(a),V,-,-0.0575,0.0726,1,2
208(a),V,A,-0.3506,0.3756,2,2
208(a),V,E,0.04543,0,0.5,1
208(a),V,L,0.05921,0.01183,2.5,2
208(a),V,M,0.02599,0.009825,12.5,2
208(a),V,V,0,0,,2
209(a),G,-,-0.06266,0.08974,1.5,2
209(a),G,E,-0.08648,0.0058,32.5,2
209(a),G,G,0,0,,2
209(a),G,K,0.03033,0.01917,1,2
209(a),G,R,-4.688,0,11.5,2
209(a),G,V,0.00279,0.001453,1.5,2
209(a),G,W,-0.04652,0.07688,2,2
21(T2A),P,-,0.008664,0,0.5,1
21(T2A),P,H,-0.05635,0.03661,2,2
21(T2A),P,P,0,0,,2
21(T2A),P,S,-0.2232,0.0996,1.5,2
21(T2A),P,T,-0.129,0.07681,1,2
21(a),R,-,-0.07382,0.0222,1.5,2
21(a),R,A,-0.08496,0.08854,9,2
21(a),R,C,-0.01018,0.005816,15,2
21(a),R,D,-0.2409,0.2786,6.5,2
21(a),R,E,-0.0222,0.01569,6,2
21(a),R,F,0.006895,0.03812,10,2
21(a),R,G,-0.1162,0.01415,8.5,2
21(a),R,H,-0.03078,0.02674,23.5,2
21(a),R,I,-0.04891,0.07089,6,2
21(a),R,K,-0.2219,0.2068,10,2
21(a),R,L,-0.04851,0.07409,15,2
21(a),R,M,-0.003295,0.03589,4,2
21(a),R,N,-0.2223,0.0074,8,2
21(a),R,P,-0.9453,0.1137,6.5,2
21(a),R,Q,-0.3299,0.229,6,2
21(a),R,R,0,0,,2
21(a),R,S,0.00539,0.07234,9,2
21(a),R,T,-0.2349,0.1112,5,2
21(a),R,V,0.01379,0.04557,9.5,2
21(a),R,W,-0.006889,0.001554,9.5,2
21(a),R,Y,0.009992,0.01989,11.5,2
21(b),N,-,-0.0606,0.0621,1,2
21(b),N,A,-0.03523,0.03995,9,2
21(b),N,C,-0.3648,0.0741,10.5,2
21(b),N,D,-0.01608,0.02028,14.5,2
21(b),N,E,-0.1648,0.02515,13.5,2
21(b),N,F,-0.7026,0.04775,13.5,2
21(b),N,G,-0.3146,0.0513,13.5,2
21(b),N,H,-0.1755,0.0543,13.5,2
21(b),N,I,-0.9749,0.2061,12.5,2
21(b),N,K,-0.407,0.0789,12.5,2
21(b),N,L,-0.6888,0.01315,13.5,2
21(b),N,M,-0.3387,0.1561,11,2
21(b),N,N,0,0,,2
21(b),N,P,0.04236,0.01163,7.5,2
21(b),N,Q,-0.1935,0.0054,20,2
21(b),N,R,-0.4651,0.1855,10,2
21(b),N,S,0.02752,0.01298,16,2
21(b),N,T,-0.3745,0.1131,12,2
21(b),N,V,-0.4307,0.2391,9,2
21(b),N,W,-0.7166,0.0494,12,2
21(b),N,Y,-0.2517,0.1845,8,2
210(a),I,-,-0.06069,0,0.5,1
210(a),I,I,0,0,,2
210(a),I,L,-0.008382,0,0.5,1
210(a),I,M,0.01167,0,0.5,1
210(a),I,N,-0.5259,0.1481,1.5,2
210(a),I,T,-0.1071,0,1,1
210(a),I,V,0.03764,0,1,1
211(a),V,-,-0.01329,0,0.5,1
211(a),V,A,0.05436,0,0.5,1
211(a),V,E,-0.6898,0.6842,3,2
211(a),V,L,0.04505,0,2,1
211(a),V,M,-0.08511,0.08309,9.5,2
211(a),V,V,0,0,,2
212(a),V,-,-0.06328,0,1,1
212(a),V,A,0.0241,0,2,1
212(a),V,D,-0.7028,0.6272,3.5,2
212(a),V,F,-0.4269,0,1,1
212(a),V,G,-0.1055,0,0.5,1
212(a),V,I,0.01296,0.06401,8,2
212(a),V,L,-2.725,0,0.5,1
212(a),V,V,0,0,,2
213(a),G,C,-0.1564,0,1,1
213(a),G,D,-0.01046,0.08486,15.5,2
213(a),G,G,0,0,,2
213(a),G,N,-0.04665,0,0.5,1
213(a),G,R,-0.09061,0,0.5,1
213(a),G,S,-0.09054,0.04697,6.5,2
213(a),G,V,0.04129,0.002085,1,2
214(a),T,A,0.03025,0.03377,4,2
214(a),T,I,-0.03386,0.0174,4,2
214(a),T,N,-0.03567,0,1,1
214(a),T,P,0.02996,0,0.5,1
214(a),T,S,0.05903,0,0.5,1
214(a),T,T,0,0,,2
215(a),I,F,0.03301,0,0.5,1
215(a),I,I,0,0,,2
215(a),I,L,-0.02119,0.07117,2,2
215(a),I,N,-0.00569,0,0.5,1
215(a),I,T,0.02631,0,0.5,1
215(a),I,V,-0.007769,0.00259,5.5,2
216(a),L,K,-0.02966,0,0.5,1
216(a),L,L,0,0,,2
216(a),L,M,0.01853,0.01983,5,2
216(a),L,P,-0.1494,0.09563,12,2
216(a),L,Q,-1.929,1.165,2,2
216(a),L,R,-0.03288,0,0.5,1
217(a),I,-,-1.345,0,0.5,1
217(a),I,F,0.02833,0,1,1
217(a),I,I,0,0,,2
217(a),I,L,0.06659,0,0.5,1
217(a),I,N,-0.07575,0.04825,5.5,2
217(a),I,T,-0.04346,0.01648,2.5,2
217(a),I,V,-0.6433,0.6657,1,2
218(a),I,F,-0.005262,0,0.5,1
218(a),I,I,0,0,,2
218(a),I,L,-0.06036,0,0.5,1
218(a),I,M,0.05511,0,1,1
218(a),I,N,0.02868,0.01859,2.5,2
218(a),I,T,-0.0119,0.004369,3.5,2
218(a),I,V,0.03159,0.01189,5,2
219(a),K,*,-0.1088,0,0.5,1
219(a),K,E,-0.1104,0.02295,4.5,2
219(a),K,K,0,0,,2
219(a),K,M,-0.2253,0,1,1
219(a),K,N,-0.01447,0.02111,3,2
219(a),K,R,-0.04793,0.09437,8,2
219(a),K,T,0.02348,0,0.5,1
22(a),E,*,-4.806,0,3.5,2
22(a),E,-,-0.02207,0.009345,1,2
22(a),E,A,-0.1874,0.0822,5.5,2
22(a),E,C,-0.667,0.2784,5,2
22(a),E,D,-0.0551,0.0914,11,2
22(a),E,E,0,0,,2
22(a),E,F,-0.8187,0.6062,8,2
22(a),E,G,-0.3866,0.03965,16,2
22(a),E,H,-0.3317,0.2143,13,2
22(a),E,I,-0.13,0.07383,6,2
22(a),E,K,-1.032,0.2839,7.5,2
22(a),E,L,-0.4542,0.0633,6,2
22(a),E,M,-0.1259,0.03564,9,2
22(a),E,N,-0.4984,0.07115,11.5,2
22(a),E,P,-0.4858,0.02475,10.5,2
22(a),E,Q,-0.4188,0.2939,6.5,2
22(a),E,R,-0.3619,0.0857,8,2
22(a),E,S,-0.05761,0.00955,9.5,2
22(a),E,T,-0.1754,0.03235,8,2
22(a),E,V,-0.4025,0.177,8.5,2
22(a),E,W,-1.094,0.2047,9.5,2
22(a),E,Y,-0.4255,0.1285,5.5,2
22(b),G,*,-2.876,1.498,2.5,2
22(b),G,-,-0.0526,0.0588,1,2
22(b),G,A,-0.007794,0.0102,10.5,2
22(b),G,C,-0.6511,0.2082,12,2
22(b),G,D,-0.131,0.0168,12,2
22(b),G,E,-0.07556,0.04824,37,2
22(b),G,F,-0.2069,0.1467,18,2
22(b),G,G,0,0,,2
22(b),G,H,-0.2695,0.0314,10.5,2
22(b),G,I,-0.2588,0.09045,12.5,2
22(b),G,K,-0.00453,0.05713,6,2
22(b),G,L,-0.2286,0.248,8,2
22(b),G,M,-0.1931,0.2158,13,2
22(b),G,N,-0.1015,0.06529,10.5,2
22(b),G,P,-0.5781,0.071,6,2
22(b),G,Q,-0.04576,0.05293,15.5,2
22(b),G,R,-0.08998,0.02022,29,2
22(b),G,S,-0.2473,0.0568,7.5,2
22(b),G,T,-0.4922,0.273,10.5,2
22(b),G,V,-0.226,0.1083,16.5,2
22(b),G,W,-0.3652,0.3105,9.5,2
22(b),G,Y,-0.2376,0.1838,10.5,2
220(a),A,-,-0.02951,0,0.5,1
220(a),A,A,0,0,,2
220(a),A,D,-0.4373,0.3973,1.5,2
220(a),A,S,-1.569,0,1,1
220(a),A,T,-0.006013,0.0007505,7.5,2
220(a),A,V,-0.02544,0.02959,4.5,2
221(a),M,-,-0.03628,0,0.5,1
221(a),M,I,0.000582,0.008479,40.5,2
221(a),M,L,-0.009874,0.01434,2,2
221(a),M,M,0,0,,2
221(a),M,T,-0.8884,0.9056,2.5,2
221(a),M,V,0.03192,0.00244,3.5,2
222(a),K,*,-3.351,1.174,2.5,2
222(a),K,-,-0.007919,0.006212,1,2
222(a),K,E,0.01678,0.05503,5,2
222(a),K,G,0.04134,0,0.5,1
222(a),K,K,0,0,,2
222(a),K,M,0.04362,0,2,1
222(a),K,N,-0.0419,0,1.5,1
222(a),K,R,0.02271,0.00161,4,2
223(a),M,-,-0.02869,0.02116,1,2
223(a),M,I,-0.01885,0.01986,32,2
223(a),M,K,-0.1196,0.06651,2,2
223(a),M,L,-0.0923,0,1,1
223(a),M,M,0,0,,2
224(a),N,-,0.00341,0.000472,1,2
224(a),N,D,-0.9225,0.9074,5,2
224(a),N,H,-0.6172,0,0.5,1
224(a),N,K,-0.06646,0,0.5,1
224(a),N,N,0,0,,2
224(a),N,S,0.001772,0.008418,6,2
224(a),N,T,-0.03189,0.01561,2,2
224(a),N,Y,0.06007,0,1,1
225(a),N,-,-0.002452,0.002197,1,2
225(a),N,D,-0.1396,0.08085,1.5,2
225(a),N,G,-0.006318,0,1,1
225(a),N,H,0.01144,0,0.5,1
225(a),N,I,-0.4308,0.446,1,2
225(a),N,K,0.04017,0.00669,3.5,2
225(a),N,N,0,0,,2
225(a),N,S,0.0451,0.01418,2.5,2
225(a),N,Y,-0.1829,0.0768,1,2
226(a),A,-,-0.02105,0,0.5,1
226(a),A,A,0,0,,2
226(a),A,D,-0.5761,0.3757,1.5,2
226(a),A,G,-0.02872,0,0.5,1
226(a),A,P,0.03932,0,0.5,1
226(a),A,S,-0.03938,0.03729,2,2
226(a),A,T,-0.00896,0.03261,9,2
226(a),A,V,0.04448,0.00382,3,2
227(a),R,*,-1.786,0,0.5,1
227(a),R,-,0.02111,0,0.5,1
227(a),R,G,-0.08105,0.008095,11.5,2
227(a),R,I,-0.8327,0.2992,2,2
227(a),R,K,-0.03028,0.004255,9.5,2
227(a),R,R,0,0,,2
227(a),R,S,-0.1279,0.06771,2,2
228(a),N,-,-0.04029,0,0.5,1
228(a),N,D,-0.3588,0.082,3,2
228(a),N,G,-0.06611,0,0.5,1
228(a),N,H,0.007871,0,1,1
228(a),N,K,0.03231,0.02021,1,2
228(a),N,N,0,0,,2
228(a),N,T,-0.04355,0,0.5,1
229(a),Q,*,-5.695,0,1.5,2
229(a),Q,-,0.04159,0,0.5,1
229(a),Q,H,0.06068,0,0.5,1
229(a),Q,L,0.04988,0,0.5,1
229(a),Q,P,-0.09456,0.1601,2.5,2
229(a),Q,Q,0,0,,2
229(a),Q,R,0.0423,0.006845,3.5,2
23(a),G,-,-1.695,1.482,1.5,2
23(a),G,A,-0.1434,0.1766,11,2
23(a),G,C,-0.05742,0.002005,15.5,2
23(a),G,D,-0.03917,0.09453,9.5,2
23(a),G,E,-0.1154,0.07932,8,2
23(a),G,F,-0.297,0.215,8.5,2
23(a),G,G,0,0,,2
23(a),G,H,-0.03704,0.07996,10.5,2
23(a),G,I,0.05155,0.0243,7.5,2
23(a),G,K,-0.03938,0.03406,8,2
23(a),G,L,-0.04476,0.06173,9.5,2
23(a),G,M,0.04798,0.01122,9.5,2
23(a),G,N,0.00377,0.01776,10.5,2
23(a),G,P,-3.455,0,12.5,2
23(a),G,Q,0.001235,0.02979,7,2
23(a),G,R,-0.1574,0.0147,10.5,2
23(a),G,S,-0.0315,0.02003,9,2
23(a),G,T,-0.06836,0.1058,10.5,2
23(a),G,V,0.03771,0.01913,7.5,2
23(a),G,W,-0.1964,0.2139,12.5,2
23(a),G,Y,0.0404,0.01733,6,2
23(b),T,-,-0.1559,0.08589,1.5,2
23(b),T,A,-0.1147,0.02545,15.5,2
23(b),T,C,-0.961,0.02275,8.5,2
23(b),T,D,-0.2071,0.07865,9.5,2
23(b),T,E,-0.3595,0.3193,13,2
23(b),T,F,-0.2204,0.2385,9,2
23(b),T,G,-0.008237,0.002713,11.5,2
23(b),T,H,-0.4492,0.08855,12.5,2
23(b),T,I,-0.1528,0.01455,21,2
23(b),T,K,-0.01088,0.03447,7.5,2
23(b),T,L,0.00095,0.03594,13,2
23(b),T,M,-0.294,0.3294,9.5,2
23(b),T,N,-0.1457,0.012,9.5,2
23(b),T,P,-0.0984,0.1048,11,2
23(b),T,Q,-0.1305,0.1841,12.5,2
23(b),T,R,-0.05367,0.02898,12,2
23(b),T,S,0.04892,0.00715,13.5,2
23(b),T,T,0,0,,2
23(b),T,V,-0.02042,0.06567,11.5,2
23(b),T,W,-0.651,0.1617,9,2
23(b),T,Y,-0.155,0.0127,9.5,2
230(a),R,*,-5.678,0,1.5,2
230(a),R,-,0.007151,0,0.5,1
230(a),R,G,-2.941,1.342,5.5,2
230(a),R,I,-1.031,0,0.5,1
230(a),R,K,-0.8185,0.8305,7.5,2
230(a),R,R,0,0,,2
230(a),R,S,-0.1331,0,0.5,1
231(a),G,-,-0.08248,0,1,1
231(a),G,A,0.06451,0,1,1
231(a),G,C,-1.123,1.159,1,2
231(a),G,D,-1.252,0.2475,6.5,2
231(a),G,G,0,0,,2
231(a),G,R,0.01356,0,0.5,1
231(a),G,S,0.04832,0.01765,10,2
231(a),G,V,0.03213,0,0.5,1
232(a),L,-,-0.05559,0.04267,3.5,2
232(a),L,L,0,0,,2
232(a),L,M,-0.06535,0,0.5,1
232(a),L,P,-0.9689,0.455,3.5,2
233(a),L,-,-0.04168,0.003485,3.5,2
233(a),L,L,0,0,,2
233(a),L,M,0.043,0,0.5,1
233(a),L,P,-1.047,0.7235,6,2
233(a),L,Q,-0.6053,0,1,1
24(a),G,-,-0.5732,0.5368,1.5,2
24(a),G,A,-0.1014,0.09423,11.5,2
24(a),G,C,-0.3975,0.1028,11.5,2
24(a),G,D,-1.841,0.0715,28,2
24(a),G,E,-2.032,0.446,8.5,2
24(a),G,F,-0.4592,0.1155,6.5,2
24(a),G,G,0,0,,2
24(a),G,H,-0.3094,0.2208,9.5,2
24(a),G,I,-1.084,0.0795,11,2
24(a),G,K,-5.741,0,5,2
24(a),G,L,-1.833,0.037,10,2
24(a),G,M,-1.883,0.27,7,2
24(a),G,N,-0.6052,0.06785,5,2
24(a),G,P,-0.4283,0.2017,10,2
24(a),G,Q,-0.505,0.3072,7,2
24(a),G,R,-1.97,0.0395,14,2
24(a),G,S,0.02182,0.02945,15.5,2
24(a),G,T,-0.3192,0.06065,6,2
24(a),G,V,-0.1872,0.0585,18.5,2
24(a),G,W,-0.6095,0.2594,10.5,2
24(a),G,Y,-0.6802,0.3194,8.5,2
24(b),E,*,-5.455,0,5.5,2
24(b),E,-,-0.05017,0.007925,1,2
24(b),E,A,-0.09339,0.01671,9.5,2
24(b),E,C,-1.155,0.0445,15,2
24(b),E,D,-0.04556,0.03919,13,2
24(b),E,E,0,0,,2
24(b),E,F,-0.2763,0.03535,11.5,2
24(b),E,G,-0.0266,0.02287,11.5,2
24(b),E,H,0.01045,0.02463,9.5,2
24(b),E,I,-0.3185,0.1067,10.5,2
24(b),E,K,-0.05981,0.02098,23,2
24(b),E,L,-0.3987,0.2069,6,2
24(b),E,M,0.0228,0.02901,13,2
24(b),E,N,-0.1182,0.1286,14,2
24(b),E,P,-0.02247,0.04688,12.5,2
24(b),E,Q,0.00494,0.0377,14.5,2
24(b),E,R,-0.2246,0.1286,10,2
24(b),E,S,-0.01503,0.009987,13,2
24(b),E,T,0.006975,0.0304,10,2
24(b),E,V,-0.1989,0.0474,8,2
24(b),E,W,-0.3761,0.02355,13.5,2
24(b),E,Y,-0.06677,0.07543,11,2
25(a),Q,*,-5.678,0,6,2
25(a),Q,-,-1.058,1.032,1.5,2
25(a),Q,A,-0.3552,0.03675,10,2
25(a),Q,C,-0.2546,0.1246,9,2
25(a),Q,D,-0.2139,0.1283,4.5,2
25(a),Q,E,-0.1183,0.04306,10.5,2
25(a),Q,F,-0.05882,0.02459,5,2
25(a),Q,G,-0.1565,0.1423,6.5,2
25(a),Q,H,-0.2528,0.2089,17,2
25(a),Q,I,-0.2982,0.1843,8.5,2
25(a),Q,K,-0.933,0.1659,6,2
25(a),Q,L,-0.2377,0.0963,10.5,2
25(a),Q,M,-0.05314,0.03818,7.5,2
25(a),Q,N,-0.07093,0.103,8,2
25(a),Q,P,-5.883,0,8.5,2
25(a),Q,Q,0,0,,2
25(a),Q,R,-1.312,0.3548,6.5,2
25(a),Q,S,0.02786,0.02209,8,2
25(a),Q,T,-0.4574,0.1579,8.5,2
25(a),Q,V,-0.1044,0.02388,12,2
25(a),Q,W,-0.07328,0.00938,7,2
25(a),Q,Y,-0.2145,0.05025,10.5,2
25(b),Q,*,-6.033,0,32.5,2
25(b),Q,-,-1.132,1.135,2,2
25(b),Q,A,-0.01717,0.02812,12,2
25(b),Q,C,0.01359,0.02436,10.5,2
25(b),Q,D,0.01933,0.03664,11.5,2
25(b),Q,E,0.01103,0.01205,12,2
25(b),Q,F,-0.1043,0.1323,12.5,2
25(b),Q,G,-0.1234,0.1699,9,2
25(b),Q,H,0.007848,0.0129,12.5,2
25(b),Q,I,-0.2939,0.0094,12,2
25(b),Q,K,-0.01599,0.02207,13.5,2
25(b),Q,L,-0.3915,0.3468,7.5,2
25(b),Q,M,0.03399,0.02403,10.5,2
25(b),Q,N,0.01052,0.0232,11.5,2
25(b),Q,P,-0.1511,0.0166,9.5,2
25(b),Q,Q,0,0,,2
25(b),Q,R,-0.006855,0.04004,19,2
25(b),Q,S,-0.05615,0.00824,12.5,2
25(b),Q,T,-0.01461,0.003835,8.5,2
25(b),Q,V,-0.02982,0.04651,15.5,2
25(b),Q,W,-0.248,0.1695,8.5,2
25(b),Q,Y,-0.08168,0.06192,13.5,2
26(a),F,-,0.004923,0.003436,1,2
26(a),F,A,-1.531,0.1745,8.5,2
26(a),F,C,-1.241,0.029,8.5,2
26(a),F,D,-4.979,0,4.5,2
26(a),F,E,-2.913,0.034,6.5,2
26(a),F,F,0,0,,2
26(a),F,G,-4.276,0,5.5,2
26(a),F,H,-1.489,0.389,4.5,2
26(a),F,I,-0.7546,0.4505,1.5,2
26(a),F,K,-5.37,0,7.5,2
26(a),F,L,-0.8266,0.2924,9.5,2
26(a),F,M,-0.2517,0.0331,7.5,2
26(a),F,N,-2.984,0.137,7.5,2
26(a),F,P,-5.996,0,7,2
26(a),F,Q,-1.458,0.2115,9.5,2
26(a),F,R,-5.951,0,10,2
26(a),F,S,-1.647,0.1695,12,2
26(a),F,T,-1.34,0.5893,9.5,2
26(a),F,V,-1.401,0.1095,8.5,2
26(a),F,W,0.02819,0.02523,7.5,2
26(a),F,Y,-0.4339,0.3586,10,2
26(b),V,-,-0.06593,0.08007,1,2
26(b),V,A,-0.07114,0.03416,11.5,2
26(b),V,C,-1.385,0.208,14,2
26(b),V,D,-1.585,0.223,9,2
26(b),V,E,-1.699,0.0375,13,2
26(b),V,F,-0.02007,0.05488,8.5,2
26(b),V,G,-0.3833,0.2393,10,2
26(b),V,H,0.03046,0.008625,9.5,2
26(b),V,I,0.04345,0.00601,13.5,2
26(b),V,K,-1.177,0.3968,9.5,2
26(b),V,L,-0.05947,0.01634,9.5,2
26(b),V,M,0.02331,0.007,20,2
26(b),V,N,-0.4744,0.1315,8.5,2
26(b),V,P,0.03296,0.04012,7,2
26(b),V,Q,-0.347,0.0776,12,2
26(b),V,R,-0.3249,0.3164,6,2
26(b),V,S,-0.05182,0.06617,9.5,2
26(b),V,T,0.02254,0.0311,10,2
26(b),V,V,0,0,,2
26(b),V,W,-0.5695,0.2051,10,2
26(b),V,Y,-0.01792,0.04719,7.5,2
27(a),M,-,-0.1504,0.07884,2,2
27(a),M,A,-0.05775,0.08345,9,2
27(a),M,C,-0.031,0.05076,8.5,2
27(a),M,D,-0.4455,0.0037,6,2
27(a),M,E,-0.2187,0.06555,7,2
27(a),M,F,-0.01971,0.03293,9,2
27(a),M,G,-0.3609,0.1108,4.5,2
27(a),M,H,-0.01198,0.04119,9.5,2
27(a),M,I,-0.05287,0.03112,13,2
27(a),M,K,-0.09196,0.1168,6.5,2
27(a),M,L,0.01281,0.0135,9,2
27(a),M,M,0,0,,2
27(a),M,N,0.0103,0.02281,7,2
27(a),M,P,-5.665,0,7.5,2
27(a),M,Q,-0.06618,0.05722,8,2
27(a),M,R,-0.0325,0.0923,6,2
27(a),M,S,-0.1191,0.09639,6.5,2
27(a),M,T,-0.26,0.1794,13,2
27(a),M,V,-0.02617,0.06893,18,2
27(a),M,W,-0.3232,0.09005,9,2
27(a),M,Y,-0.04057,0.03499,3,2
27(b),R,-,-0.07441,0.05008,1,2
27(b),R,A,-0.5736,0.1583,10,2
27(b),R,C,-5.9,0,10,2
27(b),R,D,-1.912,0.0995,13,2
27(b),R,E,-1.341,0.1525,8.5,2
27(b),R,F,-1.631,0.0625,15,2
27(b),R,G,-1.318,0.031,10,2
27(b),R,H,0.007742,0.001718,14.5,2
27(b),R,I,-0.9431,0.4259,10,2
27(b),R,K,-0.1103,0.0028,7,2
27(b),R,L,-0.393,0.141,13.5,2
27(b),R,M,-0.7584,0.0929,12.5,2
27(b),R,N,-0.5232,0.1614,8,2
27(b),R,P,-5.564,0,12,2
27(b),R,Q,-0.1283,0.00675,19,2
27(b),R,R,0,0,,2
27(b),R,S,-0.2562,0.0662,18,2
27(b),R,T,-0.6532,0.0747,11,2
27(b),R,V,-1.02,0.01,15,2
27(b),R,W,-0.443,0.02835,29.5,2
27(b),R,Y,-0.9119,0.0864,7.5,2
28(a),F,-,-0.2122,0.06165,2.5,2
28(a),F,A,-1.152,0.6067,11.5,2
28(a),F,C,-0.6506,0.2782,11.5,2
28(a),F,D,-0.6752,0.0528,7.5,2
28(a),F,E,-0.4672,0.3334,5.5,2
28(a),F,F,0,0,,2
28(a),F,G,-1.683,0.2085,8,2
28(a),F,H,-0.1814,0.02965,5.5,2
28(a),F,I,-0.1844,0.0697,6,2
28(a),F,K,-1.272,0.0155,8.5,2
28(a),F,L,-0.2709,0.286,13,2
28(a),F,M,-0.01217,0.05201,7.5,2
28(a),F,N,-0.48,0.4526,10.5,2
28(a),F,P,-4.115,0,12,2
28(a),F,Q,-0.03442,0.003435,5.5,2
28(a),F,R,-1.85,0.275,4.5,2
28(a),F,S,-0.799,0.4181,10,2
28(a),F,T,-1.125,0.1492,4.5,2
28(a),F,V,-0.346,0.3188,7,2
28(a),F,W,-0.9481,0.6219,7,2
28(a),F,Y,-1.019,0.2653,10.5,2
28(b),Y,*,-5.934,0,1.5,2
28(b),Y,-,-0.08397,0.02133,1.5,2
28(b),Y,A,-0.03502,0.04215,10,2
28(b),Y,C,-0.9441,0.2739,15,2
28(b),Y,D,-4.396,0,11.5,2
28(b),Y,E,-0.3798,0.127,11,2
28(b),Y,F,-0.02753,0.03065,11.5,2
28(b),Y,G,0.0608,0.009825,10,2
28(b),Y,H,0.01107,0.03322,11,2
28(b),Y,I,0.04819,0.00109,10.5,2
28(b),Y,K,-0.1004,0.00118,13,2
28(b),Y,L,-0.02864,0.05259,10,2
28(b),Y,M,-0.03664,0.05962,8.5,2
28(b),Y,N,-0.3759,0.08135,15,2
28(b),Y,P,-2.192,0.3395,8,2
28(b),Y,Q,-0.3567,0.06995,8,2
28(b),Y,R,-0.9503,0.0107,12,2
28(b),Y,S,-0.1115,0.1325,11.5,2
28(b),Y,T,-0.1202,0.1497,11,2
28(b),Y,V,-0.01036,0.08231,12,2
28(b),Y,W,0.05266,0.01045,11.5,2
28(b),Y,Y,0,0,,2
29(a),D,-,-0.2637,0.1011,3,2
29(a),D,A,-0.03174,0.02437,7,2
29(a),D,C,-0.04304,0.03731,7.5,2
29(a),D,D,0,0,,2
29(a),D,E,-0.03569,0.026,13,2
29(a),D,F,-0.219,0.2612,7,2
29(a),D,G,0.03652,0.03168,11,2
29(a),D,H,0.01215,0.01149,11,2
29(a),D,I,-0.03818,0.09152,7.5,2
29(a),D,K,-0.0925,0.0176,9.5,2
29(a),D,L,-0.07852,0.07338,12,2
29(a),D,M,-0.06024,0.06016,9,2
29(a),D,N,-0.00137,0.01386,19.5,2
29(a),D,P,-1.948,0.0935,8.5,2
29(a),D,Q,-0.09445,0.09015,8.5,2
29(a),D,R,-0.4484,0.3629,11,2
29(a),D,S,0.02494,0.01917,4.5,2
29(a),D,T,0.05521,0.01579,11,2
29(a),D,V,-0.005805,0.04599,11,2
29(a),D,W,-0.2646,0.1187,11.5,2
29(a),D,Y,-0.07685,0.08934,20,2
29(b),L,-,-0.1708,0.1131,1.5,2
29(b),L,A,-0.003095,0.07847,13.5,2
29(b),L,C,-0.01678,0.01783,7.5,2
29(b),L,D,-0.7922,0.2138,4.5,2
29(b),L,E,-0.09098,0.06022,5.5,2
29(b),L,F,-0.002275,0.07673,14.5,2
29(b),L,G,-0.4243,0.1124,9,2
29(b),L,H,0.005625,0.06689,16.5,2
29(b),L,I,0.03273,0.009855,14.5,2
29(b),L,K,0.011,0.02068,7.5,2
29(b),L,L,0,0,,2
29(b),L,M,0.0172,0.008612,8.5,2
29(b),L,N,0.04546,0.03344,7,2
29(b),L,P,-5.971,0,22,2
29(b),L,Q,-0.05843,0.00519,14.5,2
29(b),L,R,-0.09876,0.15,11,2
29(b),L,S,0.0129,0.03716,8,2
29(b),L,T,-0.1133,0.05059,7.5,2
29(b),L,V,-0.01771,0.04512,10,2
29(b),L,W,0.0184,0.02146,13.5,2
29(b),L,Y,-0.08342,0.04317,11,2
3(T2A),G,-,0.03657,0.001655,3,2
3(T2A),G,C,-0.2941,0.2875,1.5,2
3(T2A),G,D,-1.009,0.6606,11.5,2
3(T2A),G,G,0,0,,2
3(T2A),G,R,-0.3889,0,0.5,1
3(T2A),G,S,-0.1261,0.1168,7.5,2
3(T2A),G,V,-0.959,0.382,3.5,2
3(a),V,*,-5.936,0,10,2
3(a),V,-,-0.1971,0,0.5,1
3(a),V,A,-0.009788,0.003672,11.5,2
3(a),V,C,-0.09703,0.06456,9,2
3(a),V,D,-0.02664,0.0664,8.5,2
3(a),V,E,-0.07344,0.006605,10.5,2
3(a),V,G,-0.1467,0.00525,8,2
3(a),V,H,0.01028,0.06208,8.5,2
3(a),V,I,-0.00577,0.02996,11,2
3(a),V,K,-0.01624,0.0234,8.5,2
3(a),V,L,0.01801,0.01218,11,2
3(a),V,M,-0.02891,0.002505,13,2
3(a),V,N,0.05179,0,1.5,1
3(a),V,P,-0.1102,0.1217,8,2
3(a),V,Q,-0.01261,0.03094,10.5,2
3(a),V,R,-0.01127,0.02084,11,2
3(a),V,S,0.04981,0.01179,7.5,2
3(a),V,T,-0.1418,0.05164,8.5,2
3(a),V,V,0,0,,2
3(a),V,W,-0.3069,0.1073,5.5,2
3(a),V,Y,-0.03684,0.00801,8,2
3(b),E,*,-5.102,0,3,2
3(b),E,-,-0.1163,0.02075,3,2
3(b),E,A,0.04569,0.02866,12.5,2
3(b),E,C,-0.04414,0.08216,10,2
3(b),E,D,-0.02202,0.04953,11.5,2
3(b),E,E,0,0,,2
3(b),E,F,-0.003555,0.02244,12,2
3(b),E,G,-0.1669,0.00145,15.5,2
3(b),E,H,-0.2828,0.3301,7.5,2
3(b),E,I,-0.0812,0.1366,14,2
3(b),E,K,0.009611,0.007639,32.5,2
3(b),E,L,-0.01096,0.03245,12.5,2
3(b),E,M,-0.02487,0.01715,12,2
3(b),E,N,-0.01349,0.03353,14.5,2
3(b),E,P,-3.183,0.0465,13.5,2
3(b),E,Q,-0.1354,0.1579,11,2
3(b),E,R,-0.115,0.06265,13.5,2
3(b),E,S,-0.1328,0.04835,10,2
3(b),E,T,-0.03624,0.1055,11.5,2
3(b),E,V,-0.05817,0.04131,7.5,2
3(b),E,W,-0.05057,0.09803,10,2
3(b),E,Y,-0.06618,0.08552,16,2
30(a),F,-,-0.2331,0.2394,3,2
30(a),F,A,-0.3151,0.1398,10.5,2
30(a),F,C,-0.5409,0.2921,6.5,2
30(a),F,D,-1.783,0.197,7,2
30(a),F,E,-1.312,0.2345,6.5,2
30(a),F,F,0,0,,2
30(a),F,G,-0.8576,0.01045,9,2
30(a),F,H,-0.4107,0.2324,8.5,2
30(a),F,I,-0.2518,0.1704,10.5,2
30(a),F,K,-1.039,0.68,9.5,2
30(a),F,L,-0.4637,0.1662,12,2
30(a),F,M,-0.2429,0.02175,10,2
30(a),F,N,-1.153,0.3672,5,2
30(a),F,P,-5.522,0,7,2
30(a),F,Q,-0.6496,0.6394,6,2
30(a),F,R,-1.663,0.139,8.5,2
30(a),F,S,-1.05,0.0155,12,2
30(a),F,T,-0.5639,0.278,9.5,2
30(a),F,V,-0.6611,0.04995,8.5,2
30(a),F,W,-0.437,0.1978,18,2
30(a),F,Y,-0.3352,0.1867,14,2
30(b),V,-,-0.05507,0.000525,2,2
30(b),V,A,-0.06262,0.07798,9.5,2
30(b),V,C,-2.657,0.0355,12,2
30(b),V,D,-5.899,0,10.5,2
30(b),V,E,-1.764,0.022,13,2
30(b),V,F,-0.1859,0.1547,11.5,2
30(b),V,G,-2.782,0.1985,9.5,2
30(b),V,H,-2.275,0.085,13.5,2
30(b),V,I,0.0562,0.01915,14,2
30(b),V,K,-1.577,0.4315,7.5,2
30(b),V,L,-0.1978,0.06435,14.5,2
30(b),V,M,-0.171,0.1506,18.5,2
30(b),V,N,-2.684,0.08,9,2
30(b),V,P,-5.984,0,10.5,2
30(b),V,Q,-0.6419,0.3112,15.5,2
30(b),V,R,-1.567,0.0595,10,2
30(b),V,S,-0.5542,0.1803,11,2
30(b),V,T,-0.2861,0.0492,11.5,2
30(b),V,V,0,0,,2
30(b),V,W,-0.03981,0.06529,15.5,2
30(b),V,Y,-1.507,0.167,13,2
31(a),D,-,-0.6945,0.05425,4,2
31(a),D,A,-0.7176,0.1603,5.5,2
31(a),D,C,-0.7559,0.00055,9,2
31(a),D,D,0,0,,2
31(a),D,E,-0.7264,0.1867,4.5,2
31(a),D,F,-1.681,0.1705,10,2
31(a),D,G,-0.2229,0.0062,11,2
31(a),D,H,-1.187,0.2906,13,2
31(a),D,I,-1.388,0.017,8.5,2
31(a),D,K,-0.8176,0.2633,8,2
31(a),D,L,-1.465,0.0945,11,2
31(a),D,M,-0.8083,0.1004,9,2
31(a),D,N,-0.0341,0.00435,22,2
31(a),D,P,-4.123,0,7,2
31(a),D,Q,-0.1545,0.1282,16.5,2
31(a),D,R,-0.349,0.2046,11.5,2
31(a),D,S,-0.2555,0.1334,6,2
31(a),D,T,-0.267,0.09975,5.5,2
31(a),D,V,-1.189,0.05,9.5,2
31(a),D,W,-1.655,0.1475,10,2
31(a),D,Y,-1.687,0.14,13,2
31(b),K,*,-1.279,0,0.5,1
31(b),K,-,-2.402,1.482,2.5,2
31(b),K,A,-0.08715,0.1246,12.5,2
31(b),K,C,-3.077,0,11,2
31(b),K,D,-1.861,0.0985,12.5,2
31(b),K,E,-1.014,0.12,18.5,2
31(b),K,F,-0.4941,0.014,18,2
31(b),K,G,-0.5413,0.1171,11,2
31(b),K,H,-0.3123,0.0332,6.5,2
31(b),K,I,-1.689,0.003,11.5,2
31(b),K,K,0,0,,2
31(b),K,L,-0.773,0.01245,17.5,2
31(b),K,M,-0.1329,0.1552,10.5,2
31(b),K,N,-0.2117,0.1495,14.5,2
31(b),K,P,-5.947,0,11,2
31(b),K,Q,-0.3134,0.2146,9,2
31(b),K,R,0.03496,0.00948,14,2
31(b),K,S,-0.1093,0.1111,7,2
31(b),K,T,-0.2396,0.07095,14,2
31(b),K,V,-2.019,0.078,11.5,2
31(b),K,W,-0.8069,0.3301,15,2
31(b),K,Y,-0.07636,0.04454,10,2
32(a),G,-,-0.6768,0.2263,3.5,2
32(a),G,A,-0.06523,0.01238,7.5,2
32(a),G,C,-0.2977,0.2096,16.5,2
32(a),G,D,-0.0644,0.1012,18.5,2
32(a),G,E,-0.1584,0.0461,7.5,2
32(a),G,F,0.05668,0.01794,8,2
32(a),G,G,0,0,,2
32(a),G,H,0.02092,0.01258,6.5,2
32(a),G,I,-0.2982,0.1206,7,2
32(a),G,K,-0.1046,0.1208,6.5,2
32(a),G,L,-0.2088,0.0064,9,2
32(a),G,M,-0.277,0.0855,7,2
32(a),G,N,-0.03378,0.1049,12,2
32(a),G,P,-0.7379,0.4471,6,2
32(a),G,Q,-0.2036,0.06625,6,2
32(a),G,R,-0.05082,0.05098,11,2
32(a),G,S,-0.5012,0.2898,5.5,2
32(a),G,T,-0.1196,0.1184,8.5,2
32(a),G,V,-0.6255,0.1759,15,2
32(a),G,W,-0.4007,0.1706,6.5,2
32(a),G,Y,-0.2415,0.0715,9.5,2
32(b),Y,*,-5.252,0,2,2
32(b),Y,-,-0.04433,0.009,2,2
32(b),Y,A,-2.815,0.129,8.5,2
32(b),Y,C,-2.905,0.134,24,2
32(b),Y,D,-5.637,0,11,2
32(b),Y,E,-5.89,0,8,2
32(b),Y,F,-0.4968,0.134,14,2
32(b),Y,G,-5.293,0,11,2
32(b),Y,H,-1.149,0.2037,12.5,2
32(b),Y,I,-1.491,0.5132,7.5,2
32(b),Y,K,-1.176,0.3388,11,2
32(b),Y,L,-1.572,0.223,9.5,2
32(b),Y,M,-1.102,0.1316,15,2
32(b),Y,N,-3.026,0.04,13,2
32(b),Y,P,-5.956,0,10,2
32(b),Y,Q,-2.639,0.2795,16,2
32(b),Y,R,-1.042,0.0739,11,2
32(b),Y,S,-3.445,0,10,2
32(b),Y,T,-2.684,0,8.5,2
32(b),Y,V,-1.46,0.2615,12.5,2
32(b),Y,W,-1.037,0.2633,9,2
32(b),Y,Y,0,0,,2
33(a),D,-,-1.098,1.033,2.5,2
33(a),D,A,-0.6327,0.031,9,2
33(a),D,C,-0.6137,0.1186,8.5,2
33(a),D,D,0,0,,2
33(a),D,E,0.007415,0.0243,10.5,2
33(a),D,F,-0.5849,0.0346,6.5,2
33(a),D,G,-0.2126,0.03045,11.5,2
33(a),D,H,-0.2368,0.2452,8.5,2
33(a),D,I,-0.2227,0.1835,8.5,2
33(a),D,K,-1.107,0.2253,7.5,2
33(a),D,L,-0.6773,0.1507,9,2
33(a),D,M,-0.6511,0.458,7,2
33(a),D,N,-0.09122,0.01668,16,2
33(a),D,P,-2.261,0.0635,5.5,2
33(a),D,Q,-0.1844,0.1222,9,2
33(a),D,R,-1.659,0.1455,11.5,2
33(a),D,S,-0.07024,0.07996,5,2
33(a),D,T,-0.5895,0.0352,9,2
33(a),D,V,-1.192,0.0905,17,2
33(a),D,W,-1.753,0.144,14.5,2
33(a),D,Y,-1.217,0.0535,12.5,2
33(b),I,-,-1.799,1.418,3,2
33(b),I,A,-0.2549,0.2573,13.5,2
33(b),I,C,-0.07701,0.02196,10.5,2
33(b),I,D,-5.173,0,14,2
33(b),I,E,-2.687,0.1315,8,2
33(b),I,F,-0.06596,0.009155,13.5,2
33(b),I,G,-0.8714,0.0747,11,2
33(b),I,H,-0.2528,0.01545,7.5,2
33(b),I,I,0,0,,2
33(b),I,K,-3.912,0,14,2
33(b),I,L,-0.4379,0.02725,13,2
33(b),I,M,-0.06887,0.1175,9,2
33(b),I,N,-1.052,0.5216,8,2
33(b),I,P,-5.782,0,11.5,2
33(b),I,Q,-1.451,0.208,9.5,2
33(b),I,R,-3.387,0,13.5,2
33(b),I,S,-0.1684,0.1351,8.5,2
33(b),I,T,-0.4696,0.0406,12,2
33(b),I,V,-0.1075,0.03191,15.5,2
33(b),I,W,-1.096,0.6441,8.5,2
33(b),I,Y,-0.05124,0.09896,9,2
34(a),E,*,-2.973,1.467,2,2
34(a),E,-,-0.5658,0.4842,2.5,2
34(a),E,A,-0.2268,0.069,9.5,2
34(a),E,C,-0.001455,0.06657,6,2
34(a),E,D,-0.6401,0.1491,16,2
34(a),E,E,0,0,,2
34(a),E,F,-2.212,0.405,10.5,2
34(a),E,G,-0.6419,0.3578,15,2
34(a),E,H,-1.047,0.3236,6.5,2
34(a),E,I,-0.06638,0.03352,6.5,2
34(a),E,K,-1.58,0.565,13,2
34(a),E,L,-0.2417,0.1641,11.5,2
34(a),E,M,-0.05527,0.05173,6,2
34(a),E,N,-0.686,0.1947,8.5,2
34(a),E,P,-0.6017,0.1393,10.5,2
34(a),E,Q,-0.5772,0.07835,13.5,2
34(a),E,R,-0.6053,0.144,5.5,2
34(a),E,S,-0.1479,0.08446,14,2
34(a),E,T,-0.3191,0.0025,6.5,2
34(a),E,V,-0.4078,0.1121,14,2
34(a),E,W,-2.343,0.028,11,2
34(a),E,Y,-1.44,0.1785,9.5,2
34(b),H,-,-1.606,1.408,4,2
34(b),H,A,-0.5265,0.1558,13,2
34(b),H,C,-0.2083,0.112,10.5,2
34(b),H,D,-4.139,0,12,2
34(b),H,E,-3.178,0.384,7,2
34(b),H,F,-0.1216,0.03646,10,2
34(b),H,G,-0.6735,0.3385,8,2
34(b),H,H,0,0,,2
34(b),H,I,-2.253,0.148,11,2
34(b),H,K,-2.357,0.36,8.5,2
34(b),H,L,-0.9299,0.07105,14,2
34(b),H,M,-0.5298,0.1833,8.5,2
34(b),H,N,0.03766,0.01158,13,2
34(b),H,P,-5.904,0,11.5,2
34(b),H,Q,-1.203,0.1805,12.5,2
34(b),H,R,-0.6562,0.1303,17.5,2
34(b),H,S,-0.09975,0.1503,12.5,2
34(b),H,T,-0.5258,0.1349,11.5,2
34(b),H,V,-2.003,0.196,13,2
34(b),H,W,-0.1391,0.04772,19.5,2
34(b),H,Y,-0.4007,0.4802,11,2
35(a),I,-,-3.131,1.326,3,2
35(a),I,A,-0.6462,0.243,5.5,2
35(a),I,C,0.02228,0.00576,7.5,2
35(a),I,D,-5.963,0,5.5,2
35(a),I,E,-1.14,0.2071,9,2
35(a),I,F,-0.611,0.3541,6.5,2
35(a),I,G,-2.933,0.1285,7.5,2
35(a),I,H,-3.389,0,10,2
35(a),I,I,0,0,,2
35(a),I,K,-5.695,0,5,2
35(a),I,L,-0.127,0.1984,10.5,2
35(a),I,M,-0.3859,0.1138,9.5,2
35(a),I,N,-2.811,0.113,12,2
35(a),I,P,-4.5,0,8,2
35(a),I,Q,-2.142,0.036,9.5,2
35(a),I,R,-5.814,0,12.5,2
35(a),I,S,-1.344,0.093,7,2
35(a),I,T,-0.1985,0.2429,8,2
35(a),I,V,-0.02172,0.04327,10.5,2
35(a),I,W,-1.105,0.1334,8.5,2
35(a),I,Y,-0.8589,0.0723,10,2
35(b),N,-,-0.1451,0.0131,4,2
35(b),N,A,-1.201,0.004,12,2
35(b),N,C,-1.836,0.082,9.5,2
35(b),N,D,-1.195,0.119,17.5,2
35(b),N,E,-2.258,0.088,11,2
35(b),N,F,-5.75,0,8.5,2
35(b),N,G,-0.1974,0.2721,9.5,2
35(b),N,H,-2.611,0.137,14,2
35(b),N,I,-4.606,0,12.5,2
35(b),N,K,-4.265,0,13,2
35(b),N,L,-2.885,0.132,13,2
35(b),N,M,-2.005,0.0545,7,2
35(b),N,N,0,0,,2
35(b),N,P,-5.862,0,15.5,2
35(b),N,Q,-0.1426,0.03745,8.5,2
35(b),N,R,-4.261,0,13.5,2
35(b),N,S,-1.95,0.2315,12.5,2
35(b),N,T,-4.049,0,15.5,2
35(b),N,V,-4.758,0,8,2
35(b),N,W,-5.962,0,14,2
35(b),N,Y,-5.798,0,11.5,2
36(a),F,-,-1.091,0.9729,3.5,2
36(a),F,A,-0.8154,0.2926,2.5,2
36(a),F,C,-0.1263,0.03102,10,2
36(a),F,D,-1.32,0.208,5,2
36(a),F,E,-2.284,0.0415,8,2
36(a),F,F,0,0,,2
36(a),F,G,-0.1338,0.00235,7,2
36(a),F,H,-0.8538,0.00235,7.5,2
36(a),F,I,-0.5397,0.2082,10.5,2
36(a),F,K,-3.343,0,12,2
36(a),F,L,0.002505,0.06251,11,2
36(a),F,M,-0.1099,0.1053,6,2
36(a),F,N,-0.7159,0.0076,11,2
36(a),F,P,-5.911,0,5,2
36(a),F,Q,-0.7663,0.2347,5,2
36(a),F,R,-6.027,0,8,2
36(a),F,S,-0.7027,0.01675,11,2
36(a),F,T,-0.4945,0.3375,7.5,2
36(a),F,V,-0.5376,0.2122,9.5,2
36(a),F,W,-0.2064,0.1677,9.5,2
36(a),F,Y,-0.1404,0.104,6.5,2
36(b),R,-,-0.1346,0.00365,4,2
36(b),R,A,-0.1502,0.2012,15.5,2
36(b),R,C,-0.7234,0.02255,11,2
36(b),R,D,-0.5224,0.2459,13.5,2
36(b),R,E,-1.108,0.03,8.5,2
36(b),R,F,-0.8054,0.05125,12.5,2
36(b),R,G,0.03516,0.01392,8.5,2
36(b),R,H,-0.2076,0.1394,13,2
36(b),R,I,-2.045,0.2135,8.5,2
36(b),R,K,-0.02088,0.01681,6.5,2
36(b),R,L,-1.001,0.3644,13,2
36(b),R,M,-0.3005,0.2893,13.5,2
36(b),R,N,-0.07476,0.07534,15.5,2
36(b),R,P,-5.798,0,11.5,2
36(b),R,Q,-0.04097,0.05247,22,2
36(b),R,R,0,0,,2
36(b),R,S,-0.03993,0.06077,12.5,2
36(b),R,T,-0.3721,0.2147,12.5,2
36(b),R,V,-2.017,0.0715,12.5,2
36(b),R,W,-1.679,0.0055,18,2
36(b),R,Y,-1.545,0.35,8.5,2
37(a),H,*,-5.976,0,0.5,1
37(a),H,-,-1.576,1.44,3,2
37(a),H,A,-0.2763,0.2013,9.5,2
37(a),H,C,-0.2874,0.148,6,2
37(a),H,D,-0.3898,0.1217,6,2
37(a),H,E,-0.474,0.02615,7.5,2
37(a),H,F,-0.2519,0.1419,11,2
37(a),H,G,-1.107,0.2038,14.5,2
37(a),H,H,0,0,,2
37(a),H,I,-0.4006,0.2641,13,2
37(a),H,K,-0.3956,0.1803,10.5,2
37(a),H,L,-1.332,0.0015,9.5,2
37(a),H,M,-0.4261,0.1428,8,2
37(a),H,N,-0.2333,0.07415,10,2
37(a),H,P,-5.783,0,9.5,2
37(a),H,Q,-0.4367,0.3648,10,2
37(a),H,R,-0.07806,0.08734,20,2
37(a),H,S,-0.1366,0.1735,7.5,2
37(a),H,T,-0.3222,0.3156,8.5,2
37(a),H,V,-0.4221,0.1549,9,2
37(a),H,W,-0.5582,0.0846,11,2
37(a),H,Y,-0.03971,0.02533,16.5,2
37(b),Q,*,-6.015,0,10,2
37(b),Q,-,-3.404,0,3.5,1
37(b),Q,A,0.05782,0.01879,8.5,2
37(b),Q,C,-0.108,0.1417,16.5,2
37(b),Q,D,-0.1713,0.02385,11,2
37(b),Q,E,-0.1109,0.06542,11,2
37(b),Q,F,0.01727,0.04256,11.5,2
37(b),Q,G,-0.02007,0.08353,12.5,2
37(b),Q,H,-0.06106,0.0121,14.5,2
37(b),Q,I,0.01191,0.03434,10,2
37(b),Q,K,-0.1021,0.174,9.5,2
37(b),Q,L,-0.04779,0.07891,14.5,2
37(b),Q,M,-0.09695,0.01294,11,2
37(b),Q,N,-0.0905,0.0223,12,2
37(b),Q,P,-5.998,0,8.5,2
37(b),Q,Q,0,0,,2
37(b),Q,R,-0.05035,0.001855,15.5,2
37(b),Q,S,-2.712,0.134,8.5,2
37(b),Q,T,-4.671,0,13.5,2
37(b),Q,V,-0.06087,0.02553,14,2
37(b),Q,W,-0.221,0.163,13.5,2
37(b),Q,Y,-0.3193,0.00325,16.5,2
38(a),V,-,-0.07239,0.08252,2,2
38(a),V,A,-0.1631,0.02565,15,2
38(a),V,C,-0.00261,0.01274,7.5,2
38(a),V,D,-2.228,0.0865,5.5,2
38(a),V,E,-0.4256,0.1096,10.5,2
38(a),V,F,-1.697,0.114,8,2
38(a),V,G,-1.511,0.133,10,2
38(a),V,H,-0.9637,0.0813,11,2
38(a),V,I,-0.01553,0.04762,7,2
38(a),V,K,-4.018,0,10.5,2
38(a),V,L,0.02571,0.00388,15.5,2
38(a),V,M,-0.02531,0.002735,17,2
38(a),V,N,-1.008,0.08285,7,2
38(a),V,P,-1.235,0.3093,10,2
38(a),V,Q,-0.7622,0.1459,7,2
38(a),V,R,-3.371,0,9,2
38(a),V,S,-0.1587,0,0.5,1
38(a),V,T,-0.5913,0.03115,6.5,2
38(a),V,V,0,0,,2
38(a),V,W,-5.735,0,11,2
38(a),V,Y,-0.5452,0.5528,9,2
38(b),Q,*,-5.869,0,16,2
38(b),Q,-,-0.1008,0,3,1
38(b),Q,A,-0.4174,0.1059,3,2
38(b),Q,C,-0.1116,0.1324,11,2
38(b),Q,D,-0.4479,0.01485,8.5,2
38(b),Q,E,-0.1925,0.07975,12,2
38(b),Q,F,-1.719,0.2225,13.5,2
38(b),Q,G,-0.7668,0.05065,11,2
38(b),Q,H,-1.757,0.224,12.5,2
38(b),Q,I,0.002775,0.04807,16.5,2
38(b),Q,K,-1.458,0.228,11,2
38(b),Q,L,-0.04641,0.01823,13,2
38(b),Q,M,-0.06482,0.05478,14.5,2
38(b),Q,N,-0.1765,0.2249,13.5,2
38(b),Q,P,-0.392,0.3424,15.5,2
38(b),Q,Q,0,0,,2
38(b),Q,R,-1.459,0.073,22.5,2
38(b),Q,S,-0.2036,0.07705,11.5,2
38(b),Q,T,0.03556,0.02414,16,2
38(b),Q,V,-0.1267,0.1423,11.5,2
38(b),Q,W,-3.658,0,7,2
38(b),Q,Y,-1.546,0.155,9.5,2
39(a),D,-,-0.02285,0.01135,2,2
39(a),D,A,-0.1075,0.05379,11,2
39(a),D,C,-0.2122,0.1108,8.5,2
39(a),D,D,0,0,,2
39(a),D,E,-0.1433,0.1333,6.5,2
39(a),D,F,-0.1788,0.04165,8.5,2
39(a),D,G,-0.1087,0.0367,11,2
39(a),D,H,-0.1844,0.2312,8.5,2
39(a),D,I,-0.7226,0.2113,10,2
39(a),D,K,-0.3698,0.2682,8.5,2
39(a),D,L,-0.5305,0.3528,9,2
39(a),D,M,-0.221,0.0956,11,2
39(a),D,N,-0.009045,0.02185,17.5,2
39(a),D,P,-1.281,0.9097,7,2
39(a),D,Q,-0.164,0.1752,6.5,2
39(a),D,R,-0.09026,0.09584,9.5,2
39(a),D,S,-0.136,0.1608,6.5,2
39(a),D,T,-1.606,0.146,9,2
39(a),D,V,-0.4318,0.138,10,2
39(a),D,W,-0.6657,0.136,9,2
39(a),D,Y,-0.9261,0.09395,11,2
39(b),D,-,-0.05606,0,3.5,1
39(b),D,A,-0.0651,0.0434,17.5,2
39(b),D,C,0.0383,0.00085,8,2
39(b),D,D,0,0,,2
39(b),D,E,-0.1804,0.1624,12,2
39(b),D,F,-0.01336,0.04903,9.5,2
39(b),D,G,-0.2974,0.3236,11.5,2
39(b),D,H,-0.1274,0.1759,14,2
39(b),D,I,-0.3683,0.4375,11.5,2
39(b),D,K,-0.8206,0.1514,10.5,2
39(b),D,L,-0.00987,0.0547,12.5,2
39(b),D,M,-0.08767,0.07753,8.5,2
39(b),D,N,0.02618,0.000565,15,2
39(b),D,P,-2.593,0.0115,11.5,2
39(b),D,Q,0.01636,0.01151,12,2
39(b),D,R,-0.7828,0.0181,5.5,2
39(b),D,S,0.03947,0.004515,12,2
39(b),D,T,-0.01401,0.023,10,2
39(b),D,V,0.03193,0.03054,12,2
39(b),D,W,-0.5245,0.5605,10.5,2
39(b),D,Y,-0.2951,0.28,13,2
4(T2A),E,-,0.04818,0.006855,3.5,2
4(T2A),E,A,0.03144,0.04215,1,2
4(T2A),E,D,0.01575,0.0346,4.5,2
4(T2A),E,E,0,0,,2
4(T2A),E,G,0.06386,0,3,1
4(T2A),E,K,0.01375,0.01936,4,2
4(T2A),E,V,0.01076,0,0.5,1
4(a),G,*,-5.998,0,11.5,2
4(a),G,A,-0.004242,0.009239,12.5,2
4(a),G,C,-0.3878,0.2148,7,2
4(a),G,D,-0.2442,0.1873,8,2
4(a),G,E,-0.1156,0.02253,12,2
4(a),G,F,-0.3147,0.0457,11,2
4(a),G,G,0,0,,2
4(a),G,H,0.004925,0.03639,7,2
4(a),G,I,-0.2296,0.0483,7.5,2
4(a),G,K,-0.5207,0.5283,7,2
4(a),G,L,-1.149,0.7222,5.5,2
4(a),G,M,-0.03156,0.09324,7.5,2
4(a),G,N,0.03,0.0166,8,2
4(a),G,P,-0.0354,0.02845,7.5,2
4(a),G,Q,-0.02443,0.05103,9,2
4(a),G,R,-0.04265,0.05047,16,2
4(a),G,S,0.02811,0.03644,9,2
4(a),G,T,-0.01819,0.00373,12,2
4(a),G,V,-0.09498,0.03472,15,2
4(a),G,W,-0.3016,0.2855,10,2
4(a),G,Y,-0.07423,0.04286,9.5,2
4(b),E,*,-5.988,0,4,2
4(b),E,-,-0.0883,0.023,3,2
4(b),E,A,-0.1154,0.1555,12.5,2
4(b),E,C,-0.1333,0.08765,12.5,2
4(b),E,D,-0.01772,0.01817,13,2
4(b),E,E,0,0,,2
4(b),E,F,-0.02643,0.07817,12.5,2
4(b),E,G,-0.06832,0.01491,10,2
4(b),E,H,0.04864,0.00345,11,2
4(b),E,I,-0.03508,0.04221,16.5,2
4(b),E,K,-0.02687,0.03625,32,2
4(b),E,L,-0.05305,0.0447,10.5,2
4(b),E,M,-0.006705,0.02023,13,2
4(b),E,N,-0.19,0.04485,13,2
4(b),E,P,-0.004525,0.07947,10,2
4(b),E,Q,-0.02656,0.02772,17,2
4(b),E,R,0.01406,0.004403,9.5,2
4(b),E,S,-0.05872,0.02124,10,2
4(b),E,T,-0.02509,0.05033,10.5,2
4(b),E,V,0.008504,0.01645,10.5,2
4(b),E,W,-0.2694,0.1261,9.5,2
4(b),E,Y,0.02792,0.01253,11,2
40(a),L,-,-0.05839,0.05341,2,2
40(a),L,A,-0.1936,0.06285,6,2
40(a),L,C,-0.4442,0.1677,4.5,2
40(a),L,D,-5.954,0,8.5,2
40(a),L,E,-5.242,0,14,2
40(a),L,F,0.006586,0.008734,10,2
40(a),L,G,-0.4857,0.0019,7.5,2
40(a),L,H,-0.8647,0.1623,7.5,2
40(a),L,I,-0.112,0.03411,9.5,2
40(a),L,K,-0.9601,0.4619,7,2
40(a),L,L,0,0,,2
40(a),L,M,-0.1294,0.07297,6.5,2
40(a),L,N,-1.111,0.0825,6,2
40(a),L,P,-0.2738,0.00095,17,2
40(a),L,Q,-0.9388,0.3432,8,2
40(a),L,R,-2.327,0.3265,8,2
40(a),L,S,-1.559,0.0255,6,2
40(a),L,T,-0.7182,0.3668,6.5,2
40(a),L,V,-0.249,0.1677,8,2
40(a),L,W,-5.876,0,5,2
40(a),L,Y,-5.892,0,8.5,2
40(b),V,-,-2.567,1.487,5,2
40(b),V,A,-0.4649,0.0221,14.5,2
40(b),V,C,-0.336,0.3736,8.5,2
40(b),V,D,-4.326,0,6.5,2
40(b),V,E,-5.229,0,12.5,2
40(b),V,F,0.00962,0.05745,15.5,2
40(b),V,G,-2.322,0.0535,13.5,2
40(b),V,H,-1.295,0.144,13,2
40(b),V,I,-0.09495,0.02214,11,2
40(b),V,K,-0.9819,0.246,6.5,2
40(b),V,L,-0.3695,0.4008,13.5,2
40(b),V,M,-0.2827,0.094,22.5,2
40(b),V,N,-1.829,0.51,8,2
40(b),V,P,-5.881,0,12,2
40(b),V,Q,-3.06,0.2425,8.5,2
40(b),V,R,-1.259,0.104,12,2
40(b),V,S,-1.25,0.125,11,2
40(b),V,T,-0.2793,0.1352,13,2
40(b),V,V,0,0,,2
40(b),V,W,-0.00104,0.04772,12.5,2
40(b),V,Y,-0.737,0.297,9,2
41(a),Q,*,-5.946,0,8,2
41(a),Q,-,-0.2812,0.2361,2.5,2
41(a),Q,A,0.03524,0.01472,9,2
41(a),Q,C,-0.6109,0.04025,6,2
41(a),Q,D,-0.8043,0.0588,7,2
41(a),Q,E,-0.3305,0.1635,9,2
41(a),Q,F,-0.3042,0.0873,10,2
41(a),Q,G,-0.01643,0.02554,11.5,2
41(a),Q,H,-0.1946,0.169,15,2
41(a),Q,I,0.03739,0.01573,7,2
41(a),Q,K,-0.08217,0.1081,11.5,2
41(a),Q,L,0.0167,0.009506,7.5,2
41(a),Q,M,-0.07973,0.07287,3.5,2
41(a),Q,N,-5.364,0,9,2
41(a),Q,P,0.0234,0.04596,12,2
41(a),Q,Q,0,0,,2
41(a),Q,R,-0.01001,0.05056,19.5,2
41(a),Q,S,0.0132,0.039,6.5,2
41(a),Q,T,-0.03849,0.0389,10,2
41(a),Q,V,-0.2507,0.2317,9,2
41(a),Q,W,-0.3687,0.1642,9,2
41(a),Q,Y,-0.2525,0.06525,8.5,2
41(b),H,-,-0.8024,0.7876,4.5,2
41(b),H,A,-1.157,0.4953,8,2
41(b),H,C,-0.6507,0.2848,14,2
41(b),H,D,-5.835,0,9.5,2
41(b),H,E,-1.137,0.013,13.5,2
41(b),H,F,-0.407,0.1019,8.5,2
41(b),H,G,-1.442,0.225,13.5,2
41(b),H,H,0,0,,2
41(b),H,I,-0.484,0.3089,9.5,2
41(b),H,K,-1.437,0.0225,8,2
41(b),H,L,-0.8816,0.5855,10.5,2
41(b),H,M,-0.2515,0.1411,7,2
41(b),H,N,-0.6813,0.6747,7,2
41(b),H,P,-6.002,0,9,2
41(b),H,Q,-0.7462,0.0095,15,2
41(b),H,R,-1.498,0.3365,10,2
41(b),H,S,-0.1044,0.1775,5.5,2
41(b),H,T,-0.4597,0.119,9.5,2
41(b),H,V,-0.2135,0.1045,12,2
41(b),H,W,-0.5609,0.1124,12,2
41(b),H,Y,-0.3747,0.0606,30,2
42(a),K,*,-2.502,0.7605,1,2
42(a),K,-,-0.236,0.1957,3,2
42(a),K,A,-0.4757,0.1807,8,2
42(a),K,C,-1.308,0.0645,7.5,2
42(a),K,D,-0.806,0.309,8,2
42(a),K,E,-0.7278,0.2782,10,2
42(a),K,F,-0.468,0.2659,16.5,2
42(a),K,G,-0.2833,0.1359,6,2
42(a),K,H,-0.07989,0.08011,6,2
42(a),K,I,-0.1692,0.1312,14.5,2
42(a),K,K,0,0,,2
42(a),K,L,-0.2026,0.02205,7,2
42(a),K,M,-0.03486,0.02476,11,2
42(a),K,N,-0.01542,0.03599,12,2
42(a),K,P,-0.4955,0.0257,13,2
42(a),K,Q,0.02055,0.02873,9,2
42(a),K,R,-0.136,0.1954,7,2
42(a),K,S,-0.4137,0.2207,7.5,2
42(a),K,T,-0.09152,0.1394,10,2
42(a),K,V,-0.338,0.05165,8,2
42(a),K,W,-0.3974,0.3524,6,2
42(a),K,Y,-0.3207,0.1615,10.5,2
42(b),Y,*,-5.243,0,2.5,2
42(b),Y,-,-0.1734,0.1485,4,2
42(b),Y,A,-5.973,0,13.5,2
42(b),Y,C,-4.125,0,14.5,2
42(b),Y,D,-5.946,0,5,2
42(b),Y,E,-5.636,0,17,2
42(b),Y,F,-0.1079,0.06062,14.5,2
42(b),Y,G,-5.971,0,5.5,2
42(b),Y,H,-5.919,0,9,2
42(b),Y,I,-0.7058,0.2077,14.5,2
42(b),Y,K,-5.925,0,6.5,2
42(b),Y,L,-0.1512,0.1861,11.5,2
42(b),Y,M,-0.601,0.0415,10.5,2
42(b),Y,N,-5.874,0,14.5,2
42(b),Y,P,-5.957,0,7.5,2
42(b),Y,Q,-5.673,0,6,2
42(b),Y,R,-5.617,0,9,2
42(b),Y,S,-5.973,0,8.5,2
42(b),Y,T,-5.985,0,12,2
42(b),Y,V,-2.942,0.088,11,2
42(b),Y,W,-0.591,0.2135,10.5,2
42(b),Y,Y,0,0,,2
43(a),S,-,-0.06422,0.03838,2.5,2
43(a),S,A,0.0313,0.00418,9,2
43(a),S,C,-0.759,0.324,9.5,2
43(a),S,D,-0.185,0.00665,7,2
43(a),S,E,-0.2836,0.08605,6.5,2
43(a),S,F,-0.1517,0.2039,9,2
43(a),S,G,-0.00817,0.000958,5.5,2
43(a),S,H,-1.363,0.3265,4,2
43(a),S,I,-0.2077,0.1067,8,2
43(a),S,K,-1.532,0.075,11.5,2
43(a),S,L,-0.2784,0.0725,9.5,2
43(a),S,M,-0.06778,0.06343,5.5,2
43(a),S,N,-5.846,0,12,2
43(a),S,P,-0.3911,0.3112,7,2
43(a),S,Q,-0.1791,0.1824,6,2
43(a),S,R,-1.224,0.204,8,2
43(a),S,S,0,0,,2
43(a),S,T,0.00201,0.0111,8.5,2
43(a),S,V,-0.0254,0.03048,5,2
43(a),S,W,-5.8,0,7,2
43(a),S,Y,-0.227,0.2877,11,2
43(b),D,-,-1.028,0.61,5,2
43(b),D,A,-0.6049,0.1511,10.5,2
43(b),D,C,-0.97,0.091,8,2
43(b),D,D,0,0,,2
43(b),D,E,-0.8992,0.1938,13,2
43(b),D,F,-2.904,0.1285,12,2
43(b),D,G,-3.082,0,20.5,2
43(b),D,H,-1.171,0.1225,16.5,2
43(b),D,I,-2.882,0.124,11.5,2
43(b),D,K,-3.667,0,9,2
43(b),D,L,-2.332,0.2305,11,2
43(b),D,M,-2.935,0.0855,9,2
43(b),D,N,-0.19,0.1045,14,2
43(b),D,P,-5.93,0,9,2
43(b),D,Q,-2.491,0.315,6.5,2
43(b),D,R,-2.506,0.3345,10.5,2
43(b),D,S,-0.3158,0.3213,7,2
43(b),D,T,-1.11,0.4127,11.5,2
43(b),D,V,-2.558,0.1665,10.5,2
43(b),D,W,-2.9,0.131,8.5,2
43(b),D,Y,-2.288,0.1365,12.5,2
44(a),E,*,-4.832,0,5.5,2
44(a),E,-,-0.02627,0.01761,2.5,2
44(a),E,A,-0.1942,0.1858,12,2
44(a),E,C,-0.4683,0.0931,5.5,2
44(a),E,D,-0.0166,0.06631,9.5,2
44(a),E,E,0,0,,2
44(a),E,F,-0.07157,0.1009,8.5,2
44(a),E,G,-0.1862,0.026,18.5,2
44(a),E,H,-0.03747,0.02793,10,2
44(a),E,I,-0.03629,0.04332,6,2
44(a),E,K,-0.02745,0.00604,11.5,2
44(a),E,L,-0.2124,0.0934,5,2
44(a),E,M,-0.3873,0.4171,7.5,2
44(a),E,N,-0.1075,0.1526,6,2
44(a),E,P,-2.266,0.0515,8.5,2
44(a),E,Q,-0.2967,0.3262,11,2
44(a),E,R,-0.05381,0.07739,7.5,2
44(a),E,S,-0.0254,0.0559,7.5,2
44(a),E,T,0.00196,0.03967,8.5,2
44(a),E,V,-0.01264,0.03179,11,2
44(a),E,W,-0.08788,0.1163,7,2
44(a),E,Y,-0.1867,0.01815,10.5,2
44(b),S,-,-3.972,0.536,6.5,2
44(b),S,A,-1.518,0.0175,7,2
44(b),S,C,-2.178,0.0475,16,2
44(b),S,D,-2.289,0.464,10.5,2
44(b),S,E,-4.628,0,8,2
44(b),S,F,-1.753,0.003,12,2
44(b),S,G,-0.5895,0.2386,18,2
44(b),S,H,-1.827,0.399,9,2
44(b),S,I,-2.819,0.0705,13,2
44(b),S,K,-3.916,0,8,2
44(b),S,L,-2.803,0.26,9.5,2
44(b),S,M,-1.89,0.014,9.5,2
44(b),S,N,-1.288,0.196,17,2
44(b),S,P,-2.253,0.0405,8.5,2
44(b),S,Q,-2.727,0.0585,10,2
44(b),S,R,-3.079,0,17.5,2
44(b),S,S,0,0,,2
44(b),S,T,-0.5938,0.1593,13,2
44(b),S,V,-2.04,0.0795,10.5,2
44(b),S,W,-1.824,0.112,7,2
44(b),S,Y,-1.149,0.3133,7.5,2
45(a),T,-,-0.2071,0.05105,4,2
45(a),T,A,-0.03705,0.05166,15,2
45(a),T,C,-0.1851,0.1795,13.5,2
45(a),T,D,0.01935,0.01821,12,2
45(a),T,E,-0.9546,0.1123,7,2
45(a),T,F,-1.861,0.0005,12.5,2
45(a),T,G,-0.2298,0.2019,6,2
45(a),T,H,-1.886,0.1425,6.5,2
45(a),T,I,-0.1075,0.02984,10.5,2
45(a),T,K,-1.269,0.042,12,2
45(a),T,L,-0.7584,0.1497,12,2
45(a),T,M,-0.2574,0.2936,8.5,2
45(a),T,N,-0.1774,0.07415,9.5,2
45(a),T,P,-0.02329,0.00326,16,2
45(a),T,Q,-1.301,0.12,7,2
45(a),T,R,-2.119,0.6575,9,2
45(a),T,S,-0.084,0.0167,9.5,2
45(a),T,T,0,0,,2
45(a),T,V,-0.4835,0.3747,9.5,2
45(a),T,W,-2.502,0.229,12,2
45(a),T,Y,-1.877,0.278,7.5,2
45(b),D,*,0.008999,0,0.5,1
45(b),D,-,-0.02073,0.00183,5,2
45(b),D,A,-0.01643,0.03152,10,2
45(b),D,C,-0.09548,0.09202,12,2
45(b),D,D,0,0,,2
45(b),D,E,0.03124,0.00299,12,2
45(b),D,F,0.01179,0.01881,13.5,2
45(b),D,G,-0.1824,0.1297,16,2
45(b),D,H,-0.1546,0.176,10,2
45(b),D,I,-0.05335,0.09776,5.5,2
45(b),D,K,0.0225,0.01068,9.5,2
45(b),D,L,-0.2123,0.1435,11,2
45(b),D,M,-0.04235,0.03806,8.5,2
45(b),D,N,0.01392,0.05571,16,2
45(b),D,P,-3.276,0,10,2
45(b),D,Q,-0.06215,0.08965,11.5,2
45(b),D,R,-0.1011,0.09865,11.5,2
45(b),D,S,-0.04776,0.1215,11.5,2
45(b),D,T,-0.1922,0.0123,10.5,2
45(b),D,V,-0.06415,0.06105,13.5,2
45(b),D,W,-0.06842,0.09868,15,2
45(b),D,Y,-0.1475,0.09942,10.5,2
46(a),I,-,-0.2026,0.0087,3.5,2
46(a),I,A,-0.3816,0.3245,7.5,2
46(a),I,C,0.01559,0.01861,11.5,2
46(a),I,D,-0.1408,0.1711,15.5,2
46(a),I,E,0.04803,0.0169,3.5,2
46(a),I,F,-0.05538,0.02566,7.5,2
46(a),I,G,-0.3412,0.2156,11,2
46(a),I,H,0.02182,0.0124,8,2
46(a),I,I,0,0,,2
46(a),I,K,0.0383,0.001505,8,2
46(a),I,L,-0.1925,0.1165,8,2
46(a),I,M,0.02704,0.001095,8.5,2
46(a),I,N,0.02469,0.01707,8,2
46(a),I,P,-1.182,0.4341,6.5,2
46(a),I,Q,-0.08992,0.02078,7,2
46(a),I,R,-0.03128,0.05232,10,2
46(a),I,S,-0.00573,0.03746,7,2
46(a),I,T,-0.008395,0.04249,8,2
46(a),I,V,-0.008721,0.01731,18,2
46(a),I,W,-0.1233,0.093,7,2
46(a),I,Y,-0.000337,0.002179,10.5,2
46(b),V,-,-0.08348,0.04952,6,2
46(b),V,A,-0.01669,0.00255,9,2
46(b),V,C,-0.07935,0.05174,16,2
46(b),V,D,-0.1342,0.1169,6.5,2
46(b),V,E,-0.09867,0.1237,11,2
46(b),V,F,-0.152,0.0707,13,2
46(b),V,G,-0.4645,0.2782,10.5,2
46(b),V,H,-0.1238,0.06128,7,2
46(b),V,I,0.00107,0.04506,15,2
46(b),V,K,-0.1145,0.1003,7,2
46(b),V,L,-0.1086,0.1076,16,2
46(b),V,M,-0.1085,0.01758,21,2
46(b),V,N,-0.222,0.1892,14.5,2
46(b),V,P,-0.5681,0.3852,9,2
46(b),V,Q,-0.01539,0.05051,7.5,2
46(b),V,R,-0.03357,0.02703,11.5,2
46(b),V,S,-0.34,0.2434,11,2
46(b),V,T,0.01007,0.02245,6.5,2
46(b),V,V,0,0,,2
46(b),V,W,-0.03592,0.08708,13.5,2
46(b),V,Y,-0.05069,0.006315,12.5,2
47(a),W,*,-5.96,0,13.5,2
47(a),W,-,-0.2271,0.0954,3.5,2
47(a),W,A,-0.2576,0.06825,4,2
47(a),W,C,-0.1533,0.1054,8.5,2
47(a),W,D,-0.7752,0.4058,7,2
47(a),W,E,-0.6377,0.2838,5.5,2
47(a),W,F,-0.01577,0.05348,7.5,2
47(a),W,G,-0.6554,0.2361,5,2
47(a),W,H,-1.02,0.2783,8.5,2
47(a),W,I,-0.6739,0.1572,6,2
47(a),W,K,-1.714,0.3225,8.5,2
47(a),W,L,-0.4849,0.1433,12.5,2
47(a),W,M,0.01104,0.01239,10,2
47(a),W,N,-0.7149,0.0729,8,2
47(a),W,P,-0.2124,0.1827,6.5,2
47(a),W,Q,-0.3664,0.2012,7.5,2
47(a),W,R,-0.8743,0.1557,10.5,2
47(a),W,S,-0.5081,0.1205,9.5,2
47(a),W,T,-0.1571,0.08678,4.5,2
47(a),W,V,-0.09964,0.1185,7.5,2
47(a),W,W,0,0,,2
47(a),W,Y,-0.1228,0.1522,4.5,2
47(b),G,-,-0.154,0.0706,5.5,2
47(b),G,A,-0.2366,0.2184,9,2
47(b),G,C,-1.054,0.0535,12,2
47(b),G,D,-0.2328,0.1783,13,2
47(b),G,E,-0.2023,0.1741,12.5,2
47(b),G,F,-1.269,0.2858,11.5,2
47(b),G,G,0,0,,2
47(b),G,H,-0.1771,0.0159,12.5,2
47(b),G,I,-3.358,0,5.5,2
47(b),G,K,-0.5514,0.1393,14.5,2
47(b),G,L,-0.6779,0.3811,10.5,2
47(b),G,M,-0.5704,0.2908,10,2
47(b),G,N,-0.1536,0.1354,11,2
47(b),G,P,-3.125,0,7.5,2
47(b),G,Q,-0.2397,0.0804,12,2
47(b),G,R,-0.903,0.1299,12,2
47(b),G,S,-0.2652,0.0999,24,2
47(b),G,T,-1.244,0.008,10.5,2
47(b),G,V,-3.216,0.048,16,2
47(b),G,W,-1.522,0.298,6.5,2
47(b),G,Y,-1.238,0.064,8,2
48(a),R,-,-0.3573,0.3163,3.5,2
48(a),R,A,-0.1024,0.0718,6,2
48(a),R,C,-0.2804,0.1552,7,2
48(a),R,D,-0.3099,0.3672,6,2
48(a),R,E,-0.509,0.0371,8.5,2
48(a),R,F,-0.2621,0.1939,13.5,2
48(a),R,G,0.006243,0.005057,6,2
48(a),R,H,-0.1045,0.02184,12,2
48(a),R,I,-0.3266,0.1532,9,2
48(a),R,K,0.05748,0.01529,6,2
48(a),R,L,-0.2274,0.1062,7.5,2
48(a),R,M,-0.03263,0.01775,10,2
48(a),R,N,-0.06012,0.0047,8,2
48(a),R,P,-0.8728,0.00745,6.5,2
48(a),R,Q,-0.06785,0.02876,15.5,2
48(a),R,R,0,0,,2
48(a),R,S,-0.3347,0.3488,8.5,2
48(a),R,T,-0.3098,0.0122,6.5,2
48(a),R,V,-0.09879,0.1336,6.5,2
48(a),R,W,-0.13,0.02535,29.5,2
48(a),R,Y,-0.113,0.09456,6,2
48(b),H,-,-0.7407,0.7033,6,2
48(b),H,A,0.0197,0.02688,11,2
48(b),H,C,-0.00334,0.01721,13,2
48(b),H,D,-0.02402,0.06012,10.5,2
48(b),H,E,-0.1003,0.06039,12.5,2
48(b),H,F,0.03451,0.01529,11,2
48(b),H,G,0.03782,0.0377,7.5,2
48(b),H,H,0,0,,2
48(b),H,I,-0.249,0.2358,12,2
48(b),H,K,0.03234,0.04509,11.5,2
48(b),H,L,0.03579,0.00319,9.5,2
48(b),H,M,-0.00424,0.01359,15.5,2
48(b),H,N,-0.06866,0.05714,11.5,2
48(b),H,P,-5.813,0,18,2
48(b),H,Q,-0.1448,0.1937,8.5,2
48(b),H,R,-0.1538,0.1687,18,2
48(b),H,S,0.03737,0.02101,10,2
48(b),H,T,-0.01103,0.04084,7,2
48(b),H,V,0.04416,0.00126,12,2
48(b),H,W,-0.1458,0.07367,15.5,2
48(b),H,Y,0.04437,0.01674,13.5,2
49(a),L,*,-5.945,0,0.5,1
49(a),L,-,-0.0161,0.02022,2.5,2
49(a),L,A,-0.4331,0.3438,8,2
49(a),L,C,-0.1928,0.0886,7.5,2
49(a),L,D,-0.00539,0.009931,8.5,2
49(a),L,E,-0.1385,0.1093,7.5,2
49(a),L,F,-0.8275,0.2995,7,2
49(a),L,G,-1.248,0.2025,10,2
49(a),L,H,-0.3766,0.1566,10.5,2
49(a),L,I,0.006015,0.06305,10,2
49(a),L,K,0.03766,0.00077,4.5,2
49(a),L,L,0,0,,2
49(a),L,M,0.02141,0.0049,7.5,2
49(a),L,N,-0.09114,0.04066,11.5,2
49(a),L,P,-1.882,0.258,12.5,2
49(a),L,Q,-0.138,0.09522,10,2
49(a),L,R,-0.04578,0.07562,6.5,2
49(a),L,S,-0.0725,0.0286,8,2
49(a),L,T,0.02574,0.01098,7,2
49(a),L,V,-0.03959,0.08951,4.5,2
49(a),L,W,-0.9606,0.1744,11,2
49(a),L,Y,-1.22,0.4436,8,2
49(b),Y,*,-5.948,0,1,1
49(b),Y,-,-0.07761,0.007165,4.5,2
49(b),Y,A,-1.522,0.621,10,2
49(b),Y,C,-2.763,0.17,18.5,2
49(b),Y,D,-5.891,0,7,2
49(b),Y,E,-5.747,0,9,2
49(b),Y,F,0.03555,0.0289,10,2
49(b),Y,G,-5.866,0,10.5,2
49(b),Y,H,-1.484,0.1775,13,2
49(b),Y,I,-2.835,0.512,8,2
49(b),Y,K,-5.979,0,7.5,2
49(b),Y,L,-2.072,0.2195,9.5,2
49(b),Y,M,-0.3766,0.0772,10.5,2
49(b),Y,N,-3.832,0,10.5,2
49(b),Y,P,-4.351,0,10,2
49(b),Y,Q,-6.006,0,7,2
49(b),Y,R,-5.831,0,7,2
49(b),Y,S,-4.447,0,15.5,2
49(b),Y,T,-4.313,0,8.5,2
49(b),Y,V,-1.99,0.151,7,2
49(b),Y,W,0.05936,0.01252,14.5,2
49(b),Y,Y,0,0,,2
5(T2A),G,-,0.01538,0.0178,3.5,2
5(T2A),G,C,-3.832,0,3,1
5(T2A),G,D,-0.09056,0.09584,10,2
5(T2A),G,G,0,0,,2
5(T2A),G,R,-0.5985,0,0.5,1
5(T2A),G,S,-1.729,0.357,4.5,2
5(a),H,*,-6.012,0,10.5,2
5(a),H,-,-0.2544,0.0122,1,2
5(a),H,A,-0.06784,0.01134,7.5,2
5(a),H,C,0.007345,0.03272,4,2
5(a),H,D,-0.06824,0.01523,7.5,2
5(a),H,E,0.05372,0.00651,9,2
5(a),H,F,-0.04086,0.07524,9.5,2
5(a),H,G,-0.2748,0.2333,5.5,2
5(a),H,H,0,0,,2
5(a),H,I,-0.03687,0.1093,6.5,2
5(a),H,K,-0.1135,0.1277,8.5,2
5(a),H,L,-0.03925,0.03702,12.5,2
5(a),H,M,-0.04264,0.06916,5,2
5(a),H,N,-0.1902,0.2183,4.5,2
5(a),H,P,-0.1062,0.04129,8.5,2
5(a),H,Q,-0.1781,0.1893,8,2
5(a),H,R,-0.02233,0.009765,20.5,2
5(a),H,S,0.02345,0.003675,8,2
5(a),H,T,-0.02198,0.03107,7,2
5(a),H,V,-0.3385,0.1898,11,2
5(a),H,W,-0.3491,0.1723,8.5,2
5(a),H,Y,-0.1594,0.09148,16,2
5(b),T,-,-0.06105,0.03986,2.5,2
5(b),T,A,-0.01836,0.02383,15.5,2
5(b),T,C,-0.2055,0.09725,12,2
5(b),T,D,0.03741,0.0033,8.5,2
5(b),T,E,-0.3275,0.3042,7,2
5(b),T,F,-0.0923,0.08229,11,2
5(b),T,G,0.02519,0.0322,9.5,2
5(b),T,H,-0.1475,0.1207,9.5,2
5(b),T,I,0.01793,0.00693,16,2
5(b),T,K,-0.09406,0.08284,6,2
5(b),T,L,-0.06663,0.04247,14,2
5(b),T,M,-0.2945,0.2841,6.5,2
5(b),T,N,-0.2148,0.1491,9,2
5(b),T,P,-0.07844,0.1437,11,2
5(b),T,Q,0.03678,0.007955,11,2
5(b),T,R,-0.04552,0.04845,14.5,2
5(b),T,S,-0.0022,0.01942,13,2
5(b),T,T,0,0,,2
5(b),T,V,0.04822,0.01234,9.5,2
5(b),T,W,0.04106,0.03448,9.5,2
5(b),T,Y,-0.1764,0.1654,4.5,2
50(a),P,-,-0.8264,0.4245,3.5,2
50(a),P,A,0.02726,0.04516,6,2
50(a),P,C,-0.09435,0.1067,5.5,2
50(a),P,D,-0.03164,0.03642,11.5,2
50(a),P,E,-0.4887,0.3188,6,2
50(a),P,F,-0.3394,0.1946,6.5,2
50(a),P,G,-0.04742,0.07038,10,2
50(a),P,H,-0.05095,0.05865,8,2
50(a),P,I,-0.3255,0.0445,10,2
50(a),P,K,-0.06521,0.0238,8.5,2
50(a),P,L,-0.1609,0.1403,13.5,2
50(a),P,M,-0.07547,0.1194,9.5,2
50(a),P,N,-0.02957,0.05472,5.5,2
50(a),P,P,0,0,,2
50(a),P,Q,-0.9525,0,0.5,1
50(a),P,R,-0.2554,0.147,7,2
50(a),P,S,-0.2452,0.1131,24.5,2
50(a),P,T,-0.2563,0.1218,9.5,2
50(a),P,V,-0.1176,0.1097,8,2
50(a),P,W,-0.6119,0.2205,6,2
50(a),P,Y,-0.1433,0.1105,7.5,2
50(b),V,-,-0.03077,0.03508,3.5,2
50(b),V,A,-0.4167,0.0262,11,2
50(b),V,C,-0.2047,0.2496,10.5,2
50(b),V,D,-1.315,0.089,8,2
50(b),V,E,-0.1381,0.1089,9,2
50(b),V,F,-0.3571,0.2678,11,2
50(b),V,G,-2.305,0.1475,8,2
50(b),V,H,-0.6136,0.3297,7,2
50(b),V,I,-0.01656,0.03308,9,2
50(b),V,K,-0.1884,0.1714,9,2
50(b),V,L,-0.1863,0.1726,21,2
50(b),V,M,-0.08088,0.06182,20.5,2
50(b),V,N,-0.3853,0.2537,10.5,2
50(b),V,P,-5.874,0,9.5,2
50(b),V,Q,-0.02695,0.02451,9.5,2
50(b),V,R,-0.2388,0.1734,6.5,2
50(b),V,S,-0.04675,0.08205,10.5,2
50(b),V,T,-0.04681,0.09909,11,2
50(b),V,V,0,0,,2
50(b),V,W,-1.091,0.0395,10.5,2
50(b),V,Y,-0.3315,0.2253,14.5,2
51(a),I,-,-0.1913,0.196,3.5,2
51(a),I,A,0.02251,0.02019,8,2
51(a),I,C,-0.08709,0.041,9.5,2
51(a),I,D,-0.3266,0.07165,6,2
51(a),I,E,0.03954,0.00043,9,2
51(a),I,F,-0.2437,0.25,15,2
51(a),I,G,-0.1438,0.0059,9.5,2
51(a),I,H,0.01323,0.01824,5.5,2
51(a),I,I,0,0,,2
51(a),I,K,-0.01329,0.06068,9,2
51(a),I,L,-0.06391,0.03759,12,2
51(a),I,M,-0.00098,0.06613,7.5,2
51(a),I,N,0.04655,0.0167,10.5,2
51(a),I,P,-0.05178,0.1293,8.5,2
51(a),I,Q,-0.2444,0.1994,7.5,2
51(a),I,R,-0.1264,0.1649,10,2
51(a),I,S,0.01922,0.02187,12,2
51(a),I,T,-0.01373,0.004283,11.5,2
51(a),I,V,-0.005418,0.007311,16,2
51(a),I,W,-0.04457,0.07143,7.5,2
51(a),I,Y,0.04512,0.0154,8,2
51(b),A,-,-0.06122,0.03208,4,2
51(b),A,A,0,0,,2
51(b),A,C,-0.7208,0.3282,11.5,2
51(b),A,D,-0.8971,0.1189,15.5,2
51(b),A,E,-0.5498,0.00435,9.5,2
51(b),A,F,-0.04752,0.002465,6,2
51(b),A,G,-0.07104,0.00762,12.5,2
51(b),A,H,-0.1217,0.05487,12,2
51(b),A,I,-0.988,0.432,13.5,2
51(b),A,K,-1.171,0.2302,7.5,2
51(b),A,L,-2.849,0.0625,10.5,2
51(b),A,M,-1.165,0.0705,9,2
51(b),A,N,-0.8561,0.1287,6.5,2
51(b),A,P,0.03775,0.00874,6.5,2
51(b),A,Q,-0.6385,0.1124,14,2
51(b),A,R,-2.381,0.1195,9.5,2
51(b),A,S,-0.0929,0.0415,10,2
51(b),A,T,-1.033,0.2147,23,2
51(b),A,V,-0.9017,0.0943,26,2
51(b),A,W,0.03166,0.006055,17,2
51(b),A,Y,-0.0164,0.0558,10,2
52(a),F,*,-6.037,0,0.5,1
52(a),F,-,-0.03339,0.01771,4.5,2
52(a),F,A,-0.2878,0.2116,5.5,2
52(a),F,C,-0.5344,0.2023,7.5,2
52(a),F,D,-0.3529,0.3013,7.5,2
52(a),F,E,-0.5962,0.1387,8,2
52(a),F,F,0,0,,2
52(a),F,G,-0.9266,0.5144,8.5,2
52(a),F,H,-0.5849,0.2382,6.5,2
52(a),F,I,-0.5268,0.0293,9.5,2
52(a),F,K,-0.5443,0.0221,10,2
52(a),F,L,-0.7287,0.0697,12,2
52(a),F,M,-0.01199,0.002516,7.5,2
52(a),F,N,-0.3154,0.3061,6,2
52(a),F,P,-0.8155,0.09785,5.5,2
52(a),F,Q,-0.7624,0.1854,8,2
52(a),F,R,-0.4911,0.2372,10.5,2
52(a),F,S,-0.3939,0.1092,10.5,2
52(a),F,T,-0.08619,0.01461,6.5,2
52(a),F,V,-0.7439,0.2418,10.5,2
52(a),F,W,-0.1306,0.1268,13,2
52(a),F,Y,-0.1925,0.04485,15,2
52(b),D,-,-0.0002245,0.004776,3.5,2
52(b),D,A,-1.503,0.0335,15,2
52(b),D,C,-1.228,0.063,13.5,2
52(b),D,D,0,0,,2
52(b),D,E,-0.7404,0.1862,7.5,2
52(b),D,F,-2.008,0.0125,13.5,2
52(b),D,G,-1.417,0.0555,10.5,2
52(b),D,H,-1.734,0.056,11,2
52(b),D,I,-1.654,0.029,9,2
52(b),D,K,-2.053,0.244,8.5,2
52(b),D,L,-0.3597,0.2119,10,2
52(b),D,M,-0.6884,0.1538,14.5,2
52(b),D,N,-0.4976,0.1113,34,2
52(b),D,P,-5.179,0,7.5,2
52(b),D,Q,-0.9784,0.2096,5.5,2
52(b),D,R,-3.081,0.1365,11.5,2
52(b),D,S,-0.9145,0.0168,17,2
52(b),D,T,0.02562,0.01362,8.5,2
52(b),D,V,-1.306,0.146,11.5,2
52(b),D,W,-2.998,0.0205,14,2
52(b),D,Y,-1.923,0.2785,17,2
53(a),T,-,-1.276,0.8984,4,2
53(a),T,A,-0.1757,0.1844,13,2
53(a),T,C,-0.01037,0.0182,9,2
53(a),T,D,-0.00033,0.04579,9,2
53(a),T,E,-0.1076,0.05335,9,2
53(a),T,F,-0.5224,0.2744,7.5,2
53(a),T,G,-0.01498,0.05641,7,2
53(a),T,H,0.05828,0.0136,8.5,2
53(a),T,I,-0.1775,0.0666,13.5,2
53(a),T,K,-0.05509,0.1199,9,2
53(a),T,L,0.02935,0.03329,8,2
53(a),T,M,0.02249,0.00889,6,2
53(a),T,N,-0.2098,0.2011,9,2
53(a),T,P,-0.1599,0.1513,12.5,2
53(a),T,Q,-0.2318,0.2251,10,2
53(a),T,R,0.01565,0.01778,14.5,2
53(a),T,S,0.04915,0.00579,9,2
53(a),T,T,0,0,,2
53(a),T,V,-0.04728,0.0455,8,2
53(a),T,W,0.01099,0.03127,9.5,2
53(a),T,Y,-0.5565,0.0573,5,2
53(b),T,-,-0.02718,0.02665,3.5,2
53(b),T,A,-0.6532,0.08275,23.5,2
53(b),T,C,-0.2626,0.2229,11.5,2
53(b),T,D,-0.2357,0.2877,5.5,2
53(b),T,E,-0.9224,0.08365,9.5,2
53(b),T,F,-1.953,0.1485,13.5,2
53(b),T,G,-0.6119,0.2309,13,2
53(b),T,H,0.03424,0.04466,14.5,2
53(b),T,I,-1.001,0.272,22,2
53(b),T,K,-1.568,0.105,14,2
53(b),T,L,-1.272,0.2887,11.5,2
53(b),T,M,-0.8317,0.1262,11.5,2
53(b),T,N,-0.03119,0.07501,11,2
53(b),T,P,-5.928,0,13.5,2
53(b),T,Q,-0.3421,0.2397,11,2
53(b),T,R,-0.638,0.0035,12,2
53(b),T,S,-0.02602,0.02797,10,2
53(b),T,T,0,0,,2
53(b),T,V,-1.382,0.2715,9.5,2
53(b),T,W,-1.693,0.012,10,2
53(b),T,Y,-1.47,0.437,9.5,2
54(a),T,-,-0.06462,0.05898,3.5,2
54(a),T,A,-0.02567,0.06579,18.5,2
54(a),T,C,-0.287,0.2851,5.5,2
54(a),T,D,-0.05844,0.09516,4,2
54(a),T,E,-0.1742,0.0142,8,2
54(a),T,F,-0.4025,0.2157,7.5,2
54(a),T,G,-0.2802,0.2571,9.5,2
54(a),T,H,-0.09165,0.1216,9,2
54(a),T,I,-0.1238,0.03216,15.5,2
54(a),T,K,0.05004,0.01637,10.5,2
54(a),T,L,-0.1917,0.1632,12,2
54(a),T,M,-0.04474,0.05856,10.5,2
54(a),T,N,-1.698,1.489,5,2
54(a),T,P,-0.3557,0.3397,9.5,2
54(a),T,Q,0.03918,0.00213,11.5,2
54(a),T,R,-0.05389,0.0459,5.5,2
54(a),T,S,0.04163,0.0084,11.5,2
54(a),T,T,0,0,,2
54(a),T,V,-0.2637,0.2916,8.5,2
54(a),T,W,-0.1581,0.01325,11,2
54(a),T,Y,-0.2806,0.2094,6.5,2
54(b),E,*,-3.808,0.6565,3.5,2
54(b),E,-,-0.1525,0.1112,4.5,2
54(b),E,A,-0.03617,0.03016,13.5,2
54(b),E,C,-0.1044,0.0034,15.5,2
54(b),E,D,0.001357,0.003417,16.5,2
54(b),E,E,0,0,,2
54(b),E,F,-0.05936,0.07574,16,2
54(b),E,G,-0.1714,0.0291,20,2
54(b),E,H,0.03514,0.003605,8,2
54(b),E,I,-0.03805,0.001275,19,2
54(b),E,K,-0.1224,0.1467,15.5,2
54(b),E,L,-0.01608,0.05024,7,2
54(b),E,M,-0.1203,0.03377,12,2
54(b),E,N,-0.04493,0.00127,14,2
54(b),E,P,-0.08488,0.07412,13,2
54(b),E,Q,0.03359,0.02303,11,2
54(b),E,R,-0.00494,0.04089,14,2
54(b),E,S,-0.1251,0.05744,16.5,2
54(b),E,T,-0.07422,0.1299,14.5,2
54(b),E,V,0.02875,0.00252,10,2
54(b),E,W,-0.0699,0.02596,12.5,2
54(b),E,Y,-0.1102,0.02053,12,2
55(a),F,-,-0.1941,0.0665,2.5,2
55(a),F,A,-0.1546,0.1317,12,2
55(a),F,C,0.01081,0.01476,9.5,2
55(a),F,D,-0.1968,0.02625,8,2
55(a),F,E,-0.06057,0.05352,7,2
55(a),F,F,0,0,,2
55(a),F,G,-0.5951,0.2525,11,2
55(a),F,H,0.05263,0.0229,10,2
55(a),F,I,-0.03114,0.05884,10.5,2
55(a),F,K,-0.01546,0.004715,8.5,2
55(a),F,L,-0.06812,0.02688,13,2
55(a),F,M,-0.00438,0.04164,7,2
55(a),F,N,0.02096,0.0296,5.5,2
55(a),F,P,-0.7323,0.6607,3.5,2
55(a),F,Q,-0.01716,0.00265,12,2
55(a),F,R,0.06474,0.01368,8.5,2
55(a),F,S,0.001202,0.001555,12.5,2
55(a),F,T,-0.3125,0.2432,7,2
55(a),F,V,-0.031,0.06426,10.5,2
55(a),F,W,-0.166,0.1576,9,2
55(a),F,Y,-0.04063,0.08858,10,2
55(b),L,-,-1.549,1.458,5,2
55(b),L,A,-0.2256,0.1326,11,2
55(b),L,C,-0.3038,0.3098,13.5,2
55(b),L,D,-0.04342,0.07159,17.5,2
55(b),L,E,-0.1203,0.09676,9,2
55(b),L,F,0.02349,0.01046,13,2
55(b),L,G,-0.1164,0.08057,10,2
55(b),L,H,0.03156,0.03639,15,2
55(b),L,I,-0.2,0.1386,9,2
55(b),L,K,-0.041,0.004975,14,2
55(b),L,L,0,0,,2
55(b),L,M,-0.04598,0.05743,16,2
55(b),L,N,-0.1464,0.05026,13.5,2
55(b),L,P,-0.5218,0.1938,12,2
55(b),L,Q,-0.07182,0.02631,16,2
55(b),L,R,-0.04505,0.08174,8,2
55(b),L,S,-0.2278,0.03545,9.5,2
55(b),L,T,-0.3006,0.0894,7.5,2
55(b),L,V,-0.07129,0.03931,12.5,2
55(b),L,W,-0.214,0.1153,9.5,2
55(b),L,Y,0.0545,0.01544,16.5,2
56(a),T,-,-0.1091,0.04063,3,2
56(a),T,A,0.01959,0.02308,11.5,2
56(a),T,C,-0.1111,0.145,8,2
56(a),T,D,-1.162,0.009,8.5,2
56(a),T,E,-0.9607,0.03805,4,2
56(a),T,F,-0.2343,0.2142,4.5,2
56(a),T,G,-0.2732,0.1557,10,2
56(a),T,H,-0.6553,0.4196,2,2
56(a),T,I,-0.1155,0.06375,15,2
56(a),T,K,-0.9255,0.7444,5.5,2
56(a),T,L,-0.1058,0.08194,11,2
56(a),T,M,-0.6312,0.5318,4.5,2
56(a),T,N,-0.8421,0.1506,9,2
56(a),T,P,-0.2417,0.1931,13,2
56(a),T,Q,-0.6325,0.2382,12.5,2
56(a),T,R,-1.401,0.1905,6.5,2
56(a),T,S,0.006465,0.03979,9.5,2
56(a),T,T,0,0,,2
56(a),T,V,-0.05295,0.01559,10,2
56(a),T,W,-0.3636,0.3438,6.5,2
56(a),T,Y,-1.075,0.0105,9,2
56(b),G,-,-0.2263,0.1035,4.5,2
56(b),G,A,-0.7258,0.27,11.5,2
56(b),G,C,-1.317,0.155,18.5,2
56(b),G,D,-6.011,0,35,2
56(b),G,E,-5.957,0,10.5,2
56(b),G,F,-2.236,0.021,10,2
56(b),G,G,0,0,,2
56(b),G,H,-4.524,0,16.5,2
56(b),G,I,-5.489,0,17.5,2
56(b),G,K,-4.934,0,12.5,2
56(b),G,L,-2.213,0.273,21.5,2
56(b),G,M,-0.9427,0.1373,12.5,2
56(b),G,N,-3.129,0,13.5,2
56(b),G,P,-5.861,0,7,2
56(b),G,Q,-4.425,0,7.5,2
56(b),G,R,-1.604,0.128,16.5,2
56(b),G,S,-1.052,0.1157,17,2
56(b),G,T,-2.066,0.3585,13,2
56(b),G,V,-3.474,0,18,2
56(b),G,W,-2.625,0.2715,11.5,2
56(b),G,Y,-2.493,0.2035,15,2
57(a),S,-,-0.1676,0.0331,3.5,2
57(a),S,A,0.00187,0.03282,8,2
57(a),S,C,-0.3518,0.2757,12,2
57(a),S,D,-0.1124,0.1391,6,2
57(a),S,E,0.01552,0.03359,6.5,2
57(a),S,F,-0.1249,0.06756,15,2
57(a),S,G,-0.08328,0.1346,11,2
57(a),S,H,-0.00626,0.04013,9.5,2
57(a),S,I,-0.1022,0.1353,11,2
57(a),S,K,-0.2559,0.142,6,2
57(a),S,L,-0.3716,0.4205,7,2
57(a),S,M,0.02181,0.02766,12,2
57(a),S,N,-0.125,0.0128,13.5,2
57(a),S,P,-1.135,0.2885,3.5,2
57(a),S,Q,-0.08883,0.004205,11.5,2
57(a),S,R,-0.04795,0.06116,22,2
57(a),S,S,0,0,,2
57(a),S,T,0.01239,0.02399,7.5,2
57(a),S,V,-0.05872,0.09449,10,2
57(a),S,W,-0.09051,0.04418,8,2
57(a),S,Y,-0.0915,0.0679,5.5,2
57(b),K,*,-3.997,0.189,2,2
57(b),K,-,-0.0378,0.01106,4,2
57(b),K,A,-0.1418,0.1367,10,2
57(b),K,C,-0.2877,0.0669,14.5,2
57(b),K,D,-0.2129,0.0283,13.5,2
57(b),K,E,-0.1353,0.1185,11,2
57(b),K,F,-0.3405,0.215,14,2
57(b),K,G,-0.3017,0.0701,13.5,2
57(b),K,H,-0.04961,0.01557,13,2
57(b),K,I,0.03726,0.02723,12.5,2
57(b),K,K,0,0,,2
57(b),K,L,-0.07785,0.08325,10,2
57(b),K,M,0.01857,0.01932,13,2
57(b),K,N,-0.1959,0.1511,9.5,2
57(b),K,P,-4.004,0,11,2
57(b),K,Q,0.005436,4.4e-05,15.5,2
57(b),K,R,-0.03141,0.02644,18,2
57(b),K,S,-0.3553,0.1017,10,2
57(b),K,T,0.02442,0.01761,16,2
57(b),K,V,-0.1514,0.1393,11.5,2
57(b),K,W,-0.1875,0.2359,14.5,2
57(b),K,Y,-0.08525,0.06775,14,2
58(a),F,-,-0.1725,0.1184,3.5,2
58(a),F,A,-2.006,0.022,5,2
58(a),F,C,-1.863,0.25,8,2
58(a),F,D,-2.45,0.1295,12,2
58(a),F,E,-2.26,0.375,7,2
58(a),F,F,0,0,,2
58(a),F,G,-1.204,0.7859,4,2
58(a),F,H,-1.624,0.239,8.5,2
58(a),F,I,-0.7225,0.2984,10.5,2
58(a),F,K,-3.074,0.063,11,2
58(a),F,L,-1.157,0.4913,12.5,2
58(a),F,M,-0.3024,0.1467,8.5,2
58(a),F,N,-1.288,0.816,6,2
58(a),F,P,-1.944,0.036,8.5,2
58(a),F,Q,-2.203,0.187,8.5,2
58(a),F,R,-3.068,0.2275,7,2
58(a),F,S,-1.872,0.2325,10,2
58(a),F,T,-1.877,0.3035,6.5,2
58(a),F,V,-1.357,0.018,10.5,2
58(a),F,W,-0.8997,0.3423,7,2
58(a),F,Y,-0.1165,0.02269,7.5,2
58(b),P,-,-1.141,1.043,4,2
58(b),P,A,-0.1399,0.1548,7,2
58(b),P,C,0.02607,0.03005,9.5,2
58(b),P,D,-0.08738,0.02672,11,2
58(b),P,E,-0.273,0.3023,8,2
58(b),P,F,-0.02094,0.03531,12.5,2
58(b),P,G,-0.4677,0.05465,9,2
58(b),P,H,-0.02827,0.00282,11.5,2
58(b),P,I,0.0338,0.00616,12.5,2
58(b),P,K,-0.03371,0.03943,14,2
58(b),P,L,0.0188,0.01868,10.5,2
58(b),P,M,-0.07339,0.106,10,2
58(b),P,N,-0.1379,0.09828,12,2
58(b),P,P,0,0,,2
58(b),P,Q,-0.06871,0.08788,10,2
58(b),P,R,0.05493,0.01583,8,2
58(b),P,S,-0.0752,0.1335,18,2
58(b),P,T,-0.06123,0.0093,14.5,2
58(b),P,V,0.05209,0.01524,10,2
58(b),P,W,-0.14,0.0063,11,2
58(b),P,Y,0.02803,0.04979,10.5,2
59(a),E,*,-5.107,0,5,2
59(a),E,-,-0.1789,0.0473,3.5,2
59(a),E,A,-0.3664,0.0704,10.5,2
59(a),E,C,-0.9106,0.2214,9.5,2
59(a),E,D,0.02353,0.005895,15,2
59(a),E,E,0,0,,2
59(a),E,F,-0.5879,0.1905,13,2
59(a),E,G,-0.1797,0.0368,15.5,2
59(a),E,H,-0.371,0.2924,7.5,2
59(a),E,I,-0.3785,0.191,13,2
59(a),E,K,-0.8124,0.2506,26,2
59(a),E,L,-0.3877,0.03155,5.5,2
59(a),E,M,-0.2198,0.2699,9.5,2
59(a),E,N,-0.4611,0.0121,13,2
59(a),E,P,-0.2671,0.0102,5,2
59(a),E,Q,-0.3256,0.1516,6,2
59(a),E,R,-1.276,0.1765,5.5,2
59(a),E,S,-0.5075,0.0327,11,2
59(a),E,T,-0.7317,0.2124,11,2
59(a),E,V,-0.4488,0.1194,9.5,2
59(a),E,W,-0.8412,0.3688,9,2
59(a),E,Y,-0.4845,0.1649,11.5,2
59(b),D,-,-1.136,1.015,4,2
59(b),D,A,-0.9066,0.1983,9.5,2
59(b),D,C,-0.3036,0.1943,10,2
59(b),D,D,0,0,,2
59(b),D,E,-0.541,0.2411,7.5,2
59(b),D,F,-0.3406,0.3554,13.5,2
59(b),D,G,-0.7983,0.032,16.5,2
59(b),D,H,-0.8129,0.0843,12,2
59(b),D,I,-0.7329,0.07695,7,2
59(b),D,K,-1.066,0.1367,6.5,2
59(b),D,L,-0.7982,0.2507,7,2
59(b),D,M,-0.5563,0.08675,10.5,2
59(b),D,N,-0.3524,0.0791,28.5,2
59(b),D,P,-1.011,0.3354,9,2
59(b),D,Q,-0.5433,0.08885,6.5,2
59(b),D,R,-0.8667,0.1493,9,2
59(b),D,S,-0.3612,0.2521,6.5,2
59(b),D,T,-0.4111,0.0026,11.5,2
59(b),D,V,-0.6177,0.4773,13,2
59(b),D,W,-0.6714,0.2631,14.5,2
59(b),D,Y,-0.3348,0.1807,12.5,2
6(T2A),R,-,0.0127,0.007959,3,2
6(T2A),R,L,-1.011,0.573,6,2
6(T2A),R,P,-1.307,0.4698,20,2
6(T2A),R,Q,-1.114,0.4711,7,2
6(T2A),R,R,0,0,,2
6(T2A),R,W,-0.2644,0.2539,5.5,2
6(a),V,*,-5.96,0,8.5,2
6(a),V,-,-0.3284,0.0675,1,2
6(a),V,A,-0.1361,0.01335,6.5,2
6(a),V,C,-0.1169,0.02444,10,2
6(a),V,D,-0.4742,0.3575,7.5,2
6(a),V,E,-0.3886,0.0605,9,2
6(a),V,F,-0.3196,0.1159,8.5,2
6(a),V,G,-0.449,0.02925,6,2
6(a),V,H,-0.2029,0.0288,6,2
6(a),V,I,0.01235,0.01194,8,2
6(a),V,K,-0.02338,0.04443,10.5,2
6(a),V,L,-0.1016,0.03948,10,2
6(a),V,M,-0.03045,0.04055,9,2
6(a),V,N,-0.1753,0.0529,8,2
6(a),V,P,-0.5141,0.5019,4.5,2
6(a),V,Q,-0.04848,0.04195,7.5,2
6(a),V,R,-0.09209,0.1045,10,2
6(a),V,S,-0.1565,0.06378,6,2
6(a),V,T,-0.05543,0.1072,8,2
6(a),V,V,0,0,,2
6(a),V,W,-0.05681,0.01288,6,2
6(a),V,Y,-0.1495,0.08191,7,2
6(b),K,*,-4.52,0,1,1
6(b),K,-,-0.03431,0.01483,2.5,2
6(b),K,A,-0.1673,0.1187,8.5,2
6(b),K,C,0.03479,0.02708,9,2
6(b),K,D,-0.06202,0.07578,7,2
6(b),K,E,-0.08536,0.04815,17,2
6(b),K,F,-0.00782,0.05271,8,2
6(b),K,G,-0.04826,0.00246,11.5,2
6(b),K,H,-0.0131,0.04591,8,2
6(b),K,I,0.01951,0.04686,10,2
6(b),K,K,0,0,,2
6(b),K,L,0.00937,0.02102,13.5,2
6(b),K,M,-0.04627,0.00865,9,2
6(b),K,N,-0.09382,0.08678,15.5,2
6(b),K,P,-0.03065,0.01132,13.5,2
6(b),K,Q,-0.00569,0.04097,12.5,2
6(b),K,R,-0.01086,0.02019,19,2
6(b),K,S,-0.03353,0.05393,12.5,2
6(b),K,T,0.00649,0.01785,10.5,2
6(b),K,V,0.00592,0.03795,10.5,2
6(b),K,W,-0.2533,0.1427,8,2
6(b),K,Y,-0.1068,0.1049,14,2
60(a),A,-,-0.1376,0.101,3.5,2
60(a),A,A,0,0,,2
60(a),A,C,0.03628,0.03048,10,2
60(a),A,D,-0.02787,0.09854,9.5,2
60(a),A,E,-0.003365,0.04736,9.5,2
60(a),A,F,-0.9114,0.2737,8.5,2
60(a),A,G,-0.08879,0.08041,12,2
60(a),A,H,-0.1421,0.1483,10.5,2
60(a),A,I,-0.05892,0.09999,11,2
60(a),A,K,-0.5354,0.292,11,2
60(a),A,L,-0.07668,0.07972,5.5,2
60(a),A,M,-0.03914,0.009855,12,2
60(a),A,N,-0.02771,0.07629,14,2
60(a),A,P,0.01632,0.02935,6,2
60(a),A,Q,-0.1337,0.184,11,2
60(a),A,R,-0.06604,0.02821,9.5,2
60(a),A,S,0.01071,0.009947,7.5,2
60(a),A,T,-0.001954,0.006158,18.5,2
60(a),A,V,-0.06954,0.07716,12,2
60(a),A,W,-0.03629,0.08851,6,2
60(a),A,Y,-1.042,0.1002,8.5,2
60(b),A,-,-0.0816,0.003175,3.5,2
60(b),A,A,0,0,,2
60(b),A,C,-0.4484,0.1592,10,2
60(b),A,D,-3.694,0,11.5,2
60(b),A,E,-0.3123,0.07235,10.5,2
60(b),A,F,-3.526,0,12.5,2
60(b),A,G,-1.569,0.123,8.5,2
60(b),A,H,-3.355,0,13.5,2
60(b),A,I,-1.222,0.2584,12.5,2
60(b),A,K,-1.48,0.087,6,2
60(b),A,L,-2.795,0.1045,9,2
60(b),A,M,-0.0633,0.1227,11,2
60(b),A,N,-3.573,0,6.5,2
60(b),A,P,-5.016,0,16.5,2
60(b),A,Q,-0.3914,0.0508,12.5,2
60(b),A,R,-0.4276,0.0217,11,2
60(b),A,S,-0.3354,0.212,14,2
60(b),A,T,-0.5909,0.00925,11.5,2
60(b),A,V,-0.1486,0.0301,31.5,2
60(b),A,W,-4.646,0,11,2
60(b),A,Y,-3.486,0,8.5,2
61(a),Q,*,-5.889,0,8.5,2
61(a),Q,-,-0.1026,0.07607,3,2
61(a),Q,A,-0.5629,0.4661,8.5,2
61(a),Q,C,-1.933,0.1245,11.5,2
61(a),Q,D,-0.1236,0.08337,11,2
61(a),Q,E,-0.6087,0.1213,10,2
61(a),Q,F,0.02758,0.02944,10,2
61(a),Q,G,-0.2005,0.1794,7.5,2
61(a),Q,H,-0.03925,0.007325,21,2
61(a),Q,I,-0.04193,0.1113,7.5,2
61(a),Q,K,-3.145,0,11.5,2
61(a),Q,L,-0.0441,0.01715,11,2
61(a),Q,M,-0.03741,0.02805,7,2
61(a),Q,N,-0.2763,0.2286,10.5,2
61(a),Q,P,-0.1725,0.052,16.5,2
61(a),Q,Q,0,0,,2
61(a),Q,R,-2.865,0.147,30,2
61(a),Q,S,-0.1917,0.1423,8,2
61(a),Q,T,-0.5331,0.1699,9.5,2
61(a),Q,V,-0.1612,0.0153,10,2
61(a),Q,W,-0.4398,0.3593,10,2
61(a),Q,Y,-0.36,0.3606,9,2
61(b),D,-,0.00291,0.02203,3,2
61(b),D,A,0.02083,0.03828,11.5,2
61(b),D,C,-0.48,0.07055,14,2
61(b),D,D,0,0,,2
61(b),D,E,-0.01044,0.01654,15.5,2
61(b),D,F,-0.1658,0.09775,10.5,2
61(b),D,G,-0.7284,0.05515,16,2
61(b),D,H,-0.06139,0.1043,13.5,2
61(b),D,I,0.01256,0.04195,11.5,2
61(b),D,K,-0.02271,0.03759,14,2
61(b),D,L,-0.01006,0.04695,10.5,2
61(b),D,M,0.03851,0.00468,8,2
61(b),D,N,-0.1291,0.04598,27.5,2
61(b),D,P,-3.231,0,9,2
61(b),D,Q,-0.04686,0.07704,13,2
61(b),D,R,-0.1481,0.1261,8.5,2
61(b),D,S,-0.05702,0.00389,6.5,2
61(b),D,T,-0.08352,0.05908,11.5,2
61(b),D,V,-0.2049,0.1467,8.5,2
61(b),D,W,-0.2184,0.0182,14.5,2
61(b),D,Y,-0.0962,0.05801,13,2
62(a),G,-,-0.5466,0.5224,3.5,2
62(a),G,A,-0.2749,0.1168,6,2
62(a),G,C,-0.1463,0.0174,18.5,2
62(a),G,D,0.008735,0.03642,16.5,2
62(a),G,E,0.05083,0.01707,6,2
62(a),G,F,0.03502,0.00492,5.5,2
62(a),G,G,0,0,,2
62(a),G,H,0.01323,0.0158,10.5,2
62(a),G,I,-0.06368,0.1371,7,2
62(a),G,K,-0.1629,0.1221,12.5,2
62(a),G,L,-0.238,0.2266,8,2
62(a),G,M,-0.01082,0.0525,9,2
62(a),G,N,0.00094,0.03786,11,2
62(a),G,P,0.01007,0.0149,10,2
62(a),G,Q,-0.05355,0.06045,11.5,2
62(a),G,R,-0.01258,0.07147,4.5,2
62(a),G,S,0.06003,0.01067,10.5,2
62(a),G,T,0.02348,0.02368,7.5,2
62(a),G,V,0.00544,0.03611,15.5,2
62(a),G,W,-0.084,0.085,10.5,2
62(a),G,Y,-0.01885,0.02788,10,2
62(b),Y,*,-5.623,0,2,2
62(b),Y,-,-0.03598,0.02374,2.5,2
62(b),Y,A,-0.03323,0.00659,6,2
62(b),Y,C,-0.3446,0.1512,11.5,2
62(b),Y,D,-0.7814,0.084,10,2
62(b),Y,E,-0.4681,0.3675,8.5,2
62(b),Y,F,-0.03284,0.06148,15,2
62(b),Y,G,-0.3584,0.1597,10.5,2
62(b),Y,H,-0.03254,0.07095,12,2
62(b),Y,I,-0.2789,0.1631,8,2
62(b),Y,K,-0.3025,0.3469,7,2
62(b),Y,L,-0.03791,0.031,9,2
62(b),Y,M,-0.0608,0.0418,16.5,2
62(b),Y,N,-0.2122,0.1045,17,2
62(b),Y,P,-5.367,0,12,2
62(b),Y,Q,-0.3077,0.1228,9,2
62(b),Y,R,-0.1259,0.0632,11,2
62(b),Y,S,-0.2999,0.1383,14,2
62(b),Y,T,-0.371,0.0218,12.5,2
62(b),Y,V,-0.515,0.0484,13,2
62(b),Y,W,-0.00308,0.0419,13,2
62(b),Y,Y,0,0,,2
63(a),A,-,-0.01012,0.004662,2.5,2
63(a),A,A,0,0,,2
63(a),A,C,0.05282,0.01647,11,2
63(a),A,D,-3.421,0,14,2
63(a),A,E,-2.003,0.0075,12,2
63(a),A,F,-2.797,0.003,11.5,2
63(a),A,G,-0.008125,0.01839,8,2
63(a),A,H,-2.354,0.047,7.5,2
63(a),A,I,0.01243,0.01033,8.5,2
63(a),A,K,-4.944,0,10,2
63(a),A,L,-2.066,0.1965,8.5,2
63(a),A,M,-0.3498,0.06895,8.5,2
63(a),A,N,-1.754,0.6815,7,2
63(a),A,P,-0.07143,0.1041,9,2
63(a),A,Q,-1.396,0.072,9,2
63(a),A,R,-3.524,0,9,2
63(a),A,S,-0.07794,0.02043,9,2
63(a),A,T,-0.09921,0.02529,15.5,2
63(a),A,V,-0.145,0.1105,12.5,2
63(a),A,W,-2.514,0.0585,7,2
63(a),A,Y,-2.131,0.4405,4,2
63(b),W,*,-5.976,0,61,2
63(b),W,-,0.01628,0.006924,2,2
63(b),W,A,-1.497,0.186,13.5,2
63(b),W,C,-1.951,0.168,17,2
63(b),W,D,-5.733,0,11.5,2
63(b),W,E,-5.563,0,14,2
63(b),W,F,-0.6056,0.05325,13.5,2
63(b),W,G,-2.619,0.2995,10,2
63(b),W,H,-2.071,0.212,8.5,2
63(b),W,I,-2.463,0.1695,12,2
63(b),W,K,-2.552,0.137,6.5,2
63(b),W,L,-0.919,0.276,15,2
63(b),W,M,-1.228,0.1375,7.5,2
63(b),W,N,-5.04,0,8,2
63(b),W,P,-5.762,0,12,2
63(b),W,Q,-2.556,0.089,14,2
63(b),W,R,-1.677,0.0515,21.5,2
63(b),W,S,-3.325,0.021,10,2
63(b),W,T,-5.424,0,11.5,2
63(b),W,V,-3.329,0,11,2
63(b),W,W,0,0,,2
63(b),W,Y,-0.8811,0.0605,7,2
64(a),L,-,-3.09,1.379,3,2
64(a),L,A,-1.214,0.0645,10,2
64(a),L,C,-3.43,0,9.5,2
64(a),L,D,-5.938,0,9.5,2
64(a),L,E,-1.524,0.202,7.5,2
64(a),L,F,-0.05171,0.08199,7.5,2
64(a),L,G,-5.744,0,4.5,2
64(a),L,H,-1.098,0.1568,6,2
64(a),L,I,-0.7035,0.0682,8.5,2
64(a),L,K,-5.902,0,9,2
64(a),L,L,0,0,,2
64(a),L,M,-0.1477,0.1276,10.5,2
64(a),L,N,-0.9512,0.3778,7.5,2
64(a),L,P,-2.111,0.262,16,2
64(a),L,Q,-0.6595,0.2033,16,2
64(a),L,R,-5.749,0,10,2
64(a),L,S,-4.944,0,12.5,2
64(a),L,T,-2.112,0.045,7.5,2
64(a),L,V,-0.8847,0.1082,8.5,2
64(a),L,W,-5.949,0,9.5,2
64(a),L,Y,-0.3308,0.1763,9,2
64(b),N,-,-3.02,1.486,1.5,2
64(b),N,A,-2.617,0.205,13.5,2
64(b),N,C,-4.268,0,6,2
64(b),N,D,-0.8418,0.2882,14,2
64(b),N,E,-0.4135,0.1762,10,2
64(b),N,F,-4.383,0,11.5,2
64(b),N,G,-2.707,0.0265,8,2
64(b),N,H,-3.458,0,8.5,2
64(b),N,I,-5.163,0,11,2
64(b),N,K,-3.853,0,15.5,2
64(b),N,L,-3.756,0,12.5,2
64(b),N,M,-2.689,0.0245,12.5,2
64(b),N,N,0,0,,2
64(b),N,P,-6.024,0,8,2
64(b),N,Q,-2.663,0.1325,11.5,2
64(b),N,R,-3.779,0,10.5,2
64(b),N,S,-1.31,0.1935,20.5,2
64(b),N,T,-2.508,0.065,8,2
64(b),N,V,-4.941,0,10,2
64(b),N,W,-3.442,0,9,2
64(b),N,Y,-4.599,0,19.5,2
65(a),Q,*,-5.954,0,15,2
65(a),Q,-,-0.3431,0.123,5,2
65(a),Q,A,0.0159,0.01497,10.5,2
65(a),Q,C,-0.8666,0.2714,6,2
65(a),Q,D,-1.237,0.141,9,2
65(a),Q,E,-0.172,0.2132,9,2
65(a),Q,F,0.01244,0.00232,11.5,2
65(a),Q,G,-0.146,0.1749,7.5,2
65(a),Q,H,-0.054,0.04394,13.5,2
65(a),Q,I,-0.0249,0.02971,11,2
65(a),Q,K,-0.05918,0.06753,11.5,2
65(a),Q,L,-0.04897,0.03653,12,2
65(a),Q,M,-0.3086,0.3558,5.5,2
65(a),Q,N,-0.5062,0.279,4.5,2
65(a),Q,P,-0.102,0.1264,15.5,2
65(a),Q,Q,0,0,,2
65(a),Q,R,0.00831,0.02271,11,2
65(a),Q,S,0.03578,0.005565,8,2
65(a),Q,T,-0.2986,0.1837,5.5,2
65(a),Q,V,-0.1562,0.08085,9,2
65(a),Q,W,-0.1763,0.1562,4.5,2
65(a),Q,Y,-0.04337,0.08133,6.5,2
65(b),S,A,0.03588,0.01694,9.5,2
65(b),S,C,-0.3797,0.09775,17,2
65(b),S,D,-0.1539,0.1855,10,2
65(b),S,E,-0.1094,0.01924,11.5,2
65(b),S,F,-0.1205,0.1603,15,2
65(b),S,G,0.0125,0.002945,18.5,2
65(b),S,H,-0.245,0.08965,8.5,2
65(b),S,I,-0.557,0.223,17,2
65(b),S,K,-0.06323,0.02593,10.5,2
65(b),S,L,-0.1537,0.1573,18.5,2
65(b),S,M,-0.0236,0.00648,10.5,2
65(b),S,N,-0.05796,0.00582,21.5,2
65(b),S,P,-3.372,0,11.5,2
65(b),S,Q,-0.215,0.1159,10.5,2
65(b),S,R,-0.07464,0.003335,18.5,2
65(b),S,S,0,0,,2
65(b),S,T,-0.3557,0.08385,12,2
65(b),S,V,-0.2576,0.05805,11,2
65(b),S,W,-0.834,0.1598,14,2
65(b),S,Y,-0.2855,0.1471,23,2
66(a),N,-,-0.7943,0.2167,5.5,2
66(a),N,A,-0.9744,0.06565,14,2
66(a),N,C,-0.6796,0.3945,12.5,2
66(a),N,D,-0.8757,0.3243,8.5,2
66(a),N,E,-0.9707,0.0743,11.5,2
66(a),N,F,-1.933,0.2725,9,2
66(a),N,G,-0.6597,0.07335,8.5,2
66(a),N,H,-1.27,0.5312,8.5,2
66(a),N,I,-1.324,0.269,7.5,2
66(a),N,K,-0.4067,0.149,10.5,2
66(a),N,L,-2.077,0.209,8,2
66(a),N,M,-1.52,0.026,12,2
66(a),N,N,0,0,,2
66(a),N,P,-1.487,0.173,8,2
66(a),N,Q,-1.054,0.6134,7.5,2
66(a),N,R,-1.02,0.5199,11.5,2
66(a),N,S,-0.26,0.0059,11.5,2
66(a),N,T,-1.137,0.1535,14,2
66(a),N,V,-1.247,0.237,11.5,2
66(a),N,W,-2.821,0.077,8,2
66(a),N,Y,-1.865,0.0845,10,2
66(b),Q,*,-5.868,0,4,2
66(b),Q,A,-0.15,0.0827,7.5,2
66(b),Q,C,0.0422,0.0382,11,2
66(b),Q,D,-0.05409,0.01257,6.5,2
66(b),Q,E,-0.08216,0.04094,8.5,2
66(b),Q,F,-0.06733,0.05177,14,2
66(b),Q,G,-0.2237,0.0906,7.5,2
66(b),Q,H,-0.09515,0.117,16,2
66(b),Q,I,-0.1617,0.1834,12,2
66(b),Q,K,-0.03508,0.009795,15,2
66(b),Q,L,0.03506,0.01227,13,2
66(b),Q,M,-0.02342,0.04498,10,2
66(b),Q,N,-0.0425,0.01607,9,2
66(b),Q,P,-1.929,0.1535,17,2
66(b),Q,Q,0,0,,2
66(b),Q,R,-0.00281,0.03493,12,2
66(b),Q,S,0.0342,0.006145,8,2
66(b),Q,T,-0.2885,0.2015,8,2
66(b),Q,V,-0.03449,0.05625,7.5,2
66(b),Q,W,-0.6497,0.6753,10,2
66(b),Q,Y,-0.4494,0.1314,11,2
67(a),I,-,-0.7242,0.1735,5.5,2
67(a),I,A,-0.03517,0.03629,8.5,2
67(a),I,C,-0.005305,0.01733,6.5,2
67(a),I,D,-0.6461,0.118,5,2
67(a),I,E,-0.4517,0.2673,4.5,2
67(a),I,F,-2.262,0.043,13.5,2
67(a),I,G,-0.3832,0.1137,7.5,2
67(a),I,H,-0.8135,0.5255,9.5,2
67(a),I,I,0,0,,2
67(a),I,K,-5.799,0,8,2
67(a),I,L,-0.0846,0.0449,8,2
67(a),I,M,-0.3861,0.04205,10.5,2
67(a),I,N,-0.3528,0.12,9.5,2
67(a),I,P,-0.8661,0.2349,6.5,2
67(a),I,Q,-0.07755,0.1238,14.5,2
67(a),I,R,-5.788,0,7.5,2
67(a),I,S,-0.1303,0.1461,8.5,2
67(a),I,T,-0.7041,0.2018,11,2
67(a),I,V,-0.05366,0.06554,12.5,2
67(a),I,W,-5.838,0,6,2
67(a),I,Y,-5.901,0,7,2
67(b),P,A,-0.1406,0.1291,9,2
67(b),P,C,-0.184,0.05845,11,2
67(b),P,D,-0.2603,0.0704,8.5,2
67(b),P,E,-0.1501,0.1062,4.5,2
67(b),P,F,-0.05079,0.02882,11,2
67(b),P,G,-0.2373,0.2693,8.5,2
67(b),P,H,-0.00672,0.05594,6,2
67(b),P,I,-0.2739,0.09825,13,2
67(b),P,K,-0.01886,0.00159,7.5,2
67(b),P,L,-0.2002,0.0679,10.5,2
67(b),P,M,-0.1466,0.09722,8,2
67(b),P,N,-0.1165,0.02091,6,2
67(b),P,P,0,0,,2
67(b),P,Q,-0.07773,0.06467,10.5,2
67(b),P,R,-0.1956,0.0221,10.5,2
67(b),P,S,-0.05742,0.04467,12,2
67(b),P,T,-0.3017,0.0743,5.5,2
67(b),P,V,-0.02103,0.06624,6,2
67(b),P,W,-0.4964,0.2549,11,2
67(b),P,Y,-0.1912,0.0552,7,2
68(a),A,-,-0.09454,0.06986,4.5,2
68(a),A,A,0,0,,2
68(a),A,C,-1.477,0.054,8,2
68(a),A,D,-0.1789,0.00535,8.5,2
68(a),A,E,-0.05988,0.06242,6,2
68(a),A,F,-0.489,0.4036,6.5,2
68(a),A,G,-0.2804,0.16,8.5,2
68(a),A,H,-0.1273,0.1562,6,2
68(a),A,I,-0.4593,0.3629,7,2
68(a),A,K,-2.551,0.161,4.5,2
68(a),A,L,-0.1511,0.0712,5,2
68(a),A,M,-0.03041,0.04129,5,2
68(a),A,N,-0.08117,0.05054,9,2
68(a),A,P,-0.02335,0.03714,10.5,2
68(a),A,Q,-0.05154,0.02195,11.5,2
68(a),A,R,-0.2903,0.1618,6.5,2
68(a),A,S,-5.457,0,8,2
68(a),A,T,-5.535,0,26.5,2
68(a),A,V,-0.04008,0.00166,27.5,2
68(a),A,W,-0.2615,0.2574,9,2
68(a),A,Y,-0.5093,0.2002,5,2
68(b),E,*,-6,0,3.5,2
68(b),E,-,0.01791,0,0.5,1
68(b),E,A,0.03821,0.00227,5.5,2
68(b),E,C,-0.01141,0.02679,4,2
68(b),E,D,-0.0319,0.0745,12,2
68(b),E,E,0,0,,2
68(b),E,F,-0.09879,0.1192,6.5,2
68(b),E,G,-0.1065,0.1684,8,2
68(b),E,H,-0.3857,0.4249,3.5,2
68(b),E,I,-0.09863,0.00257,8.5,2
68(b),E,K,-0.02852,0.04376,24.5,2
68(b),E,L,-0.2136,0.0705,7.5,2
68(b),E,M,0.01277,0.003783,8,2
68(b),E,N,-0.1358,0.0211,5,2
68(b),E,P,-0.4188,0.2366,2.5,2
68(b),E,Q,0.0113,0.02566,5,2
68(b),E,R,-0.1933,0.0449,5,2
68(b),E,S,-0.1669,0.06515,6,2
68(b),E,T,0.01745,0.03888,8.5,2
68(b),E,V,-0.1925,0.09971,9.5,2
68(b),E,W,0.0159,0.06119,6,2
68(b),E,Y,0.07218,0,3,1
69(a),V,-,-0.1106,0.02387,4.5,2
69(a),V,A,-0.4861,0.1025,10,2
69(a),V,C,-0.1111,0.00185,8.5,2
69(a),V,D,-0.4708,0.4402,9,2
69(a),V,E,-0.3202,0.0677,14,2
69(a),V,F,-0.733,0.1195,5,2
69(a),V,G,-0.7451,0.128,12,2
69(a),V,H,-0.9965,0.2525,8,2
69(a),V,I,0.04388,0.02889,6.5,2
69(a),V,K,-0.7092,0.1242,8.5,2
69(a),V,L,-0.184,0.1028,14.5,2
69(a),V,M,-0.0636,0.00821,20.5,2
69(a),V,N,-1.282,0.0125,8.5,2
69(a),V,P,-3.264,0,3.5,2
69(a),V,Q,0.04151,0.02268,6,2
69(a),V,R,-0.5167,0.2049,11.5,2
69(a),V,S,-0.283,0.07315,9.5,2
69(a),V,T,-0.2472,0.2983,6,2
69(a),V,V,0,0,,2
69(a),V,W,-0.9023,0.6026,8.5,2
69(a),V,Y,-0.6884,0.2065,8.5,2
69(b),E,*,-6.033,0,4.5,2
69(b),E,-,-0.04286,0,0.5,1
69(b),E,A,-0.989,0.075,6.5,2
69(b),E,C,-0.3044,0.0342,6,2
69(b),E,D,-0.1974,0.0765,9.5,2
69(b),E,E,0,0,,2
69(b),E,F,-0.07082,0.07688,4.5,2
69(b),E,G,-0.3084,0.2301,8,2
69(b),E,H,-0.4833,0.4695,5,2
69(b),E,I,-0.3869,0.4348,7.5,2
69(b),E,K,-0.1586,0.08095,78,2
69(b),E,L,-0.1922,0.2101,3.5,2
69(b),E,M,-0.968,0.04805,4.5,2
69(b),E,N,-0.4376,0.1445,9.5,2
69(b),E,P,-0.9017,0.5794,6.5,2
69(b),E,Q,-0.7782,0.01895,4.5,2
69(b),E,R,-0.5274,0.06435,3.5,2
69(b),E,S,-0.1834,0.06755,6,2
69(b),E,T,-0.4333,0.2462,6,2
69(b),E,V,-0.4927,0.2626,5.5,2
69(b),E,W,-0.4011,0.1694,7.5,2
69(b),E,Y,-0.213,0.2439,8,2
7(T2A),G,-,-0.00793,0.003211,3,2
7(T2A),G,C,-2.038,0.3855,1.5,2
7(T2A),G,D,-0.8902,0.3548,23.5,2
7(T2A),G,G,0,0,,2
7(T2A),G,S,-0.8965,0.4576,2,2
7(T2A),G,V,-0.3773,0,0.5,1
7(a),L,*,-5.799,0,8.5,2
7(a),L,A,-0.06556,0.01656,9,2
7(a),L,C,-0.6057,0.1982,5,2
7(a),L,D,-5.327,0,7.5,2
7(a),L,E,-1.418,0.109,8.5,2
7(a),L,F,0.03787,0.01563,4.5,2
7(a),L,G,-1.376,0.4639,9.5,2
7(a),L,H,-0.1017,0.01044,5.5,2
7(a),L,I,-0.6044,0.0652,5.5,2
7(a),L,K,-0.5968,0.397,5.5,2
7(a),L,L,0,0,,2
7(a),L,M,0.00948,0.03201,7.5,2
7(a),L,N,-1.347,0.568,7.5,2
7(a),L,P,-6.005,0,11,2
7(a),L,Q,-0.5373,0.04105,9.5,2
7(a),L,R,-2.461,0.193,11,2
7(a),L,S,-0.2492,0.138,5.5,2
7(a),L,T,-0.8,0.06695,14,2
7(a),L,V,-0.8833,0.00055,6,2
7(a),L,W,-0.4593,0.3057,9.5,2
7(a),L,Y,-0.4362,0.2461,6.5,2
7(b),G,-,-0.1288,0.04294,2.5,2
7(b),G,A,-0.02556,0.06662,8,2
7(b),G,C,-0.2131,0.1008,18,2
7(b),G,D,-0.08986,0.01304,25,2
7(b),G,E,-0.06285,0.06555,12,2
7(b),G,F,-0.1087,0.09762,12.5,2
7(b),G,G,0,0,,2
7(b),G,H,-0.09978,0.02121,15,2
7(b),G,I,-0.003745,0.03878,8,2
7(b),G,K,-0.1148,0.06384,8,2
7(b),G,L,-0.2316,0.04975,12,2
7(b),G,M,-0.2734,0.05635,10,2
7(b),G,N,-0.09218,0.1397,10.5,2
7(b),G,P,-0.09667,0.1368,13,2
7(b),G,Q,-0.01717,0.007125,10.5,2
7(b),G,R,-0.02944,0.04841,14,2
7(b),G,S,-0.07034,0.03696,14,2
7(b),G,T,-0.04115,0.07275,6,2
7(b),G,V,-0.03501,0.09639,8,2
7(b),G,W,0.01017,0.02941,9.5,2
7(b),G,Y,-0.1237,0.07448,13.5,2
70(a),D,-,-0.04552,0.000405,3.5,2
70(a),D,A,-0.8493,0.06585,10.5,2
70(a),D,C,-0.9008,0.2991,5,2
70(a),D,D,0,0,,2
70(a),D,E,-0.1448,0.1608,8.5,2
70(a),D,F,-3.136,0,10,2
70(a),D,G,-0.6732,0.04995,6.5,2
70(a),D,H,-0.3791,0.1767,9,2
70(a),D,I,-0.7811,0.1117,9.5,2
70(a),D,K,-2.303,0.1145,8.5,2
70(a),D,L,-0.9194,0.1776,7,2
70(a),D,M,-1.305,0.0025,8.5,2
70(a),D,N,-0.003175,0.01716,27.5,2
70(a),D,P,-3.473,0,14,2
70(a),D,Q,-0.251,0.0815,11,2
70(a),D,R,-2.115,0.0695,6.5,2
70(a),D,S,-0.3728,0.337,9,2
70(a),D,T,-0.6259,0.1246,6,2
70(a),D,V,-0.5756,0.2036,10.5,2
70(a),D,W,-4.273,0,12,2
70(a),D,Y,-2.814,0.0395,14.5,2
70(b),K,*,-1.197,1.185,1,2
70(b),K,-,0.01134,0,0.5,1
70(b),K,A,0.01936,0.0243,7.5,2
70(b),K,C,-0.1175,0.07397,8.5,2
70(b),K,D,-0.3196,0.06725,6.5,2
70(b),K,E,-0.0196,0.01042,14,2
70(b),K,F,-0.3561,0.0534,8,2
70(b),K,G,-0.05983,0.06737,11,2
70(b),K,H,-0.1573,0.05195,10,2
70(b),K,I,-0.3288,0.2228,10,2
70(b),K,K,0,0,,2
70(b),K,L,-0.2629,0.2926,8,2
70(b),K,M,-0.1554,0.144,8.5,2
70(b),K,N,-0.2062,0.1696,6.5,2
70(b),K,P,-0.08844,0.01054,8.5,2
70(b),K,Q,-0.377,0.0777,10,2
70(b),K,R,-0.106,0.1383,12.5,2
70(b),K,S,0.0256,0.02002,12.5,2
70(b),K,T,-0.06212,0.02484,11,2
70(b),K,V,-0.03875,0.01472,5.5,2
70(b),K,W,-0.3067,0.2424,9,2
70(b),K,Y,-0.03943,0.04669,7.5,2
71(a),K,-,-0.07574,0.05535,4,2
71(a),K,A,-0.0805,0.0373,6,2
71(a),K,C,-0.06592,0.07698,11,2
71(a),K,D,-0.6312,0.2634,9,2
71(a),K,E,-0.04029,0.002495,10,2
71(a),K,F,-0.3135,0.2539,10,2
71(a),K,G,-0.5219,0.0398,4.5,2
71(a),K,H,-0.2094,0.1092,9.5,2
71(a),K,I,-0.1756,0.058,14.5,2
71(a),K,K,0,0,,2
71(a),K,L,-0.12,0.1231,7,2
71(a),K,M,-0.2004,0.06065,10.5,2
71(a),K,N,-0.2735,0.3134,11.5,2
71(a),K,P,-3.311,0,9.5,2
71(a),K,Q,-0.06882,0.007325,9,2
71(a),K,R,-0.02602,0.02738,8,2
71(a),K,S,-0.02897,0.05468,11.5,2
71(a),K,T,-0.2664,0.03265,14,2
71(a),K,V,-0.05439,0.02959,12,2
71(a),K,W,-0.5274,0.1533,12,2
71(a),K,Y,-0.4592,0.2361,9.5,2
71(b),E,*,-5.881,0,9.5,2
71(b),E,-,-0.04573,0,0.5,1
71(b),E,A,-0.04171,0.02538,11.5,2
71(b),E,C,-0.3456,0.1596,12,2
71(b),E,D,-0.1027,0.01726,9.5,2
71(b),E,E,0,0,,2
71(b),E,F,-0.2702,0.1658,9.5,2
71(b),E,G,-0.04662,0.04058,9.5,2
71(b),E,H,-0.1265,0.01605,10,2
71(b),E,I,-0.2722,0.0465,9.5,2
71(b),E,K,-0.08579,0.02831,48,2
71(b),E,L,-0.2111,0.1924,9.5,2
71(b),E,M,-0.1657,0.1765,11,2
71(b),E,N,-0.1259,0.175,9,2
71(b),E,P,-0.3216,0.00165,6.5,2
71(b),E,Q,-0.08582,0.1106,10.5,2
71(b),E,R,-0.4627,0.3273,6.5,2
71(b),E,S,-0.1298,0.1391,9,2
71(b),E,T,-0.3039,0.2451,12.5,2
71(b),E,V,-0.2247,0.1372,14,2
71(b),E,W,-0.1996,0.06965,11.5,2
71(b),E,Y,-0.237,0.1239,9.5,2
72(a),Q,*,-5.953,0,17,2
72(a),Q,-,-1.59,0.2005,3.5,2
72(a),Q,A,-0.1084,0.1549,14.5,2
72(a),Q,C,-0.185,0.1535,8,2
72(a),Q,D,-0.1035,0.04082,6.5,2
72(a),Q,E,-0.3356,0.2568,6.5,2
72(a),Q,F,-0.168,0.1419,11.5,2
72(a),Q,G,-0.07263,0.06008,7.5,2
72(a),Q,H,0.01636,0.02164,22,2
72(a),Q,I,-0.07966,0.1327,7,2
72(a),Q,K,-0.02977,0.01149,12.5,2
72(a),Q,L,-0.08128,0.06341,11,2
72(a),Q,M,-0.04945,0.1194,8,2
72(a),Q,N,0.02896,0.04135,6.5,2
72(a),Q,P,-0.7499,0.08645,7.5,2
72(a),Q,Q,0,0,,2
72(a),Q,R,-0.207,0.2322,5.5,2
72(a),Q,S,-0.04194,0.03626,7.5,2
72(a),Q,T,0.02756,0.005435,7.5,2
72(a),Q,V,-0.2397,0.0366,8,2
72(a),Q,W,-0.9107,0.2812,8,2
72(a),Q,Y,-0.3996,0.04845,7.5,2
72(b),R,*,-2.01,0,0.5,1
72(b),R,-,-0.06134,0,0.5,1
72(b),R,A,-0.472,0.07535,7,2
72(b),R,C,-0.9557,0.2683,7.5,2
72(b),R,D,-0.6544,0.254,11,2
72(b),R,E,-0.3012,0.02745,6,2
72(b),R,F,-0.2703,0.3376,7.5,2
72(b),R,G,-0.9949,0.0401,9,2
72(b),R,H,-0.4526,0.06475,9,2
72(b),R,I,-0.5835,0.1653,10,2
72(b),R,K,-0.04434,0.01606,15,2
72(b),R,L,-0.3038,0.2377,18,2
72(b),R,M,-0.5441,0.1226,7,2
72(b),R,N,-0.3106,0.3619,5.5,2
72(b),R,P,-0.8307,0.1139,8.5,2
72(b),R,Q,-0.722,0.2515,15,2
72(b),R,R,0,0,,2
72(b),R,S,-0.3443,0.2309,8,2
72(b),R,T,-0.9106,0.7095,7,2
72(b),R,V,-0.9263,0.1837,6,2
72(b),R,W,-0.7178,0.1595,19.5,2
72(b),R,Y,-0.467,0.3847,8,2
73(a),N,-,-1.292,0.5413,3.5,2
73(a),N,A,-0.2464,0.1971,8.5,2
73(a),N,C,-1.041,0.2166,10,2
73(a),N,D,-2.423,0.2005,6,2
73(a),N,E,-2.588,0.1765,11,2
73(a),N,F,-0.6496,0.09715,10,2
73(a),N,G,-0.9444,0.1386,8,2
73(a),N,H,-0.6984,0.3237,15,2
73(a),N,I,-0.8031,0.2699,12,2
73(a),N,K,-0.9855,0.1166,12.5,2
73(a),N,L,-0.8885,0.1107,11,2
73(a),N,M,-1.147,0.3594,9,2
73(a),N,N,0,0,,2
73(a),N,P,-5.837,0,9,2
73(a),N,Q,-1.183,0.0265,9.5,2
73(a),N,R,-0.8893,0.0495,8.5,2
73(a),N,S,-0.9583,0.0747,12.5,2
73(a),N,T,-1.079,0.2456,9.5,2
73(a),N,V,-1.575,0.2155,6.5,2
73(a),N,W,-1.057,0.191,5.5,2
73(a),N,Y,-0.9962,0.3178,10,2
73(b),V,-,-0.09093,0,0.5,1
73(b),V,A,-0.1294,0.02954,13.5,2
73(b),V,C,-0.593,0.0267,10,2
73(b),V,D,-0.3537,0.3632,13.5,2
73(b),V,E,-0.03406,0.1021,9,2
73(b),V,F,-0.02281,0.05147,11,2
73(b),V,G,-0.6109,0.01385,10.5,2
73(b),V,H,-0.1166,0.1766,12,2
73(b),V,I,0.04111,0.01482,9.5,2
73(b),V,K,-1.004,0.0727,6.5,2
73(b),V,L,0.03499,0.02162,16,2
73(b),V,M,0.05211,0.02316,16.5,2
73(b),V,N,-0.6753,0.04055,10.5,2
73(b),V,P,-0.7219,0.1878,17,2
73(b),V,Q,-0.297,0.1986,5.5,2
73(b),V,R,-0.6794,0.0465,11,2
73(b),V,S,-0.2704,0.223,11,2
73(b),V,T,-0.07328,0.06252,8,2
73(b),V,V,0,0,,2
73(b),V,W,0.02639,0.01727,5.5,2
73(b),V,Y,0.03169,0.02879,8,2
74(a),M,-,-0.2231,0.1454,2,2
74(a),M,A,-0.1865,0.01265,5,2
74(a),M,C,-0.2277,0.032,8,2
74(a),M,D,-1.419,0.2105,9,2
74(a),M,E,-1.563,0.0835,6,2
74(a),M,F,-0.4423,0.1081,7,2
74(a),M,G,-0.723,0.01095,7.5,2
74(a),M,H,-1.081,0.0891,5.5,2
74(a),M,I,-0.0938,0.03291,38.5,2
74(a),M,K,-1.941,0.093,8.5,2
74(a),M,L,-0.2026,0.0833,16,2
74(a),M,M,0,0,,2
74(a),M,N,-0.1549,0.1149,7,2
74(a),M,P,-5.9,0,5.5,2
74(a),M,Q,-0.8491,0.3728,7,2
74(a),M,R,-1.845,0.037,7,2
74(a),M,S,-0.1802,0.2235,4.5,2
74(a),M,T,-0.1756,0.1754,14,2
74(a),M,V,-0.03485,0.04112,12.5,2
74(a),M,W,-1.013,0.4404,4.5,2
74(a),M,Y,-1.159,0.0695,9,2
74(b),R,*,-5.716,0,2.5,2
74(b),R,-,0.01707,0,1,1
74(b),R,A,-0.05468,0.0361,6.5,2
74(b),R,C,-0.2238,0.0611,8.5,2
74(b),R,D,-0.2445,0.1903,6,2
74(b),R,E,0.01758,0.02789,8.5,2
74(b),R,F,-0.03585,0.06226,10.5,2
74(b),R,G,-0.1804,0.03795,10.5,2
74(b),R,H,-0.03002,0.007115,13.5,2
74(b),R,I,-0.1543,0.1539,12.5,2
74(b),R,K,0.04283,0.003995,14.5,2
74(b),R,L,-0.1066,0.00995,14,2
74(b),R,M,-0.1038,0.08751,9.5,2
74(b),R,N,-0.1782,0.2221,11,2
74(b),R,P,-0.2515,0.2157,17,2
74(b),R,Q,0.04126,0.02211,11.5,2
74(b),R,R,0,0,,2
74(b),R,S,-0.05085,0.0385,15,2
74(b),R,T,-0.141,0.1274,8,2
74(b),R,V,-0.1286,0.08139,12,2
74(b),R,W,-0.03489,0.004255,8.5,2
74(b),R,Y,-0.1441,0.08681,14,2
75(a),E,*,-5.569,0,3,2
75(a),E,-,-1.047,0.7237,2.5,2
75(a),E,A,0.02209,0.006755,8,2
75(a),E,C,-0.09386,0.08584,9,2
75(a),E,D,-0.07614,0.1373,11,2
75(a),E,E,0,0,,2
75(a),E,F,-0.1618,0.1909,9,2
75(a),E,G,-0.1565,0.09252,10,2
75(a),E,H,-0.03025,0.08435,10,2
75(a),E,I,-0.08881,0.09469,6,2
75(a),E,K,-0.1248,0.007,59.5,2
75(a),E,L,0.03802,0.004185,6.5,2
75(a),E,M,-0.04363,0.07057,3.5,2
75(a),E,N,-0.0974,0.0031,9,2
75(a),E,P,-1.474,0.281,11,2
75(a),E,Q,-0.1288,0.1012,11,2
75(a),E,R,-0.2078,0.1008,6.5,2
75(a),E,S,-3.947,0,6,2
75(a),E,T,-5.981,0,9.5,2
75(a),E,V,-0.005605,0.05307,13.5,2
75(a),E,W,-0.0677,0.004295,10,2
75(a),E,Y,-0.3608,0.3819,6,2
75(b),A,-,-0.009577,0.01948,2,2
75(b),A,A,0,0,,2
75(b),A,C,-0.0283,0.008705,11.5,2
75(b),A,D,-0.2405,0.2985,4,2
75(b),A,E,-0.02959,0.02694,14,2
75(b),A,F,-0.2989,0.1013,11.5,2
75(b),A,G,-0.0364,0.0981,10.5,2
75(b),A,H,-0.01456,0.03939,11,2
75(b),A,I,0.03082,0.01639,7,2
75(b),A,K,-0.01505,0.02686,7,2
75(b),A,L,0.02028,0.0348,9.5,2
75(b),A,M,-0.2402,0.1351,8,2
75(b),A,N,-0.1194,0.1113,9.5,2
75(b),A,P,-1.129,0.0385,14,2
75(b),A,Q,-0.009695,0.02852,7,2
75(b),A,R,-0.131,0.1471,7.5,2
75(b),A,S,0.04452,0.004055,14.5,2
75(b),A,T,-0.03421,0.01402,14,2
75(b),A,V,0.007354,0.000465,16.5,2
75(b),A,W,-0.09201,0.1361,8.5,2
75(b),A,Y,-0.1204,0.187,9.5,2
76(a),I,-,-1.175,0.7161,3.5,2
76(a),I,A,-0.3477,0.05255,4.5,2
76(a),I,C,-0.2156,0.03415,7.5,2
76(a),I,D,-0.4032,0.1096,4.5,2
76(a),I,E,-0.06277,0.07944,7.5,2
76(a),I,F,-0.5373,0.1381,9,2
76(a),I,G,-0.5007,0.1727,12,2
76(a),I,H,-0.2679,0.1531,4.5,2
76(a),I,I,0,0,,2
76(a),I,K,-0.1533,0.0228,8.5,2
76(a),I,L,-0.03245,0.01413,7.5,2
76(a),I,M,-0.4724,0.2059,5.5,2
76(a),I,N,-0.124,0.1447,12.5,2
76(a),I,P,-2.246,0.083,12,2
76(a),I,Q,-0.08151,0.01859,5,2
76(a),I,R,-0.7049,0.5911,8.5,2
76(a),I,S,-0.5719,0.4511,9,2
76(a),I,T,0.03832,0.01688,8,2
76(a),I,V,-0.01455,0.01608,8,2
76(a),I,W,-0.6552,0.2775,8.5,2
76(a),I,Y,-0.2531,0.1812,8.5,2
76(b),E,*,-5.816,0,3,2
76(b),E,-,-0.067,0.001485,3,2
76(b),E,A,-0.4891,0.2774,12.5,2
76(b),E,C,-0.7986,0.04425,9.5,2
76(b),E,D,-0.3088,0.1658,23,2
76(b),E,E,0,0,,2
76(b),E,F,-0.78,0.1477,8.5,2
76(b),E,G,-0.375,0.1165,11,2
76(b),E,H,-0.5814,0.255,12.5,2
76(b),E,I,-0.9491,0.4309,9.5,2
76(b),E,K,-0.8215,0.5415,22.5,2
76(b),E,L,-0.8964,0.08095,10.5,2
76(b),E,M,-0.9756,0.3144,9.5,2
76(b),E,N,-0.9968,0.05025,9.5,2
76(b),E,P,-1.205,0.0495,9,2
76(b),E,Q,-0.5956,0.2929,12,2
76(b),E,R,-0.5278,0.09945,7.5,2
76(b),E,S,-0.4602,0.216,8.5,2
76(b),E,T,-0.7058,0.046,9,2
76(b),E,V,-0.6118,0.07985,12.5,2
76(b),E,W,-1.047,0.1324,12.5,2
76(b),E,Y,-0.8083,0.2618,12.5,2
77(a),M,-,-1.991,1.484,3,2
77(a),M,A,-0.1546,0.09857,6,2
77(a),M,C,-0.372,0.3134,8,2
77(a),M,D,-1.137,0.9665,6,2
77(a),M,E,-1.771,0.023,8,2
77(a),M,F,-0.7186,0.1642,8.5,2
77(a),M,G,-0.9043,0.3057,8.5,2
77(a),M,H,-0.4855,0.3848,12,2
77(a),M,I,-0.2593,0.0904,65,2
77(a),M,K,-0.5366,0.3408,10,2
77(a),M,L,-0.4572,0.2074,17,2
77(a),M,M,0,0,,2
77(a),M,N,-0.7925,0.2576,11.5,2
77(a),M,P,-4.432,0,7,2
77(a),M,Q,-0.6328,0.2493,9,2
77(a),M,R,-0.5025,0.1092,5.5,2
77(a),M,S,-0.3624,0.2429,8,2
77(a),M,T,-0.5786,0.04525,8,2
77(a),M,V,-0.09725,0.03345,14,2
77(a),M,W,-1.082,0.4095,4.5,2
77(a),M,Y,-0.904,0.151,9.5,2
77(b),I,-,-0.01249,0.002105,3,2
77(b),I,A,0.03262,0.00867,14.5,2
77(b),I,C,0.01939,0.02178,13.5,2
77(b),I,D,-1.949,0.005,8.5,2
77(b),I,E,0.05795,0.01697,11.5,2
77(b),I,F,-0.0291,0.04457,11,2
77(b),I,G,0.0144,0.0584,9,2
77(b),I,H,-0.08232,0.1458,8.5,2
77(b),I,I,0,0,,2
77(b),I,K,-0.2122,0.2475,7.5,2
77(b),I,L,0.05807,0.0153,13,2
77(b),I,M,-0.126,0.1636,8.5,2
77(b),I,N,-1.034,0.2688,12,2
77(b),I,P,-0.5741,0.1899,11,2
77(b),I,Q,-0.2525,0.3248,7,2
77(b),I,R,0.0475,0.01851,10.5,2
77(b),I,S,0.05378,0.01867,7.5,2
77(b),I,T,0.00483,0.03847,14.5,2
77(b),I,V,0.01937,0.05502,13,2
77(b),I,W,0.05745,0.0133,8.5,2
77(b),I,Y,0.04973,0.01484,5.5,2
78(a),M,-,-0.4828,0.487,3,2
78(a),M,A,-0.135,0.1817,7.5,2
78(a),M,C,-0.2021,0.1494,5.5,2
78(a),M,D,-0.6738,0.07335,10.5,2
78(a),M,E,-0.5143,0.1835,8,2
78(a),M,F,-0.2223,0.2786,11,2
78(a),M,G,0.002203,0.003487,5.5,2
78(a),M,H,-0.4434,0.08105,7.5,2
78(a),M,I,-0.02099,0.01879,189,2
78(a),M,K,-0.1909,0.2182,6,2
78(a),M,L,-0.00353,0.0435,14,2
78(a),M,M,0,0,,2
78(a),M,N,-0.2555,0.0854,5,2
78(a),M,P,-3.39,0,7,2
78(a),M,Q,-0.02235,0.02172,8,2
78(a),M,R,-0.04954,0.09856,7.5,2
78(a),M,S,-0.1494,0.02365,7,2
78(a),M,T,-0.02546,0.01999,16,2
78(a),M,V,-0.1399,0.05694,13.5,2
78(a),M,W,-0.6074,0.4106,6.5,2
78(a),M,Y,-0.2223,0.05785,6.5,2
78(b),D,-,0.03554,0,2,1
78(b),D,A,-0.004465,0.04526,11,2
78(b),D,C,-0.1066,0.1076,7,2
78(b),D,D,0,0,,2
78(b),D,E,-0.02547,0.06897,4,2
78(b),D,F,0.03454,0.00725,12.5,2
78(b),D,G,-0.05676,0.01458,16.5,2
78(b),D,H,-0.0314,0.0738,10.5,2
78(b),D,I,0.03057,0.01184,8.5,2
78(b),D,K,0.00756,0.03493,9,2
78(b),D,L,-0.1494,0.1712,7.5,2
78(b),D,M,-0.05407,0.06063,8,2
78(b),D,N,-0.06397,0.02902,26.5,2
78(b),D,P,-0.3542,0.0163,5.5,2
78(b),D,Q,0.02517,0.02753,10.5,2
78(b),D,R,-0.1144,0.1164,7.5,2
78(b),D,S,-0.01389,0.05148,10,2
78(b),D,T,-0.07415,0.04805,12.5,2
78(b),D,V,-0.0201,0.0918,8,2
78(b),D,W,-0.2747,0.1171,8.5,2
78(b),D,Y,0.02352,0.03239,14.5,2
79(a),K,*,-5.83,0,2,2
79(a),K,-,-0.283,0.2774,3,2
79(a),K,A,0.00058,0.03756,11.5,2
79(a),K,C,-0.1098,0.08541,11.5,2
79(a),K,D,-0.126,0.142,14.5,2
79(a),K,E,-0.05506,0.06734,12.5,2
79(a),K,F,-0.1232,0.1434,7.5,2
79(a),K,G,-0.3917,0.1271,3.5,2
79(a),K,H,-0.144,0.08664,9.5,2
79(a),K,I,-0.2094,0.2163,10.5,2
79(a),K,K,0,0,,2
79(a),K,L,-0.3551,0.236,9.5,2
79(a),K,M,-0.4614,0.4299,6,2
79(a),K,N,-0.1063,0.06602,13.5,2
79(a),K,P,-1.149,0.114,14.5,2
79(a),K,Q,0.03542,0.02816,6.5,2
79(a),K,R,0.04281,0.01283,10.5,2
79(a),K,S,-0.1565,0.05245,8.5,2
79(a),K,T,-0.1102,0.1087,12.5,2
79(a),K,V,-0.199,0.2085,10.5,2
79(a),K,W,-0.1136,0.1089,8.5,2
79(a),K,Y,-0.1288,0.1743,7.5,2
79(b),T,-,-0.08687,0,1.5,1
79(b),T,A,-0.0572,0.1344,16,2
79(b),T,C,-0.0538,0.001285,10,2
79(b),T,D,-0.0753,0.0419,5.5,2
79(b),T,E,0.01309,0.00173,10,2
79(b),T,F,-0.1066,0.1287,7.5,2
79(b),T,G,0.05513,0.00603,6,2
79(b),T,H,-0.003255,0.04618,8,2
79(b),T,I,-0.06886,0.01202,14,2
79(b),T,K,0.03526,0.01296,11.5,2
79(b),T,L,-0.07524,0.05926,10.5,2
79(b),T,M,-0.3147,0.08465,7.5,2
79(b),T,N,0.02907,0.01287,7,2
79(b),T,P,-0.7857,0.0885,12.5,2
79(b),T,Q,-0.003633,0.007707,10.5,2
79(b),T,R,0.03002,0.00885,10,2
79(b),T,S,0.04544,0.02649,9.5,2
79(b),T,T,0,0,,2
79(b),T,V,0.01568,0.01205,7,2
79(b),T,W,-0.111,0.03442,13.5,2
79(b),T,Y,0.04376,0.03708,6.5,2
8(T2A),S,-,-0.01177,0.02863,3,2
8(T2A),S,G,-0.05807,0.1039,3,2
8(T2A),S,I,-0.185,0.1134,1.5,2
8(T2A),S,N,-0.07854,0.05076,8.5,2
8(T2A),S,R,-0.8257,0.6263,2.5,2
8(T2A),S,S,0,0,,2
8(a),M,*,-5.757,0,8,2
8(a),M,A,-0.1752,0.1281,7.5,2
8(a),M,C,-0.02979,0.01716,9.5,2
8(a),M,D,-0.5244,0.1341,11.5,2
8(a),M,E,-0.1551,0.1905,9.5,2
8(a),M,F,-0.1702,0.1423,9.5,2
8(a),M,G,-0.2635,0.0984,7,2
8(a),M,H,-0.2467,0.2182,12,2
8(a),M,I,-0.06907,0.03203,28,2
8(a),M,K,0.01838,0.04231,8,2
8(a),M,L,-0.1758,0.09368,14.5,2
8(a),M,M,0,0,,2
8(a),M,N,-2.445,0.117,9.5,2
8(a),M,P,-3.624,0,8,2
8(a),M,Q,-0.1063,0.07649,8,2
8(a),M,R,0.05339,0.02203,7,2
8(a),M,S,-0.02115,0.06152,10.5,2
8(a),M,T,-0.00734,0.0456,6.5,2
8(a),M,V,0.01457,0.004175,13,2
8(a),M,W,-0.2818,0.00995,8.5,2
8(a),M,Y,-0.02173,0.02771,8.5,2
8(b),F,-,-0.04698,0.01266,2.5,2
8(b),F,A,-1.489,0.1985,10.5,2
8(b),F,C,-0.9472,0.6827,9.5,2
8(b),F,D,-5.093,0,7.5,2
8(b),F,E,-4.858,0,12,2
8(b),F,F,0,0,,2
8(b),F,G,-2.45,0.119,14,2
8(b),F,H,-1.302,0.0875,14,2
8(b),F,I,-0.1863,0.1252,14.5,2
8(b),F,K,-4.16,0,14,2
8(b),F,L,-0.317,0.072,28,2
8(b),F,M,-0.6081,0.1271,11,2
8(b),F,N,-2.873,0.074,15.5,2
8(b),F,P,-3.102,0.0825,7.5,2
8(b),F,Q,-2.947,0.0645,9.5,2
8(b),F,R,-5.303,0,9,2
8(b),F,S,-2.571,0.511,15,2
8(b),F,T,-1.323,0.0445,9,2
8(b),F,V,-0.5395,0.3898,13,2
8(b),F,W,-0.6405,0.06565,7.5,2
8(b),F,Y,-0.006635,0.02982,15,2
80(a),R,*,-5.809,0,4,2
80(a),R,-,-0.3354,0.238,2.5,2
80(a),R,A,-1.744,0.329,12,2
80(a),R,C,-1.974,0.3125,10,2
80(a),R,D,-2.636,0.0075,10.5,2
80(a),R,E,-2.57,0.0535,9,2
80(a),R,F,-2.208,0.3485,13.5,2
80(a),R,G,-2.921,0.138,15,2
80(a),R,H,-1.821,0.2435,11,2
80(a),R,I,-1.575,0.482,16.5,2
80(a),R,K,-0.9862,0.0025,44,2
80(a),R,L,-1.585,0.156,12,2
80(a),R,M,-1.732,0.1695,7,2
80(a),R,N,-1.185,0.2051,7.5,2
80(a),R,P,-4.332,0,13,2
80(a),R,Q,-1.776,0.071,4.5,2
80(a),R,R,0,0,,2
80(a),R,S,-2.04,0.122,10.5,2
80(a),R,T,-1.889,0.0235,11,2
80(a),R,V,-1.357,0.0285,8,2
80(a),R,W,-1.823,0.103,10.5,2
80(a),R,Y,-1.993,0.193,6,2
80(b),V,-,-0.1903,0,1.5,1
80(b),V,A,0.05574,0.01722,12.5,2
80(b),V,C,0.04076,0.008655,7.5,2
80(b),V,D,-1.86,0.051,11,2
80(b),V,E,-0.2672,0.286,6,2
80(b),V,F,-0.2056,0.08435,7,2
80(b),V,G,-0.2395,0.1236,10,2
80(b),V,H,0.02971,0.0416,12.5,2
80(b),V,I,-0.623,0.2552,10.5,2
80(b),V,K,-0.03,0.1036,9,2
80(b),V,L,-0.4112,0.1603,11.5,2
80(b),V,M,0.03692,0.01555,18.5,2
80(b),V,N,0.02845,0.01128,10.5,2
80(b),V,P,-2.702,0.36,11,2
80(b),V,Q,-0.2286,0.1666,12,2
80(b),V,R,0.03041,0.02365,7.5,2
80(b),V,S,-0.1018,0.07813,8.5,2
80(b),V,T,-0.02809,0.02862,8,2
80(b),V,V,0,0,,2
80(b),V,W,-0.533,0.04935,9,2
80(b),V,Y,-0.4169,0.1066,9.5,2
81(a),S,-,-0.5882,0.4859,2.5,2
81(a),S,A,-0.01753,0.08507,8.5,2
81(a),S,C,-0.03889,0.06991,5,2
81(a),S,D,-0.1251,0.08314,8,2
81(a),S,E,-0.7214,0.2142,11,2
81(a),S,F,-0.9323,0.07975,11,2
81(a),S,G,0.008542,0.001718,11.5,2
81(a),S,H,-0.7384,0.0957,7.5,2
81(a),S,I,-0.5509,0.1179,5.5,2
81(a),S,K,-0.3538,0.2507,6.5,2
81(a),S,L,-0.199,0.0905,11.5,2
81(a),S,M,-0.1949,0.2328,7,2
81(a),S,N,-0.3331,0.06255,6,2
81(a),S,P,-1.096,0.1964,7,2
81(a),S,Q,-0.1017,0.1613,6,2
81(a),S,R,-0.1836,0.1028,12,2
81(a),S,S,0,0,,2
81(a),S,T,0.03542,0.001525,9.5,2
81(a),S,V,-0.08286,0.1247,13,2
81(a),S,W,-0.9374,0.1906,7,2
81(a),S,Y,-0.07223,0.06167,13,2
81(b),C,*,-5.793,0,0.5,1
81(b),C,-,-3.744,0,1.5,1
81(b),C,A,-2.798,0.17,11,2
81(b),C,C,0,0,,2
81(b),C,D,-6.02,0,10.5,2
81(b),C,E,-5.724,0,8,2
81(b),C,F,-1.978,0.0535,15,2
81(b),C,G,-4.943,0,9,2
81(b),C,H,-4.738,0,11,2
81(b),C,I,-1.144,0.042,8,2
81(b),C,K,-3.44,0,13.5,2
81(b),C,L,-1.494,0.0235,10.5,2
81(b),C,M,-1.615,0.235,5.5,2
81(b),C,N,-5.568,0,5.5,2
81(b),C,P,-5.889,0,9,2
81(b),C,Q,-4.007,0,10.5,2
81(b),C,R,-4.166,0,8.5,2
81(b),C,S,-3.835,0,10,2
81(b),C,T,-3.176,0.015,9.5,2
81(b),C,V,-1.909,0.0505,6.5,2
81(b),C,W,-3.506,0,7.5,2
81(b),C,Y,-4.091,0,36.5,2
82(a),N,-,-0.3618,0.176,2.5,2
82(a),N,A,-0.02835,0.05668,5.5,2
82(a),N,C,-0.02978,0.07782,7,2
82(a),N,D,-0.03581,0.01122,14,2
82(a),N,E,-0.1789,0.05515,9,2
82(a),N,F,-0.3061,0.276,6.5,2
82(a),N,G,-0.1217,0.03569,8,2
82(a),N,H,0.01677,0.02375,16,2
82(a),N,I,-0.3388,0.3007,5,2
82(a),N,K,0.02684,0.00485,8.5,2
82(a),N,L,-0.07151,0.02409,8,2
82(a),N,M,-0.07659,0.113,6,2
82(a),N,N,0,0,,2
82(a),N,P,-0.3862,0.1943,9,2
82(a),N,Q,-0.1876,0.0148,9.5,2
82(a),N,R,0.008065,0.03782,6.5,2
82(a),N,S,-0.07172,0.04828,10,2
82(a),N,T,-0.176,0.08088,12.5,2
82(a),N,V,-0.01893,0.04121,11.5,2
82(a),N,W,-0.2918,0.0097,7.5,2
82(a),N,Y,-0.191,0.02215,12.5,2
82(b),R,*,-5.876,0,2,2
82(b),R,-,-0.205,0.04495,1.5,2
82(b),R,A,-0.2179,0.1607,9,2
82(b),R,C,-0.2089,0.1026,17,2
82(b),R,D,-0.5989,0.3271,10,2
82(b),R,E,-0.4422,0.3494,14.5,2
82(b),R,F,-0.3251,0.21,12.5,2
82(b),R,G,-0.3417,0.03595,13,2
82(b),R,H,-0.1045,0.04884,12,2
82(b),R,I,-0.03754,0.03464,17.5,2
82(b),R,K,-0.00082,0.01694,14,2
82(b),R,L,-0.3629,0.1222,12,2
82(b),R,M,-0.4109,0.3429,6.5,2
82(b),R,N,-0.02581,0.009835,13,2
82(b),R,P,-0.1251,0.08403,10,2
82(b),R,Q,-0.04693,0.09157,5,2
82(b),R,R,0,0,,2
82(b),R,S,0.02427,0.01019,9,2
82(b),R,T,-0.06227,0.006925,12.5,2
82(b),R,V,-0.003795,0.05509,8,2
82(b),R,W,-0.4728,0.2104,9,2
82(b),R,Y,-0.008375,0.02418,9.5,2
83(a),R,*,-5.965,0,1,1
83(a),R,-,-0.005879,0.01305,1,2
83(a),R,A,-0.01873,0.05622,3.5,2
83(a),R,C,-0.2005,0.129,8.5,2
83(a),R,D,-0.1928,0.03325,7,2
83(a),R,E,-0.1823,0.0682,8.5,2
83(a),R,F,-0.05049,0.03084,7,2
83(a),R,G,-0.1348,0.1002,15,2
83(a),R,H,0.02518,0.01282,7,2
83(a),R,I,-0.4163,0.00755,8.5,2
83(a),R,K,-0.02016,0.01247,33,2
83(a),R,L,-0.01014,0.03119,5.5,2
83(a),R,M,-0.2783,0.0527,2,2
83(a),R,N,-0.1162,0.02031,8,2
83(a),R,P,-1.157,0.0195,7.5,2
83(a),R,Q,-0.0307,0.0958,6,2
83(a),R,R,0,0,,2
83(a),R,S,-0.05905,0.00733,9,2
83(a),R,T,-0.1549,0.0236,7.5,2
83(a),R,V,-0.1302,0.1459,7,2
83(a),R,W,0.04603,0.00062,6.5,2
83(a),R,Y,-0.08242,0.08318,6,2
83(b),H,-,-0.2485,0.1737,1.5,2
83(b),H,A,-0.6105,0.2877,11.5,2
83(b),H,C,-0.6394,0.2355,11,2
83(b),H,D,-1.006,0.08055,6,2
83(b),H,E,-0.7422,0.0648,10,2
83(b),H,F,-0.3855,0.3379,6.5,2
83(b),H,G,-0.3445,0.3441,10.5,2
83(b),H,H,0,0,,2
83(b),H,I,-1.113,0.1179,7,2
83(b),H,K,-0.5081,0.4821,7.5,2
83(b),H,L,-0.9443,0.1917,11,2
83(b),H,M,-0.4139,0.0682,8,2
83(b),H,N,-0.3126,0.09385,11,2
83(b),H,P,-0.0432,0.00602,9.5,2
83(b),H,Q,-0.898,0.195,9,2
83(b),H,R,-0.1657,0.045,21.5,2
83(b),H,S,-0.5461,0.4689,8,2
83(b),H,T,-1.065,0.1452,12,2
83(b),H,V,-0.557,0.0668,9.5,2
83(b),H,W,-0.1405,0.07531,9,2
83(b),H,Y,-0.1089,0.0109,17,2
84(a),S,-,-0.3903,0.3705,1,2
84(a),S,A,-0.1005,0.1283,4.5,2
84(a),S,C,-0.3261,0.3316,12,2
84(a),S,D,-0.03433,0.0371,2.5,2
84(a),S,E,-0.06501,0.07369,2.5,2
84(a),S,F,-0.04413,0.02321,16,2
84(a),S,G,-0.09749,0.05092,4.5,2
84(a),S,H,-0.1675,0.1845,2,2
84(a),S,I,-0.0371,0.02938,21.5,2
84(a),S,K,-0.03183,0.00469,10.5,2
84(a),S,L,-0.05578,0.02196,11,2
84(a),S,M,0.0035,0.03572,12.5,2
84(a),S,N,-0.1716,0.1173,12,2
84(a),S,P,-1.574,0.226,9.5,2
84(a),S,Q,-0.03078,0.0434,8.5,2
84(a),S,R,0.01969,0.03708,10.5,2
84(a),S,S,0,0,,2
84(a),S,T,-0.0397,0.0896,16,2
84(a),S,V,-0.5128,0.1968,6,2
84(a),S,W,-0.3755,0.1327,6.5,2
84(a),S,Y,-0.07624,0.08906,14.5,2
84(b),N,-,-0.9538,0.9272,2,2
84(b),N,A,-1.12,0.1997,7.5,2
84(b),N,C,-1.278,0.3831,7.5,2
84(b),N,D,0.002717,0.01151,12,2
84(b),N,E,-1.861,0.4885,11,2
84(b),N,F,-1.397,0.1635,8.5,2
84(b),N,G,-0.6201,0.1676,10,2
84(b),N,H,-1.683,0.3945,17,2
84(b),N,I,-1.867,0.1945,14,2
84(b),N,K,-1.336,0.034,10,2
84(b),N,L,-1.43,0.4381,10.5,2
84(b),N,M,-1.433,0.0855,7.5,2
84(b),N,N,0,0,,2
84(b),N,P,-1.286,0.112,10,2
84(b),N,Q,-1.595,0.1205,9.5,2
84(b),N,R,-2.947,0.0955,12,2
84(b),N,S,-0.9808,0.2262,12.5,2
84(b),N,T,-1.321,0.035,8,2
84(b),N,V,-1.787,0.415,5,2
84(b),N,W,-1.932,0.1755,11,2
84(b),N,Y,-2.005,0.1535,7.5,2
85(a),Q,*,-5.719,0,6.5,2
85(a),Q,-,-0.5329,0.2537,1.5,2
85(a),Q,A,0.001465,0.0381,3.5,2
85(a),Q,C,0.05331,0,1,1
85(a),Q,D,-0.1634,0,2,1
85(a),Q,E,-0.09732,0.02707,2.5,2
85(a),Q,F,-0.08813,0.1106,5.5,2
85(a),Q,G,-0.09122,0.06928,3.5,2
85(a),Q,H,-0.05818,0.08492,18.5,2
85(a),Q,I,-0.0411,0.03175,7,2
85(a),Q,K,-0.07827,0.1042,8.5,2
85(a),Q,L,-0.2548,0.2644,3.5,2
85(a),Q,M,0.00621,0.03281,11,2
85(a),Q,N,-0.3625,0.3531,5,2
85(a),Q,P,-0.08945,0.1379,4,2
85(a),Q,Q,0,0,,2
85(a),Q,R,0.03902,0.00426,6,2
85(a),Q,S,-0.2639,0.2391,8,2
85(a),Q,T,-0.3442,0.3332,8,2
85(a),Q,V,-0.1944,0.1394,2,2
85(a),Q,W,-0.6802,0.7168,2.5,2
85(a),Q,Y,-0.05747,0.1277,2.5,2
85(b),Y,*,-2.764,0,0.5,1
85(b),Y,-,-0.009405,0.04191,2,2
85(b),Y,A,-0.6073,0.1463,10.5,2
85(b),Y,C,-0.5094,0.04385,12.5,2
85(b),Y,D,-1.046,0.2177,10,2
85(b),Y,E,-0.9208,0.1532,12,2
85(b),Y,F,0.004864,0.00476,12,2
85(b),Y,G,-0.5176,0.4449,12,2
85(b),Y,H,-0.05523,0.07707,5.5,2
85(b),Y,I,-0.2321,0.2205,9,2
85(b),Y,K,-0.8821,0.04865,7.5,2
85(b),Y,L,-0.1636,0.1286,7,2
85(b),Y,M,-0.1514,0.05,14,2
85(b),Y,N,-0.4453,0.2031,10,2
85(b),Y,P,-1.384,0.182,13.5,2
85(b),Y,Q,-0.5565,0.03755,9,2
85(b),Y,R,-0.5398,0.1017,11,2
85(b),Y,S,-0.5572,0.2779,12,2
85(b),Y,T,-0.4977,0.1773,11.5,2
85(b),Y,V,-0.2901,0.1661,11.5,2
85(b),Y,W,-0.04245,0.04018,10,2
85(b),Y,Y,0,0,,2
86(a),G,*,-5.966,0,5,2
86(a),G,-,-0.5277,0.2314,1.5,2
86(a),G,A,-0.1636,0.06914,11,2
86(a),G,C,-0.1489,0.07616,5.5,2
86(a),G,D,0.02014,0.04876,4,2
86(a),G,E,-0.158,0.0517,27.5,2
86(a),G,F,-0.2171,0.0142,10.5,2
86(a),G,G,0,0,,2
86(a),G,H,-0.1668,0.06505,12.5,2
86(a),G,I,-0.1387,0.09337,4,2
86(a),G,K,-0.07618,0.0008,7,2
86(a),G,L,-0.6671,0.1466,5.5,2
86(a),G,M,-0.05169,0.01245,10,2
86(a),G,N,-0.2805,0.2701,7.5,2
86(a),G,P,-0.3813,0.3724,6.5,2
86(a),G,Q,-0.2067,0.0188,9,2
86(a),G,R,-0.4561,0.1669,25,2
86(a),G,S,0.01926,0.01755,6,2
86(a),G,T,-0.01012,0.05063,8.5,2
86(a),G,V,-0.07687,0.01153,13.5,2
86(a),G,W,0.0537,0.00922,5.5,2
86(a),G,Y,-0.2485,0.1208,12,2
86(b),F,-,0.01294,0.00148,1,2
86(b),F,A,-0.9754,0.1846,11,2
86(b),F,C,-0.9762,0.1018,7.5,2
86(b),F,D,-1.082,0.1655,11,2
86(b),F,E,-0.2825,0.2211,7,2
86(b),F,F,0,0,,2
86(b),F,G,-0.6162,0.3089,5,2
86(b),F,H,-0.8647,0.1311,9.5,2
86(b),F,I,-0.7537,0.09535,13.5,2
86(b),F,K,-0.5094,0.5366,12,2
86(b),F,L,-0.02335,0.02949,12.5,2
86(b),F,M,-0.5177,0.3603,10.5,2
86(b),F,N,-0.3626,0.298,12,2
86(b),F,P,-0.5853,0.0012,11.5,2
86(b),F,Q,-0.7544,0.1303,10.5,2
86(b),F,R,-0.6062,0.06555,9,2
86(b),F,S,-1.942,0.0845,13.5,2
86(b),F,T,-1.647,0.1945,15,2
86(b),F,V,-0.6535,0.04475,5,2
86(b),F,W,-1.083,0.158,14,2
86(b),F,Y,-0.6085,0.251,12.5,2
87(a),T,-,-0.009561,0,1.5,1
87(a),T,A,0.008197,0.01248,17.5,2
87(a),T,C,-0.1368,0.1661,9.5,2
87(a),T,D,-0.03704,0.03348,10.5,2
87(a),T,E,0.01983,0.01883,4,2
87(a),T,F,0.002565,0.02518,10.5,2
87(a),T,G,-0.05805,0.0375,11.5,2
87(a),T,H,-0.1267,0.1465,12,2
87(a),T,I,-0.01961,0.00457,18,2
87(a),T,K,0.008935,0.01924,12,2
87(a),T,L,0.02328,0.02425,8.5,2
87(a),T,M,0.004437,0.005604,9,2
87(a),T,N,-0.04611,0.09069,14,2
87(a),T,P,-0.2141,0.09625,14,2
87(a),T,Q,-0.01693,0.04154,10,2
87(a),T,R,0.00895,0.02961,11.5,2
87(a),T,S,-0.06209,0.09731,8.5,2
87(a),T,T,0,0,,2
87(a),T,V,-0.989,0,0.5,1
87(a),T,W,-0.02845,0.05031,13.5,2
87(a),T,Y,-0.1259,0.06616,9.5,2
87(b),M,-,0.002378,0.007014,1,2
87(b),M,A,0.000885,0.04766,6,2
87(b),M,C,-0.112,0.06162,8,2
87(b),M,D,-0.9175,0.1085,10,2
87(b),M,E,-0.5243,0.07255,6.5,2
87(b),M,F,-0.3091,0.001,13,2
87(b),M,G,-0.6411,0.3829,3.5,2
87(b),M,H,-0.1949,0.1564,12.5,2
87(b),M,I,-0.7824,0.1901,18,2
87(b),M,K,-0.8462,0.0287,13.5,2
87(b),M,L,0.04224,0.01213,8.5,2
87(b),M,M,0,0,,2
87(b),M,N,-1.096,0.2241,12.5,2
87(b),M,P,-0.919,0.208,8,2
87(b),M,Q,-0.4708,0.3377,12,2
87(b),M,R,-0.6849,0.0378,11,2
87(b),M,S,-0.1309,0.09005,8.5,2
87(b),M,T,-0.111,0.1312,6.5,2
87(b),M,V,-0.4558,0.00445,14,2
87(b),M,W,-0.6489,0.05785,9,2
87(b),M,Y,-0.7323,0.0877,8.5,2
88(a),I,-,-0.3475,0.3037,2,2
88(a),I,A,-0.1743,0.1694,8,2
88(a),I,C,-0.1769,0.07525,7.5,2
88(a),I,D,-0.2984,0.0309,10,2
88(a),I,E,-0.03422,0.02457,5.5,2
88(a),I,F,-0.1762,0.1201,14,2
88(a),I,G,-0.1875,0.08385,6.5,2
88(a),I,H,-0.06085,0.04265,11.5,2
88(a),I,I,0,0,,2
88(a),I,K,0.0111,0.03881,10,2
88(a),I,L,-0.02373,0.04535,14,2
88(a),I,M,-0.0388,0.0666,10.5,2
88(a),I,N,-0.03805,0.03392,13.5,2
88(a),I,P,-0.3698,0.2698,9.5,2
88(a),I,Q,-0.2686,0.0478,8,2
88(a),I,R,-0.2057,0.01915,10,2
88(a),I,S,0.02538,0.02203,12,2
88(a),I,T,-0.323,0.3305,8,2
88(a),I,V,-0.03149,0.03699,30.5,2
88(a),I,W,-0.2032,0.07825,16,2
88(a),I,Y,0.05975,0.01735,9,2
88(b),A,-,-0.6702,0.6588,1.5,2
88(b),A,A,0,0,,2
88(b),A,C,-0.1822,0.0235,10.5,2
88(b),A,D,-0.8769,0.0522,13.5,2
88(b),A,E,-0.1934,0.1053,10.5,2
88(b),A,F,-0.6266,0.5804,8,2
88(b),A,G,-0.2241,0.0177,11.5,2
88(b),A,H,-0.0903,0.0829,8,2
88(b),A,I,-0.7066,0.2292,11,2
88(b),A,K,-0.07735,0.07075,9,2
88(b),A,L,-0.4236,0.0364,15,2
88(b),A,M,-0.5646,0.5024,4.5,2
88(b),A,N,-0.5498,0.0736,11,2
88(b),A,P,-0.6418,0.2854,10.5,2
88(b),A,Q,-0.474,0.194,8.5,2
88(b),A,R,0.02681,0.01825,13.5,2
88(b),A,S,-0.1784,0.1961,18.5,2
88(b),A,T,-0.02763,0.002365,38,2
88(b),A,V,-0.0749,0.0843,21.5,2
88(b),A,W,-0.7185,0.09805,10.5,2
88(b),A,Y,-0.6058,0.319,8.5,2
89(a),A,-,-1.604,1.504,2.5,2
89(a),A,A,0,0,,2
89(a),A,C,0.01137,0.02327,10,2
89(a),A,D,0.04806,0.01102,14.5,2
89(a),A,E,-0.2333,0.1357,8.5,2
89(a),A,F,-0.01686,0.02852,10.5,2
89(a),A,G,-0.1262,0.0214,11,2
89(a),A,H,-0.2609,0.2321,8.5,2
89(a),A,I,0.004915,0.06026,11,2
89(a),A,K,-0.222,0.1491,12,2
89(a),A,L,-0.01778,0.0565,10,2
89(a),A,M,-0.06409,0.05281,10,2
89(a),A,N,-0.167,0.109,10.5,2
89(a),A,P,-1.627,0.028,9.5,2
89(a),A,Q,0.05722,0.007975,7.5,2
89(a),A,R,-0.154,0.1494,13,2
89(a),A,S,-0.06592,0.07898,17,2
89(a),A,T,-0.1213,0.07338,19,2
89(a),A,V,0.008691,0.000271,17.5,2
89(a),A,W,0.04717,0.00192,10,2
89(a),A,Y,-0.2397,0.08705,6,2
89(b),S,-,0.002341,0.00632,1,2
89(b),S,A,0.01263,0.02526,11.5,2
89(b),S,C,-0.1456,0.08986,9,2
89(b),S,D,-0.01916,0.0525,9,2
89(b),S,E,-0.1816,0.2226,7.5,2
89(b),S,F,-0.02164,0.01504,8.5,2
89(b),S,G,-0.003345,0.02091,15.5,2
89(b),S,H,-0.04451,0.07118,8,2
89(b),S,I,-0.04322,0.03035,11,2
89(b),S,K,-0.07923,0.02448,9,2
89(b),S,L,-0.1627,0.1549,11,2
89(b),S,M,-0.02692,0.02487,9.5,2
89(b),S,N,-0.004864,0.0126,22,2
89(b),S,P,0.0392,0.03346,9.5,2
89(b),S,Q,-0.06003,0.03401,9.5,2
89(b),S,R,-0.003855,0.07736,14,2
89(b),S,S,0,0,,2
89(b),S,T,0.02533,0.02335,17.5,2
89(b),S,V,-0.06056,0.02568,8,2
89(b),S,W,-0.3574,0.0623,10.5,2
89(b),S,Y,-0.03062,0.09609,10,2
9(T2A),L,-,-0.0572,0.0974,1.5,2
9(T2A),L,L,0,0,,2
9(T2A),L,M,0.01064,0.02083,2,2
9(T2A),L,P,-0.9305,0.5864,5,2
9(T2A),L,Q,-0.265,0.09895,2.5,2
9(T2A),L,R,-0.01955,0,1,1
9(a),Q,*,-5.98,0,35.5,2
9(a),Q,-,-0.03832,0,0.5,1
9(a),Q,A,-0.3175,0.2,8.5,2
9(a),Q,C,-0.234,0.2364,7,2
9(a),Q,D,-0.6223,0.1671,10,2
9(a),Q,E,-0.404,0.1151,9.5,2
9(a),Q,F,-0.04134,0.07616,9.5,2
9(a),Q,G,-1.447,0.303,4.5,2
9(a),Q,H,-0.5217,0.4292,11.5,2
9(a),Q,I,-0.4979,0.2221,9,2
9(a),Q,K,-1.659,0.1745,6,2
9(a),Q,L,-0.1644,0.1322,12,2
9(a),Q,M,-0.04035,0.04094,11.5,2
9(a),Q,N,-1.544,0.086,9.5,2
9(a),Q,P,-2.832,0.085,13.5,2
9(a),Q,Q,0,0,,2
9(a),Q,R,-2.492,0.155,21,2
9(a),Q,S,-0.8699,0.4062,11.5,2
9(a),Q,T,-0.01319,0.04844,8.5,2
9(a),Q,V,0.04347,0.00583,7,2
9(a),Q,W,-1.478,0.0215,10,2
9(a),Q,Y,-1.177,0.2506,4.5,2
9(b),F,-,-0.4669,0.4073,3.5,2
9(b),F,A,-0.2053,0.1314,7,2
9(b),F,C,-0.6542,0.1706,14.5,2
9(b),F,D,-0.361,0.07475,12,2
9(b),F,E,-0.1607,0.07248,11,2
9(b),F,F,0,0,,2
9(b),F,G,-1.051,0.0909,10.5,2
9(b),F,H,-0.04474,0.03939,9,2
9(b),F,I,-0.6861,0.1077,11.5,2
9(b),F,K,-2.516,0.0215,9.5,2
9(b),F,L,-0.9238,0.0656,9.5,2
9(b),F,M,-0.4879,0.1744,11.5,2
9(b),F,N,-0.235,0.1904,11,2
9(b),F,P,-5.947,0,10,2
9(b),F,Q,-0.1023,0.1734,9.5,2
9(b),F,R,-1.171,0.2175,10,2
9(b),F,S,-0.6108,0.3491,9,2
9(b),F,T,-0.5509,0.3106,8,2
9(b),F,V,-0.8116,0.02345,13.5,2
9(b),F,W,-0.076,1.5e-05,10,2
9(b),F,Y,-0.0074,0.01756,9.5,2
90(a),P,-,-0.3867,0.3686,2,2
90(a),P,A,0.04787,0.02805,8.5,2
90(a),P,C,-0.00255,0.0516,14.5,2
90(a),P,D,-0.1887,0.09135,8.5,2
90(a),P,E,-0.05496,0.01881,10.5,2
90(a),P,F,-0.04268,0.05058,9.5,2
90(a),P,G,-0.02488,0.05291,9.5,2
90(a),P,H,0.03117,0.03216,14,2
90(a),P,I,0.03571,0.02534,14,2
90(a),P,K,0.05767,0.01627,9,2
90(a),P,L,0.01425,0.01257,13.5,2
90(a),P,M,-0.009675,0.04254,9.5,2
90(a),P,N,0.03574,0.00392,10,2
90(a),P,P,0,0,,2
90(a),P,Q,-0.1055,0.06492,9,2
90(a),P,R,0.009316,0.01837,9,2
90(a),P,S,-0.09531,0.06279,15,2
90(a),P,T,-0.07057,0.06703,8.5,2
90(a),P,V,-0.015,0.04919,11,2
90(a),P,W,-0.05922,0.06558,8.5,2
90(a),P,Y,-0.2135,0.168,8,2
90(b),F,-,-0.03265,0.00889,1.5,2
90(b),F,A,-0.7992,0.3718,4.5,2
90(b),F,C,-0.03015,0.07875,8.5,2
90(b),F,D,-0.5215,0.0004,7,2
90(b),F,E,-0.7791,0.2639,9,2
90(b),F,F,0,0,,2
90(b),F,G,-0.2545,0.2405,8.5,2
90(b),F,H,-0.4211,0.02915,10.5,2
90(b),F,I,-0.3487,0.3219,14,2
90(b),F,K,-0.0311,0.06484,9,2
90(b),F,L,-0.3343,0.231,14.5,2
90(b),F,M,-0.3609,0.0722,7.5,2
90(b),F,N,-0.7343,0.0301,11.5,2
90(b),F,P,-0.6095,0.6255,9,2
90(b),F,Q,-0.3287,0.307,7.5,2
90(b),F,R,-0.2999,0.102,8.5,2
90(b),F,S,-0.2064,0.1494,13,2
90(b),F,T,-0.6796,0.04005,7.5,2
90(b),F,V,-0.6631,0.011,13,2
90(b),F,W,0.0261,0.002515,7.5,2
90(b),F,Y,-0.3135,0.2509,7.5,2
91(a),P,-,-1.958,1.234,2.5,2
91(a),P,A,-0.221,0.2678,10.5,2
91(a),P,C,-0.4017,0.0588,8.5,2
91(a),P,D,-2.849,0.089,13,2
91(a),P,E,-2.117,0.227,11.5,2
91(a),P,F,-2.139,0.3275,6,2
91(a),P,G,-0.1864,0.0146,9.5,2
91(a),P,H,-2.026,0.124,10,2
91(a),P,I,-1.348,0.19,12,2
91(a),P,K,-2.478,0.0235,6,2
91(a),P,L,-2.351,0.0165,13.5,2
91(a),P,M,-1.372,0.003,11.5,2
91(a),P,N,-2.268,0.128,10,2
91(a),P,P,0,0,,2
91(a),P,Q,-1.566,0.257,12.5,2
91(a),P,R,-2.232,0.104,14.5,2
91(a),P,S,-1.39,0.142,13,2
91(a),P,T,-1.418,0.1595,12.5,2
91(a),P,V,-0.536,0.3603,13,2
91(a),P,W,-3.001,0.007,9,2
91(a),P,Y,-1.988,0.2605,11.5,2
91(b),T,-,-0.03081,0.03016,2,2
91(b),T,A,-0.3433,0.3444,10,2
91(b),T,C,-0.02901,0.03982,10,2
91(b),T,D,-0.7119,0.0902,7.5,2
91(b),T,E,-0.7763,0.059,8,2
91(b),T,F,-0.9271,0.3359,4.5,2
91(b),T,G,-1.146,0.2229,7.5,2
91(b),T,H,-0.5427,0.2424,6.5,2
91(b),T,I,-0.3405,0.1941,17,2
91(b),T,K,-0.7834,0.4326,5.5,2
91(b),T,L,-0.09921,0.02019,8.5,2
91(b),T,M,-0.8199,0.1556,6,2
91(b),T,N,-0.3897,0.1271,10,2
91(b),T,P,-0.7952,0.1258,16,2
91(b),T,Q,-0.8481,0.1628,9,2
91(b),T,R,-1.019,0.02645,15.5,2
91(b),T,S,-0.8332,0.147,9,2
91(b),T,T,0,0,,2
91(b),T,V,-0.5129,0.1251,10.5,2
91(b),T,W,-0.65,0.1597,7,2
91(b),T,Y,-0.6465,0.4265,5,2
92(a),E,*,-3.078,1.449,4.5,2
92(a),E,-,-3.872,0,2,1
92(a),E,A,-0.5506,0.5034,6,2
92(a),E,C,0.009815,0.02769,10.5,2
92(a),E,D,0.05656,0.02115,9.5,2
92(a),E,E,0,0,,2
92(a),E,F,-0.3325,0.257,7,2
92(a),E,G,-0.008686,0.01395,20.5,2
92(a),E,H,-0.04553,0.02077,9,2
92(a),E,I,-0.02108,0.01693,11,2
92(a),E,K,0.04191,0.01035,12.5,2
92(a),E,L,-0.0255,0.03811,12.5,2
92(a),E,M,0.05367,0.000795,7.5,2
92(a),E,N,-0.07825,0.1022,7,2
92(a),E,P,-1.028,0.06335,7.5,2
92(a),E,Q,-0.00397,0.04304,8,2
92(a),E,R,-0.04058,0.04828,11,2
92(a),E,S,0.04635,0,0.5,1
92(a),E,T,-0.07114,0.008725,7.5,2
92(a),E,V,0.04857,0.00643,8.5,2
92(a),E,W,-0.000435,0.06248,9,2
92(a),E,Y,-0.156,0.03515,8.5,2
92(b),V,-,-0.1476,0.0662,2.5,2
92(b),V,A,-0.0881,0.0842,14,2
92(b),V,C,-0.3198,0.0244,5.5,2
92(b),V,D,-0.3036,0.3422,7.5,2
92(b),V,E,-0.73,0.0473,10,2
92(b),V,F,-0.4312,0.08,9.5,2
92(b),V,G,-0.605,0.0407,6.5,2
92(b),V,H,-0.6732,0.02105,10,2
92(b),V,I,-0.01558,0.07761,9,2
92(b),V,K,-0.7762,0.192,10.5,2
92(b),V,L,-0.007075,0.0209,15,2
92(b),V,M,-0.554,0.462,24.5,2
92(b),V,N,-0.6102,0.0103,10.5,2
92(b),V,P,-0.811,0.1248,7,2
92(b),V,Q,-0.7613,0.1593,6.5,2
92(b),V,R,-0.4738,0.3406,16,2
92(b),V,S,-0.6708,0.0923,12.5,2
92(b),V,T,-0.3782,0.1127,8.5,2
92(b),V,V,0,0,,2
92(b),V,W,-0.6816,0.3654,12,2
92(b),V,Y,-0.4346,0.3533,9.5,2
93(a),V,-,-0.0589,0.02275,2,2
93(a),V,A,0.03467,0.0106,12,2
93(a),V,C,-0.08031,0.07099,10.5,2
93(a),V,D,-0.6373,0.2041,5.5,2
93(a),V,E,-0.3431,0.1036,11.5,2
93(a),V,F,0.02704,0.005245,13,2
93(a),V,G,-0.2273,0.07305,9.5,2
93(a),V,H,-0.2234,0.2342,9.5,2
93(a),V,I,-0.04282,0.03622,10.5,2
93(a),V,K,-0.0092,0.03585,7.5,2
93(a),V,L,-0.3114,0.06035,15.5,2
93(a),V,M,0.01409,0.01894,14.5,2
93(a),V,N,-0.03346,0.00589,13,2
93(a),V,P,-0.05776,0.007405,14.5,2
93(a),V,Q,0.006055,0.02565,11.5,2
93(a),V,R,-0.09496,0.1434,10,2
93(a),V,S,0.0491,0.01434,15.5,2
93(a),V,T,-0.004165,0.03199,9.5,2
93(a),V,V,0,0,,2
93(a),V,W,-0.4363,0.3849,11.5,2
93(a),V,Y,-0.1971,0.1327,15,2
93(b),D,-,-0.08502,0.09358,3,2
93(b),D,A,-0.1505,0.1869,9,2
93(b),D,C,-0.1634,0.1809,9,2
93(b),D,D,0,0,,2
93(b),D,E,-0.04399,0.08622,7.5,2
93(b),D,F,-0.07236,0.04334,7.5,2
93(b),D,G,-0.005375,0.03283,12,2
93(b),D,H,-0.03585,0.06166,8.5,2
93(b),D,I,-0.4751,0.1948,7,2
93(b),D,K,-0.03122,0.07417,9,2
93(b),D,L,-0.1993,0.1608,8.5,2
93(b),D,M,0.04908,0.02516,8.5,2
93(b),D,N,-0.2223,0.04365,19.5,2
93(b),D,P,-0.7974,0.06335,10.5,2
93(b),D,Q,-0.04084,0.08876,9.5,2
93(b),D,R,-0.2387,0.1599,10.5,2
93(b),D,S,-0.08551,0.1195,9.5,2
93(b),D,T,-0.3789,0.3491,9.5,2
93(b),D,V,-0.5982,0.1228,11.5,2
93(b),D,W,-0.09225,0.06395,6.5,2
93(b),D,Y,-0.2495,0.0741,12,2
94(a),T,-,-0.04188,0.01741,2.5,2
94(a),T,A,0.04571,0.01925,16.5,2
94(a),T,C,0.02593,0.02409,13.5,2
94(a),T,D,-0.04967,0.08503,13.5,2
94(a),T,E,0.0004,0.04449,10,2
94(a),T,F,-0.005045,0.05266,11,2
94(a),T,G,0.005586,0.001623,8.5,2
94(a),T,H,-0.05512,0.1195,9,2
94(a),T,I,0.02357,0.02466,18.5,2
94(a),T,K,0.03478,0.03896,13,2
94(a),T,L,-0.32,0.1137,7.5,2
94(a),T,M,-0.04502,0.04552,10.5,2
94(a),T,N,-0.04052,0.115,10.5,2
94(a),T,P,-0.9562,0.3318,9,2
94(a),T,Q,0.02681,0.03024,8.5,2
94(a),T,R,0.0414,0.01963,10.5,2
94(a),T,S,0.01423,0.01588,11.5,2
94(a),T,T,0,0,,2
94(a),T,V,0.03382,0.02859,8.5,2
94(a),T,W,-0.3951,0.2743,10,2
94(a),T,Y,0.05317,0.02265,8,2
94(b),R,*,-5.599,0,2,2
94(b),R,-,-0.5291,0.5159,3.5,2
94(b),R,A,-0.328,0.00735,11.5,2
94(b),R,C,-0.3974,0.08145,12.5,2
94(b),R,D,-0.1332,0.139,8,2
94(b),R,E,-0.271,0.0708,6.5,2
94(b),R,F,-0.958,0.03455,6.5,2
94(b),R,G,-0.1215,0.02653,15.5,2
94(b),R,H,-0.00412,0.0671,14,2
94(b),R,I,-0.312,0.07585,13.5,2
94(b),R,K,0.03426,0.009165,11,2
94(b),R,L,-0.2754,0.1622,7.5,2
94(b),R,M,-0.2891,0.1566,8,2
94(b),R,N,0.02106,0.01754,11.5,2
94(b),R,P,-0.5725,0.3125,11,2
94(b),R,Q,-0.0437,0.0844,10,2
94(b),R,R,0,0,,2
94(b),R,S,-0.2436,0.2957,6,2
94(b),R,T,-0.3698,0.286,12.5,2
94(b),R,V,0.03358,0.03548,6.5,2
94(b),R,W,-0.3347,0.0527,7.5,2
94(b),R,Y,-0.1294,0.07993,10.5,2
95(a),V,-,-0.03272,0.03311,3,2
95(a),V,A,-0.02377,0.001185,15.5,2
95(a),V,C,-0.1675,0.2071,15,2
95(a),V,D,-1.925,0.156,11.5,2
95(a),V,E,-0.9001,0.0409,9.5,2
95(a),V,F,-0.4458,0.1378,12.5,2
95(a),V,G,-0.4161,0.2789,7.5,2
95(a),V,H,-0.7832,0.0965,12,2
95(a),V,I,-0.02103,0.00872,15.5,2
95(a),V,K,-1.527,0.064,3,2
95(a),V,L,0.02929,0.0156,14,2
95(a),V,M,-0.2674,0.2476,11.5,2
95(a),V,N,-0.2354,0.0588,4,2
95(a),V,P,-0.7847,0.2594,8.5,2
95(a),V,Q,-0.3979,0.2037,14,2
95(a),V,R,-1.127,0.075,7.5,2
95(a),V,S,-0.2396,0.0236,11,2
95(a),V,T,-0.02535,0.0255,11,2
95(a),V,V,0,0,,2
95(a),V,W,-1.942,0.2845,11.5,2
95(a),V,Y,-1.305,0.0295,10,2
95(b),R,-,-0.2339,0.01325,4.5,2
95(b),R,A,-0.03007,0.000835,7,2
95(b),R,C,-0.06903,0.00866,14.5,2
95(b),R,D,-0.06135,0.05465,7.5,2
95(b),R,E,-0.1054,0.1235,7,2
95(b),R,F,-0.04338,0.0284,11,2
95(b),R,G,-0.3332,0.0002,8.5,2
95(b),R,H,-0.06497,0.1107,11,2
95(b),R,I,-0.1553,0.1625,12.5,2
95(b),R,K,-0.1416,0.1195,10,2
95(b),R,L,0.02198,0.01999,16.5,2
95(b),R,M,-0.0381,0.08931,12.5,2
95(b),R,N,-0.08101,0.1593,13,2
95(b),R,P,-0.4829,0.2213,6,2
95(b),R,Q,-0.1146,0.1282,19,2
95(b),R,R,0,0,,2
95(b),R,S,-0.3767,0.05325,9,2
95(b),R,T,-0.1941,0.1176,9,2
95(b),R,V,-0.2346,0.2519,6.5,2
95(b),R,W,0.02785,0.03909,16.5,2
95(b),R,Y,-0.1388,0.2103,8.5,2
96(a),F,-,-0.06191,0.003785,3,2
96(a),F,A,0.02287,0.04291,10.5,2
96(a),F,C,-0.04687,0.05042,11.5,2
96(a),F,D,-0.3076,0.1984,12,2
96(a),F,E,-0.1883,0.02665,12.5,2
96(a),F,F,0,0,,2
96(a),F,G,0.03223,0.01679,10,2
96(a),F,H,-0.2529,0.1955,13,2
96(a),F,I,-0.01384,0.02142,7.5,2
96(a),F,K,-1.073,0.1046,13,2
96(a),F,L,-0.01211,0.01312,11,2
96(a),F,M,0.04351,0.000355,6,2
96(a),F,N,-0.3745,0.1323,9,2
96(a),F,P,-5.96,0,10.5,2
96(a),F,Q,-0.2591,0.3239,11.5,2
96(a),F,R,-0.6173,0.2897,13,2
96(a),F,S,-0.1686,0.131,9.5,2
96(a),F,T,-0.3139,0.3016,9.5,2
96(a),F,V,0.01279,0.0344,17,2
96(a),F,W,-0.1272,0.1354,10,2
96(a),F,Y,-0.1969,0.2411,12,2
96(b),V,-,-0.01454,0.03006,5.5,2
96(b),V,A,-0.07888,0.04892,8.5,2
96(b),V,C,-0.2394,0.2764,8.5,2
96(b),V,D,-0.1254,0.07221,11,2
96(b),V,E,-0.3187,0.07355,9,2
96(b),V,F,-0.07967,0.08413,14,2
96(b),V,G,-0.2725,0.3356,8,2
96(b),V,H,-0.2333,0.0496,9,2
96(b),V,I,0.0339,0.03786,17.5,2
96(b),V,K,-0.2491,0.1702,9.5,2
96(b),V,L,0.01081,0.0148,10.5,2
96(b),V,M,-0.06767,0.1018,10,2
96(b),V,N,-0.4113,0.3038,8.5,2
96(b),V,P,-0.5166,0.1565,7.5,2
96(b),V,Q,0.04576,0.00074,11.5,2
96(b),V,R,0.02721,0.00269,10,2
96(b),V,S,-0.08697,0.02153,10,2
96(b),V,T,0.0169,0.03,12,2
96(b),V,V,0,0,,2
96(b),V,W,-0.06695,0.04036,9.5,2
96(b),V,Y,-0.05583,0.04341,9.5,2
97(a),S,-,-0.02366,0.000355,3,2
97(a),S,A,0.03941,0.003455,5.5,2
97(a),S,C,-0.00953,0.05916,14,2
97(a),S,D,0.01626,0.05179,9,2
97(a),S,E,0.06234,0.01848,10,2
97(a),S,F,-0.0388,0.01857,13,2
97(a),S,G,0.02303,0.01185,14.5,2
97(a),S,H,0.02056,0.00322,13,2
97(a),S,I,-0.1431,0.04533,17,2
97(a),S,K,0.00221,0.03254,8.5,2
97(a),S,L,0.00641,0.03547,8,2
97(a),S,M,-0.06979,0.05371,10.5,2
97(a),S,N,-0.1329,0.1514,12.5,2
97(a),S,P,0.0152,0.00082,10.5,2
97(a),S,Q,-0.123,0.05635,11,2
97(a),S,R,-0.1741,0.1246,9,2
97(a),S,S,0,0,,2
97(a),S,T,0.02522,0.03405,9.5,2
97(a),S,V,0.04939,0.01887,7,2
97(a),S,W,-0.1308,0.05797,8,2
97(a),S,Y,0.03884,0.0005,9.5,2
97(b),E,*,-5.307,0,3.5,2
97(b),E,-,-0.1105,0.09124,5,2
97(b),E,A,-0.188,0.2022,8.5,2
97(b),E,C,-0.04657,0.05143,11.5,2
97(b),E,D,-0.006525,0.04093,18,2
97(b),E,E,0,0,,2
97(b),E,F,-0.1725,0.0323,7.5,2
97(b),E,G,0.02092,0.01436,10,2
97(b),E,H,-0.2438,0.1702,6.5,2
97(b),E,I,-0.1748,0.0695,8,2
97(b),E,K,-0.08269,0.009805,13.5,2
97(b),E,L,-0.1047,0.1457,7.5,2
97(b),E,M,0.02761,0.0305,11,2
97(b),E,N,-0.1297,0.1906,8,2
97(b),E,P,-0.03141,0.07289,9.5,2
97(b),E,Q,-0.0937,0.165,14.5,2
97(b),E,R,0.02313,0.04703,11.5,2
97(b),E,S,-0.1684,0.136,11,2
97(b),E,T,-0.02217,0.03718,9.5,2
97(b),E,V,-0.0547,0.03969,12,2
97(b),E,W,-0.02541,0.01774,7.5,2
97(b),E,Y,-0.1722,0.07977,7,2
98(a),E,*,-5.713,0,6,2
98(a),E,-,-0.001755,0.01969,3,2
98(a),E,A,-0.0339,0.06115,11.5,2
98(a),E,C,-0.1653,0.2064,12,2
98(a),E,D,-0.2175,0.142,19.5,2
98(a),E,E,0,0,,2
98(a),E,F,-0.197,0.08205,9.5,2
98(a),E,G,-0.05334,0.1012,12,2
98(a),E,H,0.05551,0.00699,6,2
98(a),E,I,-0.04245,0.04761,9.5,2
98(a),E,K,0.006407,0.004483,23,2
98(a),E,L,-0.1863,0.09118,10.5,2
98(a),E,M,-0.152,0.1952,8,2
98(a),E,N,-0.2195,0.1971,10.5,2
98(a),E,P,-0.3017,0.08,11,2
98(a),E,Q,-0.00651,0.03634,13.5,2
98(a),E,R,0.06039,0.01147,10.5,2
98(a),E,S,-0.0922,0.0923,13,2
98(a),E,T,0.04477,0.01259,10,2
98(a),E,V,-0.0105,0.02065,14,2
98(a),E,W,-0.2842,0.3112,10.5,2
98(a),E,Y,-0.2353,0.0238,12.5,2
98(b),P,-,-1.699,0.4895,4,2
98(b),P,A,-0.199,0.1154,10.5,2
98(b),P,C,0.03352,0.01009,8.5,2
98(b),P,D,-1.869,0.2285,10,2
98(b),P,E,-1.169,0.4731,12,2
98(b),P,F,-0.2689,0.1773,6.5,2
98(b),P,G,-0.1441,0.0408,10.5,2
98(b),P,H,-0.499,0.3267,8.5,2
98(b),P,I,-1.077,0.1656,8.5,2
98(b),P,K,-1.825,0.3445,9,2
98(b),P,L,-0.8909,0.05235,8,2
98(b),P,M,-0.384,0.06725,10,2
98(b),P,N,-1.09,0.1212,10,2
98(b),P,P,0,0,,2
98(b),P,Q,-0.7364,0.2041,8.5,2
98(b),P,R,-1.649,0.089,11.5,2
98(b),P,S,-0.2413,0.1692,18,2
98(b),P,T,-0.2891,0.1214,10.5,2
98(b),P,V,-0.3646,0.1547,12.5,2
98(b),P,W,-1.083,0.0795,11.5,2
98(b),P,Y,-0.3826,0.1023,8,2
99(a),D,-,-0.0386,0.02391,3,2
99(a),D,A,0.00835,0.06603,13.5,2
99(a),D,C,-0.06497,0.06813,12.5,2
99(a),D,D,0,0,,2
99(a),D,E,0.02939,0.01013,9,2
99(a),D,F,-0.1296,0.1703,7.5,2
99(a),D,G,0.01991,0.05829,8,2
99(a),D,H,-0.007435,0.05937,9.5,2
99(a),D,I,-0.02039,0.006635,10.5,2
99(a),D,K,-0.03089,0.04693,11,2
99(a),D,L,-0.1156,0.1113,8.5,2
99(a),D,M,0.01183,0.009268,11.5,2
99(a),D,N,0.008615,0.0009435,20.5,2
99(a),D,P,-0.0113,0.04964,9,2
99(a),D,Q,0.03477,0.0228,8.5,2
99(a),D,R,0.04394,0.02276,10,2
99(a),D,S,0.02271,0.01854,10.5,2
99(a),D,T,-0.01809,0.04288,10,2
99(a),D,V,-0.1386,0.04354,9,2
99(a),D,W,-0.02684,0.09556,10,2
99(a),D,Y,-0.0511,0.02763,18,2
99(b),K,*,-5.823,0,2,2
99(b),K,-,-0.2288,0.05245,2.5,2
99(b),K,A,-0.2174,0.1652,8,2
99(b),K,C,-0.2305,0.1968,11.5,2
99(b),K,D,-0.2138,0.1198,5.5,2
99(b),K,E,-0.05529,0.08441,14,2
99(b),K,F,-0.09252,0.08828,16.5,2
99(b),K,G,-0.1851,0.1448,10,2
99(b),K,H,0.04559,0.02033,11,2
99(b),K,I,-0.2198,0.0614,17.5,2
99(b),K,K,0,0,,2
99(b),K,L,-0.09027,0.1072,9,2
99(b),K,M,-0.255,0.1395,8.5,2
99(b),K,N,-0.03621,0.006865,24,2
99(b),K,P,-1.702,0.064,8.5,2
99(b),K,Q,-0.4318,0.1922,9,2
99(b),K,R,-0.006445,0.04371,22,2
99(b),K,S,-0.09067,0.1071,11.5,2
99(b),K,T,-0.04451,0.06418,13,2
99(b),K,V,-0.4751,0.0409,9.5,2
99(b),K,W,-0.09941,0.1042,8.5,2
99(b),K,Y,-0.1141,0.1066,11,2
