site,wildtype,mutant,effect,effect_std,times_seen,n_selections
-1(a),A,*,-5.808,0,5.5,2
-1(a),A,A,0,0,,2
-1(a),A,C,0.02352,0.01215,5,2
-1(a),A,D,0.002605,0.05754,4,2
-1(a),A,E,-0.125,0.1857,4.5,2
-1(a),A,F,-0.00706,0.01068,3.5,2
-1(a),A,G,-0.01092,0.01462,3,2
-1(a),A,H,-0.4127,0.02445,3.5,2
-1(a),A,I,-1.745,0.5385,3.5,2
-1(a),A,K,-0.1296,0.05073,7.5,2
-1(a),A,L,-0.2774,0,0.5,1
-1(a),A,M,-0.2937,0.1696,7.5,2
-1(a),A,N,0.04725,0.03243,5,2
-1(a),A,P,-0.1325,0.09806,7.5,2
-1(a),A,Q,-0.2557,0.2477,8.5,2
-1(a),A,R,0.06421,0.0107,4.5,2
-1(a),A,S,0.0405,0.003765,10.5,2
-1(a),A,T,0.0436,0.03738,20,2
-1(a),A,V,-0.9135,0.1414,16,2
-1(a),A,W,-1.174,0.334,6.5,2
-1(a),A,Y,-0.05359,0.00591,6.5,2
-1(b),A,-,-0.1231,0.1228,3,2
-1(b),A,A,0,0,,2
-1(b),A,D,-0.05101,0,0.5,1
-1(b),A,P,-0.06628,0,1,1
-1(b),A,S,-0.07032,0.03238,6,2
-1(b),A,T,-0.04415,0.03201,13.5,2
-1(b),A,V,0.03238,0.002135,20,2
-10(b),A,-,-0.00553,0.04304,2,2
-10(b),A,A,0,0,,2
-10(b),A,D,-1.139,0.9327,2,2
-10(b),A,P,-0.1524,0,0.5,1
-10(b),A,S,0.03315,0.0168,6.5,2
-10(b),A,T,0.03735,0.03334,12,2
-10(b),A,V,0.04979,0.02931,6,2
-11(b),V,-,0.02056,0.01661,2.5,2
-11(b),V,A,-0.1121,0.08078,3.5,2
-11(b),V,F,0.03918,0.00117,6,2
-11(b),V,I,0.07491,0.01648,12,2
-11(b),V,L,-0.1275,0.1577,1.5,2
-11(b),V,V,0,0,,2
-12(b),L,-,0.02753,0.01573,2.5,2
-12(b),L,L,0,0,,2
-12(b),L,M,0.07679,0,0.5,1
-12(b),L,P,-0.2674,0.1147,12.5,2
-12(b),L,Q,-0.03055,0,1,1
-12(b),L,R,-0.7528,0,1,1
-13(b),V,-,-0.06795,0,0.5,1
-13(b),V,A,-1.178,1.243,4.5,2
-13(b),V,E,0.01806,0.000145,2,2
-13(b),V,G,-0.297,0,1,1
-13(b),V,L,0.04249,0.001485,10,2
-13(b),V,M,-0.05227,0.01227,12,2
-13(b),V,V,0,0,,2
-14(b),A,-,-0.1635,0,1,1
-14(b),A,A,0,0,,2
-14(b),A,G,0.04334,0,0.5,1
-14(b),A,S,0.02524,0.008965,5,2
-14(b),A,T,0.01207,0.02139,12.5,2
-14(b),A,V,-2.475,1.475,5,2
-15(b),G,-,-0.08228,0,1,1
-15(b),G,C,-0.07244,0.05526,3.5,2
-15(b),G,D,0.03383,0.004835,6.5,2
-15(b),G,G,0,0,,2
-15(b),G,R,0.04824,0,0.5,1
-15(b),G,S,0.04806,0.01345,11.5,2
-15(b),G,V,-0.04646,0.05763,2.5,2
-16(b),A,-,-0.2337,0,1,1
-16(b),A,A,0,0,,2
-16(b),A,D,0.05951,0,0.5,1
-16(b),A,P,0.001575,0.05624,1.5,2
-16(b),A,S,0.05087,0.05293,7.5,2
-16(b),A,T,-0.01327,0.01051,18.5,2
-16(b),A,V,0.02445,0.004615,19,2
-17(b),G,-,-0.02035,0,0.5,1
-17(b),G,C,-0.04503,0.02806,3,2
-17(b),G,D,-0.7791,0.8059,5,2
-17(b),G,G,0,0,,2
-17(b),G,S,-0.04786,0.04952,11.5,2
-17(b),G,V,-0.2964,0.1133,4,2
-18(b),L,-,0.0164,0,0.5,1
-18(b),L,L,0,0,,2
-18(b),L,M,-0.1331,0.1619,3,2
-18(b),L,P,-0.02159,0.05594,3,2
-18(b),L,Q,-0.1585,0.05565,1.5,2
-18(b),L,R,-0.9157,0,0.5,1
-19(b),I,-,-0.06597,0,0.5,1
-19(b),I,I,0,0,,2
-19(b),I,L,0.03738,0,0.5,1
-19(b),I,N,-0.1496,0,2.5,1
-19(b),I,V,-0.4619,0.4681,2.5,2
-2(b),L,-,0.02018,0.01209,3.5,2
-2(b),L,K,-0.7064,0,0.5,1
-2(b),L,L,0,0,,2
-2(b),L,M,-0.01456,0.02537,6.5,2
-2(b),L,P,-0.01883,0.01141,6.5,2
-2(b),L,Q,-0.0709,0.0591,5,2
-2(b),L,R,-0.03096,0.04568,1,2
-20(b),R,-,-0.06152,0,0.5,1
-20(b),R,G,0.02457,0.01034,6,2
-20(b),R,I,-0.1056,0,0.5,1
-20(b),R,K,-0.06914,0.06266,12,2
-20(b),R,R,0,0,,2
-20(b),R,S,0.04746,0,0.5,1
-21(b),G,-,-0.01577,0,0.5,1
-21(b),G,D,0.05015,0.0355,18.5,2
-21(b),G,G,0,0,,2
-21(b),G,S,0.05583,0.02518,6.5,2
-21(b),G,V,0.05451,0,1,1
-22(b),S,-,-0.03656,0,0.5,1
-22(b),S,F,0.004764,0,2,1
-22(b),S,P,6e-05,0.05636,1,2
-22(b),S,S,0,0,,2
-22(b),S,T,0.02407,0,1,1
-22(b),S,Y,-1.519,0,1,1
-23(b),G,-,-0.05567,0,0.5,1
-23(b),G,C,-0.01523,0,1,1
-23(b),G,D,-0.01852,0.001805,29,2
-23(b),G,G,0,0,,2
-23(b),G,S,-0.3616,0.3253,11,2
-23(b),G,V,0.0252,0,1,1
-24(b),M,-,0.02827,0,0.5,1
-24(b),M,I,-0.00413,0.01294,13,2
-24(b),M,K,-0.06154,0.1438,3,2
-24(b),M,M,0,0,,2
-24(b),M,T,0.04987,0.03185,2,2
-24(b),M,V,-0.3435,0,0.5,1
-3(b),R,-,-0.00546,0.01651,3.5,2
-3(b),R,C,0.01844,0.00055,9.5,2
-3(b),R,H,-0.03719,0.02933,15,2
-3(b),R,L,-0.05315,0.00386,7.5,2
-3(b),R,P,0.0134,0,2,1
-3(b),R,R,0,0,,2
-3(b),R,S,0.04622,0.02247,7.5,2
-4(b),A,-,0.009785,0.03431,4,2
-4(b),A,A,0,0,,2
-4(b),A,D,-0.1521,0,1.5,1
-4(b),A,P,0.02061,0.0191,1,2
-4(b),A,S,-0.0356,0.03936,5,2
-4(b),A,T,-0.1426,0.0048,4,2
-4(b),A,V,-0.02517,0.01124,12,2
-5(b),G,-,-0.1462,0.02115,4,2
-5(b),G,C,0.05164,0.011,4,2
-5(b),G,D,-0.22,0.2198,10.5,2
-5(b),G,G,0,0,,2
-5(b),G,R,-0.06299,0.1037,1.5,2
-5(b),G,S,-0.01663,0.02228,10,2
-5(b),G,V,-0.7935,0.7785,4.5,2
-6(b),L,-,-0.1277,0.0181,4.5,2
-6(b),L,F,0.01157,0.04179,6,2
-6(b),L,H,-0.06531,0.1308,2.5,2
-6(b),L,I,0.04849,0,1,1
-6(b),L,L,0,0,,2
-6(b),L,P,-0.03195,0.008895,2.5,2
-7(b),V,-,0.005305,0.06001,3.5,2
-7(b),V,A,-0.1102,0.1423,1.5,2
-7(b),V,L,-0.000965,0.03216,5,2
-7(b),V,M,-0.1521,0.066,11.5,2
-7(b),V,V,0,0,,2
-8(b),V,-,-0.03595,0.07666,2,2
-8(b),V,A,0.04441,0.002385,3.5,2
-8(b),V,F,0.04661,0.01023,5,2
-8(b),V,I,-0.0889,0.1041,7.5,2
-8(b),V,L,-0.6277,0.6593,1,2
-8(b),V,V,0,0,,2
-9(b),L,-,-0.04754,0.08566,2,2
-9(b),L,L,0,0,,2
-9(b),L,M,0.01576,0.01597,2.5,2
-9(b),L,P,-1.277,0.3458,14,2
1(T2A),G,*,-5.914,0,4.5,2
1(T2A),G,-,-0.04036,0.01328,3.5,2
1(T2A),G,E,-1.099,0.5047,33.5,2
1(T2A),G,G,0,0,,2
1(T2A),G,K,0.09887,0,0.5,1
1(T2A),G,R,0.06473,0.01209,26.5,2
1(T2A),G,V,0.06437,0.02615,3.5,2
1(a),V,*,-5.821,0,5,2
1(a),V,A,-0.0939,0.0225,14.5,2
1(a),V,C,-0.171,0.2306,6.5,2
1(a),V,D,-0.437,0.1376,5.5,2
1(a),V,E,-0.1535,0.2011,4,2
1(a),V,F,-0.345,0.1835,6.5,2
1(a),V,G,-0.08426,0.08464,7,2
1(a),V,H,0.03585,0.01454,5,2
1(a),V,I,-0.4372,0.1601,6.5,2
1(a),V,K,-0.1208,0.1273,8,2
1(a),V,L,-0.02295,0.1035,13,2
1(a),V,M,0.04935,0.002925,15.5,2
1(a),V,N,-0.1761,0.09599,6,2
1(a),V,P,0.02495,0.01438,6.5,2
1(a),V,Q,-0.1253,0.01875,4,2
1(a),V,R,-0.5088,0.1737,7.5,2
1(a),V,S,-0.4334,0.2787,3,2
1(a),V,T,-0.1841,0.143,8,2
1(a),V,V,0,0,,2
1(a),V,W,-0.165,0.1326,6,2
1(a),V,Y,-0.2175,0.1199,7.5,2
1(b),G,-,-0.4077,0.4174,4.5,2
1(b),G,A,-0.7725,0,1.5,1
1(b),G,C,-0.007965,0.03988,5.5,2
1(b),G,D,0.002055,0.01596,6,2
1(b),G,G,0,0,,2
1(b),G,R,0.01144,0,1,1
1(b),G,S,-0.01841,0.04431,13,2
1(b),G,T,-0.01397,0,0.5,1
1(b),G,V,0.0374,0.04213,4.5,2
10(T2A),L,-,-0.04117,8.5e-05,2,2
10(T2A),L,L,0,0,,2
10(T2A),L,M,0.04182,0.01304,1,2
10(T2A),L,P,-0.01827,0,0.5,1
10(T2A),L,Q,-0.0959,0.1368,2,2
10(T2A),L,V,-0.1162,0.2014,1,2
10(a),T,*,-5.757,0,8.5,2
10(a),T,-,-0.1039,0,1,1
10(a),T,A,-0.2762,0.097,11.5,2
10(a),T,C,0.00406,0.07026,9.5,2
10(a),T,D,-0.6936,0.1823,9.5,2
10(a),T,E,-0.6741,0.1559,7.5,2
10(a),T,F,-0.2741,0.02195,9,2
10(a),T,G,-0.7007,0.01085,11.5,2
10(a),T,H,-0.9792,0.0408,5,2
10(a),T,I,-0.008695,0.03535,13,2
10(a),T,K,-1.226,0.36,12,2
10(a),T,L,-0.01813,0.03572,12.5,2
10(a),T,M,-0.02667,0.00021,12,2
10(a),T,N,0.05244,0.006475,5.5,2
10(a),T,P,-5.432,0,11,2
10(a),T,Q,-0.2044,0.1947,11,2
10(a),T,R,-0.6666,0.08165,10.5,2
10(a),T,S,-0.3381,0.3503,8.5,2
10(a),T,T,0,0,,2
10(a),T,V,-0.1174,0.08857,8.5,2
10(a),T,W,-0.7541,0.09565,6.5,2
10(a),T,Y,-0.1093,0.01666,11.5,2
10(b),Q,*,-6.024,0,7,2
10(b),Q,-,-0.608,0.511,2.5,2
10(b),Q,A,-0.5514,0.4422,11,2
10(b),Q,C,-0.3492,0.1825,13.5,2
10(b),Q,D,-0.4901,0.0741,8.5,2
10(b),Q,E,-0.1742,0.1222,11.5,2
10(b),Q,F,-0.536,0.1387,11,2
10(b),Q,G,-2.235,0.027,11.5,2
10(b),Q,H,-0.1062,0.00847,16.5,2
10(b),Q,I,-0.1862,0.0124,9,2
10(b),Q,K,-2.914,0.1205,9,2
10(b),Q,L,-0.2014,0.138,17,2
10(b),Q,M,-0.1066,0.1266,12.5,2
10(b),Q,N,-0.9996,0.4644,10,2
10(b),Q,P,-5.964,0,17,2
10(b),Q,Q,0,0,,2
10(b),Q,R,-3.827,0,25.5,2
10(b),Q,S,-0.2536,0.0552,9,2
10(b),Q,T,-0.07962,0.1369,10,2
10(b),Q,V,-0.4013,0.08015,10.5,2
10(b),Q,W,-2.782,0.0455,15,2
10(b),Q,Y,-2.724,0.0695,12.5,2
100(a),P,-,-0.03954,0.0025,3,2
100(a),P,A,-0.0628,0.085,10.5,2
100(a),P,C,-0.1017,0.1428,8.5,2
100(a),P,D,-0.01777,0.03122,13,2
100(a),P,E,0.01405,0.01637,11,2
100(a),P,F,0.01719,0.03692,11.5,2
100(a),P,G,-0.04039,0.04153,7.5,2
100(a),P,H,-0.0248,0.06392,8.5,2
100(a),P,I,-0.2372,0.2482,9,2
100(a),P,K,-0.2998,0.0057,7,2
100(a),P,L,0.01471,0.04093,12.5,2
100(a),P,M,0.05611,0.03918,11.5,2
100(a),P,N,-0.00121,0.01652,8,2
100(a),P,P,0,0,,2
100(a),P,Q,0.0557,0.0316,9,2
100(a),P,R,0.04789,0.05511,15.5,2
100(a),P,S,0.00972,0.00976,17,2
100(a),P,T,-0.003782,0.000904,13.5,2
100(a),P,V,0.03841,0.01653,8.5,2
100(a),P,W,-0.09243,0.09157,12.5,2
100(a),P,Y,-0.04244,0.000505,8,2
100(b),V,-,-1.352,0.8903,375,2
100(b),V,A,-0.01864,0.07178,6,2
100(b),V,C,-0.2059,0.1711,12.5,2
100(b),V,D,-3.2,0,8.5,2
100(b),V,E,-1.057,0.2264,6.5,2
100(b),V,F,-0.3737,0.0987,13.5,2
100(b),V,G,-0.3634,0.192,7.5,2
100(b),V,H,-0.2357,0.0521,14,2
100(b),V,I,0.07072,0.02007,13,2
100(b),V,K,-1.527,0.494,7,2
100(b),V,L,0.02123,0.00253,17,2
100(b),V,M,-0.009175,0.03342,20.5,2
100(b),V,N,-0.265,0.1963,9,2
100(b),V,P,-0.02717,0.07173,4,2
100(b),V,Q,-0.1965,0.1917,5.5,2
100(b),V,R,-0.771,0.032,14,2
100(b),V,S,-0.1887,0.2088,11,2
100(b),V,T,0.006816,0.01071,9.5,2
100(b),V,V,0,0,,2
100(b),V,W,-3.355,0.7755,5,2
100(b),V,Y,-0.1544,0.08951,9.5,2
101(a),V,-,-0.1909,0.1732,4,2
101(a),V,A,-0.02098,0.07023,14,2
101(a),V,C,-0.0358,0.04648,17,2
101(a),V,D,-0.009995,0.06084,15.5,2
101(a),V,E,-0.01702,0.01309,11.5,2
101(a),V,F,-0.1001,0.05568,9.5,2
101(a),V,G,0.05672,0.00593,10.5,2
101(a),V,H,0.0463,0.004305,9,2
101(a),V,I,-0.05507,0.1032,10,2
101(a),V,K,0.0625,0.03159,4.5,2
101(a),V,L,0.02253,0.00417,18,2
101(a),V,M,-0.2077,0.1134,14.5,2
101(a),V,N,0.07489,0.01341,6,2
101(a),V,P,0.01481,0.03687,11,2
101(a),V,Q,0.04068,0.0141,11,2
101(a),V,R,-0.05036,0.129,5.5,2
101(a),V,S,-0.09817,0.07673,11,2
101(a),V,T,-0.004883,0.006877,10.5,2
101(a),V,V,0,0,,2
101(a),V,W,0.05786,0.03479,10.5,2
101(a),V,Y,-0.08689,0.1099,10,2
101(b),R,-,-0.1175,0.0943,374.5,2
101(b),R,A,0.06265,0.03067,6,2
101(b),R,C,-0.01292,0.08305,10.5,2
101(b),R,D,-0.3654,0.05005,9.5,2
101(b),R,E,-0.09323,0.09747,11,2
101(b),R,F,-0.1275,0.1867,8.5,2
101(b),R,G,-0.7129,0.6371,10.5,2
101(b),R,H,-0.4126,0.3848,12,2
101(b),R,I,0.01106,0.05975,13,2
101(b),R,K,-0.3088,0.3121,6.5,2
101(b),R,L,-0.3073,0.09175,12,2
101(b),R,M,-0.1504,0.1763,9.5,2
101(b),R,N,-0.09358,0.09332,12,2
101(b),R,P,-4.548,0,7.5,2
101(b),R,Q,0.01652,0.01806,14.5,2
101(b),R,R,0,0,,2
101(b),R,S,0.01952,0.006105,9,2
101(b),R,T,-0.04575,0.06265,7.5,2
101(b),R,V,0.01675,0.05491,10.5,2
101(b),R,W,0.00329,0.01378,45,2
101(b),R,Y,-0.0501,0.0217,13.5,2
102(a),E,*,-3.828,0.5995,3,2
102(a),E,-,-0.01114,0.003377,3.5,2
102(a),E,A,0.03754,0.01223,7.5,2
102(a),E,C,0.0595,0.01692,10,2
102(a),E,D,-0.1774,0.2032,8.5,2
102(a),E,E,0,0,,2
102(a),E,F,0.05985,0.01816,9,2
102(a),E,G,-0.07869,0.001615,12.5,2
102(a),E,H,0.06871,0.01108,9,2
102(a),E,I,0.04918,0.02437,13.5,2
102(a),E,K,0.01564,0.00243,36,2
102(a),E,L,0.05275,0.005595,11,2
102(a),E,M,0.03769,0.02104,10,2
102(a),E,N,0.05614,0.00631,10.5,2
102(a),E,P,-0.02658,0.1123,7,2
102(a),E,Q,0.05464,0.01592,11,2
102(a),E,R,-0.005799,0.01443,9.5,2
102(a),E,S,-0.01952,0.07845,11,2
102(a),E,T,-0.05117,0.1151,11.5,2
102(a),E,V,-0.1419,0.2248,13.5,2
102(a),E,W,0.04755,0.001615,10,2
102(a),E,Y,-0.02415,0.07499,9,2
102(b),V,-,-0.01185,0.03488,374.5,2
102(b),V,A,0.03295,0.01365,11,2
102(b),V,C,-0.03701,0.06589,10.5,2
102(b),V,D,-2.764,0.126,10.5,2
102(b),V,E,-1.976,0.248,8,2
102(b),V,F,-0.2096,0.181,12,2
102(b),V,G,-0.1266,0.0092,11.5,2
102(b),V,H,-0.627,0.0751,10.5,2
102(b),V,I,-0.1845,0.121,6.5,2
102(b),V,K,-2.417,0.627,5.5,2
102(b),V,L,-0.1239,0.07586,15.5,2
102(b),V,M,-0.02355,0.01493,18.5,2
102(b),V,N,-0.9647,0.1293,12.5,2
102(b),V,P,0.009005,0.03988,6.5,2
102(b),V,Q,-0.7205,0.2884,10.5,2
102(b),V,R,-1.258,0.2802,9,2
102(b),V,S,-0.3406,0.4011,11,2
102(b),V,T,-0.07574,0.09666,9.5,2
102(b),V,V,0,0,,2
102(b),V,W,-0.9922,0.2308,11,2
102(b),V,Y,-0.5756,0.09325,11.5,2
103(a),L,-,-0.1056,0.09576,5,2
103(a),L,A,0.03519,0.02722,10,2
103(a),L,C,-0.00426,0.06121,10,2
103(a),L,D,0.03563,0.00543,11.5,2
103(a),L,E,-0.073,0.0533,8,2
103(a),L,F,-0.007655,0.04186,9,2
103(a),L,G,-0.1024,0.09931,13.5,2
103(a),L,H,-0.07036,0.0102,16,2
103(a),L,I,-0.1676,0.241,8.5,2
103(a),L,K,0.04311,0.04917,7.5,2
103(a),L,L,0,0,,2
103(a),L,M,-0.05979,0.06411,15.5,2
103(a),L,N,0.04667,0.01823,9.5,2
103(a),L,P,-0.06393,0.07967,18,2
103(a),L,Q,0.05633,0.00145,11,2
103(a),L,R,0.0693,0.0348,11,2
103(a),L,S,-0.04795,0.08025,10,2
103(a),L,T,-0.3646,0.3521,8.5,2
103(a),L,V,-0.05225,0.03392,10.5,2
103(a),L,W,-0.0014,0.1047,8,2
103(a),L,Y,-0.1603,0.1482,9.5,2
103(b),S,-,-0.04631,0.00813,374,2
103(b),S,A,-0.01772,0.1043,8,2
103(b),S,C,-0.04577,0.00409,16,2
103(b),S,D,-0.1317,0.06079,9,2
103(b),S,E,0.03225,0.0382,8,2
103(b),S,F,0.03379,0.04816,17,2
103(b),S,G,-0.134,0.0476,10,2
103(b),S,H,0.06315,0.01868,13.5,2
103(b),S,I,-0.07069,0.00021,14,2
103(b),S,K,-0.2741,0.2128,13,2
103(b),S,L,-0.1455,0.07916,5.5,2
103(b),S,M,-0.00676,0.04868,11.5,2
103(b),S,N,0.02805,0.00091,10,2
103(b),S,P,-0.09998,0.02102,15.5,2
103(b),S,Q,0.04441,0.01564,9,2
103(b),S,R,-0.04176,0.01168,15,2
103(b),S,S,0,0,,2
103(b),S,T,-0.03963,0.03939,6,2
103(b),S,V,0.01671,0.08301,16,2
103(b),S,W,-0.1761,0.07999,7,2
103(b),S,Y,0.04167,0.02506,13,2
104(a),G,*,-5.741,0,3.5,2
104(a),G,-,-0.09563,0.06266,4.5,2
104(a),G,A,0.02412,0.01302,9,2
104(a),G,C,-0.01931,0.08078,11,2
104(a),G,D,-0.3715,0.05555,11,2
104(a),G,E,-0.05815,0.05835,16,2
104(a),G,F,0.0552,0.03394,16.5,2
104(a),G,G,0,0,,2
104(a),G,H,0.009935,0.07705,11,2
104(a),G,I,-0.2114,0.1296,8.5,2
104(a),G,K,-0.03501,0.1137,13,2
104(a),G,M,-0.02966,0.01539,5.5,2
104(a),G,N,0.05901,0.00615,12,2
104(a),G,P,-0.02748,0.07912,11,2
104(a),G,Q,-0.1574,0.2056,8,2
104(a),G,R,-0.005285,0.09671,22,2
104(a),G,S,-0.02618,0.07981,8,2
104(a),G,T,-0.0646,0.03098,9.5,2
104(a),G,V,-0.3564,0.4503,5,2
104(a),G,W,-0.01198,0.06545,8,2
104(a),G,Y,-0.00681,0.04751,12.5,2
104(b),P,-,-0.07312,0.03177,373.5,2
104(b),P,A,-0.1087,0.1029,8.5,2
104(b),P,C,-0.09931,0.1331,12.5,2
104(b),P,D,-0.1414,0.1066,10,2
104(b),P,E,-0.02099,0.06621,10.5,2
104(b),P,F,-0.01057,0.0342,11,2
104(b),P,G,-0.09545,0.06845,13,2
104(b),P,H,0.01032,0.04562,12.5,2
104(b),P,I,0.05623,0.00492,8,2
104(b),P,K,0.04141,0.04126,14,2
104(b),P,L,-0.02181,0.02436,12,2
104(b),P,M,0.00782,0.03556,11,2
104(b),P,N,-0.1358,0.00625,9.5,2
104(b),P,P,0,0,,2
104(b),P,Q,0.0042,0.02135,14,2
104(b),P,R,0.02513,0.02149,6,2
104(b),P,S,-0.127,0.1209,17,2
104(b),P,T,0.01686,0.03184,8.5,2
104(b),P,V,-0.1428,0.2302,10.5,2
104(b),P,W,0.01254,0.04441,7,2
104(b),P,Y,-0.06786,0.1374,6,2
105(a),D,-,-0.1021,0.08359,4.5,2
105(a),D,A,-0.02421,0.00672,10.5,2
105(a),D,C,0.00075,0.05096,8,2
105(a),D,D,0,0,,2
105(a),D,E,-0.1057,0.1425,10,2
105(a),D,F,0.07352,0.01808,9,2
105(a),D,G,0.04909,0.005685,8,2
105(a),D,H,0.04762,0.01339,14.5,2
105(a),D,I,0.06766,0.0154,8,2
105(a),D,K,0.04675,0.00563,15.5,2
105(a),D,L,0.06548,0.03289,10,2
105(a),D,M,0.04439,0.01371,12,2
105(a),D,N,0.01771,0.02011,20,2
105(a),D,P,0.0147,0.03472,10.5,2
105(a),D,Q,-0.006136,0.004874,11,2
105(a),D,R,0.08025,0.01693,10,2
105(a),D,S,0.04656,0.00462,9,2
105(a),D,T,-0.04403,0.09257,7.5,2
105(a),D,V,0.02422,0.02666,11,2
105(a),D,W,-0.3818,0.3651,13,2
105(a),D,Y,0.00238,0.01917,13.5,2
105(b),M,-,-0.06315,0.00619,373.5,2
105(b),M,A,0.01734,0.01627,8,2
105(b),M,C,0.0311,0.02105,11,2
105(b),M,D,0.01864,0.01494,10,2
105(b),M,E,-0.5442,0.6168,5,2
105(b),M,F,-0.03843,0.06598,8.5,2
105(b),M,G,-0.006877,0.01183,6.5,2
105(b),M,H,0.009985,0.08716,10,2
105(b),M,I,0.02411,0.000165,32,2
105(b),M,K,-0.06105,0.08615,10.5,2
105(b),M,L,0.01071,0.02242,11,2
105(b),M,M,0,0,,2
105(b),M,N,-0.07328,0.06211,12,2
105(b),M,P,-0.1728,0.2741,11.5,2
105(b),M,Q,-0.4363,0.0669,8.5,2
105(b),M,R,-0.2493,0.2754,10,2
105(b),M,S,-0.04181,0.05265,13.5,2
105(b),M,T,0.02486,0.02129,11,2
105(b),M,V,-0.01557,0.03949,16,2
105(b),M,W,-0.03151,0.02825,11.5,2
105(b),M,Y,-0.6508,0.6102,6.5,2
106(a),P,-,-0.3585,0.1242,6.5,2
106(a),P,A,0.07723,0.01468,9.5,2
106(a),P,C,0.04957,0.03219,11.5,2
106(a),P,D,0.04594,0.00427,10,2
106(a),P,E,0.03005,0.05715,7.5,2
106(a),P,F,-0.1576,0.1993,10.5,2
106(a),P,G,-0.1262,0.08908,13.5,2
106(a),P,H,0.04883,0.05187,19,2
106(a),P,I,0.07706,0.01622,10,2
106(a),P,K,0.07402,0.0158,8,2
106(a),P,L,-0.02356,0.1198,13.5,2
106(a),P,M,0.07235,0.01907,10,2
106(a),P,N,0.06831,0.02707,9,2
106(a),P,P,0,0,,2
106(a),P,Q,-0.01099,0.06568,5.5,2
106(a),P,R,0.06531,0.00575,10.5,2
106(a),P,S,0.05757,0.0054,19.5,2
106(a),P,T,0.06585,0.03546,11.5,2
106(a),P,V,-0.05452,0.07128,12,2
106(a),P,W,-0.1786,0.1058,13,2
106(a),P,Y,-0.006655,0.06703,13,2
106(b),Q,*,-5.928,0,17,2
106(b),Q,-,-0.004079,0.006481,373,2
106(b),Q,A,0.05063,0.05057,9,2
106(b),Q,C,-0.318,0.3909,9.5,2
106(b),Q,D,-0.00768,0.002109,9,2
106(b),Q,E,0.004272,0.005169,11,2
106(b),Q,F,-0.2517,0.1167,6,2
106(b),Q,G,0.03487,0.03284,8.5,2
106(b),Q,H,-0.1084,0.06172,19,2
106(b),Q,I,-0.006725,0.03259,9.5,2
106(b),Q,K,-0.1155,0.1599,9.5,2
106(b),Q,L,0.07888,0.02562,17.5,2
106(b),Q,M,0.05498,0.02126,9,2
106(b),Q,N,0.01645,0.04072,14,2
106(b),Q,P,-0.471,0.5106,7,2
106(b),Q,Q,0,0,,2
106(b),Q,R,-0.1569,0.2111,12.5,2
106(b),Q,S,-0.02924,0.08876,8.5,2
106(b),Q,T,-0.02155,0.03728,11.5,2
106(b),Q,V,-0.03782,0.05724,11.5,2
106(b),Q,W,0.03342,0.01037,9,2
106(b),Q,Y,-0.2758,0.2765,10,2
107(a),N,-,-0.2071,0.1504,5.5,2
107(a),N,A,-0.3072,0.1777,10,2
107(a),N,C,-0.3597,0.188,8.5,2
107(a),N,D,-0.183,0.1459,9.5,2
107(a),N,E,-0.3632,0.2893,10,2
107(a),N,F,0.07025,0.02071,9,2
107(a),N,G,-0.03286,0.01721,12,2
107(a),N,H,0.04921,0.0432,6.5,2
107(a),N,I,-0.5636,0.02145,12.5,2
107(a),N,K,-0.1232,0.01685,6.5,2
107(a),N,L,-0.2756,0.218,11.5,2
107(a),N,M,-0.0519,0.1148,8.5,2
107(a),N,N,0,0,,2
107(a),N,P,-0.4303,0.1715,8,2
107(a),N,Q,-0.06482,0.0276,13,2
107(a),N,R,0.001462,0.0072,6.5,2
107(a),N,S,-0.1165,0.0836,11,2
107(a),N,T,-0.1576,0.04105,10.5,2
107(a),N,V,-0.3948,0.4849,11,2
107(a),N,W,-0.04164,0.1025,14.5,2
107(a),N,Y,-0.0308,0.08299,10.5,2
107(b),S,-,-0.05522,0.05888,373,2
107(b),S,A,0.04516,0.04114,11.5,2
107(b),S,C,-0.1836,0.132,9.5,2
107(b),S,D,0.038,0.01238,9,2
107(b),S,E,-0.2029,0.1456,8.5,2
107(b),S,F,0.01541,0.04066,7.5,2
107(b),S,G,-0.05049,0.02239,7,2
107(b),S,H,0.05815,0.003385,11.5,2
107(b),S,I,-0.02029,0.01212,12.5,2
107(b),S,K,-0.003408,0.000788,10.5,2
107(b),S,L,-0.03261,0.04731,13.5,2
107(b),S,M,-0.08128,0.00809,10,2
107(b),S,N,-0.01213,0.0636,18.5,2
107(b),S,P,0.02095,0.02534,10.5,2
107(b),S,Q,0.03787,0.0399,18.5,2
107(b),S,R,0.00403,0.05088,9,2
107(b),S,S,0,0,,2
107(b),S,T,-0.04118,0.09202,8,2
107(b),S,V,-0.01864,0.1075,8,2
107(b),S,W,0.007179,0.01457,5,2
107(b),S,Y,-0.07955,0.114,11,2
108(a),I,-,-0.08151,0.05999,4,2
108(a),I,A,0.07543,0.01629,7.5,2
108(a),I,C,0.06148,0.0344,9,2
108(a),I,D,0.08028,0.01595,10,2
108(a),I,E,-0.3696,0.4582,6.5,2
108(a),I,F,-0.02951,0.05058,11,2
108(a),I,G,-0.2293,0.3264,12,2
108(a),I,H,0.0781,0.01951,7.5,2
108(a),I,I,0,0,,2
108(a),I,K,-0.01929,0.05164,8,2
108(a),I,L,-0.07426,0.08064,8,2
108(a),I,M,0.06349,0.00045,11.5,2
108(a),I,N,-0.01591,0.1116,13.5,2
108(a),I,P,-1.794,0.226,11,2
108(a),I,Q,0.04953,0.007,9,2
108(a),I,R,-0.06335,0.01917,10,2
108(a),I,S,0.03303,0.04817,8.5,2
108(a),I,T,0.0591,0.00187,9.5,2
108(a),I,V,-0.0044,0.03489,12.5,2
108(a),I,W,0.05875,0.01803,7,2
108(a),I,Y,0.01723,0.06417,11.5,2
108(b),S,-,0.02195,0.06862,373.5,2
108(b),S,A,0.02359,0.03295,7,2
108(b),S,C,-0.259,0.1655,12,2
108(b),S,D,-0.07174,0.1576,8.5,2
108(b),S,E,-0.05088,0.1374,9,2
108(b),S,F,-0.009,0.03427,17,2
108(b),S,G,-0.09071,0.03789,7,2
108(b),S,H,-0.05604,0.04015,14.5,2
108(b),S,I,-0.02844,0.01174,11.5,2
108(b),S,K,-0.01432,0.09768,7.5,2
108(b),S,L,-0.01267,0.07976,10.5,2
108(b),S,M,-0.002115,0.03446,12.5,2
108(b),S,N,0.02857,0.02822,13.5,2
108(b),S,P,-0.05278,0.06821,18,2
108(b),S,Q,-0.2276,0.2395,9,2
108(b),S,R,-0.0004355,0.003482,12.5,2
108(b),S,S,0,0,,2
108(b),S,T,-0.1539,0.1156,12,2
108(b),S,V,0.0322,0.03056,4,2
108(b),S,W,-0.129,0.0658,13,2
108(b),S,Y,-0.07404,0.03417,7,2
109(a),L,-,-0.0189,0.00374,3.5,2
109(a),L,A,0.03408,0.00769,11,2
109(a),L,C,-0.01061,0.03487,10,2
109(a),L,D,-3.263,0.027,9.5,2
109(a),L,E,-1.502,0.0815,9,2
109(a),L,F,-0.5505,0.2271,11,2
109(a),L,G,-0.2751,0.0355,11,2
109(a),L,H,-0.7523,0.1411,10.5,2
109(a),L,I,-0.2869,0.1895,10.5,2
109(a),L,K,-2.853,0.5895,8,2
109(a),L,L,0,0,,2
109(a),L,M,0.002385,0.03718,11,2
109(a),L,N,-0.2762,0.1307,12.5,2
109(a),L,P,-5.921,0,18.5,2
109(a),L,Q,-0.3534,0.09975,8.5,2
109(a),L,R,-3.809,0,13,2
109(a),L,S,-0.753,0.1512,6.5,2
109(a),L,T,-5.802,0,11.5,2
109(a),L,V,-0.1423,0.1465,12.5,2
109(a),L,W,-0.678,0.5929,10,2
109(a),L,Y,-1.014,0.1699,13,2
109(b),S,-,0.03361,0.04535,373.5,2
109(b),S,A,0.03263,0.03258,12,2
109(b),S,C,-0.272,0.2692,6,2
109(b),S,D,-0.02933,0.06381,12.5,2
109(b),S,E,0.06173,0.00098,6.5,2
109(b),S,F,-0.01721,0.00222,18,2
109(b),S,G,0.05495,0.02802,9,2
109(b),S,H,0.01976,0.00154,11.5,2
109(b),S,I,-0.0783,0.1572,9.5,2
109(b),S,K,0.03462,0.03489,10,2
109(b),S,L,-0.1047,0.1534,8.5,2
109(b),S,M,0.03075,0.02216,10,2
109(b),S,N,-0.02644,0.0237,9.5,2
109(b),S,P,0.01127,0.01143,12.5,2
109(b),S,Q,-0.2821,0.3748,5,2
109(b),S,R,-0.0769,0.1058,12.5,2
109(b),S,S,0,0,,2
109(b),S,T,-0.05132,0.00792,11.5,2
109(b),S,V,0.01192,0.04006,7.5,2
109(b),S,W,-0.05463,0.02563,9.5,2
109(b),S,Y,-0.1844,0.04295,14,2
11(T2A),T,-,-0.1792,0.1286,2.5,2
11(T2A),T,A,-0.2046,0.02435,3.5,2
11(T2A),T,I,-1.455,0.242,4.5,2
11(T2A),T,N,-0.6706,0.4594,2,2
11(T2A),T,S,-0.8918,0.3413,1,2
11(T2A),T,T,0,0,,2
11(a),E,*,-5.942,0,13.5,2
11(a),E,-,-0.06943,0,1,1
11(a),E,A,-1.715,0.128,5.5,2
11(a),E,C,-0.4078,0.2097,14.5,2
11(a),E,D,-0.6352,0.2406,13,2
11(a),E,E,0,0,,2
11(a),E,F,-2.395,0.123,6,2
11(a),E,G,-1.087,0.0795,17.5,2
11(a),E,H,-1.232,0.4711,11.5,2
11(a),E,I,-0.1485,0.2395,6,2
11(a),E,K,-3.768,0,23.5,2
11(a),E,L,-0.08318,0.06422,7.5,2
11(a),E,M,-1.806,0.218,6,2
11(a),E,N,-0.7649,0.1045,7.5,2
11(a),E,P,-6.031,0,6.5,2
11(a),E,Q,-1.381,0.0575,6.5,2
11(a),E,R,-2.54,0.1805,7.5,2
11(a),E,S,-1.21,0.024,6.5,2
11(a),E,T,-1.32,0.1055,9.5,2
11(a),E,V,-0.0143,0.01834,12,2
11(a),E,W,-3.075,0.0265,9,2
11(a),E,Y,-2.605,0.32,7,2
11(b),E,*,-5.49,0,4,2
11(b),E,-,-0.3237,0.2621,2,2
11(b),E,A,-0.05591,0.1107,12.5,2
11(b),E,C,-0.5272,0.367,10,2
11(b),E,D,-0.255,0.02965,21.5,2
11(b),E,E,0,0,,2
11(b),E,F,-0.6205,0.09385,12,2
11(b),E,G,-0.2649,0.1257,8.5,2
11(b),E,H,-0.3335,0.2822,12,2
11(b),E,I,-0.7473,0.0095,10,2
11(b),E,K,-1.203,0.123,22,2
11(b),E,L,-1.057,0.2344,13,2
11(b),E,M,-0.1844,0.1819,14,2
11(b),E,N,-0.7835,0.0222,12,2
11(b),E,P,-2.568,0.042,10.5,2
11(b),E,Q,-0.2107,0.253,14,2
11(b),E,R,-0.8938,0.09235,6,2
11(b),E,S,-0.1556,0.1692,13,2
11(b),E,T,-0.506,0.2049,12.5,2
11(b),E,V,-0.1528,0.06613,9.5,2
11(b),E,W,-1.708,0.067,10.5,2
11(b),E,Y,-1.05,0.1473,8,2
110(a),I,-,-0.04917,0.007205,3.5,2
110(a),I,A,-0.1281,0.0055,11.5,2
110(a),I,C,-0.06859,0.01672,11.5,2
110(a),I,D,-0.2712,0.0341,7,2
110(a),I,E,-0.1866,0.2117,11,2
110(a),I,F,-0.1357,0.0278,15,2
110(a),I,G,-1.002,0.4543,9,2
110(a),I,H,-0.1906,0.1717,9.5,2
110(a),I,I,0,0,,2
110(a),I,K,-0.388,0.2091,12.5,2
110(a),I,L,0.0094,0.03522,12,2
110(a),I,M,-0.094,0.0896,13,2
110(a),I,N,-0.1335,0.0006,12,2
110(a),I,P,-5.459,0,10.5,2
110(a),I,Q,-0.165,0.09683,13,2
110(a),I,R,-0.568,0.0681,8.5,2
110(a),I,S,-0.2317,0.03205,14,2
110(a),I,T,-0.2593,0.23,9,2
110(a),I,V,0.02507,0.02626,13.5,2
110(a),I,W,-0.5578,0.0516,12.5,2
110(a),I,Y,-0.1218,0.0201,9.5,2
110(b),L,-,-0.02885,0.03645,374,2
110(b),L,A,0.02509,0.01371,11.5,2
110(b),L,C,-0.07688,0.06542,8,2
110(b),L,D,-0.1171,0.1736,7.5,2
110(b),L,E,-0.1918,0.2185,9.5,2
110(b),L,F,-0.05171,0.04505,9,2
110(b),L,G,0.06032,0.00407,7.5,2
110(b),L,H,-0.004275,0.06377,9.5,2
110(b),L,I,-0.1152,0.1678,11,2
110(b),L,K,-0.188,0.06345,12,2
110(b),L,L,0,0,,2
110(b),L,M,-0.06822,0.08428,11,2
110(b),L,N,-0.2072,0.2497,7.5,2
110(b),L,P,-0.1218,0.1522,15,2
110(b),L,Q,0.03833,0.0108,11.5,2
110(b),L,R,-0.08153,0.05448,9,2
110(b),L,S,0.0181,0.00442,10.5,2
110(b),L,T,-0.08546,0.01715,10,2
110(b),L,V,-0.0285,0.02781,7.5,2
110(b),L,W,-0.02608,0.005865,12.5,2
110(b),L,Y,0.05824,0.001055,9,2
111(a),C,*,-5.868,0,3,2
111(a),C,-,-0.1067,0.1168,3.5,2
111(a),C,A,0.004115,0.02062,9.5,2
111(a),C,C,0,0,,2
111(a),C,D,-5.896,0,16.5,2
111(a),C,E,-5.134,0,9.5,2
111(a),C,F,-0.88,0.3411,9.5,2
111(a),C,G,-0.2931,0.3261,12.5,2
111(a),C,H,-2.303,0.1145,7,2
111(a),C,I,-0.2366,0.06675,11.5,2
111(a),C,K,-4.441,0,10,2
111(a),C,L,-0.1754,0.2222,12,2
111(a),C,M,0.03856,0.00852,7,2
111(a),C,N,-1.526,0.103,14.5,2
111(a),C,P,-5.888,0,14.5,2
111(a),C,Q,-1.85,0.026,15,2
111(a),C,R,-5.798,0,10.5,2
111(a),C,S,-0.1008,0.1036,13.5,2
111(a),C,T,0.05674,0.00788,8,2
111(a),C,V,0.04031,0.006985,13,2
111(a),C,W,-2.929,0.0835,10,2
111(a),C,Y,-1.895,0.1845,33.5,2
111(b),P,-,-0.00091,0.03822,374.5,2
111(b),P,A,-0.26,0.2837,9,2
111(b),P,C,-0.1799,0.08833,9.5,2
111(b),P,D,-0.02916,0.03106,8.5,2
111(b),P,E,-0.02322,0.01768,11.5,2
111(b),P,F,-0.04289,0.04996,10.5,2
111(b),P,G,0.03521,0.02071,12,2
111(b),P,H,0.06497,0.01224,9.5,2
111(b),P,I,-0.04492,0.07528,13,2
111(b),P,K,-0.02542,0.00888,11.5,2
111(b),P,L,-0.008665,0.06987,12.5,2
111(b),P,M,-0.0404,0.04965,11,2
111(b),P,N,-0.0634,0.0473,7,2
111(b),P,P,0,0,,2
111(b),P,Q,-0.02605,0.02651,11,2
111(b),P,R,-0.00731,0.01788,6.5,2
111(b),P,S,0.009905,0.03334,18.5,2
111(b),P,T,0.03198,0.01945,16.5,2
111(b),P,V,0.05116,0.04964,10,2
111(b),P,W,-0.00715,0.06727,9,2
111(b),P,Y,-0.03572,0.06312,8,2
112(a),Y,*,-5.913,0,4.5,2
112(a),Y,-,-1.45,1.453,3.5,2
112(a),Y,A,-0.1203,0.1732,12.5,2
112(a),Y,C,-0.08214,0.1241,13,2
112(a),Y,D,-0.06159,0.08791,9.5,2
112(a),Y,E,-0.7565,0.5395,6,2
112(a),Y,F,0.0235,0.01847,13,2
112(a),Y,G,-0.7421,0.3148,10.5,2
112(a),Y,H,-0.1217,0.1855,8,2
112(a),Y,I,-0.08426,0.07365,12,2
112(a),Y,K,-0.3552,0.0219,12,2
112(a),Y,L,-0.1503,0.2131,9,2
112(a),Y,M,-0.1403,0.1411,11,2
112(a),Y,N,-0.2511,0.1876,11.5,2
112(a),Y,P,-3.926,0.057,13,2
112(a),Y,Q,-0.1434,0.0253,8.5,2
112(a),Y,R,-0.6401,0.2137,14,2
112(a),Y,S,-0.2927,0.2828,7.5,2
112(a),Y,T,-0.3987,0.01425,9.5,2
112(a),Y,V,0.03353,0.05922,15,2
112(a),Y,W,0.04607,0.05874,11.5,2
112(a),Y,Y,0,0,,2
112(b),Q,*,-5.916,0,6,2
112(b),Q,-,0.02928,0.0334,375,2
112(b),Q,A,-0.08491,0.1681,12,2
112(b),Q,C,-0.1897,0.1487,9,2
112(b),Q,D,-0.03997,0.07634,9.5,2
112(b),Q,E,-0.06581,0.01613,13,2
112(b),Q,F,0.01223,0.01281,11.5,2
112(b),Q,G,0.0551,0.001725,6.5,2
112(b),Q,H,0.009829,0.01082,17,2
112(b),Q,I,0.00902,0.07223,8.5,2
112(b),Q,K,-0.2731,0.2772,10.5,2
112(b),Q,L,-0.02063,0.05342,10,2
112(b),Q,M,0.01648,0.04081,11,2
112(b),Q,N,0.01023,0.008629,11,2
112(b),Q,P,0.000245,0.03073,14,2
112(b),Q,Q,0,0,,2
112(b),Q,R,0.02482,0.01189,17.5,2
112(b),Q,S,-0.0408,0.09221,12.5,2
112(b),Q,T,-0.1298,0.06443,9,2
112(b),Q,V,0.06018,0.02068,9,2
112(b),Q,W,-0.1267,0.01645,9.5,2
112(b),Q,Y,0.04843,0.01395,10.5,2
113(a),V,-,-1.632,1.496,4,2
113(a),V,A,0.004428,0.003911,15.5,2
113(a),V,C,0.02102,0.05318,13,2
113(a),V,D,-1.869,0.3295,15,2
113(a),V,E,-0.8885,0.09485,17,2
113(a),V,F,-0.379,0.13,19,2
113(a),V,G,-0.1164,0.09606,10,2
113(a),V,H,-0.9889,0.03305,14,2
113(a),V,I,-0.01069,0.000565,17.5,2
113(a),V,K,-0.7678,0.2124,8,2
113(a),V,L,-0.1394,0.1749,14.5,2
113(a),V,M,-0.03449,0.123,10.5,2
113(a),V,N,-0.173,0.0224,14.5,2
113(a),V,P,-0.009735,0.02951,11.5,2
113(a),V,Q,-0.2773,0.133,7,2
113(a),V,R,-5.656,0,5.5,2
113(a),V,S,0.02582,0.06116,8.5,2
113(a),V,T,0.02184,0.0382,13.5,2
113(a),V,V,0,0,,2
113(a),V,W,-3.885,0,6.5,2
113(a),V,Y,-0.8038,0.2102,10.5,2
113(b),T,-,-0.1007,0.08927,375.5,2
113(b),T,A,-0.03349,0.07391,13,2
113(b),T,C,-0.1274,0.09679,10.5,2
113(b),T,D,0.04858,0.005435,7,2
113(b),T,E,-0.04104,0.007365,12,2
113(b),T,F,0.03579,0.0329,7,2
113(b),T,G,-0.01707,0.02905,1,2
113(b),T,H,0.00352,0.07453,11.5,2
113(b),T,I,-0.02716,0.01599,16,2
113(b),T,K,0.03812,0.02337,10,2
113(b),T,L,-0.1151,0.1085,9.5,2
113(b),T,M,0.02581,0.01432,9,2
113(b),T,N,0.0172,0.003795,8,2
113(b),T,P,-0.06094,0.00573,10.5,2
113(b),T,Q,-0.2161,0.2836,10,2
113(b),T,R,-0.1584,0.2072,6,2
113(b),T,S,-0.1537,0.04195,7.5,2
113(b),T,T,0,0,,2
113(b),T,V,-0.04051,0.06409,9.5,2
113(b),T,W,-0.1256,0.02837,10,2
113(b),T,Y,-0.1456,0.1562,11,2
114(a),D,-,-0.0363,0.01483,2,2
114(a),D,A,0.06273,0.02625,11,2
114(a),D,C,-0.153,0.2001,11.5,2
114(a),D,D,0,0,,2
114(a),D,E,-0.02773,0.1138,7,2
114(a),D,F,-0.002635,0.02405,12.5,2
114(a),D,G,0.05427,0.01252,15,2
114(a),D,H,-0.1179,0.0906,11,2
114(a),D,I,-0.3908,0.3993,6,2
114(a),D,K,-0.5071,0.1554,9,2
114(a),D,L,0.01463,0.04826,11,2
114(a),D,M,0.00314,0.03117,12.5,2
114(a),D,N,0.02995,0.0327,47.5,2
114(a),D,P,-0.4784,0.04855,5.5,2
114(a),D,Q,0.05203,0.005215,7.5,2
114(a),D,R,-0.1347,0.1206,7,2
114(a),D,S,-0.05338,0.04012,13.5,2
114(a),D,T,-0.2354,0.1065,7,2
114(a),D,V,-0.3314,0.2724,7,2
114(a),D,W,-0.245,0.2784,9,2
114(a),D,Y,-0.009156,0.01792,14.5,2
114(b),D,-,-0.4318,0.4302,375,2
114(b),D,A,0.008285,0.02053,16,2
114(b),D,C,-0.02155,0.03575,13.5,2
114(b),D,D,0,0,,2
114(b),D,E,0.01916,0.01713,8.5,2
114(b),D,F,0.04788,0.00703,8.5,2
114(b),D,G,0.01317,0.005903,10.5,2
114(b),D,H,-0.04008,0.03793,9.5,2
114(b),D,I,-0.04244,0.01345,10,2
114(b),D,K,0.05632,0.00256,11,2
114(b),D,L,0.00017,0.03705,8,2
114(b),D,M,-0.07908,0.03422,13,2
114(b),D,N,0.0656,0.02511,13.5,2
114(b),D,P,0.02156,0.00464,9.5,2
114(b),D,Q,0.03275,0.01269,10,2
114(b),D,R,-0.01888,0.02531,10.5,2
114(b),D,S,-0.0135,0.009772,7,2
114(b),D,T,-0.4098,0.3253,8.5,2
114(b),D,V,0.05023,0.03469,12,2
114(b),D,W,-0.008225,0.02759,9.5,2
114(b),D,Y,-0.156,0.2072,6,2
115(a),K,*,-5.921,0,3,2
115(a),K,-,0.022,0.000375,2,2
115(a),K,A,-0.09642,0.07178,10.5,2
115(a),K,C,-0.1089,0.04524,9.5,2
115(a),K,D,-0.07569,0.1335,8,2
115(a),K,E,-0.05429,0.03794,18.5,2
115(a),K,F,-0.7346,0.1835,17.5,2
115(a),K,G,0.02849,0.03081,11,2
115(a),K,H,-0.2326,0.2852,14,2
115(a),K,I,-1.36,0.062,11,2
115(a),K,K,0,0,,2
115(a),K,L,-0.08076,0.1315,10,2
115(a),K,M,-0.1878,0.1313,18,2
115(a),K,N,-0.1066,0.1634,11.5,2
115(a),K,P,-4.06,0,16,2
115(a),K,Q,-0.09861,0.05718,12,2
115(a),K,R,-0.104,0.05405,15,2
115(a),K,S,-0.1506,0.1974,10.5,2
115(a),K,T,-0.5888,0.0606,11.5,2
115(a),K,V,-0.5206,0.1749,12.5,2
115(a),K,W,-1.54,0.2345,11.5,2
115(a),K,Y,-0.5029,0.1715,13.5,2
115(b),R,-,-0.3263,0.2784,375.5,2
115(b),R,A,-0.01891,0.04698,5,2
115(b),R,C,-0.1345,0.02735,12.5,2
115(b),R,D,-0.3009,0.1195,13,2
115(b),R,E,-0.4037,0.1759,8,2
115(b),R,F,-0.1263,0.1698,10.5,2
115(b),R,G,-0.1341,0.04415,13,2
115(b),R,H,0.03396,0.00113,8,2
115(b),R,I,0.0079,0.04616,13.5,2
115(b),R,K,-0.0145,0.0381,22.5,2
115(b),R,L,-0.08777,0.07883,16,2
115(b),R,M,0.02768,0.02127,7.5,2
115(b),R,N,-0.1534,0.09537,11.5,2
115(b),R,P,0.0454,0.01118,6.5,2
115(b),R,Q,0.01851,0.02643,9,2
115(b),R,R,0,0,,2
115(b),R,S,-0.00947,0.03221,9,2
115(b),R,T,-0.2172,0.1276,9.5,2
115(b),R,V,-0.02244,0.08076,12,2
115(b),R,W,-0.3492,0.1659,9.5,2
115(b),R,Y,0.07753,0.01696,11,2
116(a),F,-,-0.07655,0.06305,1.5,2
116(a),F,A,-0.981,0.3029,6.5,2
116(a),F,C,-0.4219,0.2868,11.5,2
116(a),F,D,-3.58,0,10.5,2
116(a),F,E,-2.937,0.244,11.5,2
116(a),F,F,0,0,,2
116(a),F,G,-0.9803,0.3378,10.5,2
116(a),F,H,-0.8097,0.1068,13,2
116(a),F,I,-0.2262,0.0973,10.5,2
116(a),F,K,-5.853,0,9,2
116(a),F,L,-0.1219,0.1016,16,2
116(a),F,M,-0.06288,0.01101,9,2
116(a),F,N,-1.282,0.4461,11,2
116(a),F,P,-1.715,0.082,5,2
116(a),F,Q,-0.9314,0.2376,5.5,2
116(a),F,R,-5.861,0,12,2
116(a),F,S,-1.258,0.0565,12,2
116(a),F,T,-0.8355,0.1305,9,2
116(a),F,V,-0.2484,0.1575,8,2
116(a),F,W,-1.646,0.3375,6.5,2
116(a),F,Y,-0.1581,0.06067,10.5,2
116(b),L,-,-0.4317,0.3778,375.5,2
116(b),L,A,-0.4924,0.2456,8.5,2
116(b),L,C,-0.3153,0.1024,11,2
116(b),L,D,-3.385,0,9,2
116(b),L,E,-0.3665,0.1369,12.5,2
116(b),L,F,-0.06403,0.1329,7,2
116(b),L,G,-0.5457,0.2332,10.5,2
116(b),L,H,-0.07328,0.05373,10.5,2
116(b),L,I,0.0277,0.00598,9.5,2
116(b),L,K,-0.1872,0.105,10.5,2
116(b),L,L,0,0,,2
116(b),L,M,-0.05725,0.01533,6.5,2
116(b),L,N,-0.946,0.304,6.5,2
116(b),L,P,-0.5926,0.0933,10,2
116(b),L,Q,-0.3337,0.2155,14,2
116(b),L,R,-0.1431,0.02765,13.5,2
116(b),L,S,-0.8321,0.05625,5,2
116(b),L,T,-0.2481,0.2497,8.5,2
116(b),L,V,0.005515,0.04757,9,2
116(b),L,W,-0.01476,0.04601,11,2
116(b),L,Y,-0.3696,0.1066,6.5,2
117(a),W,*,-5.932,0,15.5,2
117(a),W,-,-3.025,1.5,2,2
117(a),W,A,-3.609,0,6.5,2
117(a),W,C,-4.218,0,13.5,2
117(a),W,D,-4.757,0,15.5,2
117(a),W,E,-5.15,0,7,2
117(a),W,F,-0.4986,0.1373,10.5,2
117(a),W,G,-5.731,0,10.5,2
117(a),W,H,-3.455,0,11.5,2
117(a),W,I,-5.61,0,11,2
117(a),W,K,-6.021,0,6.5,2
117(a),W,L,-5.37,0,13,2
117(a),W,M,-4.614,0,8,2
117(a),W,N,-3.724,0,10,2
117(a),W,P,-5.882,0,12,2
117(a),W,Q,-5.831,0,10,2
117(a),W,R,-6,0,15,2
117(a),W,S,-3.516,0,7,2
117(a),W,T,-4.899,0,12,2
117(a),W,V,-4.758,0,9.5,2
117(a),W,W,0,0,,2
117(a),W,Y,-0.2241,0.0934,5.5,2
117(b),A,-,-0.3029,0.3063,375.5,2
117(b),A,A,0,0,,2
117(b),A,C,-0.3925,0.3896,9,2
117(b),A,D,-0.1395,0.04043,12.5,2
117(b),A,E,-0.3617,0.4587,9,2
117(b),A,F,-0.1938,0.1603,7,2
117(b),A,G,0.04194,0.0112,9.5,2
117(b),A,H,-0.09385,0.1719,10,2
117(b),A,I,-0.06861,0.04609,15.5,2
117(b),A,K,-0.1233,0.07161,8.5,2
117(b),A,L,0.05865,0.00664,7.5,2
117(b),A,M,-0.1414,0.1374,10,2
117(b),A,N,-0.1783,0.0455,15.5,2
117(b),A,P,-0.09526,0.06295,8,2
117(b),A,Q,-0.04516,0.05286,13.5,2
117(b),A,R,-0.1059,0.154,7.5,2
117(b),A,S,-0.06029,0.03439,14,2
117(b),A,T,-0.09413,0.09217,28.5,2
117(b),A,V,-0.06221,0.04829,22,2
117(b),A,W,-0.1901,0.2272,12,2
117(b),A,Y,-0.01559,0.0957,10.5,2
118(a),P,-,-0.01891,0.0206,1.5,2
118(a),P,A,-6.021,0,9,2
118(a),P,C,-5.696,0,9.5,2
118(a),P,D,-5.963,0,11.5,2
118(a),P,E,-5.517,0,10.5,2
118(a),P,F,-4.833,0,9.5,2
118(a),P,G,-5.348,0,8,2
118(a),P,H,-5.751,0,8.5,2
118(a),P,I,-5.144,0,13,2
118(a),P,K,-5.915,0,8,2
118(a),P,L,-5.536,0,11.5,2
118(a),P,M,-4.736,0,8,2
118(a),P,N,-5.718,0,10,2
118(a),P,P,0,0,,2
118(a),P,Q,-5.708,0,4.5,2
118(a),P,R,-5.953,0,7.5,2
118(a),P,S,-5.365,0,16.5,2
118(a),P,T,-6.011,0,9,2
118(a),P,V,-5.627,0,4.5,2
118(a),P,W,-4.65,0,10,2
118(a),P,Y,-5.312,0,9,2
118(b),C,*,-5.943,0,4,2
118(b),C,-,-0.0544,0.02859,375,2
118(b),C,A,-0.04331,0.07249,9,2
118(b),C,C,0,0,,2
118(b),C,D,-5.999,0,15,2
118(b),C,E,-5.873,0,9,2
118(b),C,F,-3.018,0.084,20,2
118(b),C,G,-1.164,0.0155,10,2
118(b),C,H,-5.893,0,16.5,2
118(b),C,I,-1.164,0.0265,13,2
118(b),C,K,-5.79,0,6.5,2
118(b),C,L,-0.7545,0.047,9,2
118(b),C,M,-1.001,0.1984,6,2
118(b),C,N,-5.678,0,10.5,2
118(b),C,P,-6.021,0,10.5,2
118(b),C,Q,-5.405,0,7,2
118(b),C,R,-5.829,0,10,2
118(b),C,S,-1.438,0.089,11,2
118(b),C,T,-0.8174,0.173,13.5,2
118(b),C,V,-0.0281,0.1303,7.5,2
118(b),C,W,-5.931,0,15.5,2
118(b),C,Y,-5.89,0,25,2
119(a),S,-,-1.496,1.167,3.5,2
119(a),S,A,-0.03964,0.03851,13,2
119(a),S,C,-0.1208,0.08806,13.5,2
119(a),S,D,-0.6943,0.09075,6.5,2
119(a),S,E,-1.587,0.006,12,2
119(a),S,F,-1.758,0.0085,13.5,2
119(a),S,G,-0.3905,0.0455,14.5,2
119(a),S,H,-1.439,0.529,8.5,2
119(a),S,I,-0.426,0.2679,16.5,2
119(a),S,K,-4.029,0,7.5,2
119(a),S,L,-0.5128,0.1602,7,2
119(a),S,M,-0.5847,0.1424,12.5,2
119(a),S,N,-0.2363,0.1781,15,2
119(a),S,P,-0.2063,0.1256,9.5,2
119(a),S,Q,-0.4381,0.3706,9.5,2
119(a),S,R,-4.54,0,11,2
119(a),S,S,0,0,,2
119(a),S,T,-0.1505,0.185,6,2
119(a),S,V,-0.3477,0.0373,13,2
119(a),S,W,-3.005,0.057,11.5,2
119(a),S,Y,-1.766,0.3905,13.5,2
119(b),Y,*,-5.55,0,3,2
119(b),Y,-,0.009711,0.01439,375.5,2
119(b),Y,A,0.04467,0.00031,5.5,2
119(b),Y,C,-0.08566,0.1273,10,2
119(b),Y,D,-0.6117,0.6213,10,2
119(b),Y,E,-0.8955,0.2495,12,2
119(b),Y,F,0.05671,0.006675,12.5,2
119(b),Y,G,-0.7556,0.2136,8,2
119(b),Y,H,-0.2518,0.1286,8,2
119(b),Y,I,-0.1963,0.2591,9.5,2
119(b),Y,K,0.05339,0.02147,11.5,2
119(b),Y,L,-0.05103,0.1481,7.5,2
119(b),Y,M,-0.04062,0.04272,10.5,2
119(b),Y,N,-5.837,0,10.5,2
119(b),Y,P,-2.122,0.0935,8.5,2
119(b),Y,Q,-0.2804,0.0814,11.5,2
119(b),Y,R,0.02641,0.01548,10,2
119(b),Y,S,-0.04675,0.01116,9.5,2
119(b),Y,T,0.003305,0.03763,8.5,2
119(b),Y,V,-0.09869,0.1534,6,2
119(b),Y,W,0.0003565,0.001883,14,2
119(b),Y,Y,0,0,,2
12(T2A),C,*,-5.949,0,2.5,2
12(T2A),C,-,-0.1486,0.0177,2.5,2
12(T2A),C,C,0,0,,2
12(T2A),C,F,-2.602,0.7295,2,2
12(T2A),C,R,-0.5413,0.3579,13.5,2
12(T2A),C,S,-0.2228,0.06555,2,2
12(T2A),C,Y,-0.9335,0.3115,10.5,2
12(a),F,*,-5.953,0,9.5,2
12(a),F,-,-0.2689,0,1,1
12(a),F,A,-0.6522,0.1334,10.5,2
12(a),F,C,-0.7458,0.2612,10,2
12(a),F,D,-2.538,0.1525,7,2
12(a),F,E,-1.498,0.1975,10.5,2
12(a),F,F,0,0,,2
12(a),F,G,-1.562,0.417,6,2
12(a),F,H,-0.3929,0.04155,8,2
12(a),F,I,-0.3831,0.2488,13,2
12(a),F,K,-2.377,0.0195,9.5,2
12(a),F,L,-0.2409,0.09765,16.5,2
12(a),F,M,-0.1704,0.1481,8.5,2
12(a),F,N,-1.477,0.6737,6,2
12(a),F,P,-5.83,0,7,2
12(a),F,Q,-0.7128,0.2752,9,2
12(a),F,R,-1.764,0.2,10.5,2
12(a),F,S,-0.5853,0.2404,8,2
12(a),F,T,-1.247,0.7204,7,2
12(a),F,V,-0.907,0.285,9.5,2
12(a),F,W,-0.04093,0.04455,4,2
12(a),F,Y,0.05555,0.02213,11.5,2
12(b),M,-,-1.818,1.48,2,2
12(b),M,A,-0.08114,0.09276,11.5,2
12(b),M,C,-0.1008,0.04081,12.5,2
12(b),M,D,-0.8921,0.0373,12,2
12(b),M,E,-0.1425,0.06607,12,2
12(b),M,F,-0.8993,0.2427,14,2
12(b),M,G,-0.6204,0.04515,8,2
12(b),M,H,-1.118,0.1732,7,2
12(b),M,I,-0.2923,0.1859,16.5,2
12(b),M,K,-4.037,0,9,2
12(b),M,L,-0.1103,0.05414,11,2
12(b),M,M,0,0,,2
12(b),M,N,-1.378,0.5704,10,2
12(b),M,P,-5.902,0,9,2
12(b),M,Q,-0.06743,0.1505,9,2
12(b),M,R,-3.042,0.1305,11,2
12(b),M,S,-0.4395,0.1133,9,2
12(b),M,T,-0.03731,0.03528,12,2
12(b),M,V,-0.0964,0.0253,6,2
12(b),M,W,-0.6781,0.2034,9.5,2
12(b),M,Y,-0.8688,0.0775,10.5,2
120(a),V,-,-1.817,0.9923,3.5,2
120(a),V,A,-0.001055,0.07452,11.5,2
120(a),V,C,-0.1126,0.07183,10,2
120(a),V,D,-0.08441,0.05889,10.5,2
120(a),V,E,-0.0451,0.04649,10.5,2
120(a),V,F,-0.08587,0.02183,13.5,2
120(a),V,G,-0.07385,0.00077,10.5,2
120(a),V,H,-0.08331,0.1421,13,2
120(a),V,I,-0.05343,0.06067,19,2
120(a),V,K,0.02717,0.01983,9,2
120(a),V,L,-0.1479,0.06866,8,2
120(a),V,M,-0.1374,0.098,11.5,2
120(a),V,N,0.04269,0.01382,5.5,2
120(a),V,P,-0.3325,0.1047,10.5,2
120(a),V,Q,-0.05668,0.1142,7.5,2
120(a),V,R,0.00303,0.06223,6,2
120(a),V,S,-0.268,0.1041,10.5,2
120(a),V,T,-0.06919,0.00033,15.5,2
120(a),V,V,0,0,,2
120(a),V,W,-0.1146,0.03581,17.5,2
120(a),V,Y,-0.09308,0.07573,12,2
120(b),V,-,-0.0122,0.04244,375.5,2
120(b),V,A,0.0652,0.0366,20,2
120(b),V,C,0.0603,0.01807,13.5,2
120(b),V,D,-5.276,0,11.5,2
120(b),V,E,-4.022,0,15.5,2
120(b),V,F,-0.7171,0.2818,12,2
120(b),V,G,-1.036,0.1352,6,2
120(b),V,H,-2.652,0.2175,4,2
120(b),V,I,-0.009733,0.01141,16.5,2
120(b),V,K,-5.915,0,8,2
120(b),V,L,-0.01027,0.01131,14.5,2
120(b),V,M,-0.08896,0.01575,23.5,2
120(b),V,N,-0.2895,0.1916,8,2
120(b),V,P,-1.252,0.0385,10,2
120(b),V,Q,-2.101,0.041,9.5,2
120(b),V,R,-5.833,0,12,2
120(b),V,S,0.03556,0.006895,9.5,2
120(b),V,T,0.002255,0.03368,10.5,2
120(b),V,V,0,0,,2
120(b),V,W,-3.709,0,12,2
120(b),V,Y,-1.444,0.232,7,2
121(a),I,-,-0.6542,0.0215,4,2
121(a),I,A,-0.2006,0.02615,12.5,2
121(a),I,C,0.01892,0.01466,10.5,2
121(a),I,D,-0.9095,0.2895,7,2
121(a),I,E,-0.1628,0.1696,15,2
121(a),I,F,-0.6903,0.2327,11,2
121(a),I,G,-0.2806,0.3463,6.5,2
121(a),I,H,-1.029,0.1161,11.5,2
121(a),I,I,0,0,,2
121(a),I,K,-0.2856,0.1101,12,2
121(a),I,L,0.05084,0.04505,12,2
121(a),I,M,0.03369,0.02097,13.5,2
121(a),I,N,-0.3324,0.104,14,2
121(a),I,P,-1.788,0.244,13,2
121(a),I,Q,-0.2434,0.1825,6.5,2
121(a),I,R,-0.3147,0.0746,10.5,2
121(a),I,S,-0.1156,0.01669,15.5,2
121(a),I,T,-0.2106,0.1597,12,2
121(a),I,V,-0.00785,0.0218,27,2
121(a),I,W,-0.4188,0.3878,7.5,2
121(a),I,Y,-0.4873,0.3775,12.5,2
121(b),T,-,-2.04,1.48,376.5,2
121(b),T,A,-0.1733,0.2088,15,2
121(b),T,C,-0.09796,0.04215,20,2
121(b),T,D,-0.08407,0.1362,9.5,2
121(b),T,E,-0.04393,0.05188,11.5,2
121(b),T,F,0.06066,0.02539,9,2
121(b),T,G,-0.4471,0.2364,8,2
121(b),T,H,-0.0141,0.07833,9.5,2
121(b),T,I,-0.1305,0.0087,28.5,2
121(b),T,K,-0.05638,0.03075,11.5,2
121(b),T,L,-0.2221,0.1594,4.5,2
121(b),T,M,-0.0949,0.0874,9,2
121(b),T,N,-0.3917,0.3379,10.5,2
121(b),T,P,-0.8854,0.1275,12.5,2
121(b),T,Q,-0.05974,0.1167,9.5,2
121(b),T,R,-0.00184,0.0319,9.5,2
121(b),T,S,0.01813,0.01582,13.5,2
121(b),T,T,0,0,,2
121(b),T,V,0.04773,0.008075,14,2
121(b),T,W,0.0562,0.03344,9,2
121(b),T,Y,0.007825,0.01969,13,2
122(a),T,-,-0.5264,0.05985,5,2
122(a),T,A,-0.114,0.07589,19,2
122(a),T,C,0.03267,0.02958,11,2
122(a),T,D,-0.2839,0.1454,9.5,2
122(a),T,E,-0.07484,0.03276,12,2
122(a),T,F,-0.00922,0.08809,11,2
122(a),T,G,-0.01143,0.08532,10.5,2
122(a),T,H,-0.01335,0.06423,9,2
122(a),T,I,-0.08612,0.04228,17.5,2
122(a),T,K,0.06116,0.006855,8.5,2
122(a),T,L,-0.02032,0.03843,12.5,2
122(a),T,M,-0.1231,0.1333,14.5,2
122(a),T,N,-0.1351,0.1536,15.5,2
122(a),T,P,-0.6783,0.1977,12.5,2
122(a),T,Q,0.01972,0.00914,9.5,2
122(a),T,R,0.05778,0.006355,11,2
122(a),T,S,-0.1002,0.02119,7,2
122(a),T,T,0,0,,2
122(a),T,V,0.0606,0.00098,11,2
122(a),T,W,-0.2169,0.1425,9.5,2
122(a),T,Y,-0.3338,0.0653,8,2
122(b),G,-,-2.537,1.483,377,2
122(b),G,A,-0.1731,0.03855,12.5,2
122(b),G,C,-0.04727,1.5e-05,17,2
122(b),G,D,-0.05325,0.02121,29.5,2
122(b),G,E,-0.1443,0.1094,7,2
122(b),G,F,0.000715,0.04534,11,2
122(b),G,G,0,0,,2
122(b),G,H,0.03714,0.04072,12.5,2
122(b),G,I,-0.7238,0.22,12.5,2
122(b),G,K,-0.05607,0.001875,16,2
122(b),G,L,-0.06976,0.05734,5.5,2
122(b),G,M,0.02096,0.07845,7,2
122(b),G,N,-0.219,0.0295,7,2
122(b),G,P,-0.4112,0.1984,10.5,2
122(b),G,Q,-0.2386,0.2397,10.5,2
122(b),G,R,0.05871,0.01048,13.5,2
122(b),G,S,-0.03336,0.05828,20,2
122(b),G,T,-0.2791,0.2585,9.5,2
122(b),G,V,-0.7714,0.1366,12.5,2
122(b),G,W,-0.1714,0.0297,12,2
122(b),G,Y,-0.2703,0.2215,6,2
123(a),I,-,-0.4931,0.4177,4.5,2
123(a),I,A,-0.1038,0.09291,8.5,2
123(a),I,C,-1.394,0.275,8,2
123(a),I,D,-0.8285,0.5185,5.5,2
123(a),I,E,-0.2533,0.1517,12,2
123(a),I,F,0.01369,0.08422,17.5,2
123(a),I,G,-0.1454,0.0018,12.5,2
123(a),I,H,0.02747,0.06145,9,2
123(a),I,I,0,0,,2
123(a),I,K,-0.2162,0.016,15,2
123(a),I,L,-0.08377,0.08823,13.5,2
123(a),I,M,-0.06711,0.07938,11.5,2
123(a),I,N,-0.441,0.2222,8.5,2
123(a),I,P,-0.4698,0.0282,9.5,2
123(a),I,Q,-0.2302,0.0253,10,2
123(a),I,R,-0.2833,0.3812,8,2
123(a),I,S,-0.3567,0.1083,9.5,2
123(a),I,T,-0.2834,0.1263,13,2
123(a),I,V,-0.1261,0.03162,22.5,2
123(a),I,W,-0.3985,0.2998,10.5,2
123(a),I,Y,-0.0876,0.07211,7,2
123(b),F,-,-2.68,1.496,377.5,2
123(b),F,A,-0.02741,0.08159,9.5,2
123(b),F,C,-0.2508,0.2244,8.5,2
123(b),F,D,-1.341,0.0725,6.5,2
123(b),F,E,-0.7907,0.14,7.5,2
123(b),F,F,0,0,,2
123(b),F,G,-0.4618,0.1061,8.5,2
123(b),F,H,-0.1117,0.1772,5.5,2
123(b),F,I,-0.1953,0.273,11.5,2
123(b),F,K,-3.497,0,5.5,2
123(b),F,L,-0.4459,0.1076,23,2
123(b),F,M,0.0257,0.01462,7,2
123(b),F,N,-0.6727,0.2581,8.5,2
123(b),F,P,-1.805,0.0275,9,2
123(b),F,Q,-0.4144,0.03345,9,2
123(b),F,R,-3.078,0.019,7.5,2
123(b),F,S,-0.3613,0.2596,10,2
123(b),F,T,-0.07354,0.06566,9,2
123(b),F,V,-0.09643,0.09867,8.5,2
123(b),F,W,-0.1445,0.1127,12,2
123(b),F,Y,-0.2482,0.1238,12,2
124(a),T,-,-0.02437,0.03257,4,2
124(a),T,A,0.04246,0.0119,18,2
124(a),T,C,-0.06331,0.001375,14,2
124(a),T,D,-0.06857,0.05243,9,2
124(a),T,E,-0.08314,0.03405,11,2
124(a),T,F,-0.01432,0.09848,5,2
124(a),T,G,0.03174,0.02218,10.5,2
124(a),T,H,-0.08269,0.04501,11.5,2
124(a),T,I,-0.1541,0.1091,17.5,2
124(a),T,K,0.000285,0.07092,10,2
124(a),T,L,0.02092,0.02937,9.5,2
124(a),T,M,-0.01064,0.03485,7.5,2
124(a),T,N,-0.132,0.09012,10,2
124(a),T,P,-1.806,0.09,14,2
124(a),T,Q,-0.02812,0.00055,14,2
124(a),T,R,0.05098,0.002585,7,2
124(a),T,S,-0.1938,0.06695,11.5,2
124(a),T,T,0,0,,2
124(a),T,V,0.03335,0.05479,11.5,2
124(a),T,W,0.05168,0.00644,9.5,2
124(a),T,Y,-0.03694,0.1067,9.5,2
124(b),Y,*,-5.592,0,1.5,2
124(b),Y,-,-0.1135,0.0896,377.5,2
124(b),Y,A,-0.9681,0.1159,7,2
124(b),Y,C,-0.4251,0.08395,12,2
124(b),Y,D,-2.203,0.1635,9,2
124(b),Y,E,-2.071,0.167,7,2
124(b),Y,F,-0.01743,0.06496,12.5,2
124(b),Y,G,-1.178,0.087,12,2
124(b),Y,H,-0.07442,0.1157,10,2
124(b),Y,I,-1.405,0.075,6,2
124(b),Y,K,-2.114,0.152,13,2
124(b),Y,L,-0.1577,0.09531,12.5,2
124(b),Y,M,-0.4226,0.1353,9.5,2
124(b),Y,N,-0.4061,0.1895,12.5,2
124(b),Y,P,-3.01,0.1145,8,2
124(b),Y,Q,-0.3542,0.1175,12.5,2
124(b),Y,R,-0.8384,0.043,6,2
124(b),Y,S,-1.204,0.485,11.5,2
124(b),Y,T,-0.942,0.1561,10.5,2
124(b),Y,V,-1.296,0.2405,4,2
124(b),Y,W,-0.8345,0.0046,9.5,2
124(b),Y,Y,0,0,,2
125(a),W,*,-5.737,0,16,2
125(a),W,-,-2.28,0.139,5.5,2
125(a),W,A,-1.112,0.1263,14,2
125(a),W,C,-3.532,0,11.5,2
125(a),W,D,-5.893,0,6,2
125(a),W,E,-3.659,0,10.5,2
125(a),W,F,-0.1014,0.1646,9.5,2
125(a),W,G,-3.369,0,11,2
125(a),W,H,-0.02802,0.1025,8.5,2
125(a),W,I,-0.1313,0.1429,10,2
125(a),W,K,-4.322,0.1915,6,2
125(a),W,L,-0.2168,0.00545,14.5,2
125(a),W,M,-0.1158,0.06204,6,2
125(a),W,N,-0.5994,0.1141,11,2
125(a),W,P,-0.5999,0.07975,6.5,2
125(a),W,Q,-0.2589,0.0706,8,2
125(a),W,R,-0.3416,0.3323,7.5,2
125(a),W,S,-1.8,0.2305,7.5,2
125(a),W,T,-0.6025,0.3195,6.5,2
125(a),W,V,-0.1007,0.08916,8,2
125(a),W,W,0,0,,2
125(a),W,Y,-0.3793,0.08405,9.5,2
125(b),P,-,-0.05894,0.08045,378,2
125(b),P,A,-0.4427,0.1608,12,2
125(b),P,C,-0.203,0.0544,16,2
125(b),P,D,-0.3504,0.0922,9.5,2
125(b),P,E,-0.04863,0.117,7.5,2
125(b),P,F,-0.4879,0.1459,13,2
125(b),P,G,-0.4067,0.1173,8.5,2
125(b),P,H,0.02846,0.00229,11.5,2
125(b),P,I,-0.5199,0.0927,9.5,2
125(b),P,K,-0.3135,0.0605,8.5,2
125(b),P,L,-0.2528,0.0335,15.5,2
125(b),P,M,-0.1413,0.1879,6.5,2
125(b),P,N,-0.1933,0.2007,7,2
125(b),P,P,0,0,,2
125(b),P,Q,-0.02381,0.1091,8,2
125(b),P,R,-0.5325,0.2565,6,2
125(b),P,S,-0.5555,0.0105,13.5,2
125(b),P,T,-0.2579,0.0535,7,2
125(b),P,V,-0.4465,0.1552,13.5,2
125(b),P,W,-0.388,0.1564,8,2
125(b),P,Y,-0.4143,0.1388,9.5,2
126(a),M,-,-0.6203,0.6087,5.5,2
126(a),M,A,0.06495,0.02412,8,2
126(a),M,C,-0.1273,0.08218,12,2
126(a),M,D,0.02448,0.01616,5,2
126(a),M,E,-0.08189,0.01402,10.5,2
126(a),M,F,-0.1545,0.1982,13,2
126(a),M,G,-0.02658,0.01645,7.5,2
126(a),M,H,-0.143,0.052,9.5,2
126(a),M,I,0.004878,0.004052,55.5,2
126(a),M,K,-0.03092,0.0066,11,2
126(a),M,L,-0.1172,0.05249,13.5,2
126(a),M,M,0,0,,2
126(a),M,N,0.04536,0.03224,6.5,2
126(a),M,P,-5.1,0,8.5,2
126(a),M,Q,-0.1812,0.1604,10.5,2
126(a),M,R,-0.1686,0.1495,12,2
126(a),M,S,0.01008,0.0344,11.5,2
126(a),M,T,-0.02533,0.04619,17.5,2
126(a),M,V,-0.02,0.0188,17.5,2
126(a),M,W,0.02735,0.002315,7.5,2
126(a),M,Y,-0.00511,0.02391,9.5,2
126(b),A,*,0.00389,0,0.5,1
126(b),A,-,-2.299,1.483,378.5,2
126(b),A,A,0,0,,2
126(b),A,C,0.00753,0.03754,9.5,2
126(b),A,D,-0.1761,0.1687,12.5,2
126(b),A,E,-0.2957,0.1658,8.5,2
126(b),A,F,0.05091,0.0032,4.5,2
126(b),A,G,-0.09174,0.1145,9.5,2
126(b),A,H,-0.03902,0.04586,8.5,2
126(b),A,I,0.0035,0.05288,11,2
126(b),A,K,-0.02378,0.05171,8.5,2
126(b),A,L,-0.02416,0.04214,12,2
126(b),A,M,-0.2841,0.3295,5,2
126(b),A,N,-0.124,0.0357,9,2
126(b),A,P,0.00995,0.02931,8.5,2
126(b),A,Q,-0.253,0.1229,8,2
126(b),A,R,-0.2369,0.2599,6.5,2
126(b),A,S,-0.04942,0.06057,11.5,2
126(b),A,T,8e-05,0.02683,40.5,2
126(b),A,V,-0.02308,0.03252,20,2
126(b),A,W,0.03064,0.05932,12,2
126(b),A,Y,-0.2173,0.2705,6,2
127(a),K,*,-5.924,0,1,1
127(a),K,-,-0.7371,0.6939,6.5,2
127(a),K,A,-0.4377,0.4667,11,2
127(a),K,C,0.04917,0.01003,9.5,2
127(a),K,D,-0.2215,0.2873,11,2
127(a),K,E,-0.1537,0.1662,13,2
127(a),K,F,-0.1018,0.1906,14.5,2
127(a),K,G,-0.1922,0.1429,14,2
127(a),K,H,-0.1725,0.1006,11.5,2
127(a),K,I,-0.01669,0.007869,10,2
127(a),K,K,0,0,,2
127(a),K,L,-0.2623,0.123,8,2
127(a),K,M,-0.02897,0.02537,13.5,2
127(a),K,N,-0.1778,0.1668,9,2
127(a),K,P,-2.212,0.01,11.5,2
127(a),K,Q,-0.06198,0.01254,8.5,2
127(a),K,R,-0.009325,0.03524,12,2
127(a),K,S,-0.06245,0.09214,6.5,2
127(a),K,T,0.02272,0.01364,12,2
127(a),K,V,-0.06961,0.1254,15,2
127(a),K,W,-0.2956,0.3046,9,2
127(a),K,Y,-0.1177,0.09162,16.5,2
127(b),D,-,-0.6284,0.5796,378,2
127(b),D,A,-0.03093,0.03708,14,2
127(b),D,C,-0.03663,0.1126,9,2
127(b),D,D,0,0,,2
127(b),D,E,0.03714,0.009965,10,2
127(b),D,F,0.05529,2.5e-05,7.5,2
127(b),D,G,-0.06117,0.00727,9,2
127(b),D,H,0.001495,0.01415,12.5,2
127(b),D,I,-0.01052,0.0596,11,2
127(b),D,K,0.02493,0.01017,8.5,2
127(b),D,L,-0.02044,0.08846,8,2
127(b),D,M,-0.04219,0.06821,7.5,2
127(b),D,N,0.003975,0.0143,67.5,2
127(b),D,P,0.04357,0.00621,6.5,2
127(b),D,Q,-0.5583,0.5647,4.5,2
127(b),D,R,-0.2823,0.1082,12.5,2
127(b),D,S,-0.06418,0.09072,7,2
127(b),D,T,0.0692,0.02414,10.5,2
127(b),D,V,0.01054,0.01542,11,2
127(b),D,W,-0.00178,0.03296,5,2
127(b),D,Y,-0.1402,0.1967,13.5,2
128(a),N,-,-0.06402,0.006615,5,2
128(a),N,A,0.02985,0.02019,8,2
128(a),N,C,-0.1583,0.1229,13,2
128(a),N,D,-0.06117,0.1038,8.5,2
128(a),N,E,-0.005794,0.01254,16,2
128(a),N,F,0.05461,0.00837,8.5,2
128(a),N,G,-0.2124,0.03015,12,2
128(a),N,H,-0.2559,0.2364,12.5,2
128(a),N,I,0.002345,0.07104,9.5,2
128(a),N,K,-0.07612,0.1608,17,2
128(a),N,L,-0.2255,0.2296,11,2
128(a),N,M,0.02682,0.06108,13,2
128(a),N,N,0,0,,2
128(a),N,P,-1.357,0.0125,14.5,2
128(a),N,Q,-0.02909,0.07331,7.5,2
128(a),N,R,0.06318,0.02412,12.5,2
128(a),N,S,-0.0913,0.0975,16,2
128(a),N,T,-0.3336,0.151,13,2
128(a),N,V,0.01793,0.03706,16.5,2
128(a),N,W,-0.2925,0.1595,9,2
128(a),N,Y,-0.01204,0.02746,11.5,2
128(b),I,-,-0.1651,0.05795,378,2
128(b),I,A,0.01181,0.05139,9,2
128(b),I,C,-0.3637,0.1165,11.5,2
128(b),I,D,-1.774,0.1595,13,2
128(b),I,E,-1.206,0.0315,11,2
128(b),I,F,-0.1479,0.03755,13,2
128(b),I,G,-0.07537,0.02123,6,2
128(b),I,H,-0.02064,0.03058,7.5,2
128(b),I,I,0,0,,2
128(b),I,K,-1.389,0.0415,11,2
128(b),I,L,-0.01813,0.03292,13,2
128(b),I,M,-0.03143,0.06601,9,2
128(b),I,N,-0.4539,0.00995,7.5,2
128(b),I,P,-0.1872,0.05745,10,2
128(b),I,Q,-0.2196,0.0312,17,2
128(b),I,R,-0.8411,0.2559,15.5,2
128(b),I,S,-0.3879,0.04885,5.5,2
128(b),I,T,-0.2321,0.2237,12.5,2
128(b),I,V,0.00115,0.04216,8.5,2
128(b),I,W,-0.008489,0.01512,11,2
128(b),I,Y,-0.01553,0.00483,9.5,2
129(a),G,-,-0.06112,0.02274,5,2
129(a),G,A,-0.04829,0.09661,12,2
129(a),G,C,-0.1344,0.03994,17,2
129(a),G,D,-0.03698,0.000255,24,2
129(a),G,E,-0.1947,0.2433,9,2
129(a),G,F,-0.1239,0.1028,13,2
129(a),G,G,0,0,,2
129(a),G,H,0.07381,0.01536,9,2
129(a),G,I,-0.4265,0.457,9,2
129(a),G,K,-0.01125,0.05646,7,2
129(a),G,L,-0.09497,0.1125,8.5,2
129(a),G,M,-0.06196,0.1269,7.5,2
129(a),G,N,0.02653,0.02472,10.5,2
129(a),G,P,-2.773,0.1315,9,2
129(a),G,Q,0.00449,0.01548,11,2
129(a),G,R,-0.01179,0.04584,11,2
129(a),G,S,-0.09767,0.01973,11.5,2
129(a),G,T,-0.05913,0.08317,5.5,2
129(a),G,V,-0.345,0.1737,21.5,2
129(a),G,W,-0.01674,0.00159,9.5,2
129(a),G,Y,0.06743,0.01519,7.5,2
129(b),Q,*,-5.021,0,6,2
129(b),Q,-,-0.4126,0.31,379.5,2
129(b),Q,A,0.001275,0.04748,12,2
129(b),Q,C,-0.07469,0.01698,9,2
129(b),Q,D,0.06042,0.0296,8,2
129(b),Q,E,-0.3593,0.3187,9.5,2
129(b),Q,F,0.01188,0.03565,10.5,2
129(b),Q,G,-0.1884,0.2132,7,2
129(b),Q,H,-0.05712,0.03517,18,2
129(b),Q,I,0.03962,0.00061,16,2
129(b),Q,K,-0.3645,0.1108,18.5,2
129(b),Q,L,0.0218,0.02522,13,2
129(b),Q,M,-0.0504,0.04681,9.5,2
129(b),Q,N,-0.1835,0.054,10.5,2
129(b),Q,P,-0.6746,0.4094,18,2
129(b),Q,Q,0,0,,2
129(b),Q,R,-0.08378,0.06162,18,2
129(b),Q,S,-0.06736,0.08443,15,2
129(b),Q,T,0.04097,0.01442,10.5,2
129(b),Q,V,-0.01871,0.00615,10,2
129(b),Q,W,0.05983,0.02168,4.5,2
129(b),Q,Y,-0.009985,0.05378,9.5,2
13(T2A),G,-,-0.1442,0.1023,3,2
13(T2A),G,C,-0.08302,0,0.5,1
13(T2A),G,D,-1.386,0.5736,6,2
13(T2A),G,G,0,0,,2
13(T2A),G,R,-0.8837,0,0.5,1
13(T2A),G,S,-0.9963,0.4508,5,2
13(T2A),G,V,-0.5949,0.5731,1,2
13(a),Y,*,-5.822,0,9.5,2
13(a),Y,-,-0.01446,0,0.5,1
13(a),Y,A,-0.1663,0.09026,6.5,2
13(a),Y,C,-0.6904,0.0103,14.5,2
13(a),Y,D,-5.389,0,7,2
13(a),Y,E,-2.768,0.034,11,2
13(a),Y,F,-0.524,0.531,7.5,2
13(a),Y,G,-3.736,0,5,2
13(a),Y,H,-0.4284,0.1624,11.5,2
13(a),Y,I,-0.6245,0.02775,4.5,2
13(a),Y,K,-2.417,0.2785,6,2
13(a),Y,L,-1.26,0.258,8.5,2
13(a),Y,M,-0.2535,0.1007,8.5,2
13(a),Y,N,-2.228,0.3295,12,2
13(a),Y,P,-5.931,0,10,2
13(a),Y,Q,-1.296,0.1335,8,2
13(a),Y,R,-1.506,0.338,6,2
13(a),Y,S,-0.6542,0.2229,9,2
13(a),Y,T,-0.1714,0.1796,8,2
13(a),Y,V,-0.2465,0.1521,7,2
13(a),Y,W,-0.5579,0.1924,5.5,2
13(a),Y,Y,0,0,,2
13(b),V,-,-1.474,1.494,1.5,2
13(b),V,A,-0.2726,0.04055,12.5,2
13(b),V,C,-0.2057,0.1775,10.5,2
13(b),V,D,-4.005,0,13.5,2
13(b),V,E,-2.47,0.05,12.5,2
13(b),V,F,-0.535,0.00825,8.5,2
13(b),V,G,-2.566,0.1335,11.5,2
13(b),V,H,-1.014,0.1938,9,2
13(b),V,I,-0.4247,0.3155,6.5,2
13(b),V,K,-1.69,0.0105,16,2
13(b),V,L,-0.756,0.314,19,2
13(b),V,M,-0.3281,0.2091,11.5,2
13(b),V,N,-1.288,0.2085,7.5,2
13(b),V,P,-5.849,0,8,2
13(b),V,Q,-1.591,0.0365,11.5,2
13(b),V,R,-2.684,0.251,11.5,2
13(b),V,S,-0.2236,0.0742,5.5,2
13(b),V,T,-0.122,0.04849,12,2
13(b),V,V,0,0,,2
13(b),V,W,-1.042,0.0225,8.5,2
13(b),V,Y,-0.7246,0.03015,11.5,2
130(a),Q,*,-5.915,0,4.5,2
130(a),Q,-,-0.0431,0.05364,5,2
130(a),Q,A,-0.005589,0.004285,13.5,2
130(a),Q,C,0.03743,0.01417,12,2
130(a),Q,D,-0.1757,0.0657,11,2
130(a),Q,E,-0.4358,0.1084,9.5,2
130(a),Q,F,0.05723,0.00663,6.5,2
130(a),Q,G,-0.1723,0.1368,9,2
130(a),Q,H,-0.05303,0.04707,16,2
130(a),Q,I,0.06244,0.0127,14.5,2
130(a),Q,K,-0.1257,0.1752,11.5,2
130(a),Q,L,0.00482,0.04582,13.5,2
130(a),Q,M,0.02387,0.02974,13,2
130(a),Q,N,-0.03787,0.05273,8.5,2
130(a),Q,P,-0.5327,0.2613,12,2
130(a),Q,Q,0,0,,2
130(a),Q,R,0.04312,0.007655,11,2
130(a),Q,S,0.07877,0.01771,14,2
130(a),Q,T,-0.02844,0.1062,10.5,2
130(a),Q,V,0.01578,0.0178,15.5,2
130(a),Q,W,-0.05095,0.1515,12.5,2
130(a),Q,Y,0.01578,0.02667,14.5,2
130(b),V,-,-0.5206,0.5524,6.5,2
130(b),V,A,-0.2778,0.281,13,2
130(b),V,C,-0.4844,0.1786,5.5,2
130(b),V,D,-5.912,0,13.5,2
130(b),V,E,-5.838,0,14.5,2
130(b),V,F,-0.05493,0.1086,18,2
130(b),V,G,-1.106,0.0595,11,2
130(b),V,H,-1.591,0.0245,11,2
130(b),V,I,0.06644,0.01387,12.5,2
130(b),V,K,-4.113,0,7.5,2
130(b),V,L,-0.04923,0.08677,17,2
130(b),V,M,-0.1466,0.06862,23,2
130(b),V,N,-2.389,0.0315,10.5,2
130(b),V,P,-0.4902,0.15,13,2
130(b),V,Q,-0.8865,0.0859,9,2
130(b),V,R,-4.158,0,10.5,2
130(b),V,S,-0.7842,0.1572,12.5,2
130(b),V,T,-0.4278,0.3505,7,2
130(b),V,V,0,0,,2
130(b),V,W,-0.3461,0.3274,11.5,2
130(b),V,Y,-0.1717,0.1212,7,2
131(a),E,*,-5.879,0,5,2
131(a),E,-,-0.0642,0.04791,5,2
131(a),E,A,0.07237,0.01286,11.5,2
131(a),E,C,0.03176,0.01681,12,2
131(a),E,D,-0.02364,0.1091,17,2
131(a),E,E,0,0,,2
131(a),E,F,-0.2175,0.2197,11,2
131(a),E,G,0.006533,0.01606,22.5,2
131(a),E,H,-0.006831,0.01412,16.5,2
131(a),E,I,0.01803,0.06606,14,2
131(a),E,K,0.01204,0.04896,21,2
131(a),E,L,0.03752,0.01937,12,2
131(a),E,M,-0.04362,0.03294,17,2
131(a),E,N,-0.1267,0.141,9.5,2
131(a),E,P,-0.03135,0.05508,9.5,2
131(a),E,Q,0.04146,0.04279,13,2
131(a),E,R,0.01635,0.04498,12.5,2
131(a),E,S,0.01338,0.05425,8.5,2
131(a),E,T,-0.01308,0.06747,12.5,2
131(a),E,V,0.06839,0.01791,10.5,2
131(a),E,W,-0.002166,0.00168,8,2
131(a),E,Y,0.001665,0.03708,11,2
131(b),K,*,-5.623,0,2,2
131(b),K,-,-0.5846,0.3357,7,2
131(b),K,A,0.03836,0.0129,8,2
131(b),K,C,-0.1218,0.1189,11,2
131(b),K,D,-0.02923,0.1254,12.5,2
131(b),K,E,-0.1424,0.04628,15.5,2
131(b),K,F,0.05328,0.03879,6.5,2
131(b),K,G,-0.08078,0.1326,7.5,2
131(b),K,H,-0.04786,0.1063,13,2
131(b),K,I,-0.2045,0.1424,8,2
131(b),K,K,0,0,,2
131(b),K,L,0.03028,0.01831,7.5,2
131(b),K,M,-0.066,0.02194,10,2
131(b),K,N,0.00747,0.02361,15,2
131(b),K,P,-3.654,0,13,2
131(b),K,Q,-0.1988,0.2716,10,2
131(b),K,R,0.04881,0.02307,9,2
131(b),K,S,0.01307,0.003786,10.5,2
131(b),K,T,-0.1698,0.00315,11.5,2
131(b),K,V,-0.07506,0.07364,10,2
131(b),K,W,0.04254,0.01844,12.5,2
131(b),K,Y,-0.0647,0.03651,10.5,2
132(a),V,-,-0.05578,0.0354,5,2
132(a),V,A,0.00263,0.06093,13.5,2
132(a),V,C,0.02195,0.02854,10.5,2
132(a),V,D,0.01865,0.04609,11,2
132(a),V,E,-0.04057,0.05917,13.5,2
132(a),V,F,0.05891,0.000835,8,2
132(a),V,G,-0.1799,0.1231,12,2
132(a),V,H,0.04821,0.04619,12,2
132(a),V,I,-0.01321,0.02069,9,2
132(a),V,K,0.05701,0.03254,8.5,2
132(a),V,L,-0.04076,0.04625,13,2
132(a),V,M,-0.09034,0.122,21,2
132(a),V,N,-0.1027,0.01452,8.5,2
132(a),V,P,-0.2884,0.0427,9,2
132(a),V,Q,0.06345,0.0265,11.5,2
132(a),V,R,0.009285,0.04856,11.5,2
132(a),V,S,0.06295,0.005145,7,2
132(a),V,T,-0.00571,0.05117,10,2
132(a),V,V,0,0,,2
132(a),V,W,0.03983,0.0465,11.5,2
132(a),V,Y,-0.3957,0.2121,6,2
132(b),W,*,-5.574,0,16.5,2
132(b),W,-,-0.4124,0.1993,7.5,2
132(b),W,A,-0.6056,0.2252,10,2
132(b),W,C,-2.303,0.421,10.5,2
132(b),W,D,-5.971,0,9.5,2
132(b),W,E,-5.149,0,13,2
132(b),W,F,0.04115,0.0152,10,2
132(b),W,G,-3.124,0.2335,7.5,2
132(b),W,H,-1.413,0.128,6,2
132(b),W,I,-0.08238,0.05192,9.5,2
132(b),W,K,-4.916,0,6,2
132(b),W,L,-0.1139,0.1159,13.5,2
132(b),W,M,-0.2076,0.1472,9.5,2
132(b),W,N,-3.485,0,4.5,2
132(b),W,P,-2.357,0.028,10.5,2
132(b),W,Q,-1.607,0.14,6,2
132(b),W,R,-5.916,0,9.5,2
132(b),W,S,-2.917,0.012,8,2
132(b),W,T,-0.8022,0.0378,6.5,2
132(b),W,V,-0.4471,0.0065,10,2
132(b),W,W,0,0,,2
132(b),W,Y,-0.1229,0.02095,11.5,2
133(a),T,-,-0.009624,0.01295,5.5,2
133(a),T,A,0.02855,0.05204,15.5,2
133(a),T,C,-0.09991,0.1603,14,2
133(a),T,D,-0.01068,0.09232,10.5,2
133(a),T,E,-0.1245,0.1325,13,2
133(a),T,F,-0.1383,0.07207,10,2
133(a),T,G,0.03533,0.0418,10,2
133(a),T,H,-0.1876,0.2444,7,2
133(a),T,I,-0.1631,0.1784,17.5,2
133(a),T,K,0.05425,0.03499,15.5,2
133(a),T,L,-0.2875,0.1106,8,2
133(a),T,M,0.0293,0.00918,10,2
133(a),T,N,-0.02288,0.04459,13.5,2
133(a),T,P,-0.1944,0.00765,12.5,2
133(a),T,Q,-0.2564,0.01525,11,2
133(a),T,R,-0.1741,0.179,10.5,2
133(a),T,S,0.01854,0.07582,11,2
133(a),T,T,0,0,,2
133(a),T,V,-0.09504,0.1923,3,2
133(a),T,W,0.0302,0.0293,13.5,2
133(a),T,Y,-0.02272,0.00467,11.5,2
133(b),F,-,0.02089,0.03537,7,2
133(b),F,A,-0.06914,0.01982,6.5,2
133(b),F,C,-0.05249,0.009135,7.5,2
133(b),F,D,-0.337,0.151,8.5,2
133(b),F,E,0.002765,0.09537,9,2
133(b),F,F,0,0,,2
133(b),F,G,-0.2331,0.02,14,2
133(b),F,H,-0.07447,0.09143,7,2
133(b),F,I,-0.1029,0.1555,13.5,2
133(b),F,K,-0.04958,0.05132,11.5,2
133(b),F,L,0.07036,0.0072,9,2
133(b),F,M,-0.2219,0.2515,11.5,2
133(b),F,N,-0.1191,0.1952,10,2
133(b),F,P,-5.818,0,14.5,2
133(b),F,Q,-0.2895,0.0221,8.5,2
133(b),F,R,-0.1063,0.03278,11,2
133(b),F,S,-0.002765,0.06187,7,2
133(b),F,T,0.06689,0.01008,8.5,2
133(b),F,V,-0.01303,0.03282,8.5,2
133(b),F,W,-0.02438,0.03199,7.5,2
133(b),F,Y,-0.00525,0.06223,5,2
134(a),E,*,-5.689,0,2,2
134(a),E,-,-0.2626,0.2564,7.5,2
134(a),E,A,0.03523,0.00038,9.5,2
134(a),E,C,-0.02437,0.0028,11,2
134(a),E,D,-0.06025,0.08335,17,2
134(a),E,E,0,0,,2
134(a),E,F,0.02427,0.02998,10.5,2
134(a),E,G,-0.1037,0.02563,15.5,2
134(a),E,H,-0.01856,0.00409,10,2
134(a),E,I,0.007801,0.009269,21.5,2
134(a),E,K,-0.01717,0.00548,30.5,2
134(a),E,L,-0.005409,0.005951,13.5,2
134(a),E,M,-0.1025,0.1425,14,2
134(a),E,N,-0.189,0.1433,11,2
134(a),E,P,0.01444,0.011,8.5,2
134(a),E,Q,-0.02656,0.03909,17.5,2
134(a),E,R,0.009695,0.0659,7.5,2
134(a),E,S,-0.114,0.1789,12.5,2
134(a),E,T,-0.01679,0.06435,10.5,2
134(a),E,V,0.02495,0.07422,11,2
134(a),E,W,-0.3225,0.125,11,2
134(a),E,Y,-0.05624,0.06726,11.5,2
134(b),K,*,-5.995,0,1,1
134(b),K,-,-0.1271,0.1048,8,2
134(b),K,A,0.01759,0.03567,10.5,2
134(b),K,C,-0.01646,0.03399,8.5,2
134(b),K,D,-0.4868,0.1981,12,2
134(b),K,E,0.02447,0.01207,11,2
134(b),K,F,-0.2046,0.2855,10.5,2
134(b),K,G,-0.1711,0.2064,12.5,2
134(b),K,H,-0.08625,0.1232,10,2
134(b),K,I,0.05392,0.01204,4.5,2
134(b),K,K,0,0,,2
134(b),K,L,0.001045,0.05156,9,2
134(b),K,M,-0.2615,0.182,11.5,2
134(b),K,N,-0.07466,0.02833,15.5,2
134(b),K,P,-1.444,0.045,18,2
134(b),K,Q,0.05185,0.006055,9,2
134(b),K,R,0.02691,0.00418,20.5,2
134(b),K,S,-0.09756,0.1272,10.5,2
134(b),K,T,-0.04466,0.00719,15.5,2
134(b),K,V,0.05307,0.00611,6.5,2
134(b),K,W,-0.213,0.11,6.5,2
134(b),K,Y,-0.2332,0.2713,6,2
135(a),G,*,-5.785,0,7.5,2
135(a),G,-,-0.3073,0.2143,7.5,2
135(a),G,A,-0.00536,0.07171,6.5,2
135(a),G,C,-0.05078,0.03985,11,2
135(a),G,D,-0.02528,0.00149,7,2
135(a),G,E,-0.0612,0.02597,24,2
135(a),G,F,-0.1582,0.1518,10.5,2
135(a),G,G,0,0,,2
135(a),G,H,-0.1297,0.1891,9,2
135(a),G,I,-0.01525,0.112,11,2
135(a),G,K,0.009655,0.03749,14,2
135(a),G,L,-0.09596,0.03264,7.5,2
135(a),G,M,-0.2344,0.1234,15.5,2
135(a),G,N,0.03999,0.01144,14.5,2
135(a),G,P,-0.1922,0.1624,12.5,2
135(a),G,Q,-0.005715,0.09909,11,2
135(a),G,R,-0.02692,0.03448,34,2
135(a),G,S,-0.1545,0.1087,8.5,2
135(a),G,T,0.01997,0.04208,15,2
135(a),G,V,0.00348,0.01361,13,2
135(a),G,W,-0.3026,0.01885,13,2
135(a),G,Y,-0.3287,0.02425,10,2
135(b),N,-,-0.7394,0.7056,6.5,2
135(b),N,A,-0.06216,0.07684,6,2
135(b),N,C,-0.04927,0.05673,8,2
135(b),N,D,-0.05101,0.086,16,2
135(b),N,E,-0.06928,0.1573,10.5,2
135(b),N,F,-0.00202,0.05193,9.5,2
135(b),N,G,-0.03132,0.01637,9.5,2
135(b),N,H,-0.2602,0.1335,10,2
135(b),N,I,-0.4248,0.3718,8,2
135(b),N,K,0.0337,0.06259,16.5,2
135(b),N,L,-0.1033,0.07697,8,2
135(b),N,M,-0.1247,0.1682,10.5,2
135(b),N,N,0,0,,2
135(b),N,P,-1.627,0.1265,10.5,2
135(b),N,Q,-0.0833,0.1262,6,2
135(b),N,R,-0.2084,0.2355,11,2
135(b),N,S,-0.1771,0.09143,7,2
135(b),N,T,-0.03021,0.0369,16,2
135(b),N,V,-0.3135,0.09905,9.5,2
135(b),N,W,-0.3568,0.0804,9.5,2
135(b),N,Y,-0.4664,0.0576,10.5,2
136(a),V,-,-0.3033,0.1727,8,2
136(a),V,A,0.01886,0.02555,11.5,2
136(a),V,C,-0.1025,0.1191,9.5,2
136(a),V,D,-0.7954,0.0828,6.5,2
136(a),V,E,-0.1327,0.137,9,2
136(a),V,F,-0.2621,0.269,14.5,2
136(a),V,G,0.01398,0.0109,8.5,2
136(a),V,H,-0.03246,0.02425,13,2
136(a),V,I,-0.05522,0.08578,7.5,2
136(a),V,K,-0.02899,0.08042,7.5,2
136(a),V,L,-0.06118,0.09262,15.5,2
136(a),V,M,-0.07855,0.06506,22,2
136(a),V,N,-0.2923,0.04215,8,2
136(a),V,P,-0.1883,0.1187,10.5,2
136(a),V,Q,-0.05051,0.03576,13.5,2
136(a),V,R,-0.1071,0.03814,8,2
136(a),V,S,0.03897,0.000925,11,2
136(a),V,T,-0.1338,0.03165,9,2
136(a),V,V,0,0,,2
136(a),V,W,0.004525,0.02923,10,2
136(a),V,Y,-0.2175,0.0201,13.5,2
136(b),G,-,-0.02764,0.001745,5,2
136(b),G,A,-0.2555,0.1149,13,2
136(b),G,C,0.01162,0.04503,16,2
136(b),G,D,-0.06112,0.04118,20,2
136(b),G,E,-0.01933,0.0532,6,2
136(b),G,F,-0.1532,0.09505,8,2
136(b),G,G,0,0,,2
136(b),G,H,0.03752,0.0447,7.5,2
136(b),G,I,-0.00365,0.01565,9,2
136(b),G,K,-0.1171,0.1252,9.5,2
136(b),G,L,-0.007305,0.03685,9.5,2
136(b),G,M,-0.04473,0.06767,12,2
136(b),G,N,-0.1897,0.09817,11.5,2
136(b),G,P,-1.532,0.024,13,2
136(b),G,Q,-0.1449,0.1271,11,2
136(b),G,R,0.02144,0.07839,8,2
136(b),G,S,0.001776,0.01096,19.5,2
136(b),G,T,-0.02881,0.06083,8,2
136(b),G,V,-0.558,0.111,14.5,2
136(b),G,W,0.05458,0.02834,11.5,2
136(b),G,Y,-0.166,0.0404,13,2
137(a),S,-,-0.3984,0.1933,8,2
137(a),S,A,-0.00595,0.03625,11.5,2
137(a),S,C,-0.2632,0.0269,8.5,2
137(a),S,D,0.06593,0.02875,13.5,2
137(a),S,E,0.0782,0.0159,8.5,2
137(a),S,F,-0.438,0.1914,9,2
137(a),S,G,-0.5073,0.0626,12.5,2
137(a),S,H,-0.002983,0.01276,9,2
137(a),S,I,0.06239,0.02846,7,2
137(a),S,K,0.04313,0.007175,10.5,2
137(a),S,L,0.06448,0.02424,9,2
137(a),S,M,0.05989,0.00665,10,2
137(a),S,N,0.06334,0.03736,9,2
137(a),S,P,-0.1375,0.1028,17,2
137(a),S,Q,-0.03424,0.06143,10,2
137(a),S,R,-0.2816,0.1399,8.5,2
137(a),S,S,0,0,,2
137(a),S,T,0.06842,0.02436,13,2
137(a),S,V,0.02613,0.004575,13,2
137(a),S,W,-0.1167,0.156,12.5,2
137(a),S,Y,-0.04374,0.03179,9.5,2
137(b),Q,*,-5.797,0,6,2
137(b),Q,-,-0.0437,0.0622,4,2
137(b),Q,A,-0.001348,0.009592,9.5,2
137(b),Q,C,-0.05013,0.01319,14.5,2
137(b),Q,D,-0.1306,0.04764,12,2
137(b),Q,E,-0.03991,0.1339,11.5,2
137(b),Q,F,-0.07731,0.003535,9,2
137(b),Q,G,-0.0463,0.1017,10.5,2
137(b),Q,H,-0.01461,0.03787,18.5,2
137(b),Q,I,-0.06697,0.07893,9.5,2
137(b),Q,K,-0.003282,0.004528,19.5,2
137(b),Q,L,0.0289,0.02551,13,2
137(b),Q,M,-0.1421,0.1488,8.5,2
137(b),Q,N,0.03231,0.02171,9,2
137(b),Q,P,-0.7154,0.06695,16.5,2
137(b),Q,Q,0,0,,2
137(b),Q,R,-0.01807,0.0479,16.5,2
137(b),Q,S,-0.121,0.06225,9.5,2
137(b),Q,T,-0.2087,0.02015,17.5,2
137(b),Q,V,0.01784,0.01359,10.5,2
137(b),Q,W,-0.1898,0.1032,14.5,2
137(b),Q,Y,-0.229,0.1436,11.5,2
138(a),E,*,-5.863,0,4.5,2
138(a),E,-,-0.08822,0.01308,8,2
138(a),E,A,-0.04769,0.1075,11,2
138(a),E,C,-0.04613,0.006095,11.5,2
138(a),E,D,0.01391,0.0186,10.5,2
138(a),E,E,0,0,,2
138(a),E,F,-0.04821,0.09689,13.5,2
138(a),E,G,0.04752,0.01651,17,2
138(a),E,H,0.01153,0.0145,15,2
138(a),E,I,0.02486,0.008485,16,2
138(a),E,K,-0.01439,0.00393,26,2
138(a),E,L,-0.08527,0.02133,13,2
138(a),E,M,-0.06084,0.002115,7,2
138(a),E,N,0.06552,0.01683,7.5,2
138(a),E,P,-0.375,0.03435,9,2
138(a),E,Q,0.04362,0.01123,12,2
138(a),E,R,0.06029,0.00693,4.5,2
138(a),E,S,-0.1754,0.0295,7,2
138(a),E,T,0.06233,0.006605,12.5,2
138(a),E,V,0.04632,0.005115,11.5,2
138(a),E,W,-0.03371,0.09588,13,2
138(a),E,Y,0.06975,0.0154,12,2
138(b),E,*,-5.749,0,6.5,2
138(b),E,-,-0.3869,0.2752,5.5,2
138(b),E,A,-0.1704,0.09981,13,2
138(b),E,C,-0.3248,0.154,10.5,2
138(b),E,D,0.02214,0.0745,12.5,2
138(b),E,E,0,0,,2
138(b),E,F,-0.1651,0.1106,11,2
138(b),E,G,-0.04653,0.09677,22,2
138(b),E,H,-0.06311,0.0213,11.5,2
138(b),E,I,-0.1754,0.0384,13.5,2
138(b),E,K,-0.1623,0.0465,21.5,2
138(b),E,L,0.01237,0.01512,11.5,2
138(b),E,M,-0.1177,0.03445,9,2
138(b),E,N,-0.3022,0.1061,14,2
138(b),E,P,-0.1857,0.08872,10,2
138(b),E,Q,0.05647,0.01042,7,2
138(b),E,R,-0.08249,0.08571,7,2
138(b),E,S,-0.08258,0.02982,12.5,2
138(b),E,T,-0.04323,0.06576,7.5,2
138(b),E,V,-0.03898,0.06232,12,2
138(b),E,W,0.03731,0.01896,11.5,2
138(b),E,Y,-0.05164,0.04104,15.5,2
139(a),T,-,-0.1891,0.1831,8.5,2
139(a),T,A,-0.9149,0.118,9.5,2
139(a),T,C,-0.7046,0.1805,11,2
139(a),T,D,-0.5665,0.2892,16,2
139(a),T,E,-0.5687,0.1751,12.5,2
139(a),T,F,-0.643,0.2815,13.5,2
139(a),T,G,-0.6959,0.5471,7.5,2
139(a),T,H,-0.01187,0.05869,9,2
139(a),T,I,-0.9929,0.1331,25.5,2
139(a),T,K,-0.2627,0.07955,9,2
139(a),T,L,-0.1568,0.1238,14.5,2
139(a),T,M,-0.2066,0.1716,10,2
139(a),T,N,-0.0355,0.0654,10,2
139(a),T,P,-0.06381,0.09979,12.5,2
139(a),T,Q,-0.44,0.01025,11,2
139(a),T,R,-0.4819,0.02845,11.5,2
139(a),T,S,-0.5181,0.4173,12.5,2
139(a),T,T,0,0,,2
139(a),T,V,-0.5152,0.1521,10,2
139(a),T,W,-0.3557,0.1597,8.5,2
139(a),T,Y,-0.5165,0.0347,15.5,2
139(b),E,*,-5.774,0,4.5,2
139(b),E,-,-0.4451,0.3803,4,2
139(b),E,A,0.00539,0.04949,12,2
139(b),E,C,-0.03004,0.1094,10.5,2
139(b),E,D,-0.01296,0.07248,13,2
139(b),E,E,0,0,,2
139(b),E,F,-0.0726,0.0595,9.5,2
139(b),E,G,-0.1855,0.2077,8.5,2
139(b),E,H,-0.1428,0.04645,9.5,2
139(b),E,I,0.04043,0.008085,10,2
139(b),E,K,-0.02896,0.03384,57,2
139(b),E,L,0.07195,0.008085,11,2
139(b),E,M,-0.32,0.3688,6,2
139(b),E,N,-0.2669,0.243,6.5,2
139(b),E,P,-0.3525,0.2876,8,2
139(b),E,Q,0.03713,0.0097,10,2
139(b),E,R,-0.05885,0.08685,7.5,2
139(b),E,S,-0.00612,0.08898,9.5,2
139(b),E,T,-0.05124,0.07486,10,2
139(b),E,V,0.03832,0.008495,13,2
139(b),E,W,-0.06041,0.09979,10,2
139(b),E,Y,0.009505,0.03696,7,2
14(T2A),D,-,-0.06618,0.003365,2,2
14(T2A),D,A,-1.193,0,0.5,1
14(T2A),D,D,0,0,,2
14(T2A),D,E,-1.355,0.0345,7,2
14(T2A),D,G,-0.7535,0.6045,3,2
14(T2A),D,H,-0.8222,0.7868,2,2
14(T2A),D,N,-0.5897,0.2328,27,2
14(a),Q,*,-5.902,0,15.5,2
14(a),Q,-,-0.3799,0,1,1
14(a),Q,A,-0.004423,0.004775,7.5,2
14(a),Q,C,-0.4945,0.1365,11,2
14(a),Q,D,-0.4231,0.07775,9,2
14(a),Q,E,-0.3092,0.1804,9.5,2
14(a),Q,F,0.01611,0.00479,6.5,2
14(a),Q,G,-0.533,0.1038,7.5,2
14(a),Q,H,-0.1321,0.08821,19.5,2
14(a),Q,I,-1.179,0.3254,3.5,2
14(a),Q,K,-2.314,0.57,9.5,2
14(a),Q,L,-0.1195,0.1494,9.5,2
14(a),Q,M,0.01811,0.03044,7.5,2
14(a),Q,N,-0.3216,0.1619,2.5,2
14(a),Q,P,-5.907,0,12.5,2
14(a),Q,Q,0,0,,2
14(a),Q,R,-1.383,0.126,13.5,2
14(a),Q,S,0.01698,0.03205,5.5,2
14(a),Q,T,-0.2054,0.0532,7.5,2
14(a),Q,V,-0.5759,0.01925,5.5,2
14(a),Q,W,-0.00103,0.04249,12.5,2
14(a),Q,Y,0.03321,0.01805,9.5,2
14(b),A,-,-0.1423,0.1764,1.5,2
14(b),A,A,0,0,,2
14(b),A,C,0.06647,0.0142,5,2
14(b),A,D,-0.06143,0.00388,12.5,2
14(b),A,E,-0.4305,0.035,6.5,2
14(b),A,F,-0.954,0.159,8,2
14(b),A,G,0.05468,0.00594,6.5,2
14(b),A,H,-0.1228,0.08914,12.5,2
14(b),A,I,-0.1114,0.03979,10,2
14(b),A,K,0.04678,0.04787,9,2
14(b),A,L,-0.2043,0.0871,13.5,2
14(b),A,M,-0.2737,0.05755,10,2
14(b),A,N,-0.08145,0.00374,12.5,2
14(b),A,P,-5.264,0,12,2
14(b),A,Q,-0.4083,0.284,10,2
14(b),A,R,-0.1381,0.01505,14,2
14(b),A,S,-0.0108,0.01198,17,2
14(b),A,T,0.04598,0.01635,20,2
14(b),A,V,-0.1388,0.1891,16,2
14(b),A,W,-1.074,0.1002,11.5,2
14(b),A,Y,-0.8801,0.2279,10,2
140(a),V,-,-0.06338,0.02914,7.5,2
140(a),V,A,-0.3125,0.06025,11.5,2
140(a),V,C,-0.09492,0.01028,11,2
140(a),V,D,-0.4181,0.05405,11.5,2
140(a),V,E,-0.4304,0.08225,14,2
140(a),V,F,-0.01911,0.07778,12.5,2
140(a),V,G,-0.5703,0.1513,11.5,2
140(a),V,H,-0.2682,0.1331,14,2
140(a),V,I,0.04636,0.02807,12,2
140(a),V,K,-0.0443,0.1268,9.5,2
140(a),V,L,0.000265,0.02117,15.5,2
140(a),V,M,-0.03581,0.05217,32,2
140(a),V,N,0.02853,0.0271,10.5,2
140(a),V,P,-0.4622,0.1819,10,2
140(a),V,Q,0.008545,0.02858,11,2
140(a),V,R,-0.8405,0.6815,10.5,2
140(a),V,S,-0.2526,0.03365,12,2
140(a),V,T,-0.1021,0.1016,19.5,2
140(a),V,V,0,0,,2
140(a),V,W,-0.4126,0.153,10,2
140(a),V,Y,0.01015,0.04709,11.5,2
140(b),T,-,0.04188,0.01215,3.5,2
140(b),T,A,-0.01088,0.003379,11,2
140(b),T,C,-0.06968,0.07692,11,2
140(b),T,D,0.00156,0.0251,12,2
140(b),T,E,0.05473,0.02112,6.5,2
140(b),T,F,-0.02039,0.001045,16,2
140(b),T,G,-0.06355,0.07556,10,2
140(b),T,H,0.02455,0.01213,12,2
140(b),T,I,-0.01807,0.0281,13.5,2
140(b),T,K,-0.01012,0.00375,10,2
140(b),T,L,-0.1042,0.06079,8.5,2
140(b),T,M,0.02791,0.0542,10.5,2
140(b),T,N,0.01851,0.01149,8.5,2
140(b),T,P,-0.06086,0.1149,11,2
140(b),T,Q,0.02372,0.03592,10,2
140(b),T,R,-0.1297,0.08171,8,2
140(b),T,S,0.001425,0.02813,9.5,2
140(b),T,T,0,0,,2
140(b),T,V,0.04945,0.01169,11,2
140(b),T,W,-0.01146,0.03099,13,2
140(b),T,Y,-0.09437,0.00082,10,2
141(a),F,-,-0.2181,0.1713,8,2
141(a),F,A,-0.3732,0.1695,5,2
141(a),F,C,-0.2142,0.2815,11.5,2
141(a),F,D,-0.4472,0.3638,10,2
141(a),F,E,-0.2074,0.06935,14,2
141(a),F,F,0,0,,2
141(a),F,G,-0.2284,0.07355,13.5,2
141(a),F,H,-0.3364,0.00175,8.5,2
141(a),F,I,-0.04148,0.1182,13,2
141(a),F,K,-0.3466,0.07975,13,2
141(a),F,L,-0.1266,0.0224,8.5,2
141(a),F,M,-0.057,0.1173,10.5,2
141(a),F,N,-0.09206,0.08574,16,2
141(a),F,P,-0.2541,0.04205,11,2
141(a),F,Q,-0.4184,0.1016,10,2
141(a),F,R,-1.189,0.4956,7,2
141(a),F,S,-0.2598,0.004,8,2
141(a),F,T,-0.2294,0.1501,12,2
141(a),F,V,-0.3254,0.1271,11.5,2
141(a),F,W,-0.1017,0.02648,14.5,2
141(a),F,Y,0.01283,0.0424,10.5,2
141(b),K,*,-5.753,0,1,2
141(b),K,-,-0.0013,0.03259,4.5,2
141(b),K,A,0.07895,0.01541,10.5,2
141(b),K,C,0.02206,0.0127,11,2
141(b),K,D,-0.04546,0.06814,7,2
141(b),K,E,0.0358,0.0055,15.5,2
141(b),K,F,-0.3078,0.1532,13.5,2
141(b),K,G,-0.06231,0.03642,15,2
141(b),K,H,-0.02114,0.02261,7.5,2
141(b),K,I,-0.009195,0.02959,13,2
141(b),K,K,0,0,,2
141(b),K,L,-0.041,0.1256,6,2
141(b),K,M,-0.01937,0.05767,11.5,2
141(b),K,N,-0.05246,0.02193,17.5,2
141(b),K,P,-0.04216,0.04666,12,2
141(b),K,Q,-0.06029,0.0179,16.5,2
141(b),K,R,-0.02982,0.03249,20.5,2
141(b),K,S,-0.08498,0.1133,7.5,2
141(b),K,T,-0.04367,0.01214,8,2
141(b),K,V,0.04199,0.005975,8.5,2
141(b),K,W,-0.04766,0.08234,12,2
141(b),K,Y,-0.01959,0.03769,10.5,2
142(a),Y,*,-1.784,0.004,1,2
142(a),Y,-,-2.123,1.193,9.5,2
142(a),Y,A,-0.1564,0.0144,7,2
142(a),Y,C,-0.2162,0.00945,21,2
142(a),Y,D,-0.4654,0.2016,11,2
142(a),Y,E,-0.4284,0.0426,13.5,2
142(a),Y,F,-0.04928,0.1048,10.5,2
142(a),Y,G,-0.05865,0.02823,16.5,2
142(a),Y,H,-0.07625,0.007495,13,2
142(a),Y,I,-0.1467,0.167,8.5,2
142(a),Y,K,0.005325,0.01043,9.5,2
142(a),Y,L,-0.06068,0.01183,11,2
142(a),Y,M,-0.003577,0.000328,9,2
142(a),Y,N,-0.05446,0.1411,5.5,2
142(a),Y,P,-1.122,0.0855,6.5,2
142(a),Y,Q,-0.09804,0.03225,11.5,2
142(a),Y,R,0.006235,0.03868,8,2
142(a),Y,S,-0.172,0.1205,12.5,2
142(a),Y,T,-0.2376,0.0863,15,2
142(a),Y,V,-0.05126,0.08264,9,2
142(a),Y,W,-0.131,0.2128,9,2
142(a),Y,Y,0,0,,2
142(b),H,-,-0.04949,0.06701,3.5,2
142(b),H,A,-0.09801,0.1202,9.5,2
142(b),H,C,-0.09432,0.1819,11,2
142(b),H,D,-0.05534,0.07317,10.5,2
142(b),H,E,0.01748,0.03434,10.5,2
142(b),H,F,-0.03454,0.04172,10.5,2
142(b),H,G,-0.006475,0.06585,17,2
142(b),H,H,0,0,,2
142(b),H,I,-0.1543,0.0313,9.5,2
142(b),H,K,-0.09946,0.08704,6.5,2
142(b),H,L,-0.04924,0.05072,16.5,2
142(b),H,M,-0.07243,0.05728,15,2
142(b),H,N,-0.02824,0.005175,14,2
142(b),H,P,-0.03533,0.05265,13.5,2
142(b),H,Q,-0.09228,0.1497,8,2
142(b),H,R,0.01149,0.04081,16.5,2
142(b),H,S,0.01623,0.01597,7.5,2
142(b),H,T,0.07137,0.02213,11.5,2
142(b),H,V,-0.05572,0.01079,13,2
142(b),H,W,-0.07885,0.02945,6.5,2
142(b),H,Y,0.00756,0.01606,40.5,2
143(a),R,*,-3.71,0.6945,2,2
143(a),R,-,-2.055,1.231,10.5,2
143(a),R,A,-0.01501,0.006738,10.5,2
143(a),R,C,-0.1475,0.0912,15.5,2
143(a),R,D,-1.028,0.08975,11.5,2
143(a),R,E,-2.243,0.039,10,2
143(a),R,F,-0.1233,0.0136,12.5,2
143(a),R,G,-0.3415,0.1824,18,2
143(a),R,H,0.004105,0.02531,9,2
143(a),R,I,-0.01826,0.07992,11,2
143(a),R,K,-0.1486,0.08149,11.5,2
143(a),R,L,-0.02751,0.03138,11.5,2
143(a),R,M,-0.05321,0.1052,11.5,2
143(a),R,N,-0.202,0.0191,10,2
143(a),R,P,-0.618,0.4309,10.5,2
143(a),R,Q,-0.3029,0.2119,10.5,2
143(a),R,R,0,0,,2
143(a),R,S,-0.2107,0.03615,14.5,2
143(a),R,T,-0.05478,0.02226,11.5,2
143(a),R,V,-0.01023,0.03761,18.5,2
143(a),R,W,-0.03483,0.06797,12.5,2
143(a),R,Y,-0.1876,0.135,11.5,2
143(b),V,-,-0.4757,0.3215,5.5,2
143(b),V,A,0.0054,0.03123,9.5,2
143(b),V,C,-0.1587,0.1021,9,2
143(b),V,D,-0.3204,0.3169,10,2
143(b),V,E,-0.1831,0.0136,10,2
143(b),V,F,-0.2213,0.09465,7.5,2
143(b),V,G,-0.03847,0.06983,12,2
143(b),V,H,-0.01127,0.05983,9.5,2
143(b),V,I,-0.02798,0.06999,7.5,2
143(b),V,K,-0.1943,0.0191,10,2
143(b),V,L,-0.07298,0.00381,16.5,2
143(b),V,M,-0.05882,0.03839,22.5,2
143(b),V,N,-0.2762,0.0333,10.5,2
143(b),V,P,-0.00476,0.04022,8,2
143(b),V,Q,0.02214,0.007405,7,2
143(b),V,R,0.02871,0.06469,8.5,2
143(b),V,S,0.01006,0.02831,14.5,2
143(b),V,T,-0.04843,0.03451,11,2
143(b),V,V,0,0,,2
143(b),V,W,0.02686,0.02644,12,2
144(a),Q,*,-5.894,0,10,2
144(a),Q,-,-0.312,0.2977,10.5,2
144(a),Q,A,-0.03153,0.08907,10,2
144(a),Q,C,-0.137,0.0223,9,2
144(a),Q,D,-0.01253,0.02048,11.5,2
144(a),Q,E,-0.03478,0.01439,15.5,2
144(a),Q,F,-0.1885,0.1368,9,2
144(a),Q,G,-0.02977,0.05033,13,2
144(a),Q,H,0.02781,0.00419,11,2
144(a),Q,I,-0.04869,0.09132,12.5,2
144(a),Q,K,-0.0452,0.00407,11,2
144(a),Q,L,0.05126,0.02971,10.5,2
144(a),Q,M,-0.01475,0.009197,10,2
144(a),Q,N,0.0476,0.04381,13.5,2
144(a),Q,P,-0.8732,0.0344,18.5,2
144(a),Q,Q,0,0,,2
144(a),Q,R,0.04738,0.02225,17,2
144(a),Q,S,-0.03857,0.007,16.5,2
144(a),Q,T,0.03598,0.02714,6,2
144(a),Q,V,-0.2818,0.1631,16.5,2
144(a),Q,W,-0.06268,0.1138,6.5,2
144(a),Q,Y,-0.2507,0.2011,8.5,2
144(b),V,-,-1.048,0.4283,4.5,2
144(b),V,A,-0.02003,0.05071,9,2
144(b),V,C,-0.1013,0.1332,11,2
144(b),V,D,0.07281,0.02978,9.5,2
144(b),V,E,0.007654,0.0001945,11,2
144(b),V,F,-0.047,0.004005,9.5,2
144(b),V,G,-0.007125,0.02726,10.5,2
144(b),V,H,0.04258,0.01372,14.5,2
144(b),V,I,-0.107,0.05219,10,2
144(b),V,K,-0.01912,0.001345,11,2
144(b),V,L,-0.1176,0.1012,11.5,2
144(b),V,M,-0.02897,0.03826,18.5,2
144(b),V,N,-0.02776,0.06312,14,2
144(b),V,P,-0.1966,0.01135,7.5,2
144(b),V,Q,-0.03855,0.01136,10,2
144(b),V,R,0.03553,0.004425,11.5,2
144(b),V,S,0.000275,0.02386,12,2
144(b),V,T,0.004215,0.0197,10.5,2
144(b),V,V,0,0,,2
144(b),V,W,0.01561,0.01681,14.5,2
144(b),V,Y,0.0328,0.02621,9,2
145(a),A,-,-0.03306,0.07783,10.5,2
145(a),A,A,0,0,,2
145(a),A,C,0.07048,0.02173,10.5,2
145(a),A,D,0.0462,0.003645,17.5,2
145(a),A,E,0.05673,0.0321,11.5,2
145(a),A,F,-0.0485,0.1444,14.5,2
145(a),A,G,-0.00894,0.08753,7,2
145(a),A,H,-0.002919,0.005982,16,2
145(a),A,I,-0.07716,0.06064,8.5,2
145(a),A,K,-0.02451,0.04944,9,2
145(a),A,L,-0.02706,0.00587,11.5,2
145(a),A,M,-0.03002,0.03849,14.5,2
145(a),A,N,0.05102,0.03491,9,2
145(a),A,P,0.0102,0.009815,10.5,2
145(a),A,Q,0.06191,0.02636,10.5,2
145(a),A,R,-0.05948,0.006465,12,2
145(a),A,S,0.02076,0.002645,14,2
145(a),A,T,0.004041,0.001677,24.5,2
145(a),A,V,-0.00212,0.02817,25.5,2
145(a),A,W,-0.01354,0.02485,14,2
145(a),A,Y,-0.009215,0.05918,11,2
145(b),S,-,-0.7972,0.6809,5,2
145(b),S,A,0.01585,0.006714,11,2
145(b),S,C,-0.06119,0.1269,10.5,2
145(b),S,D,-0.2521,0.256,10,2
145(b),S,E,-0.1036,0.08037,7.5,2
145(b),S,F,-0.04867,0.03202,11.5,2
145(b),S,G,-0.01125,0.05465,13.5,2
145(b),S,H,0.02279,0.03299,14.5,2
145(b),S,I,-0.01176,0.02001,14.5,2
145(b),S,K,-0.07294,0.00227,9.5,2
145(b),S,L,-0.01111,0.01048,8,2
145(b),S,M,0.02831,0.06125,8,2
145(b),S,N,-0.0139,0.01867,28,2
145(b),S,P,0.05107,0.00186,8,2
145(b),S,Q,0.008905,0.01917,11.5,2
145(b),S,R,-0.1658,0.0302,17.5,2
145(b),S,S,0,0,,2
145(b),S,T,-0.06234,0.00684,7,2
145(b),S,V,0.05765,0.01291,10,2
145(b),S,W,-0.1064,0.0056,14.5,2
145(b),S,Y,-0.1514,0.1229,10,2
146(a),D,-,-0.0982,0.0628,7.5,2
146(a),D,A,-0.244,0.1427,12,2
146(a),D,C,-0.2193,0.0834,10,2
146(a),D,D,0,0,,2
146(a),D,E,-0.07291,0.1192,13,2
146(a),D,F,-0.2894,0.1557,14,2
146(a),D,G,-0.1457,0.01645,19.5,2
146(a),D,H,-0.3261,0.09705,14,2
146(a),D,I,-0.4409,0.0514,13,2
146(a),D,K,-0.2959,0.04625,11,2
146(a),D,L,-0.3338,0.0566,13.5,2
146(a),D,M,-0.1965,0.1178,8,2
146(a),D,N,-0.03894,0.03096,27,2
146(a),D,P,-0.4195,0.1329,15,2
146(a),D,Q,-0.3216,0.04375,10,2
146(a),D,R,-0.4301,0.1711,11,2
146(a),D,S,0.04115,0.01139,8.5,2
146(a),D,T,-0.1362,0.1986,15.5,2
146(a),D,V,-0.4954,0.2029,8.5,2
146(a),D,W,-0.3579,0.05905,11.5,2
146(a),D,Y,-0.3471,0.1153,12.5,2
146(b),T,-,-0.001835,0.02161,4,2
146(b),T,A,-0.1561,0.0364,13,2
146(b),T,C,-0.07208,0.1108,12,2
146(b),T,D,-0.2842,0.3362,6,2
146(b),T,E,-0.1809,0.0026,15,2
146(b),T,F,-0.3185,0.1018,7,2
146(b),T,G,0.00715,0.04307,11.5,2
146(b),T,H,-0.003966,0.002665,10.5,2
146(b),T,I,-0.3371,0.2377,16.5,2
146(b),T,K,-0.1557,0.00765,17,2
146(b),T,L,0.01146,0.004157,7,2
146(b),T,M,-0.02803,0.08766,10.5,2
146(b),T,N,-0.08949,0.05291,15.5,2
146(b),T,P,-0.1986,0.08335,13,2
146(b),T,Q,-0.3158,0.1452,10,2
146(b),T,R,-0.04636,0.1436,10.5,2
146(b),T,S,-0.02245,0.06142,9.5,2
146(b),T,T,0,0,,2
146(b),T,V,-0.1667,0.00815,11.5,2
146(b),T,W,-0.1504,0.01235,16.5,2
146(b),T,Y,-0.09696,0.001065,13,2
147(a),N,-,-0.006998,0.007832,8,2
147(a),N,A,-0.505,0.05735,11,2
147(a),N,C,0.01541,0.01742,9,2
147(a),N,D,-0.1333,0.03377,17,2
147(a),N,E,-0.09227,0.06203,12,2
147(a),N,F,0.02817,0,1.5,1
147(a),N,G,-0.1228,0.0111,10.5,2
147(a),N,H,-0.00596,0.02559,15.5,2
147(a),N,I,-0.6645,0.0681,8.5,2
147(a),N,K,-0.5894,0.1359,11,2
147(a),N,L,-0.1187,0.1578,9,2
147(a),N,M,-0.057,0.09921,8,2
147(a),N,N,0,0,,2
147(a),N,P,-0.9747,0.3154,9,2
147(a),N,Q,-0.4284,0.0322,15.5,2
147(a),N,R,-0.4183,0.156,11.5,2
147(a),N,S,-0.06087,0.04852,10,2
147(a),N,T,-0.288,0.09315,15,2
147(a),N,V,-0.4499,0.3548,13,2
147(a),N,W,-0.1965,0.033,13.5,2
147(a),N,Y,-0.2404,0.106,10.5,2
147(b),D,-,-0.05922,0,3,1
147(b),D,A,0.02129,0.03806,10,2
147(b),D,C,-0.1354,0.09713,10,2
147(b),D,D,0,0,,2
147(b),D,E,0.03577,0.009725,16.5,2
147(b),D,F,-0.06923,0.05457,9.5,2
147(b),D,G,0.003735,0.02878,17,2
147(b),D,H,0.06399,0.006495,15,2
147(b),D,I,-0.02645,0.1126,9.5,2
147(b),D,K,-0.02933,0.00881,12,2
147(b),D,L,-0.1418,0.1271,12,2
147(b),D,M,0.06961,0.009525,10,2
147(b),D,N,0.00991,0.02307,18,2
147(b),D,P,-0.1956,0.04355,18.5,2
147(b),D,Q,0.03993,0.01124,14,2
147(b),D,R,0.05252,0.04467,14,2
147(b),D,S,-0.08206,0.1122,16,2
147(b),D,T,-0.1404,0.1106,7.5,2
147(b),D,V,0.03664,0.001595,10.5,2
147(b),D,W,-0.06947,0.03113,9,2
147(b),D,Y,-0.07501,0.0386,14.5,2
148(a),G,-,-0.125,0.0333,7,2
148(a),G,A,-0.09061,0.1212,12.5,2
148(a),G,C,-0.01186,0.0135,17.5,2
148(a),G,D,-0.07878,0.04352,12.5,2
148(a),G,E,-0.518,0.3487,10,2
148(a),G,F,-0.1488,0.1544,12.5,2
148(a),G,G,0,0,,2
148(a),G,H,0.01147,0.06801,8,2
148(a),G,I,-0.01362,0.07577,7,2
148(a),G,K,-0.06045,0.1409,9,2
148(a),G,L,-0.138,0.1029,9.5,2
148(a),G,M,-0.1817,0.2259,6.5,2
148(a),G,N,-0.0134,0.06266,9,2
148(a),G,P,-0.7409,0.0154,15,2
148(a),G,Q,-0.125,0.13,8.5,2
148(a),G,R,0.03271,0.00362,8.5,2
148(a),G,S,-0.1425,0.1533,15,2
148(a),G,T,-0.1255,0.1555,8.5,2
148(a),G,V,-0.563,0.1324,13,2
148(a),G,W,-0.09631,0.0654,12.5,2
148(a),G,Y,-0.02182,0.03164,11,2
148(b),V,-,-0.5565,0.08605,3,2
148(b),V,A,-0.08999,0.08531,8.5,2
148(b),V,C,-0.00875,0.03202,12.5,2
148(b),V,D,-0.2402,0.2905,10,2
148(b),V,E,-0.1651,0.1252,10,2
148(b),V,F,-0.1437,0.1339,12,2
148(b),V,G,0.004441,0.008979,11,2
148(b),V,H,-0.05444,0.04041,7.5,2
148(b),V,I,-0.07384,0.03166,12.5,2
148(b),V,K,-0.04348,0.004605,7,2
148(b),V,L,-0.04144,0.00181,15.5,2
148(b),V,M,-0.07051,0.07189,18.5,2
148(b),V,N,-0.1022,0.1576,10.5,2
148(b),V,P,-0.2637,0.2622,6.5,2
148(b),V,Q,-0.2952,0.0059,16.5,2
148(b),V,R,-0.2277,0.114,14,2
148(b),V,S,-0.1167,0.07394,13.5,2
148(b),V,T,0.01347,0.06302,8,2
148(b),V,V,0,0,,2
148(b),V,W,0.0149,0.0496,10,2
148(b),V,Y,-0.1862,0.198,9,2
149(a),F,*,-6.051,0,0.5,1
149(a),F,-,-1.608,1.502,7,2
149(a),F,A,-0.4007,0.1897,9,2
149(a),F,C,-0.1189,0.00235,9.5,2
149(a),F,D,-0.2883,0.1473,7,2
149(a),F,E,-0.9095,0.4055,6.5,2
149(a),F,F,0,0,,2
149(a),F,G,-0.48,0.0243,13.5,2
149(a),F,H,-0.1978,0.1524,10,2
149(a),F,I,-0.3723,0.1042,10,2
149(a),F,K,-2.944,0.031,8,2
149(a),F,L,-0.103,0.0026,10.5,2
149(a),F,M,-0.1165,0.1749,10.5,2
149(a),F,N,-0.1585,0.1164,11,2
149(a),F,P,-0.7833,0.1161,9,2
149(a),F,Q,-0.3914,0.0103,12,2
149(a),F,R,-3.075,0.018,10,2
149(a),F,S,-1.361,0.0875,14.5,2
149(a),F,T,-1.771,0.1525,7.5,2
149(a),F,V,-0.42,0.02945,13,2
149(a),F,W,-0.1016,0.05083,8.5,2
149(a),F,Y,-0.3769,0.4139,7.5,2
149(b),I,-,-0.5587,0,2.5,1
149(b),I,A,-0.4386,0.1643,6.5,2
149(b),I,C,-0.4034,0.1568,12.5,2
149(b),I,D,-0.4834,0.04675,12.5,2
149(b),I,E,-0.1188,0.1267,6.5,2
149(b),I,F,-0.3911,0.177,9,2
149(b),I,G,-0.04741,0.12,12,2
149(b),I,H,-0.02367,0.02794,7.5,2
149(b),I,I,0,0,,2
149(b),I,K,-0.4028,0.1069,5.5,2
149(b),I,L,-0.208,0.1005,19,2
149(b),I,M,-0.02214,0.0109,12,2
149(b),I,N,-0.2688,0.2266,11.5,2
149(b),I,P,-1.472,0.217,10,2
149(b),I,Q,-0.08881,0.03978,9,2
149(b),I,R,0.00103,0.03054,7.5,2
149(b),I,S,-0.08227,0.1607,10.5,2
149(b),I,T,-0.2419,0.2483,12,2
149(b),I,V,-0.195,0.0075,14.5,2
149(b),I,W,-0.1395,0.1581,12,2
149(b),I,Y,-0.05672,0.01112,9,2
15(T2A),V,-,-0.006999,0.007511,2,2
15(T2A),V,E,-0.2617,0,0.5,1
15(T2A),V,L,-1.397,0.1095,4.5,2
15(T2A),V,M,-1.032,0.1406,8.5,2
15(T2A),V,V,0,0,,2
15(a),R,*,-5.948,0,7.5,2
15(a),R,-,-3.062,0.062,2,2
15(a),R,A,-0.1892,0.0686,7.5,2
15(a),R,C,-0.5604,0.09245,8,2
15(a),R,D,-0.4471,0.07105,9,2
15(a),R,E,-0.6264,0.1578,8.5,2
15(a),R,F,-0.2288,0.0027,10.5,2
15(a),R,G,-0.6529,0.1805,12.5,2
15(a),R,H,-0.3174,0.0868,7,2
15(a),R,I,-0.0646,0.0856,9,2
15(a),R,K,0.05019,0.01108,14.5,2
15(a),R,L,-0.0626,0.08859,9,2
15(a),R,M,-0.04025,0.05215,13,2
15(a),R,N,-0.3294,0.2691,7,2
15(a),R,P,-5.824,0,8,2
15(a),R,Q,-0.2548,0.1956,9,2
15(a),R,R,0,0,,2
15(a),R,S,-0.2469,0.048,9.5,2
15(a),R,T,-0.03633,0.05489,6,2
15(a),R,V,-0.3613,0.1579,8.5,2
15(a),R,W,-0.2389,0.02715,15,2
15(a),R,Y,-0.2436,0.2694,13.5,2
15(b),F,-,-0.3793,0.0054,2,2
15(b),F,A,0.02106,0.03459,5.5,2
15(b),F,C,-0.36,0.0218,11,2
15(b),F,D,-3.942,0,9.5,2
15(b),F,E,-2.75,0.2005,8.5,2
15(b),F,F,0,0,,2
15(b),F,G,-0.07889,0.1429,8.5,2
15(b),F,H,-0.493,0.01785,8,2
15(b),F,I,-0.7397,0.0019,12,2
15(b),F,K,-1.693,0.052,7.5,2
15(b),F,L,-0.1792,0.0246,11.5,2
15(b),F,M,-0.2343,0.1039,8.5,2
15(b),F,N,-1.261,0.7746,9.5,2
15(b),F,P,-4.675,0,12.5,2
15(b),F,Q,-1.593,0.415,9,2
15(b),F,R,-1.148,0.4263,12.5,2
15(b),F,S,-0.4199,0.3158,14,2
15(b),F,T,-1.212,0.0385,8.5,2
15(b),F,V,-0.8097,0.2243,7.5,2
15(b),F,W,-0.9807,0.1553,12.5,2
15(b),F,Y,-0.6348,0.1471,11.5,2
150(a),Y,*,-5.705,0,1.5,2
150(a),Y,-,-0.08437,0.05002,6,2
150(a),Y,A,0.009469,0.003372,14.5,2
150(a),Y,C,0.03104,0.04999,17.5,2
150(a),Y,D,-0.08527,0.1276,12,2
150(a),Y,E,0.001865,0.0344,10,2
150(a),Y,F,-0.09292,0.07838,13.5,2
150(a),Y,G,-0.3499,0.1057,9.5,2
150(a),Y,H,-0.05461,0.01268,14.5,2
150(a),Y,I,-0.09337,0.05813,11.5,2
150(a),Y,K,-0.2961,0.0746,12.5,2
150(a),Y,L,-0.087,0.1319,12.5,2
150(a),Y,M,-0.07917,0.07603,16,2
150(a),Y,N,0.03861,0.01656,11.5,2
150(a),Y,P,-3.319,0,7.5,2
150(a),Y,Q,-0.01676,0.03703,8.5,2
150(a),Y,R,-0.1347,0.1835,11,2
150(a),Y,S,-0.1333,0.02795,11,2
150(a),Y,T,-0.124,0.1587,15,2
150(a),Y,V,0.04286,0.02185,13,2
150(a),Y,W,-0.2863,0.07895,10,2
150(a),Y,Y,0,0,,2
150(b),Q,*,-5.649,0,4,2
150(b),Q,-,-0.06549,0,2,1
150(b),Q,A,0.06256,0.007815,8.5,2
150(b),Q,C,0.03311,0.01471,12,2
150(b),Q,D,0.02825,0.06084,9,2
150(b),Q,E,-0.1006,0.1145,8.5,2
150(b),Q,F,-0.05266,0.017,9,2
150(b),Q,G,-0.1979,0.1297,9.5,2
150(b),Q,H,0.02638,0.04016,20,2
150(b),Q,I,-0.07546,0.07224,11,2
150(b),Q,K,-0.02073,0.09116,7,2
150(b),Q,L,-0.1199,0.1336,12,2
150(b),Q,N,-0.1133,0.1604,6,2
150(b),Q,P,-0.06563,0.05427,27,2
150(b),Q,Q,0,0,,2
150(b),Q,R,0.00452,0.06018,16.5,2
150(b),Q,S,0.0642,0.02414,11,2
150(b),Q,T,0.04543,0.003435,8.5,2
150(b),Q,V,-0.1275,0.1044,9,2
150(b),Q,W,0.06817,0.02264,8.5,2
150(b),Q,Y,-0.1111,0.04385,11.5,2
151(a),K,*,-6.005,0,2.5,2
151(a),K,-,-0.05439,0.02615,5.5,2
151(a),K,A,-0.682,0.04705,12,2
151(a),K,C,-0.1974,0.05985,15.5,2
151(a),K,D,-0.736,0.029,11.5,2
151(a),K,E,-0.2178,0.03865,8,2
151(a),K,F,-0.4443,0.04575,8,2
151(a),K,G,-1.398,0.312,7.5,2
151(a),K,H,-0.3252,0.07605,10.5,2
151(a),K,I,-0.4404,0.1174,11,2
151(a),K,K,0,0,,2
151(a),K,L,-0.3208,0.096,10,2
151(a),K,M,-0.1326,0.03409,11.5,2
151(a),K,N,-3.01,0.0395,15.5,2
151(a),K,P,-5.963,0,13,2
151(a),K,Q,-0.07594,0.1085,11.5,2
151(a),K,R,0.04774,0.02948,11.5,2
151(a),K,S,-0.3538,0.1763,13.5,2
151(a),K,T,-0.2012,0.1614,8,2
151(a),K,V,-0.1636,0.1586,9.5,2
151(a),K,W,-1.208,0.1125,10.5,2
151(a),K,Y,-0.4226,0.1295,9,2
151(b),N,-,-0.00617,0,0.5,1
151(b),N,A,-0.1815,0.1527,6.5,2
151(b),N,C,0.04653,0.006365,6,2
151(b),N,D,-0.2567,0.3043,8,2
151(b),N,E,0.06868,0.01079,8,2
151(b),N,F,-1.23,0.2275,9.5,2
151(b),N,G,-0.1078,0.1777,7.5,2
151(b),N,H,-0.08414,0.05826,12.5,2
151(b),N,I,-0.4587,0.0749,8.5,2
151(b),N,K,-0.1479,0.1519,10,2
151(b),N,L,-0.01988,0.04032,3.5,2
151(b),N,M,-0.3716,0.2235,4,2
151(b),N,N,0,0,,2
151(b),N,P,-0.7006,0.08845,9.5,2
151(b),N,Q,0.05842,0.0165,7,2
151(b),N,R,0.03024,0.04574,6,2
151(b),N,S,-0.2229,0.2292,9.5,2
151(b),N,T,-0.06404,0.05015,8.5,2
151(b),N,V,-0.3306,0.1162,6,2
151(b),N,W,-3.191,0.143,5,2
151(b),N,Y,-1.901,0.2175,10.5,2
152(a),F,-,-0.04466,0.01676,6,2
152(a),F,A,-0.5092,0.12,10,2
152(a),F,C,-0.08534,0.126,12,2
152(a),F,D,-1.321,0.084,8,2
152(a),F,E,-0.7997,0.1303,12.5,2
152(a),F,F,0,0,,2
152(a),F,G,-0.9837,0.3793,9.5,2
152(a),F,H,-0.2891,0.2113,12,2
152(a),F,I,-0.3311,0.2214,9,2
152(a),F,K,-0.8257,0.1518,11,2
152(a),F,L,-0.1038,0.08206,9,2
152(a),F,M,-0.0477,0.03982,10,2
152(a),F,N,-0.2709,0.0081,7,2
152(a),F,P,-1.34,0.271,6.5,2
152(a),F,Q,-0.3516,0.0292,11.5,2
152(a),F,R,-0.5334,0.3543,9,2
152(a),F,S,-0.3494,0.03625,12.5,2
152(a),F,T,-0.1681,0.2228,6.5,2
152(a),F,V,-0.3613,0.0056,8.5,2
152(a),F,W,-0.06817,0.07033,10,2
152(a),F,Y,0.03761,0.02554,11,2
152(b),G,-,-0.3238,0,0.5,1
152(b),G,A,-0.3262,0.2519,8,2
152(b),G,C,-0.4173,0.0298,12.5,2
152(b),G,D,-2.034,0.2975,17,2
152(b),G,E,-1.887,0.0145,12,2
152(b),G,F,-1.437,0.138,15.5,2
152(b),G,G,0,0,,2
152(b),G,H,-0.8767,0.2122,9.5,2
152(b),G,I,-1.147,0.0505,12,2
152(b),G,K,-0.75,0.027,11.5,2
152(b),G,L,-2.486,0.1025,7,2
152(b),G,M,-0.3243,0.07925,9,2
152(b),G,N,-1.039,0.1662,9.5,2
152(b),G,P,-0.1314,0.04612,11,2
152(b),G,Q,-0.6744,0.1798,12.5,2
152(b),G,R,-1.16,0.1989,11.5,2
152(b),G,S,-0.1271,0.02891,12,2
152(b),G,T,-1.309,0.0865,11,2
152(b),G,V,-1.329,0.1835,14,2
152(b),G,W,-2.728,0.033,16,2
152(b),G,Y,-1.725,0.0315,11,2
153(a),S,-,-1.235,1.193,6.5,2
153(a),S,A,0.02925,0.0011,5.5,2
153(a),S,C,-0.1738,0.0466,9.5,2
153(a),S,D,-0.2008,0.1254,8.5,2
153(a),S,E,-0.1211,0.1357,14,2
153(a),S,F,-0.04362,0.00103,13,2
153(a),S,G,-0.01351,0.01054,18.5,2
153(a),S,H,0.0076,0.03837,7,2
153(a),S,I,0.02136,0.04249,13,2
153(a),S,K,0.02045,0.04197,10,2
153(a),S,L,-0.0372,0.01304,13.5,2
153(a),S,M,-0.03452,0.09538,10,2
153(a),S,N,0.0338,0.01395,20,2
153(a),S,P,-5.897,0,7,2
153(a),S,Q,-0.01266,0.07246,11,2
153(a),S,R,0.02578,0.02042,19,2
153(a),S,S,0,0,,2
153(a),S,T,0.05065,0.01918,10.5,2
153(a),S,V,0.01558,0.03554,16,2
153(a),S,W,-0.1359,0.07827,12.5,2
153(a),S,Y,0.06078,0.001235,8.5,2
153(b),D,-,-1.558,1.214,1.5,2
153(b),D,A,-0.1302,0.08255,6,2
153(b),D,C,-0.04642,0.03865,5,2
153(b),D,D,0,0,,2
153(b),D,E,-0.02726,0.00774,7.5,2
153(b),D,F,-0.4672,0.1243,7,2
153(b),D,G,-0.06097,0.06533,5.5,2
153(b),D,H,-0.03542,0.0551,9,2
153(b),D,I,-0.2944,0.0152,10.5,2
153(b),D,K,-0.04137,0.06503,7.5,2
153(b),D,L,-0.3064,0.2524,6.5,2
153(b),D,M,-0.1503,0.1769,11,2
153(b),D,N,0.05428,0.01269,22,2
153(b),D,P,-0.2792,0.2903,7.5,2
153(b),D,Q,0.08388,0.02102,8,2
153(b),D,R,0.01881,0.02018,8,2
153(b),D,S,-1.621,0.239,6,2
153(b),D,T,-2.532,0.273,5,2
153(b),D,V,-0.1357,0.1483,4,2
153(b),D,W,-1.1,1.028,5,2
153(b),D,Y,-0.3013,0.1748,12,2
154(a),Y,*,-5.776,0,4,2
154(a),Y,-,-2.703,1.502,6.5,2
154(a),Y,A,-0.07396,0.06073,9.5,2
154(a),Y,C,-0.3506,0.1576,15.5,2
154(a),Y,D,-0.4389,0.2111,14,2
154(a),Y,E,-0.05377,0.02435,8.5,2
154(a),Y,F,0.03249,0.0115,13,2
154(a),Y,G,-0.123,0.1144,9,2
154(a),Y,H,-0.02708,0.08171,13.5,2
154(a),Y,I,0.07167,0.0171,11,2
154(a),Y,K,-0.08499,0.1414,11,2
154(a),Y,L,-0.26,0.0571,12,2
154(a),Y,M,0.00294,0.09428,11.5,2
154(a),Y,N,-0.2119,0.1258,7,2
154(a),Y,P,-0.6482,0.2504,15.5,2
154(a),Y,Q,-0.3377,0.01305,9.5,2
154(a),Y,R,0.07825,0.0174,9.5,2
154(a),Y,S,-0.03919,0.04002,14.5,2
154(a),Y,T,0.04699,0.00732,11,2
154(a),Y,V,-0.0704,0.0504,8.5,2
154(a),Y,W,-0.01709,0.07455,11,2
154(a),Y,Y,0,0,,2
154(b),W,*,-6.035,0,116,2
154(b),W,-,-0.2871,0.00255,1,2
154(b),W,A,-1.528,0.134,8.5,2
154(b),W,C,-0.4562,0.2131,14,2
154(b),W,D,-4.473,0,8.5,2
154(b),W,E,-5.295,0,3.5,2
154(b),W,F,-0.09815,0.09105,10.5,2
154(b),W,G,-1.305,0.28,7.5,2
154(b),W,H,-0.3882,0.1948,9.5,2
154(b),W,I,-0.8218,0.03535,10,2
154(b),W,K,-5.245,0,11.5,2
154(b),W,L,-0.932,0.05855,10.5,2
154(b),W,M,-1.118,0.096,6.5,2
154(b),W,N,-1.276,0.0735,6,2
154(b),W,P,-4.446,0,11.5,2
154(b),W,Q,-2.056,0.237,10,2
154(b),W,R,-3.714,0,9.5,2
154(b),W,S,-1.254,0.059,10,2
154(b),W,T,-1.645,0.2615,9,2
154(b),W,V,-0.688,0.0073,6,2
154(b),W,W,0,0,,2
154(b),W,Y,-0.2477,0.2486,11.5,2
155(a),L,-,-0.06108,0.01334,5,2
155(a),L,A,-0.3133,0.05435,7,2
155(a),L,C,0.07047,0.03393,14,2
155(a),L,D,-2.075,0.0945,7.5,2
155(a),L,E,-0.503,0.04855,9,2
155(a),L,F,-0.06299,0.06471,17,2
155(a),L,G,-0.9947,0.1823,13,2
155(a),L,H,-0.1146,0.133,7,2
155(a),L,I,-0.02003,0.07544,14,2
155(a),L,K,-0.2205,0.1005,11.5,2
155(a),L,L,0,0,,2
155(a),L,M,-0.06236,0.1102,11,2
155(a),L,N,0.01921,0.005285,13.5,2
155(a),L,P,-5.907,0,8.5,2
155(a),L,Q,-0.09547,0.1304,9.5,2
155(a),L,R,-0.04768,0.03673,10,2
155(a),L,S,-0.2251,0.07215,16,2
155(a),L,T,0.02339,0.02306,9.5,2
155(a),L,V,0.03929,0.05321,13.5,2
155(a),L,W,-0.4836,0.1628,9,2
155(a),L,Y,-0.08213,0.03947,9.5,2
155(b),T,-,-0.2209,0,0.5,1
155(b),T,A,-0.01785,0.03998,19,2
155(b),T,C,-0.02501,0.02395,9.5,2
155(b),T,D,-0.8375,0.4706,7.5,2
155(b),T,E,-0.2782,0.1459,12.5,2
155(b),T,F,-0.126,0.01765,8,2
155(b),T,G,-0.3958,0.1574,8,2
155(b),T,H,0.06325,0.01527,6.5,2
155(b),T,I,-0.1018,0.1512,11,2
155(b),T,K,0.05912,0.00481,10,2
155(b),T,L,-0.00718,0.03595,13,2
155(b),T,M,-0.09791,0.1497,9,2
155(b),T,N,-0.1487,0.1749,13.5,2
155(b),T,P,-5.501,0,9.5,2
155(b),T,Q,-0.02993,0.01423,11,2
155(b),T,R,-0.01211,0.006809,9,2
155(b),T,S,-0.2644,0.03455,9.5,2
155(b),T,T,0,0,,2
155(b),T,V,-0.363,0.026,14.5,2
155(b),T,W,-0.07841,0.01687,7.5,2
155(b),T,Y,-0.04269,0.1239,11,2
156(a),P,-,-0.7388,0.6672,5,2
156(a),P,A,-0.1324,0.0196,9.5,2
156(a),P,C,0.004138,0.01015,8.5,2
156(a),P,D,0.06078,0.00023,13.5,2
156(a),P,E,0.07522,0.01622,10.5,2
156(a),P,F,0.06956,0.01214,12.5,2
156(a),P,G,0.0376,0.01141,10.5,2
156(a),P,H,0.07976,0.01921,13,2
156(a),P,I,-0.1512,0.08432,10,2
156(a),P,K,0.04337,0.01424,6.5,2
156(a),P,L,-0.3563,0.00965,22,2
156(a),P,M,-0.08736,0.09793,9,2
156(a),P,N,0.07792,0.01493,6,2
156(a),P,P,0,0,,2
156(a),P,Q,-0.00493,0.06621,9,2
156(a),P,R,-0.0268,0.123,9.5,2
156(a),P,S,0.05445,0.03426,27,2
156(a),P,T,-0.01236,0.04398,7.5,2
156(a),P,V,-0.2908,0.295,8,2
156(a),P,W,0.05462,0.00552,8.5,2
156(a),P,Y,0.06123,0.000575,11.5,2
156(b),Y,*,-4.181,0.345,1,2
156(b),Y,-,-0.4887,0,0.5,1
156(b),Y,A,-0.1243,0.02925,6.5,2
156(b),Y,C,-0.4286,0.03765,11,2
156(b),Y,D,-0.6204,0.07545,4.5,2
156(b),Y,E,-0.6744,0.04985,7,2
156(b),Y,F,-0.2392,0.0008,12,2
156(b),Y,G,-0.2688,0.0044,6.5,2
156(b),Y,H,0.03752,0.02319,17,2
156(b),Y,I,-0.9491,0.4299,10,2
156(b),Y,K,-0.1491,0.0103,8.5,2
156(b),Y,L,-0.3259,0.3023,7,2
156(b),Y,M,-0.2787,0.2453,7.5,2
156(b),Y,N,-0.1682,0.1523,6.5,2
156(b),Y,P,-4.899,0,9.5,2
156(b),Y,Q,-0.5589,0.2544,7.5,2
156(b),Y,R,-0.05663,0.1084,9,2
156(b),Y,S,-0.2163,0.1342,12,2
156(b),Y,T,-0.5739,0.3372,9.5,2
156(b),Y,V,-0.39,0.2584,4.5,2
156(b),Y,W,-0.3761,0.2185,11,2
156(b),Y,Y,0,0,,2
157(a),F,-,-0.1115,0.08718,4.5,2
157(a),F,A,0.03236,0.00556,13,2
157(a),F,C,0.05814,0.01477,7,2
157(a),F,D,-0.09093,0.08977,10,2
157(a),F,E,-0.2496,0.2272,9.5,2
157(a),F,F,0,0,,2
157(a),F,G,-0.2031,0.1376,11,2
157(a),F,H,-0.1271,0.2132,9,2
157(a),F,I,-0.1288,0.1597,11,2
157(a),F,K,-0.6537,0.1888,8.5,2
157(a),F,L,-0.1586,0.1594,9.5,2
157(a),F,M,0.02756,0.02822,10,2
157(a),F,N,0.07218,0.01365,5.5,2
157(a),F,P,-4.681,0,13,2
157(a),F,Q,-0.05684,0.02574,7.5,2
157(a),F,R,-0.1999,0.0077,8,2
157(a),F,S,-0.00993,0.02003,13,2
157(a),F,T,0.04573,0.01254,8,2
157(a),F,V,0.037,0.01534,6.5,2
157(a),F,W,-0.07478,0.1041,9,2
157(a),F,Y,-0.002215,0.02556,21,2
157(b),Q,*,-5.943,0,8.5,2
157(b),Q,-,-0.4522,0,0.5,1
157(b),Q,A,0.02329,0.01959,7,2
157(b),Q,C,-0.08488,0.05513,15,2
157(b),Q,D,-0.1459,0.0358,9,2
157(b),Q,E,-0.144,0.1849,7.5,2
157(b),Q,F,-0.5377,0.02735,10,2
157(b),Q,G,-0.0471,0.02047,8,2
157(b),Q,H,-0.1763,0.05605,6,2
157(b),Q,I,-0.3091,0.2243,9,2
157(b),Q,K,-0.5216,0.1729,11,2
157(b),Q,L,-0.3113,0.1291,7,2
157(b),Q,M,-0.3936,0.09725,12.5,2
157(b),Q,N,-0.1797,0.0781,7,2
157(b),Q,P,-5.282,0,12.5,2
157(b),Q,Q,0,0,,2
157(b),Q,R,-0.06913,0.02631,26,2
157(b),Q,S,-0.06735,0.1578,6,2
157(b),Q,T,-0.2634,0.05275,8.5,2
157(b),Q,V,-0.7465,0.1514,11,2
157(b),Q,W,-0.2012,0.1158,11,2
157(b),Q,Y,-0.2929,0.3976,8,2
158(a),I,-,-0.612,0.3639,4.5,2
158(a),I,A,0.07491,0.02157,13,2
158(a),I,C,0.06798,0.02745,12,2
158(a),I,D,0.03686,0.005685,9,2
158(a),I,E,0.04487,0.04736,8.5,2
158(a),I,F,0.03553,0.000775,15,2
158(a),I,G,0.07395,0.01253,7,2
158(a),I,H,0.03012,0.03272,9.5,2
158(a),I,I,0,0,,2
158(a),I,K,0.08214,0.02046,8,2
158(a),I,L,0.0488,0.01226,10.5,2
158(a),I,M,0.00711,0.02702,12.5,2
158(a),I,N,0.07126,0.01718,11.5,2
158(a),I,P,0.02142,0.04462,9.5,2
158(a),I,Q,0.02449,0.01942,12.5,2
158(a),I,R,0.0758,0.01511,9.5,2
158(a),I,S,0.08268,0.01727,13.5,2
158(a),I,T,0.07602,0.01299,12.5,2
158(a),I,V,0.02602,0.01421,21,2
158(a),I,W,-0.2889,0.142,8.5,2
158(a),I,Y,0.07775,0.01708,10,2
158(b),V,-,-0.3638,0,0.5,1
158(b),V,A,0.01614,0.07803,11.5,2
158(b),V,C,-0.05693,0.1126,8,2
158(b),V,D,-0.6032,0.04055,9,2
158(b),V,E,-0.1776,0.222,9,2
158(b),V,F,-0.1153,0.1746,11,2
158(b),V,G,-0.2188,0.1537,9,2
158(b),V,H,-0.2267,0.09065,7.5,2
158(b),V,I,0.007565,0.04036,10,2
158(b),V,K,-0.04906,0.08383,10,2
158(b),V,L,-0.1626,0.2159,9.5,2
158(b),V,M,-0.08291,0.04779,16.5,2
158(b),V,N,-0.1823,0.1983,7.5,2
158(b),V,P,-6.002,0,8,2
158(b),V,Q,0.01837,6e-05,9.5,2
158(b),V,R,-0.1255,0.1518,11.5,2
158(b),V,S,-0.192,0.02875,13.5,2
158(b),V,T,-0.00525,0.07126,7.5,2
158(b),V,V,0,0,,2
158(b),V,W,-0.07873,0.08757,10,2
158(b),V,Y,-0.05697,0.04783,9,2
159(a),P,-,-0.132,0.04401,4.5,2
159(a),P,A,-0.3168,0.05525,8,2
159(a),P,C,-0.2729,0.2151,13,2
159(a),P,D,-0.2302,0.1993,8.5,2
159(a),P,E,-0.2377,0.2934,13,2
159(a),P,F,-0.02029,0.1105,10.5,2
159(a),P,G,0.02239,0.01974,5.5,2
159(a),P,H,-0.0966,0.0535,14.5,2
159(a),P,I,-0.02166,0.106,5.5,2
159(a),P,K,-0.1227,0.07945,9.5,2
159(a),P,L,-0.09894,0.1488,16,2
159(a),P,M,-0.01806,0.007025,15,2
159(a),P,N,-0.1414,0.1432,9,2
159(a),P,P,0,0,,2
159(a),P,Q,-0.04651,0.02534,11,2
159(a),P,R,-0.2217,0.1505,11,2
159(a),P,S,-0.002495,0.02507,19,2
159(a),P,T,-0.07139,0.1197,9.5,2
159(a),P,V,0.07178,0.01756,7,2
159(a),P,W,-0.006125,0.05146,16.5,2
159(a),P,Y,-0.08161,0.08419,11,2
159(b),L,-,-0.7698,0,0.5,1
159(b),L,A,-0.1509,0.0642,7,2
159(b),L,C,-0.05413,0.08127,11,2
159(b),L,D,-0.7117,0.2671,12.5,2
159(b),L,E,-0.643,0.1473,8.5,2
159(b),L,F,0.01953,0.006115,5,2
159(b),L,G,-0.00934,0.006589,8,2
159(b),L,H,0.001257,0.01029,5.5,2
159(b),L,I,0.03334,0.00335,9.5,2
159(b),L,K,-0.6369,0.0922,6.5,2
159(b),L,L,0,0,,2
159(b),L,M,-0.1123,0.06893,13,2
159(b),L,N,-0.07445,0.04025,8,2
159(b),L,P,-2.93,0.1225,12,2
159(b),L,Q,-0.0707,0.1104,18,2
159(b),L,R,-0.5609,0.0737,7.5,2
159(b),L,S,0.02368,0.03975,5.5,2
159(b),L,T,0.02964,0.0034,10.5,2
159(b),L,V,-0.1849,0.0052,9.5,2
159(b),L,W,-0.2841,0.2642,9.5,2
159(b),L,Y,0.01953,0.05755,8.5,2
16(T2A),E,*,-5.753,0,1,2
16(T2A),E,-,-0.1275,0,1.5,1
16(T2A),E,A,-1.218,0,0.5,1
16(T2A),E,D,-0.8444,0,0.5,1
16(T2A),E,E,0,0,,2
16(T2A),E,G,-0.06357,0.05813,3,2
16(T2A),E,K,-0.411,0.2655,17,2
16(T2A),E,V,-1.057,0.7094,1.5,2
16(a),D,*,-5.966,0,15,2
16(a),D,-,-0.2299,0.2595,2,2
16(a),D,A,-0.3767,0.01835,9.5,2
16(a),D,C,0.04154,0.01895,8,2
16(a),D,D,0,0,,2
16(a),D,E,0.03893,0.01733,12,2
16(a),D,F,-0.09661,0.1512,6,2
16(a),D,G,-0.3157,0.3422,12,2
16(a),D,H,-0.06472,0.01748,7,2
16(a),D,I,-0.2519,0.0278,6.5,2
16(a),D,K,-1.612,0.058,7,2
16(a),D,L,-0.2476,0.0028,6,2
16(a),D,M,-0.7758,0.5131,7.5,2
16(a),D,N,-1.428,0.04,18,2
16(a),D,P,-3.325,0.0165,11,2
16(a),D,Q,-0.2012,0.1461,10.5,2
16(a),D,R,-1.099,0.1288,6,2
16(a),D,S,-0.04914,0.07276,10.5,2
16(a),D,T,-0.347,0.4268,7.5,2
16(a),D,V,-0.3747,0.1733,8.5,2
16(a),D,W,-0.1863,0.0219,10,2
16(a),D,Y,-0.1619,0.0421,12.5,2
16(b),E,*,-5.911,0,6,2
16(b),E,-,-0.4266,0.1269,2,2
16(b),E,A,-1.133,0.1715,18.5,2
16(b),E,C,-1.813,0.2885,11.5,2
16(b),E,D,-0.525,0.2792,19.5,2
16(b),E,E,0,0,,2
16(b),E,F,-3.383,0,14,2
16(b),E,G,-1.98,0.183,22,2
16(b),E,H,-1.559,0.0805,13,2
16(b),E,I,-2.389,0.1275,13.5,2
16(b),E,K,-2.409,0.0505,39.5,2
16(b),E,L,-3.474,0,11.5,2
16(b),E,M,-2.508,0.1415,11,2
16(b),E,N,-1.96,0.061,10,2
16(b),E,P,-5.918,0,14.5,2
16(b),E,Q,-0.5072,0.1198,10.5,2
16(b),E,R,-2.643,0.0175,9.5,2
16(b),E,S,-0.8893,0.04525,8,2
16(b),E,T,-0.704,0.1845,9.5,2
16(b),E,V,-2.047,0.087,19.5,2
16(b),E,W,-4.831,0,12,2
16(b),E,Y,-2.147,0.0085,14,2
160(a),T,-,-0.2515,0.1037,4,2
160(a),T,A,0.004896,0.004747,18.5,2
160(a),T,C,0.01706,0.009985,8.5,2
160(a),T,D,-0.01476,0.007203,7,2
160(a),T,E,-0.00448,0.02811,8.5,2
160(a),T,F,0.03295,0.04829,8.5,2
160(a),T,G,0.0565,0.00225,10.5,2
160(a),T,H,0.06041,0.01229,4.5,2
160(a),T,I,0.06521,0.03488,14.5,2
160(a),T,K,0.03675,0.00899,8.5,2
160(a),T,L,-0.06678,0.03206,10.5,2
160(a),T,M,0.05734,0.03898,8,2
160(a),T,N,-0.1183,0.09633,14.5,2
160(a),T,P,-0.8962,0.1978,16.5,2
160(a),T,Q,-0.05995,0.01433,15.5,2
160(a),T,R,0.00829,0.04018,12,2
160(a),T,S,-0.148,0.07625,8.5,2
160(a),T,T,0,0,,2
160(a),T,V,-0.1178,0.08582,10.5,2
160(a),T,W,-0.02319,0.06282,13.5,2
160(a),T,Y,0.01103,0.01026,14,2
160(b),V,-,-0.4516,0,0.5,1
160(b),V,A,-0.07841,0.0596,7,2
160(b),V,C,-0.1249,0.1561,6.5,2
160(b),V,D,-0.4307,0.0104,9,2
160(b),V,E,-0.4742,0.029,10.5,2
160(b),V,F,-0.3488,0.247,7.5,2
160(b),V,G,-0.01855,0.09855,8,2
160(b),V,H,-0.1313,0.02055,10.5,2
160(b),V,I,-0.00536,0.08103,6,2
160(b),V,K,-0.1683,0.2656,7,2
160(b),V,L,-0.07295,0.00092,11,2
160(b),V,M,-0.1824,0.1555,12,2
160(b),V,N,-0.04343,0.03074,6.5,2
160(b),V,P,-1.958,0.3805,8,2
160(b),V,Q,-0.153,0.1427,6,2
160(b),V,R,-0.1676,0.0409,10.5,2
160(b),V,S,-0.1983,0.1434,4.5,2
160(b),V,T,0.0748,0.008615,11,2
160(b),V,V,0,0,,2
160(b),V,W,-0.1779,0.0179,9.5,2
160(b),V,Y,-0.02537,0.01775,7.5,2
161(a),R,*,-4.861,0,1,2
161(a),R,-,-0.1955,0.1361,2.5,2
161(a),R,A,-0.02522,0.006875,13.5,2
161(a),R,C,0.008842,0.001498,7.5,2
161(a),R,D,-0.007151,0.0131,15.5,2
161(a),R,E,-0.04469,0.04928,13,2
161(a),R,F,-0.2375,0.1572,9,2
161(a),R,G,-0.2264,0.1579,13.5,2
161(a),R,H,-0.09564,0.123,10.5,2
161(a),R,I,-0.02057,0.01164,19,2
161(a),R,K,-0.125,0.1729,11.5,2
161(a),R,L,-0.1267,0.1276,9,2
161(a),R,M,0.0323,0.00078,6,2
161(a),R,N,-0.01867,0.04222,10.5,2
161(a),R,P,0.04174,0.003095,11,2
161(a),R,Q,-0.07356,0.008905,10,2
161(a),R,R,0,0,,2
161(a),R,S,0.04912,0.03058,11.5,2
161(a),R,T,-0.153,0.1295,13.5,2
161(a),R,V,-0.1444,0.2079,12,2
161(a),R,W,-0.02262,0.06984,16,2
161(a),R,Y,-0.1047,0.1203,11.5,2
161(b),M,-,-1.616,1.312,1.5,2
161(b),M,A,-0.0402,0.0358,9.5,2
161(b),M,C,-0.01221,0.02769,6,2
161(b),M,D,-0.02061,0.06887,7,2
161(b),M,E,-0.1687,0.173,11,2
161(b),M,F,0.03043,0.00142,8,2
161(b),M,G,0.04892,0.002455,8.5,2
161(b),M,H,-0.1092,0.1725,9,2
161(b),M,I,-0.05475,0.0043,32.5,2
161(b),M,K,-0.03417,0.0181,5.5,2
161(b),M,L,-0.2868,0.3114,7,2
161(b),M,M,0,0,,2
161(b),M,N,-0.02147,0.04501,7,2
161(b),M,P,-0.2044,0.09915,11.5,2
161(b),M,Q,0.02084,0.02298,8,2
161(b),M,R,-0.04884,0.1332,7,2
161(b),M,S,-0.2697,0.2062,5.5,2
161(b),M,T,0.01266,0.01409,7,2
161(b),M,V,-0.01693,0.04847,9,2
161(b),M,W,0.06155,0.02668,5.5,2
161(b),M,Y,0.00537,0.01897,8.5,2
162(a),G,-,-0.01483,0.03739,2,2
162(a),G,A,0.04528,0.01687,15,2
162(a),G,C,-0.0523,0.0671,16.5,2
162(a),G,D,-0.1683,0.0995,12.5,2
162(a),G,E,0.03412,0.05645,8,2
162(a),G,F,0.018,0.01273,18.5,2
162(a),G,G,0,0,,2
162(a),G,H,0.05579,0.03626,15,2
162(a),G,I,-0.2138,0.12,13.5,2
162(a),G,K,0.05989,0.02212,10.5,2
162(a),G,L,-0.03452,0.03191,12.5,2
162(a),G,M,0.05581,0.04109,13,2
162(a),G,N,-0.1143,0.1042,12.5,2
162(a),G,P,0.03567,0.01837,7.5,2
162(a),G,Q,-0.08351,0.07849,7,2
162(a),G,R,0.07185,0.01861,7.5,2
162(a),G,S,0.01194,0.01295,17.5,2
162(a),G,T,-0.01318,0.008601,8,2
162(a),G,V,-0.05144,0.07956,14.5,2
162(a),G,W,-0.04637,0.007855,13,2
162(a),G,Y,-0.04439,0.1064,13.5,2
162(b),L,-,0.04052,0,0.5,1
162(b),L,A,-0.1026,0.08256,8,2
162(b),L,C,-0.3677,0.2925,11.5,2
162(b),L,D,-0.06347,0.06053,6.5,2
162(b),L,E,-0.1164,0.09918,8.5,2
162(b),L,F,-0.00687,0.02151,11,2
162(b),L,G,-0.4038,0.5016,6,2
162(b),L,H,-0.01065,0.04851,9.5,2
162(b),L,I,0.03586,0.01944,6.5,2
162(b),L,K,-0.3795,0.02615,8,2
162(b),L,L,0,0,,2
162(b),L,M,-0.09024,0.1779,9.5,2
162(b),L,N,-3.188,0.06,6,2
162(b),L,P,-0.7939,0.0208,19.5,2
162(b),L,Q,-0.1277,0.1273,9.5,2
162(b),L,R,-0.2691,0.088,12,2
162(b),L,S,0.03098,0.04888,12,2
162(b),L,T,-0.1529,0.2402,5.5,2
162(b),L,V,-0.00609,0.05646,7,2
162(b),L,W,-0.05589,0.06001,10.5,2
162(b),L,Y,0.04047,0.001,9,2
163(a),D,-,-1.355,1.234,2,2
163(a),D,A,0.02042,0.00483,12.5,2
163(a),D,C,0.06395,0.03506,13,2
163(a),D,D,0,0,,2
163(a),D,E,-0.02168,0.03288,12.5,2
163(a),D,F,-0.01602,0.03671,10.5,2
163(a),D,G,-0.08892,0.1254,13,2
163(a),D,H,-0.04504,0.01943,10,2
163(a),D,I,-0.186,0.02645,10,2
163(a),D,K,-0.01786,0.02936,11.5,2
163(a),D,L,-0.06028,0.01501,12,2
163(a),D,M,0.04347,0.00071,9.5,2
163(a),D,N,0.0258,0.079,13.5,2
163(a),D,P,0.006995,0.03189,4,2
163(a),D,Q,-0.362,0.3338,8.5,2
163(a),D,R,-0.1797,0.05565,12.5,2
163(a),D,S,0.02856,0.00297,6,2
163(a),D,T,-0.1654,0.2483,11,2
163(a),D,V,0.06126,0.00154,8.5,2
163(a),D,W,0.06449,0.00504,12.5,2
163(a),D,Y,-0.2406,0.1811,15,2
163(b),E,*,-5.604,0,2,2
163(b),E,A,0.02782,0.003595,5,2
163(b),E,C,-0.3359,0.1595,14.5,2
163(b),E,D,0.04396,0.04816,8,2
163(b),E,E,0,0,,2
163(b),E,F,-0.03797,0.00208,10.5,2
163(b),E,G,0.05181,0.00386,11.5,2
163(b),E,H,0.03283,0.04372,10,2
163(b),E,I,0.0612,0.000335,12.5,2
163(b),E,K,-0.04906,0.03321,36,2
163(b),E,L,-0.06627,0.1236,8,2
163(b),E,M,-0.2813,0.2848,11.5,2
163(b),E,N,0.00199,0.0234,12,2
163(b),E,P,0.01585,0.02254,8,2
163(b),E,Q,-0.1702,0.2062,8,2
163(b),E,R,0.03984,0.02091,10,2
163(b),E,S,-0.00572,0.09027,14.5,2
163(b),E,T,-0.04047,0.1126,8,2
163(b),E,V,0.05097,0.002465,8.5,2
163(b),E,W,0.01954,0.05821,11,2
163(b),E,Y,-0.073,0.1507,12,2
164(a),Y,*,-6.02,0,5.5,2
164(a),Y,-,-0.9891,1.007,1.5,2
164(a),Y,A,-0.09676,0.1899,11.5,2
164(a),Y,C,-0.178,0.1325,14.5,2
164(a),Y,D,-0.0657,0.03241,14,2
164(a),Y,E,-0.1014,0.1382,7.5,2
164(a),Y,F,0.02767,0.0334,12.5,2
164(a),Y,G,0.04612,0.05428,8.5,2
164(a),Y,H,-0.1923,0.1172,14.5,2
164(a),Y,I,-0.06973,0.04337,12,2
164(a),Y,K,-0.2676,0.0895,6.5,2
164(a),Y,L,0.056,0.01406,8,2
164(a),Y,M,0.05904,0.03066,13.5,2
164(a),Y,N,0.00854,0.00707,8,2
164(a),Y,P,0.009049,0.01287,10.5,2
164(a),Y,Q,0.06123,0.01768,13.5,2
164(a),Y,R,0.07012,0.0203,8,2
164(a),Y,S,-0.02148,0.04342,12,2
164(a),Y,T,-0.08203,0.09416,10.5,2
164(a),Y,V,0.04129,0.01261,9.5,2
164(a),Y,W,-0.08783,0.1648,14.5,2
164(a),Y,Y,0,0,,2
164(b),S,-,-0.06865,0,0.5,1
164(b),S,A,-0.1206,0.03515,6,2
164(b),S,C,-0.003475,0.04235,8,2
164(b),S,D,-0.1757,0.1711,8.5,2
164(b),S,E,0.04263,0.038,7.5,2
164(b),S,F,-0.08367,0.1395,10.5,2
164(b),S,G,-0.01686,0.05037,19.5,2
164(b),S,H,-0.02029,0.08001,12.5,2
164(b),S,I,-0.04243,0.08358,11.5,2
164(b),S,K,0.0081,0.03865,10,2
164(b),S,L,0.01888,0.04156,14.5,2
164(b),S,M,-0.04915,0.1073,11,2
164(b),S,N,-0.07727,0.1263,24,2
164(b),S,P,-0.0558,0.005825,7.5,2
164(b),S,Q,-0.04047,0.02215,12.5,2
164(b),S,R,-0.05932,0.06178,9.5,2
164(b),S,S,0,0,,2
164(b),S,T,-0.003065,0.05378,8.5,2
164(b),S,V,-0.02258,0.08263,12.5,2
164(b),S,W,-0.1239,0.03146,11,2
164(b),S,Y,-0.1689,0.1178,10,2
165(a),Y,-,-1.143,1.123,1.5,2
165(a),Y,A,-0.1194,0.08462,14.5,2
165(a),Y,C,-0.6521,0.0595,19,2
165(a),Y,D,-5.253,0,13,2
165(a),Y,E,-2.25,0.1195,13,2
165(a),Y,F,0.04099,0.01645,10,2
165(a),Y,G,-1.329,0.054,8,2
165(a),Y,H,-0.005816,0.004544,11.5,2
165(a),Y,I,-0.03845,0.1421,11,2
165(a),Y,K,-2.252,0.0145,16,2
165(a),Y,L,-0.07507,0.09854,11.5,2
165(a),Y,M,-0.1792,0.07927,8.5,2
165(a),Y,N,-3.622,0,10.5,2
165(a),Y,P,-0.3568,0.3569,10,2
165(a),Y,Q,-0.3927,0.1201,9.5,2
165(a),Y,R,-0.6398,0.05935,11.5,2
165(a),Y,S,-1.001,0.4542,6.5,2
165(a),Y,T,-0.08282,0.05098,11.5,2
165(a),Y,V,-0.4069,0.2049,13,2
165(a),Y,W,-0.03601,0.04101,10.5,2
165(a),Y,Y,0,0,,2
165(b),T,-,-0.003329,0,0.5,1
165(b),T,A,-0.1533,0.1488,11,2
165(b),T,C,-0.1289,0.1695,7.5,2
165(b),T,D,-0.05694,0.06546,4,2
165(b),T,E,-0.1263,0.1091,6,2
165(b),T,F,-0.03025,0.08616,10.5,2
165(b),T,G,-0.7969,0.5441,8,2
165(b),T,H,-0.09166,0.171,11,2
165(b),T,I,0.03747,0.04909,15.5,2
165(b),T,K,0.06801,0.01955,6,2
165(b),T,L,-0.03211,0.0878,10.5,2
165(b),T,M,-0.02655,0.1315,6,2
165(b),T,N,-0.0242,0.1086,6,2
165(b),T,P,-0.00269,0.0167,8,2
165(b),T,Q,-0.1375,0.1574,7,2
165(b),T,R,-0.08852,0,3.5,1
165(b),T,S,0.02885,0.00472,9.5,2
165(b),T,T,0,0,,2
165(b),T,V,-0.07608,0.02338,9.5,2
165(b),T,W,0.05715,0.02553,5,2
165(b),T,Y,-0.2609,0.1643,11,2
166(a),D,-,-2.653,0,1.5,1
166(a),D,A,-0.2181,0.2608,4.5,2
166(a),D,C,-0.08487,0.143,8,2
166(a),D,D,0,0,,2
166(a),D,E,-0.02741,0.04725,9,2
166(a),D,F,0.03179,0.01356,7,2
166(a),D,G,-0.117,0.136,4.5,2
166(a),D,H,0.04914,0.00845,6,2
166(a),D,I,-0.1114,0.1083,6.5,2
166(a),D,K,0.04019,0.03675,2,2
166(a),D,L,0.03783,0.00887,6.5,2
166(a),D,M,-0.003885,0.0793,5,2
166(a),D,N,-0.07261,0.0606,20,2
166(a),D,P,-5.22,0,8.5,2
166(a),D,Q,0.00355,0.03004,7,2
166(a),D,R,0.008185,0.04213,10,2
166(a),D,S,-0.1314,0.1567,4,2
166(a),D,T,0.01015,0.01606,8,2
166(a),D,V,-0.07933,0.01486,5,2
166(a),D,W,-0.2574,0.1262,9.5,2
166(a),D,Y,-0.02896,0.03433,6.5,2
166(b),P,-,-0.03926,0,1,1
166(b),P,A,-0.1009,0.07709,10.5,2
166(b),P,C,-0.01725,0.02293,10.5,2
166(b),P,D,-0.2061,0.1889,7,2
166(b),P,E,-0.1424,0.1188,9,2
166(b),P,F,-0.05772,0.1128,8.5,2
166(b),P,G,0.05456,0.00948,9,2
166(b),P,H,-0.049,0.02689,14,2
166(b),P,I,0.07376,0.02037,6,2
166(b),P,K,-0.09081,0.03089,6,2
166(b),P,L,0.02008,0.04417,10.5,2
166(b),P,M,-0.226,0.1547,7,2
166(b),P,N,-0.3172,0.3724,5,2
166(b),P,P,0,0,,2
166(b),P,Q,-0.1832,0.2442,7,2
166(b),P,R,-0.02712,0.08599,9.5,2
166(b),P,S,0.00877,0.0721,12.5,2
166(b),P,T,-0.08348,0.07812,9.5,2
166(b),P,V,-0.09012,0.06248,9.5,2
166(b),P,W,-0.09771,0.01559,8.5,2
166(b),P,Y,0.05141,0.00053,8,2
167(a),C,*,-5.662,0,2.5,2
167(a),C,-,-1.864,0,1,1
167(a),C,A,-0.2184,0.1621,4.5,2
167(a),C,C,0,0,,2
167(a),C,D,-5.858,0,6.5,2
167(a),C,E,-5.234,0,9,2
167(a),C,F,-0.6675,0.1953,11,2
167(a),C,G,-1.396,0.05,9.5,2
167(a),C,H,-2.22,0.089,7.5,2
167(a),C,I,-0.303,0.2118,4.5,2
167(a),C,K,-5.748,0,11,2
167(a),C,L,-0.06628,0.07762,11,2
167(a),C,M,-0.3086,0.1113,6,2
167(a),C,N,-0.1994,0.1313,6,2
167(a),C,P,-2.227,0.2725,4.5,2
167(a),C,Q,-2.119,0.0685,5.5,2
167(a),C,R,-5.871,0,10,2
167(a),C,S,-0.2363,0.1255,6.5,2
167(a),C,T,-0.2698,0.3013,4.5,2
167(a),C,V,-0.002115,0.04186,5,2
167(a),C,W,-0.7719,0.143,9.5,2
167(a),C,Y,-2.107,0.1605,37,2
167(b),Q,*,-5.851,0,4.5,2
167(b),Q,-,-0.08371,0.001665,1,2
167(b),Q,A,0.03086,0.01084,14.5,2
167(b),Q,C,-0.5575,0.3881,8.5,2
167(b),Q,D,-0.02846,0.06035,7.5,2
167(b),Q,E,-0.04281,0.000145,11,2
167(b),Q,F,-0.2359,0.1072,5,2
167(b),Q,G,-0.02284,0.05243,9,2
167(b),Q,H,-0.05917,0.05353,8.5,2
167(b),Q,I,-0.0227,0.03673,8.5,2
167(b),Q,K,-0.04174,0.05677,13,2
167(b),Q,L,-0.0503,0.03725,10,2
167(b),Q,M,-0.1154,0.1209,9.5,2
167(b),Q,N,-0.08112,0.1731,7.5,2
167(b),Q,P,0.02094,0.04888,3,2
167(b),Q,Q,0,0,,2
167(b),Q,R,-0.00315,0.02743,20,2
167(b),Q,S,-0.1948,0.1722,10,2
167(b),Q,T,0.02717,0.00584,14,2
167(b),Q,V,-0.1985,0.2392,9.5,2
167(b),Q,W,-0.09692,0.08438,16.5,2
167(b),Q,Y,0.02643,0.02874,13.5,2
168(a),R,*,-1.905,0,0.5,1
168(a),R,A,0.03911,0.01299,2,2
168(a),R,C,-0.3864,0.1244,3,2
168(a),R,D,-0.3586,0,2,1
168(a),R,E,0.03501,0.001325,10,2
168(a),R,F,-0.0138,0.06143,7,2
168(a),R,G,-0.02658,0.0093,14.5,2
168(a),R,H,-0.177,0.2172,1,2
168(a),R,I,0.03072,0.03196,10,2
168(a),R,K,-0.1199,0.02519,13,2
168(a),R,L,0.01986,0.03615,7,2
168(a),R,M,0.02526,0.01924,17.5,2
168(a),R,N,-0.1529,0.1674,6.5,2
168(a),R,P,-1.716,0.226,5.5,2
168(a),R,Q,-0.1714,0.2628,5.5,2
168(a),R,R,0,0,,2
168(a),R,S,-0.1789,0.07545,7,2
168(a),R,T,-0.1412,0.1479,10,2
168(a),R,V,-0.01617,0.03919,17.5,2
168(a),R,W,-0.08421,0.01899,5.5,2
168(a),R,Y,0.005725,0.04885,8.5,2
168(b),H,-,-0.3113,0.08425,1,2
168(b),H,A,-0.1106,0.1464,8.5,2
168(b),H,C,-0.03037,0.09023,4,2
168(b),H,D,-0.2929,0.3485,8.5,2
168(b),H,E,-0.1057,0.05613,8.5,2
168(b),H,F,0.04667,0.04292,9,2
168(b),H,G,-0.1266,0.0528,6.5,2
168(b),H,H,0,0,,2
168(b),H,I,0.05565,0.028,7.5,2
168(b),H,K,0.06007,0.02026,11.5,2
168(b),H,L,0.01049,0.03332,8.5,2
168(b),H,M,-0.01547,0.02345,9.5,2
168(b),H,N,-0.04013,0.08977,9,2
168(b),H,P,-0.1928,0.1463,9,2
168(b),H,Q,-0.1404,0.1856,15,2
168(b),H,R,-0.00634,0.05267,17,2
168(b),H,S,0.05393,0.007285,9,2
168(b),H,T,-0.6021,0.3037,7,2
168(b),H,V,0.06427,0.00199,8,2
168(b),H,W,-0.1384,0.1486,7.5,2
168(b),H,Y,-0.01251,0.07501,14.5,2
169(a),V,-,-5.9,0,0.5,1
169(a),V,A,-0.02302,0.01162,12.5,2
169(a),V,C,-0.06119,0.1084,9,2
169(a),V,D,-3.515,0,12.5,2
169(a),V,E,-1.957,0.0055,11.5,2
169(a),V,F,-1.432,0.27,9,2
169(a),V,G,-0.08502,0.01228,12,2
169(a),V,H,-0.8234,0.2316,8.5,2
169(a),V,I,-0.03601,0.09879,19.5,2
169(a),V,K,-3.405,0,11.5,2
169(a),V,L,-0.06848,0.00453,12,2
169(a),V,M,-0.4598,0.0543,33.5,2
169(a),V,N,-0.1866,0.2548,13,2
169(a),V,P,-0.3458,0.05405,12,2
169(a),V,Q,-0.5746,0.01435,12,2
169(a),V,R,-2.503,0.195,13.5,2
169(a),V,S,-0.33,0.1461,12.5,2
169(a),V,T,-0.3511,0.03205,8,2
169(a),V,V,0,0,,2
169(a),V,W,-0.8033,0.09195,10.5,2
169(a),V,Y,-0.124,0.0081,12.5,2
169(b),G,-,-0.3117,0.02145,1.5,2
169(b),G,A,-0.1257,0.1626,6,2
169(b),G,C,-0.38,0.2449,10,2
169(b),G,D,-0.01241,0.01378,18.5,2
169(b),G,E,-0.2288,0.1127,4.5,2
169(b),G,F,-0.2776,0.1504,7,2
169(b),G,G,0,0,,2
169(b),G,H,-0.005775,0.04025,9.5,2
169(b),G,I,0.07402,0.02888,10,2
169(b),G,K,-0.134,0.08927,10,2
169(b),G,L,-0.07513,0.05117,10.5,2
169(b),G,M,-0.007331,0.01627,6.5,2
169(b),G,N,0.06438,0.00454,8.5,2
169(b),G,P,-0.01177,0.0144,10.5,2
169(b),G,Q,0.04591,0.01654,8,2
169(b),G,R,-0.2681,0.02005,8.5,2
169(b),G,S,-0.02429,0.06642,15,2
169(b),G,T,-0.2312,0.1542,10.5,2
169(b),G,V,-0.07173,0.05987,13.5,2
169(b),G,W,0.0606,0.01922,12.5,2
169(b),G,Y,0.03577,0.03727,9.5,2
17(T2A),E,*,-0.05842,0,0.5,1
17(T2A),E,-,0.0525,0,1.5,1
17(T2A),E,A,0.05031,0,0.5,1
17(T2A),E,D,-2.05,0.0145,1.5,2
17(T2A),E,E,0,0,,2
17(T2A),E,G,-0.2277,0.132,2.5,2
17(T2A),E,K,-0.04225,0.02178,74.5,2
17(a),E,*,-5.903,0,10,2
17(a),E,-,-0.1391,0.0434,1.5,2
17(a),E,A,-0.08267,0.1362,14.5,2
17(a),E,C,-0.14,0.0279,7,2
17(a),E,D,-0.05206,0.03689,15,2
17(a),E,E,0,0,,2
17(a),E,F,-0.1864,0.1337,10.5,2
17(a),E,G,-0.2261,0.0712,10,2
17(a),E,H,-0.1211,0.1847,7.5,2
17(a),E,I,-0.1078,0.01848,10,2
17(a),E,K,-0.4036,0.04105,14.5,2
17(a),E,L,-0.08073,0.08647,10,2
17(a),E,M,-0.3256,0.1127,13,2
17(a),E,N,-0.0101,0.08556,8,2
17(a),E,P,-0.3756,0.0989,7,2
17(a),E,Q,-0.8143,0.0231,7.5,2
17(a),E,R,-0.311,0.09225,9.5,2
17(a),E,S,-0.05065,0.01876,8,2
17(a),E,T,-0.05426,0.08284,5.5,2
17(a),E,V,-0.1914,0.0525,15,2
17(a),E,W,-0.4546,0.2954,7,2
17(a),E,Y,-0.1239,0.1901,8,2
17(b),C,*,-3.911,0,0.5,1
17(b),C,-,-0.2563,0.2408,1.5,2
17(b),C,A,-3.305,0,8,2
17(b),C,C,0,0,,2
17(b),C,D,-5.932,0,11,2
17(b),C,E,-5.893,0,7,2
17(b),C,F,-3.385,0,14.5,2
17(b),C,G,-5.784,0,8,2
17(b),C,H,-5.913,0,11.5,2
17(b),C,I,-1.949,0.088,9.5,2
17(b),C,K,-5.87,0,13,2
17(b),C,L,-3.014,0.159,15.5,2
17(b),C,M,-2.747,0.303,12.5,2
17(b),C,N,-5.931,0,12.5,2
17(b),C,P,-5.979,0,12,2
17(b),C,Q,-5.856,0,8.5,2
17(b),C,R,-5.747,0,14.5,2
17(b),C,S,-5.931,0,15,2
17(b),C,T,-4.808,0,12.5,2
17(b),C,V,-2.16,0.0365,8,2
17(b),C,W,-5.861,0,7,2
17(b),C,Y,-4.581,0,28.5,2
170(a),E,*,-5.851,0,3,2
170(a),E,-,0.002637,0,0.5,1
170(a),E,A,-0.02443,0.01132,13,2
170(a),E,C,0.02547,0.00099,7.5,2
170(a),E,D,0.07298,0.01747,7,2
170(a),E,E,0,0,,2
170(a),E,F,-0.07733,0.08397,13,2
170(a),E,G,-0.2195,0.2217,13,2
170(a),E,H,-0.05392,0.1327,8.5,2
170(a),E,I,-0.3978,0.3861,5.5,2
170(a),E,K,-0.01839,0.01018,51.5,2
170(a),E,L,0.00107,0.05241,6.5,2
170(a),E,M,0.05049,0.000615,6,2
170(a),E,N,-0.02303,0.07717,8,2
170(a),E,P,-0.2883,0.2918,8,2
170(a),E,Q,-0.08224,0.07746,4.5,2
170(a),E,R,-0.357,0.3965,9,2
170(a),E,S,0.06614,0.02894,7.5,2
170(a),E,T,-0.0771,0.0257,13.5,2
170(a),E,V,-0.2545,0.1708,9.5,2
170(a),E,W,-0.09075,0.03605,10.5,2
170(a),E,Y,-0.1759,0.0435,8,2
170(b),D,-,-0.4525,5e-05,2.5,2
170(b),D,A,-0.04054,0.05874,11,2
170(b),D,C,-0.1178,0.07447,12.5,2
170(b),D,D,0,0,,2
170(b),D,E,0.02273,0.0309,11,2
170(b),D,F,0.06602,0.02147,9,2
170(b),D,G,-0.2312,0.2521,11.5,2
170(b),D,H,0.04136,0.01614,10,2
170(b),D,I,-0.1142,0.2015,8.5,2
170(b),D,K,-0.00959,0.04059,10,2
170(b),D,L,-0.05104,0.04141,9,2
170(b),D,M,0.01791,0.007605,7.5,2
170(b),D,N,0.03288,0.01304,19,2
170(b),D,P,-0.04143,0.04459,10,2
170(b),D,Q,-0.08989,0.1519,8,2
170(b),D,R,-0.00497,0.09027,12,2
170(b),D,S,0.03712,0.02102,8,2
170(b),D,T,-0.003642,0.002426,8.5,2
170(b),D,V,-0.07991,0.1174,6.5,2
170(b),D,W,-0.07941,0.1405,14,2
170(b),D,Y,-0.05522,0.01889,10,2
171(a),H,-,0.06073,0,0.5,1
171(a),H,A,-0.2276,0.1733,9.5,2
171(a),H,C,-0.1958,0.03325,9.5,2
171(a),H,D,-0.6071,0.1077,8.5,2
171(a),H,E,-0.5645,0.2815,11,2
171(a),H,F,0.04702,0.02282,9.5,2
171(a),H,G,-0.355,0.1347,9.5,2
171(a),H,H,0,0,,2
171(a),H,I,-0.3347,0.2177,12,2
171(a),H,K,-0.7366,0.1611,12.5,2
171(a),H,L,-0.1398,0.1596,11.5,2
171(a),H,M,0.02761,0.01889,13,2
171(a),H,N,-0.4976,0.1651,15,2
171(a),H,P,-0.02036,0.03585,10,2
171(a),H,Q,-0.06631,0.1171,10.5,2
171(a),H,R,-0.0378,0.03879,11,2
171(a),H,S,-0.05784,0.06076,11,2
171(a),H,T,-0.1823,0.246,11,2
171(a),H,V,-0.3339,0.02205,9.5,2
171(a),H,W,-0.153,0.1767,10,2
171(a),H,Y,-0.1312,0.06299,15,2
171(b),T,-,-0.6928,0.4792,3.5,2
171(b),T,A,0.02848,0.06064,12.5,2
171(b),T,C,0.01309,0.03084,9.5,2
171(b),T,D,-0.05212,0.06459,7,2
171(b),T,E,0.06395,0.04085,6,2
171(b),T,F,-0.02121,0.01934,3,2
171(b),T,G,0.03373,0.02827,11.5,2
171(b),T,H,-0.08547,0.05842,7,2
171(b),T,I,-0.04936,0.03175,16,2
171(b),T,K,-0.3241,0.3741,9,2
171(b),T,L,-0.06526,0.01217,12.5,2
171(b),T,M,-0.03098,0.05547,7.5,2
171(b),T,N,-0.05476,0.09243,11,2
171(b),T,P,-0.09251,0.039,9,2
171(b),T,Q,-0.1354,0.1257,6.5,2
171(b),T,R,-0.01039,0.0502,13,2
171(b),T,S,-0.0157,0.06765,6,2
171(b),T,T,0,0,,2
171(b),T,V,0.01266,0.00323,7.5,2
171(b),T,W,0.01466,0.02555,13.5,2
171(b),T,Y,0.01668,0.0153,13,2
172(a),W,*,-5.97,0,16,2
172(a),W,-,-0.009425,0.05414,1,2
172(a),W,A,-0.07379,0.1205,8.5,2
172(a),W,C,-0.1689,0.08478,17.5,2
172(a),W,D,-0.1407,0.05994,13.5,2
172(a),W,E,-0.01831,0.07208,8.5,2
172(a),W,F,-0.001535,0.06143,8.5,2
172(a),W,G,-0.1075,0.03332,8.5,2
172(a),W,H,-0.03485,0.04228,11.5,2
172(a),W,I,0.04179,0.01349,5,2
172(a),W,K,-0.03443,0.00376,10,2
172(a),W,L,0.02624,0.0136,17,2
172(a),W,M,0.04781,0.01159,11.5,2
172(a),W,N,0.02008,0.03129,9,2
172(a),W,P,-0.00017,0.01993,11.5,2
172(a),W,Q,-0.1878,0.1684,11,2
172(a),W,R,-0.02037,0.0144,19.5,2
172(a),W,S,-0.1802,0.1332,8.5,2
172(a),W,T,-0.07224,0.02125,7.5,2
172(a),W,V,0.06348,0.01442,8.5,2
172(a),W,W,0,0,,2
172(a),W,Y,0.04946,0.05534,10,2
172(b),Y,*,-0.0604,0,0.5,1
172(b),Y,-,-0.5883,0.2205,3.5,2
172(b),Y,A,-0.2381,0.2047,7.5,2
172(b),Y,C,-0.0569,0.03027,16,2
172(b),Y,D,-1.843,0.3555,8,2
172(b),Y,E,-1.689,0.126,7.5,2
172(b),Y,F,0.05912,0.02369,9,2
172(b),Y,G,-1.365,0.076,9,2
172(b),Y,H,-0.303,0.032,21.5,2
172(b),Y,I,0.0171,0.00903,12.5,2
172(b),Y,K,-1.135,0.0505,8.5,2
172(b),Y,L,-0.08636,0.07175,7,2
172(b),Y,M,-0.09221,0.09059,8.5,2
172(b),Y,N,-0.2325,0.2259,6.5,2
172(b),Y,P,-0.5175,0.4163,6,2
172(b),Y,Q,-0.09561,0.00679,5,2
172(b),Y,R,-0.7133,0.017,11,2
172(b),Y,S,-0.2229,0.244,5,2
172(b),Y,T,-0.3972,0.2089,7,2
172(b),Y,V,-0.5851,0.3601,8.5,2
172(b),Y,W,0.07176,0.01922,9.5,2
172(b),Y,Y,0,0,,2
173(a),G,-,0.002342,0.005339,1,2
173(a),G,A,0.0681,0.01726,8,2
173(a),G,C,0.04227,0.04666,13.5,2
173(a),G,D,-0.09082,0.1353,15.5,2
173(a),G,E,-0.06623,0.1208,10,2
173(a),G,F,-0.0555,0.1431,18.5,2
173(a),G,G,0,0,,2
173(a),G,H,0.05886,0.0169,7.5,2
173(a),G,I,-0.03812,0.06968,5.5,2
173(a),G,K,0.02523,0.0007,10.5,2
173(a),G,L,-0.1645,0.1778,9,2
173(a),G,M,0.01124,0.03945,8,2
173(a),G,N,-0.02016,0.06184,8,2
173(a),G,P,0.01208,0.04909,9.5,2
173(a),G,Q,-0.194,0.1515,9.5,2
173(a),G,R,-0.03955,0.01831,8.5,2
173(a),G,S,-0.3207,0.1007,14.5,2
173(a),G,T,0.05729,0.008345,11,2
173(a),G,V,-0.03535,0.01776,15.5,2
173(a),G,W,-0.1059,0.05772,9.5,2
173(a),G,Y,-0.04125,0.00076,12,2
173(b),E,*,-5.985,0,5,2
173(b),E,-,-0.3474,0.3229,5,2
173(b),E,A,0.04244,0.04955,14.5,2
173(b),E,C,0.04485,0.01409,13,2
173(b),E,D,-0.4254,0.2977,13,2
173(b),E,E,0,0,,2
173(b),E,F,-0.1827,0.05925,12.5,2
173(b),E,G,0.001255,0.06026,10.5,2
173(b),E,H,-0.2294,0.2696,6,2
173(b),E,I,0.02078,0.02638,11,2
173(b),E,K,-0.06779,0.1304,8.5,2
173(b),E,L,-0.1362,0.01555,15,2
173(b),E,M,-0.01537,0.04371,9,2
173(b),E,N,-0.06482,0.1113,10.5,2
173(b),E,P,-3.462,0,16,2
173(b),E,Q,-0.04544,0.06816,8,2
173(b),E,R,-0.02688,0.07422,7,2
173(b),E,S,-0.09773,0.08138,11,2
173(b),E,T,0.00051,0.04645,6,2
173(b),E,V,-0.3394,0.1882,9.5,2
173(b),E,W,-0.00728,0.03603,8,2
173(b),E,Y,0.00238,0.04217,14.5,2
174(a),L,-,0.02084,0,0.5,1
174(a),L,A,0.034,0.05453,7,2
174(a),L,C,-0.06637,0.1233,8,2
174(a),L,D,-0.09076,0.1649,13.5,2
174(a),L,E,-0.06849,0.1252,8.5,2
174(a),L,F,0.04497,0.0025,9.5,2
174(a),L,G,-0.03153,0.05784,8.5,2
174(a),L,H,0.03962,0.02764,11,2
174(a),L,I,-0.2581,0.1171,18,2
174(a),L,K,-0.06817,0.01494,11.5,2
174(a),L,L,0,0,,2
174(a),L,M,-0.08264,0.1406,13.5,2
174(a),L,N,-0.07424,0.04566,6,2
174(a),L,P,-0.1358,0.02415,22,2
174(a),L,Q,-0.03041,0.1292,11.5,2
174(a),L,R,0.04815,0.02649,12,2
174(a),L,S,0.01764,0.04211,8.5,2
174(a),L,T,-0.0611,0.0569,9,2
174(a),L,V,-0.2869,0.2419,6.5,2
174(a),L,W,-0.04985,0.09105,7,2
174(a),L,Y,0.04028,0.04323,6,2
174(b),C,-,-0.1483,0.1593,4.5,2
174(b),C,A,-0.3588,0.2303,7.5,2
174(b),C,C,0,0,,2
174(b),C,D,-5.87,0,11,2
174(b),C,E,-5.946,0,6,2
174(b),C,F,-1.431,0.085,10,2
174(b),C,G,-4.123,0,11,2
174(b),C,H,-5.934,0,8,2
174(b),C,I,-0.4265,0.2646,9.5,2
174(b),C,K,-5.81,0,6,2
174(b),C,L,-0.2355,0.0701,10,2
174(b),C,M,-1.526,1.142,7.5,2
174(b),C,N,-5.509,0,4,2
174(b),C,P,-5.254,0,5.5,2
174(b),C,Q,-5.827,0,6.5,2
174(b),C,R,-6.037,0,12,2
174(b),C,S,-2.526,0.116,9.5,2
174(b),C,T,-1.028,0.0986,7.5,2
174(b),C,V,-0.3954,0.2585,7,2
174(b),C,W,-3.47,0,9.5,2
174(b),C,Y,-2.823,0.3445,12,2
175(a),P,-,0.00523,0,0.5,1
175(a),P,A,-0.2881,0.3258,8,2
175(a),P,C,-0.1497,0.0141,8,2
175(a),P,D,0.04564,0.007285,7.5,2
175(a),P,E,-0.1763,0.1139,12,2
175(a),P,F,-0.2609,0.2811,7,2
175(a),P,G,-0.0259,0.03932,7,2
175(a),P,H,0.02868,0.03092,13.5,2
175(a),P,I,-0.01103,0.0634,10,2
175(a),P,K,0.03142,0.01793,11,2
175(a),P,L,-0.04247,0.05783,12,2
175(a),P,M,0.004305,0.01487,9,2
175(a),P,N,0.03854,0.006205,9.5,2
175(a),P,P,0,0,,2
175(a),P,Q,0.05857,0.02186,7.5,2
175(a),P,R,-0.02258,0.07295,7,2
175(a),P,S,-0.08175,0.06124,26,2
175(a),P,T,-0.03803,0.04459,15,2
175(a),P,V,-0.1154,0.122,15,2
175(a),P,W,-0.03932,0.05092,8.5,2
175(a),P,Y,0.04762,0.00918,7,2
175(b),H,-,0.06826,0,3.5,1
175(b),H,A,-0.03019,0.06878,10.5,2
175(b),H,C,0.06196,0.03791,11.5,2
175(b),H,D,-0.01945,0.03694,8.5,2
175(b),H,E,-0.1462,0.1493,6,2
175(b),H,F,-0.488,0.3687,10.5,2
175(b),H,G,0.05479,0.001685,12,2
175(b),H,H,0,0,,2
175(b),H,I,0.00141,0.05968,9.5,2
175(b),H,K,-4.7e-05,0.007776,10.5,2
175(b),H,L,0.02853,0.01632,6.5,2
175(b),H,M,-0.1976,0.2506,10.5,2
175(b),H,N,0.04753,0.03126,4.5,2
175(b),H,P,-4.148,0,12,2
175(b),H,Q,0.007746,0.0131,12.5,2
175(b),H,R,-0.1195,0.1557,19,2
175(b),H,S,-0.08691,0.1081,12,2
175(b),H,T,0.04422,0.01684,8.5,2
175(b),H,V,-0.01595,0.04286,11,2
175(b),H,W,0.02429,0.00655,11,2
175(b),H,Y,-0.00911,0.0392,14,2
176(a),E,*,-5.985,0,2.5,2
176(a),E,A,0.03698,0.01511,10.5,2
176(a),E,C,0.04138,0.01645,8.5,2
176(a),E,D,-0.05578,0.109,7.5,2
176(a),E,E,0,0,,2
176(a),E,F,-0.1447,0.01045,9,2
176(a),E,G,-0.03877,0.07633,20,2
176(a),E,H,0.01709,0.0168,11,2
176(a),E,I,-0.01997,0.02923,10,2
176(a),E,K,-0.01881,0.02116,42.5,2
176(a),E,L,-0.3492,0.4112,6,2
176(a),E,M,0.03848,0.03429,9.5,2
176(a),E,N,0.06986,0.02591,13,2
176(a),E,P,-0.1405,0.2309,7,2
176(a),E,Q,-0.00024,0.01559,12.5,2
176(a),E,R,-0.01034,0.05948,8.5,2
176(a),E,S,-0.1271,0.05759,8.5,2
176(a),E,T,0.06421,0.00987,10,2
176(a),E,V,-0.3961,0.2766,8.5,2
176(a),E,W,0.00055,0.02822,9.5,2
176(a),E,Y,-0.2682,0.2446,11.5,2
176(b),V,-,-0.5232,0,3,1
176(b),V,A,-0.1639,0.1707,12,2
176(b),V,C,-0.1573,0.1108,12.5,2
176(b),V,D,-5.806,0,7,2
176(b),V,E,-3.153,0,15.5,2
176(b),V,F,-0.0971,0.1124,8.5,2
176(b),V,G,-0.5326,0.2371,9.5,2
176(b),V,H,-2.606,0.2475,10.5,2
176(b),V,I,-0.1172,0.05945,9.5,2
176(b),V,K,-5.842,0,11.5,2
176(b),V,L,-0.07373,0.07777,12,2
176(b),V,M,-0.04736,0.02688,21.5,2
176(b),V,N,-2.825,0.345,9,2
176(b),V,P,-1.019,0.009,12,2
176(b),V,Q,-2.985,0.0175,10,2
176(b),V,R,-5.465,0,7.5,2
176(b),V,S,-0.5588,0.2817,8,2
176(b),V,T,0.06401,0.001285,17,2
176(b),V,V,0,0,,2
176(b),V,W,-0.6921,0.3819,9.5,2
176(b),V,Y,-0.6238,0.0659,2.5,2
177(a),P,A,-0.004795,0.05634,7,2
177(a),P,C,-0.05686,0.05844,10,2
177(a),P,D,-0.2724,0.3425,6,2
177(a),P,E,-0.1249,0.08007,7.5,2
177(a),P,F,0.07067,0.01078,6.5,2
177(a),P,G,0.06401,0.02544,5,2
177(a),P,H,0.07096,0.01563,11,2
177(a),P,I,-0.01454,0.04883,12.5,2
177(a),P,K,0.02824,0.0254,11,2
177(a),P,L,-0.05947,0.05203,9,2
177(a),P,M,-0.08728,0.02162,10.5,2
177(a),P,N,-0.1185,0.02804,13.5,2
177(a),P,P,0,0,,2
177(a),P,Q,-0.06338,0.1083,10.5,2
177(a),P,R,0.02518,0.03388,8.5,2
177(a),P,S,0.03719,0.0365,18.5,2
177(a),P,T,0.04014,0.04591,15.5,2
177(a),P,V,0.000695,0.05955,11,2
177(a),P,W,0.01872,0.01121,12.5,2
177(a),P,Y,0.02416,0.02872,10.5,2
177(b),Q,*,-5.888,0,15.5,2
177(b),Q,-,-0.1661,0,3,1
177(b),Q,A,-0.06239,0.01515,11,2
177(b),Q,C,-0.1074,0.1631,9,2
177(b),Q,D,0.07286,0.01548,8,2
177(b),Q,E,0.04843,0.006985,14,2
177(b),Q,F,0.0492,0.001995,13,2
177(b),Q,G,-0.01006,0.06637,12,2
177(b),Q,H,0.03578,0.004915,10.5,2
177(b),Q,I,0.05135,0.04012,10.5,2
177(b),Q,K,-0.008655,0.107,9,2
177(b),Q,L,-0.0041,0.05467,9.5,2
177(b),Q,M,-0.06866,0.02379,15,2
177(b),Q,N,-0.1396,0.0596,9.5,2
177(b),Q,P,-0.9515,0.0027,13,2
177(b),Q,Q,0,0,,2
177(b),Q,R,-0.1485,0.2241,14,2
177(b),Q,S,-0.09244,0.08396,9.5,2
177(b),Q,T,-0.03792,0.09529,11.5,2
177(b),Q,V,0.07781,0.01616,10.5,2
177(b),Q,W,-0.0923,0.1053,11.5,2
177(b),Q,Y,-0.03791,0.0266,13.5,2
178(a),L,A,-0.05103,0.1091,6,2
178(a),L,C,-0.1121,0.03531,9.5,2
178(a),L,D,-0.04458,0.05692,7.5,2
178(a),L,E,0.00599,0.04219,7,2
178(a),L,F,-0.02004,0.03051,6.5,2
178(a),L,G,-0.233,0.1218,12,2
178(a),L,H,0.01835,0.02998,8,2
178(a),L,I,-0.2237,0.1548,7,2
178(a),L,K,0.01605,0.01135,6.5,2
178(a),L,L,0,0,,2
178(a),L,M,0.01806,0.004025,11.5,2
178(a),L,N,0.07118,0.01505,6.5,2
178(a),L,P,-0.04363,0.03859,23.5,2
178(a),L,Q,-0.06492,0.06898,9,2
178(a),L,R,0.03734,0.006065,8.5,2
178(a),L,S,-0.2801,0.04695,8.5,2
178(a),L,T,-0.02331,0.001925,10.5,2
178(a),L,V,0.06005,0.01491,6,2
178(a),L,W,0.01597,0.07895,10,2
178(a),L,Y,0.04782,0.03706,6,2
178(b),H,-,-0.8445,0,3,1
178(b),H,A,-0.0561,0.1187,7,2
178(b),H,C,-0.07863,0.004945,11.5,2
178(b),H,D,-0.1986,0.02165,4.5,2
178(b),H,E,-0.1365,0.06238,6.5,2
178(b),H,F,-0.4334,0.1439,11,2
178(b),H,G,-0.00278,0.03797,9.5,2
178(b),H,H,0,0,,2
178(b),H,I,-0.5572,0.162,8.5,2
178(b),H,K,-0.3114,0.2309,10,2
178(b),H,L,-0.05877,0.1057,13,2
178(b),H,M,-0.01599,0.06888,10,2
178(b),H,N,-0.1625,0.0091,12.5,2
178(b),H,P,-0.3442,0.1014,10,2
178(b),H,Q,-0.2313,0.1765,14.5,2
178(b),H,R,-0.3193,0.0136,16,2
178(b),H,S,-0.04452,0.01277,12.5,2
178(b),H,T,-0.0423,0.02044,11,2
178(b),H,V,-0.1101,0.1402,13,2
178(b),H,W,0.02338,0.04838,13,2
178(b),H,Y,-0.04694,0.06186,19.5,2
179(a),M,A,0.06071,0.02334,11,2
179(a),M,C,-0.02966,0.08824,9.5,2
179(a),M,D,0.02958,0.01152,9,2
179(a),M,E,-0.08462,0.1322,3.5,2
179(a),M,F,-0.1384,0.04734,8,2
179(a),M,G,-0.009825,0.04605,11,2
179(a),M,H,-0.09248,0.09922,5.5,2
179(a),M,I,-0.06346,0.07824,22.5,2
179(a),M,K,-0.00285,0.02324,9,2
179(a),M,L,-0.02921,0.1081,10,2
179(a),M,M,0,0,,2
179(a),M,N,-0.3626,0.3469,7,2
179(a),M,P,-0.0422,0.03796,12.5,2
179(a),M,Q,-0.03436,0.02198,9.5,2
179(a),M,R,0.00137,0.05335,10,2
179(a),M,S,0.05437,0.03118,12.5,2
179(a),M,T,0.01717,3e-05,11.5,2
179(a),M,V,-0.03949,0.04202,14,2
179(a),M,W,-0.08196,0.04895,8,2
179(a),M,Y,-0.02775,0.09265,5.5,2
179(b),A,-,-0.2399,0,3,1
179(b),A,A,0,0,,2
179(b),A,C,-0.03023,0.03735,12,2
179(b),A,D,0.05148,0.00126,10.5,2
179(b),A,E,-2.453,1.473,5.5,2
179(b),A,F,-0.08514,0.05685,12.5,2
179(b),A,G,-0.4637,0.132,4.5,2
179(b),A,H,-0.1209,0.1694,3,2
179(b),A,I,-0.03215,0.04441,13,2
179(b),A,K,-0.09928,0.1407,12.5,2
179(b),A,L,0.04739,0.00211,8,2
179(b),A,M,-0.2375,0.2329,8.5,2
179(b),A,N,-0.03133,0.00219,12,2
179(b),A,P,-0.1087,0.1267,12,2
179(b),A,Q,-0.2959,0.1359,8,2
179(b),A,R,0.02516,0.02732,7.5,2
179(b),A,S,-0.08346,0.1036,17.5,2
179(b),A,T,-0.08054,0.05976,25.5,2
179(b),A,V,0.01945,0.01844,14.5,2
179(b),A,W,-0.05532,0.07198,12,2
179(b),A,Y,-0.04094,0.001295,15,2
18(T2A),N,-,-0.08578,0,1,1
18(T2A),N,D,-0.1846,0.1429,2,2
18(T2A),N,G,0.001235,0.08926,2,2
18(T2A),N,H,-0.2208,0.01985,2.5,2
18(T2A),N,K,-1.713,1.488,1.5,2
18(T2A),N,N,0,0,,2
18(T2A),N,S,-0.8789,0.00175,4,2
18(T2A),N,T,-0.6505,0.7005,2,2
18(a),T,*,-5.806,0,7,2
18(a),T,-,-0.03127,0.04818,1.5,2
18(a),T,A,-0.1538,0.1768,11,2
18(a),T,C,0.00169,0.05052,6,2
18(a),T,D,0.04666,0.03758,8.5,2
18(a),T,E,-0.09596,0.1078,8,2
18(a),T,F,0.05382,0.008585,10,2
18(a),T,G,-0.09565,0.08314,10,2
18(a),T,H,-0.003882,0.004497,14,2
18(a),T,I,-0.02249,0.01634,16.5,2
18(a),T,K,-0.02122,0.04278,11.5,2
18(a),T,L,-0.07331,0.03399,10,2
18(a),T,M,-0.1256,0.09563,7,2
18(a),T,N,0.06938,0.01789,9.5,2
18(a),T,P,-0.141,0.178,11,2
18(a),T,Q,0.03491,0.03551,13.5,2
18(a),T,R,-0.2,0.1509,7.5,2
18(a),T,S,0.02847,0.01792,9.5,2
18(a),T,T,0,0,,2
18(a),T,V,-0.1281,0.1351,9.5,2
18(a),T,W,-0.04088,0.02029,7,2
18(a),T,Y,-0.02871,0.009325,7.5,2
18(b),H,-,-0.2864,0.2531,1.5,2
18(b),H,A,-0.4589,0.2284,7,2
18(b),H,C,-0.5144,0.132,13,2
18(b),H,D,-0.3343,0.1937,13.5,2
18(b),H,E,-0.3985,0.188,10.5,2
18(b),H,F,-0.2372,0.1744,5,2
18(b),H,G,-1.3,0.3275,15.5,2
18(b),H,H,0,0,,2
18(b),H,I,-0.2858,0.03885,13,2
18(b),H,K,-0.2848,0.1814,15,2
18(b),H,L,-0.4771,0.0316,10,2
18(b),H,M,-0.2409,0.1372,10.5,2
18(b),H,N,-0.5143,0.0319,15,2
18(b),H,P,-6,0,14,2
18(b),H,Q,-0.07268,0.04573,10,2
18(b),H,R,-0.1392,0.0264,16,2
18(b),H,S,-0.4652,0.05935,6,2
18(b),H,T,-0.6278,0.3148,10,2
18(b),H,V,-0.9431,0.1839,7,2
18(b),H,W,-0.1827,0.01205,9.5,2
18(b),H,Y,-0.124,0.1342,7.5,2
180(a),T,-,-0.1975,0,0.5,1
180(a),T,A,-0.1844,0.2003,12,2
180(a),T,C,-0.2954,0.35,8.5,2
180(a),T,D,-0.1148,0.04003,9.5,2
180(a),T,E,0.01461,0.0738,10,2
180(a),T,F,0.003255,0.03476,11.5,2
180(a),T,G,-0.2759,0.3576,3,2
180(a),T,H,-0.007755,0.05286,8,2
180(a),T,I,0.00384,0.04768,11.5,2
180(a),T,K,-0.3334,0.3445,7,2
180(a),T,L,0.03917,0.02204,8.5,2
180(a),T,M,-0.07309,0.02841,18.5,2
180(a),T,N,-0.1805,0.1998,9,2
180(a),T,P,0.02683,0.06714,13,2
180(a),T,Q,0.02576,0.05522,4.5,2
180(a),T,R,-0.1059,0.0863,10.5,2
180(a),T,S,-0.1544,0.09851,13.5,2
180(a),T,T,0,0,,2
180(a),T,V,0.0268,0.02322,11,2
180(a),T,W,-0.1245,0.1657,11.5,2
180(a),T,Y,0.04209,0.01711,6.5,2
180(b),S,-,-0.6977,0,3,1
180(b),S,A,-0.01784,0.02991,13,2
180(b),S,C,-0.02027,0.05837,10.5,2
180(b),S,D,-0.1754,0.2554,6,2
180(b),S,E,0.01542,0.01457,10,2
180(b),S,F,-0.3174,0.0092,10.5,2
180(b),S,G,-0.06772,0.01798,8,2
180(b),S,H,-0.05171,0.123,9,2
180(b),S,I,-0.1731,0.06635,7.5,2
180(b),S,K,-0.04798,0.06842,8,2
180(b),S,L,-0.5874,0.01795,4,2
180(b),S,M,-0.21,0.02105,12,2
180(b),S,N,-0.2723,0.3015,8,2
180(b),S,P,-0.05519,0.02282,15,2
180(b),S,Q,-0.2179,0.1895,7,2
180(b),S,R,-0.3078,0.329,5.5,2
180(b),S,S,0,0,,2
180(b),S,T,-0.04927,0.04781,12,2
180(b),S,V,-0.211,0.1704,12,2
180(b),S,W,-0.7112,0.1641,11,2
180(b),S,Y,-0.1794,0.0678,10,2
181(a),H,-,-0.1427,0,0.5,1
181(a),H,A,0.02457,0.03408,7,2
181(a),H,C,-0.2785,0.2012,5.5,2
181(a),H,D,-0.00915,0.06435,13.5,2
181(a),H,E,-0.1056,0.1693,8,2
181(a),H,F,-0.1657,0.08224,7.5,2
181(a),H,G,-0.03356,0.02563,11,2
181(a),H,H,0,0,,2
181(a),H,I,0.003675,0.04258,10.5,2
181(a),H,K,0.02634,0.02276,7,2
181(a),H,L,-0.2177,0.1589,11,2
181(a),H,M,-0.1426,0.1628,7.5,2
181(a),H,N,-0.00941,0.04066,9.5,2
181(a),H,P,-0.00329,0.07814,7,2
181(a),H,Q,0.04714,0.05546,6.5,2
181(a),H,R,-0.3695,0.1427,8,2
181(a),H,S,0.000915,0.04532,13,2
181(a),H,T,-0.07544,0.07346,6.5,2
181(a),H,V,-0.06633,0.1092,11,2
181(a),H,W,-0.1785,0.1496,18.5,2
181(a),H,Y,-0.2818,0.2087,10.5,2
181(b),L,-,-0.3547,0,3,1
181(b),L,A,-0.0481,0.0875,8,2
181(b),L,C,-0.00996,0.06347,13,2
181(b),L,D,0.06548,0.03103,6.5,2
181(b),L,E,-0.03471,0.07068,10,2
181(b),L,F,0.01775,0.01572,8,2
181(b),L,G,-0.08244,0.06396,6.5,2
181(b),L,H,-0.0872,0.0633,11,2
181(b),L,I,-0.4353,0.2258,13,2
181(b),L,K,0.05764,0.02563,6,2
181(b),L,L,0,0,,2
181(b),L,M,0.005475,0.05645,8.5,2
181(b),L,N,-0.08928,0.01292,9,2
181(b),L,P,-0.278,0.3231,11.5,2
181(b),L,Q,0.01393,0.02896,5.5,2
181(b),L,R,0.01361,0.03572,9.5,2
181(b),L,S,0.06614,0.01798,11,2
181(b),L,T,-0.1741,0.2292,9,2
181(b),L,V,-0.01272,0.06388,14,2
181(b),L,W,0.06246,0.006665,6.5,2
181(b),L,Y,-0.1118,0.03762,7,2
182(a),W,*,-5.949,0,21.5,2
182(a),W,-,-0.01765,0,1,1
182(a),W,A,0.03704,0.02843,11,2
182(a),W,C,-0.4128,0.04655,11.5,2
182(a),W,D,-0.3196,0.03565,11.5,2
182(a),W,E,-0.1318,0.04678,11.5,2
182(a),W,F,-0.1327,0.1226,8.5,2
182(a),W,G,-0.5328,0.0551,6,2
182(a),W,H,-0.05987,0.1008,9,2
182(a),W,I,0.06528,0.01798,5.5,2
182(a),W,K,-0.3479,0.2698,3.5,2
182(a),W,L,-0.2315,0.1218,11,2
182(a),W,M,0.01137,0.0309,12,2
182(a),W,N,-0.05133,0.07508,8,2
182(a),W,P,-0.8584,0.0336,7.5,2
182(a),W,Q,-0.6474,0.4755,7.5,2
182(a),W,R,-0.7089,0.1601,22,2
182(a),W,S,-0.01958,0.1138,12,2
182(a),W,T,-0.2806,0.1209,11.5,2
182(a),W,V,-0.07217,0.09313,11,2
182(a),W,W,0,0,,2
182(a),W,Y,-0.05187,0.1027,11,2
182(b),K,*,-3.307,0,0.5,1
182(b),K,-,-0.03221,0,2,1
182(b),K,A,-0.1523,0.1066,10,2
182(b),K,C,-0.2147,0.2137,11,2
182(b),K,D,-0.205,0.1822,9,2
182(b),K,E,-0.1046,0.06613,13.5,2
182(b),K,F,-0.2,0.1551,10.5,2
182(b),K,G,-0.154,0.1681,10,2
182(b),K,H,-0.01247,0.07392,8.5,2
182(b),K,I,0.05962,0.02208,7.5,2
182(b),K,K,0,0,,2
182(b),K,L,-0.1741,0.07385,13.5,2
182(b),K,M,0.009835,0.04977,9.5,2
182(b),K,N,0.01066,0.03912,16,2
182(b),K,P,0.0276,0.06037,9,2
182(b),K,Q,-0.02674,0.003345,12,2
182(b),K,R,-0.2369,0.07115,18.5,2
182(b),K,S,-0.07319,0.09111,9,2
182(b),K,T,0.07555,0.01392,8,2
182(b),K,V,-0.000379,0.0008521,8.5,2
182(b),K,W,-0.07422,0.06298,11,2
182(b),K,Y,-0.04482,0.01461,9.5,2
183(a),E,*,-5.562,0,1.5,1
183(a),E,-,-0.1563,0,1,1
183(a),E,A,-0.07507,0.03223,10.5,2
183(a),E,C,-0.09945,0.07125,12,2
183(a),E,D,0.02204,0.06687,9.5,2
183(a),E,E,0,0,,2
183(a),E,F,-0.04185,0.05439,12,2
183(a),E,G,0.02517,0.05474,14,2
183(a),E,H,-0.0156,0.0909,6.5,2
183(a),E,I,0.02274,0.05589,6.5,2
183(a),E,K,0.04719,0.009605,16,2
183(a),E,L,-0.02441,0.07599,8.5,2
183(a),E,M,0.01747,0.04357,8.5,2
183(a),E,N,0.04899,0.002005,9,2
183(a),E,P,-0.4158,0.1908,11,2
183(a),E,Q,-0.1179,0.2174,7.5,2
183(a),E,R,-0.09825,0.03314,11,2
183(a),E,S,0.01188,0.02323,11.5,2
183(a),E,T,0.04397,0.01107,7.5,2
183(a),E,V,-0.1394,0.1578,11.5,2
183(a),E,W,-0.07597,0.05053,11.5,2
183(a),E,Y,0.0216,0.04748,7,2
183(b),S,-,-0.0856,0,2,1
183(b),S,A,0.03847,0.02349,8,2
183(b),S,C,-0.143,0.05705,13,2
183(b),S,D,-0.00028,0.01997,7,2
183(b),S,E,-0.1906,0.2341,7.5,2
183(b),S,F,-0.1191,0.06944,15.5,2
183(b),S,G,-0.00838,0.02021,12.5,2
183(b),S,H,-0.02244,0.03196,12.5,2
183(b),S,I,0.03483,0.001685,12.5,2
183(b),S,K,0.04228,0.03762,8.5,2
183(b),S,L,-0.04038,0.06982,11.5,2
183(b),S,M,0.06382,0.02817,7.5,2
183(b),S,N,0.007908,0.01358,17,2
183(b),S,P,-0.04594,0.00221,5.5,2
183(b),S,Q,-0.05932,0.106,9,2
183(b),S,R,-0.0605,0.0698,14,2
183(b),S,S,0,0,,2
183(b),S,T,-0.09624,0.01756,12,2
183(b),S,V,0.01139,0.0747,8.5,2
183(b),S,W,-0.03525,0.02246,6.5,2
183(b),S,Y,0.002505,0.03551,9,2
184(a),P,-,0.05132,0,1,1
184(a),P,A,0.03681,0.01375,8,2
184(a),P,C,-0.2949,0.2011,7,2
184(a),P,D,0.03997,0.005545,10.5,2
184(a),P,E,-0.0437,0.01708,11.5,2
184(a),P,F,0.0022,0.01984,7,2
184(a),P,G,-0.01185,0.1129,9.5,2
184(a),P,H,0.03563,0.01868,9,2
184(a),P,I,-0.05544,0.03962,9.5,2
184(a),P,K,-0.02414,0.03832,12,2
184(a),P,L,-0.01043,0.02037,11,2
184(a),P,M,0.0327,0.03001,10,2
184(a),P,N,-0.1472,0.1912,8.5,2
184(a),P,P,0,0,,2
184(a),P,Q,0.02805,0.04487,16.5,2
184(a),P,R,-0.00453,0.01,12,2
184(a),P,S,0.02903,0.01499,16.5,2
184(a),P,T,-0.08818,0.03672,13.5,2
184(a),P,V,-0.02187,0.05565,10.5,2
184(a),P,W,-0.007355,0.02558,8,2
184(a),P,Y,-0.0325,0.0124,11.5,2
184(b),P,-,-0.1107,0,2,1
184(b),P,A,-0.1008,0.07179,6.5,2
184(b),P,C,-0.08733,0.1476,7.5,2
184(b),P,D,-0.03835,0.02454,5.5,2
184(b),P,E,-0.1827,0.1744,7,2
184(b),P,F,-0.0195,0.04463,12,2
184(b),P,G,-0.01414,0.05942,12.5,2
184(b),P,H,-0.02279,0.02382,24,2
184(b),P,I,-0.1751,0.1859,8.5,2
184(b),P,K,0.03717,0.02749,9,2
184(b),P,L,-0.01962,0.000905,13.5,2
184(b),P,M,0.02159,0.03393,8.5,2
184(b),P,N,-0.08419,0.1218,8.5,2
184(b),P,P,0,0,,2
184(b),P,Q,0.07418,0.02001,9.5,2
184(b),P,R,-0.05581,0.03411,16,2
184(b),P,S,-0.06405,0.00847,12,2
184(b),P,T,-0.1687,0.1116,9.5,2
184(b),P,V,-0.04929,0.008895,9,2
184(b),P,W,-0.06851,0.04629,4.5,2
184(b),P,Y,-0.2506,0.2618,8.5,2
185(a),Q,*,-5.728,0,1,2
185(a),Q,-,-0.1633,0,0.5,1
185(a),Q,A,-0.1108,0.08111,8.5,2
185(a),Q,C,-0.00304,0.09604,9.5,2
185(a),Q,D,-0.4474,0.09755,8.5,2
185(a),Q,E,-0.05102,0.06158,11,2
185(a),Q,F,-0.02555,0.008245,14,2
185(a),Q,G,-0.04105,0.08885,7,2
185(a),Q,H,-0.025,0.02409,12,2
185(a),Q,I,-0.08915,0.09255,12.5,2
185(a),Q,K,0.02942,0.0189,8,2
185(a),Q,L,-0.1553,0.1423,11,2
185(a),Q,M,-0.1224,0.08454,13.5,2
185(a),Q,N,-0.05308,0.02445,10,2
185(a),Q,P,-0.07721,0.1048,7.5,2
185(a),Q,Q,0,0,,2
185(a),Q,R,0.03843,0.005575,27,2
185(a),Q,S,-0.3273,0.4014,11.5,2
185(a),Q,T,-0.04679,0.04255,8.5,2
185(a),Q,V,0.05639,0.00109,8.5,2
185(a),Q,W,-0.112,0.05241,8,2
185(a),Q,Y,0.03138,0.04058,12,2
185(b),I,-,-0.06382,0.04737,2.5,2
185(b),I,A,0.02552,0.00947,9,2
185(b),I,C,-0.1516,0.09124,8,2
185(b),I,D,-0.05725,0.06455,11,2
185(b),I,E,-0.0314,0.12,9,2
185(b),I,F,-0.1078,0.03562,8,2
185(b),I,G,0.00495,0.02856,8.5,2
185(b),I,H,0.03108,0.02366,8.5,2
185(b),I,I,0,0,,2
185(b),I,K,0.03827,0.01346,11.5,2
185(b),I,L,0.03502,0.00613,10,2
185(b),I,M,0.03878,0.02568,13.5,2
185(b),I,N,0.01886,0.03377,15,2
185(b),I,P,-0.02673,0.08507,8,2
185(b),I,Q,0.009907,0.004863,11,2
185(b),I,R,0.002362,0.003038,8.5,2
185(b),I,S,-0.4212,0.5079,9.5,2
185(b),I,T,-0.05959,0.07521,8,2
185(b),I,V,-0.1102,0.1014,16.5,2
185(b),I,W,-0.231,0.1386,11.5,2
185(b),I,Y,0.04158,0.004645,13.5,2
186(a),V,A,-0.05806,0.1144,7.5,2
186(a),V,C,-0.4823,0.074,9.5,2
186(a),V,D,-0.174,0.197,7,2
186(a),V,E,-0.02301,0.0463,13.5,2
186(a),V,F,0.01832,0.06248,11.5,2
186(a),V,G,-0.06442,0.1239,7.5,2
186(a),V,H,0.03261,0.04281,6,2
186(a),V,I,0.01012,0.02281,6,2
186(a),V,K,0.06273,0.005835,7.5,2
186(a),V,L,0.00885,0.03033,10.5,2
186(a),V,M,0.03858,0.05018,16,2
186(a),V,N,0.04293,0.00792,8.5,2
186(a),V,P,-0.02132,0.08188,8,2
186(a),V,Q,0.04797,0.006405,8,2
186(a),V,R,0.02986,0.02679,6,2
186(a),V,S,0.009455,0.03927,9,2
186(a),V,T,0.05215,0.00311,10,2
186(a),V,V,0,0,,2
186(a),V,W,-0.1369,0.1901,8.5,2
186(a),V,Y,0.004463,0.001533,7.5,2
186(b),T,-,0.01787,0.01876,1.5,2
186(b),T,A,-0.08338,0.00945,14.5,2
186(b),T,C,0.03275,0.01639,11.5,2
186(b),T,D,0.04602,0.04322,11,2
186(b),T,E,-0.08367,0.126,7.5,2
186(b),T,F,-0.03927,0.0476,9,2
186(b),T,G,-0.07348,0.04912,6,2
186(b),T,H,-0.1305,0.03694,9.5,2
186(b),T,I,-0.04106,0.02906,18.5,2
186(b),T,K,0.07541,0.02041,6.5,2
186(b),T,L,-0.0005,0.03316,11.5,2
186(b),T,M,0.04396,0.01882,9,2
186(b),T,N,-0.1436,0.06585,11,2
186(b),T,P,-0.3132,0.3011,8,2
186(b),T,Q,-0.07033,0.00067,8,2
186(b),T,R,-0.08085,0.03966,6,2
186(b),T,S,0.06649,0.02718,11.5,2
186(b),T,T,0,0,,2
186(b),T,V,-0.09354,0.1346,7.5,2
186(b),T,W,-0.01108,0.0244,13.5,2
186(b),T,Y,-0.06707,0.04063,13.5,2
187(a),P,A,0.05555,0.024,7.5,2
187(a),P,C,-0.03434,0.07286,7.5,2
187(a),P,D,-0.0243,0.0134,10,2
187(a),P,E,-0.1143,0.02581,12.5,2
187(a),P,F,-0.04231,0.0667,8.5,2
187(a),P,G,-0.02205,0.05331,7,2
187(a),P,H,-0.09682,0.01268,9.5,2
187(a),P,I,-0.01045,0.03658,11,2
187(a),P,K,0.007335,0.02005,7,2
187(a),P,L,0.008825,0.08034,11,2
187(a),P,M,-0.03583,0.08236,10,2
187(a),P,N,-0.03814,0.06867,6.5,2
187(a),P,P,0,0,,2
187(a),P,Q,-0.01876,0.03504,9.5,2
187(a),P,R,-0.2095,0.0715,8,2
187(a),P,S,-0.02794,0.00431,25.5,2
187(a),P,T,-0.0152,0.01349,11.5,2
187(a),P,V,-0.1255,0.1363,7.5,2
187(a),P,W,-0.06089,0.1543,10.5,2
187(a),P,Y,-0.02218,0.02241,13,2
187(b),Y,*,-4.894,0,3,2
187(b),Y,-,-2.187,1.505,2,2
187(b),Y,A,-0.1046,0.07236,7.5,2
187(b),Y,C,0.07404,0.02369,12,2
187(b),Y,D,0.04408,0.02013,7.5,2
187(b),Y,E,-0.1311,0.07939,9.5,2
187(b),Y,F,0.0275,0.06228,5,2
187(b),Y,G,0.07448,0.01784,11.5,2
187(b),Y,H,0.0112,0.02812,17.5,2
187(b),Y,I,0.03538,0.009955,11,2
187(b),Y,K,0.00968,0.03559,12,2
187(b),Y,L,0.07207,0.03203,9.5,2
187(b),Y,M,0.01447,0.001025,10,2
187(b),Y,N,-0.07719,0.05652,14.5,2
187(b),Y,P,-0.02576,0.02538,7.5,2
187(b),Y,Q,0.02702,0.03106,8.5,2
187(b),Y,R,-0.05215,0.05955,13.5,2
187(b),Y,S,-0.02119,0.05999,6,2
187(b),Y,T,0.01495,0.03856,7.5,2
187(b),Y,V,-0.04008,0.08422,9.5,2
187(b),Y,W,-0.1521,0.0507,17,2
187(b),Y,Y,0,0,,2
188(a),L,A,-0.02496,0.08504,9.5,2
188(a),L,C,-0.2716,0.2152,9.5,2
188(a),L,D,0.07084,0.0141,10.5,2
188(a),L,E,0.03825,0.04277,8.5,2
188(a),L,F,0.07501,0.02432,12.5,2
188(a),L,G,-0.04216,0.07724,10,2
188(a),L,H,-0.1274,0.2124,11,2
188(a),L,I,-0.007155,0.04482,12.5,2
188(a),L,K,-0.008549,0.01129,8,2
188(a),L,L,0,0,,2
188(a),L,M,0.01397,0.02115,11,2
188(a),L,N,0.01557,0.0147,13,2
188(a),L,P,-0.05553,0.00094,12.5,2
188(a),L,Q,0.07622,0.01811,5,2
188(a),L,R,-0.06093,0.04607,10,2
188(a),L,S,0.02543,0.05901,13.5,2
188(a),L,T,-0.2218,0.012,7.5,2
188(a),L,V,0.03138,0.04705,10.5,2
188(a),L,W,0.01079,0.02298,1,2
188(a),L,Y,-0.06169,0.006475,14.5,2
188(b),E,*,-5.919,0,3,2
188(b),E,-,-0.07577,0.00674,1.5,2
188(b),E,A,-0.1676,0.0066,14,2
188(b),E,C,-0.1164,0.06334,11,2
188(b),E,D,0.02355,0.03221,11,2
188(b),E,E,0,0,,2
188(b),E,F,0.04398,0.01007,7,2
188(b),E,G,0.05651,0.02916,13.5,2
188(b),E,H,-0.01079,0.0657,12.5,2
188(b),E,I,-0.1081,0.03113,14.5,2
188(b),E,K,-0.08562,0.1141,17,2
188(b),E,L,0.019,0.03671,11,2
188(b),E,M,-0.3468,0.09915,7.5,2
188(b),E,N,0.03005,0.0325,11.5,2
188(b),E,P,-0.01159,0.03142,11.5,2
188(b),E,Q,0.02403,0.01232,8,2
188(b),E,R,0.03336,0.00195,9,2
188(b),E,S,0.02666,0.05271,9,2
188(b),E,T,0.03494,0.03791,9.5,2
188(b),E,V,-0.2271,0.221,13,2
188(b),E,W,-0.337,0.1263,8.5,2
188(b),E,Y,-0.1613,0.1871,8.5,2
189(a),P,-,0.07188,0,0.5,1
189(a),P,A,-0.112,0.0033,9,2
189(a),P,C,-0.2415,0.0132,6.5,2
189(a),P,D,0.01565,0.06079,14.5,2
189(a),P,E,-0.3323,0.2243,7.5,2
189(a),P,F,-0.1051,0.1407,13,2
189(a),P,G,-0.0307,0.00677,7,2
189(a),P,H,-0.04297,0.006725,10.5,2
189(a),P,I,0.07229,0.02615,8.5,2
189(a),P,K,-0.0013,0.04938,7.5,2
189(a),P,L,-0.2279,0.2909,10,2
189(a),P,M,-0.002675,0.05696,13.5,2
189(a),P,N,-0.1153,0.1282,9.5,2
189(a),P,P,0,0,,2
189(a),P,Q,-0.06963,0.1443,8.5,2
189(a),P,R,0.007865,0.02429,17.5,2
189(a),P,S,-0.1149,0.1697,19,2
189(a),P,T,-0.1925,0.2141,11.5,2
189(a),P,V,0.04503,0.00959,11.5,2
189(a),P,W,-0.4001,0.4474,11,2
189(a),P,Y,-0.047,0.04819,11.5,2
189(b),W,*,-5.901,0,27,2
189(b),W,-,-0.01431,0.04017,1.5,2
189(b),W,A,0.04811,0.03901,8,2
189(b),W,C,-0.1873,0.0877,12,2
189(b),W,D,-0.2451,0.0544,7.5,2
189(b),W,E,-0.439,0.2299,8.5,2
189(b),W,F,-0.1372,0.087,7,2
189(b),W,G,-0.428,0.125,4.5,2
189(b),W,H,-0.3453,0.406,8,2
189(b),W,I,-0.2072,0.06415,11.5,2
189(b),W,K,-0.38,0.00075,9.5,2
189(b),W,L,-0.1392,0.04121,11,2
189(b),W,M,-0.3075,0.02495,11.5,2
189(b),W,N,-0.1186,0.06242,8,2
189(b),W,P,-0.2512,0.3096,10,2
189(b),W,Q,-0.4137,0.3901,11.5,2
189(b),W,R,-0.1308,0.1533,8.5,2
189(b),W,S,-0.225,0.2652,11,2
189(b),W,T,-0.2869,0.252,13.5,2
189(b),W,V,-0.09631,0.07768,8.5,2
189(b),W,W,0,0,,2
189(b),W,Y,-0.004061,0.01064,9,2
19(T2A),P,-,-0.03614,0,0.5,1
19(T2A),P,L,-0.462,0,1,1
19(T2A),P,P,0,0,,2
19(T2A),P,R,-0.1463,0,0.5,1
19(T2A),P,S,-0.4981,0.05285,2.5,2
19(T2A),P,T,-0.5085,0,1,1
19(a),H,*,-5.66,0,5,2
19(a),H,-,-0.4107,0.4152,2,2
19(a),H,A,-0.06156,0.1103,10,2
19(a),H,C,-0.3005,0.2152,11.5,2
19(a),H,D,-0.02987,0.01583,9,2
19(a),H,E,0.02567,0.01507,12,2
19(a),H,F,0.01041,0.01792,7.5,2
19(a),H,G,-0.2867,0.2202,4,2
19(a),H,H,0,0,,2
19(a),H,I,-0.1507,0.04035,10.5,2
19(a),H,K,-0.1817,0.1919,4,2
19(a),H,L,-0.09933,0.141,6.5,2
19(a),H,M,-0.09356,0.1718,6.5,2
19(a),H,N,-0.0581,0.1614,10.5,2
19(a),H,P,-0.3693,0.0289,12,2
19(a),H,Q,-0.06597,0.1071,10.5,2
19(a),H,R,-0.0309,0.03549,21,2
19(a),H,S,0.05349,0.004165,7,2
19(a),H,T,-0.3214,0.376,5.5,2
19(a),H,V,-0.1406,0.1737,7,2
19(a),H,W,-0.2962,0.1112,4,2
19(a),H,Y,-0.08052,0.08138,12.5,2
19(b),Y,*,-3.231,1.18,1,2
19(b),Y,-,-0.4083,0.3543,2,2
19(b),Y,A,-1.468,0.2775,7.5,2
19(b),Y,C,-1.277,0.0455,19,2
19(b),Y,D,-3.5,0,6.5,2
19(b),Y,E,-2.606,0.2475,12,2
19(b),Y,F,-0.004905,0.04614,13.5,2
19(b),Y,G,-1.916,0.117,13.5,2
19(b),Y,H,-0.8962,0.07075,13.5,2
19(b),Y,I,-0.9868,0.03925,9.5,2
19(b),Y,K,-1.609,0.1475,11,2
19(b),Y,L,-0.5814,0.02745,14.5,2
19(b),Y,M,-0.6233,0.2595,14,2
19(b),Y,N,-1.598,0.2635,12,2
19(b),Y,P,-3.441,0,7,2
19(b),Y,Q,-1.368,0.125,9,2
19(b),Y,R,-1.942,0.1425,6.5,2
19(b),Y,S,-1.438,0.0425,5.5,2
19(b),Y,T,-1.417,0.0245,11,2
19(b),Y,V,-0.9664,0.1246,10,2
19(b),Y,W,-0.4791,0.0016,13,2
19(b),Y,Y,0,0,,2
190(a),V,-,0.07136,0,0.5,1
190(a),V,A,-0.01857,0.06189,12.5,2
190(a),V,C,-0.5898,0.0869,9.5,2
190(a),V,D,-0.08891,0.09029,10,2
190(a),V,E,0.004347,0.003876,9.5,2
190(a),V,F,-0.08549,0.08091,8.5,2
190(a),V,G,0.03077,0.00418,8.5,2
190(a),V,H,0.008685,0.03513,10.5,2
190(a),V,I,-0.2226,0.2553,7.5,2
190(a),V,K,-0.000155,0.0555,7,2
190(a),V,L,-0.3206,0.161,11.5,2
190(a),V,M,-0.006626,0.006794,23.5,2
190(a),V,N,-0.1958,0.1929,9.5,2
190(a),V,P,-0.02327,0.06396,9,2
190(a),V,Q,0.06024,0.00437,8.5,2
190(a),V,R,-0.1705,0.2222,7,2
190(a),V,S,-0.05373,0.09396,8,2
190(a),V,T,-0.149,0.192,7.5,2
190(a),V,V,0,0,,2
190(a),V,W,-0.0948,0.136,6,2
190(a),V,Y,-0.2745,0.1801,8,2
190(b),V,-,-0.0557,0.02616,2.5,2
190(b),V,A,-0.06597,0.1097,13.5,2
190(b),V,C,-0.00594,0.0679,12,2
190(b),V,D,-0.1354,0.04358,8,2
190(b),V,E,-0.007605,0.0368,8,2
190(b),V,F,-0.07432,0.1151,11,2
190(b),V,G,-0.02533,0.02676,8.5,2
190(b),V,H,0.03975,0.000655,11.5,2
190(b),V,I,-0.0968,0.0878,7.5,2
190(b),V,K,-0.1958,0.2639,6.5,2
190(b),V,L,-0.09738,0.1303,15.5,2
190(b),V,M,0.01117,0.0317,16,2
190(b),V,N,-0.1872,0.14,9,2
190(b),V,P,-0.1756,0.1314,11,2
190(b),V,Q,0.03855,0.01937,8.5,2
190(b),V,R,0.04018,0.02429,7,2
190(b),V,S,-0.2193,0.2397,7.5,2
190(b),V,T,-0.2038,0.2931,10,2
190(b),V,V,0,0,,2
190(b),V,W,-0.05235,0.08415,7,2
190(b),V,Y,-0.008856,0.01519,9,2
191(a),S,A,-0.001445,0.03689,9.5,2
191(a),S,C,-0.5011,0.4574,7,2
191(a),S,D,0.0457,0.04205,6,2
191(a),S,E,-0.1323,0.2158,3.5,2
191(a),S,F,-0.01745,0.06236,12,2
191(a),S,G,-0.08248,0.08792,12.5,2
191(a),S,H,-0.03165,0.08394,13.5,2
191(a),S,I,-0.1866,0.03145,12,2
191(a),S,K,0.0226,0.02422,15.5,2
191(a),S,L,-0.1388,0.1641,10.5,2
191(a),S,M,-0.008015,0.02447,7,2
191(a),S,N,-0.05363,0.06177,11,2
191(a),S,P,-0.07855,0.1407,12,2
191(a),S,Q,0.001545,0.03611,14,2
191(a),S,R,0.02776,0.009895,8.5,2
191(a),S,S,0,0,,2
191(a),S,T,0.04126,0.06034,13,2
191(a),S,V,0.0354,0.01021,11.5,2
191(a),S,W,0.02738,0.01125,10,2
191(a),S,Y,-0.2075,0.1993,12,2
191(b),L,-,-0.03711,0.01441,3,2
191(b),L,A,0.02241,0.02163,7.5,2
191(b),L,C,0.06296,0.02294,6.5,2
191(b),L,D,-0.01253,0.00893,7,2
191(b),L,E,-0.00034,0.01545,5,2
191(b),L,F,-0.1736,0.07385,6,2
191(b),L,G,-0.2848,0.3845,7.5,2
191(b),L,H,-0.01393,0.003865,12,2
191(b),L,I,-0.05779,0.09262,7,2
191(b),L,K,0.001779,0.009952,11,2
191(b),L,L,0,0,,2
191(b),L,M,-0.1021,0.06362,11.5,2
191(b),L,N,0.02093,0.04083,11,2
191(b),L,P,-0.1448,0.1805,10,2
191(b),L,Q,0.005016,0.0133,10,2
191(b),L,R,0.01154,0.04487,9,2
191(b),L,S,-0.0127,0.00956,7,2
191(b),L,T,0.02223,0.02785,9.5,2
191(b),L,V,0.008165,0.001644,9,2
191(b),L,W,-0.04968,0.03508,5.5,2
191(b),L,Y,-0.1677,0.2598,10,2
192(a),E,*,-5.716,0,2,2
192(a),E,A,0.03281,0.05142,8.5,2
192(a),E,C,-0.5195,0.1584,8,2
192(a),E,D,-0.0369,0.0632,13.5,2
192(a),E,E,0,0,,2
192(a),E,F,-0.3437,0.1929,12.5,2
192(a),E,G,-0.001527,0.01072,22,2
192(a),E,H,0.03732,0.01335,8,2
192(a),E,I,-0.4628,0.1515,16.5,2
192(a),E,K,0.009892,0.01686,27,2
192(a),E,L,-0.3533,0.2451,6,2
192(a),E,M,-0.2067,0.04135,10,2
192(a),E,N,0.03649,0.02738,5.5,2
192(a),E,P,0.01527,0.02093,9,2
192(a),E,Q,0.01503,0.01016,11,2
192(a),E,R,-0.02416,0.04046,12.5,2
192(a),E,S,-0.08919,0.0717,13,2
192(a),E,T,0.0516,0.004705,8.5,2
192(a),E,V,-0.2799,0.2505,10.5,2
192(a),E,W,-0.2164,0.1789,9,2
192(a),E,Y,-0.219,0.2433,7.5,2
192(b),P,-,-0.09174,0.07695,3,2
192(b),P,A,0.04862,0.03532,12,2
192(b),P,C,-0.1452,0.09289,9.5,2
192(b),P,D,-0.3286,0.1667,12,2
192(b),P,E,-0.3702,0.1932,9.5,2
192(b),P,F,0.02836,0.02997,13,2
192(b),P,G,-0.1383,0.04338,10,2
192(b),P,H,-0.04385,0.02677,11.5,2
192(b),P,I,-0.1703,0.2184,9,2
192(b),P,K,-0.0712,0.0389,12,2
192(b),P,L,-0.1481,0.1133,10,2
192(b),P,M,-0.06967,0.08183,9.5,2
192(b),P,N,-0.05188,0.06463,4,2
192(b),P,P,0,0,,2
192(b),P,Q,-0.03054,0.06603,12.5,2
192(b),P,R,-0.00464,0.04679,14,2
192(b),P,S,-0.02406,0.005325,20.5,2
192(b),P,T,-0.1753,0.1412,13,2
192(b),P,V,0.001855,0.02053,8.5,2
192(b),P,W,-0.09792,0.09508,9,2
192(b),P,Y,-0.1144,0.1396,7.5,2
193(a),S,A,-0.3942,0.3789,12,2
193(a),S,C,-0.3057,0.1031,12,2
193(a),S,D,-0.02309,0.00203,10,2
193(a),S,E,-0.1377,0.12,10.5,2
193(a),S,F,-0.01998,0.07276,6,2
193(a),S,G,-0.004175,0.03445,14.5,2
193(a),S,H,0.06759,0.00344,7,2
193(a),S,I,-0.04879,0.07371,15.5,2
193(a),S,K,-0.1517,0.02755,8,2
193(a),S,L,-0.08638,0.04612,12,2
193(a),S,M,-0.2354,0.06325,12.5,2
193(a),S,N,-0.04703,0.02684,26.5,2
193(a),S,P,0.04585,0.04184,12,2
193(a),S,Q,0.05825,0.03147,7.5,2
193(a),S,R,0.04782,0.0406,9,2
193(a),S,S,0,0,,2
193(a),S,T,-0.2379,0.2699,13,2
193(a),S,V,0.01374,0.01023,8,2
193(a),S,W,-0.09577,0.03462,9,2
193(a),S,Y,0.009645,0.03658,9.5,2
193(b),A,-,-0.1401,0.0638,4,2
193(b),A,A,0,0,,2
193(b),A,C,0.0112,0.01581,9,2
193(b),A,D,-0.02923,0.04207,8.5,2
193(b),A,E,0.03776,0.01469,6.5,2
193(b),A,F,-0.03603,0.01063,9,2
193(b),A,G,-0.02679,0.01251,10,2
193(b),A,H,0.01536,0.0236,11,2
193(b),A,I,-0.04372,0.02006,10,2
193(b),A,K,0.006595,0.04171,11.5,2
193(b),A,L,-0.1301,0.2086,12.5,2
193(b),A,M,0.02141,0.004795,9,2
193(b),A,N,0.0009,0.01293,10,2
193(b),A,P,-0.2429,0.00635,9,2
193(b),A,Q,-0.03231,0.05554,8,2
193(b),A,R,0.03762,0.0175,8.5,2
193(b),A,S,0.0018,0.02274,11,2
193(b),A,T,-0.01673,0.008957,27,2
193(b),A,V,0.006305,0.02239,25.5,2
193(b),A,W,0.04814,0.00021,8.5,2
193(b),A,Y,-0.4753,0.4468,7,2
194(a),T,A,0.02314,0.001385,10.5,2
194(a),T,C,-0.6195,0.05235,9,2
194(a),T,D,0.002925,0.05,9.5,2
194(a),T,E,-0.1359,0.1913,10.5,2
194(a),T,F,-0.09208,0.1348,11.5,2
194(a),T,G,-0.0838,0.09869,14.5,2
194(a),T,H,0.008982,0.000607,8,2
194(a),T,I,0.02817,0.02687,15,2
194(a),T,K,0.04959,0.02136,1.5,2
194(a),T,L,-0.2484,0.2112,11.5,2
194(a),T,M,-0.1348,0.04799,8,2
194(a),T,N,0.05897,0.005885,9.5,2
194(a),T,P,0.06432,0.02431,10.5,2
194(a),T,Q,-0.02964,0.04942,14,2
194(a),T,R,0.01466,0.04457,11.5,2
194(a),T,S,-0.01374,0.1038,11,2
194(a),T,T,0,0,,2
194(a),T,V,-0.3201,0.2414,7.5,2
194(a),T,W,-0.0848,0.0645,10.5,2
194(a),T,Y,0.02892,0.004245,10,2
194(b),D,-,-0.1158,0.08962,4.5,2
194(b),D,A,0.0264,0.01949,7.5,2
194(b),D,C,-0.4583,0.4715,8.5,2
194(b),D,D,0,0,,2
194(b),D,E,-0.04954,0.1247,10.5,2
194(b),D,F,-0.2151,0.0932,10,2
194(b),D,G,0.01532,0.03141,19.5,2
194(b),D,H,0.05352,0.00121,10,2
194(b),D,I,-0.3396,0.2165,12,2
194(b),D,K,0.03995,0.02365,8,2
194(b),D,L,-0.02531,0.04908,5,2
194(b),D,M,-0.05378,0.08281,5.5,2
194(b),D,N,-0.05624,0.03243,25,2
194(b),D,P,0.01679,0.06404,9,2
194(b),D,Q,-0.01317,0.01951,12,2
194(b),D,R,0.04616,0.03139,8,2
194(b),D,S,-0.05516,0.104,9,2
194(b),D,T,0.02421,0.02398,7.5,2
194(b),D,V,0.06142,0.00963,13,2
194(b),D,W,-0.2509,0.1403,10,2
194(b),D,Y,-0.1061,0.06357,9.5,2
195(a),E,*,-6.003,0,3.5,2
195(a),E,A,0.05027,0.006345,11.5,2
195(a),E,C,-0.02965,0.09025,12,2
195(a),E,D,0.02993,0.04753,6.5,2
195(a),E,E,0,0,,2
195(a),E,F,-0.005667,0.006063,10.5,2
195(a),E,G,-0.0451,0.02688,10,2
195(a),E,H,-0.04245,0.06035,9,2
195(a),E,I,0.04735,0.01171,9,2
195(a),E,K,-0.01043,0.003193,29,2
195(a),E,L,-0.02743,0.0657,9.5,2
195(a),E,M,-0.02495,0.09725,9.5,2
195(a),E,N,0.00315,0.0342,17,2
195(a),E,P,-0.04307,0.04114,9.5,2
195(a),E,Q,0.06666,0.02153,7,2
195(a),E,R,-0.08985,0.1473,8,2
195(a),E,S,-0.1667,0.2074,6.5,2
195(a),E,T,0.01018,0.009666,10.5,2
195(a),E,V,-0.08104,0.1339,11.5,2
195(a),E,W,0.0234,0.02307,9.5,2
195(a),E,Y,0.05096,0.006555,11,2
195(b),A,-,-0.09731,0.00419,5.5,2
195(b),A,A,0,0,,2
195(b),A,C,0.01654,0.03094,15.5,2
195(b),A,D,-0.1931,0.2757,10,2
195(b),A,E,-0.1448,0.1251,6,2
195(b),A,F,-0.372,0.03785,10.5,2
195(b),A,G,0.007315,0.02121,10.5,2
195(b),A,H,0.02438,0.02243,11,2
195(b),A,I,0.01181,0.07673,7.5,2
195(b),A,K,-0.03341,0.055,9,2
195(b),A,L,-0.04552,0.05259,12.5,2
195(b),A,M,-0.08153,0.08017,10,2
195(b),A,N,0.006145,0.04396,6,2
195(b),A,P,-0.02565,0.006855,15,2
195(b),A,Q,-0.1711,0.03395,7,2
195(b),A,R,0.07509,0.01566,12,2
195(b),A,S,-0.1257,0.1252,15.5,2
195(b),A,T,-0.01403,0.02047,20,2
195(b),A,V,-0.02121,0.01127,13.5,2
195(b),A,W,-0.08271,0.04209,10,2
195(b),A,Y,-0.04134,0.07606,10.5,2
196(a),T,-,-0.005426,0,0.5,1
196(a),T,A,-0.00472,0.07725,2.5,2
196(a),T,I,-0.08751,0.07158,9.5,2
196(a),T,N,0.07108,0.02417,3,2
196(a),T,P,-0.1404,0,0.5,1
196(a),T,S,-0.8143,0,0.5,1
196(a),T,T,0,0,,2
196(b),A,-,-0.1749,0.1623,6.5,2
196(b),A,A,0,0,,2
196(b),A,C,0.0118,0.04505,15.5,2
196(b),A,D,-0.0371,0.00938,11.5,2
196(b),A,E,-0.4807,0.4479,11.5,2
196(b),A,F,-0.1248,0.1282,7,2
196(b),A,G,0.03435,0.006975,11.5,2
196(b),A,H,0.07972,0.02508,12.5,2
196(b),A,I,-0.08864,0.1764,10.5,2
196(b),A,K,0.03958,0.0095,11.5,2
196(b),A,L,-0.03075,0.05663,9.5,2
196(b),A,M,-0.04896,0.07533,9.5,2
196(b),A,N,-0.09625,0.04145,11,2
196(b),A,P,-0.1665,0.2238,13.5,2
196(b),A,Q,-0.0106,0.02465,14.5,2
196(b),A,R,-0.02298,0.03469,16,2
196(b),A,S,0.01674,0.03729,16.5,2
196(b),A,T,0.0249,0.01316,29.5,2
196(b),A,V,0.0363,0.01638,19,2
196(b),A,W,0.01838,0.001215,6.5,2
196(b),A,Y,0.01238,0.02641,9.5,2
197(a),L,-,-0.06621,0,0.5,1
197(a),L,L,0,0,,2
197(a),L,M,0.00491,0.01558,2,2
197(a),L,P,0.03941,0.03344,4.5,2
197(b),R,*,-2.12,0.065,2.5,2
197(b),R,-,-0.04227,0.02503,5.5,2
197(b),R,A,-0.1766,0.2064,7.5,2
197(b),R,C,-0.2563,0.247,11,2
197(b),R,D,-0.2114,0.241,7.5,2
197(b),R,E,-0.03347,0.03601,10.5,2
197(b),R,F,-0.09388,0.04842,10.5,2
197(b),R,G,0.01866,0.02655,20.5,2
197(b),R,H,-0.05232,0.08378,6.5,2
197(b),R,I,-0.07011,0.1003,12,2
197(b),R,K,-0.0135,0.0712,9.5,2
197(b),R,L,-0.09582,0.116,10.5,2
197(b),R,M,-0.1875,0.206,9.5,2
197(b),R,N,0.04296,0.007515,14,2
197(b),R,P,0.00992,0.05255,8.5,2
197(b),R,Q,-0.2606,0.05695,10,2
197(b),R,R,0,0,,2
197(b),R,S,0.01554,0.08291,14.5,2
197(b),R,T,-0.08125,0.07575,8,2
197(b),R,V,-0.05414,0.02104,11.5,2
197(b),R,W,-0.1471,0.1477,12.5,2
197(b),R,Y,-0.01653,0.02872,10,2
198(a),V,-,-0.1446,0,1,1
198(a),V,A,0.06065,0.02107,1,2
198(a),V,D,-0.4003,0,0.5,1
198(a),V,F,0.03462,0,0.5,1
198(a),V,I,-0.05665,0.03824,7,2
198(a),V,V,0,0,,2
198(b),G,-,-0.142,0.1392,5.5,2
198(b),G,A,0.01319,0.005256,15,2
198(b),G,C,0.003225,0.04738,9,2
198(b),G,D,0.02908,0.01859,25,2
198(b),G,E,0.02184,0.00981,13.5,2
198(b),G,F,-0.1028,0.005305,8,2
198(b),G,G,0,0,,2
198(b),G,H,-0.07862,0.06269,7,2
198(b),G,I,0.03159,0.0225,4,2
198(b),G,K,-0.003187,0.01232,17,2
198(b),G,L,-0.02206,0.07011,12,2
198(b),G,M,-0.06378,0.09212,14,2
198(b),G,N,0.01575,0.03154,10,2
198(b),G,P,-0.02021,0.04555,11.5,2
198(b),G,Q,0.01645,0.01036,7,2
198(b),G,R,0.01346,0.08225,7.5,2
198(b),G,S,-0.03037,0.02794,17,2
198(b),G,T,-0.1219,0.1126,13,2
198(b),G,V,-0.1555,0.0532,9.5,2
198(b),G,W,0.02102,0.009835,11.5,2
198(b),G,Y,0.01445,0.04826,8.5,2
199(a),C,-,-0.01839,0,0.5,1
199(a),C,C,0,0,,2
199(a),C,F,0.0189,0.03594,4.5,2
199(a),C,G,0.02236,0.01922,1,2
199(a),C,R,-0.03145,0,2.5,1
199(a),C,S,0.00405,0.04085,4.5,2
199(a),C,Y,0.02573,0.03879,13.5,2
199(b),K,*,-0.5652,0,1.5,1
199(b),K,-,-0.293,0.2941,5,2
199(b),K,A,-0.248,0.2884,9,2
199(b),K,C,-0.2422,0.2322,8,2
199(b),K,D,-0.3046,0.0889,11,2
199(b),K,E,-0.03037,0.03129,12.5,2
199(b),K,F,-0.3707,0.3724,8.5,2
199(b),K,G,-0.02617,0.03977,11.5,2
199(b),K,H,0.04812,0.02325,8.5,2
199(b),K,I,-0.1647,0.107,8.5,2
199(b),K,K,0,0,,2
199(b),K,L,-0.4394,0.3118,11.5,2
199(b),K,M,-0.1189,0.1136,9.5,2
199(b),K,N,-0.1843,0.2184,15,2
199(b),K,P,-0.4332,0.2206,7.5,2
199(b),K,Q,-0.04666,0.004205,8.5,2
199(b),K,R,-0.13,0.12,17.5,2
199(b),K,S,0.05611,0.00354,7.5,2
199(b),K,T,-0.0613,0.042,9.5,2
199(b),K,V,-0.1549,0.0427,10,2
199(b),K,W,-0.1922,0.234,9,2
199(b),K,Y,-0.09156,0.1086,15.5,2
2(T2A),S,-,-0.2447,0.09645,4,2
2(T2A),S,C,-0.2439,0,0.5,1
2(T2A),S,G,-0.1502,0.2182,3.5,2
2(T2A),S,N,-0.03254,0.02462,6.5,2
2(T2A),S,R,0.07088,0.01562,1.5,2
2(T2A),S,S,0,0,,2
2(a),K,*,-5.953,0,11.5,2
2(a),K,A,-0.0638,0.0742,6.5,2
2(a),K,C,0.006365,0.01187,7,2
2(a),K,D,0.00407,0.09304,6.5,2
2(a),K,E,-0.00724,0.04915,9.5,2
2(a),K,F,-0.08182,0.1257,4,2
2(a),K,G,-0.5543,0.1421,8.5,2
2(a),K,H,0.02644,0.02811,10.5,2
2(a),K,I,-0.1132,0.1058,10.5,2
2(a),K,K,0,0,,2
2(a),K,L,-0.5535,0.02525,9.5,2
2(a),K,M,-0.09665,0.08715,6.5,2
2(a),K,N,-0.1357,0.1303,8.5,2
2(a),K,P,-0.07373,0.1484,8,2
2(a),K,Q,-0.378,0.2859,9.5,2
2(a),K,R,0.03289,0.00652,19,2
2(a),K,S,-0.08356,0.009175,7,2
2(a),K,T,-0.004555,0.01926,9,2
2(a),K,V,-0.1494,0.2123,8,2
2(a),K,W,-1.181,0.156,10,2
2(a),K,Y,-0.02895,0.01868,7.5,2
2(b),G,*,-5.101,0,3.5,2
2(b),G,-,-0.1026,0.1884,4,2
2(b),G,A,0.05763,0.03197,11.5,2
2(b),G,C,-0.06182,0.06818,8.5,2
2(b),G,D,-3.103,0,8,2
2(b),G,E,-2.388,0.329,13,2
2(b),G,F,-0.6992,0.1836,12,2
2(b),G,G,0,0,,2
2(b),G,H,-2.583,0.0095,12.5,2
2(b),G,I,-3.435,0,10.5,2
2(b),G,K,-3.434,0,10,2
2(b),G,L,-0.6886,0.5854,9.5,2
2(b),G,M,-0.3299,0.1871,13,2
2(b),G,N,-0.4612,0.069,9.5,2
2(b),G,P,-0.3523,0.3668,9,2
2(b),G,Q,-0.6847,0.1767,10.5,2
2(b),G,R,-3.386,0,28.5,2
2(b),G,S,-0.00621,0.01903,10.5,2
2(b),G,T,0.01662,0.008464,12.5,2
2(b),G,V,-1.781,0.339,21,2
2(b),G,W,-4.832,0,9,2
2(b),G,Y,-3.852,0,12,2
20(T2A),G,-,0.02429,0,0.5,1
20(T2A),G,C,-4.089,0,1.5,2
20(T2A),G,D,-2.787,0.472,4,2
20(T2A),G,G,0,0,,2
20(T2A),G,S,-1.643,0.2585,4,2
20(T2A),G,V,-1.964,0,1.5,1
20(a),N,-,-1.402,1.217,2,2
20(a),N,A,-0.06631,0.01148,7,2
20(a),N,C,-0.1929,0.0333,7.5,2
20(a),N,D,0.04059,0.009855,20,2
20(a),N,E,0.00825,0.0195,7,2
20(a),N,F,-0.00067,0.09384,9,2
20(a),N,G,-0.5374,0.2075,7.5,2
20(a),N,H,-0.03312,0.05,13,2
20(a),N,I,-0.04619,0.111,7,2
20(a),N,K,0.03485,0.04784,10,2
20(a),N,L,-0.1145,0.169,11,2
20(a),N,M,-0.4931,0.5589,5.5,2
20(a),N,N,0,0,,2
20(a),N,P,-0.004805,0.05573,10,2
20(a),N,Q,0.03697,0.04065,6,2
20(a),N,R,-0.23,0.0067,9,2
20(a),N,S,-0.1095,0.07428,15.5,2
20(a),N,T,-0.02119,0.04738,9,2
20(a),N,V,-0.1468,0.0022,9.5,2
20(a),N,W,-0.02725,0.02709,9.5,2
20(a),N,Y,-0.0658,0.01742,5,2
20(b),L,-,-0.2899,0.2821,1.5,2
20(b),L,A,-0.0599,0.0301,7.5,2
20(b),L,C,-0.16,0.02445,10,2
20(b),L,D,-0.01815,0.07426,11,2
20(b),L,E,-0.04084,0.05369,7.5,2
20(b),L,F,-0.1438,0.00495,6.5,2
20(b),L,G,-0.2757,0.1653,11.5,2
20(b),L,H,0.02025,0.03121,10.5,2
20(b),L,I,0.07032,0.03078,12.5,2
20(b),L,K,-0.1111,0.04609,8.5,2
20(b),L,L,0,0,,2
20(b),L,M,-0.07759,0.0196,10.5,2
20(b),L,N,-0.003045,0.0143,11,2
20(b),L,P,-0.1781,0.08659,17,2
20(b),L,Q,-0.02298,0.05373,13,2
20(b),L,R,-0.03014,0.06138,13.5,2
20(b),L,S,-0.05803,0.09806,7,2
20(b),L,T,-0.08268,0.1195,15,2
20(b),L,V,-0.1124,0.00095,14.5,2
20(b),L,W,-0.06545,0.07155,10,2
20(b),L,Y,-0.1027,0.0349,11,2
200(a),A,-,-0.04867,0,0.5,1
200(a),A,A,0,0,,2
200(a),A,D,0.09229,0,0.5,1
200(a),A,S,-2.113,1.492,2.5,2
200(a),A,T,-0.001415,0.03614,3,2
200(a),A,V,-0.9084,0.6136,3,2
201(a),L,-,-0.01466,0,0.5,1
201(a),L,L,0,0,,2
201(a),L,M,-0.1351,0.1218,8,2
201(a),L,P,-0.00279,0.03637,18.5,2
201(a),L,Q,-0.1731,0.1784,1,2
201(a),L,R,-0.1331,0,0.5,1
202(a),G,-,-0.0278,0.00477,1,2
202(a),G,A,-0.08562,0,0.5,1
202(a),G,C,-0.1148,0.1733,2,2
202(a),G,D,-0.5513,0.1789,11,2
202(a),G,G,0,0,,2
202(a),G,R,-1.184,0,0.5,1
202(a),G,S,-0.1325,0.1745,6,2
202(a),G,V,-0.313,0.1366,2,2
203(a),L,-,-0.02632,0.01782,1,2
203(a),L,F,-0.02208,0.02507,3,2
203(a),L,H,0.02174,0,2,1
203(a),L,I,0.06214,0.03078,3,2
203(a),L,L,0,0,,2
203(a),L,P,0.04313,0.04868,3,2
203(a),L,R,-2.735,0,0.5,1
204(a),A,-,-0.0349,0.01965,1,2
204(a),A,A,0,0,,2
204(a),A,P,0.03442,0,0.5,1
204(a),A,S,0.05078,0.02135,2.5,2
204(a),A,T,0.04226,0.005535,13.5,2
204(a),A,V,0.02325,0.02065,17,2
205(a),V,-,-0.1598,0.03675,1.5,2
205(a),V,A,0.03586,0,1,1
205(a),V,E,-2.478,1.478,3,2
205(a),V,L,-0.2003,0.1766,2.5,2
205(a),V,M,-0.1281,0.03488,9,2
205(a),V,V,0,0,,2
206(a),G,-,-0.3176,0,1,1
206(a),G,C,0.04367,0,1,1
206(a),G,D,-0.3529,0.0654,24,2
206(a),G,G,0,0,,2
206(a),G,R,-6.043,0,0.5,1
206(a),G,S,-0.007895,0.05223,8,2
206(a),G,V,-0.1469,0.1307,4,2
207(a),I,-,-0.09687,0.02634,1.5,2
207(a),I,I,0,0,,2
207(a),I,L,-2.805,0,0.5,1
207(a),I,N,0.01501,0.02521,1,2
207(a),I,T,-0.5935,0.5435,1,2
207(a),I,V,-0.3865,0.2213,4,2
208(a),V,-,-0.05298,0.01525,1,2
208(a),V,A,-0.02839,0.06879,2.5,2
208(a),V,E,0.06023,0,0.5,1
208(a),V,L,0.05547,0.004215,2.5,2
208(a),V,M,-0.1202,0.1427,12.5,2
208(a),V,V,0,0,,2
209(a),G,-,-0.02553,0.00578,1.5,2
209(a),G,E,-0.1153,0.0108,34,2
209(a),G,G,0,0,,2
209(a),G,K,0.06499,0,0.5,1
209(a),G,R,-5.385,0,11,2
209(a),G,V,0.00552,0.02584,1.5,2
209(a),G,W,-0.06576,0.09554,2,2
21(T2A),P,-,0.04845,0,0.5,1
21(T2A),P,H,-0.0481,0.03585,2,2
21(T2A),P,L,0.01406,0,0.5,1
21(T2A),P,P,0,0,,2
21(T2A),P,S,-0.7861,0.0355,1.5,2
21(T2A),P,T,-0.3559,0.2672,1,2
21(a),R,-,-0.1218,0.0125,1.5,2
21(a),R,A,-0.1141,0.117,9.5,2
21(a),R,C,-0.03303,0.04411,14.5,2
21(a),R,D,-0.2733,0.3271,5.5,2
21(a),R,E,-0.01771,0.02703,6.5,2
21(a),R,F,-0.1258,0.05883,10.5,2
21(a),R,G,-0.1729,0.06685,8.5,2
21(a),R,H,-0.06802,0.04508,25,2
21(a),R,I,-0.5344,0.3519,6.5,2
21(a),R,K,-0.0788,0.1227,11.5,2
21(a),R,L,-0.04255,0.06815,15,2
21(a),R,M,-0.00553,0.04565,3.5,2
21(a),R,N,-0.1163,0.01505,8,2
21(a),R,P,-1.08,0.1947,7,2
21(a),R,Q,-0.3842,0.3122,6.5,2
21(a),R,R,0,0,,2
21(a),R,S,0.05293,0.02717,9.5,2
21(a),R,T,-0.31,0.1552,6,2
21(a),R,V,0.04044,0.04975,9,2
21(a),R,W,-0.005983,0.01056,9.5,2
21(a),R,Y,-0.1994,0.0916,12,2
21(b),N,-,-0.0726,0.038,1,2
21(b),N,A,-0.6233,0.2064,9.5,2
21(b),N,C,-0.6382,0.1864,11.5,2
21(b),N,D,-0.01921,0.03699,14.5,2
21(b),N,E,-0.1632,0.03205,13.5,2
21(b),N,F,-0.7301,0.00295,13.5,2
21(b),N,G,-0.4236,0.0505,14,2
21(b),N,H,-0.27,0.09325,14.5,2
21(b),N,I,-0.9342,0.2029,11.5,2
21(b),N,K,-0.4174,0.1589,12.5,2
21(b),N,L,-0.5584,0.0309,12,2
21(b),N,M,-0.3306,0.2198,10,2
21(b),N,N,0,0,,2
21(b),N,P,0.05661,0.01699,7,2
21(b),N,Q,-0.1871,0.05405,19.5,2
21(b),N,R,-0.5544,0.2079,10,2
21(b),N,S,-0.0804,0.1151,17,2
21(b),N,T,-0.4459,0.1538,12,2
21(b),N,V,-0.503,0.2931,8.5,2
21(b),N,W,-0.7909,0.04015,12,2
21(b),N,Y,-0.4347,0.2836,8.5,2
210(a),I,-,0.03587,0,0.5,1
210(a),I,I,0,0,,2
210(a),I,L,-0.2069,0,0.5,1
210(a),I,M,0.03146,0,0.5,1
210(a),I,N,-0.6042,0.03,2,2
210(a),I,T,-0.09162,0,1,1
210(a),I,V,0.0498,0,1,1
211(a),V,-,0.009097,0,0.5,1
211(a),V,A,0.05967,0,0.5,1
211(a),V,E,-0.8594,0.7926,3,2
211(a),V,L,0.03934,0,2,1
211(a),V,M,-0.004005,0.03352,9,2
211(a),V,V,0,0,,2
212(a),V,-,-1.057,0,1.5,1
212(a),V,A,0.02876,0,2,1
212(a),V,D,-0.533,0.1299,3.5,2
212(a),V,F,-0.6374,0,1,1
212(a),V,G,-0.172,0,0.5,1
212(a),V,I,-0.1104,0.1865,7.5,2
212(a),V,L,-1.04,0,0.5,1
212(a),V,V,0,0,,2
213(a),G,C,-0.06884,0.05506,1.5,2
213(a),G,D,-0.07605,0.1637,15.5,2
213(a),G,G,0,0,,2
213(a),G,N,-0.08367,0,0.5,1
213(a),G,R,-3.777,0,0.5,1
213(a),G,S,-0.1305,0.03549,6.5,2
213(a),G,V,0.05135,0.005405,1,2
214(a),T,A,0.0548,0.01118,4,2
214(a),T,I,0.04718,0.00072,4,2
214(a),T,N,-0.02784,0,1,1
214(a),T,P,0.0408,0,0.5,1
214(a),T,S,0.04178,0,0.5,1
214(a),T,T,0,0,,2
215(a),I,F,-0.05054,0,0.5,1
215(a),I,I,0,0,,2
215(a),I,L,-0.03223,0.1066,2,2
215(a),I,N,-0.05393,0,0.5,1
215(a),I,T,0.03932,0,0.5,1
215(a),I,V,-0.02645,0.03841,5,2
216(a),L,K,-0.6536,0,0.5,1
216(a),L,L,0,0,,2
216(a),L,M,-0.00546,0.01878,5.5,2
216(a),L,P,-0.06302,0.06368,12,2
216(a),L,Q,-0.5302,0.5798,2,2
216(a),L,R,0.02024,0,0.5,1
217(a),I,-,-0.4306,0,0.5,1
217(a),I,F,0.009248,0,1,1
217(a),I,I,0,0,,2
217(a),I,L,0.06386,0,0.5,1
217(a),I,N,-0.1251,0.0202,6,2
217(a),I,T,-0.0553,0.01894,2.5,2
217(a),I,V,-0.6696,0.6994,1,2
218(a),I,F,-0.1018,0,0.5,1
218(a),I,I,0,0,,2
218(a),I,L,-0.1979,0,0.5,1
218(a),I,M,-0.01158,0,1,1
218(a),I,N,0.01956,0.04236,2,2
218(a),I,T,0.02447,0.02147,3.5,2
218(a),I,V,-0.06931,0.07879,5.5,2
219(a),K,*,-0.4682,0,0.5,1
219(a),K,E,-0.00208,0.06017,5,2
219(a),K,K,0,0,,2
219(a),K,M,-0.5129,0,1,1
219(a),K,N,0.01598,0.08202,3,2
219(a),K,R,-0.02481,0.08489,8.5,2
219(a),K,T,0.06176,0,0.5,1
22(a),E,*,-4.84,0,3.5,2
22(a),E,-,-0.02794,0.01944,1,2
22(a),E,A,-0.0936,0.1432,5.5,2
22(a),E,C,-0.7388,0.1748,5.5,2
22(a),E,D,-0.03851,0.08489,11.5,2
22(a),E,E,0,0,,2
22(a),E,F,-0.6599,0.484,8,2
22(a),E,G,-0.4053,0.05895,17,2
22(a),E,H,-0.4442,0.3037,12,2
22(a),E,I,-0.1458,0.1282,6,2
22(a),E,K,-0.9655,0.1345,9,2
22(a),E,L,-0.4264,0.1122,6,2
22(a),E,M,-0.2385,0.0948,8.5,2
22(a),E,N,-0.5819,0.0033,11,2
22(a),E,P,-0.9065,0.06545,10,2
22(a),E,Q,-0.3526,0.265,7,2
22(a),E,R,-0.3533,0.1334,8,2
22(a),E,S,-0.0682,4.5e-05,9.5,2
22(a),E,T,-0.2721,0.1227,9.5,2
22(a),E,V,-0.3824,0.1208,8,2
22(a),E,W,-1.172,0.118,9,2
22(a),E,Y,-0.4917,0.2868,6.5,2
22(b),G,*,-5.794,0,3,2
22(b),G,-,-0.04043,0.06047,1,2
22(b),G,A,0.04584,0.003045,11.5,2
22(b),G,C,-0.7477,0.1965,11.5,2
22(b),G,D,-0.06616,0.07875,12,2
22(b),G,E,-0.1146,0.0076,38,2
22(b),G,F,-0.4244,0.1469,19.5,2
22(b),G,G,0,0,,2
22(b),G,H,-0.2934,0.1006,11.5,2
22(b),G,I,-0.3235,0.09215,12,2
22(b),G,K,-0.01091,0.03162,7,2
22(b),G,L,-0.2017,0.2023,8,2
22(b),G,M,-0.1457,0.2181,12.5,2
22(b),G,N,0.01537,0.06878,10,2
22(b),G,P,-0.9827,0.06735,7,2
22(b),G,Q,-0.1079,0.1372,14.5,2
22(b),G,R,-0.1358,0.0125,29.5,2
22(b),G,S,-0.203,0.1986,8.5,2
22(b),G,T,-0.3498,0.3998,10.5,2
22(b),G,V,-0.2761,0.1116,16,2
22(b),G,W,-0.3567,0.08895,10,2
22(b),G,Y,-0.1851,0.06395,10,2
220(a),A,-,-0.05905,0,0.5,1
220(a),A,A,0,0,,2
220(a),A,D,0.003078,0.007201,1,2
220(a),A,S,-1.544,0,1,1
220(a),A,T,-0.0545,0.0564,7.5,2
220(a),A,V,-0.07435,0.1283,4,2
221(a),M,-,0.009122,0,0.5,1
221(a),M,I,0.005935,0.03331,42,2
221(a),M,L,-0.2046,0.0654,2,2
221(a),M,M,0,0,,2
221(a),M,T,-0.7662,0.7628,2.5,2
221(a),M,V,-0.02532,0.08378,3,2
222(a),K,*,-5.851,0,3,2
222(a),K,-,0.00547,0.01901,1,2
222(a),K,E,0.04164,0.01035,5,2
222(a),K,G,0.0332,0,0.5,1
222(a),K,K,0,0,,2
222(a),K,M,0.05474,0,2,1
222(a),K,N,-0.02423,0,0.5,1
222(a),K,R,0.05649,0.0367,4,2
223(a),M,-,-0.00182,0.0338,1,2
223(a),M,I,0.002436,0.01015,31.5,2
223(a),M,K,-0.2669,0.2038,2,2
223(a),M,L,-0.1598,0,1,1
223(a),M,M,0,0,,2
224(a),N,-,-0.02602,0.0204,1,2
224(a),N,D,-1.894,1.505,6,2
224(a),N,H,-0.5231,0,0.5,1
224(a),N,K,-0.2388,0,0.5,1
224(a),N,N,0,0,,2
224(a),N,S,-0.112,0.00905,6,2
224(a),N,T,-0.3537,0.243,2,2
224(a),N,Y,0.102,0,1,1
225(a),N,-,0.005801,0.002765,1,2
225(a),N,D,-0.008027,0.018,1,2
225(a),N,G,-0.01576,0,1,1
225(a),N,H,-0.02477,0.01521,1,2
225(a),N,I,-0.5393,0.5747,1,2
225(a),N,K,0.03197,0.01949,3.5,2
225(a),N,N,0,0,,2
225(a),N,S,0.0553,0.0273,2,2
225(a),N,Y,-0.08849,0.007235,1,2
226(a),A,-,0.03591,0,0.5,1
226(a),A,A,0,0,,2
226(a),A,D,-0.6253,0.5737,1.5,2
226(a),A,G,0.01771,0,0.5,1
226(a),A,P,0.0464,0,0.5,1
226(a),A,S,0.04936,0.02552,2.5,2
226(a),A,T,-0.00056,0.02058,10,2
226(a),A,V,0.07184,0.009405,3,2
227(a),R,*,-3.803,0,0.5,1
227(a),R,-,0.02869,0,0.5,1
227(a),R,G,-0.1605,0.02185,12,2
227(a),R,I,-0.9416,0.2434,2,2
227(a),R,K,-0.05382,0.007845,9.5,2
227(a),R,R,0,0,,2
227(a),R,S,-0.1268,0.06524,2,2
228(a),N,-,0.01532,0,0.5,1
228(a),N,D,-0.6806,0.6734,3,2
228(a),N,G,-0.05342,0,0.5,1
228(a),N,H,0.02724,0,1,1
228(a),N,K,0.03517,0.01483,1,2
228(a),N,N,0,0,,2
228(a),N,T,-0.04285,0,0.5,1
229(a),Q,*,-6.04,0,1.5,2
229(a),Q,-,-0.00192,0,0.5,1
229(a),Q,H,0.08155,0,0.5,1
229(a),Q,L,0.08455,0,0.5,1
229(a),Q,P,-0.3643,0.4522,3,2
229(a),Q,Q,0,0,,2
229(a),Q,R,0.04898,0.01318,3.5,2
23(a),G,-,-1.923,1.481,1.5,2
23(a),G,A,-0.0282,0.0917,12,2
23(a),G,C,-0.0425,0.03005,17,2
23(a),G,D,-0.02182,0.07166,9.5,2
23(a),G,E,-0.06129,0.06481,9,2
23(a),G,F,-0.197,0.0226,9,2
23(a),G,G,0,0,,2
23(a),G,H,-0.07168,0.1254,10.5,2
23(a),G,I,0.06682,0.02878,7.5,2
23(a),G,K,-0.03742,0.00383,9,2
23(a),G,L,-0.09626,0.01604,10,2
23(a),G,M,0.07182,0.01437,10,2
23(a),G,N,-0.06954,0.1062,10.5,2
23(a),G,P,-3.609,0,13,2
23(a),G,Q,-0.2162,0.2799,7,2
23(a),G,R,-0.1741,0.00485,10.5,2
23(a),G,S,-0.0356,0.001535,10.5,2
23(a),G,T,0.06507,0.01639,11.5,2
23(a),G,V,-0.04005,0.0265,10,2
23(a),G,W,-0.2339,0.2472,12,2
23(a),G,Y,0.05418,0.02181,6,2
23(b),T,-,-0.01232,0.007817,1.5,2
23(b),T,A,-0.1217,0.009,16,2
23(b),T,C,-0.9144,0.0064,9.5,2
23(b),T,D,-0.1204,0.03997,9.5,2
23(b),T,E,-0.4322,0.2657,13.5,2
23(b),T,F,-0.6144,0.6266,10.5,2
23(b),T,G,-0.09724,0.03586,10.5,2
23(b),T,H,-0.492,0.0218,13,2
23(b),T,I,-0.1632,0.0452,21,2
23(b),T,K,-0.2315,0.0861,7,2
23(b),T,L,-0.01341,0.03649,13.5,2
23(b),T,M,-0.2764,0.3164,9,2
23(b),T,N,-0.2913,0.09305,9.5,2
23(b),T,P,-0.05199,0.07281,10,2
23(b),T,Q,-0.1912,0.2773,12.5,2
23(b),T,R,-0.05689,0.02729,14,2
23(b),T,S,0.04528,0.000145,13,2
23(b),T,T,0,0,,2
23(b),T,V,-0.08274,0.01706,12,2
23(b),T,W,-0.5948,0.2582,8.5,2
23(b),T,Y,-0.1426,0.0445,9,2
230(a),R,*,-5.615,0,1.5,2
230(a),R,-,-0.01959,0,0.5,1
230(a),R,G,-0.1849,0.1696,6,2
230(a),R,I,-0.6736,0,0.5,1
230(a),R,K,-0.8253,0.8317,7.5,2
230(a),R,R,0,0,,2
230(a),R,S,-0.3552,0,0.5,1
231(a),G,-,-0.1215,0,1,1
231(a),G,A,0.086,0,1,1
231(a),G,C,-2.93,1.527,1.5,2
231(a),G,D,-1.114,0.1373,7,2
231(a),G,G,0,0,,2
231(a),G,R,0.02074,0,0.5,1
231(a),G,S,0.03988,0.00249,9.5,2
231(a),G,V,0.0339,0,0.5,1
232(a),L,-,-0.08051,0.06409,3.5,2
232(a),L,L,0,0,,2
232(a),L,M,-0.1739,0,0.5,1
232(a),L,P,-1.339,0.8692,3,2
233(a),L,-,-0.05589,0.01488,3.5,2
233(a),L,L,0,0,,2
233(a),L,M,0.05142,0,0.5,1
233(a),L,P,-1.059,0.9192,6,2
233(a),L,Q,-0.3436,0,1,1
24(a),G,-,-0.5413,0.5047,1.5,2
24(a),G,A,-0.1237,0.1246,13,2
24(a),G,C,-0.572,0.05375,11,2
24(a),G,D,-1.837,0.172,28,2
24(a),G,E,-2.078,0.4835,8.5,2
24(a),G,F,-0.5159,0.05805,6.5,2
24(a),G,G,0,0,,2
24(a),G,H,-0.2959,0.1806,10,2
24(a),G,I,-1.131,0.1866,12,2
24(a),G,K,-5.825,0,5.5,2
24(a),G,L,-1.763,0.015,10,2
24(a),G,M,-1.456,0.3375,7,2
24(a),G,N,-0.5242,0.1916,5.5,2
24(a),G,P,-0.441,0.225,10,2
24(a),G,Q,-0.3115,0.2622,7.5,2
24(a),G,R,-1.788,0.1715,13.5,2
24(a),G,S,0.01531,0.05022,16,2
24(a),G,T,-0.244,0.1203,5,2
24(a),G,V,-0.358,0.0874,18.5,2
24(a),G,W,-0.6974,0.0181,11,2
24(a),G,Y,-0.6795,0.2048,8.5,2
24(b),E,*,-4.954,0,5.5,2
24(b),E,-,-0.01912,0.02172,1,2
24(b),E,A,-0.08196,0.02634,9.5,2
24(b),E,C,-1.264,0.0635,15,2
24(b),E,D,-0.06817,0.06673,14,2
24(b),E,E,0,0,,2
24(b),E,F,-0.3058,0.0704,11,2
24(b),E,G,-0.05414,0.03225,10.5,2
24(b),E,H,0.003975,0.02325,9,2
24(b),E,I,-0.2556,0.1037,10,2
24(b),E,K,-0.1018,0.06086,23.5,2
24(b),E,L,-0.4842,0.2838,6.5,2
24(b),E,M,0.02218,0.04863,14.5,2
24(b),E,N,-0.1638,0.1913,14.5,2
24(b),E,P,-0.0628,0.00398,12.5,2
24(b),E,Q,-0.04192,0.05089,15,2
24(b),E,R,-0.1821,0.07435,10.5,2
24(b),E,S,-0.03081,0.02303,12.5,2
24(b),E,T,-0.01696,0.01893,10,2
24(b),E,V,-0.3861,0.04915,8,2
24(b),E,W,-0.3773,0.01695,14,2
24(b),E,Y,-0.09438,0.05861,11,2
25(a),Q,*,-5.909,0,6,2
25(a),Q,-,-1.149,1.121,1.5,2
25(a),Q,A,-0.3442,0.0181,10,2
25(a),Q,C,-0.3209,0.2232,10,2
25(a),Q,D,-0.5506,0.2094,5,2
25(a),Q,E,-0.1317,0.03662,10,2
25(a),Q,F,-0.05642,0.00327,5,2
25(a),Q,G,-0.1628,0.158,6.5,2
25(a),Q,H,-0.3758,0.1898,16,2
25(a),Q,I,-0.3444,0.02645,8.5,2
25(a),Q,K,-1.184,0.012,7,2
25(a),Q,L,-0.1414,0.05887,10.5,2
25(a),Q,M,-0.1019,0.09646,7.5,2
25(a),Q,N,-0.2003,0.2344,9,2
25(a),Q,P,-5.953,0,9.5,2
25(a),Q,Q,0,0,,2
25(a),Q,R,-1.281,0.4038,7,2
25(a),Q,S,0.0333,0.03084,7.5,2
25(a),Q,T,-0.2609,0.1137,9,2
25(a),Q,V,-0.1168,0.0153,12,2
25(a),Q,W,-0.05011,0.008415,6.5,2
25(a),Q,Y,-0.182,0.05065,10,2
25(b),Q,*,-6.032,0,32.5,2
25(b),Q,-,-2.664,1.513,2,2
25(b),Q,A,0.00085,0.02584,14,2
25(b),Q,C,0.00116,0.04618,10,2
25(b),Q,D,0.009795,0.03626,12,2
25(b),Q,E,-0.09108,0.1272,11.5,2
25(b),Q,F,-0.1463,0.1404,12,2
25(b),Q,G,-0.1734,0.1447,9,2
25(b),Q,H,0.00301,0.01961,13.5,2
25(b),Q,I,-0.2925,0.05355,11.5,2
25(b),Q,K,-0.05285,0.05745,11.5,2
25(b),Q,L,-0.3661,0.2835,8.5,2
25(b),Q,M,0.0549,0.0052,11,2
25(b),Q,N,0.03359,0.03808,11.5,2
25(b),Q,P,-0.2651,0.04515,9.5,2
25(b),Q,Q,0,0,,2
25(b),Q,R,-0.02893,0.00801,19.5,2
25(b),Q,S,-0.01559,0.02642,14.5,2
25(b),Q,T,-0.001968,0.01144,8.5,2
25(b),Q,V,-0.1751,0.0466,15,2
25(b),Q,W,-0.3454,0.2563,9,2
25(b),Q,Y,-0.1332,0.04742,14.5,2
26(a),F,-,0.009968,0.001942,1,2
26(a),F,A,-1.425,0.2175,6.5,2
26(a),F,C,-1.141,0.0145,9,2
26(a),F,D,-5.533,0,5,2
26(a),F,E,-3.156,0,6.5,2
26(a),F,F,0,0,,2
26(a),F,G,-4.152,0,5.5,2
26(a),F,H,-1.641,0.5435,4.5,2
26(a),F,I,-0.4746,0.1155,1,2
26(a),F,K,-5.503,0,8,2
26(a),F,L,-0.6341,0.04505,9.5,2
26(a),F,M,-0.4574,0.2202,7.5,2
26(a),F,N,-2.982,0.092,8.5,2
26(a),F,P,-5.902,0,7,2
26(a),F,Q,-1.441,0.324,9,2
26(a),F,R,-5.917,0,10.5,2
26(a),F,S,-1.75,0.098,11,2
26(a),F,T,-1.245,0.4414,9.5,2
26(a),F,V,-1.299,0.024,8.5,2
26(a),F,W,0.001605,0.035,7,2
26(a),F,Y,-0.8352,0.059,10,2
26(b),V,-,-0.07852,0.06338,1,2
26(b),V,A,-0.115,0.04353,12.5,2
26(b),V,C,-1.72,0.2265,14.5,2
26(b),V,D,-1.605,0.351,9.5,2
26(b),V,E,-1.743,0.0555,15,2
26(b),V,F,-0.01036,0.05054,9,2
26(b),V,G,-0.3744,0.2996,10.5,2
26(b),V,H,-0.1615,0.1431,9,2
26(b),V,I,0.06222,0.01434,14,2
26(b),V,K,-1.038,0.3569,10,2
26(b),V,L,-0.05392,0.04074,10,2
26(b),V,M,0.02014,0.00999,21.5,2
26(b),V,N,-0.5283,0.122,9,2
26(b),V,P,-0.02495,0.03696,8,2
26(b),V,Q,-0.3738,0.1693,12,2
26(b),V,R,-0.4774,0.09185,6.5,2
26(b),V,S,-0.1796,0.1548,10,2
26(b),V,T,0.03737,0.03706,10.5,2
26(b),V,V,0,0,,2
26(b),V,W,-0.7725,0.0438,12.5,2
26(b),V,Y,-0.05885,0.05705,8,2
27(a),M,-,-0.1522,0.05396,2,2
27(a),M,A,-0.04801,0.09409,9,2
27(a),M,C,-0.1327,0.0102,7.5,2
27(a),M,D,-0.2362,0.2924,6,2
27(a),M,E,-0.1584,0.0131,7.5,2
27(a),M,F,-0.1695,0.0503,11,2
27(a),M,G,-0.408,0.168,5,2
27(a),M,H,-0.03172,0.118,10,2
27(a),M,I,-0.09292,0.06148,14.5,2
27(a),M,K,-0.1627,0.1522,7.5,2
27(a),M,L,-0.008757,0.01201,8.5,2
27(a),M,M,0,0,,2
27(a),M,N,0.0484,0.00917,7.5,2
27(a),M,P,-5.696,0,8,2
27(a),M,Q,-0.02055,0.05274,8,2
27(a),M,R,-0.113,0.1951,6,2
27(a),M,S,0.06299,0.01497,7,2
27(a),M,T,-0.2666,0.1402,13,2
27(a),M,V,-0.06087,0.1118,18.5,2
27(a),M,W,-0.2009,0.0858,9,2
27(a),M,Y,-0.002396,0.01,3,2
27(b),R,-,-0.09221,0.02049,1,2
27(b),R,A,-0.9345,0.1025,10,2
27(b),R,C,-5.972,0,11.5,2
27(b),R,D,-2.19,0.163,14,2
27(b),R,E,-1.401,0.2415,9,2
27(b),R,F,-1.749,0.145,14.5,2
27(b),R,G,-1.401,0.172,9.5,2
27(b),R,H,0.02216,0.01587,14.5,2
27(b),R,I,-0.9915,0.3875,10,2
27(b),R,K,-0.1628,0.00425,7.5,2
27(b),R,L,-0.3212,0.1226,13,2
27(b),R,M,-0.8137,0.1658,12,2
27(b),R,N,-0.4446,0.0754,7,2
27(b),R,P,-5.61,0,12.5,2
27(b),R,Q,-0.1178,0.04898,18.5,2
27(b),R,R,0,0,,2
27(b),R,S,-0.3171,0.0402,17.5,2
27(b),R,T,-0.7085,0.0164,11.5,2
27(b),R,V,-0.9456,0.00825,14,2
27(b),R,W,-0.4659,0.145,29.5,2
27(b),R,Y,-0.8772,0.1161,7.5,2
28(a),F,-,-0.9553,0.8107,2.5,2
28(a),F,A,-1.169,0.4616,11,2
28(a),F,C,-0.7667,0.2211,11.5,2
28(a),F,D,-0.7722,0.1318,7,2
28(a),F,E,-0.4594,0.3415,6.5,2
28(a),F,F,0,0,,2
28(a),F,G,-1.658,0.233,7.5,2
28(a),F,H,-0.1638,0.0207,5.5,2
28(a),F,I,-0.2803,0.1084,5.5,2
28(a),F,K,-1.409,0.1615,8.5,2
28(a),F,L,-0.3131,0.3049,13.5,2
28(a),F,M,-0.1008,0.1672,7,2
28(a),F,N,-0.3921,0.3702,11.5,2
28(a),F,P,-4.226,0,12,2
28(a),F,Q,-0.1765,0.08005,5.5,2
28(a),F,R,-2.182,0.412,4.5,2
28(a),F,S,-0.7976,0.3504,10,2
28(a),F,T,-0.9583,0.02425,4,2
28(a),F,V,-0.1569,0.1177,6.5,2
28(a),F,W,-1.222,0.8488,8,2
28(a),F,Y,-1.098,0.2496,10,2
28(b),Y,*,-5.843,0,1.5,2
28(b),Y,-,-0.06562,0.01229,1.5,2
28(b),Y,A,-0.00739,0.01478,10,2
28(b),Y,C,-1.15,0.3358,16,2
28(b),Y,D,-4.143,0,11.5,2
28(b),Y,E,-0.5393,0.2148,11,2
28(b),Y,F,-0.06876,0.06294,11.5,2
28(b),Y,G,0.06427,0.000125,9,2
28(b),Y,H,-0.01469,0.07058,11,2
28(b),Y,I,0.02287,0.03688,10.5,2
28(b),Y,K,-0.05999,0.01365,12,2
28(b),Y,L,-0.04137,0.09903,10,2
28(b),Y,M,0.02987,0.009235,8.5,2
28(b),Y,N,-0.5551,0.1264,15.5,2
28(b),Y,P,-2.277,0.302,8,2
28(b),Y,Q,-0.3061,0.0647,8,2
28(b),Y,R,-0.9461,0.01395,12,2
28(b),Y,S,-0.1074,0.177,11.5,2
28(b),Y,T,-0.05085,0.08495,11,2
28(b),Y,V,-0.0701,0.1301,11.5,2
28(b),Y,W,0.07312,0.01649,12,2
28(b),Y,Y,0,0,,2
29(a),D,-,-0.7601,0.4839,3,2
29(a),D,A,-0.0307,0.01944,7,2
29(a),D,C,-0.261,0.1915,8,2
29(a),D,D,0,0,,2
29(a),D,E,-0.06069,0.04961,14.5,2
29(a),D,F,-0.1809,0.2608,6.5,2
29(a),D,G,0.05148,0.02135,11,2
29(a),D,H,0.04886,0.01815,10.5,2
29(a),D,I,-0.04666,0.1226,7,2
29(a),D,K,-0.1554,0.1046,10,2
29(a),D,L,-0.1482,0.09663,11.5,2
29(a),D,M,-0.09393,0.01997,9.5,2
29(a),D,N,0.000965,0.008975,20,2
29(a),D,P,-2.026,0.0875,8.5,2
29(a),D,Q,-0.07632,0.0093,9,2
29(a),D,R,-0.4572,0.2704,11.5,2
29(a),D,S,0.05522,0.01652,4.5,2
29(a),D,T,0.06749,0.01891,11.5,2
29(a),D,V,0.007955,0.03173,11.5,2
29(a),D,W,-0.2775,0.1157,11.5,2
29(a),D,Y,-0.06676,0.09215,18.5,2
29(b),L,-,-0.248,0.0452,1.5,2
29(b),L,A,-0.0007,0.09882,13.5,2
29(b),L,C,-0.04328,0.0476,7.5,2
29(b),L,D,-0.8011,0.1409,5,2
29(b),L,E,-0.1451,0.1217,6,2
29(b),L,F,-0.07555,0.05955,14.5,2
29(b),L,G,-0.5557,0.03405,9.5,2
29(b),L,H,0.01659,0.08492,19,2
29(b),L,I,0.04216,0.000635,14.5,2
29(b),L,K,-0.0162,0.004705,7.5,2
29(b),L,L,0,0,,2
29(b),L,M,0.01668,0.009043,9,2
29(b),L,N,0.03272,0.0467,7.5,2
29(b),L,P,-5.931,0,22.5,2
29(b),L,Q,-0.09754,0.06556,14.5,2
29(b),L,R,-0.108,0.1484,12,2
29(b),L,S,-0.06634,0.1439,8.5,2
29(b),L,T,-0.05823,0.01984,7.5,2
29(b),L,V,0.01116,0.05016,11,2
29(b),L,W,-0.06707,0.08013,14,2
29(b),L,Y,-0.1347,0.06667,11,2
3(T2A),G,-,-0.01692,0.00186,3,2
3(T2A),G,C,-0.1198,0.1673,1.5,2
3(T2A),G,D,-1.156,0.7353,12,2
3(T2A),G,G,0,0,,2
3(T2A),G,R,-0.3084,0,0.5,1
3(T2A),G,S,-0.1789,0.1508,7.5,2
3(T2A),G,V,-1.011,0.4417,3.5,2
3(a),V,*,-5.96,0,10,2
3(a),V,-,-0.3422,0,0.5,1
3(a),V,A,0.01978,0.01662,12.5,2
3(a),V,C,-0.1957,0.0088,8,2
3(a),V,D,-0.05272,0.1016,9,2
3(a),V,E,-0.07614,0.005945,10.5,2
3(a),V,G,-0.1684,0.0371,9,2
3(a),V,H,-0.02412,0.1172,9.5,2
3(a),V,I,0.01998,0.02215,11,2
3(a),V,K,-0.04169,0.001205,9,2
3(a),V,L,0.04559,0.01304,11.5,2
3(a),V,M,0.009435,0.03696,13,2
3(a),V,N,0.06473,0,1.5,1
3(a),V,P,0.03421,0.01511,7.5,2
3(a),V,Q,-0.02806,0.05674,11,2
3(a),V,R,0.01266,0.00396,12,2
3(a),V,S,0.05924,0.0246,8,2
3(a),V,T,-0.1582,0.06078,8.5,2
3(a),V,V,0,0,,2
3(a),V,W,-0.2445,0.1181,6.5,2
3(a),V,Y,-0.06778,0.04573,8.5,2
3(b),E,*,-5.259,0,3,2
3(b),E,-,-2.092,1.436,4,2
3(b),E,A,-0.02056,0.05014,13.5,2
3(b),E,C,-0.000515,0.05393,10,2
3(b),E,D,0.006895,0.07398,11,2
3(b),E,E,0,0,,2
3(b),E,F,-0.03858,0.06572,11.5,2
3(b),E,G,-0.1535,0.05847,15.5,2
3(b),E,H,-0.1371,0.1982,7,2
3(b),E,I,-0.2338,0.0059,15,2
3(b),E,K,-0.000275,0.02935,34,2
3(b),E,L,-0.02425,0.06644,13,2
3(b),E,M,-0.01925,0.01625,11.5,2
3(b),E,N,-0.01598,0.04538,14,2
3(b),E,P,-3.204,0.0685,13,2
3(b),E,Q,-0.05117,0.08683,11,2
3(b),E,R,-0.1301,0.09423,12,2
3(b),E,S,-0.06779,0.009915,10,2
3(b),E,T,-0.1192,0.1993,11.5,2
3(b),E,V,0.02532,0.03897,7.5,2
3(b),E,W,-0.06046,0.1076,11.5,2
3(b),E,Y,-0.1206,0.1512,16.5,2
30(a),F,-,-0.4614,0.4736,3.5,2
30(a),F,A,-0.7782,0.0555,12,2
30(a),F,C,-0.4938,0.459,6.5,2
30(a),F,D,-1.954,0.1875,6.5,2
30(a),F,E,-1.242,0.06,6,2
30(a),F,F,0,0,,2
30(a),F,G,-0.7401,0.2147,8,2
30(a),F,H,-0.5729,0.2889,8.5,2
30(a),F,I,-0.2192,0.1327,10,2
30(a),F,K,-0.9841,0.6439,10,2
30(a),F,L,-0.3973,0.0556,13,2
30(a),F,M,-0.4001,0.05445,10,2
30(a),F,N,-0.7807,0.5213,6,2
30(a),F,P,-5.604,0,7.5,2
30(a),F,Q,-0.6225,0.6195,5.5,2
30(a),F,R,-1.471,0.4145,8.5,2
30(a),F,S,-1.104,0.044,11,2
30(a),F,T,-0.5609,0.2011,9.5,2
30(a),F,V,-0.6264,0.1295,9,2
30(a),F,W,-0.2442,0.07795,18,2
30(a),F,Y,-0.3394,0.0687,15,2
30(b),V,-,-0.0346,0.00407,2,2
30(b),V,A,-0.07262,0.09558,11,2
30(b),V,C,-2.739,0.0335,11.5,2
30(b),V,D,-5.894,0,11.5,2
30(b),V,E,-2.021,0.136,13,2
30(b),V,F,-0.2679,0.2571,12,2
30(b),V,G,-2.898,0.025,11.5,2
30(b),V,H,-2.529,0.06,14,2
30(b),V,I,0.06169,0.01641,15,2
30(b),V,K,-1.692,0.597,9,2
30(b),V,L,-0.2751,0.0956,16,2
30(b),V,M,-0.1842,0.1633,18,2
30(b),V,N,-2.857,0.0865,9,2
30(b),V,P,-6.021,0,11,2
30(b),V,Q,-0.6842,0.4198,15,2
30(b),V,R,-1.204,0.0605,11.5,2
30(b),V,S,-0.4821,0.2637,10.5,2
30(b),V,T,-0.1988,0.06525,12,2
30(b),V,V,0,0,,2
30(b),V,W,-0.01708,0.04878,15,2
30(b),V,Y,-1.797,0.3035,12.5,2
31(a),D,-,-1.14,0.1587,4.5,2
31(a),D,A,-0.7477,0.09735,6,2
31(a),D,C,-0.7601,0.1352,9.5,2
31(a),D,D,0,0,,2
31(a),D,E,-0.7964,0.5087,4,2
31(a),D,F,-1.692,0.2245,9.5,2
31(a),D,G,-0.1972,0.0038,12.5,2
31(a),D,H,-1.038,0.0295,13,2
31(a),D,I,-1.365,0.353,8,2
31(a),D,K,-0.7895,0.2092,7.5,2
31(a),D,L,-1.277,0.1115,10,2
31(a),D,M,-0.8151,0.0102,9.5,2
31(a),D,N,-0.07589,0.01325,21.5,2
31(a),D,P,-4.034,0,7.5,2
31(a),D,Q,-0.1958,0.07885,16,2
31(a),D,R,-0.6215,0.1693,12,2
31(a),D,S,-0.2813,0.1789,6,2
31(a),D,T,-0.3023,0.08905,6,2
31(a),D,V,-0.8387,0.1573,8.5,2
31(a),D,W,-1.82,0.0765,10.5,2
31(a),D,Y,-1.484,0.2195,13.5,2
31(b),K,*,-1.299,0,0.5,1
31(b),K,-,-2.445,1.49,2.5,2
31(b),K,A,-0.1066,0.1682,12,2
31(b),K,C,-3.05,0,11.5,2
31(b),K,D,-1.766,0.0305,12.5,2
31(b),K,E,-1.205,0.041,18,2
31(b),K,F,-0.5204,0.00165,18,2
31(b),K,G,-0.854,0.1709,11.5,2
31(b),K,H,-0.2667,0.1258,7.5,2
31(b),K,I,-1.688,0.081,12,2
31(b),K,K,0,0,,2
31(b),K,L,-0.8298,0.0619,17.5,2
31(b),K,M,-0.1283,0.184,11.5,2
31(b),K,N,-0.2122,0.08485,15.5,2
31(b),K,P,-5.954,0,13.5,2
31(b),K,Q,-0.3281,0.2165,9.5,2
31(b),K,R,0.01428,0.02032,13,2
31(b),K,S,-0.1193,0.09808,7,2
31(b),K,T,-0.327,0.0698,12.5,2
31(b),K,V,-1.847,0.097,12,2
31(b),K,W,-1.121,0.066,16,2
31(b),K,Y,-0.03349,0.006075,10,2
32(a),G,-,-1.048,0.3819,4,2
32(a),G,A,-0.06703,0.05627,8,2
32(a),G,C,-0.1786,0.1087,14.5,2
32(a),G,D,-0.05808,0.09221,20,2
32(a),G,E,-0.2101,0.1761,8,2
32(a),G,F,0.05232,0.001795,7.5,2
32(a),G,G,0,0,,2
32(a),G,H,0.003795,0.04736,6.5,2
32(a),G,I,-0.5584,0.3915,7,2
32(a),G,K,-0.1872,0.2122,6.5,2
32(a),G,L,-0.245,0.05195,8.5,2
32(a),G,M,-0.1657,0.0207,7,2
32(a),G,N,0.009655,0.006675,12.5,2
32(a),G,P,-0.8567,0.4013,6,2
32(a),G,Q,-0.1696,0.09405,6.5,2
32(a),G,R,-0.009378,0.002032,11,2
32(a),G,S,-0.3278,0.2343,6.5,2
32(a),G,T,-0.1706,0.03485,8.5,2
32(a),G,V,-0.6109,0.1361,15.5,2
32(a),G,W,-0.5159,0.1983,6,2
32(a),G,Y,-0.2516,0.0344,9.5,2
32(b),Y,*,-6.037,0,2,2
32(b),Y,-,-0.05784,0.02117,2,2
32(b),Y,A,-3.003,0.0805,9.5,2
32(b),Y,C,-3.151,0.0205,24,2
32(b),Y,D,-5.753,0,11.5,2
32(b),Y,E,-5.873,0,8,2
32(b),Y,F,-0.5081,0.2196,14,2
32(b),Y,G,-5.484,0,10.5,2
32(b),Y,H,-1.257,0.397,13,2
32(b),Y,I,-1.939,0.6955,8,2
32(b),Y,K,-1.587,0.0745,11,2
32(b),Y,L,-1.412,0.136,10.5,2
32(b),Y,M,-1.177,0.136,16,2
32(b),Y,N,-3.192,0,15,2
32(b),Y,P,-5.898,0,9.5,2
32(b),Y,Q,-2.846,0.2,15.5,2
32(b),Y,R,-1.218,0.184,12,2
32(b),Y,S,-3.517,0,9,2
32(b),Y,T,-2.803,0.02,8.5,2
32(b),Y,V,-1.508,0.132,12.5,2
32(b),Y,W,-0.9778,0.07515,9,2
32(b),Y,Y,0,0,,2
33(a),D,-,-1.027,0.9838,2.5,2
33(a),D,A,-0.7405,0.0758,10,2
33(a),D,C,-0.5839,0.5161,8,2
33(a),D,D,0,0,,2
33(a),D,E,0.01319,0.01793,12,2
33(a),D,F,-0.4494,0.1575,6.5,2
33(a),D,G,-0.3102,0.1503,11.5,2
33(a),D,H,-0.3123,0.3274,9,2
33(a),D,I,-0.4021,0.3811,8,2
33(a),D,K,-0.9584,0.0371,8,2
33(a),D,L,-0.8029,0.0466,9.5,2
33(a),D,M,-0.6865,0.3031,7.5,2
33(a),D,N,-0.151,0.0009,17,2
33(a),D,P,-2.279,0.0465,6.5,2
33(a),D,Q,-0.05302,0.1017,9,2
33(a),D,R,-1.591,0.1955,12,2
33(a),D,S,-0.06446,0.09574,5,2
33(a),D,T,-0.6047,0.142,8.5,2
33(a),D,V,-1.151,0.0925,17,2
33(a),D,W,-1.799,0.121,15.5,2
33(a),D,Y,-1.131,0.0525,12.5,2
33(b),I,-,-0.4783,0.3799,3,2
33(b),I,A,-0.2461,0.2314,13.5,2
33(b),I,C,-0.06679,0.01328,11,2
33(b),I,D,-5.266,0,13.5,2
33(b),I,E,-2.844,0,8.5,2
33(b),I,F,-0.1083,0.03419,15,2
33(b),I,G,-0.9364,0.05035,11.5,2
33(b),I,H,-0.7163,0.2977,8,2
33(b),I,I,0,0,,2
33(b),I,K,-4.207,0,13.5,2
33(b),I,L,-0.4753,0.0083,12.5,2
33(b),I,M,-0.07275,0.1332,8.5,2
33(b),I,N,-0.9716,0.6994,9,2
33(b),I,P,-5.844,0,11,2
33(b),I,Q,-1.511,0.2305,9,2
33(b),I,R,-3.556,0,13,2
33(b),I,S,-0.07202,0.09749,9,2
33(b),I,T,-0.4338,0.00125,12,2
33(b),I,V,-0.142,0.0311,15,2
33(b),I,W,-0.9927,0.6973,8,2
33(b),I,Y,-0.03582,0.09707,9.5,2
34(a),E,*,-5.805,0,2,2
34(a),E,-,-0.2268,0.1612,2.5,2
34(a),E,A,-0.3345,0.111,9.5,2
34(a),E,C,-0.04544,0.01377,6,2
34(a),E,D,-0.6081,0.1601,17.5,2
34(a),E,E,0,0,,2
34(a),E,F,-2.644,0.3725,10,2
34(a),E,G,-0.8089,0.4021,14.5,2
34(a),E,H,-0.6927,0.05735,6.5,2
34(a),E,I,-0.1692,0.0615,7,2
34(a),E,K,-1.156,0.3101,15.5,2
34(a),E,L,-0.02882,0.1026,11,2
34(a),E,M,-0.07654,0.0191,6,2
34(a),E,N,-0.667,0.1058,9,2
34(a),E,P,-0.6447,0.0597,10.5,2
34(a),E,Q,-0.5571,0.1432,14,2
34(a),E,R,-0.6507,0.2103,5.5,2
34(a),E,S,-0.2082,0.07375,14.5,2
34(a),E,T,-0.4462,0.1162,7,2
34(a),E,V,-0.4372,0.00515,14.5,2
34(a),E,W,-2.395,0.003,11.5,2
34(a),E,Y,-1.393,0.146,10,2
34(b),H,-,-0.5877,0.1711,4,2
34(b),H,A,-0.4812,0.1268,14.5,2
34(b),H,C,-0.1679,0.08211,11,2
34(b),H,D,-4.122,0,12.5,2
34(b),H,E,-3.203,0.037,7.5,2
34(b),H,F,0.03015,0.04116,10,2
34(b),H,G,-0.7426,0.3544,8,2
34(b),H,H,0,0,,2
34(b),H,I,-2.518,0.1565,11.5,2
34(b),H,K,-2.23,0.333,8.5,2
34(b),H,L,-1.015,0.0683,15,2
34(b),H,M,-0.3917,0.0357,9,2
34(b),H,N,0.0315,0.02414,13.5,2
34(b),H,P,-6.038,0,12.5,2
34(b),H,Q,-1.389,0.0555,13.5,2
34(b),H,R,-0.8273,0.2477,19,2
34(b),H,S,-0.08507,0.1465,13,2
34(b),H,T,-0.4638,0.1615,12,2
34(b),H,V,-2.11,0.0095,13,2
34(b),H,W,-0.2278,0.02025,19.5,2
34(b),H,Y,-0.1324,0.1281,12,2
35(a),I,-,-3.069,1.43,3.5,2
35(a),I,A,-0.5764,0.002,6,2
35(a),I,C,0.0339,0.01724,7,2
35(a),I,D,-6.002,0,6,2
35(a),I,E,-1.51,0.2805,10,2
35(a),I,F,-0.782,0.408,6.5,2
35(a),I,G,-3.276,0,7.5,2
35(a),I,H,-3.819,0,10,2
35(a),I,I,0,0,,2
35(a),I,K,-5.864,0,5,2
35(a),I,L,-0.08661,0.1751,10.5,2
35(a),I,M,-0.4115,0.2757,10,2
35(a),I,N,-2.89,0.092,11.5,2
35(a),I,P,-4.521,0,8.5,2
35(a),I,Q,-2.257,0.08,10.5,2
35(a),I,R,-5.829,0,11.5,2
35(a),I,S,-1.47,0.029,8,2
35(a),I,T,-0.2552,0.288,7.5,2
35(a),I,V,-0.03873,0.06177,11.5,2
35(a),I,W,-1.391,0.0825,7.5,2
35(a),I,Y,-1.159,0.1689,10.5,2
35(b),N,-,-0.2404,0.1195,4,2
35(b),N,A,-1.339,0.0235,13,2
35(b),N,C,-2.054,0.107,9.5,2
35(b),N,D,-1.291,0.066,18.5,2
35(b),N,E,-2.413,0.026,10.5,2
35(b),N,F,-5.946,0,9,2
35(b),N,G,-0.2204,0.1574,8,2
35(b),N,H,-2.885,0.2,14.5,2
35(b),N,I,-4.814,0,13,2
35(b),N,K,-4.306,0,13,2
35(b),N,L,-3.058,0.0875,13,2
35(b),N,M,-2.155,0.0785,7.5,2
35(b),N,N,0,0,,2
35(b),N,P,-5.867,0,15,2
35(b),N,Q,-0.1314,0.05567,8.5,2
35(b),N,R,-4.181,0,13.5,2
35(b),N,S,-1.929,0.2485,13,2
35(b),N,T,-4.449,0,16,2
35(b),N,V,-4.798,0,8.5,2
35(b),N,W,-6.027,0,13.5,2
35(b),N,Y,-5.901,0,12.5,2
36(a),F,-,-0.3958,0.2959,4,2
36(a),F,A,-0.9523,0.4988,2.5,2
36(a),F,C,-0.1525,0.09735,10,2
36(a),F,D,-1.555,0.0155,4.5,2
36(a),F,E,-2.263,0.102,8.5,2
36(a),F,F,0,0,,2
36(a),F,G,-0.5447,0.3005,7,2
36(a),F,H,-0.8455,0.08135,9,2
36(a),F,I,-0.7351,0.0823,11,2
36(a),F,K,-3.555,0,11.5,2
36(a),F,L,0.03587,0.04843,11,2
36(a),F,M,-0.5289,0.3121,6.5,2
36(a),F,N,-0.7157,0.1496,9,2
36(a),F,P,-5.908,0,5.5,2
36(a),F,Q,-1.007,0.106,5.5,2
36(a),F,R,-5.952,0,9,2
36(a),F,S,-0.7755,0.06935,11.5,2
36(a),F,T,-0.6302,0.2158,7.5,2
36(a),F,V,-0.4655,0.2919,9,2
36(a),F,W,-0.2883,0.2594,9,2
36(a),F,Y,-0.3569,0.01415,6.5,2
36(b),R,-,-0.1319,0.009,4,2
36(b),R,A,-0.05625,0.09175,14.5,2
36(b),R,C,-0.5583,0.05285,10.5,2
36(b),R,D,-0.6259,0.3133,12.5,2
36(b),R,E,-1.231,0.1985,8.5,2
36(b),R,F,-0.9884,0.0386,12,2
36(b),R,G,0.03856,0.02759,8,2
36(b),R,H,-0.2132,0.04825,13.5,2
36(b),R,I,-2.142,0.3495,7.5,2
36(b),R,K,0.01078,0.0175,6.5,2
36(b),R,L,-0.9264,0.3146,12.5,2
36(b),R,M,-0.3512,0.3018,13,2
36(b),R,N,-0.08213,0.03387,17.5,2
36(b),R,P,-5.761,0,11.5,2
36(b),R,Q,-0.07583,0.07297,23.5,2
36(b),R,R,0,0,,2
36(b),R,S,-0.02919,0.06155,12.5,2
36(b),R,T,-0.3679,0.101,12,2
36(b),R,V,-2.074,0.002,12.5,2
36(b),R,W,-1.813,0.01,18.5,2
36(b),R,Y,-1.701,0.43,9.5,2
37(a),H,*,-5.888,0,0.5,1
37(a),H,-,-1.852,1.446,3.5,2
37(a),H,A,-0.5299,0.4622,9,2
37(a),H,C,-0.3993,0.0452,6.5,2
37(a),H,D,-0.3267,0.0124,6.5,2
37(a),H,E,-0.3802,0.04155,7,2
37(a),H,F,-0.2296,0.1106,11.5,2
37(a),H,G,-1.252,0.1065,14,2
37(a),H,H,0,0,,2
37(a),H,I,-0.3904,0.1542,12.5,2
37(a),H,K,-0.3649,0.2504,10.5,2
37(a),H,L,-1.119,0.1372,9,2
37(a),H,M,-0.5823,0.0218,9,2
37(a),H,N,-0.245,0.03625,9,2
37(a),H,P,-5.806,0,9.5,2
37(a),H,Q,-0.4152,0.3772,10.5,2
37(a),H,R,-0.2398,0.1939,20.5,2
37(a),H,S,-0.4245,0.3045,7,2
37(a),H,T,-0.5359,0.09655,8.5,2
37(a),H,V,-0.5636,0.135,9.5,2
37(a),H,W,-0.5065,0.0335,11.5,2
37(a),H,Y,-0.2504,0.1184,17,2
37(b),Q,*,-6.013,0,9.5,2
37(b),Q,-,-3.266,0,3.5,1
37(b),Q,A,0.06817,0.02844,9,2
37(b),Q,C,-0.1628,0.2227,16,2
37(b),Q,D,-0.1202,0.00275,10,2
37(b),Q,E,-0.02956,0.03898,10.5,2
37(b),Q,F,-0.02713,0.04766,11.5,2
37(b),Q,G,0.02502,0.07062,14.5,2
37(b),Q,H,-0.05759,0.0292,15.5,2
37(b),Q,I,0.00814,0.06709,9,2
37(b),Q,K,-0.1637,0.07962,9,2
37(b),Q,L,-0.1969,0.1696,15.5,2
37(b),Q,M,-0.05653,0.00103,10.5,2
37(b),Q,N,-0.05453,0.00404,12.5,2
37(b),Q,P,-6.009,0,9.5,2
37(b),Q,Q,0,0,,2
37(b),Q,R,-0.05656,0.05844,16.5,2
37(b),Q,S,-3.429,0,9,2
37(b),Q,T,-3.5,0,14,2
37(b),Q,V,-0.1325,0.09469,13.5,2
37(b),Q,W,-0.243,0.2097,14,2
37(b),Q,Y,-0.4515,0.07095,16,2
38(a),V,-,-0.06055,0.07634,2,2
38(a),V,A,-0.1989,0.01235,15,2
38(a),V,C,-0.00916,0.05612,7.5,2
38(a),V,D,-2.437,0.152,5.5,2
38(a),V,E,-0.526,0.1978,12,2
38(a),V,F,-1.774,0.024,8,2
38(a),V,G,-1.591,0.025,10,2
38(a),V,H,-1.022,0.2231,11.5,2
38(a),V,I,-0.01929,0.06749,5.5,2
38(a),V,K,-4.309,0,9.5,2
38(a),V,L,0.02515,0.009215,15.5,2
38(a),V,M,-0.07765,0.05515,16.5,2
38(a),V,N,-0.9561,0.13,8,2
38(a),V,P,-1.06,0.3293,10,2
38(a),V,Q,-0.9281,0.2349,6.5,2
38(a),V,R,-4.056,0,10,2
38(a),V,S,-0.0502,0,0.5,1
38(a),V,T,-0.3107,0.0042,7,2
38(a),V,V,0,0,,2
38(a),V,W,-5.872,0,10.5,2
38(a),V,Y,-0.6801,0.4839,9,2
38(b),Q,*,-5.902,0,16.5,2
38(b),Q,-,-0.2607,0,3,1
38(b),Q,A,-0.4301,0.0638,3.5,2
38(b),Q,C,0.0533,0.01049,10,2
38(b),Q,D,-0.3992,0.05845,8,2
38(b),Q,E,-0.1884,0.09756,13,2
38(b),Q,F,-1.834,0.339,13.5,2
38(b),Q,G,-0.9603,0.0587,11,2
38(b),Q,H,-1.726,0.1955,14.5,2
38(b),Q,I,0.0196,0.06677,16.5,2
38(b),Q,K,-1.29,0.2145,11.5,2
38(b),Q,L,-0.08804,0.04746,12,2
38(b),Q,M,-0.06634,0.04967,16.5,2
38(b),Q,N,-0.3594,0.03175,13.5,2
38(b),Q,P,-0.4242,0.3533,15.5,2
38(b),Q,Q,0,0,,2
38(b),Q,R,-1.555,0.0305,22.5,2
38(b),Q,S,-0.151,0.1481,11,2
38(b),Q,T,0.04411,0.02893,16.5,2
38(b),Q,V,-0.09953,0.1431,11,2
38(b),Q,W,-3.618,0,6.5,2
38(b),Q,Y,-1.676,0.229,10,2
39(a),D,-,-0.01912,0.02677,2,2
39(a),D,A,-0.14,0.1022,10.5,2
39(a),D,C,-0.2523,0.074,8.5,2
39(a),D,D,0,0,,2
39(a),D,E,-0.4086,0.3734,6.5,2
39(a),D,F,-0.4253,0.3426,10,2
39(a),D,G,-0.1784,0.01945,10.5,2
39(a),D,H,-0.1204,0.18,9.5,2
39(a),D,I,-0.5854,0.1937,10,2
39(a),D,K,-0.3579,0.3203,8,2
39(a),D,L,-0.3783,0.1416,8.5,2
39(a),D,M,-0.3833,0.1752,11.5,2
39(a),D,N,-0.01673,0.01243,17.5,2
39(a),D,P,-1.826,1.046,7.5,2
39(a),D,Q,-0.07195,0.1234,7,2
39(a),D,R,-0.1882,0.1722,9.5,2
39(a),D,S,-0.01381,0.06367,6.5,2
39(a),D,T,-1.524,0.0325,9,2
39(a),D,V,-0.7187,0.09785,9.5,2
39(a),D,W,-0.6377,0.1163,8.5,2
39(a),D,Y,-0.7352,0.2137,11,2
39(b),D,-,-0.04082,0,3.5,1
39(b),D,A,-0.153,0.1283,17.5,2
39(b),D,C,0.003995,0.05711,8,2
39(b),D,D,0,0,,2
39(b),D,E,-0.3258,0.1087,11.5,2
39(b),D,F,0.02402,0.02607,9.5,2
39(b),D,G,-0.2395,0.252,12,2
39(b),D,H,-0.1728,0.2292,14,2
39(b),D,I,-0.1377,0.2275,12,2
39(b),D,K,-0.85,0.05295,11.5,2
39(b),D,L,0.02639,0.0314,12.5,2
39(b),D,M,-0.04784,0.1047,9,2
39(b),D,N,0.04286,0.02196,15.5,2
39(b),D,P,-2.524,0.0075,13.5,2
39(b),D,Q,0.03029,0.02117,11,2
39(b),D,R,-0.5471,0.0584,6,2
39(b),D,S,0.002476,0.004919,12.5,2
39(b),D,T,-0.1628,0.1061,10.5,2
39(b),D,V,0.01153,0.06299,11.5,2
39(b),D,W,-0.434,0.4608,11,2
39(b),D,Y,-0.1547,0.1363,12.5,2
4(T2A),E,-,0.02922,0.00935,3,2
4(T2A),E,A,-0.02337,0.1027,1,2
4(T2A),E,D,-0.003085,0.03642,4.5,2
4(T2A),E,E,0,0,,2
4(T2A),E,G,0.08383,0,2.5,1
4(T2A),E,K,-0.01063,0.007083,5.5,2
4(T2A),E,V,-0.04663,0,0.5,1
4(a),G,*,-5.898,0,12,2
4(a),G,A,-0.00087,0.01369,12.5,2
4(a),G,C,-0.05029,0.06721,7.5,2
4(a),G,D,-0.04196,0.03261,6.5,2
4(a),G,E,-0.133,0.04357,11.5,2
4(a),G,F,-0.4453,0.1232,10.5,2
4(a),G,G,0,0,,2
4(a),G,H,-0.0497,0.1045,6.5,2
4(a),G,I,-0.1719,0.0493,7.5,2
4(a),G,K,-0.6418,0.6592,7,2
4(a),G,L,-1.337,0.6169,5.5,2
4(a),G,M,0.07626,0.01342,7,2
4(a),G,N,0.04576,0.01293,7.5,2
4(a),G,P,-0.1435,0.1595,7.5,2
4(a),G,Q,-0.2691,0.1631,8,2
4(a),G,R,-0.08694,0.1148,16,2
4(a),G,S,0.02609,0.02987,9,2
4(a),G,T,0.00649,0.03865,13,2
4(a),G,V,-0.1084,0.05626,16.5,2
4(a),G,W,-0.3888,0.3705,10.5,2
4(a),G,Y,-0.09896,0.05173,10,2
4(b),E,*,-5.75,0,4,2
4(b),E,-,-0.04973,0.014,3.5,2
4(b),E,A,-0.002865,0.0453,13,2
4(b),E,C,-0.03381,0.06528,13,2
4(b),E,D,-0.02767,0.03001,14.5,2
4(b),E,E,0,0,,2
4(b),E,F,-0.05837,0.119,13.5,2
4(b),E,G,-0.2193,0.1301,11,2
4(b),E,H,-0.003705,0.06452,11.5,2
4(b),E,I,-0.07107,0.07703,16.5,2
4(b),E,K,-0.05561,0.06749,31.5,2
4(b),E,L,-0.06421,0.05629,10.5,2
4(b),E,M,-0.02664,0.04821,13.5,2
4(b),E,N,-0.1709,0.06485,12,2
4(b),E,P,0.01171,0.0883,9.5,2
4(b),E,Q,-0.04231,0.00622,17.5,2
4(b),E,R,-0.07975,0.09025,9,2
4(b),E,S,-0.02543,0.04567,9.5,2
4(b),E,T,-0.1441,0.1867,10.5,2
4(b),E,V,0.003515,0.002793,11.5,2
4(b),E,W,-0.262,0.2347,10.5,2
4(b),E,Y,0.04449,0.000765,10.5,2
40(a),L,-,-0.04234,0.03916,2,2
40(a),L,A,-0.0041,0.04448,6.5,2
40(a),L,C,-0.6411,0.08195,5,2
40(a),L,D,-5.932,0,9,2
40(a),L,E,-5.181,0,13,2
40(a),L,F,-0.005694,0.009965,9,2
40(a),L,G,-0.3581,0.09355,7.5,2
40(a),L,H,-1.208,0.1345,8.5,2
40(a),L,I,-0.4326,0.294,10,2
40(a),L,K,-0.6982,0.2768,7.5,2
40(a),L,L,0,0,,2
40(a),L,M,-0.1316,0.142,7,2
40(a),L,N,-1.229,0.2653,6,2
40(a),L,P,-0.1822,0.0373,18,2
40(a),L,Q,-0.7695,0.1751,7.5,2
40(a),L,R,-2.389,0.1925,8.5,2
40(a),L,S,-1.703,0.008,6,2
40(a),L,T,-0.7019,0.2641,6,2
40(a),L,V,-0.2821,0.1385,8.5,2
40(a),L,W,-5.896,0,4.5,2
40(a),L,Y,-5.95,0,9.5,2
40(b),V,-,-2.562,1.467,5,2
40(b),V,A,-0.4386,0.0829,14.5,2
40(b),V,C,-0.4624,0.2978,8,2
40(b),V,D,-4.482,0,7,2
40(b),V,E,-5.002,0,13,2
40(b),V,F,-0.106,0.04778,16,2
40(b),V,G,-2.67,0.0385,13.5,2
40(b),V,H,-1.325,0.0645,13.5,2
40(b),V,I,-0.1119,0.01389,9.5,2
40(b),V,K,-0.9011,0.2588,6.5,2
40(b),V,L,-0.3685,0.3823,12.5,2
40(b),V,M,-0.3594,0.04105,24.5,2
40(b),V,N,-2.101,0.2025,7.5,2
40(b),V,P,-5.929,0,12.5,2
40(b),V,Q,-2.793,0.169,8.5,2
40(b),V,R,-1.393,0.2595,11.5,2
40(b),V,S,-1.283,0.0675,11,2
40(b),V,T,-0.4301,0.0715,13,2
40(b),V,V,0,0,,2
40(b),V,W,-0.01997,0.06438,12,2
40(b),V,Y,-0.6372,0.3505,8.5,2
41(a),Q,*,-5.939,0,8.5,2
41(a),Q,-,-0.3446,0.3175,2.5,2
41(a),Q,A,-0.03044,0.07516,9,2
41(a),Q,C,-0.7082,0.2049,6.5,2
41(a),Q,D,-0.8387,0.2873,7.5,2
41(a),Q,E,-0.3382,0.1371,9.5,2
41(a),Q,F,-0.3893,0.04485,11,2
41(a),Q,G,-0.07526,0.00726,11,2
41(a),Q,H,-0.2323,0.1324,14.5,2
41(a),Q,I,0.03684,3e-05,7,2
41(a),Q,K,-0.1649,0.1427,10.5,2
41(a),Q,L,-0.06385,0.1149,7,2
41(a),Q,M,-0.1378,0.0211,3.5,2
41(a),Q,N,-5.42,0,9,2
41(a),Q,P,0.02751,0.05899,12.5,2
41(a),Q,Q,0,0,,2
41(a),Q,R,-0.02106,0.03429,21,2
41(a),Q,S,-0.08765,0.1387,7,2
41(a),Q,T,-0.04892,0.0436,9.5,2
41(a),Q,V,-0.3108,0.3074,9,2
41(a),Q,W,-0.4184,0.1478,9,2
41(a),Q,Y,-0.1549,0.05772,8.5,2
41(b),H,-,-0.875,0.842,4.5,2
41(b),H,A,-1.643,0.137,8,2
41(b),H,C,-0.6603,0.1948,13.5,2
41(b),H,D,-5.807,0,11,2
41(b),H,E,-0.6163,0.6547,12.5,2
41(b),H,F,-0.5503,0.3365,9,2
41(b),H,G,-1.753,0.1195,13,2
41(b),H,H,0,0,,2
41(b),H,I,-0.7441,0.457,10,2
41(b),H,K,-1.412,0.171,8.5,2
41(b),H,L,-0.9629,0.6751,11,2
41(b),H,M,-0.273,0.2398,6.5,2
41(b),H,N,-0.6758,0.6892,7.5,2
41(b),H,P,-6.008,0,11,2
41(b),H,Q,-0.5703,0.01985,16,2
41(b),H,R,-1.578,0.5155,10,2
41(b),H,S,-0.1085,0.198,6,2
41(b),H,T,-0.4326,0.0723,9.5,2
41(b),H,V,-0.4196,0.0499,12,2
41(b),H,W,-0.7522,0.1103,11.5,2
41(b),H,Y,-0.4292,0.03725,31,2
42(a),K,*,-2.917,0.628,1,2
42(a),K,-,-0.2762,0.2556,3,2
42(a),K,A,-0.2986,0.0958,8.5,2
42(a),K,C,-1.211,0.0595,7.5,2
42(a),K,D,-0.7645,0.168,8,2
42(a),K,E,-0.8783,0.1307,10,2
42(a),K,F,-0.2487,0.05105,16,2
42(a),K,G,-0.3753,0.1864,6,2
42(a),K,H,0.007705,0.04078,4.5,2
42(a),K,I,-0.3163,0.1154,14,2
42(a),K,K,0,0,,2
42(a),K,L,-0.2924,0.0029,7.5,2
42(a),K,M,-0.02982,0.07298,11,2
42(a),K,N,-0.1993,0.2056,12,2
42(a),K,P,-0.8618,0.2223,13.5,2
42(a),K,Q,-0.1544,0.1259,8.5,2
42(a),K,R,-0.1983,0.2258,6,2
42(a),K,S,-0.5725,0.325,7,2
42(a),K,T,-0.08726,0.1532,10.5,2
42(a),K,V,-0.3968,0.1419,8,2
42(a),K,W,-0.6753,0.1673,6,2
42(a),K,Y,-0.2078,0.0993,11,2
42(b),Y,*,-5.774,0,2.5,2
42(b),Y,-,-0.2275,0.1387,4,2
42(b),Y,A,-5.986,0,13.5,2
42(b),Y,C,-4.968,0,15,2
42(b),Y,D,-6.03,0,6,2
42(b),Y,E,-5.871,0,17.5,2
42(b),Y,F,-0.13,0.0044,14.5,2
42(b),Y,G,-5.842,0,5,2
42(b),Y,H,-5.177,0,9.5,2
42(b),Y,I,-0.9464,0.3726,15,2
42(b),Y,K,-5.977,0,7,2
42(b),Y,L,-0.2191,0.2655,11.5,2
42(b),Y,M,-0.742,0.0344,10,2
42(b),Y,N,-5.933,0,14,2
42(b),Y,P,-5.936,0,7.5,2
42(b),Y,Q,-5.819,0,6,2
42(b),Y,R,-5.727,0,9,2
42(b),Y,S,-5.754,0,8.5,2
42(b),Y,T,-5.788,0,13,2
42(b),Y,V,-3.111,0.0145,13,2
42(b),Y,W,-0.5852,0.2021,11,2
42(b),Y,Y,0,0,,2
43(a),S,-,-0.05369,0.02454,2.5,2
43(a),S,A,0.05475,0.01383,8.5,2
43(a),S,C,-0.5611,0.0269,10,2
43(a),S,D,-0.2169,0.06525,7,2
43(a),S,E,-0.3663,0.09855,7,2
43(a),S,F,-0.2119,0.2786,8.5,2
43(a),S,G,0.01363,0.007926,5.5,2
43(a),S,H,-1.28,0.525,4.5,2
43(a),S,I,-0.326,0.08965,7,2
43(a),S,K,-1.607,0.0345,12.5,2
43(a),S,L,-0.1477,0.05179,9,2
43(a),S,M,-0.1376,0.0563,5.5,2
43(a),S,N,-5.829,0,11.5,2
43(a),S,P,-0.439,0.2996,7.5,2
43(a),S,Q,-0.5578,0.0117,6,2
43(a),S,R,-1.038,0.3424,8,2
43(a),S,S,0,0,,2
43(a),S,T,-0.01519,0.04166,8.5,2
43(a),S,V,-0.08885,0.05445,5,2
43(a),S,W,-5.761,0,6.5,2
43(a),S,Y,-0.3511,0.2687,11.5,2
43(b),D,-,-1.42,0.9352,5,2
43(b),D,A,-0.9054,0.2056,10.5,2
43(b),D,C,-1.017,0.2127,8,2
43(b),D,D,0,0,,2
43(b),D,E,-1.061,0.1967,13,2
43(b),D,F,-3.02,0.101,14,2
43(b),D,G,-3.165,0,22,2
43(b),D,H,-1.438,0.049,17,2
43(b),D,I,-2.768,0.072,11.5,2
43(b),D,K,-3.479,0,9,2
43(b),D,L,-2.514,0.1475,12,2
43(b),D,M,-2.841,0.1845,9,2
43(b),D,N,-0.2549,0.1109,13.5,2
43(b),D,P,-5.844,0,9.5,2
43(b),D,Q,-2.429,0.3165,6.5,2
43(b),D,R,-2.569,0.0465,11.5,2
43(b),D,S,-0.2339,0.2446,7.5,2
43(b),D,T,-1.002,0.5771,12,2
43(b),D,V,-2.957,0.2005,11,2
43(b),D,W,-3.058,0.064,8,2
43(b),D,Y,-2.405,0.042,13.5,2
44(a),E,*,-5.149,0,4.5,2
44(a),E,-,-0.01646,0.008858,2.5,2
44(a),E,A,-0.1149,0.09975,13.5,2
44(a),E,C,-0.5639,0.1701,6.5,2
44(a),E,D,-0.01367,0.04407,9.5,2
44(a),E,E,0,0,,2
44(a),E,F,-0.1207,0.1726,8.5,2
44(a),E,G,-0.1706,0.01005,18.5,2
44(a),E,H,-0.0125,0.04341,12,2
44(a),E,I,-0.03735,0.04976,6,2
44(a),E,K,-0.01553,0.025,12.5,2
44(a),E,L,-0.341,0.2597,4.5,2
44(a),E,M,-0.5484,0.5886,7.5,2
44(a),E,N,-0.04906,0.09805,5.5,2
44(a),E,P,-2.599,0.3415,9,2
44(a),E,Q,-0.3287,0.2661,11.5,2
44(a),E,R,-0.0618,0.08001,9.5,2
44(a),E,S,-0.1464,0.1978,8,2
44(a),E,T,-0.02076,0.03191,8,2
44(a),E,V,0.001804,0.007538,11,2
44(a),E,W,-0.1756,0.1713,6,2
44(a),E,Y,-0.1062,0.01272,11,2
44(b),S,-,-3.992,0.4755,6.5,2
44(b),S,A,-1.462,0.063,7.5,2
44(b),S,C,-2.283,0.05,17,2
44(b),S,D,-2.175,0.4905,11,2
44(b),S,E,-3.556,0,8,2
44(b),S,F,-1.821,0.0865,11.5,2
44(b),S,G,-0.7449,0.2651,18,2
44(b),S,H,-1.97,0.4535,9,2
44(b),S,I,-2.907,0.019,13,2
44(b),S,K,-4.152,0,8.5,2
44(b),S,L,-2.946,0.0945,10.5,2
44(b),S,M,-1.957,0.039,10.5,2
44(b),S,N,-1.359,0.1735,15.5,2
44(b),S,P,-2.146,0.0005,8,2
44(b),S,Q,-2.646,0.1695,10,2
44(b),S,R,-3.174,0.0075,17.5,2
44(b),S,S,0,0,,2
44(b),S,T,-0.6401,0.2868,13.5,2
44(b),S,V,-2.073,0.0755,11,2
44(b),S,W,-1.746,0.2795,7.5,2
44(b),S,Y,-1.515,0.1395,8,2
45(a),T,-,-0.2304,0.07855,4.5,2
45(a),T,A,-0.04743,0.02275,14.5,2
45(a),T,C,-0.174,0.181,14,2
45(a),T,D,-0.1528,0.1286,11.5,2
45(a),T,E,-0.338,0.2949,6.5,2
45(a),T,F,-1.938,0.0425,13,2
45(a),T,G,-0.4161,0.3295,6,2
45(a),T,H,-1.667,0.055,6.5,2
45(a),T,I,-0.1704,0.01065,11,2
45(a),T,K,-1.329,0.14,11.5,2
45(a),T,L,-0.805,0.1148,11.5,2
45(a),T,M,-0.3635,0.3197,9,2
45(a),T,N,-0.1778,0.226,9.5,2
45(a),T,P,0.03957,0.05091,15,2
45(a),T,Q,-1.293,0.2795,6,2
45(a),T,R,-2.234,0.8275,9,2
45(a),T,S,-0.05112,0.01972,9.5,2
45(a),T,T,0,0,,2
45(a),T,V,-0.4339,0.4916,9,2
45(a),T,W,-2.317,0.4965,9.5,2
45(a),T,Y,-2.218,0.1175,7,2
45(b),D,*,0.01306,0,0.5,1
45(b),D,-,-0.1355,0.1108,5,2
45(b),D,A,0.01233,0.06624,9.5,2
45(b),D,C,-0.2142,0.0578,12,2
45(b),D,D,0,0,,2
45(b),D,E,-0.02869,0.04609,12.5,2
45(b),D,F,0.00183,0.001443,12.5,2
45(b),D,G,-0.1767,0.07565,15.5,2
45(b),D,H,-0.3402,0.3661,10,2
45(b),D,I,-0.1479,0.2368,5.5,2
45(b),D,K,0.03672,0.04717,10,2
45(b),D,L,-0.1847,0.1491,10.5,2
45(b),D,M,-0.01138,0.02218,8.5,2
45(b),D,N,-0.04079,0.08172,15.5,2
45(b),D,P,-3.431,0,11,2
45(b),D,Q,-0.1269,0.03297,12,2
45(b),D,R,0.03388,0.02604,10.5,2
45(b),D,S,5.5e-05,0.09799,12,2
45(b),D,T,-0.1752,0.02975,11,2
45(b),D,V,-0.09847,0.06973,14.5,2
45(b),D,W,-0.02365,0.08585,16.5,2
45(b),D,Y,-0.162,0.1219,10,2
46(a),I,-,-0.2261,0.02015,4,2
46(a),I,A,-0.3736,0.3406,7.5,2
46(a),I,C,0.006235,0.03327,12,2
46(a),I,D,-0.1617,0.2062,15.5,2
46(a),I,E,0.06202,0.01934,3.5,2
46(a),I,F,-0.05621,0.01243,8.5,2
46(a),I,G,-0.08113,0.07427,9.5,2
46(a),I,H,0.02142,0.03425,8,2
46(a),I,I,0,0,,2
46(a),I,K,0.0695,0.01645,8,2
46(a),I,L,-0.2445,0.125,8,2
46(a),I,M,0.02926,0.008215,8.5,2
46(a),I,N,0.03329,0.02389,8,2
46(a),I,P,-1.375,0.2525,6.5,2
46(a),I,Q,-0.1361,0.05142,7.5,2
46(a),I,R,-0.04136,0.07025,10,2
46(a),I,S,0.03248,0.004555,7.5,2
46(a),I,T,0.00156,0.004703,7.5,2
46(a),I,V,-0.04503,0.02993,19.5,2
46(a),I,W,-0.2339,0.0605,7,2
46(a),I,Y,0.01808,0.02152,9.5,2
46(b),V,-,-0.1852,0.02045,6,2
46(b),V,A,0.00363,0.0068,9,2
46(b),V,C,-0.1046,0.03188,16.5,2
46(b),V,D,-0.1748,0.0482,6,2
46(b),V,E,-0.08356,0.1474,12,2
46(b),V,F,-0.2279,0.1152,13.5,2
46(b),V,G,-0.4281,0.192,10.5,2
46(b),V,H,-0.09653,0.1293,7.5,2
46(b),V,I,0.03315,0.01221,16,2
46(b),V,K,-0.1721,0.06185,6.5,2
46(b),V,L,-0.2079,0.1237,16,2
46(b),V,M,-0.1163,0.04675,20,2
46(b),V,N,-0.219,0.1958,14,2
46(b),V,P,-0.4078,0.2215,9.5,2
46(b),V,Q,-0.2268,0.2402,8,2
46(b),V,R,-0.1126,0.02271,11.5,2
46(b),V,S,-0.4861,0.3188,12,2
46(b),V,T,-0.07301,0.09839,7,2
46(b),V,V,0,0,,2
46(b),V,W,-0.1204,0.09843,14,2
46(b),V,Y,-0.2395,0.1336,13,2
47(a),W,*,-5.965,0,13.5,2
47(a),W,-,-0.2725,0.099,4,2
47(a),W,A,-0.5268,0.0106,4,2
47(a),W,C,-0.1846,0.1779,8.5,2
47(a),W,D,-0.9274,0.1666,7,2
47(a),W,E,-0.781,0.4161,6,2
47(a),W,F,0.03191,0.02168,7.5,2
47(a),W,G,-0.7323,0.0184,5,2
47(a),W,H,-1.179,0.4225,8.5,2
47(a),W,I,-1.025,0.4626,6.5,2
47(a),W,K,-1.829,0.3405,8.5,2
47(a),W,L,-0.5111,0.1894,12.5,2
47(a),W,M,0.01858,0.02917,11.5,2
47(a),W,N,-0.9001,0.0604,8,2
47(a),W,P,-0.3543,0.214,6.5,2
47(a),W,Q,-0.3892,0.2089,7.5,2
47(a),W,R,-1.067,0.06,11.5,2
47(a),W,S,-0.4439,0.1018,9.5,2
47(a),W,T,-0.2118,0.1208,4.5,2
47(a),W,V,-0.237,0.2596,7.5,2
47(a),W,W,0,0,,2
47(a),W,Y,-0.05209,0.1075,5,2
47(b),G,-,-0.1938,0.1274,5.5,2
47(b),G,A,-0.2415,0.1832,10,2
47(b),G,C,-1.101,0.0285,12,2
47(b),G,D,-0.1774,0.0152,12,2
47(b),G,E,-0.1715,0.2557,13,2
47(b),G,F,-1.266,0.4748,11.5,2
47(b),G,G,0,0,,2
47(b),G,H,-0.2335,0.1002,12.5,2
47(b),G,I,-4.761,0,6.5,2
47(b),G,K,-0.6879,0.0893,13.5,2
47(b),G,L,-0.7014,0.4656,11,2
47(b),G,M,-0.5506,0.1324,9.5,2
47(b),G,N,-0.2194,0.1862,11,2
47(b),G,P,-3.284,0,10,2
47(b),G,Q,-0.1994,0.0126,12.5,2
47(b),G,R,-0.9725,0.1096,12.5,2
47(b),G,S,-0.2818,0.0753,24,2
47(b),G,T,-1.538,0.124,10,2
47(b),G,V,-3.513,0,16.5,2
47(b),G,W,-1.8,0.3255,7.5,2
47(b),G,Y,-1.345,0.0355,8.5,2
48(a),R,-,-0.4264,0.3722,4,2
48(a),R,A,0.01446,0.02184,5,2
48(a),R,C,-0.1734,0.0342,6.5,2
48(a),R,D,-0.1774,0.2467,6.5,2
48(a),R,E,-0.4649,0.05265,8.5,2
48(a),R,F,-0.4017,0.2905,12,2
48(a),R,G,0.0008622,0.001026,5,2
48(a),R,H,-0.01836,0.1053,12,2
48(a),R,I,-0.2098,0.0084,9.5,2
48(a),R,K,0.07545,0.01879,6,2
48(a),R,L,-0.2777,0.03845,8,2
48(a),R,M,-0.03307,0.04571,10.5,2
48(a),R,N,0.04019,0.0077,8.5,2
48(a),R,P,-1.143,0.0275,7,2
48(a),R,Q,-0.06656,0.03403,15.5,2
48(a),R,R,0,0,,2
48(a),R,S,-0.159,0.1264,9,2
48(a),R,T,-0.1928,0.1127,6.5,2
48(a),R,V,-0.08727,0.1432,7,2
48(a),R,W,-0.1925,0.01775,29.5,2
48(a),R,Y,-0.1012,0.1434,6.5,2
48(b),H,-,-0.4616,0.2937,6,2
48(b),H,A,-0.1226,0.1366,11.5,2
48(b),H,C,0.02038,0.02095,13.5,2
48(b),H,D,0.02365,0.02287,10.5,2
48(b),H,E,0.01873,0.007275,12.5,2
48(b),H,F,0.03801,0.02335,11,2
48(b),H,G,0.04938,0.0478,7,2
48(b),H,H,0,0,,2
48(b),H,I,-0.1176,0.1252,13,2
48(b),H,K,0.02551,0.022,12.5,2
48(b),H,L,0.01901,0.008405,10,2
48(b),H,M,0.006853,0.01468,16,2
48(b),H,N,-0.01988,0.05643,11.5,2
48(b),H,P,-5.109,0,19,2
48(b),H,Q,0.02713,0.02535,8.5,2
48(b),H,R,-0.1258,0.1149,18,2
48(b),H,S,-0.01187,0.05622,10.5,2
48(b),H,T,0.0542,0.01175,7,2
48(b),H,V,0.07011,0.008665,12,2
48(b),H,W,-0.233,0.0918,15,2
48(b),H,Y,0.0233,0.01011,13,2
49(a),L,*,-5.874,0,0.5,1
49(a),L,-,-0.02253,0.0286,3,2
49(a),L,A,-0.4611,0.3875,8.5,2
49(a),L,C,-0.03059,0.09212,6.5,2
49(a),L,D,-0.01964,0.01176,8.5,2
49(a),L,E,-0.1325,0.1247,7,2
49(a),L,F,-1.066,0.0858,7.5,2
49(a),L,G,-1.267,0.1725,10,2
49(a),L,H,-0.4147,0.2029,10,2
49(a),L,I,0.02046,0.04134,10,2
49(a),L,K,0.05778,0.005875,4,2
49(a),L,L,0,0,,2
49(a),L,M,-0.05368,0.001335,9.5,2
49(a),L,N,-0.0916,0.1385,11.5,2
49(a),L,P,-2.045,0.321,13,2
49(a),L,Q,-0.2294,0.0996,10,2
49(a),L,R,-0.09977,0.1092,6.5,2
49(a),L,S,-0.03772,0.02542,8,2
49(a),L,T,-0.03418,0.07711,7,2
49(a),L,V,-2.729,1.544,4.5,2
49(a),L,W,-1.058,0.0515,11.5,2
49(a),L,Y,-1.249,0.4668,8.5,2
49(b),Y,*,-5.95,0,1,1
49(b),Y,-,-0.1036,0.00045,4.5,2
49(b),Y,A,-1.687,0.553,10,2
49(b),Y,C,-2.825,0.0745,19.5,2
49(b),Y,D,-5.947,0,7,2
49(b),Y,E,-5.792,0,9,2
49(b),Y,F,0.0502,0.02518,9.5,2
49(b),Y,G,-5.901,0,11.5,2
49(b),Y,H,-1.476,0.2625,13.5,2
49(b),Y,I,-2.894,0.4565,8,2
49(b),Y,K,-5.896,0,7.5,2
49(b),Y,L,-2.081,0.025,10,2
49(b),Y,M,-0.4391,0.1537,10.5,2
49(b),Y,N,-4.535,0,10.5,2
49(b),Y,P,-5.285,0,10.5,2
49(b),Y,Q,-5.997,0,7.5,2
49(b),Y,R,-5.924,0,7.5,2
49(b),Y,S,-4.53,0,16.5,2
49(b),Y,T,-4.42,0,9,2
49(b),Y,V,-2.147,0.065,7,2
49(b),Y,W,0.07494,0.0147,14,2
49(b),Y,Y,0,0,,2
5(T2A),G,-,0.002915,0.03789,3.5,2
5(T2A),G,A,-1.835,0,0.5,1
5(T2A),G,C,-4.266,0,3,1
5(T2A),G,D,-0.1372,0.12,11.5,2
5(T2A),G,G,0,0,,2
5(T2A),G,R,-1.666,0,1,1
5(T2A),G,S,-1.49,0.0495,4,2
5(a),H,*,-6.034,0,10,2
5(a),H,-,-0.2742,0.05175,1,2
5(a),H,A,-0.02834,0.06817,7.5,2
5(a),H,C,0.02325,0.05082,4.5,2
5(a),H,D,-0.1594,0.02105,7.5,2
5(a),H,E,-0.1763,0.1555,9.5,2
5(a),H,F,-0.08097,0.09732,11,2
5(a),H,G,-0.4146,0.1401,6,2
5(a),H,H,0,0,,2
5(a),H,I,-0.1979,0.001,7,2
5(a),H,K,-0.07168,0.09842,7.5,2
5(a),H,L,-0.08351,0.02209,12,2
5(a),H,M,-0.008789,0.00212,4.5,2
5(a),H,N,-0.309,0.1258,5,2
5(a),H,P,0.00649,0.05054,8.5,2
5(a),H,Q,-0.1544,0.1575,9,2
5(a),H,R,-0.06619,0.01216,19.5,2
5(a),H,S,0.0749,0.01402,8.5,2
5(a),H,T,-0.02364,0.05547,7,2
5(a),H,V,-0.2409,0.08115,11,2
5(a),H,W,-0.4704,0.3188,8.5,2
5(a),H,Y,-0.1091,0.02095,15.5,2
5(b),T,-,-0.2641,0.1941,3,2
5(b),T,A,0.01285,0.01126,16,2
5(b),T,C,-0.1405,0.04396,12,2
5(b),T,D,0.00771,0.0641,10,2
5(b),T,E,-0.2474,0.2007,7.5,2
5(b),T,F,-0.1086,0.09351,11,2
5(b),T,G,0.02317,0.04238,10,2
5(b),T,H,-0.1632,0.1347,10.5,2
5(b),T,I,0.008847,0.01585,16,2
5(b),T,K,-0.08363,0.1481,6.5,2
5(b),T,L,-0.09131,0.09819,14.5,2
5(b),T,M,-0.3764,0.0492,6,2
5(b),T,N,-0.07518,0.0166,9.5,2
5(b),T,P,-0.03953,0.03837,12,2
5(b),T,Q,-0.03209,0.09162,11,2
5(b),T,R,-0.05701,0.03071,14,2
5(b),T,S,0.00943,0.00924,12,2
5(b),T,T,0,0,,2
5(b),T,V,-0.1206,0.1607,9,2
5(b),T,W,0.05249,0.03986,9,2
5(b),T,Y,-0.06604,0.04386,5.5,2
50(a),P,-,-1.135,0.5239,4,2
50(a),P,A,0.06392,0.0302,6.5,2
50(a),P,C,-0.4717,0.1809,7,2
50(a),P,D,-0.04596,0.02377,11.5,2
50(a),P,E,-0.643,0.3236,6.5,2
50(a),P,F,-0.4406,0.2588,6.5,2
50(a),P,G,-0.0401,0.05281,10.5,2
50(a),P,H,-0.029,0.06463,7.5,2
50(a),P,I,-0.3188,0.1687,9.5,2
50(a),P,K,-0.04414,0.0484,8.5,2
50(a),P,L,-0.2482,0.2363,14.5,2
50(a),P,M,-0.1308,0.1917,9.5,2
50(a),P,N,-0.03728,0.01654,6,2
50(a),P,P,0,0,,2
50(a),P,Q,-0.9478,0,0.5,1
50(a),P,R,-0.2404,0.1109,6.5,2
50(a),P,S,-0.2119,0.07185,25,2
50(a),P,T,-0.2732,0.09225,9.5,2
50(a),P,V,-0.2984,0.1129,9,2
50(a),P,W,-0.9347,0.5733,7.5,2
50(a),P,Y,-0.002915,0.05214,6,2
50(b),V,-,-0.06585,0.01365,3.5,2
50(b),V,A,-0.318,0.08695,10.5,2
50(b),V,C,-0.07673,0.129,10.5,2
50(b),V,D,-1.325,0.1755,8,2
50(b),V,E,-0.1059,0.03082,8.5,2
50(b),V,F,-0.4542,0.3321,11,2
50(b),V,G,-2.428,0.0815,8,2
50(b),V,H,-0.6376,0.2817,8,2
50(b),V,I,-0.01417,0.06517,8.5,2
50(b),V,K,-0.3698,0.0505,10.5,2
50(b),V,L,-0.2058,0.2,21.5,2
50(b),V,M,-0.1874,0.1343,21,2
50(b),V,N,-0.3105,0.06545,10,2
50(b),V,P,-5.931,0,9,2
50(b),V,Q,-0.1025,0.00659,9.5,2
50(b),V,R,-0.2894,0.2477,7,2
50(b),V,S,-0.15,0.0694,11,2
50(b),V,T,-0.01997,0.08663,10,2
50(b),V,V,0,0,,2
50(b),V,W,-1.122,0.07,10.5,2
50(b),V,Y,-0.4268,0.1777,15,2
51(a),I,-,-0.2583,0.2683,4,2
51(a),I,A,-0.08886,0.09794,7,2
51(a),I,C,-0.1188,0.1009,9,2
51(a),I,D,-0.3248,0.1473,6,2
51(a),I,E,0.03178,0.02958,9,2
51(a),I,F,-0.2181,0.2013,14.5,2
51(a),I,G,-0.1704,0.04315,9.5,2
51(a),I,H,0.04888,0.001645,5,2
51(a),I,I,0,0,,2
51(a),I,K,0.01533,0.01062,8.5,2
51(a),I,L,-0.009706,0.003894,12,2
51(a),I,M,0.02726,0.04942,7.5,2
51(a),I,N,0.04716,0.01798,11,2
51(a),I,P,-0.338,0.2139,9,2
51(a),I,Q,-0.2653,0.0959,7.5,2
51(a),I,R,-0.1375,0.1915,10,2
51(a),I,S,0.0199,0.0353,11,2
51(a),I,T,-0.01163,0.07492,14,2
51(a),I,V,0.01818,0.004055,16.5,2
51(a),I,W,0.003205,0.0184,9,2
51(a),I,Y,0.04132,0.03984,9,2
51(b),A,-,-0.09154,0.00936,4,2
51(b),A,A,0,0,,2
51(b),A,C,-0.8754,0.3875,12,2
51(b),A,D,-0.8876,0.1954,15,2
51(b),A,E,-0.5345,0.2073,9.5,2
51(b),A,F,-0.1205,0.07934,6,2
51(b),A,G,-0.08279,0.00836,12,2
51(b),A,H,-0.07898,0.03252,11.5,2
51(b),A,I,-0.9221,0.3199,13.5,2
51(b),A,K,-1.872,0.3865,7.5,2
51(b),A,L,-2.873,0.0315,10,2
51(b),A,M,-1.091,0.1346,10,2
51(b),A,N,-0.8562,0.1155,8,2
51(b),A,P,-0.01382,0.02099,6,2
51(b),A,Q,-0.8449,0.0341,13,2
51(b),A,R,-2.345,0.013,9.5,2
51(b),A,S,-0.111,0.01333,10,2
51(b),A,T,-1.155,0.0615,25.5,2
51(b),A,V,-0.9545,0.0402,26.5,2
51(b),A,W,0.03454,0.00338,17.5,2
51(b),A,Y,0.002155,0.05296,10,2
52(a),F,*,-6.024,0,0.5,1
52(a),F,-,-0.0167,0.05394,5,2
52(a),F,A,-0.5192,0.368,7,2
52(a),F,C,-0.6651,0.4018,7.5,2
52(a),F,D,-0.3298,0.3554,7.5,2
52(a),F,E,-0.7672,0.1737,8,2
52(a),F,F,0,0,,2
52(a),F,G,-1.074,0.6057,9,2
52(a),F,H,-0.5897,0.3579,6.5,2
52(a),F,I,-0.3909,0.0356,9.5,2
52(a),F,K,-0.3009,0.1169,10.5,2
52(a),F,L,-0.6425,0.0052,12,2
52(a),F,M,-0.0094,0.02343,7.5,2
52(a),F,N,-0.2637,0.2808,6.5,2
52(a),F,P,-1.183,0.0105,7.5,2
52(a),F,Q,-0.571,0.28,9,2
52(a),F,R,-0.7637,0.1559,10.5,2
52(a),F,S,-0.5564,0.0198,11,2
52(a),F,T,-0.1798,0.0323,6.5,2
52(a),F,V,-0.7537,0.4274,10.5,2
52(a),F,W,-0.1617,0.1546,13.5,2
52(a),F,Y,-0.1584,0.081,16,2
52(b),D,-,-0.001962,0.002506,3.5,2
52(b),D,A,-1.373,0.122,14.5,2
52(b),D,C,-1.519,0.1125,15.5,2
52(b),D,D,0,0,,2
52(b),D,E,-0.8193,0.1997,8,2
52(b),D,F,-2.175,0.015,13,2
52(b),D,G,-1.514,0.1035,11.5,2
52(b),D,H,-1.785,0.014,12,2
52(b),D,I,-1.742,0.1215,9,2
52(b),D,K,-2.167,0.277,9.5,2
52(b),D,L,-0.3853,0.2588,10,2
52(b),D,M,-0.9305,0.1845,14,2
52(b),D,N,-0.5297,0.0763,34.5,2
52(b),D,P,-5.061,0,7.5,2
52(b),D,Q,-1.188,0.1835,6,2
52(b),D,R,-2.955,0.1215,12,2
52(b),D,S,-0.9222,0.1829,18,2
52(b),D,T,-0.05514,0.1151,8,2
52(b),D,V,-1.365,0.1025,12,2
52(b),D,W,-3.159,0,16,2
52(b),D,Y,-2.117,0.3745,18,2
53(a),T,-,-0.4611,0.4069,4,2
53(a),T,A,-0.2335,0.2773,13,2
53(a),T,C,-0.01973,0.02431,9,2
53(a),T,D,0.00014,0.03489,9.5,2
53(a),T,E,-0.2461,0.1924,8.5,2
53(a),T,F,-0.5513,0.07295,7,2
53(a),T,G,0.05296,0.01033,8,2
53(a),T,H,-0.06386,0.1224,9,2
53(a),T,I,-0.1659,0.07008,14,2
53(a),T,K,-0.06316,0.1204,9,2
53(a),T,L,0.03238,0.05532,8,2
53(a),T,M,0.03298,0.00972,6.5,2
53(a),T,N,-0.09621,0.07788,8,2
53(a),T,P,-0.1501,0.1418,11,2
53(a),T,Q,-0.006355,0.02071,9,2
53(a),T,R,-0.01414,0.00409,14,2
53(a),T,S,0.05779,0.000105,8,2
53(a),T,T,0,0,,2
53(a),T,V,-0.08085,0.04445,8,2
53(a),T,W,0.02271,0.05383,10,2
53(a),T,Y,-0.3079,0.0205,5,2
53(b),T,-,-0.04399,0.01823,4,2
53(b),T,A,-0.7528,0.1256,24,2
53(b),T,C,-0.3211,0.2994,11,2
53(b),T,D,-0.2312,0.2961,6.5,2
53(b),T,E,-0.9428,0.06315,9.5,2
53(b),T,F,-2.273,0.013,14,2
53(b),T,G,-0.7882,0.2888,13,2
53(b),T,H,0.04387,0.03216,15.5,2
53(b),T,I,-1.094,0.2203,23.5,2
53(b),T,K,-1.492,0.0225,14,2
53(b),T,L,-1.167,0.0625,10.5,2
53(b),T,M,-1.065,0.07335,12,2
53(b),T,N,-0.07889,0.1225,11.5,2
53(b),T,P,-5.905,0,14,2
53(b),T,Q,-0.4249,0.2525,11,2
53(b),T,R,-0.8468,0.04335,12,2
53(b),T,S,-0.01418,0.03911,10,2
53(b),T,T,0,0,,2
53(b),T,V,-1.458,0.1845,9,2
53(b),T,W,-1.8,0.0735,13,2
53(b),T,Y,-1.509,0.5276,9.5,2
54(a),T,-,-0.1172,0.04715,3.5,2
54(a),T,A,-0.07462,0.1197,19.5,2
54(a),T,C,-0.4204,0.179,5.5,2
54(a),T,D,-0.02654,0.08246,3.5,2
54(a),T,E,-0.2889,0.0529,9,2
54(a),T,F,-0.2869,0.08255,7.5,2
54(a),T,G,-0.3324,0.3322,9,2
54(a),T,H,-0.1293,0.1577,8.5,2
54(a),T,I,-0.1461,0.05763,16,2
54(a),T,K,0.06376,0.02406,10,2
54(a),T,L,-0.2639,0.2394,11,2
54(a),T,M,0.03701,0.00928,10.5,2
54(a),T,N,-2.119,1.502,5.5,2
54(a),T,P,-0.1137,0.1536,9,2
54(a),T,Q,0.01325,0.03782,10.5,2
54(a),T,R,-0.07451,0.02114,5.5,2
54(a),T,S,0.05998,0.003185,11,2
54(a),T,T,0,0,,2
54(a),T,V,-0.2278,0.06985,8,2
54(a),T,W,-0.2759,0.2981,11.5,2
54(a),T,Y,-0.3764,0.1982,6.5,2
54(b),E,*,-4.423,0,3,2
54(b),E,-,-0.5096,0.06565,5,2
54(b),E,A,-0.03183,0.02747,13.5,2
54(b),E,C,-0.1624,0.06015,16.5,2
54(b),E,D,0.01216,0.004736,17,2
54(b),E,E,0,0,,2
54(b),E,F,-0.071,0.0787,15.5,2
54(b),E,G,-0.1846,0.04495,21,2
54(b),E,H,0.06774,0.009925,7,2
54(b),E,I,-0.02336,0.0016,20,2
54(b),E,K,-0.05181,0.03832,16.5,2
54(b),E,L,-0.0155,0.06766,7.5,2
54(b),E,M,-0.2068,0.1279,13.5,2
54(b),E,N,-0.07731,0.0597,14.5,2
54(b),E,P,-0.03642,0.002705,12,2
54(b),E,Q,0.03245,0.01565,10.5,2
54(b),E,R,0.01622,0.0428,14.5,2
54(b),E,S,-0.143,0.0256,16,2
54(b),E,T,-0.12,0.187,14,2
54(b),E,V,-0.03302,0.04345,11,2
54(b),E,W,-0.05738,0.09082,13,2
54(b),E,Y,-0.103,0.01987,10,2
55(a),F,-,-0.2545,0.05925,2.5,2
55(a),F,A,-0.1086,0.01992,13,2
55(a),F,C,-0.0414,0.0689,10,2
55(a),F,D,-0.07883,0.07997,7,2
55(a),F,E,-0.11,0.1237,7,2
55(a),F,F,0,0,,2
55(a),F,G,-0.5652,0.1938,12,2
55(a),F,H,0.07381,0.02619,10,2
55(a),F,I,-0.02136,0.006835,10.5,2
55(a),F,K,-0.0732,0.04819,9.5,2
55(a),F,L,-0.06241,0.01813,13,2
55(a),F,M,-0.0114,0.0497,6.5,2
55(a),F,N,0.01791,0.01552,5.5,2
55(a),F,P,-1.434,0.05,4,2
55(a),F,Q,-0.09202,0.07468,12.5,2
55(a),F,R,-0.04151,0.1061,8.5,2
55(a),F,S,-0.004315,0.04521,11.5,2
55(a),F,T,-0.2052,0.1858,6,2
55(a),F,V,-0.07789,0.01212,11,2
55(a),F,W,-0.183,0.1471,10,2
55(a),F,Y,-0.1357,0.1744,9.5,2
55(b),L,-,-2.489,1.405,5,2
55(b),L,A,-0.313,0.1089,11.5,2
55(b),L,C,-0.3817,0.3854,13,2
55(b),L,D,-0.1014,0.02899,17,2
55(b),L,E,-0.1215,0.05939,9.5,2
55(b),L,F,0.03666,0.00766,12.5,2
55(b),L,G,-0.2258,0.1178,10.5,2
55(b),L,H,-0.00197,0.07907,14.5,2
55(b),L,I,-0.09218,0.1126,9,2
55(b),L,K,-0.1562,0.07397,13.5,2
55(b),L,L,0,0,,2
55(b),L,M,-0.08989,0.1008,15.5,2
55(b),L,N,-0.1318,0.0473,13,2
55(b),L,P,-0.5101,0.004,11.5,2
55(b),L,Q,-0.09895,0.03144,15.5,2
55(b),L,R,-0.1409,0.1178,8.5,2
55(b),L,S,-0.2613,0.04505,9,2
55(b),L,T,-0.2514,0.0153,8,2
55(b),L,V,-0.1477,0.02685,13,2
55(b),L,W,-0.1651,0.1804,10.5,2
55(b),L,Y,0.07271,0.02178,17,2
56(a),T,-,-0.1294,0.04664,3,2
56(a),T,A,0.02384,0.02933,10.5,2
56(a),T,C,-0.08039,0.08531,8,2
56(a),T,D,-1.07,0.018,8.5,2
56(a),T,E,-1.21,0.062,4.5,2
56(a),T,F,-0.3263,0.3037,5,2
56(a),T,G,-0.3073,0.2119,10.5,2
56(a),T,H,-0.6261,0.2847,1.5,2
56(a),T,I,-0.1441,0.06018,16,2
56(a),T,K,-0.9415,0.9065,5.5,2
56(a),T,L,-0.1157,0.1044,12,2
56(a),T,M,-0.6153,0.5697,4,2
56(a),T,N,-0.6704,0.2641,9.5,2
56(a),T,P,-0.2986,0.0939,14,2
56(a),T,Q,-0.9918,0.04115,12.5,2
56(a),T,R,-1.667,0.2235,7,2
56(a),T,S,0.007475,0.03343,10.5,2
56(a),T,T,0,0,,2
56(a),T,V,-0.0929,0.004655,10,2
56(a),T,W,-0.4145,0.3379,7.5,2
56(a),T,Y,-1.105,0.1616,9,2
56(b),G,-,-0.3858,0.3545,4.5,2
56(b),G,A,-0.8116,0.2473,11,2
56(b),G,C,-1.388,0.1565,18.5,2
56(b),G,D,-5.951,0,33.5,2
56(b),G,E,-5.674,0,12,2
56(b),G,F,-2.136,0.125,11,2
56(b),G,G,0,0,,2
56(b),G,H,-4.886,0,15.5,2
56(b),G,I,-5.425,0,17.5,2
56(b),G,K,-3.858,0,11.5,2
56(b),G,L,-2.396,0.2185,22.5,2
56(b),G,M,-1.154,0.0535,13.5,2
56(b),G,N,-3.439,0,14,2
56(b),G,P,-5.991,0,7,2
56(b),G,Q,-5.563,0,8.5,2
56(b),G,R,-1.776,0.0875,16,2
56(b),G,S,-1.232,0.1385,18.5,2
56(b),G,T,-2.366,0.264,13,2
56(b),G,V,-3.939,0,18.5,2
56(b),G,W,-2.811,0.0115,11,2
56(b),G,Y,-2.676,0.2555,15.5,2
57(a),S,-,-0.1888,0.04355,3,2
57(a),S,A,-0.1119,0.02787,7.5,2
57(a),S,C,-0.4034,0.311,12.5,2
57(a),S,D,-0.3136,0.23,5,2
57(a),S,E,0.06209,0.000805,6.5,2
57(a),S,F,-0.2281,0.05775,16.5,2
57(a),S,G,-0.1667,0.2271,10.5,2
57(a),S,H,0.05231,0.01437,8,2
57(a),S,I,-0.1244,0.07818,12,2
57(a),S,K,-0.3033,0.139,6.5,2
57(a),S,L,-0.4157,0.5067,7,2
57(a),S,M,0.001735,0.04714,11.5,2
57(a),S,N,-0.1795,0.0265,13,2
57(a),S,P,-1.47,0.047,3.5,2
57(a),S,Q,0.01734,0.03993,11.5,2
57(a),S,R,-0.03623,0.03657,22,2
57(a),S,S,0,0,,2
57(a),S,T,-0.00693,0.04578,8,2
57(a),S,V,-0.158,0.1892,11,2
57(a),S,W,-0.07517,0.05133,8.5,2
57(a),S,Y,-0.1439,0.09842,5.5,2
57(b),K,*,-5.03,0,2,2
57(b),K,-,-0.05248,0.02122,4,2
57(b),K,A,-0.09049,0.00096,9,2
57(b),K,C,-0.3927,0.04725,14.5,2
57(b),K,D,-0.2122,0.02305,13,2
57(b),K,E,-0.1518,0.1074,10.5,2
57(b),K,F,-0.3385,0.2039,13,2
57(b),K,G,-0.4243,0.02135,15,2
57(b),K,H,-0.1086,0.06617,12.5,2
57(b),K,I,0.05727,0.02493,12.5,2
57(b),K,K,0,0,,2
57(b),K,L,-0.3318,0.3251,9.5,2
57(b),K,M,0.02497,0.02545,14.5,2
57(b),K,N,-0.1805,0.1884,10,2
57(b),K,P,-4.371,0,11.5,2
57(b),K,Q,-0.01221,0.002767,17,2
57(b),K,R,-0.04631,0.04574,18.5,2
57(b),K,S,-0.3498,0.08615,10,2
57(b),K,T,0.04864,0.02191,15.5,2
57(b),K,V,-0.1776,0.1745,11.5,2
57(b),K,W,-0.1157,0.03617,14,2
57(b),K,Y,-0.08766,0.08434,14,2
58(a),F,-,-0.1974,0.1429,3,2
58(a),F,A,-1.897,0,6,2
58(a),F,C,-1.873,0.3125,7.5,2
58(a),F,D,-2.556,0.2585,11,2
58(a),F,E,-2.555,0.113,7.5,2
58(a),F,F,0,0,,2
58(a),F,G,-1.198,0.5703,4.5,2
58(a),F,H,-1.993,0.3695,9,2
58(a),F,I,-0.8285,0.3365,11,2
58(a),F,K,-2.889,0.1485,11,2
58(a),F,L,-0.8572,0.6588,12,2
58(a),F,M,-0.5181,0.1835,9,2
58(a),F,N,-1.132,0.7205,7,2
58(a),F,P,-2.064,0.216,9,2
58(a),F,Q,-2.297,0.1835,8.5,2
58(a),F,R,-3.066,0.229,5,2
58(a),F,S,-1.833,0.0175,9.5,2
58(a),F,T,-1.788,0.232,7,2
58(a),F,V,-1.381,0.0585,11.5,2
58(a),F,W,-0.9886,0.3535,6,2
58(a),F,Y,-0.1361,0.03075,8,2
58(b),P,-,-0.5303,0.4075,4,2
58(b),P,A,-0.1077,0.1628,7.5,2
58(b),P,C,-0.01753,0.01498,11,2
58(b),P,D,-0.1566,0.06237,11,2
58(b),P,E,-0.08464,0.01816,8.5,2
58(b),P,F,-0.09975,0.03335,11.5,2
58(b),P,G,-0.2759,0.00525,8,2
58(b),P,H,-0.02726,0.02205,11.5,2
58(b),P,I,-0.001579,0.00764,13.5,2
58(b),P,K,-0.01512,0.03308,14,2
58(b),P,L,-0.01196,0.0511,10.5,2
58(b),P,M,-0.06869,0.1433,10,2
58(b),P,N,-0.00122,0.04336,11.5,2
58(b),P,P,0,0,,2
58(b),P,Q,-0.04434,0.04004,8.5,2
58(b),P,R,0.0684,0.01109,7.5,2
58(b),P,S,-0.04407,0.108,18.5,2
58(b),P,T,-0.1278,0.008,14,2
58(b),P,V,0.06153,0.03064,10,2
58(b),P,W,-0.00527,0.02534,11,2
58(b),P,Y,0.03278,0.06156,10,2
59(a),E,*,-5.207,0,5,2
59(a),E,-,-0.2141,0.0516,3,2
59(a),E,A,-0.3279,0.0569,11.5,2
59(a),E,C,-0.802,0.248,9,2
59(a),E,D,0.02162,0.02033,14,2
59(a),E,E,0,0,,2
59(a),E,F,-0.5845,0.3438,12.5,2
59(a),E,G,-0.1955,0.01265,16,2
59(a),E,H,-0.3168,0.2161,8,2
59(a),E,I,-0.516,0.0785,13.5,2
59(a),E,K,-0.6774,0.2591,25.5,2
59(a),E,L,-0.4114,0.03625,5.5,2
59(a),E,M,-0.2468,0.3037,9,2
59(a),E,N,-0.554,0.1328,13,2
59(a),E,P,-0.2678,0.07525,4.5,2
59(a),E,Q,-0.1338,0.1746,6,2
59(a),E,R,-1.205,0.3332,5,2
59(a),E,S,-0.3288,0.08885,10,2
59(a),E,T,-0.8052,0.1941,11,2
59(a),E,V,-0.3475,0.0489,9.5,2
59(a),E,W,-0.7391,0.3679,9,2
59(a),E,Y,-0.7631,0.2809,11,2
59(b),D,-,-0.6115,0.4886,4.5,2
59(b),D,A,-0.8849,0.3061,9.5,2
59(b),D,C,-0.5076,0.0191,10,2
59(b),D,D,0,0,,2
59(b),D,E,-0.7073,0.2683,8,2
59(b),D,F,-0.8881,0.0544,14.5,2
59(b),D,G,-0.85,0.03075,17.5,2
59(b),D,H,-0.775,0.0143,12,2
59(b),D,I,-0.9146,0.0425,8,2
59(b),D,K,-1.076,0.3593,7,2
59(b),D,L,-1.007,0.3318,6.5,2
59(b),D,M,-0.4841,0.2962,10,2
59(b),D,N,-0.4154,0.1446,29,2
59(b),D,P,-0.7285,0.1265,8.5,2
59(b),D,Q,-0.2967,0.0285,7.5,2
59(b),D,R,-0.7919,0.1049,9,2
59(b),D,S,-0.5112,0.3399,7.5,2
59(b),D,T,-0.7237,0.00505,12.5,2
59(b),D,V,-0.5622,0.389,13,2
59(b),D,W,-0.6858,0.2338,14.5,2
59(b),D,Y,-0.3083,0.2751,13,2
6(T2A),R,-,-0.0317,0.06388,3,2
6(T2A),R,L,-1.4,0.8715,6,2
6(T2A),R,P,-1.656,0.3565,19,2
6(T2A),R,Q,-1.066,0.3355,7.5,2
6(T2A),R,R,0,0,,2
6(T2A),R,W,-0.01753,0.01308,5.5,2
6(a),V,*,-5.883,0,9.5,2
6(a),V,-,-0.3468,0.02815,1,2
6(a),V,A,-0.2524,0.0082,8,2
6(a),V,C,-0.03028,0.005495,10.5,2
6(a),V,D,-0.4628,0.379,7.5,2
6(a),V,E,-0.3687,0.05235,9,2
6(a),V,F,-0.3506,0.1366,9,2
6(a),V,G,-0.6117,0.0091,6.5,2
6(a),V,H,-0.1694,0.06215,6.5,2
6(a),V,I,-0.07759,0.1335,8,2
6(a),V,K,-0.07508,0.1073,10.5,2
6(a),V,L,-0.08026,0.01798,10.5,2
6(a),V,M,-0.03202,0.09288,9,2
6(a),V,N,-0.1272,0.0258,8,2
6(a),V,P,-1.292,0.0865,4.5,2
6(a),V,Q,-0.005955,0.08886,7,2
6(a),V,R,-0.1802,0.0409,9.5,2
6(a),V,S,-0.1067,0.03951,6,2
6(a),V,T,-0.2038,0.2674,8.5,2
6(a),V,V,0,0,,2
6(a),V,W,-0.06499,0.004395,6,2
6(a),V,Y,-0.2781,0.185,6.5,2
6(b),K,*,-3.867,0,1,1
6(b),K,-,-0.2249,0.2043,3,2
6(b),K,A,-0.04072,0.01774,8,2
6(b),K,C,0.04124,0.0403,10,2
6(b),K,D,-0.1832,0.234,7,2
6(b),K,E,-0.04921,0.00717,17,2
6(b),K,F,-0.06481,0.1233,8,2
6(b),K,G,-0.0507,0.02246,11,2
6(b),K,H,-0.06871,0.05369,8.5,2
6(b),K,I,-0.01609,0.03784,10,2
6(b),K,K,0,0,,2
6(b),K,L,-0.03791,0.02674,14,2
6(b),K,M,-0.05485,0.006525,9,2
6(b),K,N,0.0327,0.06232,15,2
6(b),K,P,-0.02867,0.006545,13,2
6(b),K,Q,-0.07676,0.03034,12,2
6(b),K,R,-0.02061,0.02901,19.5,2
6(b),K,S,-0.02272,0.0227,12.5,2
6(b),K,T,0.0047,0.004966,11.5,2
6(b),K,V,-0.01749,0.05912,10.5,2
6(b),K,W,-0.1049,0.1298,8,2
6(b),K,Y,-0.1075,0.1531,14,2
60(a),A,-,-0.1566,0.1231,3,2
60(a),A,A,0,0,,2
60(a),A,C,0.03377,0.03578,9.5,2
60(a),A,D,-0.01201,0.1019,10,2
60(a),A,E,-0.03356,0.09184,8.5,2
60(a),A,F,-0.8887,0.2433,9,2
60(a),A,G,-0.1041,0.081,12,2
60(a),A,H,-0.1146,0.108,11.5,2
60(a),A,I,-0.07459,0.1012,12.5,2
60(a),A,K,-0.4573,0.3438,10,2
60(a),A,L,-0.08219,0.1477,5.5,2
60(a),A,M,-0.1674,0.1101,12,2
60(a),A,N,0.03857,0.02125,13.5,2
60(a),A,P,0.000735,0.05704,6,2
60(a),A,Q,-0.1675,0.2044,11.5,2
60(a),A,R,-0.08504,0.01996,9.5,2
60(a),A,S,0.01346,0.01501,7.5,2
60(a),A,T,0.0178,0.0237,18.5,2
60(a),A,V,-0.05894,0.08095,10.5,2
60(a),A,W,-0.03785,0.1013,6.5,2
60(a),A,Y,-0.8201,0.05675,8,2
60(b),A,-,-0.07857,0.07183,4,2
60(b),A,A,0,0,,2
60(b),A,C,-0.512,0.4102,10,2
60(b),A,D,-4.096,0,12.5,2
60(b),A,E,-0.4072,0.0764,10.5,2
60(b),A,F,-3.62,0,13,2
60(b),A,G,-1.695,0.0825,9,2
60(b),A,H,-3.365,0,14.5,2
60(b),A,I,-1.394,0.281,12.5,2
60(b),A,K,-1.656,0.0635,7,2
60(b),A,L,-2.551,0.013,9.5,2
60(b),A,M,-0.1207,0.00975,11.5,2
60(b),A,N,-3.618,0,6.5,2
60(b),A,P,-4.898,0,18,2
60(b),A,Q,-0.3566,0.1036,13,2
60(b),A,R,-0.5661,0.0012,11.5,2
60(b),A,S,-0.3289,0.2094,14.5,2
60(b),A,T,-0.4637,0.2337,12.5,2
60(b),A,V,-0.2646,0.038,32,2
60(b),A,W,-4.778,0,11.5,2
60(b),A,Y,-3.487,0,9,2
61(a),Q,*,-5.939,0,8,2
61(a),Q,-,-0.1188,0.08944,2.5,2
61(a),Q,A,-0.551,0.454,8.5,2
61(a),Q,C,-1.976,0.055,11.5,2
61(a),Q,D,-0.24,0.1568,11.5,2
61(a),Q,E,-0.8833,0.2567,10.5,2
61(a),Q,F,-0.07281,0.0184,9,2
61(a),Q,G,-0.4666,0.4233,7.5,2
61(a),Q,H,0.006715,0.03818,21.5,2
61(a),Q,I,0.000685,0.07991,8,2
61(a),Q,K,-3.05,0.022,12.5,2
61(a),Q,L,-0.07626,0.01602,11.5,2
61(a),Q,M,-0.03141,0.0389,6.5,2
61(a),Q,N,-0.3356,0.2698,9.5,2
61(a),Q,P,-0.2945,0.1022,16.5,2
61(a),Q,Q,0,0,,2
61(a),Q,R,-2.605,0.04,30.5,2
61(a),Q,S,-0.161,0.119,7,2
61(a),Q,T,-0.3961,0.01225,9,2
61(a),Q,V,-0.1572,0.1349,11,2
61(a),Q,W,-0.5994,0.3744,10,2
61(a),Q,Y,-0.2939,0.3403,10,2
61(b),D,-,0.008414,0.003986,3.5,2
61(b),D,A,0.03751,0.05591,12,2
61(b),D,C,-0.5277,0.1193,15,2
61(b),D,D,0,0,,2
61(b),D,E,-0.009784,0.001595,15.5,2
61(b),D,F,-0.1722,0.00465,11,2
61(b),D,G,-0.6883,0.1508,14.5,2
61(b),D,H,-0.041,0.09301,13,2
61(b),D,I,-0.001635,0.07639,12.5,2
61(b),D,K,-0.08584,0.08946,14,2
61(b),D,L,-0.01726,0.03997,10,2
61(b),D,M,0.02426,0.01727,8.5,2
61(b),D,N,-0.1462,0.0515,27.5,2
61(b),D,P,-3.309,0,9.5,2
61(b),D,Q,-0.1432,0.1586,14,2
61(b),D,R,-0.1451,0.1502,9.5,2
61(b),D,S,-0.04354,0.0416,7,2
61(b),D,T,-0.00591,0.08928,11.5,2
61(b),D,V,-0.156,0.03635,8.5,2
61(b),D,W,-0.07548,0.1293,14,2
61(b),D,Y,-0.2369,0.1701,14.5,2
62(a),G,-,-0.3683,0.3494,3,2
62(a),G,A,-0.07011,0.06729,6,2
62(a),G,C,-0.1293,0.0254,18,2
62(a),G,D,-0.01243,0.01555,18.5,2
62(a),G,E,0.07064,0.02359,6,2
62(a),G,F,0.06926,0.01689,6,2
62(a),G,G,0,0,,2
62(a),G,H,-0.002644,0.01093,10.5,2
62(a),G,I,-0.02264,0.1041,6.5,2
62(a),G,K,-0.2031,0.1626,11.5,2
62(a),G,L,-0.00854,0.03153,9.5,2
62(a),G,M,-0.01085,0.06148,9,2
62(a),G,N,0.01179,0.001465,10.5,2
62(a),G,P,0.0139,0.01876,11,2
62(a),G,Q,-0.01656,0.08414,13,2
62(a),G,R,-0.06246,0.06724,4.5,2
62(a),G,S,0.05823,0.001315,11.5,2
62(a),G,T,0.02331,0.02732,7.5,2
62(a),G,V,0.03424,0.00242,16.5,2
62(a),G,W,-0.06092,0.06118,10.5,2
62(a),G,Y,-0.03198,0.01124,10,2
62(b),Y,*,-5.354,0,2.5,2
62(b),Y,-,-0.06721,0.05529,3,2
62(b),Y,A,-0.2784,0.143,6.5,2
62(b),Y,C,-0.4858,0.0757,13,2
62(b),Y,D,-0.7265,0.07295,10,2
62(b),Y,E,-0.4433,0.3901,9.5,2
62(b),Y,F,-5e-05,0.05002,15.5,2
62(b),Y,G,-0.4768,0.1706,10.5,2
62(b),Y,H,-0.02338,0.05765,12.5,2
62(b),Y,I,-0.248,0.05275,8,2
62(b),Y,K,-0.4579,0.3569,7,2
62(b),Y,L,-0.1861,0.1143,10,2
62(b),Y,M,-0.0827,0.04801,17,2
62(b),Y,N,-0.2486,0.1334,18,2
62(b),Y,P,-5.571,0,13.5,2
62(b),Y,Q,-0.4373,0.1793,10,2
62(b),Y,R,-0.1198,0.0238,10.5,2
62(b),Y,S,-0.4503,0.2035,13,2
62(b),Y,T,-0.3429,0.1007,12.5,2
62(b),Y,V,-0.4568,0.0069,11.5,2
62(b),Y,W,0.07396,0.01348,13.5,2
62(b),Y,Y,0,0,,2
63(a),A,-,-0.005761,0.001101,2,2
63(a),A,A,0,0,,2
63(a),A,C,0.06846,0.02687,10.5,2
63(a),A,D,-3.515,0,14.5,2
63(a),A,E,-1.939,0.078,12,2
63(a),A,F,-2.796,0.1235,12,2
63(a),A,G,0.05371,0.03145,8.5,2
63(a),A,H,-2.415,0.117,7.5,2
63(a),A,I,0.01812,0.003705,8.5,2
63(a),A,K,-5.539,0,10.5,2
63(a),A,L,-1.959,0.007,9,2
63(a),A,M,-0.4924,0.0341,7.5,2
63(a),A,N,-1.853,0.3305,7,2
63(a),A,P,-0.0565,0.0891,8,2
63(a),A,Q,-1.506,0.0025,9.5,2
63(a),A,R,-3.826,0,9,2
63(a),A,S,-0.07969,0.05432,12,2
63(a),A,T,-0.0909,0.069,15.5,2
63(a),A,V,-0.00044,0.02393,11,2
63(a),A,W,-2.633,0.057,7.5,2
63(a),A,Y,-2.468,0.2835,4,2
63(b),W,*,-5.933,0,61,2
63(b),W,-,-0.01512,0.00014,2.5,2
63(b),W,A,-1.379,0.0145,14.5,2
63(b),W,C,-2.152,0.3065,18.5,2
63(b),W,D,-5.849,0,12,2
63(b),W,E,-5.39,0,13.5,2
63(b),W,F,-0.6942,0.02445,12.5,2
63(b),W,G,-2.638,0.4625,10,2
63(b),W,H,-2.084,0.061,9,2
63(b),W,I,-2.574,0.005,11,2
63(b),W,K,-2.322,0.0935,7,2
63(b),W,L,-0.9202,0.2888,15.5,2
63(b),W,M,-1.4,0.254,7,2
63(b),W,N,-5.061,0,9,2
63(b),W,P,-5.837,0,13,2
63(b),W,Q,-2.418,0.0405,13.5,2
63(b),W,R,-1.813,0.041,22.5,2
63(b),W,S,-3.298,0,10,2
63(b),W,T,-5.265,0,11.5,2
63(b),W,V,-3.054,0.0375,11.5,2
63(b),W,W,0,0,,2
63(b),W,Y,-0.967,0.09695,7.5,2
64(a),L,-,-3.192,1.291,2.5,2
64(a),L,A,-0.9933,0.03965,9.5,2
64(a),L,C,-3.309,0.013,9.5,2
64(a),L,D,-5.882,0,9.5,2
64(a),L,E,-1.488,0.1415,8,2
64(a),L,F,-0.08983,0.1353,7.5,2
64(a),L,G,-5.69,0,4.5,2
64(a),L,H,-0.8483,0.2237,6,2
64(a),L,I,-0.7087,0.12,9,2
64(a),L,K,-5.931,0,9.5,2
64(a),L,L,0,0,,2
64(a),L,M,-0.1537,0.1248,11,2
64(a),L,N,-0.8386,0.1995,6.5,2
64(a),L,P,-2.28,0.3055,17,2
64(a),L,Q,-0.518,0.0502,16.5,2
64(a),L,R,-5.792,0,10,2
64(a),L,S,-4.835,0,11.5,2
64(a),L,T,-2.167,0.0495,7.5,2
64(a),L,V,-0.9732,0.0898,9,2
64(a),L,W,-5.916,0,8,2
64(a),L,Y,-0.3795,0.1611,9,2
64(b),N,-,-3.027,1.483,1.5,2
64(b),N,A,-2.886,0.1085,14,2
64(b),N,C,-4.295,0,7,2
64(b),N,D,-0.9169,0.261,14.5,2
64(b),N,E,-0.407,0.1481,10.5,2
64(b),N,F,-4.528,0,11,2
64(b),N,G,-2.945,0.051,8,2
64(b),N,H,-3.476,0,8,2
64(b),N,I,-5.498,0,11,2
64(b),N,K,-4.04,0,16,2
64(b),N,L,-4.057,0,13,2
64(b),N,M,-2.883,0.089,12.5,2
64(b),N,N,0,0,,2
64(b),N,P,-5.891,0,9.5,2
64(b),N,Q,-2.807,0.17,11,2
64(b),N,R,-3.978,0,11,2
64(b),N,S,-1.588,0.196,21,2
64(b),N,T,-2.707,0.1795,8,2
64(b),N,V,-5.187,0,11.5,2
64(b),N,W,-4.191,0,9.5,2
64(b),N,Y,-4.652,0,19.5,2
65(a),Q,*,-5.891,0,14.5,2
65(a),Q,-,-2.817,1.297,4.5,2
65(a),Q,A,0.01555,0.01264,11,2
65(a),Q,C,-0.7088,0.07035,6.5,2
65(a),Q,D,-1.306,0.1055,9,2
65(a),Q,E,-0.2441,0.1809,9,2
65(a),Q,F,0.03419,0.01266,12,2
65(a),Q,G,-0.07342,0.106,8,2
65(a),Q,H,-0.05302,0.02661,13.5,2
65(a),Q,I,-0.01981,0.009315,10.5,2
65(a),Q,K,-0.1209,0.1475,11,2
65(a),Q,L,-0.0694,0.02963,12,2
65(a),Q,M,-0.2334,0.2897,5,2
65(a),Q,N,-0.9783,0.4797,4,2
65(a),Q,P,-0.08854,0.1778,15,2
65(a),Q,Q,0,0,,2
65(a),Q,R,-0.01443,0.00429,11.5,2
65(a),Q,S,0.03727,0.00952,7,2
65(a),Q,T,-0.06953,0.03267,5.5,2
65(a),Q,V,-0.11,0.01331,9,2
65(a),Q,W,-0.1964,0.2012,3.5,2
65(a),Q,Y,-0.08524,0.1025,6,2
65(b),S,A,0.04655,0.02013,9.5,2
65(b),S,C,-0.5019,0.1847,17.5,2
65(b),S,D,-0.1439,0.01685,10,2
65(b),S,E,-0.05387,0.0434,11,2
65(b),S,F,-0.3972,0.252,14,2
65(b),S,G,-0.00149,0.02058,18,2
65(b),S,H,-0.1377,0.07706,8,2
65(b),S,I,-0.5902,0.3174,17.5,2
65(b),S,K,-0.09352,0.05378,10,2
65(b),S,L,-0.1704,0.1748,18.5,2
65(b),S,M,-0.06989,0.00367,11,2
65(b),S,N,-0.05077,0.00739,22,2
65(b),S,P,-3.308,0.0275,12.5,2
65(b),S,Q,-0.245,0.129,10.5,2
65(b),S,R,-0.06945,0.01886,19,2
65(b),S,S,0,0,,2
65(b),S,T,-0.3604,0.2131,11.5,2
65(b),S,V,-0.343,0.08345,11,2
65(b),S,W,-0.7838,0.09045,14.5,2
65(b),S,Y,-0.3553,0.161,23.5,2
66(a),N,-,-3.333,0.9765,5,2
66(a),N,A,-1.032,0.0979,14.5,2
66(a),N,C,-0.7131,0.3579,13.5,2
66(a),N,D,-0.9893,0.2426,8,2
66(a),N,E,-1.063,0.162,13,2
66(a),N,F,-2.151,0.2495,8.5,2
66(a),N,G,-1.018,0.4819,9,2
66(a),N,H,-1.363,0.0245,8.5,2
66(a),N,I,-1.681,0.0375,7.5,2
66(a),N,K,-0.5484,0.2621,10,2
66(a),N,L,-1.853,0.1645,8,2
66(a),N,M,-1.477,0.083,12,2
66(a),N,N,0,0,,2
66(a),N,P,-1.425,0.1775,8.5,2
66(a),N,Q,-1.417,0.2795,8,2
66(a),N,R,-0.9659,0.3991,12.5,2
66(a),N,S,-0.4413,0.1014,13,2
66(a),N,T,-1.337,0.1985,15,2
66(a),N,V,-1.615,0.0215,11.5,2
66(a),N,W,-2.805,0.217,8,2
66(a),N,Y,-1.982,0.0365,10,2
66(b),Q,*,-5.829,0,4,2
66(b),Q,A,-0.1025,0.02067,7.5,2
66(b),Q,C,-0.2555,0.2423,10,2
66(b),Q,D,-0.1498,0.0336,7,2
66(b),Q,E,-0.09716,0.00166,9.5,2
66(b),Q,F,-0.1248,0.1337,13.5,2
66(b),Q,G,-0.2557,0.0535,8,2
66(b),Q,H,-0.09258,0.1346,17,2
66(b),Q,I,-0.2246,0.2221,11.5,2
66(b),Q,K,-0.00848,0.014,16,2
66(b),Q,L,0.04172,0.01484,14,2
66(b),Q,M,-0.03418,0.03126,10,2
66(b),Q,N,-0.04641,0.03274,9,2
66(b),Q,P,-1.95,0.1725,17,2
66(b),Q,Q,0,0,,2
66(b),Q,R,0.03363,0.01747,11.5,2
66(b),Q,S,0.02303,0.03104,8.5,2
66(b),Q,T,-0.3215,0.2342,8.5,2
66(b),Q,V,-0.1067,0.03838,8.5,2
66(b),Q,W,-0.869,0.906,10,2
66(b),Q,Y,-0.4329,0.1999,11,2
67(a),I,-,-3.362,0.8195,5,2
67(a),I,A,-0.01905,0.05904,9.5,2
67(a),I,C,-0.1155,0.03836,7,2
67(a),I,D,-0.7276,0.07425,5,2
67(a),I,E,-0.6946,0.02965,4.5,2
67(a),I,F,-2.415,0.04,14,2
67(a),I,G,-0.591,0.0603,7,2
67(a),I,H,-0.8547,0.5433,9.5,2
67(a),I,I,0,0,,2
67(a),I,K,-5.682,0,8,2
67(a),I,L,-0.05257,0.01061,8.5,2
67(a),I,M,-0.6223,0.1638,10,2
67(a),I,N,-0.4285,0.1385,10.5,2
67(a),I,P,-1.119,0.519,6,2
67(a),I,Q,-0.0874,0.1466,15,2
67(a),I,R,-5.883,0,7.5,2
67(a),I,S,-0.171,0.1387,8.5,2
67(a),I,T,-0.8561,0.3449,12,2
67(a),I,V,-0.07903,0.05837,12,2
67(a),I,W,-5.851,0,6,2
67(a),I,Y,-5.918,0,7,2
67(b),P,A,-0.1163,0.08333,7.5,2
67(b),P,C,-0.2899,0.1886,11,2
67(b),P,D,-0.4069,0.1439,9.5,2
67(b),P,E,-0.2004,0.1971,4.5,2
67(b),P,F,-0.1628,0.15,12,2
67(b),P,G,-0.3291,0.3452,8.5,2
67(b),P,H,-0.0096,0.07323,5.5,2
67(b),P,I,-0.1977,0.01985,12,2
67(b),P,K,-0.07382,0.01825,8.5,2
67(b),P,L,-0.1608,0.04435,10.5,2
67(b),P,M,-0.1517,0.09317,8,2
67(b),P,N,-0.1391,0.01065,6,2
67(b),P,P,0,0,,2
67(b),P,Q,-0.1122,0.1063,11.5,2
67(b),P,R,-0.195,0.04545,10.5,2
67(b),P,S,-0.06065,0.0258,13,2
67(b),P,T,-0.1724,0.06155,5.5,2
67(b),P,V,0.03075,0.03151,7,2
67(b),P,W,-0.5273,0.3641,11.5,2
67(b),P,Y,-0.05951,0.08029,7,2
68(a),A,-,-0.1221,0.1077,4,2
68(a),A,A,0,0,,2
68(a),A,C,-1.303,0.126,9,2
68(a),A,D,-0.3593,0.1386,7.5,2
68(a),A,E,-0.0726,0.0482,6,2
68(a),A,F,-0.7033,0.2987,6.5,2
68(a),A,G,-0.3797,0.0682,9.5,2
68(a),A,H,-0.05479,0.09991,6,2
68(a),A,I,-0.5548,0.3004,7.5,2
68(a),A,K,-2.198,0.061,4.5,2
68(a),A,L,-0.6534,0.3616,5,2
68(a),A,M,-0.1272,0.1588,5,2
68(a),A,N,-0.09314,0.07125,8.5,2
68(a),A,P,-0.001335,0.06352,9,2
68(a),A,Q,-0.1409,0.03545,11,2
68(a),A,R,-0.2878,0.1575,6.5,2
68(a),A,S,-5.617,0,7.5,2
68(a),A,T,-4.969,0,26,2
68(a),A,V,-0.03913,0.01775,26,2
68(a),A,W,-0.6033,0.1911,9,2
68(a),A,Y,-0.5717,0.3766,4.5,2
68(b),E,*,-5.822,0,3.5,2
68(b),E,-,0.02338,0,0.5,1
68(b),E,A,0.04231,0.009115,5.5,2
68(b),E,C,-0.01915,0.06082,4,2
68(b),E,D,-0.02697,0.05162,13.5,2
68(b),E,E,0,0,,2
68(b),E,F,-0.2497,0.2743,6.5,2
68(b),E,G,-0.1423,0.1098,8,2
68(b),E,H,-0.5014,0.5546,3,2
68(b),E,I,-0.06274,0.02764,9,2
68(b),E,K,-0.08075,0.01306,25.5,2
68(b),E,L,-0.08994,0.161,7,2
68(b),E,M,-0.1329,0.1473,8,2
68(b),E,N,-0.2041,0.04855,5,2
68(b),E,P,-0.3971,0.1791,2.5,2
68(b),E,Q,0.04458,0.004165,4.5,2
68(b),E,R,-0.2051,0.2588,4.5,2
68(b),E,S,-0.1411,0.1285,5.5,2
68(b),E,T,0.01139,0.07865,9,2
68(b),E,V,-0.2283,0.08875,10,2
68(b),E,W,0.03306,0.07004,6.5,2
68(b),E,Y,0.09807,0,3,1
69(a),V,-,-0.1455,0.055,4,2
69(a),V,A,-0.5919,0.09115,10.5,2
69(a),V,C,-0.239,0.1697,8.5,2
69(a),V,D,-0.5673,0.5307,8,2
69(a),V,E,-0.2944,0.1015,13.5,2
69(a),V,F,-0.6397,0.02375,5.5,2
69(a),V,G,-0.6622,0.1984,12,2
69(a),V,H,-0.9669,0.0381,8.5,2
69(a),V,I,0.01801,0.06413,6.5,2
69(a),V,K,-0.4299,0.3009,7,2
69(a),V,L,-0.315,0.0014,15,2
69(a),V,M,-0.04376,0.00237,21,2
69(a),V,N,-1.055,0.1104,8.5,2
69(a),V,P,-3.162,0,5,2
69(a),V,Q,0.02533,0.05826,5.5,2
69(a),V,R,-0.5793,0.2726,11.5,2
69(a),V,S,-0.2326,0.0249,9.5,2
69(a),V,T,-0.3354,0.3283,6,2
69(a),V,V,0,0,,2
69(a),V,W,-0.7614,0.3115,8.5,2
69(a),V,Y,-0.7497,0.1556,8,2
69(b),E,*,-6.011,0,5.5,2
69(b),E,-,-0.05263,0,0.5,1
69(b),E,A,-0.7828,0.0894,6,2
69(b),E,C,-0.4184,0.284,7.5,2
69(b),E,D,-0.2355,0.0646,10,2
69(b),E,E,0,0,,2
69(b),E,F,-0.2319,0.02775,5,2
69(b),E,G,-0.02917,0.07673,7.5,2
69(b),E,H,-0.456,0.4312,5,2
69(b),E,I,-0.6122,0.5408,8,2
69(b),E,K,-0.2443,0.0813,82,2
69(b),E,L,-0.2126,0.2298,4,2
69(b),E,M,-0.5488,0.3457,4.5,2
69(b),E,N,-0.4897,0.1337,9,2
69(b),E,P,-0.9602,0.5788,6.5,2
69(b),E,Q,-0.6035,0.2203,4.5,2
69(b),E,R,-0.7985,0.1157,3.5,2
69(b),E,S,-0.4032,0.1711,6,2
69(b),E,T,-0.6198,0.115,5.5,2
69(b),E,V,-0.6523,0.3165,6,2
69(b),E,W,-0.4883,0.04375,7.5,2
69(b),E,Y,-0.1539,0.1535,8,2
7(T2A),G,-,-0.009014,0.004456,3,2
7(T2A),G,C,-3.152,0.657,1.5,2
7(T2A),G,D,-1.019,0.2571,24.5,2
7(T2A),G,G,0,0,,2
7(T2A),G,S,-0.8851,0.477,2,2
7(T2A),G,V,-2.666,0,0.5,1
7(a),L,*,-5.922,0,8.5,2
7(a),L,A,-0.1111,0.02125,9.5,2
7(a),L,C,-0.5797,0.072,4.5,2
7(a),L,D,-5.582,0,8.5,2
7(a),L,E,-1.402,0.1235,8,2
7(a),L,F,0.02271,0.001325,5,2
7(a),L,G,-1.34,0.4539,10.5,2
7(a),L,H,-0.1285,0.02305,5.5,2
7(a),L,I,-0.5323,0.09995,6.5,2
7(a),L,K,-1.016,0.263,6.5,2
7(a),L,L,0,0,,2
7(a),L,M,0.03232,0.00951,7.5,2
7(a),L,N,-1.379,0.4093,7.5,2
7(a),L,P,-5.998,0,10.5,2
7(a),L,Q,-0.4821,0.0333,9.5,2
7(a),L,R,-2.575,0.244,11,2
7(a),L,S,-0.3114,0.1443,5.5,2
7(a),L,T,-0.8407,0.1894,14.5,2
7(a),L,V,-1.009,0.0844,5.5,2
7(a),L,W,-0.6669,0.1125,10,2
7(a),L,Y,-0.7511,0.2778,6,2
7(b),G,-,-0.1678,0.1552,2.5,2
7(b),G,A,-0.1002,0.1484,9,2
7(b),G,C,-0.2535,0.129,16.5,2
7(b),G,D,-0.09194,0.01016,26,2
7(b),G,E,-0.08543,0.08627,12,2
7(b),G,F,-0.06571,0.1094,12,2
7(b),G,G,0,0,,2
7(b),G,H,-0.1955,0.07075,15,2
7(b),G,I,0.03819,0.01732,9.5,2
7(b),G,K,-0.03472,0.02176,8,2
7(b),G,L,-0.3211,0.0318,12,2
7(b),G,M,-0.2347,0.1304,10.5,2
7(b),G,N,0.01875,0.04135,10,2
7(b),G,P,-0.2003,0.04485,14,2
7(b),G,Q,-0.01186,0.003219,11.5,2
7(b),G,R,-0.09005,0.1134,14.5,2
7(b),G,S,-0.0565,0.0027,14,2
7(b),G,T,-0.2113,0.0376,6.5,2
7(b),G,V,-0.117,0.09489,9,2
7(b),G,W,0.02262,0.009045,10,2
7(b),G,Y,-0.03635,0.03086,13,2
70(a),D,-,-0.05307,0.01013,3,2
70(a),D,A,-0.8998,0.01925,11,2
70(a),D,C,-1.049,0.3125,5.5,2
70(a),D,D,0,0,,2
70(a),D,E,-0.3431,0.0899,9,2
70(a),D,F,-3.309,0,10,2
70(a),D,G,-0.6809,0.04055,6.5,2
70(a),D,H,-0.3044,0.1984,9,2
70(a),D,I,-0.9737,0.1893,10,2
70(a),D,K,-2.265,0.2765,8.5,2
70(a),D,L,-1.131,0.2013,8.5,2
70(a),D,M,-1.367,0.091,10,2
70(a),D,N,-0.0734,0.0871,30.5,2
70(a),D,P,-3.426,0,14,2
70(a),D,Q,-0.3891,0.228,11.5,2
70(a),D,R,-2.248,0.043,6,2
70(a),D,S,-0.5854,0.5446,9,2
70(a),D,T,-0.5988,0.02155,6,2
70(a),D,V,-0.5756,0.1706,10.5,2
70(a),D,W,-4.26,0,11.5,2
70(a),D,Y,-2.806,0.152,14.5,2
70(b),K,*,-4.48,0.034,1,2
70(b),K,-,0.01503,0,0.5,1
70(b),K,A,0.07041,0.01167,8,2
70(b),K,C,-0.1084,0.02412,8,2
70(b),K,D,-0.4923,0.0226,6.5,2
70(b),K,E,-0.01891,0.02115,12.5,2
70(b),K,F,-0.4373,0.1212,8,2
70(b),K,G,0.002035,0.03829,10.5,2
70(b),K,H,-0.1527,0.1012,9.5,2
70(b),K,I,-0.2527,0.04525,9,2
70(b),K,K,0,0,,2
70(b),K,L,-0.2431,0.2793,7.5,2
70(b),K,M,-0.2487,0.2504,9,2
70(b),K,N,-0.1045,0.1077,7,2
70(b),K,P,-0.01287,0.0416,8,2
70(b),K,Q,-0.3463,0.3773,10,2
70(b),K,R,-0.1008,0.1472,12.5,2
70(b),K,S,0.05819,0.03849,12.5,2
70(b),K,T,-0.0257,0.0719,10.5,2
70(b),K,V,-0.09161,0.1619,5,2
70(b),K,W,-0.09703,0.01426,9,2
70(b),K,Y,-0.07816,0.04943,7.5,2
71(a),K,*,-4.324,0,0.5,1
71(a),K,-,-0.1023,0.06192,3.5,2
71(a),K,A,-0.1872,0.02865,5.5,2
71(a),K,C,-0.05408,0.06092,10,2
71(a),K,D,-0.9258,0.1151,10.5,2
71(a),K,E,-0.05482,0.03773,10,2
71(a),K,F,-0.3288,0.2525,9.5,2
71(a),K,G,-0.7049,0.03145,4.5,2
71(a),K,H,-0.1375,0.03818,10,2
71(a),K,I,-0.4262,0.3098,15,2
71(a),K,K,0,0,,2
71(a),K,L,-0.1501,0.1632,7,2
71(a),K,M,-0.0899,0.0318,10.5,2
71(a),K,N,-0.231,0.2867,12,2
71(a),K,P,-3.242,0,9.5,2
71(a),K,Q,-0.1075,0.06049,9,2
71(a),K,R,-0.01982,0.03311,9,2
71(a),K,S,-0.116,0.0083,11.5,2
71(a),K,T,-0.3107,0.0746,13,2
71(a),K,V,0.03028,0.0182,12,2
71(a),K,W,-0.5069,0.002,11.5,2
71(a),K,Y,-0.546,0.1061,9,2
71(b),E,*,-5.948,0,10,2
71(b),E,-,-0.05469,0,0.5,1
71(b),E,A,-0.009015,0.03399,10.5,2
71(b),E,C,-0.3164,0.0448,12.5,2
71(b),E,D,-0.02339,0.02343,10,2
71(b),E,E,0,0,,2
71(b),E,F,-0.2609,0.0981,9.5,2
71(b),E,G,-0.08585,0.01665,9.5,2
71(b),E,H,-0.06632,0.07588,10,2
71(b),E,I,-0.2246,0.2407,10,2
71(b),E,K,-0.08282,0.03038,47,2
71(b),E,L,-0.2131,0.1927,9,2
71(b),E,M,-0.2037,0.1222,11.5,2
71(b),E,N,-0.1055,0.1669,9,2
71(b),E,P,-0.2717,0.01625,6.5,2
71(b),E,Q,-0.06209,0.05801,11,2
71(b),E,R,-0.4582,0.4672,6,2
71(b),E,S,-0.3505,0.0595,9.5,2
71(b),E,T,-0.3665,0.3683,12,2
71(b),E,V,-0.1749,0.09202,14.5,2
71(b),E,W,-0.4145,0.2978,12,2
71(b),E,Y,-0.3098,0.125,10,2
72(a),Q,*,-5.91,0,18,2
72(a),Q,-,-0.9204,0.4156,2.5,2
72(a),Q,A,-0.1076,0.1413,15,2
72(a),Q,C,-0.2076,0.1545,9,2
72(a),Q,D,0.00496,0.09644,6,2
72(a),Q,E,0.005645,0.01159,6,2
72(a),Q,F,-0.1379,0.0824,10.5,2
72(a),Q,G,0.02159,0.00664,7.5,2
72(a),Q,H,0.00104,0.03618,21.5,2
72(a),Q,I,-0.3865,0.2366,7,2
72(a),Q,K,0.00316,0.002882,12.5,2
72(a),Q,L,-0.07677,0.06633,10.5,2
72(a),Q,M,-0.05435,0.1554,8,2
72(a),Q,N,0.04013,0.05306,8,2
72(a),Q,P,-1.026,0.3212,8,2
72(a),Q,Q,0,0,,2
72(a),Q,R,-0.2428,0.1282,5,2
72(a),Q,S,-0.02267,0.04327,7,2
72(a),Q,T,0.05181,0.02832,8,2
72(a),Q,V,-0.1255,0.0661,8.5,2
72(a),Q,W,-0.9009,0.3431,7.5,2
72(a),Q,Y,-0.3262,0.1861,7.5,2
72(b),R,*,-2.053,0,0.5,1
72(b),R,-,-0.07523,0,0.5,1
72(b),R,A,-0.3421,0.0192,6.5,2
72(b),R,C,-1.006,0.2123,7.5,2
72(b),R,D,-0.8303,0.1041,12.5,2
72(b),R,E,-0.3056,0.00445,7,2
72(b),R,F,-0.8327,0.4293,7.5,2
72(b),R,G,-1.03,0.06925,8.5,2
72(b),R,H,-0.4767,0.02135,9.5,2
72(b),R,I,-0.628,0.2301,11,2
72(b),R,K,-0.04842,0.01601,15,2
72(b),R,L,-0.339,0.2704,18.5,2
72(b),R,M,-0.5666,0.1971,8,2
72(b),R,N,-0.3132,0.3783,6,2
72(b),R,P,-0.8949,0.1672,9,2
72(b),R,Q,-0.7333,0.213,15,2
72(b),R,R,0,0,,2
72(b),R,S,-0.4468,0.00645,8,2
72(b),R,T,-1.058,0.7119,7,2
72(b),R,V,-0.7363,0.0652,6.5,2
72(b),R,W,-0.7526,0.1949,18.5,2
72(b),R,Y,-0.6754,0.1576,8.5,2
73(a),N,-,-0.6843,0.1637,2.5,2
73(a),N,A,-0.4482,0.2084,9,2
73(a),N,C,-1.108,0.2394,10,2
73(a),N,D,-2.408,0.265,6,2
73(a),N,E,-2.667,0.178,11,2
73(a),N,F,-0.7359,0.1485,11,2
73(a),N,G,-0.904,0.12,7.5,2
73(a),N,H,-0.9274,0.2045,15,2
73(a),N,I,-0.7487,0.4753,14,2
73(a),N,K,-1.244,0.0755,11.5,2
73(a),N,L,-0.7162,0.1956,11,2
73(a),N,M,-1.456,0.0645,9,2
73(a),N,N,0,0,,2
73(a),N,P,-5.84,0,9.5,2
73(a),N,Q,-1.299,0.031,9.5,2
73(a),N,R,-0.9318,0.04595,8.5,2
73(a),N,S,-0.89,0.07025,12.5,2
73(a),N,T,-1.204,0.0755,9.5,2
73(a),N,V,-1.595,0.048,7,2
73(a),N,W,-1.24,0.1365,5.5,2
73(a),N,Y,-0.9754,0.2297,11,2
73(b),V,-,-0.109,0,0.5,1
73(b),V,A,-0.1426,0.02875,15,2
73(b),V,C,-0.4909,0.2278,11,2
73(b),V,D,-0.3501,0.358,12.5,2
73(b),V,E,-0.04021,0.134,9,2
73(b),V,F,0.03304,0.0528,11,2
73(b),V,G,-0.6207,0.03975,10.5,2
73(b),V,H,-0.2814,0.3795,12.5,2
73(b),V,I,-0.0278,0.00952,9.5,2
73(b),V,K,-0.9987,0.1483,6.5,2
73(b),V,L,-0.02949,0.04182,17,2
73(b),V,M,0.05791,0.01089,16,2
73(b),V,N,-0.6994,0.0454,11,2
73(b),V,P,-0.7958,0.1575,17,2
73(b),V,Q,-0.06795,0.07315,5,2
73(b),V,R,-0.731,0.0115,11,2
73(b),V,S,-0.2355,0.278,11,2
73(b),V,T,-0.5042,0.5918,6.5,2
73(b),V,V,0,0,,2
73(b),V,W,0.03699,0.02165,6.5,2
73(b),V,Y,0.06136,0.01821,9,2
74(a),M,-,-0.184,0.08625,2,2
74(a),M,A,-0.2201,0.0137,5.5,2
74(a),M,C,-0.1894,0.0398,9,2
74(a),M,D,-1.729,0.07,9,2
74(a),M,E,-1.655,0.0165,6,2
74(a),M,F,-0.2845,0.2357,7,2
74(a),M,G,-0.9002,0.01695,7,2
74(a),M,H,-0.8757,0.1504,6.5,2
74(a),M,I,-0.1309,0.0076,38,2
74(a),M,K,-1.986,0.3855,8.5,2
74(a),M,L,-0.0758,0.1422,15,2
74(a),M,M,0,0,,2
74(a),M,N,-0.2135,0.1586,6.5,2
74(a),M,P,-5.854,0,5.5,2
74(a),M,Q,-0.2826,0.3874,7.5,2
74(a),M,R,-1.873,0.1335,7.5,2
74(a),M,S,-0.237,0.3082,4,2
74(a),M,T,-0.1183,0.1297,14.5,2
74(a),M,V,-0.137,0.1281,12,2
74(a),M,W,-1.055,0.2984,4.5,2
74(a),M,Y,-0.7184,0.0369,8,2
74(b),R,*,-5.8,0,2.5,2
74(b),R,-,-0.03181,0,1,1
74(b),R,A,0.006525,0.07222,6,2
74(b),R,C,-0.3288,0.1516,8,2
74(b),R,D,-0.2541,0.1321,6.5,2
74(b),R,E,0.01387,0.03673,9,2
74(b),R,F,-0.08971,0.1104,11,2
74(b),R,G,-0.3082,0.2319,10,2
74(b),R,H,-0.03494,0.000865,13.5,2
74(b),R,I,0.000985,0.02778,12,2
74(b),R,K,0.0433,0.0092,14.5,2
74(b),R,L,-0.1305,0.03035,14,2
74(b),R,M,-0.1698,0.2125,9,2
74(b),R,N,-0.1631,0.1979,10.5,2
74(b),R,P,-0.3905,0.1657,17,2
74(b),R,Q,0.06657,0.02259,11.5,2
74(b),R,R,0,0,,2
74(b),R,S,-0.0432,0.02048,14.5,2
74(b),R,T,-0.1731,0.1409,8.5,2
74(b),R,V,-0.1355,0.05,10.5,2
74(b),R,W,-0.03381,0.06689,9.5,2
74(b),R,Y,-0.0923,0.0297,15,2
75(a),E,*,-5.672,0,4,2
75(a),E,-,-1.425,1.124,2.5,2
75(a),E,A,-0.02974,0.02215,8,2
75(a),E,C,-0.06449,0.1373,9,2
75(a),E,D,-0.09664,0.1716,11.5,2
75(a),E,E,0,0,,2
75(a),E,F,-0.2504,0.2641,9.5,2
75(a),E,G,-0.1351,0.06174,9.5,2
75(a),E,H,0.003205,0.07247,10,2
75(a),E,I,-0.02783,0.08797,5.5,2
75(a),E,K,-0.1962,0.01645,61,2
75(a),E,L,-0.3549,0.4111,7,2
75(a),E,M,-0.09635,0.1377,4.5,2
75(a),E,N,-0.02657,0.06031,10,2
75(a),E,P,-1.627,0.365,11,2
75(a),E,Q,-0.3859,0.05355,11,2
75(a),E,R,-0.201,0,6,2
75(a),E,S,-4.404,0,7,2
75(a),E,T,-5.846,0,9.5,2
75(a),E,V,-0.02324,0.07548,14.5,2
75(a),E,W,-0.08354,0.01846,10,2
75(a),E,Y,-0.3539,0.3949,6,2
75(b),A,-,-0.00112,0.03958,2,2
75(b),A,A,0,0,,2
75(b),A,C,-0.07259,0.01954,12.5,2
75(b),A,D,0.02534,0.04267,4.5,2
75(b),A,E,0.02295,0.002945,14,2
75(b),A,F,-0.219,0.0857,11.5,2
75(b),A,G,0.01362,0.0729,10.5,2
75(b),A,H,-0.01718,0.06712,11,2
75(b),A,I,-0.001115,0.0255,7,2
75(b),A,K,-0.0552,0.0539,7.5,2
75(b),A,L,-0.02119,0.06801,10,2
75(b),A,M,-0.133,0.2079,7.5,2
75(b),A,N,-0.3147,0.2954,10,2
75(b),A,P,-1.12,0.1857,15.5,2
75(b),A,Q,-0.01944,0.06841,7,2
75(b),A,R,-0.01343,0.03303,7.5,2
75(b),A,S,0.04244,0.01023,15,2
75(b),A,T,-0.05121,0.03034,13,2
75(b),A,V,-0.03617,0.05919,16,2
75(b),A,W,-0.02594,0.07856,9.5,2
75(b),A,Y,-0.1878,0.2685,9.5,2
76(a),I,-,-1.236,0.8138,3.5,2
76(a),I,A,-0.2977,0.2457,4.5,2
76(a),I,C,-0.2504,0.03025,7.5,2
76(a),I,D,-0.5608,0.2104,4.5,2
76(a),I,E,-0.09783,0.03017,8,2
76(a),I,F,-0.7952,0.1639,9.5,2
76(a),I,G,-0.5082,0.2751,11,2
76(a),I,H,-0.4126,0.2302,4.5,2
76(a),I,I,0,0,,2
76(a),I,K,-0.1603,0.03735,8.5,2
76(a),I,L,0.04544,0.03095,7.5,2
76(a),I,M,-0.9917,0.7892,5.5,2
76(a),I,N,-0.425,0.4368,12.5,2
76(a),I,P,-2.295,0.09,11.5,2
76(a),I,Q,-0.1014,0.06915,4,2
76(a),I,R,-0.6331,0.4178,8.5,2
76(a),I,S,-0.8519,0.225,9.5,2
76(a),I,T,-0.00937,0.08484,8,2
76(a),I,V,-0.008985,0.06903,8,2
76(a),I,W,-0.573,0.4046,9.5,2
76(a),I,Y,-0.1733,0.1098,8.5,2
76(b),E,*,-5.904,0,3,2
76(b),E,-,-0.01986,0.02026,3,2
76(b),E,A,-0.4627,0.2732,12.5,2
76(b),E,C,-0.878,0.04465,9,2
76(b),E,D,-0.3044,0.2116,22,2
76(b),E,E,0,0,,2
76(b),E,F,-0.6884,0.1602,8.5,2
76(b),E,G,-0.6778,0.2442,12,2
76(b),E,H,-0.5178,0.1741,12.5,2
76(b),E,I,-1.058,0.5723,10,2
76(b),E,K,-0.8326,0.4974,23.5,2
76(b),E,L,-1.084,0.2557,10.5,2
76(b),E,M,-0.8588,0.5483,9.5,2
76(b),E,N,-0.7334,0.00795,9,2
76(b),E,P,-1.514,0.281,8.5,2
76(b),E,Q,-0.636,0.2745,12.5,2
76(b),E,R,-0.4836,0.03995,8.5,2
76(b),E,S,-0.5126,0.132,8.5,2
76(b),E,T,-0.9357,0.3492,8.5,2
76(b),E,V,-0.8432,0.07445,11,2
76(b),E,W,-1.07,0.1188,13,2
76(b),E,Y,-1.031,0.245,12.5,2
77(a),M,-,-0.7508,0.7502,3,2
77(a),M,A,-0.08411,0.03109,6.5,2
77(a),M,C,-0.6383,0.3757,8,2
77(a),M,D,-1.623,0.5475,5.5,2
77(a),M,E,-1.655,0.226,8.5,2
77(a),M,F,-0.8786,0.086,9,2
77(a),M,G,-1.169,0.11,9.5,2
77(a),M,H,-0.6727,0.00115,13.5,2
77(a),M,I,-0.239,0.07655,67.5,2
77(a),M,K,-0.3467,0.2064,10,2
77(a),M,L,-0.6058,0.202,18,2
77(a),M,M,0,0,,2
77(a),M,N,-1.007,0.1488,12.5,2
77(a),M,P,-4.474,0,8,2
77(a),M,Q,-0.5513,0.4807,9.5,2
77(a),M,R,-0.7456,0.3585,5.5,2
77(a),M,S,-0.4498,0.1935,8,2
77(a),M,T,-0.5877,0.1085,8.5,2
77(a),M,V,-0.1728,0.02605,14.5,2
77(a),M,W,-1.2,0.5088,4.5,2
77(a),M,Y,-1.148,0.1973,9.5,2
77(b),I,-,-0.06155,0.06285,3,2
77(b),I,A,0.04546,0.0198,15.5,2
77(b),I,C,0.03377,0.02571,13.5,2
77(b),I,D,-2.086,0.108,9,2
77(b),I,E,0.0695,0.01251,11.5,2
77(b),I,F,0.000285,0.02719,12,2
77(b),I,G,0.00116,0.08845,10,2
77(b),I,H,-0.07961,0.1574,8.5,2
77(b),I,I,0,0,,2
77(b),I,K,-0.3674,0.2644,8.5,2
77(b),I,L,0.07526,0.02105,13,2
77(b),I,M,-0.1569,0.211,8,2
77(b),I,N,-1.1,0.1455,12,2
77(b),I,P,-0.5996,0.1981,9.5,2
77(b),I,Q,-0.4239,0.5196,7,2
77(b),I,R,0.039,0.002645,11.5,2
77(b),I,S,0.06451,0.009455,7,2
77(b),I,T,0.04773,0.02729,15,2
77(b),I,V,-0.00629,0.06631,13,2
77(b),I,W,0.07655,0.01508,8.5,2
77(b),I,Y,0.07048,0.02372,6,2
78(a),M,-,-0.5838,0.5382,3,2
78(a),M,A,-0.2481,0.2381,7.5,2
78(a),M,C,-0.04487,0.00082,6.5,2
78(a),M,D,-0.8125,0.1725,10.5,2
78(a),M,E,-0.4177,0.0844,7.5,2
78(a),M,F,-0.1507,0.2188,12,2
78(a),M,G,-0.4148,0.4812,5,2
78(a),M,H,-0.5629,0.00785,7.5,2
78(a),M,I,-0.02514,0.02828,198,2
78(a),M,K,-0.1852,0.2158,5.5,2
78(a),M,L,-0.08131,0.001495,14,2
78(a),M,M,0,0,,2
78(a),M,N,-0.131,0.0055,5,2
78(a),M,P,-3.891,0,7.5,2
78(a),M,Q,-0.02982,0.03986,8,2
78(a),M,R,-0.05783,0.1266,7,2
78(a),M,S,-0.01633,0.04481,7.5,2
78(a),M,T,-0.0727,0.0636,16.5,2
78(a),M,V,-0.1934,0.0282,13.5,2
78(a),M,W,-0.5631,0.3534,6.5,2
78(a),M,Y,-0.3072,0.0073,7,2
78(b),D,-,0.03363,0,2,1
78(b),D,A,0.01865,0.03496,10.5,2
78(b),D,C,-0.1675,0.0432,7,2
78(b),D,D,0,0,,2
78(b),D,E,0.05355,0.00873,4,2
78(b),D,F,0.03816,0.006355,12,2
78(b),D,G,-0.06187,0.03074,16.5,2
78(b),D,H,-0.07181,0.09588,10.5,2
78(b),D,I,0.02107,0.03475,9,2
78(b),D,K,-0.09434,0.1522,9.5,2
78(b),D,L,-0.04677,0.02161,8,2
78(b),D,M,0.02461,0.01115,8.5,2
78(b),D,N,-0.06401,0.02262,27,2
78(b),D,P,-0.4605,0.0354,6.5,2
78(b),D,Q,0.04742,0.04087,10.5,2
78(b),D,R,-0.1201,0.1484,7,2
78(b),D,S,0.00582,0.04358,10.5,2
78(b),D,T,-0.06931,0.0824,13,2
78(b),D,V,-0.02044,0.08935,9,2
78(b),D,W,-0.2456,0.1436,9,2
78(b),D,Y,0.008115,0.05887,14.5,2
79(a),K,*,-5.665,0,2,2
79(a),K,-,-0.333,0.3242,3,2
79(a),K,A,0.005995,0.02491,11.5,2
79(a),K,C,-0.1455,0.1416,12.5,2
79(a),K,D,-0.03614,0.06595,14.5,2
79(a),K,E,-0.1687,0.1777,13,2
79(a),K,F,-0.209,0.2084,8,2
79(a),K,G,-0.6622,0.06695,4.5,2
79(a),K,H,-0.03242,0.08478,10,2
79(a),K,I,-0.2275,0.1423,9.5,2
79(a),K,K,0,0,,2
79(a),K,L,-0.033,0.02507,9,2
79(a),K,M,-0.3603,0.3047,5.5,2
79(a),K,N,-0.05457,0.01966,14,2
79(a),K,P,-1.14,0.1325,14.5,2
79(a),K,Q,0.03676,0.03286,7,2
79(a),K,R,0.04421,0.01417,10,2
79(a),K,S,-0.1383,0.07494,9.5,2
79(a),K,T,-0.103,0.09187,14,2
79(a),K,V,-0.1605,0.1745,11.5,2
79(a),K,W,-0.3878,0.3796,9,2
79(a),K,Y,-0.1794,0.2424,7.5,2
79(b),T,-,-0.1235,0,1.5,1
79(b),T,A,0.02638,0.05843,15.5,2
79(b),T,C,-0.1714,0.03425,9,2
79(b),T,D,0.0339,0.05571,5.5,2
79(b),T,E,0.05786,0.000365,10.5,2
79(b),T,F,-0.1387,0.2271,7,2
79(b),T,G,0.05542,0.03108,7,2
79(b),T,H,0.00488,0.04373,7.5,2
79(b),T,I,-0.126,0.0069,14,2
79(b),T,K,0.06821,0.00416,11,2
79(b),T,L,-0.04161,0.09669,10.5,2
79(b),T,M,-0.2171,0.2032,8,2
79(b),T,N,-0.01654,0.03878,7.5,2
79(b),T,P,-0.6167,0.1946,12.5,2
79(b),T,Q,-0.001,0.03333,10,2
79(b),T,R,0.05014,0.006825,10,2
79(b),T,S,0.037,0.002265,10,2
79(b),T,T,0,0,,2
79(b),T,V,0.01787,0.01959,7,2
79(b),T,W,-0.1454,0.0552,13.5,2
79(b),T,Y,0.07131,0.03349,7.5,2
8(T2A),S,-,0.008765,0.01919,3,2
8(T2A),S,G,-0.1315,0.1849,3,2
8(T2A),S,I,-0.5209,0.6211,1.5,2
8(T2A),S,N,-0.3683,0.2672,8,2
8(T2A),S,R,-0.1793,0.0602,2.5,2
8(T2A),S,S,0,0,,2
8(a),M,*,-5.806,0,8,2
8(a),M,A,-0.2699,0.1858,8,2
8(a),M,C,-0.07404,0.04317,10,2
8(a),M,D,-0.4662,0.03285,10.5,2
8(a),M,E,-0.2168,0.1559,10,2
8(a),M,F,-0.2059,0.2951,10.5,2
8(a),M,G,-0.1657,0.1221,7,2
8(a),M,H,-0.1433,0.1491,12.5,2
8(a),M,I,-0.01879,0.02892,29,2
8(a),M,K,-0.01507,0.09313,8,2
8(a),M,L,-0.1355,0.06913,13,2
8(a),M,M,0,0,,2
8(a),M,N,-2.202,0.1155,10,2
8(a),M,P,-3.998,0,8.5,2
8(a),M,Q,-0.2016,0.191,8,2
8(a),M,R,0.02627,0.014,7,2
8(a),M,S,0.0454,0.03303,10.5,2
8(a),M,T,0.00119,0.06864,6.5,2
8(a),M,V,0.00212,0.01663,13.5,2
8(a),M,W,-0.3754,0.133,9,2
8(a),M,Y,0.02014,0.00796,8,2
8(b),F,-,-0.04111,0.06438,2.5,2
8(b),F,A,-1.585,0.186,10.5,2
8(b),F,C,-0.8632,0.6128,8.5,2
8(b),F,D,-5.025,0,7.5,2
8(b),F,E,-4.253,0,12,2
8(b),F,F,0,0,,2
8(b),F,G,-2.739,0.0855,13.5,2
8(b),F,H,-1.377,0.0665,14.5,2
8(b),F,I,-0.194,0.09741,14.5,2
8(b),F,K,-4.385,0,14.5,2
8(b),F,L,-0.3857,0.1292,26.5,2
8(b),F,M,-0.6956,0.2286,11,2
8(b),F,N,-2.928,0.0825,15.5,2
8(b),F,P,-3.437,0,7.5,2
8(b),F,Q,-3.042,0.052,9.5,2
8(b),F,R,-4.587,0,9.5,2
8(b),F,S,-2.622,0.5845,14,2
8(b),F,T,-1.257,0.0475,9.5,2
8(b),F,V,-0.6227,0.3169,12,2
8(b),F,W,-0.6562,0.2373,7.5,2
8(b),F,Y,0.02623,0.07787,14.5,2
80(a),R,*,-5.755,0,4,2
80(a),R,-,-0.6538,0.5473,2.5,2
80(a),R,A,-1.63,0.369,11.5,2
80(a),R,C,-2.203,0.221,11.5,2
80(a),R,D,-2.744,0.0435,11,2
80(a),R,E,-2.577,0.1065,10,2
80(a),R,F,-2.077,0.0275,14,2
80(a),R,G,-3.391,0.03,15.5,2
80(a),R,H,-1.916,0.242,10.5,2
80(a),R,I,-1.595,0.3355,16.5,2
80(a),R,K,-0.8811,0.06355,47,2
80(a),R,L,-1.667,0.2505,13,2
80(a),R,M,-2.044,0.031,8,2
80(a),R,N,-1.577,0.1135,8,2
80(a),R,P,-4.77,0,14,2
80(a),R,Q,-1.787,0.0495,4.5,2
80(a),R,R,0,0,,2
80(a),R,S,-2.058,0.0165,9.5,2
80(a),R,T,-2.033,0.176,11.5,2
80(a),R,V,-1.444,0.107,8,2
80(a),R,W,-2.247,0.2245,11,2
80(a),R,Y,-1.782,0.2345,5,2
80(b),V,-,-0.2617,0,1.5,1
80(b),V,A,0.06546,0.02362,13,2
80(b),V,C,-0.1402,0.1856,8.5,2
80(b),V,D,-1.924,0.113,12.5,2
80(b),V,E,-0.435,0.3497,6,2
80(b),V,F,-0.1149,0.05587,7,2
80(b),V,G,-0.1097,0.06526,11,2
80(b),V,H,0.04059,0.05565,12.5,2
80(b),V,I,-0.5854,0.1052,9,2
80(b),V,K,-0.05231,0.0736,9,2
80(b),V,L,-0.4284,0.1565,11.5,2
80(b),V,M,-0.0184,0.07604,19,2
80(b),V,N,0.01637,0.006565,10.5,2
80(b),V,P,-2.738,0.23,11.5,2
80(b),V,Q,-0.301,0.0532,12,2
80(b),V,R,0.05897,0.03427,8,2
80(b),V,S,-0.006663,0.01262,7.5,2
80(b),V,T,-0.261,0.05285,8,2
80(b),V,V,0,0,,2
80(b),V,W,-0.4272,0.09995,8.5,2
80(b),V,Y,-0.4878,0.1258,9.5,2
81(a),S,-,-0.9455,0.8315,2.5,2
81(a),S,A,-0.02375,0.1181,8.5,2
81(a),S,C,-0.1182,0.1704,5,2
81(a),S,D,-0.08006,0.05833,9,2
81(a),S,E,-0.6377,0.4004,10.5,2
81(a),S,F,-0.9584,0.07365,11,2
81(a),S,G,-0.00955,0.03306,11.5,2
81(a),S,H,-0.6172,0.26,8.5,2
81(a),S,I,-0.4973,0.05725,7,2
81(a),S,K,-0.528,0.4487,6,2
81(a),S,L,-0.357,0.1214,11.5,2
81(a),S,M,-0.1231,0.1404,8,2
81(a),S,N,-0.2779,0.1227,5.5,2
81(a),S,P,-1.331,0.1215,7.5,2
81(a),S,Q,-0.1275,0.102,5,2
81(a),S,R,-0.08616,0.01923,12.5,2
81(a),S,S,0,0,,2
81(a),S,T,0.02736,0.02182,9.5,2
81(a),S,V,-0.1505,0.0134,13.5,2
81(a),S,W,-0.8006,0.01365,6.5,2
81(a),S,Y,-0.115,0.0051,12.5,2
81(b),C,*,-5.558,0,0.5,1
81(b),C,-,-1.963,0,1.5,1
81(b),C,A,-2.876,0.139,10.5,2
81(b),C,C,0,0,,2
81(b),C,D,-5.913,0,10.5,2
81(b),C,E,-5.928,0,8.5,2
81(b),C,F,-2.236,0.151,16.5,2
81(b),C,G,-5.099,0,9,2
81(b),C,H,-5.22,0,11,2
81(b),C,I,-1.45,0.112,8,2
81(b),C,K,-3.712,0,13,2
81(b),C,L,-1.788,0.1275,10.5,2
81(b),C,M,-1.596,0.471,5.5,2
81(b),C,N,-5.223,0,7,2
81(b),C,P,-5.938,0,9.5,2
81(b),C,Q,-4.129,0,9.5,2
81(b),C,R,-4.57,0,8.5,2
81(b),C,S,-3.858,0,9.5,2
81(b),C,T,-3.567,0,9.5,2
81(b),C,V,-2.075,0.2245,6.5,2
81(b),C,W,-4.784,0,6,2
81(b),C,Y,-5.159,0,41,2
82(a),N,-,-1.35,1.134,2.5,2
82(a),N,A,0.04107,0.006565,5.5,2
82(a),N,C,-0.01817,0.05947,6.5,2
82(a),N,D,-0.0769,0.0946,13,2
82(a),N,E,-0.1524,0.1704,8.5,2
82(a),N,F,-0.2765,0.2855,6.5,2
82(a),N,G,-0.1598,0.04755,8.5,2
82(a),N,H,0.03846,0.04348,14.5,2
82(a),N,I,-0.2918,0.1861,5,2
82(a),N,K,0.00331,0.04075,9,2
82(a),N,L,-0.03458,0.01679,7.5,2
82(a),N,M,-0.06276,0.1086,6,2
82(a),N,N,0,0,,2
82(a),N,P,-0.6774,0.0445,9,2
82(a),N,Q,-0.08733,0.1204,10,2
82(a),N,R,-0.01339,0.0284,8,2
82(a),N,S,-0.1209,0.01815,11.5,2
82(a),N,T,-0.247,0.1632,11.5,2
82(a),N,V,-0.167,0.096,11.5,2
82(a),N,W,-0.3173,0.0434,8,2
82(a),N,Y,-0.2167,0.04645,13,2
82(b),R,*,-5.917,0,2,2
82(b),R,-,-0.1641,0.02595,1.5,2
82(b),R,A,-0.2738,0.1244,10,2
82(b),R,C,-0.3043,0.1437,17.5,2
82(b),R,D,-0.7422,0.3508,10,2
82(b),R,E,-0.5974,0.2326,14,2
82(b),R,F,-0.2094,0.1721,11,2
82(b),R,G,-0.625,0.02245,13,2
82(b),R,H,-0.1708,0.01955,13.5,2
82(b),R,I,-0.02565,0.01364,17.5,2
82(b),R,K,0.02473,0.00735,14,2
82(b),R,L,-0.3918,0.0388,12,2
82(b),R,M,-0.5379,0.1758,7,2
82(b),R,N,0.00889,0.04303,13,2
82(b),R,P,-0.1897,0.1561,9.5,2
82(b),R,Q,-0.1238,0.1003,5,2
82(b),R,R,0,0,,2
82(b),R,S,-0.00469,0.03669,9.5,2
82(b),R,T,-0.07218,0.02514,12.5,2
82(b),R,V,-0.04009,0.06901,8,2
82(b),R,W,-0.5712,0.2023,9,2
82(b),R,Y,-0.07362,0.03157,9.5,2
83(a),R,*,-5.729,0,1,1
83(a),R,-,-0.06318,0.05141,1,2
83(a),R,A,-0.3871,0.3009,4,2
83(a),R,C,-0.2872,0.09235,8.5,2
83(a),R,D,-0.3011,0.2257,7.5,2
83(a),R,E,-0.2554,0.0481,8,2
83(a),R,F,-0.03284,0.005085,6,2
83(a),R,G,-0.2513,0.1948,17,2
83(a),R,H,0.03016,0.008725,7,2
83(a),R,I,-0.5326,0.0055,7.5,2
83(a),R,K,-0.03609,0.01195,35.5,2
83(a),R,L,-0.1224,0.158,5,2
83(a),R,M,-0.1052,0.03347,2,2
83(a),R,N,-0.1114,0.02471,8,2
83(a),R,P,-1.317,0.0025,7.5,2
83(a),R,Q,-0.02812,0.0303,6,2
83(a),R,R,0,0,,2
83(a),R,S,-0.05556,0.02604,9.5,2
83(a),R,T,-0.2526,0.055,7.5,2
83(a),R,V,-0.06419,0.05321,7.5,2
83(a),R,W,-0.1695,0.2222,6.5,2
83(a),R,Y,-0.1914,0.03845,6.5,2
83(b),H,-,-0.3232,0.236,1.5,2
83(b),H,A,-0.6028,0.2768,10,2
83(b),H,C,-0.817,0.2771,10.5,2
83(b),H,D,-0.5835,0.4265,6,2
83(b),H,E,-0.6821,0.0932,11,2
83(b),H,F,-0.4666,0.4361,6.5,2
83(b),H,G,-0.4593,0.4448,10.5,2
83(b),H,H,0,0,,2
83(b),H,I,-1.095,0.1199,7,2
83(b),H,K,-1.079,0.2838,7,2
83(b),H,L,-1.039,0.0607,11,2
83(b),H,M,-0.3437,0.0529,7.5,2
83(b),H,N,-0.1653,0.01295,10.5,2
83(b),H,P,-0.02638,0.07892,9,2
83(b),H,Q,-0.8881,0.3129,9.5,2
83(b),H,R,-0.2041,0.03305,21.5,2
83(b),H,S,-0.5316,0.4579,8,2
83(b),H,T,-0.9652,0.2228,11.5,2
83(b),H,V,-0.5655,0.00535,9,2
83(b),H,W,-0.04493,0.00924,9.5,2
83(b),H,Y,-0.1259,0.00665,17.5,2
84(a),S,-,-0.4729,0.476,1,2
84(a),S,A,-0.1154,0.1227,4.5,2
84(a),S,C,-0.1177,0.155,10.5,2
84(a),S,D,-0.7964,0.0092,4,2
84(a),S,E,-0.1427,0.1244,2.5,2
84(a),S,F,-0.1119,0.06123,16,2
84(a),S,G,-0.1643,0.03825,4.5,2
84(a),S,H,-0.3474,0.2532,2,2
84(a),S,I,-0.1104,0.00015,21.5,2
84(a),S,K,-0.04461,0.01093,11,2
84(a),S,L,-0.05222,0.02384,11,2
84(a),S,M,-0.00015,0.0328,13,2
84(a),S,N,-0.2018,0.1253,13.5,2
84(a),S,P,-1.587,0.1665,11,2
84(a),S,Q,0.00641,0.03518,8,2
84(a),S,R,-0.2193,0.1892,12,2
84(a),S,S,0,0,,2
84(a),S,T,-0.05534,0.1183,17.5,2
84(a),S,V,-0.3208,0.3583,6,2
84(a),S,W,-0.3377,0.08305,6.5,2
84(a),S,Y,-0.07453,0.09327,14.5,2
84(b),N,-,-0.5364,0.4155,2,2
84(b),N,A,-0.5431,0.5039,8,2
84(b),N,C,-1.349,0.1975,8,2
84(b),N,D,-0.05461,0.1007,12.5,2
84(b),N,E,-2.01,0.345,11,2
84(b),N,F,-1.486,0.1495,8.5,2
84(b),N,G,-0.4804,0.09445,10.5,2
84(b),N,H,-1.79,0.438,16,2
84(b),N,I,-1.869,0.226,13,2
84(b),N,K,-1.467,0.13,11,2
84(b),N,L,-1.517,0.306,11,2
84(b),N,M,-1.83,0.029,9,2
84(b),N,N,0,0,,2
84(b),N,P,-1.28,0.162,11,2
84(b),N,Q,-1.512,0.313,10,2
84(b),N,R,-3.045,0.0155,13,2
84(b),N,S,-1.34,0.1415,13.5,2
84(b),N,T,-1.52,0.1975,8,2
84(b),N,V,-1.965,0.281,6,2
84(b),N,W,-1.93,0.092,11,2
84(b),N,Y,-2.215,0.022,8,2
85(a),Q,*,-5.934,0,6.5,2
85(a),Q,-,-0.4975,0.487,1,2
85(a),Q,A,0.03359,0.04418,3,2
85(a),Q,C,0.0832,0,1,1
85(a),Q,D,0.07141,0,2,1
85(a),Q,E,-0.2969,0.1003,2.5,2
85(a),Q,F,0.02436,0.05017,5.5,2
85(a),Q,G,-0.06721,0.02905,3.5,2
85(a),Q,H,-0.01593,0.04208,18,2
85(a),Q,I,0.002824,0.001891,8,2
85(a),Q,K,-0.09274,0.1405,9,2
85(a),Q,L,-0.6355,0.2748,4,2
85(a),Q,M,0.00531,0.03877,10.5,2
85(a),Q,N,-0.3599,0.2235,4.5,2
85(a),Q,P,-0.08741,0.1427,4.5,2
85(a),Q,Q,0,0,,2
85(a),Q,R,0.03535,0.006075,6.5,2
85(a),Q,S,-0.09717,0.08103,8.5,2
85(a),Q,T,-0.3284,0.3476,8,2
85(a),Q,V,-0.0515,0.1098,2,2
85(a),Q,W,-0.717,0.709,2.5,2
85(a),Q,Y,-0.1622,0.241,2.5,2
85(b),Y,*,-1.485,0,0.5,1
85(b),Y,-,-0.05432,0.04798,2,2
85(b),Y,A,-0.6612,0.02025,10.5,2
85(b),Y,C,-0.7965,0.0076,13.5,2
85(b),Y,D,-1.13,0.5074,10.5,2
85(b),Y,E,-0.874,0.206,12.5,2
85(b),Y,F,-0.01201,0.01181,13,2
85(b),Y,G,-0.07322,0.02798,12,2
85(b),Y,H,-0.1086,0.1475,7,2
85(b),Y,I,-0.1992,0.1569,8.5,2
85(b),Y,K,-0.6524,0.3002,7.5,2
85(b),Y,L,-0.2999,0.2657,7,2
85(b),Y,M,-0.184,0.05435,13,2
85(b),Y,N,-0.5271,0.2297,11,2
85(b),Y,P,-1.375,0.113,13.5,2
85(b),Y,Q,-0.5657,0.027,8.5,2
85(b),Y,R,-0.5698,0.004,10.5,2
85(b),Y,S,-0.4168,0.1507,12,2
85(b),Y,T,-0.5254,0.1026,11.5,2
85(b),Y,V,-0.329,0.1414,12,2
85(b),Y,W,0.01116,0.0242,10.5,2
85(b),Y,Y,0,0,,2
86(a),G,*,-5.751,0,5,2
86(a),G,-,-0.4706,0.4752,1,2
86(a),G,A,-0.1053,0.1211,11,2
86(a),G,C,-0.3785,0.3025,6,2
86(a),G,D,-0.08833,0.07587,3.5,2
86(a),G,E,-0.1898,0.07025,29.5,2
86(a),G,F,-0.4968,0.2863,9.5,2
86(a),G,G,0,0,,2
86(a),G,H,-0.22,0.0833,11.5,2
86(a),G,I,-0.1825,0.1934,4.5,2
86(a),G,K,-0.2672,0.1153,7,2
86(a),G,L,-1.089,0.2077,6.5,2
86(a),G,M,-0.08904,0.000365,10,2
86(a),G,N,-0.2138,0.2362,7.5,2
86(a),G,P,-0.3008,0.2646,6,2
86(a),G,Q,-0.2288,0.1124,9,2
86(a),G,R,-0.5426,0.2127,26.5,2
86(a),G,S,0.04464,0.04443,6,2
86(a),G,T,-0.0089,0.02974,8,2
86(a),G,V,-0.2241,0.04435,13,2
86(a),G,W,-0.000405,0.01877,6,2
86(a),G,Y,-0.3148,0.1278,11.5,2
86(b),F,-,-0.03032,0.05203,1,2
86(b),F,A,-0.861,0.00975,11,2
86(b),F,C,-1.023,0.018,8,2
86(b),F,D,-1.003,0.2503,12,2
86(b),F,E,-1.002,0.2814,7,2
86(b),F,F,0,0,,2
86(b),F,G,-0.5333,0.1734,5,2
86(b),F,H,-0.757,0.1118,9.5,2
86(b),F,I,-0.8436,0.02205,13,2
86(b),F,K,-0.3798,0.4753,11.5,2
86(b),F,L,-1.032,0.1717,12,2
86(b),F,M,-0.3726,0.3471,10.5,2
86(b),F,N,-0.4663,0.4316,12.5,2
86(b),F,P,-0.6202,0.0361,11.5,2
86(b),F,Q,-0.7168,0.1174,11,2
86(b),F,R,-0.9783,0.1837,9,2
86(b),F,S,-1.959,0.1025,14.5,2
86(b),F,T,-2.037,0.0205,15,2
86(b),F,V,-0.9356,0.1184,4.5,2
86(b),F,W,-1.116,0.1717,14,2
86(b),F,Y,-0.7192,0.3498,13,2
87(a),T,-,-0.05147,0,1.5,1
87(a),T,A,-0.01103,0.0155,17.5,2
87(a),T,C,-0.0478,0.06091,9.5,2
87(a),T,D,-0.05637,0.06193,11,2
87(a),T,E,0.03144,0.02016,3.5,2
87(a),T,F,-0.01047,0.02361,10.5,2
87(a),T,G,-0.09471,0.06699,11,2
87(a),T,H,0.02601,0.01788,11.5,2
87(a),T,I,-0.000405,0.01597,19.5,2
87(a),T,K,0.01754,0.01304,12,2
87(a),T,L,-0.05778,0.1152,8.5,2
87(a),T,M,0.0549,0.00742,8.5,2
87(a),T,N,-0.05449,0.08701,14.5,2
87(a),T,P,-0.2152,0.08975,14.5,2
87(a),T,Q,-0.2117,0.01205,10,2
87(a),T,R,-0.05702,0.03408,11.5,2
87(a),T,S,-0.08786,0.1284,8,2
87(a),T,T,0,0,,2
87(a),T,V,-0.6609,0,0.5,1
87(a),T,W,-0.1691,0.1294,14,2
87(a),T,Y,-0.1687,0.1426,9.5,2
87(b),M,-,-0.003665,0.01903,1,2
87(b),M,A,0.02571,0.05672,6.5,2
87(b),M,C,-0.08272,0.06268,8,2
87(b),M,D,-0.9615,0.2095,11,2
87(b),M,E,-0.4784,0.0802,6.5,2
87(b),M,F,-0.727,0.2819,13.5,2
87(b),M,G,-0.9054,0.2525,4.5,2
87(b),M,H,-0.3659,0.2209,13,2
87(b),M,I,-0.581,0.3253,20,2
87(b),M,K,-1.125,0.2664,13,2
87(b),M,L,0.05932,0.007145,8,2
87(b),M,M,0,0,,2
87(b),M,N,-1.16,0.093,13,2
87(b),M,P,-1.02,0.0939,8,2
87(b),M,Q,-0.5622,0.317,12,2
87(b),M,R,-0.667,0.08675,12,2
87(b),M,S,-0.1413,0.1048,8.5,2
87(b),M,T,-0.5532,0.5728,8,2
87(b),M,V,-0.5561,0.0065,14,2
87(b),M,W,-0.6975,0.0702,9,2
87(b),M,Y,-0.7124,0.126,7.5,2
88(a),I,-,-0.3503,0.3467,2,2
88(a),I,A,-0.2719,0.2536,9,2
88(a),I,C,-0.2208,0.05485,8.5,2
88(a),I,D,-0.3066,0.0818,10,2
88(a),I,E,-0.4368,0,6.5,2
88(a),I,F,-0.1397,0.08878,14,2
88(a),I,G,-0.376,0.0777,6,2
88(a),I,H,-0.06478,0.02557,11.5,2
88(a),I,I,0,0,,2
88(a),I,K,0.000465,0.06682,10,2
88(a),I,L,-0.03968,0.08452,14,2
88(a),I,M,0.0009,0.004151,10.5,2
88(a),I,N,-0.06559,0.02549,13.5,2
88(a),I,P,-0.3794,0.1322,9,2
88(a),I,Q,-0.2488,0.0216,7.5,2
88(a),I,R,-0.137,0.09319,9.5,2
88(a),I,S,0.02067,0.00734,11.5,2
88(a),I,T,-0.2898,0.02815,9,2
88(a),I,V,-0.03154,0.01147,30.5,2
88(a),I,W,-0.1842,0.05295,16,2
88(a),I,Y,0.07417,0.02375,10,2
88(b),A,-,-0.863,0.854,1.5,2
88(b),A,A,0,0,,2
88(b),A,C,-0.318,0.0474,10.5,2
88(b),A,D,-0.9514,0.00205,14.5,2
88(b),A,E,-0.323,0.05805,10.5,2
88(b),A,F,-0.5799,0.4641,7.5,2
88(b),A,G,-0.1605,0.05595,11,2
88(b),A,H,-0.08812,0.03168,8.5,2
88(b),A,I,-0.6884,0.1692,9.5,2
88(b),A,K,-0.08917,0.07113,9,2
88(b),A,L,-0.3982,0.123,15.5,2
88(b),A,M,-0.5359,0.464,4.5,2
88(b),A,N,-0.4661,0.1321,11.5,2
88(b),A,P,-1.049,0.1179,12,2
88(b),A,Q,-0.6353,0.1189,8.5,2
88(b),A,R,-0.2624,0.2658,13.5,2
88(b),A,S,-0.1094,0.1517,18.5,2
88(b),A,T,-0.04612,0.01943,38,2
88(b),A,V,-0.5554,0.3088,23,2
88(b),A,W,-0.7215,0.1358,10.5,2
88(b),A,Y,-0.8368,0.2182,8.5,2
89(a),A,-,-1.444,1.272,2.5,2
89(a),A,A,0,0,,2
89(a),A,C,0.00261,0.02356,9.5,2
89(a),A,D,0.0424,0.009525,15,2
89(a),A,E,-0.3223,0.1837,8.5,2
89(a),A,F,-0.04046,0.07025,9.5,2
89(a),A,G,-0.1971,0.0391,9.5,2
89(a),A,H,-0.4268,0.3932,9,2
89(a),A,I,0.02988,0.0653,10.5,2
89(a),A,K,-0.3143,0.2276,12.5,2
89(a),A,L,0.005205,0.08483,11,2
89(a),A,M,-0.08755,0.06115,10.5,2
89(a),A,N,-0.2227,0.0483,10.5,2
89(a),A,P,-1.842,0.016,10,2
89(a),A,Q,0.05895,0.00992,7.5,2
89(a),A,R,-0.3385,0.07975,14.5,2
89(a),A,S,0.02611,0.01075,18,2
89(a),A,T,-0.1158,0.08351,19,2
89(a),A,V,-0.05098,0.04294,18,2
89(a),A,W,0.07776,0.01494,10,2
89(a),A,Y,-0.2407,0.0816,6.5,2
89(b),S,-,-0.00845,0.02294,1,2
89(b),S,A,0.04297,0.03616,11.5,2
89(b),S,C,-0.1614,0.0857,9,2
89(b),S,D,-0.1114,0.1389,8.5,2
89(b),S,E,-0.2571,0.08265,9,2
89(b),S,F,-0.1023,0.01922,8,2
89(b),S,G,-0.07153,0.02134,14,2
89(b),S,H,-0.1665,0.1777,8,2
89(b),S,I,-0.08521,0.003175,11,2
89(b),S,K,-0.1151,0.1334,9,2
89(b),S,L,-0.3286,0.1051,12,2
89(b),S,M,-0.05408,0.007045,9.5,2
89(b),S,N,0.01561,0.01521,20.5,2
89(b),S,P,-0.1613,0.2333,10,2
89(b),S,Q,-0.06759,0.07391,8.5,2
89(b),S,R,0.007065,0.09232,13.5,2
89(b),S,S,0,0,,2
89(b),S,T,0.04076,0.0195,18,2
89(b),S,V,-0.05648,0.00397,6.5,2
89(b),S,W,-0.2558,0.1925,10.5,2
89(b),S,Y,-0.02891,0.1159,10,2
9(T2A),L,-,0.01333,0.04117,1.5,2
9(T2A),L,L,0,0,,2
9(T2A),L,M,-0.2721,0.2615,2,2
9(T2A),L,P,-0.7482,0.4708,5,2
9(T2A),L,Q,-0.4729,0.0388,2.5,2
9(T2A),L,R,-0.02084,0,1,1
9(a),Q,*,-6.011,0,35.5,2
9(a),Q,-,-0.03951,0,0.5,1
9(a),Q,A,-0.39,0.2995,9.5,2
9(a),Q,C,-0.1454,0.153,7.5,2
9(a),Q,D,-0.7379,0.0296,10.5,2
9(a),Q,E,-0.3686,0.0829,9,2
9(a),Q,F,-0.04765,0.1038,9.5,2
9(a),Q,G,-1.847,0.5725,6,2
9(a),Q,H,-0.5079,0.2453,12.5,2
9(a),Q,I,-0.6205,0.1172,8.5,2
9(a),Q,K,-1.343,0.111,5,2
9(a),Q,L,-0.2269,0.2384,12.5,2
9(a),Q,M,-0.05514,0.07206,11,2
9(a),Q,N,-1.794,0.1915,9.5,2
9(a),Q,P,-2.857,0.0125,14,2
9(a),Q,Q,0,0,,2
9(a),Q,R,-2.738,0.003,21.5,2
9(a),Q,S,-1.12,0.4653,11.5,2
9(a),Q,T,-0.000215,0.04152,8.5,2
9(a),Q,V,0.04229,0.009305,7,2
9(a),Q,W,-1.645,0.098,9.5,2
9(a),Q,Y,-1.588,0.569,5.5,2
9(b),F,-,-0.4109,0.4168,3.5,2
9(b),F,A,-0.06367,0.1416,7,2
9(b),F,C,-0.7791,0.3039,15,2
9(b),F,D,-0.4627,0.1516,13,2
9(b),F,E,-0.441,0.1943,10.5,2
9(b),F,F,0,0,,2
9(b),F,G,-0.9065,0.00385,11,2
9(b),F,H,-0.09298,0.09052,8.5,2
9(b),F,I,-0.5424,0.04555,11.5,2
9(b),F,K,-2.635,0.0675,9.5,2
9(b),F,L,-1.227,0.2542,10.5,2
9(b),F,M,-0.5189,0.2048,11.5,2
9(b),F,N,-0.2001,0.2182,11,2
9(b),F,P,-5.909,0,10,2
9(b),F,Q,-0.103,0.1945,9.5,2
9(b),F,R,-1.482,0.1185,11,2
9(b),F,S,-0.4713,0.2387,8,2
9(b),F,T,-0.5416,0.2051,8,2
9(b),F,V,-0.8567,0.1613,13.5,2
9(b),F,W,-0.03375,0.01644,11,2
9(b),F,Y,-0.042,0.0813,9.5,2
90(a),P,-,-0.3205,0.279,2,2
90(a),P,A,0.03122,0.00439,8,2
90(a),P,C,0.05564,0.008145,14,2
90(a),P,D,-0.1169,0.01713,8.5,2
90(a),P,E,-0.000525,0.03556,10,2
90(a),P,F,-0.02902,0.005775,9.5,2
90(a),P,G,-0.1443,0.05844,9.5,2
90(a),P,H,0.04981,0.05239,16,2
90(a),P,I,-0.01935,0.1005,15,2
90(a),P,K,-0.01591,0.05889,9,2
90(a),P,L,0.04859,0.006955,13,2
90(a),P,M,-0.04171,0.03668,10,2
90(a),P,N,0.05242,0.005205,10.5,2
90(a),P,P,0,0,,2
90(a),P,Q,0.03246,0.02676,10,2
90(a),P,R,-0.005185,0.04192,10,2
90(a),P,S,-0.1359,0.06806,15.5,2
90(a),P,T,-0.1667,0.1211,10.5,2
90(a),P,V,0.02185,0.06266,11,2
90(a),P,W,-0.06573,0.05797,9,2
90(a),P,Y,-0.3368,0.1484,9,2
90(b),F,-,-0.3474,0.3075,2,2
90(b),F,A,-0.9846,0.1644,4.5,2
90(b),F,C,-0.2706,0.1159,8,2
90(b),F,D,-0.7393,0.2657,8.5,2
90(b),F,E,-0.8814,0.2226,9.5,2
90(b),F,F,0,0,,2
90(b),F,G,-0.373,0.3959,8.5,2
90(b),F,H,-0.7109,0.1404,11,2
90(b),F,I,-0.4437,0.3975,14,2
90(b),F,K,0.01542,0.00682,8,2
90(b),F,L,-0.2001,0.07745,15,2
90(b),F,M,-0.3511,0.1028,6.5,2
90(b),F,N,-0.8307,0.00615,11,2
90(b),F,P,-1.115,0.33,9.5,2
90(b),F,Q,-0.4175,0.4523,8,2
90(b),F,R,-0.2992,0.0043,9.5,2
90(b),F,S,-0.359,0.3191,12.5,2
90(b),F,T,-0.8243,0.1907,6,2
90(b),F,V,-0.698,0.00015,13,2
90(b),F,W,-0.06209,0.01393,8,2
90(b),F,Y,-0.5371,0.4544,8,2
91(a),P,-,-0.8943,0.4726,2.5,2
91(a),P,A,-0.1651,0.2228,10.5,2
91(a),P,C,-0.3154,0.105,8,2
91(a),P,D,-3.003,0.0315,13,2
91(a),P,E,-2.327,0.0175,12,2
91(a),P,F,-2.311,0.177,5.5,2
91(a),P,G,-0.3372,0.1347,9,2
91(a),P,H,-1.917,0.3905,10.5,2
91(a),P,I,-1.519,0.143,12,2
91(a),P,K,-2.664,0.0065,5.5,2
91(a),P,L,-2.426,0.2195,13,2
91(a),P,M,-1.521,0.0695,11,2
91(a),P,N,-2.355,0.009,10,2
91(a),P,P,0,0,,2
91(a),P,Q,-1.627,0.3805,12.5,2
91(a),P,R,-2.224,0.2155,15.5,2
91(a),P,S,-1.445,0.0525,13,2
91(a),P,T,-1.587,0.1825,14.5,2
91(a),P,V,-0.4937,0.3367,13.5,2
91(a),P,W,-3.077,0.0085,9,2
91(a),P,Y,-2.035,0.3005,11.5,2
91(b),T,-,-0.2994,0.1587,2.5,2
91(b),T,A,-0.2084,0.1624,10.5,2
91(b),T,C,-0.00309,0.02302,10,2
91(b),T,D,-0.9658,0.3551,7,2
91(b),T,E,-0.7537,0.0272,9,2
91(b),T,F,-0.2165,0.1857,4.5,2
91(b),T,G,-1.049,0.004,7.5,2
91(b),T,H,-0.9312,0.1588,7,2
91(b),T,I,-0.2725,0.2829,16,2
91(b),T,K,-0.9999,0.297,5.5,2
91(b),T,L,-0.1797,0.0718,9,2
91(b),T,M,-1.096,0.1738,6,2
91(b),T,N,-0.3254,0.2846,10.5,2
91(b),T,P,-0.9116,0.06395,16.5,2
91(b),T,Q,-1.079,0.3038,8.5,2
91(b),T,R,-0.972,0.1321,14.5,2
91(b),T,S,-0.9405,0.1535,9,2
91(b),T,T,0,0,,2
91(b),T,V,-0.2268,0.2933,10,2
91(b),T,W,-0.9546,0.0934,7,2
91(b),T,Y,-0.8551,0.3859,5.5,2
92(a),E,*,-5.659,0,5.5,2
92(a),E,-,-3.183,0,2,1
92(a),E,A,-0.3211,0.2655,5.5,2
92(a),E,C,-0.04303,0.01446,10.5,2
92(a),E,D,-0.009588,0.003132,11,2
92(a),E,E,0,0,,2
92(a),E,F,-0.4514,0.3311,7.5,2
92(a),E,G,0.009085,0.01971,20,2
92(a),E,H,-0.05578,0.01669,9.5,2
92(a),E,I,0.002815,0.01349,11,2
92(a),E,K,-0.01935,0.08826,13,2
92(a),E,L,-0.04101,0.09379,13,2
92(a),E,M,0.00021,0.01365,7,2
92(a),E,N,-0.02126,0.05127,6.5,2
92(a),E,P,-1.044,0.1431,7.5,2
92(a),E,Q,0.01052,0.04459,8,2
92(a),E,R,-0.0586,0.0814,11,2
92(a),E,S,0.05994,0,0.5,1
92(a),E,T,-0.08124,0.02416,8.5,2
92(a),E,V,0.04247,0.002655,9.5,2
92(a),E,W,-0.01894,0.03829,9.5,2
92(a),E,Y,-0.1781,0.07685,9.5,2
92(b),V,-,-0.1447,0.0181,2.5,2
92(b),V,A,-0.1152,0.1153,14.5,2
92(b),V,C,-0.4143,0.07105,6.5,2
92(b),V,D,-0.04754,0.09566,7,2
92(b),V,E,-0.8353,0.02965,10,2
92(b),V,F,-0.5361,0.0123,10,2
92(b),V,G,-0.7402,0.06215,7.5,2
92(b),V,H,-0.7601,0.0573,9.5,2
92(b),V,I,-0.03805,0.03353,9,2
92(b),V,K,-0.931,0.194,10.5,2
92(b),V,L,-0.01683,0.01025,15,2
92(b),V,M,-0.4933,0.3824,25.5,2
92(b),V,N,-0.7462,0.0777,10.5,2
92(b),V,P,-1.127,0.044,7.5,2
92(b),V,Q,-0.8125,0.1632,6.5,2
92(b),V,R,-0.4581,0.252,16.5,2
92(b),V,S,-0.5636,0.0376,12.5,2
92(b),V,T,-0.2586,0.1078,9,2
92(b),V,V,0,0,,2
92(b),V,W,-0.7087,0.3482,13,2
92(b),V,Y,-0.5264,0.412,9,2
93(a),V,-,-0.05573,0.006135,2,2
93(a),V,A,0.04305,0.00214,12.5,2
93(a),V,C,-0.02609,0.01235,11,2
93(a),V,D,-0.6148,0.2384,6.5,2
93(a),V,E,-0.3186,0.0921,11,2
93(a),V,F,0.05194,0.04335,13.5,2
93(a),V,G,-0.3779,0.1037,9,2
93(a),V,H,-0.09631,0.025,10.5,2
93(a),V,I,-0.08974,0.05027,10.5,2
93(a),V,K,-0.09557,0.1005,7.5,2
93(a),V,L,-0.3814,0.2317,16,2
93(a),V,M,0.02458,0.03911,14.5,2
93(a),V,N,-0.0217,0.05143,13,2
93(a),V,P,-0.09455,0.06455,13.5,2
93(a),V,Q,-0.1464,0.136,12,2
93(a),V,R,-0.1467,0.2218,9.5,2
93(a),V,S,-0.07813,0.1269,15.5,2
93(a),V,T,-0.02169,0.05775,10,2
93(a),V,V,0,0,,2
93(a),V,W,-0.4613,0.3074,11,2
93(a),V,Y,-0.2719,0.1409,15.5,2
93(b),D,-,0.003549,0.004583,3,2
93(b),D,A,-0.261,0.06985,9.5,2
93(b),D,C,-0.2029,0.2119,8.5,2
93(b),D,D,0,0,,2
93(b),D,E,-0.07622,0.1311,7.5,2
93(b),D,F,0.04809,0.03387,7,2
93(b),D,G,-0.02133,0.00777,14.5,2
93(b),D,H,-0.214,0.1281,8.5,2
93(b),D,I,-0.7824,0.0156,8,2
93(b),D,K,-0.133,0.06597,8.5,2
93(b),D,L,-0.05742,0.02216,9,2
93(b),D,M,0.05312,0.01818,8,2
93(b),D,N,-0.2218,0.1149,19,2
93(b),D,P,-0.787,0.05945,11,2
93(b),D,Q,-0.04175,0.09826,9.5,2
93(b),D,R,-0.2881,0.3106,10,2
93(b),D,S,-0.1611,0.1803,10,2
93(b),D,T,-0.5033,0.3771,9.5,2
93(b),D,V,-0.572,0.021,12,2
93(b),D,W,-0.1813,0.07745,7,2
93(b),D,Y,-0.1396,0.02555,11.5,2
94(a),T,-,-0.04393,0.00179,2.5,2
94(a),T,A,0.03062,0.03925,18,2
94(a),T,C,0.06387,0.00141,12.5,2
94(a),T,D,-0.06846,0.07995,14.5,2
94(a),T,E,0.01584,0.06749,9.5,2
94(a),T,F,-0.01097,0.0507,11,2
94(a),T,G,0.01271,0.02572,9,2
94(a),T,H,-0.1849,0.0831,10,2
94(a),T,I,0.03436,0.02247,17.5,2
94(a),T,K,0.02539,0.05826,13.5,2
94(a),T,L,-0.3281,0.165,7.5,2
94(a),T,M,-0.0539,0.0495,11,2
94(a),T,N,-0.115,0.1381,11.5,2
94(a),T,P,-1.57,0.2615,8.5,2
94(a),T,Q,0.02336,0.03309,8.5,2
94(a),T,R,0.02909,0.04239,11.5,2
94(a),T,S,0.01275,0.03154,12,2
94(a),T,T,0,0,,2
94(a),T,V,-0.05088,0.09101,8,2
94(a),T,W,0.02241,0.04293,9,2
94(a),T,Y,0.06918,0.02558,9,2
94(b),R,*,-5.703,0,2,2
94(b),R,-,-0.1612,0.1293,3.5,2
94(b),R,A,-0.4799,0.0598,12.5,2
94(b),R,C,-0.4075,0.1031,11.5,2
94(b),R,D,-0.3495,0.0212,8,2
94(b),R,E,-0.175,0.0271,6.5,2
94(b),R,F,-0.8757,0.0637,6.5,2
94(b),R,G,-0.1686,0.0123,16.5,2
94(b),R,H,-0.2136,0.1292,14,2
94(b),R,I,-0.4098,0.183,13.5,2
94(b),R,K,0.056,0.000495,11.5,2
94(b),R,L,-0.3178,0.3043,7.5,2
94(b),R,M,-0.261,0.2011,8,2
94(b),R,N,-0.04242,0.07897,12,2
94(b),R,P,-0.7429,0.1748,10,2
94(b),R,Q,-0.1159,0.1497,9.5,2
94(b),R,R,0,0,,2
94(b),R,S,-0.2978,0.3575,7,2
94(b),R,T,-0.336,0.3076,13,2
94(b),R,V,-0.112,0.09073,5.5,2
94(b),R,W,-0.4083,0.0163,7.5,2
94(b),R,Y,-0.1717,0.05365,11,2
95(a),V,-,-0.04112,0.008315,3,2
95(a),V,A,-0.02279,0.01786,14.5,2
95(a),V,C,-0.2063,0.2565,15,2
95(a),V,D,-2.054,0.0935,11.5,2
95(a),V,E,-0.902,0.123,10.5,2
95(a),V,F,-0.4253,0.1509,13.5,2
95(a),V,G,-0.507,0.1547,8,2
95(a),V,H,-0.8032,0.0289,12.5,2
95(a),V,I,0.007812,0.005409,15,2
95(a),V,K,-2.085,0.6495,3.5,2
95(a),V,L,-0.0151,0.002115,13.5,2
95(a),V,M,-0.1533,0.1946,10.5,2
95(a),V,N,-0.08228,0.1559,3.5,2
95(a),V,P,-0.9519,0.4162,8.5,2
95(a),V,Q,-0.3157,0.1653,14,2
95(a),V,R,-1.005,0.3213,8,2
95(a),V,S,-0.2021,0.0378,10.5,2
95(a),V,T,-0.09118,0.01822,10.5,2
95(a),V,V,0,0,,2
95(a),V,W,-2.409,0.2215,11,2
95(a),V,Y,-1.332,0.1065,10,2
95(b),R,-,-0.3659,0.2026,4.5,2
95(b),R,A,0.005125,0.02021,6.5,2
95(b),R,C,-0.06858,0.00496,14.5,2
95(b),R,D,-0.1965,0.1027,8,2
95(b),R,E,-0.1549,0.0431,8,2
95(b),R,F,-0.09261,0.03189,10.5,2
95(b),R,G,-0.3288,0.1111,6.5,2
95(b),R,H,-0.05756,0.1177,12,2
95(b),R,I,-0.1662,0.1807,12.5,2
95(b),R,K,-0.1467,0.1442,11,2
95(b),R,L,0.02215,0.03091,17.5,2
95(b),R,M,-0.04913,0.1078,12,2
95(b),R,N,-0.06046,0.1034,13,2
95(b),R,P,-0.541,0.4445,6,2
95(b),R,Q,-0.113,0.1222,17,2
95(b),R,R,0,0,,2
95(b),R,S,-0.4404,0.2581,8.5,2
95(b),R,T,-0.4153,0.01885,8.5,2
95(b),R,V,-0.02973,0.007135,7,2
95(b),R,W,0.02277,0.04729,17,2
95(b),R,Y,-0.142,0.2195,9.5,2
96(a),F,-,-0.09044,0.03966,3,2
96(a),F,A,0.03334,0.0269,10.5,2
96(a),F,C,-0.00819,0.06507,12.5,2
96(a),F,D,-0.4984,0.09315,12.5,2
96(a),F,E,-0.1904,0.0006,13,2
96(a),F,F,0,0,,2
96(a),F,G,-0.1567,0.135,11,2
96(a),F,H,-0.1297,0.1363,13,2
96(a),F,I,-0.07862,0.01162,7.5,2
96(a),F,K,-1.008,0.04715,14.5,2
96(a),F,L,-0.02647,0.00958,10.5,2
96(a),F,M,0.05732,0.00363,5.5,2
96(a),F,N,-0.4485,0.163,9.5,2
96(a),F,P,-5.952,0,10.5,2
96(a),F,Q,-0.2615,0.3127,11,2
96(a),F,R,-0.6673,0.3347,13,2
96(a),F,S,-0.1865,0.2534,10,2
96(a),F,T,-0.2149,0.1902,10.5,2
96(a),F,V,0.06628,0.01463,16.5,2
96(a),F,W,-0.1539,0.1511,11,2
96(a),F,Y,-0.1666,0.2237,12.5,2
96(b),V,-,-0.008731,0.005529,5.5,2
96(b),V,A,-0.1626,0.1687,10,2
96(b),V,C,-0.2498,0.266,9,2
96(b),V,D,-0.1543,0.07104,11,2
96(b),V,E,-0.3427,0.04465,10,2
96(b),V,F,-0.0367,0.06371,14.5,2
96(b),V,G,-0.3339,0.2064,8,2
96(b),V,H,-0.1248,0.1308,9.5,2
96(b),V,I,0.01808,0.01706,17.5,2
96(b),V,K,-0.1091,0.1279,10,2
96(b),V,L,0.009941,0.01443,10.5,2
96(b),V,M,-0.1738,0.07811,9,2
96(b),V,N,-0.359,0.272,10,2
96(b),V,P,-0.3354,0.0824,7.5,2
96(b),V,Q,-0.001315,0.04309,12.5,2
96(b),V,R,0.0622,0.01004,10.5,2
96(b),V,S,-0.07354,0.02372,10.5,2
96(b),V,T,-0.1199,0.05262,11.5,2
96(b),V,V,0,0,,2
96(b),V,W,-0.1139,0.131,10.5,2
96(b),V,Y,-0.01687,0.02297,9.5,2
97(a),S,-,-0.01229,0.006145,3,2
97(a),S,A,0.05479,0.002035,6,2
97(a),S,C,-0.00308,0.0662,13,2
97(a),S,D,0.0506,0.03198,9,2
97(a),S,E,0.08344,0.02087,10,2
97(a),S,F,-0.04758,0.00961,12.5,2
97(a),S,G,0.02479,0.0198,16.5,2
97(a),S,H,0.03114,0.00824,12.5,2
97(a),S,I,-0.1527,0.01335,17.5,2
97(a),S,K,-0.04976,0.08934,8.5,2
97(a),S,L,0.02087,0.03543,9,2
97(a),S,M,-0.02835,0.008085,11.5,2
97(a),S,N,-0.00045,0.01905,12.5,2
97(a),S,P,0.01516,0.007691,9.5,2
97(a),S,Q,-0.08002,0.02638,12,2
97(a),S,R,-0.03156,0.05557,8.5,2
97(a),S,S,0,0,,2
97(a),S,T,0.03739,0.04482,9.5,2
97(a),S,V,0.04556,0.02317,7,2
97(a),S,W,-0.1592,0.1005,7.5,2
97(a),S,Y,-0.2516,0.2852,10,2
97(b),E,*,-5.784,0,3.5,2
97(b),E,-,-0.07127,0.09343,5,2
97(b),E,A,-0.2918,0.276,9,2
97(b),E,C,-0.01432,0.01927,11.5,2
97(b),E,D,-0.06612,0.031,17.5,2
97(b),E,E,0,0,,2
97(b),E,F,-0.1403,0.1183,8,2
97(b),E,G,-0.0048,0.04016,9,2
97(b),E,H,-0.1896,0.1514,7.5,2
97(b),E,I,-0.1803,0.0528,8,2
97(b),E,K,-0.02667,0.0397,14.5,2
97(b),E,L,-0.3217,0.1984,8,2
97(b),E,M,-0.004745,0.07827,11,2
97(b),E,N,-0.1002,0.1919,9,2
97(b),E,P,-0.05526,0.1126,9,2
97(b),E,Q,0.02469,0.07092,15,2
97(b),E,R,0.04397,0.03811,12,2
97(b),E,S,-0.2045,0.122,10.5,2
97(b),E,T,0.01851,0.03615,7.5,2
97(b),E,V,-0.1034,0.07333,11.5,2
97(b),E,W,0.03318,0.01784,7.5,2
97(b),E,Y,-0.1645,0.08339,7,2
98(a),E,*,-5.899,0,7,2
98(a),E,-,-0.03553,0.03198,3,2
98(a),E,A,-0.03692,0.04798,12,2
98(a),E,C,-0.1291,0.1734,12.5,2
98(a),E,D,-0.2424,0.08455,20,2
98(a),E,E,0,0,,2
98(a),E,F,-0.3204,0.06785,9.5,2
98(a),E,G,-0.01431,0.09129,12.5,2
98(a),E,H,0.07262,0.01484,6.5,2
98(a),E,I,-0.06088,0.09372,9.5,2
98(a),E,K,0.009502,0.01528,23.5,2
98(a),E,L,-0.1641,0.139,10.5,2
98(a),E,M,-0.09941,0.1467,8,2
98(a),E,N,-0.506,0.4925,11,2
98(a),E,P,-0.3434,0.2963,9.5,2
98(a),E,Q,-0.1471,0.1824,14,2
98(a),E,R,0.08025,0.01657,11,2
98(a),E,S,-0.06777,0.06503,12.5,2
98(a),E,T,0.04761,0.03516,10.5,2
98(a),E,V,0.01901,0.01383,13.5,2
98(a),E,W,-0.2386,0.2812,10.5,2
98(a),E,Y,-0.359,0.0299,13.5,2
98(b),P,-,-1.95,0.9629,4,2
98(b),P,A,-0.1987,0.02685,11,2
98(b),P,C,-0.05513,0.1356,8.5,2
98(b),P,D,-2.103,0.0335,10,2
98(b),P,E,-1.078,0.1946,11.5,2
98(b),P,F,-0.2626,0.1192,7,2
98(b),P,G,-0.1192,0.03164,9,2
98(b),P,H,-0.3627,0.1914,9,2
98(b),P,I,-1.046,0.1496,8,2
98(b),P,K,-1.841,0.3095,9,2
98(b),P,L,-0.6659,0.05595,8.5,2
98(b),P,M,-0.2929,0.07145,8.5,2
98(b),P,N,-0.9755,0.1305,10,2
98(b),P,P,0,0,,2
98(b),P,Q,-0.9071,0.0347,9.5,2
98(b),P,R,-2.091,0.1485,14,2
98(b),P,S,-0.181,0.08065,18,2
98(b),P,T,-0.3676,0.0984,11,2
98(b),P,V,-0.1288,0.08315,12.5,2
98(b),P,W,-1.024,0.1408,11.5,2
98(b),P,Y,-0.5898,0.2591,8,2
99(a),D,-,-0.01966,0.02266,3,2
99(a),D,A,0.01627,0.07465,14,2
99(a),D,C,-0.1222,0.0136,12,2
99(a),D,D,0,0,,2
99(a),D,E,0.03088,0.01694,9,2
99(a),D,F,-0.1533,0.1732,7.5,2
99(a),D,G,0.05683,0.02759,8.5,2
99(a),D,H,0.03893,0.02712,9.5,2
99(a),D,I,-0.08756,0.08174,10,2
99(a),D,K,-0.00634,0.045,10.5,2
99(a),D,L,-0.1797,0.2314,7.5,2
99(a),D,M,0.002145,0.001252,11,2
99(a),D,N,0.0007756,0.001641,19.5,2
99(a),D,P,0.008225,0.04795,8.5,2
99(a),D,Q,-0.1371,0.1535,9.5,2
99(a),D,R,0.03847,0.05259,10.5,2
99(a),D,S,-0.01395,0.06374,11,2
99(a),D,T,-0.01116,0.0501,9.5,2
99(a),D,V,-0.2968,0.2009,8.5,2
99(a),D,W,-0.08036,0.1742,10,2
99(a),D,Y,-0.1095,0.07339,17,2
99(b),K,*,-5.489,0,1.5,1
99(b),K,-,-0.2857,0.1079,2.5,2
99(b),K,A,-0.1011,0.09479,7,2
99(b),K,C,-0.1483,0.1223,11.5,2
99(b),K,D,-0.344,0.2211,5,2
99(b),K,E,-0.1521,0.1742,14,2
99(b),K,F,-0.1431,0.1067,16.5,2
99(b),K,G,-0.19,0.1242,11.5,2
99(b),K,H,0.0561,0.01541,9.5,2
99(b),K,I,-0.2034,0.1074,17,2
99(b),K,K,0,0,,2
99(b),K,L,-0.1713,0.1488,9,2
99(b),K,M,-0.2223,0.1435,9,2
99(b),K,N,-0.05195,0.01273,24.5,2
99(b),K,P,-1.714,0.0085,8.5,2
99(b),K,Q,-0.1898,0.0685,8,2
99(b),K,R,-0.04836,0.01976,23,2
99(b),K,S,-0.00818,0.06231,11,2
99(b),K,T,-0.2447,0.238,13.5,2
99(b),K,V,-0.412,0.0315,9.5,2
99(b),K,W,-0.1608,0.1361,8.5,2
99(b),K,Y,-0.1721,0.06355,10.5,2
