site,wildtype,mutant,effect,effect_std,times_seen,n_selections
-1(a),A,*,-7.656,0,5.5,2
-1(a),A,A,0,0,,2
-1(a),A,C,0.4417,0.325,5,2
-1(a),A,D,0.1271,0.7353,4,2
-1(a),A,E,0.472,1.902,4.5,2
-1(a),A,F,-0.05151,0.1077,3.5,2
-1(a),A,G,-0.08237,0.1398,3,2
-1(a),A,H,-1.854,0.2395,3.5,2
-1(a),A,I,-3.385,0,3.5,2
-1(a),A,K,-0.9111,0.1199,7.5,2
-1(a),A,L,-1.685,0,0.5,1
-1(a),A,M,-1.475,0.6736,7.5,2
-1(a),A,N,0.8462,0.5938,5,2
-1(a),A,P,-0.8116,0.3904,7.5,2
-1(a),A,Q,-1.152,1.077,8.5,2
-1(a),A,R,1.44,0.174,4.5,2
-1(a),A,S,0.6784,0.1228,10.5,2
-1(a),A,T,0.7958,0.6972,20,2
-1(a),A,V,-2.63,0.035,16,2
-1(a),A,W,-2.896,0.326,6.5,2
-1(a),A,Y,-0.5142,0.1315,6.5,2
-1(b),A,-,-0.7933,0.7897,3,2
-1(b),A,A,0,0,,2
-1(b),A,D,-0.5748,0,0.5,1
-1(b),A,P,-0.699,0,1,1
-1(b),A,S,-0.6309,0.3158,6,2
-1(b),A,T,-0.3636,0.195,13.5,2
-1(b),A,V,0.5055,0.1006,20,2
-10(b),A,-,-0.0523,0.5012,2,2
-10(b),A,A,0,0,,2
-10(b),A,D,-2.447,0.779,2,2
-10(b),A,P,-1.212,0,0.5,1
-10(b),A,S,0.4688,0.1862,6.5,2
-10(b),A,T,0.5977,0.5353,12,2
-10(b),A,V,0.8928,0.5242,6,2
-11(b),V,-,0.2525,0.1912,2.5,2
-11(b),V,A,-0.8273,0.5606,3.5,2
-11(b),V,F,0.6928,0.2364,6,2
-11(b),V,I,2.069,0.0015,12,2
-11(b),V,L,-0.682,1.026,1.5,2
-11(b),V,V,0,0,,2
-12(b),L,-,0.3674,0.1717,2.5,2
-12(b),L,L,0,0,,2
-12(b),L,M,1.331,0,0.5,1
-12(b),L,P,-1.407,0.1935,12.5,2
-12(b),L,Q,-0.3809,0,1,1
-12(b),L,R,-2.234,0,1,1
-13(b),V,-,-0.5108,0,0.5,1
-13(b),V,A,-0.12,3.226,4.5,2
-13(b),V,E,0.254,0.0603,2,2
-13(b),V,G,-1.743,0,1,1
-13(b),V,L,0.7893,0.2867,10,2
-13(b),V,M,-0.5077,0.1779,12,2
-13(b),V,V,0,0,,2
-14(b),A,-,-0.967,0,1,1
-14(b),A,A,0,0,,2
-14(b),A,G,1.049,0,0.5,1
-14(b),A,S,0.4461,0.2747,5,2
-14(b),A,T,0.3056,0.3924,12.5,2
-14(b),A,V,-3.046,1.215,5,2
-15(b),G,-,-0.5929,0,1,1
-15(b),G,C,-0.6213,0.4668,3.5,2
-15(b),G,D,0.5979,0.2697,6.5,2
-15(b),G,G,0,0,,2
-15(b),G,R,0.6242,0,0.5,1
-15(b),G,S,0.8134,0.08,11.5,2
-15(b),G,V,-0.2613,0.4456,2.5,2
-16(b),A,-,-1.211,0,1,1
-16(b),A,A,0,0,,2
-16(b),A,D,2.205,0,0.5,1
-16(b),A,P,0.1025,0.7084,1.5,2
-16(b),A,S,2.288,2.319,7.5,2
-16(b),A,T,-0.1671,0.1407,18.5,2
-16(b),A,V,0.3421,0.01265,19,2
-17(b),G,-,-0.1807,0,0.5,1
-17(b),G,C,-0.3849,0.1562,3,2
-17(b),G,D,-1.285,1.757,5,2
-17(b),G,G,0,0,,2
-17(b),G,S,-0.3238,0.3492,11.5,2
-17(b),G,V,-1.505,0.156,4,2
-18(b),L,-,0.1727,0,0.5,1
-18(b),L,L,0,0,,2
-18(b),L,M,-0.4092,0.9788,3,2
-18(b),L,P,-0.1897,0.5923,3,2
-18(b),L,Q,-1.048,0.1003,1.5,2
-18(b),L,R,-2.851,0,0.5,1
-19(b),I,-,-0.499,0,0.5,1
-19(b),I,I,0,0,,2
-19(b),I,L,0.8232,0,0.5,1
-19(b),I,N,-0.9117,0,2.5,1
-19(b),I,V,-1.403,1.465,2.5,2
-2(b),L,-,0.3722,0.2906,3.5,2
-2(b),L,K,-2.17,0,0.5,1
-2(b),L,L,0,0,,2
-2(b),L,M,-0.07575,0.2535,6.5,2
-2(b),L,P,-0.1823,0.0761,6.5,2
-2(b),L,Q,-0.4962,0.332,5,2
-2(b),L,R,-0.1554,0.406,1,2
-20(b),R,-,-0.4718,0,0.5,1
-20(b),R,G,0.4451,0.297,6,2
-20(b),R,I,-0.7141,0,0.5,1
-20(b),R,K,-0.4647,0.3714,12,2
-20(b),R,R,0,0,,2
-20(b),R,S,0.6104,0,0.5,1
-21(b),G,-,-0.1427,0,0.5,1
-21(b),G,D,0.9806,0.7314,18.5,2
-21(b),G,G,0,0,,2
-21(b),G,S,1.055,0.4385,6.5,2
-21(b),G,V,0.7426,0,1,1
-22(b),S,-,-0.3051,0,0.5,1
-22(b),S,F,0.04729,0,2,1
-22(b),S,P,0.7095,1.149,1,2
-22(b),S,S,0,0,,2
-22(b),S,T,0.2648,0,1,1
-22(b),S,Y,-3.029,0,1,1
-23(b),G,-,-0.4351,0,0.5,1
-23(b),G,C,-0.1381,0,1,1
-23(b),G,D,-0.2095,0.0589,29,2
-23(b),G,G,0,0,,2
-23(b),G,S,-1.423,1.119,11,2
-23(b),G,V,0.279,0,1,1
-24(b),M,-,0.3188,0,0.5,1
-24(b),M,I,-0.07035,0.1595,13,2
-24(b),M,K,0.0545,1.492,3,2
-24(b),M,M,0,0,,2
-24(b),M,T,0.9202,0.6038,2,2
-24(b),M,V,-1.872,0,0.5,1
-3(b),R,-,-0.0059,0.188,3.5,2
-3(b),R,C,0.2583,0.0554,9.5,2
-3(b),R,H,-0.3872,0.3137,15,2
-3(b),R,L,-0.5017,0.0581,7.5,2
-3(b),R,P,0.2254,0,2,1
-3(b),R,R,0,0,,2
-3(b),R,S,0.759,0.3171,7.5,2
-4(b),A,-,0.4334,0.6476,4,2
-4(b),A,A,0,0,,2
-4(b),A,D,-0.9217,0,1.5,1
-4(b),A,P,0.46,0.4453,1,2
-4(b),A,S,-0.3633,0.4003,5,2
-4(b),A,T,-1.025,0.163,4,2
-4(b),A,V,-0.2836,0.1565,12,2
-5(b),G,-,-1.043,0.2371,4,2
-5(b),G,C,0.9303,0.0104,4,2
-5(b),G,D,-0.8633,0.8597,10.5,2
-5(b),G,G,0,0,,2
-5(b),G,R,-0.3899,0.8881,1.5,2
-5(b),G,S,-0.1166,0.2056,10,2
-5(b),G,V,-1.818,1.432,4.5,2
-6(b),L,-,-0.9574,0.2236,4.5,2
-6(b),L,F,0.1712,0.5486,6,2
-6(b),L,H,1.367,2.454,2.5,2
-6(b),L,I,0.6286,0,1,1
-6(b),L,L,0,0,,2
-6(b),L,P,-0.3178,0.018,2.5,2
-7(b),V,-,0.1899,0.7961,3.5,2
-7(b),V,A,-0.6176,0.9875,1.5,2
-7(b),V,L,-0.0246,0.3829,5,2
-7(b),V,M,-1.002,0.1605,11.5,2
-7(b),V,V,0,0,,2
-8(b),V,-,-0.2535,0.7515,2,2
-8(b),V,A,0.7964,0.1977,3.5,2
-8(b),V,F,1.165,0.7329,5,2
-8(b),V,I,-0.4084,0.6686,7.5,2
-8(b),V,L,-1.091,1.734,1,2
-8(b),V,V,0,0,,2
-9(b),L,-,-0.33,0.788,2,2
-9(b),L,L,0,0,,2
-9(b),L,M,0.1812,0.1844,2.5,2
-9(b),L,P,-2.992,0.065,14,2
1(T2A),G,*,-8.166,0,4.5,2
1(T2A),G,-,-0.4158,0.1816,3.5,2
1(T2A),G,E,-2.763,0.4995,33.5,2
1(T2A),G,G,0,0,,2
1(T2A),G,K,2.879,0,0.5,1
1(T2A),G,R,1.441,0.109,26.5,2
1(T2A),G,V,1.428,0.5761,3.5,2
1(a),V,*,-7.569,0,5,2
1(a),V,A,-0.7519,0.01425,14.5,2
1(a),V,C,0.2915,1.934,6.5,2
1(a),V,D,-1.859,0.109,5.5,2
1(a),V,E,-0.6434,1.257,4,2
1(a),V,F,-1.618,0.6587,6.5,2
1(a),V,G,-0.4911,0.4968,7,2
1(a),V,H,0.5249,0.1383,5,2
1(a),V,I,-1.869,0.5295,6.5,2
1(a),V,K,-0.7622,0.8278,8,2
1(a),V,L,0.1955,1.278,13,2
1(a),V,M,1.059,0.4667,15.5,2
1(a),V,N,-1.063,0.2629,6,2
1(a),V,P,0.3251,0.1516,6.5,2
1(a),V,Q,-0.929,0.04055,4,2
1(a),V,R,-1.993,0.143,7.5,2
1(a),V,S,-1.7,0.4775,3,2
1(a),V,T,-1.083,0.745,8,2
1(a),V,V,0,0,,2
1(a),V,W,-0.8978,0.4973,6,2
1(a),V,Y,-1.265,0.5911,7.5,2
1(b),G,-,-1.085,1.244,4.5,2
1(b),G,A,-2.261,0,1.5,1
1(b),G,C,0.1345,0.5183,5.5,2
1(b),G,D,0.0948,0.2215,6,2
1(b),G,G,0,0,,2
1(b),G,R,0.1891,0,1,1
1(b),G,S,0.007,0.4863,13,2
1(b),G,T,-0.1918,0,0.5,1
1(b),G,V,0.6825,0.7515,4.5,2
10(T2A),L,-,-0.4119,0.0733,2,2
10(T2A),L,L,0,0,,2
10(T2A),L,M,0.6582,0.09155,1,2
10(T2A),L,P,-0.2443,0,0.5,1
10(T2A),L,Q,-0.1291,1.079,2,2
10(T2A),L,V,-0.0575,1.744,1,2
10(a),T,*,-7.301,0,8.5,2
10(a),T,-,-0.7061,0,1,1
10(a),T,A,-1.487,0.46,11.5,2
10(a),T,C,0.2738,0.9722,9.5,2
10(a),T,D,-2.33,0.4715,9.5,2
10(a),T,E,-2.307,0.436,7.5,2
10(a),T,F,-1.504,0.237,9,2
10(a),T,G,-2.362,0.2165,11.5,2
10(a),T,H,-2.72,0.2535,5,2
10(a),T,I,0.07705,0.435,13,2
10(a),T,K,-2.946,0.31,12,2
10(a),T,L,-0.05775,0.3657,12.5,2
10(a),T,M,-0.2857,0.0563,12,2
10(a),T,N,1.356,0.7717,5.5,2
10(a),T,P,-6.498,0,11,2
10(a),T,Q,-0.8877,0.7502,11,2
10(a),T,R,-2.303,0.075,10.5,2
10(a),T,S,-1.209,1.335,8.5,2
10(a),T,T,0,0,,2
10(a),T,V,-0.8439,0.596,8.5,2
10(a),T,W,-2.434,0.3345,6.5,2
10(a),T,Y,-0.8644,0.2156,11.5,2
10(b),Q,*,-10.6,0,7,2
10(b),Q,-,-1.875,1.164,2.5,2
10(b),Q,A,-1.837,1.105,11,2
10(b),Q,C,-1.587,0.3085,13.5,2
10(b),Q,D,-2.008,0.334,8.5,2
10(b),Q,E,-0.9878,0.4041,11.5,2
10(b),Q,F,-2.064,0.06,11,2
10(b),Q,G,-3.783,0,11.5,2
10(b),Q,H,-0.8373,0.0791,16.5,2
10(b),Q,I,-1.209,0.202,9,2
10(b),Q,K,-4.237,0,9,2
10(b),Q,L,-1.089,0.4121,17,2
10(b),Q,M,-0.6625,0.8775,12.5,2
10(b),Q,N,-2.655,0.5495,10,2
10(b),Q,P,-9.536,0,17,2
10(b),Q,Q,0,0,,2
10(b),Q,R,-4.86,0,25.5,2
10(b),Q,S,-1.436,0.341,9,2
10(b),Q,T,0.3925,1.548,10,2
10(b),Q,V,-1.808,0.004,10.5,2
10(b),Q,W,-4.15,0,15,2
10(b),Q,Y,-4.112,0,12.5,2
100(a),P,-,-0.4014,0.0928,3,2
100(a),P,A,-0.4742,0.7158,10.5,2
100(a),P,C,-0.1431,1.102,8.5,2
100(a),P,D,-0.08255,0.309,13,2
100(a),P,E,0.1566,0.191,11,2
100(a),P,F,0.7418,0.9173,11.5,2
100(a),P,G,-0.2867,0.3042,7.5,2
100(a),P,H,0.128,0.7559,8.5,2
100(a),P,I,-0.8153,0.9968,9,2
100(a),P,K,-1.575,0.1595,7,2
100(a),P,L,0.2155,0.5502,12.5,2
100(a),P,M,1.352,1.058,11.5,2
100(a),P,N,0.0515,0.2106,8,2
100(a),P,P,0,0,,2
100(a),P,Q,1.126,0.6754,9,2
100(a),P,R,1.975,2.078,15.5,2
100(a),P,S,0.1041,0.1046,17,2
100(a),P,T,-0.04352,0.00097,13.5,2
100(a),P,V,0.5752,0.1759,8.5,2
100(a),P,W,-0.6801,0.6719,12.5,2
100(a),P,Y,-0.4218,0.07145,8,2
100(b),V,-,-2.858,0.4275,375,2
100(b),V,A,0.4751,1.112,6,2
100(b),V,C,-1.007,0.5824,12.5,2
100(b),V,D,-4.422,0,8.5,2
100(b),V,E,-2.789,0.332,6.5,2
100(b),V,F,-1.751,0.417,13.5,2
100(b),V,G,-1.617,0.3185,7.5,2
100(b),V,H,-1.36,0.0095,14,2
100(b),V,I,1.722,0.301,13,2
100(b),V,K,-3.21,0.2145,7,2
100(b),V,L,0.3208,0.1213,17,2
100(b),V,M,0.0528,0.4008,20.5,2
100(b),V,N,-1.33,0.8149,9,2
100(b),V,P,0.2111,0.8919,4,2
100(b),V,Q,-1.015,0.9684,5.5,2
100(b),V,R,-2.46,0.159,14,2
100(b),V,S,-0.6368,0.9982,11,2
100(b),V,T,0.06429,0.1215,9.5,2
100(b),V,V,0,0,,2
100(b),V,W,-4.704,0.015,5,2
100(b),V,Y,-0.9656,0.2774,9.5,2
101(a),V,-,-1.041,0.8826,4,2
101(a),V,A,0.3485,0.9896,14,2
101(a),V,C,-0.353,0.4622,17,2
101(a),V,D,-0.03085,0.7026,15.5,2
101(a),V,E,-0.1576,0.0998,11.5,2
101(a),V,F,-0.7265,0.2102,9.5,2
101(a),V,G,1.712,1.041,10.5,2
101(a),V,H,0.8302,0.163,9,2
101(a),V,I,0.1656,1.112,10,2
101(a),V,K,1.458,0.8334,4.5,2
101(a),V,L,0.3543,0.1588,18,2
101(a),V,M,-1.234,0.5776,14.5,2
101(a),V,N,2.186,0.3255,6,2
101(a),V,P,0.1996,0.4879,11,2
101(a),V,Q,1.005,0.7082,11,2
101(a),V,R,0.034,1.367,5.5,2
101(a),V,S,-0.6462,0.3648,11,2
101(a),V,T,-0.07214,0.09166,10.5,2
101(a),V,V,0,0,,2
101(a),V,W,1.296,0.87,10.5,2
101(a),V,Y,-0.3325,0.7575,10,2
101(b),R,-,-0.7211,0.4199,374.5,2
101(b),R,A,1.438,0.7838,6,2
101(b),R,C,0.1054,1.011,10.5,2
101(b),R,D,-1.735,0.0615,9.5,2
101(b),R,E,-0.5009,0.5671,11,2
101(b),R,F,-0.4764,1.317,8.5,2
101(b),R,G,-1.931,1.222,10.5,2
101(b),R,H,-1.47,1.23,12,2
101(b),R,I,0.2907,0.8453,13,2
101(b),R,K,-0.9967,1.046,6.5,2
101(b),R,L,-1.557,0.081,12,2
101(b),R,M,-0.7692,1.058,9.5,2
101(b),R,N,-0.6833,0.6807,12,2
101(b),R,P,-5.508,0,7.5,2
101(b),R,Q,0.3587,0.3736,14.5,2
101(b),R,R,0,0,,2
101(b),R,S,0.3127,0.1737,9,2
101(b),R,T,-0.4011,0.5796,7.5,2
101(b),R,V,0.3524,0.8096,10.5,2
101(b),R,W,0.0166,0.1639,45,2
101(b),R,Y,-0.4459,0.0877,13.5,2
102(a),E,*,-5.572,0,3,2
102(a),E,-,-0.1357,0.06294,3.5,2
102(a),E,A,0.5654,0.0864,7.5,2
102(a),E,C,1.167,0.15,10,2
102(a),E,D,-0.8387,1.126,8.5,2
102(a),E,E,0,0,,2
102(a),E,F,1.178,0.1969,9,2
102(a),E,G,-0.6826,0.1189,12.5,2
102(a),E,H,1.712,0.268,9,2
102(a),E,I,0.8441,0.3769,13.5,2
102(a),E,K,0.207,0.0149,36,2
102(a),E,L,1.333,0.7275,11,2
102(a),E,M,0.5597,0.2712,10,2
102(a),E,N,1.679,1.026,10.5,2
102(a),E,P,0.285,1.431,7,2
102(a),E,Q,0.9994,0.1296,11,2
102(a),E,R,-0.08998,0.1773,9.5,2
102(a),E,S,0.7275,1.403,11,2
102(a),E,T,1.067,2.045,11.5,2
102(a),E,V,-0.1765,1.755,13.5,2
102(a),E,W,0.9029,0.2621,10,2
102(a),E,Y,-0.1267,0.7984,9,2
102(b),V,-,-0.1427,0.3945,374.5,2
102(b),V,A,0.7027,0.4963,11,2
102(b),V,C,-0.3106,0.6376,10.5,2
102(b),V,D,-4.138,0,10.5,2
102(b),V,E,-3.595,0,8,2
102(b),V,F,-0.9902,0.6298,12,2
102(b),V,G,-0.9504,0.1796,11.5,2
102(b),V,H,-2.248,0.3175,10.5,2
102(b),V,I,-1.047,0.3692,6.5,2
102(b),V,K,-3.886,0,5.5,2
102(b),V,L,-0.8246,0.2755,15.5,2
102(b),V,M,-0.2208,0.09825,18.5,2
102(b),V,N,-2.693,0.057,12.5,2
102(b),V,P,0.527,0.7901,6.5,2
102(b),V,Q,-2.314,0.2315,10.5,2
102(b),V,R,-2.99,0.245,9,2
102(b),V,S,0.0615,2.28,11,2
102(b),V,T,-0.3115,0.6894,9.5,2
102(b),V,V,0,0,,2
102(b),V,W,-2.716,0.377,11,2
102(b),V,Y,-2.16,0.354,11.5,2
103(a),L,-,-0.6226,0.4834,5,2
103(a),L,A,1.39,1.309,10,2
103(a),L,C,0.707,1.203,10,2
103(a),L,D,0.6505,0.3059,11.5,2
103(a),L,E,-0.5363,0.2753,8,2
103(a),L,F,-0.08065,0.4811,9,2
103(a),L,G,-0.7262,0.6968,13.5,2
103(a),L,H,-0.6172,0.0338,16,2
103(a),L,I,-0.4085,1.621,8.5,2
103(a),L,K,1.024,1.112,7.5,2
103(a),L,L,0,0,,2
103(a),L,M,-0.3667,0.4341,15.5,2
103(a),L,N,0.7664,0.2089,9.5,2
103(a),L,P,-0.5024,0.6676,18,2
103(a),L,Q,1.373,0.623,11,2
103(a),L,R,2.805,2.076,11,2
103(a),L,S,-0.3587,0.7324,10,2
103(a),L,T,-1.35,1.236,8.5,2
103(a),L,V,-0.5029,0.3387,10.5,2
103(a),L,W,1.615,2.582,8,2
103(a),L,Y,-0.7961,0.6278,9.5,2
103(b),S,-,-0.4424,0.01515,374,2
103(b),S,A,0.351,1.409,8,2
103(b),S,C,-0.4441,0.04675,16,2
103(b),S,D,-0.9045,0.1704,9,2
103(b),S,E,0.52,0.606,8,2
103(b),S,F,0.6686,0.8654,17,2
103(b),S,G,-0.9395,0.09645,10,2
103(b),S,H,1.313,0.2155,13.5,2
103(b),S,I,-0.6295,0.1013,14,2
103(b),S,K,-1.334,0.8633,13,2
103(b),S,L,-1.006,0.5043,5.5,2
103(b),S,M,0.2784,0.712,11.5,2
103(b),S,N,0.4376,0.1336,10,2
103(b),S,P,-0.7899,0.0022,15.5,2
103(b),S,Q,0.713,0.1471,9,2
103(b),S,R,-0.3984,0.0224,15,2
103(b),S,S,0,0,,2
103(b),S,T,-0.2892,0.2856,6,2
103(b),S,V,1.166,1.865,16,2
103(b),S,W,-1.142,0.4752,7,2
103(b),S,Y,0.6553,0.3676,13,2
104(a),G,*,-7.287,0,3.5,2
104(a),G,-,-0.6762,0.2704,4.5,2
104(a),G,A,0.4642,0.3505,9,2
104(a),G,C,-0.01925,0.9116,11,2
104(a),G,D,-1.758,0.3145,11,2
104(a),G,E,-0.513,0.515,16,2
104(a),G,F,1.149,0.7632,16.5,2
104(a),G,G,0,0,,2
104(a),G,H,0.5387,1.244,11,2
104(a),G,I,-1.228,0.6374,8.5,2
104(a),G,K,0.1035,1.297,13,2
104(a),G,M,-0.2802,0.08465,5.5,2
104(a),G,N,1.274,0.2925,12,2
104(a),G,P,-0.1418,0.8283,11,2
104(a),G,Q,-0.65,1.272,8,2
104(a),G,R,0.5638,1.506,22,2
104(a),G,S,0.4529,1.169,8,2
104(a),G,T,-0.5932,0.3096,9.5,2
104(a),G,V,-0.2175,2.495,5,2
104(a),G,W,0.5226,1.088,8,2
104(a),G,Y,0.2582,0.6846,12.5,2
104(b),P,-,-0.5993,0.1115,373.5,2
104(b),P,A,-0.6119,0.5281,8.5,2
104(b),P,C,-0.2498,0.9573,12.5,2
104(b),P,D,-0.8393,0.4156,10,2
104(b),P,E,0.2561,0.8759,10.5,2
104(b),P,F,-0.1301,0.3893,11,2
104(b),P,G,-0.6559,0.3126,13,2
104(b),P,H,0.1711,0.6004,12.5,2
104(b),P,I,1.173,0.2885,8,2
104(b),P,K,0.7846,0.7824,14,2
104(b),P,L,-0.2535,0.2786,12,2
104(b),P,M,0.0949,0.4461,11,2
104(b),P,N,-0.9896,0.1094,9.5,2
104(b),P,P,0,0,,2
104(b),P,Q,0.02625,0.2571,14,2
104(b),P,R,0.6174,0.5816,6,2
104(b),P,S,-0.8239,0.7661,17,2
104(b),P,T,0.5855,0.7215,8.5,2
104(b),P,V,-0.068,1.878,10.5,2
104(b),P,W,0.8202,1.091,7,2
104(b),P,Y,-0.168,1.269,6,2
105(a),D,-,-0.6487,0.4014,4.5,2
105(a),D,A,-0.2709,0.1138,10.5,2
105(a),D,C,0.5442,0.9438,8,2
105(a),D,D,0,0,,2
105(a),D,E,-0.2279,1.028,10,2
105(a),D,F,1.925,0.1565,9,2
105(a),D,G,1.127,0.5853,8,2
105(a),D,H,1.415,1.015,14.5,2
105(a),D,I,1.554,0.0295,8,2
105(a),D,K,1.019,0.5142,15.5,2
105(a),D,L,1.735,1.062,10,2
105(a),D,M,1.191,0.84,12,2
105(a),D,N,0.4076,0.4306,20,2
105(a),D,P,0.1902,0.4551,10.5,2
105(a),D,Q,-0.08308,0.07092,11,2
105(a),D,R,2.773,0.1435,10,2
105(a),D,S,0.8345,0.1567,9,2
105(a),D,T,0.2206,1.077,7.5,2
105(a),D,V,0.7053,0.7287,11,2
105(a),D,W,-1.39,1.24,13,2
105(a),D,Y,0.00355,0.2301,13.5,2
105(b),M,-,-0.572,0.05295,373.5,2
105(b),M,A,0.2042,0.1878,8,2
105(b),M,C,0.4304,0.2661,11,2
105(b),M,D,0.3691,0.3325,10,2
105(b),M,E,-0.9675,2.094,5,2
105(b),M,F,-0.0869,0.6215,8.5,2
105(b),M,G,-0.1001,0.1494,6.5,2
105(b),M,H,0.9223,1.702,10,2
105(b),M,I,0.3588,0.09545,32,2
105(b),M,K,-0.2138,0.6876,10.5,2
105(b),M,L,0.2901,0.3979,11,2
105(b),M,M,0,0,,2
105(b),M,N,-0.5039,0.3478,12,2
105(b),M,P,0.643,2.758,11.5,2
105(b),M,Q,-1.901,0.3285,8.5,2
105(b),M,R,-0.9894,1.281,10,2
105(b),M,S,-0.3923,0.5032,13.5,2
105(b),M,T,0.6056,0.5704,11,2
105(b),M,V,0.0073,0.4385,16,2
105(b),M,W,-0.3395,0.3083,11.5,2
105(b),M,Y,-1.641,1.16,6.5,2
106(a),P,-,-1.675,0.1315,6.5,2
106(a),P,A,2.417,0.3115,9.5,2
106(a),P,C,0.9147,0.6113,11.5,2
106(a),P,D,0.8201,0.1601,10,2
106(a),P,E,0.7258,1.07,7.5,2
106(a),P,F,-0.2807,1.262,10.5,2
106(a),P,G,-0.8921,0.5829,13.5,2
106(a),P,H,1.598,1.642,19,2
106(a),P,I,2.311,0.0905,10,2
106(a),P,K,2.001,0.0435,8,2
106(a),P,L,0.6745,1.843,13.5,2
106(a),P,M,1.833,0.2365,10,2
106(a),P,N,1.691,0.7276,9,2
106(a),P,P,0,0,,2
106(a),P,Q,0.5722,1.134,5.5,2
106(a),P,R,1.678,0.534,10.5,2
106(a),P,S,1.763,1.066,19.5,2
106(a),P,T,2.005,1.395,11.5,2
106(a),P,V,-0.2594,0.55,12,2
106(a),P,W,-1.054,0.3059,13,2
106(a),P,Y,0.05645,0.8108,13,2
106(b),Q,*,-8.382,0,17,2
106(b),Q,-,-0.03036,0.06729,373,2
106(b),Q,A,1.686,1.686,9,2
106(b),Q,C,-0.6885,1.887,9.5,2
106(b),Q,D,-0.08585,0.005015,9,2
106(b),Q,E,0.07242,0.08108,11,2
106(b),Q,F,-1.348,0.221,6,2
106(b),Q,G,0.54,0.509,8.5,2
106(b),Q,H,-0.8344,0.4586,19,2
106(b),Q,I,-0.09045,0.378,9.5,2
106(b),Q,K,-0.119,1.216,9.5,2
106(b),Q,L,3.668,2.073,17.5,2
106(b),Q,M,1.008,0.3025,9,2
106(b),Q,N,0.8594,1.072,14,2
106(b),Q,P,-1.224,1.705,7,2
106(b),Q,Q,0,0,,2
106(b),Q,R,-0.5986,1.335,12.5,2
106(b),Q,S,0.7166,1.49,8.5,2
106(b),Q,T,-0.09225,0.3629,11.5,2
106(b),Q,V,-0.3457,0.5537,11.5,2
106(b),Q,W,0.6605,0.4085,9,2
106(b),Q,Y,-0.9598,0.9712,10,2
107(a),N,-,-1.084,0.4604,5.5,2
107(a),N,A,-1.454,0.3565,10,2
107(a),N,C,-1.655,0.6566,8.5,2
107(a),N,D,-0.9617,0.5143,9.5,2
107(a),N,E,-1.517,0.9718,10,2
107(a),N,F,1.696,0.3405,9,2
107(a),N,G,-0.3542,0.2125,12,2
107(a),N,H,1.121,1.025,6.5,2
107(a),N,I,-2.144,0.158,12.5,2
107(a),N,K,-0.935,0.217,6.5,2
107(a),N,L,-1.229,0.5982,11.5,2
107(a),N,M,-0.1759,1.102,8.5,2
107(a),N,N,0,0,,2
107(a),N,P,-1.819,0.193,8,2
107(a),N,Q,-0.5478,0.0996,13,2
107(a),N,R,0.002245,0.08539,6.5,2
107(a),N,S,-0.753,0.348,11,2
107(a),N,T,-1.062,0.034,10.5,2
107(a),N,V,-0.4135,2.393,11,2
107(a),N,W,0.7551,1.644,14.5,2
107(a),N,Y,0.3831,1.137,10.5,2
107(b),S,-,-0.489,0.525,373,2
107(b),S,A,0.9043,0.8417,11.5,2
107(b),S,C,-1.011,0.4316,9.5,2
107(b),S,D,0.5748,0.08825,9,2
107(b),S,E,-1.165,0.72,8.5,2
107(b),S,F,0.8031,1.023,7.5,2
107(b),S,G,-0.4953,0.2532,7,2
107(b),S,H,1.303,0.4089,11.5,2
107(b),S,I,-0.1956,0.07915,12.5,2
107(b),S,K,-0.04329,0.01818,10.5,2
107(b),S,L,-0.3227,0.4761,13.5,2
107(b),S,M,-0.7022,0.1606,10,2
107(b),S,N,-0.0428,0.7264,18.5,2
107(b),S,P,0.5706,0.6124,10.5,2
107(b),S,Q,0.668,0.698,18.5,2
107(b),S,R,0.673,1.05,9,2
107(b),S,S,0,0,,2
107(b),S,T,0.2949,1.137,8,2
107(b),S,V,0.4055,1.486,8,2
107(b),S,W,0.1635,0.2328,5,2
107(b),S,Y,-0.1757,0.9023,11,2
108(a),I,-,-0.5801,0.2978,4,2
108(a),I,A,2.124,0.032,7.5,2
108(a),I,C,1.498,0.9752,9,2
108(a),I,D,2.881,0.3675,10,2
108(a),I,E,-0.4285,2.312,6.5,2
108(a),I,F,-0.09975,0.4809,11,2
108(a),I,G,0.1475,2.474,12,2
108(a),I,H,2.388,0.299,7.5,2
108(a),I,I,0,0,,2
108(a),I,K,-0.18,0.5542,8,2
108(a),I,L,-0.5801,0.6439,8,2
108(a),I,M,1.899,0.9478,11.5,2
108(a),I,N,0.6825,1.769,13.5,2
108(a),I,P,-3.458,0,11,2
108(a),I,Q,1.198,0.6705,9,2
108(a),I,R,-0.5541,0.0401,10,2
108(a),I,S,0.6478,0.8542,8.5,2
108(a),I,T,1.611,0.8122,9.5,2
108(a),I,V,-0.0598,0.4084,12.5,2
108(a),I,W,1.137,0.1935,7,2
108(a),I,Y,0.4854,1.025,11.5,2
108(b),S,-,0.7352,1.272,373.5,2
108(b),S,A,0.8909,0.9781,7,2
108(b),S,C,-1.291,0.401,12,2
108(b),S,D,0.097,1.623,8.5,2
108(b),S,E,0.1945,1.565,9,2
108(b),S,F,0.06255,0.4153,17,2
108(b),S,G,-0.7061,0.1157,7,2
108(b),S,H,-0.4414,0.2257,14.5,2
108(b),S,I,-0.2783,0.0528,11.5,2
108(b),S,K,0.298,1.3,7.5,2
108(b),S,L,0.07465,0.9574,10.5,2
108(b),S,M,0.1799,0.4853,12.5,2
108(b),S,N,0.3973,0.392,13.5,2
108(b),S,P,-0.4456,0.6074,18,2
108(b),S,Q,-0.7896,0.9873,9,2
108(b),S,R,-0.01376,0.04375,12.5,2
108(b),S,S,0,0,,2
108(b),S,T,-0.9887,0.6714,12,2
108(b),S,V,0.474,0.4488,4,2
108(b),S,W,-0.9391,0.4569,13,2
108(b),S,Y,-0.6003,0.1266,7,2
109(a),L,-,-0.203,0.00365,3.5,2
109(a),L,A,0.5101,0.00475,11,2
109(a),L,C,0.04285,0.4107,10,2
109(a),L,D,-4.467,0,9.5,2
109(a),L,E,-3.228,0.0275,9,2
109(a),L,F,-2.043,0.225,11,2
109(a),L,G,-1.496,0.066,11,2
109(a),L,H,-2.417,0.0045,10.5,2
109(a),L,I,-1.424,0.7517,10.5,2
109(a),L,K,-4.182,0,8,2
109(a),L,L,0,0,,2
109(a),L,M,0.02805,0.4523,11,2
109(a),L,N,-1.461,0.5661,12.5,2
109(a),L,P,-8.194,0,18.5,2
109(a),L,Q,-1.7,0.428,8.5,2
109(a),L,R,-4.842,0,13,2
109(a),L,S,-2.416,0.01,6.5,2
109(a),L,T,-7.543,0,11.5,2
109(a),L,V,-0.6538,0.7182,12.5,2
109(a),L,W,-1.822,0.9879,10,2
109(a),L,Y,-2.744,0.017,13,2
109(b),S,-,0.6238,0.7873,373.5,2
109(b),S,A,0.492,0.4911,12,2
109(b),S,C,-0.9772,0.9348,6,2
109(b),S,D,0.039,0.6901,12.5,2
109(b),S,E,1.654,0.7327,6.5,2
109(b),S,F,-0.1888,0.0156,18,2
109(b),S,G,1.049,0.5306,9,2
109(b),S,H,0.29,0.09625,11.5,2
109(b),S,I,-0.0695,1.478,9.5,2
109(b),S,K,0.5474,0.5516,10,2
109(b),S,L,0.013,1.298,8.5,2
109(b),S,M,0.8279,0.7411,10,2
109(b),S,N,-0.2198,0.1793,9.5,2
109(b),S,P,0.1226,0.1251,12.5,2
109(b),S,Q,-0.167,2.329,5,2
109(b),S,R,-0.2346,0.8043,12.5,2
109(b),S,S,0,0,,2
109(b),S,T,-0.4823,0.02455,11.5,2
109(b),S,V,0.6318,0.8742,7.5,2
109(b),S,W,-0.4732,0.1086,9.5,2
109(b),S,Y,-1.198,0.3208,14,2
11(T2A),T,-,-1.088,0.686,2.5,2
11(T2A),T,A,-1.277,0.247,3.5,2
11(T2A),T,I,-3.178,0.1225,4.5,2
11(T2A),T,N,-2.067,0.6065,2,2
11(T2A),T,S,-2.561,0.536,1,2
11(T2A),T,T,0,0,,2
11(a),E,*,-8.5,0,13.5,2
11(a),E,-,-0.5196,0,1,1
11(a),E,A,-3.4,0,5.5,2
11(a),E,C,-1.723,0.314,14.5,2
11(a),E,D,-2.215,0.587,13,2
11(a),E,E,0,0,,2
11(a),E,F,-3.891,0,6,2
11(a),E,G,-2.837,0.228,17.5,2
11(a),E,H,-2.926,0.3775,11.5,2
11(a),E,I,0.028,2.01,6,2
11(a),E,K,-4.809,0,23.5,2
11(a),E,L,-0.6786,0.5093,7.5,2
11(a),E,M,-3.466,0,6,2
11(a),E,N,-2.449,0.3455,7.5,2
11(a),E,P,-10.84,0,6.5,2
11(a),E,Q,-3.121,0.071,6.5,2
11(a),E,R,-3.99,0,7.5,2
11(a),E,S,-2.962,0.1125,6.5,2
11(a),E,T,-3.062,0.0255,9.5,2
11(a),E,V,-0.1812,0.2212,12,2
11(a),E,W,-4.341,0,9,2
11(a),E,Y,-4.03,0,7,2
11(b),E,*,-6.762,0,4,2
11(b),E,-,-1.426,0.9533,2,2
11(b),E,A,0.3665,1.345,12.5,2
11(b),E,C,-1.889,0.935,10,2
11(b),E,D,-1.446,0.261,21.5,2
11(b),E,E,0,0,,2
11(b),E,F,-2.235,0.348,12,2
11(b),E,G,-1.384,0.236,8.5,2
11(b),E,H,-1.418,1.011,12,2
11(b),E,I,-2.429,0.1885,10,2
11(b),E,K,-2.95,0.0695,22,2
11(b),E,L,-2.788,0.3375,13,2
11(b),E,M,-0.8017,0.7633,14,2
11(b),E,N,-2.478,0.2325,12,2
11(b),E,P,-4.008,0,10.5,2
11(b),E,Q,-0.8125,1.337,14,2
11(b),E,R,-2.612,0.0925,6,2
11(b),E,S,-0.6179,0.8471,13,2
11(b),E,T,-1.991,0.5865,12.5,2
11(b),E,V,-1.004,0.1596,9.5,2
11(b),E,W,-3.395,0,10.5,2
11(b),E,Y,-2.787,0.048,8,2
110(a),I,-,-0.4819,0.1383,3.5,2
110(a),I,A,-0.9569,0.1621,11.5,2
110(a),I,C,-0.6231,0.2126,11.5,2
110(a),I,D,-1.484,0.0685,7,2
110(a),I,E,-0.5816,1.054,11,2
110(a),I,F,-0.9726,0.00535,15,2
110(a),I,G,-2.661,0.539,9,2
110(a),I,H,-0.9034,0.6526,9.5,2
110(a),I,I,0,0,,2
110(a),I,K,-1.668,0.337,12.5,2
110(a),I,L,0.4403,0.6647,12,2
110(a),I,M,-0.5536,0.4893,13,2
110(a),I,N,-0.9813,0.1407,12,2
110(a),I,P,-6.717,0,10.5,2
110(a),I,Q,-1.005,0.2914,13,2
110(a),I,R,-2.151,0.3125,8.5,2
110(a),I,S,-1.359,0.0565,14,2
110(a),I,T,-1.093,0.726,9,2
110(a),I,V,0.3316,0.3493,13.5,2
110(a),I,W,-2.13,0.105,12.5,2
110(a),I,Y,-0.9103,0.03065,9.5,2
110(b),L,-,-0.3075,0.384,374,2
110(b),L,A,0.3285,0.1403,11.5,2
110(b),L,C,-0.6343,0.5287,8,2
110(b),L,D,-0.4718,1.253,7.5,2
110(b),L,E,-0.5744,1.088,9.5,2
110(b),L,F,-0.4865,0.4237,9,2
110(b),L,G,1.402,0.4397,7.5,2
110(b),L,H,0.06765,0.7802,9.5,2
110(b),L,I,-0.4983,1.204,11,2
110(b),L,K,-1.203,0.399,12,2
110(b),L,L,0,0,,2
110(b),L,M,-0.3235,0.6,11,2
110(b),L,N,-0.3715,1.385,7.5,2
110(b),L,P,-0.3617,0.9693,15,2
110(b),L,Q,0.82,0.511,11.5,2
110(b),L,R,-0.6829,0.449,9,2
110(b),L,S,0.2382,0.00735,10.5,2
110(b),L,T,-0.7069,0.0076,10,2
110(b),L,V,-0.3132,0.3064,7.5,2
110(b),L,W,-0.2874,0.1078,12.5,2
110(b),L,Y,1.487,0.6897,9,2
111(a),C,*,-8.762,0,3,2
111(a),C,-,-0.5076,0.6714,3.5,2
111(a),C,A,0.1581,0.307,9.5,2
111(a),C,C,0,0,,2
111(a),C,D,-8.062,0,16.5,2
111(a),C,E,-6.128,0,9.5,2
111(a),C,F,-2.529,0.2335,9.5,2
111(a),C,G,-0.678,1.362,12.5,2
111(a),C,H,-3.83,0,7,2
111(a),C,I,-1.377,0.3852,11.5,2
111(a),C,K,-5.326,0,10,2
111(a),C,L,-0.7038,1.301,12,2
111(a),C,M,0.6019,0.00175,7,2
111(a),C,N,-3.247,0.0265,14.5,2
111(a),C,P,-8.033,0,14.5,2
111(a),C,Q,-3.506,0,15,2
111(a),C,R,-7.684,0,10.5,2
111(a),C,S,-0.5357,0.5803,13.5,2
111(a),C,T,1.142,0.1738,8,2
111(a),C,V,0.6505,0.04315,13,2
111(a),C,W,-4.246,0,10,2
111(a),C,Y,-3.534,0,33.5,2
111(b),P,-,-0.0104,0.4563,374.5,2
111(b),P,A,-0.7378,1.178,9,2
111(b),P,C,-1.149,0.5066,9.5,2
111(b),P,D,-0.2173,0.2465,8.5,2
111(b),P,E,-0.2082,0.1279,11.5,2
111(b),P,F,-0.4071,0.4782,10.5,2
111(b),P,G,0.9811,0.8299,12,2
111(b),P,H,1.451,0.106,9.5,2
111(b),P,I,-0.08755,0.6963,13,2
111(b),P,K,-0.256,0.0326,11.5,2
111(b),P,L,0.9464,1.519,12.5,2
111(b),P,M,-0.2424,0.3926,11,2
111(b),P,N,-0.5699,0.4244,7,2
111(b),P,P,0,0,,2
111(b),P,Q,-0.204,0.211,11,2
111(b),P,R,-0.02295,0.1966,6.5,2
111(b),P,S,0.1174,0.4214,18.5,2
111(b),P,T,0.4461,0.2367,16.5,2
111(b),P,V,1.643,1.619,10,2
111(b),P,W,0.05095,0.8107,9,2
111(b),P,Y,-0.3079,0.6153,8,2
112(a),Y,*,-10.76,0,4.5,2
112(a),Y,-,-1.975,1.53,3.5,2
112(a),Y,A,-0.511,1.222,12.5,2
112(a),Y,C,-0.4619,0.9791,13,2
112(a),Y,D,-0.4523,0.7457,9.5,2
112(a),Y,E,-2.207,0.921,6,2
112(a),Y,F,0.5212,0.4712,13,2
112(a),Y,G,-2.356,0.651,10.5,2
112(a),Y,H,-0.412,1.361,8,2
112(a),Y,I,-0.5469,0.3981,12,2
112(a),Y,K,-1.717,0.128,12,2
112(a),Y,L,-0.4999,1.423,9,2
112(a),Y,M,-0.6688,0.6822,11,2
112(a),Y,N,-1.291,0.8063,11.5,2
112(a),Y,P,-5.018,0,13,2
112(a),Y,Q,-1.03,0.2565,8.5,2
112(a),Y,R,-2.235,0.539,14,2
112(a),Y,S,-1.226,1.135,7.5,2
112(a),Y,T,-1.823,0.217,9.5,2
112(a),Y,V,0.9225,1.251,15,2
112(a),Y,W,4.042,4.217,11.5,2
112(a),Y,Y,0,0,,2
112(b),Q,*,-8.152,0,6,2
112(b),Q,-,0.4303,0.4907,375,2
112(b),Q,A,-0.0085,1.599,12,2
112(b),Q,C,-0.9917,0.5074,9,2
112(b),Q,D,0.01185,0.7774,9.5,2
112(b),Q,E,-0.6044,0.2084,13,2
112(b),Q,F,0.2334,0.239,11.5,2
112(b),Q,G,1.308,0.5879,6.5,2
112(b),Q,H,0.1813,0.1908,17,2
112(b),Q,I,0.4143,1.09,8.5,2
112(b),Q,K,-0.9325,0.9955,10.5,2
112(b),Q,L,-0.1883,0.5687,10,2
112(b),Q,M,0.243,0.5569,11,2
112(b),Q,N,0.1129,0.08847,11,2
112(b),Q,P,-0.0125,0.3678,14,2
112(b),Q,Q,0,0,,2
112(b),Q,R,0.4671,0.3334,17.5,2
112(b),Q,S,0.3133,1.155,12.5,2
112(b),Q,T,-0.8864,0.1946,9,2
112(b),Q,V,1.193,0.2951,9,2
112(b),Q,W,-0.9517,0.2153,9.5,2
112(b),Q,Y,1.548,1.144,10.5,2
113(a),V,-,-2.174,1.446,4,2
113(a),V,A,0.06972,0.06468,15.5,2
113(a),V,C,0.4222,0.8198,13,2
113(a),V,D,-3.506,0,15,2
113(a),V,E,-2.606,0.089,17,2
113(a),V,F,-1.724,0.1305,19,2
113(a),V,G,-0.706,0.437,10,2
113(a),V,H,-2.729,0.1695,14,2
113(a),V,I,-0.1255,0.03169,17.5,2
113(a),V,K,-2.431,0.4955,8,2
113(a),V,L,-0.6863,1.107,14.5,2
113(a),V,M,0.319,1.555,10.5,2
113(a),V,N,-1.157,0.2416,14.5,2
113(a),V,P,-0.1278,0.34,11.5,2
113(a),V,Q,-1.462,0.5727,7,2
113(a),V,R,-7.306,0,5.5,2
113(a),V,S,0.6772,1.107,8.5,2
113(a),V,T,0.3193,0.5405,13.5,2
113(a),V,V,0,0,,2
113(a),V,W,-4.896,0,6.5,2
113(a),V,Y,-2.482,0.4835,10.5,2
113(b),T,-,-0.613,0.453,375.5,2
113(b),T,A,0.1044,0.8277,13,2
113(b),T,C,-0.7814,0.3996,10.5,2
113(b),T,D,0.8868,0.1542,7,2
113(b),T,E,-0.4003,0.0127,12,2
113(b),T,F,0.5602,0.5158,7,2
113(b),T,G,-0.08655,0.2856,1,2
113(b),T,H,0.3211,1.056,11.5,2
113(b),T,I,-0.254,0.09785,16,2
113(b),T,K,1.334,1.18,10,2
113(b),T,L,-0.6377,0.5413,9.5,2
113(b),T,M,0.5194,0.4015,9,2
113(b),T,N,0.2592,0.1202,8,2
113(b),T,P,-0.5569,0.05365,10.5,2
113(b),T,Q,-0.5885,1.633,10,2
113(b),T,R,-0.6463,1.282,6,2
113(b),T,S,-1.043,0.0425,7.5,2
113(b),T,T,0,0,,2
113(b),T,V,-0.1358,0.5736,9.5,2
113(b),T,W,-0.9462,0.2738,10,2
113(b),T,Y,-0.6165,0.7905,11,2
114(a),D,-,-0.3828,0.193,2,2
114(a),D,A,1.347,0.5545,11,2
114(a),D,C,-0.155,1.379,11.5,2
114(a),D,D,0,0,,2
114(a),D,E,0.2855,1.446,7,2
114(a),D,F,-0.0539,0.286,12.5,2
114(a),D,G,3.207,2.692,15,2
114(a),D,H,-0.7382,0.3917,11,2
114(a),D,I,-1.073,1.211,6,2
114(a),D,K,-1.999,0.1065,9,2
114(a),D,L,0.2566,0.6691,11,2
114(a),D,M,0.0238,0.3781,12.5,2
114(a),D,N,0.4398,0.4803,47.5,2
114(a),D,P,-1.989,0.2855,5.5,2
114(a),D,Q,1.003,0.2045,7.5,2
114(a),D,R,-0.8711,0.7429,7,2
114(a),D,S,-0.4179,0.2351,13.5,2
114(a),D,T,-1.301,0.206,7,2
114(a),D,V,-1.329,0.6869,7,2
114(a),D,W,-0.939,1.328,9,2
114(a),D,Y,-0.1277,0.2164,14.5,2
114(b),D,-,-1.2,1.175,375,2
114(b),D,A,0.078,0.2479,16,2
114(b),D,C,-0.1024,0.3431,13.5,2
114(b),D,D,0,0,,2
114(b),D,E,0.2309,0.1999,8.5,2
114(b),D,F,0.8495,0.09885,8.5,2
114(b),D,G,0.1599,0.0439,10.5,2
114(b),D,H,-0.3006,0.2685,9.5,2
114(b),D,I,-0.4325,0.1836,10,2
114(b),D,K,1.234,0.3994,11,2
114(b),D,L,-0.0002,0.4447,8,2
114(b),D,M,-0.6359,0.1157,13,2
114(b),D,N,1.476,0.5413,13.5,2
114(b),D,P,0.3397,0.161,9.5,2
114(b),D,Q,0.4676,0.1079,10,2
114(b),D,R,-0.2249,0.2892,10.5,2
114(b),D,S,-0.1295,0.07476,7,2
114(b),D,T,-1.609,1.004,8.5,2
114(b),D,V,0.9703,0.7037,12,2
114(b),D,W,0.0224,0.3222,9.5,2
114(b),D,Y,-0.6208,1.301,6,2
115(a),K,*,-9.169,0,3,2
115(a),K,-,0.3185,0.07485,2,2
115(a),K,A,-0.6513,0.334,10.5,2
115(a),K,C,-0.8041,0.1257,9.5,2
115(a),K,D,0.4335,1.566,8,2
115(a),K,E,-0.4337,0.2127,18.5,2
115(a),K,F,-2.392,0.4625,17.5,2
115(a),K,G,0.4044,0.439,11,2
115(a),K,H,-0.164,1.707,14,2
115(a),K,I,-3.102,0.027,11,2
115(a),K,K,0,0,,2
115(a),K,L,0.143,1.285,10,2
115(a),K,M,-1.036,0.4153,18,2
115(a),K,N,0.285,1.604,11.5,2
115(a),K,P,-5.025,0,16,2
115(a),K,Q,-0.7127,0.2241,12,2
115(a),K,R,-0.7559,0.19,15,2
115(a),K,S,-0.1575,1.365,10.5,2
115(a),K,T,-2.187,0.2975,11.5,2
115(a),K,V,-2.036,0.519,12.5,2
115(a),K,W,-3.252,0.079,11.5,2
115(a),K,Y,-1.982,0.142,13.5,2
115(b),R,-,-1.282,0.735,375.5,2
115(b),R,A,0.02485,0.5233,5,2
115(b),R,C,-0.9667,0.00625,12.5,2
115(b),R,D,-1.546,0.511,13,2
115(b),R,E,-1.781,0.588,8,2
115(b),R,F,-0.1685,1.223,10.5,2
115(b),R,G,-0.981,0.347,13,2
115(b),R,H,0.5462,0.133,8,2
115(b),R,I,0.6688,0.9862,13.5,2
115(b),R,K,-0.1648,0.4237,22.5,2
115(b),R,L,-0.553,0.426,16,2
115(b),R,M,0.6926,0.6284,7.5,2
115(b),R,N,-0.9461,0.312,11.5,2
115(b),R,P,1.137,0.7362,6.5,2
115(b),R,Q,0.5225,0.5965,9,2
115(b),R,R,0,0,,2
115(b),R,S,0.03855,0.38,9,2
115(b),R,T,-1.254,0.6214,9.5,2
115(b),R,V,0.6768,1.379,12,2
115(b),R,W,-1.646,0.6055,9.5,2
115(b),R,Y,2.344,0.015,11,2
116(a),F,-,-0.5278,0.3421,1.5,2
116(a),F,A,-2.687,0.4355,6.5,2
116(a),F,C,-1.65,0.523,11.5,2
116(a),F,D,-4.675,0,10.5,2
116(a),F,E,-4.252,0,11.5,2
116(a),F,F,0,0,,2
116(a),F,G,-2.663,0.19,10.5,2
116(a),F,H,-2.508,0.3435,13,2
116(a),F,I,-1.321,0.4974,10.5,2
116(a),F,K,-7.753,0,9,2
116(a),F,L,-0.8426,0.6623,16,2
116(a),F,M,-0.5833,0.1728,9,2
116(a),F,N,-2.974,0.125,11,2
116(a),F,P,-3.4,0,5,2
116(a),F,Q,-2.632,0.08,5.5,2
116(a),F,R,-8.245,0,12,2
116(a),F,S,-3.006,0.075,12,2
116(a),F,T,-2.533,0.036,9,2
116(a),F,V,-1.263,0.3902,8,2
116(a),F,W,-3.332,0.078,6.5,2
116(a),F,Y,-1.081,0.4073,10.5,2
116(b),L,-,-1.454,0.8548,375.5,2
116(b),L,A,-1.934,0.6825,8.5,2
116(b),L,C,-1.598,0.4535,11,2
116(b),L,D,-4.549,0,9,2
116(b),L,E,-1.714,0.515,12.5,2
116(b),L,F,-0.162,1.242,7,2
116(b),L,G,-2.054,0.6195,10.5,2
116(b),L,H,-0.537,0.2777,10.5,2
116(b),L,I,0.4702,0.2344,9.5,2
116(b),L,K,-1.161,0.5682,10.5,2
116(b),L,L,0,0,,2
116(b),L,M,-0.5156,0.0225,6.5,2
116(b),L,N,-2.643,0.4625,6.5,2
116(b),L,P,-2.188,0.3515,10,2
116(b),L,Q,-1.482,0.4445,14,2
116(b),L,R,-1.008,0.01305,13.5,2
116(b),L,S,-2.538,0.1315,5,2
116(b),L,T,-0.9055,0.9295,8.5,2
116(b),L,V,0.1101,0.6045,9,2
116(b),L,W,0.08335,0.5504,11,2
116(b),L,Y,-1.716,0.0775,6.5,2
117(a),W,*,-9.657,0,15.5,2
117(a),W,-,-5.868,1.507,2,2
117(a),W,A,-4.697,0,6.5,2
117(a),W,C,-5.159,0,13.5,2
117(a),W,D,-5.606,0,15.5,2
117(a),W,E,-6.056,0,7,2
117(a),W,F,-2.008,0.454,10.5,2
117(a),W,G,-12.96,0,10.5,2
117(a),W,H,-4.592,0,11.5,2
117(a),W,I,-8.918,0,11,2
117(a),W,K,-10.4,0,6.5,2
117(a),W,L,-6.375,0,13,2
117(a),W,M,-5.48,0,8,2
117(a),W,N,-4.775,0,10,2
117(a),W,P,-8.835,0,12,2
117(a),W,Q,-8.741,0,10,2
117(a),W,R,-9.527,0,15,2
117(a),W,S,-4.634,0,7,2
117(a),W,T,-5.771,0,12,2
117(a),W,V,-5.607,0,9.5,2
117(a),W,W,0,0,,2
117(a),W,Y,-1.276,0.1715,5.5,2
117(b),A,-,-0.9849,1.039,375.5,2
117(b),A,A,0,0,,2
117(b),A,C,-1.354,1.325,9,2
117(b),A,D,-0.9768,0.05225,12.5,2
117(b),A,E,-0.0625,2.667,9,2
117(b),A,F,-1.091,0.8085,7,2
117(b),A,G,0.6677,0.04785,9.5,2
117(b),A,H,-0.135,1.513,10,2
117(b),A,I,-0.6076,0.4093,15.5,2
117(b),A,K,-0.9026,0.4933,8.5,2
117(b),A,L,1.246,0.2609,7.5,2
117(b),A,M,-0.7016,0.6424,10,2
117(b),A,N,-1.173,0.3328,15.5,2
117(b),A,P,-0.6726,0.2735,8,2
117(b),A,Q,-0.4203,0.4978,13.5,2
117(b),A,R,-0.007,1.284,7.5,2
117(b),A,S,-0.4951,0.164,14,2
117(b),A,T,-0.6904,0.6716,28.5,2
117(b),A,V,-0.4647,0.2734,22,2
117(b),A,W,-0.4312,1.246,12,2
117(b),A,Y,0.2298,1.227,10.5,2
118(a),P,-,-0.1502,0.1761,1.5,2
118(a),P,A,-10.48,0,9,2
118(a),P,C,-8.189,0,9.5,2
118(a),P,D,-8.829,0,11.5,2
118(a),P,E,-6.922,0,10.5,2
118(a),P,F,-5.719,0,9.5,2
118(a),P,G,-6.424,0,8,2
118(a),P,H,-10.38,0,8.5,2
118(a),P,I,-6.045,0,13,2
118(a),P,K,-8.297,0,8,2
118(a),P,L,-6.691,0,11.5,2
118(a),P,M,-5.63,0,8,2
118(a),P,N,-7.218,0,10,2
118(a),P,P,0,0,,2
118(a),P,Q,-7.151,0,4.5,2
118(a),P,R,-8.899,0,7.5,2
118(a),P,S,-6.391,0,16.5,2
118(a),P,T,-18.2,0,9,2
118(a),P,V,-13.66,0,4.5,2
118(a),P,W,-5.605,0,10,2
118(a),P,Y,-7.324,0,9,2
118(b),C,*,-10.26,0,4,2
118(b),C,-,-0.4636,0.1333,375,2
118(b),C,A,-0.09325,0.6703,9,2
118(b),C,C,0,0,,2
118(b),C,D,-11.87,0,15,2
118(b),C,E,-7.922,0,9,2
118(b),C,F,-4.304,0,20,2
118(b),C,G,-2.917,0.154,10,2
118(b),C,H,-8.206,0,16.5,2
118(b),C,I,-2.917,0.133,13,2
118(b),C,K,-7.436,0,6.5,2
118(b),C,L,-2.439,0.2665,9,2
118(b),C,M,-2.724,0.0175,6,2
118(b),C,N,-7.07,0,10.5,2
118(b),C,P,-10.31,0,10.5,2
118(b),C,Q,-6.492,0,7,2
118(b),C,R,-7.608,0,10,2
118(b),C,S,-3.171,0.0595,11,2
118(b),C,T,-2.509,0.43,13.5,2
118(b),C,V,1.217,2.458,7.5,2
118(b),C,W,-10.07,0,15.5,2
118(b),C,Y,-7.958,0,25,2
119(a),S,-,-2.844,0.583,3.5,2
119(a),S,A,-0.2934,0.2765,13,2
119(a),S,C,-0.7674,0.3636,13.5,2
119(a),S,D,-2.349,0.334,6.5,2
119(a),S,E,-3.298,0,12,2
119(a),S,F,-3.436,0,13.5,2
119(a),S,G,-1.803,0.288,14.5,2
119(a),S,H,-3.121,0.2835,8.5,2
119(a),S,I,-1.696,0.4565,16.5,2
119(a),S,K,-4.994,0,7.5,2
119(a),S,L,-2.027,0.494,7,2
119(a),S,M,-2.165,0.437,12.5,2
119(a),S,N,-1.153,0.5174,15,2
119(a),S,P,-1.212,0.6286,9.5,2
119(a),S,Q,-1.508,0.8001,9.5,2
119(a),S,R,-5.413,0,11,2
119(a),S,S,0,0,,2
119(a),S,T,-0.7237,1.127,6,2
119(a),S,V,-1.702,0.273,13,2
119(a),S,W,-4.296,0,11.5,2
119(a),S,Y,-3.425,0.0475,13.5,2
119(b),Y,*,-6.854,0,3,2
119(b),Y,-,0.0984,0.1667,375.5,2
119(b),Y,A,0.8303,0.2626,5.5,2
119(b),Y,C,-0.0824,1.063,10,2
119(b),Y,D,-1.309,1.465,10,2
119(b),Y,E,-2.583,0.105,12,2
119(b),Y,F,1.797,1.14,12.5,2
119(b),Y,G,-2.413,0.5005,8,2
119(b),Y,H,-1.381,0.5832,8,2
119(b),Y,I,-0.6041,1.529,9.5,2
119(b),Y,K,0.9582,0.3058,11.5,2
119(b),Y,L,0.6,2.013,7.5,2
119(b),Y,M,-0.4009,0.4215,10.5,2
119(b),Y,N,-7.793,0,10.5,2
119(b),Y,P,-3.703,0,8.5,2
119(b),Y,Q,-1.484,0.071,11.5,2
119(b),Y,R,0.3484,0.1684,10,2
119(b),Y,S,-0.4655,0.1674,9.5,2
119(b),Y,T,0.041,0.4605,8.5,2
119(b),Y,V,0.2205,1.487,6,2
119(b),Y,W,0.009845,0.02454,14,2
119(b),Y,Y,0,0,,2
12(T2A),C,*,-9.244,0,2.5,2
12(T2A),C,-,-1.054,0.2219,2.5,2
12(T2A),C,C,0,0,,2
12(T2A),C,F,-3.993,0,2,2
12(T2A),C,R,-1.937,0.8945,13.5,2
12(T2A),C,S,-1.33,0.3879,2,2
12(T2A),C,Y,-2.625,0.4775,10.5,2
12(a),F,*,-8.886,0,9.5,2
12(a),F,-,-1.316,0,1,1
12(a),F,A,-2.268,0.0095,10.5,2
12(a),F,C,-2.384,0.574,10,2
12(a),F,D,-3.989,0,7,2
12(a),F,E,-3.216,0,10.5,2
12(a),F,F,0,0,,2
12(a),F,G,-3.246,0,6,2
12(a),F,H,-1.809,0.279,8,2
12(a),F,I,-1.591,0.4685,13,2
12(a),F,K,-3.881,0,9.5,2
12(a),F,L,-1.333,0.1655,16.5,2
12(a),F,M,-0.8701,0.5799,8.5,2
12(a),F,N,-3.122,0.3495,6,2
12(a),F,P,-7.924,0,7,2
12(a),F,Q,-2.327,0.609,9,2
12(a),F,R,-3.436,0,10.5,2
12(a),F,S,-2.103,0.2275,8,2
12(a),F,T,-2.848,0.557,7,2
12(a),F,V,-2.6,0.4775,9.5,2
12(a),F,W,-0.2771,0.3333,4,2
12(a),F,Y,1.03,0.3331,11.5,2
12(b),M,-,-2.468,1.265,2,2
12(b),M,A,-0.4073,0.5996,11.5,2
12(b),M,C,-0.7639,0.1144,12.5,2
12(b),M,D,-2.615,0.16,12,2
12(b),M,E,-1.005,0.4448,12,2
12(b),M,F,-2.59,0.095,14,2
12(b),M,G,-2.236,0.125,8,2
12(b),M,H,-2.862,0.2635,7,2
12(b),M,I,-1.384,0.4143,16.5,2
12(b),M,K,-5.013,0,9,2
12(b),M,L,-0.7944,0.1764,11,2
12(b),M,M,0,0,,2
12(b),M,N,-3.038,0.1435,10,2
12(b),M,P,-8.033,0,9,2
12(b),M,Q,0.0495,1.534,9,2
12(b),M,R,-4.319,0,11,2
12(b),M,S,-1.879,0.053,9,2
12(b),M,T,-0.2842,0.2539,12,2
12(b),M,V,-0.7928,0.2633,6,2
12(b),M,W,-2.285,0.1135,9.5,2
12(b),M,Y,-2.587,0.3005,10.5,2
120(a),V,-,-3.342,0.132,3.5,2
120(a),V,A,0.2249,0.993,11.5,2
120(a),V,C,-0.764,0.282,10,2
120(a),V,D,-0.695,0.473,10.5,2
120(a),V,E,-0.3109,0.3321,10.5,2
120(a),V,F,-0.7319,0.2447,13.5,2
120(a),V,G,-0.6511,0.11,10.5,2
120(a),V,H,0.463,1.648,13,2
120(a),V,I,-0.4707,0.5433,19,2
120(a),V,K,0.6459,0.5722,9,2
120(a),V,L,-1.028,0.4518,8,2
120(a),V,M,-0.9363,0.6108,11.5,2
120(a),V,N,0.6761,0.1072,5.5,2
120(a),V,P,-1.643,0.4505,10.5,2
120(a),V,Q,0.4882,1.484,7.5,2
120(a),V,R,0.1706,0.8139,6,2
120(a),V,S,-1.421,0.1565,10.5,2
120(a),V,T,-0.6194,0.09925,15.5,2
120(a),V,V,0,0,,2
120(a),V,W,-0.8882,0.3148,17.5,2
120(a),V,Y,-0.7215,0.5655,12,2
120(b),V,-,0.0886,0.5172,375.5,2
120(b),V,A,2.053,1.49,20,2
120(b),V,C,1.196,0.193,13.5,2
120(b),V,D,-6.226,0,11.5,2
120(b),V,E,-4.992,0,15.5,2
120(b),V,F,-2.332,0.6175,12,2
120(b),V,G,-2.777,0.289,6,2
120(b),V,H,-4.064,0,4,2
120(b),V,I,-0.1308,0.1471,16.5,2
120(b),V,K,-8.159,0,8,2
120(b),V,L,-0.1364,0.1465,14.5,2
120(b),V,M,-0.7502,0.2085,23.5,2
120(b),V,N,-1.36,0.4428,8,2
120(b),V,P,-3.002,0.1225,10,2
120(b),V,Q,-3.688,0,9.5,2
120(b),V,R,-8.046,0,12,2
120(b),V,S,0.5448,0.01875,9.5,2
120(b),V,T,0.01775,0.4078,10.5,2
120(b),V,V,0,0,,2
120(b),V,W,-4.765,0,12,2
120(b),V,Y,-3.165,0,7,2
121(a),I,-,-2.292,0.1655,4,2
121(a),I,A,-1.251,0.061,12.5,2
121(a),I,C,0.2289,0.1626,10.5,2
121(a),I,D,-2.601,0.4795,7,2
121(a),I,E,-0.6874,0.7966,15,2
121(a),I,F,-2.292,0.1555,11,2
121(a),I,G,-0.7257,1.722,6.5,2
121(a),I,H,-2.768,0.0795,11.5,2
121(a),I,I,0,0,,2
121(a),I,K,-1.507,0.494,12,2
121(a),I,L,1.283,1.191,12,2
121(a),I,M,0.9172,0.7858,13.5,2
121(a),I,N,-1.643,0.4485,14,2
121(a),I,P,-3.452,0,13,2
121(a),I,Q,-1.176,0.5191,6.5,2
121(a),I,R,-1.609,0.3775,10.5,2
121(a),I,S,-0.8808,0.0428,15.5,2
121(a),I,T,-1.172,0.7676,12,2
121(a),I,V,-0.00905,0.2449,27,2
121(a),I,W,-1.346,0.9594,7.5,2
121(a),I,Y,-1.684,0.6945,12.5,2
121(b),T,-,-2.779,1.333,376.5,2
121(b),T,A,-0.7748,1.193,15,2
121(b),T,C,-0.7437,0.1282,20,2
121(b),T,D,0.174,1.343,9.5,2
121(b),T,E,-0.4121,0.4921,11.5,2
121(b),T,F,1.243,0.4889,9,2
121(b),T,G,-1.837,0.7,8,2
121(b),T,H,0.03795,0.9206,9.5,2
121(b),T,I,-0.9695,0.1785,28.5,2
121(b),T,K,-0.5354,0.3125,11.5,2
121(b),T,L,-1.135,0.464,4.5,2
121(b),T,M,-0.7077,0.6373,9,2
121(b),T,N,-1.514,1.091,10.5,2
121(b),T,P,-2.597,0.048,12.5,2
121(b),T,Q,-0.264,1.056,9.5,2
121(b),T,R,-0.03545,0.3781,9.5,2
121(b),T,S,0.3678,0.3451,13.5,2
121(b),T,T,0,0,,2
121(b),T,V,1.141,0.6596,14,2
121(b),T,W,1.182,0.7624,9,2
121(b),T,Y,0.2122,0.3213,13,2
122(a),T,-,-2.078,0.302,5,2
122(a),T,A,-0.761,0.304,19,2
122(a),T,C,0.4792,0.4316,11,2
122(a),T,D,-1.423,0.279,9.5,2
122(a),T,E,-0.6601,0.3158,12,2
122(a),T,F,0.2472,1.161,11,2
122(a),T,G,0.1609,1.071,10.5,2
122(a),T,H,0.4342,1.001,9,2
122(a),T,I,-0.666,0.1552,17.5,2
122(a),T,K,1.365,0.3085,8.5,2
122(a),T,L,-0.2235,0.4161,12.5,2
122(a),T,M,-0.5563,0.7237,14.5,2
122(a),T,N,-0.5221,0.8489,15.5,2
122(a),T,P,-2.288,0.104,12.5,2
122(a),T,Q,0.3383,0.2302,9.5,2
122(a),T,R,1.928,1.245,11,2
122(a),T,S,-0.8144,0.2396,7,2
122(a),T,T,0,0,,2
122(a),T,V,1.557,0.6626,11,2
122(a),T,W,-1.155,0.3944,9.5,2
122(a),T,Y,-1.662,0.347,8,2
122(b),G,-,-3.213,1.357,377,2
122(b),G,A,-1.154,0.3067,12.5,2
122(b),G,C,-0.461,0.08095,17,2
122(b),G,D,-0.4727,0.07635,29.5,2
122(b),G,E,-0.8489,0.4231,7,2
122(b),G,F,0.03395,0.5519,11,2
122(b),G,G,0,0,,2
122(b),G,H,0.6586,0.7114,12.5,2
122(b),G,I,-2.351,0.121,12.5,2
122(b),G,K,-0.5257,0.0762,16,2
122(b),G,L,-0.4937,0.3215,5.5,2
122(b),G,M,1.171,1.801,7,2
122(b),G,N,-1.328,0.264,7,2
122(b),G,P,-1.781,0.6375,10.5,2
122(b),G,Q,-0.8905,0.9075,10.5,2
122(b),G,R,1.185,0.096,13.5,2
122(b),G,S,-0.0869,0.5564,20,2
122(b),G,T,-1.239,1.055,9.5,2
122(b),G,V,-2.446,0.0155,12.5,2
122(b),G,W,-1.133,0.028,12,2
122(b),G,Y,-1.299,0.9082,6,2
123(a),I,-,-1.601,0.8335,4.5,2
123(a),I,A,-0.7522,0.6517,8.5,2
123(a),I,C,-3.12,0.1695,8,2
123(a),I,D,-2.33,0.5495,5.5,2
123(a),I,E,-1.358,0.6638,12,2
123(a),I,F,1,1.732,17.5,2
123(a),I,G,-1.036,0.1341,12.5,2
123(a),I,H,0.7409,1.157,9,2
123(a),I,I,0,0,,2
123(a),I,K,-1.319,0.2175,15,2
123(a),I,L,-0.4651,0.5346,13.5,2
123(a),I,M,-0.5287,0.6552,11.5,2
123(a),I,N,-1.798,0.3095,8.5,2
123(a),I,P,-1.97,0.1345,9.5,2
123(a),I,Q,-1.366,0.249,10,2
123(a),I,R,0.1175,2.625,8,2
123(a),I,S,-1.704,0.4485,9.5,2
123(a),I,T,-1.488,0.5453,13,2
123(a),I,V,-0.9475,0.2895,22.5,2
123(a),I,W,-1.619,0.9399,10.5,2
123(a),I,Y,-0.5814,0.3707,7,2
123(b),F,-,-3.104,1.45,377.5,2
123(b),F,A,0.4666,1.197,9.5,2
123(b),F,C,-1.065,0.7275,8.5,2
123(b),F,D,-3.083,0.031,6.5,2
123(b),F,E,-2.479,0.39,7.5,2
123(b),F,F,0,0,,2
123(b),F,G,-1.93,0.027,8.5,2
123(b),F,H,-0.3647,1.354,5.5,2
123(b),F,I,-0.3975,1.761,11.5,2
123(b),F,K,-4.621,0,5.5,2
123(b),F,L,-1.911,0.4115,23,2
123(b),F,M,0.3373,0.1546,7,2
123(b),F,N,-2.27,0.599,8.5,2
123(b),F,P,-3.471,0,9,2
123(b),F,Q,-1.857,0.2595,9,2
123(b),F,R,-4.343,0,7.5,2
123(b),F,S,-1.492,0.5511,10,2
123(b),F,T,-0.4903,0.3778,9,2
123(b),F,V,-0.5248,0.5592,8.5,2
123(b),F,W,-0.9457,0.6752,12,2
123(b),F,Y,-1.373,0.5706,12,2
124(a),T,-,-0.1556,0.2876,4,2
124(a),T,A,0.6769,0.06255,18,2
124(a),T,C,-0.5806,0.1061,14,2
124(a),T,D,-0.5988,0.4532,9,2
124(a),T,E,-0.6639,0.1057,11,2
124(a),T,F,0.315,1.321,5,2
124(a),T,G,0.4432,0.2877,10.5,2
124(a),T,H,-0.6351,0.1826,11.5,2
124(a),T,I,-1.002,0.6381,17.5,2
124(a),T,K,0.208,0.94,10,2
124(a),T,L,0.6595,0.7385,9.5,2
124(a),T,M,-0.1298,0.3962,7.5,2
124(a),T,N,-0.8338,0.3412,10,2
124(a),T,P,-3.471,0,14,2
124(a),T,Q,-0.2979,0.05145,14,2
124(a),T,R,1.007,0.2831,7,2
124(a),T,S,-1.223,0.4088,11.5,2
124(a),T,T,0,0,,2
124(a),T,V,0.7844,1.066,11.5,2
124(a),T,W,1.303,0.7304,9.5,2
124(a),T,Y,-0.0325,1.137,9.5,2
124(b),Y,*,-6.821,0,1.5,2
124(b),Y,-,-0.71,0.4009,377.5,2
124(b),Y,A,-2.703,0.3185,7,2
124(b),Y,C,-1.861,0.0055,12,2
124(b),Y,D,-3.758,0,9,2
124(b),Y,E,-3.665,0,7,2
124(b),Y,F,-0.1021,0.7138,12.5,2
124(b),Y,G,-2.929,0.1835,12,2
124(b),Y,H,-0.05095,1.015,10,2
124(b),Y,I,-3.143,0.068,6,2
124(b),Y,K,-3.698,0,13,2
124(b),Y,L,-0.9694,0.3006,12.5,2
124(b),Y,M,-1.849,0.481,9.5,2
124(b),Y,N,-1.741,0.261,12.5,2
124(b),Y,P,-4.299,0,8,2
124(b),Y,Q,-1.694,0.4725,12.5,2
124(b),Y,R,-2.548,0.149,6,2
124(b),Y,S,-2.892,0.406,11.5,2
124(b),Y,T,-2.668,0.361,10.5,2
124(b),Y,V,-3.033,0.2025,4,2
124(b),Y,W,-2.545,0.198,9.5,2
124(b),Y,Y,0,0,,2
125(a),W,*,-7.231,0,16,2
125(a),W,-,-3.812,0,5.5,2
125(a),W,A,-2.856,0.0775,14,2
125(a),W,C,-4.644,0,11.5,2
125(a),W,D,-10.32,0,6,2
125(a),W,E,-4.733,0,10.5,2
125(a),W,F,-0.3571,1.292,9.5,2
125(a),W,G,-4.535,0,11,2
125(a),W,H,0.074,1.177,8.5,2
125(a),W,I,-0.5691,0.763,10,2
125(a),W,K,-7.926,0,6,2
125(a),W,L,-1.317,0.1425,14.5,2
125(a),W,M,-0.8742,0.4518,6,2
125(a),W,N,-2.187,0.007,11,2
125(a),W,P,-2.197,0.0645,6.5,2
125(a),W,Q,-1.448,0.3875,8,2
125(a),W,R,-1.127,0.9957,7.5,2
125(a),W,S,-3.461,0,7.5,2
125(a),W,T,-2.075,0.3725,6.5,2
125(a),W,V,-0.6132,0.4517,8,2
125(a),W,W,0,0,,2
125(a),W,Y,-1.754,0.016,9.5,2
125(b),P,-,-0.2389,0.6298,378,2
125(b),P,A,-1.881,0.528,12,2
125(b),P,C,-1.238,0.0445,16,2
125(b),P,D,-1.696,0.4105,9.5,2
125(b),P,E,-0.1035,1.169,7.5,2
125(b),P,F,-1.966,0.0975,13,2
125(b),P,G,-1.801,0.0805,8.5,2
125(b),P,H,0.4556,0.1642,11.5,2
125(b),P,I,-2.051,0.021,9.5,2
125(b),P,K,-1.595,0.0125,8.5,2
125(b),P,L,-1.427,0.0625,15.5,2
125(b),P,M,-0.6201,1.214,6.5,2
125(b),P,N,-0.961,1.036,7,2
125(b),P,P,0,0,,2
125(b),P,Q,0.2875,1.404,8,2
125(b),P,R,-2.012,0.676,6,2
125(b),P,S,-2.131,0.1765,13.5,2
125(b),P,T,-1.433,0.0015,7,2
125(b),P,V,-1.892,0.514,13.5,2
125(b),P,W,-1.756,0.5505,8,2
125(b),P,Y,-1.829,0.4935,9.5,2
126(a),M,-,-1.648,1.447,5.5,2
126(a),M,A,1.427,0.4799,8,2
126(a),M,C,-0.8278,0.3051,12,2
126(a),M,D,0.512,0.4281,5,2
126(a),M,E,-0.7076,0.1972,10.5,2
126(a),M,F,-0.2365,1.296,13,2
126(a),M,G,-0.2986,0.2047,7.5,2
126(a),M,H,-1.018,0.3785,9.5,2
126(a),M,I,0.05152,0.03896,55.5,2
126(a),M,K,-0.3318,0.1192,11,2
126(a),M,L,-0.8912,0.3998,13.5,2
126(a),M,M,0,0,,2
126(a),M,N,0.7901,0.5699,6.5,2
126(a),M,P,-7.897,0,8.5,2
126(a),M,Q,-1.026,0.8411,10.5,2
126(a),M,R,-0.9867,0.8163,12,2
126(a),M,S,0.4427,0.6553,11.5,2
126(a),M,T,-0.0776,0.4543,17.5,2
126(a),M,V,-0.1696,0.1516,17.5,2
126(a),M,W,0.4048,0.0674,7.5,2
126(a),M,Y,0.04175,0.2908,9.5,2
126(b),A,*,0.06048,0,0.5,1
126(b),A,-,-2.807,1.293,378.5,2
126(b),A,A,0,0,,2
126(b),A,C,0.4342,0.6908,9.5,2
126(b),A,D,-0.972,0.903,12.5,2
126(b),A,E,-1.486,0.6589,8.5,2
126(b),A,F,1.137,0.5222,4.5,2
126(b),A,G,-0.3521,0.77,9.5,2
126(b),A,H,-0.2491,0.3581,8.5,2
126(b),A,I,0.73,1.124,11,2
126(b),A,K,-0.0052,0.5496,8.5,2
126(b),A,L,-0.09265,0.4083,12,2
126(b),A,M,-0.9262,1.5,5,2
126(b),A,N,-0.9041,0.04835,9,2
126(b),A,P,0.1091,0.3663,8.5,2
126(b),A,Q,-1.391,0.562,8,2
126(b),A,R,-0.9834,1.234,6.5,2
126(b),A,S,-0.4379,0.5522,11.5,2
126(b),A,T,0.1433,0.375,40.5,2
126(b),A,V,-0.1405,0.2942,20,2
126(b),A,W,0.8024,1.164,12,2
126(b),A,Y,-0.115,1.701,6,2
127(a),K,*,-8.535,0,1,1
127(a),K,-,-1.865,1.324,6.5,2
127(a),K,A,-0.9273,1.499,11,2
127(a),K,C,0.8631,0.022,9.5,2
127(a),K,D,-0.62,1.62,11,2
127(a),K,E,-0.6219,0.8312,13,2
127(a),K,F,0.0805,1.81,14.5,2
127(a),K,G,-1.025,0.4656,14,2
127(a),K,H,-1.035,0.2933,11.5,2
127(a),K,I,-0.1699,0.04465,10,2
127(a),K,K,0,0,,2
127(a),K,L,-1.422,0.5537,8,2
127(a),K,M,-0.2397,0.1868,13.5,2
127(a),K,N,-0.8337,0.6803,9,2
127(a),K,P,-3.767,0,11.5,2
127(a),K,Q,-0.5553,0.00595,8.5,2
127(a),K,R,0.06595,0.4274,12,2
127(a),K,S,-0.1707,0.7613,6.5,2
127(a),K,T,0.2895,0.1422,12,2
127(a),K,V,0.358,1.441,15,2
127(a),K,W,-0.9319,1.078,9,2
127(a),K,Y,-0.7331,0.3999,16.5,2
127(b),D,-,-1.653,1.097,378,2
127(b),D,A,-0.2069,0.3043,14,2
127(b),D,C,0.0515,1.248,9,2
127(b),D,D,0,0,,2
127(b),D,E,0.7637,0.4593,10,2
127(b),D,F,1.256,0.4975,7.5,2
127(b),D,G,-0.5566,0.0429,9,2
127(b),D,H,-0.0055,0.1696,12.5,2
127(b),D,I,-0.04435,0.6837,11,2
127(b),D,K,0.4514,0.2972,8.5,2
127(b),D,L,0.03705,1.021,8,2
127(b),D,M,-0.1208,0.6167,7.5,2
127(b),D,N,0.113,0.2086,67.5,2
127(b),D,P,0.7372,0.0852,6.5,2
127(b),D,Q,-1.283,1.383,4.5,2
127(b),D,R,-1.498,0.4905,12.5,2
127(b),D,S,-0.4639,0.7601,7,2
127(b),D,T,1.675,0.5495,10.5,2
127(b),D,V,0.2243,0.2706,11,2
127(b),D,W,0.1699,0.4617,5,2
127(b),D,Y,0.1875,1.683,13.5,2
128(a),N,-,-0.5891,0.1429,5,2
128(a),N,A,0.7411,0.6429,8,2
128(a),N,C,-0.8907,0.4603,13,2
128(a),N,D,0.0236,0.9964,8.5,2
128(a),N,E,-0.08871,0.1563,16,2
128(a),N,F,1.71,1.121,8.5,2
128(a),N,G,-1.292,0.053,12,2
128(a),N,H,-1.19,1.017,12.5,2
128(a),N,I,0.2488,0.9662,9.5,2
128(a),N,K,0.0545,1.607,17,2
128(a),N,L,-0.844,0.909,11,2
128(a),N,M,0.7086,1.127,13,2
128(a),N,N,0,0,,2
128(a),N,P,-3.101,0.05,14.5,2
128(a),N,Q,0.1944,0.8926,7.5,2
128(a),N,R,1.341,0.4596,12.5,2
128(a),N,S,-0.655,0.717,16,2
128(a),N,T,-1.615,0.5765,13,2
128(a),N,V,0.7797,0.9503,16.5,2
128(a),N,W,-1.432,0.3155,9,2
128(a),N,Y,-0.1542,0.316,11.5,2
128(b),I,-,-1.076,0.1022,378,2
128(b),I,A,0.2314,0.7023,9,2
128(b),I,C,-1.718,0.465,11.5,2
128(b),I,D,-3.443,0,13,2
128(b),I,E,-2.958,0.1415,11,2
128(b),I,F,-1.021,0.02875,13,2
128(b),I,G,-0.6353,0.03375,6,2
128(b),I,H,-0.2377,0.3389,7.5,2
128(b),I,I,0,0,,2
128(b),I,K,-3.127,0.0235,11,2
128(b),I,L,-0.2103,0.3648,13,2
128(b),I,M,0.02945,0.7027,9,2
128(b),I,N,-1.939,0.169,7.5,2
128(b),I,P,-1.172,0.073,10,2
128(b),I,Q,-1.329,0.2695,17,2
128(b),I,R,-2.521,0.507,15.5,2
128(b),I,S,-1.788,0.0715,5.5,2
128(b),I,T,-0.9375,0.8175,12.5,2
128(b),I,V,0.3556,0.6925,8.5,2
128(b),I,W,-0.05075,0.1562,11,2
128(b),I,Y,-0.1839,0.08492,9.5,2
129(a),G,-,-0.5721,0.2538,5,2
129(a),G,A,-0.2752,0.9008,12,2
129(a),G,C,-0.9517,0.05625,17,2
129(a),G,D,-0.3773,0.071,24,2
129(a),G,E,-0.209,1.51,9,2
129(a),G,F,-0.8515,0.6654,13,2
129(a),G,G,0,0,,2
129(a),G,H,1.994,0.0785,9,2
129(a),G,I,-0.8933,1.508,9,2
129(a),G,K,0.3113,0.8207,7,2
129(a),G,L,-0.4096,0.7163,8.5,2
129(a),G,M,-0.1973,1.175,7.5,2
129(a),G,N,0.7378,0.7202,10.5,2
129(a),G,P,-4.144,0,9,2
129(a),G,Q,0.128,0.2295,11,2
129(a),G,R,-0.1161,0.5143,11,2
129(a),G,S,-0.7779,0.007,11.5,2
129(a),G,T,-0.2162,0.6648,5.5,2
129(a),G,V,-1.627,0.6305,21.5,2
129(a),G,W,-0.1853,0.0212,9.5,2
129(a),G,Y,1.543,0.0205,7.5,2
129(b),Q,*,-6.123,0,6,2
129(b),Q,-,-1.57,0.6234,379.5,2
129(b),Q,A,0.4687,0.8414,12,2
129(b),Q,C,-0.6373,0.0061,9,2
129(b),Q,D,1.295,0.6737,8,2
129(b),Q,E,-1.431,1.097,9.5,2
129(b),Q,F,0.5184,0.7267,10.5,2
129(b),Q,G,-0.5877,1.055,7,2
129(b),Q,H,-0.467,0.1798,18,2
129(b),Q,I,0.6854,0.1948,16,2
129(b),Q,K,-1.723,0.451,18.5,2
129(b),Q,L,0.2762,0.3265,13,2
129(b),Q,M,-0.3624,0.3097,9.5,2
129(b),Q,N,-1.19,0.3642,10.5,2
129(b),Q,P,-2.136,0.489,18,2
129(b),Q,Q,0,0,,2
129(b),Q,R,-0.5918,0.3023,18,2
129(b),Q,S,-0.3117,0.6088,15,2
129(b),Q,T,1.031,0.7343,10.5,2
129(b),Q,V,-0.1953,0.02145,10,2
129(b),Q,W,1.182,0.3326,4.5,2
129(b),Q,Y,-0.0658,0.6137,9.5,2
13(T2A),G,-,-0.9644,0.6207,3,2
13(T2A),G,C,-0.597,0,0.5,1
13(T2A),G,D,-3.058,0.343,6,2
13(T2A),G,G,0,0,,2
13(T2A),G,R,-2.811,0,0.5,1
13(T2A),G,S,-2.638,0.33,5,2
13(T2A),G,V,-1.499,1.212,1,2
13(a),Y,*,-7.62,0,9.5,2
13(a),Y,-,-0.1316,0,0.5,1
13(a),Y,A,-1.026,0.2546,6.5,2
13(a),Y,C,-2.348,0.2155,14.5,2
13(a),Y,D,-8.883,0,7,2
13(a),Y,E,-4.14,0,11,2
13(a),Y,F,-1.242,1.353,7.5,2
13(a),Y,G,-4.784,0,5,2
13(a),Y,H,-1.848,0.54,11.5,2
13(a),Y,I,-2.247,0.2415,4.5,2
13(a),Y,K,-3.906,0,6,2
13(a),Y,L,-2.996,0.231,8.5,2
13(a),Y,M,-1.375,0.1615,8.5,2
13(a),Y,N,-3.773,0,12,2
13(a),Y,P,-9.169,0,10,2
13(a),Y,Q,-3.041,0.1475,8,2
13(a),Y,R,-3.213,0.1445,6,2
13(a),Y,S,-2.237,0.1565,9,2
13(a),Y,T,-0.6991,0.8298,8,2
13(a),Y,V,-1.266,0.3708,7,2
13(a),Y,W,-2.099,0.536,5.5,2
13(a),Y,Y,0,0,,2
13(b),V,-,-1.839,1.687,1.5,2
13(b),V,A,-1.498,0.292,12.5,2
13(b),V,C,-1.107,0.864,10.5,2
13(b),V,D,-4.976,0,13.5,2
13(b),V,E,-3.944,0,12.5,2
13(b),V,F,-2.095,0.2085,8.5,2
13(b),V,G,-4.006,0,11.5,2
13(b),V,H,-2.74,0.01,9,2
13(b),V,I,-1.676,0.9441,6.5,2
13(b),V,K,-3.381,0,16,2
13(b),V,L,-2.357,0.2535,19,2
13(b),V,M,-1.474,0.4315,11.5,2
13(b),V,N,-3.024,0,7.5,2
13(b),V,P,-7.745,0,8,2
13(b),V,Q,-3.301,0,11.5,2
13(b),V,R,-4.085,0,11.5,2
13(b),V,S,-1.328,0.4177,5.5,2
13(b),V,T,-0.9193,0.3757,12,2
13(b),V,V,0,0,,2
13(b),V,W,-2.789,0.1835,8.5,2
13(b),V,Y,-2.395,0.158,11.5,2
130(a),Q,*,-8.182,0,4.5,2
130(a),Q,-,-0.2483,0.4215,5,2
130(a),Q,A,-0.05556,0.03605,13.5,2
130(a),Q,C,0.8673,0.6127,12,2
130(a),Q,D,-1.152,0.4163,11,2
130(a),Q,E,-1.873,0.044,9.5,2
130(a),Q,F,1.183,0.2337,6.5,2
130(a),Q,G,-1.038,0.7401,9,2
130(a),Q,H,-0.4935,0.4373,16,2
130(a),Q,I,1.32,0.0465,14.5,2
130(a),Q,K,-0.5546,1.2,11.5,2
130(a),Q,L,0.09165,0.5761,13.5,2
130(a),Q,M,0.7828,0.8382,13,2
130(a),Q,N,-0.1924,0.4455,8.5,2
130(a),Q,P,-2.009,0.686,12,2
130(a),Q,Q,0,0,,2
130(a),Q,R,0.9234,0.5046,11,2
130(a),Q,S,2.489,0.0525,14,2
130(a),Q,T,0.1195,1.244,10.5,2
130(a),Q,V,0.1807,0.2107,15.5,2
130(a),Q,W,0.8895,2.316,12.5,2
130(a),Q,Y,0.1867,0.3392,14.5,2
130(b),V,-,-0.9821,1.632,6.5,2
130(b),V,A,-1.15,1.182,13,2
130(b),V,C,-1.961,0.544,5.5,2
130(b),V,D,-8.125,0,13.5,2
130(b),V,E,-8.479,0,14.5,2
130(b),V,F,0.328,1.295,18,2
130(b),V,G,-2.854,0.146,11,2
130(b),V,H,-3.302,0,11,2
130(b),V,I,1.506,0.0405,12.5,2
130(b),V,K,-5.064,0,7.5,2
130(b),V,L,-0.01285,0.8413,17,2
130(b),V,M,-0.9685,0.1835,23,2
130(b),V,N,-3.889,0,10.5,2
130(b),V,P,-1.986,0.4835,13,2
130(b),V,Q,-2.608,0.31,9,2
130(b),V,R,-5.096,0,10.5,2
130(b),V,S,-2.458,0.0105,12.5,2
130(b),V,T,-1.524,0.7447,7,2
130(b),V,V,0,0,,2
130(b),V,W,-1.186,0.9371,11.5,2
130(b),V,Y,-0.977,0.406,7,2
131(a),E,*,-7.916,0,5,2
131(a),E,-,-0.4833,0.2628,5,2
131(a),E,A,1.948,0.2575,11.5,2
131(a),E,C,0.4426,0.1874,12,2
131(a),E,D,0.2925,1.407,17,2
131(a),E,E,0,0,,2
131(a),E,F,-0.8427,0.8753,11,2
131(a),E,G,0.0559,0.1905,22.5,2
131(a),E,H,-0.1012,0.1745,16.5,2
131(a),E,I,0.5422,1.091,14,2
131(a),E,K,1.06,1.368,21,2
131(a),E,L,1.048,0.855,12,2
131(a),E,M,-0.3553,0.2056,17,2
131(a),E,N,-0.753,0.901,9.5,2
131(a),E,P,-0.087,0.5285,9.5,2
131(a),E,Q,0.8106,0.8304,13,2
131(a),E,R,1.119,1.365,12.5,2
131(a),E,S,0.2814,0.7646,8.5,2
131(a),E,T,0.5494,1.133,12.5,2
131(a),E,V,1.578,0.168,10.5,2
131(a),E,W,-0.03059,0.02588,8,2
131(a),E,Y,0.2869,0.5838,11,2
131(b),K,*,-6.9,0,2,2
131(b),K,-,-2.019,0.426,7,2
131(b),K,A,0.5809,0.0985,8,2
131(b),K,C,-0.6372,0.5958,11,2
131(b),K,D,0.6405,1.863,12.5,2
131(b),K,E,-0.9836,0.07735,15.5,2
131(b),K,F,1.183,0.9364,6.5,2
131(b),K,G,0.175,1.321,7.5,2
131(b),K,H,0.573,1.503,13,2
131(b),K,I,-1.178,0.7028,8,2
131(b),K,K,0,0,,2
131(b),K,L,0.7121,0.5888,7.5,2
131(b),K,M,-0.5683,0.05535,10,2
131(b),K,N,0.2415,0.3873,15,2
131(b),K,P,-4.726,0,13,2
131(b),K,Q,-0.4835,1.681,10,2
131(b),K,R,0.8287,0.3393,9,2
131(b),K,S,0.1645,0.0136,10.5,2
131(b),K,T,-1.142,0.163,11.5,2
131(b),K,V,-0.4644,0.4433,10,2
131(b),K,W,1.345,1.079,12.5,2
131(b),K,Y,-0.5901,0.3473,10.5,2
132(a),V,-,-0.455,0.1859,5,2
132(a),V,A,1.268,1.719,13.5,2
132(a),V,C,0.6745,0.7365,10.5,2
132(a),V,D,0.3117,0.6596,11,2
132(a),V,E,-0.1784,0.5068,13.5,2
132(a),V,F,1.442,0.5884,8,2
132(a),V,G,-1.017,0.393,12,2
132(a),V,H,1.176,1.145,12,2
132(a),V,I,-0.08305,0.2026,9,2
132(a),V,K,1.199,0.74,8.5,2
132(a),V,L,-0.2661,0.3526,13,2
132(a),V,M,-0.2493,0.8937,21,2
132(a),V,N,-0.8279,0.2031,8.5,2
132(a),V,P,-1.543,0.2955,9,2
132(a),V,Q,1.387,0.5782,11.5,2
132(a),V,R,0.8387,1.163,11.5,2
132(a),V,S,1.529,0.47,7,2
132(a),V,T,-0.0243,0.6,10,2
132(a),V,V,0,0,,2
132(a),V,W,0.8255,0.9215,11.5,2
132(a),V,Y,-1.729,0.6865,6,2
132(b),W,*,-7.471,0,16.5,2
132(b),W,-,-1.748,0.2805,7.5,2
132(b),W,A,-2.171,0.5735,10,2
132(b),W,C,-3.819,0,10.5,2
132(b),W,D,-12.46,0,9.5,2
132(b),W,E,-6.143,0,13,2
132(b),W,F,1.069,0.7808,10,2
132(b),W,G,-4.375,0,7.5,2
132(b),W,H,-3.149,0.0885,6,2
132(b),W,I,-0.6136,0.2335,9.5,2
132(b),W,K,-13.73,0,6,2
132(b),W,L,-0.7544,0.7736,13.5,2
132(b),W,M,-1.183,0.7179,9.5,2
132(b),W,N,-4.612,0,4.5,2
132(b),W,P,-3.867,0,10.5,2
132(b),W,Q,-3.313,0.0075,6,2
132(b),W,R,-8.276,0,9.5,2
132(b),W,S,-4.239,0,8,2
132(b),W,T,-2.501,0.153,6.5,2
132(b),W,V,-1.927,0.202,10,2
132(b),W,W,0,0,,2
132(b),W,Y,-0.9149,0.0272,11.5,2
133(a),T,-,-0.1307,0.1635,5.5,2
133(a),T,A,0.5857,0.8903,15.5,2
133(a),T,C,-0.3814,1.249,14,2
133(a),T,D,0.2863,1.235,10.5,2
133(a),T,E,-0.5771,0.7049,13,2
133(a),T,F,-0.9174,0.2185,10,2
133(a),T,G,0.6248,0.7182,10,2
133(a),T,H,-0.6459,1.437,7,2
133(a),T,I,-0.6227,0.8843,17.5,2
133(a),T,K,1.131,0.7888,15.5,2
133(a),T,L,-1.479,0.157,8,2
133(a),T,M,0.5388,0.3224,10,2
133(a),T,N,-0.2363,0.4718,13.5,2
133(a),T,P,-1.24,0.1855,12.5,2
133(a),T,Q,-1.446,0.1215,11,2
133(a),T,R,-0.9241,0.9729,10.5,2
133(a),T,S,0.8441,1.472,11,2
133(a),T,T,0,0,,2
133(a),T,V,0.4605,2.175,3,2
133(a),T,W,1.106,1.098,13.5,2
133(a),T,Y,-0.2392,0.00255,11.5,2
133(b),F,-,0.8556,0.9874,7,2
133(b),F,A,-0.5946,0.0345,6.5,2
133(b),F,C,-0.5079,0.1547,7.5,2
133(b),F,D,-1.625,0.574,8.5,2
133(b),F,E,0.9391,1.823,9,2
133(b),F,F,0,0,,2
133(b),F,G,-1.369,0.0985,14,2
133(b),F,H,-0.3408,0.6356,7,2
133(b),F,I,-0.46,1.165,13.5,2
133(b),F,K,-0.3321,0.3589,11.5,2
133(b),F,L,2.117,0.7595,9,2
133(b),F,M,-0.6016,1.187,11.5,2
133(b),F,N,-0.242,1.551,10,2
133(b),F,P,-8.863,0,14.5,2
133(b),F,Q,-1.548,0.2365,8.5,2
133(b),F,R,-0.8458,0.3022,11,2
133(b),F,S,0.07635,0.7627,7,2
133(b),F,T,1.616,0.279,8.5,2
133(b),F,V,-0.1584,0.3708,8.5,2
133(b),F,W,-0.2718,0.3483,7.5,2
133(b),F,Y,0.702,1.21,5,2
134(a),E,*,-7.252,0,2,2
134(a),E,-,-1.158,1.101,7.5,2
134(a),E,A,0.5806,0.1599,9.5,2
134(a),E,C,-0.2589,0.02395,11,2
134(a),E,D,-0.2299,0.6568,17,2
134(a),E,E,0,0,,2
134(a),E,F,0.808,0.862,10.5,2
134(a),E,G,-0.8054,0.01975,15.5,2
134(a),E,H,-0.1987,0.0006,10,2
134(a),E,I,0.1414,0.1556,21.5,2
134(a),E,K,-0.2013,0.09375,30.5,2
134(a),E,L,-0.04829,0.05651,13.5,2
134(a),E,M,-0.164,1.082,14,2
134(a),E,N,-1.006,0.478,11,2
134(a),E,P,0.1678,0.1143,8.5,2
134(a),E,Q,-0.2824,0.4117,17.5,2
134(a),E,R,0.3347,0.9534,7.5,2
134(a),E,S,-0.3768,1.354,12.5,2
134(a),E,T,0.3297,0.9163,10.5,2
134(a),E,V,1.185,1.744,11,2
134(a),E,W,-1.572,0.166,11,2
134(a),E,Y,-0.4767,0.5894,11.5,2
134(b),K,*,-9.678,0,1,1
134(b),K,-,-0.8656,0.6693,8,2
134(b),K,A,0.7165,0.8785,10.5,2
134(b),K,C,-0.04735,0.3538,8.5,2
134(b),K,D,-1.929,0.21,12,2
134(b),K,E,0.4615,0.3336,11,2
134(b),K,F,-0.358,1.845,10.5,2
134(b),K,G,-0.417,1.173,12.5,2
134(b),K,H,-0.1615,0.9715,10,2
134(b),K,I,0.9953,0.0067,4.5,2
134(b),K,K,0,0,,2
134(b),K,L,0.5732,0.9748,9,2
134(b),K,M,-1.263,0.4673,11.5,2
134(b),K,N,-0.6611,0.2874,15.5,2
134(b),K,P,-3.177,0,18,2
134(b),K,Q,1.296,0.7142,9,2
134(b),K,R,0.3876,0.0308,20.5,2
134(b),K,S,-0.2962,0.8869,10.5,2
134(b),K,T,-0.4469,0.1352,15.5,2
134(b),K,V,1.382,0.7802,6.5,2
134(b),K,W,-1.205,0.2564,6.5,2
134(b),K,Y,-0.4985,1.349,6,2
135(a),G,*,-7.415,0,7.5,2
135(a),G,-,-1.457,0.8065,7.5,2
135(a),G,A,0.1167,0.8953,6.5,2
135(a),G,C,-0.4859,0.3851,11,2
135(a),G,D,-0.2746,0.06615,7,2
135(a),G,E,-0.5718,0.2763,24,2
135(a),G,F,-0.76,0.668,10.5,2
135(a),G,G,0,0,,2
135(a),G,H,0.3675,1.817,9,2
135(a),G,I,0.747,1.833,11,2
135(a),G,K,0.4925,0.7325,14,2
135(a),G,L,-0.7879,0.305,7.5,2
135(a),G,M,-1.324,0.5838,15.5,2
135(a),G,N,0.6216,0.06115,14.5,2
135(a),G,P,-0.9555,0.5826,12.5,2
135(a),G,Q,0.6333,1.593,11,2
135(a),G,R,-0.1751,0.2961,34,2
135(a),G,S,-1.005,0.635,8.5,2
135(a),G,T,1.213,1.408,15,2
135(a),G,V,0.1018,0.1956,13,2
135(a),G,W,-1.586,0.2275,13,2
135(a),G,Y,-1.655,0.241,10,2
135(b),N,-,-1.838,1.358,6.5,2
135(b),N,A,-0.3085,0.5587,6,2
135(b),N,C,-0.2983,0.4177,8,2
135(b),N,D,-0.3627,0.7743,16,2
135(b),N,E,0.1645,1.68,10.5,2
135(b),N,F,0.476,0.9,9.5,2
135(b),N,G,-0.3408,0.2049,9.5,2
135(b),N,H,-1.405,0.5914,10,2
135(b),N,I,-1.442,0.8502,8,2
135(b),N,K,1.078,1.442,16.5,2
135(b),N,L,-0.7823,0.5537,8,2
135(b),N,M,-0.5948,1.136,10.5,2
135(b),N,N,0,0,,2
135(b),N,P,-3.328,0,10.5,2
135(b),N,Q,-0.0515,1.082,6,2
135(b),N,R,-0.9018,1.206,11,2
135(b),N,S,-1.134,0.5229,7,2
135(b),N,T,-0.1998,0.3061,16,2
135(b),N,V,-1.57,0.0975,9.5,2
135(b),N,W,-1.7,0.018,9.5,2
135(b),N,Y,-1.964,0.305,10.5,2
136(a),V,-,-1.503,0.6723,8,2
136(a),V,A,0.516,0.579,11.5,2
136(a),V,C,-0.6611,0.8369,9.5,2
136(a),V,D,-2.492,0.313,6.5,2
136(a),V,E,-0.6255,0.6935,9,2
136(a),V,F,-0.8923,1.002,14.5,2
136(a),V,G,0.2495,0.2191,8.5,2
136(a),V,H,-0.2793,0.1623,13,2
136(a),V,I,-0.1305,0.745,7.5,2
136(a),V,K,-0.152,0.8346,7.5,2
136(a),V,L,-0.4287,0.7903,15.5,2
136(a),V,M,-0.6466,0.5234,22,2
136(a),V,N,-1.555,0.293,8,2
136(a),V,P,-1.072,0.3482,10.5,2
136(a),V,Q,-0.4081,0.2066,13.5,2
136(a),V,R,-0.8061,0.087,8,2
136(a),V,S,0.6656,0.1802,11,2
136(a),V,T,-0.9593,0.0154,9,2
136(a),V,V,0,0,,2
136(a),V,W,0.2457,0.4614,10,2
136(a),V,Y,-1.324,0.2315,13.5,2
136(b),G,-,-0.2969,0.07185,5,2
136(b),G,A,-1.407,0.5329,13,2
136(b),G,C,0.7989,1.081,16,2
136(b),G,D,-0.4809,0.2168,20,2
136(b),G,E,-0.1752,0.5708,6,2
136(b),G,F,-1.021,0.5699,8,2
136(b),G,G,0,0,,2
136(b),G,H,0.7215,0.8246,7.5,2
136(b),G,I,0.0136,0.1858,9,2
136(b),G,K,-0.7443,0.8266,9.5,2
136(b),G,L,-0.08895,0.4248,9.5,2
136(b),G,M,-0.1621,0.5851,12,2
136(b),G,N,-1.179,0.5366,11.5,2
136(b),G,P,-3.253,0,13,2
136(b),G,Q,-0.7817,0.5433,11,2
136(b),G,R,1.214,1.839,8,2
136(b),G,S,0.06379,0.1493,19.5,2
136(b),G,T,0.0115,0.6442,8,2
136(b),G,V,-2.115,0.0005,14.5,2
136(b),G,W,1.04,0.5382,11.5,2
136(b),G,Y,-1.125,0.3163,13,2
137(a),S,-,-1.716,0.28,8,2
137(a),S,A,-0.07485,0.4208,11.5,2
137(a),S,C,-1.472,0.2515,8.5,2
137(a),S,D,1.583,0.7665,13.5,2
137(a),S,E,2.484,0.1925,8.5,2
137(a),S,F,-1.851,0.6005,9,2
137(a),S,G,-2.035,0.0745,12.5,2
137(a),S,H,0.0085,0.1509,9,2
137(a),S,I,1.37,0.6578,7,2
137(a),S,K,0.9129,0.4871,10.5,2
137(a),S,L,1.405,0.4807,9,2
137(a),S,M,1.306,0.288,10,2
137(a),S,N,1.865,1.369,9,2
137(a),S,P,-0.8276,0.4044,17,2
137(a),S,Q,-0.2993,0.604,10,2
137(a),S,R,-1.423,0.263,8.5,2
137(a),S,S,0,0,,2
137(a),S,T,1.629,0.5485,13,2
137(a),S,V,0.4262,0.1925,13,2
137(a),S,W,-0.5969,1.073,12.5,2
137(a),S,Y,-0.4387,0.3288,9.5,2
137(b),Q,*,-7.463,0,6,2
137(b),Q,-,-0.1947,0.521,4,2
137(b),Q,A,0.01585,0.1169,9.5,2
137(b),Q,C,-0.4642,0.0187,14.5,2
137(b),Q,D,-0.9622,0.3658,12,2
137(b),Q,E,0.4865,1.796,11.5,2
137(b),Q,F,-0.6752,0.1301,9,2
137(b),Q,G,0.4301,1.335,10.5,2
137(b),Q,H,-0.1664,0.421,18.5,2
137(b),Q,I,-0.3487,0.5475,9.5,2
137(b),Q,K,-0.04972,0.06189,19.5,2
137(b),Q,L,0.3966,0.344,13,2
137(b),Q,M,-0.8294,0.8966,8.5,2
137(b),Q,N,0.4534,0.2793,9,2
137(b),Q,P,-2.378,0.1045,16.5,2
137(b),Q,Q,0,0,,2
137(b),Q,R,-0.1785,0.5182,16.5,2
137(b),Q,S,-0.902,0.4471,9.5,2
137(b),Q,T,-1.292,0.2315,17.5,2
137(b),Q,V,0.2139,0.1476,10.5,2
137(b),Q,W,-1.174,0.558,14.5,2
137(b),Q,Y,-1.277,0.6676,11.5,2
138(a),E,*,-8.035,0,4.5,2
138(a),E,-,-0.7289,0.0359,8,2
138(a),E,A,0.6568,1.591,11,2
138(a),E,C,-0.4441,0.0312,11.5,2
138(a),E,D,0.3125,0.3572,10.5,2
138(a),E,E,0,0,,2
138(a),E,F,0.2065,1.099,13.5,2
138(a),E,G,1.746,1.391,17,2
138(a),E,H,0.1228,0.1668,15,2
138(a),E,I,0.3358,0.0525,16,2
138(a),E,K,-0.1554,0.0086,26,2
138(a),E,L,-0.7284,0.2417,13,2
138(a),E,M,-0.5639,0.1094,7,2
138(a),E,N,1.429,0.1225,7.5,2
138(a),E,P,-1.768,0.2635,9,2
138(a),E,Q,0.7082,0.04135,12,2
138(a),E,R,1.32,0.2835,4.5,2
138(a),E,S,-1.166,0.2699,7,2
138(a),E,T,1.438,0.3555,12.5,2
138(a),E,V,0.988,0.4819,11.5,2
138(a),E,W,0.9098,1.736,13,2
138(a),E,Y,1.682,0.004,12,2
138(b),E,*,-7.29,0,6.5,2
138(b),E,-,-1.624,0.8801,5.5,2
138(b),E,A,-1.094,0.5677,13,2
138(b),E,C,-1.547,0.2515,10.5,2
138(b),E,D,0.9878,1.574,12.5,2
138(b),E,E,0,0,,2
138(b),E,F,-1.054,0.6255,11,2
138(b),E,G,-0.2536,0.9144,22,2
138(b),E,H,-0.5483,0.0563,11.5,2
138(b),E,I,-1.142,0.005,13.5,2
138(b),E,K,-1.078,0.0535,21.5,2
138(b),E,L,0.2533,0.2797,11.5,2
138(b),E,M,-0.8722,0.0501,9,2
138(b),E,N,-1.53,0.1285,14,2
138(b),E,P,-1.173,0.502,10,2
138(b),E,Q,3.655,3.07,7,2
138(b),E,R,-0.6266,0.6584,7,2
138(b),E,S,-0.7102,0.2938,12.5,2
138(b),E,T,-0.1584,0.5723,7.5,2
138(b),E,V,-0.3413,0.5972,12,2
138(b),E,W,0.5508,0.2276,11.5,2
138(b),E,Y,-0.3987,0.25,15.5,2
139(a),T,-,-0.8329,0.7451,8.5,2
139(a),T,A,-2.635,0.0635,9.5,2
139(a),T,C,-2.336,0.067,11,2
139(a),T,D,-2.058,0.718,16,2
139(a),T,E,-2.109,0.113,12.5,2
139(a),T,F,-2.184,0.266,13.5,2
139(a),T,G,-2.056,1.046,7.5,2
139(a),T,H,0.3414,0.8677,9,2
139(a),T,I,-2.725,0.056,25.5,2
139(a),T,K,-1.455,0.414,9,2
139(a),T,L,-0.878,0.471,14.5,2
139(a),T,M,-1.126,0.8326,10,2
139(a),T,N,-0.2975,0.6381,10,2
139(a),T,P,-0.0955,0.8721,12.5,2
139(a),T,Q,-1.911,0.167,11,2
139(a),T,R,-1.996,0.2465,11.5,2
139(a),T,S,-1.783,1.092,12.5,2
139(a),T,T,0,0,,2
139(a),T,V,-2.035,0.477,10,2
139(a),T,W,-1.669,0.5825,8.5,2
139(a),T,Y,-2.058,0.129,15.5,2
139(b),E,*,-11.37,0,4.5,2
139(b),E,-,-1.614,1.123,4,2
139(b),E,A,0.1184,0.6316,12,2
139(b),E,C,0.138,1.287,10.5,2
139(b),E,D,0.0058,0.8425,13,2
139(b),E,E,0,0,,2
139(b),E,F,-0.509,0.3282,9.5,2
139(b),E,G,-0.6092,1.016,8.5,2
139(b),E,H,-1.021,0.353,9.5,2
139(b),E,I,0.8361,0.4619,10,2
139(b),E,K,-0.2016,0.2781,57,2
139(b),E,L,2.269,0.815,11,2
139(b),E,M,-0.9557,1.589,6,2
139(b),E,N,-1.083,0.774,6.5,2
139(b),E,P,-1.38,0.6916,8,2
139(b),E,Q,0.7584,0.4506,10,2
139(b),E,R,-0.4323,0.7476,7.5,2
139(b),E,S,0.3376,1.237,9.5,2
139(b),E,T,-0.186,0.6245,10,2
139(b),E,V,0.5968,0.0023,13,2
139(b),E,W,-0.03025,0.9237,10,2
139(b),E,Y,0.477,0.7141,7,2
14(T2A),D,-,-0.6018,0.122,2,2
14(T2A),D,A,-2.735,0,0.5,1
14(T2A),D,D,0,0,,2
14(T2A),D,E,-3.098,0.0415,7,2
14(T2A),D,G,-2.042,0.8465,3,2
14(T2A),D,H,-1.766,1.285,2,2
14(T2A),D,N,-2.138,0.595,27,2
14(a),Q,*,-8.04,0,15.5,2
14(a),Q,-,-1.596,0,1,1
14(a),Q,A,-0.06339,0.06681,7.5,2
14(a),Q,C,-1.983,0.0745,11,2
14(a),Q,D,-1.87,0.354,9,2
14(a),Q,E,-1.512,0.6897,9.5,2
14(a),Q,F,0.2064,0.0193,6.5,2
14(a),Q,G,-2.072,0.005,7.5,2
14(a),Q,H,-0.8401,0.3289,19.5,2
14(a),Q,I,-2.903,0.318,3.5,2
14(a),Q,K,-3.822,0,9.5,2
14(a),Q,L,-0.6583,0.9997,9.5,2
14(a),Q,M,0.5929,0.7061,7.5,2
14(a),Q,N,-1.571,0.619,2.5,2
14(a),Q,P,-8.412,0,12.5,2
14(a),Q,Q,0,0,,2
14(a),Q,R,-3.122,0.1015,13.5,2
14(a),Q,S,0.5946,0.7314,5.5,2
14(a),Q,T,-1.249,0.038,7.5,2
14(a),Q,V,-2.165,0.163,5.5,2
14(a),Q,W,0.001,0.509,12.5,2
14(a),Q,Y,0.8083,0.6497,9.5,2
14(b),A,-,-0.3676,1.082,1.5,2
14(b),A,A,0,0,,2
14(b),A,C,1.502,0.0225,5,2
14(b),A,D,-0.5624,0.0674,12.5,2
14(b),A,E,-1.892,0.262,6.5,2
14(b),A,F,-2.681,0.355,8,2
14(b),A,G,1.091,0.218,6.5,2
14(b),A,H,-0.7767,0.3643,12.5,2
14(b),A,I,-0.8698,0.3373,10,2
14(b),A,K,1.164,1.18,9,2
14(b),A,L,-1.248,0.4787,13.5,2
14(b),A,M,-1.48,0.002,10,2
14(b),A,N,-0.6961,0.08725,12.5,2
14(b),A,P,-6.36,0,12,2
14(b),A,Q,-1.61,0.54,10,2
14(b),A,R,-1.007,0.2094,14,2
14(b),A,S,-0.09119,0.1092,17,2
14(b),A,T,0.7509,0.1618,20,2
14(b),A,V,-0.5838,1.246,16,2
14(b),A,W,-2.821,0.247,11.5,2
14(b),A,Y,-2.58,0.4545,10,2
140(a),V,-,-0.5333,0.1147,7.5,2
140(a),V,A,-1.607,0.339,11.5,2
140(a),V,C,-0.7716,0.05955,11,2
140(a),V,D,-1.855,0.069,11.5,2
140(a),V,E,-1.885,0.362,14,2
140(a),V,F,-0.0407,0.8703,12.5,2
140(a),V,G,-2.122,0.0685,11.5,2
140(a),V,H,-1.385,0.258,14,2
140(a),V,I,0.7856,0.4635,12,2
140(a),V,K,0.131,1.428,9.5,2
140(a),V,L,0.1021,0.2874,15.5,2
140(a),V,M,-0.1706,0.4534,32,2
140(a),V,N,0.3936,0.3717,10.5,2
140(a),V,P,-1.913,0.5635,10,2
140(a),V,Q,0.08905,0.3541,11,2
140(a),V,R,-2.203,1.025,10.5,2
140(a),V,S,-1.427,0.062,12,2
140(a),V,T,-0.5606,0.5534,19.5,2
140(a),V,V,0,0,,2
140(a),V,W,-1.817,0.527,10,2
140(a),V,Y,0.8155,1.123,11.5,2
140(b),T,-,0.9956,0.6574,3.5,2
140(b),T,A,-0.1329,0.06258,11,2
140(b),T,C,-0.3917,0.5073,11,2
140(b),T,D,0.1528,0.3592,12,2
140(b),T,E,1,0.2978,6.5,2
140(b),T,F,-0.2269,0.0544,16,2
140(b),T,G,-0.5117,0.6353,10,2
140(b),T,H,0.4637,0.3356,12,2
140(b),T,I,-0.215,0.3172,13.5,2
140(b),T,K,-0.1092,0.01729,10,2
140(b),T,L,-0.8119,0.4581,8.5,2
140(b),T,M,0.6027,0.9383,10.5,2
140(b),T,N,0.3348,0.2642,8.5,2
140(b),T,P,-0.2915,1.026,11,2
140(b),T,Q,0.3408,0.5102,10,2
140(b),T,R,-0.8436,0.2954,8,2
140(b),T,S,-0.0021,0.3379,9.5,2
140(b),T,T,0,0,,2
140(b),T,V,1.452,0.9997,11,2
140(b),T,W,-0.1444,0.3537,13,2
140(b),T,Y,-0.7759,0.114,10,2
141(a),F,-,-1.077,0.5396,8,2
141(a),F,A,-1.672,0.2415,5,2
141(a),F,C,-0.5875,1.627,11.5,2
141(a),F,D,-1.567,0.7443,10,2
141(a),F,E,-1.24,0.098,14,2
141(a),F,F,0,0,,2
141(a),F,G,-1.316,0.0915,13.5,2
141(a),F,H,-1.674,0.184,8.5,2
141(a),F,I,0.0415,1.288,13,2
141(a),F,K,-1.69,0.38,13,2
141(a),F,L,-0.9325,0.0236,8.5,2
141(a),F,M,-0.2225,1.089,10.5,2
141(a),F,N,-0.6928,0.6332,16,2
141(a),F,P,-1.427,0.0355,11,2
141(a),F,Q,-1.837,0.0375,10,2
141(a),F,R,-2.857,0.224,7,2
141(a),F,S,-1.46,0.1815,8,2
141(a),F,T,-1.269,0.6928,12,2
141(a),F,V,-1.579,0.169,11.5,2
141(a),F,W,-0.793,0.0273,14.5,2
141(a),F,Y,0.7488,1.002,10.5,2
141(b),K,*,-7.357,0,1,2
141(b),K,-,0.1746,0.4603,4.5,2
141(b),K,A,2.648,0.3325,10.5,2
141(b),K,C,0.4164,0.3213,11,2
141(b),K,D,-0.1678,0.5851,7,2
141(b),K,E,0.656,0.31,15.5,2
141(b),K,F,-1.494,0.2715,13.5,2
141(b),K,G,-0.5055,0.1744,15,2
141(b),K,H,-0.1667,0.1892,7.5,2
141(b),K,I,-0.1218,0.3414,13,2
141(b),K,K,0,0,,2
141(b),K,L,0.19,1.467,6,2
141(b),K,M,-0.1588,0.6197,11.5,2
141(b),K,N,-0.4646,0.08395,17.5,2
141(b),K,P,-0.2791,0.3493,12,2
141(b),K,Q,-0.5338,0.0363,16.5,2
141(b),K,R,-0.321,0.3472,20.5,2
141(b),K,S,-0.2701,0.8249,7.5,2
141(b),K,T,-0.4135,0.0225,8,2
141(b),K,V,0.6984,0.07905,8.5,2
141(b),K,W,-0.3469,0.754,12,2
141(b),K,Y,-0.2176,0.4101,10.5,2
142(a),Y,*,-3.455,0,1,2
142(a),Y,-,-3.482,0.484,9.5,2
142(a),Y,A,-1.088,0.2081,7,2
142(a),Y,C,-1.319,0.1945,21,2
142(a),Y,D,-1.877,0.2355,11,2
142(a),Y,E,-1.887,0.278,13.5,2
142(a),Y,F,0.4236,1.353,10.5,2
142(a),Y,G,-0.5531,0.2933,16.5,2
142(a),Y,H,-0.6704,0.1547,13,2
142(a),Y,I,-0.7865,1.004,8.5,2
142(a),Y,K,0.04553,0.1198,9.5,2
142(a),Y,L,-0.5467,0.00915,11,2
142(a),Y,M,-0.04256,0.00535,9,2
142(a),Y,N,0.1835,1.583,5.5,2
142(a),Y,P,-2.872,0.213,6.5,2
142(a),Y,Q,-0.7623,0.067,11.5,2
142(a),Y,R,0.08305,0.4834,8,2
142(a),Y,S,-0.9802,0.4018,12.5,2
142(a),Y,T,-1.335,0.128,15,2
142(a),Y,V,-0.1038,0.7412,9,2
142(a),Y,W,-0.1705,1.703,9,2
142(a),Y,Y,0,0,,2
142(b),H,-,-0.4206,0.6063,3.5,2
142(b),H,A,-0.378,0.784,9.5,2
142(b),H,C,0.0675,1.748,11,2
142(b),H,D,-0.2545,0.5671,10.5,2
142(b),H,E,0.2312,0.4587,10.5,2
142(b),H,F,-0.2223,0.3369,10.5,2
142(b),H,G,0.05025,0.7948,17,2
142(b),H,H,0,0,,2
142(b),H,I,-1.056,0.0065,9.5,2
142(b),H,K,-0.6126,0.4404,6.5,2
142(b),H,L,-0.4578,0.4723,16.5,2
142(b),H,M,-0.5166,0.3102,15,2
142(b),H,N,-0.291,0.0088,14,2
142(b),H,P,-0.161,0.4629,13.5,2
142(b),H,Q,0.3605,1.598,8,2
142(b),H,R,0.6378,0.8892,16.5,2
142(b),H,S,0.3316,0.3292,7.5,2
142(b),H,T,1.787,0.45,11.5,2
142(b),H,V,-0.5325,0.1684,13,2
142(b),H,W,-0.6441,0.0833,6.5,2
142(b),H,Y,0.0691,0.19,40.5,2
143(a),R,*,-5.389,0,2,2
143(a),R,-,-3.399,0.5475,10.5,2
143(a),R,A,-0.155,0.0371,10.5,2
143(a),R,C,-0.9233,0.3037,15.5,2
143(a),R,D,-2.769,0.109,11.5,2
143(a),R,E,-3.789,0,10,2
143(a),R,F,-0.935,0.2009,12.5,2
143(a),R,G,-1.609,0.6591,18,2
143(a),R,H,0.1979,0.3855,9,2
143(a),R,I,0.9355,1.613,11,2
143(a),R,K,-1.017,0.5116,11.5,2
143(a),R,L,-0.3013,0.3395,11.5,2
143(a),R,M,0.2794,1.227,11.5,2
143(a),R,N,-1.259,0.088,10,2
143(a),R,P,-1.977,0.612,10.5,2
143(a),R,Q,-1.369,0.4957,10.5,2
143(a),R,R,0,0,,2
143(a),R,S,-1.297,0.2885,14.5,2
143(a),R,T,-0.4825,0.0812,11.5,2
143(a),R,V,0.07325,0.457,18.5,2
143(a),R,W,-0.006,0.6945,12.5,2
143(a),R,Y,-1.024,0.4358,11.5,2
143(b),V,-,-1.815,0.8843,5.5,2
143(b),V,A,0.2867,0.5111,9.5,2
143(b),V,C,-0.9578,0.3352,9,2
143(b),V,D,-1.06,1.008,10,2
143(b),V,E,-1.197,0.2069,10,2
143(b),V,F,-1.306,0.4923,7.5,2
143(b),V,G,-0.04525,0.6822,12,2
143(b),V,H,0.3848,0.9142,9.5,2
143(b),V,I,0.1589,0.835,7.5,2
143(b),V,K,-1.24,0.228,10,2
143(b),V,L,-0.6474,0.1293,16.5,2
143(b),V,M,-0.4709,0.2013,22.5,2
143(b),V,N,-1.5,0.073,10.5,2
143(b),V,P,0.1977,0.5621,8,2
143(b),V,Q,0.2933,0.04245,7,2
143(b),V,R,0.896,1.332,8.5,2
143(b),V,S,0.109,0.3531,14.5,2
143(b),V,T,-0.3939,0.2028,11,2
143(b),V,V,0,0,,2
143(b),V,W,0.3624,0.3561,12,2
144(a),Q,*,-8.646,0,10,2
144(a),Q,-,-1.111,0.9141,10.5,2
144(a),Q,A,0.5922,1.378,10,2
144(a),Q,C,-1.001,0.2429,9,2
144(a),Q,D,-0.163,0.2432,11.5,2
144(a),Q,E,-0.3309,0.0617,15.5,2
144(a),Q,F,-1.024,0.4435,9,2
144(a),Q,G,-0.1053,0.4754,13,2
144(a),Q,H,0.4571,0.198,11,2
144(a),Q,I,0.07385,0.9451,12.5,2
144(a),Q,K,-0.4486,0.1109,11,2
144(a),Q,L,0.9418,0.5502,10.5,2
144(a),Q,M,-0.1452,0.06454,10,2
144(a),Q,N,1.063,1.005,13.5,2
144(a),Q,P,-2.592,0.162,18.5,2
144(a),Q,Q,0,0,,2
144(a),Q,R,0.7884,0.3136,17,2
144(a),Q,S,-0.3975,0.1291,16.5,2
144(a),Q,T,0.5373,0.3943,6,2
144(a),Q,V,-1.444,0.6664,16.5,2
144(a),Q,W,-0.3218,0.9991,6.5,2
144(a),Q,Y,-1.155,0.5919,8.5,2
144(b),V,-,-2.729,0.48,4.5,2
144(b),V,A,0.0451,0.5724,9,2
144(b),V,C,-0.282,0.932,11,2
144(b),V,D,2.447,1.411,9.5,2
144(b),V,E,0.09921,0.0201,11,2
144(b),V,F,-0.454,0.0491,9.5,2
144(b),V,G,-0.1018,0.3183,10.5,2
144(b),V,H,1.086,0.7597,14.5,2
144(b),V,I,-0.8368,0.4071,10,2
144(b),V,K,-0.2101,0.0284,11,2
144(b),V,L,-0.6931,0.4709,11.5,2
144(b),V,M,-0.306,0.4003,18.5,2
144(b),V,N,0.05875,0.698,14,2
144(b),V,P,-1.242,0.1145,7.5,2
144(b),V,Q,-0.3715,0.0261,10,2
144(b),V,R,0.5578,0.0717,11.5,2
144(b),V,S,-0.02005,0.2855,12,2
144(b),V,T,0.1527,0.2929,10.5,2
144(b),V,V,0,0,,2
144(b),V,W,0.3276,0.3392,14.5,2
144(b),V,Y,0.4708,0.3661,9,2
145(a),A,-,0.1859,0.9261,10.5,2
145(a),A,A,0,0,,2
145(a),A,C,1.72,0.41,10.5,2
145(a),A,D,0.9498,0.4222,17.5,2
145(a),A,E,1.178,0.7152,11.5,2
145(a),A,F,0.543,1.932,14.5,2
145(a),A,G,0.2443,1.153,7,2
145(a),A,H,-0.01781,0.06514,16,2
145(a),A,I,-0.6451,0.496,8.5,2
145(a),A,K,-0.0381,0.5078,9,2
145(a),A,L,-0.2785,0,11.5,2
145(a),A,M,-0.3152,0.4008,14.5,2
145(a),A,N,1.002,0.7241,9,2
145(a),A,P,0.1104,0.1047,10.5,2
145(a),A,Q,1.31,0.5478,10.5,2
145(a),A,R,-0.5573,0.1393,12,2
145(a),A,S,0.3132,0.1206,14,2
145(a),A,T,0.04669,0.01034,24.5,2
145(a),A,V,-0.04415,0.334,25.5,2
145(a),A,W,-0.06575,0.2525,14,2
145(a),A,Y,0.4328,0.9463,11,2
145(b),S,-,-2.092,1.117,5,2
145(b),S,A,0.2536,0.161,11,2
145(b),S,C,1.467,2.526,10.5,2
145(b),S,D,-0.896,0.957,10,2
145(b),S,E,-0.673,0.371,7.5,2
145(b),S,F,-0.4771,0.327,11.5,2
145(b),S,G,0.2762,0.7748,13.5,2
145(b),S,H,0.8517,0.9463,14.5,2
145(b),S,I,-0.0686,0.2013,14.5,2
145(b),S,K,-0.6427,0.0895,9.5,2
145(b),S,L,-0.1001,0.09072,8,2
145(b),S,M,0.7668,1.172,8,2
145(b),S,N,-0.1006,0.1753,28,2
145(b),S,P,1.024,0.3123,8,2
145(b),S,Q,0.08595,0.2303,11.5,2
145(b),S,R,-1.127,0.2743,17.5,2
145(b),S,S,0,0,,2
145(b),S,T,-0.5776,0.1435,7,2
145(b),S,V,1.119,0.0095,10,2
145(b),S,W,-0.846,0.1559,14.5,2
145(b),S,Y,-0.9599,0.7151,10,2
146(a),D,-,-0.6936,0.2634,7.5,2
146(a),D,A,-1.275,0.3364,12,2
146(a),D,C,-1.307,0.453,10,2
146(a),D,D,0,0,,2
146(a),D,E,-0.3976,0.9874,13,2
146(a),D,F,-1.478,0.6333,14,2
146(a),D,G,-1.03,0.0675,19.5,2
146(a),D,H,-1.607,0.082,14,2
146(a),D,I,-1.913,0.2955,13,2
146(a),D,K,-1.564,0.304,11,2
146(a),D,L,-1.651,0.0325,13.5,2
146(a),D,M,-1.183,0.6102,8,2
146(a),D,N,-0.4005,0.3259,27,2
146(a),D,P,-1.844,0.4775,15,2
146(a),D,Q,-1.635,0.293,10,2
146(a),D,R,-1.819,0.193,11,2
146(a),D,S,0.6483,0.0556,8.5,2
146(a),D,T,0.611,2.101,15.5,2
146(a),D,V,-1.944,0.214,8.5,2
146(a),D,W,-1.724,0.325,11.5,2
146(a),D,Y,-1.676,0.471,12.5,2
146(b),T,-,0.07385,0.2795,4,2
146(b),T,A,-1.06,0.015,13,2
146(b),T,C,-0.4402,0.9078,12,2
146(b),T,D,-0.269,1.773,6,2
146(b),T,E,-1.187,0.1635,15,2
146(b),T,F,-1.607,0.45,7,2
146(b),T,G,0.1124,0.5478,11.5,2
146(b),T,H,-0.04093,0.02149,10.5,2
146(b),T,I,-1.522,0.8383,16.5,2
146(b),T,K,-1.084,0.179,17,2
146(b),T,L,0.1709,0.09744,7,2
146(b),T,M,0.7286,1.491,10.5,2
146(b),T,N,-0.7347,0.4293,15.5,2
146(b),T,P,-1.229,0.4687,13,2
146(b),T,Q,-1.53,0.235,10,2
146(b),T,R,0.633,2.01,10.5,2
146(b),T,S,-0.1775,0.6485,9.5,2
146(b),T,T,0,0,,2
146(b),T,V,-1.126,0.1155,11.5,2
146(b),T,W,-1.062,0.1985,16.5,2
146(b),T,Y,-0.7917,0.1264,13,2
147(a),N,-,-0.09719,0.1053,8,2
147(a),N,A,-2.038,0.2995,11,2
147(a),N,C,0.3299,0.3493,9,2
147(a),N,D,-0.9821,0.2979,17,2
147(a),N,E,-0.6542,0.2766,12,2
147(a),N,F,0.3174,0,1.5,1
147(a),N,G,-0.9227,0.0773,10.5,2
147(a),N,H,-0.0904,0.3009,15.5,2
147(a),N,I,-2.302,0.095,8.5,2
147(a),N,K,-2.163,0.034,11,2
147(a),N,L,-0.2261,1.112,9,2
147(a),N,M,0.03195,0.9701,8,2
147(a),N,N,0,0,,2
147(a),N,P,-2.664,0.164,9,2
147(a),N,Q,-1.887,0.2555,15.5,2
147(a),N,R,-1.803,0.165,11.5,2
147(a),N,S,-0.4521,0.2808,10,2
147(a),N,T,-1.498,0.101,15,2
147(a),N,V,-1.602,0.7014,13,2
147(a),N,W,-1.247,0.2799,13.5,2
147(a),N,Y,-1.363,0.5159,10.5,2
147(b),D,-,-0.6434,0,3,1
147(b),D,A,1.016,1.167,10,2
147(b),D,C,-0.8331,0.3749,10,2
147(b),D,D,0,0,,2
147(b),D,E,0.5366,0.03975,16.5,2
147(b),D,F,-0.6006,0.4674,9.5,2
147(b),D,G,0.02735,0.3493,17,2
147(b),D,H,1.546,0.419,15,2
147(b),D,I,0.294,1.441,9.5,2
147(b),D,K,-0.2936,0.0229,12,2
147(b),D,L,-0.8962,0.7619,12,2
147(b),D,M,1.853,0.4345,10,2
147(b),D,N,0.2816,0.402,18,2
147(b),D,P,-1.219,0.009,18.5,2
147(b),D,Q,0.6209,0.0568,14,2
147(b),D,R,1.378,1.252,14,2
147(b),D,S,-0.2385,0.8425,16,2
147(b),D,T,-0.8182,0.4458,7.5,2
147(b),D,V,0.6323,0.2198,10.5,2
147(b),D,W,-0.626,0.308,9,2
147(b),D,Y,-0.6575,0.3534,14.5,2
148(a),G,-,-0.9123,0.0344,7,2
148(a),G,A,-0.2631,0.878,12.5,2
148(a),G,C,-0.09779,0.123,17.5,2
148(a),G,D,-0.6111,0.1822,12.5,2
148(a),G,E,-1.89,0.9003,10,2
148(a),G,F,-0.6612,0.7488,12.5,2
148(a),G,G,0,0,,2
148(a),G,H,0.4052,1.027,8,2
148(a),G,I,0.02275,0.8857,7,2
148(a),G,K,0.0235,1.446,9,2
148(a),G,L,-0.9301,0.6359,9.5,2
148(a),G,M,-0.7363,1.292,6.5,2
148(a),G,N,-0.0644,0.7071,9,2
148(a),G,P,-2.419,0.18,15,2
148(a),G,Q,-0.7814,0.8316,8.5,2
148(a),G,R,0.5589,0.2293,8.5,2
148(a),G,S,-0.6075,0.7835,15,2
148(a),G,T,-0.3754,0.9747,8.5,2
148(a),G,V,-2.117,0.037,13,2
148(a),G,W,-0.6723,0.2876,12.5,2
148(a),G,Y,-0.2479,0.3478,11,2
148(b),V,-,-2.128,0.345,3,2
148(b),V,A,-0.5402,0.4718,8.5,2
148(b),V,C,0.04775,0.383,12.5,2
148(b),V,D,-0.809,1.472,10,2
148(b),V,E,-0.9251,0.4508,10,2
148(b),V,F,-0.7399,0.601,12,2
148(b),V,G,0.09134,0.1345,11,2
148(b),V,H,-0.4262,0.2338,7.5,2
148(b),V,I,-0.6046,0.1091,12.5,2
148(b),V,K,-0.4249,0.03945,7,2
148(b),V,L,-0.4163,0.08915,15.5,2
148(b),V,M,-0.4302,0.4513,18.5,2
148(b),V,N,0.2355,1.526,10.5,2
148(b),V,P,-1.143,1.129,6.5,2
148(b),V,Q,-1.564,0.191,16.5,2
148(b),V,R,-1.26,0.2475,14,2
148(b),V,S,-0.8639,0.5151,13.5,2
148(b),V,T,0.379,0.9411,8,2
148(b),V,V,0,0,,2
148(b),V,W,0.2712,0.6944,10,2
148(b),V,Y,-0.7038,0.9012,9,2
149(a),F,*,-12.13,0,0.5,1
149(a),F,-,-2.072,1.536,7,2
149(a),F,A,-1.727,0.2675,9,2
149(a),F,C,-0.9078,0.1192,9.5,2
149(a),F,D,-1.435,0.2785,7,2
149(a),F,E,-2.54,0.3105,6.5,2
149(a),F,F,0,0,,2
149(a),F,G,-1.99,0.1435,13.5,2
149(a),F,H,-1.128,0.7609,10,2
149(a),F,I,-1.745,0.431,10,2
149(a),F,K,-4.255,0,8,2
149(a),F,L,-0.8262,0.138,10.5,2
149(a),F,M,-0.4516,1.275,10.5,2
149(a),F,N,-0.9139,0.4191,11,2
149(a),F,P,-2.472,0.359,9,2
149(a),F,Q,-1.807,0.208,12,2
149(a),F,R,-4.341,0,10,2
149(a),F,S,-3.104,0.0935,14.5,2
149(a),F,T,-3.443,0,7.5,2
149(a),F,V,-1.869,0.2505,13,2
149(a),F,W,-0.7478,0.1753,8.5,2
149(a),F,Y,-0.7378,1.547,7.5,2
149(b),I,-,-2.332,0,2.5,1
149(b),I,A,-1.87,0.538,6.5,2
149(b),I,C,-1.793,0.542,12.5,2
149(b),I,D,-1.993,0.1,12.5,2
149(b),I,E,-0.5612,0.6869,6.5,2
149(b),I,F,-1.715,0.2435,9,2
149(b),I,G,-0.0455,1.236,12,2
149(b),I,H,-0.2688,0.3111,7.5,2
149(b),I,I,0,0,,2
149(b),I,K,-1.816,0.425,5.5,2
149(b),I,L,-1.2,0.2242,19,2
149(b),I,M,-0.2551,0.1513,12,2
149(b),I,N,-1.162,0.6676,11.5,2
149(b),I,P,-3.192,0,10,2
149(b),I,Q,-0.6898,0.1323,9,2
149(b),I,R,0.1951,0.4479,7.5,2
149(b),I,S,-0.0905,1.482,10.5,2
149(b),I,T,-0.8585,0.9615,12,2
149(b),I,V,-1.241,0.1845,14.5,2
149(b),I,W,-0.5332,0.8618,12,2
149(b),I,Y,-0.5398,0.1711,9,2
15(T2A),V,-,-0.09676,0.1017,2,2
15(T2A),V,E,-1.635,0,0.5,1
15(T2A),V,L,-3.134,0,4.5,2
15(T2A),V,M,-2.768,0.0535,8.5,2
15(T2A),V,V,0,0,,2
15(a),R,*,-8.764,0,7.5,2
15(a),R,-,-4.333,0,2,2
15(a),R,A,-1.204,0.4187,7.5,2
15(a),R,C,-2.133,0.3555,8,2
15(a),R,D,-1.922,0.3355,9,2
15(a),R,E,-2.218,0.058,8.5,2
15(a),R,F,-1.361,0.1735,10.5,2
15(a),R,G,-2.253,0.0855,12.5,2
15(a),R,H,-1.611,0.409,7,2
15(a),R,I,-0.2671,0.6468,9,2
15(a),R,K,1.473,0.9999,14.5,2
15(a),R,L,-0.2113,0.7067,9,2
15(a),R,M,-0.38,0.5024,13,2
15(a),R,N,-1.433,0.9681,7,2
15(a),R,P,-7.62,0,8,2
15(a),R,Q,-1.194,0.5503,9,2
15(a),R,R,0,0,,2
15(a),R,S,-1.417,0.32,9.5,2
15(a),R,T,-0.1568,0.4843,6,2
15(a),R,V,-1.686,0.574,8.5,2
15(a),R,W,-1.385,0.077,15,2
15(a),R,Y,-0.6845,1.178,13.5,2
15(b),F,-,-1.779,0.1965,2,2
15(b),F,A,0.2898,0.4759,5.5,2
15(b),F,C,-1.729,0.129,11,2
15(b),F,D,-4.935,0,9.5,2
15(b),F,E,-4.13,0,8.5,2
15(b),F,F,0,0,,2
15(b),F,G,-0.2728,1.226,8.5,2
15(b),F,H,-2.018,0.226,8,2
15(b),F,I,-2.418,0.204,12,2
15(b),F,K,-3.384,0,7.5,2
15(b),F,L,-1.169,0.0545,11.5,2
15(b),F,M,-1.3,0.1975,8.5,2
15(b),F,N,-2.812,0.4015,9.5,2
15(b),F,P,-8.392,0,12.5,2
15(b),F,Q,-3.273,0,9,2
15(b),F,R,-2.833,0.2035,12.5,2
15(b),F,S,-1.583,0.6277,14,2
15(b),F,T,-2.965,0.1415,8.5,2
15(b),F,V,-2.476,0.0965,7.5,2
15(b),F,W,-2.708,0.029,12.5,2
15(b),F,Y,-2.236,0.037,11.5,2
150(a),Y,*,-7.167,0,1.5,2
150(a),Y,-,-0.6335,0.2137,6,2
150(a),Y,A,0.1146,0.01812,14.5,2
150(a),Y,C,0.6214,0.8737,17.5,2
150(a),Y,D,-0.068,1.076,12,2
150(a),Y,E,0.01455,0.4159,10,2
150(a),Y,F,-0.7152,0.5829,13.5,2
150(a),Y,G,-1.665,0.0885,9.5,2
150(a),Y,H,-0.5251,0.1817,14.5,2
150(a),Y,I,-0.7518,0.4562,11.5,2
150(a),Y,K,-1.557,0.384,12.5,2
150(a),Y,L,-0.4609,1.027,12.5,2
150(a),Y,M,-0.4902,0.444,16,2
150(a),Y,N,0.9929,0.7531,11.5,2
150(a),Y,P,-4.502,0,7.5,2
150(a),Y,Q,-0.0297,0.3933,8.5,2
150(a),Y,R,-0.068,1.381,11,2
150(a),Y,S,-0.9837,0.2703,11,2
150(a),Y,T,-0.647,1.054,15,2
150(a),Y,V,0.6753,0.2954,13,2
150(a),Y,W,-1.526,0.4005,10,2
150(a),Y,Y,0,0,,2
150(b),Q,*,-7.135,0,4,2
150(b),Q,-,-0.693,0,2,1
150(b),Q,A,1.417,0.293,8.5,2
150(b),Q,C,0.4707,0.1462,12,2
150(b),Q,D,0.7536,1.155,9,2
150(b),Q,E,-0.6646,0.8094,8.5,2
150(b),Q,F,-0.5116,0.2131,9,2
150(b),Q,G,-1.171,0.6584,9.5,2
150(b),Q,H,0.4138,0.6032,20,2
150(b),Q,I,-0.6104,0.5796,11,2
150(b),Q,K,0.062,1.063,7,2
150(b),Q,L,-0.5206,0.7515,12,2
150(b),Q,N,-0.5341,1.139,6,2
150(b),Q,P,-0.5754,0.4706,27,2
150(b),Q,Q,0,0,,2
150(b),Q,R,1.48,1.915,16.5,2
150(b),Q,S,1.39,0.4716,11,2
150(b),Q,T,0.8142,0.1789,8.5,2
150(b),Q,V,-0.7528,0.4532,9,2
150(b),Q,W,1.586,0.439,8.5,2
150(b),Q,Y,-0.8655,0.3585,11.5,2
151(a),K,*,-9.429,0,2.5,2
151(a),K,-,-0.4699,0.1134,5.5,2
151(a),K,A,-2.332,0.1295,12,2
151(a),K,C,-1.212,0.0715,15.5,2
151(a),K,D,-2.413,0.242,11.5,2
151(a),K,E,-1.306,0.0255,8,2
151(a),K,F,-1.913,0.0935,8,2
151(a),K,G,-3.119,0.1865,7.5,2
151(a),K,H,-1.619,0.0245,10.5,2
151(a),K,I,-1.896,0.4345,11,2
151(a),K,K,0,0,,2
151(a),K,L,-1.593,0.083,10,2
151(a),K,M,-0.9504,0.02925,11.5,2
151(a),K,N,-4.299,0,15.5,2
151(a),K,P,-11.65,0,13,2
151(a),K,Q,-0.1879,0.8581,11.5,2
151(a),K,R,0.8337,0.5122,11.5,2
151(a),K,S,-1.65,0.6295,13.5,2
151(a),K,T,-1.015,0.5414,8,2
151(a),K,V,-0.7655,0.6935,9.5,2
151(a),K,W,-2.954,0.0725,10.5,2
151(a),K,Y,-1.851,0.4685,9,2
151(b),N,-,-0.08916,0,0.5,1
151(b),N,A,-0.9259,0.5631,6.5,2
151(b),N,C,1.029,0.5397,6,2
151(b),N,D,-0.347,1.599,8,2
151(b),N,E,1.72,0.288,8,2
151(b),N,F,-2.971,0.2305,9.5,2
151(b),N,G,-0.3,1.409,7.5,2
151(b),N,H,-0.6063,0.2753,12.5,2
151(b),N,I,-1.936,0.037,8.5,2
151(b),N,K,-0.8559,0.8951,10,2
151(b),N,L,-0.048,0.4157,3.5,2
151(b),N,M,-1.65,0.7449,4,2
151(b),N,N,0,0,,2
151(b),N,P,-2.353,0.0705,9.5,2
151(b),N,Q,1.128,0.1377,7,2
151(b),N,R,0.5456,0.7564,6,2
151(b),N,S,-0.8233,0.9247,9.5,2
151(b),N,T,-0.5704,0.4436,8.5,2
151(b),N,V,-1.604,0.133,6,2
151(b),N,W,-4.422,0,5,2
151(b),N,Y,-3.54,0,10.5,2
152(a),F,-,-0.4121,0.0592,6,2
152(a),F,A,-2.034,0.4175,10,2
152(a),F,C,-0.4818,0.9783,12,2
152(a),F,D,-3.065,0.034,8,2
152(a),F,E,-2.492,0.376,12.5,2
152(a),F,F,0,0,,2
152(a),F,G,-2.652,0.2415,9.5,2
152(a),F,H,-1.311,0.5279,12,2
152(a),F,I,-1.528,0.7934,9,2
152(a),F,K,-2.524,0.4005,11,2
152(a),F,L,-0.6682,0.3828,9,2
152(a),F,M,-0.4621,0.3884,10,2
152(a),F,N,-1.492,0.147,7,2
152(a),F,P,-3.071,0.1955,6.5,2
152(a),F,Q,-1.707,0.1085,11.5,2
152(a),F,R,-1.869,0.537,9,2
152(a),F,S,-1.7,0.0905,12.5,2
152(a),F,T,-0.6212,1.368,6.5,2
152(a),F,V,-1.736,0.1955,8.5,2
152(a),F,W,-0.5615,0.5825,10,2
152(a),F,Y,0.5665,0.3659,11,2
152(b),G,-,-1.819,0,0.5,1
152(b),G,A,-1.457,0.909,8,2
152(b),G,C,-1.86,0.1215,12.5,2
152(b),G,D,-3.633,0,17,2
152(b),G,E,-3.533,0,12,2
152(b),G,F,-3.167,0,15.5,2
152(b),G,G,0,0,,2
152(b),G,H,-2.579,0.4455,9.5,2
152(b),G,I,-2.898,0.13,12,2
152(b),G,K,-2.433,0.2395,11.5,2
152(b),G,L,-3.954,0,7,2
152(b),G,M,-1.633,0.3865,9,2
152(b),G,N,-2.772,0.0255,9.5,2
152(b),G,P,-0.9277,0.0923,11,2
152(b),G,Q,-2.301,0.4725,12.5,2
152(b),G,R,-2.897,0.0075,11.5,2
152(b),G,S,-0.9531,0.2759,12,2
152(b),G,T,-3.056,0.118,11,2
152(b),G,V,-3.066,0,14,2
152(b),G,W,-4.114,0,16,2
152(b),G,Y,-3.41,0,11,2
153(a),S,-,-2.239,1.327,6.5,2
153(a),S,A,0.463,0.1457,5.5,2
153(a),S,C,-1.127,0.0415,9.5,2
153(a),S,D,-1.118,0.3513,8.5,2
153(a),S,E,-0.7332,0.8858,14,2
153(a),S,F,-0.4307,0.0686,13,2
153(a),S,G,-0.1272,0.08326,18.5,2
153(a),S,H,0.4528,0.7152,7,2
153(a),S,I,1.445,1.633,13,2
153(a),S,K,1.255,1.446,10,2
153(a),S,L,-0.3559,0.04385,13.5,2
153(a),S,M,0.7888,1.616,10,2
153(a),S,N,0.4852,0.1303,20,2
153(a),S,P,-11.74,0,7,2
153(a),S,Q,0.8173,1.426,11,2
153(a),S,R,0.6162,0.5628,19,2
153(a),S,S,0,0,,2
153(a),S,T,0.874,0.234,10.5,2
153(a),S,V,0.6362,0.8138,16,2
153(a),S,W,-0.9594,0.5117,12.5,2
153(a),S,Y,1.557,0.652,8.5,2
153(b),D,-,-2.899,0.563,1.5,2
153(b),D,A,-0.8445,0.2995,6,2
153(b),D,C,-0.3596,0.2485,5,2
153(b),D,D,0,0,,2
153(b),D,E,-0.3002,0.1262,7.5,2
153(b),D,F,-1.933,0.063,7,2
153(b),D,G,-0.3717,0.4397,5.5,2
153(b),D,H,-0.3296,0.5405,9,2
153(b),D,I,-1.562,0.2175,10.5,2
153(b),D,K,-0.1392,0.5791,7.5,2
153(b),D,L,-1.272,0.6704,6.5,2
153(b),D,M,-0.7658,1.062,11,2
153(b),D,N,8.856,8.344,22,2
153(b),D,P,-1.119,1.232,7.5,2
153(b),D,Q,6.531,3.729,8,2
153(b),D,R,0.433,0.4463,8,2
153(b),D,S,-3.32,0.0445,6,2
153(b),D,T,-3.982,0,5,2
153(b),D,V,-0.5732,0.7849,4,2
153(b),D,W,-2.227,1.235,5,2
153(b),D,Y,-1.494,0.6813,12,2
154(a),Y,*,-7.383,0,4,2
154(a),Y,-,-3.07,1.533,6.5,2
154(a),Y,A,-0.5156,0.3332,9.5,2
154(a),Y,C,-1.622,0.2325,15.5,2
154(a),Y,D,-1.804,0.283,14,2
154(a),Y,E,-0.4693,0.1003,8.5,2
154(a),Y,F,0.6519,0.4251,13,2
154(a),Y,G,-0.6724,0.5506,9,2
154(a),Y,H,0.4856,1.215,13.5,2
154(a),Y,I,1.792,0.096,11,2
154(a),Y,K,-0.3672,1.149,11,2
154(a),Y,L,-1.437,0.009,12,2
154(a),Y,M,0.8797,1.755,11.5,2
154(a),Y,N,-1.235,0.6214,7,2
154(a),Y,P,-2.212,0.2065,15.5,2
154(a),Y,Q,-1.678,0.213,9.5,2
154(a),Y,R,2.425,0.0225,9.5,2
154(a),Y,S,-0.3929,0.4009,14.5,2
154(a),Y,T,0.8212,0.0827,11,2
154(a),Y,V,-0.5257,0.261,8.5,2
154(a),Y,W,0.6594,1.303,11,2
154(a),Y,Y,0,0,,2
154(b),W,*,-11.3,0,116,2
154(b),W,-,-1.54,0.166,1,2
154(b),W,A,-3.247,0.0395,8.5,2
154(b),W,C,-1.877,0.6375,14,2
154(b),W,D,-5.429,0,8.5,2
154(b),W,E,-7.421,0,3.5,2
154(b),W,F,-0.5826,0.4804,10.5,2
154(b),W,G,-3.037,0.2185,7.5,2
154(b),W,H,-1.686,0.296,9.5,2
154(b),W,I,-2.529,0.2495,10,2
154(b),W,K,-6.434,0,11.5,2
154(b),W,L,-2.662,0.137,10.5,2
154(b),W,M,-2.865,0.109,6.5,2
154(b),W,N,-3.025,0.1275,6,2
154(b),W,P,-5.334,0,11.5,2
154(b),W,Q,-3.654,0,10,2
154(b),W,R,-4.77,0,9.5,2
154(b),W,S,-3.003,0.0755,10,2
154(b),W,T,-3.338,0.0435,9,2
154(b),W,V,-2.344,0.211,6,2
154(b),W,W,0,0,,2
154(b),W,Y,-0.909,0.923,11.5,2
155(a),L,-,-0.5714,0.1883,5,2
155(a),L,A,-1.61,0.323,7,2
155(a),L,C,3.097,2.302,14,2
155(a),L,D,-3.67,0,7.5,2
155(a),L,E,-2.03,0.1005,9,2
155(a),L,F,-0.3956,0.422,17,2
155(a),L,G,-2.726,0.3435,13,2
155(a),L,H,-0.4658,0.7882,7,2
155(a),L,I,0.5514,1.215,14,2
155(a),L,K,-1.297,0.5146,11.5,2
155(a),L,L,0,0,,2
155(a),L,M,0.131,1.133,11,2
155(a),L,N,0.3023,0.1574,13.5,2
155(a),L,P,-8.075,0,8.5,2
155(a),L,Q,-0.2216,0.9655,9.5,2
155(a),L,R,-0.379,0.2256,10,2
155(a),L,S,-1.304,0.09,16,2
155(a),L,T,0.5971,0.5939,9.5,2
155(a),L,V,0.9809,1.172,13.5,2
155(a),L,W,-1.946,0.1355,9,2
155(a),L,Y,-0.7022,0.3538,9.5,2
155(b),T,-,-1.171,0,0.5,1
155(b),T,A,-0.1957,0.4364,19,2
155(b),T,C,-0.2835,0.2734,9.5,2
155(b),T,D,-2.417,0.717,7.5,2
155(b),T,E,-1.402,0.289,12.5,2
155(b),T,F,-0.949,0.2209,8,2
155(b),T,G,-1.774,0.548,8,2
155(b),T,H,1.331,0.063,6.5,2
155(b),T,I,0.036,1.306,11,2
155(b),T,K,1.313,0.362,10,2
155(b),T,L,0.1073,0.459,13,2
155(b),T,M,0.119,1.373,9,2
155(b),T,N,-0.4807,0.9813,13.5,2
155(b),T,P,-7.801,0,9.5,2
155(b),T,Q,-0.286,0.07275,11,2
155(b),T,R,-0.1511,0.1009,9,2
155(b),T,S,-1.474,0.2745,9.5,2
155(b),T,T,0,0,,2
155(b),T,V,-1.736,0.1195,14.5,2
155(b),T,W,-0.6622,0.0001,7.5,2
155(b),T,Y,0.1125,1.389,11,2
156(a),P,-,-1.945,1.234,5,2
156(a),P,A,-0.9796,0.2304,9.5,2
156(a),P,C,0.03096,0.1179,8.5,2
156(a),P,D,1.651,0.7793,13.5,2
156(a),P,E,2.103,0.0335,10.5,2
156(a),P,F,1.741,0.217,12.5,2
156(a),P,G,0.8084,0.5167,10.5,2
156(a),P,H,2.625,0.2705,13,2
156(a),P,I,-1.026,0.5219,10,2
156(a),P,K,1.154,0.8238,6.5,2
156(a),P,L,-1.724,0.205,22,2
156(a),P,M,-0.4377,0.6112,9,2
156(a),P,N,2.507,0.326,6,2
156(a),P,P,0,0,,2
156(a),P,Q,0.9732,1.503,9,2
156(a),P,R,0.6545,1.854,9.5,2
156(a),P,S,1.123,0.761,27,2
156(a),P,T,0.1026,0.542,7.5,2
156(a),P,V,-0.9605,1.027,8,2
156(a),P,W,1.466,0.8267,8.5,2
156(a),P,Y,1.723,0.8492,11.5,2
156(b),Y,*,-9.136,0,1,2
156(b),Y,-,-1.818,0,0.5,1
156(b),Y,A,-0.9396,0.2783,6.5,2
156(b),Y,C,-1.887,0.2675,11,2
156(b),Y,D,-2.231,0.076,4.5,2
156(b),Y,E,-2.319,0.1245,7,2
156(b),Y,F,-1.394,0.1685,12,2
156(b),Y,G,-1.488,0.184,6.5,2
156(b),Y,H,0.559,0.3159,17,2
156(b),Y,I,-2.603,0.5635,10,2
156(b),Y,K,-1.048,0.0976,8.5,2
156(b),Y,L,-1.18,0.8741,7,2
156(b),Y,M,-1.146,0.7359,7.5,2
156(b),Y,N,-0.8347,0.6203,6.5,2
156(b),Y,P,-10.41,0,9.5,2
156(b),Y,Q,-2.067,0.6535,7.5,2
156(b),Y,R,0.258,1.231,9,2
156(b),Y,S,-1.171,0.3572,12,2
156(b),Y,T,-2.033,0.812,9.5,2
156(b),Y,V,-1.597,0.488,4.5,2
156(b),Y,W,-1.669,0.7249,11,2
156(b),Y,Y,0,0,,2
157(a),F,-,-0.8123,0.5997,4.5,2
157(a),F,A,0.4853,0.0303,13,2
157(a),F,C,1.125,0.075,7,2
157(a),F,D,-0.6746,0.6634,10,2
157(a),F,E,-1.187,0.9902,9.5,2
157(a),F,F,0,0,,2
157(a),F,G,-1.099,0.4062,11,2
157(a),F,H,-0.067,1.796,9,2
157(a),F,I,-0.3735,0.9975,11,2
157(a),F,K,-2.266,0.493,8.5,2
157(a),F,L,-0.7173,0.7307,9.5,2
157(a),F,M,0.3793,0.3891,10,2
157(a),F,N,1.902,0.181,5.5,2
157(a),F,P,-5.54,0,13,2
157(a),F,Q,-0.4906,0.1039,7.5,2
157(a),F,R,-1.256,0.1295,8,2
157(a),F,S,-0.04555,0.2107,13,2
157(a),F,T,1.219,0.8325,8,2
157(a),F,V,0.5471,0.1528,6.5,2
157(a),F,W,-0.499,0.832,9,2
157(a),F,Y,-0.048,0.3036,21,2
157(b),Q,*,-8.744,0,8.5,2
157(b),Q,-,-1.748,0,0.5,1
157(b),Q,A,0.5328,0.4962,7,2
157(b),Q,C,-0.7033,0.4486,15,2
157(b),Q,D,-1.04,0.3034,9,2
157(b),Q,E,-0.2641,1.212,7.5,2
157(b),Q,F,-2.098,0.145,10,2
157(b),Q,G,-0.4239,0.0847,8,2
157(b),Q,H,-1.127,0.0795,6,2
157(b),Q,I,-1.365,0.533,9,2
157(b),Q,K,-2.019,0.134,11,2
157(b),Q,L,-1.534,0.1895,7,2
157(b),Q,M,-1.798,0.4065,12.5,2
157(b),Q,N,-1.159,0.4642,7,2
157(b),Q,P,-6.444,0,12.5,2
157(b),Q,Q,0,0,,2
157(b),Q,R,-0.6257,0.2762,26,2
157(b),Q,S,0.2425,1.753,6,2
157(b),Q,T,-1.451,0.007,8.5,2
157(b),Q,V,-2.415,0.4135,11,2
157(b),Q,W,-1.205,0.5952,11,2
157(b),Q,Y,1.705,4.252,8,2
158(a),I,-,-2.05,0.459,4.5,2
158(a),I,A,2.072,0.471,13,2
158(a),I,C,1.681,0.7443,12,2
158(a),I,D,0.687,0.329,9,2
158(a),I,E,1.048,1.084,8.5,2
158(a),I,F,0.5978,0.1894,15,2
158(a),I,G,2.128,0.3725,7,2
158(a),I,H,1.386,1.411,9.5,2
158(a),I,I,0,0,,2
158(a),I,K,3.2,0.651,8,2
158(a),I,L,1.436,1.002,10.5,2
158(a),I,M,0.0679,0.3315,12.5,2
158(a),I,N,1.763,0.1055,11.5,2
158(a),I,P,0.3518,0.6531,9.5,2
158(a),I,Q,0.5617,0.5113,12.5,2
158(a),I,R,2.205,0.1735,9.5,2
158(a),I,S,3.427,0.347,13.5,2
158(a),I,T,2.375,0.4705,12.5,2
158(a),I,V,0.5232,0.4017,21,2
158(a),I,W,-1.446,0.2595,8.5,2
158(a),I,Y,2.369,0.0055,10,2
158(b),V,-,-1.559,0,0.5,1
158(b),V,A,0.8165,1.481,11.5,2
158(b),V,C,0.3985,1.389,8,2
158(b),V,D,-2.208,0.1305,9,2
158(b),V,E,-0.271,1.368,9,2
158(b),V,F,0.404,1.779,11,2
158(b),V,G,-1.219,0.7257,9,2
158(b),V,H,-1.328,0.4734,7.5,2
158(b),V,I,0.1073,0.5112,10,2
158(b),V,K,-0.05145,0.7894,10,2
158(b),V,L,0.0025,1.595,9.5,2
158(b),V,M,-0.6294,0.2019,16.5,2
158(b),V,N,-0.66,0.937,7.5,2
158(b),V,P,-12.16,0,8,2
158(b),V,Q,0.2594,0.0631,9.5,2
158(b),V,R,-0.6951,0.9889,11.5,2
158(b),V,S,-1.216,0.0465,13.5,2
158(b),V,T,1.848,2.409,7.5,2
158(b),V,V,0,0,,2
158(b),V,W,-0.4173,0.5605,10,2
158(b),V,Y,-0.4199,0.2905,9,2
159(a),P,-,-0.9709,0.3471,4.5,2
159(a),P,A,-1.619,0.3245,8,2
159(a),P,C,-1.324,0.8752,13,2
159(a),P,D,-1.043,0.6589,8.5,2
159(a),P,E,-0.052,1.842,13,2
159(a),P,F,0.4395,1.544,10.5,2
159(a),P,G,0.5123,0.4864,5.5,2
159(a),P,H,-0.7089,0.2048,14.5,2
159(a),P,I,0.28,1.368,5.5,2
159(a),P,K,-0.889,0.5361,9.5,2
159(a),P,L,0.0585,1.312,16,2
159(a),P,M,-0.212,0.1102,15,2
159(a),P,N,-0.845,0.862,9,2
159(a),P,P,0,0,,2
159(a),P,Q,-0.406,0.1278,11,2
159(a),P,R,-1.237,0.7071,11,2
159(a),P,S,0.08845,0.3264,19,2
159(a),P,T,-0.3777,1.003,9.5,2
159(a),P,V,1.796,0.1285,7,2
159(a),P,W,-0.0282,0.6019,16.5,2
159(a),P,Y,-0.468,0.5079,11,2
159(b),L,-,-2.257,0,0.5,1
159(b),L,A,-1.046,0.4285,7,2
159(b),L,C,-0.164,0.6879,11,2
159(b),L,D,-2.329,0.596,12.5,2
159(b),L,E,-2.26,0.4295,8.5,2
159(b),L,F,0.313,0.174,5,2
159(b),L,G,-0.1212,0.09483,8,2
159(b),L,H,0.05358,0.1377,5.5,2
159(b),L,I,0.5177,0.08105,9.5,2
159(b),L,K,-2.261,0.343,6.5,2
159(b),L,L,0,0,,2
159(b),L,M,-0.7702,0.2638,13,2
159(b),L,N,-0.5881,0.1699,8,2
159(b),L,P,-4.247,0,12,2
159(b),L,Q,-0.4289,0.9112,18,2
159(b),L,R,-2.131,0.067,7.5,2
159(b),L,S,0.3605,0.5782,5.5,2
159(b),L,T,0.4429,0.0589,10.5,2
159(b),L,V,-1.2,0.134,9.5,2
159(b),L,W,-1.094,0.8304,9.5,2
159(b),L,Y,0.4425,0.8985,8.5,2
16(T2A),E,*,-8.523,0,1,2
16(T2A),E,-,-0.8171,0,1.5,1
16(T2A),E,A,-3.18,0,0.5,1
16(T2A),E,D,-2.353,0,0.5,1
16(T2A),E,E,0,0,,2
16(T2A),E,G,-0.4349,0.356,3,2
16(T2A),E,K,-1.653,0.474,17,2
16(T2A),E,V,-2.554,0.559,1.5,2
16(a),D,*,-8.802,0,15,2
16(a),D,-,-0.6143,1.205,2,2
16(a),D,A,-1.769,0.1405,9.5,2
16(a),D,C,1.296,1.05,8,2
16(a),D,D,0,0,,2
16(a),D,E,1.039,0.8044,12,2
16(a),D,F,-0.423,1.167,6,2
16(a),D,G,-0.7944,1.305,12,2
16(a),D,H,-0.5671,0.0254,7,2
16(a),D,I,-1.437,0.2555,6.5,2
16(a),D,K,-3.319,0,7,2
16(a),D,L,-1.421,0.1585,6,2
16(a),D,M,-2.274,0.8505,7.5,2
16(a),D,N,-3.163,0.042,18,2
16(a),D,P,-4.51,0,11,2
16(a),D,Q,-1.157,0.725,10.5,2
16(a),D,R,-2.846,0.249,6,2
16(a),D,S,-0.1765,0.6153,10.5,2
16(a),D,T,-0.612,2.055,7.5,2
16(a),D,V,-1.71,0.6035,8.5,2
16(a),D,W,-1.209,0.2387,10,2
16(a),D,Y,-1.081,0.0345,12.5,2
16(b),E,*,-9.143,0,6,2
16(b),E,-,-1.842,0.091,2,2
16(b),E,A,-2.878,0.2535,18.5,2
16(b),E,C,-3.47,0,11.5,2
16(b),E,D,-1.942,0.3595,19.5,2
16(b),E,E,0,0,,2
16(b),E,F,-4.545,0,14,2
16(b),E,G,-3.6,0,22,2
16(b),E,H,-3.276,0.0025,13,2
16(b),E,I,-3.888,0,13.5,2
16(b),E,K,-3.901,0,39.5,2
16(b),E,L,-4.604,0,11.5,2
16(b),E,M,-3.969,0,11,2
16(b),E,N,-3.587,0,10,2
16(b),E,P,-8.168,0,14.5,2
16(b),E,Q,-2.017,0.0355,10.5,2
16(b),E,R,-4.058,0,9.5,2
16(b),E,S,-2.613,0.26,8,2
16(b),E,T,-2.346,0.4715,9.5,2
16(b),E,V,-3.649,0,19.5,2
16(b),E,W,-5.682,0,12,2
16(b),E,Y,-3.722,0,14,2
160(a),T,-,-1.403,0.4987,4,2
160(a),T,A,0.05016,0.04791,18.5,2
160(a),T,C,0.2965,0.2254,8.5,2
160(a),T,D,-0.179,0.1082,7,2
160(a),T,E,0.0815,0.3576,8.5,2
160(a),T,F,0.6476,0.8564,8.5,2
160(a),T,G,1.251,0.4193,10.5,2
160(a),T,H,1.235,0.041,4.5,2
160(a),T,I,1.857,1.248,14.5,2
160(a),T,K,0.734,0.4219,8.5,2
160(a),T,L,-0.552,0.1285,10.5,2
160(a),T,M,1.423,1.1,8,2
160(a),T,N,-0.8328,0.6391,14.5,2
160(a),T,P,-2.597,0.038,16.5,2
160(a),T,Q,-0.5638,0.195,15.5,2
160(a),T,R,0.5121,0.7829,12,2
160(a),T,S,-1.02,0.4875,8.5,2
160(a),T,T,0,0,,2
160(a),T,V,-0.7543,0.3587,10.5,2
160(a),T,W,0.1446,0.7578,13.5,2
160(a),T,Y,0.1968,0.1894,14,2
160(b),V,-,-1.746,0,0.5,1
160(b),V,A,-0.655,0.4869,7,2
160(b),V,C,-0.3594,0.9907,6.5,2
160(b),V,D,-1.893,0.2095,9,2
160(b),V,E,-1.982,0.2475,10.5,2
160(b),V,F,-1.546,0.85,7.5,2
160(b),V,G,0.2105,1.241,8,2
160(b),V,H,-0.9748,0.2352,10.5,2
160(b),V,I,0.224,1.067,6,2
160(b),V,K,0.279,2.366,7,2
160(b),V,L,-0.6439,0.0984,11,2
160(b),V,M,-0.9196,0.5783,12,2
160(b),V,N,-0.437,0.3207,6.5,2
160(b),V,P,-3.575,0,8,2
160(b),V,Q,-0.7671,0.623,6,2
160(b),V,R,-1.107,0.0235,10.5,2
160(b),V,S,-1.057,0.45,4.5,2
160(b),V,T,3.027,1.427,11,2
160(b),V,V,0,0,,2
160(b),V,W,-1.167,0.0805,9.5,2
160(b),V,Y,-0.2303,0.1213,7.5,2
161(a),R,*,-7.29,0,1,2
161(a),R,-,-1.149,0.6906,2.5,2
161(a),R,A,-0.2587,0.0136,13.5,2
161(a),R,C,0.1217,0.04784,7.5,2
161(a),R,D,-0.04295,0.137,15.5,2
161(a),R,E,-0.4235,0.469,13,2
161(a),R,F,-1.215,0.4141,9,2
161(a),R,G,-1.244,0.7298,13.5,2
161(a),R,H,-0.5903,0.8967,10.5,2
161(a),R,I,-0.2,0.07325,19,2
161(a),R,K,-0.067,1.329,11.5,2
161(a),R,L,-0.6307,0.6433,9,2
161(a),R,M,0.5247,0.1619,6,2
161(a),R,N,-0.01525,0.4527,10.5,2
161(a),R,P,0.7159,0.1508,11,2
161(a),R,Q,-0.6402,0.0463,10,2
161(a),R,R,0,0,,2
161(a),R,S,0.8836,0.5564,11.5,2
161(a),R,T,-0.8293,0.5247,13.5,2
161(a),R,V,0.708,2.24,12,2
161(a),R,W,-0.1385,0.7444,16,2
161(a),R,Y,-0.4574,0.7266,11.5,2
161(b),M,-,-2.939,0.7935,1.5,2
161(b),M,A,-0.4065,0.3646,9.5,2
161(b),M,C,-0.1558,0.3181,6,2
161(b),M,D,0.3255,0.9574,7,2
161(b),M,E,-0.7205,0.7865,11,2
161(b),M,F,0.4898,0.1611,8,2
161(b),M,G,1.03,0.4365,8.5,2
161(b),M,H,-0.3804,1.318,9,2
161(b),M,I,-0.5132,0.0567,32.5,2
161(b),M,K,-0.3155,0.0977,5.5,2
161(b),M,L,-1.064,1.336,7,2
161(b),M,M,0,0,,2
161(b),M,N,-0.03245,0.4696,7,2
161(b),M,P,-1.237,0.5246,11.5,2
161(b),M,Q,0.5242,0.5448,8,2
161(b),M,R,0.1495,1.494,7,2
161(b),M,S,-1.33,0.8453,5.5,2
161(b),M,T,0.2503,0.2641,7,2
161(b),M,V,-0.1647,0.5277,9,2
161(b),M,W,1.299,0.5573,5.5,2
161(b),M,Y,0.04045,0.2277,8.5,2
162(a),G,-,0.0008,0.4137,2,2
162(a),G,A,1.481,1.16,15,2
162(a),G,C,-0.4447,0.5993,16.5,2
162(a),G,D,-1.016,0.2974,12.5,2
162(a),G,E,0.8582,1.15,8,2
162(a),G,F,0.2173,0.1345,18.5,2
162(a),G,G,0,0,,2
162(a),G,H,1.232,0.8845,15,2
162(a),G,I,-1.251,0.5955,13.5,2
162(a),G,K,1.187,0.3504,10.5,2
162(a),G,L,-0.2702,0.2316,12.5,2
162(a),G,M,1.422,1.172,13,2
162(a),G,N,-0.653,0.5101,12.5,2
162(a),G,P,0.9185,0.7355,7.5,2
162(a),G,Q,-0.5171,0.4441,7,2
162(a),G,R,1.796,0.2025,7.5,2
162(a),G,S,0.1299,0.1451,17.5,2
162(a),G,T,-0.1296,0.0627,8,2
162(a),G,V,-0.3946,0.7114,14.5,2
162(a),G,W,-0.4607,0.1414,13,2
162(a),G,Y,-0.15,1.055,13.5,2
162(b),L,-,0.9356,0,0.5,1
162(b),L,A,-0.6568,0.3913,8,2
162(b),L,C,-1.434,0.669,11.5,2
162(b),L,D,-0.4223,0.3789,6.5,2
162(b),L,E,-0.6925,0.4605,8.5,2
162(b),L,F,-0.1026,0.2554,11,2
162(b),L,G,-0.0625,2.776,6,2
162(b),L,H,-0.09435,0.5485,9.5,2
162(b),L,I,0.965,0.792,6.5,2
162(b),L,K,-1.78,0.2445,8,2
162(b),L,L,0,0,,2
162(b),L,M,0.082,1.738,9.5,2
162(b),L,N,-4.418,0,6,2
162(b),L,P,-2.492,0.2305,19.5,2
162(b),L,Q,-0.6409,0.6351,9.5,2
162(b),L,R,-1.442,0.102,12,2
162(b),L,S,0.6031,0.8429,12,2
162(b),L,T,-0.0945,1.901,5.5,2
162(b),L,V,0.4624,0.9406,7,2
162(b),L,W,-0.3499,0.4141,10.5,2
162(b),L,Y,0.7256,0.2468,9,2
163(a),D,-,-2.516,1.105,2,2
163(a),D,A,0.3205,0.1569,12.5,2
163(a),D,C,1.735,1.166,13,2
163(a),D,D,0,0,,2
163(a),D,E,-0.2451,0.3599,12.5,2
163(a),D,F,-0.0215,0.3946,10.5,2
163(a),D,G,-0.519,0.9521,13,2
163(a),D,H,-0.4539,0.2312,10,2
163(a),D,I,-1.208,0.2567,10,2
163(a),D,K,-0.09475,0.2849,11.5,2
163(a),D,L,-0.5662,0.1998,12,2
163(a),D,M,0.8079,0.277,9.5,2
163(a),D,N,3.446,4.039,13.5,2
163(a),D,P,0.3293,0.5465,4,2
163(a),D,Q,-1.256,0.8991,8.5,2
163(a),D,R,-1.174,0.3727,12.5,2
163(a),D,S,0.4627,0.1788,6,2
163(a),D,T,-0.2335,1.808,11,2
163(a),D,V,1.82,0.9671,8.5,2
163(a),D,W,1.648,0.549,12.5,2
163(a),D,Y,-1.26,0.8004,15,2
163(b),E,*,-8.124,0,2,2
163(b),E,A,0.4527,0.186,5,2
163(b),E,C,-1.575,0.255,14.5,2
163(b),E,D,1.031,1.092,8,2
163(b),E,E,0,0,,2
163(b),E,F,-0.3879,0.08755,10.5,2
163(b),E,G,1.017,0.2504,11.5,2
163(b),E,H,0.5847,0.7373,10,2
163(b),E,I,1.701,0.8226,12.5,2
163(b),E,K,-0.4793,0.3359,36,2
163(b),E,L,0.4425,1.509,8,2
163(b),E,M,-0.9491,1.005,11.5,2
163(b),E,N,0.1458,0.3351,12,2
163(b),E,P,0.3976,0.4605,8,2
163(b),E,Q,-0.4051,1.183,8,2
163(b),E,R,0.6055,0.2702,10,2
163(b),E,S,0.3749,1.28,14.5,2
163(b),E,T,-0.019,1.196,8,2
163(b),E,V,1.119,0.4895,8.5,2
163(b),E,W,0.4514,0.9136,11,2
163(b),E,Y,-0.071,1.435,12,2
164(a),Y,*,-10.92,0,5.5,2
164(a),Y,-,-1.821,1.594,1.5,2
164(a),Y,A,0.249,1.962,11.5,2
164(a),Y,C,-1.075,0.707,14.5,2
164(a),Y,D,-0.5429,0.1339,14,2
164(a),Y,E,-0.5618,1,7.5,2
164(a),Y,F,1.193,1.247,12.5,2
164(a),Y,G,1.53,1.647,8.5,2
164(a),Y,H,-1.166,0.613,14.5,2
164(a),Y,I,-0.5435,0.2073,12,2
164(a),Y,K,-1.435,0.1085,6.5,2
164(a),Y,L,1.052,0.0615,8,2
164(a),Y,M,1.252,0.6966,13.5,2
164(a),Y,N,0.1412,0.1268,8,2
164(a),Y,P,0.1819,0.2183,10.5,2
164(a),Y,Q,1.233,0.176,13.5,2
164(a),Y,R,1.684,0.313,8,2
164(a),Y,S,-0.225,0.4634,12,2
164(a),Y,T,-0.4065,0.6084,10.5,2
164(a),Y,V,0.9837,0.6593,9.5,2
164(a),Y,W,-0.1345,1.47,14.5,2
164(a),Y,Y,0,0,,2
164(b),S,-,-0.7171,0,0.5,1
164(b),S,A,-0.9192,0.3088,6,2
164(b),S,C,-0.0297,0.4992,8,2
164(b),S,D,-0.7935,0.7255,8.5,2
164(b),S,E,0.7752,0.7028,7.5,2
164(b),S,F,-0.3669,1.137,10.5,2
164(b),S,G,0.0965,0.6031,19.5,2
164(b),S,H,0.7726,1.46,12.5,2
164(b),S,I,0.0749,0.885,11.5,2
164(b),S,K,0.4722,0.7329,10,2
164(b),S,L,1.069,1.269,14.5,2
164(b),S,M,-0.2068,1.024,11,2
164(b),S,N,0.107,1.22,24,2
164(b),S,P,-0.5303,0.1323,7.5,2
164(b),S,Q,-0.3617,0.1168,12.5,2
164(b),S,R,-0.3751,0.4128,9.5,2
164(b),S,S,0,0,,2
164(b),S,T,0.4912,0.9338,8.5,2
164(b),S,V,0.7843,1.497,12.5,2
164(b),S,W,-0.909,0.026,11,2
164(b),S,Y,-1.059,0.6537,10,2
165(a),Y,-,-2.099,1.412,1.5,2
165(a),Y,A,-0.862,0.57,14.5,2
165(a),Y,C,-2.288,0.2905,19,2
165(a),Y,D,-7.655,0,13,2
165(a),Y,E,-3.792,0,13,2
165(a),Y,F,1.114,0.8437,10,2
165(a),Y,G,-3.074,0.0935,8,2
165(a),Y,H,-0.07888,0.06661,11.5,2
165(a),Y,I,1.584,2.922,11,2
165(a),Y,K,-3.795,0,16,2
165(a),Y,L,-0.2853,0.7207,11.5,2
165(a),Y,M,-1.156,0.4694,8.5,2
165(a),Y,N,-4.705,0,10.5,2
165(a),Y,P,-1.089,1.091,10,2
165(a),Y,Q,-1.766,0.096,9.5,2
165(a),Y,R,-2.265,0.105,11.5,2
165(a),Y,S,-2.66,0.5395,6.5,2
165(a),Y,T,-0.6196,0.2253,11.5,2
165(a),Y,V,-1.726,0.3025,13,2
165(a),Y,W,-0.3644,0.414,10.5,2
165(a),Y,Y,0,0,,2
165(b),T,-,-0.04907,0,0.5,1
165(b),T,A,-0.7369,0.6701,11,2
165(b),T,C,-0.6256,1.121,7.5,2
165(b),T,D,-0.3281,0.4657,4,2
165(b),T,E,-0.7248,0.4922,6,2
165(b),T,F,-0.1279,0.899,10.5,2
165(b),T,G,-2.284,0.865,8,2
165(b),T,H,-0.1055,1.532,11,2
165(b),T,I,0.7995,0.9614,15.5,2
165(b),T,K,1.555,0.261,6,2
165(b),T,L,0.5043,1.287,10.5,2
165(b),T,M,4.641,5.879,6,2
165(b),T,N,0.2665,1.381,6,2
165(b),T,P,0.03205,0.2049,8,2
165(b),T,Q,-0.5154,0.8725,7,2
165(b),T,R,-0.6268,0,3.5,1
165(b),T,S,0.4834,0.2179,9.5,2
165(b),T,T,0,0,,2
165(b),T,V,-0.6714,0.2555,9.5,2
165(b),T,W,1.106,0.4614,5,2
165(b),T,Y,-1.368,0.6996,11,2
166(a),D,-,-3.846,0,1.5,1
166(a),D,A,-0.8259,1.355,4.5,2
166(a),D,C,0.422,1.615,8,2
166(a),D,D,0,0,,2
166(a),D,E,-0.0978,0.4523,9,2
166(a),D,F,0.4474,0.1266,7,2
166(a),D,G,-0.7023,0.9047,4.5,2
166(a),D,H,0.8742,0.0679,6,2
166(a),D,I,-0.6066,0.5604,6.5,2
166(a),D,K,0.6947,0.6413,2,2
166(a),D,L,0.5841,0.013,6.5,2
166(a),D,M,0.2303,1.052,5,2
166(a),D,N,-0.5046,0.3377,20,2
166(a),D,P,-7.771,0,8.5,2
166(a),D,Q,0.2361,0.4657,7,2
166(a),D,R,0.5569,0.843,10,2
166(a),D,S,-0.446,0.924,4,2
166(a),D,T,0.1032,0.1888,8,2
166(a),D,V,-0.692,0.202,5,2
166(a),D,W,-1.356,0.2485,9.5,2
166(a),D,Y,-0.1991,0.2836,6.5,2
166(b),P,-,-0.4679,0,1,1
166(b),P,A,-0.7678,0.5591,10.5,2
166(b),P,C,-0.1208,0.2103,10.5,2
166(b),P,D,-1.077,0.9219,7,2
166(b),P,E,-0.8,0.4941,9,2
166(b),P,F,0.371,1.365,8.5,2
166(b),P,G,1.854,1.285,9,2
166(b),P,H,-0.423,0.1341,14,2
166(b),P,I,1.95,0.3445,6,2
166(b),P,K,-0.759,0.2971,6,2
166(b),P,L,0.3239,0.6353,10.5,2
166(b),P,M,-1.248,0.717,7,2
166(b),P,N,-0.8951,1.651,5,2
166(b),P,P,0,0,,2
166(b),P,Q,0.363,2.061,7,2
166(b),P,R,0.6858,1.436,9.5,2
166(b),P,S,0.4059,1.082,12.5,2
166(b),P,T,-0.5187,0.4408,9.5,2
166(b),P,V,-0.7258,0.4873,9.5,2
166(b),P,W,-0.7827,0.0313,8.5,2
166(b),P,Y,1.064,0.3713,8,2
167(a),C,*,-8.713,0,2.5,2
167(a),C,-,-3.301,0,1,1
167(a),C,A,-1.108,0.4887,4.5,2
167(a),C,C,0,0,,2
167(a),C,D,-8.473,0,6.5,2
167(a),C,E,-9.552,0,9,2
167(a),C,F,-2.271,0.1045,11,2
167(a),C,G,-3.135,0.0605,9.5,2
167(a),C,H,-3.773,0,7.5,2
167(a),C,I,-1.37,0.4951,4.5,2
167(a),C,K,-7.271,0,11,2
167(a),C,L,-0.3501,0.5377,11,2
167(a),C,M,-1.544,0.138,6,2
167(a),C,N,-1.097,0.3833,6,2
167(a),C,P,-3.772,0,4.5,2
167(a),C,Q,-3.702,0,5.5,2
167(a),C,R,-7.842,0,10,2
167(a),C,S,-1.329,0.5899,6.5,2
167(a),C,T,-0.6622,1.301,4.5,2
167(a),C,V,0.2747,0.6322,5,2
167(a),C,W,-2.453,0.3975,9.5,2
167(a),C,Y,-3.693,0,37,2
167(b),Q,*,-7.758,0,4.5,2
167(b),Q,-,-0.7117,0.1018,1,2
167(b),Q,A,0.5985,0.3833,14.5,2
167(b),Q,C,-1.882,0.592,8.5,2
167(b),Q,D,0.01195,0.6402,7.5,2
167(b),Q,E,-0.4253,0.0748,11,2
167(b),Q,F,-1.302,0.208,5,2
167(b),Q,G,-0.2148,0.5512,9,2
167(b),Q,H,-0.5297,0.4763,8.5,2
167(b),Q,I,-0.1108,0.348,8.5,2
167(b),Q,K,-0.382,0.5392,13,2
167(b),Q,L,-0.4009,0.2207,10,2
167(b),Q,M,-0.7476,0.8024,9.5,2
167(b),Q,N,0.2495,1.861,7.5,2
167(b),Q,P,0.3774,0.7307,3,2
167(b),Q,Q,0,0,,2
167(b),Q,R,-0.0569,0.3243,20,2
167(b),Q,S,-0.9312,0.6358,10,2
167(b),Q,T,0.3852,0.0018,14,2
167(b),Q,V,-0.3896,1.329,9.5,2
167(b),Q,W,-0.7279,0.613,16.5,2
167(b),Q,Y,0.3608,0.395,13.5,2
168(a),R,*,-3.762,0,0.5,1
168(a),R,A,0.9024,0.6116,2,2
168(a),R,C,-1.747,0.111,3,2
168(a),R,D,-1.547,0,2,1
168(a),R,E,0.5905,0.1975,10,2
168(a),R,F,0.3483,0.9017,7,2
168(a),R,G,-0.2952,0.1398,14.5,2
168(a),R,H,-0.3529,1.274,1,2
168(a),R,I,1.373,1.385,10,2
168(a),R,K,-0.895,0.0023,13,2
168(a),R,L,0.8365,0.9836,7,2
168(a),R,M,0.5796,0.5194,17.5,2
168(a),R,N,-0.6041,0.8499,6.5,2
168(a),R,P,-3.397,0,5.5,2
168(a),R,Q,-0.007,2.08,5.5,2
168(a),R,R,0,0,,2
168(a),R,S,-1.157,0.4536,7,2
168(a),R,T,-0.8268,0.8932,10,2
168(a),R,V,-0.1801,0.4316,17.5,2
168(a),R,W,-0.722,0.2276,5.5,2
168(a),R,Y,0.6726,1.024,8.5,2
168(b),H,-,-1.595,0.405,1,2
168(b),H,A,-0.2559,1.026,8.5,2
168(b),H,C,-0.09715,0.9528,4,2
168(b),H,D,-0.147,1.927,8.5,2
168(b),H,E,-0.8256,0.4304,8.5,2
168(b),H,F,0.9996,0.9414,9,2
168(b),H,G,-0.939,0.3939,6.5,2
168(b),H,H,0,0,,2
168(b),H,I,1.075,0.5374,7.5,2
168(b),H,K,1.187,0.2787,11.5,2
168(b),H,L,0.1255,0.4227,8.5,2
168(b),H,M,-0.09695,0.2252,9.5,2
168(b),H,N,0.2663,1.094,9,2
168(b),H,P,-1.018,0.4829,9,2
168(b),H,Q,-0.169,1.3,15,2
168(b),H,R,0.3644,0.8206,17,2
168(b),H,S,1.53,0.9345,9,2
168(b),H,T,-2.119,0.7205,7,2
168(b),H,V,1.841,0.8305,8,2
168(b),H,W,-0.5995,0.7675,7.5,2
168(b),H,Y,0.03305,0.8837,14.5,2
169(a),V,-,-7.725,0,0.5,1
169(a),V,A,-0.2251,0.06605,12.5,2
169(a),V,C,-0.342,0.9481,9,2
169(a),V,D,-4.633,0,12.5,2
169(a),V,E,-3.585,0,11.5,2
169(a),V,F,-3.155,0.148,9,2
169(a),V,G,-0.7263,0.1873,12,2
169(a),V,H,-2.492,0.103,8.5,2
169(a),V,I,0.9679,1.817,19.5,2
169(a),V,K,-4.56,0,11.5,2
169(a),V,L,-0.6108,0.07025,12,2
169(a),V,M,-1.944,0.0795,33.5,2
169(a),V,N,-0.52,1.583,13,2
169(a),V,P,-1.695,0.315,12,2
169(a),V,Q,-2.164,0.22,12,2
169(a),V,R,-3.963,0,13.5,2
169(a),V,S,-1.573,0.221,12.5,2
169(a),V,T,-1.704,0.1015,8,2
169(a),V,V,0,0,,2
169(a),V,W,-2.502,0.3245,10.5,2
169(a),V,Y,-0.9373,0.1737,12.5,2
169(b),G,-,-1.611,0.2345,1.5,2
169(b),G,A,-0.2811,1.089,6,2
169(b),G,C,-1.648,0.7971,10,2
169(b),G,D,-0.1031,0.1242,18.5,2
169(b),G,E,-1.316,0.551,4.5,2
169(b),G,F,-1.445,0.6293,7,2
169(b),G,G,0,0,,2
169(b),G,H,-0.0632,0.4676,9.5,2
169(b),G,I,2.563,1.436,10,2
169(b),G,K,-0.8486,0.3293,10,2
169(b),G,L,-0.5607,0.2507,10.5,2
169(b),G,M,-0.0311,0.1758,6.5,2
169(b),G,N,1.667,0.5845,8.5,2
169(b),G,P,-0.1542,0.1801,10.5,2
169(b),G,Q,1.518,1.185,8,2
169(b),G,R,-1.481,0.1105,8.5,2
169(b),G,S,-0.1754,0.6961,15,2
169(b),G,T,-1.193,0.4151,10.5,2
169(b),G,V,-0.5001,0.3352,13.5,2
169(b),G,W,1.207,0.2381,12.5,2
169(b),G,Y,0.5914,0.6136,9.5,2
17(T2A),E,*,-0.4525,0,0.5,1
17(T2A),E,-,0.7031,0,1.5,1
17(T2A),E,A,0.6617,0,0.5,1
17(T2A),E,D,-3.654,0,1.5,2
17(T2A),E,E,0,0,,2
17(T2A),E,G,-1.227,0.3235,2.5,2
17(T2A),E,K,-0.3788,0.1086,74.5,2
17(a),E,*,-8.119,0,10,2
17(a),E,-,-1.005,0.3408,1.5,2
17(a),E,A,0.227,1.391,14.5,2
17(a),E,C,-0.9931,0.0089,7,2
17(a),E,D,-0.4988,0.3613,15,2
17(a),E,E,0,0,,2
17(a),E,F,-1.112,0.6967,10.5,2
17(a),E,G,-1.339,0.4054,10,2
17(a),E,H,0.8015,2.219,7.5,2
17(a),E,I,-0.856,0.2249,10,2
17(a),E,K,-1.827,0.094,14.5,2
17(a),E,L,-0.6114,0.6686,10,2
17(a),E,M,-1.621,0.4755,13,2
17(a),E,N,0.1904,1.094,8,2
17(a),E,P,-1.736,0.0545,7,2
17(a),E,Q,-2.518,0.1735,7.5,2
17(a),E,R,-1.591,0.427,9.5,2
17(a),E,S,-0.4969,0.226,8,2
17(a),E,T,-0.1487,0.7101,5.5,2
17(a),E,V,-1.221,0.3547,15,2
17(a),E,W,-1.792,0.8418,7,2
17(a),E,Y,-0.3915,1.401,8,2
17(b),C,*,-4.684,0,0.5,1
17(b),C,-,-1.021,0.8116,1.5,2
17(b),C,A,-4.492,0,8,2
17(b),C,C,0,0,,2
17(b),C,D,-8.29,0,11,2
17(b),C,E,-10.27,0,7,2
17(b),C,F,-4.546,0,14.5,2
17(b),C,G,-7.416,0,8,2
17(b),C,H,-9.518,0,11.5,2
17(b),C,I,-3.579,0,9.5,2
17(b),C,K,-7.909,0,13,2
17(b),C,L,-4.303,0,15.5,2
17(b),C,M,-4.125,0,12.5,2
17(b),C,N,-8.302,0,12.5,2
17(b),C,P,-9.355,0,12,2
17(b),C,Q,-7.751,0,8.5,2
17(b),C,R,-7.696,0,14.5,2
17(b),C,S,-9.925,0,15,2
17(b),C,T,-5.679,0,12.5,2
17(b),C,V,-3.731,0,8,2
17(b),C,W,-8.132,0,7,2
17(b),C,Y,-5.631,0,28.5,2
170(a),E,*,-11.23,0,3,2
170(a),E,-,0.0259,0,0.5,1
170(a),E,A,-0.2768,0.1568,13,2
170(a),E,C,0.3885,0.1186,7.5,2
170(a),E,D,1.887,0.1125,7,2
170(a),E,E,0,0,,2
170(a),E,F,-0.4264,0.532,13,2
170(a),E,G,-1.04,1.063,13,2
170(a),E,H,0.0205,1.383,8.5,2
170(a),E,I,-1.219,1.057,5.5,2
170(a),E,K,-0.1814,0.06435,51.5,2
170(a),E,L,0.602,1.009,6.5,2
170(a),E,M,1.025,0.3483,6,2
170(a),E,N,0.4878,1.175,8,2
170(a),E,P,-1.167,1.202,8,2
170(a),E,Q,-0.511,0.4414,4.5,2
170(a),E,R,-1.08,1.559,9,2
170(a),E,S,1.602,0.7855,7.5,2
170(a),E,T,-0.6773,0.2699,13.5,2
170(a),E,V,-1.259,0.4338,9.5,2
170(a),E,W,-0.7101,0.1039,10.5,2
170(a),E,Y,-1.164,0.3256,8,2
170(b),D,-,-1.938,0.1895,2.5,2
170(b),D,A,-0.1813,0.5014,11,2
170(b),D,C,-0.7903,0.2838,12.5,2
170(b),D,D,0,0,,2
170(b),D,E,0.7728,0.8492,11,2
170(b),D,F,1.457,0.3555,9,2
170(b),D,G,-0.7149,1.093,11.5,2
170(b),D,H,1.122,0.8424,10,2
170(b),D,I,0.0035,1.8,8.5,2
170(b),D,K,-0.1061,0.4616,10,2
170(b),D,L,-0.4861,0.3967,9,2
170(b),D,M,0.2944,0.1894,7.5,2
170(b),D,N,0.4691,0.1146,19,2
170(b),D,P,-0.4047,0.4358,10,2
170(b),D,Q,0.688,1.925,8,2
170(b),D,R,0.3962,1.297,12,2
170(b),D,S,0.5477,0.2702,8,2
170(b),D,T,-0.04975,0.03802,8.5,2
170(b),D,V,-0.1329,0.9591,6.5,2
170(b),D,W,0.6365,1.804,14,2
170(b),D,Y,-0.5305,0.227,10,2
171(a),H,-,0.8754,0,0.5,1
171(a),H,A,-1.22,0.7934,9.5,2
171(a),H,C,-1.244,0.2808,9.5,2
171(a),H,D,-2.211,0.3735,8.5,2
171(a),H,E,-2.059,0.7035,11,2
171(a),H,F,0.7802,0.3278,9.5,2
171(a),H,G,-1.686,0.517,9.5,2
171(a),H,H,0,0,,2
171(a),H,I,-1.481,0.45,12,2
171(a),H,K,-2.4,0.4295,12.5,2
171(a),H,L,-0.7692,0.9808,11.5,2
171(a),H,M,0.6407,0.5523,13,2
171(a),H,N,-1.995,0.51,15,2
171(a),H,P,-0.2282,0.3906,10,2
171(a),H,Q,-0.3397,1.01,10.5,2
171(a),H,R,-0.273,0.2881,11,2
171(a),H,S,-0.5051,0.5339,11,2
171(a),H,T,0.6735,2.373,11,2
171(a),H,V,-1.663,0.1225,9.5,2
171(a),H,W,-0.7874,1.048,10,2
171(a),H,Y,-0.9532,0.4408,15,2
171(b),T,-,-2.14,0.9265,3.5,2
171(b),T,A,0.7567,1.154,12.5,2
171(b),T,C,0.156,0.394,9.5,2
171(b),T,D,-0.4502,0.5788,7,2
171(b),T,E,4.68,4.253,6,2
171(b),T,F,-0.1807,0.1529,3,2
171(b),T,G,0.4953,0.4095,11.5,2
171(b),T,H,-0.7025,0.4685,7,2
171(b),T,I,-0.4826,0.3246,16,2
171(b),T,K,-0.386,1.772,9,2
171(b),T,L,-0.5998,0.1814,12.5,2
171(b),T,M,-0.07815,0.5375,7.5,2
171(b),T,N,-0.03425,0.8672,11,2
171(b),T,P,-0.7153,0.1192,9,2
171(b),T,Q,-0.7148,0.5792,6.5,2
171(b),T,R,-0.0852,0.5692,13,2
171(b),T,S,-0.06495,0.7575,6,2
171(b),T,T,0,0,,2
171(b),T,V,0.1846,0.08886,7.5,2
171(b),T,W,0.1689,0.3214,13.5,2
171(b),T,Y,0.3341,0.3205,13,2
172(a),W,*,-8.761,0,16,2
172(a),W,-,-0.05735,0.6205,1,2
172(a),W,A,-0.3982,0.9957,8.5,2
172(a),W,C,-1.05,0.2221,17.5,2
172(a),W,D,-0.9537,0.1493,13.5,2
172(a),W,E,0.4976,1.134,8.5,2
172(a),W,F,0.8881,1.369,8.5,2
172(a),W,G,-0.8516,0.3044,8.5,2
172(a),W,H,-0.2227,0.3414,11.5,2
172(a),W,I,1.037,0.7179,5,2
172(a),W,K,-0.3597,0.09795,10,2
172(a),W,L,0.3478,0.1366,17,2
172(a),W,M,0.815,0.03055,11.5,2
172(a),W,N,0.2624,0.4191,9,2
172(a),W,P,0.08715,0.2658,11.5,2
172(a),W,Q,-1.039,0.8661,11,2
172(a),W,R,-0.2401,0.1838,19.5,2
172(a),W,S,-0.9883,0.4488,8.5,2
172(a),W,T,-0.6471,0.2423,7.5,2
172(a),W,V,1.349,0.022,8.5,2
172(a),W,W,0,0,,2
172(a),W,Y,3.446,3.531,10,2
172(b),Y,*,-0.6529,0,0.5,1
172(b),Y,-,-2.141,0.5735,3.5,2
172(b),Y,A,-1.069,0.6597,7.5,2
172(b),Y,C,-0.5394,0.3087,16,2
172(b),Y,D,-3.488,0,8,2
172(b),Y,E,-3.378,0,7.5,2
172(b),Y,F,1.166,0.4071,9,2
172(b),Y,G,-3.106,0.019,9,2
172(b),Y,H,-1.586,0.2635,21.5,2
172(b),Y,I,0.2103,0.08055,12.5,2
172(b),Y,K,-2.885,0.136,8.5,2
172(b),Y,L,-0.686,0.5531,7,2
172(b),Y,M,-0.6813,0.6657,8.5,2
172(b),Y,N,-0.928,0.832,6.5,2
172(b),Y,P,-1.783,1.09,6,2
172(b),Y,Q,-0.7866,0.1583,5,2
172(b),Y,R,-2.38,0.1765,11,2
172(b),Y,S,-0.6963,1.08,5,2
172(b),Y,T,-1.737,0.677,7,2
172(b),Y,V,-2.035,0.851,8.5,2
172(b),Y,W,1.79,0.2465,9.5,2
172(b),Y,Y,0,0,,2
173(a),G,-,0.01654,0.06082,1,2
173(a),G,A,1.565,0.1325,8,2
173(a),G,C,0.9173,0.9817,13.5,2
173(a),G,D,-0.0445,1.143,15.5,2
173(a),G,E,0.3195,1.374,10,2
173(a),G,F,0.204,1.615,18.5,2
173(a),G,G,0,0,,2
173(a),G,H,1.143,0.1511,7.5,2
173(a),G,I,-0.0411,0.6837,5.5,2
173(a),G,K,0.3822,0.1117,10.5,2
173(a),G,L,-0.6422,0.8658,9,2
173(a),G,M,0.59,0.833,8,2
173(a),G,N,0.1947,0.7862,8,2
173(a),G,P,0.2197,0.666,9.5,2
173(a),G,Q,-1.008,0.5085,9.5,2
173(a),G,R,-0.4102,0.2222,8.5,2
173(a),G,S,-1.589,0.0965,14.5,2
173(a),G,T,2.284,1.647,11,2
173(a),G,V,-0.3274,0.09125,15.5,2
173(a),G,W,-0.7587,0.2089,9.5,2
173(a),G,Y,-0.4118,0.06785,12,2
173(b),E,*,-9.186,0,5,2
173(b),E,-,-1.365,1.152,5,2
173(b),E,A,1.005,1.108,14.5,2
173(b),E,C,1.241,0.8889,13,2
173(b),E,D,-1.707,0.8892,13,2
173(b),E,E,0,0,,2
173(b),E,F,-1.184,0.3858,12.5,2
173(b),E,G,0.1259,0.7676,10.5,2
173(b),E,H,-0.457,1.38,6,2
173(b),E,I,0.5865,0.6395,11,2
173(b),E,K,0.825,1.919,8.5,2
173(b),E,L,-0.9976,0.2115,15,2
173(b),E,M,-0.1613,0.481,9,2
173(b),E,N,0.0885,1.103,10.5,2
173(b),E,P,-4.601,0,16,2
173(b),E,Q,-0.1674,0.5854,8,2
173(b),E,R,-0.1644,0.7726,7,2
173(b),E,S,-0.6236,0.4024,11,2
173(b),E,T,0.0358,0.5658,6,2
173(b),E,V,-1.596,0.6785,9.5,2
173(b),E,W,0.1064,0.4593,8,2
173(b),E,Y,0.3869,0.7152,14.5,2
174(a),L,-,0.225,0,0.5,1
174(a),L,A,0.8021,1.073,7,2
174(a),L,C,0.4225,1.487,8,2
174(a),L,D,-0.1875,1.429,13.5,2
174(a),L,E,-0.302,1.09,8.5,2
174(a),L,F,0.8841,0.3579,9.5,2
174(a),L,G,-0.064,0.5673,8.5,2
174(a),L,H,0.6176,0.4185,11,2
174(a),L,I,-1.414,0.538,18,2
174(a),L,K,-0.6201,0.2007,11.5,2
174(a),L,L,0,0,,2
174(a),L,M,0.417,1.595,13.5,2
174(a),L,N,-0.5714,0.2112,6,2
174(a),L,P,-0.9766,0.0233,22,2
174(a),L,Q,0.8085,2.054,11.5,2
174(a),L,R,0.8253,0.4307,12,2
174(a),L,S,0.2688,0.5843,8.5,2
174(a),L,T,-0.4177,0.3561,9,2
174(a),L,V,-1.206,0.6841,6.5,2
174(a),L,W,0.0432,0.9183,7,2
174(a),L,Y,0.7807,0.8243,6,2
174(b),C,-,-0.8307,0.9433,4.5,2
174(b),C,A,-1.603,0.7818,7.5,2
174(b),C,C,0,0,,2
174(b),C,D,-7.835,0,11,2
174(b),C,E,-8.421,0,6,2
174(b),C,F,-3.164,0,10,2
174(b),C,G,-5.072,0,11,2
174(b),C,H,-8.369,0,8,2
174(b),C,I,-1.702,0.446,9.5,2
174(b),C,K,-7.581,0,6,2
174(b),C,L,-1.371,0.3967,10,2
174(b),C,M,-2.95,0.697,7.5,2
174(b),C,N,-9.836,0,4,2
174(b),C,P,-6.338,0,5.5,2
174(b),C,Q,-7.737,0,6.5,2
174(b),C,R,-14.91,0,12,2
174(b),C,S,-3.981,0,9.5,2
174(b),C,T,-2.772,0.272,7.5,2
174(b),C,V,-1.615,0.4785,7,2
174(b),C,W,-4.603,0,9.5,2
174(b),C,Y,-4.172,0,12,2
175(a),P,-,0.05203,0,0.5,1
175(a),P,A,-0.9881,1.439,8,2
175(a),P,C,-1.059,0.2062,8,2
175(a),P,D,1.016,0.5546,7.5,2
175(a),P,E,-1.022,0.3539,12,2
175(a),P,F,-1.043,1.259,7,2
175(a),P,G,-0.1343,0.3602,7,2
175(a),P,H,0.4084,0.4416,13.5,2
175(a),P,I,0.4917,1.04,10,2
175(a),P,K,0.742,0.602,11,2
175(a),P,L,-0.3855,0.5465,12,2
175(a),P,M,0.1214,0.2191,9,2
175(a),P,N,0.6143,0.05045,9.5,2
175(a),P,P,0,0,,2
175(a),P,Q,1.135,0.3349,7.5,2
175(a),P,R,0.3697,1.033,7,2
175(a),P,S,-0.5774,0.3068,26,2
175(a),P,T,-0.2454,0.3494,15,2
175(a),P,V,-0.5598,0.6632,15,2
175(a),P,W,-0.222,0.4139,8.5,2
175(a),P,Y,1.179,0.7161,7,2
175(b),H,-,1.064,0,3.5,1
175(b),H,A,0.0918,0.773,10.5,2
175(b),H,C,1.755,1.305,11.5,2
175(b),H,D,-0.06705,0.3726,8.5,2
175(b),H,E,-0.8542,0.8848,6,2
175(b),H,F,-1.778,0.9987,10.5,2
175(b),H,G,1.183,0.4002,12,2
175(b),H,H,0,0,,2
175(b),H,I,0.9957,1.447,9.5,2
175(b),H,K,0.02533,0.09857,10.5,2
175(b),H,L,0.3844,0.1811,6.5,2
175(b),H,M,-0.0835,1.656,10.5,2
175(b),H,N,0.843,0.562,4.5,2
175(b),H,P,-5.085,0,12,2
175(b),H,Q,0.1629,0.2136,12.5,2
175(b),H,R,-0.2757,1.058,19,2
175(b),H,S,-0.5839,0.8131,12,2
175(b),H,T,0.7066,0.1763,8.5,2
175(b),H,V,0.03165,0.4867,11,2
175(b),H,W,0.4053,0.217,11,2
175(b),H,Y,0.1073,0.4942,14,2
176(a),E,*,-9.336,0,2.5,2
176(a),E,A,0.8748,0.6372,10.5,2
176(a),E,C,1.138,0.8622,8.5,2
176(a),E,D,0.311,1.283,7.5,2
176(a),E,E,0,0,,2
176(a),E,F,-1.036,0.1893,9,2
176(a),E,G,-0.2847,0.7342,20,2
176(a),E,H,0.3568,0.354,11,2
176(a),E,I,-0.1213,0.2716,10,2
176(a),E,K,-0.2258,0.2489,42.5,2
176(a),E,L,-0.872,1.777,6,2
176(a),E,M,0.6306,0.5654,9.5,2
176(a),E,N,1.768,0.693,13,2
176(a),E,P,0.026,1.968,7,2
176(a),E,Q,-0.027,0.1878,12.5,2
176(a),E,R,0.4045,0.9264,8.5,2
176(a),E,S,-0.8853,0.1617,8.5,2
176(a),E,T,1.458,0.22,10,2
176(a),E,V,-1.65,0.8697,8.5,2
176(a),E,W,-0.0125,0.338,9.5,2
176(a),E,Y,-1.227,1.02,11.5,2
176(b),V,-,-1.88,0,3,1
176(b),V,A,-0.8897,0.9583,12,2
176(b),V,C,-1.015,0.6407,12.5,2
176(b),V,D,-7.543,0,7,2
176(b),V,E,-4.392,0,15.5,2
176(b),V,F,-0.4354,0.6976,8.5,2
176(b),V,G,-1.998,0.259,9.5,2
176(b),V,H,-4.033,0,10.5,2
176(b),V,I,-0.824,0.1929,9.5,2
176(b),V,K,-8.1,0,11.5,2
176(b),V,L,-0.4281,0.4911,12,2
176(b),V,M,-0.409,0.1387,21.5,2
176(b),V,N,-4.178,0,9,2
176(b),V,P,-2.763,0.197,12,2
176(b),V,Q,-4.283,0,10,2
176(b),V,R,-6.936,0,7.5,2
176(b),V,S,-2.049,0.7085,8,2
176(b),V,T,2.309,1.387,17,2
176(b),V,V,0,0,,2
176(b),V,W,-2.198,0.417,9.5,2
176(b),V,Y,-2.244,0.3025,2.5,2
177(a),P,A,0.013,0.6719,7,2
177(a),P,C,-0.5023,0.5177,10,2
177(a),P,D,-0.6575,1.77,6,2
177(a),P,E,-0.8998,0.5362,7.5,2
177(a),P,F,1.885,0.3725,6.5,2
177(a),P,G,1.398,0.5334,5,2
177(a),P,H,1.76,0.001,11,2
177(a),P,I,-0.1374,0.5391,12.5,2
177(a),P,K,0.3846,0.3407,11,2
177(a),P,L,-0.5342,0.4644,9,2
177(a),P,M,-0.7122,0.01795,10.5,2
177(a),P,N,-0.8841,0.01455,13.5,2
177(a),P,P,0,0,,2
177(a),P,Q,0.0603,1.059,10.5,2
177(a),P,R,1.032,1.114,8.5,2
177(a),P,S,0.6177,0.6073,18.5,2
177(a),P,T,0.8241,0.9079,15.5,2
177(a),P,V,0.9269,1.382,11,2
177(a),P,W,0.2306,0.1104,12.5,2
177(a),P,Y,0.3219,0.3885,10.5,2
177(b),Q,*,-8.339,0,15.5,2
177(b),Q,-,-0.9773,0,3,1
177(b),Q,A,-0.5541,0.0124,11,2
177(b),Q,C,0.2385,1.559,9,2
177(b),Q,D,1.908,0.0455,8,2
177(b),Q,E,0.8663,0.1054,14,2
177(b),Q,F,1.03,0.4245,13,2
177(b),Q,G,0.0025,0.7768,12,2
177(b),Q,H,0.5606,0.0626,10.5,2
177(b),Q,I,1.129,0.9438,10.5,2
177(b),Q,K,0.889,1.912,9,2
177(b),Q,L,0.4802,0.9348,9.5,2
177(b),Q,M,-0.5839,0.06365,15,2
177(b),Q,N,-0.9486,0.1494,9.5,2
177(b),Q,P,-2.687,0.203,13,2
177(b),Q,Q,0,0,,2
177(b),Q,R,-0.3265,1.619,14,2
177(b),Q,S,-0.5683,0.4477,9.5,2
177(b),Q,T,0.5551,1.397,11.5,2
177(b),Q,V,2.412,0.1315,10.5,2
177(b),Q,W,-0.6362,0.7708,11.5,2
177(b),Q,Y,-0.3948,0.2905,13.5,2
178(a),L,A,0.5357,1.489,6,2
178(a),L,C,-0.8397,0.06305,9.5,2
178(a),L,D,-0.4062,0.5333,7.5,2
178(a),L,E,0.4882,0.7907,7,2
178(a),L,F,-0.115,0.2868,6.5,2
178(a),L,G,-1.321,0.5797,12,2
178(a),L,H,0.5899,0.697,8,2
178(a),L,I,-1.156,0.4371,7,2
178(a),L,K,0.2888,0.2421,6.5,2
178(a),L,L,0,0,,2
178(a),L,M,0.2748,0.1289,11.5,2
178(a),L,N,1.785,0.0435,6.5,2
178(a),L,P,-0.333,0.2596,23.5,2
178(a),L,Q,-0.3909,0.4542,9,2
178(a),L,R,0.5879,0.0465,8.5,2
178(a),L,S,-1.518,0.3095,8.5,2
178(a),L,T,-0.2566,0.06745,10.5,2
178(a),L,V,1.197,0.0695,6,2
178(a),L,W,0.8488,1.522,10,2
178(a),L,Y,0.924,0.747,6,2
178(b),H,-,-2.353,0,3,1
178(b),H,A,-0.1968,1.116,7,2
178(b),H,C,-0.6842,0.1398,11.5,2
178(b),H,D,-1.245,0.077,4.5,2
178(b),H,E,-0.9274,0.1696,6.5,2
178(b),H,F,-1.847,0.126,11,2
178(b),H,G,-0.0337,0.4484,9.5,2
178(b),H,H,0,0,,2
178(b),H,I,-2.109,0.4805,8.5,2
178(b),H,K,-1.358,0.5555,10,2
178(b),H,L,-0.3332,0.9348,13,2
178(b),H,M,-0.061,0.7717,10,2
178(b),H,N,-1.113,0.186,12.5,2
178(b),H,P,-1.676,0.436,10,2
178(b),H,Q,-1.229,0.7998,14.5,2
178(b),H,R,-1.631,0.2135,16,2
178(b),H,S,-0.4194,0.0261,12.5,2
178(b),H,T,-0.3828,0.09665,11,2
178(b),H,V,-0.3293,0.9327,13,2
178(b),H,W,0.4218,0.7432,13,2
178(b),H,Y,-0.2377,0.4923,19.5,2
179(a),M,A,1.227,0.4041,11,2
179(a),M,C,0.6576,1.43,9.5,2
179(a),M,D,0.575,0.3831,9,2
179(a),M,E,0.045,1.202,3.5,2
179(a),M,F,-0.9617,0.0883,8,2
179(a),M,G,-0.0931,0.5228,11,2
179(a),M,H,-0.4824,0.5896,5.5,2
179(a),M,I,-0.3134,0.5652,22.5,2
179(a),M,K,-0.0569,0.2765,9,2
179(a),M,L,0.135,1.273,10,2
179(a),M,M,0,0,,2
179(a),M,N,-1.359,1.217,7,2
179(a),M,P,-0.3217,0.2595,12.5,2
179(a),M,Q,-0.3668,0.2531,9.5,2
179(a),M,R,0.0818,0.6649,10,2
179(a),M,S,1.068,0.6384,12.5,2
179(a),M,T,0.2402,0.0582,11.5,2
179(a),M,V,-0.2749,0.3138,14,2
179(a),M,W,-0.6192,0.213,8,2
179(a),M,Y,1.351,2.136,5.5,2
179(b),A,-,-1.23,0,3,1
179(b),A,A,0,0,,2
179(b),A,C,-0.1976,0.3111,12,2
179(b),A,D,1.109,0.449,10.5,2
179(b),A,E,-3.175,1.29,5.5,2
179(b),A,F,-0.6185,0.2615,12.5,2
179(b),A,G,-1.94,0.4565,4.5,2
179(b),A,H,-0.548,1.176,3,2
179(b),A,I,-0.3244,0.4506,13,2
179(b),A,K,-0.5266,1.036,12.5,2
179(b),A,L,0.9624,0.3897,8,2
179(b),A,M,-0.9246,0.8584,8.5,2
179(b),A,N,-0.3245,0.0416,12,2
179(b),A,P,-0.6783,0.8687,12,2
179(b),A,Q,-1.478,0.2295,8,2
179(b),A,R,0.7591,0.7799,7.5,2
179(b),A,S,-0.5739,0.7911,17.5,2
179(b),A,T,-0.6686,0.4844,25.5,2
179(b),A,V,0.4252,0.4155,14.5,2
179(b),A,W,-0.2637,0.5525,12,2
179(b),A,Y,-0.4085,0.06305,15,2
18(T2A),N,-,-0.612,0,1,1
18(T2A),N,D,-1.085,0.744,2,2
18(T2A),N,G,0.5746,1.428,2,2
18(T2A),N,H,-1.335,0.2305,2.5,2
18(T2A),N,K,-2.492,1.397,1.5,2
18(T2A),N,N,0,0,,2
18(T2A),N,S,-2.6,0.2075,4,2
18(T2A),N,T,-0.7535,2.13,2,2
18(a),T,*,-7.7,0,7,2
18(a),T,-,-0.3084,0.4871,1.5,2
18(a),T,A,-0.5283,0.9516,11,2
18(a),T,C,0.5653,0.9557,6,2
18(a),T,D,0.8935,0.7464,8.5,2
18(a),T,E,-0.4584,0.6557,8,2
18(a),T,F,1.635,1.063,10,2
18(a),T,G,-0.7224,0.6077,10,2
18(a),T,H,-0.03446,0.04379,14,2
18(a),T,I,-0.2609,0.2029,16.5,2
18(a),T,K,-0.0475,0.4396,11.5,2
18(a),T,L,-0.5957,0.1271,10,2
18(a),T,M,-0.7733,0.3987,7,2
18(a),T,N,1.636,0.163,9.5,2
18(a),T,P,-0.6817,1.124,11,2
18(a),T,Q,0.5579,0.5671,13.5,2
18(a),T,R,-1.141,0.7496,7.5,2
18(a),T,S,0.3825,0.2093,9.5,2
18(a),T,T,0,0,,2
18(a),T,V,-0.7853,0.8547,9.5,2
18(a),T,W,-0.4209,0.2383,7,2
18(a),T,Y,-0.2865,0.02915,7.5,2
18(b),H,-,-1.159,0.7497,1.5,2
18(b),H,A,-1.837,0.3065,7,2
18(b),H,C,-2.04,0.439,13,2
18(b),H,D,-1.575,0.701,13.5,2
18(b),H,E,-1.723,0.2655,10.5,2
18(b),H,F,-1.258,0.7787,5,2
18(b),H,G,-3.026,0.2475,15.5,2
18(b),H,H,0,0,,2
18(b),H,I,-1.537,0.285,13,2
18(b),H,K,-1.363,0.4119,15,2
18(b),H,L,-1.983,0.129,10,2
18(b),H,M,-1.332,0.6271,10.5,2
18(b),H,N,-2.058,0.2515,15,2
18(b),H,P,-9.699,0,14,2
18(b),H,Q,-0.5591,0.2163,10,2
18(b),H,R,-1.011,0.2619,16,2
18(b),H,S,-1.954,0.0705,6,2
18(b),H,T,-2.13,0.341,10,2
18(b),H,V,-2.659,0.0115,7,2
18(b),H,W,-1.189,0.106,9.5,2
18(b),H,Y,-0.76,0.864,7.5,2
180(a),T,-,-1.407,0,0.5,1
180(a),T,A,-0.6662,0.9408,12,2
180(a),T,C,-0.188,1.893,8.5,2
180(a),T,D,-0.8868,0.3363,9.5,2
180(a),T,E,0.6119,1.255,10,2
180(a),T,F,0.2883,0.5563,11.5,2
180(a),T,G,-0.4665,1.993,3,2
180(a),T,H,0.3304,0.7967,8,2
180(a),T,I,0.5592,0.9158,11.5,2
180(a),T,K,-1.207,1.321,7,2
180(a),T,L,0.5923,0.2941,8.5,2
180(a),T,M,-0.6062,0.08765,18.5,2
180(a),T,N,-0.6261,0.9708,9,2
180(a),T,P,0.901,1.379,13,2
180(a),T,Q,0.5613,0.9307,4.5,2
180(a),T,R,-0.667,0.407,10.5,2
180(a),T,S,-1.022,0.5853,13.5,2
180(a),T,T,0,0,,2
180(a),T,V,0.7086,0.6734,11,2
180(a),T,W,-0.2083,1.168,11.5,2
180(a),T,Y,0.6562,0.185,6.5,2
180(b),S,-,-2.158,0,3,1
180(b),S,A,-0.2111,0.3352,13,2
180(b),S,C,-0.166,0.6238,10.5,2
180(b),S,D,-0.315,1.765,6,2
180(b),S,E,0.3035,0.2953,10,2
180(b),S,F,-1.623,0.153,10.5,2
180(b),S,G,-0.5877,0.02395,8,2
180(b),S,H,-0.0815,1.232,9,2
180(b),S,I,-1.141,0.421,7.5,2
180(b),S,K,-0.1995,0.5667,8,2
180(b),S,L,-2.186,0.226,4,2
180(b),S,M,-1.288,0.0845,12,2
180(b),S,N,-1.014,1.345,8,2
180(b),S,P,-0.5299,0.2555,15,2
180(b),S,Q,-1.136,0.8919,7,2
180(b),S,R,-1.118,1.346,5.5,2
180(b),S,S,0,0,,2
180(b),S,T,-0.3467,0.3248,12,2
180(b),S,V,-1.151,0.8162,12,2
180(b),S,W,-2.361,0.4395,11,2
180(b),S,Y,-1.126,0.1267,10,2
181(a),H,-,-1.165,0,0.5,1
181(a),H,A,0.3473,0.4816,7,2
181(a),H,C,-1.374,0.8083,5.5,2
181(a),H,D,0.6023,1.146,13.5,2
181(a),H,E,-0.3646,1.312,8,2
181(a),H,F,-1.039,0.216,7.5,2
181(a),H,G,-0.2853,0.172,11,2
181(a),H,H,0,0,,2
181(a),H,I,0.4295,0.7515,10.5,2
181(a),H,K,0.6822,0.6468,7,2
181(a),H,L,-1.205,0.7499,11,2
181(a),H,M,-0.5271,0.8889,7.5,2
181(a),H,N,0.1175,0.5162,9.5,2
181(a),H,P,0.2268,1.036,7,2
181(a),H,Q,1.864,1.983,6.5,2
181(a),H,R,-1.718,0.5285,8,2
181(a),H,S,0.0364,0.5525,13,2
181(a),H,T,-0.4691,0.4396,6.5,2
181(a),H,V,0.0075,1.02,11,2
181(a),H,W,-1.039,0.7916,18.5,2
181(a),H,Y,-1.373,0.8314,10.5,2
181(b),L,-,-1.538,0,3,1
181(b),L,A,-0.3262,0.8038,8,2
181(b),L,C,-0.01485,0.7376,13,2
181(b),L,D,1.637,0.9083,6.5,2
181(b),L,E,-0.2687,0.6946,10,2
181(b),L,F,0.2105,0.1795,8,2
181(b),L,G,-0.6746,0.5093,6.5,2
181(b),L,H,-0.7062,0.4969,11,2
181(b),L,I,-1.779,0.3255,13,2
181(b),L,K,1.125,0.4694,6,2
181(b),L,L,0,0,,2
181(b),L,M,1.096,1.501,8.5,2
181(b),L,N,-0.7355,0.03805,9,2
181(b),L,P,-0.4415,1.571,11.5,2
181(b),L,Q,0.1641,0.3691,5.5,2
181(b),L,R,0.5735,0.7685,9.5,2
181(b),L,S,1.456,0.178,11,2
181(b),L,T,-0.6318,1.386,9,2
181(b),L,V,0.4454,1.007,14,2
181(b),L,W,1.445,0.3565,6.5,2
181(b),L,Y,-0.8344,0.07645,7,2
182(a),W,*,-8.46,0,21.5,2
182(a),W,-,-0.2369,0,1,1
182(a),W,A,0.5645,0.4254,11,2
182(a),W,C,-1.853,0.288,11.5,2
182(a),W,D,-1.622,0.083,11.5,2
182(a),W,E,-0.929,0.095,11.5,2
182(a),W,F,-0.7095,0.5675,8.5,2
182(a),W,G,-2.084,0.0945,6,2
182(a),W,H,-0.0019,0.9544,9,2
182(a),W,I,1.413,0.1805,5.5,2
182(a),W,K,-1.501,0.9315,3.5,2
182(a),W,L,-1.316,0.5814,11,2
182(a),W,M,0.4155,0.5895,12,2
182(a),W,N,-0.4102,0.6708,8,2
182(a),W,P,-2.575,0.2465,7.5,2
182(a),W,Q,-2.042,1,7.5,2
182(a),W,R,-2.349,0.035,22,2
182(a),W,S,0.593,1.711,12,2
182(a),W,T,-1.445,0.1985,11.5,2
182(a),W,V,-0.2977,0.6765,11,2
182(a),W,W,0,0,,2
182(a),W,Y,0.2507,1.182,11,2
182(b),K,*,-4.273,0,0.5,1
182(b),K,-,-0.2732,0,2,1
182(b),K,A,-0.9979,0.6281,10,2
182(b),K,C,-0.8579,0.8421,11,2
182(b),K,D,-0.9549,0.6571,9,2
182(b),K,E,-0.8068,0.4881,13.5,2
182(b),K,F,-1.133,0.7692,10.5,2
182(b),K,G,-0.6102,0.8488,10,2
182(b),K,H,0.9459,1.561,8.5,2
182(b),K,I,1.176,0.3473,7.5,2
182(b),K,K,0,0,,2
182(b),K,L,-1.093,0.1616,13.5,2
182(b),K,M,0.9439,1.273,9.5,2
182(b),K,N,0.5615,0.8065,16,2
182(b),K,P,0.7181,1.122,9,2
182(b),K,Q,-0.2803,0.0231,12,2
182(b),K,R,-1.375,0.3997,18.5,2
182(b),K,S,-0.328,0.6423,9,2
182(b),K,T,2.236,0.3035,8,2
182(b),K,V,-0.006908,0.01151,8.5,2
182(b),K,W,-0.5082,0.3512,11,2
182(b),K,Y,-0.4181,0.0407,9.5,2
183(a),E,*,-6.988,0,1.5,1
183(a),E,-,-1.23,0,1,1
183(a),E,A,-0.6122,0.1105,10.5,2
183(a),E,C,-0.6755,0.3194,12,2
183(a),E,D,0.689,1.209,9.5,2
183(a),E,E,0,0,,2
183(a),E,F,-0.2289,0.4383,12,2
183(a),E,G,0.5392,0.9098,14,2
183(a),E,H,0.1543,1.124,6.5,2
183(a),E,I,0.4957,0.9033,6.5,2
183(a),E,K,1.172,0.722,16,2
183(a),E,L,-0.1236,0.8091,8.5,2
183(a),E,M,0.2746,0.608,8.5,2
183(a),E,N,0.9458,0.2712,9,2
183(a),E,P,-1.765,0.255,11,2
183(a),E,Q,0.5705,2.421,7.5,2
183(a),E,R,-0.8009,0.3071,11,2
183(a),E,S,0.1275,0.286,11.5,2
183(a),E,T,0.7171,0.03605,7.5,2
183(a),E,V,-0.5344,0.8596,11.5,2
183(a),E,W,-0.5695,0.2432,11.5,2
183(a),E,Y,0.3779,0.7091,7,2
183(b),S,-,-0.6111,0,2,1
183(b),S,A,1.38,1.224,8,2
183(b),S,C,-0.9704,0.1306,13,2
183(b),S,D,-0.02815,0.2394,7,2
183(b),S,E,-0.7624,1.305,7.5,2
183(b),S,F,-0.8114,0.2487,15.5,2
183(b),S,G,-0.0247,0.2211,12.5,2
183(b),S,H,-0.1361,0.2908,12.5,2
183(b),S,I,0.5613,0.1272,12.5,2
183(b),S,K,0.7604,0.6876,8.5,2
183(b),S,L,-0.0762,0.6604,11.5,2
183(b),S,M,1.439,0.673,7.5,2
183(b),S,N,0.1685,0.2221,17,2
183(b),S,P,-0.4528,0.097,5.5,2
183(b),S,Q,0.1135,1.088,9,2
183(b),S,R,-0.5038,0.5982,14,2
183(b),S,S,0,0,,2
183(b),S,T,-0.7719,0.0182,12,2
183(b),S,V,0.529,1.205,8.5,2
183(b),S,W,-0.3742,0.257,6.5,2
183(b),S,Y,0.2828,0.5618,9,2
184(a),P,-,1.462,0,1,1
184(a),P,A,0.5462,0.1202,8,2
184(a),P,C,-1.361,0.4701,7,2
184(a),P,D,0.652,0.07535,10.5,2
184(a),P,E,-0.4032,0.06405,11.5,2
184(a),P,F,0.1222,0.2806,7,2
184(a),P,G,1.12,2.192,9.5,2
184(a),P,H,0.9265,0.7474,9,2
184(a),P,I,-0.4379,0.2233,9.5,2
184(a),P,K,-0.2609,0.4084,12,2
184(a),P,L,-0.05005,0.2126,11,2
184(a),P,M,0.4815,0.4401,10,2
184(a),P,N,-0.2105,1.288,8.5,2
184(a),P,P,0,0,,2
184(a),P,Q,0.4871,0.7139,16.5,2
184(a),P,R,-0.02304,0.1092,12,2
184(a),P,S,0.3947,0.1571,16.5,2
184(a),P,T,-0.692,0.1133,13.5,2
184(a),P,V,-0.1938,0.5882,10.5,2
184(a),P,W,0.021,0.2996,8,2
184(a),P,Y,-0.3148,0.04905,11.5,2
184(b),P,-,-0.7392,0,2,1
184(b),P,A,-0.6835,0.3185,6.5,2
184(b),P,C,0.5465,1.761,7.5,2
184(b),P,D,-0.3351,0.1452,5.5,2
184(b),P,E,-0.9924,0.9146,7,2
184(b),P,F,-0.00655,0.4813,12,2
184(b),P,G,0.2957,0.8393,12.5,2
184(b),P,H,-0.1799,0.1956,24,2
184(b),P,I,-0.9033,1.014,8.5,2
184(b),P,K,1.739,1.641,9,2
184(b),P,L,-0.219,0.05175,13.5,2
184(b),P,M,0.2959,0.4672,8.5,2
184(b),P,N,-0.1448,0.9762,8.5,2
184(b),P,P,0,0,,2
184(b),P,Q,1.982,0.3185,9.5,2
184(b),P,R,-0.4592,0.1749,16,2
184(b),P,S,-0.5756,0.03795,12,2
184(b),P,T,-0.9869,0.3611,9.5,2
184(b),P,V,-0.4839,0.1512,9,2
184(b),P,W,-0.5243,0.2341,4.5,2
184(b),P,Y,-1.066,1.181,8.5,2
185(a),Q,*,-10.34,0,1,2
185(a),Q,-,-1.262,0,0.5,1
185(a),Q,A,-0.819,0.5649,8.5,2
185(a),Q,C,0.6352,1.56,9.5,2
185(a),Q,D,-1.903,0.015,8.5,2
185(a),Q,E,-0.2874,0.4608,11,2
185(a),Q,F,-0.2589,0.0261,14,2
185(a),Q,G,-0.2418,0.8582,7,2
185(a),Q,H,-0.2834,0.2747,12,2
185(a),Q,I,-0.6547,0.6883,12.5,2
185(a),Q,K,0.6968,0.5892,8,2
185(a),Q,L,-0.9319,0.8131,11,2
185(a),Q,M,-0.8786,0.5644,13.5,2
185(a),Q,N,-0.514,0.2679,10,2
185(a),Q,P,-0.5171,0.8268,7.5,2
185(a),Q,Q,0,0,,2
185(a),Q,R,0.6155,0.0642,27,2
185(a),Q,S,-0.684,1.92,11.5,2
185(a),Q,T,-0.3466,0.2845,8.5,2
185(a),Q,V,1.361,0.6028,8.5,2
185(a),Q,W,-0.8634,0.4036,8,2
185(a),Q,Y,0.5203,0.6507,12,2
185(b),I,-,-0.4818,0.2595,2.5,2
185(b),I,A,0.3443,0.06755,9,2
185(b),I,C,-1.019,0.5543,8,2
185(b),I,D,-0.3373,0.4538,11,2
185(b),I,E,0.3355,1.542,9,2
185(b),I,F,-0.8144,0.0713,8,2
185(b),I,G,0.2463,0.4533,8.5,2
185(b),I,H,0.8923,0.8177,8.5,2
185(b),I,I,0,0,,2
185(b),I,K,0.8816,0.6075,11.5,2
185(b),I,L,0.5373,0.0322,10,2
185(b),I,M,0.592,0.3722,13.5,2
185(b),I,N,0.251,0.4546,15,2
185(b),I,P,0.6574,1.402,8,2
185(b),I,Q,0.1508,0.1007,11,2
185(b),I,R,0.03922,0.04575,8.5,2
185(b),I,S,-0.549,2.318,9.5,2
185(b),I,T,-0.2903,0.5585,8,2
185(b),I,V,-0.632,0.508,16.5,2
185(b),I,W,-1.293,0.6454,11.5,2
185(b),I,Y,0.6984,0.1096,13.5,2
186(a),V,A,-0.2612,1.042,7.5,2
186(a),V,C,-1.984,0.046,9.5,2
186(a),V,D,-0.5755,1.001,7,2
186(a),V,E,-0.2335,0.4885,13.5,2
186(a),V,F,0.4856,0.9994,11.5,2
186(a),V,G,0.57,1.63,7.5,2
186(a),V,H,0.5698,0.7131,6,2
186(a),V,I,0.2832,0.3995,6,2
186(a),V,K,1.488,0.4155,7.5,2
186(a),V,L,0.09625,0.378,10.5,2
186(a),V,M,0.8631,1.025,16,2
186(a),V,N,0.9225,0.5105,8.5,2
186(a),V,P,0.8273,1.53,8,2
186(a),V,Q,1.095,0.5837,8,2
186(a),V,R,0.9551,0.9249,6,2
186(a),V,S,0.5264,0.7816,9,2
186(a),V,T,1.196,0.5572,10,2
186(a),V,V,0,0,,2
186(a),V,W,0.057,1.528,8.5,2
186(a),V,Y,0.0618,0.03297,7.5,2
186(b),T,-,0.2112,0.2246,1.5,2
186(b),T,A,-0.7156,0.1696,14.5,2
186(b),T,C,0.7522,0.5799,11.5,2
186(b),T,D,0.9806,0.9374,11,2
186(b),T,E,-0.063,1.071,7.5,2
186(b),T,F,-0.2419,0.376,9,2
186(b),T,G,-0.637,0.424,6,2
186(b),T,H,-0.967,0.3139,9.5,2
186(b),T,I,-0.3453,0.1785,18.5,2
186(b),T,K,2.099,0.3685,6.5,2
186(b),T,L,-0.0172,0.3957,11.5,2
186(b),T,M,0.6989,0.2243,9,2
186(b),T,N,-1.01,0.4428,11,2
186(b),T,P,-1.101,0.9324,8,2
186(b),T,Q,-0.6279,0.1069,8,2
186(b),T,R,-0.6357,0.1494,6,2
186(b),T,S,1.572,0.681,11.5,2
186(b),T,T,0,0,,2
186(b),T,V,-0.1196,1.074,7.5,2
186(b),T,W,-0.1464,0.2845,13.5,2
186(b),T,Y,-0.603,0.3739,13.5,2
187(a),P,A,1.039,0.3964,7.5,2
187(a),P,C,0.0701,0.7924,7.5,2
187(a),P,D,-0.233,0.0804,10,2
187(a),P,E,-0.8643,0.0074,12.5,2
187(a),P,F,-0.1369,0.5938,8.5,2
187(a),P,G,0.03995,0.594,7,2
187(a),P,H,-0.7807,0.04725,9.5,2
187(a),P,I,-0.1244,0.4154,11,2
187(a),P,K,0.207,0.3236,7,2
187(a),P,L,0.5873,1.326,11,2
187(a),P,M,0.2103,0.9847,10,2
187(a),P,N,-0.0532,0.6668,6.5,2
187(a),P,P,0,0,,2
187(a),P,Q,-0.2136,0.3851,9.5,2
187(a),P,R,-1.246,0.104,8,2
187(a),P,S,-0.2899,0.01635,25.5,2
187(a),P,T,-0.1889,0.1724,11.5,2
187(a),P,V,-0.5584,0.7376,7.5,2
187(a),P,W,0.378,1.853,10.5,2
187(a),P,Y,-0.179,0.1827,13,2
187(b),Y,*,-5.896,0,3,2
187(b),Y,-,-2.7,1.547,2,2
187(b),Y,A,-0.7983,0.5247,7.5,2
187(b),Y,C,2.053,0.6515,12,2
187(b),Y,D,0.7024,0.2559,7.5,2
187(b),Y,E,-0.8589,0.2781,9.5,2
187(b),Y,F,0.765,1.189,5,2
187(b),Y,G,2.009,0.13,11.5,2
187(b),Y,H,0.1241,0.3523,17.5,2
187(b),Y,I,0.7094,0.4276,11,2
187(b),Y,K,0.1207,0.452,12,2
187(b),Y,L,2.899,1.981,9.5,2
187(b),Y,M,0.1943,0.0319,10,2
187(b),Y,N,-0.5584,0.2859,14.5,2
187(b),Y,P,-0.2898,0.2861,7.5,2
187(b),Y,Q,0.3788,0.4379,8.5,2
187(b),Y,R,-0.4628,0.5372,13.5,2
187(b),Y,S,0.1428,0.7296,6,2
187(b),Y,T,0.7036,0.9104,7.5,2
187(b),Y,V,-0.2582,0.8118,9.5,2
187(b),Y,W,-1.06,0.3669,17,2
187(b),Y,Y,0,0,,2
188(a),L,A,-0.0648,0.9255,9.5,2
188(a),L,C,-1.318,0.8789,9.5,2
188(a),L,D,1.781,0.1065,10.5,2
188(a),L,E,0.7144,0.7806,8.5,2
188(a),L,F,2.189,0.7665,12.5,2
188(a),L,G,-0.0162,0.7638,10,2
188(a),L,H,-0.092,1.77,11,2
188(a),L,I,-0.066,0.5171,12.5,2
188(a),L,K,-0.06711,0.1094,8,2
188(a),L,L,0,0,,2
188(a),L,M,0.1553,0.2583,11,2
188(a),L,N,0.3075,0.299,13,2
188(a),L,P,-0.5227,0.08255,12.5,2
188(a),L,Q,2.173,0.141,5,2
188(a),L,R,-0.5539,0.4189,10,2
188(a),L,S,0.619,1.031,13.5,2
188(a),L,T,-1.333,0.1215,7.5,2
188(a),L,V,0.589,0.802,10.5,2
188(a),L,W,0.2976,0.4096,1,2
188(a),L,Y,-0.5613,0.0492,14.5,2
188(b),E,*,-8.425,0,3,2
188(b),E,-,-0.657,0.06285,1.5,2
188(b),E,A,-1.13,0.122,14,2
188(b),E,C,-0.81,0.218,11,2
188(b),E,D,0.8581,0.9389,11,2
188(b),E,E,0,0,,2
188(b),E,F,0.7227,0.0108,7,2
188(b),E,G,1.121,0.5911,13.5,2
188(b),E,H,0.5817,1.142,12.5,2
188(b),E,I,-0.823,0.04515,14.5,2
188(b),E,K,-0.5474,0.8686,17,2
188(b),E,L,0.2647,0.5021,11,2
188(b),E,M,-1.683,0.4295,7.5,2
188(b),E,N,0.4408,0.477,11.5,2
188(b),E,P,0.0018,0.3526,11.5,2
188(b),E,Q,0.4544,0.3341,8,2
188(b),E,R,0.5582,0.1969,9,2
188(b),E,S,0.5471,0.88,9,2
188(b),E,T,0.5775,0.6215,9.5,2
188(b),E,V,-0.9134,0.8256,13,2
188(b),E,W,-1.643,0.506,8.5,2
188(b),E,Y,-0.7988,1.085,8.5,2
189(a),P,-,1.169,0,0.5,1
189(a),P,A,-0.8715,0.1108,9,2
189(a),P,C,-1.403,0.2095,6.5,2
189(a),P,D,0.3976,0.9204,14.5,2
189(a),P,E,-1.458,0.4797,7.5,2
189(a),P,F,-0.2425,1.007,13,2
189(a),P,G,-0.3106,0.0011,7,2
189(a),P,H,-0.4173,0.0212,10.5,2
189(a),P,I,1.993,0.8175,8.5,2
189(a),P,K,0.02475,0.5966,7.5,2
189(a),P,L,0.476,2.349,10,2
189(a),P,M,0.6059,1.066,13.5,2
189(a),P,N,-0.5132,0.7288,9.5,2
189(a),P,P,0,0,,2
189(a),P,Q,-0.107,1.363,8.5,2
189(a),P,R,0.0747,0.2967,17.5,2
189(a),P,S,-0.4789,1.227,19,2
189(a),P,T,-0.8959,1.13,11.5,2
189(a),P,V,1.059,0.6409,11.5,2
189(a),P,W,-0.563,1.794,11,2
189(a),P,Y,-0.3219,0.3399,11.5,2
189(b),W,*,-8.287,0,27,2
189(b),W,-,-0.1585,0.446,1.5,2
189(b),W,A,0.9692,0.8217,8,2
189(b),W,C,-1.181,0.4963,12,2
189(b),W,D,-1.409,0.3415,7.5,2
189(b),W,E,-1.823,0.691,8.5,2
189(b),W,F,-0.9537,0.5542,7,2
189(b),W,G,-1.846,0.0855,4.5,2
189(b),W,H,-0.8816,1.754,8,2
189(b),W,I,-1.275,0.3909,11.5,2
189(b),W,K,-1.78,0.182,9.5,2
189(b),W,L,-1.007,0.3304,11,2
189(b),W,M,-1.599,0.244,11.5,2
189(b),W,N,-0.8257,0.2073,8,2
189(b),W,P,-0.756,1.58,10,2
189(b),W,Q,-1.304,0.9983,11.5,2
189(b),W,R,-0.4737,0.8853,8.5,2
189(b),W,S,-0.4479,1.372,11,2
189(b),W,T,-1.167,0.741,13.5,2
189(b),W,V,-0.6278,0.3792,8.5,2
189(b),W,W,0,0,,2
189(b),W,Y,-0.06751,0.1334,9,2
19(T2A),P,-,-0.3021,0,0.5,1
19(T2A),P,L,-2.146,0,1,1
19(T2A),P,P,0,0,,2
19(T2A),P,R,-0.8981,0,0.5,1
19(T2A),P,S,-2.026,0.292,2.5,2
19(T2A),P,T,-2.239,0,1,1
19(a),H,*,-6.996,0,5,2
19(a),H,-,-1.347,1.391,2,2
19(a),H,A,0.1559,1.155,10,2
19(a),H,C,-1.352,0.5154,11.5,2
19(a),H,D,-0.328,0.2,9,2
19(a),H,E,0.5261,0.4177,12,2
19(a),H,F,0.2422,0.3125,7.5,2
19(a),H,G,-1.276,0.5749,4,2
19(a),H,H,0,0,,2
19(a),H,I,-1.031,0.03875,10.5,2
19(a),H,K,-0.708,0.874,4,2
19(a),H,L,-0.1264,1.106,6.5,2
19(a),H,M,-0.131,1.516,6.5,2
19(a),H,N,1.353,2.843,10.5,2
19(a),H,P,-1.755,0.251,12,2
19(a),H,Q,-0.02175,0.9823,10.5,2
19(a),H,R,-0.2149,0.2866,21,2
19(a),H,S,1.313,0.6692,7,2
19(a),H,T,-0.9068,1.651,5.5,2
19(a),H,V,-0.3768,1.062,7,2
19(a),H,W,-1.506,0.15,4,2
19(a),H,Y,-0.6238,0.6322,12.5,2
19(b),Y,*,-4.961,0.464,1,2
19(b),Y,-,-1.424,0.8238,2,2
19(b),Y,A,-3.186,0.134,7.5,2
19(b),Y,C,-3.027,0.1135,19,2
19(b),Y,D,-4.624,0,6.5,2
19(b),Y,E,-4.033,0,12,2
19(b),Y,F,-0.0343,0.5408,13.5,2
19(b),Y,G,-3.554,0,13.5,2
19(b),Y,H,-2.621,0.291,13.5,2
19(b),Y,I,-2.726,0.1625,9.5,2
19(b),Y,K,-3.314,0.01,11,2
19(b),Y,L,-2.173,0.1495,14.5,2
19(b),Y,M,-2.162,0.238,14,2
19(b),Y,N,-3.298,0.066,12,2
19(b),Y,P,-4.582,0,7,2
19(b),Y,Q,-3.108,0.1085,9,2
19(b),Y,R,-3.572,0,6.5,2
19(b),Y,S,-3.171,0.002,5.5,2
19(b),Y,T,-3.154,0.0395,11,2
19(b),Y,V,-2.696,0.0625,10,2
19(b),Y,W,-1.99,0.1875,13,2
19(b),Y,Y,0,0,,2
190(a),V,-,1.153,0,0.5,1
190(a),V,A,-0.1313,0.6713,12.5,2
190(a),V,C,-2.178,0.0505,9.5,2
190(a),V,D,-0.5025,0.5235,10,2
190(a),V,E,0.04508,0.03795,9.5,2
190(a),V,F,-0.5226,0.4557,8.5,2
190(a),V,G,0.5202,0.2235,8.5,2
190(a),V,H,0.1055,0.4428,10.5,2
190(a),V,I,-0.5602,1.237,7.5,2
190(a),V,K,0.0726,0.6868,7,2
190(a),V,L,-1.569,0.6171,11.5,2
190(a),V,M,-0.06003,0.06257,23.5,2
190(a),V,N,-0.8293,0.7857,9.5,2
190(a),V,P,0.1612,0.781,9,2
190(a),V,Q,1.387,0.419,8.5,2
190(a),V,R,-0.066,1.558,7,2
190(a),V,S,0.0106,0.9141,8,2
190(a),V,T,-0.6646,1.2,7.5,2
190(a),V,V,0,0,,2
190(a),V,W,-0.1198,1.082,6,2
190(a),V,Y,-1.394,0.7367,8,2
190(b),V,-,-0.5327,0.2796,2.5,2
190(b),V,A,0.0265,1.04,13.5,2
190(b),V,C,1.029,1.574,12,2
190(b),V,D,-0.9876,0.3433,8,2
190(b),V,E,0.1085,0.4689,8,2
190(b),V,F,-0.4375,0.9365,11,2
190(b),V,G,-0.195,0.217,8.5,2
190(b),V,H,0.7023,0.2291,11.5,2
190(b),V,I,-0.5872,0.4597,7.5,2
190(b),V,K,-0.5425,1.599,6.5,2
190(b),V,L,-0.5687,0.9512,15.5,2
190(b),V,M,0.1309,0.4017,16,2
190(b),V,N,-1.007,0.4653,9,2
190(b),V,P,-0.9671,0.4528,11,2
190(b),V,Q,0.5769,0.2363,8.5,2
190(b),V,R,1.734,1.568,7,2
190(b),V,S,-0.9607,1.179,7.5,2
190(b),V,T,-0.15,2.067,10,2
190(b),V,V,0,0,,2
190(b),V,W,-0.1036,0.7528,7,2
190(b),V,Y,-0.05495,0.1555,9,2
191(a),S,A,0.2207,0.5387,9.5,2
191(a),S,C,-1.629,1.273,7,2
191(a),S,D,0.9418,0.8852,6,2
191(a),S,E,-0.139,1.745,3.5,2
191(a),S,F,-0.1159,0.6823,12,2
191(a),S,G,-0.4539,0.5397,12.5,2
191(a),S,H,0.3824,1.145,13.5,2
191(a),S,I,-1.194,0.0315,12,2
191(a),S,K,0.5967,0.6123,15.5,2
191(a),S,L,-0.4663,0.9427,10.5,2
191(a),S,M,-0.1137,0.2871,7,2
191(a),S,N,-0.3152,0.4462,11,2
191(a),S,P,-0.2908,1.198,12,2
191(a),S,Q,0.01455,0.4365,14,2
191(a),S,R,0.3821,0.069,8.5,2
191(a),S,S,0,0,,2
191(a),S,T,1.616,1.87,13,2
191(a),S,V,0.5271,0.05115,11.5,2
191(a),S,W,0.5181,0.3483,10,2
191(a),S,Y,-1.052,0.9744,12,2
191(b),L,-,-0.3895,0.1898,3,2
191(b),L,A,0.2819,0.27,7.5,2
191(b),L,C,1.321,0.4034,6.5,2
191(b),L,D,-0.1579,0.1236,7,2
191(b),L,E,-0.0281,0.1862,5,2
191(b),L,F,-1.137,0.4514,6,2
191(b),L,G,0.2575,2.772,7.5,2
191(b),L,H,-0.166,0.07264,12,2
191(b),L,I,-0.3962,0.8057,7,2
191(b),L,K,0.002,0.1185,11,2
191(b),L,L,0,0,,2
191(b),L,M,-0.7959,0.4771,11.5,2
191(b),L,N,1.194,1.372,11,2
191(b),L,P,-0.7001,1.123,10,2
191(b),L,Q,0.1226,0.2001,10,2
191(b),L,R,0.1859,0.5953,9,2
191(b),L,S,-0.1213,0.07495,7,2
191(b),L,T,0.2879,0.3696,9.5,2
191(b),L,V,0.1017,0.001835,9,2
191(b),L,W,-0.4031,0.2035,5.5,2
191(b),L,Y,0.025,2.098,10,2
192(a),E,*,-7.76,0,2,2
192(a),E,A,0.6958,0.9442,8.5,2
192(a),E,C,-2.023,0.106,8,2
192(a),E,D,-0.3188,0.612,13.5,2
192(a),E,E,0,0,,2
192(a),E,F,-1.554,0.35,12.5,2
192(a),E,G,0.0184,0.1309,22,2
192(a),E,H,0.5577,0.1107,8,2
192(a),E,I,-1.929,0.498,16.5,2
192(a),E,K,0.0994,0.1995,27,2
192(a),E,L,-1.564,0.8371,6,2
192(a),E,M,-1.264,0.0085,10,2
192(a),E,N,1.589,1.496,5.5,2
192(a),E,P,0.1736,0.2558,9,2
192(a),E,Q,0.1775,0.1014,11,2
192(a),E,R,-0.1046,0.3862,12.5,2
192(a),E,S,-0.5959,0.361,13,2
192(a),E,T,0.9962,0.2169,8.5,2
192(a),E,V,-1.266,1.014,10.5,2
192(a),E,W,-1.156,0.8441,9,2
192(a),E,Y,-0.6555,1.111,7.5,2
192(b),P,-,-0.5946,0.3926,3,2
192(b),P,A,0.9243,0.7007,12,2
192(b),P,C,-0.9056,0.3194,9.5,2
192(b),P,D,-1.543,0.287,12,2
192(b),P,E,-1.679,0.6605,9.5,2
192(b),P,F,1.021,1.037,13,2
192(b),P,G,-1.001,0.3408,10,2
192(b),P,H,-0.3783,0.1483,11.5,2
192(b),P,I,-0.6806,1.303,9,2
192(b),P,K,-0.6322,0.3584,12,2
192(b),P,L,-0.9631,0.6709,10,2
192(b),P,M,-0.3582,0.5609,9.5,2
192(b),P,N,-0.4476,0.5794,4,2
192(b),P,P,0,0,,2
192(b),P,Q,0.0459,0.7148,12.5,2
192(b),P,R,0.2961,0.7037,14,2
192(b),P,S,-0.2681,0.1006,20.5,2
192(b),P,T,-1.043,0.7562,13,2
192(b),P,V,-0.0026,0.2464,8.5,2
192(b),P,W,-0.5591,0.5169,9,2
192(b),P,Y,-0.3978,0.8752,7.5,2
193(a),S,A,-1.402,1.264,12,2
193(a),S,C,-1.571,0.4605,12,2
193(a),S,D,-0.2546,0.0681,10,2
193(a),S,E,-0.7606,0.5234,10.5,2
193(a),S,F,0.4559,1.105,6,2
193(a),S,G,0.1433,0.4633,14.5,2
193(a),S,H,2.162,1.019,7,2
193(a),S,I,-0.3923,0.6677,15.5,2
193(a),S,K,-1.047,0.0215,8,2
193(a),S,L,-0.7228,0.3912,12,2
193(a),S,M,-1.374,0.374,12.5,2
193(a),S,N,-0.4062,0.1393,26.5,2
193(a),S,P,0.9432,0.8808,12,2
193(a),S,Q,1.232,0.7175,7.5,2
193(a),S,R,0.9917,0.8764,9,2
193(a),S,S,0,0,,2
193(a),S,T,-0.934,1.304,13,2
193(a),S,V,0.2409,0.2062,8,2
193(a),S,W,-0.7444,0.0854,9,2
193(a),S,Y,0.4734,0.7066,9.5,2
193(b),A,-,-0.9437,0.1704,4,2
193(b),A,A,0,0,,2
193(b),A,C,0.2385,0.2823,9,2
193(b),A,D,-0.1578,0.3728,8.5,2
193(b),A,E,0.5641,0.138,6.5,2
193(b),A,F,-0.3508,0.02495,9,2
193(b),A,G,-0.2991,0.1691,10,2
193(b),A,H,0.1767,0.2942,11,2
193(b),A,I,-0.3961,0.08965,10,2
193(b),A,K,0.4957,0.7903,11.5,2
193(b),A,L,-0.234,1.625,12.5,2
193(b),A,M,0.3379,0.1627,9,2
193(b),A,N,0.06155,0.1721,10,2
193(b),A,P,-1.407,0.1875,9,2
193(b),A,Q,-0.2992,0.5534,8,2
193(b),A,R,0.9786,0.7624,8.5,2
193(b),A,S,0.1374,0.3229,11,2
193(b),A,T,-0.1673,0.05615,27,2
193(b),A,V,0.05325,0.2712,25.5,2
193(b),A,W,0.9533,0.3347,8.5,2
193(b),A,Y,-1.404,1.043,7,2
194(a),T,A,0.3335,0.063,10.5,2
194(a),T,C,-2.237,0.2815,9,2
194(a),T,D,0.08555,0.6259,9.5,2
194(a),T,E,-0.5335,1.294,10.5,2
194(a),T,F,-0.4932,1.024,11.5,2
194(a),T,G,-0.3925,0.6465,14.5,2
194(a),T,H,0.1162,0.01876,8,2
194(a),T,I,0.8738,0.8612,15,2
194(a),T,K,0.8465,0.2945,1.5,2
194(a),T,L,-1.225,0.9158,11.5,2
194(a),T,M,-0.9823,0.3647,8,2
194(a),T,N,1.279,0.3043,9.5,2
194(a),T,P,1.398,0.4817,10.5,2
194(a),T,Q,-0.1107,0.4642,14,2
194(a),T,R,0.2338,0.6081,11.5,2
194(a),T,S,0.4685,1.502,11,2
194(a),T,T,0,0,,2
194(a),T,V,-1.369,0.5781,7.5,2
194(a),T,W,-0.5892,0.3211,10.5,2
194(a),T,Y,0.4809,0.2085,10,2
194(b),D,-,-0.7266,0.3925,4.5,2
194(b),D,A,0.3466,0.2365,7.5,2
194(b),D,C,-1.118,1.338,8.5,2
194(b),D,D,0,0,,2
194(b),D,E,-0.019,1.291,10.5,2
194(b),D,F,-1.284,0.4923,10,2
194(b),D,G,0.1899,0.4079,19.5,2
194(b),D,H,1.204,0.5048,10,2
194(b),D,I,-1.501,0.4365,12,2
194(b),D,K,0.6125,0.331,8,2
194(b),D,L,-0.05305,0.4955,5,2
194(b),D,M,-0.1419,0.715,5.5,2
194(b),D,N,-0.4677,0.1597,25,2
194(b),D,P,0.4722,1.014,9,2
194(b),D,Q,-0.08805,0.1886,12,2
194(b),D,R,0.8048,0.5532,8,2
194(b),D,S,-0.3041,0.9399,9,2
194(b),D,T,0.3135,0.3099,7.5,2
194(b),D,V,1.318,0.175,13,2
194(b),D,W,-1.364,0.6256,10,2
194(b),D,Y,-0.8194,0.4716,9.5,2
195(a),E,*,-16.47,0,3.5,2
195(a),E,A,0.9298,0.1443,11.5,2
195(a),E,C,-0.0868,0.9592,12,2
195(a),E,D,0.5594,0.7956,6.5,2
195(a),E,E,0,0,,2
195(a),E,F,-0.07972,0.08358,10.5,2
195(a),E,G,-0.3892,0.1455,10,2
195(a),E,H,-0.1933,0.5071,9,2
195(a),E,I,1.284,0.8624,9,2
195(a),E,K,-0.1277,0.0598,29,2
195(a),E,L,0.1013,0.7524,9.5,2
195(a),E,M,0.061,1.12,9.5,2
195(a),E,N,0.2788,0.5433,17,2
195(a),E,P,-0.3162,0.2873,9.5,2
195(a),E,Q,1.49,0.3625,7,2
195(a),E,R,0.372,1.594,8,2
195(a),E,S,-0.3216,1.261,6.5,2
195(a),E,T,0.1799,0.1749,10.5,2
195(a),E,V,0.206,1.357,11.5,2
195(a),E,W,0.2991,0.2941,9.5,2
195(a),E,Y,0.9497,0.1453,11,2
195(b),A,-,-0.7954,0.1444,5.5,2
195(b),A,A,0,0,,2
195(b),A,C,0.556,0.6871,15.5,2
195(b),A,D,-0.2995,1.861,10,2
195(b),A,E,-0.918,0.743,6,2
195(b),A,F,-1.754,0.093,10.5,2
195(b),A,G,0.06565,0.2565,10.5,2
195(b),A,H,0.6135,0.5945,11,2
195(b),A,I,0.5933,1.282,7.5,2
195(b),A,K,-0.1167,0.5094,9,2
195(b),A,L,-0.4238,0.4948,12.5,2
195(b),A,M,-0.4902,0.4699,10,2
195(b),A,N,0.5364,0.8506,6,2
195(b),A,P,-0.2846,0.1166,15,2
195(b),A,Q,-1.128,0.01,7,2
195(b),A,R,2.108,0.087,12,2
195(b),A,S,-0.8028,0.7972,15.5,2
195(b),A,T,-0.094,0.1961,20,2
195(b),A,V,-0.2076,0.0676,13.5,2
195(b),A,W,-0.7036,0.3694,10,2
195(b),A,Y,-0.01725,0.7537,10.5,2
196(a),T,-,-0.05134,0,0.5,1
196(a),T,A,0.188,1.001,2.5,2
196(a),T,I,-0.6941,0.55,9.5,2
196(a),T,N,1.81,0.596,3,2
196(a),T,P,-1.154,0,0.5,1
196(a),T,S,-2.315,0,0.5,1
196(a),T,T,0,0,,2
196(b),A,-,-0.9852,0.8698,6.5,2
196(b),A,A,0,0,,2
196(b),A,C,0.8096,1.09,15.5,2
196(b),A,D,-0.387,0.1479,11.5,2
196(b),A,E,-1.572,1.294,11.5,2
196(b),A,F,-0.6089,0.6611,7,2
196(b),A,G,0.6369,0.33,11.5,2
196(b),A,H,4.666,2.965,12.5,2
196(b),A,I,0.09,1.736,10.5,2
196(b),A,K,0.8356,0.4924,11.5,2
196(b),A,L,-0.0639,0.5567,9.5,2
196(b),A,M,-0.1487,0.6537,9.5,2
196(b),A,N,-0.7847,0.3552,11,2
196(b),A,P,-0.5942,1.394,13.5,2
196(b),A,Q,-0.029,0.2667,14.5,2
196(b),A,R,-0.1268,0.3209,16,2
196(b),A,S,0.7359,0.9181,16.5,2
196(b),A,T,0.3258,0.1314,29.5,2
196(b),A,V,0.8835,0.6695,19,2
196(b),A,W,0.2545,0.04445,6.5,2
196(b),A,Y,0.1379,0.3304,9.5,2
197(a),L,-,-0.5004,0,0.5,1
197(a),L,L,0,0,,2
197(a),L,M,0.135,0.2336,2,2
197(a),L,P,0.6462,0.5518,4.5,2
197(b),R,*,-3.702,0,2.5,2
197(b),R,-,-0.3695,0.1376,5.5,2
197(b),R,A,-0.8154,1.155,7.5,2
197(b),R,C,-0.9877,0.8574,11,2
197(b),R,D,-0.8951,1.231,7.5,2
197(b),R,E,-0.3492,0.3741,10.5,2
197(b),R,F,-0.7036,0.1778,10.5,2
197(b),R,G,0.529,0.603,20.5,2
197(b),R,H,-0.1075,0.7474,6.5,2
197(b),R,I,-0.4747,0.8193,12,2
197(b),R,K,-0.01155,0.8201,9.5,2
197(b),R,L,-0.3899,0.7511,10.5,2
197(b),R,M,-0.6489,0.977,9.5,2
197(b),R,N,0.7119,0.04715,14,2
197(b),R,P,1.181,1.529,8.5,2
197(b),R,Q,-1.458,0.3445,10,2
197(b),R,R,0,0,,2
197(b),R,S,1.051,1.759,14.5,2
197(b),R,T,-0.643,0.591,8,2
197(b),R,V,-0.5224,0.2427,11.5,2
197(b),R,W,-0.8656,0.8714,12.5,2
197(b),R,Y,-0.0816,0.2845,10,2
198(a),V,-,-0.8908,0,1,1
198(a),V,A,1.212,0.3116,1,2
198(a),V,D,-1.641,0,0.5,1
198(a),V,F,0.7334,0,0.5,1
198(a),V,I,-0.5316,0.3668,7,2
198(a),V,V,0,0,,2
198(b),G,-,-0.6957,0.6553,5.5,2
198(b),G,A,0.162,0.03455,15,2
198(b),G,C,0.07675,0.5907,9,2
198(b),G,D,0.3931,0.221,25,2
198(b),G,E,0.2823,0.08225,13.5,2
198(b),G,F,-0.8263,0.1527,8,2
198(b),G,G,0,0,,2
198(b),G,H,-0.5466,0.3305,7,2
198(b),G,I,0.8746,0.7824,4,2
198(b),G,K,0.00385,0.1444,17,2
198(b),G,L,0.313,0.959,12,2
198(b),G,M,-0.4541,0.7738,14,2
198(b),G,N,0.1966,0.4108,10,2
198(b),G,P,-0.00885,0.4889,11.5,2
198(b),G,Q,0.2884,0.2275,7,2
198(b),G,R,0.868,1.586,7.5,2
198(b),G,S,-0.244,0.2079,17,2
198(b),G,T,-0.815,0.729,13,2
198(b),G,V,-1.074,0.376,9.5,2
198(b),G,W,0.3688,0.254,11.5,2
198(b),G,Y,1.24,1.525,8.5,2
199(a),C,-,-0.1646,0,0.5,1
199(a),C,C,0,0,,2
199(a),C,F,0.7823,0.9357,4.5,2
199(a),C,G,0.2802,0.2317,1,2
199(a),C,R,-0.2675,0,2.5,1
199(a),C,S,0.06115,0.5052,4.5,2
199(a),C,Y,0.3928,0.5731,13.5,2
199(b),K,*,-1.953,0,1.5,1
199(b),K,-,-0.9864,1.003,5,2
199(b),K,A,-0.4864,1.418,9,2
199(b),K,C,-0.9657,0.8254,8,2
199(b),K,D,-1.575,0.421,11,2
199(b),K,E,-0.2293,0.2434,12.5,2
199(b),K,F,-1.098,1.123,8.5,2
199(b),K,G,-0.1347,0.3641,11.5,2
199(b),K,H,0.8108,0.3422,8.5,2
199(b),K,I,-1.058,0.6094,8.5,2
199(b),K,K,0,0,,2
199(b),K,L,-1.66,0.572,11.5,2
199(b),K,M,-0.6426,0.5654,9.5,2
199(b),K,N,-0.4645,1.181,15,2
199(b),K,P,-1.817,0.674,7.5,2
199(b),K,Q,-0.4602,0.1133,8.5,2
199(b),K,R,-0.845,0.752,17.5,2
199(b),K,S,1.199,0.3475,7.5,2
199(b),K,T,-0.4797,0.2231,9.5,2
199(b),K,V,-1.047,0.0445,10,2
199(b),K,W,-0.7776,1.292,9,2
199(b),K,Y,-0.6182,0.7987,15.5,2
2(T2A),S,-,-1.349,0.1565,4,2
2(T2A),S,C,-1.576,0,0.5,1
2(T2A),S,G,-0.4405,1.494,3.5,2
2(T2A),S,N,-0.2788,0.1658,6.5,2
2(T2A),S,R,1.754,0.0015,1.5,2
2(T2A),S,S,0,0,,2
2(a),K,*,-8.509,0,11.5,2
2(a),K,A,-0.5179,0.6241,6.5,2
2(a),K,C,0.1345,0.1865,7,2
2(a),K,D,0.88,1.74,6.5,2
2(a),K,E,-0.0516,0.5687,9.5,2
2(a),K,F,-0.4485,0.9975,4,2
2(a),K,G,-2.098,0.0585,8.5,2
2(a),K,H,0.839,0.855,10.5,2
2(a),K,I,-0.636,0.529,10.5,2
2(a),K,K,0,0,,2
2(a),K,L,-2.128,0.239,9.5,2
2(a),K,M,-0.5892,0.4549,6.5,2
2(a),K,N,-0.8504,0.7986,8.5,2
2(a),K,P,-0.122,1.378,8,2
2(a),K,Q,-1.576,0.9309,9.5,2
2(a),K,R,0.4913,0.0135,19,2
2(a),K,S,-0.7166,0.1681,7,2
2(a),K,T,0.02095,0.2294,9,2
2(a),K,V,0.635,2.189,8,2
2(a),K,W,-2.925,0.0535,10,2
2(a),K,Y,-0.2634,0.1191,7.5,2
2(b),G,*,-6.181,0,3.5,2
2(b),G,-,-0.0045,1.722,4,2
2(b),G,A,1.215,0.7273,11.5,2
2(b),G,C,-0.5187,0.5823,8.5,2
2(b),G,D,-4.36,0,8,2
2(b),G,E,-3.882,0,13,2
2(b),G,F,-2.327,0.0735,12,2
2(b),G,G,0,0,,2
2(b),G,H,-4.019,0,12.5,2
2(b),G,I,-4.579,0,10.5,2
2(b),G,K,-4.578,0,10,2
2(b),G,L,-1.968,1.149,9.5,2
2(b),G,M,-1.518,0.3515,13,2
2(b),G,N,-1.951,0.3285,9.5,2
2(b),G,P,-1.22,1.37,9,2
2(b),G,Q,-2.318,0.465,10.5,2
2(b),G,R,-4.547,0,28.5,2
2(b),G,S,-0.00265,0.2172,10.5,2
2(b),G,T,0.2043,0.0731,12.5,2
2(b),G,V,-3.441,0.0185,21,2
2(b),G,W,-5.733,0,9,2
2(b),G,Y,-4.87,0,12,2
20(T2A),G,-,0.2676,0,0.5,1
20(T2A),G,C,-5.056,0,1.5,2
20(T2A),G,D,-4.149,0,4,2
20(T2A),G,G,0,0,,2
20(T2A),G,S,-3.337,0.0435,4,2
20(T2A),G,V,-3.806,0,1.5,1
20(a),N,-,-2.592,0.82,2,2
20(a),N,A,-0.5876,0.01975,7,2
20(a),N,C,-1.217,0.029,7.5,2
20(a),N,D,0.642,0.0224,20,2
20(a),N,E,0.07745,0.2345,7,2
20(a),N,F,0.6565,1.552,9,2
20(a),N,G,-2.03,0.194,7.5,2
20(a),N,H,-0.3213,0.4996,13,2
20(a),N,I,1.255,2.197,7,2
20(a),N,K,0.6938,0.8732,10,2
20(a),N,L,0.1695,1.526,11,2
20(a),N,M,0.707,3.299,5.5,2
20(a),N,N,0,0,,2
20(a),N,P,0.4861,0.9519,10,2
20(a),N,Q,0.6535,0.7075,6,2
20(a),N,R,-1.365,0.1865,9,2
20(a),N,S,-0.7358,0.3072,15.5,2
20(a),N,T,-0.0071,0.5075,9,2
20(a),N,V,-1.042,0.133,9.5,2
20(a),N,W,-0.2145,0.2121,9.5,2
20(a),N,Y,-0.6044,0.2172,5,2
20(b),L,-,-1.038,0.9261,1.5,2
20(b),L,A,-0.5039,0.1308,7.5,2
20(b),L,C,-1.103,0.2509,10,2
20(b),L,D,0.5908,1.238,11,2
20(b),L,E,-0.2216,0.4368,7.5,2
20(b),L,F,-1.027,0.1189,6.5,2
20(b),L,G,-1.359,0.3659,11.5,2
20(b),L,H,0.265,0.4183,10.5,2
20(b),L,I,2.115,1.216,12.5,2
20(b),L,K,-0.8158,0.1265,8.5,2
20(b),L,L,0,0,,2
20(b),L,M,-0.6814,0.2316,10.5,2
20(b),L,N,0.01495,0.1709,11,2
20(b),L,P,-1.144,0.5012,17,2
20(b),L,Q,0.02905,0.5907,13,2
20(b),L,R,-0.2589,0.6178,13.5,2
20(b),L,S,-0.0102,0.9276,7,2
20(b),L,T,-0.1515,0.9565,15,2
20(b),L,V,-0.8758,0.1332,14.5,2
20(b),L,W,-0.538,0.599,10,2
20(b),L,Y,-0.786,0.0753,11,2
200(a),A,-,-0.3894,0,0.5,1
200(a),A,A,0,0,,2
200(a),A,D,2.136,0,0.5,1
200(a),A,S,-2.563,1.39,2.5,2
200(a),A,T,0.2122,0.5247,3,2
200(a),A,V,-2.384,0.6315,3,2
201(a),L,-,-0.1332,0,0.5,1
201(a),L,L,0,0,,2
201(a),L,M,-0.8708,0.7493,8,2
201(a),L,P,-0.03765,0.4293,18.5,2
201(a),L,Q,-0.7233,0.8077,1,2
201(a),L,R,-1.117,0,0.5,1
202(a),G,-,-0.2876,0.0118,1,2
202(a),G,A,-0.8379,0,0.5,1
202(a),G,C,0.3485,1.719,2,2
202(a),G,D,-2.092,0.5135,11,2
202(a),G,G,0,0,,2
202(a),G,R,-2.726,0,0.5,1
202(a),G,S,-0.2135,1.206,6,2
202(a),G,V,-1.569,0.5525,2,2
203(a),L,-,-0.2965,0.2171,1,2
203(a),L,F,-0.1665,0.2126,3,2
203(a),L,H,0.3961,0,2,1
203(a),L,I,1.412,0.7757,3,2
203(a),L,L,0,0,,2
203(a),L,P,1.009,1.09,3,2
203(a),L,R,-4.338,0,0.5,1
204(a),A,-,-0.3179,0.11,1,2
204(a),A,A,0,0,,2
204(a),A,P,0.4035,0,0.5,1
204(a),A,S,0.8797,0.2963,2.5,2
204(a),A,T,0.7085,0.0923,13.5,2
204(a),A,V,0.5493,0.5238,17,2
205(a),V,-,-1.076,0.013,1.5,2
205(a),V,A,0.4245,0,1,1
205(a),V,E,-3.024,1.245,3,2
205(a),V,L,-1.082,0.8744,2.5,2
205(a),V,M,-0.9563,0.3046,9,2
205(a),V,V,0,0,,2
206(a),G,-,-1.447,0,1,1
206(a),G,C,1.063,0,1,1
206(a),G,D,-1.71,0.342,24,2
206(a),G,G,0,0,,2
206(a),G,R,-10.48,0,0.5,1
206(a),G,S,-0.0469,0.6037,8,2
206(a),G,V,-0.9153,0.7697,4,2
207(a),I,-,-0.7951,0.269,1.5,2
207(a),I,I,0,0,,2
207(a),I,L,-4.385,0,0.5,1
207(a),I,N,0.1735,0.3169,1,2
207(a),I,T,-1.623,1.056,1,2
207(a),I,V,-1.646,0.3755,4,2
208(a),V,-,-0.4829,0.0297,1,2
208(a),V,A,-0.2096,0.7031,2.5,2
208(a),V,E,2.306,0,0.5,1
208(a),V,L,1.454,0.7744,2.5,2
208(a),V,M,-0.4436,0.8554,12.5,2
208(a),V,V,0,0,,2
209(a),G,-,-0.2823,0.1065,1.5,2
209(a),G,E,-0.8843,0.0735,34,2
209(a),G,G,0,0,,2
209(a),G,K,3.535,0,0.5,1
209(a),G,R,-6.697,0,11,2
209(a),G,V,0.2282,0.4087,1.5,2
209(a),G,W,-0.457,0.796,2,2
21(T2A),P,-,0.6279,0,0.5,1
21(T2A),P,H,-0.3861,0.216,2,2
21(T2A),P,L,0.1463,0,0.5,1
21(T2A),P,P,0,0,,2
21(T2A),P,S,-2.482,0.2505,1.5,2
21(T2A),P,T,-1.535,0.9072,1,2
21(a),R,-,-0.9275,0.1955,1.5,2
21(a),R,A,-0.5785,0.6245,9.5,2
21(a),R,C,-0.3328,0.4465,14.5,2
21(a),R,D,-0.1855,1.825,5.5,2
21(a),R,E,-0.1057,0.2571,6.5,2
21(a),R,F,-0.9294,0.4246,10.5,2
21(a),R,G,-1.139,0.4225,8.5,2
21(a),R,H,-0.5244,0.226,25,2
21(a),R,I,-1.927,0.888,6.5,2
21(a),R,K,-0.0165,1.09,11.5,2
21(a),R,L,-0.1265,0.6124,15,2
21(a),R,M,0.2573,0.6633,3.5,2
21(a),R,N,-0.8863,0.0519,8,2
21(a),R,P,-2.82,0.298,7,2
21(a),R,Q,-1.449,0.7067,6.5,2
21(a),R,R,0,0,,2
21(a),R,S,0.9729,0.4831,9.5,2
21(a),R,T,-1.543,0.6103,6,2
21(a),R,V,0.9247,1.056,9,2
21(a),R,W,-0.08902,0.1344,9.5,2
21(a),R,Y,-1.226,0.5004,12,2
21(b),N,-,-0.5804,0.1582,1,2
21(b),N,A,-2.192,0.143,9.5,2
21(b),N,C,-2.242,0.4945,11.5,2
21(b),N,D,-0.215,0.4038,14.5,2
21(b),N,E,-1.115,0.2825,13.5,2
21(b),N,F,-2.404,0.1975,13.5,2
21(b),N,G,-1.875,0.2955,14,2
21(b),N,H,-1.44,0.1185,14.5,2
21(b),N,I,-2.652,0.3975,11.5,2
21(b),N,K,-1.825,0.5385,12.5,2
21(b),N,L,-2.136,0.2485,12,2
21(b),N,M,-1.528,0.7889,10,2
21(b),N,N,0,0,,2
21(b),N,P,1.062,0.1598,7,2
21(b),N,Q,-1.204,0.3626,19.5,2
21(b),N,R,-2.085,0.566,10,2
21(b),N,S,-0.1745,0.9104,17,2
21(b),N,T,-1.892,0.511,12,2
21(b),N,V,-1.916,0.782,8.5,2
21(b),N,W,-2.488,0.256,12,2
21(b),N,Y,-1.696,0.4905,8.5,2
210(a),I,-,0.7729,0,0.5,1
210(a),I,I,0,0,,2
210(a),I,L,-1.124,0,0.5,1
210(a),I,M,0.6397,0,0.5,1
210(a),I,N,-2.214,0.246,2,2
210(a),I,T,-0.8774,0,1,1
210(a),I,V,1.369,0,1,1
211(a),V,-,0.1475,0,0.5,1
211(a),V,A,0.8516,0,0.5,1
211(a),V,E,-1.92,1.148,3,2
211(a),V,L,0.8919,0,2,1
211(a),V,M,-0.05785,0.3933,9,2
211(a),V,V,0,0,,2
212(a),V,-,-3.013,0,1.5,1
212(a),V,A,0.566,0,2,1
212(a),V,D,-2.076,0.429,3.5,2
212(a),V,F,-2.068,0,1,1
212(a),V,G,-1.301,0,0.5,1
212(a),V,I,-0.2165,1.526,7.5,2
212(a),V,L,-2.994,0,0.5,1
212(a),V,V,0,0,,2
213(a),G,C,-0.495,0.3056,1.5,2
213(a),G,D,0.1285,1.691,15.5,2
213(a),G,G,0,0,,2
213(a),G,N,-0.6005,0,0.5,1
213(a),G,R,-4.59,0,0.5,1
213(a),G,S,-0.968,0.307,6.5,2
213(a),G,V,1.237,0.6531,1,2
214(a),T,A,1.032,0.029,4,2
214(a),T,I,0.9285,0.3355,4,2
214(a),T,N,-0.3523,0,1,1
214(a),T,P,0.9464,0,0.5,1
214(a),T,S,0.5151,0,0.5,1
214(a),T,T,0,0,,2
215(a),I,F,-0.5707,0,0.5,1
215(a),I,I,0,0,,2
215(a),I,L,0.05,1.196,2,2
215(a),I,N,-0.4239,0,0.5,1
215(a),I,T,0.4764,0,0.5,1
215(a),I,V,-0.2825,0.4056,5,2
216(a),L,K,-2.093,0,0.5,1
216(a),L,L,0,0,,2
216(a),L,M,-0.08745,0.2256,5.5,2
216(a),L,P,-0.4017,0.4118,12,2
216(a),L,Q,-1.212,1.823,2,2
216(a),L,R,0.3632,0,0.5,1
217(a),I,-,-2.08,0,0.5,1
217(a),I,F,0.09386,0,1,1
217(a),I,I,0,0,,2
217(a),I,L,0.9495,0,0.5,1
217(a),I,N,-0.9445,0.2335,6,2
217(a),I,T,-0.5311,0.2274,2.5,2
217(a),I,V,-1.153,1.746,1,2
218(a),I,F,-0.9415,0,0.5,1
218(a),I,I,0,0,,2
218(a),I,L,-1.409,0,0.5,1
218(a),I,M,-0.1067,0,1,1
218(a),I,N,1.197,1.398,2,2
218(a),I,T,0.3152,0.2688,3.5,2
218(a),I,V,-0.5473,0.6437,5.5,2
219(a),K,*,-2.159,0,0.5,1
219(a),K,E,0.7768,1.253,5,2
219(a),K,K,0,0,,2
219(a),K,M,-1.862,0,1,1
219(a),K,N,1.023,1.72,3,2
219(a),K,R,0.7754,1.51,8.5,2
219(a),K,T,2.564,0,0.5,1
22(a),E,*,-7.126,0,3.5,2
22(a),E,-,-0.3111,0.2318,1,2
22(a),E,A,0.0685,1.29,5.5,2
22(a),E,C,-2.389,0.048,5.5,2
22(a),E,D,0.1944,0.9927,11.5,2
22(a),E,E,0,0,,2
22(a),E,F,-2.06,0.9925,8,2
22(a),E,G,-1.825,0.054,17,2
22(a),E,H,-1.691,0.537,12,2
22(a),E,I,-0.916,0.758,6,2
22(a),E,K,-2.693,0.051,9,2
22(a),E,L,-1.867,0.4285,6,2
22(a),E,M,-1.329,0.1585,8.5,2
22(a),E,N,-2.176,0.2015,11,2
22(a),E,P,-2.631,0.1265,10,2
22(a),E,Q,-1.445,0.5932,7,2
22(a),E,R,-1.653,0.161,8,2
22(a),E,S,-0.613,0.1009,9.5,2
22(a),E,T,-1.413,0.2155,9.5,2
22(a),E,V,-1.763,0.4665,8,2
22(a),E,W,-2.921,0.203,9,2
22(a),E,Y,-1.896,0.778,6.5,2
22(b),G,*,-7.482,0,3,2
22(b),G,-,-0.1659,0.525,1,2
22(b),G,A,0.8309,0.1951,11.5,2
22(b),G,C,-2.407,0.478,11.5,2
22(b),G,D,-0.3407,0.5512,12,2
22(b),G,E,-0.89,0.169,38,2
22(b),G,F,-1.824,0.139,19.5,2
22(b),G,G,0,0,,2
22(b),G,H,-1.537,0.4605,11.5,2
22(b),G,I,-1.603,0.07,12,2
22(b),G,K,-0.1376,0.361,7,2
22(b),G,L,-0.8196,0.8294,8,2
22(b),G,M,-0.3695,1.554,12.5,2
22(b),G,N,0.5204,1.116,10,2
22(b),G,P,-2.72,0.13,7,2
22(b),G,Q,-0.6239,0.9562,14.5,2
22(b),G,R,-0.9856,0.07935,29.5,2
22(b),G,S,-0.8545,0.7894,8.5,2
22(b),G,T,-0.9891,1.645,10.5,2
22(b),G,V,-1.441,0.1725,16,2
22(b),G,W,-1.695,0.0405,10,2
22(b),G,Y,-1.156,0.102,10,2
220(a),A,-,-0.6421,0,0.5,1
220(a),A,A,0,0,,2
220(a),A,D,0.02223,0.08266,1,2
220(a),A,S,-3.476,0,1,1
220(a),A,T,-0.3554,0.3845,7.5,2
220(a),A,V,0.2665,1.377,4,2
221(a),M,-,0.1479,0,0.5,1
221(a),M,I,0.064,0.4112,42,2
221(a),M,L,-1.264,0.3966,2,2
221(a),M,M,0,0,,2
221(a),M,T,-1.748,1.484,2.5,2
221(a),M,V,-0.08,0.9049,3,2
222(a),K,*,-8.017,0,3,2
222(a),K,-,0.04175,0.2281,1,2
222(a),K,E,0.6642,0.02925,5,2
222(a),K,G,0.6903,0,0.5,1
222(a),K,K,0,0,,2
222(a),K,M,1.71,0,2,1
222(a),K,N,-0.2119,0,0.5,1
222(a),K,R,1.282,0.9287,4,2
223(a),M,-,-0.0317,0.4008,1,2
223(a),M,I,0.0098,0.1202,31.5,2
223(a),M,K,-1.229,0.555,2,2
223(a),M,L,-0.9524,0,1,1
223(a),M,M,0,0,,2
224(a),N,-,-0.2279,0.1463,1,2
224(a),N,D,-2.219,1.583,6,2
224(a),N,H,-2.267,0,0.5,1
224(a),N,K,-1.227,0,0.5,1
224(a),N,N,0,0,,2
224(a),N,S,-0.8771,0.1759,6,2
224(a),N,T,-1.569,0.8295,2,2
224(a),N,Y,3.627,0,1,1
225(a),N,-,0.06676,0.01987,1,2
225(a),N,D,-0.03155,0.1945,1,2
225(a),N,G,-0.1426,0,1,1
225(a),N,H,-0.2324,0.09735,1,2
225(a),N,I,-0.9488,1.707,1,2
225(a),N,K,0.4458,0.2374,3.5,2
225(a),N,N,0,0,,2
225(a),N,S,1.054,0.5085,2,2
225(a),N,Y,-0.7364,0.07175,1,2
226(a),A,-,0.4251,0,0.5,1
226(a),A,A,0,0,,2
226(a),A,D,-1.66,1.081,1.5,2
226(a),A,G,0.1879,0,0.5,1
226(a),A,P,1.188,0,0.5,1
226(a),A,S,0.8541,0.4099,2.5,2
226(a),A,T,0.0857,0.2728,10,2
226(a),A,V,2.103,0.5995,3,2
227(a),R,*,-5.053,0,0.5,1
227(a),R,-,0.3244,0,0.5,1
227(a),R,G,-1.105,0.2396,12,2
227(a),R,I,-2.652,0.421,2,2
227(a),R,K,-0.5171,0.146,9.5,2
227(a),R,R,0,0,,2
227(a),R,S,-0.8674,0.2056,2,2
228(a),N,-,0.1605,0,0.5,1
228(a),N,D,-1.494,1.392,3,2
228(a),N,G,-0.5954,0,0.5,1
228(a),N,H,0.5267,0,1,1
228(a),N,K,0.5108,0.1453,1,2
228(a),N,N,0,0,,2
228(a),N,T,-0.3497,0,0.5,1
229(a),Q,*,-12.88,0,1.5,2
229(a),Q,-,-0.01845,0,0.5,1
229(a),Q,H,1.517,0,0.5,1
229(a),Q,L,1.655,0,0.5,1
229(a),Q,P,-0.4425,2.283,3,2
229(a),Q,Q,0,0,,2
229(a),Q,R,1.534,1.111,3.5,2
23(a),G,-,-2.686,1.343,1.5,2
23(a),G,A,1.095,1.877,12,2
23(a),G,C,-0.3553,0.1827,17,2
23(a),G,D,-0.1181,0.7712,9.5,2
23(a),G,E,-0.5227,0.5573,9,2
23(a),G,F,-1.25,0.241,9,2
23(a),G,G,0,0,,2
23(a),G,H,0.2695,1.361,10.5,2
23(a),G,I,1.644,0.798,7.5,2
23(a),G,K,-0.3851,0.1017,9,2
23(a),G,L,-0.7922,0.2107,10,2
23(a),G,M,1.851,0.111,10,2
23(a),G,N,-0.1083,0.9057,10.5,2
23(a),G,P,-4.7,0,13,2
23(a),G,Q,-0.6357,1.579,7,2
23(a),G,R,-1.16,0.1709,10.5,2
23(a),G,S,-0.3632,0.0538,10.5,2
23(a),G,T,1.41,0.103,11.5,2
23(a),G,V,-0.3445,0.158,10,2
23(a),G,W,-0.789,1.014,12,2
23(a),G,Y,0.9841,0.3179,6,2
23(b),T,-,-0.1224,0.05656,1.5,2
23(b),T,A,-0.9185,0.0875,16,2
23(b),T,C,-2.643,0.198,9.5,2
23(b),T,D,-0.9159,0.3332,9.5,2
23(b),T,E,-1.769,0.7902,13.5,2
23(b),T,F,-1.29,1.492,10.5,2
23(b),T,G,-0.7512,0.09045,10.5,2
23(b),T,H,-2.016,0.233,13,2
23(b),T,I,-1.111,0.3377,21,2
23(b),T,K,-1.348,0.454,7,2
23(b),T,L,-0.1564,0.4088,13.5,2
23(b),T,M,-0.5413,1.457,9,2
23(b),T,N,-1.508,0.098,9.5,2
23(b),T,P,-0.2146,0.5903,10,2
23(b),T,Q,-0.211,1.949,12.5,2
23(b),T,R,-0.4871,0.1161,14,2
23(b),T,S,0.8515,0.2764,13,2
23(b),T,T,0,0,,2
23(b),T,V,-0.7132,0.216,12,2
23(b),T,W,-2.134,0.639,8.5,2
23(b),T,Y,-1.021,0.3442,9,2
230(a),R,*,-12.81,0,1.5,2
230(a),R,-,-0.1745,0,0.5,1
230(a),R,G,-0.8726,0.6644,6,2
230(a),R,I,-2.123,0,0.5,1
230(a),R,K,-1.753,1.532,7.5,2
230(a),R,R,0,0,,2
230(a),R,S,-1.539,0,0.5,1
231(a),G,-,-0.7896,0,1,1
231(a),G,A,1.73,0,1,1
231(a),G,C,-3.106,2.301,1.5,2
231(a),G,D,-2.857,0.066,7,2
231(a),G,G,0,0,,2
231(a),G,R,0.374,0,0.5,1
231(a),G,S,0.6741,0.1495,9.5,2
231(a),G,V,0.7114,0,0.5,1
232(a),L,-,-0.5565,0.3344,3.5,2
232(a),L,L,0,0,,2
232(a),L,M,-1.007,0,0.5,1
232(a),L,P,-2.855,0.419,3,2
233(a),L,-,-0.5349,0.1981,3.5,2
233(a),L,L,0,0,,2
233(a),L,M,1.469,0,0.5,1
233(a),L,P,-2.267,0.925,6,2
233(a),L,Q,-1.512,0,1,1
24(a),G,-,-1.653,1.347,1.5,2
24(a),G,A,-0.6212,0.6348,13,2
24(a),G,C,-2.159,0.287,11,2
24(a),G,D,-3.494,0,28,2
24(a),G,E,-3.657,0,8.5,2
24(a),G,F,-2.059,0.3,6.5,2
24(a),G,G,0,0,,2
24(a),G,H,-1.469,0.7075,10,2
24(a),G,I,-2.874,0.2635,12,2
24(a),G,K,-7.589,0,5.5,2
24(a),G,L,-3.439,0,10,2
24(a),G,M,-3.162,0,7,2
24(a),G,N,-2.035,0.55,5.5,2
24(a),G,P,-1.795,0.3165,10,2
24(a),G,Q,-1.376,0.982,7.5,2
24(a),G,R,-3.455,0,13.5,2
24(a),G,S,1.779,2.073,16,2
24(a),G,T,-1.313,0.2465,5,2
24(a),G,V,-1.716,0.3955,18.5,2
24(a),G,W,-2.358,0.227,11,2
24(a),G,Y,-2.288,0.1145,8.5,2
24(b),E,*,-6.15,0,5.5,2
24(b),E,-,-0.1478,0.1879,1,2
24(b),E,A,-0.6706,0.05685,9.5,2
24(b),E,C,-3.013,0.1285,15,2
24(b),E,D,-0.5699,0.556,14,2
24(b),E,E,0,0,,2
24(b),E,F,-1.567,0.02,11,2
24(b),E,G,-0.4508,0.1644,10.5,2
24(b),E,H,0.02445,0.2805,9,2
24(b),E,I,-1.417,0.4954,10,2
24(b),E,K,-0.7241,0.2397,23.5,2
24(b),E,L,-1.881,0.7785,6.5,2
24(b),E,M,0.3994,0.7366,14.5,2
24(b),E,N,-0.5028,1.036,14.5,2
24(b),E,P,-0.5789,0.1239,12.5,2
24(b),E,Q,-0.252,0.3973,15,2
24(b),E,R,-1.171,0.4468,10.5,2
24(b),E,S,-0.2672,0.1561,12.5,2
24(b),E,T,-0.2079,0.2272,10,2
24(b),E,V,-1.784,0.07,8,2
24(b),E,W,-1.774,0.223,14,2
24(b),E,Y,-0.6795,0.2457,11,2
25(a),Q,*,-8.466,0,6,2
25(a),Q,-,-2.13,1.383,1.5,2
25(a),Q,A,-1.695,0.2255,10,2
25(a),Q,C,-1.49,0.8158,10,2
25(a),Q,D,-2.055,0.189,5,2
25(a),Q,E,-0.9426,0.04315,10,2
25(a),Q,F,-0.5331,0.1142,5,2
25(a),Q,G,-0.9279,0.8831,6.5,2
25(a),Q,H,-1.657,0.2965,16,2
25(a),Q,I,-1.695,0.2465,8.5,2
25(a),Q,K,-2.936,0.1425,7,2
25(a),Q,L,-1.006,0.4117,10.5,2
25(a),Q,M,-0.5873,0.5077,7.5,2
25(a),Q,N,-0.8453,1.243,9,2
25(a),Q,P,-9.585,0,9.5,2
25(a),Q,Q,0,0,,2
25(a),Q,R,-2.993,0.303,7,2
25(a),Q,S,1.601,1.576,7.5,2
25(a),Q,T,-1.385,0.1985,9,2
25(a),Q,V,-0.8885,0.0511,12,2
25(a),Q,W,-0.4721,0.0189,6.5,2
25(a),Q,Y,-1.157,0.0505,10,2
25(b),Q,*,-11.8,0,32.5,2
25(b),Q,-,-2.799,1.757,2,2
25(b),Q,A,0.1475,0.3654,14,2
25(b),Q,C,0.4352,0.7999,10,2
25(b),Q,D,0.1242,0.4617,12,2
25(b),Q,E,-0.1901,0.9719,11.5,2
25(b),Q,F,-0.726,0.64,12,2
25(b),Q,G,-1.025,0.7787,9,2
25(b),Q,H,0.01125,0.2354,13.5,2
25(b),Q,I,-1.539,0.021,11.5,2
25(b),Q,K,-0.3324,0.4045,11.5,2
25(b),Q,L,-1.539,0.9446,8.5,2
25(b),Q,M,1.112,0.251,11,2
25(b),Q,N,0.5482,0.6138,11.5,2
25(b),Q,P,-1.474,0.3065,9.5,2
25(b),Q,Q,0,0,,2
25(b),Q,R,-0.3155,0.13,19.5,2
25(b),Q,S,-0.1915,0.3024,14.5,2
25(b),Q,T,0.0158,0.1383,8.5,2
25(b),Q,V,-1.16,0.3389,15,2
25(b),Q,W,-1.518,0.8882,9,2
25(b),Q,Y,-0.9355,0.09655,14.5,2
26(a),F,-,0.1394,0.05842,1,2
26(a),F,A,-3.15,0,6.5,2
26(a),F,C,-2.894,0.165,9,2
26(a),F,D,-7.521,0,5,2
26(a),F,E,-4.394,0,6.5,2
26(a),F,F,0,0,,2
26(a),F,G,-5.102,0,5.5,2
26(a),F,H,-3.302,0.1805,4.5,2
26(a),F,I,-1.968,0.4195,1,2
26(a),F,K,-6.705,0,8,2
26(a),F,L,-2.261,0.269,9.5,2
26(a),F,M,-1.841,0.288,7.5,2
26(a),F,N,-4.281,0,8.5,2
26(a),F,P,-9.354,0,7,2
26(a),F,Q,-3.151,0,9,2
26(a),F,R,-8.184,0,10.5,2
26(a),F,S,-3.428,0,11,2
26(a),F,T,-2.936,0.1465,9.5,2
26(a),F,V,-3.046,0.071,8.5,2
26(a),F,W,0.01265,0.4229,7,2
26(a),F,Y,-2.546,0.2795,10,2
26(b),V,-,-0.5429,0.3365,1,2
26(b),V,A,-0.8862,0.3548,12.5,2
26(b),V,C,-3.4,0,14.5,2
26(b),V,D,-3.297,0.103,9.5,2
26(b),V,E,-3.423,0,15,2
26(b),V,F,-0.08355,0.5734,9,2
26(b),V,G,-1.443,0.6803,10.5,2
26(b),V,H,-0.9649,0.8,9,2
26(b),V,I,1.292,0.0295,14,2
26(b),V,K,-2.728,0.1945,10,2
26(b),V,L,-0.4204,0.2386,10,2
26(b),V,M,0.255,0.08885,21.5,2
26(b),V,N,-2.069,0.4155,9,2
26(b),V,P,-0.2706,0.3944,8,2
26(b),V,Q,-1.71,0.594,12,2
26(b),V,R,-1.968,0.009,6.5,2
26(b),V,S,-0.9038,0.5853,10,2
26(b),V,T,0.6268,0.6222,10.5,2
26(b),V,V,0,0,,2
26(b),V,W,-2.461,0.143,12.5,2
26(b),V,Y,-0.3953,0.3685,8,2
27(a),M,-,-1.021,0.1012,2,2
27(a),M,A,0.1463,1.027,9,2
27(a),M,C,-0.9724,0.0886,7.5,2
27(a),M,D,-0.7503,1.527,6,2
27(a),M,E,-1.096,0.2026,7.5,2
27(a),M,F,-1.136,0.3564,11,2
27(a),M,G,-1.767,0.204,5,2
27(a),M,H,0.2725,1.472,10,2
27(a),M,I,-0.6606,0.2706,14.5,2
27(a),M,K,-0.7938,0.6462,7.5,2
27(a),M,L,-0.06686,0.1172,8.5,2
27(a),M,M,0,0,,2
27(a),M,N,1.224,0.749,7.5,2
27(a),M,P,-7.631,0,8,2
27(a),M,Q,0.0592,0.6014,8,2
27(a),M,R,-0.1185,1.656,6,2
27(a),M,S,1.322,0.051,7,2
27(a),M,T,-1.368,0.287,13,2
27(a),M,V,0.219,1.221,18.5,2
27(a),M,W,-1.236,0.4766,9,2
27(a),M,Y,-0.04766,0.1242,3,2
27(b),R,-,-0.7443,0.00425,1,2
27(b),R,A,-2.66,0.0845,10,2
27(b),R,C,-9.998,0,11.5,2
27(b),R,D,-3.75,0,14,2
27(b),R,E,-3.131,0.1485,9,2
27(b),R,F,-3.426,0,14.5,2
27(b),R,G,-3.135,0.115,9.5,2
27(b),R,H,0.4541,0.3912,14.5,2
27(b),R,I,-2.674,0.492,10,2
27(b),R,K,-1.111,0.1303,7.5,2
27(b),R,L,-1.571,0.16,13,2
27(b),R,M,-2.505,0.421,12,2
27(b),R,N,-1.906,0.031,7,2
27(b),R,P,-14.03,0,12.5,2
27(b),R,Q,-0.8971,0.381,18.5,2
27(b),R,R,0,0,,2
27(b),R,S,-1.614,0.0695,17.5,2
27(b),R,T,-2.373,0.177,11.5,2
27(b),R,V,-2.68,0.2155,14,2
27(b),R,W,-1.939,0.483,29.5,2
27(b),R,Y,-2.589,0.061,7.5,2
28(a),F,-,-2.273,1.055,2.5,2
28(a),F,A,-2.86,0.414,11,2
28(a),F,C,-2.428,0.5085,11.5,2
28(a),F,D,-2.448,0.022,7,2
28(a),F,E,-1.739,0.9654,6.5,2
28(a),F,F,0,0,,2
28(a),F,G,-3.35,0.0255,7.5,2
28(a),F,H,-1.119,0.2347,5.5,2
28(a),F,I,-1.492,0.4922,5.5,2
28(a),F,K,-3.143,0.106,8.5,2
28(a),F,L,-1.077,0.9609,13.5,2
28(a),F,M,1.707,3.021,7,2
28(a),F,N,-1.267,0.9801,11.5,2
28(a),F,P,-5.144,0,12,2
28(a),F,Q,-1.095,0.1862,5.5,2
28(a),F,R,-3.733,0,4.5,2
28(a),F,S,-2.423,0.631,10,2
28(a),F,T,-2.696,0.2345,4,2
28(a),F,V,-0.9002,0.4327,6.5,2
28(a),F,W,-2.732,0.7095,8,2
28(a),F,Y,-2.831,0.3205,10,2
28(b),Y,*,-10.1,0,1.5,2
28(b),Y,-,-0.6023,0.1823,1.5,2
28(b),Y,A,-0.03865,0.1568,10,2
28(b),Y,C,-2.861,0.139,16,2
28(b),Y,D,-5.082,0,11.5,2
28(b),Y,E,-2.053,0.5875,11,2
28(b),Y,F,-0.582,0.527,11.5,2
28(b),Y,G,2.114,1.157,9,2
28(b),Y,H,0.5998,1.209,11,2
28(b),Y,I,1.055,1.182,10.5,2
28(b),Y,K,-0.5389,0.0053,12,2
28(b),Y,L,0.5549,1.428,10,2
28(b),Y,M,0.5527,0.3304,8.5,2
28(b),Y,N,-2.104,0.0295,15.5,2
28(b),Y,P,-3.809,0,8,2
28(b),Y,Q,-1.571,0.0035,8,2
28(b),Y,R,-2.681,0.19,12,2
28(b),Y,S,-0.301,1.405,11.5,2
28(b),Y,T,-0.06805,0.7855,11,2
28(b),Y,V,-0.279,1.138,11.5,2
28(b),Y,W,1.91,0.032,12,2
28(b),Y,Y,0,0,,2
29(a),D,-,-2.271,0.8315,3,2
29(a),D,A,-0.3355,0.2317,7,2
29(a),D,C,-1.236,0.5122,8,2
29(a),D,D,0,0,,2
29(a),D,E,-0.5471,0.4449,14.5,2
29(a),D,F,-0.3265,1.778,6.5,2
29(a),D,G,0.9003,0.2977,11,2
29(a),D,H,0.8244,0.2056,10.5,2
29(a),D,I,0.0065,1.296,7,2
29(a),D,K,-1.017,0.6134,10,2
29(a),D,L,-0.9127,0.3333,11.5,2
29(a),D,M,-0.7554,0.00095,9.5,2
29(a),D,N,-0.00655,0.1077,20,2
29(a),D,P,-3.634,0,8.5,2
29(a),D,Q,-0.658,0.04675,9,2
29(a),D,R,-1.828,0.774,11.5,2
29(a),D,S,1.016,0.1475,4.5,2
29(a),D,T,1.526,0.225,11.5,2
29(a),D,V,0.3479,0.5563,11.5,2
29(a),D,W,-1.478,0.5173,11.5,2
29(a),D,Y,-0.2342,0.715,18.5,2
29(b),L,-,-1.405,0.0215,1.5,2
29(b),L,A,0.9163,1.844,13.5,2
29(b),L,C,-0.286,0.3533,7.5,2
29(b),L,D,-2.493,0.3895,5,2
29(b),L,E,-0.8065,0.5036,6,2
29(b),L,F,-0.6358,0.4912,14.5,2
29(b),L,G,-2.128,0.1355,9.5,2
29(b),L,H,1.373,2.087,19,2
29(b),L,I,0.7685,0.2575,14.5,2
29(b),L,K,-0.1905,0.08465,7.5,2
29(b),L,L,0,0,,2
29(b),L,M,0.2829,0.206,9,2
29(b),L,N,0.6186,0.8105,7.5,2
29(b),L,P,-8.375,0,22.5,2
29(b),L,Q,-0.6806,0.2848,14.5,2
29(b),L,R,-0.563,1.055,12,2
29(b),L,S,-0.0495,1.406,8.5,2
29(b),L,T,-0.5145,0.05495,7.5,2
29(b),L,V,1.08,1.402,11,2
29(b),L,W,-0.3414,0.5603,14,2
29(b),L,Y,-0.9093,0.1968,11,2
3(T2A),G,-,-0.1866,0.01875,3,2
3(T2A),G,C,-0.062,1.305,1.5,2
3(T2A),G,D,-2.717,0.6585,12,2
3(T2A),G,G,0,0,,2
3(T2A),G,R,-1.776,0,0.5,1
3(T2A),G,S,-1.038,0.7966,7.5,2
3(T2A),G,V,-2.679,0.52,3.5,2
3(a),V,*,-11.4,0,10,2
3(a),V,-,-1.508,0,0.5,1
3(a),V,A,0.2405,0.1918,12.5,2
3(a),V,C,-1.244,0.19,8,2
3(a),V,D,0.1927,1.123,9,2
3(a),V,E,-0.6603,0.06845,10.5,2
3(a),V,G,-1.136,0.3021,9,2
3(a),V,H,0.5205,1.678,9.5,2
3(a),V,I,0.4891,0.5098,11,2
3(a),V,K,-0.4177,0.0845,9,2
3(a),V,L,0.7499,0.07885,11.5,2
3(a),V,M,0.1215,0.4704,13,2
3(a),V,N,3.411,0,1.5,1
3(a),V,P,0.4912,0.1523,7.5,2
3(a),V,Q,-0.0214,0.5853,11,2
3(a),V,R,0.158,0.01735,12,2
3(a),V,S,1.177,0.4435,8,2
3(a),V,T,-1.04,0.1254,8.5,2
3(a),V,V,0,0,,2
3(a),V,W,-1.319,0.2375,6.5,2
3(a),V,Y,-0.6022,0.4078,8.5,2
3(b),E,*,-7.172,0,3,2
3(b),E,-,-2.941,0.954,4,2
3(b),E,A,0.03035,0.5575,13.5,2
3(b),E,C,0.5894,1.017,10,2
3(b),E,D,0.3919,1.097,11,2
3(b),E,E,0,0,,2
3(b),E,F,-0.3263,0.6302,11.5,2
3(b),E,G,-1.062,0.401,15.5,2
3(b),E,H,0.471,1.963,7,2
3(b),E,I,-1.375,0.1455,15,2
3(b),E,K,-0.02085,0.3505,34,2
3(b),E,L,-0.1748,0.6966,13,2
3(b),E,M,-0.1709,0.1266,11.5,2
3(b),E,N,-0.1633,0.4972,14,2
3(b),E,P,-4.429,0,13,2
3(b),E,Q,-0.04815,0.8145,11,2
3(b),E,R,-0.8083,0.3736,12,2
3(b),E,S,-0.6162,0.1671,10,2
3(b),E,T,-0.1735,1.631,11.5,2
3(b),E,V,0.3863,0.5741,7.5,2
3(b),E,W,0.1212,1.106,11.5,2
3(b),E,Y,-0.3539,0.971,16.5,2
30(a),F,-,-1.129,1.333,3.5,2
30(a),F,A,-2.471,0.2775,12,2
30(a),F,C,-1.594,1.301,6.5,2
30(a),F,D,-3.581,0,6.5,2
30(a),F,E,-2.993,0.1375,6,2
30(a),F,F,0,0,,2
30(a),F,G,-2.378,0.107,8,2
30(a),F,H,-2.071,0.7125,8.5,2
30(a),F,I,-1.187,0.3436,10,2
30(a),F,K,-2.524,0.7485,10,2
30(a),F,L,-1.808,0.059,13,2
30(a),F,M,-1.815,0.0625,10,2
30(a),F,N,-2.233,0.6055,6,2
30(a),F,P,-11.3,0,7.5,2
30(a),F,Q,-1.413,1.369,5.5,2
30(a),F,R,-3.173,0.2015,8.5,2
30(a),F,S,-2.854,0.1545,11,2
30(a),F,T,-2.1,0.5505,9.5,2
30(a),F,V,-2.238,0.405,9,2
30(a),F,W,-1.368,0.0915,18,2
30(a),F,Y,-1.675,0.3535,15,2
30(b),V,-,-0.3506,0.03015,2,2
30(b),V,A,-0.2808,0.7044,11,2
30(b),V,C,-4.122,0,11.5,2
30(b),V,D,-8.139,0,11.5,2
30(b),V,E,-3.63,0,13,2
30(b),V,F,-1.017,0.8666,12,2
30(b),V,G,-4.226,0,11.5,2
30(b),V,H,-3.984,0,14,2
30(b),V,I,1.257,0.122,15,2
30(b),V,K,-3.329,0,9,2
30(b),V,L,-1.485,0.4565,16,2
30(b),V,M,-0.8981,0.6229,18,2
30(b),V,N,-4.199,0,9,2
30(b),V,P,-10.57,0,11,2
30(b),V,Q,-2.183,0.8485,15,2
30(b),V,R,-2.957,0.1565,11.5,2
30(b),V,S,-1.896,0.7325,10.5,2
30(b),V,T,-1.243,0.3996,12,2
30(b),V,V,0,0,,2
30(b),V,W,-0.1653,0.5306,15,2
30(b),V,Y,-3.457,0,12.5,2
31(a),D,-,-2.882,0.0465,4.5,2
31(a),D,A,-2.425,0.3375,6,2
31(a),D,C,-2.438,0.3885,9.5,2
31(a),D,D,0,0,,2
31(a),D,E,-2.279,0.5625,4,2
31(a),D,F,-3.378,0.007,9.5,2
31(a),D,G,-1.25,0.1715,12.5,2
31(a),D,H,-2.784,0.228,13,2
31(a),D,I,-3.083,0.2255,8,2
31(a),D,K,-2.452,0.082,7.5,2
31(a),D,L,-3.025,0.146,10,2
31(a),D,M,-2.52,0.217,9.5,2
31(a),D,N,-0.6504,0.0203,21.5,2
31(a),D,P,-5.034,0,7.5,2
31(a),D,Q,-1.181,0.1515,16,2
31(a),D,R,-2.22,0.4715,12,2
31(a),D,S,-1.354,0.4085,6,2
31(a),D,T,-1.544,0.077,6,2
31(a),D,V,-2.539,0.4055,8.5,2
31(a),D,W,-3.482,0,10.5,2
31(a),D,Y,-3.205,0.098,13.5,2
31(b),K,*,-3.258,0,0.5,1
31(b),K,-,-3.066,1.409,2.5,2
31(b),K,A,0.599,1.932,12,2
31(b),K,C,-4.325,0,11.5,2
31(b),K,D,-3.441,0,12.5,2
31(b),K,E,-2.956,0.107,18,2
31(b),K,F,-2.068,0.1905,18,2
31(b),K,G,-2.55,0.0135,11.5,2
31(b),K,H,-1.434,0.559,7.5,2
31(b),K,I,-3.38,0,12,2
31(b),K,K,0,0,,2
31(b),K,L,-2.538,0.283,17.5,2
31(b),K,M,0.18,1.614,11.5,2
31(b),K,N,-1.28,0.4635,15.5,2
31(b),K,P,-8.525,0,13.5,2
31(b),K,Q,-1.525,0.7813,9.5,2
31(b),K,R,0.3379,0.3949,13,2
31(b),K,S,-0.7191,0.4399,7,2
31(b),K,T,-1.627,0.006,12.5,2
31(b),K,V,-3.502,0,12,2
31(b),K,W,-2.872,0.2025,16,2
31(b),K,Y,-0.3538,0.117,10,2
32(a),G,-,-2.731,0.2215,4,2
32(a),G,A,-0.4744,0.3235,8,2
32(a),G,C,-1.119,0.5962,14.5,2
32(a),G,D,-0.4013,0.8007,20,2
32(a),G,E,-1.013,0.5969,8,2
32(a),G,F,1.162,0.4967,7.5,2
32(a),G,G,0,0,,2
32(a),G,H,0.5486,0.9033,6.5,2
32(a),G,I,-1.936,0.9558,7,2
32(a),G,K,-0.5849,1.054,6.5,2
32(a),G,L,-1.391,0.0025,8.5,2
32(a),G,M,-1.115,0.062,7,2
32(a),G,N,0.109,0.06295,12.5,2
32(a),G,P,-2.486,0.623,6,2
32(a),G,Q,-1.099,0.5433,6.5,2
32(a),G,R,-0.1053,5e-05,11,2
32(a),G,S,-1.496,0.8424,6.5,2
32(a),G,T,-1.126,0.0055,8.5,2
32(a),G,V,-2.2,0.0265,15.5,2
32(a),G,W,-2.015,0.568,6,2
32(a),G,Y,-1.423,0.059,9.5,2
32(b),Y,*,-11.61,0,2,2
32(b),Y,-,-0.5493,0.2432,2,2
32(b),Y,A,-4.296,0,9.5,2
32(b),Y,C,-4.393,0,24,2
32(b),Y,D,-7.315,0,11.5,2
32(b),Y,E,-8.011,0,8,2
32(b),Y,F,-1.959,0.241,14,2
32(b),Y,G,-6.691,0,10.5,2
32(b),Y,H,-2.97,0.3135,13,2
32(b),Y,I,-3.528,0.108,8,2
32(b),Y,K,-3.296,0,11,2
32(b),Y,L,-3.145,0,10.5,2
32(b),Y,M,-2.925,0.21,16,2
32(b),Y,N,-4.419,0,15,2
32(b),Y,P,-8.516,0,9.5,2
32(b),Y,Q,-4.192,0,15.5,2
32(b),Y,R,-2.958,0.0295,12,2
32(b),Y,S,-4.637,0,9,2
32(b),Y,T,-4.163,0,8.5,2
32(b),Y,V,-3.229,0,12.5,2
32(b),Y,W,-2.713,0.1215,9,2
32(b),Y,Y,0,0,,2
33(a),D,-,-2.097,1.323,2.5,2
33(a),D,A,-2.417,0.308,10,2
33(a),D,C,-1.785,1.245,8,2
33(a),D,D,0,0,,2
33(a),D,E,0.144,0.2131,12,2
33(a),D,F,-1.874,0.1465,6.5,2
33(a),D,G,-1.506,0.2585,11.5,2
33(a),D,H,-0.9061,1.166,9,2
33(a),D,I,-1.433,1.247,8,2
33(a),D,K,-2.694,0.164,8,2
33(a),D,L,-2.502,0.1415,9.5,2
33(a),D,M,-2.248,0.276,7.5,2
33(a),D,N,-1.062,0.1482,17,2
33(a),D,P,-3.812,0,6.5,2
33(a),D,Q,0.1864,1.119,9,2
33(a),D,R,-3.294,0,12,2
33(a),D,S,-0.1597,0.7946,5,2
33(a),D,T,-2.199,0.4305,8.5,2
33(a),D,V,-2.9,0.1075,17,2
33(a),D,W,-3.466,0,15.5,2
33(a),D,Y,-2.881,0.1375,12.5,2
33(b),I,-,-1.645,0.7249,3,2
33(b),I,A,-0.9994,0.7975,13.5,2
33(b),I,C,-0.6106,0.1894,11,2
33(b),I,D,-6.362,0,13.5,2
33(b),I,E,-4.191,0,8.5,2
33(b),I,F,-0.8198,0.0623,15,2
33(b),I,G,-2.667,0.1465,11.5,2
33(b),I,H,-2.302,0.249,8,2
33(b),I,I,0,0,,2
33(b),I,K,-5.139,0,13.5,2
33(b),I,L,-1.982,0.1745,12.5,2
33(b),I,M,0.6135,1.734,8.5,2
33(b),I,N,-2.453,0.837,9,2
33(b),I,P,-8.919,0,11,2
33(b),I,Q,-3.228,0.0905,9,2
33(b),I,R,-4.66,0,13,2
33(b),I,S,-0.5038,0.7863,9,2
33(b),I,T,-1.898,0.1905,12,2
33(b),I,V,-0.9998,0.00425,15,2
33(b),I,W,-2.493,0.805,8,2
33(b),I,Y,-0.1144,1.002,9.5,2
34(a),E,*,-7.579,0,2,2
34(a),E,-,-1.24,0.7423,2.5,2
34(a),E,A,-1.646,0.4665,9.5,2
34(a),E,C,-0.4562,0.1871,6,2
34(a),E,D,-2.186,0.069,17.5,2
34(a),E,E,0,0,,2
34(a),E,F,-4.058,0,10,2
34(a),E,G,-2.389,0.3635,14.5,2
34(a),E,H,-2.349,0.2845,6.5,2
34(a),E,I,-1.089,0.1126,7,2
34(a),E,K,-2.882,0.3225,15.5,2
34(a),E,L,0.0595,1.167,11,2
34(a),E,M,-0.6747,0.2283,6,2
34(a),E,N,-2.306,0.36,9,2
34(a),E,P,-2.277,0.291,10.5,2
34(a),E,Q,-2.101,0.0595,14,2
34(a),E,R,-2.253,0.5295,5.5,2
34(a),E,S,-1.239,0.1145,14.5,2
34(a),E,T,-1.892,0.056,7,2
34(a),E,V,-1.906,0.199,14.5,2
34(a),E,W,-3.893,0,11.5,2
34(a),E,Y,-3.127,0,10,2
34(b),H,-,-2.146,0.0965,4,2
34(b),H,A,-1.977,0.44,14.5,2
34(b),H,C,-1.104,0.4925,11,2
34(b),H,D,-5.066,0,12.5,2
34(b),H,E,-4.428,0,7.5,2
34(b),H,F,0.4989,0.653,10,2
34(b),H,G,-2.336,0.693,8,2
34(b),H,H,0,0,,2
34(b),H,I,-3.975,0,11.5,2
34(b),H,K,-3.771,0,8.5,2
34(b),H,L,-2.758,0.2625,15,2
34(b),H,M,-1.807,0.266,9,2
34(b),H,N,0.93,0.856,13.5,2
34(b),H,P,-11.86,0,12.5,2
34(b),H,Q,-3.128,0.0665,13.5,2
34(b),H,R,-2.492,0.124,19,2
34(b),H,S,0.651,1.856,13,2
34(b),H,T,-1.926,0.5185,12,2
34(b),H,V,-3.696,0,13,2
34(b),H,W,-1.35,0.0955,19.5,2
34(b),H,Y,-0.836,0.795,12,2
35(a),I,-,-4.974,0.9245,3.5,2
35(a),I,A,-2.167,0.192,6,2
35(a),I,C,0.4829,0.1943,7,2
35(a),I,D,-12.08,0,6,2
35(a),I,E,-3.223,0.115,10,2
35(a),I,F,-2.367,0.709,6.5,2
35(a),I,G,-4.473,0,7.5,2
35(a),I,H,-4.865,0,10,2
35(a),I,I,0,0,,2
35(a),I,K,-9.578,0,5,2
35(a),I,L,0.118,1.753,10.5,2
35(a),I,M,-1.636,0.5065,10,2
35(a),I,N,-4.221,0,11.5,2
35(a),I,P,-5.46,0,8.5,2
35(a),I,Q,-3.798,0,10.5,2
35(a),I,R,-7.678,0,11.5,2
35(a),I,S,-3.2,0.019,8,2
35(a),I,T,-0.619,1.296,7.5,2
35(a),I,V,-0.1318,0.5574,11.5,2
35(a),I,W,-3.13,0.078,7.5,2
35(a),I,Y,-2.905,0.2375,10.5,2
35(b),N,-,-1.35,0.5636,4,2
35(b),N,A,-3.084,0.0745,13,2
35(b),N,C,-3.655,0,9.5,2
35(b),N,D,-3.039,0.1165,18.5,2
35(b),N,E,-3.905,0,10.5,2
35(b),N,F,-8.475,0,9,2
35(b),N,G,-1.219,0.7388,8,2
35(b),N,H,-4.217,0,14.5,2
35(b),N,I,-5.663,0,13,2
35(b),N,K,-5.228,0,13,2
35(b),N,L,-4.329,0,13,2
35(b),N,M,-3.728,0,7.5,2
35(b),N,N,0,0,,2
35(b),N,P,-7.829,0,15,2
35(b),N,Q,-0.9607,0.4043,8.5,2
35(b),N,R,-5.139,0,13.5,2
35(b),N,S,-3.56,0,13,2
35(b),N,T,-5.355,0,16,2
35(b),N,V,-5.662,0,8.5,2
35(b),N,W,-12.62,0,13.5,2
35(b),N,Y,-8.04,0,12.5,2
36(a),F,-,-1.617,0.9317,4,2
36(a),F,A,-2.55,0.421,2.5,2
36(a),F,C,-0.9352,0.3257,10,2
36(a),F,D,-3.272,0,4.5,2
36(a),F,E,-3.803,0,8.5,2
36(a),F,F,0,0,,2
36(a),F,G,-1.966,0.3885,7,2
36(a),F,H,-2.557,0.307,9,2
36(a),F,I,-2.409,0.317,11,2
36(a),F,K,-4.661,0,11.5,2
36(a),F,L,0.7345,0.9085,11,2
36(a),F,M,-1.957,0.8,6.5,2
36(a),F,N,-2.362,0.017,9,2
36(a),F,P,-8.427,0,5.5,2
36(a),F,Q,-2.744,0.089,5.5,2
36(a),F,R,-9.242,0,9,2
36(a),F,S,-2.466,0.296,11.5,2
36(a),F,T,-2.217,0.5465,7.5,2
36(a),F,V,-1.775,0.4665,9,2
36(a),F,W,-1.28,1.032,9,2
36(a),F,Y,-1.725,0.216,6.5,2
36(b),R,-,-0.9692,0.09375,4,2
36(b),R,A,-0.072,0.8331,14.5,2
36(b),R,C,-2.13,0.103,10.5,2
36(b),R,D,-2.157,0.722,12.5,2
36(b),R,E,-2.97,0.0165,8.5,2
36(b),R,F,-2.728,0.1635,12,2
36(b),R,G,2.256,2.143,8,2
36(b),R,H,-1.282,0.0125,13.5,2
36(b),R,I,-3.708,0,7.5,2
36(b),R,K,0.111,0.2079,6.5,2
36(b),R,L,-2.603,0.1795,12.5,2
36(b),R,M,-1.326,0.7659,13,2
36(b),R,N,-0.6575,0.1067,17.5,2
36(b),R,P,-7.549,0,11.5,2
36(b),R,Q,-0.4751,0.433,23.5,2
36(b),R,R,0,0,,2
36(b),R,S,0.01345,0.652,12.5,2
36(b),R,T,-1.716,0.064,12,2
36(b),R,V,-3.67,0,12.5,2
36(b),R,W,-3.477,0,18.5,2
36(b),R,Y,-3.369,0.095,9.5,2
37(a),H,*,-8.237,0,0.5,1
37(a),H,-,-2.817,1.138,3.5,2
37(a),H,A,-1.619,0.9085,9,2
37(a),H,C,-1.816,0.0835,6.5,2
37(a),H,D,-1.65,0.2105,6.5,2
37(a),H,E,-1.772,0.0865,7,2
37(a),H,F,-1.272,0.231,11.5,2
37(a),H,G,-2.999,0.0545,14,2
37(a),H,H,0,0,,2
37(a),H,I,-1.763,0.544,12.5,2
37(a),H,K,-1.593,0.8358,10.5,2
37(a),H,L,-2.866,0.2425,9,2
37(a),H,M,-2.175,0.1595,9,2
37(a),H,N,-1.413,0.283,9,2
37(a),H,P,-7.798,0,9.5,2
37(a),H,Q,-1.504,1.189,10.5,2
37(a),H,R,-1.12,0.591,20.5,2
37(a),H,S,-1.693,0.9106,7,2
37(a),H,T,-2.08,0.019,8.5,2
37(a),H,V,-2.13,0.43,9.5,2
37(a),H,W,-2.043,0.255,11.5,2
37(a),H,Y,-1.341,0.23,17,2
37(b),Q,*,-10.68,0,9.5,2
37(b),Q,-,-4.688,0,3.5,1
37(b),Q,A,1.733,0.8265,9,2
37(b),Q,C,0.3295,1.938,16,2
37(b),Q,D,-0.9149,0.1181,10,2
37(b),Q,E,-0.3102,0.406,10.5,2
37(b),Q,F,-0.2707,0.4917,11.5,2
37(b),Q,G,0.9595,1.487,14.5,2
37(b),Q,H,-0.4878,0.1297,15.5,2
37(b),Q,I,0.3174,0.9587,9,2
37(b),Q,K,-1.088,0.4857,9,2
37(b),Q,L,-0.9561,0.6089,15.5,2
37(b),Q,M,-0.53,0.0829,10.5,2
37(b),Q,N,-0.5119,0.0584,12.5,2
37(b),Q,P,-10.74,0,9.5,2
37(b),Q,Q,0,0,,2
37(b),Q,R,-0.3653,0.3941,16.5,2
37(b),Q,S,-4.582,0,9,2
37(b),Q,T,-4.623,0,14,2
37(b),Q,V,-0.9161,0.6019,13.5,2
37(b),Q,W,-1.079,0.6702,14,2
37(b),Q,Y,-1.931,0.334,16,2
38(a),V,-,-0.2933,0.5647,2,2
38(a),V,A,-1.257,0.203,15,2
38(a),V,C,-0.04485,0.6464,7.5,2
38(a),V,D,-3.92,0,5.5,2
38(a),V,E,-2.013,0.1815,12,2
38(a),V,F,-3.447,0,8,2
38(a),V,G,-3.302,0,10,2
38(a),V,H,-2.744,0.0415,11.5,2
38(a),V,I,0.3313,0.9487,5.5,2
38(a),V,K,-5.226,0,9.5,2
38(a),V,L,0.4466,0.2791,15.5,2
38(a),V,M,-0.6565,0.4585,16.5,2
38(a),V,N,-2.688,0.335,8,2
38(a),V,P,-2.772,0.398,10,2
38(a),V,Q,-2.638,0.4245,6.5,2
38(a),V,R,-5.045,0,10,2
38(a),V,S,-0.3995,0,0.5,1
38(a),V,T,-1.606,0.165,7,2
38(a),V,V,0,0,,2
38(a),V,W,-8.047,0,10.5,2
38(a),V,Y,-2.107,0.956,9,2
38(b),Q,*,-8.038,0,16.5,2
38(b),Q,-,-1.632,0,3,1
38(b),Q,A,-1.878,0.0515,3.5,2
38(b),Q,C,0.9874,0.0396,10,2
38(b),Q,D,-1.811,0.053,8,2
38(b),Q,E,-1.118,0.2457,13,2
38(b),Q,F,-3.483,0,13.5,2
38(b),Q,G,-2.695,0.139,11,2
38(b),Q,H,-3.407,0,14.5,2
38(b),Q,I,0.604,1.145,16.5,2
38(b),Q,K,-3.026,0,11.5,2
38(b),Q,L,-0.7314,0.3976,12,2
38(b),Q,M,-0.4947,0.2697,16.5,2
38(b),Q,N,-1.732,0.2585,13.5,2
38(b),Q,P,-1.5,0.7665,15.5,2
38(b),Q,Q,0,0,,2
38(b),Q,R,-3.272,0,22.5,2
38(b),Q,S,-0.8886,0.8604,11,2
38(b),Q,T,0.7318,0.4723,16.5,2
38(b),Q,V,-0.0905,1.149,11,2
38(b),Q,W,-4.706,0,6.5,2
38(b),Q,Y,-3.362,0,10,2
39(a),D,-,-0.2262,0.3034,2,2
39(a),D,A,-0.8454,0.3916,10.5,2
39(a),D,C,-1.425,0.4015,8.5,2
39(a),D,D,0,0,,2
39(a),D,E,-1.351,0.9223,6.5,2
39(a),D,F,-1.536,0.7186,10,2
39(a),D,G,-1.179,0.2298,10.5,2
39(a),D,H,0.4035,1.806,9.5,2
39(a),D,I,-2.148,0.5265,10,2
39(a),D,K,-1.421,1.108,8,2
39(a),D,L,-1.741,0.52,8.5,2
39(a),D,M,-1.73,0.602,11.5,2
39(a),D,N,-0.2036,0.1627,17.5,2
39(a),D,P,-3.333,0.162,7.5,2
39(a),D,Q,0.194,1.279,7,2
39(a),D,R,-1.03,0.8854,9.5,2
39(a),D,S,-0.06405,0.7175,6.5,2
39(a),D,T,-3.246,0,9,2
39(a),D,V,-2.384,0.341,9.5,2
39(a),D,W,-2.25,0.014,8.5,2
39(a),D,Y,-2.384,0.507,11,2
39(b),D,-,-0.4827,0,3.5,1
39(b),D,A,-0.9557,0.7402,17.5,2
39(b),D,C,0.1456,0.7384,8,2
39(b),D,D,0,0,,2
39(b),D,E,-1.623,0.465,11.5,2
39(b),D,F,0.6831,0.7029,9.5,2
39(b),D,G,-0.8081,1.015,12,2
39(b),D,H,-0.6162,1.399,14,2
39(b),D,I,0.017,1.944,12,2
39(b),D,K,-2.561,0.1375,11.5,2
39(b),D,L,0.9748,1.022,12.5,2
39(b),D,M,0.4869,1.41,9,2
39(b),D,N,0.6753,0.2978,15.5,2
39(b),D,P,-3.979,0,13.5,2
39(b),D,Q,0.7818,0.6892,11,2
39(b),D,R,-2.11,0.0905,6,2
39(b),D,S,0.04738,0.07081,12.5,2
39(b),D,T,-0.969,0.347,10.5,2
39(b),D,V,0.3367,0.9153,11.5,2
39(b),D,W,-0.9498,1.465,11,2
39(b),D,Y,-0.8115,0.5665,12.5,2
4(T2A),E,-,0.4101,0.05485,3,2
4(T2A),E,A,0.1735,1.254,1,2
4(T2A),E,D,0.1841,0.5103,4.5,2
4(T2A),E,E,0,0,,2
4(T2A),E,G,1.62,0,2.5,1
4(T2A),E,K,-0.1357,0.1019,5.5,2
4(T2A),E,V,-0.5362,0,0.5,1
4(a),G,*,-8.052,0,12,2
4(a),G,A,0.04105,0.1734,12.5,2
4(a),G,C,-0.4271,0.6058,7.5,2
4(a),G,D,-0.3408,0.2087,6.5,2
4(a),G,E,-0.9402,0.0768,11.5,2
4(a),G,F,-1.904,0.445,10.5,2
4(a),G,G,0,0,,2
4(a),G,H,0.3923,1.323,6.5,2
4(a),G,I,-1.146,0.3512,7.5,2
4(a),G,K,-1.267,1.571,7,2
4(a),G,L,-2.994,0.405,5.5,2
4(a),G,M,2.372,0.425,7,2
4(a),G,N,1.24,0.8591,7.5,2
4(a),G,P,-0.5668,0.8431,7.5,2
4(a),G,Q,-1.337,0.3703,8,2
4(a),G,R,-0.2828,0.8242,16,2
4(a),G,S,0.8894,0.9256,9,2
4(a),G,T,0.4281,0.7009,13,2
4(a),G,V,-0.8408,0.4282,16.5,2
4(a),G,W,-1.244,0.9987,10.5,2
4(a),G,Y,-0.7288,0.1872,10,2
4(b),E,*,-7.277,0,4,2
4(b),E,-,-0.4892,0.1901,3.5,2
4(b),E,A,0.313,0.699,13,2
4(b),E,C,-0.2814,0.6434,13,2
4(b),E,D,-0.3039,0.327,14.5,2
4(b),E,E,0,0,,2
4(b),E,F,0.6765,1.697,13.5,2
4(b),E,G,-1.259,0.6283,11,2
4(b),E,H,0.08175,0.7956,11.5,2
4(b),E,I,-0.5663,0.6257,16.5,2
4(b),E,K,-0.2999,0.4971,31.5,2
4(b),E,L,-0.4492,0.336,10.5,2
4(b),E,M,-0.07945,0.4718,13.5,2
4(b),E,N,-1.093,0.1253,12,2
4(b),E,P,1.16,1.935,9.5,2
4(b),E,Q,-0.4128,0.02435,17.5,2
4(b),E,R,-0.5924,0.6996,9,2
4(b),E,S,-0.2588,0.4766,9.5,2
4(b),E,T,-0.6543,1.184,10.5,2
4(b),E,V,0.03702,0.02607,11.5,2
4(b),E,W,-1.226,0.9897,10.5,2
4(b),E,Y,0.8404,0.2936,10.5,2
40(a),L,-,-0.3177,0.2709,2,2
40(a),L,A,0.271,0.6597,6.5,2
40(a),L,C,-2.269,0.3265,5,2
40(a),L,D,-8.857,0,9,2
40(a),L,E,-6.107,0,13,2
40(a),L,F,-0.03759,0.1042,9,2
40(a),L,G,-1.696,0.0515,7.5,2
40(a),L,H,-2.954,0.062,8.5,2
40(a),L,I,-1.672,0.526,10,2
40(a),L,K,-2.303,0.618,7.5,2
40(a),L,L,0,0,,2
40(a),L,M,-0.5802,0.7498,7,2
40(a),L,N,-2.958,0.0465,6,2
40(a),L,P,-1.192,0.2995,18,2
40(a),L,Q,-2.433,0.0395,7.5,2
40(a),L,R,-3.888,0,8.5,2
40(a),L,S,-3.392,0,6,2
40(a),L,T,-2.315,0.596,6,2
40(a),L,V,-1.472,0.5852,8.5,2
40(a),L,W,-16.25,0,4.5,2
40(a),L,Y,-9.037,0,9.5,2
40(b),V,-,-3.203,1.148,5,2
40(b),V,A,-1.89,0.013,14.5,2
40(b),V,C,-1.756,0.4885,8,2
40(b),V,D,-5.674,0,7,2
40(b),V,E,-5.867,0,13,2
40(b),V,F,-0.8352,0.3838,16,2
40(b),V,G,-4.076,0,13.5,2
40(b),V,H,-3.07,0.041,13.5,2
40(b),V,I,-0.8637,0.05445,9.5,2
40(b),V,K,-2.599,0.462,6.5,2
40(b),V,L,-1.246,1.389,12.5,2
40(b),V,M,-1.731,0.2815,24.5,2
40(b),V,N,-3.687,0,7.5,2
40(b),V,P,-8.282,0,12.5,2
40(b),V,Q,-4.157,0,8.5,2
40(b),V,R,-3.122,0.1615,11.5,2
40(b),V,S,-3.03,0.059,11,2
40(b),V,T,-1.877,0.0345,13,2
40(b),V,V,0,0,,2
40(b),V,W,-0.1356,0.6937,12,2
40(b),V,Y,-2.151,0.785,8.5,2
41(a),Q,*,-13.5,0,8.5,2
41(a),Q,-,-1.369,1.135,2.5,2
41(a),Q,A,-0.2004,0.7639,9,2
41(a),Q,C,-2.346,0.5015,6.5,2
41(a),Q,D,-2.494,0.1745,7.5,2
41(a),Q,E,-1.639,0.535,9.5,2
41(a),Q,F,-1.793,0.081,11,2
41(a),Q,G,-0.6532,0.059,11,2
41(a),Q,H,-1.306,0.62,14.5,2
41(a),Q,I,0.6216,0.1823,7,2
41(a),Q,K,-0.8558,0.5662,10.5,2
41(a),Q,L,0.2115,1.236,7,2
41(a),Q,M,-0.9889,0.04005,3.5,2
41(a),Q,N,-10.78,0,9,2
41(a),Q,P,0.6832,1.074,12.5,2
41(a),Q,Q,0,0,,2
41(a),Q,R,-0.2373,0.3743,21,2
41(a),Q,S,0.13,1.318,7,2
41(a),Q,T,-0.3626,0.2853,9.5,2
41(a),Q,V,-1.045,0.9941,9,2
41(a),Q,W,-1.833,0.512,9,2
41(a),Q,Y,-1.068,0.3966,8.5,2
41(b),H,-,-1.797,1.297,4.5,2
41(b),H,A,-3.342,0,8,2
41(b),H,C,-2.26,0.107,13.5,2
41(b),H,D,-7.549,0,11,2
41(b),H,E,-0.9756,1.833,12.5,2
41(b),H,F,-1.981,0.834,9,2
41(b),H,G,-3.431,0,13,2
41(b),H,H,0,0,,2
41(b),H,I,-2.265,0.8165,10,2
41(b),H,K,-3.146,0.109,8.5,2
41(b),H,L,-2.421,0.642,11,2
41(b),H,M,-1.264,0.9834,6.5,2
41(b),H,N,-1.335,1.561,7.5,2
41(b),H,P,-11.71,0,11,2
41(b),H,Q,-2.157,0.2295,16,2
41(b),H,R,-3.243,0,10,2
41(b),H,S,0.0825,1.853,6,2
41(b),H,T,-1.881,0.0335,9.5,2
41(b),H,V,-1.859,0.0785,12,2
41(b),H,W,-2.43,0.355,11.5,2
41(b),H,Y,-1.883,0.1085,31,2
42(a),K,*,-4.236,0,1,2
42(a),K,-,-1.233,1.05,3,2
42(a),K,A,-1.528,0.1,8.5,2
42(a),K,C,-2.962,0.153,7.5,2
42(a),K,D,-2.428,0.031,8,2
42(a),K,E,-2.588,0.0425,10,2
42(a),K,F,-1.422,0.329,16,2
42(a),K,G,-1.7,0.6375,6,2
42(a),K,H,0.1108,0.5176,4.5,2
42(a),K,I,-1.593,0.489,14,2
42(a),K,K,0,0,,2
42(a),K,L,-1.555,0.166,7.5,2
42(a),K,M,0.1703,0.8707,11,2
42(a),K,N,-0.7743,0.8757,12,2
42(a),K,P,-2.546,0.0785,13.5,2
42(a),K,Q,-0.8545,0.4945,8.5,2
42(a),K,R,-0.8779,1.187,6,2
42(a),K,S,-2.042,0.7875,7,2
42(a),K,T,-0.281,1.284,10.5,2
42(a),K,V,-1.786,0.51,8,2
42(a),K,W,-2.306,0.453,6,2
42(a),K,Y,-1.201,0.2192,11,2
42(b),Y,*,-8.01,0,2.5,2
42(b),Y,-,-1.212,0.3528,4,2
42(b),Y,A,-10.62,0,13.5,2
42(b),Y,C,-12.86,0,15,2
42(b),Y,D,-10.78,0,6,2
42(b),Y,E,-7.871,0,17.5,2
42(b),Y,F,-0.9622,0.1148,14.5,2
42(b),Y,G,-7.77,0,5,2
42(b),Y,H,-6.708,0,9.5,2
42(b),Y,I,-2.622,0.5165,15,2
42(b),Y,K,-8.907,0,7,2
42(b),Y,L,-0.3125,1.498,11.5,2
42(b),Y,M,-2.421,0.2495,10,2
42(b),Y,N,-10.3,0,14,2
42(b),Y,P,-8.445,0,7.5,2
42(b),Y,Q,-7.848,0,6,2
42(b),Y,R,-7.368,0,9,2
42(b),Y,S,-7.381,0,8.5,2
42(b),Y,T,-7.495,0,13,2
42(b),Y,V,-4.365,0,13,2
42(b),Y,W,-2.144,0.5415,11,2
42(b),Y,Y,0,0,,2
43(a),S,-,-0.4683,0.1021,2.5,2
43(a),S,A,1.012,0.0604,8.5,2
43(a),S,C,-2.139,0.1485,10,2
43(a),S,D,-1.28,0.0725,7,2
43(a),S,E,-1.714,0.0585,7,2
43(a),S,F,2.033,3.854,8.5,2
43(a),S,G,0.2245,0.1676,5.5,2
43(a),S,H,-2.949,0.1795,4.5,2
43(a),S,I,-1.632,0.4135,7,2
43(a),S,K,-3.316,0,12.5,2
43(a),S,L,-1.002,0.09705,9,2
43(a),S,M,-0.9897,0.4022,5.5,2
43(a),S,N,-7.611,0,11.5,2
43(a),S,P,-1.681,0.5335,7.5,2
43(a),S,Q,-2.135,0.2155,6,2
43(a),S,R,-2.731,0.1775,8,2
43(a),S,S,0,0,,2
43(a),S,T,0.03235,0.4749,8.5,2
43(a),S,V,-0.7287,0.4393,5,2
43(a),S,W,-7.357,0,6.5,2
43(a),S,Y,-1.515,0.9212,11.5,2
43(b),D,-,-2.947,0.595,5,2
43(b),D,A,-2.607,0.0465,10.5,2
43(b),D,C,-2.747,0.3485,8,2
43(b),D,D,0,0,,2
43(b),D,E,-2.798,0.311,13,2
43(b),D,F,-4.306,0,14,2
43(b),D,G,-4.401,0,22,2
43(b),D,H,-3.171,0,17,2
43(b),D,I,-4.14,0,11.5,2
43(b),D,K,-4.61,0,9,2
43(b),D,L,-3.972,0,12,2
43(b),D,M,-4.189,0,9,2
43(b),D,N,-1.368,0.196,13.5,2
43(b),D,P,-10.38,0,9.5,2
43(b),D,Q,-3.91,0,6.5,2
43(b),D,R,-4.01,0,11.5,2
43(b),D,S,-0.8114,0.9876,7.5,2
43(b),D,T,-2.599,0.654,12,2
43(b),D,V,-4.265,0,11,2
43(b),D,W,-4.332,0,8,2
43(b),D,Y,-3.899,0,13.5,2
44(a),E,*,-7.546,0,4.5,2
44(a),E,-,-0.1646,0.05585,2.5,2
44(a),E,A,-0.6784,0.4715,13.5,2
44(a),E,C,-2.119,0.492,6.5,2
44(a),E,D,0.08075,0.529,9.5,2
44(a),E,E,0,0,,2
44(a),E,F,-0.521,1.212,8.5,2
44(a),E,G,-1.147,0.1914,18.5,2
44(a),E,H,0.09375,0.5304,12,2
44(a),E,I,-0.2061,0.4131,6,2
44(a),E,K,-0.1919,0.2881,12.5,2
44(a),E,L,-1.41,0.601,4.5,2
44(a),E,M,-1.303,1.746,7.5,2
44(a),E,N,0.211,1.112,5.5,2
44(a),E,P,-4.025,0,9,2
44(a),E,Q,-1.336,0.665,11.5,2
44(a),E,R,-0.4836,0.6774,9.5,2
44(a),E,S,-0.02,1.493,8,2
44(a),E,T,-0.2374,0.3516,8,2
44(a),E,V,0.005875,0.08899,11,2
44(a),E,W,-0.9603,0.9197,6,2
44(a),E,Y,-0.8469,0.1941,11,2
44(b),S,-,-5.936,0,6.5,2
44(b),S,A,-3.192,0,7.5,2
44(b),S,C,-3.817,0,17,2
44(b),S,D,-3.728,0,11,2
44(b),S,E,-4.662,0,8,2
44(b),S,F,-3.483,0,11.5,2
44(b),S,G,-2.381,0.58,18,2
44(b),S,H,-3.573,0,9,2
44(b),S,I,-4.232,0,13,2
44(b),S,K,-5.096,0,8.5,2
44(b),S,L,-4.258,0,10.5,2
44(b),S,M,-3.585,0,10.5,2
44(b),S,N,-3.096,0.1365,15.5,2
44(b),S,P,-3.721,0,8,2
44(b),S,Q,-4.06,0,10,2
44(b),S,R,-4.407,0,17.5,2
44(b),S,S,0,0,,2
44(b),S,T,-2.2,0.6645,13.5,2
44(b),S,V,-3.668,0,11,2
44(b),S,W,-3.418,0.0075,7.5,2
44(b),S,Y,-3.237,0.047,8,2
45(a),T,-,-1.349,0.4286,4.5,2
45(a),T,A,-0.4209,0.1031,14.5,2
45(a),T,C,-0.7135,0.8255,14,2
45(a),T,D,-0.9543,0.7427,11.5,2
45(a),T,E,-1.283,0.7784,6.5,2
45(a),T,F,-3.571,0,13,2
45(a),T,G,-1.535,0.6901,6,2
45(a),T,H,-3.364,0,6.5,2
45(a),T,I,-1.146,0.1934,11,2
45(a),T,K,-3.069,0.007,11.5,2
45(a),T,L,-2.502,0.3545,11.5,2
45(a),T,M,-1.324,0.8135,9,2
45(a),T,N,-0.6984,1.321,9.5,2
45(a),T,P,0.9214,1.08,15,2
45(a),T,Q,-3.019,0.017,6,2
45(a),T,R,-3.736,0.061,9,2
45(a),T,S,-0.5003,0.2332,9.5,2
45(a),T,T,0,0,,2
45(a),T,V,-0.236,2.215,9,2
45(a),T,W,-3.825,0,9.5,2
45(a),T,Y,-3.769,0,7,2
45(b),D,*,0.1351,0,0.5,1
45(b),D,-,-0.9002,0.6847,5,2
45(b),D,A,0.3982,0.9978,9.5,2
45(b),D,C,-1.278,0.047,12,2
45(b),D,D,0,0,,2
45(b),D,E,-0.1236,0.4271,12.5,2
45(b),D,F,0.0272,0.02345,12.5,2
45(b),D,G,-1.102,0.1658,15.5,2
45(b),D,H,-1.142,1.429,10,2
45(b),D,I,-0.038,1.937,5.5,2
45(b),D,K,0.7381,0.8848,10,2
45(b),D,L,-1.072,0.7738,10.5,2
45(b),D,M,-0.0528,0.2304,8.5,2
45(b),D,N,-0.2797,0.7813,15.5,2
45(b),D,P,-4.577,0,11,2
45(b),D,Q,-0.9228,0.0303,12,2
45(b),D,R,0.4915,0.3657,10.5,2
45(b),D,S,0.9167,1.834,12,2
45(b),D,T,-1.149,0.0305,11,2
45(b),D,V,-0.6735,0.3116,14.5,2
45(b),D,W,-0.03885,0.9484,16.5,2
45(b),D,Y,-0.9174,0.4407,10,2
46(a),I,-,-1.353,0.2315,4,2
46(a),I,A,-1.431,1.152,7.5,2
46(a),I,C,0.3322,0.566,12,2
46(a),I,D,-0.2355,1.333,15.5,2
46(a),I,E,1.264,0.2435,3.5,2
46(a),I,F,-0.5127,0.00235,8.5,2
46(a),I,G,-0.6453,0.5807,9.5,2
46(a),I,H,0.8357,0.9532,8,2
46(a),I,I,0,0,,2
46(a),I,K,1.654,0.0735,8,2
46(a),I,L,-1.359,0.579,8,2
46(a),I,M,0.4145,0.0339,8.5,2
46(a),I,N,0.4752,0.3223,8,2
46(a),I,P,-3.099,0,6.5,2
46(a),I,Q,-0.986,0.3801,7.5,2
46(a),I,R,-0.087,0.6563,10,2
46(a),I,S,0.4929,0.0512,7.5,2
46(a),I,T,0.00811,0.0545,7.5,2
46(a),I,V,-0.4504,0.3134,19.5,2
46(a),I,W,-1.347,0.04,7,2
46(a),I,Y,0.2151,0.2656,9.5,2
46(b),V,-,-1.195,0.0745,6,2
46(b),V,A,0.07035,0.1007,9,2
46(b),V,C,-0.8019,0.0544,16.5,2
46(b),V,D,-1.13,0.047,6,2
46(b),V,E,-0.2911,1.241,12,2
46(b),V,F,-1.258,0.252,13.5,2
46(b),V,G,-1.796,0.246,10.5,2
46(b),V,H,-0.2553,0.9317,7.5,2
46(b),V,I,0.4763,0.09785,16,2
46(b),V,K,-1.14,0.4024,6.5,2
46(b),V,L,-1.155,0.3268,16,2
46(b),V,M,-0.8443,0.1208,20,2
46(b),V,N,-0.9871,0.6848,14,2
46(b),V,P,-1.709,0.347,9.5,2
46(b),V,Q,-1.009,1.148,8,2
46(b),V,R,-0.8588,0.00735,11.5,2
46(b),V,S,-1.846,0.8641,12,2
46(b),V,T,-0.2583,0.7391,7,2
46(b),V,V,0,0,,2
46(b),V,W,-0.8408,0.6472,14,2
46(b),V,Y,-1.273,0.3069,13,2
47(a),W,*,-8.717,0,13.5,2
47(a),W,-,-1.474,0.469,4,2
47(a),W,A,-2.079,0.1745,4,2
47(a),W,C,-0.8256,0.7304,8.5,2
47(a),W,D,-2.643,0.0065,7,2
47(a),W,E,-2.361,0.719,6,2
47(a),W,F,0.8622,0.7579,7.5,2
47(a),W,G,-2.408,0.227,5,2
47(a),W,H,-2.881,0.3805,8.5,2
47(a),W,I,-2.671,0.3305,6.5,2
47(a),W,K,-3.479,0,8.5,2
47(a),W,L,-2.01,0.552,12.5,2
47(a),W,M,0.2336,0.3821,11.5,2
47(a),W,N,-2.625,0.2785,8,2
47(a),W,P,-1.611,0.738,6.5,2
47(a),W,Q,-1.716,0.6845,7.5,2
47(a),W,R,-2.816,0.228,11.5,2
47(a),W,S,-1.909,0.4005,9.5,2
47(a),W,T,-1.179,0.3061,4.5,2
47(a),W,V,-0.7085,1.124,7.5,2
47(a),W,W,0,0,,2
47(a),W,Y,0.4071,1.359,5,2
47(b),G,-,-1.078,0.3783,5.5,2
47(b),G,A,-1.164,0.5277,10,2
47(b),G,C,-2.852,0.1635,12,2
47(b),G,D,-1.175,0.2125,12,2
47(b),G,E,-0.2175,1.855,13,2
47(b),G,F,-2.961,0.357,11.5,2
47(b),G,G,0,0,,2
47(b),G,H,-1.303,0.185,12.5,2
47(b),G,I,-6.332,0,6.5,2
47(b),G,K,-2.34,0.332,13.5,2
47(b),G,L,-2.173,0.891,11,2
47(b),G,M,-2.107,0.4285,9.5,2
47(b),G,N,-1.03,0.6222,11,2
47(b),G,P,-4.48,0,10,2
47(b),G,Q,-1.252,0.1115,12.5,2
47(b),G,R,-2.708,0.312,12.5,2
47(b),G,S,-1.493,0.051,24,2
47(b),G,T,-3.256,0.0305,10,2
47(b),G,V,-4.635,0,16.5,2
47(b),G,W,-3.452,0,7.5,2
47(b),G,Y,-3.088,0.0455,8.5,2
48(a),R,-,-1.563,1.138,4,2
48(a),R,A,0.3589,0.4281,5,2
48(a),R,C,-1.137,0.0105,6.5,2
48(a),R,D,-0.4865,1.579,6.5,2
48(a),R,E,-1.955,0.0845,8.5,2
48(a),R,F,-1.574,0.5764,12,2
48(a),R,G,0.01366,0.01525,5,2
48(a),R,H,0.358,1.425,12,2
48(a),R,I,-1.292,0.13,9.5,2
48(a),R,K,2.093,0.212,6,2
48(a),R,L,-1.502,0.0585,8,2
48(a),R,M,-0.1811,0.3923,10.5,2
48(a),R,N,0.8201,0.4439,8.5,2
48(a),R,P,-2.894,0.1435,7,2
48(a),R,Q,-0.6048,0.3291,15.5,2
48(a),R,R,0,0,,2
48(a),R,S,-0.8819,0.4802,9,2
48(a),R,T,-1.108,0.3077,6.5,2
48(a),R,V,0.307,1.508,7,2
48(a),R,W,-1.233,0.223,29.5,2
48(a),R,Y,-0.1195,1.126,6.5,2
48(b),H,-,-1.76,0.4775,6,2
48(b),H,A,-0.5262,0.7627,11.5,2
48(b),H,C,0.4809,0.4863,13.5,2
48(b),H,D,0.6008,0.5932,10.5,2
48(b),H,E,0.2394,0.04995,12.5,2
48(b),H,F,0.5696,0.3203,11,2
48(b),H,G,1.326,1.302,7,2
48(b),H,H,0,0,,2
48(b),H,I,-0.5592,0.6799,13,2
48(b),H,K,0.3328,0.2784,12.5,2
48(b),H,L,0.2407,0.0667,10,2
48(b),H,M,0.1591,0.2323,16,2
48(b),H,N,-0.1694,0.6039,11.5,2
48(b),H,P,-6.109,0,19,2
48(b),H,Q,0.7787,0.7613,8.5,2
48(b),H,R,-0.6932,0.5398,18,2
48(b),H,S,0.2907,0.8023,10.5,2
48(b),H,T,1.007,0.005,7,2
48(b),H,V,1.954,0.5505,12,2
48(b),H,W,-1.349,0.4728,15,2
48(b),H,Y,0.3054,0.08375,13,2
49(a),L,*,-7.565,0,0.5,1
49(a),L,-,-0.2576,0.3182,3,2
49(a),L,A,-1.557,0.8023,8.5,2
49(a),L,C,-0.0841,0.9779,6.5,2
49(a),L,D,-0.2317,0.158,8.5,2
49(a),L,E,-0.8474,0.7736,7,2
49(a),L,F,-2.811,0.116,7.5,2
49(a),L,G,-3.007,0.0195,10,2
49(a),L,H,-1.787,0.646,10,2
49(a),L,I,0.3126,0.5875,10,2
49(a),L,K,1.223,0.2782,4,2
49(a),L,L,0,0,,2
49(a),L,M,-0.5086,0.07765,9.5,2
49(a),L,N,0.006,1.206,11.5,2
49(a),L,P,-3.639,0,13,2
49(a),L,Q,-1.33,0.5028,10,2
49(a),L,R,-0.4886,0.6424,6.5,2
49(a),L,S,-0.3262,0.1556,8,2
49(a),L,T,0.145,0.8871,7,2
49(a),L,V,-2.531,2.444,4.5,2
49(a),L,W,-2.806,0.2285,11.5,2
49(a),L,Y,-2.946,0.363,8.5,2
49(b),Y,*,-8.137,0,1,1
49(b),Y,-,-0.8278,0.1214,4.5,2
49(b),Y,A,-3.332,0,10,2
49(b),Y,C,-4.178,0,19.5,2
49(b),Y,D,-8.523,0,7,2
49(b),Y,E,-7.563,0,9,2
49(b),Y,F,0.8763,0.4046,9.5,2
49(b),Y,G,-8.062,0,11.5,2
49(b),Y,H,-3.194,0.1225,13.5,2
49(b),Y,I,-4.223,0,8,2
49(b),Y,K,-8.008,0,7.5,2
49(b),Y,L,-3.675,0,10,2
49(b),Y,M,-1.853,0.1445,10.5,2
49(b),Y,N,-5.426,0,10.5,2
49(b),Y,P,-7.307,0,10.5,2
49(b),Y,Q,-9.198,0,7.5,2
49(b),Y,R,-8.219,0,7.5,2
49(b),Y,S,-5.473,0,16.5,2
49(b),Y,T,-5.354,0,9,2
49(b),Y,V,-3.721,0,7,2
49(b),Y,W,2.127,0.1815,14,2
49(b),Y,Y,0,0,,2
5(T2A),G,-,0.03675,0.4627,3.5,2
5(T2A),G,A,-3.279,0,0.5,1
5(T2A),G,C,-5.399,0,3,1
5(T2A),G,D,-0.7574,0.5256,11.5,2
5(T2A),G,G,0,0,,2
5(T2A),G,R,-3.148,0,1,1
5(T2A),G,S,-3.217,0,4,2
5(a),H,*,-11.16,0,10,2
5(a),H,-,-1.5,0.3245,1,2
5(a),H,A,0.1207,0.7893,7.5,2
5(a),H,C,0.4443,0.7937,4.5,2
5(a),H,D,-1.101,0.2368,7.5,2
5(a),H,E,-0.8784,0.6046,9.5,2
5(a),H,F,-0.3701,0.6528,11,2
5(a),H,G,-1.805,0.1295,6,2
5(a),H,H,0,0,,2
5(a),H,I,-1.251,0.161,7,2
5(a),H,K,-0.4972,0.7958,7.5,2
5(a),H,L,-0.7177,0.2464,12,2
5(a),H,M,-0.1077,0.04497,4.5,2
5(a),H,N,-1.565,0.524,5,2
5(a),H,P,0.7795,1.137,8.5,2
5(a),H,Q,-0.6925,0.7405,9,2
5(a),H,R,-0.5858,0.0148,19.5,2
5(a),H,S,2.153,0.2555,8.5,2
5(a),H,T,0.03745,0.6127,7,2
5(a),H,V,-1.353,0.106,11,2
5(a),H,W,-1.804,0.8847,8.5,2
5(a),H,Y,-0.8412,0.01325,15.5,2
5(b),T,-,-1.331,0.8075,3,2
5(b),T,A,0.1447,0.1205,16,2
5(b),T,C,-0.9775,0.0685,12,2
5(b),T,D,0.2728,0.8931,10,2
5(b),T,E,-1.246,0.8706,7.5,2
5(b),T,F,-0.6569,0.4512,11,2
5(b),T,G,0.3683,0.6238,10,2
5(b),T,H,-0.8779,0.5181,10.5,2
5(b),T,I,0.086,0.1867,16,2
5(b),T,K,-0.2851,1.249,6.5,2
5(b),T,L,-0.653,0.722,14.5,2
5(b),T,M,-1.77,0.299,6,2
5(b),T,N,-0.666,0.2125,9.5,2
5(b),T,P,-0.293,0.2755,12,2
5(b),T,Q,0.7042,1.504,11,2
5(b),T,R,-0.4791,0.1435,14,2
5(b),T,S,0.101,0.09811,12,2
5(b),T,T,0,0,,2
5(b),T,V,-0.2157,1.135,9,2
5(b),T,W,1.176,0.9644,9,2
5(b),T,Y,-0.5926,0.3971,5.5,2
50(a),P,-,-2.8,0.486,4,2
50(a),P,A,1.5,0.7941,6.5,2
50(a),P,C,-1.908,0.183,7,2
50(a),P,D,-0.4057,0.1158,11.5,2
50(a),P,E,-2.181,0.7295,6.5,2
50(a),P,F,-1.799,0.762,6.5,2
50(a),P,G,-0.3772,0.5085,10.5,2
50(a),P,H,-0.2345,0.6558,7.5,2
50(a),P,I,-1.508,0.307,9.5,2
50(a),P,K,-0.2908,0.3573,8.5,2
50(a),P,L,-0.9872,0.8228,14.5,2
50(a),P,M,0.471,1.931,9.5,2
50(a),P,N,-0.3483,0.07495,6,2
50(a),P,P,0,0,,2
50(a),P,Q,-2.477,0,0.5,1
50(a),P,R,-1.314,0.216,6.5,2
50(a),P,S,-1.255,0.103,25,2
50(a),P,T,-1.48,0.4475,9.5,2
50(a),P,V,-1.543,0.494,9,2
50(a),P,W,-2.469,0.541,7.5,2
50(a),P,Y,0.01635,0.6256,6,2
50(b),V,-,-0.5813,0.0038,3.5,2
50(b),V,A,-1.591,0.0595,10.5,2
50(b),V,C,0.201,1.321,10.5,2
50(b),V,D,-3.065,0.1545,8,2
50(b),V,E,-0.811,0.04655,8.5,2
50(b),V,F,-1.739,0.9462,11,2
50(b),V,G,-3.915,0,8,2
50(b),V,H,-2.174,0.27,8,2
50(b),V,I,-0.06005,0.7347,8.5,2
50(b),V,K,-1.745,0.062,10.5,2
50(b),V,L,-0.8683,0.7847,21.5,2
50(b),V,M,-1.116,0.6977,21,2
50(b),V,N,-1.6,0.354,10,2
50(b),V,P,-8.276,0,9,2
50(b),V,Q,-0.8182,0.08675,9.5,2
50(b),V,R,-1.198,0.7073,7,2
50(b),V,S,-0.9848,0.1812,11,2
50(b),V,T,2.326,3.045,10,2
50(b),V,V,0,0,,2
50(b),V,W,-2.873,0.204,10.5,2
50(b),V,Y,-1.835,0.5765,15,2
51(a),I,-,-0.8621,1.024,4,2
51(a),I,A,-0.4534,0.6006,7,2
51(a),I,C,-0.7034,0.4636,9,2
51(a),I,D,-1.593,0.5735,6,2
51(a),I,E,0.4619,0.4281,9,2
51(a),I,F,-0.9543,0.7268,14.5,2
51(a),I,G,-1.117,0.0305,9.5,2
51(a),I,H,0.9474,0.2817,5,2
51(a),I,I,0,0,,2
51(a),I,K,0.2706,0.2239,8.5,2
51(a),I,L,-0.1042,0.02001,12,2
51(a),I,M,0.5188,0.8082,7.5,2
51(a),I,N,0.7794,0.2021,11,2
51(a),I,P,-1.561,0.7592,9,2
51(a),I,Q,-1.453,0.4636,7.5,2
51(a),I,R,0.0895,1.566,10,2
51(a),I,S,0.8043,0.9438,11,2
51(a),I,T,1.148,1.764,14,2
51(a),I,V,0.2407,0.00135,16.5,2
51(a),I,W,0.1275,0.2654,9,2
51(a),I,Y,0.7613,0.7387,9,2
51(b),A,-,-0.7527,0.06185,4,2
51(b),A,A,0,0,,2
51(b),A,C,-2.519,0.592,12,2
51(b),A,D,-2.595,0.425,15,2
51(b),A,E,-2.023,0.1955,9.5,2
51(b),A,F,-0.7928,0.3073,6,2
51(b),A,G,-0.7115,0.1628,12,2
51(b),A,H,-0.6866,0.3122,11.5,2
51(b),A,I,-2.595,0.188,13.5,2
51(b),A,K,-3.508,0,7.5,2
51(b),A,L,-4.209,0,10,2
51(b),A,M,-2.838,0.2565,10,2
51(b),A,N,-2.562,0.0585,8,2
51(b),A,P,-0.089,0.2034,6,2
51(b),A,Q,-2.557,0.161,13,2
51(b),A,R,-3.859,0,9.5,2
51(b),A,S,-0.8721,0.1979,10,2
51(b),A,T,-2.907,0.182,25.5,2
51(b),A,V,-2.691,0.253,26.5,2
51(b),A,W,0.5431,0.088,17.5,2
51(b),A,Y,0.6683,1.072,10,2
52(a),F,*,-9.414,0,0.5,1
52(a),F,-,-0.1435,0.5885,5,2
52(a),F,A,-1.806,0.6,7,2
52(a),F,C,-2.124,0.484,7.5,2
52(a),F,D,-1.127,1.412,7.5,2
52(a),F,E,-2.43,0.0385,8,2
52(a),F,F,0,0,,2
52(a),F,G,-2.659,0.42,9,2
52(a),F,H,-2.047,0.8415,6.5,2
52(a),F,I,-1.806,0.2655,9.5,2
52(a),F,K,-1.548,0.5035,10.5,2
52(a),F,L,-2.274,0.1905,12,2
52(a),F,M,-0.1292,0.2752,7.5,2
52(a),F,N,-0.8094,1.109,6.5,2
52(a),F,P,-2.934,0.1325,7.5,2
52(a),F,Q,-2.043,0.3175,9,2
52(a),F,R,-2.439,0.417,10.5,2
52(a),F,S,-2.133,0.2295,11,2
52(a),F,T,-1.165,0.0235,6.5,2
52(a),F,V,-2.275,0.449,10.5,2
52(a),F,W,-0.7731,0.6709,13.5,2
52(a),F,Y,-1.063,0.4976,16,2
52(b),D,-,-0.01711,0.02535,3.5,2
52(b),D,A,-3.112,0.1045,14.5,2
52(b),D,C,-3.239,0,15.5,2
52(b),D,D,0,0,,2
52(b),D,E,-2.496,0.06,8,2
52(b),D,F,-3.741,0,13,2
52(b),D,G,-3.236,0.032,11.5,2
52(b),D,H,-3.456,0,12,2
52(b),D,I,-3.42,0,9,2
52(b),D,K,-3.732,0,9.5,2
52(b),D,L,-1.581,0.4985,10,2
52(b),D,M,-2.643,0.0145,14,2
52(b),D,N,-2.082,0.3315,34.5,2
52(b),D,P,-5.981,0,7.5,2
52(b),D,Q,-2.933,0.23,6,2
52(b),D,R,-4.264,0,12,2
52(b),D,S,-2.64,0.392,18,2
52(b),D,T,-0.218,1.075,8,2
52(b),D,V,-3.107,0.0985,12,2
52(b),D,W,-4.396,0,16,2
52(b),D,Y,-3.692,0,18,2
53(a),T,-,-1.492,0.8898,4,2
53(a),T,A,-0.396,1.462,13,2
53(a),T,C,-0.1432,0.2148,9,2
53(a),T,D,0.2271,0.5191,9.5,2
53(a),T,E,-1.159,0.561,8.5,2
53(a),T,F,-2.114,0.066,7,2
53(a),T,G,0.9778,0.04225,8,2
53(a),T,H,0.517,1.57,9,2
53(a),T,I,-1.107,0.4419,14,2
53(a),T,K,-0.2753,1.075,9,2
53(a),T,L,0.7629,1.061,8,2
53(a),T,M,0.6383,0.3837,6.5,2
53(a),T,N,-0.6265,0.3815,8,2
53(a),T,P,-0.9027,0.8253,11,2
53(a),T,Q,0.0047,0.2388,9,2
53(a),T,R,-0.1684,0.07526,14,2
53(a),T,S,1.399,0.5866,8,2
53(a),T,T,0,0,,2
53(a),T,V,-0.69,0.386,8,2
53(a),T,W,0.467,0.8539,10,2
53(a),T,Y,-1.6,0.232,5,2
53(b),T,-,-0.4029,0.0732,4,2
53(b),T,A,-2.429,0.376,24,2
53(b),T,C,-1.164,0.8784,11,2
53(b),T,D,0.7825,2.67,6.5,2
53(b),T,E,-2.676,0.2795,9.5,2
53(b),T,F,-3.809,0,14,2
53(b),T,G,-2.437,0.581,13,2
53(b),T,H,0.7492,0.5548,15.5,2
53(b),T,I,-2.825,0.0255,23.5,2
53(b),T,K,-3.219,0.0065,14,2
53(b),T,L,-2.917,0.115,10.5,2
53(b),T,M,-2.811,0.1295,12,2
53(b),T,N,-0.023,1.083,11.5,2
53(b),T,P,-8.162,0,14,2
53(b),T,Q,-1.764,0.763,11,2
53(b),T,R,-2.56,0.259,12,2
53(b),T,S,-0.1594,0.435,10,2
53(b),T,T,0,0,,2
53(b),T,V,-3.181,0,9,2
53(b),T,W,-3.466,0,13,2
53(b),T,Y,-3.187,0.2425,9.5,2
54(a),T,-,-0.8953,0.3717,3.5,2
54(a),T,A,0.022,1.103,19.5,2
54(a),T,C,-1.788,0.2205,5.5,2
54(a),T,D,0.5405,1.272,3.5,2
54(a),T,E,-1.528,0.021,9,2
54(a),T,F,-1.503,0.069,7.5,2
54(a),T,G,-1.056,1.053,9,2
54(a),T,H,-0.4043,0.9627,8.5,2
54(a),T,I,-0.9848,0.1282,16,2
54(a),T,K,1.368,0.4632,10,2
54(a),T,L,-1.081,0.7644,11,2
54(a),T,M,0.7473,0.4357,10.5,2
54(a),T,N,-2.669,1.521,5.5,2
54(a),T,P,-0.1998,1.112,9,2
54(a),T,Q,0.6162,0.8308,10.5,2
54(a),T,R,-0.6296,0.0346,5.5,2
54(a),T,S,1.833,1.044,11,2
54(a),T,T,0,0,,2
54(a),T,V,-1.317,0.079,8,2
54(a),T,W,-0.7799,1.187,11.5,2
54(a),T,Y,-1.692,0.6685,6.5,2
54(b),E,*,-5.402,0,3,2
54(b),E,-,-2.038,0.0695,5,2
54(b),E,A,-0.2608,0.1972,13.5,2
54(b),E,C,-1.1,0.4021,16.5,2
54(b),E,D,0.1842,0.1095,17,2
54(b),E,E,0,0,,2
54(b),E,F,-0.3944,0.5177,15.5,2
54(b),E,G,-1.175,0.0245,21,2
54(b),E,H,1.681,0.3185,7,2
54(b),E,I,-0.2513,0.0337,20,2
54(b),E,K,-0.4955,0.3723,16.5,2
54(b),E,L,0.4596,1.057,7.5,2
54(b),E,M,-1.141,0.3492,13.5,2
54(b),E,N,-0.6475,0.4894,14.5,2
54(b),E,P,-0.3685,0.0449,12,2
54(b),E,Q,0.4566,0.1651,10.5,2
54(b),E,R,0.9563,1.187,14.5,2
54(b),E,S,-1.009,0.02255,16,2
54(b),E,T,-0.3715,1.401,14,2
54(b),E,V,-0.1946,0.3657,11,2
54(b),E,W,-0.4013,0.7907,13,2
54(b),E,Y,-0.8303,0.2326,10,2
55(a),F,-,-1.418,0.02,2.5,2
55(a),F,A,-0.8602,0.2328,13,2
55(a),F,C,-0.102,0.6352,10,2
55(a),F,D,-0.4657,0.4829,7,2
55(a),F,E,-0.4911,0.7209,7,2
55(a),F,F,0,0,,2
55(a),F,G,-2.092,0.1505,12,2
55(a),F,H,2.171,0.921,10,2
55(a),F,I,-0.2441,0.112,10.5,2
55(a),F,K,-0.5555,0.234,9.5,2
55(a),F,L,-0.5491,0.0342,13,2
55(a),F,M,0.1928,0.6621,6.5,2
55(a),F,N,0.3604,0.3368,5.5,2
55(a),F,P,-3.168,0,4,2
55(a),F,Q,-0.6062,0.3731,12.5,2
55(a),F,R,1.221,2.125,8.5,2
55(a),F,S,0.2776,0.6727,11.5,2
55(a),F,T,-0.9388,0.6813,6,2
55(a),F,V,-0.6649,0.0302,11,2
55(a),F,W,-0.9571,0.522,10,2
55(a),F,Y,-0.2811,1.147,9.5,2
55(b),L,-,-3.392,0.812,5,2
55(b),L,A,-1.56,0.127,11.5,2
55(b),L,C,-1.099,1.155,13,2
55(b),L,D,-0.82,0.2829,17,2
55(b),L,E,-0.8498,0.1832,9.5,2
55(b),L,F,0.7097,0.3812,12.5,2
55(b),L,G,-1.299,0.5727,10.5,2
55(b),L,H,0.2677,1.074,14.5,2
55(b),L,I,-0.3746,0.7424,9,2
55(b),L,K,-1.061,0.4681,13.5,2
55(b),L,L,0,0,,2
55(b),L,M,-0.4441,0.624,15.5,2
55(b),L,N,-0.9686,0.3635,13,2
55(b),L,P,-2.049,0.185,11.5,2
55(b),L,Q,-0.7691,0.06065,15.5,2
55(b),L,R,-0.9145,0.7115,8.5,2
55(b),L,S,-1.449,0.03,9,2
55(b),L,T,-1.435,0.216,8,2
55(b),L,V,-1.03,0.021,13,2
55(b),L,W,-0.6266,0.8894,10.5,2
55(b),L,Y,1.883,0.446,17,2
56(a),T,-,-0.9166,0.0984,3,2
56(a),T,A,0.7685,0.8205,10.5,2
56(a),T,C,-0.6121,0.6609,8,2
56(a),T,D,-2.819,0.204,8.5,2
56(a),T,E,-2.96,0.095,4.5,2
56(a),T,F,-1.326,1.127,5,2
56(a),T,G,-1.461,0.7979,10.5,2
56(a),T,H,-2.15,0.284,1.5,2
56(a),T,I,-1.018,0.4155,16,2
56(a),T,K,-1.858,1.287,5.5,2
56(a),T,L,-0.7985,0.6946,12,2
56(a),T,M,-1.627,1.1,4,2
56(a),T,N,-2.264,0.6095,9.5,2
56(a),T,P,-1.555,0.438,14,2
56(a),T,Q,-2.732,0.1605,12.5,2
56(a),T,R,-3.354,0,7,2
56(a),T,S,0.3627,0.5882,10.5,2
56(a),T,T,0,0,,2
56(a),T,V,-0.7702,0.1449,10,2
56(a),T,W,-1.504,0.7295,7.5,2
56(a),T,Y,-2.85,0.264,9,2
56(b),G,-,-1.303,0.9139,4.5,2
56(b),G,A,-2.471,0.1285,11,2
56(b),G,C,-3.124,0.114,18.5,2
56(b),G,D,-8.634,0,33.5,2
56(b),G,E,-8.128,0,12,2
56(b),G,F,-3.713,0,11,2
56(b),G,G,0,0,,2
56(b),G,H,-5.859,0,15.5,2
56(b),G,I,-6.506,0,17.5,2
56(b),G,K,-4.88,0,11.5,2
56(b),G,L,-3.892,0,22.5,2
56(b),G,M,-2.905,0.179,13.5,2
56(b),G,N,-4.582,0,14,2
56(b),G,P,-9.383,0,7,2
56(b),G,Q,-9.415,0,8.5,2
56(b),G,R,-3.448,0,16,2
56(b),G,S,-2.979,0.1825,18.5,2
56(b),G,T,-3.87,0,13,2
56(b),G,V,-4.938,0,18.5,2
56(b),G,W,-4.169,0,11,2
56(b),G,Y,-4.08,0,15.5,2
57(a),S,-,-1.192,0.015,3,2
57(a),S,A,-0.8769,0.2742,7.5,2
57(a),S,C,-1.532,0.6494,12.5,2
57(a),S,D,-1.453,0.8522,5,2
57(a),S,E,1.849,0.9605,6.5,2
57(a),S,F,-1.329,0.035,16.5,2
57(a),S,G,0.3505,1.978,10.5,2
57(a),S,H,0.9317,0.0893,8,2
57(a),S,I,-0.8214,0.2887,12,2
57(a),S,K,-1.538,0.5674,6.5,2
57(a),S,L,-0.409,2.45,7,2
57(a),S,M,0.4748,0.8421,11.5,2
57(a),S,N,-1.168,0.047,13,2
57(a),S,P,-3.2,0,3.5,2
57(a),S,Q,0.8711,1.07,11.5,2
57(a),S,R,-0.2671,0.2722,22,2
57(a),S,S,0,0,,2
57(a),S,T,-0.0601,0.5293,8,2
57(a),S,V,-0.4446,1.075,11,2
57(a),S,W,-0.5604,0.2519,8.5,2
57(a),S,Y,-0.8819,0.3562,5.5,2
57(b),K,*,-5.951,0,2,2
57(b),K,-,-0.5103,0.2442,4,2
57(b),K,A,-0.753,0.1108,9,2
57(b),K,C,-1.808,0.292,14.5,2
57(b),K,D,-1.304,0.242,13,2
57(b),K,E,-0.9934,0.6336,10.5,2
57(b),K,F,-1.575,0.7271,13,2
57(b),K,G,-1.876,0.141,15,2
57(b),K,H,-0.754,0.256,12.5,2
57(b),K,I,1.105,0.44,12.5,2
57(b),K,K,0,0,,2
57(b),K,L,-1.097,1.001,9.5,2
57(b),K,M,0.7007,0.7053,14.5,2
57(b),K,N,-0.7229,0.8481,10,2
57(b),K,P,-5.311,0,11.5,2
57(b),K,Q,-0.1461,0.0583,17,2
57(b),K,R,-0.3269,0.3185,18.5,2
57(b),K,S,-1.678,0.037,10,2
57(b),K,T,0.8214,0.3076,15.5,2
57(b),K,V,-0.9619,0.9321,11.5,2
57(b),K,W,-0.894,0.316,14,2
57(b),K,Y,-0.5243,0.4754,14,2
58(a),F,-,-1.054,0.4501,3,2
58(a),F,A,-3.54,0,6,2
58(a),F,C,-3.514,0,7.5,2
58(a),F,D,-3.999,0,11,2
58(a),F,E,-3.999,0,7.5,2
58(a),F,F,0,0,,2
58(a),F,G,-2.855,0.4735,4.5,2
58(a),F,H,-3.601,0,9,2
58(a),F,I,-2.475,0.588,11,2
58(a),F,K,-4.22,0,11,2
58(a),F,L,-2.218,0.795,12,2
58(a),F,M,-2.006,0.1575,9,2
58(a),F,N,-2.664,0.482,7,2
58(a),F,P,-3.659,0,9,2
58(a),F,Q,-3.824,0,8.5,2
58(a),F,R,-4.335,0,5,2
58(a),F,S,-3.492,0,9.5,2
58(a),F,T,-3.454,0,7,2
58(a),F,V,-3.12,0.0195,11.5,2
58(a),F,W,-2.681,0.4675,6,2
58(a),F,Y,-0.9712,0.0087,8,2
58(b),P,-,-1.764,0.7015,4,2
58(b),P,A,0.2115,1.532,7.5,2
58(b),P,C,-0.1567,0.1187,11,2
58(b),P,D,-1.03,0.1353,11,2
58(b),P,E,-0.7004,0.0002,8.5,2
58(b),P,F,-0.7709,0.07095,11.5,2
58(b),P,G,-1.508,0.1875,8,2
58(b),P,H,-0.3047,0.2553,11.5,2
58(b),P,I,-0.03498,0.09552,13.5,2
58(b),P,K,-0.03545,0.3508,14,2
58(b),P,L,0.2019,0.6833,10.5,2
58(b),P,M,-0.1035,1.36,10,2
58(b),P,N,0.00155,0.5192,11.5,2
58(b),P,P,0,0,,2
58(b),P,Q,-0.4352,0.3943,8.5,2
58(b),P,R,1.689,0.257,7.5,2
58(b),P,S,-0.1294,1.082,18.5,2
58(b),P,T,-0.9498,0.09625,14,2
58(b),P,V,1.375,0.7512,10,2
58(b),P,W,0.0492,0.3104,11,2
58(b),P,Y,0.9763,1.339,10,2
59(a),E,*,-6.191,0,5,2
59(a),E,-,-1.283,0.024,3,2
59(a),E,A,-1.636,0.029,11.5,2
59(a),E,C,-2.47,0.533,9,2
59(a),E,D,0.5022,0.4896,14,2
59(a),E,E,0,0,,2
59(a),E,F,-2.05,0.8165,12.5,2
59(a),E,G,-1.244,0.204,16,2
59(a),E,H,-1.488,0.7974,8,2
59(a),E,I,-2.048,0.047,13.5,2
59(a),E,K,-2.277,0.5985,25.5,2
59(a),E,L,-1.851,0.266,5.5,2
59(a),E,M,-0.012,1.916,9,2
59(a),E,N,-2.114,0.4285,13,2
59(a),E,P,-1.473,0.398,4.5,2
59(a),E,Q,-0.237,1.187,6,2
59(a),E,R,-2.929,0.3065,5,2
59(a),E,S,-1.62,0.0575,10,2
59(a),E,T,-2.479,0.0565,11,2
59(a),E,V,-1.69,0.058,9.5,2
59(a),E,W,-2.296,0.3535,9,2
59(a),E,Y,-2.386,0.1975,11,2
59(b),D,-,-1.853,0.7895,4.5,2
59(b),D,A,-2.564,0.5125,9.5,2
59(b),D,C,-2.046,0.2285,10,2
59(b),D,D,0,0,,2
59(b),D,E,-2.303,0.205,8,2
59(b),D,F,-2.61,0.1385,14.5,2
59(b),D,G,-2.564,0.1655,17.5,2
59(b),D,H,-2.467,0.222,12,2
59(b),D,I,-2.643,0.2565,8,2
59(b),D,K,-2.783,0.408,7,2
59(b),D,L,-2.699,0.1745,6.5,2
59(b),D,M,-1.867,0.809,10,2
59(b),D,N,-1.804,0.14,29,2
59(b),D,P,-2.386,0.0205,8.5,2
59(b),D,Q,-1.569,0.2545,7.5,2
59(b),D,R,-2.485,0.343,9,2
59(b),D,S,-1.883,0.8866,7.5,2
59(b),D,T,-2.395,0.194,12.5,2
59(b),D,V,-1.893,0.5875,13,2
59(b),D,W,-2.301,0.5545,14.5,2
59(b),D,Y,-1.196,0.7872,13,2
6(T2A),R,-,-0.2654,0.6372,3,2
6(T2A),R,L,-2.934,0.361,6,2
6(T2A),R,P,-3.339,0.082,19,2
6(T2A),R,Q,-2.768,0.161,7.5,2
6(T2A),R,R,0,0,,2
6(T2A),R,W,-0.2119,0.1697,5.5,2
6(a),V,*,-7.915,0,9.5,2
6(a),V,-,-1.695,0.11,1,2
6(a),V,A,-1.438,0.194,8,2
6(a),V,C,-0.3251,0.1089,10.5,2
6(a),V,D,-1.587,0.7625,7.5,2
6(a),V,E,-1.751,0.307,9,2
6(a),V,F,-1.672,0.5245,9,2
6(a),V,G,-2.226,0.212,6.5,2
6(a),V,H,-1.128,0.4061,6.5,2
6(a),V,I,0.336,1.475,8,2
6(a),V,K,-0.1882,0.8498,10.5,2
6(a),V,L,-0.6979,0.2215,10.5,2
6(a),V,M,0.7999,1.605,9,2
6(a),V,N,-0.9543,0.2608,8,2
6(a),V,P,-3.039,0.1265,4.5,2
6(a),V,Q,0.3395,1.237,7,2
6(a),V,R,-1.183,0.3144,9.5,2
6(a),V,S,-0.8017,0.09575,6,2
6(a),V,T,0.6155,2.401,8.5,2
6(a),V,V,0,0,,2
6(a),V,W,-0.5944,0.1283,6,2
6(a),V,Y,-1.4,0.7492,6.5,2
6(b),K,*,-5.099,0,1,1
6(b),K,-,-1.13,0.9472,3,2
6(b),K,A,-0.3758,0.077,8,2
6(b),K,C,0.7657,0.7513,10,2
6(b),K,D,-0.1245,1.551,7,2
6(b),K,E,-0.4669,0.0273,17,2
6(b),K,F,0.508,1.567,8,2
6(b),K,G,-0.4489,0.09245,11,2
6(b),K,H,-0.4993,0.2944,8.5,2
6(b),K,I,-0.1818,0.4178,10,2
6(b),K,K,0,0,,2
6(b),K,L,-0.3948,0.2917,14,2
6(b),K,M,-0.5111,0.0402,9,2
6(b),K,N,1.005,1.377,15,2
6(b),K,P,-0.3118,0.1166,13,2
6(b),K,Q,-0.628,0.0936,12,2
6(b),K,R,-0.2389,0.3238,19.5,2
6(b),K,S,-0.1838,0.1836,12.5,2
6(b),K,T,0.07746,0.08004,11.5,2
6(b),K,V,-0.1314,0.644,10.5,2
6(b),K,W,-0.3729,0.8421,8,2
6(b),K,Y,-0.5272,1.105,14,2
60(a),A,-,-0.8791,0.4679,3,2
60(a),A,A,0,0,,2
60(a),A,C,0.5351,0.5649,9.5,2
60(a),A,D,0.474,1.486,10,2
60(a),A,E,0.6222,1.43,8.5,2
60(a),A,F,-2.577,0.0985,9,2
60(a),A,G,-0.6741,0.374,12,2
60(a),A,H,-0.6357,0.5403,11.5,2
60(a),A,I,-0.2514,0.7627,12.5,2
60(a),A,K,-1.728,0.9758,10,2
60(a),A,L,-0.2684,1.26,5.5,2
60(a),A,M,-1.065,0.6199,12,2
60(a),A,N,1.215,1.032,13.5,2
60(a),A,P,0.7784,1.218,6,2
60(a),A,Q,-0.7516,1.192,11.5,2
60(a),A,R,-0.7271,0.2334,9.5,2
60(a),A,S,0.2718,0.2867,7.5,2
60(a),A,T,0.2126,0.298,18.5,2
60(a),A,V,-0.2345,0.6367,10.5,2
60(a),A,W,1.039,1.906,6.5,2
60(a),A,Y,-2.523,0.13,8,2
60(b),A,-,-0.5059,0.4087,4,2
60(b),A,A,0,0,,2
60(b),A,C,-1.777,1.082,10,2
60(b),A,D,-5.043,0,12.5,2
60(b),A,E,-1.835,0.355,10.5,2
60(b),A,F,-4.704,0,13,2
60(b),A,G,-3.384,0,9,2
60(b),A,H,-4.532,0,14.5,2
60(b),A,I,-3.119,0.1725,12.5,2
60(b),A,K,-3.354,0,7,2
60(b),A,L,-3.998,0,9.5,2
60(b),A,M,-0.9217,0.1813,11.5,2
60(b),A,N,-4.702,0,6.5,2
60(b),A,P,-5.761,0,18,2
60(b),A,Q,-1.684,0.0785,13,2
60(b),A,R,-2.149,0.1975,11.5,2
60(b),A,S,-1.476,0.4315,14.5,2
60(b),A,T,-1.879,0.679,12.5,2
60(b),A,V,-1.474,0.2855,32,2
60(b),A,W,-5.629,0,11.5,2
60(b),A,Y,-4.618,0,9,2
61(a),Q,*,-8.604,0,8,2
61(a),Q,-,-0.8498,0.5982,2.5,2
61(a),Q,A,-1.813,1.142,8.5,2
61(a),Q,C,-3.599,0,11.5,2
61(a),Q,D,-1.228,0.4054,11.5,2
61(a),Q,E,-2.565,0.118,10.5,2
61(a),Q,F,-0.6509,0.2239,9,2
61(a),Q,G,-1.586,1.233,7.5,2
61(a),Q,H,0.0879,0.4782,21.5,2
61(a),Q,I,0.341,1.135,8,2
61(a),Q,K,-4.326,0,12.5,2
61(a),Q,L,-0.6491,0.00255,11.5,2
61(a),Q,M,-0.2025,0.3224,6.5,2
61(a),Q,N,-1.357,0.6611,9.5,2
61(a),Q,P,-1.538,0.4645,16.5,2
61(a),Q,Q,0,0,,2
61(a),Q,R,-4.034,0,30.5,2
61(a),Q,S,-1.018,0.6746,7,2
61(a),Q,T,-1.817,0.2125,9,2
61(a),Q,V,-0.9631,0.7659,11,2
61(a),Q,W,-2.052,0.868,10,2
61(a),Q,Y,-0.4375,1.626,10,2
61(b),D,-,0.09852,0.02938,3.5,2
61(b),D,A,0.9931,1.239,12,2
61(b),D,C,-2.069,0.411,15,2
61(b),D,D,0,0,,2
61(b),D,E,-0.1108,0.0059,15.5,2
61(b),D,F,-1.149,0.1315,11,2
61(b),D,G,-2.33,0.425,14.5,2
61(b),D,H,0.3312,1.177,13,2
61(b),D,I,0.2373,1.023,12.5,2
61(b),D,K,-0.4779,0.5341,14,2
61(b),D,L,-0.0135,0.4315,10,2
61(b),D,M,0.5225,0.4523,8.5,2
61(b),D,N,-0.9951,0.0979,27.5,2
61(b),D,P,-4.495,0,9.5,2
61(b),D,Q,-0.5704,0.8356,14,2
61(b),D,R,-0.6549,0.7341,9.5,2
61(b),D,S,-0.4267,0.4079,7,2
61(b),D,T,0.3493,1.25,11.5,2
61(b),D,V,-1.059,0.0145,8.5,2
61(b),D,W,0.261,1.378,14,2
61(b),D,Y,-1.265,0.7617,14.5,2
62(a),G,-,-1.219,0.967,3,2
62(a),G,A,-0.583,0.556,6,2
62(a),G,C,-0.9646,0.2585,18,2
62(a),G,D,-0.1615,0.1923,18.5,2
62(a),G,E,1.762,0.542,6,2
62(a),G,F,1.635,0.103,6,2
62(a),G,G,0,0,,2
62(a),G,H,-0.05157,0.1352,10.5,2
62(a),G,I,0.214,1.297,6.5,2
62(a),G,K,-1.022,0.542,11.5,2
62(a),G,L,-0.1122,0.3635,9.5,2
62(a),G,M,0.4417,0.9783,9,2
62(a),G,N,0.1639,0.05865,10.5,2
62(a),G,P,0.1539,0.2247,11,2
62(a),G,Q,0.05535,0.9896,13,2
62(a),G,R,-0.5258,0.5732,4.5,2
62(a),G,S,1.377,0.5286,11.5,2
62(a),G,T,0.3044,0.3634,7.5,2
62(a),G,V,0.583,0.2161,16.5,2
62(a),G,W,-0.3943,0.3981,10.5,2
62(a),G,Y,-0.3446,0.1607,10,2
62(b),Y,*,-6.451,0,2.5,2
62(b),Y,-,-0.4801,0.3144,3,2
62(b),Y,A,-1.407,0.278,6.5,2
62(b),Y,C,-2,0.3375,13,2
62(b),Y,D,-2.397,0.3045,10,2
62(b),Y,E,-1.467,0.8734,9.5,2
62(b),Y,F,0.4907,0.8893,15.5,2
62(b),Y,G,-1.95,0.5315,10.5,2
62(b),Y,H,0.06835,0.6543,12.5,2
62(b),Y,I,-1.401,0.003,8,2
62(b),Y,K,-1.707,1.016,7,2
62(b),Y,L,-1.143,0.6099,10,2
62(b),Y,M,-0.6272,0.204,17,2
62(b),Y,N,-1.31,0.29,18,2
62(b),Y,P,-7.115,0,13.5,2
62(b),Y,Q,-1.858,0.573,10,2
62(b),Y,R,-0.918,0.252,10.5,2
62(b),Y,S,-1.84,0.2535,13,2
62(b),Y,T,-1.673,0.435,12.5,2
62(b),Y,V,-1.946,0.2035,11.5,2
62(b),Y,W,2.076,0.2675,13.5,2
62(b),Y,Y,0,0,,2
63(a),A,-,-0.07147,0.02722,2,2
63(a),A,A,0,0,,2
63(a),A,C,1.695,0.7186,10.5,2
63(a),A,D,-4.633,0,14.5,2
63(a),A,E,-3.571,0,12,2
63(a),A,F,-4.159,0,12,2
63(a),A,G,1.047,0.6391,8.5,2
63(a),A,H,-3.906,0,7.5,2
63(a),A,I,0.2409,0.0039,8.5,2
63(a),A,K,-6.706,0,10.5,2
63(a),A,L,-3.587,0,9,2
63(a),A,M,-2.012,0.1265,7.5,2
63(a),A,N,-3.498,0,7,2
63(a),A,P,-0.1114,0.7837,8,2
63(a),A,Q,-3.23,0,9.5,2
63(a),A,R,-4.848,0,9,2
63(a),A,S,-0.671,0.4501,12,2
63(a),A,T,-0.7202,0.5269,15.5,2
63(a),A,V,0.1115,0.3245,11,2
63(a),A,W,-4.052,0,7.5,2
63(a),A,Y,-3.939,0,4,2
63(b),W,*,-8.31,0,61,2
63(b),W,-,-0.1719,0.0359,2.5,2
63(b),W,A,-3.119,0.0395,14.5,2
63(b),W,C,-3.718,0,18.5,2
63(b),W,D,-8.448,0,12,2
63(b),W,E,-6.596,0,13.5,2
63(b),W,F,-2.351,0.1645,12.5,2
63(b),W,G,-4.045,0,10,2
63(b),W,H,-3.677,0,9,2
63(b),W,I,-4.013,0,11,2
63(b),W,K,-3.842,0,7,2
63(b),W,L,-2.615,0.4705,15.5,2
63(b),W,M,-3.123,0,7,2
63(b),W,N,-5.992,0,9,2
63(b),W,P,-7.675,0,13,2
63(b),W,Q,-3.909,0,13.5,2
63(b),W,R,-3.477,0,22.5,2
63(b),W,S,-4.49,0,10,2
63(b),W,T,-6.238,0,11.5,2
63(b),W,V,-4.329,0,11.5,2
63(b),W,W,0,0,,2
63(b),W,Y,-2.703,0.3075,7.5,2
64(a),L,-,-5.365,0.6605,2.5,2
64(a),L,A,-2.735,0.2515,9.5,2
64(a),L,C,-4.499,0,9.5,2
64(a),L,D,-24.12,0,9.5,2
64(a),L,E,-3.211,0,8,2
64(a),L,F,-0.021,1.163,7.5,2
64(a),L,G,-7.08,0,4.5,2
64(a),L,H,-2.539,0.4755,6,2
64(a),L,I,-2.366,0.375,9,2
64(a),L,K,-8.616,0,9.5,2
64(a),L,L,0,0,,2
64(a),L,M,-0.9683,0.7197,11,2
64(a),L,N,-2.522,0.0545,6.5,2
64(a),L,P,-3.808,0,17,2
64(a),L,Q,-2.058,0.1,16.5,2
64(a),L,R,-7.594,0,10,2
64(a),L,S,-5.684,0,11.5,2
64(a),L,T,-3.735,0,7.5,2
64(a),L,V,-2.707,0.104,9,2
64(a),L,W,-8.21,0,8,2
64(a),L,Y,-1.699,0.2125,9,2
64(b),N,-,-5.601,1.359,1.5,2
64(b),N,A,-4.219,0,14,2
64(b),N,C,-5.203,0,7,2
64(b),N,D,-2.618,0.452,14.5,2
64(b),N,E,-1.807,0.5185,10.5,2
64(b),N,F,-5.435,0,11,2
64(b),N,G,-4.257,0,8,2
64(b),N,H,-4.61,0,8,2
64(b),N,I,-8.493,0,11,2
64(b),N,K,-5.001,0,16,2
64(b),N,L,-5.043,0,13,2
64(b),N,M,-4.216,0,12.5,2
64(b),N,N,0,0,,2
64(b),N,P,-8.541,0,9.5,2
64(b),N,Q,-4.166,0,11,2
64(b),N,R,-4.964,0,11,2
64(b),N,S,-3.295,0.04,21,2
64(b),N,T,-4.099,0,8,2
64(b),N,V,-6.117,0,11.5,2
64(b),N,W,-5.159,0,9.5,2
64(b),N,Y,-5.514,0,19.5,2
65(a),Q,*,-7.998,0,14.5,2
65(a),Q,-,-4.021,0.674,4.5,2
65(a),Q,A,0.2897,0.2612,11,2
65(a),Q,C,-2.372,0.3025,6.5,2
65(a),Q,D,-3.053,0.1285,9,2
65(a),Q,E,-1.184,0.509,9,2
65(a),Q,F,0.4955,0.1042,12,2
65(a),Q,G,-0.1776,0.8494,8,2
65(a),Q,H,-0.4576,0.1207,13.5,2
65(a),Q,I,-0.1987,0.0513,10.5,2
65(a),Q,K,-0.4026,0.9124,11,2
65(a),Q,L,-0.6262,0.298,12,2
65(a),Q,M,-0.7438,1.523,5,2
65(a),Q,N,-2.599,0.3785,4,2
65(a),Q,P,0.1335,1.784,15,2
65(a),Q,Q,0,0,,2
65(a),Q,R,-0.1718,0.0778,11.5,2
65(a),Q,S,0.76,0.448,7,2
65(a),Q,T,-0.571,0.1264,5.5,2
65(a),Q,V,-0.8672,0.1977,9,2
65(a),Q,W,-0.9786,1.026,3.5,2
65(a),Q,Y,-0.5924,0.7746,6,2
65(b),S,A,2.886,2.592,9.5,2
65(b),S,C,-1.994,0.5475,17.5,2
65(b),S,D,-1.033,0.2182,10,2
65(b),S,E,-0.5052,0.4082,11,2
65(b),S,F,-1.632,0.454,14,2
65(b),S,G,0.07205,0.2667,18,2
65(b),S,H,-0.9698,0.5032,8,2
65(b),S,I,-2.05,0.38,17.5,2
65(b),S,K,-0.6873,0.2148,10,2
65(b),S,L,-0.7242,0.7918,18.5,2
65(b),S,M,-0.627,0.1265,11,2
65(b),S,N,-0.4941,0.1407,22,2
65(b),S,P,-4.498,0,12.5,2
65(b),S,Q,-1.303,0.279,10.5,2
65(b),S,R,-0.5983,0.0273,19,2
65(b),S,S,0,0,,2
65(b),S,T,-1.63,0.728,11.5,2
65(b),S,V,-1.662,0.034,11,2
65(b),S,W,-2.471,0.081,14.5,2
65(b),S,Y,-1.631,0.237,23.5,2
66(a),N,-,-4.857,0.207,5,2
66(a),N,A,-2.773,0.1,14.5,2
66(a),N,C,-2.257,0.355,13.5,2
66(a),N,D,-2.702,0.0715,8,2
66(a),N,E,-2.804,0.289,13,2
66(a),N,F,-3.721,0,8.5,2
66(a),N,G,-2.652,0.3545,9,2
66(a),N,H,-3.105,0.0425,8.5,2
66(a),N,I,-3.375,0,7.5,2
66(a),N,K,-2.011,0.299,10,2
66(a),N,L,-3.503,0,8,2
66(a),N,M,-3.206,0.039,12,2
66(a),N,N,0,0,,2
66(a),N,P,-3.157,0.106,8.5,2
66(a),N,Q,-3.141,0.16,8,2
66(a),N,R,-2.621,0.275,12.5,2
66(a),N,S,-1.903,0.4,13,2
66(a),N,T,-3.071,0,15,2
66(a),N,V,-3.321,0,11.5,2
66(a),N,W,-4.165,0,8,2
66(a),N,Y,-3.604,0,10,2
66(b),Q,*,-9.582,0,4,2
66(b),Q,A,-0.8278,0.2372,7.5,2
66(b),Q,C,-1.009,0.8259,10,2
66(b),Q,D,-1.058,0.2925,7,2
66(b),Q,E,-0.7932,0.1298,9.5,2
66(b),Q,F,-0.7679,0.8571,13.5,2
66(b),Q,G,-1.425,0.0005,8,2
66(b),Q,H,-0.4994,1.019,17,2
66(b),Q,I,-1.069,1.045,11.5,2
66(b),Q,K,-0.1191,0.1741,16,2
66(b),Q,L,0.6509,0.1334,14,2
66(b),Q,M,-0.2694,0.2264,10,2
66(b),Q,N,-0.4591,0.3343,9,2
66(b),Q,P,-3.577,0,17,2
66(b),Q,Q,0,0,,2
66(b),Q,R,0.809,0.639,11.5,2
66(b),Q,S,0.3099,0.424,8.5,2
66(b),Q,T,-1.393,0.5443,8.5,2
66(b),Q,V,-0.8451,0.3319,8.5,2
66(b),Q,W,-1.611,1.72,10,2
66(b),Q,Y,-1.8,0.261,11,2
67(a),I,-,-4.745,0.054,5,2
67(a),I,A,0.1732,0.7428,9.5,2
67(a),I,C,-0.8917,0.3273,7,2
67(a),I,D,-2.394,0.0955,5,2
67(a),I,E,-2.351,0.1565,4.5,2
67(a),I,F,-3.907,0,14,2
67(a),I,G,-2.191,0.2965,7,2
67(a),I,H,-2.355,0.57,9.5,2
67(a),I,I,0,0,,2
67(a),I,K,-7.064,0,8,2
67(a),I,L,-0.4878,0.00575,8.5,2
67(a),I,M,-2.222,0.462,10,2
67(a),I,N,-1.84,0.1165,10.5,2
67(a),I,P,-2.782,0.495,6,2
67(a),I,Q,-0.3504,1.192,15,2
67(a),I,R,-7.912,0,7.5,2
67(a),I,S,-0.913,0.514,8.5,2
67(a),I,T,-2.511,0.5705,12,2
67(a),I,V,-0.6611,0.4779,12,2
67(a),I,W,-7.726,0,6,2
67(a),I,Y,-9.681,0,7,2
67(b),P,A,-0.7523,0.3467,7.5,2
67(b),P,C,-1.369,0.4304,11,2
67(b),P,D,-1.808,0.5095,9.5,2
67(b),P,E,-0.8417,0.7923,4.5,2
67(b),P,F,-0.9532,0.8358,12,2
67(b),P,G,-0.924,1.2,8.5,2
67(b),P,H,1.207,1.803,5.5,2
67(b),P,I,-1.252,0.2305,12,2
67(b),P,K,-0.6574,0.2229,8.5,2
67(b),P,L,-1.073,0.0455,10.5,2
67(b),P,M,-0.9421,0.3039,8,2
67(b),P,N,-1.01,0.189,6,2
67(b),P,P,0,0,,2
67(b),P,Q,-0.6237,0.5393,11.5,2
67(b),P,R,-1.215,0.017,10.5,2
67(b),P,S,-0.5681,0.2753,13,2
67(b),P,T,-1.141,0.4012,5.5,2
67(b),P,V,1.329,1.336,7,2
67(b),P,W,-1.837,0.5745,11.5,2
67(b),P,Y,-0.4634,0.6876,7,2
68(a),A,-,-0.6981,0.501,4,2
68(a),A,A,0,0,,2
68(a),A,C,-3.048,0.14,9,2
68(a),A,D,-1.694,0.524,7.5,2
68(a),A,E,-0.5507,0.2359,6,2
68(a),A,F,-2.301,0.651,6.5,2
68(a),A,G,-1.762,0.023,9.5,2
68(a),A,H,0.09785,1.03,6,2
68(a),A,I,-1.989,0.378,7.5,2
68(a),A,K,-3.758,0,4.5,2
68(a),A,L,-2.14,0.412,5,2
68(a),A,M,-0.3614,1.003,5,2
68(a),A,N,-0.6285,0.3421,8.5,2
68(a),A,P,0.1106,0.7986,9,2
68(a),A,Q,-1.017,0.3031,11,2
68(a),A,R,-1.47,0.6407,6.5,2
68(a),A,S,-9.498,0,7.5,2
68(a),A,T,-5.849,0,26,2
68(a),A,V,-0.4066,0.2176,26,2
68(a),A,W,-2.165,0.1255,9,2
68(a),A,Y,-1.937,0.54,4.5,2
68(b),E,*,-8.861,0,3.5,2
68(b),E,-,0.2561,0,0.5,1
68(b),E,A,0.6864,0.0037,5.5,2
68(b),E,C,-0.1429,0.6562,4,2
68(b),E,D,-0.2586,0.5308,13.5,2
68(b),E,E,0,0,,2
68(b),E,F,-0.9979,1.27,6.5,2
68(b),E,G,-0.9394,0.6646,8,2
68(b),E,H,-1.147,1.859,3,2
68(b),E,I,-0.532,0.1048,9,2
68(b),E,K,-0.7005,0.191,25.5,2
68(b),E,L,-0.2285,1.372,7,2
68(b),E,M,-0.7716,0.9214,8,2
68(b),E,N,-1.248,0.021,5,2
68(b),E,P,-1.728,0.243,2.5,2
68(b),E,Q,0.9017,0.4083,4.5,2
68(b),E,R,-0.0715,1.7,4.5,2
68(b),E,S,-0.7464,0.5716,5.5,2
68(b),E,T,0.6322,1.339,9,2
68(b),E,V,-1.335,0.4652,10,2
68(b),E,W,1.832,2.277,6.5,2
68(b),E,Y,2.753,0,3,1
69(a),V,-,-0.9866,0.1164,4,2
69(a),V,A,-2.188,0.348,10.5,2
69(a),V,C,-1.19,0.4686,8.5,2
69(a),V,D,-1.681,1.348,8,2
69(a),V,E,-1.51,0.1215,13.5,2
69(a),V,F,-2.271,0.2355,5.5,2
69(a),V,G,-2.276,0.506,12,2
69(a),V,H,-2.704,0.1635,8.5,2
69(a),V,I,0.5056,1.037,6.5,2
69(a),V,K,-1.715,0.8918,7,2
69(a),V,L,-1.618,0.181,15,2
69(a),V,M,-0.4302,0.0579,21,2
69(a),V,N,-2.796,0.0885,8.5,2
69(a),V,P,-4.399,0,5,2
69(a),V,Q,0.6013,1.007,5.5,2
69(a),V,R,-2.095,0.676,11.5,2
69(a),V,S,-1.365,0.0815,9.5,2
69(a),V,T,-1.286,1.22,6,2
69(a),V,V,0,0,,2
69(a),V,W,-2.387,0.6285,8.5,2
69(a),V,Y,-2.41,0.017,8,2
69(b),E,*,-13.85,0,5.5,2
69(b),E,-,-0.4154,0,0.5,1
69(b),E,A,-2.474,0.323,6,2
69(b),E,C,-1.644,0.52,7.5,2
69(b),E,D,-1.349,0.053,10,2
69(b),E,E,0,0,,2
69(b),E,F,-1.361,0.0715,5,2
69(b),E,G,-0.177,0.7891,7.5,2
69(b),E,H,-1.363,1.043,5,2
69(b),E,I,-1.823,1.234,8,2
69(b),E,K,-1.364,0.103,82,2
69(b),E,L,-0.714,1.014,4,2
69(b),E,M,-1.968,0.857,4.5,2
69(b),E,N,-1.992,0.4505,9,2
69(b),E,P,-2.506,0.5165,6.5,2
69(b),E,Q,-2.169,0.566,4.5,2
69(b),E,R,-2.493,0.3565,3.5,2
69(b),E,S,-1.752,0.216,6,2
69(b),E,T,-2.23,0.383,5.5,2
69(b),E,V,-2.204,0.7105,6,2
69(b),E,W,-2.003,0.107,7.5,2
69(b),E,Y,-0.8886,0.8844,8,2
7(T2A),G,-,-0.1144,0.0711,3,2
7(T2A),G,C,-4.432,0,1.5,2
7(T2A),G,D,-2.742,0.3765,24.5,2
7(T2A),G,G,0,0,,2
7(T2A),G,S,-2.487,0.6715,2,2
7(T2A),G,V,-4.293,0,0.5,1
7(a),L,*,-8.203,0,8.5,2
7(a),L,A,-0.8524,0.01375,9.5,2
7(a),L,C,-2.171,0.3175,4.5,2
7(a),L,D,-6.858,0,8.5,2
7(a),L,E,-3.137,0,8,2
7(a),L,F,0.3264,0.06195,5,2
7(a),L,G,-3.041,0.298,10.5,2
7(a),L,H,-0.9607,0.2473,5.5,2
7(a),L,I,-2.072,0.012,6.5,2
7(a),L,K,-2.728,0.0895,6.5,2
7(a),L,L,0,0,,2
7(a),L,M,0.6179,0.369,7.5,2
7(a),L,N,-3.087,0.2495,7.5,2
7(a),L,P,-10.93,0,10.5,2
7(a),L,Q,-1.996,0.2555,9.5,2
7(a),L,R,-4.013,0,11,2
7(a),L,S,-1.557,0.5761,5.5,2
7(a),L,T,-2.536,0.447,14.5,2
7(a),L,V,-2.75,0.2755,5.5,2
7(a),L,W,-2.305,0.37,10,2
7(a),L,Y,-2.385,0.5965,6,2
7(b),G,-,-0.9663,0.8507,2.5,2
7(b),G,A,0.014,1.271,9,2
7(b),G,C,-1.337,0.265,16.5,2
7(b),G,D,-0.7542,0.0575,26,2
7(b),G,E,-0.4929,0.5056,12,2
7(b),G,F,0.0265,1.038,12,2
7(b),G,G,0,0,,2
7(b),G,H,-1.227,0.4227,15,2
7(b),G,I,1,0.7747,9.5,2
7(b),G,K,-0.3699,0.2511,8,2
7(b),G,L,-1.627,0.0935,12,2
7(b),G,M,-1.317,0.6095,10.5,2
7(b),G,N,1.045,1.243,10,2
7(b),G,P,-1.257,0.3226,14,2
7(b),G,Q,-0.1431,0.06249,11.5,2
7(b),G,R,-0.3397,0.7733,14.5,2
7(b),G,S,-0.5332,0.1101,14,2
7(b),G,T,-1.3,0.2935,6.5,2
7(b),G,V,-0.8285,0.6335,9,2
7(b),G,W,0.2969,0.06795,10,2
7(b),G,Y,-0.379,0.3271,13,2
70(a),D,-,-0.4923,0.01015,3,2
70(a),D,A,-2.627,0.2285,11,2
70(a),D,C,-2.764,0.394,5.5,2
70(a),D,D,0,0,,2
70(a),D,E,-1.678,0.407,9,2
70(a),D,F,-4.495,0,10,2
70(a),D,G,-2.33,0.1395,6.5,2
70(a),D,H,-1.405,0.4382,9,2
70(a),D,I,-2.694,0.012,10,2
70(a),D,K,-3.799,0,8.5,2
70(a),D,L,-2.872,0.2725,8.5,2
70(a),D,M,-3.109,0.0925,10,2
70(a),D,N,-0.3621,0.5931,30.5,2
70(a),D,P,-4.575,0,14,2
70(a),D,Q,-1.645,0.392,11.5,2
70(a),D,R,-3.792,0,6,2
70(a),D,S,-1.578,1.095,9,2
70(a),D,T,-2.203,0.161,6,2
70(a),D,V,-2.124,0.102,10.5,2
70(a),D,W,-5.17,0,11.5,2
70(a),D,Y,-4.166,0,14.5,2
70(b),K,*,-8.579,0,1,2
70(b),K,-,0.1572,0,0.5,1
70(b),K,A,1.823,0.283,8,2
70(b),K,C,-0.8338,0.0051,8,2
70(b),K,D,-2.014,0.148,6.5,2
70(b),K,E,-0.1479,0.1823,12.5,2
70(b),K,F,-1.869,0.0715,8,2
70(b),K,G,0.3128,0.6158,10.5,2
70(b),K,H,-1.009,0.6011,9.5,2
70(b),K,I,-1.421,0.025,9,2
70(b),K,K,0,0,,2
70(b),K,L,-0.5488,1.33,7.5,2
70(b),K,M,-0.9054,0.9316,9,2
70(b),K,N,-0.5468,0.5952,7,2
70(b),K,P,-0.1397,0.4645,8,2
70(b),K,Q,-1.121,1.475,10,2
70(b),K,R,-0.033,1.222,12.5,2
70(b),K,S,1.459,1.107,12.5,2
70(b),K,T,0.2519,0.9261,10.5,2
70(b),K,V,-0.244,1.365,5,2
70(b),K,W,-0.7803,0.03815,9,2
70(b),K,Y,-0.6675,0.4206,7.5,2
71(a),K,*,-5.446,0,0.5,1
71(a),K,-,-0.7241,0.2458,3.5,2
71(a),K,A,-1.198,0.0435,5.5,2
71(a),K,C,-0.4752,0.5438,10,2
71(a),K,D,-2.653,0.342,10.5,2
71(a),K,E,-0.4391,0.209,10,2
71(a),K,F,-1.465,0.9056,9.5,2
71(a),K,G,-2.367,0.1545,4.5,2
71(a),K,H,-0.9702,0.04385,10,2
71(a),K,I,-1.619,0.592,15,2
71(a),K,K,0,0,,2
71(a),K,L,-0.6083,0.8277,7,2
71(a),K,M,-0.7124,0.0781,10.5,2
71(a),K,N,-0.0415,1.829,12,2
71(a),K,P,-4.451,0,9.5,2
71(a),K,Q,-0.7621,0.2224,9,2
71(a),K,R,-0.097,0.3204,9,2
71(a),K,S,-0.8973,0.1728,11.5,2
71(a),K,T,-1.579,0.029,13,2
71(a),K,V,0.4147,0.2138,12,2
71(a),K,W,-2.044,0.196,11.5,2
71(a),K,Y,-2.106,0.3825,9,2
71(b),E,*,-8.466,0,10,2
71(b),E,-,-0.4288,0,0.5,1
71(b),E,A,0.06005,0.4108,10.5,2
71(b),E,C,-1.61,0.057,12.5,2
71(b),E,D,-0.2688,0.2691,10,2
71(b),E,E,0,0,,2
71(b),E,F,-1.404,0.144,9.5,2
71(b),E,G,-0.7321,0.2138,9.5,2
71(b),E,H,-0.3627,0.5182,10,2
71(b),E,I,-0.7468,1.026,10,2
71(b),E,K,-0.669,0.0819,47,2
71(b),E,L,-0.9615,0.6915,9,2
71(b),E,M,-1.207,0.6182,11.5,2
71(b),E,N,0.5895,1.915,9,2
71(b),E,P,-1.498,0.2195,6.5,2
71(b),E,Q,-0.4217,0.3618,11,2
71(b),E,R,-1.386,1.477,6,2
71(b),E,S,-1.694,0.0325,9.5,2
71(b),E,T,-1.298,1.315,12,2
71(b),E,V,-1.065,0.2459,14.5,2
71(b),E,W,-1.674,0.9062,12,2
71(b),E,Y,-1.568,0.521,10,2
72(a),Q,*,-9.372,0,18,2
72(a),Q,-,-2.551,0.319,2.5,2
72(a),Q,A,-0.2776,0.9804,15,2
72(a),Q,C,-1.074,0.4808,9,2
72(a),Q,D,1.282,2.158,6,2
72(a),Q,E,0.04819,0.1343,6,2
72(a),Q,F,-0.8909,0.2781,10.5,2
72(a),Q,G,0.3542,0.1979,7.5,2
72(a),Q,H,0.2614,0.5562,21.5,2
72(a),Q,I,-1.677,0.7647,7,2
72(a),Q,K,0.04912,0.04643,12.5,2
72(a),Q,L,-0.6318,0.5352,10.5,2
72(a),Q,M,0.9445,2.398,8,2
72(a),Q,N,1.016,1.194,8,2
72(a),Q,P,-2.724,0.1555,8,2
72(a),Q,Q,0,0,,2
72(a),Q,R,-1.296,0.2795,5,2
72(a),Q,S,-0.2372,0.4592,7,2
72(a),Q,T,0.9469,0.5111,8,2
72(a),Q,V,-0.9208,0.4622,8.5,2
72(a),Q,W,-2.572,0.53,7.5,2
72(a),Q,Y,-1.559,0.687,7.5,2
72(b),R,*,-3.439,0,0.5,1
72(b),R,-,-0.5533,0,0.5,1
72(b),R,A,-1.689,0.228,6.5,2
72(b),R,C,-2.727,0.033,7.5,2
72(b),R,D,-2.535,0.3375,12.5,2
72(b),R,E,-1.592,0.164,7,2
72(b),R,F,-2.41,0.391,7.5,2
72(b),R,G,-2.774,0.2545,8.5,2
72(b),R,H,-1.986,0.2325,9.5,2
72(b),R,I,-2.188,0.182,11,2
72(b),R,K,-0.4798,0.205,15,2
72(b),R,L,-1.371,0.6544,18.5,2
72(b),R,M,-2.094,0.1555,8,2
72(b),R,N,0.735,2.884,6,2
72(b),R,P,-2.609,0.4,9,2
72(b),R,Q,-2.381,0.506,15,2
72(b),R,R,0,0,,2
72(b),R,S,-1.925,0.1755,8,2
72(b),R,T,-2.554,0.5605,7,2
72(b),R,V,-2.409,0.1095,6.5,2
72(b),R,W,-2.403,0.073,18.5,2
72(b),R,Y,-2.309,0.438,8.5,2
73(a),N,-,-2.31,0.048,2.5,2
73(a),N,A,-1.83,0.267,9,2
73(a),N,C,-2.835,0.0435,10,2
73(a),N,D,-3.899,0,6,2
73(a),N,E,-4.073,0,11,2
73(a),N,F,-2.392,0.01,11,2
73(a),N,G,-2.627,0.3505,7.5,2
73(a),N,H,-2.643,0.4035,15,2
73(a),N,I,-2.257,0.8355,14,2
73(a),N,K,-2.994,0.1445,11.5,2
73(a),N,L,-2.361,0.485,11,2
73(a),N,M,-3.188,0.0405,9,2
73(a),N,N,0,0,,2
73(a),N,P,-7.753,0,9.5,2
73(a),N,Q,-3.046,0.068,9.5,2
73(a),N,R,-2.664,0.26,8.5,2
73(a),N,S,-2.61,0.119,12.5,2
73(a),N,T,-2.955,0.1645,9.5,2
73(a),N,V,-3.304,0,7,2
73(a),N,W,-2.984,0.047,5.5,2
73(a),N,Y,-2.696,0.3875,11,2
73(b),V,-,-0.7311,0,0.5,1
73(b),V,A,-1.026,0.2718,15,2
73(b),V,C,-1.945,0.6445,11,2
73(b),V,D,-1.247,1.327,12.5,2
73(b),V,E,0.476,1.786,9,2
73(b),V,F,0.7296,0.9914,11,2
73(b),V,G,-2.24,0.261,10.5,2
73(b),V,H,0.1295,2.631,12.5,2
73(b),V,I,-0.2775,0.0331,9.5,2
73(b),V,K,-2.729,0.04,6.5,2
73(b),V,L,-0.1625,0.3681,17,2
73(b),V,M,1.149,0.07,16,2
73(b),V,N,-2.361,0.2665,11,2
73(b),V,P,-2.474,0.0085,17,2
73(b),V,Q,-0.3972,0.479,5,2
73(b),V,R,-2.405,0.185,11,2
73(b),V,S,-0.424,1.439,11,2
73(b),V,T,-0.618,2.409,6.5,2
73(b),V,V,0,0,,2
73(b),V,W,1.127,0.9666,6.5,2
73(b),V,Y,1.238,0.197,9,2
74(a),M,-,-1.168,0.4936,2,2
74(a),M,A,-1.327,0.1145,5.5,2
74(a),M,C,-1.198,0.001,9,2
74(a),M,D,-3.412,0,9,2
74(a),M,E,-3.353,0,6,2
74(a),M,F,-1.325,0.9356,7,2
74(a),M,G,-2.627,0.226,7,2
74(a),M,H,-2.588,0.391,6.5,2
74(a),M,I,-0.9651,0.09985,38,2
74(a),M,K,-3.595,0,8.5,2
74(a),M,L,1.813,2.974,15,2
74(a),M,M,0,0,,2
74(a),M,N,-1.093,0.4856,6.5,2
74(a),M,P,-7.921,0,5.5,2
74(a),M,Q,2.462,4.979,7.5,2
74(a),M,R,-3.521,0,7.5,2
74(a),M,S,-0.579,1.729,4,2
74(a),M,T,-0.5333,0.7217,14.5,2
74(a),M,V,-0.7158,0.5902,12,2
74(a),M,W,-2.774,0.3805,4.5,2
74(a),M,Y,-2.388,0.254,8,2
74(b),R,*,-7.592,0,2.5,2
74(b),R,-,-0.2702,0,1,1
74(b),R,A,0.3542,1.049,6,2
74(b),R,C,-1.602,0.5825,8,2
74(b),R,D,-1.334,0.276,6.5,2
74(b),R,E,0.1848,0.4823,9,2
74(b),R,F,-0.364,0.737,11,2
74(b),R,G,-1.429,0.8692,10,2
74(b),R,H,-0.3606,0.0736,13.5,2
74(b),R,I,-0.0078,0.3331,12,2
74(b),R,K,0.9699,0.571,14.5,2
74(b),R,L,-0.9442,0.0128,14,2
74(b),R,M,-0.7196,1.249,9,2
74(b),R,N,-0.4074,1.146,10.5,2
74(b),R,P,-1.724,0.214,17,2
74(b),R,Q,1.495,0.4185,11.5,2
74(b),R,R,0,0,,2
74(b),R,S,-0.3905,0.0946,14.5,2
74(b),R,T,-1.033,0.7592,8.5,2
74(b),R,V,-0.9435,0.1065,10.5,2
74(b),R,W,-0.2752,0.6594,9.5,2
74(b),R,Y,-0.7682,0.2898,15,2
75(a),E,*,-7.03,0,4,2
75(a),E,-,-2.766,0.6225,2.5,2
75(a),E,A,-0.2596,0.151,8,2
75(a),E,C,-0.1135,1.31,9,2
75(a),E,D,-0.195,1.461,11.5,2
75(a),E,E,0,0,,2
75(a),E,F,-0.8168,1.048,9.5,2
75(a),E,G,-0.9209,0.1692,9.5,2
75(a),E,H,0.2846,1.006,10,2
75(a),E,I,0.7644,1.528,5.5,2
75(a),E,K,-1.247,0.218,61,2
75(a),E,L,-0.9402,1.717,7,2
75(a),E,M,-0.123,1.089,4.5,2
75(a),E,N,0.04425,0.6623,10,2
75(a),E,P,-3.314,0.099,11,2
75(a),E,Q,-1.792,0.3075,11,2
75(a),E,R,-1.262,0.158,6,2
75(a),E,S,-5.384,0,7,2
75(a),E,T,-7.695,0,9.5,2
75(a),E,V,0.4215,1.101,14.5,2
75(a),E,W,-0.693,0.00325,10,2
75(a),E,Y,-0.6361,1.593,6,2
75(b),A,-,0.2629,0.5976,2,2
75(b),A,A,0,0,,2
75(b),A,C,-0.619,0.0268,12.5,2
75(b),A,D,0.412,0.645,4.5,2
75(b),A,E,0.3541,0.1391,14,2
75(b),A,F,-1.304,0.4617,11.5,2
75(b),A,G,0.5571,1.201,10.5,2
75(b),A,H,-0.08695,0.7419,11,2
75(b),A,I,-0.03515,0.3039,7,2
75(b),A,K,-0.3753,0.3559,7.5,2
75(b),A,L,-0.1313,0.7304,10,2
75(b),A,M,-0.301,1.564,7.5,2
75(b),A,N,-1.142,0.8844,10,2
75(b),A,P,-2.864,0.269,15.5,2
75(b),A,Q,-0.1077,0.745,7,2
75(b),A,R,-0.01245,0.362,7.5,2
75(b),A,S,0.9632,0.5908,15,2
75(b),A,T,-0.4318,0.1571,13,2
75(b),A,V,-0.1188,0.5438,16,2
75(b),A,W,0.42,1.129,9.5,2
75(b),A,Y,-0.327,1.808,9.5,2
76(a),I,-,-2.748,0.4695,3.5,2
76(a),I,A,-1.358,0.946,4.5,2
76(a),I,C,-1.421,0.072,7.5,2
76(a),I,D,-2.075,0.1845,4.5,2
76(a),I,E,-0.7645,0.0549,8,2
76(a),I,F,-2.473,0.0175,9.5,2
76(a),I,G,-1.907,0.3675,11,2
76(a),I,H,-1.711,0.366,4.5,2
76(a),I,I,0,0,,2
76(a),I,K,-1.078,0.015,8.5,2
76(a),I,L,0.7811,0.535,7.5,2
76(a),I,M,-2.333,0.7865,5.5,2
76(a),I,N,-1.089,1.286,12.5,2
76(a),I,P,-3.825,0,11.5,2
76(a),I,Q,-0.6966,0.2978,4,2
76(a),I,R,-2.033,0.558,8.5,2
76(a),I,S,-2.533,0.085,9.5,2
76(a),I,T,0.195,1.089,8,2
76(a),I,V,0.8549,1.424,8,2
76(a),I,W,-1.897,0.6125,9.5,2
76(a),I,Y,-1.017,0.3392,8.5,2
76(b),E,*,-8.066,0,3,2
76(b),E,-,-0.1623,0.1683,3,2
76(b),E,A,-1.793,0.418,12.5,2
76(b),E,C,-2.598,0.1495,9,2
76(b),E,D,-1.377,0.4912,22,2
76(b),E,E,0,0,,2
76(b),E,F,-2.328,0.439,8.5,2
76(b),E,G,-2.284,0.574,12,2
76(b),E,H,-2.031,0.519,12.5,2
76(b),E,I,-2.657,0.403,10,2
76(b),E,K,-2.357,0.507,23.5,2
76(b),E,L,-2.808,0.0665,10.5,2
76(b),E,M,-2.357,0.5755,9.5,2
76(b),E,N,-2.409,0.2125,9,2
76(b),E,P,-3.222,0,8.5,2
76(b),E,Q,-2.175,0.2575,12.5,2
76(b),E,R,-1.999,0.2685,8.5,2
76(b),E,S,-2.037,0.4395,8.5,2
76(b),E,T,-2.601,0.2215,8.5,2
76(b),E,V,-2.551,0.109,11,2
76(b),E,W,-2.813,0.081,13,2
76(b),E,Y,-2.749,0.065,12.5,2
77(a),M,-,-1.511,1.495,3,2
77(a),M,A,-0.6763,0.08425,6.5,2
77(a),M,C,-2.132,0.834,8,2
77(a),M,D,-3.287,0.1915,5.5,2
77(a),M,E,-3.345,0,8.5,2
77(a),M,F,-2.598,0.311,9,2
77(a),M,G,-2.919,0.2005,9.5,2
77(a),M,H,-2.321,0.201,13.5,2
77(a),M,I,-1.35,0.0915,67.5,2
77(a),M,K,-1.542,0.3895,10,2
77(a),M,L,-2.181,0.533,18,2
77(a),M,M,0,0,,2
77(a),M,N,-2.744,0.3145,12.5,2
77(a),M,P,-5.387,0,8,2
77(a),M,Q,-1.756,1.229,9.5,2
77(a),M,R,-2.313,0.333,5.5,2
77(a),M,S,-1.877,0.597,8,2
77(a),M,T,-2.168,0.0135,8.5,2
77(a),M,V,-1.141,0.044,14.5,2
77(a),M,W,-2.865,0.2255,4.5,2
77(a),M,Y,-2.891,0.26,9.5,2
77(b),I,-,-0.5291,0.5419,3,2
77(b),I,A,1.981,1.696,15.5,2
77(b),I,C,1.141,1.059,13.5,2
77(b),I,D,-3.678,0,9,2
77(b),I,E,1.726,0.1875,11.5,2
77(b),I,F,-0.01695,0.3253,12,2
77(b),I,G,0.5465,1.395,10,2
77(b),I,H,-0.0935,1.46,8.5,2
77(b),I,I,0,0,,2
77(b),I,K,-1.579,0.8772,8.5,2
77(b),I,L,2.095,0.427,13,2
77(b),I,M,0.0455,1.615,8,2
77(b),I,N,-2.841,0.056,12,2
77(b),I,P,-2.154,0.14,9.5,2
77(b),I,Q,-0.2165,2.667,7,2
77(b),I,R,0.7054,0.2738,11.5,2
77(b),I,S,1.485,0.251,7,2
77(b),I,T,0.8184,0.4506,15,2
77(b),I,V,0.05645,0.803,13,2
77(b),I,W,2.297,0.2125,8.5,2
77(b),I,Y,1.754,0.5475,6,2
78(a),M,-,-1.595,1.069,3,2
78(a),M,A,-1.144,1.052,7.5,2
78(a),M,C,-0.4429,0.0849,6.5,2
78(a),M,D,-2.494,0.025,10.5,2
78(a),M,E,-1.857,0.37,7.5,2
78(a),M,F,-0.44,1.498,12,2
78(a),M,G,-0.907,1.92,5,2
78(a),M,H,-2.144,0.2085,7.5,2
78(a),M,I,-0.186,0.2346,198,2
78(a),M,K,-0.5139,1.128,5.5,2
78(a),M,L,-0.6989,0.1197,14,2
78(a),M,M,0,0,,2
78(a),M,N,-0.9709,0.1631,5,2
78(a),M,P,-4.918,0,7.5,2
78(a),M,Q,-0.1785,0.3426,8,2
78(a),M,R,-0.1385,1.216,7,2
78(a),M,S,-0.1687,0.4903,7.5,2
78(a),M,T,-0.4924,0.3634,16.5,2
78(a),M,V,-1.222,0.049,13.5,2
78(a),M,W,-1.947,0.493,6.5,2
78(a),M,Y,-1.595,0.1565,7,2
78(b),D,-,0.3923,0,2,1
78(b),D,A,0.7369,0.8841,10.5,2
78(b),D,C,-1.13,0.3277,7,2
78(b),D,D,0,0,,2
78(b),D,E,1.013,0.1012,4,2
78(b),D,F,0.6046,0.0448,12,2
78(b),D,G,-0.5176,0.1307,16.5,2
78(b),D,H,-0.2671,0.7164,10.5,2
78(b),D,I,0.2905,0.4787,9,2
78(b),D,K,0.375,1.626,9.5,2
78(b),D,L,-0.4671,0.2479,8,2
78(b),D,M,0.4546,0.3148,8.5,2
78(b),D,N,-0.592,0.2525,27,2
78(b),D,P,-1.954,0.261,6.5,2
78(b),D,Q,0.9816,0.8775,10.5,2
78(b),D,R,-0.6687,0.9883,7,2
78(b),D,S,0.5161,0.8299,10.5,2
78(b),D,T,-0.5368,0.6723,13,2
78(b),D,V,0.04645,1.036,9,2
78(b),D,W,-1.341,0.6444,9,2
78(b),D,Y,0.2282,0.8007,14.5,2
79(a),K,*,-11.62,0,2,2
79(a),K,-,-1.112,0.9863,3,2
79(a),K,A,0.2276,0.3966,11.5,2
79(a),K,C,-0.7122,0.6548,12.5,2
79(a),K,D,-0.0516,0.6455,14.5,2
79(a),K,E,-0.6863,0.8317,13,2
79(a),K,F,-1.028,1.022,8,2
79(a),K,G,-2.303,0.301,4.5,2
79(a),K,H,-0.1653,0.8657,10,2
79(a),K,I,-1.273,0.6645,9.5,2
79(a),K,K,0,0,,2
79(a),K,L,-0.2818,0.1686,9,2
79(a),K,M,-1.362,0.7479,5.5,2
79(a),K,N,-0.5257,0.2325,14,2
79(a),K,P,-2.885,0.0735,14.5,2
79(a),K,Q,0.5813,0.5207,7,2
79(a),K,R,0.7117,0.1117,10,2
79(a),K,S,-0.911,0.2349,9.5,2
79(a),K,T,-0.6195,0.4635,14,2
79(a),K,V,-0.8522,0.9968,11.5,2
79(a),K,W,-1.368,1.291,9,2
79(a),K,Y,-0.5669,1.493,7.5,2
79(b),T,-,-0.7989,0,1.5,1
79(b),T,A,0.6358,1.032,15.5,2
79(b),T,C,-1.148,0.2895,9,2
79(b),T,D,0.8287,1.114,5.5,2
79(b),T,E,1.425,0.6205,10.5,2
79(b),T,F,-0.032,1.897,7,2
79(b),T,G,1.106,0.6507,7,2
79(b),T,H,0.4902,0.8118,7.5,2
79(b),T,I,-0.9415,0.1005,14,2
79(b),T,K,2.163,0.9795,11,2
79(b),T,L,-0.1945,0.9486,10.5,2
79(b),T,M,-0.9369,0.7461,8,2
79(b),T,N,-0.0128,0.42,7.5,2
79(b),T,P,-2.186,0.125,12.5,2
79(b),T,Q,0.1878,0.4768,10,2
79(b),T,R,1.226,0.6855,10,2
79(b),T,S,0.6062,0.1306,10,2
79(b),T,T,0,0,,2
79(b),T,V,0.4045,0.4211,7,2
79(b),T,W,-0.9856,0.1174,13.5,2
79(b),T,Y,4.016,3.178,7.5,2
8(T2A),S,-,0.08415,0.2304,3,2
8(T2A),S,G,0.079,1.523,3,2
8(T2A),S,I,0.011,3.062,1.5,2
8(T2A),S,N,-1.501,0.5639,8,2
8(T2A),S,R,-1.135,0.0935,2.5,2
8(T2A),S,S,0,0,,2
8(a),M,*,-7.507,0,8,2
8(a),M,A,-1.368,0.7651,8,2
8(a),M,C,-0.5772,0.193,10,2
8(a),M,D,-1.962,0.1245,10.5,2
8(a),M,E,-1.207,0.7388,10,2
8(a),M,F,-0.157,2.068,10.5,2
8(a),M,G,-0.9387,0.4303,7,2
8(a),M,H,-0.6443,0.7367,12.5,2
8(a),M,I,-0.2212,0.3246,29,2
8(a),M,K,0.1987,1.178,8,2
8(a),M,L,-0.9681,0.4669,13,2
8(a),M,M,0,0,,2
8(a),M,N,-3.758,0,10,2
8(a),M,P,-4.978,0,8.5,2
8(a),M,Q,-1.046,0.9474,8,2
8(a),M,R,0.5265,0.4,7,2
8(a),M,S,0.7986,0.5923,10.5,2
8(a),M,T,0.2,0.908,6.5,2
8(a),M,V,0.09985,0.2319,13.5,2
8(a),M,W,-1.738,0.5005,9,2
8(a),M,Y,0.3371,0.2116,8,2
8(b),F,-,-0.3545,0.6094,2.5,2
8(b),F,A,-3.293,0.037,10.5,2
8(b),F,C,-2.341,0.8685,8.5,2
8(b),F,D,-15.43,0,7.5,2
8(b),F,E,-5.191,0,12,2
8(b),F,F,0,0,,2
8(b),F,G,-4.122,0,13.5,2
8(b),F,H,-3.118,0.077,14.5,2
8(b),F,I,-1.144,0.235,14.5,2
8(b),F,K,-5.497,0,14.5,2
8(b),F,L,-1.742,0.1235,26.5,2
8(b),F,M,-2.304,0.1465,11,2
8(b),F,N,-4.245,0,15.5,2
8(b),F,P,-4.586,0,7.5,2
8(b),F,Q,-4.32,0,9.5,2
8(b),F,R,-5.452,0,9.5,2
8(b),F,S,-4.03,0,14,2
8(b),F,T,-3.008,0.124,9.5,2
8(b),F,V,-2.118,0.349,12,2
8(b),F,W,-2.233,0.1795,7.5,2
8(b),F,Y,2.186,2.767,14.5,2
80(a),R,*,-9.331,0,4,2
80(a),R,-,-1.941,1.141,2.5,2
80(a),R,A,-3.311,0,11.5,2
80(a),R,C,-3.759,0,11.5,2
80(a),R,D,-4.125,0,11,2
80(a),R,E,-4.014,0,10,2
80(a),R,F,-3.673,0,14,2
80(a),R,G,-4.557,0,15.5,2
80(a),R,H,-3.551,0,10.5,2
80(a),R,I,-3.285,0,16.5,2
80(a),R,K,-2.603,0.283,47,2
80(a),R,L,-3.356,0.03,13,2
80(a),R,M,-3.649,0,8,2
80(a),R,N,-3.287,0,8,2
80(a),R,P,-5.637,0,14,2
80(a),R,Q,-3.457,0,4.5,2
80(a),R,R,0,0,,2
80(a),R,S,-3.659,0,9.5,2
80(a),R,T,-3.637,0,11.5,2
80(a),R,V,-3.175,0,8,2
80(a),R,W,-3.789,0,11,2
80(a),R,Y,-3.446,0,5,2
80(b),V,-,-1.296,0,1.5,1
80(b),V,A,1.448,0.4604,13,2
80(b),V,C,-0.165,1.303,8.5,2
80(b),V,D,-3.559,0,12.5,2
80(b),V,E,-1.556,0.7209,6,2
80(b),V,F,-0.8763,0.4197,7,2
80(b),V,G,-0.7638,0.2471,11,2
80(b),V,H,1.155,1.36,12.5,2
80(b),V,I,-2.175,0.373,9,2
80(b),V,K,-0.4242,0.6547,9,2
80(b),V,L,-1.852,0.5265,11.5,2
80(b),V,M,0.661,1.319,19,2
80(b),V,N,0.2615,0.1616,10.5,2
80(b),V,P,-4.12,0,11.5,2
80(b),V,Q,-1.577,0.322,12,2
80(b),V,R,1.34,0.8752,8,2
80(b),V,S,-0.03889,0.133,7.5,2
80(b),V,T,-1.459,0.3315,8,2
80(b),V,V,0,0,,2
80(b),V,W,-1.873,0.401,8.5,2
80(b),V,Y,-1.975,0.056,9.5,2
81(a),S,-,-2.209,1.123,2.5,2
81(a),S,A,0.5755,1.736,8.5,2
81(a),S,C,0.0765,1.448,5,2
81(a),S,D,-0.6679,0.476,9,2
81(a),S,E,-2.108,0.885,10.5,2
81(a),S,F,-2.692,0.121,11,2
81(a),S,G,-0.1209,0.3786,11.5,2
81(a),S,H,-2.173,0.6295,8.5,2
81(a),S,I,-2.025,0.3005,7,2
81(a),S,K,-1.75,1.173,6,2
81(a),S,L,-1.673,0.125,11.5,2
81(a),S,M,-0.5,0.801,8,2
81(a),S,N,-1.473,0.5388,5.5,2
81(a),S,P,-3.074,0.1245,7.5,2
81(a),S,Q,-0.8747,0.6522,5,2
81(a),S,R,-0.7087,0.00455,12.5,2
81(a),S,S,0,0,,2
81(a),S,T,0.6946,0.6394,9.5,2
81(a),S,V,-1.053,0.0842,13.5,2
81(a),S,W,-2.5,0.185,6.5,2
81(a),S,Y,-0.8865,0.1032,12.5,2
81(b),C,*,-6.978,0,0.5,1
81(b),C,-,-3.373,0,1.5,1
81(b),C,A,-4.21,0,10.5,2
81(b),C,C,0,0,,2
81(b),C,D,-9.432,0,10.5,2
81(b),C,E,-8.581,0,8.5,2
81(b),C,F,-3.783,0,16.5,2
81(b),C,G,-5.993,0,9,2
81(b),C,H,-6.812,0,11,2
81(b),C,I,-3.181,0.0645,8,2
81(b),C,K,-4.774,0,13,2
81(b),C,L,-3.458,0,10.5,2
81(b),C,M,-3.274,0.1665,5.5,2
81(b),C,N,-7.634,0,7,2
81(b),C,P,-9.115,0,9.5,2
81(b),C,Q,-5.069,0,9.5,2
81(b),C,R,-5.579,0,8.5,2
81(b),C,S,-4.893,0,9.5,2
81(b),C,T,-4.669,0,9.5,2
81(b),C,V,-3.667,0,6.5,2
81(b),C,W,-12.04,0,6,2
81(b),C,Y,-8.575,0,41,2
82(a),N,-,-2.662,0.9235,2.5,2
82(a),N,A,0.6714,0.0581,5.5,2
82(a),N,C,0.1994,0.7664,6.5,2
82(a),N,D,-0.3438,0.6539,13,2
82(a),N,E,-0.8122,1.004,8.5,2
82(a),N,F,-0.9013,1.046,6.5,2
82(a),N,G,-1.064,0.0615,8.5,2
82(a),N,H,0.7305,0.8035,14.5,2
82(a),N,I,-1.381,0.4161,5,2
82(a),N,K,0.05095,0.5012,9,2
82(a),N,L,-0.3228,0.0843,7.5,2
82(a),N,M,0.0833,1.081,6,2
82(a),N,N,0,0,,2
82(a),N,P,-2.327,0.2665,9,2
82(a),N,Q,-0.5317,0.9153,10,2
82(a),N,R,-0.1675,0.3244,8,2
82(a),N,S,-0.9235,0.2235,11.5,2
82(a),N,T,-1.318,0.7161,11.5,2
82(a),N,V,-1.017,0.2821,11.5,2
82(a),N,W,-1.623,0.2925,8,2
82(a),N,Y,-1.317,0.3233,13,2
82(b),R,*,-12.02,0,2,2
82(b),R,-,-1.104,0.038,1.5,2
82(b),R,A,-1.459,0.5481,10,2
82(b),R,C,-1.494,0.2445,17.5,2
82(b),R,D,-2.313,0.322,10,2
82(b),R,E,-2.131,0.2045,14,2
82(b),R,F,-1.024,0.5752,11,2
82(b),R,G,-2.247,0.2335,13,2
82(b),R,H,-1.148,0.2299,13.5,2
82(b),R,I,-0.2458,0.079,17.5,2
82(b),R,K,0.4207,0.2366,14,2
82(b),R,L,-1.8,0.096,12,2
82(b),R,M,-2.068,0.5135,7,2
82(b),R,N,0.1372,0.5548,13,2
82(b),R,P,-1.081,0.7973,9.5,2
82(b),R,Q,-0.8568,0.6502,5,2
82(b),R,R,0,0,,2
82(b),R,S,0.1578,0.4973,9.5,2
82(b),R,T,-0.6461,0.2676,12.5,2
82(b),R,V,-0.3286,0.656,8,2
82(b),R,W,-2.099,0.163,9,2
82(b),R,Y,-0.6529,0.3087,9.5,2
83(a),R,*,-7.459,0,1,1
83(a),R,-,-0.5622,0.4538,1,2
83(a),R,A,-1.493,0.6512,4,2
83(a),R,C,-1.522,0.4395,8.5,2
83(a),R,D,-1.327,0.56,7.5,2
83(a),R,E,-1.428,0.017,8,2
83(a),R,F,-0.3331,0.0182,6,2
83(a),R,G,-1.179,0.5574,17,2
83(a),R,H,0.5538,0.3216,7,2
83(a),R,I,-2.091,0.204,7.5,2
83(a),R,K,-0.3485,0.0366,35.5,2
83(a),R,L,-0.2928,1.056,5,2
83(a),R,M,-0.803,0.0627,2,2
83(a),R,N,-0.8744,0.2575,8,2
83(a),R,P,-3.064,0.0745,7.5,2
83(a),R,Q,-0.3077,0.3292,6,2
83(a),R,R,0,0,,2
83(a),R,S,-0.5317,0.2787,9.5,2
83(a),R,T,-1.433,0.3405,7.5,2
83(a),R,V,-0.4623,0.3086,7.5,2
83(a),R,W,-0.0345,1.587,6.5,2
83(a),R,Y,-1.226,0.3016,6.5,2
83(b),H,-,-1.476,0.8567,1.5,2
83(b),H,A,-2.138,0.6685,10,2
83(b),H,C,-2.467,0.169,10.5,2
83(b),H,D,-1.951,1.01,6,2
83(b),H,E,-2.331,0.339,11,2
83(b),H,F,-1.547,1.288,6.5,2
83(b),H,G,-1.312,1.114,10.5,2
83(b),H,H,0,0,,2
83(b),H,I,-2.839,0.082,7,2
83(b),H,K,-2.804,0.3545,7,2
83(b),H,L,-2.785,0.244,11,2
83(b),H,M,-1.679,0.046,7.5,2
83(b),H,N,-1.117,0.0945,10.5,2
83(b),H,P,0.4158,1.128,9,2
83(b),H,Q,-2.552,0.191,9.5,2
83(b),H,R,-1.275,0.2783,21.5,2
83(b),H,S,-1.741,1.197,8,2
83(b),H,T,-2.685,0.39,11.5,2
83(b),H,V,-2.148,0.1865,9,2
83(b),H,W,-0.4293,0.0039,9.5,2
83(b),H,Y,-0.9405,0.1016,17.5,2
84(a),S,-,-1.216,1.262,1,2
84(a),S,A,-0.7418,0.8152,4.5,2
84(a),S,C,-0.2544,1.073,10.5,2
84(a),S,D,-2.495,0.2155,4,2
84(a),S,E,-0.9078,0.7442,2.5,2
84(a),S,F,-0.7878,0.2162,16,2
84(a),S,G,-1.094,0.015,4.5,2
84(a),S,H,-1.53,0.8739,2,2
84(a),S,I,-0.8655,0.1285,21.5,2
84(a),S,K,-0.4486,0.1645,11,2
84(a),S,L,-0.4581,0.09995,11,2
84(a),S,M,-0.0136,0.392,13,2
84(a),S,N,-1.194,0.6339,13.5,2
84(a),S,P,-3.293,0,11,2
84(a),S,Q,0.3649,0.6121,8,2
84(a),S,R,-1.017,0.6414,12,2
84(a),S,S,0,0,,2
84(a),S,T,0.9065,1.913,17.5,2
84(a),S,V,-1.041,1.489,6,2
84(a),S,W,-1.666,0.3915,6.5,2
84(a),S,Y,-0.5415,0.7414,14.5,2
84(b),N,-,-1.766,0.7145,2,2
84(b),N,A,-1.526,1.06,8,2
84(b),N,C,-3.082,0,8,2
84(b),N,D,0.1192,1.054,12.5,2
84(b),N,E,-3.616,0,11,2
84(b),N,F,-3.211,0.065,8.5,2
84(b),N,G,-1.974,0.0045,10.5,2
84(b),N,H,-3.439,0.058,16,2
84(b),N,I,-3.513,0,13,2
84(b),N,K,-3.196,0.0645,11,2
84(b),N,L,-3.227,0.1235,11,2
84(b),N,M,-3.49,0,9,2
84(b),N,N,0,0,,2
84(b),N,P,-3.025,0.1695,11,2
84(b),N,Q,-3.216,0,10,2
84(b),N,R,-4.322,0,13,2
84(b),N,S,-3.082,0.13,13.5,2
84(b),N,T,-3.234,0,8,2
84(b),N,V,-3.583,0,6,2
84(b),N,W,-3.564,0,11,2
84(b),N,Y,-3.769,0,8,2
85(a),Q,*,-8.586,0,6.5,2
85(a),Q,-,-1.332,1.186,1,2
85(a),Q,A,0.6088,0.7572,3,2
85(a),Q,C,1.591,0,1,1
85(a),Q,D,1.154,0,2,1
85(a),Q,E,-1.546,0.4575,2.5,2
85(a),Q,F,0.4613,0.7916,5.5,2
85(a),Q,G,-0.6119,0.2953,3.5,2
85(a),Q,H,-0.1712,0.4623,18,2
85(a),Q,I,0.04145,0.03236,8,2
85(a),Q,K,0.0225,1.232,9,2
85(a),Q,L,-2.175,0.2585,4,2
85(a),Q,M,0.0709,0.4817,10.5,2
85(a),Q,N,-1.558,0.4245,4.5,2
85(a),Q,P,0.2775,1.478,4.5,2
85(a),Q,Q,0,0,,2
85(a),Q,R,0.6515,0.3194,6.5,2
85(a),Q,S,-0.7369,0.5911,8.5,2
85(a),Q,T,-1.16,1.365,8,2
85(a),Q,V,-0.2159,1.037,2,2
85(a),Q,W,-1.725,1.462,2.5,2
85(a),Q,Y,-0.3055,1.712,2.5,2
85(b),Y,*,-3.426,0,0.5,1
85(b),Y,-,-0.3946,0.3031,2,2
85(b),Y,A,-2.302,0.168,10.5,2
85(b),Y,C,-2.495,0.193,13.5,2
85(b),Y,D,-2.799,0.4775,10.5,2
85(b),Y,E,-2.576,0.443,12.5,2
85(b),Y,F,-0.1551,0.1531,13,2
85(b),Y,G,-0.608,0.08435,12,2
85(b),Y,H,-0.2007,1.078,7,2
85(b),Y,I,-1.019,0.5223,8.5,2
85(b),Y,K,-2.213,0.6815,7.5,2
85(b),Y,L,-1.185,0.7676,7,2
85(b),Y,M,-1.192,0.3651,13,2
85(b),Y,N,-1.993,0.2475,11,2
85(b),Y,P,-3.115,0.0995,13.5,2
85(b),Y,Q,-2.147,0.149,8.5,2
85(b),Y,R,-2.156,0.202,10.5,2
85(b),Y,S,-1.828,0.519,12,2
85(b),Y,T,-2.069,0.381,11.5,2
85(b),Y,V,-1.575,0.208,12,2
85(b),Y,W,0.1185,0.2986,10.5,2
85(b),Y,Y,0,0,,2
86(a),G,*,-7.74,0,5,2
86(a),G,-,-1.201,1.273,1,2
86(a),G,A,-0.6755,0.8405,11,2
86(a),G,C,-1.452,0.6809,6,2
86(a),G,D,-0.6902,0.5758,3.5,2
86(a),G,E,-1.206,0.4244,29.5,2
86(a),G,F,-1.866,0.409,9.5,2
86(a),G,G,0,0,,2
86(a),G,H,-1.272,0.1375,11.5,2
86(a),G,I,-0.7043,0.8827,4.5,2
86(a),G,K,-1.445,0.5241,7,2
86(a),G,L,-2.822,0.0125,6.5,2
86(a),G,M,-0.7452,0.1177,10,2
86(a),G,N,-0.6662,1.077,7.5,2
86(a),G,P,-1.195,0.7578,6,2
86(a),G,Q,-1.266,0.2395,9,2
86(a),G,R,-2.037,0.201,26.5,2
86(a),G,S,0.9556,0.9524,6,2
86(a),G,T,0.0281,0.3482,8,2
86(a),G,V,-1.343,0.314,13,2
86(a),G,W,-0.02975,0.2253,6,2
86(a),G,Y,-1.58,0.5255,11.5,2
86(b),F,-,-0.2901,0.5255,1,2
86(b),F,A,-2.578,0.192,11,2
86(b),F,C,-2.768,0.2275,8,2
86(b),F,D,-2.724,0.383,12,2
86(b),F,E,-2.707,0.1145,7,2
86(b),F,F,0,0,,2
86(b),F,G,-2.042,0.128,5,2
86(b),F,H,-2.437,0.3565,9.5,2
86(b),F,I,-2.556,0.1765,13,2
86(b),F,K,-0.1725,2.603,11.5,2
86(b),F,L,-2.769,0.3135,12,2
86(b),F,M,-1.258,0.9311,10.5,2
86(b),F,N,-1.421,0.9972,12.5,2
86(b),F,P,-2.24,0.2555,11.5,2
86(b),F,Q,-2.372,0.0305,11,2
86(b),F,R,-2.7,0.0045,9,2
86(b),F,S,-3.585,0,14.5,2
86(b),F,T,-3.644,0,15,2
86(b),F,V,-2.66,0.066,4.5,2
86(b),F,W,-2.855,0.03,14,2
86(b),F,Y,-2.274,0.336,13,2
87(a),T,-,-0.5788,0,1.5,1
87(a),T,A,-0.147,0.1912,17.5,2
87(a),T,C,-0.2548,0.4748,9.5,2
87(a),T,D,-0.3436,0.4313,11,2
87(a),T,E,0.7984,0.6826,3.5,2
87(a),T,F,-0.1405,0.2765,10.5,2
87(a),T,G,-0.747,0.508,11,2
87(a),T,H,0.3402,0.2093,11.5,2
87(a),T,I,-0.02915,0.1924,19.5,2
87(a),T,K,0.3298,0.2853,12,2
87(a),T,L,0.4785,1.482,8.5,2
87(a),T,M,1.077,0.1648,8.5,2
87(a),T,N,-0.1038,0.774,14.5,2
87(a),T,P,-1.287,0.4793,14.5,2
87(a),T,Q,-1.303,0.203,10,2
87(a),T,R,-0.4694,0.171,11.5,2
87(a),T,S,-0.4916,0.9875,8,2
87(a),T,T,0,0,,2
87(a),T,V,-2.104,0,0.5,1
87(a),T,W,-1.038,0.7103,14,2
87(a),T,Y,-1.005,0.7787,9.5,2
87(b),M,-,-0.0673,0.2283,1,2
87(b),M,A,0.5852,0.9708,6.5,2
87(b),M,C,-0.6781,0.4998,8,2
87(b),M,D,-2.675,0.0385,11,2
87(b),M,E,-1.974,0.032,6.5,2
87(b),M,F,-2.347,0.613,13.5,2
87(b),M,G,-2.606,0.454,4.5,2
87(b),M,H,-1.637,0.7444,13,2
87(b),M,I,-2.059,0.781,20,2
87(b),M,K,-2.849,0.07,13,2
87(b),M,L,1.266,0.2515,8,2
87(b),M,M,0,0,,2
87(b),M,N,-2.91,0.1965,13,2
87(b),M,P,-2.763,0.274,8,2
87(b),M,Q,-1.988,0.4075,12,2
87(b),M,R,-2.308,0.3305,12,2
87(b),M,S,-0.9441,0.64,8.5,2
87(b),M,T,-1.16,1.509,8,2
87(b),M,V,-2.132,0.2065,14,2
87(b),M,W,-2.351,0.0975,9,2
87(b),M,Y,-2.363,0.017,7.5,2
88(a),I,-,-1.105,1.052,2,2
88(a),I,A,-1.064,0.8197,9,2
88(a),I,C,-1.305,0.031,8.5,2
88(a),I,D,-1.583,0.4,10,2
88(a),I,E,-1.905,0.188,6.5,2
88(a),I,F,-0.9637,0.5593,14,2
88(a),I,G,-1.763,0.366,6,2
88(a),I,H,-0.5519,0.08455,11.5,2
88(a),I,I,0,0,,2
88(a),I,K,0.1686,0.8683,10,2
88(a),I,L,-0.2524,0.8176,14,2
88(a),I,M,0.001125,0.04908,10.5,2
88(a),I,N,-0.6022,0.2717,13.5,2
88(a),I,P,-1.724,0.1365,9,2
88(a),I,Q,-1.427,0.236,7.5,2
88(a),I,R,-0.9427,0.5863,9.5,2
88(a),I,S,0.2698,0.04555,11.5,2
88(a),I,T,-1.549,0.254,9,2
88(a),I,V,-0.308,0.04275,30.5,2
88(a),I,W,-1.193,0.3597,16,2
88(a),I,Y,2.069,0.663,10,2
88(b),A,-,-1.851,1.458,1.5,2
88(b),A,A,0,0,,2
88(b),A,C,-1.624,0.3035,10.5,2
88(b),A,D,-2.687,0.204,14.5,2
88(b),A,E,-1.635,0.3305,10.5,2
88(b),A,F,-1.803,0.78,7.5,2
88(b),A,G,-1.057,0.09915,11,2
88(b),A,H,-0.7014,0.0807,8.5,2
88(b),A,I,-2.326,0.453,9.5,2
88(b),A,K,-0.598,0.3565,9,2
88(b),A,L,-1.777,0.0995,15.5,2
88(b),A,M,-1.638,0.8967,4.5,2
88(b),A,N,-1.944,0.456,11.5,2
88(b),A,P,-2.79,0.0795,12,2
88(b),A,Q,-2.254,0.386,8.5,2
88(b),A,R,-0.918,0.971,13.5,2
88(b),A,S,-0.143,1.151,18.5,2
88(b),A,T,-0.4182,0.07825,38,2
88(b),A,V,-2.019,0.768,23,2
88(b),A,W,-2.383,0.3955,10.5,2
88(b),A,Y,-2.514,0.08,8.5,2
89(a),A,-,-2.594,0.85,2.5,2
89(a),A,A,0,0,,2
89(a),A,C,0.1572,0.3428,9.5,2
89(a),A,D,0.9418,0.5602,15,2
89(a),A,E,-1.55,0.6843,8.5,2
89(a),A,F,-0.07275,0.6662,9.5,2
89(a),A,G,-1.228,0.0095,9.5,2
89(a),A,H,-1.506,1.224,9,2
89(a),A,I,0.9838,1.414,10.5,2
89(a),A,K,-1.379,0.5342,12.5,2
89(a),A,L,0.5871,1.384,11,2
89(a),A,M,-0.6222,0.2856,10.5,2
89(a),A,N,-1.317,0.005,10.5,2
89(a),A,P,-3.499,0,10,2
89(a),A,Q,1.203,0.122,7.5,2
89(a),A,R,-1.669,0.3825,14.5,2
89(a),A,S,0.4833,0.3223,18,2
89(a),A,T,-0.7485,0.3496,19,2
89(a),A,V,-0.385,0.2702,18,2
89(a),A,W,2.479,0.31,10,2
89(a),A,Y,-1.351,0.108,6.5,2
89(b),S,-,-0.1192,0.2703,1,2
89(b),S,A,0.7632,0.6547,11.5,2
89(b),S,C,-1.011,0.242,9,2
89(b),S,D,-0.3653,0.8967,8.5,2
89(b),S,E,-1.407,0.095,9,2
89(b),S,F,-0.8051,0.01535,8,2
89(b),S,G,-0.6424,0.243,14,2
89(b),S,H,-0.6633,0.8497,8,2
89(b),S,I,-0.7238,0.1323,11,2
89(b),S,K,-0.6991,0.8929,9,2
89(b),S,L,-1.608,0.103,12,2
89(b),S,M,-0.5047,0.0352,9.5,2
89(b),S,N,0.1796,0.1735,20.5,2
89(b),S,P,-0.4135,1.585,10,2
89(b),S,Q,-0.3888,0.4889,8.5,2
89(b),S,R,1.066,1.902,13.5,2
89(b),S,S,0,0,,2
89(b),S,T,1.272,1.041,18,2
89(b),S,V,-0.5341,0.1193,6.5,2
89(b),S,W,-1.208,0.5317,10.5,2
89(b),S,Y,0.3035,1.479,10,2
9(T2A),L,-,0.1951,0.5472,1.5,2
9(T2A),L,L,0,0,,2
9(T2A),L,M,-1.024,0.8749,2,2
9(T2A),L,P,-2.222,0.538,5,2
9(T2A),L,Q,-1.974,0.1135,2.5,2
9(T2A),L,R,-0.2745,0,1,1
9(a),Q,*,-11.96,0,35.5,2
9(a),Q,-,-0.3263,0,0.5,1
9(a),Q,A,-1.508,0.6377,9.5,2
9(a),Q,C,-0.6376,0.7604,7.5,2
9(a),Q,D,-2.416,0.243,10.5,2
9(a),Q,E,-1.728,0.018,9,2
9(a),Q,F,-0.2154,0.9926,9.5,2
9(a),Q,G,-3.471,0.093,6,2
9(a),Q,H,-1.968,0.6705,12.5,2
9(a),Q,I,-2.221,0.0075,8.5,2
9(a),Q,K,-3.086,0.1135,5,2
9(a),Q,L,-0.7908,0.9822,12.5,2
9(a),Q,M,-0.261,0.5547,11,2
9(a),Q,N,-3.46,0,9.5,2
9(a),Q,P,-4.199,0,14,2
9(a),Q,Q,0,0,,2
9(a),Q,R,-4.121,0,21.5,2
9(a),Q,S,-2.803,0.453,11.5,2
9(a),Q,T,0.0081,0.4994,8.5,2
9(a),Q,V,0.9315,0.5484,7,2
9(a),Q,W,-3.345,0,9.5,2
9(a),Q,Y,-3.251,0.222,5.5,2
9(b),F,-,-1.341,1.399,3.5,2
9(b),F,A,-0.032,1.405,7,2
9(b),F,C,-2.399,0.2255,15,2
9(b),F,D,-1.908,0.124,13,2
9(b),F,E,-1.825,0.2395,10.5,2
9(b),F,F,0,0,,2
9(b),F,G,-2.634,0.201,11,2
9(b),F,H,-0.5392,0.5028,8.5,2
9(b),F,I,-2.108,0.275,11.5,2
9(b),F,K,-4.053,0,9.5,2
9(b),F,L,-2.963,0.2475,10.5,2
9(b),F,M,-2.017,0.579,11.5,2
9(b),F,N,-0.9294,1.123,11,2
9(b),F,P,-8.104,0,10,2
9(b),F,Q,0.1675,1.913,9.5,2
9(b),F,R,-3.208,0,11,2
9(b),F,S,-1.892,0.684,8,2
9(b),F,T,-2.062,0.5675,8,2
9(b),F,V,-2.555,0,13.5,2
9(b),F,W,-0.3161,0.0833,11,2
9(b),F,Y,0.0462,0.8443,9.5,2
90(a),P,-,-1.249,0.7597,2,2
90(a),P,A,0.4685,0.0478,8,2
90(a),P,C,1.833,1.223,14,2
90(a),P,D,-0.8871,0.0416,8.5,2
90(a),P,E,0.2224,0.5242,10,2
90(a),P,F,-0.2972,0.00475,9.5,2
90(a),P,G,-0.9746,0.1354,9.5,2
90(a),P,H,1.828,1.867,16,2
90(a),P,I,0.226,1.272,15,2
90(a),P,K,0.2416,0.7924,9,2
90(a),P,L,0.8715,0.1077,13,2
90(a),P,M,-0.4179,0.3702,10,2
90(a),P,N,1.292,0.6865,10.5,2
90(a),P,P,0,0,,2
90(a),P,Q,0.4657,0.3757,10,2
90(a),P,R,0.2112,0.5899,10,2
90(a),P,S,-0.9712,0.4608,15.5,2
90(a),P,T,-1.042,0.6739,10.5,2
90(a),P,V,0.5852,1.068,11,2
90(a),P,W,-0.4554,0.3444,9,2
90(a),P,Y,-1.591,0.2205,9,2
90(b),F,-,-1.285,0.8104,2,2
90(b),F,A,-2.717,0.3385,4.5,2
90(b),F,C,-1.417,0.1935,8,2
90(b),F,D,-2.356,0.1855,8.5,2
90(b),F,E,-2.572,0.0735,9.5,2
90(b),F,F,0,0,,2
90(b),F,G,-0.9173,1.339,8.5,2
90(b),F,H,-2.366,0.4045,11,2
90(b),F,I,-1.441,0.908,14,2
90(b),F,K,0.2471,0.1601,8,2
90(b),F,L,-1.202,0.1395,15,2
90(b),F,M,-1.693,0.437,6.5,2
90(b),F,N,-2.54,0.196,11,2
90(b),F,P,-2.834,0.3615,9.5,2
90(b),F,Q,-0.8219,1.563,8,2
90(b),F,R,-1.574,0.163,9.5,2
90(b),F,S,-1.301,0.8275,12.5,2
90(b),F,T,-2.506,0.0465,6,2
90(b),F,V,-2.358,0.2,13,2
90(b),F,W,-0.5539,0.0039,8,2
90(b),F,Y,-1.672,0.8538,8,2
91(a),P,-,-2.503,0.657,2.5,2
91(a),P,A,0.184,1.798,10.5,2
91(a),P,C,-1.57,0.113,8,2
91(a),P,D,-4.295,0,13,2
91(a),P,E,-3.846,0,12,2
91(a),P,F,-3.833,0,5.5,2
91(a),P,G,-1.606,0.18,9,2
91(a),P,H,-3.538,0,10.5,2
91(a),P,I,-3.24,0.047,12,2
91(a),P,K,-4.072,0,5.5,2
91(a),P,L,-3.912,0,13,2
91(a),P,M,-3.242,0.0145,11,2
91(a),P,N,-3.865,0,10,2
91(a),P,P,0,0,,2
91(a),P,Q,-3.308,0,12.5,2
91(a),P,R,-3.774,0,15.5,2
91(a),P,S,-3.177,0,13,2
91(a),P,T,-3.292,0,14.5,2
91(a),P,V,-1.842,0.9011,13.5,2
91(a),P,W,-4.343,0,9,2
91(a),P,Y,-3.636,0,11.5,2
91(b),T,-,-1.458,0.3015,2.5,2
91(b),T,A,-1.156,0.7849,10.5,2
91(b),T,C,0.0649,0.2916,10,2
91(b),T,D,-2.638,0.2175,7,2
91(b),T,E,-2.438,0.2395,9,2
91(b),T,F,-1.015,0.6304,4.5,2
91(b),T,G,-2.796,0.2035,7.5,2
91(b),T,H,-2.655,0.3695,7,2
91(b),T,I,-0.883,1.053,16,2
91(b),T,K,-2.7,0.134,5.5,2
91(b),T,L,-1.164,0.4382,9,2
91(b),T,M,-2.834,0.025,6,2
91(b),T,N,-1.378,1.042,10.5,2
91(b),T,P,-2.639,0.2825,16.5,2
91(b),T,Q,-2.79,0.1205,8.5,2
91(b),T,R,-2.706,0.326,14.5,2
91(b),T,S,-2.66,0.0245,9,2
91(b),T,T,0,0,,2
91(b),T,V,1.604,3.479,10,2
91(b),T,W,-2.686,0.0975,7,2
91(b),T,Y,-2.492,0.6095,5.5,2
92(a),E,*,-9.157,0,5.5,2
92(a),E,-,-4.633,0,2,1
92(a),E,A,-1.3,0.6875,5.5,2
92(a),E,C,-0.4033,0.0433,10.5,2
92(a),E,D,-0.1049,0.01173,11,2
92(a),E,E,0,0,,2
92(a),E,F,-1.732,0.948,7.5,2
92(a),E,G,0.2343,0.3326,20,2
92(a),E,H,-0.5019,0.03555,9.5,2
92(a),E,I,0.011,0.1606,11,2
92(a),E,K,0.05295,1.029,13,2
92(a),E,L,0.3559,1.205,13,2
92(a),E,M,-0.0205,0.1646,7,2
92(a),E,N,0.0308,0.5686,6.5,2
92(a),E,P,-2.785,0.289,7.5,2
92(a),E,Q,0.7265,1.014,8,2
92(a),E,R,-0.2256,0.6457,11,2
92(a),E,S,2.264,0,0.5,1
92(a),E,T,-0.7034,0.2594,8.5,2
92(a),E,V,0.806,0.322,9.5,2
92(a),E,W,-0.21,0.4172,9.5,2
92(a),E,Y,-1.107,0.1692,9.5,2
92(b),V,-,-1.036,0.2237,2.5,2
92(b),V,A,-0.5998,0.6012,14.5,2
92(b),V,C,-1.841,0.03,6.5,2
92(b),V,D,0.1955,1.081,7,2
92(b),V,E,-2.545,0.166,10,2
92(b),V,F,-2.096,0.172,10,2
92(b),V,G,-2.414,0.114,7.5,2
92(b),V,H,-2.442,0.1235,9.5,2
92(b),V,I,-0.3909,0.348,9,2
92(b),V,K,-2.649,0.3935,10.5,2
92(b),V,L,-0.2031,0.1411,15,2
92(b),V,M,-1.771,1.03,25.5,2
92(b),V,N,-2.425,0.31,10.5,2
92(b),V,P,-2.877,0.143,7.5,2
92(b),V,Q,-2.505,0.4175,6.5,2
92(b),V,R,-1.807,0.3675,16.5,2
92(b),V,S,-2.142,0.13,12.5,2
92(b),V,T,-1.385,0.18,9,2
92(b),V,V,0,0,,2
92(b),V,W,-2.283,0.724,13,2
92(b),V,Y,-1.741,0.725,9,2
93(a),V,-,-0.5182,0.04425,2,2
93(a),V,A,0.8161,0.3149,12.5,2
93(a),V,C,-0.2538,0.06485,11,2
93(a),V,D,-2.159,0.2045,6.5,2
93(a),V,E,-1.612,0.423,11,2
93(a),V,F,1.274,1.135,13.5,2
93(a),V,G,-1.758,0.4275,9,2
93(a),V,H,-0.7923,0.2617,10.5,2
93(a),V,I,-0.739,0.413,10.5,2
93(a),V,K,-0.6759,0.7252,7.5,2
93(a),V,L,-1.615,0.4155,16,2
93(a),V,M,0.3733,0.5721,14.5,2
93(a),V,N,0.0253,0.5666,13,2
93(a),V,P,-0.6623,0.2873,13.5,2
93(a),V,Q,-0.7503,0.6038,12,2
93(a),V,R,-0.333,1.602,9.5,2
93(a),V,S,0.0955,1.214,15.5,2
93(a),V,T,-0.1841,0.6114,10,2
93(a),V,V,0,0,,2
93(a),V,W,-1.737,0.5185,11,2
93(a),V,Y,-1.436,0.6038,15.5,2
93(b),D,-,0.06041,0.07039,3,2
93(b),D,A,-1.454,0.384,9.5,2
93(b),D,C,-0.7626,0.9084,8.5,2
93(b),D,D,0,0,,2
93(b),D,E,0.297,1.423,7.5,2
93(b),D,F,0.8881,0.6469,7,2
93(b),D,G,-0.2448,0.1209,14.5,2
93(b),D,H,-1.174,0.3342,8.5,2
93(b),D,I,-2.476,0.182,8,2
93(b),D,K,-0.901,0.196,8.5,2
93(b),D,L,-0.5461,0.2504,9,2
93(b),D,M,0.9473,0.2037,8,2
93(b),D,N,-1.287,0.5668,19,2
93(b),D,P,-2.482,0.282,11,2
93(b),D,Q,0.4973,1.369,9.5,2
93(b),D,R,-1.078,1.323,10,2
93(b),D,S,-0.8303,1.036,10,2
93(b),D,T,-1.809,0.998,9.5,2
93(b),D,V,-2.159,0.1595,12,2
93(b),D,W,-1.121,0.1664,7,2
93(b),D,Y,-0.9932,0.0198,11.5,2
94(a),T,-,-0.4364,0.0916,2.5,2
94(a),T,A,0.4932,0.6158,18,2
94(a),T,C,1.847,0.862,12.5,2
94(a),T,D,-0.3581,0.5484,14.5,2
94(a),T,E,0.5083,1.089,9.5,2
94(a),T,F,0.2168,0.6896,11,2
94(a),T,G,0.37,0.4891,9,2
94(a),T,H,-1.128,0.1863,10,2
94(a),T,I,1.01,0.8873,17.5,2
94(a),T,K,0.6036,1.008,13.5,2
94(a),T,L,-1.543,0.2825,7.5,2
94(a),T,M,-0.4963,0.4545,11,2
94(a),T,N,-0.677,0.9299,11.5,2
94(a),T,P,-3.271,0,8.5,2
94(a),T,Q,0.3224,0.4597,8.5,2
94(a),T,R,0.4863,0.6697,11.5,2
94(a),T,S,0.4611,0.629,12,2
94(a),T,T,0,0,,2
94(a),T,V,-0.3365,0.8255,8,2
94(a),T,W,1.774,1.956,9,2
94(a),T,Y,1.707,0.647,9,2
94(b),R,*,-7.155,0,2,2
94(b),R,-,-0.9973,0.7267,3.5,2
94(b),R,A,-1.99,0.307,12.5,2
94(b),R,C,-1.828,0.415,11.5,2
94(b),R,D,-1.703,0.128,8,2
94(b),R,E,-1.15,0.0415,6.5,2
94(b),R,F,-2.593,0.126,6.5,2
94(b),R,G,-1.131,0.0985,16.5,2
94(b),R,H,-1.17,0.3403,14,2
94(b),R,I,-1.79,0.6005,13.5,2
94(b),R,K,1.314,0.5516,11.5,2
94(b),R,L,-1.115,0.9297,7.5,2
94(b),R,M,-1.305,0.8423,8,2
94(b),R,N,0.00305,0.7922,12,2
94(b),R,P,-2.396,0.0465,10,2
94(b),R,Q,-0.2983,1.009,9.5,2
94(b),R,R,0,0,,2
94(b),R,S,-0.8203,1.673,7,2
94(b),R,T,-1.359,1.116,13,2
94(b),R,V,-0.6946,0.4155,5.5,2
94(b),R,W,-1.845,0.2215,7.5,2
94(b),R,Y,-1.111,0.074,11,2
95(a),V,-,-0.3993,0.00485,3,2
95(a),V,A,-0.2031,0.1312,14.5,2
95(a),V,C,-0.1865,1.583,15,2
95(a),V,D,-3.655,0,11.5,2
95(a),V,E,-2.619,0.0565,10.5,2
95(a),V,F,-1.823,0.148,13.5,2
95(a),V,G,-2,0.105,8,2
95(a),V,H,-2.505,0.2415,12.5,2
95(a),V,I,0.1228,0.09926,15,2
95(a),V,K,-3.641,0,3.5,2
95(a),V,L,-0.167,0.01225,13.5,2
95(a),V,M,-0.6882,1.195,10.5,2
95(a),V,N,-0.1665,1.39,3.5,2
95(a),V,P,-2.612,0.549,8.5,2
95(a),V,Q,-1.503,0.3,14,2
95(a),V,R,-2.71,0.4315,8,2
95(a),V,S,-1.267,0.2963,10.5,2
95(a),V,T,-0.7409,0.00815,10.5,2
95(a),V,V,0,0,,2
95(a),V,W,-3.9,0,11,2
95(a),V,Y,-3.076,0.1165,10,2
95(b),R,-,-1.658,0.6911,4.5,2
95(b),R,A,0.1713,0.3081,6.5,2
95(b),R,C,-0.611,0.0674,14.5,2
95(b),R,D,-1.146,0.2544,8,2
95(b),R,E,-1.047,0.047,8,2
95(b),R,F,-0.7293,0.07385,10.5,2
95(b),R,G,-1.63,0.47,6.5,2
95(b),R,H,0.6445,1.657,12,2
95(b),R,I,-0.8649,1.016,12.5,2
95(b),R,K,-0.8746,0.8504,11,2
95(b),R,L,0.7497,0.8313,17.5,2
95(b),R,M,0.5775,1.518,12,2
95(b),R,N,-0.3652,0.8997,13,2
95(b),R,P,-1.801,1.132,6,2
95(b),R,Q,-0.5331,0.683,17,2
95(b),R,R,0,0,,2
95(b),R,S,-1.798,0.761,8.5,2
95(b),R,T,-1.857,0.1455,8.5,2
95(b),R,V,-0.3009,0.00645,7,2
95(b),R,W,0.399,0.7151,17,2
95(b),R,Y,-0.2805,1.637,9.5,2
96(a),F,-,-0.7522,0.3488,3,2
96(a),F,A,0.4833,0.3811,10.5,2
96(a),F,C,0.68,1.222,12.5,2
96(a),F,D,-2.01,0.0135,12.5,2
96(a),F,E,-1.223,0.158,13,2
96(a),F,F,0,0,,2
96(a),F,G,-0.8327,0.5473,11,2
96(a),F,H,-0.6015,0.7065,13,2
96(a),F,I,-0.6703,0.03435,7.5,2
96(a),F,K,-2.751,0.2545,14.5,2
96(a),F,L,-0.2646,0.0369,10.5,2
96(a),F,M,1.573,0.8469,5.5,2
96(a),F,N,-1.869,0.1595,9.5,2
96(a),F,P,-8.887,0,10.5,2
96(a),F,Q,-0.8408,1.518,11,2
96(a),F,R,-2.19,0.347,13,2
96(a),F,S,-0.536,1.564,10,2
96(a),F,T,-0.9841,0.6669,10.5,2
96(a),F,V,1.486,0.0035,16.5,2
96(a),F,W,-0.7287,0.6863,11,2
96(a),F,Y,0.15,1.769,12.5,2
96(b),V,-,-0.08857,0.04133,5.5,2
96(b),V,A,-0.6921,0.7899,10,2
96(b),V,C,-1.041,1.212,9,2
96(b),V,D,-1.003,0.1817,11,2
96(b),V,E,-1.689,0.292,10,2
96(b),V,F,-0.3152,0.6177,14.5,2
96(b),V,G,-1.558,0.7407,8,2
96(b),V,H,-0.7776,0.8374,9.5,2
96(b),V,I,0.2148,0.1991,17.5,2
96(b),V,K,-0.6765,0.8765,10,2
96(b),V,L,0.2069,0.2496,10.5,2
96(b),V,M,-1.134,0.4693,9,2
96(b),V,N,-1.453,0.6057,10,2
96(b),V,P,-1.661,0.3905,7.5,2
96(b),V,Q,-0.0005,0.5156,12.5,2
96(b),V,R,1.349,0.1685,10.5,2
96(b),V,S,-0.6552,0.2581,10.5,2
96(b),V,T,-0.8542,0.1477,11.5,2
96(b),V,V,0,0,,2
96(b),V,W,-0.6999,0.8801,10.5,2
96(b),V,Y,-0.2062,0.2672,9.5,2
97(a),S,-,-0.1521,0.09416,3,2
97(a),S,A,1.174,0.3841,6,2
97(a),S,C,1.174,1.693,13,2
97(a),S,D,0.946,0.617,9,2
97(a),S,E,4.025,1.292,10,2
97(a),S,F,-0.4711,0.1557,12.5,2
97(a),S,G,0.5768,0.5272,16.5,2
97(a),S,H,0.4499,0.0275,12.5,2
97(a),S,I,-1.063,0.08585,17.5,2
97(a),S,K,0.0166,0.8841,8.5,2
97(a),S,L,0.2901,0.4892,9,2
97(a),S,M,-0.3104,0.1302,11.5,2
97(a),S,N,0.07735,0.2511,12.5,2
97(a),S,P,0.1845,0.065,9.5,2
97(a),S,Q,-0.6578,0.06055,12,2
97(a),S,R,-0.292,0.5559,8.5,2
97(a),S,S,0,0,,2
97(a),S,T,0.7198,0.8263,9.5,2
97(a),S,V,0.7438,0.3332,7,2
97(a),S,W,-0.9644,0.3256,7.5,2
97(a),S,Y,-0.6,1.304,10,2
97(b),E,*,-7.539,0,3.5,2
97(b),E,-,-0.2831,0.6886,5,2
97(b),E,A,-1.085,0.8717,9,2
97(b),E,C,-0.1028,0.1806,11.5,2
97(b),E,D,-0.6036,0.3089,17.5,2
97(b),E,E,0,0,,2
97(b),E,F,-0.9099,0.7152,8,2
97(b),E,G,-0.052,0.4691,9,2
97(b),E,H,-1.091,0.7738,7.5,2
97(b),E,I,-1.178,0.3609,8,2
97(b),E,K,-0.2823,0.4173,14.5,2
97(b),E,L,-1.529,0.7316,8,2
97(b),E,M,0.1999,1.02,11,2
97(b),E,N,0.1805,1.909,9,2
97(b),E,P,0.4845,1.469,9,2
97(b),E,Q,0.9556,1.488,15,2
97(b),E,R,0.8163,0.7237,12,2
97(b),E,S,-1.21,0.6159,10.5,2
97(b),E,T,0.2544,0.4913,7.5,2
97(b),E,V,-0.6963,0.3206,11.5,2
97(b),E,W,0.4688,0.2062,7.5,2
97(b),E,Y,-1.031,0.2239,7,2
98(a),E,*,-8.75,0,7,2
98(a),E,-,-0.3712,0.3373,3,2
98(a),E,A,-0.2124,0.3949,12,2
98(a),E,C,-0.159,1.249,12.5,2
98(a),E,D,-1.386,0.4417,20,2
98(a),E,E,0,0,,2
98(a),E,F,-1.61,0.0045,9.5,2
98(a),E,G,0.1864,1.151,12.5,2
98(a),E,H,1.903,0.0925,6.5,2
98(a),E,I,-0.4204,0.8015,9.5,2
98(a),E,K,0.09496,0.1786,23.5,2
98(a),E,L,-0.8659,0.544,10.5,2
98(a),E,M,-0.4883,1.096,8,2
98(a),E,N,-1.36,1.174,11,2
98(a),E,P,-1.307,0.7655,9.5,2
98(a),E,Q,-0.3613,1.116,14,2
98(a),E,R,2.805,0.22,11,2
98(a),E,S,-0.4405,0.3998,12.5,2
98(a),E,T,0.8889,0.6811,10.5,2
98(a),E,V,0.2313,0.1498,13.5,2
98(a),E,W,-0.429,1.445,10.5,2
98(a),E,Y,-1.731,0.2545,13.5,2
98(b),P,-,-3.476,0.0325,4,2
98(b),P,A,-1.244,0.0575,11,2
98(b),P,C,0.046,1.425,8.5,2
98(b),P,D,-3.691,0,10,2
98(b),P,E,-2.817,0.2995,11.5,2
98(b),P,F,-1.427,0.5411,7,2
98(b),P,G,-0.8835,0.033,9,2
98(b),P,H,-1.616,0.318,9,2
98(b),P,I,-2.787,0.2915,8,2
98(b),P,K,-3.49,0,9,2
98(b),P,L,-2.306,0.114,8.5,2
98(b),P,M,-1.549,0.376,8.5,2
98(b),P,N,-2.705,0.057,10,2
98(b),P,P,0,0,,2
98(b),P,Q,-2.635,0.247,9.5,2
98(b),P,R,-3.681,0,14,2
98(b),P,S,-1.162,0.4734,18,2
98(b),P,T,-1.717,0.058,11,2
98(b),P,V,-0.8339,0.307,12.5,2
98(b),P,W,-2.76,0.0515,11.5,2
98(b),P,Y,-2.123,0.6435,8,2
99(a),D,-,-0.2336,0.2632,3,2
99(a),D,A,0.6982,1.335,14,2
99(a),D,C,-0.9176,0.0643,12,2
99(a),D,D,0,0,,2
99(a),D,E,0.7025,0.5575,9,2
99(a),D,F,-0.8063,1.021,7.5,2
99(a),D,G,1.114,0.5352,8.5,2
99(a),D,H,2.209,2.087,9.5,2
99(a),D,I,-0.5368,0.4526,10,2
99(a),D,K,0.2302,0.6372,10.5,2
99(a),D,L,-0.087,1.577,7.5,2
99(a),D,M,0.03067,0.02196,11,2
99(a),D,N,0.0144,0.02277,19.5,2
99(a),D,P,0.7531,1.081,8.5,2
99(a),D,Q,-0.5466,0.8304,9.5,2
99(a),D,R,0.9247,1.118,10.5,2
99(a),D,S,-0.06545,0.7177,11,2
99(a),D,T,0.2039,0.6741,9.5,2
99(a),D,V,-1.369,0.4646,8.5,2
99(a),D,W,0.3295,1.942,10,2
99(a),D,Y,-0.7388,0.3013,17,2
99(b),K,*,-6.831,0,1.5,1
99(b),K,-,-1.508,0.4875,2.5,2
99(b),K,A,-0.5891,0.4979,7,2
99(b),K,C,-0.8271,0.4939,11.5,2
99(b),K,D,-1.508,0.445,5,2
99(b),K,E,-0.5325,0.9366,14,2
99(b),K,F,-0.8502,0.4108,16.5,2
99(b),K,G,-1.145,0.6476,11.5,2
99(b),K,H,1.05,0.1075,9.5,2
99(b),K,I,-1.167,0.2625,17,2
99(b),K,K,0,0,,2
99(b),K,L,-1.004,0.8051,9,2
99(b),K,M,-1.251,0.6778,9,2
99(b),K,N,-0.5055,0.1812,24.5,2
99(b),K,P,-3.4,0,8.5,2
99(b),K,Q,-1.17,0.116,8,2
99(b),K,R,-0.4362,0.0757,23,2
99(b),K,S,0.00205,0.7329,11,2
99(b),K,T,-1.126,1.063,13.5,2
99(b),K,V,-1.847,0.117,9.5,2
99(b),K,W,-0.9791,0.764,8.5,2
99(b),K,Y,-1.099,0.1178,10.5,2
