site,wildtype,mutant,effect,effect_std,times_seen,n_selections
-1(a),A,*,-6,0,3.5,2
-1(a),A,A,0,0,,2
-1(a),A,C,0.1847,0.362,3,2
-1(a),A,D,0.5532,0,2.5,1
-1(a),A,E,-0.1451,0.1397,3,2
-1(a),A,F,0.1758,0.018,2.5,2
-1(a),A,G,0.4549,0.0652,2.5,2
-1(a),A,H,-0.08518,0.1421,2,2
-1(a),A,I,-1.669,0.236,2,2
-1(a),A,K,0.2225,0.0637,3.5,2
-1(a),A,M,-0.06185,0.3005,4.5,2
-1(a),A,N,0.4174,0.1598,4,2
-1(a),A,P,0.08589,0.0364,3,2
-1(a),A,Q,-0.1971,0.4743,6,2
-1(a),A,R,0.00205,0.4703,3,2
-1(a),A,S,0.05319,0.09021,3.5,2
-1(a),A,T,0.1223,0.119,7,2
-1(a),A,V,-1.234,0.1515,7.5,2
-1(a),A,W,-1.191,0.3068,3.5,2
-1(a),A,Y,-0.02835,0.08945,2.5,2
-1(b),A,A,0,0,,2
-1(b),A,T,0.02742,0.02357,3,2
-1(b),A,V,-0.07365,0.1035,2,2
-10(b),A,A,0,0,,2
-10(b),A,T,-0.227,0,0.5,1
-11(b),V,A,-0.3735,0,0.5,1
-11(b),V,F,-0.2059,0.01515,1,2
-11(b),V,I,-0.08617,0.05043,2,2
-11(b),V,V,0,0,,2
-12(b),L,L,0,0,,2
-12(b),L,P,-1.533,0,2,1
-12(b),L,R,-0.0923,0,0.5,1
-13(b),V,A,-0.946,0.185,1,2
-13(b),V,E,-2.034,0,0.5,1
-13(b),V,L,-0.3203,0,0.5,1
-13(b),V,M,-0.2743,0.2026,2,2
-13(b),V,V,0,0,,2
-14(b),A,A,0,0,,2
-14(b),A,G,-0.03903,0,0.5,1
-14(b),A,T,-0.1637,0.2309,1.5,2
-14(b),A,V,0.2188,0,0.5,1
-15(b),G,D,-0.5998,0.3862,1.5,2
-15(b),G,G,0,0,,2
-15(b),G,S,-0.4269,0,0.5,1
-15(b),G,V,-0.2571,0,0.5,1
-16(b),A,A,0,0,,2
-16(b),A,S,-0.07441,0,0.5,1
-16(b),A,T,-0.402,0.4857,2.5,2
-16(b),A,V,0.03625,0.3365,2.5,2
-17(b),G,D,-0.4884,0,0.5,1
-17(b),G,G,0,0,,2
-17(b),G,S,0.0669,0.2375,3,2
-18(b),L,L,0,0,,2
-18(b),L,M,-0.4016,0,0.5,1
-18(b),L,P,0.7707,0,0.5,1
-18(b),L,Q,-1.293,0.3682,1,2
-18(b),L,R,-0.4377,0,0.5,1
-19(b),I,I,0,0,,2
-2(b),L,K,-0.83,0,0.5,1
-2(b),L,L,0,0,,2
-2(b),L,M,-0.07955,0,1,1
-2(b),L,P,-0.7153,0,0.5,1
-2(b),L,Q,-0.1669,0,1,1
-20(b),R,K,0.1756,0,1,1
-20(b),R,R,0,0,,2
-20(b),R,S,0.812,0,0.5,1
-21(b),G,D,0.1303,0.1714,2.5,2
-21(b),G,G,0,0,,2
-21(b),G,S,-0.08675,0.2283,1.5,2
-22(b),S,S,0,0,,2
-22(b),S,Y,-1.397,0,0.5,1
-23(b),G,D,0.2023,0.2861,4.5,2
-23(b),G,G,0,0,,2
-23(b),G,S,0.1957,0.5979,1.5,2
-24(b),M,I,-0.2517,0.08765,1.5,2
-24(b),M,M,0,0,,2
-24(b),M,T,-0.1011,0,0.5,1
-3(b),R,C,0.4836,0,0.5,1
-3(b),R,H,0.2336,0.05725,2,2
-3(b),R,R,0,0,,2
-3(b),R,S,0.7264,0.2756,1,2
-4(b),A,A,0,0,,2
-4(b),A,D,-0.1117,0,0.5,1
-4(b),A,P,0.5682,0,0.5,1
-4(b),A,T,0.2345,0,0.5,1
-4(b),A,V,-0.0528,0.6755,1.5,2
-5(b),G,C,0.7498,0,0.5,1
-5(b),G,D,-0.9487,0,1,1
-5(b),G,G,0,0,,2
-5(b),G,S,-0.1389,0,1,1
-5(b),G,V,-1.646,0,0.5,1
-6(b),L,F,0.3003,0.4035,1.5,2
-6(b),L,L,0,0,,2
-6(b),L,P,-3.299,1.201,1,2
-7(b),V,M,-0.6886,0.1367,1,2
-7(b),V,V,0,0,,2
-8(b),V,I,1.154,0,0.5,1
-8(b),V,V,0,0,,2
-9(b),L,L,0,0,,2
-9(b),L,P,-1.028,0.151,3,2
1(T2A),G,*,-6,0,1,2
1(T2A),G,E,-0.7392,0.5777,4,2
1(T2A),G,G,0,0,,2
1(T2A),G,R,0.5375,0.0732,4.5,2
1(T2A),G,V,0.8632,0,0.5,1
1(a),V,*,-6,0,2.5,2
1(a),V,A,-0.08955,0.1316,4.5,2
1(a),V,C,-0.3248,0.1953,3.5,2
1(a),V,D,0.04713,0.08447,3,2
1(a),V,E,-0.1429,0.08428,2.5,2
1(a),V,F,-0.2572,0.3459,4,2
1(a),V,G,-0.2983,0.105,4,2
1(a),V,H,0.0305,0.1506,3,2
1(a),V,I,-0.3919,0.1892,3.5,2
1(a),V,K,0.1787,0.03955,5.5,2
1(a),V,L,-0.2439,0,4.5,1
1(a),V,M,-0.3597,0.0453,5.5,2
1(a),V,N,0.0855,0.02049,4.5,2
1(a),V,P,-0.1406,0.1642,3.5,2
1(a),V,Q,0.4075,0.1358,2,2
1(a),V,R,-0.6992,0.1498,4,2
1(a),V,S,-0.3973,0.0823,2,2
1(a),V,T,0.2009,0.1698,5,2
1(a),V,V,0,0,,2
1(a),V,W,-0.5505,0.6025,2,2
1(a),V,Y,-0.1237,0.03664,5.5,2
1(b),G,A,-0.8516,0,1,1
1(b),G,C,-0.6755,0,0.5,1
1(b),G,D,-0.04554,0,1.5,1
1(b),G,G,0,0,,2
1(b),G,S,0.7632,0.5077,1.5,2
1(b),G,V,0.1655,0,0.5,1
10(T2A),L,L,0,0,,2
10(a),T,*,-6,0,5.5,2
10(a),T,A,-0.2948,0.3206,2.5,2
10(a),T,C,-0.275,0.1191,6.5,2
10(a),T,D,-0.8189,0.1608,5.5,2
10(a),T,E,-0.6,0.01475,4.5,2
10(a),T,F,-0.04655,0.07645,6.5,2
10(a),T,G,-0.5615,0.2382,7,2
10(a),T,H,-0.695,0.2501,2.5,2
10(a),T,I,0.1475,0.2058,4.5,2
10(a),T,K,-1.267,0.3542,9.5,2
10(a),T,L,-0.09625,0.1484,4.5,2
10(a),T,M,0.1028,0.02498,6.5,2
10(a),T,N,-0.05115,0.2691,4,2
10(a),T,P,-5.662,0,5.5,2
10(a),T,Q,0.2277,0.2981,7,2
10(a),T,R,-0.09035,0.247,5,2
10(a),T,S,-0.1002,0.576,3.5,2
10(a),T,T,0,0,,2
10(a),T,V,0.1645,0.1658,5.5,2
10(a),T,W,-1.011,0.02355,3,2
10(a),T,Y,-0.4525,0.2655,8,2
10(b),Q,*,-6,0,2.5,2
10(b),Q,A,-0.1051,0.226,5.5,2
10(b),Q,C,-0.47,0.3305,9.5,2
10(b),Q,D,-0.382,0.1582,6,2
10(b),Q,E,-0.05415,0.2169,6.5,2
10(b),Q,F,-0.4788,0.1087,6,2
10(b),Q,G,-2.03,0.0725,5,2
10(b),Q,H,-0.1177,0.1396,6,2
10(b),Q,I,-0.1582,0.1055,6.5,2
10(b),Q,K,-2.941,0.1405,6.5,2
10(b),Q,L,-0.2821,0.02685,9.5,2
10(b),Q,M,-0.1261,0.03525,7.5,2
10(b),Q,N,-0.6326,0.5084,6.5,2
10(b),Q,P,-6,0,9,2
10(b),Q,Q,0,0,,2
10(b),Q,R,-2.969,0.2405,6,2
10(b),Q,S,-0.0518,0.2455,6.5,2
10(b),Q,T,-0.2109,0.3857,7,2
10(b),Q,V,-0.07405,0.3579,5.5,2
10(b),Q,W,-2.535,0.0935,9.5,2
10(b),Q,Y,-2.292,0.34,9,2
100(a),P,A,0.382,0.264,7,2
100(a),P,C,-0.0102,0.2294,4,2
100(a),P,D,0.1442,0.01745,8.5,2
100(a),P,E,-0.1285,0.09934,6,2
100(a),P,F,0.2176,0.00245,8.5,2
100(a),P,G,-0.06764,0.1045,4,2
100(a),P,H,-0.1189,0.2333,6.5,2
100(a),P,I,0.3233,0.2839,6,2
100(a),P,K,-0.01651,0.02541,5,2
100(a),P,L,0.2954,0.1091,5.5,2
100(a),P,M,0.1707,0.023,8.5,2
100(a),P,N,-0.08985,0.1931,5,2
100(a),P,P,0,0,,2
100(a),P,Q,-0.02874,0.06921,4.5,2
100(a),P,R,0.2887,0.081,10,2
100(a),P,S,0.00294,0.02837,6,2
100(a),P,T,0.4115,0.08255,6,2
100(a),P,V,-0.03805,0.2492,6.5,2
100(a),P,W,0.04655,0.1714,10,2
100(a),P,Y,0.2235,0.03605,5,2
100(b),V,-,-2.217,0,0.5,1
100(b),V,A,-0.1232,0.06025,4,2
100(b),V,C,0.00375,0.1878,9,2
100(b),V,D,-2.932,0.12,4,2
100(b),V,E,-0.8135,0.1159,5.5,2
100(b),V,F,-0.05092,0.07959,8.5,2
100(b),V,G,-0.2362,0.1303,3.5,2
100(b),V,H,0.1797,0.1967,8.5,2
100(b),V,I,0.1862,0.2356,8,2
100(b),V,K,-1.2,0.149,4.5,2
100(b),V,L,-0.173,0.1633,10.5,2
100(b),V,M,0.1011,0.1118,10,2
100(b),V,N,-0.3257,0.1199,6,2
100(b),V,P,-0.3178,0.3325,1.5,2
100(b),V,Q,-0.09906,0.01464,3.5,2
100(b),V,R,-0.6649,0.1831,8.5,2
100(b),V,S,-0.05775,0.05255,7.5,2
100(b),V,T,-0.2592,0.1068,6,2
100(b),V,V,0,0,,2
100(b),V,W,-6,0,0.5,1
100(b),V,Y,0.1007,0.237,7,2
101(a),V,A,-0.07215,0.06116,8,2
101(a),V,C,-0.1502,0.03485,10.5,2
101(a),V,D,-0.04549,0.03948,9.5,2
101(a),V,E,0.4134,0.0904,5,2
101(a),V,F,0.318,0.03605,5,2
101(a),V,G,0.4406,0.1324,7,2
101(a),V,H,0.3731,0.3194,5.5,2
101(a),V,I,-0.2923,0.00605,6.5,2
101(a),V,K,0.3279,0.2736,4,2
101(a),V,L,-0.1971,0.1345,6.5,2
101(a),V,M,-0.04345,0.2031,5.5,2
101(a),V,N,0.09755,0.5101,4.5,2
101(a),V,P,0.1361,0.07923,5,2
101(a),V,Q,-0.04305,0.2751,8,2
101(a),V,R,0.4542,0.0468,2.5,2
101(a),V,S,0.2375,0.0925,7,2
101(a),V,T,-0.1972,0.0754,6.5,2
101(a),V,V,0,0,,2
101(a),V,W,-0.0043,0.122,8,2
101(a),V,Y,0.0489,0.1906,6.5,2
101(b),R,A,-0.1923,0.0626,3,2
101(b),R,C,-0.2015,0.1196,6.5,2
101(b),R,D,0.1099,0.05048,7,2
101(b),R,E,-0.3211,0.04335,7.5,2
101(b),R,F,-0.1197,0.1052,6.5,2
101(b),R,G,-0.7208,0.6232,6,2
101(b),R,H,-0.2794,0.204,9,2
101(b),R,I,0.1038,0.01115,8.5,2
101(b),R,K,0.2985,0.2447,5,2
101(b),R,L,-0.01495,0.287,3.5,2
101(b),R,M,-0.1996,0.1114,5,2
101(b),R,N,-0.2783,0.13,7,2
101(b),R,P,-4.358,0,1.5,2
101(b),R,Q,-0.2534,0.2871,4.5,2
101(b),R,R,0,0,,2
101(b),R,S,-0.0352,0.3961,6,2
101(b),R,T,0.0621,0.03329,2.5,2
101(b),R,V,-0.179,0.2903,5.5,2
101(b),R,W,-0.06078,0.07932,11.5,2
101(b),R,Y,0.1285,0.3649,7,2
102(a),E,A,-0.03565,0.07614,4,2
102(a),E,C,0.1691,0.3943,7.5,2
102(a),E,D,-0.09315,0.2142,5,2
102(a),E,E,0,0,,2
102(a),E,F,0.0141,0.27,7,2
102(a),E,G,0.09185,0.3364,7.5,2
102(a),E,H,0.333,0.1398,6.5,2
102(a),E,I,0.2676,0.02415,10.5,2
102(a),E,K,0.3466,0.0367,12,2
102(a),E,L,-0.0609,0.2505,7.5,2
102(a),E,M,0.2679,0.1139,8,2
102(a),E,N,0.3694,0.341,7.5,2
102(a),E,P,0.3593,0.1713,5,2
102(a),E,Q,0.3949,0.126,8,2
102(a),E,R,0.659,0.05715,7.5,2
102(a),E,S,0.3587,0.1873,7,2
102(a),E,T,0.1393,0.1354,8,2
102(a),E,V,0.1023,0.2349,10,2
102(a),E,W,0.158,0.0021,5,2
102(a),E,Y,-0.03908,0.0551,5.5,2
102(b),V,A,0.4583,0.5927,3,2
102(b),V,C,-0.0972,0.2108,6.5,2
102(b),V,D,-2.42,0.015,8,2
102(b),V,E,-1.661,0.019,4.5,2
102(b),V,F,-0.2645,0.0216,9,2
102(b),V,G,-0.002,0.1997,7.5,2
102(b),V,H,-0.7165,0.1447,6.5,2
102(b),V,I,-0.1827,0.0391,5,2
102(b),V,K,-2.099,0.4805,3.5,2
102(b),V,L,-0.007155,0.1,4,2
102(b),V,M,0.07422,0.117,7.5,2
102(b),V,N,-0.628,0.0445,8,2
102(b),V,P,0.1306,0.7717,4.5,2
102(b),V,Q,-0.4154,0.2717,7,2
102(b),V,R,-1.151,0.0245,6,2
102(b),V,S,-0.584,0.1101,4,2
102(b),V,T,0.01452,0.007982,4.5,2
102(b),V,V,0,0,,2
102(b),V,W,-0.7328,0.3922,7.5,2
102(b),V,Y,-0.02332,0.07079,7.5,2
103(a),L,-,0.009222,0,0.5,1
103(a),L,A,0.1548,0.03435,6,2
103(a),L,C,-0.01745,0.1739,6.5,2
103(a),L,D,0.0711,0.2003,7.5,2
103(a),L,E,-0.1173,0.2672,6,2
103(a),L,F,-0.096,0.3206,5.5,2
103(a),L,G,0.2009,0.1344,6.5,2
103(a),L,H,0.2783,0.0263,8.5,2
103(a),L,I,-0.0961,0.0232,4.5,2
103(a),L,K,0.4666,0.1443,6,2
103(a),L,L,0,0,,2
103(a),L,M,0.02385,0.1265,11,2
103(a),L,N,0.3339,0.02155,5.5,2
103(a),L,P,0.1437,0.1403,7.5,2
103(a),L,Q,0.66,0.582,3.5,2
103(a),L,R,0.2827,0.1367,8,2
103(a),L,S,0.1007,0.2466,4.5,2
103(a),L,T,-0.4265,0.5036,5,2
103(a),L,V,-0.1194,0.06595,7.5,2
103(a),L,W,-0.2343,0.1768,4,2
103(a),L,Y,-0.2972,0.265,5,2
103(b),S,A,-0.1642,0.241,5.5,2
103(b),S,C,0.04485,0.1525,11,2
103(b),S,D,-0.221,0.0191,7,2
103(b),S,E,0.7069,0.308,5.5,2
103(b),S,F,0.01535,0.05646,5.5,2
103(b),S,G,0.1088,0.02338,5.5,2
103(b),S,H,0.2749,0.1407,9,2
103(b),S,I,0.01215,0.07544,8.5,2
103(b),S,K,-0.01615,0.152,7,2
103(b),S,L,-0.3587,0.6562,2.5,2
103(b),S,M,0.09197,0.08933,7.5,2
103(b),S,N,0.2834,0.0109,6,2
103(b),S,P,0.1749,0.1143,7.5,2
103(b),S,Q,-0.04605,0.2678,6.5,2
103(b),S,R,0.09697,0.1838,7.5,2
103(b),S,S,0,0,,2
103(b),S,T,0.5252,0.6808,2.5,2
103(b),S,V,-0.1216,0.209,11,2
103(b),S,W,0.04035,0.2086,4.5,2
103(b),S,Y,-0.242,0.1188,8.5,2
104(a),G,A,0.1672,0.1252,6,2
104(a),G,C,0.1834,0.2176,6,2
104(a),G,D,-0.1307,0.1377,8.5,2
104(a),G,E,-0.06135,0.1403,6.5,2
104(a),G,F,0.1913,0.04105,12,2
104(a),G,G,0,0,,2
104(a),G,H,0.1447,0.2212,7,2
104(a),G,I,0.1389,0.2875,8.5,2
104(a),G,K,0.4022,0.1634,9,2
104(a),G,M,0.1746,0.1642,2,2
104(a),G,N,0.3427,0.276,5.5,2
104(a),G,P,-0.4934,0.08015,3.5,2
104(a),G,Q,0.0542,0.1374,4,2
104(a),G,R,0.5213,0.2037,5,2
104(a),G,S,0.3694,0.3024,4.5,2
104(a),G,T,0.1562,0.2857,6,2
104(a),G,V,-0.282,0.3745,1.5,2
104(a),G,W,-0.1639,0.1197,6,2
104(a),G,Y,-0.1169,0.0778,8.5,2
104(b),P,A,0.1569,0.0046,6,2
104(b),P,C,0.00975,0.0167,8,2
104(b),P,D,0.2293,0.1686,5,2
104(b),P,E,-0.04725,0.1503,6,2
104(b),P,F,-0.07055,0.2364,5,2
104(b),P,G,0.1468,0.00665,9,2
104(b),P,H,0.3281,0.08215,5,2
104(b),P,I,0.2635,0.1646,5,2
104(b),P,K,-0.07504,0.03546,8,2
104(b),P,L,0.1227,0.1163,6.5,2
104(b),P,M,-0.1577,0.1723,8,2
104(b),P,N,0.5084,0.326,7.5,2
104(b),P,P,0,0,,2
104(b),P,Q,-0.04495,0.2555,9.5,2
104(b),P,R,0.2805,0.1456,3,2
104(b),P,S,0.2145,0.09885,4.5,2
104(b),P,T,-0.1148,0.2931,6.5,2
104(b),P,V,0.1095,0.431,5.5,2
104(b),P,W,0.432,0.1314,5.5,2
104(b),P,Y,-0.0051,0.1243,4.5,2
105(a),D,A,0.2258,0.08755,4.5,2
105(a),D,C,0.2225,0.5934,4.5,2
105(a),D,D,0,0,,2
105(a),D,E,-0.3168,0.141,6.5,2
105(a),D,F,0.4248,0.09225,7,2
105(a),D,G,0.497,0.3184,5,2
105(a),D,H,0.7039,0.04755,6,2
105(a),D,I,0.3263,0.2361,5,2
105(a),D,K,0.6447,0.2053,9.5,2
105(a),D,L,0.4537,0.2082,5,2
105(a),D,M,0.4355,0.173,8,2
105(a),D,N,0.3114,0.2496,5,2
105(a),D,P,0.6263,0.3286,4,2
105(a),D,Q,0.6193,0.0012,7,2
105(a),D,R,0.5495,0.072,7.5,2
105(a),D,S,0.4718,0.0024,6.5,2
105(a),D,T,0.1554,0.06363,7,2
105(a),D,V,0.2613,0.08295,6.5,2
105(a),D,W,0.01665,0.2812,8,2
105(a),D,Y,0.6549,0.3471,6,2
105(b),M,A,0.04279,0.03399,5.5,2
105(b),M,C,0.104,0.03726,7,2
105(b),M,D,0.000655,0.09903,6,2
105(b),M,E,0.2327,0,2.5,1
105(b),M,F,0.2436,0.1833,6.5,2
105(b),M,G,-0.1568,0.0376,4,2
105(b),M,H,0.3077,0.1253,4.5,2
105(b),M,I,-0.1226,0.0092,13,2
105(b),M,K,0.1678,0.05295,7.5,2
105(b),M,L,-0.4966,0.1916,3.5,2
105(b),M,M,0,0,,2
105(b),M,N,-0.0155,0.4177,5.5,2
105(b),M,P,0.0404,0.1926,9.5,2
105(b),M,Q,-0.2193,0.4306,5.5,2
105(b),M,R,-0.09192,0.02378,5.5,2
105(b),M,S,0.4598,0.2165,8,2
105(b),M,T,-0.03936,0.02876,6,2
105(b),M,V,0.1093,0.04504,7,2
105(b),M,W,0.08115,0.2113,6.5,2
105(b),M,Y,0.1983,0.2818,5.5,2
106(a),P,A,-0.4819,0.2684,5.5,2
106(a),P,C,0.5447,0.4344,5.5,2
106(a),P,D,1.393,0.265,5.5,2
106(a),P,E,1.118,0.4158,5,2
106(a),P,F,0.2173,0.3505,5,2
106(a),P,G,0.2361,0.1076,9,2
106(a),P,H,0.7702,0.1612,11.5,2
106(a),P,I,0.982,0.3,6.5,2
106(a),P,K,0.7053,0.01255,6,2
106(a),P,L,0.5325,0.0695,7.5,2
106(a),P,M,0.4294,0.00355,6.5,2
106(a),P,N,0.7811,0.1294,6,2
106(a),P,P,0,0,,2
106(a),P,Q,0.5432,0.01955,4,2
106(a),P,R,0.6647,0.00225,7.5,2
106(a),P,S,0.8409,0.2681,8.5,2
106(a),P,T,0.4426,0.1906,5,2
106(a),P,V,0.3044,0.07605,4,2
106(a),P,W,-0.1526,0.06866,7.5,2
106(a),P,Y,-0.316,0.1008,8,2
106(b),Q,*,-6,0,2,2
106(b),Q,A,0.3129,0.13,4.5,2
106(b),Q,C,-0.2148,0.1146,8,2
106(b),Q,D,0.1219,0.03543,4,2
106(b),Q,E,-0.1685,0.0104,6.5,2
106(b),Q,F,-1.446,1.702,3,2
106(b),Q,G,0.2707,0.1762,6,2
106(b),Q,H,-0.04178,0.1241,6,2
106(b),Q,I,0.1773,0.1923,6.5,2
106(b),Q,K,0.1497,0.00705,6,2
106(b),Q,L,-0.2802,0.09125,8.5,2
106(b),Q,M,0.0837,0.1907,7,2
106(b),Q,N,0.419,0.0576,9,2
106(b),Q,P,-0.1692,0.4894,3,2
106(b),Q,Q,0,0,,2
106(b),Q,R,-0.05935,0.3215,5.5,2
106(b),Q,S,0.1363,0.026,6,2
106(b),Q,T,0.2399,0.06615,8.5,2
106(b),Q,V,0.0487,0.2668,7.5,2
106(b),Q,W,-0.06323,0.03717,5,2
106(b),Q,Y,0.02567,0.1084,6.5,2
107(a),N,A,-0.1251,0.02746,5.5,2
107(a),N,C,0.143,0.2839,6,2
107(a),N,D,-0.1086,0.04763,3.5,2
107(a),N,E,-0.5648,0.263,4,2
107(a),N,F,0.7493,0.1572,5.5,2
107(a),N,G,0.108,0.13,6.5,2
107(a),N,H,0.377,0.0432,3,2
107(a),N,I,-0.468,0.3614,6.5,2
107(a),N,K,0.1827,0.115,4.5,2
107(a),N,L,-0.4805,0.1209,7.5,2
107(a),N,M,-0.1752,0.1665,6,2
107(a),N,N,0,0,,2
107(a),N,P,0.02595,0.3054,5.5,2
107(a),N,Q,-0.132,0.00445,7.5,2
107(a),N,R,0.2959,0.0352,4,2
107(a),N,S,-0.03498,0.03506,6,2
107(a),N,T,-0.3333,0.1525,7.5,2
107(a),N,V,-0.5745,0.2433,5.5,2
107(a),N,W,0.5606,0.208,9,2
107(a),N,Y,0.7761,0.00985,8,2
107(b),S,A,0.05376,0.0329,7,2
107(b),S,C,-0.2516,0.1674,5.5,2
107(b),S,D,0.1695,0.5518,3,2
107(b),S,E,0.126,0.0194,5,2
107(b),S,F,0.2997,0.2374,5.5,2
107(b),S,G,-0.05255,0.2135,4.5,2
107(b),S,H,0.1895,0.1423,9,2
107(b),S,I,0.101,0.084,5.5,2
107(b),S,K,-0.2372,0.0189,6.5,2
107(b),S,L,-0.0257,0.1675,7.5,2
107(b),S,M,0.2971,0.1335,3.5,2
107(b),S,N,-0.03295,0.0095,8,2
107(b),S,P,0.3426,0.1762,5.5,2
107(b),S,Q,0.1193,0.1929,11.5,2
107(b),S,R,0.0942,0.2153,6,2
107(b),S,S,0,0,,2
107(b),S,T,-0.1321,0.284,5,2
107(b),S,V,-0.05507,0.00202,4.5,2
107(b),S,W,-0.2999,0.1609,4,2
107(b),S,Y,0.1943,0.3168,6.5,2
108(a),I,A,0.3772,0.1305,4.5,2
108(a),I,C,-0.04495,0.2727,5.5,2
108(a),I,D,0.7966,0.0231,8.5,2
108(a),I,E,0.5845,0.1031,3.5,2
108(a),I,F,0.5015,0.0499,6.5,2
108(a),I,G,0.6632,0.06985,8,2
108(a),I,H,0.9337,0.1363,5.5,2
108(a),I,I,0,0,,2
108(a),I,K,0.8298,0.2082,4.5,2
108(a),I,L,-0.1601,0.4874,5,2
108(a),I,M,0.3883,0.2237,8.5,2
108(a),I,N,0.7167,0.2371,10.5,2
108(a),I,P,-1.637,0.236,6,2
108(a),I,Q,0.766,0.1644,5.5,2
108(a),I,R,0.7528,0.00585,6.5,2
108(a),I,S,0.6969,0.07495,5.5,2
108(a),I,T,0.3667,0.0616,4.5,2
108(a),I,V,0.2075,0.07825,9,2
108(a),I,W,1.063,0.0949,3,2
108(a),I,Y,0.5228,0.3415,8,2
108(b),S,A,0.1969,0.0179,4,2
108(b),S,C,-0.2376,0.02065,6.5,2
108(b),S,D,0.033,0.2706,4.5,2
108(b),S,E,-0.1902,0.274,7.5,2
108(b),S,F,0.2456,0.0715,6.5,2
108(b),S,G,-0.1679,0.313,4,2
108(b),S,H,0.0049,0.1054,9,2
108(b),S,I,-0.1601,0.06932,6,2
108(b),S,K,0.1046,0.11,5,2
108(b),S,L,0.1275,0.1343,6.5,2
108(b),S,M,-0.05863,0.06267,9,2
108(b),S,N,0.013,0.1449,9.5,2
108(b),S,P,0.08633,0.06497,8,2
108(b),S,Q,0.0275,0.0736,6.5,2
108(b),S,R,-0.07367,0.1333,6.5,2
108(b),S,S,0,0,,2
108(b),S,T,-0.1036,0.4136,8,2
108(b),S,V,0.01625,0.3267,4,2
108(b),S,W,-0.02842,0.1194,11.5,2
108(b),S,Y,0.0737,0.2864,3.5,2
109(a),L,A,-0.1807,0.2966,2.5,2
109(a),L,C,-0.2287,0.06195,5,2
109(a),L,D,-2.832,0.2585,7,2
109(a),L,E,-1.543,0.677,5.5,2
109(a),L,F,-0.1006,0.2619,7,2
109(a),L,G,-0.2163,0.2291,6,2
109(a),L,H,-0.3602,0.0743,5,2
109(a),L,I,-0.2488,0.4564,6,2
109(a),L,K,-2.022,0.0435,4.5,2
109(a),L,L,0,0,,2
109(a),L,M,0.1663,0.08952,6,2
109(a),L,N,-0.08585,0.02375,8.5,2
109(a),L,P,-6,0,4.5,2
109(a),L,Q,-0.3311,0.1157,5,2
109(a),L,R,-3.943,0,8,2
109(a),L,S,-0.2058,0.2166,3.5,2
109(a),L,T,-6,0,6.5,2
109(a),L,V,-0.08939,0.1343,9.5,2
109(a),L,W,-1.369,0.1325,7,2
109(a),L,Y,-1.208,0.1945,8,2
109(b),S,A,0.1835,0.0418,7.5,2
109(b),S,C,-0.3691,0.1784,4,2
109(b),S,D,0.2045,0.1515,9.5,2
109(b),S,E,0.1456,0.085,4.5,2
109(b),S,F,-0.113,0.2386,6,2
109(b),S,G,0.2403,0.0411,6.5,2
109(b),S,H,0.1515,0.05085,8,2
109(b),S,I,0.2388,0.45,7,2
109(b),S,K,0.139,0.02005,7,2
109(b),S,L,0.1152,0.2004,4.5,2
109(b),S,M,0.1846,0.3443,5,2
109(b),S,N,0.5026,0.1506,6.5,2
109(b),S,P,0.1502,0.2712,5.5,2
109(b),S,Q,-0.159,0.5275,4.5,2
109(b),S,R,0.2631,0.4146,7,2
109(b),S,S,0,0,,2
109(b),S,T,-0.3032,0.4067,6.5,2
109(b),S,V,-0.07722,0.07788,3.5,2
109(b),S,W,0.02869,0.09181,8,2
109(b),S,Y,-0.3045,0.2249,8,2
11(T2A),T,I,-3.981,0,1,1
11(T2A),T,N,-1.566,0,0.5,1
11(T2A),T,T,0,0,,2
11(a),E,*,-6,0,5.5,2
11(a),E,A,-1.579,0.1815,4,2
11(a),E,C,-0.4672,0.1166,8,2
11(a),E,D,-0.6088,0.3077,5,2
11(a),E,E,0,0,,2
11(a),E,F,-2.177,0.506,3.5,2
11(a),E,G,-0.7644,0.1502,8,2
11(a),E,H,-1.487,0.139,7.5,2
11(a),E,I,-0.4157,0.0598,5,2
11(a),E,K,-3.659,0,5,2
11(a),E,L,-0.00748,0.05944,5,2
11(a),E,M,-1.706,0.336,4,2
11(a),E,N,-0.5806,0.00275,7,2
11(a),E,P,-5.901,0,5,2
11(a),E,Q,-1.296,0.3638,3.5,2
11(a),E,R,-1.921,0.859,4.5,2
11(a),E,S,-1.214,0.3001,4,2
11(a),E,T,-1.724,0.031,6,2
11(a),E,V,-0.06315,0.1693,6.5,2
11(a),E,W,-2.889,0.1095,6.5,2
11(a),E,Y,-2.462,0.3175,4,2
11(b),E,A,-0.2872,0.1307,8,2
11(b),E,C,-0.7332,0.2519,7.5,2
11(b),E,D,-0.6073,0.1661,8.5,2
11(b),E,E,0,0,,2
11(b),E,F,-0.8172,0.3008,7,2
11(b),E,G,-0.7245,0.1038,5.5,2
11(b),E,H,-0.6455,0.03925,7,2
11(b),E,I,-0.6204,0.2378,7.5,2
11(b),E,K,-1.394,0.068,9.5,2
11(b),E,L,-1.202,0.0895,9,2
11(b),E,M,-0.01755,0.1389,8.5,2
11(b),E,N,-0.798,0.0772,6.5,2
11(b),E,P,-2.572,0.1785,6.5,2
11(b),E,Q,0.0036,0.1197,9,2
11(b),E,R,-0.6597,0.3523,4,2
11(b),E,S,-0.08152,0.1142,6.5,2
11(b),E,T,-0.5449,0.1224,9.5,2
11(b),E,V,0.2941,0.2676,6.5,2
11(b),E,W,-1.466,0.1305,8.5,2
11(b),E,Y,-1.157,0.0405,5.5,2
110(a),I,A,-0.168,0.0647,7.5,2
110(a),I,C,-0.1141,0.1482,6,2
110(a),I,D,0.08732,0.1368,4,2
110(a),I,E,-0.2817,0.1105,7.5,2
110(a),I,F,-0.2157,0.05465,10.5,2
110(a),I,G,-0.6312,0.5078,5.5,2
110(a),I,H,-0.2478,0.1752,5,2
110(a),I,I,0,0,,2
110(a),I,K,-0.6355,0.0487,8.5,2
110(a),I,L,0.0712,0.2305,8,2
110(a),I,M,-0.08318,0.1638,7,2
110(a),I,N,-0.1258,0.05006,10,2
110(a),I,P,-5.317,0,7.5,2
110(a),I,Q,-0.334,0.0919,6,2
110(a),I,R,-0.4509,0.1119,4,2
110(a),I,S,-0.04269,0.115,9.5,2
110(a),I,T,-0.3807,0.1574,5,2
110(a),I,V,0.095,0.4175,8,2
110(a),I,W,-0.3201,0.2799,8,2
110(a),I,Y,-0.2604,0.1174,5.5,2
110(b),L,A,0.3394,0.1569,6,2
110(b),L,C,-0.5336,0.1261,4.5,2
110(b),L,D,-0.3423,0.04475,6,2
110(b),L,E,-0.05925,0.1713,5,2
110(b),L,F,-0.2963,0.0896,3,2
110(b),L,G,0.3915,0.4464,4,2
110(b),L,H,0.08804,0.122,6,2
110(b),L,I,-0.0243,0.1668,7.5,2
110(b),L,K,0.2612,0.02355,8,2
110(b),L,L,0,0,,2
110(b),L,M,0.002,0.1203,6.5,2
110(b),L,N,-0.3563,0.3995,5.5,2
110(b),L,P,0.5548,0.2832,3.5,2
110(b),L,Q,0.2242,0.1457,8,2
110(b),L,R,-0.2956,0.2603,5,2
110(b),L,S,-0.0385,0.1324,6.5,2
110(b),L,T,0.2154,0.1619,7.5,2
110(b),L,V,0.2832,0.1788,3.5,2
110(b),L,W,0.03724,0.02819,7.5,2
110(b),L,Y,-0.1585,0.04535,6.5,2
111(a),C,*,-6,0,0.5,1
111(a),C,A,0.1039,0.1756,8.5,2
111(a),C,C,0,0,,2
111(a),C,D,-6,0,9.5,2
111(a),C,E,-4.38,0,5.5,2
111(a),C,F,-0.4094,0.3434,5,2
111(a),C,G,-0.04605,0.06775,9,2
111(a),C,H,-2.34,0.037,7,2
111(a),C,I,-0.3957,0.02765,8.5,2
111(a),C,K,-4.083,0,4,2
111(a),C,L,-0.1133,0.178,5,2
111(a),C,M,-0.005075,0.0491,4,2
111(a),C,N,-1.227,0.2773,8.5,2
111(a),C,P,-6,0,8,2
111(a),C,Q,-1.702,0.0625,10.5,2
111(a),C,R,-6,0,5.5,2
111(a),C,S,0.0886,0.2962,5.5,2
111(a),C,T,-0.3401,0.1034,5.5,2
111(a),C,V,0.04768,0.1287,10.5,2
111(a),C,W,-2.611,0.122,8,2
111(a),C,Y,-1.184,0.1851,9.5,2
111(b),P,A,-0.0352,0.174,6,2
111(b),P,C,-0.2356,0.0165,5.5,2
111(b),P,D,-0.03873,0.01425,6.5,2
111(b),P,E,0.04955,0.02995,6.5,2
111(b),P,F,-0.241,0.2469,7,2
111(b),P,G,0.1834,0.1578,7,2
111(b),P,H,0.1424,0.1481,6.5,2
111(b),P,I,-0.1376,0.0334,9,2
111(b),P,K,0.00542,0.09315,7.5,2
111(b),P,L,0.1225,0.2293,5.5,2
111(b),P,M,0.204,0.3397,6,2
111(b),P,N,-0.148,0.0165,4,2
111(b),P,P,0,0,,2
111(b),P,Q,-0.00527,0.08546,8,2
111(b),P,R,0.2531,0.0889,3,2
111(b),P,S,-0.4747,0.3411,3.5,2
111(b),P,T,0.2905,0.126,8,2
111(b),P,V,0.04428,0.05173,7.5,2
111(b),P,W,0.0946,0.1862,4.5,2
111(b),P,Y,-0.1905,0.0599,5,2
112(a),Y,*,-6,0,1,1
112(a),Y,A,-0.07912,0.128,8.5,2
112(a),Y,C,-0.1058,0.1658,7.5,2
112(a),Y,D,-0.4125,0.05005,6,2
112(a),Y,E,-0.4236,0.0784,3.5,2
112(a),Y,F,0.1956,0.04,9,2
112(a),Y,G,-0.4354,0.0298,5.5,2
112(a),Y,H,0.141,0.1182,5,2
112(a),Y,I,0.1598,0.2892,8.5,2
112(a),Y,K,-0.4698,0.2329,6,2
112(a),Y,L,-0.1674,0.1771,7,2
112(a),Y,M,0.0349,0.0667,7,2
112(a),Y,N,0.0023,0.2669,7,2
112(a),Y,P,-2.965,0.161,9,2
112(a),Y,Q,-0.4551,0.3118,5,2
112(a),Y,R,-0.5066,0.1295,9.5,2
112(a),Y,S,-0.1987,0.3437,4.5,2
112(a),Y,T,-0.3946,0.031,5.5,2
112(a),Y,V,0.08883,0.1213,9.5,2
112(a),Y,W,-0.02817,0.0588,7.5,2
112(a),Y,Y,0,0,,2
112(b),Q,*,-6,0,0.5,1
112(b),Q,A,-0.1714,0.2287,9,2
112(b),Q,C,-0.3304,0.1545,6,2
112(b),Q,D,0.2727,0.0137,6.5,2
112(b),Q,E,0.1946,0.06815,8,2
112(b),Q,F,-0.2717,0.4966,9,2
112(b),Q,G,-0.4439,0.5511,5.5,2
112(b),Q,H,-0.4134,0.02625,8,2
112(b),Q,I,0.0262,0.2524,5,2
112(b),Q,K,-0.2788,0.2936,7,2
112(b),Q,L,0.2148,0.4191,5.5,2
112(b),Q,M,0.1015,0.04252,7,2
112(b),Q,N,0.08167,0.09113,7,2
112(b),Q,P,0.1049,0.2158,4,2
112(b),Q,Q,0,0,,2
112(b),Q,R,0.0341,0.2593,7,2
112(b),Q,S,-0.1698,0.0324,7.5,2
112(b),Q,T,-0.00895,0.1121,6,2
112(b),Q,V,0.1593,0.09501,5,2
112(b),Q,W,-0.1309,0.0142,6,2
112(b),Q,Y,-0.01448,0.02013,6.5,2
113(a),V,A,0.116,0.32,9,2
113(a),V,C,-0.2826,0.2028,7,2
113(a),V,D,-1.964,0.06,8.5,2
113(a),V,E,-0.5927,0.1673,9,2
113(a),V,F,0.009655,0.03546,11,2
113(a),V,G,0.2099,0.2181,6,2
113(a),V,H,-0.9677,0.1464,9,2
113(a),V,I,0.1915,0.01645,6,2
113(a),V,K,-0.6137,0.3622,5,2
113(a),V,L,0.2356,0.1026,9.5,2
113(a),V,M,0.4381,0.2796,7,2
113(a),V,N,-0.02376,0.05309,8.5,2
113(a),V,P,0.4086,0.0394,7,2
113(a),V,Q,0.04075,0.3744,4,2
113(a),V,R,-5.745,0,4,2
113(a),V,S,0.1049,0.3,5.5,2
113(a),V,T,0.03265,0.3054,9.5,2
113(a),V,V,0,0,,2
113(a),V,W,-3.703,0,3,2
113(a),V,Y,-0.5968,0.1185,7.5,2
113(b),T,A,0.0281,0.0846,6,2
113(b),T,C,0.08954,0.1003,6.5,2
113(b),T,D,0.225,0.0392,4,2
113(b),T,E,-0.08563,0.002925,7,2
113(b),T,F,-0.5214,0.2335,3,2
113(b),T,H,0.1807,0.2297,9,2
113(b),T,I,0.08125,0.2418,8,2
113(b),T,K,-0.0127,0.162,5.5,2
113(b),T,L,-0.05992,0.1188,7,2
113(b),T,M,0.1508,0.1915,8.5,2
113(b),T,N,0.02052,0.03318,5.5,2
113(b),T,P,-0.03238,0.01338,6,2
113(b),T,Q,-0.3385,0.7665,7,2
113(b),T,R,-0.2657,0.4321,3,2
113(b),T,S,-0.265,0.1705,4,2
113(b),T,T,0,0,,2
113(b),T,V,-0.1641,0.3427,6.5,2
113(b),T,W,-0.1362,0.137,5.5,2
113(b),T,Y,0.0363,0.2551,8.5,2
114(a),D,A,0.09711,0.1574,6,2
114(a),D,C,-0.1171,0.05489,8,2
114(a),D,D,0,0,,2
114(a),D,E,0.05388,0.1026,3.5,2
114(a),D,F,-0.0854,0.2777,8,2
114(a),D,G,-0.3155,0.138,9,2
114(a),D,H,-0.06401,0.1087,8,2
114(a),D,I,-0.9987,0,1.5,1
114(a),D,K,-0.2813,0.1154,6,2
114(a),D,L,0.3434,0.0772,8,2
114(a),D,M,0.2007,0.2169,9.5,2
114(a),D,N,0.1888,0.06215,8,2
114(a),D,P,-0.5544,0.1863,3,2
114(a),D,Q,-0.1112,0.05092,5.5,2
114(a),D,R,-0.1462,0.09017,4,2
114(a),D,S,0.1155,0.1396,10,2
114(a),D,T,-0.0593,0.3154,4.5,2
114(a),D,V,-0.2945,0.3705,3.5,2
114(a),D,W,0.01137,0.02472,6.5,2
114(a),D,Y,-0.01645,0.6035,4.5,2
114(b),D,A,0.1357,0.1513,8.5,2
114(b),D,C,0.03447,0.01968,8.5,2
114(b),D,D,0,0,,2
114(b),D,E,0.3558,0.1588,6,2
114(b),D,F,0.07005,0.3024,6,2
114(b),D,G,0.2666,0.05295,6,2
114(b),D,H,-0.02255,0.1659,5,2
114(b),D,I,0.3109,0.207,6,2
114(b),D,K,0.1189,0.0164,8,2
114(b),D,L,-0.233,0.0671,3.5,2
114(b),D,M,-0.02725,0.07985,8,2
114(b),D,N,0.2218,0.1307,7,2
114(b),D,P,0.09311,0.04789,4.5,2
114(b),D,Q,0.3861,0.3297,4.5,2
114(b),D,R,-0.156,0.3259,5,2
114(b),D,S,0.02688,0.02458,6.5,2
114(b),D,T,-0.1237,0.1609,5.5,2
114(b),D,V,-0.3559,0.1012,7.5,2
114(b),D,W,0.2009,0.0409,5.5,2
114(b),D,Y,-0.5325,0.1098,4,2
115(a),K,*,-6,0,0.5,1
115(a),K,A,0.0204,0.01397,5.5,2
115(a),K,C,0.1846,0.09942,5,2
115(a),K,D,0.05258,0.07023,6,2
115(a),K,E,0.2521,0.00345,8.5,2
115(a),K,F,-0.5528,0.1125,8,2
115(a),K,G,0.02289,0.04154,8,2
115(a),K,H,0.0255,0.3073,9.5,2
115(a),K,I,-1.204,0.1245,7.5,2
115(a),K,K,0,0,,2
115(a),K,L,0.1083,0.05027,6.5,2
115(a),K,M,-0.1093,0.1645,10.5,2
115(a),K,N,-0.05593,0.06167,7,2
115(a),K,P,-3.862,0,8.5,2
115(a),K,Q,-0.1238,0.02345,6,2
115(a),K,R,0.01112,0.1012,9.5,2
115(a),K,S,0.152,0.2247,6,2
115(a),K,T,-0.1663,0.249,7,2
115(a),K,V,-0.2738,0.0607,6,2
115(a),K,W,-1.172,0.0415,7,2
115(a),K,Y,-0.05456,0.15,7.5,2
115(b),R,A,0.3326,0.2477,3,2
115(b),R,C,-0.1098,0.03407,10.5,2
115(b),R,D,-0.09874,0.02906,8.5,2
115(b),R,E,-0.128,0.03704,5,2
115(b),R,F,0.0915,0.1924,8,2
115(b),R,G,-0.06795,0.2532,6,2
115(b),R,H,0.268,0.1318,7.5,2
115(b),R,I,0.1527,0.3854,6,2
115(b),R,K,0.09065,0.1968,9.5,2
115(b),R,L,0.2013,0.0068,10,2
115(b),R,M,0.1337,0.08366,6,2
115(b),R,N,-0.1755,0.1804,9.5,2
115(b),R,P,-0.1814,0.09259,4.5,2
115(b),R,Q,0.2827,0.0993,6,2
115(b),R,R,0,0,,2
115(b),R,S,0.2648,0.17,4.5,2
115(b),R,T,-0.00125,0.1716,5,2
115(b),R,V,-0.2008,0.243,6.5,2
115(b),R,W,-0.0046,0.316,6.5,2
115(b),R,Y,0.06812,0.1645,3.5,2
116(a),F,A,-0.9545,0.1855,5,2
116(a),F,C,-0.1472,0.1812,8,2
116(a),F,D,-3.531,0,8.5,2
116(a),F,E,-2.923,0.218,7,2
116(a),F,F,0,0,,2
116(a),F,G,-0.5714,0.1973,7.5,2
116(a),F,H,-0.7562,0.0754,11.5,2
116(a),F,I,-0.08983,0,3.5,1
116(a),F,K,-5.912,0,5.5,2
116(a),F,L,0.119,0.08619,11,2
116(a),F,M,-0.0688,0.2856,6,2
116(a),F,N,-1.381,0.3535,6,2
116(a),F,P,-1.57,0.2635,3.5,2
116(a),F,Q,-0.7567,0.2104,3,2
116(a),F,R,-6,0,8.5,2
116(a),F,S,-1.07,0.0475,4.5,2
116(a),F,T,-0.7163,0.2475,7,2
116(a),F,V,4e-05,0.06788,4.5,2
116(a),F,W,-1.543,0.276,4.5,2
116(a),F,Y,-0.2111,0.2559,8,2
116(b),L,A,-0.3728,0.05835,6,2
116(b),L,C,-0.1086,0.00745,7.5,2
116(b),L,D,-3.342,0,7.5,2
116(b),L,E,-0.6651,0.0355,8.5,2
116(b),L,F,-0.2261,0.0254,5,2
116(b),L,G,-0.2449,0.3008,6,2
116(b),L,H,0.04055,0.07665,5.5,2
116(b),L,I,-0.01316,0.1011,5.5,2
116(b),L,K,-0.244,0.03355,7.5,2
116(b),L,L,0,0,,2
116(b),L,M,-0.5086,0.2336,3,2
116(b),L,N,-1.04,0.2853,3.5,2
116(b),L,P,-0.2805,0.1928,4.5,2
116(b),L,Q,-0.2908,0.0466,5.5,2
116(b),L,R,-0.1021,0.1028,8,2
116(b),L,S,-0.05429,0.0755,2.5,2
116(b),L,T,-0.101,0.1627,5,2
116(b),L,V,0.1405,0.07445,5,2
116(b),L,W,0.1146,0.2766,6.5,2
116(b),L,Y,-0.06751,0.1647,5,2
117(a),W,*,-6,0,1,2
117(a),W,A,-3.109,0,4.5,2
117(a),W,C,-4.247,0,6.5,2
117(a),W,D,-4.723,0,9.5,2
117(a),W,E,-5.487,0,3.5,2
117(a),W,F,-0.6389,0,6.5,2
117(a),W,G,-5.181,0,7.5,2
117(a),W,H,-3.335,0,8,2
117(a),W,I,-4.611,0,6.5,2
117(a),W,K,-6,0,3.5,2
117(a),W,L,-5.492,0,6,2
117(a),W,M,-4.724,0,4,2
117(a),W,N,-3.428,0,5.5,2
117(a),W,P,-6,0,7,2
117(a),W,Q,-5.098,0,6,2
117(a),W,R,-6,0,9,2
117(a),W,S,-3.47,0,4,2
117(a),W,T,-4.103,0,9.5,2
117(a),W,V,-4.431,0,5.5,2
117(a),W,W,0,0,,2
117(a),W,Y,-0.0812,0.285,4.5,2
117(b),A,A,0,0,,2
117(b),A,C,-0.198,0.4291,5.5,2
117(b),A,D,-0.1526,0.1775,9.5,2
117(b),A,E,0.09715,0.6334,5,2
117(b),A,F,-0.3043,0.1407,4.5,2
117(b),A,G,0.2716,0.0249,4.5,2
117(b),A,H,-0.1073,0.1849,5.5,2
117(b),A,I,-0.02385,0.1704,8.5,2
117(b),A,K,-0.2063,0.1831,3.5,2
117(b),A,L,0.03063,0.1102,5.5,2
117(b),A,M,-0.1465,0.2798,7.5,2
117(b),A,N,0,0.01735,12,2
117(b),A,P,-0.1739,0.1918,4.5,2
117(b),A,Q,-0.2052,0.1092,10,2
117(b),A,R,-0.3564,0.2649,5,2
117(b),A,S,-0.2934,0.03645,7.5,2
117(b),A,T,-0.1819,0.1325,7.5,2
117(b),A,V,0.07225,0.03716,8,2
117(b),A,W,-0.2512,0.1173,8.5,2
117(b),A,Y,0.1258,0.04081,8,2
118(a),P,A,-4.507,0,6,2
118(a),P,C,-5.657,0,7,2
118(a),P,D,-6,0,6.5,2
118(a),P,E,-6,0,4,2
118(a),P,F,-4.758,0,7,2
118(a),P,G,-4.754,0,4,2
118(a),P,H,-5.351,0,5,2
118(a),P,I,-4.977,0,8.5,2
118(a),P,K,-6,0,4.5,2
118(a),P,L,-5.489,0,6.5,2
118(a),P,M,-4.376,0,5,2
118(a),P,N,-5.823,0,7.5,2
118(a),P,P,0,0,,2
118(a),P,Q,-5.468,0,1.5,1
118(a),P,R,-6,0,5.5,2
118(a),P,S,-5.085,0,4.5,2
118(a),P,T,-6,0,4,2
118(a),P,V,-5.847,0,3.5,2
118(a),P,W,-4.786,0,6,2
118(a),P,Y,-4.723,0,5,2
118(b),C,*,-6,0,1,1
118(b),C,A,-0.2619,0.0383,4,2
118(b),C,C,0,0,,2
118(b),C,D,-6,0,10,2
118(b),C,E,-6,0,5,2
118(b),C,F,-3.121,0.031,10,2
118(b),C,G,-0.9415,0.2015,7.5,2
118(b),C,H,-6,0,10.5,2
118(b),C,I,-0.8844,0.1565,8,2
118(b),C,K,-6,0,3.5,2
118(b),C,L,-0.7517,0.1243,6,2
118(b),C,M,-0.6114,0.05355,3,2
118(b),C,N,-5.572,0,6,2
118(b),C,P,-6,0,5.5,2
118(b),C,Q,-5.503,0,4.5,2
118(b),C,R,-6,0,7,2
118(b),C,S,-1.321,0.0725,6,2
118(b),C,T,-0.9027,0.2252,9,2
118(b),C,V,-0.1572,0.05405,5,2
118(b),C,W,-6,0,11,2
118(b),C,Y,-6,0,13,2
119(a),S,A,-0.299,0.4093,6,2
119(a),S,C,-0.2064,0.06315,7,2
119(a),S,D,-0.5672,0.04635,4,2
119(a),S,E,-1.125,0.189,6,2
119(a),S,F,-1.7,0.0535,10,2
119(a),S,G,-0.2841,0.2154,8,2
119(a),S,H,-1.32,0.4077,5,2
119(a),S,I,-0.1285,0.251,8,2
119(a),S,K,-3.902,0,5.5,2
119(a),S,L,-0.05602,0.002365,4.5,2
119(a),S,M,-0.5257,0.1447,9.5,2
119(a),S,N,-0.3522,0.3373,8,2
119(a),S,P,0.0176,0.1204,6,2
119(a),S,Q,-0.3818,0.2132,7,2
119(a),S,R,-4.974,0,6,2
119(a),S,S,0,0,,2
119(a),S,T,-0.1935,0.09484,4.5,2
119(a),S,V,-0.202,0.0321,9.5,2
119(a),S,W,-2.774,0.048,8.5,2
119(a),S,Y,-1.472,0.422,7.5,2
119(b),Y,*,-6,0,1,1
119(b),Y,A,0.0093,0.1873,3,2
119(b),Y,C,0.4209,0.3559,3.5,2
119(b),Y,D,-1.043,0.07025,6.5,2
119(b),Y,E,-0.6017,0.1117,5,2
119(b),Y,F,0.157,0.0099,7.5,2
119(b),Y,G,-0.485,0.2702,4.5,2
119(b),Y,H,-0.347,0.154,3.5,2
119(b),Y,I,0.0857,0.2133,5.5,2
119(b),Y,K,0.108,0.0252,7,2
119(b),Y,L,-0.1479,0.2644,6,2
119(b),Y,M,0.1224,0.3498,4,2
119(b),Y,N,-5.931,0,4.5,2
119(b),Y,P,-2.061,0.196,5.5,2
119(b),Y,Q,-0.08378,0.05683,9.5,2
119(b),Y,R,0.1804,0.1779,5.5,2
119(b),Y,S,-0.2758,0.1102,4.5,2
119(b),Y,T,-0.4126,0.1669,6.5,2
119(b),Y,V,-0.1362,0.1247,3,2
119(b),Y,W,0.1572,0.0509,9.5,2
119(b),Y,Y,0,0,,2
12(T2A),C,*,-6,0,0.5,1
12(T2A),C,C,0,0,,2
12(T2A),C,F,-4.204,0,0.5,1
12(T2A),C,R,-1.591,0.023,2.5,2
12(T2A),C,S,-0.47,0.4725,1,2
12(T2A),C,Y,-1.954,0.225,2,2
12(a),F,*,-6,0,7.5,2
12(a),F,A,-0.5541,0.1282,6.5,2
12(a),F,C,-1.077,0.5072,5.5,2
12(a),F,D,-2.424,0.1,4.5,2
12(a),F,E,-0.9832,0.1528,3.5,2
12(a),F,F,0,0,,2
12(a),F,G,-1.165,0.3651,3.5,2
12(a),F,H,-0.5723,0.4957,3.5,2
12(a),F,I,-0.6444,0.1464,7,2
12(a),F,K,-2.322,0.0115,6,2
12(a),F,L,-0.2895,0.05875,8,2
12(a),F,M,-0.129,0.03123,3.5,2
12(a),F,N,-1.404,0.7356,4,2
12(a),F,P,-6,0,4,2
12(a),F,Q,-0.938,0.122,6,2
12(a),F,R,-1.807,0.095,7,2
12(a),F,S,-0.3739,0.05695,5.5,2
12(a),F,T,-1.1,0.4414,3.5,2
12(a),F,V,-0.6728,0.278,5.5,2
12(a),F,W,0.2891,0.2866,2.5,2
12(a),F,Y,0.2852,0.3144,6.5,2
12(b),M,A,-0.09487,0.1415,7.5,2
12(b),M,C,-0.3509,0.01035,8,2
12(b),M,D,-0.7373,0.0584,7,2
12(b),M,E,-0.3666,0.06705,8.5,2
12(b),M,F,-0.9312,0.2358,8.5,2
12(b),M,G,-0.4969,0.1724,4.5,2
12(b),M,H,-1.244,0.0295,3.5,2
12(b),M,I,-0.4261,0.0047,5,2
12(b),M,K,-3.354,0,3.5,2
12(b),M,L,0.00425,0.22,6,2
12(b),M,M,0,0,,2
12(b),M,N,-0.9376,0.08035,5,2
12(b),M,P,-6,0,7,2
12(b),M,Q,-0.1704,0.1344,5.5,2
12(b),M,R,-2.861,0.0915,6.5,2
12(b),M,S,-0.1197,0.245,6,2
12(b),M,T,0.2684,0.2542,4,2
12(b),M,V,0.7366,0.07625,3.5,2
12(b),M,W,-1.191,0.0395,6.5,2
12(b),M,Y,-0.7565,0.1345,7.5,2
120(a),V,A,-0.1121,0.189,5,2
120(a),V,C,0.08135,0.1454,7,2
120(a),V,D,-0.071,0.2121,3.5,2
120(a),V,E,0.05629,0.0785,5.5,2
120(a),V,F,0.2715,0.02405,6,2
120(a),V,G,0.0352,0.1925,5.5,2
120(a),V,H,-0.0034,0.1377,8,2
120(a),V,I,0.1643,0.1078,7,2
120(a),V,K,0.03312,0.08488,5,2
120(a),V,L,-0.4768,0.271,3,2
120(a),V,M,-0.3922,0.1181,8,2
120(a),V,N,0.125,0.02075,4,2
120(a),V,P,-0.4202,0.05365,7.5,2
120(a),V,Q,0.2386,0.0618,3,2
120(a),V,R,-0.3697,0.3875,3.5,2
120(a),V,S,0.1935,0.08255,6,2
120(a),V,T,0.05201,0.1171,11,2
120(a),V,V,0,0,,2
120(a),V,W,-0.04563,0.02936,14.5,2
120(a),V,Y,-0.2551,0.1142,6.5,2
120(b),V,A,0.06641,0.1658,11,2
120(b),V,C,0.2247,0.00685,9,2
120(b),V,D,-5.04,0,7,2
120(b),V,E,-2.728,0.3275,5,2
120(b),V,F,-0.1597,0.0142,7,2
120(b),V,G,-0.2064,0,0.5,1
120(b),V,H,-2.185,0.209,3,2
120(b),V,I,0.2418,0.0523,8.5,2
120(b),V,K,-6,0,5,2
120(b),V,L,-0.6335,0.2433,5,2
120(b),V,M,-0.206,0.0457,6.5,2
120(b),V,N,-0.523,0.3831,6,2
120(b),V,P,-0.7203,0.01665,6.5,2
120(b),V,Q,-1.854,0.021,6,2
120(b),V,R,-6,0,7,2
120(b),V,S,0.2,0.031,6,2
120(b),V,T,-0.08936,0.003535,6,2
120(b),V,V,0,0,,2
120(b),V,W,-3.566,0,4.5,2
120(b),V,Y,-1.55,0.1735,3,2
121(a),I,A,-0.03027,0.00175,8.5,2
121(a),I,C,-0.0443,0.3655,7,2
121(a),I,D,-0.6999,0.343,5.5,2
121(a),I,E,-0.1825,0.0266,9.5,2
121(a),I,F,-0.35,0.1245,5.5,2
121(a),I,G,-0.1781,0.2084,3.5,2
121(a),I,H,-0.5922,0.1841,8,2
121(a),I,I,0,0,,2
121(a),I,K,-0.0158,0.1183,8,2
121(a),I,L,-0.07175,0.4395,4.5,2
121(a),I,M,0.08804,0.02336,9,2
121(a),I,N,-0.1862,0.09839,8,2
121(a),I,P,-1.567,0.1905,10,2
121(a),I,Q,-0.0459,0.2049,6,2
121(a),I,R,-0.4456,0.1317,6.5,2
121(a),I,S,-0.3715,0.031,7.5,2
121(a),I,T,0.1683,0.2294,4.5,2
121(a),I,V,0.1154,0.1919,7,2
121(a),I,W,-0.2196,0.3472,5.5,2
121(a),I,Y,-0.4664,0.3504,9.5,2
121(b),T,A,0.01549,0.00264,6,2
121(b),T,C,0.0234,0.1483,11,2
121(b),T,D,-0.2652,0.07395,5.5,2
121(b),T,E,-0.4108,0.177,5.5,2
121(b),T,F,0.2935,0.2261,6.5,2
121(b),T,G,-0.2322,0.1831,5.5,2
121(b),T,H,0.2493,0.0576,4,2
121(b),T,I,-0.313,0.1882,11,2
121(b),T,K,-0.06992,0.1615,7.5,2
121(b),T,L,0.03655,0,2.5,1
121(b),T,M,-0.01289,0.08222,8.5,2
121(b),T,N,-0.009,0.2171,6,2
121(b),T,P,-0.7007,0.2315,6,2
121(b),T,Q,-0.1828,0.1553,5,2
121(b),T,R,-0.011,0.1678,5.5,2
121(b),T,S,-0.0195,0.1262,4,2
121(b),T,T,0,0,,2
121(b),T,V,-0.1086,0.04528,7.5,2
121(b),T,W,0.3515,0.043,4,2
121(b),T,Y,0.173,0.2129,9.5,2
122(a),T,A,-0.05262,0.103,7,2
122(a),T,C,-0.01035,0.04217,7.5,2
122(a),T,D,-0.4617,0.4282,5.5,2
122(a),T,E,-0.6013,0.3627,7.5,2
122(a),T,F,0.1281,0.03253,5.5,2
122(a),T,G,0.044,0.00518,8.5,2
122(a),T,H,0.009165,0.03796,5.5,2
122(a),T,I,-0.128,0.1684,6.5,2
122(a),T,K,0.3901,0.08375,5.5,2
122(a),T,L,-0.08085,0.2545,8.5,2
122(a),T,M,0.05145,0.2026,10,2
122(a),T,N,0.3667,0.1439,8,2
122(a),T,P,-0.4071,0.0625,7.5,2
122(a),T,Q,0.1558,0.2542,4.5,2
122(a),T,R,0.1468,0.09166,7.5,2
122(a),T,S,0.1713,0.0647,2,2
122(a),T,T,0,0,,2
122(a),T,V,-0.1995,0.3882,6,2
122(a),T,W,-0.03333,0.02151,6,2
122(a),T,Y,-0.05203,0.01644,5.5,2
122(b),G,A,-0.3402,0.3176,4.5,2
122(b),G,C,-0.1647,0.06615,9,2
122(b),G,D,-0.1131,0.3424,6,2
122(b),G,E,-0.00045,0.1396,4,2
122(b),G,F,0.009305,0.08741,7.5,2
122(b),G,G,0,0,,2
122(b),G,H,0.2253,0.01015,10,2
122(b),G,I,-0.382,0.2614,7.5,2
122(b),G,K,-0.08345,0.256,8.5,2
122(b),G,L,0.05565,0.371,4.5,2
122(b),G,M,0.07303,0,2,1
122(b),G,N,0.2135,0.1626,5,2
122(b),G,P,-0.1749,0.07315,6,2
122(b),G,Q,0.1243,0.0144,5.5,2
122(b),G,R,0.1453,0.0213,8.5,2
122(b),G,S,0.05632,0.03002,9.5,2
122(b),G,T,-0.3479,0.3169,3.5,2
122(b),G,V,-0.5036,0.09,6,2
122(b),G,W,0.04385,0.3595,7.5,2
122(b),G,Y,0.1251,0.246,4,2
123(a),I,A,0.4784,0.2159,6,2
123(a),I,C,-1.321,0.0015,6,2
123(a),I,D,-0.729,0.876,3,2
123(a),I,E,-0.3196,0.208,7,2
123(a),I,F,0.03199,0.08851,9.5,2
123(a),I,G,-0.1433,0.09588,8.5,2
123(a),I,H,0.02825,0.1215,6,2
123(a),I,I,0,0,,2
123(a),I,K,0.015,0.0932,8,2
123(a),I,L,-0.0407,0.191,4.5,2
123(a),I,M,-0.1186,0.1024,8,2
123(a),I,N,-0.01661,0.06143,6,2
123(a),I,P,-0.256,0.05565,7.5,2
123(a),I,Q,0.09022,0.1746,6.5,2
123(a),I,R,-0.1045,0.5339,4.5,2
123(a),I,S,0.4478,0.2732,7,2
123(a),I,T,-0.02135,0.2888,4.5,2
123(a),I,V,0.1752,0.1368,7.5,2
123(a),I,W,-0.1305,0.4092,6.5,2
123(a),I,Y,0.5589,0.294,3,2
123(b),F,A,-0.1836,0.1253,6,2
123(b),F,C,-0.4263,0.064,6,2
123(b),F,D,-1.438,0.3735,3.5,2
123(b),F,E,-0.4955,0.1131,5.5,2
123(b),F,F,0,0,,2
123(b),F,G,-0.1316,0.2229,6,2
123(b),F,H,-0.1397,0.09472,3,2
123(b),F,I,-0.09814,0.05015,7.5,2
123(b),F,K,-3.212,0,3.5,2
123(b),F,L,0.04063,0.07487,10.5,2
123(b),F,M,0.3396,0.3913,4,2
123(b),F,N,-0.4869,0.0131,6,2
123(b),F,P,-1.885,0.047,6.5,2
123(b),F,Q,-0.1625,0.3117,5.5,2
123(b),F,R,-2.836,0.109,3.5,2
123(b),F,S,0.1552,0.06231,4.5,2
123(b),F,T,-0.1109,0.2146,5.5,2
123(b),F,V,-0.06062,0.07598,5,2
123(b),F,W,0.01095,0.1786,7,2
123(b),F,Y,0.09115,0.1967,6.5,2
124(a),T,A,0.04009,0.1393,5,2
124(a),T,C,0.04217,0.06132,12.5,2
124(a),T,D,0.00068,0.06342,6,2
124(a),T,E,0.01428,0.02796,7.5,2
124(a),T,F,0.049,0.02552,5,2
124(a),T,G,0.2123,0.06,5,2
124(a),T,H,-0.05795,0.1849,8.5,2
124(a),T,I,0.1374,0.09862,8,2
124(a),T,K,-0.0402,0.1637,6,2
124(a),T,L,-0.04264,0.00169,5.5,2
124(a),T,M,-0.1779,0.01795,4.5,2
124(a),T,N,-0.3403,0.2166,6,2
124(a),T,P,-1.661,0.1795,5,2
124(a),T,Q,-0.01052,0.06003,9,2
124(a),T,R,-0.09695,0.1267,4.5,2
124(a),T,S,0.2146,0.2913,8,2
124(a),T,T,0,0,,2
124(a),T,V,0.1289,0.02455,7,2
124(a),T,W,-0.02587,0.02261,6.5,2
124(a),T,Y,-0.0276,0.2532,5,2
124(b),Y,*,-6,0,0.5,1
124(b),Y,A,-0.6931,0.1896,4.5,2
124(b),Y,C,-0.7626,0.3884,5,2
124(b),Y,D,-1.867,0.2565,4.5,2
124(b),Y,E,-1.47,0.4145,2.5,2
124(b),Y,F,-0.3622,0.1061,6,2
124(b),Y,G,-1.24,0.107,5.5,2
124(b),Y,H,-0.3196,0.0019,4.5,2
124(b),Y,I,-1.335,0.1895,2.5,2
124(b),Y,K,-2.274,0.1365,9,2
124(b),Y,L,-0.2356,0.2018,7.5,2
124(b),Y,M,-0.5116,0.3012,5,2
124(b),Y,N,-0.3999,0.1083,5,2
124(b),Y,P,-2.254,0.424,3,2
124(b),Y,Q,-0.3964,0.0888,6,2
124(b),Y,R,-0.7884,0.3016,3,2
124(b),Y,S,-1.49,0.1715,4,2
124(b),Y,T,-0.9609,0.01795,8,2
124(b),Y,V,-1.286,0.3725,4,2
124(b),Y,W,-0.7721,0.2819,5.5,2
124(b),Y,Y,0,0,,2
125(a),W,*,-6,0,2,2
125(a),W,A,-0.6046,0.0049,10.5,2
125(a),W,C,-3.152,0,5,2
125(a),W,D,-4.947,0,4.5,2
125(a),W,E,-3.183,0.1165,6,2
125(a),W,F,0.2821,0.4852,5.5,2
125(a),W,G,-3.095,0.0245,7,2
125(a),W,H,0.1307,0.09204,6,2
125(a),W,I,-0.3945,0.1979,4.5,2
125(a),W,K,-3.278,0.1465,3.5,2
125(a),W,L,-0.543,0.0252,7,2
125(a),W,M,-0.0295,0.0347,3.5,2
125(a),W,N,-0.6817,0.0039,6,2
125(a),W,P,-0.4713,0.1673,3,2
125(a),W,Q,-0.3164,0.192,6.5,2
125(a),W,R,0.4376,0.2954,3,2
125(a),W,S,-1.431,0.344,7.5,2
125(a),W,T,-0.5994,0.2133,4.5,2
125(a),W,V,-0.2285,0.142,4.5,2
125(a),W,W,0,0,,2
125(a),W,Y,-0.3406,0.1461,4,2
125(b),P,A,-0.3864,0.1253,7,2
125(b),P,C,-0.01469,0.0951,9.5,2
125(b),P,D,-0.1001,0.06697,7,2
125(b),P,E,0.08175,0.4699,5.5,2
125(b),P,F,-0.6293,0.1019,7.5,2
125(b),P,G,-0.36,0.2365,5.5,2
125(b),P,H,0.0302,0.1657,9,2
125(b),P,I,-0.4717,0.0235,5,2
125(b),P,K,-0.0866,0.1118,5.5,2
125(b),P,L,-0.5218,0.019,5.5,2
125(b),P,M,0.1642,0.3745,5,2
125(b),P,N,0.09818,0.1676,4,2
125(b),P,P,0,0,,2
125(b),P,Q,0.4347,0.2703,6.5,2
125(b),P,R,-0.3112,0.0327,4,2
125(b),P,S,-0.5428,0.1904,5.5,2
125(b),P,T,-0.2678,0.0044,4.5,2
125(b),P,V,-0.2432,0.1473,10,2
125(b),P,W,-0.1885,0.1098,5.5,2
125(b),P,Y,-0.2439,0.01125,7.5,2
126(a),M,A,0.2113,0.1095,5.5,2
126(a),M,C,-0.2299,0.0643,10.5,2
126(a),M,D,-0.0763,0.3335,3.5,2
126(a),M,E,-0.1726,0.1352,4,2
126(a),M,F,-0.2775,0.0356,7.5,2
126(a),M,G,-0.1037,0.0908,3.5,2
126(a),M,H,-0.08245,0.04995,8,2
126(a),M,I,0.08782,0.05998,12,2
126(a),M,K,-0.3843,0.1433,3.5,2
126(a),M,L,-0.2735,0.1073,7.5,2
126(a),M,M,0,0,,2
126(a),M,N,-0.0025,0.4595,4,2
126(a),M,P,-3.676,0,7.5,2
126(a),M,Q,-0.2658,0.0797,7.5,2
126(a),M,R,0.0606,0.3502,7.5,2
126(a),M,S,0.03928,0.09692,8.5,2
126(a),M,T,-0.2143,0.1557,9.5,2
126(a),M,V,0.2006,0.03815,10.5,2
126(a),M,W,-0.215,0.2353,4,2
126(a),M,Y,-0.1358,0.03375,7.5,2
126(b),A,A,0,0,,2
126(b),A,C,-0.02721,0.1074,5.5,2
126(b),A,D,-0.0223,0.3567,8,2
126(b),A,E,0.0037,0.3143,7.5,2
126(b),A,F,0.1997,0.5675,2.5,2
126(b),A,G,-0.1808,0.3347,4,2
126(b),A,H,0.09196,0.1511,6,2
126(b),A,I,0.3925,0.213,6,2
126(b),A,K,0.1419,0.1876,5,2
126(b),A,L,-0.03927,0.03218,7.5,2
126(b),A,M,-0.2713,0.3417,4.5,2
126(b),A,N,0.0781,0.045,6,2
126(b),A,P,-0.1255,0.2259,4.5,2
126(b),A,Q,0.01101,0.05976,5,2
126(b),A,R,-0.1595,0.4252,4,2
126(b),A,S,-0.0793,0.09011,5,2
126(b),A,T,0.1563,0.1766,13.5,2
126(b),A,V,-0.2796,0.139,7.5,2
126(b),A,W,0.09023,0.1244,7.5,2
126(b),A,Y,-0.219,0.0496,4,2
127(a),K,A,-0.4974,0.0471,7,2
127(a),K,C,-0.1142,0.4394,6,2
127(a),K,D,-0.2843,0.05135,7,2
127(a),K,E,-0.2753,0.2094,7,2
127(a),K,F,0.03556,0.02058,8.5,2
127(a),K,G,-0.296,0.137,11,2
127(a),K,H,-0.1583,0.1131,6.5,2
127(a),K,I,-0.02704,0.1081,5.5,2
127(a),K,K,0,0,,2
127(a),K,L,0.2224,0.1293,5.5,2
127(a),K,M,-0.06971,0.1048,7.5,2
127(a),K,N,-0.359,0.3302,6,2
127(a),K,P,-2.135,0.1275,7,2
127(a),K,Q,-0.2229,0.1463,4,2
127(a),K,R,0.08911,0.1601,7,2
127(a),K,S,-0.04025,0.2591,5,2
127(a),K,T,0.03303,0.08427,7,2
127(a),K,V,0.05415,0.3102,9.5,2
127(a),K,W,-0.3407,0.1245,8,2
127(a),K,Y,0.05218,0.06492,12.5,2
127(b),D,A,0.3783,0.07335,9.5,2
127(b),D,C,-0.01441,0.04987,5.5,2
127(b),D,D,0,0,,2
127(b),D,E,0.01383,0.07527,5.5,2
127(b),D,F,-0.085,0.0716,2.5,2
127(b),D,G,-0.4607,0.2085,4.5,2
127(b),D,H,0.0853,0.271,7.5,2
127(b),D,I,-0.02695,0.3114,5,2
127(b),D,K,0.1572,0.05055,5,2
127(b),D,L,-0.3013,0.0514,3,2
127(b),D,M,-0.3298,0.1556,5.5,2
127(b),D,N,-0.0042,0.1634,12.5,2
127(b),D,P,0.2641,0.2149,5,2
127(b),D,Q,-0.447,0.664,2,2
127(b),D,R,0.08465,0.1228,9.5,2
127(b),D,S,-0.00473,0.05112,4,2
127(b),D,T,-0.124,0.04068,5,2
127(b),D,V,0.1507,0.05312,6,2
127(b),D,W,-0.1715,0.1442,3.5,2
127(b),D,Y,0.1624,0.1652,6.5,2
128(a),N,A,0.4428,0.1801,5,2
128(a),N,C,0.09981,0.06559,5,2
128(a),N,D,0.05803,0.1231,6.5,2
128(a),N,E,-0.1325,0.00735,9.5,2
128(a),N,F,0.2711,0.2865,4.5,2
128(a),N,G,-0.1075,0.02175,9.5,2
128(a),N,H,-0.00925,0.1515,6.5,2
128(a),N,I,-0.04875,0.1896,6,2
128(a),N,K,0.2493,0.0739,10,2
128(a),N,L,-0.02119,0.1116,6,2
128(a),N,M,0.4796,0.3839,6,2
128(a),N,N,0,0,,2
128(a),N,P,-1.289,0.02,9,2
128(a),N,Q,-0.0001,0.2527,5.5,2
128(a),N,R,-0.187,0.02985,7.5,2
128(a),N,S,-0.1338,0.1871,9,2
128(a),N,T,0.0613,0.2209,7,2
128(a),N,V,0.1283,0.1974,11,2
128(a),N,W,0.1276,0.3959,6.5,2
128(a),N,Y,-0.03574,0.06037,6.5,2
128(b),I,A,0.1278,0.0055,7.5,2
128(b),I,C,-0.4511,0.06015,9,2
128(b),I,D,-1.419,0.1035,8.5,2
128(b),I,E,-1.018,0.0533,6.5,2
128(b),I,F,-0.08523,0.1201,8,2
128(b),I,G,0.3275,0.4107,4,2
128(b),I,H,-0.285,0.1358,4.5,2
128(b),I,I,0,0,,2
128(b),I,K,-1.032,0.2126,8.5,2
128(b),I,L,-0.229,0.2392,7.5,2
128(b),I,M,0.2056,0.1061,5,2
128(b),I,N,-0.1746,0.3051,6,2
128(b),I,P,0.1362,0.1744,4,2
128(b),I,Q,-0.1811,0.1391,8.5,2
128(b),I,R,-0.6446,0.1682,9,2
128(b),I,S,-0.242,0,2,1
128(b),I,T,-0.0008,0.1807,6,2
128(b),I,V,0.345,0.2303,4,2
128(b),I,W,-0.2842,0.243,5.5,2
128(b),I,Y,-0.5797,0.5203,6.5,2
129(a),G,A,-0.04905,0.1292,7.5,2
129(a),G,C,0.3285,0.2239,9,2
129(a),G,D,0.07895,0.3809,8,2
129(a),G,E,0.3382,0.1882,7,2
129(a),G,F,-0.1536,0.0894,7,2
129(a),G,G,0,0,,2
129(a),G,H,0.2682,0.01425,4.5,2
129(a),G,I,-0.03266,0.01531,5,2
129(a),G,K,0.3545,0.0694,3.5,2
129(a),G,L,0.00385,0.1637,5.5,2
129(a),G,M,-0.1058,0.3272,2,2
129(a),G,N,0.218,0.1176,7,2
129(a),G,P,-2.853,0.262,6.5,2
129(a),G,Q,0.2148,0.025,8,2
129(a),G,R,-0.07739,0.03962,8,2
129(a),G,S,-0.3816,0.08815,4,2
129(a),G,T,0.1692,0.0366,4,2
129(a),G,V,-0.07495,0.333,13,2
129(a),G,W,0.0519,0.3368,4.5,2
129(a),G,Y,0.2536,0.1735,6,2
129(b),Q,*,-4.341,0,1,1
129(b),Q,A,0.08103,0.104,4.5,2
129(b),Q,C,-0.4679,0.5822,4,2
129(b),Q,D,-0.09908,0.06181,4.5,2
129(b),Q,E,-0.4838,0.164,7,2
129(b),Q,F,0.4507,0.1377,7,2
129(b),Q,G,-0.07764,0.03316,3,2
129(b),Q,H,-0.211,0.1721,5,2
129(b),Q,I,-0.2228,0.108,10.5,2
129(b),Q,K,0.0033,0.1356,6.5,2
129(b),Q,L,-0.2315,0.3731,4,2
129(b),Q,M,-0.2932,0.1623,4.5,2
129(b),Q,N,-0.2368,0.1798,6.5,2
129(b),Q,P,-0.726,0.309,7.5,2
129(b),Q,Q,0,0,,2
129(b),Q,R,0.1305,0.08446,7.5,2
129(b),Q,S,0.0979,0.1006,11,2
129(b),Q,T,-0.3813,0.00585,8,2
129(b),Q,V,0.0185,0.2705,4,2
129(b),Q,W,0.4134,0.1485,3,2
129(b),Q,Y,-0.2066,0.192,4,2
13(T2A),G,D,-1.607,0.204,1,2
13(T2A),G,G,0,0,,2
13(a),Y,*,-6,0,6,2
13(a),Y,A,-0.3128,0.0511,4,2
13(a),Y,C,-0.8574,0.2716,5,2
13(a),Y,D,-5.254,0,1.5,1
13(a),Y,E,-2.889,0.219,5.5,2
13(a),Y,F,-0.5949,0.412,1.5,2
13(a),Y,G,-3.478,0,3,2
13(a),Y,H,-0.2752,0.1013,7,2
13(a),Y,I,-0.8427,0.0415,3.5,2
13(a),Y,K,-1.892,0.227,2.5,2
13(a),Y,L,-1.14,0.1886,4,2
13(a),Y,M,0.09653,0.1644,5,2
13(a),Y,N,-2.045,0.2865,6.5,2
13(a),Y,P,-6,0,6.5,2
13(a),Y,Q,-1.493,1.083,3.5,2
13(a),Y,R,-1.671,0.1845,4,2
13(a),Y,S,-0.7917,0.0219,4.5,2
13(a),Y,T,-0.4853,0.0014,3.5,2
13(a),Y,V,-0.5413,0.04745,3.5,2
13(a),Y,W,-0.5066,0.3955,3.5,2
13(a),Y,Y,0,0,,2
13(b),V,A,-0.1689,0.1081,9,2
13(b),V,C,-0.2331,0.0703,6.5,2
13(b),V,D,-3.709,0,10.5,2
13(b),V,E,-2.306,0.15,8.5,2
13(b),V,F,-0.2989,0.1171,3,2
13(b),V,G,-2.506,0.355,6,2
13(b),V,H,-1.024,0.07855,5.5,2
13(b),V,I,-1.168,0.3407,4,2
13(b),V,K,-1.445,0.1,7.5,2
13(b),V,L,-1.069,0.1956,9,2
13(b),V,M,-0.608,0.3811,3.5,2
13(b),V,N,-1.51,0.0675,5,2
13(b),V,P,-6,0,5,2
13(b),V,Q,-1.638,0.177,9,2
13(b),V,R,-2.522,0.1805,7,2
13(b),V,S,0.0044,0.00607,5,2
13(b),V,T,-0.1441,0.02545,9,2
13(b),V,V,0,0,,2
13(b),V,W,-1.101,0.046,6,2
13(b),V,Y,-0.6125,0.05115,7,2
130(a),Q,*,-6,0,1,1
130(a),Q,A,0.3576,0.1338,7.5,2
130(a),Q,C,0.1307,0.05051,7,2
130(a),Q,D,0.373,0.1899,7.5,2
130(a),Q,E,-0.2626,0.2445,6,2
130(a),Q,F,-0.158,0.3298,3.5,2
130(a),Q,G,0.1207,0.1102,6.5,2
130(a),Q,H,0.0323,0.05145,8.5,2
130(a),Q,I,0.2192,0.0813,10.5,2
130(a),Q,K,-0.07815,0.3648,10,2
130(a),Q,L,0.3304,0.0469,8,2
130(a),Q,M,0.1688,0.1302,10,2
130(a),Q,N,-0.0057,0.3129,5,2
130(a),Q,P,-0.6464,0.0986,6,2
130(a),Q,Q,0,0,,2
130(a),Q,R,0.09531,0.0237,6,2
130(a),Q,S,0.3992,0.1267,9,2
130(a),Q,T,0.2322,0.1734,8,2
130(a),Q,V,0.3195,0.09935,9.5,2
130(a),Q,W,0.00917,0.05282,9,2
130(a),Q,Y,0.1111,0.1359,7.5,2
130(b),V,A,-0.173,0.0162,7.5,2
130(b),V,C,-0.3862,0.1787,5,2
130(b),V,D,-6,0,10,2
130(b),V,E,-5.438,0,8,2
130(b),V,F,-0.04843,0.07407,10,2
130(b),V,G,-0.8132,0.1681,7.5,2
130(b),V,H,-1.455,0.003,10,2
130(b),V,I,-0.0302,0.1521,7.5,2
130(b),V,K,-3.619,0,4.5,2
130(b),V,L,0.08512,0.1584,9,2
130(b),V,M,-0.04336,0.1274,5,2
130(b),V,N,-2.308,0.3345,7,2
130(b),V,P,-0.8075,0.3464,7,2
130(b),V,Q,-0.4774,0.0722,6,2
130(b),V,R,-3.47,0,5,2
130(b),V,S,-0.9135,0.1365,8.5,2
130(b),V,T,-0.2898,0.01785,3,2
130(b),V,V,0,0,,2
130(b),V,W,0.2903,0.1849,8,2
130(b),V,Y,0.02889,0.1084,6,2
131(a),E,*,-6,0,1,2
131(a),E,A,0.1077,0.1791,5.5,2
131(a),E,C,0.3044,0.01705,8.5,2
131(a),E,D,0.00285,0.151,7.5,2
131(a),E,E,0,0,,2
131(a),E,F,-0.1007,0.07222,7,2
131(a),E,G,-0.1963,0.1354,8.5,2
131(a),E,H,-0.1083,0.02656,9,2
131(a),E,I,0.02839,0.05416,10,2
131(a),E,K,-0.0638,0.148,9,2
131(a),E,L,0.06599,0.1461,8,2
131(a),E,M,-0.04192,0.05607,13,2
131(a),E,N,0.3757,0.05575,6.5,2
131(a),E,P,-0.1176,0.1053,5.5,2
131(a),E,Q,-0.0376,0.0301,11,2
131(a),E,R,0.2199,0.0044,7.5,2
131(a),E,S,0.1397,0.0297,5.5,2
131(a),E,T,0.08825,0.02235,7,2
131(a),E,V,0.3145,0.06595,7.5,2
131(a),E,W,0.2484,0.02185,6,2
131(a),E,Y,0.08887,0.09863,6,2
131(b),K,A,-0.03185,0.08255,4.5,2
131(b),K,C,-0.1965,0.0522,7,2
131(b),K,D,0.29,0.009,8.5,2
131(b),K,E,0.1084,0.2101,7,2
131(b),K,F,0.3139,0.0309,5,2
131(b),K,G,-0.0707,0.3595,4,2
131(b),K,H,0.248,0.04985,8.5,2
131(b),K,I,-0.306,0.2477,6,2
131(b),K,K,0,0,,2
131(b),K,L,0.369,0.8609,3.5,2
131(b),K,M,0.1674,0.312,6,2
131(b),K,N,0.02506,0.09434,8,2
131(b),K,P,-3.707,0,7.5,2
131(b),K,Q,0.1186,0.2747,6,2
131(b),K,R,-0.037,0.0904,2,2
131(b),K,S,-0.03095,0.1434,5.5,2
131(b),K,T,0.1144,0.1244,5.5,2
131(b),K,V,-0.2429,0.03525,5.5,2
131(b),K,W,0.09884,0.1545,7,2
131(b),K,Y,0.2303,0.1614,8.5,2
132(a),V,A,-0.01721,0.09259,7.5,2
132(a),V,C,0.02615,0.3578,6.5,2
132(a),V,D,-0.1893,0.174,7.5,2
132(a),V,E,-0.0195,0.187,8.5,2
132(a),V,F,-0.1474,0.0365,6.5,2
132(a),V,G,0.1369,0.01405,6.5,2
132(a),V,H,-0.1539,0.1789,5.5,2
132(a),V,I,0.4368,0.3352,3.5,2
132(a),V,K,0.149,0.2227,4.5,2
132(a),V,L,-0.01166,0.1084,6,2
132(a),V,M,-0.1119,0.4656,8,2
132(a),V,N,0.1344,0.1928,5.5,2
132(a),V,P,0.0545,0.01775,4.5,2
132(a),V,Q,0.0674,0.0074,8.5,2
132(a),V,R,0.4577,0.1136,8.5,2
132(a),V,S,0.1107,0.06993,3.5,2
132(a),V,T,-0.01495,0.2,6.5,2
132(a),V,V,0,0,,2
132(a),V,W,0.1268,0.0174,7,2
132(a),V,Y,-0.1759,0.457,4,2
132(b),W,*,-6,0,1,2
132(b),W,A,-0.4699,0.0186,7.5,2
132(b),W,C,-2.005,0.4195,4.5,2
132(b),W,D,-6,0,5,2
132(b),W,E,-5.013,0,9.5,2
132(b),W,F,0.2203,0.0637,6.5,2
132(b),W,G,-2.213,0.1845,3.5,2
132(b),W,H,-1.312,0.1825,3.5,2
132(b),W,I,-0.215,0.09995,6,2
132(b),W,K,-4.002,0,3,2
132(b),W,L,-0.0246,0.0127,5,2
132(b),W,M,-0.3463,0.2354,5,2
132(b),W,N,-3.426,0.0675,3.5,2
132(b),W,P,-2.082,0.1685,5.5,2
132(b),W,Q,-1.047,0.1677,3.5,2
132(b),W,R,-6,0,6,2
132(b),W,S,-2.611,0.159,4.5,2
132(b),W,T,-0.7331,0.195,4,2
132(b),W,V,-0.4225,0.1296,7.5,2
132(b),W,W,0,0,,2
132(b),W,Y,0.04195,0.2293,7,2
133(a),T,A,-0.3519,0.4817,7.5,2
133(a),T,C,-0.09821,0.07678,6.5,2
133(a),T,D,0.0605,0.193,9,2
133(a),T,E,-0.02406,0.06513,9,2
133(a),T,F,0.1278,0.1235,6.5,2
133(a),T,G,0.1911,0.07995,5,2
133(a),T,H,-0.11,0.1034,4.5,2
133(a),T,I,-0.1008,0.3104,10,2
133(a),T,K,0.2437,0.06635,11,2
133(a),T,L,0.1469,0.0867,2.5,2
133(a),T,M,-0.4247,0.3117,6,2
133(a),T,N,0.00235,0.114,8.5,2
133(a),T,P,-0.1915,0.04075,9,2
133(a),T,Q,0.0238,0.06796,9.5,2
133(a),T,R,0.2818,0.04035,5.5,2
133(a),T,S,0.159,0.02515,5.5,2
133(a),T,T,0,0,,2
133(a),T,V,-0.0478,0.5143,2,2
133(a),T,W,-0.1432,0.3327,8,2
133(a),T,Y,0.1078,0.2122,6,2
133(b),F,A,0.0784,0.0636,4,2
133(b),F,C,-0.03195,0.0283,5.5,2
133(b),F,D,-0.3087,0.09415,6,2
133(b),F,E,-0.014,0.2917,4.5,2
133(b),F,F,0,0,,2
133(b),F,G,0.03433,0.07517,9,2
133(b),F,H,-0.1115,0.141,3.5,2
133(b),F,I,-0.2499,0.09135,8,2
133(b),F,K,-0.05127,0.05122,8,2
133(b),F,L,-0.2984,0.04665,5,2
133(b),F,M,0.2193,0.06095,5,2
133(b),F,N,-0.1084,0.1691,6.5,2
133(b),F,P,-6,0,8,2
133(b),F,Q,0.01201,0.09008,6,2
133(b),F,R,0.05205,0.3219,8,2
133(b),F,S,-3.073,1.427,2.5,2
133(b),F,T,-0.0294,0.164,4,2
133(b),F,V,0.3955,0.325,4,2
133(b),F,W,0.2648,0.3719,3.5,2
133(b),F,Y,-0.06362,0.02001,2.5,2
134(a),E,A,0.176,0.068,6,2
134(a),E,C,-0.1772,0.06645,5.5,2
134(a),E,D,-0.1201,0.2221,9,2
134(a),E,E,0,0,,2
134(a),E,F,-0.0881,0.1859,6,2
134(a),E,G,0.0197,0.0361,7,2
134(a),E,H,-0.1316,0.03753,6.5,2
134(a),E,I,0.05884,0.05646,16,2
134(a),E,K,0.1451,0.0067,12,2
134(a),E,L,-0.09817,0.07814,7.5,2
134(a),E,M,0.0249,0.2983,9.5,2
134(a),E,N,0.2534,0.3053,7.5,2
134(a),E,P,0.1723,0.01045,4.5,2
134(a),E,Q,0.0577,0.00082,13,2
134(a),E,R,-0.3924,0.424,3.5,2
134(a),E,S,0.2077,0.06085,9,2
134(a),E,T,-0.0831,0.0706,7,2
134(a),E,V,0.4264,0.01965,7,2
134(a),E,W,-0.2897,0.2779,7,2
134(a),E,Y,0.07331,0.1719,10,2
134(b),K,A,0.08635,0.2416,5,2
134(b),K,C,-0.0469,0.1849,6.5,2
134(b),K,D,-0.4903,0.0949,5,2
134(b),K,E,-0.4475,0.3116,5.5,2
134(b),K,F,0.00161,0.01503,5.5,2
134(b),K,G,-0.2523,0.2435,9,2
134(b),K,H,-0.0129,0.1894,5,2
134(b),K,I,0.122,0.3764,4,2
134(b),K,K,0,0,,2
134(b),K,L,0.07345,0.2862,6.5,2
134(b),K,M,-0.38,0.2496,7,2
134(b),K,N,-0.3881,0.1356,8,2
134(b),K,P,-1.229,0.048,12.5,2
134(b),K,Q,0.144,0.1657,6.5,2
134(b),K,R,-0.08115,0.1373,9.5,2
134(b),K,S,-0.1316,0.06713,4.5,2
134(b),K,T,0.0083,0.1845,8,2
134(b),K,V,0.1611,0.0226,4,2
134(b),K,W,0.1458,0.3177,3,2
134(b),K,Y,-0.4418,0.408,6,2
135(a),G,*,-6,0,0.5,1
135(a),G,A,0.00666,0.01484,3,2
135(a),G,C,-0.5645,0.02525,4.5,2
135(a),G,D,0.00385,0.2172,4,2
135(a),G,E,0.1605,0.3834,6,2
135(a),G,F,0.0005,0.2331,8,2
135(a),G,G,0,0,,2
135(a),G,H,-0.07686,0.1458,6.5,2
135(a),G,I,-0.0666,0.0748,6.5,2
135(a),G,K,0.5201,0.1504,9,2
135(a),G,L,0.1485,0.1832,6,2
135(a),G,M,-0.361,0.0699,10,2
135(a),G,N,0.05276,0.1027,9,2
135(a),G,P,-0.2922,0.0928,7,2
135(a),G,Q,-0.06261,0.1543,7.5,2
135(a),G,R,-0.1176,0.08004,10.5,2
135(a),G,S,-0.1443,0.133,6.5,2
135(a),G,T,-0.1307,0.2574,7.5,2
135(a),G,V,0.04954,0.02712,9,2
135(a),G,W,-0.5497,0.2576,8,2
135(a),G,Y,-0.3617,0.03935,6.5,2
135(b),N,A,0.09108,0.06552,4.5,2
135(b),N,C,0.121,0.09327,4.5,2
135(b),N,D,-0.1329,0.0548,6,2
135(b),N,E,0.1791,0.0539,5.5,2
135(b),N,F,0.02241,0.07939,5.5,2
135(b),N,G,0.1079,0.274,5,2
135(b),N,H,-0.04992,0.09978,5.5,2
135(b),N,I,-0.0711,0.3069,3.5,2
135(b),N,K,0.033,0.2785,8.5,2
135(b),N,L,-0.1034,0.06641,5,2
135(b),N,M,-0.2544,0.2847,6.5,2
135(b),N,N,0,0,,2
135(b),N,P,-1.273,0.081,5,2
135(b),N,Q,-0.0748,0.0578,3.5,2
135(b),N,R,-0.2195,0.0133,7.5,2
135(b),N,S,-0.1927,0.2611,4,2
135(b),N,T,-0.05351,0.1337,9,2
135(b),N,V,-0.3202,0.00705,8,2
135(b),N,W,-0.2359,0.09875,6.5,2
135(b),N,Y,-0.1686,0.0612,6,2
136(a),V,A,-0.06039,0.07921,6.5,2
136(a),V,C,0.1645,0.1104,7,2
136(a),V,D,-0.7326,0.0794,2.5,2
136(a),V,E,-0.4117,0.1014,5,2
136(a),V,F,-0.3479,0.1067,8.5,2
136(a),V,G,-0.7468,0.114,6,2
136(a),V,H,-0.3574,0.41,7.5,2
136(a),V,I,0.2633,0.2475,5,2
136(a),V,K,0.1369,0.1845,7.5,2
136(a),V,L,0.1212,0.1318,8,2
136(a),V,M,-0.3148,0.00935,6.5,2
136(a),V,N,-0.433,0.1071,6.5,2
136(a),V,P,-0.08701,0.1319,9,2
136(a),V,Q,-0.298,0.0878,7,2
136(a),V,R,-0.2292,0.09135,4.5,2
136(a),V,S,-0.1329,0.1042,5.5,2
136(a),V,T,-0.381,0.2052,5,2
136(a),V,V,0,0,,2
136(a),V,W,-0.2323,0.1598,5.5,2
136(a),V,Y,-0.5128,0.1706,8.5,2
136(b),G,A,-0.2063,0.0078,6,2
136(b),G,C,0.06835,0.2768,3,2
136(b),G,D,0.1781,0.1962,6.5,2
136(b),G,E,0.1358,0.1612,2.5,2
136(b),G,F,0.0041,0.1875,5,2
136(b),G,G,0,0,,2
136(b),G,H,0.0516,0.097,6.5,2
136(b),G,I,0.04372,0.07218,6,2
136(b),G,K,-0.08881,0.1506,3.5,2
136(b),G,L,0.4039,0.2598,5.5,2
136(b),G,M,-0.01457,0.01457,9,2
136(b),G,N,0.09746,0.000245,8.5,2
136(b),G,P,-1.472,0.1635,9.5,2
136(b),G,Q,-0.1257,0.07135,6.5,2
136(b),G,R,0.1487,0.2224,5,2
136(b),G,S,-0.04802,0.05598,6.5,2
136(b),G,T,0.189,0.01345,4.5,2
136(b),G,V,-0.4069,0.1576,6.5,2
136(b),G,W,0.1746,0.1011,7.5,2
136(b),G,Y,-0.06496,0.01211,6.5,2
137(a),S,A,-0.6716,0.0762,7.5,2
137(a),S,C,0.127,0.2562,4.5,2
137(a),S,D,0.5135,0.0955,10.5,2
137(a),S,E,0.4489,0.09005,4.5,2
137(a),S,F,-0.5356,0.6954,2.5,2
137(a),S,G,-0.7469,0.1059,8.5,2
137(a),S,H,0.1537,0.1006,6.5,2
137(a),S,I,0.3502,0.3382,6,2
137(a),S,K,0.3219,0.1835,7,2
137(a),S,L,0.5165,0.0232,6,2
137(a),S,M,0.7422,0.2608,5,2
137(a),S,N,1.026,0.04735,4.5,2
137(a),S,P,-0.6571,0.1058,7,2
137(a),S,Q,0.3352,0.04675,6.5,2
137(a),S,R,-0.1164,0.02492,4.5,2
137(a),S,S,0,0,,2
137(a),S,T,0.4911,0.2385,6.5,2
137(a),S,V,0.3619,0.1482,8.5,2
137(a),S,W,0.1767,0.2013,8,2
137(a),S,Y,-0.1799,0.1918,4.5,2
137(b),Q,*,-6,0,0.5,1
137(b),Q,A,-0.04686,0.127,4.5,2
137(b),Q,C,-0.2845,0.1865,9,2
137(b),Q,D,-0.1879,0.3163,7.5,2
137(b),Q,E,-0.1111,0.1001,6.5,2
137(b),Q,F,0.0466,0.1536,6,2
137(b),Q,G,0.2318,0.03335,6,2
137(b),Q,H,-0.01745,0.00383,10.5,2
137(b),Q,I,0.4021,0.1171,6.5,2
137(b),Q,K,0.0187,0.1401,12.5,2
137(b),Q,L,-0.01635,0.1169,8,2
137(b),Q,M,0.08665,0.4768,5,2
137(b),Q,N,-0.04439,0.0261,6,2
137(b),Q,P,-0.5544,0.259,7,2
137(b),Q,Q,0,0,,2
137(b),Q,R,0.00615,0.1254,7.5,2
137(b),Q,S,-0.3318,0.1954,7,2
137(b),Q,T,0.1658,0.05665,11,2
137(b),Q,V,0.7023,0.5687,4.5,2
137(b),Q,W,0.01944,0.04099,9,2
137(b),Q,Y,-0.153,0.07336,8.5,2
138(a),E,A,0.5565,0.2882,9,2
138(a),E,C,0.3702,0.1431,7,2
138(a),E,D,0.0578,0.2325,4.5,2
138(a),E,E,0,0,,2
138(a),E,F,0.09806,0.06793,8,2
138(a),E,G,0.4383,0.0603,7,2
138(a),E,H,0.3925,0.2095,9,2
138(a),E,I,0.4709,0.1148,8.5,2
138(a),E,K,0.4095,0.4198,8,2
138(a),E,L,-0.1465,0.4826,6.5,2
138(a),E,M,0.2325,0.1632,3.5,2
138(a),E,N,-0.1381,0.2377,5,2
138(a),E,P,-0.1852,0.2033,7.5,2
138(a),E,Q,-0.0155,0.1609,7,2
138(a),E,R,0.0617,0.467,2.5,2
138(a),E,S,0.6004,0.1597,3,2
138(a),E,T,0.4556,0.05215,9.5,2
138(a),E,V,0.2009,0.3458,6,2
138(a),E,W,0.2764,0.2456,9.5,2
138(a),E,Y,0.5712,0.228,7,2
138(b),E,A,-0.08059,0.164,6.5,2
138(b),E,C,-0.1178,0.08493,7.5,2
138(b),E,D,0.04783,0.02645,5.5,2
138(b),E,E,0,0,,2
138(b),E,F,-0.2828,0.08905,8.5,2
138(b),E,G,0.3586,0.0002,8.5,2
138(b),E,H,0.3569,0.0784,6,2
138(b),E,I,0.03893,0.04115,8,2
138(b),E,K,-0.2297,0.0937,6.5,2
138(b),E,L,0.1303,0.1586,6,2
138(b),E,M,0.1218,0.04706,6,2
138(b),E,N,0.115,0.02716,9,2
138(b),E,P,-0.1073,0.2431,7.5,2
138(b),E,Q,-0.3244,0.0351,5.5,2
138(b),E,R,-0.09193,0.03207,4.5,2
138(b),E,S,-0.1915,0.00545,7,2
138(b),E,T,0.0047,0.1661,5,2
138(b),E,V,-0.1905,0.2892,8,2
138(b),E,W,0.07311,0.01926,8,2
138(b),E,Y,0.2054,0.1483,9,2
139(a),T,A,-0.9626,0.07045,4,2
139(a),T,C,-0.4564,0.3021,5,2
139(a),T,D,-0.3442,0.2881,8.5,2
139(a),T,E,-0.00935,0.1142,8,2
139(a),T,F,-0.3129,0.09585,10.5,2
139(a),T,G,-0.6009,0.1765,5.5,2
139(a),T,H,0.1746,0.03705,5,2
139(a),T,I,-0.9822,0.0658,9.5,2
139(a),T,K,-0.2817,0.1231,6,2
139(a),T,L,-0.0878,0.0687,11,2
139(a),T,M,0.4123,0.0126,5.5,2
139(a),T,N,0.2167,0.00295,5.5,2
139(a),T,P,-0.2021,0.01485,8,2
139(a),T,Q,-0.07916,0.1696,8.5,2
139(a),T,R,-0.159,0.1665,8,2
139(a),T,S,-0.6607,0.1124,7,2
139(a),T,T,0,0,,2
139(a),T,V,-0.401,0.0679,5.5,2
139(a),T,W,0.195,0.0051,5,2
139(a),T,Y,-0.02385,0.03924,9,2
139(b),E,A,0.08963,0.1209,6.5,2
139(b),E,C,0.09961,0.1893,7.5,2
139(b),E,D,0.1567,0.08184,6,2
139(b),E,E,0,0,,2
139(b),E,F,0.0459,0.0922,6.5,2
139(b),E,G,-0.22,0.08055,4.5,2
139(b),E,H,-0.02525,0.08536,7.5,2
139(b),E,I,0.1146,0.0912,5.5,2
139(b),E,K,0.177,0.09698,11,2
139(b),E,L,0.1767,0.2883,5,2
139(b),E,M,-0.00435,0.3982,6,2
139(b),E,N,-0.5887,0.08385,4,2
139(b),E,P,0.05495,0.3528,3,2
139(b),E,Q,0.172,0.1977,7.5,2
139(b),E,R,0.1808,0.1368,5.5,2
139(b),E,S,0.3443,0.1553,7.5,2
139(b),E,T,-0.00355,0.1633,6,2
139(b),E,V,-0.02331,0.07949,7,2
139(b),E,W,-0.1866,0.1274,6,2
139(b),E,Y,-0.0878,0.5326,3.5,2
14(T2A),D,D,0,0,,2
14(T2A),D,E,-1.423,0.259,1,2
14(T2A),D,G,-5.346,0,0.5,1
14(T2A),D,H,-1.635,0,0.5,1
14(T2A),D,N,-1.337,0.5762,4.5,2
14(a),Q,*,-6,0,8,2
14(a),Q,A,0.2329,0.18,5.5,2
14(a),Q,C,-0.3837,0.2047,5,2
14(a),Q,D,-0.07055,0.2132,4.5,2
14(a),Q,E,-0.1869,0.2687,6.5,2
14(a),Q,F,-0.2034,0.3382,4,2
14(a),Q,G,-0.1729,0.2637,5,2
14(a),Q,H,0.09297,0.1637,9,2
14(a),Q,I,-1.128,0.5744,2,2
14(a),Q,K,-1.808,0.0395,3.5,2
14(a),Q,L,-1.474,1.528,4,2
14(a),Q,M,0.326,0.0194,4,2
14(a),Q,N,-0.3544,0.3368,2,2
14(a),Q,P,-6,0,5.5,2
14(a),Q,Q,0,0,,2
14(a),Q,R,-1.195,0.0925,4.5,2
14(a),Q,S,0.03246,0.0624,2,2
14(a),Q,T,-0.5765,0.3184,4,2
14(a),Q,V,-0.0113,0.2353,3.5,2
14(a),Q,W,-0.05008,0.1346,5,2
14(a),Q,Y,0.2276,0.5577,3.5,2
14(b),A,A,0,0,,2
14(b),A,C,0.1141,0.08318,3,2
14(b),A,D,-0.42,0.1909,8.5,2
14(b),A,E,-0.3559,0,2.5,1
14(b),A,F,-0.9114,0.3316,5,2
14(b),A,G,0.0836,0.3414,4.5,2
14(b),A,H,0.06039,0.06661,9.5,2
14(b),A,I,-0.4226,0.0226,7,2
14(b),A,K,-0.0069,0.3085,5.5,2
14(b),A,L,-0.4112,0.1928,7.5,2
14(b),A,M,-0.08167,0.1114,6,2
14(b),A,N,0.09264,0.1164,8,2
14(b),A,P,-5.032,0,7.5,2
14(b),A,Q,0.1821,0.06165,6.5,2
14(b),A,R,0.0026,0.2938,7.5,2
14(b),A,S,0.05198,0.05262,7,2
14(b),A,T,-0.1166,0.1679,7.5,2
14(b),A,V,-0.025,0.2418,8,2
14(b),A,W,-1.331,0.0225,6.5,2
14(b),A,Y,-0.9116,0.3905,7,2
140(a),V,A,-0.1663,0.01415,8.5,2
140(a),V,C,-0.09755,0.08324,7,2
140(a),V,D,-0.2802,0.1266,7,2
140(a),V,E,-0.5182,0.07705,6.5,2
140(a),V,F,0.0236,0.2116,8.5,2
140(a),V,G,-0.8846,0.09845,9,2
140(a),V,H,-0.2906,0.00285,9,2
140(a),V,I,0.3194,0.1905,8.5,2
140(a),V,K,-0.0036,0.1552,6.5,2
140(a),V,L,-0.2666,0.06225,8,2
140(a),V,M,-0.07399,0.0607,11,2
140(a),V,N,-0.04001,0.06859,6.5,2
140(a),V,P,-0.3198,0.02645,6.5,2
140(a),V,Q,0.1441,0.2806,5.5,2
140(a),V,R,0.0272,0.1503,7.5,2
140(a),V,S,-0.1222,0.2133,9,2
140(a),V,T,-0.1831,0.0721,12.5,2
140(a),V,V,0,0,,2
140(a),V,W,-0.4098,0.1296,6,2
140(a),V,Y,0.1452,0.1935,5.5,2
140(b),T,A,-0.153,0.0373,5.5,2
140(b),T,C,-0.1536,0.1946,6.5,2
140(b),T,D,-0.2325,0.0223,8.5,2
140(b),T,E,-0.2318,0.1771,4.5,2
140(b),T,F,0.2867,0.1149,10,2
140(b),T,G,0.392,0.0798,5.5,2
140(b),T,H,0.0918,0.1954,6,2
140(b),T,I,0.1682,0.1458,7.5,2
140(b),T,K,0.07902,0.1236,6.5,2
140(b),T,L,-0.465,0.00395,3.5,2
140(b),T,M,0.03987,0.1372,8.5,2
140(b),T,N,-0.279,0.1148,4,2
140(b),T,P,-0.1308,0.4243,4,2
140(b),T,Q,0.05733,0.06488,6.5,2
140(b),T,R,0.1846,0.1028,3.5,2
140(b),T,S,0.00485,0.1457,5.5,2
140(b),T,T,0,0,,2
140(b),T,V,-0.02029,0.009935,9,2
140(b),T,W,-0.09435,0.1421,8.5,2
140(b),T,Y,0.1819,0.0595,7.5,2
141(a),F,A,-0.615,0.0152,3,2
141(a),F,C,-0.06806,0.1373,8,2
141(a),F,D,-0.2927,0.2552,5.5,2
141(a),F,E,-0.02442,0.06599,8,2
141(a),F,F,0,0,,2
141(a),F,G,0.01565,0.1638,8,2
141(a),F,H,-0.1938,0.04965,4.5,2
141(a),F,I,0.3541,0.1542,7.5,2
141(a),F,K,-0.2105,0.01475,6,2
141(a),F,L,-0.07125,0.5314,3.5,2
141(a),F,M,0.05002,0.002045,8.5,2
141(a),F,N,0.1969,0.2734,8,2
141(a),F,P,-0.2661,0.2697,7,2
141(a),F,Q,-0.2054,0.02515,7,2
141(a),F,R,-0.4255,0.03815,3,2
141(a),F,S,0.02355,0.1975,5.5,2
141(a),F,T,-0.007727,0.001097,8,2
141(a),F,V,-0.2793,0.2533,7,2
141(a),F,W,-0.3457,0.1156,8.5,2
141(a),F,Y,0.06562,0.09778,5.5,2
141(b),K,*,-6,0,0.5,1
141(b),K,A,-0.1702,0.1933,7,2
141(b),K,C,0.08709,0.08171,6,2
141(b),K,D,-0.02905,0.2875,4.5,2
141(b),K,E,-0.01382,0.05523,8.5,2
141(b),K,F,0.2685,0.1242,10,2
141(b),K,G,-0.1951,0.09475,10.5,2
141(b),K,H,0.0038,0.1049,4.5,2
141(b),K,I,0.1287,0.1131,8.5,2
141(b),K,K,0,0,,2
141(b),K,L,0.1538,0.0953,4,2
141(b),K,M,0.1201,0.1005,7,2
141(b),K,N,0.04435,0.1058,7,2
141(b),K,P,0.288,0.06595,6,2
141(b),K,Q,0.01067,0.04331,4.5,2
141(b),K,R,-0.0258,0.03739,10,2
141(b),K,S,0.4278,0.1429,3.5,2
141(b),K,T,0.1437,0.0378,3.5,2
141(b),K,V,0.1356,0.19,5,2
141(b),K,W,-0.0963,0.3085,8.5,2
141(b),K,Y,0.1576,0.02935,6,2
142(a),Y,A,-0.0739,0.1685,4.5,2
142(a),Y,C,-0.1433,0.3528,6.5,2
142(a),Y,D,-0.03735,0.4461,5,2
142(a),Y,E,-0.4238,0.4009,7,2
142(a),Y,F,-0.00685,0.1784,5,2
142(a),Y,G,-0.2661,0.1573,9.5,2
142(a),Y,H,-0.3473,0.08835,7,2
142(a),Y,I,-0.1194,0.1726,6,2
142(a),Y,K,0.06796,0.09763,5.5,2
142(a),Y,L,0.06415,0.2965,7.5,2
142(a),Y,M,-0.0925,0.2225,5,2
142(a),Y,N,0.1997,0.3963,3,2
142(a),Y,P,-0.4,0.007,3,2
142(a),Y,Q,-0.1444,0.253,8,2
142(a),Y,R,-0.08425,0.2274,5,2
142(a),Y,S,0.05278,0.06562,6,2
142(a),Y,T,-0.2887,0.07625,8.5,2
142(a),Y,V,-0.3404,0.03055,6,2
142(a),Y,W,0.5655,0.0216,6,2
142(a),Y,Y,0,0,,2
142(b),H,A,-0.2244,0.0558,6.5,2
142(b),H,C,0.2332,0.0083,6.5,2
142(b),H,D,-0.0142,0.183,7.5,2
142(b),H,E,0.08447,0.126,7.5,2
142(b),H,F,0.1042,0.08574,8.5,2
142(b),H,G,-0.04265,0.1088,12,2
142(b),H,H,0,0,,2
142(b),H,I,0.1714,0.1673,7,2
142(b),H,K,0.3122,0.0818,3.5,2
142(b),H,L,0.1926,0.13,7.5,2
142(b),H,M,-0.01652,0.09148,8.5,2
142(b),H,N,-0.0039,0.1729,6,2
142(b),H,P,-0.07253,0.07808,8,2
142(b),H,Q,0.1316,0.3654,5.5,2
142(b),H,R,0.00533,0.05131,8.5,2
142(b),H,S,0.0178,0.1339,5.5,2
142(b),H,T,-0.0334,0.02565,9.5,2
142(b),H,V,0.0527,0.1373,7,2
142(b),H,W,-0.1424,0.2633,4.5,2
142(b),H,Y,0.003215,0.03442,13,2
143(a),R,*,-6,0,0.5,1
143(a),R,A,0.08161,0.1275,8,2
143(a),R,C,0.1944,0.1023,9.5,2
143(a),R,D,-1.028,0.0832,7,2
143(a),R,E,-2.151,0.0595,7.5,2
143(a),R,F,-0.1508,0.1695,9,2
143(a),R,G,-0.2637,0.0941,10,2
143(a),R,H,0.09385,0.02824,6.5,2
143(a),R,I,-0.2663,0.2402,4.5,2
143(a),R,K,-0.4876,0.3253,5.5,2
143(a),R,L,0.1523,0.177,7,2
143(a),R,M,0.1958,0.205,7,2
143(a),R,N,-0.306,0.03185,7,2
143(a),R,P,-0.6347,0.4554,6.5,2
143(a),R,Q,-0.2152,0.08,6.5,2
143(a),R,R,0,0,,2
143(a),R,S,-0.2474,0.00325,9.5,2
143(a),R,T,0.08421,0.0614,6.5,2
143(a),R,V,0.06523,0.1552,13,2
143(a),R,W,-0.1968,0.2743,8.5,2
143(a),R,Y,-0.3566,0.0784,8.5,2
143(b),V,A,-0.04595,0.2999,7.5,2
143(b),V,C,0.1018,0.05178,7,2
143(b),V,D,-0.4103,0.4234,5.5,2
143(b),V,E,0.0255,0.03639,5.5,2
143(b),V,F,-0.02307,0.1064,4,2
143(b),V,G,-0.0478,0.1817,5,2
143(b),V,H,0.00985,0.2054,8.5,2
143(b),V,I,0.1352,0.2099,6,2
143(b),V,K,0.0295,0.0668,4.5,2
143(b),V,L,-0.1626,0.162,5,2
143(b),V,M,0.1623,0.2356,8.5,2
143(b),V,N,-0.142,0.1338,5.5,2
143(b),V,P,0.1232,0.0272,5.5,2
143(b),V,Q,0.2628,0.01805,2.5,2
143(b),V,R,0.2509,0.3069,5.5,2
143(b),V,S,-0.147,0.1793,8.5,2
143(b),V,T,-0.0835,0.0847,6.5,2
143(b),V,V,0,0,,2
143(b),V,W,0.03955,0.02202,10.5,2
144(a),Q,*,-4.162,0.3375,1.5,2
144(a),Q,A,0.2643,0.2421,8,2
144(a),Q,C,0.3906,0.072,5,2
144(a),Q,D,-0.02709,0.06577,6,2
144(a),Q,E,0.1778,0.00795,9,2
144(a),Q,F,-0.2604,0.2675,4.5,2
144(a),Q,G,0.116,0.1544,8,2
144(a),Q,H,0.1306,0.05749,5,2
144(a),Q,I,0.06565,0.09875,7,2
144(a),Q,K,0.1439,0.08461,4.5,2
144(a),Q,L,0.349,0.1343,7,2
144(a),Q,M,0.37,0.0846,3.5,2
144(a),Q,N,0.0874,0.1209,8.5,2
144(a),Q,P,-1.016,0.02465,9.5,2
144(a),Q,Q,0,0,,2
144(a),Q,R,0.2661,0.04535,6.5,2
144(a),Q,S,0.1133,0.2487,12.5,2
144(a),Q,T,-0.1571,0.0064,5,2
144(a),Q,V,-0.3187,0.0125,9.5,2
144(a),Q,W,-0.4425,0.07335,3,2
144(a),Q,Y,-0.0864,0.2321,5.5,2
144(b),V,A,0.08165,0.1699,4.5,2
144(b),V,C,-0.0668,0.3656,8,2
144(b),V,D,0.1999,0.2257,4.5,2
144(b),V,E,0.09705,0.276,4.5,2
144(b),V,F,0.1308,0.07479,6.5,2
144(b),V,G,-0.2703,0.01515,6.5,2
144(b),V,H,0.04263,0.05611,8.5,2
144(b),V,I,-0.04519,0.01619,8,2
144(b),V,K,-0.2065,0.1524,8,2
144(b),V,L,0.0837,0.2163,8,2
144(b),V,M,-0.234,0.169,8,2
144(b),V,N,0.3188,0.1156,4.5,2
144(b),V,P,-0.1403,0.4088,4.5,2
144(b),V,Q,-0.3187,0.517,6,2
144(b),V,R,0.08232,0.07397,4.5,2
144(b),V,S,0.1318,0.1921,5.5,2
144(b),V,T,0.1167,0.07334,7.5,2
144(b),V,V,0,0,,2
144(b),V,W,-0.04658,0.02279,8,2
144(b),V,Y,0.5473,0.3943,4.5,2
145(a),A,A,0,0,,2
145(a),A,C,0.1936,0.2519,7,2
145(a),A,D,0.104,0.1123,12,2
145(a),A,E,0.3609,0.1368,7,2
145(a),A,F,0.05158,0.02105,9.5,2
145(a),A,G,-0.001575,0.03082,5,2
145(a),A,H,-0.0295,0.1585,9,2
145(a),A,I,-0.0391,0.1931,5.5,2
145(a),A,K,0.2155,0.0422,4,2
145(a),A,L,-0.123,0.3104,7,2
145(a),A,M,-0.08651,0.07338,8.5,2
145(a),A,N,0.3993,0.09095,4.5,2
145(a),A,P,-0.325,0.125,7,2
145(a),A,Q,-0.2601,0.0308,7.5,2
145(a),A,R,-0.2388,0.2072,8.5,2
145(a),A,S,0.2906,0.06505,6.5,2
145(a),A,T,-0.06415,0.2003,7,2
145(a),A,V,-0.03249,0.0677,10.5,2
145(a),A,W,-0.009665,0.04131,8,2
145(a),A,Y,0.008515,0.0666,9.5,2
145(b),S,A,0.1786,0.0783,7,2
145(b),S,C,0.2563,0.042,5.5,2
145(b),S,D,0.1193,0.02494,4.5,2
145(b),S,E,-0.05165,0.06665,5.5,2
145(b),S,F,-0.02445,0.2795,7.5,2
145(b),S,G,-0.08215,0.1048,4,2
145(b),S,H,0.1705,0.0376,11.5,2
145(b),S,I,0.1267,0.05469,7.5,2
145(b),S,K,0.1274,0.1415,6.5,2
145(b),S,L,0.1567,0.1374,4.5,2
145(b),S,M,0.03755,0.04505,7,2
145(b),S,N,-0.0273,0.1818,7.5,2
145(b),S,P,0.2523,0.3175,4,2
145(b),S,Q,0.1259,0.07669,8,2
145(b),S,R,-0.02824,0.1229,13,2
145(b),S,S,0,0,,2
145(b),S,T,0.2758,0.5042,2.5,2
145(b),S,V,0.1327,0.06764,5.5,2
145(b),S,W,0.1404,0.2674,7.5,2
145(b),S,Y,0.2044,0.08955,7.5,2
146(a),D,A,-0.2,0.2125,7.5,2
146(a),D,C,-0.2771,0.303,8,2
146(a),D,D,0,0,,2
146(a),D,E,-0.07336,0.1607,8,2
146(a),D,F,-0.399,0.0284,6.5,2
146(a),D,G,-0.06881,0.1062,7,2
146(a),D,H,-0.4753,0.4884,6.5,2
146(a),D,I,-0.1572,0.03585,8,2
146(a),D,K,-0.2914,0.1661,8.5,2
146(a),D,L,-0.4286,0.0786,11,2
146(a),D,M,-0.06992,0.08229,5,2
146(a),D,N,0.07323,0.1314,8,2
146(a),D,P,-0.3307,0.1901,8.5,2
146(a),D,Q,-0.09241,0.1548,6,2
146(a),D,R,-0.2085,0.109,6.5,2
146(a),D,S,-0.07802,0.1455,7.5,2
146(a),D,T,-0.2431,0.08155,9.5,2
146(a),D,V,-0.08863,0.05247,6.5,2
146(a),D,W,-0.0837,0.2799,8.5,2
146(a),D,Y,-0.3604,0.4901,8,2
146(b),T,A,0.1352,0,2.5,1
146(b),T,C,-0.2463,0.08415,8,2
146(b),T,D,0.2166,0.215,4.5,2
146(b),T,E,-0.246,0.01845,10,2
146(b),T,F,-0.07205,0.2109,5,2
146(b),T,G,-0.03221,0.0285,6.5,2
146(b),T,H,-0.05077,0.1073,5,2
146(b),T,I,-0.3987,0.2493,7.5,2
146(b),T,K,-0.1308,0.1542,11.5,2
146(b),T,L,0.0836,0.2056,3.5,2
146(b),T,M,0.04186,0.06395,6.5,2
146(b),T,N,-0.09315,0.1305,8.5,2
146(b),T,P,-0.1555,0.1151,5.5,2
146(b),T,Q,-0.1546,0.02,6.5,2
146(b),T,R,-0.00335,0.1859,5.5,2
146(b),T,S,-0.1135,0.08697,6.5,2
146(b),T,T,0,0,,2
146(b),T,V,-0.1281,0.05913,8,2
146(b),T,W,-0.1752,0.1604,10.5,2
146(b),T,Y,-0.6938,0.5732,4.5,2
147(a),N,A,-0.4245,0.0877,8,2
147(a),N,C,0.07087,0.000895,6.5,2
147(a),N,D,-0.2201,0.2748,7.5,2
147(a),N,E,-0.1936,0.01065,8,2
147(a),N,F,0.1199,0,1,1
147(a),N,G,0.105,0.00415,7,2
147(a),N,H,0.1207,0.2243,6.5,2
147(a),N,I,-0.311,0.01865,4.5,2
147(a),N,K,-0.6279,0.01515,4.5,2
147(a),N,L,0.1423,0.1051,6,2
147(a),N,M,-0.3366,0.3542,6,2
147(a),N,N,0,0,,2
147(a),N,P,-0.9815,0.1885,4.5,2
147(a),N,Q,-0.4403,0.06845,9,2
147(a),N,R,-0.3855,0.1175,8.5,2
147(a),N,S,0.02132,0.02989,4,2
147(a),N,T,-0.4669,0.07,8.5,2
147(a),N,V,-0.4822,0.3762,5.5,2
147(a),N,W,-0.2732,0.1184,10,2
147(a),N,Y,-0.4846,0.2093,7,2
147(b),D,A,0.1441,0.1083,5.5,2
147(b),D,C,-0.09945,0.3406,7,2
147(b),D,D,0,0,,2
147(b),D,E,0.2396,0.05235,9.5,2
147(b),D,F,0.2404,0.1657,7.5,2
147(b),D,G,0.07022,0.03248,9.5,2
147(b),D,H,0.0533,0.1105,7,2
147(b),D,I,-0.01475,0.1201,6.5,2
147(b),D,K,0.2468,0.07825,6,2
147(b),D,L,-0.4867,0.02145,7,2
147(b),D,M,0.214,0.0965,5.5,2
147(b),D,N,-0.01685,0.2291,4,2
147(b),D,P,-0.09742,0.09588,12.5,2
147(b),D,Q,-0.02995,0.07595,8,2
147(b),D,R,0.0592,0.2467,7,2
147(b),D,S,0.07862,0.07058,6.5,2
147(b),D,T,0.01605,0.203,5,2
147(b),D,V,-0.0938,0.174,3.5,2
147(b),D,W,-0.1076,0.08745,5,2
147(b),D,Y,0.2368,0.2603,5,2
148(a),G,A,0.08957,0.1694,7.5,2
148(a),G,C,0.004045,0.02645,9,2
148(a),G,D,-0.2952,0.4699,3,2
148(a),G,E,-0.6414,0.4076,5.5,2
148(a),G,F,0.0282,0.2409,8.5,2
148(a),G,G,0,0,,2
148(a),G,H,-0.05075,0.1135,5,2
148(a),G,I,0.0015,0.3905,4,2
148(a),G,K,0.05988,0.1187,6,2
148(a),G,L,-0.2892,0.0694,5.5,2
148(a),G,M,-0.4715,0.0689,5,2
148(a),G,N,-0.2277,0.5362,4.5,2
148(a),G,P,-0.755,0.01005,9,2
148(a),G,Q,0.06875,0.09775,5,2
148(a),G,R,0.05745,0.1417,5.5,2
148(a),G,S,-0.02525,0.2077,7.5,2
148(a),G,T,-0.2233,0.1464,4.5,2
148(a),G,V,-0.395,0.1492,7.5,2
148(a),G,W,-0.05581,0.1428,7.5,2
148(a),G,Y,-0.2097,0.3842,5.5,2
148(b),V,-,-1.495,0,0.5,1
148(b),V,A,0.4478,0.1532,6,2
148(b),V,C,0.0545,0.0731,8,2
148(b),V,D,-0.4319,0.04335,4.5,2
148(b),V,E,-0.332,0.1733,8,2
148(b),V,F,-0.00107,0.02511,6,2
148(b),V,G,-0.3467,0.2383,5.5,2
148(b),V,H,0.00755,0.09945,2.5,2
148(b),V,I,-0.1226,0.07147,7.5,2
148(b),V,K,-0.2754,0.01185,4.5,2
148(b),V,L,-0.0152,0.1215,8,2
148(b),V,M,0.4568,0.0364,8,2
148(b),V,N,0.1351,0.1315,7.5,2
148(b),V,P,0.06928,0.104,4.5,2
148(b),V,Q,-0.2467,0.2625,5,2
148(b),V,R,0.0301,0.03764,8.5,2
148(b),V,S,-0.05845,0.3982,8,2
148(b),V,T,-0.09064,0.09886,2.5,2
148(b),V,V,0,0,,2
148(b),V,W,0.1284,0.0415,4,2
148(b),V,Y,0.09531,0.1059,6.5,2
149(a),F,*,-6,0,0.5,1
149(a),F,-,-2.303,0,0.5,1
149(a),F,A,-0.6495,0.4635,5.5,2
149(a),F,C,-0.03244,0.1306,4.5,2
149(a),F,D,-0.151,0.05123,4,2
149(a),F,E,-0.7275,0.3885,4.5,2
149(a),F,F,0,0,,2
149(a),F,G,-0.3059,0.06295,8,2
149(a),F,H,-0.6883,0.5557,7.5,2
149(a),F,I,-0.4037,0.1136,5,2
149(a),F,K,-3.005,0.2045,4.5,2
149(a),F,L,-0.1574,0.1899,5.5,2
149(a),F,M,-0.2583,0.1664,5.5,2
149(a),F,N,-0.3083,0.02645,7.5,2
149(a),F,P,-1.083,0.1902,5.5,2
149(a),F,Q,-0.1242,0.021,6,2
149(a),F,R,-2.854,0.2335,8,2
149(a),F,S,-1.244,0.4299,6.5,2
149(a),F,T,-2.002,0.0195,5,2
149(a),F,V,-0.3403,0.0338,7,2
149(a),F,W,0.2054,0.069,7,2
149(a),F,Y,-0.4683,0.2056,3.5,2
149(b),I,A,-0.2728,0.2194,4,2
149(b),I,C,0.07297,0.1384,5.5,2
149(b),I,D,-0.2329,0.1459,7,2
149(b),I,E,-0.1532,0.03375,3.5,2
149(b),I,F,-0.2657,0.4883,3,2
149(b),I,G,-0.3379,0.1367,6.5,2
149(b),I,H,-0.2751,0.3483,4,2
149(b),I,I,0,0,,2
149(b),I,K,-0.385,0.1055,4,2
149(b),I,L,-0.4356,0.08465,7.5,2
149(b),I,M,0.1637,0.1475,7.5,2
149(b),I,N,0.1225,0.1337,4.5,2
149(b),I,P,-1.501,0.3575,6,2
149(b),I,Q,-0.06585,0.04924,5.5,2
149(b),I,R,-0.1562,0.0481,6,2
149(b),I,S,-0.1304,0.02985,5.5,2
149(b),I,T,-0.1006,0.1524,7,2
149(b),I,V,-0.2621,0.3976,6.5,2
149(b),I,W,-0.03693,0.04048,6.5,2
149(b),I,Y,-0.2194,0.0614,6,2
15(T2A),V,L,-0.6899,0,0.5,1
15(T2A),V,M,-2.116,0.1395,1.5,2
15(T2A),V,V,0,0,,2
15(a),R,*,-6,0,3.5,2
15(a),R,A,-0.0409,0.109,4.5,2
15(a),R,C,-0.4194,0.1105,4.5,2
15(a),R,D,-0.4066,0.04785,5.5,2
15(a),R,E,-0.1637,0.0241,5,2
15(a),R,F,-0.2732,0.06995,7.5,2
15(a),R,G,-0.5788,0.1969,5,2
15(a),R,H,-0.2062,0.06945,4,2
15(a),R,I,-0.3569,0.1635,5,2
15(a),R,K,-0.0928,0.2072,4,2
15(a),R,L,-0.09771,0.0383,5,2
15(a),R,M,-0.05292,0.05998,5,2
15(a),R,N,-0.2993,0.1855,5,2
15(a),R,P,-6,0,5.5,2
15(a),R,Q,-0.4031,0,6.5,1
15(a),R,R,0,0,,2
15(a),R,S,-0.3246,0.131,4.5,2
15(a),R,T,0.04401,0.04576,3.5,2
15(a),R,V,-0.09472,0.1088,4,2
15(a),R,W,-0.5534,0.08785,6.5,2
15(a),R,Y,-0.1763,0.2168,10,2
15(b),F,A,0.443,0.03685,3,2
15(b),F,C,-0.3982,0.1157,8,2
15(b),F,D,-3.948,0,6,2
15(b),F,E,-2.998,0.2695,7.5,2
15(b),F,F,0,0,,2
15(b),F,G,-0.1183,0.126,4.5,2
15(b),F,H,-0.5913,0.1657,4.5,2
15(b),F,I,-0.8279,0.2551,6.5,2
15(b),F,K,-1.603,0.0025,6,2
15(b),F,L,0.00015,0.2245,4.5,2
15(b),F,M,-0.2255,0.1406,4,2
15(b),F,N,-1.337,0.158,5,2
15(b),F,P,-3.431,0,7.5,2
15(b),F,Q,-1.442,0.19,7,2
15(b),F,R,-1.325,0.02,8,2
15(b),F,S,-0.7798,0.009,8,2
15(b),F,T,-1.296,0.17,5,2
15(b),F,V,-1.031,0.2964,4.5,2
15(b),F,W,-1.103,0.0915,9,2
15(b),F,Y,-0.4954,0.211,6.5,2
150(a),Y,*,-6,0,1,1
150(a),Y,A,-0.1586,0.04,8,2
150(a),Y,C,0.1759,0.2219,6,2
150(a),Y,D,-0.2108,0.1287,7.5,2
150(a),Y,E,0.1332,0.1632,5.5,2
150(a),Y,F,-0.4757,0.1007,7,2
150(a),Y,G,-0.3703,0.1986,7,2
150(a),Y,H,0.1475,0.1091,9,2
150(a),Y,I,-0.03128,0.04799,8.5,2
150(a),Y,K,-0.2233,0.1095,6,2
150(a),Y,L,0.1274,0.001,7.5,2
150(a),Y,M,0.1785,0.1565,9.5,2
150(a),Y,N,-0.09469,0.00951,6.5,2
150(a),Y,P,-3.093,0.045,5.5,2
150(a),Y,Q,-0.07994,0.01527,4.5,2
150(a),Y,R,0.1321,0.0162,5,2
150(a),Y,S,0.0095,0.1482,2,2
150(a),Y,T,-0.2826,0.3351,8.5,2
150(a),Y,V,0.159,0.04415,8.5,2
150(a),Y,W,-0.2368,0.0767,5,2
150(a),Y,Y,0,0,,2
150(b),Q,A,-0.1232,0.0164,6,2
150(b),Q,C,0.4249,0.1296,8.5,2
150(b),Q,D,0.1508,0.1969,5.5,2
150(b),Q,E,0.01103,0.1064,5.5,2
150(b),Q,F,-0.1326,0.5507,6.5,2
150(b),Q,G,0.01645,0.1618,5.5,2
150(b),Q,H,0.2767,0.2657,8.5,2
150(b),Q,I,-0.06962,0.1689,7,2
150(b),Q,K,0.1866,0.0507,4.5,2
150(b),Q,L,-0.1853,0.2467,4,2
150(b),Q,N,-0.1316,0.06259,3,2
150(b),Q,P,-0.1814,0.0166,10.5,2
150(b),Q,Q,0,0,,2
150(b),Q,R,-0.08203,0.06458,4.5,2
150(b),Q,S,0.06765,0.06265,6,2
150(b),Q,T,0.3328,0.1116,4,2
150(b),Q,V,0.1169,0.2087,6,2
150(b),Q,W,-0.1845,0.1242,4.5,2
150(b),Q,Y,0.2245,0.0109,7,2
151(a),K,A,-0.6669,0.1953,6,2
151(a),K,C,-0.5011,0.0409,11,2
151(a),K,D,-0.3426,0.07285,8,2
151(a),K,E,-0.3223,0.1916,3,2
151(a),K,F,-0.4209,0.2196,6.5,2
151(a),K,G,-1.292,0.462,4.5,2
151(a),K,H,-0.4167,0.4351,6.5,2
151(a),K,I,-0.3905,0.3204,7,2
151(a),K,K,0,0,,2
151(a),K,L,-0.1563,0.1184,4.5,2
151(a),K,M,0.2076,0.02055,7.5,2
151(a),K,N,-2.623,0.0395,8.5,2
151(a),K,P,-6,0,8.5,2
151(a),K,Q,-0.0278,0.1367,7,2
151(a),K,R,0.2992,0.2546,5,2
151(a),K,S,-0.4331,0.02345,9,2
151(a),K,T,-0.244,0.24,4.5,2
151(a),K,V,-0.1408,0.1339,5.5,2
151(a),K,W,-1.058,0.0614,8,2
151(a),K,Y,-0.4868,0.1198,4,2
151(b),N,A,-0.2432,0.3643,1.5,2
151(b),N,C,0.2162,0.0257,5,2
151(b),N,D,0.1466,0.2287,4,2
151(b),N,E,0.3133,0.2584,4,2
151(b),N,F,-1.133,0.087,5.5,2
151(b),N,G,0.08607,0.145,4.5,2
151(b),N,H,-0.1453,0.503,4.5,2
151(b),N,I,-0.2611,0.3313,4,2
151(b),N,K,-0.2016,0.2228,6.5,2
151(b),N,L,0.4189,0.2559,2,2
151(b),N,M,0.2129,0.2372,1,2
151(b),N,N,0,0,,2
151(b),N,P,-1.007,0.03695,5.5,2
151(b),N,Q,0.06572,0.08368,4.5,2
151(b),N,R,0.6521,0.1975,2.5,2
151(b),N,S,-0.4418,0.2975,4.5,2
151(b),N,T,-0.1755,0.1035,3.5,2
151(b),N,V,-0.03635,0.2451,3.5,2
151(b),N,W,-3.337,0.3355,2.5,2
151(b),N,Y,-2.187,0.189,4,2
152(a),F,A,-0.0762,0.2244,7,2
152(a),F,C,-0.5468,0.2666,6,2
152(a),F,D,-1.152,0.148,5,2
152(a),F,E,-0.3467,0.1604,8,2
152(a),F,F,0,0,,2
152(a),F,G,-0.4238,0.0333,6,2
152(a),F,H,-0.4284,0.0956,8.5,2
152(a),F,I,-0.5572,0.05025,5,2
152(a),F,K,-0.2589,0.1538,6,2
152(a),F,L,-0.253,0.2939,5.5,2
152(a),F,M,-0.00251,0.03904,5,2
152(a),F,N,-0.2656,0.18,4.5,2
152(a),F,P,-1.272,0.0095,3,2
152(a),F,Q,-0.4137,0.1675,8,2
152(a),F,R,-0.4173,0.1967,6,2
152(a),F,S,-0.311,0.1355,6,2
152(a),F,T,0.0481,0.4086,4.5,2
152(a),F,V,-0.3896,0.01855,6,2
152(a),F,W,-0.0172,0.2993,7,2
152(a),F,Y,-0.02943,0.02648,8,2
152(b),G,A,-0.07443,0.155,3,2
152(b),G,C,-0.6162,0.0463,6.5,2
152(b),G,D,-1.965,0.0825,5,2
152(b),G,E,-1.887,0.0185,8,2
152(b),G,F,-1.269,0.1195,9.5,2
152(b),G,G,0,0,,2
152(b),G,H,-0.6124,0.04075,4,2
152(b),G,I,-1.109,0.0425,8,2
152(b),G,K,-1.019,0.2202,7,2
152(b),G,L,-2.322,0.033,4.5,2
152(b),G,M,-0.5245,0.1425,4,2
152(b),G,N,-0.692,0.324,5.5,2
152(b),G,P,0.1608,0.1797,6.5,2
152(b),G,Q,-0.7308,0.0657,8.5,2
152(b),G,R,-1.684,0.4085,5.5,2
152(b),G,S,-0.1737,0.0642,3,2
152(b),G,T,-1.493,0.1925,7.5,2
152(b),G,V,-1.003,0.03975,5.5,2
152(b),G,W,-2.627,0.0555,11.5,2
152(b),G,Y,-1.409,0.1415,6,2
153(a),S,A,-0.01,0.1534,3,2
153(a),S,C,-0.1025,0.1282,4,2
153(a),S,D,-0.5384,0.1048,5.5,2
153(a),S,E,0.03245,0.2026,9,2
153(a),S,F,-0.09657,0.1207,8,2
153(a),S,G,-0.3335,0.0324,8.5,2
153(a),S,H,0.4973,0.2848,3,2
153(a),S,I,0.3801,0.245,7,2
153(a),S,K,0.6037,0.2647,6,2
153(a),S,L,0.13,0.05986,8.5,2
153(a),S,M,-0.0671,0.0337,6,2
153(a),S,N,-0.1577,0.3464,7.5,2
153(a),S,P,-6,0,4.5,2
153(a),S,Q,0.1673,0.0515,7,2
153(a),S,R,0.6868,0.07705,10,2
153(a),S,S,0,0,,2
153(a),S,T,0.2943,0.1986,6.5,2
153(a),S,V,0.2162,0.0033,6,2
153(a),S,W,-0.04091,0.01901,9,2
153(a),S,Y,0.2394,0.03035,6.5,2
153(b),D,A,0.7332,0,3.5,1
153(b),D,C,-0.08655,0.1076,4,2
153(b),D,D,0,0,,2
153(b),D,E,0.4321,0.2757,3.5,2
153(b),D,F,-0.2924,0.0473,4.5,2
153(b),D,G,-0.01385,0.2127,4,2
153(b),D,H,0.2878,0,3,1
153(b),D,I,-0.0915,0.2398,5.5,2
153(b),D,K,0.5049,0.2594,4.5,2
153(b),D,L,-0.3949,0.3139,3,2
153(b),D,M,-0.3071,0.2342,5,2
153(b),D,N,0.8749,0.3631,5,2
153(b),D,P,-0.5891,0.1704,3.5,2
153(b),D,Q,1.12,0.2443,3.5,2
153(b),D,R,0.4539,0.2101,6,2
153(b),D,S,-1.947,0.102,3.5,2
153(b),D,T,-2.598,0.068,3,2
153(b),D,V,0.02379,0.1118,2.5,2
153(b),D,W,-0.5374,0.4234,3.5,2
153(b),D,Y,-0.4658,0.2852,5,2
154(a),Y,*,-6,0,1,2
154(a),Y,A,0.2139,0.0487,6,2
154(a),Y,C,-0.2404,0.2048,8.5,2
154(a),Y,D,0.03411,0.04555,9,2
154(a),Y,E,-0.00396,0.0008995,6.5,2
154(a),Y,F,0.1217,0.09068,9.5,2
154(a),Y,G,0.4827,0.147,6,2
154(a),Y,H,0.3479,0.1052,7,2
154(a),Y,I,0.1306,0.05068,9,2
154(a),Y,K,0.3367,0.1574,9.5,2
154(a),Y,L,-0.4434,0.00075,7,2
154(a),Y,M,0.2717,0.2787,8.5,2
154(a),Y,N,0.1942,0.6747,4.5,2
154(a),Y,P,-0.5263,0.00235,8.5,2
154(a),Y,Q,0.2553,0.01065,6,2
154(a),Y,R,0.5819,0.00705,7.5,2
154(a),Y,S,0.5771,0.03585,9.5,2
154(a),Y,T,0.4823,0.06495,7.5,2
154(a),Y,V,0.2534,0.1392,6.5,2
154(a),Y,W,0.25,0.0561,9,2
154(a),Y,Y,0,0,,2
154(b),W,*,-6,0,17,2
154(b),W,A,-1.302,0.026,6.5,2
154(b),W,C,-0.4884,0.3666,4,2
154(b),W,D,-4.564,0,5,2
154(b),W,E,-4.604,0,3,2
154(b),W,F,-0.4227,0.0458,6.5,2
154(b),W,G,-1.277,0.188,4,2
154(b),W,H,-0.5265,0.0266,7,2
154(b),W,I,-1.045,0.1064,7,2
154(b),W,K,-4.587,0,7.5,2
154(b),W,L,-0.8241,0.154,4,2
154(b),W,M,-1.04,0.2999,4.5,2
154(b),W,N,-0.9726,0.2134,3.5,2
154(b),W,P,-4.189,0,7.5,2
154(b),W,Q,-1.786,0.308,7.5,2
154(b),W,R,-3.752,0,7.5,2
154(b),W,S,-0.9831,0.5569,4,2
154(b),W,T,-1.637,0.044,4.5,2
154(b),W,V,-0.8017,0.6413,3,2
154(b),W,W,0,0,,2
154(b),W,Y,-0.04025,0.3458,6,2
155(a),L,A,-0.1302,0.3604,4.5,2
155(a),L,C,0.1453,0.04591,7,2
155(a),L,D,-1.931,0.008,3.5,2
155(a),L,E,-0.313,0.09675,6.5,2
155(a),L,F,-0.3366,0.00385,8.5,2
155(a),L,G,-0.8941,0.351,8.5,2
155(a),L,H,-0.1091,0.0007,4,2
155(a),L,I,-0.1604,0.2094,4,2
155(a),L,K,0.1569,0.1189,6,2
155(a),L,L,0,0,,2
155(a),L,M,-0.08528,0.11,7.5,2
155(a),L,N,0.1562,0.1893,9.5,2
155(a),L,P,-6,0,5,2
155(a),L,Q,0.08401,0.1432,6.5,2
155(a),L,R,0.0853,0.216,5.5,2
155(a),L,S,0.2556,0.2961,10.5,2
155(a),L,T,0.1488,0.3122,5.5,2
155(a),L,V,-0.01465,0.1608,6.5,2
155(a),L,W,0.01635,0.1321,6.5,2
155(a),L,Y,-0.1969,0.5303,4.5,2
155(b),T,A,-0.06044,0.07276,11.5,2
155(b),T,C,-0.2054,0.0322,9,2
155(b),T,D,-0.5771,0.1285,5,2
155(b),T,E,-0.8988,0.5343,7,2
155(b),T,F,0.5093,0.01585,4,2
155(b),T,G,-0.2418,0.147,5.5,2
155(b),T,H,0.5274,0.1452,4,2
155(b),T,I,-0.0235,0.173,6,2
155(b),T,K,0.1983,0.05225,6.5,2
155(b),T,L,0.07404,0.00089,9.5,2
155(b),T,M,0.1963,0.02475,7,2
155(b),T,N,0.0664,0.0847,7,2
155(b),T,P,-3.966,0,5,2
155(b),T,Q,-0.3052,0.0071,7.5,2
155(b),T,R,0.3109,0.1115,6,2
155(b),T,S,0.1914,0.09651,6.5,2
155(b),T,T,0,0,,2
155(b),T,V,-0.1661,0.1323,8,2
155(b),T,W,-0.2755,0.1336,5,2
155(b),T,Y,0.05874,0.06176,9.5,2
156(a),P,A,-0.1278,0.05148,6.5,2
156(a),P,C,0.2885,0.0336,4,2
156(a),P,D,0.5825,0.00515,7,2
156(a),P,E,0.7166,0.0669,8,2
156(a),P,F,0.5522,0.0038,6.5,2
156(a),P,G,0.4747,0.0278,6,2
156(a),P,H,0.9573,0.1767,8.5,2
156(a),P,I,-0.5403,0.1812,5,2
156(a),P,K,0.9655,0.01415,4.5,2
156(a),P,L,-0.4626,0.0457,10,2
156(a),P,M,0.03551,0.1032,5,2
156(a),P,N,0.6748,0.315,3,2
156(a),P,P,0,0,,2
156(a),P,Q,0.5637,0.09805,6,2
156(a),P,R,0.8697,0.2313,5.5,2
156(a),P,S,0.4552,0.1055,7,2
156(a),P,T,-0.09198,0.01062,3,2
156(a),P,V,-0.5118,0.03365,5,2
156(a),P,W,0.7661,0.02675,6.5,2
156(a),P,Y,0.6645,0.2029,7.5,2
156(b),Y,A,0.1686,0.1247,3.5,2
156(b),Y,C,0.2005,0.2309,3,2
156(b),Y,D,-0.9575,0.4584,1,2
156(b),Y,E,-0.7604,0.1596,5.5,2
156(b),Y,F,0.03633,0.09827,8,2
156(b),Y,G,0.08095,0.3323,4.5,2
156(b),Y,H,-0.2094,0.1501,7.5,2
156(b),Y,I,-0.6502,0.4428,6,2
156(b),Y,K,-0.1886,0.4413,5,2
156(b),Y,L,-0.1438,0.0064,6,2
156(b),Y,M,-0.8043,0.1545,4.5,2
156(b),Y,N,0.00575,0.2639,4,2
156(b),Y,P,-4.882,0,7,2
156(b),Y,Q,-0.6363,0.04855,4.5,2
156(b),Y,R,0.2536,0.1525,6.5,2
156(b),Y,S,0.0201,0.2806,8,2
156(b),Y,T,0.03261,0.04758,4,2
156(b),Y,V,-0.4924,0.1366,2,2
156(b),Y,W,-0.01576,0.1082,7,2
156(b),Y,Y,0,0,,2
157(a),F,A,-0.0103,0.01096,6.5,2
157(a),F,C,0.5393,0.08345,3,2
157(a),F,D,-0.09919,0.07721,5.5,2
157(a),F,E,-0.2434,0.2342,5,2
157(a),F,F,0,0,,2
157(a),F,G,-0.1861,0.2661,7,2
157(a),F,H,0.1557,0.0167,6.5,2
157(a),F,I,-0.1394,0.6126,7.5,2
157(a),F,K,-0.2963,0.1038,5,2
157(a),F,L,0.1127,0.1166,4,2
157(a),F,M,0.1759,0.05405,7.5,2
157(a),F,N,-0.2441,0.4212,4.5,2
157(a),F,P,-4.309,0,9,2
157(a),F,Q,0.3694,0.3004,4.5,2
157(a),F,R,-0.0437,0.1505,4.5,2
157(a),F,S,-0.04929,0.1221,6,2
157(a),F,T,0.02645,0.1993,7.5,2
157(a),F,V,0.347,0.2407,4,2
157(a),F,W,-0.1749,0.00325,7,2
157(a),F,Y,0.2119,0.0099,11.5,2
157(b),Q,*,-6,0,1,2
157(b),Q,A,-0.1137,0.1151,5,2
157(b),Q,C,0.02673,0.03184,9.5,2
157(b),Q,D,0.0874,0.2506,4,2
157(b),Q,E,0.2641,0.06605,3.5,2
157(b),Q,F,-0.5578,0.2077,5.5,2
157(b),Q,G,0.0612,0.327,4,2
157(b),Q,H,0.2275,0.1347,2.5,2
157(b),Q,I,-0.1501,0.09513,6.5,2
157(b),Q,K,-0.2081,0.1399,7.5,2
157(b),Q,L,-0.09695,0.264,3.5,2
157(b),Q,M,-0.2575,0.2568,6,2
157(b),Q,N,0.2247,0.2916,3.5,2
157(b),Q,P,-5.386,0,6,2
157(b),Q,Q,0,0,,2
157(b),Q,R,0.005255,0.08721,9,2
157(b),Q,S,0.3676,0.2001,4.5,2
157(b),Q,T,0.08905,0.314,5,2
157(b),Q,V,-0.5638,0.0166,8,2
157(b),Q,W,0.06493,0.01591,8.5,2
157(b),Q,Y,-0.075,0.2833,4,2
158(a),I,A,0.4829,0.09075,10,2
158(a),I,C,0.3497,0.04425,7,2
158(a),I,D,0.737,0.02695,5.5,2
158(a),I,E,0.443,0.1528,3,2
158(a),I,F,0.1521,0.05319,7.5,2
158(a),I,G,0.5728,0.1106,5.5,2
158(a),I,H,0.6591,0.08165,6.5,2
158(a),I,I,0,0,,2
158(a),I,K,0.9034,0.1855,4.5,2
158(a),I,L,0.7054,0.3366,4.5,2
158(a),I,M,0.2661,0.08335,8,2
158(a),I,N,0.625,0.05665,8,2
158(a),I,P,0.06243,0.01073,4.5,2
158(a),I,Q,0.4799,0.1005,6,2
158(a),I,R,0.7656,0.3084,7,2
158(a),I,S,0.5494,0.0152,10.5,2
158(a),I,T,0.1376,0.2297,7.5,2
158(a),I,V,0.1412,0.09067,10,2
158(a),I,W,-0.1045,0.2131,5,2
158(a),I,Y,0.3857,0.1224,6,2
158(b),V,A,0.3893,0.2353,7.5,2
158(b),V,C,-0.0901,0.4716,6,2
158(b),V,D,-0.3715,0.05635,5.5,2
158(b),V,E,-0.5338,0.0617,7,2
158(b),V,F,0.1635,0.3379,6.5,2
158(b),V,G,0.0476,0.126,3.5,2
158(b),V,H,0.1174,0.2943,6.5,2
158(b),V,I,-0.09614,0.1154,8,2
158(b),V,K,-0.2783,0.4484,6.5,2
158(b),V,L,0.1498,0.1619,3,2
158(b),V,M,-0.09244,0.1699,9,2
158(b),V,N,-0.2106,0.4407,5,2
158(b),V,P,-6,0,5,2
158(b),V,Q,-0.08772,0.1446,6,2
158(b),V,R,-0.0201,0.415,7,2
158(b),V,S,0.0627,0.2844,9.5,2
158(b),V,T,-0.1212,0.06332,5,2
158(b),V,V,0,0,,2
158(b),V,W,0.05504,0.06796,7.5,2
158(b),V,Y,0.2808,0.1261,6,2
159(a),P,A,-0.5906,0.2621,4,2
159(a),P,C,-0.1588,0.1982,8.5,2
159(a),P,D,0.0197,0.225,5.5,2
159(a),P,E,0.07675,0.6861,7.5,2
159(a),P,F,0.2556,0.2061,6.5,2
159(a),P,G,0.1792,0.1165,2.5,2
159(a),P,H,0.03625,0.01935,7.5,2
159(a),P,I,-0.05255,0.06965,4,2
159(a),P,K,-0.1153,0.2148,6.5,2
159(a),P,L,0.1074,0.0416,8.5,2
159(a),P,M,-0.1533,0.2908,9,2
159(a),P,N,0.1979,0.1116,6.5,2
159(a),P,P,0,0,,2
159(a),P,Q,0.1093,0.1836,7,2
159(a),P,R,-0.09497,0.1042,8,2
159(a),P,S,-0.1952,0.01655,5.5,2
159(a),P,T,0.00625,0.4365,7.5,2
159(a),P,V,0.2412,0.1752,5,2
159(a),P,W,0.1941,0.1404,9,2
159(a),P,Y,-0.00135,0.1857,8,2
159(b),L,A,-0.1407,0.08662,4.5,2
159(b),L,C,-0.09524,0.06317,6.5,2
159(b),L,D,-0.9143,0.081,9,2
159(b),L,E,-0.5018,0.2126,5,2
159(b),L,F,0.199,0.1338,2.5,2
159(b),L,G,0.1904,0.0006,5.5,2
159(b),L,H,0.01067,0.1026,2,2
159(b),L,I,0.1166,0.0779,6,2
159(b),L,K,-0.4661,0.1246,4.5,2
159(b),L,L,0,0,,2
159(b),L,M,0.1086,0.2198,6,2
159(b),L,N,0.0314,0.1335,4,2
159(b),L,P,-2.615,0.2005,6.5,2
159(b),L,Q,-0.1912,0.0843,8.5,2
159(b),L,R,-0.3549,0.0791,5,2
159(b),L,S,0.3278,0.0422,3.5,2
159(b),L,T,-0.1251,0.05865,6,2
159(b),L,V,-0.1494,0.1525,7.5,2
159(b),L,W,-0.2351,0.2235,6,2
159(b),L,Y,-0.3412,0.2996,7,2
16(T2A),E,E,0,0,,2
16(T2A),E,G,-6,0,0.5,1
16(T2A),E,K,-0.9714,0.4916,1.5,2
16(a),D,*,-6,0,9,2
16(a),D,A,-0.02571,0.1033,6.5,2
16(a),D,C,-0.00037,0.05587,4,2
16(a),D,D,0,0,,2
16(a),D,E,0.1685,0.1885,6.5,2
16(a),D,F,-0.4041,0.0873,2,2
16(a),D,G,-0.5489,0.01065,6,2
16(a),D,H,0.1636,0.09624,3,2
16(a),D,I,-0.08345,0.3458,4.5,2
16(a),D,K,-2.127,0.3735,3,2
16(a),D,L,-0.2716,0.5484,2.5,2
16(a),D,M,-0.5621,0.06005,4,2
16(a),D,N,-1.1,0.0435,6,2
16(a),D,P,-3.07,0.0715,7.5,2
16(a),D,Q,-0.3227,0.0745,4,2
16(a),D,R,-0.9993,0.1407,3.5,2
16(a),D,S,0.1187,0.07585,5.5,2
16(a),D,T,0.1749,0.1833,5,2
16(a),D,V,-0.3987,0.1195,5.5,2
16(a),D,W,-0.1106,0.2995,7,2
16(a),D,Y,-0.2151,0.0499,5,2
16(b),E,A,-1.073,0.1117,11.5,2
16(b),E,C,-1.772,0.2925,8.5,2
16(b),E,D,-0.2629,0.1206,10.5,2
16(b),E,E,0,0,,2
16(b),E,F,-3.295,0,12,2
16(b),E,G,-1.928,0.001,4.5,2
16(b),E,H,-1.376,0.175,6,2
16(b),E,I,-2.284,0.048,8,2
16(b),E,K,-2.098,0.405,10,2
16(b),E,L,-3.246,0,7.5,2
16(b),E,M,-2.348,0.138,6.5,2
16(b),E,N,-2.122,0.024,9,2
16(b),E,P,-6,0,11,2
16(b),E,Q,-0.5398,0.1057,5.5,2
16(b),E,R,-2.739,0.2895,3,2
16(b),E,S,-0.2135,0.05495,5,2
16(b),E,T,-0.9646,0.3834,4.5,2
16(b),E,V,-1.896,0.2845,11,2
16(b),E,W,-4.607,0,6,2
16(b),E,Y,-1.978,0.0715,9,2
160(a),T,A,0.03295,0.02208,7.5,2
160(a),T,C,0.3012,0.1411,3.5,2
160(a),T,D,0.3571,0.0582,4.5,2
160(a),T,E,-0.4036,0.0199,4.5,2
160(a),T,F,-0.1792,0.2675,3.5,2
160(a),T,G,0.0007,0.2128,7.5,2
160(a),T,H,0.3231,0.1089,2,2
160(a),T,I,0.06595,0.3841,6.5,2
160(a),T,K,0.03271,0.03634,6,2
160(a),T,L,0.4621,0.4177,7,2
160(a),T,M,-0.3713,0.0484,6,2
160(a),T,N,-0.01307,0.000795,10.5,2
160(a),T,P,-0.5787,0.0272,8.5,2
160(a),T,Q,0.00702,0.09408,8.5,2
160(a),T,R,-0.03735,0.3496,7.5,2
160(a),T,S,-0.1096,0.2175,4,2
160(a),T,T,0,0,,2
160(a),T,V,-0.03595,0.2416,8.5,2
160(a),T,W,0.09982,0.06028,7,2
160(a),T,Y,0.01035,0.1018,9.5,2
160(b),V,A,0.3469,0.3835,2,2
160(b),V,C,-0.1234,0.4477,3.5,2
160(b),V,D,-0.06082,0.06038,7,2
160(b),V,E,-0.6782,0.0034,7.5,2
160(b),V,F,0.02885,0.2591,5.5,2
160(b),V,G,0.0788,0.1926,7,2
160(b),V,H,-0.00424,0.07379,8.5,2
160(b),V,I,-0.1263,0.06523,5,2
160(b),V,K,0.08225,0.1321,4,2
160(b),V,L,-0.1391,0.1329,7,2
160(b),V,M,0.137,0.1408,5,2
160(b),V,N,0.05446,0.03203,4,2
160(b),V,P,-1.508,0.155,5,2
160(b),V,Q,-0.2139,0,3.5,1
160(b),V,R,0.2711,0.1425,7.5,2
160(b),V,S,-0.7106,0.4954,1.5,2
160(b),V,T,0.1431,0.1232,6.5,2
160(b),V,V,0,0,,2
160(b),V,W,0.00865,0.1789,7,2
160(b),V,Y,-0.372,0.08205,3,2
161(a),R,*,-6,0,0.5,1
161(a),R,A,0.01425,0.0219,7.5,2
161(a),R,C,0.02755,0.1484,3.5,2
161(a),R,D,-0.06889,0.08721,7,2
161(a),R,E,-0.2644,0.1944,7.5,2
161(a),R,F,0.2445,0.1657,3,2
161(a),R,G,0.05895,0.1336,7.5,2
161(a),R,H,0.05475,0.188,9,2
161(a),R,I,-0.01579,0.06889,9.5,2
161(a),R,K,0.5177,0.06635,6,2
161(a),R,L,0.2311,0.03705,4.5,2
161(a),R,M,-0.553,0.633,3.5,2
161(a),R,N,0.1423,0.02335,8,2
161(a),R,P,0.01083,0.07988,8,2
161(a),R,Q,0.1748,0.04165,6,2
161(a),R,R,0,0,,2
161(a),R,S,0.0132,0.159,8.5,2
161(a),R,T,0.3409,0.0665,7.5,2
161(a),R,V,0.09198,0.1758,9.5,2
161(a),R,W,-0.05416,0.009915,9.5,2
161(a),R,Y,-0.1846,0.00515,8,2
161(b),M,A,0.0406,0.2192,4.5,2
161(b),M,C,0.06955,0.07875,5,2
161(b),M,D,-0.07935,0.3642,6,2
161(b),M,E,-0.04432,0.03332,7.5,2
161(b),M,F,0.01355,0.2102,4.5,2
161(b),M,G,0.1142,0.06979,6,2
161(b),M,H,0.1725,0.1275,7.5,2
161(b),M,I,-0.1551,0.3138,12.5,2
161(b),M,K,0.3119,0.02575,3.5,2
161(b),M,L,-0.171,0.3358,4.5,2
161(b),M,M,0,0,,2
161(b),M,N,0.1229,0.05819,4,2
161(b),M,P,-0.1951,0.3245,7.5,2
161(b),M,Q,0.09166,0.1109,4.5,2
161(b),M,R,-0.0232,0.01935,3,2
161(b),M,S,-0.3085,0.248,4,2
161(b),M,T,0.2756,0.0473,5,2
161(b),M,V,0.3855,0.501,6,2
161(b),M,W,0.02255,0.229,3,2
161(b),M,Y,0.2369,0.06965,6,2
162(a),G,A,0.1146,0.2032,8,2
162(a),G,C,0.04273,0.1321,6,2
162(a),G,D,0.1958,0.4061,5,2
162(a),G,E,-0.2688,0.2435,4.5,2
162(a),G,F,0.239,0.09305,10.5,2
162(a),G,G,0,0,,2
162(a),G,H,0.2231,0.143,10,2
162(a),G,I,0.1246,0.1696,8,2
162(a),G,K,0.1706,0.0566,8,2
162(a),G,L,0.1108,0.1523,7,2
162(a),G,M,0.3608,0.02335,7,2
162(a),G,N,-0.00195,0.4339,5,2
162(a),G,P,0.3754,0.00245,4.5,2
162(a),G,Q,-0.1237,0.3125,3,2
162(a),G,R,0.6899,0.411,4,2
162(a),G,S,0.4526,0.1889,4.5,2
162(a),G,T,-0.4425,0.2766,3,2
162(a),G,V,-0.06181,0.02079,8.5,2
162(a),G,W,0.193,0.02315,7,2
162(a),G,Y,0.3492,0.3368,7.5,2
162(b),L,A,-0.307,0.1585,5,2
162(b),L,C,0.06625,0.4263,5.5,2
162(b),L,D,-0.2742,0.2157,2,2
162(b),L,E,0.04945,0.3385,5,2
162(b),L,F,-0.06449,0.08761,4.5,2
162(b),L,G,-0.1848,0.2612,3,2
162(b),L,H,0.234,0.0843,6.5,2
162(b),L,I,-0.2291,0.1629,4,2
162(b),L,K,-0.0897,0.1301,4.5,2
162(b),L,L,0,0,,2
162(b),L,M,-0.03605,0.4084,6.5,2
162(b),L,N,-2.902,0.233,2.5,2
162(b),L,P,-0.193,0.08235,8,2
162(b),L,Q,0.1546,0.2176,5.5,2
162(b),L,R,-0.3516,0.0121,7.5,2
162(b),L,S,-0.1987,0.3187,6.5,2
162(b),L,T,-0.4528,0.3026,4,2
162(b),L,V,0.1059,0.05717,4.5,2
162(b),L,W,-0.2271,0.1239,5.5,2
162(b),L,Y,0.3303,0.02725,5,2
163(a),D,A,0.1835,0.02155,7.5,2
163(a),D,C,0.1386,0.07981,8.5,2
163(a),D,D,0,0,,2
163(a),D,E,-0.2412,0.3049,7.5,2
163(a),D,F,0.2702,0.0198,8.5,2
163(a),D,G,-0.08859,0.01561,7.5,2
163(a),D,H,-0.2828,0.0533,5.5,2
163(a),D,I,-0.1602,0.00475,7,2
163(a),D,K,0.09625,0.2631,10,2
163(a),D,L,-0.0141,0.1326,6,2
163(a),D,M,0.3404,0.301,5.5,2
163(a),D,N,0.4271,0.2089,5,2
163(a),D,P,0.08784,0.02666,2.5,2
163(a),D,Q,-0.177,0.0048,6.5,2
163(a),D,R,-0.1703,0.0349,10,2
163(a),D,S,0.2928,0,3,1
163(a),D,T,-0.2395,0.3694,7,2
163(a),D,V,-0.3683,0.4153,4,2
163(a),D,W,-0.3188,0.0064,7.5,2
163(a),D,Y,0.2665,0.2,5.5,2
163(b),E,A,0.04585,0.3367,4,2
163(b),E,C,-0.2355,0.073,10,2
163(b),E,D,0.1631,0.1471,5,2
163(b),E,E,0,0,,2
163(b),E,F,-0.4085,0.1187,6.5,2
163(b),E,G,-0.01317,0.1085,5,2
163(b),E,H,0.1373,0.0141,8,2
163(b),E,I,-0.03386,0.07034,8,2
163(b),E,K,-0.0071,0.03325,7.5,2
163(b),E,L,0.02355,0.3963,7.5,2
163(b),E,M,-0.05545,0.2065,8,2
163(b),E,N,0.5086,0.1265,7.5,2
163(b),E,P,0.5178,0.3954,4,2
163(b),E,Q,-0.1882,0.1584,3.5,2
163(b),E,R,0.3046,0.07975,7.5,2
163(b),E,S,0.02535,0.1505,12,2
163(b),E,T,0.1529,0.1286,6,2
163(b),E,V,0.007125,0.02364,5,2
163(b),E,W,0.02598,0.0401,7,2
163(b),E,Y,-0.1192,0.0124,10.5,2
164(a),Y,A,0.1408,0.2221,8.5,2
164(a),Y,C,0.1059,0.2187,6.5,2
164(a),Y,D,-0.2251,0.0004,10,2
164(a),Y,E,-0.2575,0.1935,6,2
164(a),Y,F,0.06903,0.1371,6.5,2
164(a),Y,G,0.09918,0.05122,6,2
164(a),Y,H,-0.209,0.1488,9.5,2
164(a),Y,I,0.4415,0.2512,7.5,2
164(a),Y,K,-0.4456,0.06825,5.5,2
164(a),Y,L,0.03165,0.1203,5.5,2
164(a),Y,M,-0.4453,0.4766,10,2
164(a),Y,N,0.2495,0.084,6.5,2
164(a),Y,P,0.1819,0.0136,7,2
164(a),Y,Q,0.1689,0.0609,8,2
164(a),Y,R,-0.05825,0.1943,5,2
164(a),Y,S,0.3,0.2425,5,2
164(a),Y,T,0.019,0.1591,5,2
164(a),Y,V,0.1295,0.01545,6.5,2
164(a),Y,W,-0.1927,0.2072,10,2
164(a),Y,Y,0,0,,2
164(b),S,A,0.3231,0.3256,4.5,2
164(b),S,C,0.1632,0.09999,3.5,2
164(b),S,D,0.02315,0.2974,7,2
164(b),S,E,0.1718,0.1616,5,2
164(b),S,F,-0.3938,0.136,7,2
164(b),S,G,0.2722,0.07735,11,2
164(b),S,H,0.2651,0.3113,7.5,2
164(b),S,I,-0.4131,0.1555,7,2
164(b),S,K,-0.3168,0.15,4.5,2
164(b),S,L,0.08618,0.03452,10.5,2
164(b),S,M,0.2754,0.0695,6,2
164(b),S,N,-0.02711,0.04934,8,2
164(b),S,P,-0.2656,0.1185,5.5,2
164(b),S,Q,-0.3523,0.1675,7,2
164(b),S,R,0.06053,0.08436,5,2
164(b),S,S,0,0,,2
164(b),S,T,0.1784,0.6564,5,2
164(b),S,V,-0.08889,0.05291,10.5,2
164(b),S,W,-0.0217,0.1378,6,2
164(b),S,Y,-0.1534,0.1943,6.5,2
165(a),Y,A,0.2722,0.1763,8.5,2
165(a),Y,C,-0.3247,0.09085,6,2
165(a),Y,D,-3.788,0,8.5,2
165(a),Y,E,-2.21,0.204,7.5,2
165(a),Y,F,-0.01398,0.00521,6.5,2
165(a),Y,G,-1.11,0.0135,3.5,2
165(a),Y,H,-0.1219,0.1033,4.5,2
165(a),Y,I,0.1355,0.1451,5.5,2
165(a),Y,K,-2.122,0.0095,11.5,2
165(a),Y,L,0.1468,0.06363,8.5,2
165(a),Y,M,-0.1666,0.09148,6,2
165(a),Y,N,-3.236,0,7,2
165(a),Y,P,-0.1502,0.2732,6,2
165(a),Y,Q,-0.1174,0.0494,6.5,2
165(a),Y,R,-0.6443,0.02895,8,2
165(a),Y,S,-0.7544,0.7976,4.5,2
165(a),Y,T,-0.1406,0.1526,8.5,2
165(a),Y,V,-0.02116,0.1185,7.5,2
165(a),Y,W,0.06865,0.1588,6.5,2
165(a),Y,Y,0,0,,2
165(b),T,A,-0.0373,0.1003,5,2
165(b),T,C,-0.4507,0.3989,3.5,2
165(b),T,D,-0.0515,0.3702,2.5,2
165(b),T,E,-0.00057,0.04573,4,2
165(b),T,F,-0.2227,0.2257,6.5,2
165(b),T,G,-0.7662,0.8618,7.5,2
165(b),T,H,-0.07794,0.09796,8.5,2
165(b),T,I,0.1069,0.3175,7.5,2
165(b),T,K,0.04418,0.1347,4.5,2
165(b),T,L,-0.3918,0.0804,6.5,2
165(b),T,M,-0.3537,0.3136,4,2
165(b),T,N,-0.1616,0.0355,4.5,2
165(b),T,P,0.21,0.4849,4.5,2
165(b),T,Q,-0.1271,0.3232,4,2
165(b),T,R,-0.08812,0,2,1
165(b),T,S,0.07018,0.06162,7.5,2
165(b),T,T,0,0,,2
165(b),T,V,0.04105,0.1429,5,2
165(b),T,W,0.09645,0.3751,2.5,2
165(b),T,Y,0.02396,0.1212,6,2
166(a),D,A,-0.3182,0.0879,4,2
166(a),D,C,0.03585,0.2359,3.5,2
166(a),D,D,0,0,,2
166(a),D,E,0.01951,0.1153,4.5,2
166(a),D,F,-0.1193,0.2237,5,2
166(a),D,G,0.1371,0.4086,4.5,2
166(a),D,H,-0.3846,0.4952,1.5,2
166(a),D,I,-0.0217,0.25,4.5,2
166(a),D,K,-0.08105,0.2555,1.5,2
166(a),D,L,0.1112,0.08661,6,2
166(a),D,M,0.1965,0.0089,3,2
166(a),D,N,-0.0873,0.0044,6.5,2
166(a),D,P,-3.842,0,4.5,2
166(a),D,Q,0.01658,0.0118,5.5,2
166(a),D,R,-0.1548,0.04835,6,2
166(a),D,S,0.03132,0.03262,3,2
166(a),D,T,-0.04025,0.1752,5,2
166(a),D,V,-0.1015,0.1413,3.5,2
166(a),D,W,-0.2738,0.033,4.5,2
166(a),D,Y,0.1672,0.0146,3.5,2
166(b),P,A,-0.01605,0.2827,6.5,2
166(b),P,C,-0.2021,0.068,6.5,2
166(b),P,D,0.3405,0.3014,4,2
166(b),P,E,0.00935,0.1308,5.5,2
166(b),P,F,0.2125,0.0073,5,2
166(b),P,G,0.09548,0.1838,4,2
166(b),P,H,-0.05943,0.05357,5,2
166(b),P,I,-0.2321,0.06295,3,2
166(b),P,K,-0.0362,0.2853,4.5,2
166(b),P,L,0.1038,0.2872,4,2
166(b),P,M,-0.03382,0.08578,5,2
166(b),P,N,-0.1181,0.02883,4,2
166(b),P,P,0,0,,2
166(b),P,Q,-0.03254,0.02727,3.5,2
166(b),P,R,-0.3144,0.06725,7,2
166(b),P,S,0.0305,0.1098,9,2
166(b),P,T,-0.1701,0.0242,7,2
166(b),P,V,0.0014,0.1787,7,2
166(b),P,W,0.08425,0.4644,5.5,2
166(b),P,Y,0.1724,0.07688,4,2
167(a),C,*,-6,0,1,2
167(a),C,A,-0.5539,0.5401,2.5,2
167(a),C,C,0,0,,2
167(a),C,D,-5.628,0,4,2
167(a),C,E,-4.739,0,8,2
167(a),C,F,-0.1767,0.4755,4,2
167(a),C,G,-0.8712,0.1172,5,2
167(a),C,H,-1.942,0.0785,4.5,2
167(a),C,I,-0.1938,0.1546,4.5,2
167(a),C,K,-6,0,6,2
167(a),C,L,-0.2949,0.1165,7,2
167(a),C,M,-0.0653,0.4535,3.5,2
167(a),C,N,-0.1335,0.022,3,2
167(a),C,P,-1.374,0.174,3,2
167(a),C,Q,-1.881,0.2705,3.5,2
167(a),C,R,-6,0,6.5,2
167(a),C,S,0.1855,0.122,3,2
167(a),C,T,0.4179,0.5079,1.5,2
167(a),C,V,0.03075,0.1403,3,2
167(a),C,W,-0.5009,0.3589,6.5,2
167(a),C,Y,-1.689,0.009,11,2
167(b),Q,*,-6,0,1.5,2
167(b),Q,A,0.1466,0.2763,9.5,2
167(b),Q,C,-0.2445,0.04645,5.5,2
167(b),Q,D,0.1499,0.00455,4,2
167(b),Q,E,0.2117,0.1092,5.5,2
167(b),Q,F,0.5216,0.465,3,2
167(b),Q,G,-0.08179,0.08371,8,2
167(b),Q,H,-0.0335,0.1976,6,2
167(b),Q,I,-0.0299,0.4801,6,2
167(b),Q,K,0.2193,0.05085,7.5,2
167(b),Q,L,0.1263,0.2359,4,2
167(b),Q,M,-0.3585,0.3688,5,2
167(b),Q,N,-0.02034,0.04705,5.5,2
167(b),Q,P,0.4452,0.1227,1,2
167(b),Q,Q,0,0,,2
167(b),Q,R,0.2935,0.1433,8.5,2
167(b),Q,S,-0.1445,0.05524,5,2
167(b),Q,T,0.2142,0.04305,8.5,2
167(b),Q,V,-0.01415,0.1456,6.5,2
167(b),Q,W,-0.006825,0.0535,11,2
167(b),Q,Y,0.04838,0.07502,9.5,2
168(a),R,A,0.398,0.3803,1,2
168(a),R,C,-0.08688,0.06582,2,2
168(a),R,D,0.5083,0,1,1
168(a),R,E,-0.3085,0.1712,5,2
168(a),R,F,0.1854,0.0053,4.5,2
168(a),R,G,0.2142,0.3799,3,2
168(a),R,I,-0.2074,0.2292,4,2
168(a),R,K,0.1677,0.0636,6.5,2
168(a),R,L,0.1287,0.1234,2.5,2
168(a),R,M,-0.167,0.1395,7.5,2
168(a),R,N,-0.07125,0.00021,3,2
168(a),R,P,-1.733,0.011,4,2
168(a),R,Q,-0.5286,0.0329,2.5,2
168(a),R,R,0,0,,2
168(a),R,S,-0.02201,0.08799,3.5,2
168(a),R,T,-0.1063,0.5517,4,2
168(a),R,V,0.04387,0.00869,10.5,2
168(a),R,W,-0.2553,0.05065,2,2
168(a),R,Y,0.0686,0.1815,5,2
168(b),H,A,0.1416,0.1998,5.5,2
168(b),H,C,-0.1957,0.1708,1.5,2
168(b),H,D,-0.3993,0.04815,5.5,2
168(b),H,E,-0.2249,0.0348,5.5,2
168(b),H,F,-0.01905,0.2741,7,2
168(b),H,G,-0.1183,0.1421,6,2
168(b),H,H,0,0,,2
168(b),H,I,0.4961,0.01835,4.5,2
168(b),H,K,-0.01515,0.0353,8,2
168(b),H,L,-0.02565,0.3528,4,2
168(b),H,M,0.2236,0.1294,7,2
168(b),H,N,0.1268,0.06871,5.5,2
168(b),H,P,-0.477,0.2639,6.5,2
168(b),H,Q,-0.1109,0.1143,9.5,2
168(b),H,R,-0.08271,0.1755,7,2
168(b),H,S,0.2742,0.0427,6.5,2
168(b),H,T,-0.7382,0.5048,4.5,2
168(b),H,V,-0.04877,0.1408,6.5,2
168(b),H,W,0.08535,0.2058,4.5,2
168(b),H,Y,0.03195,0.1651,6.5,2
169(a),V,A,0.07251,0.1441,7,2
169(a),V,C,-0.07225,0.2232,7.5,2
169(a),V,D,-3.054,0.097,6.5,2
169(a),V,E,-1.716,0.1415,7,2
169(a),V,F,-0.7113,0.3957,4.5,2
169(a),V,G,0.3348,0.29,7,2
169(a),V,H,-0.4444,0.1799,5,2
169(a),V,I,-0.0138,0.00356,11.5,2
169(a),V,K,-3.255,0.068,9.5,2
169(a),V,L,-0.001275,0.04244,5.5,2
169(a),V,M,-0.2853,0.1074,17,2
169(a),V,N,-0.06185,0.2576,10,2
169(a),V,P,-0.7168,0.126,6.5,2
169(a),V,Q,-0.5658,0.3251,9,2
169(a),V,R,-1.819,0.337,8.5,2
169(a),V,S,-0.1632,0.1775,7.5,2
169(a),V,T,0.128,0.1445,4.5,2
169(a),V,V,0,0,,2
169(a),V,W,-0.4777,0.0001,8,2
169(a),V,Y,0.1026,0.03012,9.5,2
169(b),G,A,-0.04576,0.05155,4.5,2
169(b),G,C,-0.1576,0.0548,4,2
169(b),G,D,0.0732,0.3442,3,2
169(b),G,E,-0.442,0.1217,3,2
169(b),G,F,0.0477,0.4419,3,2
169(b),G,G,0,0,,2
169(b),G,H,0.3378,0.3344,6,2
169(b),G,I,0.00655,0.1113,4.5,2
169(b),G,K,-0.07923,0.03188,7.5,2
169(b),G,L,0.0963,0.5123,4.5,2
169(b),G,M,0.0698,0.2871,3.5,2
169(b),G,N,-0.0996,0.08661,5,2
169(b),G,P,-0.2472,0.1011,7.5,2
169(b),G,Q,-0.09134,0.07025,6.5,2
169(b),G,R,-0.02699,0.09371,6.5,2
169(b),G,S,-0.1476,0.06862,4,2
169(b),G,T,0.06114,0.1413,5.5,2
169(b),G,V,0.0039,0.4766,5.5,2
169(b),G,W,-0.0165,0.1592,9,2
169(b),G,Y,-0.4071,0.3547,4,2
17(T2A),E,D,-1.514,0,0.5,1
17(T2A),E,E,0,0,,2
17(T2A),E,G,-0.5082,0,0.5,1
17(T2A),E,K,-0.03196,0.06717,7,2
17(a),E,*,-6,0,5.5,2
17(a),E,A,-0.1832,0.06775,8,2
17(a),E,C,0.01936,0.03276,6,2
17(a),E,D,0.06036,0.08844,5.5,2
17(a),E,E,0,0,,2
17(a),E,F,-0.4891,0.1622,8.5,2
17(a),E,G,-0.3017,0.3004,6,2
17(a),E,H,0.09262,0.07838,3.5,2
17(a),E,I,-0.07644,0.08086,6,2
17(a),E,K,0.1294,0.203,5.5,2
17(a),E,L,-0.2015,0.1085,7,2
17(a),E,M,-0.415,0.1256,8,2
17(a),E,N,-0.09275,0.2056,4.5,2
17(a),E,P,-0.3332,0.1659,3.5,2
17(a),E,Q,-0.5981,0.1696,4,2
17(a),E,R,0.0773,0.1294,6.5,2
17(a),E,S,0.1977,0.1019,4.5,2
17(a),E,T,-0.0802,0.1288,3.5,2
17(a),E,V,-0.1441,0.03845,7.5,2
17(a),E,W,0.0338,0.6129,2.5,2
17(a),E,Y,-0.3202,0.0089,6,2
17(b),C,A,-3.101,0.064,4.5,2
17(b),C,C,0,0,,2
17(b),C,D,-6,0,6.5,2
17(b),C,E,-6,0,5.5,2
17(b),C,F,-3.409,0,6,2
17(b),C,G,-5.764,0,4.5,2
17(b),C,H,-6,0,5.5,2
17(b),C,I,-1.823,0.2525,5,2
17(b),C,K,-6,0,8,2
17(b),C,L,-2.989,0.1375,10,2
17(b),C,M,-2.795,0.059,7.5,2
17(b),C,N,-6,0,8,2
17(b),C,P,-6,0,5.5,2
17(b),C,Q,-6,0,6.5,2
17(b),C,R,-6,0,9,2
17(b),C,S,-5.918,0,8,2
17(b),C,T,-4.222,0,7.5,2
17(b),C,V,-1.76,0.018,4.5,2
17(b),C,W,-5.724,0,4,2
17(b),C,Y,-4.304,0,5.5,2
170(a),E,*,-6,0,0.5,1
170(a),E,A,-0.1691,0.01035,9,2
170(a),E,C,-0.07035,0.4489,5.5,2
170(a),E,D,0.242,0.1619,5,2
170(a),E,E,0,0,,2
170(a),E,F,-0.09306,0.1152,8,2
170(a),E,G,-0.3282,0.0284,5,2
170(a),E,H,-0.1602,0.3642,6.5,2
170(a),E,I,-0.3806,0.3051,6,2
170(a),E,K,0.07823,0.08378,10.5,2
170(a),E,L,0.117,0,2,1
170(a),E,M,0.1099,0.1004,5.5,2
170(a),E,N,0.1429,0.4183,6.5,2
170(a),E,P,-0.3822,0.2822,5,2
170(a),E,Q,-0.2893,0.0333,2.5,2
170(a),E,R,0.02035,0.2572,5,2
170(a),E,S,0.05603,0.1308,3.5,2
170(a),E,T,-0.03447,0.01226,7.5,2
170(a),E,V,-0.1377,0.3732,5.5,2
170(a),E,W,0.223,0.3296,6,2
170(a),E,Y,-0.2032,0.0588,6.5,2
170(b),D,A,0.0652,0.0994,6,2
170(b),D,C,-0.244,0.3882,6,2
170(b),D,D,0,0,,2
170(b),D,E,-0.2272,0.276,6.5,2
170(b),D,F,0.1154,0.0049,6.5,2
170(b),D,G,-0.1484,0.1721,5,2
170(b),D,H,0.4511,0.0214,7.5,2
170(b),D,I,0.4357,0.4637,5.5,2
170(b),D,K,-0.08737,0.04043,5.5,2
170(b),D,L,0.08077,0.003005,7,2
170(b),D,M,0.1327,0.3284,3,2
170(b),D,N,0.2788,0.0659,9.5,2
170(b),D,P,0.0214,0.0077,4.5,2
170(b),D,Q,0.0336,0.2571,5,2
170(b),D,R,0.2217,0.05205,5,2
170(b),D,S,0.1755,0.3684,4,2
170(b),D,T,-0.06557,0.05532,7.5,2
170(b),D,V,-0.1475,0.1881,5,2
170(b),D,W,0.1737,0.09855,8.5,2
170(b),D,Y,0.388,0.1683,4,2
171(a),H,A,-0.2592,0.1482,7.5,2
171(a),H,C,-0.206,0.002,6.5,2
171(a),H,D,-0.8611,0.05645,6,2
171(a),H,E,-0.3986,0.02395,8,2
171(a),H,F,0.1444,0.0033,8,2
171(a),H,G,0.2455,0.3915,4.5,2
171(a),H,H,0,0,,2
171(a),H,I,-0.3273,0.2205,7.5,2
171(a),H,K,-0.6811,0.0174,8.5,2
171(a),H,L,0.00705,0.1643,7.5,2
171(a),H,M,0.04145,0.2427,11,2
171(a),H,N,-0.5051,0.04305,9,2
171(a),H,P,0.237,0.194,5,2
171(a),H,Q,-0.04,0.1717,6.5,2
171(a),H,R,0.01873,0.06319,7,2
171(a),H,S,-0.2387,0.0239,6.5,2
171(a),H,T,-0.186,0.0255,8.5,2
171(a),H,V,-0.1034,0.1366,7.5,2
171(a),H,W,0.1699,0.2248,6,2
171(a),H,Y,0.03066,0.09094,5,2
171(b),T,A,-0.07488,0.1183,7,2
171(b),T,C,0.05704,0.09246,5,2
171(b),T,D,-0.2261,0.5985,4.5,2
171(b),T,E,0.01958,0.004365,4,2
171(b),T,F,0.0639,0.1752,3,2
171(b),T,G,0.01985,0.00533,4,2
171(b),T,H,-0.06028,0.001035,5.5,2
171(b),T,I,0.1244,0.05418,8.5,2
171(b),T,K,-0.2732,0.14,7.5,2
171(b),T,L,0.1532,0.0084,6.5,2
171(b),T,M,-0.1125,0.09047,4,2
171(b),T,N,-0.02465,0.3008,7.5,2
171(b),T,P,-0.3515,0.2982,5.5,2
171(b),T,Q,-0.1763,0.0184,5,2
171(b),T,R,0.05262,0.03286,7.5,2
171(b),T,S,-0.03865,0.1317,3,2
171(b),T,T,0,0,,2
171(b),T,V,-0.265,0.2249,4.5,2
171(b),T,W,0.06647,0.1191,9,2
171(b),T,Y,-0.1722,0.08977,8,2
172(a),W,*,-6,0,2.5,2
172(a),W,A,0.2287,0.146,4.5,2
172(a),W,C,0.09929,0.09641,9,2
172(a),W,D,-0.01288,0.09152,10,2
172(a),W,E,0.3304,0.3441,6,2
172(a),W,F,0.3452,0.0023,4,2
172(a),W,G,0.1747,0.08094,5.5,2
172(a),W,H,-0.09656,0.1609,8.5,2
172(a),W,I,0.31,0.1556,3,2
172(a),W,K,0.06215,0.04925,5,2
172(a),W,L,0.395,0.1279,6.5,2
172(a),W,M,0.3718,0.1411,7,2
172(a),W,N,0.2828,0.00255,5.5,2
172(a),W,P,0.1543,0.1797,8,2
172(a),W,Q,-0.08071,0.177,7,2
172(a),W,R,0.2514,0.2546,8.5,2
172(a),W,S,-0.04592,0.01169,2.5,2
172(a),W,T,0.1677,0.4926,4.5,2
172(a),W,V,0.2744,0.093,6,2
172(a),W,W,0,0,,2
172(a),W,Y,0.1821,0.0459,6.5,2
172(b),Y,A,0.147,0.0826,5,2
172(b),Y,C,0.0765,0.2118,5.5,2
172(b),Y,D,-1.688,0.0495,5,2
172(b),Y,E,-1.786,0.1335,4,2
172(b),Y,F,0.08614,0.09336,5.5,2
172(b),Y,G,-1.453,0.138,5.5,2
172(b),Y,H,-0.1042,0.08997,10.5,2
172(b),Y,I,0.08167,0.02203,8,2
172(b),Y,K,-0.8731,0.0878,5.5,2
172(b),Y,L,0.03425,0.1765,3.5,2
172(b),Y,M,-0.03902,0.1316,7,2
172(b),Y,N,-0.4565,0.09765,4,2
172(b),Y,P,-1.028,0.4407,3.5,2
172(b),Y,Q,-0.3848,0.4034,2.5,2
172(b),Y,R,-0.4036,0.0396,7,2
172(b),Y,S,-0.202,0.2357,2.5,2
172(b),Y,T,-0.0495,0.3006,3.5,2
172(b),Y,V,-1.145,0.3186,3.5,2
172(b),Y,W,0.4901,0.0964,5.5,2
172(b),Y,Y,0,0,,2
173(a),G,A,0.4567,0.3525,5,2
173(a),G,C,0.2989,0.0095,9.5,2
173(a),G,D,-0.4457,0.6373,4,2
173(a),G,E,0.1964,0.1232,4,2
173(a),G,F,0.04378,0.1322,12.5,2
173(a),G,G,0,0,,2
173(a),G,H,0.2511,0.2837,5,2
173(a),G,I,-0.06885,0.1051,4,2
173(a),G,K,0.02425,0.3137,8,2
173(a),G,L,0.0059,0.1099,6.5,2
173(a),G,M,0.03608,0.02725,6,2
173(a),G,N,0.05463,0.1183,5,2
173(a),G,P,-0.03439,0.1179,7.5,2
173(a),G,Q,0.3931,0.2421,5,2
173(a),G,R,0.08305,0.1054,5.5,2
173(a),G,S,-0.02769,0.06169,7,2
173(a),G,T,0.411,0.0244,7,2
173(a),G,V,0.2317,0.2037,7.5,2
173(a),G,W,0.5161,0.2383,5,2
173(a),G,Y,0.2681,0.00375,8,2
173(b),E,*,-6,0,0.5,1
173(b),E,A,0.3252,0.0997,7.5,2
173(b),E,C,0.1762,0.1346,8.5,2
173(b),E,D,-0.2368,0.0895,6.5,2
173(b),E,E,0,0,,2
173(b),E,F,-0.2397,0.3198,6.5,2
173(b),E,G,-0.1739,0.4936,4.5,2
173(b),E,H,0.2915,0.1581,4.5,2
173(b),E,I,0.0572,0.0649,8,2
173(b),E,K,-0.142,0.07392,5.5,2
173(b),E,L,-0.06876,0.1285,12.5,2
173(b),E,M,-0.1738,0.446,5.5,2
173(b),E,N,0.08678,0.1123,9.5,2
173(b),E,P,-3.599,0,9,2
173(b),E,Q,-0.1309,0.1674,5.5,2
173(b),E,R,-0.07928,0.09073,4,2
173(b),E,S,-0.1186,0.1338,6,2
173(b),E,T,0.1563,0.1198,4,2
173(b),E,V,-0.3984,0.2986,8,2
173(b),E,W,-0.05727,0.04063,2.5,2
173(b),E,Y,-0.1704,0.1085,10.5,2
174(a),L,A,0.7422,0.2156,5,2
174(a),L,C,-0.03439,0.088,6,2
174(a),L,D,-0.05248,0.00763,8,2
174(a),L,E,0.224,0.1328,6,2
174(a),L,F,0.08477,0.1743,6,2
174(a),L,G,0.1843,0.3448,6,2
174(a),L,H,0.0145,0.196,6,2
174(a),L,I,0.09456,0.1295,12,2
174(a),L,K,-0.21,0.0724,6.5,2
174(a),L,L,0,0,,2
174(a),L,M,0.06759,0.01486,7.5,2
174(a),L,N,0.09345,0.2288,4.5,2
174(a),L,P,0.1541,0.2566,7.5,2
174(a),L,Q,0.5786,0.1824,5,2
174(a),L,R,0.2791,0.0086,6,2
174(a),L,S,0.002115,0.09468,6.5,2
174(a),L,T,0.1074,0.2399,6.5,2
174(a),L,V,-0.249,0.2889,4.5,2
174(a),L,W,-0.2112,0.3957,3.5,2
174(a),L,Y,0.07756,0.02724,5,2
174(b),C,A,-0.8955,0.0715,3,2
174(b),C,C,0,0,,2
174(b),C,D,-6,0,6.5,2
174(b),C,E,-6,0,2,2
174(b),C,F,-1.029,0.1269,4,2
174(b),C,G,-3.8,0,5.5,2
174(b),C,H,-6,0,5.5,2
174(b),C,I,-0.4785,0.04435,6.5,2
174(b),C,K,-6,0,5.5,2
174(b),C,L,-0.05182,0.08827,4,2
174(b),C,M,-1.969,1.423,6,2
174(b),C,N,-4.863,0,3,2
174(b),C,P,-4.822,0,3.5,2
174(b),C,Q,-5.67,0,3,2
174(b),C,R,-6,0,7,2
174(b),C,S,-2.364,0.0725,5,2
174(b),C,T,-0.8371,0.4439,6,2
174(b),C,V,-0.3391,0.3076,3.5,2
174(b),C,W,-2.935,0.173,4.5,2
174(b),C,Y,-2.319,0.2405,4.5,2
175(a),P,A,0.1951,0.1899,4.5,2
175(a),P,C,0.1992,0.1089,6.5,2
175(a),P,D,-0.1276,0.1481,5,2
175(a),P,E,-0.1032,0.1537,7.5,2
175(a),P,F,0.0072,0.3489,5.5,2
175(a),P,G,0.424,0.06395,4,2
175(a),P,H,0.2404,0.3166,8,2
175(a),P,I,0.0185,0.01388,6.5,2
175(a),P,K,0.2646,0.1236,7,2
175(a),P,L,0.1441,0.1675,5,2
175(a),P,M,-0.00423,0.02409,7,2
175(a),P,N,-0.07535,0.4074,3,2
175(a),P,P,0,0,,2
175(a),P,Q,-0.1974,0.2078,4,2
175(a),P,R,0.04425,0.3839,3,2
175(a),P,S,0.2399,0.04555,5.5,2
175(a),P,T,-0.06681,0.08239,10,2
175(a),P,V,-0.1851,0.2196,10.5,2
175(a),P,W,-0.2394,0.07525,5.5,2
175(a),P,Y,-0.02824,0.117,5.5,2
175(b),H,A,-0.2089,0.03705,5.5,2
175(b),H,C,-0.0311,0.1874,6.5,2
175(b),H,D,-0.1367,0.2252,6,2
175(b),H,E,0.01945,0.1308,3.5,2
175(b),H,F,-0.3009,0.3248,6.5,2
175(b),H,G,0.3858,0.04215,9,2
175(b),H,H,0,0,,2
175(b),H,I,-0.03807,0.08333,7.5,2
175(b),H,K,0.0043,0.1695,8.5,2
175(b),H,L,0.4316,0.07235,4.5,2
175(b),H,M,-0.16,0.01615,8.5,2
175(b),H,N,0.4774,0,1.5,1
175(b),H,P,-3.759,0,8,2
175(b),H,Q,-0.08695,0.2366,8,2
175(b),H,R,0.1122,0.3333,5,2
175(b),H,S,-0.1025,0.5649,7,2
175(b),H,T,-0.2276,0.2015,6,2
175(b),H,V,-0.01688,0.06746,5,2
175(b),H,W,0.05881,0.03292,5,2
175(b),H,Y,0.187,0.3321,8.5,2
176(a),E,A,0.1549,0.08731,6,2
176(a),E,C,-0.07214,0.06146,6,2
176(a),E,D,0.1099,0.242,6,2
176(a),E,E,0,0,,2
176(a),E,F,0.09455,0.3708,5.5,2
176(a),E,G,-0.02612,0.1113,8,2
176(a),E,H,0.2591,0.1331,6,2
176(a),E,I,0.1722,0.1874,7.5,2
176(a),E,K,0.08473,0.04917,9.5,2
176(a),E,L,-0.1264,0.4737,3.5,2
176(a),E,M,0.5325,0.1772,6,2
176(a),E,N,0.414,0.0019,9.5,2
176(a),E,P,0.1714,0.07445,4,2
176(a),E,Q,0.1395,0.05162,4.5,2
176(a),E,R,-0.3619,0.2406,6,2
176(a),E,S,0.296,0.0651,5.5,2
176(a),E,T,-0.1565,0.00225,4,2
176(a),E,V,-0.00835,0.2109,7.5,2
176(a),E,W,0.04435,0.1646,6.5,2
176(a),E,Y,0.268,0.4808,7,2
176(b),V,A,-0.03148,0.07742,6,2
176(b),V,C,-0.255,0.09975,5.5,2
176(b),V,D,-5.883,0,4,2
176(b),V,E,-3.185,0.0115,8,2
176(b),V,F,0.1389,0.2392,6.5,2
176(b),V,G,-0.9455,0.01695,6,2
176(b),V,H,-2.456,0.091,7,2
176(b),V,I,-0.0784,0.00866,4,2
176(b),V,K,-6,0,7.5,2
176(b),V,L,-0.1376,0.05181,6,2
176(b),V,M,0.1275,0.1161,9,2
176(b),V,N,-2.425,0.2445,7.5,2
176(b),V,P,-1.017,0.1079,8,2
176(b),V,Q,-2.527,0.486,5,2
176(b),V,R,-5.917,0,4.5,2
176(b),V,S,-0.3005,0.04455,3.5,2
176(b),V,T,0.04473,0.006565,8,2
176(b),V,V,0,0,,2
176(b),V,W,-0.9489,0.3431,8,2
176(b),V,Y,-0.8807,0.5613,1,2
177(a),P,A,0.07185,0.5317,4,2
177(a),P,C,-0.07634,0.07426,6,2
177(a),P,D,-0.2067,0.0021,3.5,2
177(a),P,E,0.1051,0.02647,5.5,2
177(a),P,F,-0.09862,0.08818,4.5,2
177(a),P,G,-0.03255,0.1931,3.5,2
177(a),P,H,0.3129,0.1889,7.5,2
177(a),P,I,0.2318,0.1015,6.5,2
177(a),P,K,0.1913,0.06205,8.5,2
177(a),P,L,-0.1871,0.05055,5,2
177(a),P,M,-0.1927,0.1031,4.5,2
177(a),P,N,-0.06128,0.02692,6.5,2
177(a),P,P,0,0,,2
177(a),P,Q,-0.1247,0.09827,7.5,2
177(a),P,R,0.2465,0.05495,4,2
177(a),P,S,0.08807,0.04503,10,2
177(a),P,T,-0.03306,0.1201,10.5,2
177(a),P,V,0.193,0.00905,6,2
177(a),P,W,0.00062,0.05165,8.5,2
177(a),P,Y,0.2697,0.1116,6.5,2
177(b),Q,*,-6,0,0.5,1
177(b),Q,A,-0.09275,0.2818,6.5,2
177(b),Q,C,-0.1583,0.01895,6,2
177(b),Q,D,0.0193,0.7035,5.5,2
177(b),Q,E,0.2189,0.0559,10,2
177(b),Q,F,-0.1177,0.1044,9,2
177(b),Q,G,0.1541,0.1399,5.5,2
177(b),Q,H,0.3004,0.2401,3,2
177(b),Q,I,-0.1002,0.08537,8,2
177(b),Q,K,0.01999,0.0952,7.5,2
177(b),Q,L,0.211,0.1561,7,2
177(b),Q,M,0.1654,0.007,9,2
177(b),Q,N,-0.4353,0,4.5,1
177(b),Q,P,-0.6187,0.1327,8,2
177(b),Q,Q,0,0,,2
177(b),Q,R,0.2804,0.1839,7,2
177(b),Q,S,-0.05555,0.4126,4.5,2
177(b),Q,T,-0.2054,0.1307,7,2
177(b),Q,V,-0.05545,0.06955,7,2
177(b),Q,W,-0.2543,0.1629,7,2
177(b),Q,Y,-0.1018,0.2243,9,2
178(a),L,A,0.1465,0.215,2.5,2
178(a),L,C,-0.04544,0.02727,7,2
178(a),L,D,0.2492,0.2351,4,2
178(a),L,E,0.2649,0.2037,5.5,2
178(a),L,F,0.1967,0.1066,3.5,2
178(a),L,G,0.01875,0.1862,6,2
178(a),L,H,0.1847,0.2288,6,2
178(a),L,I,-0.1067,0.223,4,2
178(a),L,K,0.1621,0.267,3,2
178(a),L,L,0,0,,2
178(a),L,M,0.4078,0.007,7,2
178(a),L,N,0.4092,0.09295,5,2
178(a),L,P,0.2801,0.1852,7,2
178(a),L,Q,0.09,0.3412,4.5,2
178(a),L,R,0.08075,0.1237,4,2
178(a),L,S,-0.142,0.08512,6,2
178(a),L,T,0.1248,0.06475,6.5,2
178(a),L,V,0.1086,0.09962,3.5,2
178(a),L,W,0.1696,0.06295,6.5,2
178(a),L,Y,0.5472,0.1865,4.5,2
178(b),H,A,-0.2075,0.3268,2.5,2
178(b),H,C,-0.09954,0.1332,6.5,2
178(b),H,D,-0.2583,0.3052,2,2
178(b),H,E,-1.439,1.635,1,2
178(b),H,F,-0.2226,0.3786,7,2
178(b),H,G,-0.0373,0.2051,6,2
178(b),H,H,0,0,,2
178(b),H,I,-0.3619,0.3388,6.5,2
178(b),H,K,-0.07527,0.02343,7,2
178(b),H,L,-0.3039,0.0489,9,2
178(b),H,M,-0.5081,0.4635,4.5,2
178(b),H,N,-0.3487,0.07965,7.5,2
178(b),H,P,-0.3449,0.07045,7.5,2
178(b),H,Q,0.1114,0.2113,8.5,2
178(b),H,R,0.1667,0.1279,10,2
178(b),H,S,-0.1573,0.04435,7,2
178(b),H,T,0.08664,0.03176,7.5,2
178(b),H,V,-0.2818,0.0151,8.5,2
178(b),H,W,0.1769,0.00025,8.5,2
178(b),H,Y,-0.1167,0.1453,8,2
179(a),M,A,0.1558,0.3367,8,2
179(a),M,C,-0.2361,0.2648,7,2
179(a),M,D,0.2787,0.1537,5.5,2
179(a),M,E,0.05219,0.1461,2,2
179(a),M,F,-0.07447,0.09442,4.5,2
179(a),M,G,-0.1749,0.0018,8,2
179(a),M,H,0.04445,0.2148,4.5,2
179(a),M,I,-0.01502,0.07997,7,2
179(a),M,K,-0.00346,0.0937,4,2
179(a),M,L,0.207,0.1186,8.5,2
179(a),M,M,0,0,,2
179(a),M,N,-0.1574,0.07677,5,2
179(a),M,P,0.0534,0.2244,8,2
179(a),M,Q,0.02425,0.1889,6,2
179(a),M,R,0.3726,0.3659,7,2
179(a),M,S,-0.04715,0.2465,7.5,2
179(a),M,T,0.49,0.1704,7,2
179(a),M,V,-0.05456,0.1314,7,2
179(a),M,W,-0.06705,0.2957,6.5,2
179(a),M,Y,0.00625,0.1382,4.5,2
179(b),A,A,0,0,,2
179(b),A,C,-0.04535,0.06015,8,2
179(b),A,D,0.1629,0.171,4.5,2
179(b),A,E,-1.273,1.796,3,2
179(b),A,F,0.09875,0.1775,8,2
179(b),A,G,-0.4226,0.3479,4,2
179(b),A,H,-0.3854,0.1768,2.5,2
179(b),A,I,-0.2338,0.2727,6,2
179(b),A,K,-0.2074,0.1234,7.5,2
179(b),A,L,-0.1137,0.182,4.5,2
179(b),A,M,-0.08505,0.2371,5,2
179(b),A,N,0.3191,0.0757,7.5,2
179(b),A,P,-0.0365,0.2053,7,2
179(b),A,Q,-0.0676,0.1964,6.5,2
179(b),A,R,0.2346,0.0206,5.5,2
179(b),A,S,0.2242,0.0321,8,2
179(b),A,T,-0.03902,0.07258,10.5,2
179(b),A,V,-0.02535,0.1436,7.5,2
179(b),A,W,0.4007,0.1878,8.5,2
179(b),A,Y,-0.151,0.09949,10,2
18(T2A),N,D,-0.3451,0,0.5,1
18(T2A),N,H,-0.8549,0,0.5,1
18(T2A),N,N,0,0,,2
18(a),T,*,-6,0,4,2
18(a),T,A,0.1875,0.3089,4.5,2
18(a),T,C,0.3563,0.00545,4.5,2
18(a),T,D,0.1578,0.07473,5,2
18(a),T,E,-0.1497,0.2444,3,2
18(a),T,F,-0.2943,0.1542,6.5,2
18(a),T,G,-0.09815,0.2113,5.5,2
18(a),T,H,0.2513,0.2968,6,2
18(a),T,I,0.1522,0.1993,8.5,2
18(a),T,K,0.104,0.08901,4,2
18(a),T,L,-0.1366,0.01955,7,2
18(a),T,M,-0.2444,0.3898,4,2
18(a),T,N,0.03765,0.1788,6,2
18(a),T,P,-0.3061,0.0437,6.5,2
18(a),T,Q,0.2772,0.3007,7.5,2
18(a),T,R,0.323,0.4156,4,2
18(a),T,S,-0.1963,0.1499,4.5,2
18(a),T,T,0,0,,2
18(a),T,V,0.1487,0.2481,5.5,2
18(a),T,W,0.3911,0.2379,3,2
18(a),T,Y,-0.3361,0.3755,3,2
18(b),H,A,-0.4121,0.07555,4,2
18(b),H,C,-0.6267,0.0237,9,2
18(b),H,D,-0.2621,0.0611,11.5,2
18(b),H,E,0.4884,0.9075,4.5,2
18(b),H,F,-0.469,0.2641,4.5,2
18(b),H,G,-1.095,0.2187,8.5,2
18(b),H,H,0,0,,2
18(b),H,I,-0.1662,0.1674,9,2
18(b),H,K,-0.3191,0.188,9,2
18(b),H,L,-0.5422,0.0531,5.5,2
18(b),H,M,-0.5557,0.08305,6.5,2
18(b),H,N,-0.1406,0.06103,9.5,2
18(b),H,P,-5.517,0,7.5,2
18(b),H,Q,-0.03347,0.04847,4,2
18(b),H,R,-0.187,0.1957,5.5,2
18(b),H,S,0.09427,0.1265,3,2
18(b),H,T,-0.8783,0.0812,7,2
18(b),H,V,-0.5498,0.2182,5,2
18(b),H,W,-0.3772,0.01125,5.5,2
18(b),H,Y,-0.1884,0.05565,4,2
180(a),T,A,-0.2278,0.0549,5,2
180(a),T,C,-0.06689,0.1226,6.5,2
180(a),T,D,-0.2365,0.3036,5.5,2
180(a),T,E,-0.0851,0.2605,5,2
180(a),T,F,0.207,0.1691,6.5,2
180(a),T,G,0.04055,0.4688,2,2
180(a),T,H,0.2445,0.009,4.5,2
180(a),T,I,-0.0495,0.2585,6.5,2
180(a),T,K,-0.05051,0.1255,3,2
180(a),T,L,0.2322,0.1782,6,2
180(a),T,M,-0.01678,0.02524,3.5,2
180(a),T,N,0.09806,0.08494,5,2
180(a),T,P,0.1694,0.04965,9,2
180(a),T,Q,-0.3905,0.0799,2,2
180(a),T,R,-0.5007,0.07595,7,2
180(a),T,S,-0.05165,0.2863,5.5,2
180(a),T,T,0,0,,2
180(a),T,V,0.0148,0.1419,6,2
180(a),T,W,-0.06844,0.1616,8.5,2
180(a),T,Y,0.1214,0.1452,4,2
180(b),S,A,0.04679,0.0242,8.5,2
180(b),S,C,-0.1403,0.06162,8.5,2
180(b),S,D,-0.086,0.2226,4.5,2
180(b),S,E,0.2654,0.159,5.5,2
180(b),S,F,-0.1452,0.2015,5.5,2
180(b),S,G,-0.0898,0.2522,5.5,2
180(b),S,H,0.08172,0.1444,6.5,2
180(b),S,I,-0.08544,0.04126,4,2
180(b),S,K,-0.0507,0.5512,4,2
180(b),S,L,-0.4437,0.2509,3.5,2
180(b),S,M,-0.3525,0.07235,8.5,2
180(b),S,N,-0.1591,0.2067,5.5,2
180(b),S,P,0.1457,0.33,6.5,2
180(b),S,Q,-0.2828,0.1224,4.5,2
180(b),S,R,-0.5252,0.3468,3.5,2
180(b),S,S,0,0,,2
180(b),S,T,0.1155,0.292,5,2
180(b),S,V,-0.2053,0.1352,9,2
180(b),S,W,-0.3668,0.2536,6,2
180(b),S,Y,-0.128,0.02335,6.5,2
181(a),H,A,-0.3088,0,2.5,1
181(a),H,C,-0.5515,0.2356,4,2
181(a),H,D,0.2258,0.1995,7.5,2
181(a),H,E,-0.0028,0.1726,7,2
181(a),H,F,-0.2527,0.127,5,2
181(a),H,G,0.1318,0.05721,7,2
181(a),H,H,0,0,,2
181(a),H,I,0.131,0.08668,5.5,2
181(a),H,K,0.3815,0.1277,5,2
181(a),H,L,-0.08449,0.1438,6.5,2
181(a),H,M,0.1969,0.1909,4,2
181(a),H,N,-0.1331,0.3275,6,2
181(a),H,P,0.2237,0.248,3,2
181(a),H,Q,-0.1729,0.0152,3.5,2
181(a),H,R,0.2098,0.5061,3,2
181(a),H,S,0.01395,0.1978,7.5,2
181(a),H,T,0.4936,0.1909,2.5,2
181(a),H,V,-0.1138,0.1351,6,2
181(a),H,W,-0.2009,0.071,11,2
181(a),H,Y,-0.0388,0.1755,3,2
181(b),L,A,-0.5669,0.2261,4.5,2
181(b),L,C,0.00965,0.1426,7,2
181(b),L,D,0.2196,0,3,1
181(b),L,E,0.1404,0.1404,8,2
181(b),L,F,-0.1108,0.06706,3.5,2
181(b),L,G,-0.2431,0.3329,3,2
181(b),L,H,-0.05376,0.1155,6.5,2
181(b),L,I,0.1429,0.2749,8,2
181(b),L,K,0.9666,0.4665,3.5,2
181(b),L,L,0,0,,2
181(b),L,M,-0.176,0.2312,5,2
181(b),L,N,-0.4394,0.0099,4.5,2
181(b),L,P,-0.07835,0.4986,7,2
181(b),L,Q,0.7625,0.1385,2,2
181(b),L,R,0.01915,0.002455,5.5,2
181(b),L,S,-0.0948,0.4698,5.5,2
181(b),L,T,-0.3628,0.0927,3.5,2
181(b),L,V,-0.1072,0.08413,8.5,2
181(b),L,W,-0.1357,0.2717,5,2
181(b),L,Y,-0.1541,0.1449,3.5,2
182(a),W,*,-3.551,0.9485,3.5,2
182(a),W,A,-0.3658,0.2799,5.5,2
182(a),W,C,0.00245,0.1768,5,2
182(a),W,D,-0.0335,0.0671,5.5,2
182(a),W,E,-0.3889,0.08565,7,2
182(a),W,F,0.1745,0.2261,6,2
182(a),W,G,-0.9318,0.1243,1.5,2
182(a),W,H,0.0878,0.3469,5.5,2
182(a),W,I,0.2757,0.1648,5,2
182(a),W,K,-0.1093,0.2987,2.5,2
182(a),W,L,-0.1397,0.4252,6,2
182(a),W,M,0.2905,0.1318,7.5,2
182(a),W,N,-0.0293,0.2864,6,2
182(a),W,P,-0.947,0.074,4,2
182(a),W,Q,-0.482,0.04045,5,2
182(a),W,R,-0.6768,0.1114,8.5,2
182(a),W,S,0.09531,0.169,8,2
182(a),W,T,-0.08121,0.02619,8.5,2
182(a),W,V,-0.1259,0.1075,7.5,2
182(a),W,W,0,0,,2
182(a),W,Y,0.2084,0.1101,8.5,2
182(b),K,A,0.2641,0.3286,7,2
182(b),K,C,0.1679,0.2322,6,2
182(b),K,D,-0.1866,0.04705,5.5,2
182(b),K,E,-0.02619,0.038,6,2
182(b),K,F,0.0059,0.2205,5,2
182(b),K,G,-0.07037,0.03064,4,2
182(b),K,H,-0.3905,0.07085,5.5,2
182(b),K,I,0.3059,0.0311,6.5,2
182(b),K,K,0,0,,2
182(b),K,L,0.128,0.244,7.5,2
182(b),K,M,-0.1301,0.2496,6,2
182(b),K,N,0.08073,0.04718,5.5,2
182(b),K,P,-0.02565,0.4219,6.5,2
182(b),K,Q,0.02909,0.01669,7,2
182(b),K,R,-0.219,0.1348,10.5,2
182(b),K,S,-0.03895,0.1073,5,2
182(b),K,T,0.543,0.0072,5,2
182(b),K,V,-0.1843,0.1447,5,2
182(b),K,W,0.1178,0.07303,8.5,2
182(b),K,Y,0.1676,0.1838,6,2
183(a),E,A,-0.00595,0.153,6,2
183(a),E,C,-0.1661,0.07678,7,2
183(a),E,D,0.1971,0.02775,4.5,2
183(a),E,E,0,0,,2
183(a),E,F,-0.1314,0.04911,9,2
183(a),E,G,0.05665,0.1127,4.5,2
183(a),E,H,-1.26,1.391,3,2
183(a),E,I,0.2386,0.0939,3,2
183(a),E,K,0.1452,0.0569,8,2
183(a),E,L,0.2722,0.1298,4.5,2
183(a),E,M,0.0424,0.0958,7,2
183(a),E,N,0.2648,0.1872,8,2
183(a),E,P,-0.3968,0.4102,7.5,2
183(a),E,Q,-0.1894,0.0558,5,2
183(a),E,R,0.1235,0.00635,8.5,2
183(a),E,S,-0.1829,0.0632,7,2
183(a),E,T,0.1476,0.2137,5,2
183(a),E,V,0.1126,0.03311,7.5,2
183(a),E,W,-0.2438,0.0487,6.5,2
183(a),E,Y,0.2365,0.1017,4.5,2
183(b),S,A,0.0679,0.2743,5.5,2
183(b),S,C,-0.3106,0.0145,6,2
183(b),S,D,-0.03032,0.05818,5.5,2
183(b),S,E,-0.2705,0.353,5,2
183(b),S,F,0.1123,0.1382,8.5,2
183(b),S,G,0.2155,0.0642,5.5,2
183(b),S,H,-0.03335,0.2334,7,2
183(b),S,I,-0.1593,0.1248,7.5,2
183(b),S,K,0.1877,0.1254,6,2
183(b),S,L,-0.2493,0.0697,7,2
183(b),S,M,-0.1253,0.0952,3.5,2
183(b),S,N,0.05977,0.0099,9,2
183(b),S,P,0.01643,0.09496,3,2
183(b),S,Q,-0.06885,0.2079,6.5,2
183(b),S,R,-0.08913,0.02287,9.5,2
183(b),S,S,0,0,,2
183(b),S,T,0.1409,0.1263,6.5,2
183(b),S,V,-0.2514,0.4291,2.5,2
183(b),S,W,0.0611,0.2286,4.5,2
183(b),S,Y,0.09475,0.1276,7.5,2
184(a),P,A,0.07716,0.1734,4.5,2
184(a),P,C,-0.08281,0.1142,4.5,2
184(a),P,D,0.1347,0.1098,7,2
184(a),P,E,-0.04527,0.04502,7,2
184(a),P,F,0.1088,0.02568,5,2
184(a),P,G,-0.03933,0.1261,4.5,2
184(a),P,H,0.1652,0.311,6.5,2
184(a),P,I,0.042,0.0847,6.5,2
184(a),P,K,0.05976,0.05054,9,2
184(a),P,L,0.06755,0.2505,5,2
184(a),P,M,-0.008365,0.033,7,2
184(a),P,N,-0.1316,0.0032,5.5,2
184(a),P,P,0,0,,2
184(a),P,Q,0.06557,0.00528,10,2
184(a),P,R,0.01199,0.05425,7,2
184(a),P,S,0.0412,0.1662,5.5,2
184(a),P,T,-0.3276,0.03065,9,2
184(a),P,V,0.0408,0.2823,5.5,2
184(a),P,W,0.07693,0.05346,5.5,2
184(a),P,Y,0.2577,0.1182,5,2
184(b),P,A,-0.3085,0.2262,3.5,2
184(b),P,C,-0.2441,0.1962,6,2
184(b),P,D,0.403,0.0624,4.5,2
184(b),P,E,0.08294,0.06485,3.5,2
184(b),P,F,-0.1323,0.00405,8,2
184(b),P,G,0.154,0.037,9,2
184(b),P,H,0.03283,0.04172,7.5,2
184(b),P,I,0.1065,0.141,6.5,2
184(b),P,K,0.1512,0.1114,6,2
184(b),P,L,0.1104,0.2085,6.5,2
184(b),P,M,-0.01298,0.01103,7,2
184(b),P,N,-0.3222,0.2693,5,2
184(b),P,P,0,0,,2
184(b),P,Q,-0.5788,0.1832,6,2
184(b),P,R,-0.05194,0.09106,12,2
184(b),P,S,0.0854,0.3071,6,2
184(b),P,T,-0.09362,0.109,3,2
184(b),P,V,0.1366,0.1891,3.5,2
184(b),P,W,0.03008,0.05931,2.5,2
184(b),P,Y,-0.5738,0.3758,7,2
185(a),Q,*,-6,0,0.5,1
185(a),Q,A,0.1544,0.4788,4,2
185(a),Q,C,0.01734,0.0458,8,2
185(a),Q,D,-0.0748,0.2462,7,2
185(a),Q,E,0.004505,0.03277,6,2
185(a),Q,F,-0.2619,0.2918,9,2
185(a),Q,G,-0.1951,0.2399,4.5,2
185(a),Q,H,-0.3099,0.2385,6.5,2
185(a),Q,I,0.1449,0.08918,9.5,2
185(a),Q,K,0.3536,0.1257,4.5,2
185(a),Q,L,-0.09416,0.1809,7,2
185(a),Q,M,0.04375,0.1992,7.5,2
185(a),Q,N,-0.1231,0.07171,7.5,2
185(a),Q,P,-0.0545,0.1743,6,2
185(a),Q,Q,0,0,,2
185(a),Q,R,-0.04025,0.2626,9.5,2
185(a),Q,S,-0.5101,0.3449,8,2
185(a),Q,T,-0.02851,0.0569,5.5,2
185(a),Q,V,0.1448,0.2428,5,2
185(a),Q,W,-0.2278,0.0717,5,2
185(a),Q,Y,-0.04994,0.1319,7.5,2
185(b),I,A,-0.000275,0.06081,6.5,2
185(b),I,C,0.0362,0.2146,4,2
185(b),I,D,0.3588,0.02425,6,2
185(b),I,E,-0.226,0.134,5.5,2
185(b),I,F,0.4198,0.7172,3,2
185(b),I,G,-0.09481,0.04108,5,2
185(b),I,H,0.1836,0.4371,4.5,2
185(b),I,I,0,0,,2
185(b),I,K,-0.0533,0.2007,7,2
185(b),I,L,-0.1961,0.3039,6,2
185(b),I,M,-0.02535,0.2172,9.5,2
185(b),I,N,0.1113,0.1164,6,2
185(b),I,P,-0.07981,0.1585,4,2
185(b),I,Q,-0.1977,0.248,6,2
185(b),I,R,-0.06998,0.1682,5.5,2
185(b),I,S,-0.1515,0.246,7,2
185(b),I,T,-0.2647,0.2055,4.5,2
185(b),I,V,-0.1752,0.229,5,2
185(b),I,W,0.1976,0.0115,8,2
185(b),I,Y,-0.2565,0.00155,8,2
186(a),V,A,0.3094,0.04465,4.5,2
186(a),V,C,-0.7246,0.3315,5.5,2
186(a),V,D,-0.1326,0.147,5.5,2
186(a),V,E,0.127,0.1917,7.5,2
186(a),V,F,0.09839,0.1795,7.5,2
186(a),V,G,0.1614,0.09246,5.5,2
186(a),V,H,0.2042,0.1215,3,2
186(a),V,I,0.2031,0.1658,5,2
186(a),V,K,0.2253,0.0851,7,2
186(a),V,L,0.3065,0.0443,4.5,2
186(a),V,M,0.06555,0.106,11,2
186(a),V,N,0.2895,0.08495,6,2
186(a),V,P,-0.1637,0.1765,4,2
186(a),V,Q,0.1151,0.1426,5,2
186(a),V,R,0.5999,0.07415,4,2
186(a),V,S,0.3664,0.2349,5,2
186(a),V,T,-0.1699,0.3296,7,2
186(a),V,V,0,0,,2
186(a),V,W,0.0135,0.2255,5,2
186(a),V,Y,0.3366,0.2608,4.5,2
186(b),T,A,-0.225,0.04865,5.5,2
186(b),T,C,-0.2497,0.178,9,2
186(b),T,D,0.4768,0.06815,4.5,2
186(b),T,E,-0.2186,0.2108,7,2
186(b),T,F,-0.3097,0.2233,6.5,2
186(b),T,G,-0.1633,0.3588,3.5,2
186(b),T,H,-0.3659,0.1983,7,2
186(b),T,I,-0.08783,0.06397,9.5,2
186(b),T,K,0.1925,0.09879,4,2
186(b),T,L,0.04871,0.06809,7,2
186(b),T,M,-0.1829,0.02035,6,2
186(b),T,N,0.2145,0.1196,3,2
186(b),T,P,-0.08428,0.06032,5,2
186(b),T,Q,0.2641,0.1839,6.5,2
186(b),T,R,-0.2325,0.2634,5,2
186(b),T,S,0.1197,0.1667,7.5,2
186(b),T,T,0,0,,2
186(b),T,V,-0.05347,0.1152,3,2
186(b),T,W,-0.1227,0.00845,9,2
186(b),T,Y,-0.0715,0.2019,8,2
187(a),P,A,0.1747,0.0668,6,2
187(a),P,C,-0.6817,0.1191,2,2
187(a),P,D,0.2203,0.1236,5.5,2
187(a),P,E,-0.1937,0.1189,8,2
187(a),P,F,-0.1088,0.2951,5.5,2
187(a),P,G,0.05327,0.07203,5,2
187(a),P,H,0.0924,0.0373,6,2
187(a),P,I,0.02041,0.05727,7.5,2
187(a),P,K,0.01865,0.04625,5,2
187(a),P,L,0.02525,0.003665,6.5,2
187(a),P,M,0.2479,0.3749,8.5,2
187(a),P,N,0.2798,0.1146,4,2
187(a),P,P,0,0,,2
187(a),P,Q,-0.2375,0.0356,6.5,2
187(a),P,R,0.0395,0.2966,5,2
187(a),P,S,-0.09809,0.1607,8,2
187(a),P,T,0.3594,0.1874,7,2
187(a),P,V,-0.6382,0.4168,4.5,2
187(a),P,W,-0.101,0.05634,6.5,2
187(a),P,Y,-0.355,0.0568,7,2
187(b),Y,A,-0.00645,0.2051,5.5,2
187(b),Y,C,0.02015,0.0003,5.5,2
187(b),Y,D,-0.05095,0.2067,4,2
187(b),Y,E,0.03428,0.02557,5,2
187(b),Y,F,0.0134,0.2264,3.5,2
187(b),Y,G,0.05076,0.126,8,2
187(b),Y,H,0.08765,0.2005,5.5,2
187(b),Y,I,0.3369,0.23,6.5,2
187(b),Y,K,-0.08367,0.01335,6,2
187(b),Y,L,-0.1424,0.08539,5,2
187(b),Y,M,0.3069,0.0499,4,2
187(b),Y,N,0.05124,0.00884,10.5,2
187(b),Y,P,-0.833,0.441,3.5,2
187(b),Y,Q,0.3094,0.02355,5.5,2
187(b),Y,R,-0.01561,0.0221,7.5,2
187(b),Y,S,-0.0664,0.3082,3.5,2
187(b),Y,T,0.3694,0.3216,3.5,2
187(b),Y,V,-0.0326,0.2979,6,2
187(b),Y,W,0.1725,0.09523,11,2
187(b),Y,Y,0,0,,2
188(a),L,A,0.1952,0.2791,5.5,2
188(a),L,C,-0.1207,0.0715,7,2
188(a),L,D,0.2222,0.4823,6.5,2
188(a),L,E,0.2888,0.0691,4.5,2
188(a),L,F,-0.0614,0.1812,10,2
188(a),L,G,0.5402,0.3192,5,2
188(a),L,H,-0.09749,0.1059,10,2
188(a),L,I,-0.08611,0.06219,7.5,2
188(a),L,K,0.1133,0.0055,6.5,2
188(a),L,L,0,0,,2
188(a),L,M,0.4273,0.1768,3,2
188(a),L,N,-0.03184,0.0433,6.5,2
188(a),L,P,0.1018,0.3145,5,2
188(a),L,Q,-0.1643,0.09607,3,2
188(a),L,R,0.3987,0.1186,7,2
188(a),L,S,0.228,0.0107,9,2
188(a),L,T,0.1154,0.2123,3,2
188(a),L,V,0.2269,0.0758,6.5,2
188(a),L,W,0.0959,0.5917,1,2
188(a),L,Y,0.2904,0.1943,7,2
188(b),E,A,0.03399,0.03869,8,2
188(b),E,C,0.1193,0.3387,6.5,2
188(b),E,D,-0.1828,0.1709,4.5,2
188(b),E,E,0,0,,2
188(b),E,F,-0.0092,0.3101,4,2
188(b),E,G,-0.1131,0.06983,10,2
188(b),E,H,0.2163,0.1831,8,2
188(b),E,I,-0.00955,0.0323,8,2
188(b),E,K,0.09049,0.07001,8.5,2
188(b),E,L,-0.02287,0.0433,6.5,2
188(b),E,M,0.1249,0.2777,5,2
188(b),E,N,0.4245,0.4312,6,2
188(b),E,P,0.1516,0.09667,7.5,2
188(b),E,Q,0.121,0.1628,5,2
188(b),E,R,-0.00236,0.102,6,2
188(b),E,S,-0.1448,0.05656,6,2
188(b),E,T,0.133,0.09822,6,2
188(b),E,V,-0.1109,0.09705,7.5,2
188(b),E,W,-0.2313,0.3424,5.5,2
188(b),E,Y,-0.126,0.1212,5,2
189(a),P,A,0.04181,0.1205,7.5,2
189(a),P,C,-0.3564,0.2255,4,2
189(a),P,D,-0.08804,0.1414,8.5,2
189(a),P,E,-0.2089,0.03725,4.5,2
189(a),P,F,-0.001125,0.02937,6,2
189(a),P,G,0.1696,0.185,5,2
189(a),P,H,-0.2494,0.01515,4,2
189(a),P,I,-0.0819,0.5143,5,2
189(a),P,K,0.4534,0.04365,5.5,2
189(a),P,L,-0.01855,0.268,4.5,2
189(a),P,M,-0.2908,0.1578,10.5,2
189(a),P,N,-0.2375,0.1764,5.5,2
189(a),P,P,0,0,,2
189(a),P,Q,-0.05315,0.2948,5,2
189(a),P,R,0.2248,0.0325,13.5,2
189(a),P,S,0.1148,0.05463,10.5,2
189(a),P,T,-0.07166,0.1088,6,2
189(a),P,V,0.0192,0.04956,7,2
189(a),P,W,-0.1103,0.3226,8,2
189(a),P,Y,0.0465,0.2223,5,2
189(b),W,*,-6,0,3,2
189(b),W,A,-0.3793,0.1681,5,2
189(b),W,C,0.01095,0.1351,4,2
189(b),W,D,0.03309,0.0175,6,2
189(b),W,E,-0.5218,0.0215,5.5,2
189(b),W,F,-0.1024,0.1476,4.5,2
189(b),W,G,0.3836,0.03745,1,2
189(b),W,H,-0.1213,0.1705,6,2
189(b),W,I,-0.441,0.0135,8.5,2
189(b),W,K,-0.2286,0.0431,6,2
189(b),W,L,0.0218,0.1661,7,2
189(b),W,M,-0.06526,0.08574,7.5,2
189(b),W,N,-0.7893,0.2797,3.5,2
189(b),W,P,-0.1677,0.2446,7,2
189(b),W,Q,-0.3939,0.0575,5.5,2
189(b),W,R,-0.06659,0.118,5.5,2
189(b),W,S,-0.2262,0.09285,7,2
189(b),W,T,-0.3233,0.3326,7.5,2
189(b),W,V,0.01593,0.02548,4,2
189(b),W,W,0,0,,2
189(b),W,Y,-0.05257,0.1253,6.5,2
19(T2A),P,P,0,0,,2
19(T2A),P,S,-3.234,0,0.5,1
19(a),H,*,-5.689,0,3.5,2
19(a),H,A,0.5094,0.5616,5,2
19(a),H,C,0.122,0.06288,7.5,2
19(a),H,D,-0.09682,0.1534,6,2
19(a),H,E,-0.007787,0.01147,8.5,2
19(a),H,F,0.06665,0.01301,3,2
19(a),H,G,-0.5922,0.1713,3,2
19(a),H,H,0,0,,2
19(a),H,I,0.0338,0.1915,7,2
19(a),H,K,-0.1627,0.2409,2.5,2
19(a),H,L,-0.5367,0.5053,3.5,2
19(a),H,M,0.3734,0.6515,5.5,2
19(a),H,N,-0.2867,0.1614,5,2
19(a),H,P,-0.1695,0.1151,6,2
19(a),H,Q,-0.3247,0.1079,5,2
19(a),H,R,0.1633,0.2108,4.5,2
19(a),H,S,0.1179,0.1991,4.5,2
19(a),H,T,-0.554,0.3808,2,2
19(a),H,V,0.1731,0.1432,4.5,2
19(a),H,W,0.1433,0.1788,2,2
19(a),H,Y,-0.2589,0.0061,4,2
19(b),Y,A,-1.481,0.367,5,2
19(b),Y,C,-1.288,0.055,9,2
19(b),Y,D,-3.7,0,3,2
19(b),Y,E,-2.578,0.3775,8.5,2
19(b),Y,F,-0.7072,0.2909,5.5,2
19(b),Y,G,-1.61,0.142,5.5,2
19(b),Y,H,-0.6513,0.0116,6,2
19(b),Y,I,-0.9165,0.0501,7,2
19(b),Y,K,-1.444,0.145,8,2
19(b),Y,L,-0.417,0.1542,9,2
19(b),Y,M,-0.4682,0.00805,8.5,2
19(b),Y,N,-1.512,0.171,6,2
19(b),Y,P,-3.11,0.0675,5,2
19(b),Y,Q,-1.641,0.062,5.5,2
19(b),Y,R,-1.76,0.301,5,2
19(b),Y,S,-1.538,0.2405,4.5,2
19(b),Y,T,-1.248,0.019,7,2
19(b),Y,V,-0.9018,0.0711,6,2
19(b),Y,W,-0.7101,0.02675,8,2
19(b),Y,Y,0,0,,2
190(a),V,A,-0.09244,0.004995,7,2
190(a),V,C,-0.7406,0.1728,5.5,2
190(a),V,D,-0.09831,0.02539,6.5,2
190(a),V,E,0.02293,0.09437,4,2
190(a),V,F,0.01932,0.1066,6.5,2
190(a),V,G,-0.109,0.06105,6,2
190(a),V,H,0.371,0.00775,6,2
190(a),V,I,0.03649,0.1358,4.5,2
190(a),V,K,0.3438,0.08615,4,2
190(a),V,L,-0.1093,0.04333,7.5,2
190(a),V,M,0.03563,0.09957,7,2
190(a),V,N,-0.1628,0.00225,6,2
190(a),V,P,-0.005,0.1433,6.5,2
190(a),V,Q,-0.08835,0.2079,6.5,2
190(a),V,R,0.3027,0.0739,5.5,2
190(a),V,S,0.09815,0.2293,6.5,2
190(a),V,T,0.05697,0.07353,4.5,2
190(a),V,V,0,0,,2
190(a),V,W,-0.1584,0.0678,4.5,2
190(a),V,Y,0.09673,0.07517,5,2
190(b),V,A,0.02341,0.06969,10,2
190(b),V,C,-0.07901,0.1471,7.5,2
190(b),V,D,0.02192,0.06549,5.5,2
190(b),V,E,0.172,0.01545,5.5,2
190(b),V,F,0.1139,0.07169,5,2
190(b),V,G,-0.0891,0.0545,6,2
190(b),V,H,-0.02065,0.1681,6.5,2
190(b),V,I,-0.02842,0.009395,6.5,2
190(b),V,K,-0.3455,0.0017,4.5,2
190(b),V,L,0.07192,0.1457,6.5,2
190(b),V,M,-0.2077,0.0406,6,2
190(b),V,N,0.1299,0.1575,6,2
190(b),V,P,-0.1384,0.167,5.5,2
190(b),V,Q,-0.6917,0.5743,4.5,2
190(b),V,R,0.4687,0.0981,4,2
190(b),V,S,-0.07232,0.06428,5,2
190(b),V,T,0.06085,0.1372,7,2
190(b),V,V,0,0,,2
190(b),V,W,-0.08315,0.1232,3.5,2
190(b),V,Y,-0.1416,0.1947,6,2
191(a),S,A,0.1389,0.5025,5,2
191(a),S,C,-0.4886,0.2584,3.5,2
191(a),S,D,-0.2337,0.2916,3.5,2
191(a),S,E,0.4853,0.1075,1.5,2
191(a),S,F,0.05843,0.01076,6.5,2
191(a),S,G,0.06552,0.1096,9,2
191(a),S,H,0.02888,0.1152,8,2
191(a),S,I,-0.3163,0.053,8.5,2
191(a),S,K,-0.03002,0.08008,10.5,2
191(a),S,L,0.06625,0.2528,6,2
191(a),S,M,-0.0763,0.0811,4,2
191(a),S,N,0.045,0.2017,8.5,2
191(a),S,P,-0.1545,0.1411,5,2
191(a),S,Q,0.2762,0.05065,8.5,2
191(a),S,R,0.2388,0.2174,5.5,2
191(a),S,S,0,0,,2
191(a),S,T,-0.1567,0.09812,7.5,2
191(a),S,V,0.0245,0.1229,6,2
191(a),S,W,-0.03455,0.08975,7,2
191(a),S,Y,-0.1673,0.0362,7.5,2
191(b),L,A,-0.1531,0.1419,4.5,2
191(b),L,C,0.404,0.3025,4.5,2
191(b),L,D,-0.2673,0.1642,3.5,2
191(b),L,E,-0.09943,0.1242,3.5,2
191(b),L,F,-0.04319,0.0627,5,2
191(b),L,G,0.1265,0.03111,4.5,2
191(b),L,H,0.01785,0.2228,7,2
191(b),L,I,0.0496,0.1921,5,2
191(b),L,K,0.1518,0.07161,9,2
191(b),L,L,0,0,,2
191(b),L,M,0.0313,0.0745,5.5,2
191(b),L,N,0.1037,0.2339,6,2
191(b),L,P,-0.1295,0.01765,7,2
191(b),L,Q,0.1417,0.05541,7,2
191(b),L,R,0.161,0.3039,5,2
191(b),L,S,-0.1345,0.2768,5,2
191(b),L,T,0.2111,0.03735,7,2
191(b),L,V,0.1152,0.1182,5.5,2
191(b),L,W,-0.1364,0.2773,4.5,2
191(b),L,Y,0.2073,0.0211,7,2
192(a),E,A,0.07861,0.01659,7.5,2
192(a),E,C,-0.6622,0.2036,6.5,2
192(a),E,D,0.1021,0.1989,5.5,2
192(a),E,E,0,0,,2
192(a),E,F,-0.08582,0.1222,7,2
192(a),E,G,-0.2993,0.0364,9,2
192(a),E,H,0.04972,0.03028,2.5,2
192(a),E,I,-0.4863,0.184,12.5,2
192(a),E,K,-0.06587,0.1257,10,2
192(a),E,L,-0.4244,0.2761,4,2
192(a),E,M,-0.09327,0.07512,5,2
192(a),E,N,0.6178,0.1597,2,2
192(a),E,P,0.1545,0.5472,4.5,2
192(a),E,Q,0.3895,0.0216,5.5,2
192(a),E,R,-0.03132,0.03546,9.5,2
192(a),E,S,-0.2277,0.0684,7.5,2
192(a),E,T,0.07058,0.1457,6.5,2
192(a),E,V,-0.4813,0.0502,6.5,2
192(a),E,W,-0.1858,0.0182,6.5,2
192(a),E,Y,-0.08292,0.07988,4.5,2
192(b),P,A,0.425,0.0713,6,2
192(b),P,C,-0.3973,0.08465,5.5,2
192(b),P,D,-0.06143,0.01115,8,2
192(b),P,E,-0.3592,0.0199,6,2
192(b),P,F,0.0073,0.3914,8.5,2
192(b),P,G,-0.3707,0.3086,6.5,2
192(b),P,H,0.2514,0.2617,5,2
192(b),P,I,0.1289,0.09218,7.5,2
192(b),P,K,0.0892,0.2402,5.5,2
192(b),P,L,-0.3248,0.206,3,2
192(b),P,M,-0.1036,0.2772,4,2
192(b),P,N,0.1548,0.07977,2,2
192(b),P,P,0,0,,2
192(b),P,Q,0.2343,0.152,8,2
192(b),P,R,-0.1259,0.05647,9.5,2
192(b),P,S,-0.527,0.1555,3.5,2
192(b),P,T,0.00672,0.08773,6.5,2
192(b),P,V,-0.006565,0.08528,6,2
192(b),P,W,-0.2203,0.1098,6.5,2
192(b),P,Y,-0.135,0.1195,3.5,2
193(a),S,A,0.1433,0.145,9,2
193(a),S,C,-0.4145,0.01505,7,2
193(a),S,D,0.1769,0.0645,5.5,2
193(a),S,E,0.3755,0.04755,6,2
193(a),S,F,-0.05832,0.01152,2.5,2
193(a),S,G,-0.08795,0.1891,6.5,2
193(a),S,H,0.5325,0.03065,3,2
193(a),S,I,-0.0147,0.0891,7.5,2
193(a),S,K,-0.2797,0.2109,7.5,2
193(a),S,L,0.04985,0.1056,7.5,2
193(a),S,M,-0.05972,0.1202,9.5,2
193(a),S,N,-0.03564,0.02458,11,2
193(a),S,P,0.2392,0.00765,7.5,2
193(a),S,Q,0.2568,0.0846,7.5,2
193(a),S,R,0.326,0.0323,4.5,2
193(a),S,S,0,0,,2
193(a),S,T,-0.2415,0.0801,7,2
193(a),S,V,0.1592,0.1612,4.5,2
193(a),S,W,0.1186,0.07367,4.5,2
193(a),S,Y,-0.1229,0.1928,3.5,2
193(b),A,A,0,0,,2
193(b),A,C,-0.09885,0.2651,6.5,2
193(b),A,D,0.0561,0.2985,3,2
193(b),A,E,0.2018,0.0952,4,2
193(b),A,F,-0.3769,0.5777,3,2
193(b),A,G,-0.04294,0.01094,4.5,2
193(b),A,H,0.07892,0.001265,7,2
193(b),A,I,0.2527,0.0216,6.5,2
193(b),A,K,0.06012,0.08088,6.5,2
193(b),A,L,-0.3306,0.3262,8.5,2
193(b),A,M,0.07916,0.06153,6.5,2
193(b),A,N,0.05499,0.08271,6,2
193(b),A,P,-0.2787,0.1413,5,2
193(b),A,Q,0.00015,0.1077,4,2
193(b),A,R,0.3844,0.1386,6,2
193(b),A,S,0.1855,0.0691,4,2
193(b),A,T,-0.0887,0.1525,7.5,2
193(b),A,V,0.1119,0.09231,11.5,2
193(b),A,W,0.04685,0.1958,4,2
193(b),A,Y,-0.2456,0.1717,4,2
194(a),T,A,0.022,0.207,5,2
194(a),T,C,-0.4401,0.1341,4,2
194(a),T,D,-0.01019,0.04232,5.5,2
194(a),T,E,0.1246,0.07016,8,2
194(a),T,F,-0.3718,0.04125,9,2
194(a),T,G,-0.198,0.0497,8.5,2
194(a),T,H,0.3032,0.3299,5.5,2
194(a),T,I,-0.07684,0.09107,5.5,2
194(a),T,K,0.09942,0.00368,1.5,2
194(a),T,L,-0.3634,0.01145,7.5,2
194(a),T,M,-0.01168,0.01732,6.5,2
194(a),T,N,0.2977,0.1268,5,2
194(a),T,P,0.0813,0.2791,5.5,2
194(a),T,Q,-0.04452,0.01018,8,2
194(a),T,R,0.1505,0.3083,7,2
194(a),T,S,0.1004,0.08173,4.5,2
194(a),T,T,0,0,,2
194(a),T,V,-0.09355,0.4003,5,2
194(a),T,W,-0.103,0.06001,6.5,2
194(a),T,Y,0.1684,0.06335,5.5,2
194(b),D,A,0.1993,0.1492,4,2
194(b),D,C,-0.1077,0.7656,5,2
194(b),D,D,0,0,,2
194(b),D,E,-0.4235,0.054,8,2
194(b),D,F,-0.143,0.1073,6,2
194(b),D,G,0.0233,0.1305,10,2
194(b),D,H,0.321,0.1761,6.5,2
194(b),D,I,0.1047,0.06193,7,2
194(b),D,K,0.1262,0.3578,6,2
194(b),D,L,0.3734,0.3959,3.5,2
194(b),D,M,-0.2531,0.3043,4,2
194(b),D,N,-0.1732,0.1838,7.5,2
194(b),D,P,0.2887,0.2159,5,2
194(b),D,Q,0.2761,0.2067,7,2
194(b),D,R,-0.006945,0.06103,5,2
194(b),D,S,0.137,0.1753,5,2
194(b),D,T,-0.05305,0.3961,4,2
194(b),D,V,0.0571,0.1598,8,2
194(b),D,W,-0.2446,0.5295,5.5,2
194(b),D,Y,-0.2023,0.07005,5.5,2
195(a),E,*,-6,0,0.5,1
195(a),E,A,0.01955,0.167,7.5,2
195(a),E,C,-0.2892,0.1852,6.5,2
195(a),E,D,0.4146,0.1863,4.5,2
195(a),E,E,0,0,,2
195(a),E,F,-0.03502,0.02855,6,2
195(a),E,G,0.02455,0.3513,6,2
195(a),E,H,0.048,0.2479,4.5,2
195(a),E,I,0.2411,0.1452,3,2
195(a),E,K,0.02593,0.1164,10,2
195(a),E,L,0.5945,0.1469,5.5,2
195(a),E,M,0.2797,0.0814,7,2
195(a),E,N,-0.2985,0.1749,11,2
195(a),E,P,0.3478,0.00875,4,2
195(a),E,Q,-0.1166,0.3049,4.5,2
195(a),E,R,0.2913,0.2355,4.5,2
195(a),E,S,-0.1288,0.05678,3.5,2
195(a),E,T,0.08725,0.1146,5.5,2
195(a),E,V,-0.06995,0.2288,7,2
195(a),E,W,0.09258,0.03042,6,2
195(a),E,Y,0.1532,0.0094,8,2
195(b),A,A,0,0,,2
195(b),A,C,-0.05378,0.1019,9.5,2
195(b),A,D,-0.1907,0.1814,6.5,2
195(b),A,E,-0.2155,0.06785,3.5,2
195(b),A,F,-0.1019,0.2035,7,2
195(b),A,G,-0.1344,0.11,7.5,2
195(b),A,H,-0.02482,0.06134,7,2
195(b),A,I,0.1725,0.0023,5,2
195(b),A,K,0.15,0.1147,4.5,2
195(b),A,L,0.2299,0.2767,8,2
195(b),A,M,0.13,0.03691,7.5,2
195(b),A,N,0.315,0.03035,3.5,2
195(b),A,P,0.05665,0.02908,7.5,2
195(b),A,Q,-0.1705,0.1081,5,2
195(b),A,R,-0.01455,0.1315,9,2
195(b),A,S,-0.193,0.1555,9,2
195(b),A,T,-0.1038,0.1227,5.5,2
195(b),A,V,0.1451,0.0191,7,2
195(b),A,W,-0.1762,0.05345,6.5,2
195(b),A,Y,-0.09201,0.1248,7,2
196(a),T,I,-0.4272,0,0.5,1
196(a),T,T,0,0,,2
196(b),A,A,0,0,,2
196(b),A,C,0.21,0.4361,10.5,2
196(b),A,D,-0.0077,0.1923,4,2
196(b),A,E,-0.4808,0.3246,8.5,2
196(b),A,F,0.1955,0.5211,4.5,2
196(b),A,G,-0.07558,0.1454,8.5,2
196(b),A,H,0.09787,0.1296,10.5,2
196(b),A,I,0.08432,0.1365,5.5,2
196(b),A,K,0.09105,0.2715,9,2
196(b),A,L,0.0721,0.1857,6.5,2
196(b),A,M,0.05442,0.1011,5,2
196(b),A,N,-0.03495,0.1719,6.5,2
196(b),A,P,0.06764,0.1657,8,2
196(b),A,Q,-0.1627,0.01305,9.5,2
196(b),A,R,0.05581,0.1307,12,2
196(b),A,S,-0.158,0.00135,7,2
196(b),A,T,0.01537,0.06832,12,2
196(b),A,V,0.233,0.0854,7.5,2
196(b),A,W,-0.2316,0.6467,3.5,2
196(b),A,Y,0.4798,0.03215,3,2
197(a),L,L,0,0,,2
197(a),L,M,-0.2266,0,0.5,1
197(b),R,A,-0.09752,0.08938,4.5,2
197(b),R,C,-0.2614,0.3986,7.5,2
197(b),R,D,-0.6641,0.08795,4.5,2
197(b),R,E,-0.1332,0.2015,5.5,2
197(b),R,F,-0.2349,0.1681,7.5,2
197(b),R,G,-0.233,0.2196,5.5,2
197(b),R,H,-0.1239,0.08718,5,2
197(b),R,I,-0.3406,0.09775,5,2
197(b),R,K,0.01195,0.1649,4,2
197(b),R,L,-0.1343,0.3566,7,2
197(b),R,M,-1.653,1.366,4,2
197(b),R,N,0.00064,0.02106,9.5,2
197(b),R,P,-0.05925,0.1951,6,2
197(b),R,Q,-0.1746,0.1558,6,2
197(b),R,R,0,0,,2
197(b),R,S,0.1277,0.08954,11,2
197(b),R,T,0.02224,0.03886,6.5,2
197(b),R,V,-0.0691,0.2179,8,2
197(b),R,W,-0.1214,0.09202,8.5,2
197(b),R,Y,-0.0149,0.1964,5.5,2
198(a),V,A,0.5851,0,0.5,1
198(a),V,V,0,0,,2
198(b),G,A,-0.0372,0.1826,11,2
198(b),G,C,-0.208,0.0072,4,2
198(b),G,D,0.04071,0.00167,6.5,2
198(b),G,E,0.03194,0.00537,7.5,2
198(b),G,F,-0.02345,0.2399,5,2
198(b),G,G,0,0,,2
198(b),G,H,-0.3381,0.2332,4.5,2
198(b),G,I,0.5449,0.2304,2,2
198(b),G,K,0.6099,0.1372,10,2
198(b),G,L,0.01369,0.01189,8.5,2
198(b),G,M,-0.04426,0.00635,10.5,2
198(b),G,N,0.5041,0.238,7,2
198(b),G,P,0.1841,0.0033,7.5,2
198(b),G,Q,-0.3602,0.0134,5,2
198(b),G,R,-0.4073,0.1739,4.5,2
198(b),G,S,-0.2393,0.1872,7,2
198(b),G,T,-0.2976,0.4336,8,2
198(b),G,V,0.0656,0.3704,4,2
198(b),G,W,-0.1159,0.1961,7,2
198(b),G,Y,0.3819,0.3652,4.5,2
199(a),C,C,0,0,,2
199(a),C,F,1.055,0,0.5,1
199(a),C,G,0.1444,0,0.5,1
199(a),C,R,0.02672,0,1,1
199(a),C,S,-0.1756,0,1,1
199(a),C,Y,0.2613,0.1778,3,2
199(b),K,A,-0.2691,0.3492,6.5,2
199(b),K,C,-0.5632,0.1363,5.5,2
199(b),K,D,-0.5459,0.152,6.5,2
199(b),K,E,-0.6141,0.2658,3.5,2
199(b),K,F,-0.43,0.2873,6.5,2
199(b),K,G,0.126,0.381,5,2
199(b),K,H,-0.0763,0.0318,6.5,2
199(b),K,I,-0.5474,0.2072,5.5,2
199(b),K,K,0,0,,2
199(b),K,L,-0.4888,0.1753,5.5,2
199(b),K,M,-0.2926,0.1781,3,2
199(b),K,N,-0.06559,0.09572,9,2
199(b),K,P,-0.2447,0.149,5,2
199(b),K,Q,0.0295,0.2249,4,2
199(b),K,R,-0.02335,0.186,7.5,2
199(b),K,S,-0.1329,0.1405,5,2
199(b),K,T,-0.08458,0.04782,4.5,2
199(b),K,V,-0.1056,0.03184,5.5,2
199(b),K,W,-0.2757,0.159,7,2
199(b),K,Y,0.05133,0.003415,9.5,2
2(T2A),S,R,0.3333,0,0.5,1
2(T2A),S,S,0,0,,2
2(a),K,*,-6,0,5,2
2(a),K,A,0.05983,0.1054,3,2
2(a),K,C,0.05362,0.07568,3.5,2
2(a),K,D,0.1213,0.2327,3,2
2(a),K,E,-0.189,0.08645,4,2
2(a),K,F,0.487,0.2559,2.5,2
2(a),K,G,-0.3291,0.0431,6,2
2(a),K,H,-0.3396,0.0857,6,2
2(a),K,I,0.1021,0.1353,6.5,2
2(a),K,K,0,0,,2
2(a),K,L,-0.2792,0.2176,8,2
2(a),K,M,-0.0568,0.1655,2.5,2
2(a),K,N,0.2928,0.1635,2.5,2
2(a),K,P,0.05757,0.06553,5.5,2
2(a),K,Q,-0.3358,0.1087,6,2
2(a),K,R,-0.06581,0.1253,8.5,2
2(a),K,S,0.1734,0.3681,3,2
2(a),K,T,-0.0017,0.1356,4,2
2(a),K,V,0.2175,0.2803,5,2
2(a),K,W,-1.065,0.1809,8,2
2(a),K,Y,0.3264,0.1834,5,2
2(b),G,A,0.2463,0.019,7.5,2
2(b),G,C,-0.2722,0.05825,5.5,2
2(b),G,D,-3.305,0,4.5,2
2(b),G,E,-2.84,0.0315,5,2
2(b),G,F,-0.9056,0.4054,7,2
2(b),G,G,0,0,,2
2(b),G,H,-2.393,0.0425,8,2
2(b),G,I,-3.237,0,6.5,2
2(b),G,K,-3.114,0,7.5,2
2(b),G,L,-0.6564,0.0697,5,2
2(b),G,M,-1.034,0.1755,4.5,2
2(b),G,N,-0.5475,0.0226,5.5,2
2(b),G,P,-0.6875,0.156,4.5,2
2(b),G,Q,-0.8233,0.0196,7.5,2
2(b),G,R,-3.186,0,10.5,2
2(b),G,S,-0.1011,0.1516,5.5,2
2(b),G,T,0.03625,0.2656,10.5,2
2(b),G,V,-1.802,0.0945,12,2
2(b),G,W,-4.712,0,6.5,2
2(b),G,Y,-3.877,0,6.5,2
20(T2A),G,C,-2.735,0,0.5,1
20(T2A),G,D,-3.435,0,0.5,1
20(T2A),G,G,0,0,,2
20(T2A),G,S,-1.99,0.252,1,2
20(a),N,A,-0.6647,0.5063,2.5,2
20(a),N,C,-0.272,0.2006,4.5,2
20(a),N,D,0.4005,0.5394,4.5,2
20(a),N,E,0.1441,0.3815,3,2
20(a),N,F,-0.1255,0.129,5,2
20(a),N,G,-0.5819,0.04975,4,2
20(a),N,H,0.07445,0.2483,6.5,2
20(a),N,I,0.1302,0.1681,2,2
20(a),N,K,0.3219,0.2268,3.5,2
20(a),N,L,0.1136,0.2871,6,2
20(a),N,M,-0.5082,0.4341,2.5,2
20(a),N,N,0,0,,2
20(a),N,P,-0.1082,0.3256,7.5,2
20(a),N,Q,0.06109,0.1254,5,2
20(a),N,R,-0.1256,0.183,6,2
20(a),N,S,-0.2649,0.0218,6,2
20(a),N,T,0.1318,0.05152,4.5,2
20(a),N,V,0.08636,0.04914,7,2
20(a),N,W,-0.2576,0.1054,6,2
20(a),N,Y,-0.1433,0.2656,1.5,2
20(b),L,A,-0.1216,0.07344,5,2
20(b),L,C,0.002625,0.05468,3.5,2
20(b),L,D,0.105,0.2622,10.5,2
20(b),L,E,0.0227,0.2112,6,2
20(b),L,F,0.3889,0.2617,3,2
20(b),L,G,-0.2153,0.02905,6.5,2
20(b),L,H,0.08136,0.06363,7,2
20(b),L,I,0.0536,0.1572,6.5,2
20(b),L,K,-0.159,0.0048,4.5,2
20(b),L,L,0,0,,2
20(b),L,M,-0.1624,0.0915,6,2
20(b),L,N,-0.0201,0.1333,7.5,2
20(b),L,P,0.2105,0.1239,6,2
20(b),L,Q,0.1111,0.1329,10,2
20(b),L,R,-0.01913,0.1137,9,2
20(b),L,S,0.1547,0.3621,4.5,2
20(b),L,T,-0.2535,0.0128,9.5,2
20(b),L,V,-0.3429,0.1119,9,2
20(b),L,W,0.08812,0.107,6.5,2
20(b),L,Y,-0.0014,0.3594,5.5,2
200(a),A,A,0,0,,2
200(a),A,S,-0.2288,0,0.5,1
200(a),A,V,-3.153,0,1,1
201(a),L,L,0,0,,2
201(a),L,M,-0.5064,0,0.5,1
201(a),L,P,-0.1572,0,1.5,1
201(a),L,Q,-0.3994,0,0.5,1
202(a),G,D,-0.7554,0.0362,1.5,2
202(a),G,G,0,0,,2
202(a),G,S,0.1926,0.2823,2,2
203(a),L,I,0.3044,0,0.5,1
203(a),L,L,0,0,,2
204(a),A,A,0,0,,2
204(a),A,T,0.851,0,0.5,1
204(a),A,V,0.1058,0.2628,2,2
205(a),V,E,-1.065,0,1,1
205(a),V,M,-0.53,0,0.5,1
205(a),V,V,0,0,,2
206(a),G,D,-0.2802,0.1218,2.5,2
206(a),G,G,0,0,,2
206(a),G,S,-0.416,0.731,1.5,2
207(a),I,I,0,0,,2
208(a),V,A,-0.4189,0.1466,1,2
208(a),V,M,0.4138,0.03375,2.5,2
208(a),V,V,0,0,,2
209(a),G,E,-0.02522,0.06023,6.5,2
209(a),G,G,0,0,,2
209(a),G,R,-2.566,1.934,1,2
209(a),G,W,0.5198,0,0.5,1
21(T2A),P,P,0,0,,2
21(a),R,A,-0.0361,0.003875,5.5,2
21(a),R,C,-0.3497,0.1488,5.5,2
21(a),R,D,-0.2246,0.02805,4.5,2
21(a),R,E,0.09253,0.06397,1.5,2
21(a),R,F,-0.3634,0.3212,5.5,2
21(a),R,G,0.1403,0.0246,6,2
21(a),R,H,-0.02367,0.113,6.5,2
21(a),R,I,-0.3127,0,1.5,1
21(a),R,K,-0.06955,0.2309,7.5,2
21(a),R,L,0.2387,0.185,6,2
21(a),R,M,0.3029,0.3547,3,2
21(a),R,N,-0.3156,0.2499,5.5,2
21(a),R,P,-0.873,0.1351,5,2
21(a),R,Q,-0.345,0.803,2.5,2
21(a),R,R,0,0,,2
21(a),R,S,-0.1963,0.1273,6,2
21(a),R,T,-0.6905,0.00525,2.5,2
21(a),R,V,0.05335,0.3083,4,2
21(a),R,W,-0.4217,0.01635,6.5,2
21(a),R,Y,0.0191,0.2972,6,2
21(b),N,A,-0.3014,0.2875,5.5,2
21(b),N,C,-0.4294,0.1388,8,2
21(b),N,D,0.1406,0.03055,8,2
21(b),N,E,0.0001,0.1697,9,2
21(b),N,F,-0.4769,0.04165,8,2
21(b),N,G,0.02939,0.07391,8,2
21(b),N,H,-0.1297,0.05988,9.5,2
21(b),N,I,-0.8679,0.0041,7.5,2
21(b),N,K,-0.3247,0.1827,5,2
21(b),N,L,-0.5216,0.151,8,2
21(b),N,M,-0.4212,0.01035,6,2
21(b),N,N,0,0,,2
21(b),N,P,0.4609,0.0664,4,2
21(b),N,Q,-0.01115,0.1583,14.5,2
21(b),N,R,-0.406,0.1012,7.5,2
21(b),N,S,0.03715,0.2248,10.5,2
21(b),N,T,-0.2393,0.2101,7,2
21(b),N,V,-0.8852,0.0974,4,2
21(b),N,W,-0.4404,0.00225,5.5,2
21(b),N,Y,-0.5991,0.2298,2.5,2
210(a),I,I,0,0,,2
210(a),I,N,-0.3887,0,1,1
210(a),I,V,1.061,0,0.5,1
211(a),V,E,-1.449,0.0495,1,2
211(a),V,L,-3.119,0,1,1
211(a),V,M,0.1883,0.374,1.5,2
211(a),V,V,0,0,,2
212(a),V,A,0.259,0,0.5,1
212(a),V,F,-0.0452,0,0.5,1
212(a),V,I,0.5302,0,0.5,1
212(a),V,V,0,0,,2
213(a),G,D,0.00975,0.1139,3.5,2
213(a),G,G,0,0,,2
213(a),G,S,-0.267,0,1,1
214(a),T,S,1.084,0,0.5,1
214(a),T,T,0,0,,2
215(a),I,I,0,0,,2
216(a),L,K,-0.1286,0,0.5,1
216(a),L,L,0,0,,2
216(a),L,M,-0.1109,0.03389,1.5,2
216(a),L,P,-0.6961,0.15,2,2
217(a),I,I,0,0,,2
217(a),I,N,0.249,0,0.5,1
217(a),I,V,0.1533,0,0.5,1
218(a),I,I,0,0,,2
218(a),I,M,0.582,0,0.5,1
218(a),I,N,-0.2917,0,0.5,1
218(a),I,T,0.7652,0,0.5,1
219(a),K,K,0,0,,2
219(a),K,R,0.4027,0.4855,1,2
22(a),E,*,-5.688,0,1,1
22(a),E,A,-0.2507,0.0741,3.5,2
22(a),E,C,-0.5373,0.4182,3,2
22(a),E,D,-0.3113,0.0492,3,2
22(a),E,E,0,0,,2
22(a),E,F,-0.6998,0.3202,3.5,2
22(a),E,G,-0.572,0.1881,6,2
22(a),E,H,-0.7568,0.1566,8.5,2
22(a),E,I,-0.5498,0.3458,3.5,2
22(a),E,K,-0.927,0.429,2,2
22(a),E,L,-0.373,0.1154,4,2
22(a),E,M,-0.5464,0.1509,6,2
22(a),E,N,-0.2334,0.07215,7,2
22(a),E,P,-0.4874,0.1345,5.5,2
22(a),E,Q,-0.2562,0.1158,3.5,2
22(a),E,R,-0.3432,0.0349,4,2
22(a),E,S,-0.3058,0.0268,6,2
22(a),E,T,-0.1154,0.02618,3.5,2
22(a),E,V,-0.7154,0.01875,4,2
22(a),E,W,-0.9724,0.4447,4.5,2
22(a),E,Y,-0.88,0.438,3,2
22(b),G,A,-0.03855,0.2532,4.5,2
22(b),G,C,-0.7212,0.04545,8.5,2
22(b),G,D,0.1341,0.01135,7,2
22(b),G,E,-0.1845,0.01845,9.5,2
22(b),G,F,-0.2251,0.0175,11.5,2
22(b),G,G,0,0,,2
22(b),G,H,-0.1898,0.029,7.5,2
22(b),G,I,-0.3753,0.1854,9,2
22(b),G,K,0.2807,0.1554,3.5,2
22(b),G,L,-0.111,0.06925,5,2
22(b),G,M,0.1181,0.038,9.5,2
22(b),G,N,0.1534,0.4907,6,2
22(b),G,P,-0.8126,0.0073,4,2
22(b),G,Q,-0.07897,0.00066,11.5,2
22(b),G,R,-0.06791,0.04049,11.5,2
22(b),G,S,-0.1207,0.02695,5.5,2
22(b),G,T,0.04709,0.02519,6.5,2
22(b),G,V,0.2392,0.1119,9.5,2
22(b),G,W,-0.1382,0.3975,5.5,2
22(b),G,Y,-0.331,0.4973,6,2
220(a),A,A,0,0,,2
220(a),A,T,-0.0191,0.1431,1,2
220(a),A,V,0.1179,0.293,1,2
221(a),M,I,0.224,0.1988,4.5,2
221(a),M,M,0,0,,2
221(a),M,T,-0.3815,0,0.5,1
222(a),K,*,-6,0,0.5,1
222(a),K,E,-0.0914,0.2872,1,2
222(a),K,K,0,0,,2
222(a),K,M,0.4732,0,0.5,1
222(a),K,R,-0.115,0,0.5,1
223(a),M,I,-0.1375,0.4671,2,2
223(a),M,M,0,0,,2
224(a),N,D,-0.6195,0,0.5,1
224(a),N,N,0,0,,2
224(a),N,T,-0.03813,0,0.5,1
225(a),N,K,0.08773,0.1259,1,2
225(a),N,N,0,0,,2
225(a),N,S,0.546,0,1,1
226(a),A,A,0,0,,2
226(a),A,D,-1.195,0,0.5,1
226(a),A,P,1.114,0,0.5,1
226(a),A,T,-0.3716,0.218,1.5,2
227(a),R,G,-0.3485,0.3223,1.5,2
227(a),R,K,0.123,0,1,1
227(a),R,R,0,0,,2
227(a),R,S,-0.5242,0,0.5,1
228(a),N,K,0.8476,0,0.5,1
228(a),N,N,0,0,,2
229(a),Q,*,-6,0,1,2
229(a),Q,Q,0,0,,2
229(a),Q,R,1.064,0,0.5,1
23(a),G,A,-0.2007,0.2124,7.5,2
23(a),G,C,0.1443,0.1047,8,2
23(a),G,D,-0.4155,0.1161,1.5,2
23(a),G,E,-0.3704,0.1697,2.5,2
23(a),G,F,-0.2154,0.0015,3.5,2
23(a),G,G,0,0,,2
23(a),G,H,0.332,0.2478,6.5,2
23(a),G,I,0.1053,0.06325,5,2
23(a),G,K,0.2944,0.2738,5,2
23(a),G,L,0.2525,0.3681,7,2
23(a),G,M,0.1886,0.1906,6.5,2
23(a),G,N,-0.2296,0.2871,6.5,2
23(a),G,P,-3.595,0,6.5,2
23(a),G,Q,0.1098,0.0447,5,2
23(a),G,R,-0.0652,0.1904,4.5,2
23(a),G,S,-0.05715,0.2985,3,2
23(a),G,T,0.3541,0.1318,7.5,2
23(a),G,V,0.08605,0.1845,4.5,2
23(a),G,W,-0.4712,0.2442,8.5,2
23(a),G,Y,-0.06282,0.05448,4,2
23(b),T,A,0.1573,0.3114,7,2
23(b),T,C,-0.9186,0.2854,7,2
23(b),T,D,0.0132,0.1223,6.5,2
23(b),T,E,-0.3216,0.1898,7,2
23(b),T,F,-0.5732,0.3863,3,2
23(b),T,G,-0.1892,0.231,8,2
23(b),T,H,-0.23,0.1094,7.5,2
23(b),T,I,-0.07875,0.2135,8.5,2
23(b),T,K,-0.3867,0.2423,4,2
23(b),T,L,0.01145,0.2557,8.5,2
23(b),T,M,-0.3196,0.3545,6.5,2
23(b),T,N,-0.1688,0.0345,6,2
23(b),T,P,0.04338,0.00996,7.5,2
23(b),T,Q,-0.07337,0.06603,8,2
23(b),T,R,-0.08316,0.04084,7,2
23(b),T,S,0.1015,0.1995,8.5,2
23(b),T,T,0,0,,2
23(b),T,V,0.1126,0.2384,7.5,2
23(b),T,W,-0.5565,0.02205,5,2
23(b),T,Y,0.2169,0.3653,4.5,2
230(a),R,*,-6,0,0.5,1
230(a),R,G,-6,0,0.5,1
230(a),R,K,-1.913,1.272,2,2
230(a),R,R,0,0,,2
231(a),G,C,1.665,0,0.5,1
231(a),G,D,-2.896,0,0.5,1
231(a),G,G,0,0,,2
231(a),G,S,0.01535,0,1,1
232(a),L,L,0,0,,2
232(a),L,P,-2.1,0,0.5,1
233(a),L,L,0,0,,2
233(a),L,P,-2.685,0,0.5,1
24(a),G,A,-0.04717,0.07422,5,2
24(a),G,C,-0.7434,0.1758,5,2
24(a),G,D,-1.961,0.153,5.5,2
24(a),G,E,-2.359,0.37,5.5,2
24(a),G,F,-0.8135,0.2025,4,2
24(a),G,G,0,0,,2
24(a),G,H,-0.3798,0.03595,5,2
24(a),G,I,-1.257,0.3708,7,2
24(a),G,K,-6,0,4,2
24(a),G,L,-1.698,0.111,7.5,2
24(a),G,M,-2.04,0.2065,3.5,2
24(a),G,N,-0.7208,0.2631,2,2
24(a),G,P,-0.364,0.3444,3.5,2
24(a),G,Q,-0.5262,0.1399,4.5,2
24(a),G,R,-2.006,0.1025,6.5,2
24(a),G,S,-0.4094,0.0261,5,2
24(a),G,T,-0.6286,0.2192,4,2
24(a),G,V,-0.5733,0.225,7.5,2
24(a),G,W,-0.8772,0.05495,6.5,2
24(a),G,Y,-0.65,0.0438,5.5,2
24(b),E,A,0.07455,0.2393,6.5,2
24(b),E,C,-1.104,0.1377,10,2
24(b),E,D,0.2173,0.01465,6,2
24(b),E,E,0,0,,2
24(b),E,F,-0.7162,0.4709,6,2
24(b),E,G,-0.3412,0.1224,7,2
24(b),E,H,-0.0208,0.0835,6.5,2
24(b),E,I,-0.1357,0.193,5.5,2
24(b),E,K,-0.1219,0.1553,7.5,2
24(b),E,L,-0.4437,0.2903,4,2
24(b),E,M,-0.0642,0.1115,8.5,2
24(b),E,N,0.07394,0.1606,8,2
24(b),E,P,0.3415,0.2156,6.5,2
24(b),E,Q,-0.02348,0.03487,8,2
24(b),E,R,-0.1711,0.1097,7,2
24(b),E,S,0.1342,0.2693,7,2
24(b),E,T,0.268,0.06775,6.5,2
24(b),E,V,-0.5048,0.2029,4.5,2
24(b),E,W,-0.4774,0.08235,6,2
24(b),E,Y,0.161,0.06025,8,2
25(a),Q,A,-0.4586,0.3814,6,2
25(a),Q,C,-0.3349,0.3953,5.5,2
25(a),Q,D,-0.2531,0.1401,3.5,2
25(a),Q,E,0.3747,0.2815,6.5,2
25(a),Q,F,0.2521,0.6896,1.5,2
25(a),Q,G,-0.3383,0.1365,3.5,2
25(a),Q,H,-0.4635,0.2611,7.5,2
25(a),Q,I,-0.1854,0.1518,6.5,2
25(a),Q,K,-0.66,0.2521,2,2
25(a),Q,L,0.1524,0.1865,5,2
25(a),Q,M,-0.166,0.1217,5,2
25(a),Q,N,-0.3806,0.1364,6,2
25(a),Q,P,-6,0,4.5,2
25(a),Q,Q,0,0,,2
25(a),Q,R,-0.8249,0.1354,2,2
25(a),Q,S,0.4295,0.1944,4,2
25(a),Q,T,-0.5017,0.2552,5.5,2
25(a),Q,V,-0.05136,0.07605,6,2
25(a),Q,W,-0.2976,0.02945,4.5,2
25(a),Q,Y,-0.5989,0.3328,6,2
25(b),Q,*,-6,0,4.5,2
25(b),Q,A,0.2336,0.2312,7,2
25(b),Q,C,-0.2773,0.2393,7.5,2
25(b),Q,D,-0.08317,0.04832,3.5,2
25(b),Q,E,-0.1359,0.2841,7,2
25(b),Q,F,-0.3688,0.05985,9,2
25(b),Q,G,-0.1701,0.1973,5.5,2
25(b),Q,H,0.08415,0.2472,5.5,2
25(b),Q,I,-0.2839,0.02675,8,2
25(b),Q,K,0.07763,0.1016,4.5,2
25(b),Q,L,-0.4223,0.05925,4.5,2
25(b),Q,M,-0.46,0.0527,5.5,2
25(b),Q,N,0.3842,0.0791,7,2
25(b),Q,P,0.2384,0.01625,4,2
25(b),Q,Q,0,0,,2
25(b),Q,R,-0.1012,0.2486,8.5,2
25(b),Q,S,0.2458,0.0852,5.5,2
25(b),Q,T,0.0086,0.1181,5,2
25(b),Q,V,0.01064,0.006729,11.5,2
25(b),Q,W,-0.1631,0.3434,5.5,2
25(b),Q,Y,0.03794,0.04602,10,2
26(a),F,A,-1.788,0.548,3.5,2
26(a),F,C,-1.535,0.1985,5.5,2
26(a),F,D,-5.106,0,2.5,1
26(a),F,E,-3.029,0,4,2
26(a),F,F,0,0,,2
26(a),F,G,-4.08,0,1,2
26(a),F,H,-1.34,0.209,3.5,2
26(a),F,I,-1.014,0,0.5,1
26(a),F,K,-5.466,0,4.5,2
26(a),F,L,-0.9867,0.09035,4,2
26(a),F,M,-0.7463,0.04905,4.5,2
26(a),F,N,-3.101,0.2035,4,2
26(a),F,P,-6,0,4.5,2
26(a),F,Q,-1.495,0.011,4,2
26(a),F,R,-6,0,5,2
26(a),F,S,-1.559,0.0435,4.5,2
26(a),F,T,-1.404,0.139,6,2
26(a),F,V,-1.347,0.1165,5.5,2
26(a),F,W,-0.08622,0.09987,4,2
26(a),F,Y,-0.9244,0.0325,3.5,2
26(b),V,A,-0.2854,0.3847,6.5,2
26(b),V,C,-1.388,0.336,8.5,2
26(b),V,D,-1.565,0.3685,6.5,2
26(b),V,E,-1.792,0.1085,7,2
26(b),V,F,0.1515,0.05105,7,2
26(b),V,G,-0.3312,0.1185,7.5,2
26(b),V,H,0.292,0.02845,7.5,2
26(b),V,I,0.2225,0.321,8,2
26(b),V,K,-1.121,0.2043,6,2
26(b),V,L,0.2032,0.1661,4.5,2
26(b),V,M,0.01775,0.02041,10,2
26(b),V,N,-0.6264,0.1991,6.5,2
26(b),V,P,-0.05216,0.08404,4.5,2
26(b),V,Q,-0.03897,0.09993,6,2
26(b),V,R,-0.2681,0.04755,5,2
26(b),V,S,-0.1856,0.3519,5,2
26(b),V,T,-0.0093,0.0225,6.5,2
26(b),V,V,0,0,,2
26(b),V,W,-0.493,0.2182,7.5,2
26(b),V,Y,0.1798,0.024,4,2
27(a),M,A,-0.0547,0.1626,7,2
27(a),M,C,0.1552,0.2056,5,2
27(a),M,D,-0.0608,0.3053,4.5,2
27(a),M,E,-0.06505,0.07625,4.5,2
27(a),M,F,-0.1475,0.2697,6,2
27(a),M,G,-0.45,0.02245,4,2
27(a),M,H,-0.1586,0.0115,6.5,2
27(a),M,I,0.4691,0.0048,4.5,2
27(a),M,K,0.2742,0.1042,1.5,2
27(a),M,L,0.2016,0.06145,3.5,2
27(a),M,M,0,0,,2
27(a),M,N,-0.1945,0.4662,3,2
27(a),M,P,-5.992,0,5.5,2
27(a),M,Q,-0.1355,0.01125,6.5,2
27(a),M,R,0.1118,0.1786,4.5,2
27(a),M,S,0.3031,0.2949,3.5,2
27(a),M,T,-0.2993,0.1105,7,2
27(a),M,V,0.2051,0.1815,7,2
27(a),M,W,-0.4972,0.2266,5.5,2
27(a),M,Y,0.2111,0,2,1
27(b),R,A,-0.5243,0.0669,6,2
27(b),R,C,-6,0,6,2
27(b),R,D,-1.93,0.11,8,2
27(b),R,E,-1.551,0.244,6,2
27(b),R,F,-1.627,0.0345,9,2
27(b),R,G,-1.398,0.066,8,2
27(b),R,H,-0.03854,0.07316,10,2
27(b),R,I,-0.9084,0.4766,7,2
27(b),R,K,0.05718,0.04932,3,2
27(b),R,L,-0.4597,0.04875,9,2
27(b),R,M,-0.7021,0.0168,9,2
27(b),R,N,-0.7416,0.3364,6.5,2
27(b),R,P,-5.641,0,6.5,2
27(b),R,Q,0.1116,0.2811,7.5,2
27(b),R,R,0,0,,2
27(b),R,S,-0.3668,0.0751,11.5,2
27(b),R,T,-0.6622,0.2268,6.5,2
27(b),R,V,-1.164,0.019,8.5,2
27(b),R,W,-0.3672,0.3827,6.5,2
27(b),R,Y,-0.6146,0.2239,5,2
28(a),F,A,-1.567,0.368,7.5,2
28(a),F,C,-0.9278,0.08715,8.5,2
28(a),F,D,-0.5203,0.2245,4,2
28(a),F,E,-0.9556,0.3034,3,2
28(a),F,F,0,0,,2
28(a),F,G,-1.576,0.013,4,2
28(a),F,H,0.235,0.1927,3,2
28(a),F,I,-0.1299,0,3,1
28(a),F,K,-0.9834,0.2417,5.5,2
28(a),F,L,-0.5013,0.2014,7,2
28(a),F,M,-0.06935,0.2772,3.5,2
28(a),F,N,-0.7229,0.1646,7,2
28(a),F,P,-4.199,0,7,2
28(a),F,Q,-0.31,0.8231,2,2
28(a),F,R,-1.933,0.378,3.5,2
28(a),F,S,-1.023,0.3051,4.5,2
28(a),F,T,-1.312,0.2655,3.5,2
28(a),F,V,-0.8475,0.1895,3.5,2
28(a),F,W,-1.532,0.147,3,2
28(a),F,Y,-0.9758,0.1202,6.5,2
28(b),Y,*,-6,0,0.5,1
28(b),Y,A,0.447,0.2509,4.5,2
28(b),Y,C,-1.054,0.0065,4,2
28(b),Y,D,-4.066,0,9.5,2
28(b),Y,E,-0.4531,0.301,7.5,2
28(b),Y,F,-0.07569,0.1555,6,2
28(b),Y,G,0.7599,0.09335,5.5,2
28(b),Y,H,-0.06785,0.1684,6,2
28(b),Y,I,0.1109,0.2724,7,2
28(b),Y,K,-0.1371,0.08922,8.5,2
28(b),Y,L,0.3546,0.2469,6.5,2
28(b),Y,M,-0.1408,0.06018,5.5,2
28(b),Y,N,-0.5276,0.1241,7,2
28(b),Y,P,-2,0.116,4.5,2
28(b),Y,Q,-0.16,0.1521,5,2
28(b),Y,R,-0.9735,0.00035,8,2
28(b),Y,S,0.2616,0.01005,4.5,2
28(b),Y,T,0.0832,0.2894,6.5,2
28(b),Y,V,0.2172,0.2605,7,2
28(b),Y,W,0.2843,0.1521,8,2
28(b),Y,Y,0,0,,2
29(a),D,A,-0.6031,0.3511,3.5,2
29(a),D,C,-0.1188,0.1322,4,2
29(a),D,D,0,0,,2
29(a),D,E,-0.1031,0.2221,7.5,2
29(a),D,F,0.1157,0.208,5.5,2
29(a),D,G,-0.08941,0.006265,4.5,2
29(a),D,H,0.1065,0.2436,6.5,2
29(a),D,I,0.1051,0.3749,4,2
29(a),D,K,-0.0724,0.307,5,2
29(a),D,L,-0.3377,0.386,5.5,2
29(a),D,M,0.03649,0.1172,4.5,2
29(a),D,N,-0.02408,0.08142,6,2
29(a),D,P,-1.592,0.187,4,2
29(a),D,Q,-0.2239,0.1478,6.5,2
29(a),D,R,-0.5502,0.0466,7,2
29(a),D,S,0.2613,0.07185,3,2
29(a),D,T,0.2061,0.0496,7,2
29(a),D,V,0.1375,0.2146,7,2
29(a),D,W,-0.3365,0.249,6.5,2
29(a),D,Y,0.0119,0.372,9.5,2
29(b),L,A,0.2274,0.0108,10.5,2
29(b),L,C,0.02341,0.05706,5,2
29(b),L,D,-0.2001,0.4751,2.5,2
29(b),L,E,-0.3002,0.1972,2.5,2
29(b),L,F,0.09516,0.05294,9,2
29(b),L,G,-0.2619,0.1332,5.5,2
29(b),L,H,-0.01842,0.05912,13,2
29(b),L,I,0.3543,0.283,9,2
29(b),L,K,-0.2583,0.468,4.5,2
29(b),L,L,0,0,,2
29(b),L,M,0.05511,0.04304,4.5,2
29(b),L,N,0.1845,0.255,4,2
29(b),L,P,-6,0,7.5,2
29(b),L,Q,-0.0049,0.2016,9.5,2
29(b),L,R,0.2572,0.1526,7,2
29(b),L,S,0.1934,0.07615,5,2
29(b),L,T,-0.01535,0.2515,5.5,2
29(b),L,V,-0.06839,0.06701,6,2
29(b),L,W,0.1778,0.258,10,2
29(b),L,Y,0.2631,0.1144,7.5,2
3(T2A),G,D,-1.57,0.432,1,2
3(T2A),G,G,0,0,,2
3(T2A),G,S,-1.353,0,0.5,1
3(a),V,*,-6,0,6.5,2
3(a),V,A,0.02698,0.01139,6,2
3(a),V,C,0.3305,0.1474,5,2
3(a),V,D,0.3769,0.0922,5,2
3(a),V,E,0.0813,0.09931,5,2
3(a),V,G,0.0361,0.2991,5.5,2
3(a),V,H,0.3721,0.05505,4,2
3(a),V,I,0.377,0.0921,7,2
3(a),V,K,-0.1111,0.2018,4,2
3(a),V,L,-0.11,0.08249,3,2
3(a),V,M,-0.03542,0.04059,7,2
3(a),V,N,0.3717,0,0.5,1
3(a),V,P,0.0547,0.252,4.5,2
3(a),V,Q,-0.3762,0.021,6,2
3(a),V,R,0.07197,0.05003,7,2
3(a),V,S,0.7081,0.1969,3.5,2
3(a),V,T,-0.07365,0.2122,4.5,2
3(a),V,V,0,0,,2
3(a),V,W,0.0603,0.3466,3,2
3(a),V,Y,-0.0341,0.3734,5.5,2
3(b),E,A,-0.1512,0.1162,8,2
3(b),E,C,0.08124,0.02047,8,2
3(b),E,D,-0.2281,0.2826,6,2
3(b),E,E,0,0,,2
3(b),E,F,-0.1959,0.1035,6.5,2
3(b),E,G,-0.4867,0.4311,4.5,2
3(b),E,H,-0.2878,0.2472,4,2
3(b),E,I,0.1904,0.22,7.5,2
3(b),E,K,-0.2298,0.05485,7.5,2
3(b),E,L,-0.03042,0.09688,9,2
3(b),E,M,-0.0044,0.2318,4.5,2
3(b),E,N,-0.08607,0.03663,8.5,2
3(b),E,P,-3.226,0,9.5,2
3(b),E,Q,0.008475,0.03821,5,2
3(b),E,R,0.1628,0.2579,9.5,2
3(b),E,S,0.148,0.06786,7.5,2
3(b),E,T,0.3679,0.3074,8.5,2
3(b),E,V,-0.2612,0.0129,4.5,2
3(b),E,W,-0.2916,0.0793,4.5,2
3(b),E,Y,0.08074,0.01406,10,2
30(a),F,A,-0.8816,0.0838,6.5,2
30(a),F,C,-0.9793,0.4747,4,2
30(a),F,D,-1.732,0.0145,3,2
30(a),F,E,-1.099,0.3962,4,2
30(a),F,F,0,0,,2
30(a),F,G,-0.9366,0.2203,5,2
30(a),F,H,-0.695,0.0857,5,2
30(a),F,I,-0.3262,0.0771,4.5,2
30(a),F,K,-1.358,0.217,4,2
30(a),F,L,-0.3014,0.2771,4.5,2
30(a),F,M,-0.5489,0.2708,5,2
30(a),F,N,-1.334,0.6834,2,2
30(a),F,P,-5.234,0,4,2
30(a),F,Q,-0.8367,0.4874,3,2
30(a),F,R,-1.708,0.298,6.5,2
30(a),F,S,-1.04,0.029,7.5,2
30(a),F,T,-0.8078,0.06455,5.5,2
30(a),F,V,-0.7708,0.1721,4,2
30(a),F,W,-0.6092,0.1021,11,2
30(a),F,Y,-0.6591,0.0297,6.5,2
30(b),V,A,0.1268,0.01975,7,2
30(b),V,C,-2.562,0.0425,8.5,2
30(b),V,D,-6,0,6.5,2
30(b),V,E,-1.766,0.018,7,2
30(b),V,F,0.02206,0.02161,9,2
30(b),V,G,-2.74,0.1305,6,2
30(b),V,H,-2.292,0.0535,6,2
30(b),V,I,0.09885,0.003855,10.5,2
30(b),V,K,-1.461,0.2365,5,2
30(b),V,L,0.1528,0.29,5.5,2
30(b),V,M,-0.1049,0.366,7.5,2
30(b),V,N,-2.595,0.109,4.5,2
30(b),V,P,-6,0,7.5,2
30(b),V,Q,-0.3685,0.0218,10,2
30(b),V,R,-1.517,0.306,5.5,2
30(b),V,S,-0.6249,0.0382,7,2
30(b),V,T,-0.2988,0.0571,8.5,2
30(b),V,V,0,0,,2
30(b),V,W,0.1806,0.2088,8,2
30(b),V,Y,-1.539,0.246,7,2
31(a),D,A,-0.4928,0.1783,3,2
31(a),D,C,-0.8531,0.05395,6,2
31(a),D,D,0,0,,2
31(a),D,E,-0.8191,0.03205,3.5,2
31(a),D,F,-1.494,0.1625,7,2
31(a),D,G,-0.2811,0.261,3.5,2
31(a),D,H,-0.9939,0.1971,6,2
31(a),D,I,-1.341,0.274,4.5,2
31(a),D,K,-1.022,0.1256,5,2
31(a),D,L,-1.313,0.0335,8,2
31(a),D,M,-0.7714,0.04045,7,2
31(a),D,N,-0.01387,0.09993,8,2
31(a),D,P,-4.179,0,2.5,2
31(a),D,Q,-0.6016,0.08325,6.5,2
31(a),D,R,-0.7878,0.1006,7.5,2
31(a),D,S,-0.082,0.2094,3.5,2
31(a),D,T,-0.3044,0.0848,4.5,2
31(a),D,V,-1.307,0.191,3.5,2
31(a),D,W,-1.667,0.0305,8.5,2
31(a),D,Y,-1.643,0.3025,7.5,2
31(b),K,A,0.1204,0.192,9,2
31(b),K,C,-3.011,0.132,5.5,2
31(b),K,D,-1.672,0.0935,8.5,2
31(b),K,E,-0.7695,0.175,7.5,2
31(b),K,F,-0.2581,0.0338,11.5,2
31(b),K,G,-0.7295,0.0358,6.5,2
31(b),K,H,-0.3066,0.07735,4.5,2
31(b),K,I,-1.698,0.144,7,2
31(b),K,K,0,0,,2
31(b),K,L,-0.6511,0.02265,13,2
31(b),K,M,-0.0894,0.1245,6,2
31(b),K,N,-0.288,0.4261,7.5,2
31(b),K,P,-6,0,6,2
31(b),K,Q,-0.05665,0.116,5,2
31(b),K,R,-0.05513,0.1117,7,2
31(b),K,S,0.1351,0.0013,4.5,2
31(b),K,T,-0.3999,0.1806,6.5,2
31(b),K,V,-2.156,0.036,7,2
31(b),K,W,-1.074,0.043,8,2
31(b),K,Y,0.01231,0.05599,8,2
32(a),G,A,0.2248,0.1367,3.5,2
32(a),G,C,-0.2396,0.1735,7,2
32(a),G,D,-0.04737,0.1322,3.5,2
32(a),G,E,-0.1904,0.1729,5.5,2
32(a),G,F,0.1974,0.1549,4.5,2
32(a),G,G,0,0,,2
32(a),G,H,0.2671,0.1606,5,2
32(a),G,I,-0.246,0.165,4.5,2
32(a),G,K,-0.03515,0.06985,4,2
32(a),G,L,-0.04575,0.2485,4,2
32(a),G,M,-0.315,0.01595,5,2
32(a),G,N,0.02395,0.2604,6,2
32(a),G,P,-0.4471,0.4511,4.5,2
32(a),G,Q,-0.2282,0.1781,4,2
32(a),G,R,0.1311,0.122,5.5,2
32(a),G,S,-0.6883,0.1552,2,2
32(a),G,T,0.1257,0.2055,5,2
32(a),G,V,-0.2445,0.00785,8.5,2
32(a),G,W,-0.3105,0.1369,4,2
32(a),G,Y,-0.1588,0.00505,5,2
32(b),Y,*,-6,0,0.5,1
32(b),Y,A,-2.947,0.098,6,2
32(b),Y,C,-2.862,0.153,7.5,2
32(b),Y,D,-6,0,8,2
32(b),Y,E,-6,0,5,2
32(b),Y,F,-1.019,0.06985,9,2
32(b),Y,G,-5.04,0,8.5,2
32(b),Y,H,-1.08,0.2848,4.5,2
32(b),Y,I,-1.664,0.8127,5,2
32(b),Y,K,-1.24,0.167,6,2
32(b),Y,L,-1.292,0.4136,7,2
32(b),Y,M,-1.156,0.2714,8,2
32(b),Y,N,-3.165,0,7.5,2
32(b),Y,P,-6,0,5.5,2
32(b),Y,Q,-2.74,0.2815,10,2
32(b),Y,R,-1.399,0.012,4.5,2
32(b),Y,S,-3.401,0,4,2
32(b),Y,T,-2.79,0.0315,5.5,2
32(b),Y,V,-1.511,0.476,8,2
32(b),Y,W,-1.027,0.1193,5,2
32(b),Y,Y,0,0,,2
33(a),D,A,-0.3563,0.4051,5,2
33(a),D,C,-0.6939,0.1465,3.5,2
33(a),D,D,0,0,,2
33(a),D,E,0.3301,0.4807,5.5,2
33(a),D,F,-0.7456,0.2135,3.5,2
33(a),D,G,-0.5746,0.4844,4,2
33(a),D,H,-0.889,0.2601,5.5,2
33(a),D,I,-0.5536,0.07985,5.5,2
33(a),D,K,-1.411,0.0785,3.5,2
33(a),D,L,-0.6687,0.3673,4.5,2
33(a),D,M,-0.4055,0.336,4,2
33(a),D,N,-0.2391,0.2835,5,2
33(a),D,P,-2.184,0.0215,4.5,2
33(a),D,Q,-0.1785,0.2454,6.5,2
33(a),D,R,-1.708,0.175,7,2
33(a),D,S,-0.4708,0.2454,3,2
33(a),D,T,-0.5635,0.0825,5.5,2
33(a),D,V,-1.434,0.2135,7,2
33(a),D,W,-1.772,0.04,7,2
33(a),D,Y,-1.091,0.161,5.5,2
33(b),I,A,-0.3226,0.323,8.5,2
33(b),I,C,-0.2038,0.01375,6,2
33(b),I,D,-4.488,0,8,2
33(b),I,E,-2.458,0.0425,6.5,2
33(b),I,F,-0.0003,0.2118,8.5,2
33(b),I,G,-0.6159,0.01205,6.5,2
33(b),I,H,-0.02177,0,2.5,1
33(b),I,I,0,0,,2
33(b),I,K,-3.812,0,12,2
33(b),I,L,-0.07909,0.08711,7,2
33(b),I,M,0.01605,0.1673,5.5,2
33(b),I,N,-1.182,0.3428,4.5,2
33(b),I,P,-6,0,7,2
33(b),I,Q,-1.778,0.0685,5.5,2
33(b),I,R,-3.538,0,10.5,2
33(b),I,S,-0.1704,0.00665,7,2
33(b),I,T,-0.199,0.0278,7,2
33(b),I,V,0.06695,0.4456,4,2
33(b),I,W,-0.7656,0.5653,5.5,2
33(b),I,Y,0.09715,0.1972,5,2
34(a),E,A,-0.1669,0.0675,6,2
34(a),E,C,-0.05393,0.07537,3.5,2
34(a),E,D,-0.9465,0.4065,5,2
34(a),E,E,0,0,,2
34(a),E,F,-2.051,0.3005,7.5,2
34(a),E,G,-0.5817,0.2231,6.5,2
34(a),E,H,-0.656,0.2728,5.5,2
34(a),E,I,0.1969,0.4224,3,2
34(a),E,K,-1.093,0.2491,4,2
34(a),E,L,-0.3315,0.2054,7,2
34(a),E,M,-0.3542,0.2233,2.5,2
34(a),E,N,-0.7301,0.0739,5,2
34(a),E,P,-0.6168,0.01385,7,2
34(a),E,Q,-0.4535,0.1099,7,2
34(a),E,R,-0.6683,0.2389,2.5,2
34(a),E,S,-0.4637,0.3245,8.5,2
34(a),E,T,-0.3451,0.1161,3.5,2
34(a),E,V,-0.4384,0.357,6,2
34(a),E,W,-2.341,0.071,8.5,2
34(a),E,Y,-1.279,0.14,5.5,2
34(b),H,A,-0.5353,0.1694,9,2
34(b),H,C,-0.198,0.04805,8,2
34(b),H,D,-4.043,0,8,2
34(b),H,E,-2.7,0.2835,4.5,2
34(b),H,F,0.06289,0.02601,7,2
34(b),H,G,-0.4141,0.1996,4.5,2
34(b),H,H,0,0,,2
34(b),H,I,-2.497,0.065,6.5,2
34(b),H,K,-2.234,0.4545,4.5,2
34(b),H,L,-1.229,0.019,7.5,2
34(b),H,M,-0.5129,0.0619,5,2
34(b),H,N,-0.2054,0.217,6.5,2
34(b),H,P,-6,0,7,2
34(b),H,Q,-0.8752,0.1777,8,2
34(b),H,R,-0.9008,0.1522,5.5,2
34(b),H,S,-0.5514,0.0389,7,2
34(b),H,T,-0.616,0.0363,7,2
34(b),H,V,-2.034,0.1775,9.5,2
34(b),H,W,-0.2741,0.2384,9,2
34(b),H,Y,-0.195,0.1295,5,2
35(a),I,A,-0.5614,0.3241,3.5,2
35(a),I,C,0.1827,0.1278,6,2
35(a),I,D,-5.698,0,4,2
35(a),I,E,-1.046,0.1216,3.5,2
35(a),I,F,-0.7135,0.5966,4,2
35(a),I,G,-2.659,0.2225,4,2
35(a),I,H,-3.159,0,6.5,2
35(a),I,I,0,0,,2
35(a),I,K,-5.55,0,1,1
35(a),I,L,0.00825,0.486,4.5,2
35(a),I,M,-0.2389,0.04715,8,2
35(a),I,N,-2.69,0.183,8.5,2
35(a),I,P,-4.306,0,5.5,2
35(a),I,Q,-1.895,0.0985,6,2
35(a),I,R,-6,0,10,2
35(a),I,S,-1.576,0.1765,4,2
35(a),I,T,-0.5552,0.05585,5.5,2
35(a),I,V,-0.09585,0,3.5,1
35(a),I,W,-1.095,0.0135,5.5,2
35(a),I,Y,-1.163,0.049,6.5,2
35(b),N,A,-1.282,0.0385,8,2
35(b),N,C,-1.586,0.083,5,2
35(b),N,D,-1.051,0.2969,11,2
35(b),N,E,-1.863,0.142,7.5,2
35(b),N,F,-5.974,0,6,2
35(b),N,G,-0.2824,0.2833,3,2
35(b),N,H,-2.68,0.291,8.5,2
35(b),N,I,-4.535,0,9,2
35(b),N,K,-4.114,0,8,2
35(b),N,L,-2.702,0.0015,7,2
35(b),N,M,-1.781,0.165,3,2
35(b),N,N,0,0,,2
35(b),N,P,-6,0,8.5,2
35(b),N,Q,-0.1699,0.0352,6.5,2
35(b),N,R,-4.023,0,10.5,2
35(b),N,S,-1.929,0.3545,4,2
35(b),N,T,-3.982,0,8,2
35(b),N,V,-4.626,0,3,2
35(b),N,W,-6,0,7.5,2
35(b),N,Y,-6,0,6,2
36(a),F,A,-0.7605,0.1324,1.5,2
36(a),F,C,-0.4658,0.1997,5,2
36(a),F,D,-1.128,0.1175,2.5,2
36(a),F,E,-2.287,0.0855,4,2
36(a),F,F,0,0,,2
36(a),F,G,-0.8614,0.2476,3.5,2
36(a),F,H,-1.007,0.01765,5.5,2
36(a),F,I,-0.6841,0.3408,4.5,2
36(a),F,K,-3.314,0,8.5,2
36(a),F,L,-0.08055,0.2247,4,2
36(a),F,M,-0.2054,0.09435,3.5,2
36(a),F,N,-0.5946,0.1658,6,2
36(a),F,P,-6,0,4,2
36(a),F,Q,-0.6325,0.1067,4,2
36(a),F,R,-6,0,6.5,2
36(a),F,S,-0.9571,0.1799,6,2
36(a),F,T,-0.9213,0.2747,6,2
36(a),F,V,-0.6481,0.00875,5,2
36(a),F,W,-0.1837,0.4912,6,2
36(a),F,Y,-0.3639,0.07735,4,2
36(b),R,A,-0.09885,0.2525,10.5,2
36(b),R,C,-0.7514,0.0989,7.5,2
36(b),R,D,-0.2181,0.031,9.5,2
36(b),R,E,-1.091,0.0765,6,2
36(b),R,F,-0.7628,0.1051,9,2
36(b),R,G,0.1095,0.175,5.5,2
36(b),R,H,-0.1948,0.2381,8.5,2
36(b),R,I,-1.897,0.289,5.5,2
36(b),R,K,0.2399,0.3498,4,2
36(b),R,L,-0.7461,0.1786,7.5,2
36(b),R,M,-0.6128,0.0991,9,2
36(b),R,N,-0.09123,0.000395,9.5,2
36(b),R,P,-6,0,7,2
36(b),R,Q,-0.03613,0.06597,11.5,2
36(b),R,R,0,0,,2
36(b),R,S,-0.2465,0.00655,8,2
36(b),R,T,-0.2549,0.0154,6.5,2
36(b),R,V,-1.934,0.1235,7.5,2
36(b),R,W,-1.786,0.018,10.5,2
36(b),R,Y,-1.635,0.1835,7.5,2
37(a),H,A,-0.3295,0.1752,5.5,2
37(a),H,C,-0.232,0.06485,4,2
37(a),H,D,-0.196,0.2387,3,2
37(a),H,E,-0.5481,0.0512,5.5,2
37(a),H,F,-0.2148,0.2404,6,2
37(a),H,G,-1.261,0.1885,7.5,2
37(a),H,H,0,0,,2
37(a),H,I,-0.3863,0.0478,7.5,2
37(a),H,K,-0.09621,0.1744,5.5,2
37(a),H,L,-1.308,0.1755,5.5,2
37(a),H,M,-0.2881,0.1376,4.5,2
37(a),H,N,-0.2176,0.1308,4,2
37(a),H,P,-6,0,4.5,2
37(a),H,Q,-0.7239,0.443,5.5,2
37(a),H,R,-0.2029,0.0833,11,2
37(a),H,S,-0.5599,0.0095,3.5,2
37(a),H,T,-0.4286,0.1331,6,2
37(a),H,V,-0.6729,0.0607,4.5,2
37(a),H,W,-0.862,0.23,6.5,2
37(a),H,Y,0.0419,0.2328,8,2
37(b),Q,A,-0.0404,0.2116,5,2
37(b),Q,C,0.2354,0.1338,10,2
37(b),Q,D,0.0746,0.2361,7,2
37(b),Q,E,0.1776,0.0273,7.5,2
37(b),Q,F,-0.09677,0.009725,7.5,2
37(b),Q,G,0.09305,0.1331,7.5,2
37(b),Q,H,-0.00775,0.2326,5.5,2
37(b),Q,I,0.1547,0.1256,6,2
37(b),Q,K,-0.0158,0.2406,7,2
37(b),Q,L,-0.05006,0.1065,7.5,2
37(b),Q,M,0.05017,0.01929,6,2
37(b),Q,N,-0.2052,0.1101,7.5,2
37(b),Q,P,-6,0,4,2
37(b),Q,Q,0,0,,2
37(b),Q,R,0.07975,0.1874,6.5,2
37(b),Q,S,-2.962,0.0905,6,2
37(b),Q,T,-3.444,0,8,2
37(b),Q,V,0.03686,0.04079,7,2
37(b),Q,W,-0.133,0.06973,7.5,2
37(b),Q,Y,-0.3244,0.1106,11.5,2
38(a),V,A,-0.4163,0.1212,4.5,2
38(a),V,C,0.1265,0.0054,3,2
38(a),V,D,-2.156,0.277,4,2
38(a),V,E,-0.3005,0.0825,6.5,2
38(a),V,F,-1.783,0.1945,6,2
38(a),V,G,-1.418,0.2125,6,2
38(a),V,H,-1.228,0.1345,8,2
38(a),V,I,-0.9208,0.8802,2.5,2
38(a),V,K,-4.345,0,6.5,2
38(a),V,L,0.194,0.1664,7.5,2
38(a),V,M,-0.1875,0.2523,8.5,2
38(a),V,N,-1.014,0,3,1
38(a),V,P,-1.261,0.063,7,2
38(a),V,Q,-0.7155,0.1898,5,2
38(a),V,R,-3.555,0,6.5,2
38(a),V,S,-0.2756,0,0.5,1
38(a),V,T,-0.8487,0.0515,4,2
38(a),V,V,0,0,,2
38(a),V,W,-5.534,0,5,2
38(a),V,Y,-1.193,0.005,5.5,2
38(b),Q,*,-6,0,2.5,2
38(b),Q,A,-0.1275,0.09521,2,2
38(b),Q,C,0.1041,0.249,6.5,2
38(b),Q,D,-0.2369,0.1572,6.5,2
38(b),Q,E,0.02742,0.005085,9,2
38(b),Q,F,-1.913,0.3825,8,2
38(b),Q,G,-0.6448,0.0652,6,2
38(b),Q,H,-1.239,0.193,5.5,2
38(b),Q,I,0.162,0.1477,10,2
38(b),Q,K,-1.613,0.017,6.5,2
38(b),Q,L,0.2361,0.4107,6.5,2
38(b),Q,M,0.07865,0.01411,8.5,2
38(b),Q,N,-0.2743,0.08615,11.5,2
38(b),Q,P,0.00822,0.06613,8.5,2
38(b),Q,Q,0,0,,2
38(b),Q,R,-1.169,0.1545,8.5,2
38(b),Q,S,0.02857,0.07214,7.5,2
38(b),Q,T,0.06298,0.02623,10,2
38(b),Q,V,-0.3104,0.09025,8,2
38(b),Q,W,-3.512,0,5.5,2
38(b),Q,Y,-1.599,0.2305,6,2
39(a),D,A,-0.2811,0.1579,5.5,2
39(a),D,C,-0.1877,0.1279,7,2
39(a),D,D,0,0,,2
39(a),D,E,-0.1698,0.01075,4,2
39(a),D,F,-0.3153,0.1368,5,2
39(a),D,G,-0.1495,0.1551,5.5,2
39(a),D,H,-0.0434,0.03385,4.5,2
39(a),D,I,-0.684,0.047,6.5,2
39(a),D,K,-0.7555,0.0485,5,2
39(a),D,L,-0.779,0.0947,3,2
39(a),D,M,-0.3959,0.2304,5,2
39(a),D,N,-0.1278,0.1208,4,2
39(a),D,P,-1.749,0.0675,3.5,2
39(a),D,Q,0.01602,0.0679,4,2
39(a),D,R,-0.9908,0.2772,3.5,2
39(a),D,S,-0.5525,0.2239,3,2
39(a),D,T,-1.611,0.245,6.5,2
39(a),D,V,-0.4768,0.1819,6.5,2
39(a),D,W,-0.3411,0.01015,6,2
39(a),D,Y,-0.7234,0.3647,3.5,2
39(b),D,A,0.1312,0.0001,10.5,2
39(b),D,C,-0.3265,0.5122,5,2
39(b),D,D,0,0,,2
39(b),D,E,-0.0547,0.2045,6.5,2
39(b),D,F,0.3849,0.3038,6.5,2
39(b),D,G,-0.2004,0.1942,6,2
39(b),D,H,0.004055,0.02178,11.5,2
39(b),D,I,-0.4692,0.153,9.5,2
39(b),D,K,-0.9219,0.1101,8,2
39(b),D,L,-0.05155,0.1709,8.5,2
39(b),D,M,-0.08165,0.188,7,2
39(b),D,N,0.03896,0.08474,5.5,2
39(b),D,P,-2.403,0.079,8.5,2
39(b),D,Q,0.1939,0.2358,7,2
39(b),D,R,-0.6994,0.0307,4,2
39(b),D,S,0.131,0.1197,8,2
39(b),D,T,-0.03257,0.01591,6.5,2
39(b),D,V,-0.1653,0.02995,8,2
39(b),D,W,-0.8952,0.1708,7,2
39(b),D,Y,-0.6659,0.1566,5,2
4(T2A),E,E,0,0,,2
4(T2A),E,G,0.3302,0,0.5,1
4(T2A),E,K,0.1014,0,0.5,1
4(a),G,*,-6,0,4.5,2
4(a),G,A,-0.2082,0.1579,7,2
4(a),G,C,-0.2373,0.633,3,2
4(a),G,D,0.3276,0.0337,4.5,2
4(a),G,E,-0.1583,0.2863,4.5,2
4(a),G,F,-0.0002,0.2206,6.5,2
4(a),G,G,0,0,,2
4(a),G,H,-0.1438,0.09413,3.5,2
4(a),G,I,-0.1957,0.0193,4,2
4(a),G,K,-0.1022,0.3595,5,2
4(a),G,L,-1.047,0.9775,3,2
4(a),G,M,0.4352,0.1592,3.5,2
4(a),G,N,0.0665,0.0819,3,2
4(a),G,P,-0.1377,0.5915,4,2
4(a),G,Q,-0.3209,0.1909,4.5,2
4(a),G,R,0.09927,0.1178,3,2
4(a),G,S,-0.001455,0.09224,5,2
4(a),G,T,0.433,0.2181,5.5,2
4(a),G,V,0.3559,0.0837,4,2
4(a),G,W,-0.3319,0.0881,6,2
4(a),G,Y,-0.2063,0.1798,4.5,2
4(b),E,*,-6,0,0.5,1
4(b),E,A,-0.3769,0.2646,9,2
4(b),E,C,0.05418,0.0327,8,2
4(b),E,D,0.1189,0.1825,6.5,2
4(b),E,E,0,0,,2
4(b),E,F,-0.05355,0.2182,8.5,2
4(b),E,G,0.1656,0.2396,6,2
4(b),E,H,0.2791,0.1024,7,2
4(b),E,I,0.2358,0.0534,10,2
4(b),E,K,-0.02915,0.2445,11,2
4(b),E,L,0.009725,0.02762,7,2
4(b),E,M,0.1234,0.07202,8.5,2
4(b),E,N,-0.1803,0.2352,9,2
4(b),E,P,0.2085,0.2125,7,2
4(b),E,Q,0.2653,0.2113,9.5,2
4(b),E,R,-0.08671,0.00201,6.5,2
4(b),E,S,0.00925,0.1951,5.5,2
4(b),E,T,-0.07485,0.1914,6.5,2
4(b),E,V,0.1074,0.1163,4,2
4(b),E,W,-0.2964,0.01275,7.5,2
4(b),E,Y,0.0177,0.3391,7.5,2
40(a),L,A,-0.07855,0.08345,4,2
40(a),L,C,-0.4902,0.06345,3,2
40(a),L,D,-6,0,6.5,2
40(a),L,E,-5.423,0,7,2
40(a),L,F,-0.3206,0.1386,6,2
40(a),L,G,-0.3867,0.0309,4.5,2
40(a),L,H,-1.348,0.1965,4.5,2
40(a),L,I,-0.3779,0.148,5,2
40(a),L,K,-1.165,0.4013,4,2
40(a),L,L,0,0,,2
40(a),L,M,0.03612,0.0572,4,2
40(a),L,N,-1.098,0.047,4.5,2
40(a),L,P,-0.5808,0,3.5,1
40(a),L,Q,-1.032,0.4627,4.5,2
40(a),L,R,-2.405,0.2595,4,2
40(a),L,S,-1.478,0.0715,5,2
40(a),L,T,-0.6537,0.1205,3,2
40(a),L,V,-0.7645,0.2063,4,2
40(a),L,W,-6,0,3.5,2
40(a),L,Y,-5.992,0,4,2
40(b),V,A,-0.1182,0.1246,7,2
40(b),V,C,-0.4069,0.2419,5.5,2
40(b),V,D,-3.449,0.4655,3.5,2
40(b),V,E,-4.405,0,8,2
40(b),V,F,-0.1371,0.1791,7,2
40(b),V,G,-2.521,0.0565,8,2
40(b),V,H,-1.161,0.014,9,2
40(b),V,I,-0.0659,0.1566,8.5,2
40(b),V,K,-0.9942,0.3147,4,2
40(b),V,L,-0.7682,0.1191,6.5,2
40(b),V,M,-0.691,0.23,4.5,2
40(b),V,N,-2.067,0.226,5,2
40(b),V,P,-6,0,5,2
40(b),V,Q,-2.486,0.5325,5,2
40(b),V,R,-1.433,0.267,6.5,2
40(b),V,S,-1.093,0.0165,7.5,2
40(b),V,T,-0.1732,0.0172,10.5,2
40(b),V,V,0,0,,2
40(b),V,W,-0.1679,0.1163,8.5,2
40(b),V,Y,-1.212,0.3688,5,2
41(a),Q,*,-6,0,1,1
41(a),Q,A,0.1617,0.07566,7.5,2
41(a),Q,C,-0.7802,0.06525,3.5,2
41(a),Q,D,-0.8374,0.1303,4.5,2
41(a),Q,E,-0.3875,0.1364,5,2
41(a),Q,F,-0.476,0.0409,6,2
41(a),Q,G,-0.1105,0.00705,7,2
41(a),Q,H,-0.3356,0.02985,6.5,2
41(a),Q,I,0.02546,0.1042,5.5,2
41(a),Q,K,-0.09559,0.02471,7,2
41(a),Q,L,-0.2029,0.0242,5.5,2
41(a),Q,M,0.2462,0.4591,3,2
41(a),Q,N,-5.405,0,5,2
41(a),Q,P,0.3059,0.3064,7.5,2
41(a),Q,Q,0,0,,2
41(a),Q,R,-0.0311,0.1569,8.5,2
41(a),Q,S,-0.0028,0.1127,4,2
41(a),Q,T,-0.0308,0.3719,6,2
41(a),Q,V,-0.2177,0.2478,6.5,2
41(a),Q,W,-0.4708,0.1889,7,2
41(a),Q,Y,-0.3033,0.1788,5.5,2
41(b),H,A,-0.9826,0.04745,5.5,2
41(b),H,C,-0.903,0.212,9,2
41(b),H,D,-5.886,0,5,2
41(b),H,E,-1.143,0.0195,10,2
41(b),H,F,-0.2274,0.2465,6,2
41(b),H,G,-1.517,0.172,8.5,2
41(b),H,H,0,0,,2
41(b),H,I,-0.7308,0.1726,7.5,2
41(b),H,K,-1.403,0.163,6,2
41(b),H,L,-0.2906,0.1792,4.5,2
41(b),H,M,-0.4007,0.1897,3.5,2
41(b),H,N,-1.256,0.0725,3,2
41(b),H,P,-6,0,5,2
41(b),H,Q,-0.6225,0.3241,9.5,2
41(b),H,R,-1.264,0.147,3.5,2
41(b),H,S,0.1052,0.1459,3.5,2
41(b),H,T,-0.19,0.178,5.5,2
41(b),H,V,-0.2445,0.191,7.5,2
41(b),H,W,-0.7334,0.2322,6,2
41(b),H,Y,-0.1056,0.1802,10,2
42(a),K,A,-0.5394,0.2138,4,2
42(a),K,C,-1.191,0.079,6.5,2
42(a),K,D,-1.303,0.013,4.5,2
42(a),K,E,-0.9857,0.0543,5,2
42(a),K,F,-0.7708,0.3112,8,2
42(a),K,G,-0.6458,0.0689,4,2
42(a),K,H,0.09579,0.1118,4,2
42(a),K,I,-0.09226,0.1154,9.5,2
42(a),K,K,0,0,,2
42(a),K,L,-0.2746,0.0937,4,2
42(a),K,M,-0.103,0.1112,7.5,2
42(a),K,N,-0.3622,0.5,4,2
42(a),K,P,-0.7978,0.1619,6,2
42(a),K,Q,-0.1091,0.1191,5,2
42(a),K,R,0.5028,0.4705,3,2
42(a),K,S,-0.8922,0.3008,3.5,2
42(a),K,T,-0.3344,0.09745,5,2
42(a),K,V,-0.3756,0.0655,5,2
42(a),K,W,-0.6426,0.04945,5,2
42(a),K,Y,-0.445,0.2028,6.5,2
42(b),Y,A,-6,0,6.5,2
42(b),Y,C,-4.079,0,7.5,2
42(b),Y,D,-6,0,2.5,2
42(b),Y,E,-6,0,10.5,2
42(b),Y,F,-0.08273,0.06157,9.5,2
42(b),Y,G,-6,0,4,2
42(b),Y,H,-4.195,0,5.5,2
42(b),Y,I,-0.6788,0.1718,10,2
42(b),Y,K,-6,0,4,2
42(b),Y,L,-0.1559,0.06661,6,2
42(b),Y,M,-0.3452,0.0549,7,2
42(b),Y,N,-6,0,6,2
42(b),Y,P,-6,0,4,2
42(b),Y,Q,-6,0,4.5,2
42(b),Y,R,-5.972,0,6.5,2
42(b),Y,S,-6,0,4.5,2
42(b),Y,T,-6,0,7,2
42(b),Y,V,-2.926,0.201,6.5,2
42(b),Y,W,-0.6554,0.256,6.5,2
42(b),Y,Y,0,0,,2
43(a),S,A,-0.3247,0.1973,4,2
43(a),S,C,-0.9578,0.09115,6,2
43(a),S,D,0.04393,0.07057,4.5,2
43(a),S,E,-0.9813,0.6057,4,2
43(a),S,F,0.07395,0.2067,3,2
43(a),S,G,0.07385,0.08415,4,2
43(a),S,H,-1.478,0.2625,1.5,2
43(a),S,I,-0.2458,0.1796,5.5,2
43(a),S,K,-1.673,0.067,7,2
43(a),S,L,-0.3294,0.2357,7.5,2
43(a),S,M,0.126,0.08535,3.5,2
43(a),S,N,-6,0,5,2
43(a),S,P,-0.4485,0.02745,5,2
43(a),S,Q,-0.1431,0.3486,3.5,2
43(a),S,R,-1.51,0.2985,5,2
43(a),S,S,0,0,,2
43(a),S,T,-0.1786,0.0216,6.5,2
43(a),S,V,-0.04235,0.3704,2.5,2
43(a),S,W,-6,0,5.5,2
43(a),S,Y,-0.5767,0.0037,6,2
43(b),D,A,-0.573,0.1209,5,2
43(b),D,C,-0.8206,0.00985,4.5,2
43(b),D,D,0,0,,2
43(b),D,E,-1.125,0.5415,6.5,2
43(b),D,F,-3.006,0.03,6.5,2
43(b),D,G,-3.087,0.034,9,2
43(b),D,H,-1.096,0.1423,10.5,2
43(b),D,I,-2.762,0.067,8,2
43(b),D,K,-3.516,0,7.5,2
43(b),D,L,-2.349,0.2485,6,2
43(b),D,M,-2.891,0.117,7.5,2
43(b),D,N,0.1837,0.3049,6.5,2
43(b),D,P,-6,0,7,2
43(b),D,Q,-2.26,0.1915,3.5,2
43(b),D,R,-2.353,0.3415,7.5,2
43(b),D,S,-0.1399,0.4222,4.5,2
43(b),D,T,-1.151,0.1768,8.5,2
43(b),D,V,-2.322,0.085,5,2
43(b),D,W,-2.699,0.229,4,2
43(b),D,Y,-2.198,0.246,6.5,2
44(a),E,*,-6,0,0.5,1
44(a),E,A,-0.2632,0.0261,5,2
44(a),E,C,-0.6019,0.06765,3.5,2
44(a),E,D,-0.1272,0.09913,4,2
44(a),E,E,0,0,,2
44(a),E,F,-0.06836,0.1428,4,2
44(a),E,G,-0.7063,0.0148,10,2
44(a),E,H,-0.1156,0.06485,6.5,2
44(a),E,I,-0.1937,0.0447,4.5,2
44(a),E,K,-0.08795,0.09485,3.5,2
44(a),E,L,-0.3394,0.1219,3.5,2
44(a),E,M,-0.4741,0.7338,4.5,2
44(a),E,N,0.1476,0.08353,3.5,2
44(a),E,P,-1.953,0.0175,5.5,2
44(a),E,Q,-0.0122,0.2322,5.5,2
44(a),E,R,0.05605,0.6962,3,2
44(a),E,S,-0.05215,0.2636,5.5,2
44(a),E,T,-0.06682,0.02152,5.5,2
44(a),E,V,0.3588,0.2791,6,2
44(a),E,W,-0.3134,0.00625,4,2
44(a),E,Y,-0.0827,0.193,7.5,2
44(b),S,-,-6,0,1.5,1
44(b),S,A,-1.546,0.0865,4,2
44(b),S,C,-2.123,0.059,9,2
44(b),S,D,-2.272,0.3945,6.5,2
44(b),S,E,-3.705,0,5.5,2
44(b),S,F,-1.756,0.0615,9.5,2
44(b),S,G,-0.4744,0.1925,8,2
44(b),S,H,-1.916,0.3,7,2
44(b),S,I,-2.833,0.1955,5.5,2
44(b),S,K,-3.956,0,5,2
44(b),S,L,-2.96,0.148,4,2
44(b),S,M,-1.705,0.0495,7,2
44(b),S,N,-1.53,0.0725,7.5,2
44(b),S,P,-2.125,0.083,5,2
44(b),S,Q,-2.818,0.054,6.5,2
44(b),S,R,-2.961,0.0215,10,2
44(b),S,S,0,0,,2
44(b),S,T,-0.8286,0.1855,8,2
44(b),S,V,-2.357,0.26,7,2
44(b),S,W,-1.653,0.1225,5.5,2
44(b),S,Y,-1.216,0.2302,5,2
45(a),T,A,-0.1028,0.01218,3.5,2
45(a),T,C,-0.2975,0.2992,8.5,2
45(a),T,D,-0.04675,0.1763,7.5,2
45(a),T,E,-0.9037,0.0663,4.5,2
45(a),T,F,-1.915,0.004,7,2
45(a),T,G,-0.2552,0.0788,4.5,2
45(a),T,H,-1.808,0.2095,5,2
45(a),T,I,-0.7104,0.3586,4,2
45(a),T,K,-1.638,0.181,6.5,2
45(a),T,L,-0.9696,0.0278,8,2
45(a),T,M,-0.9478,0.0432,5.5,2
45(a),T,N,-0.1309,0.1644,7.5,2
45(a),T,P,-0.0584,0.02364,11,2
45(a),T,Q,-1.573,0.0095,4.5,2
45(a),T,R,-3.349,0.025,4,2
45(a),T,S,-0.0473,0.3821,5.5,2
45(a),T,T,0,0,,2
45(a),T,V,-0.4632,0.2578,7.5,2
45(a),T,W,-2.438,0.2975,7,2
45(a),T,Y,-2.146,0.1085,4.5,2
45(b),D,A,0.1837,0.08225,7,2
45(b),D,C,-0.1088,0.02469,8.5,2
45(b),D,D,0,0,,2
45(b),D,E,0.1333,0.08579,7,2
45(b),D,F,0.1407,0.06313,9.5,2
45(b),D,G,-0.07535,0.1215,7,2
45(b),D,H,-0.116,0.4749,5.5,2
45(b),D,I,-0.4117,0.1922,3.5,2
45(b),D,K,-0.07616,0.0235,5.5,2
45(b),D,L,0.03273,0.06848,7,2
45(b),D,M,0.3021,0.3456,5.5,2
45(b),D,N,-0.222,0.0504,7,2
45(b),D,P,-3.242,0.048,6,2
45(b),D,Q,0.0045,0.4962,5,2
45(b),D,R,0.0917,0.2093,8,2
45(b),D,S,0.1274,0.1026,7,2
45(b),D,T,-0.1372,0.09788,7.5,2
45(b),D,V,-0.0553,0.301,7,2
45(b),D,W,-0.07822,0.1133,9,2
45(b),D,Y,-0.1027,0.2183,4.5,2
46(a),I,A,-0.3899,0.3992,6,2
46(a),I,C,0.2689,0.0688,7,2
46(a),I,D,0.1609,0.3056,11,2
46(a),I,E,0.3419,0.2617,3,2
46(a),I,F,0.0363,0.4653,3.5,2
46(a),I,G,-0.3471,0.299,8,2
46(a),I,H,0.6038,0.4542,5.5,2
46(a),I,I,0,0,,2
46(a),I,K,0.3992,0.1186,5,2
46(a),I,L,-0.1199,0.02037,5,2
46(a),I,M,-0.1853,0.1627,3.5,2
46(a),I,N,-0.1031,0.1507,4,2
46(a),I,P,-1.144,0.1749,5.5,2
46(a),I,Q,0.4335,0.1431,3,2
46(a),I,R,0.0345,0.1777,5.5,2
46(a),I,S,-0.04145,0.05915,3,2
46(a),I,T,-0.1566,0.08903,3,2
46(a),I,V,-0.007815,0.05213,5.5,2
46(a),I,W,-0.3365,0.0159,4,2
46(a),I,Y,-0.1792,0.0013,4.5,2
46(b),V,A,0.0949,0.4536,5.5,2
46(b),V,C,0.2112,0.04865,8.5,2
46(b),V,D,-0.0445,0.2097,5,2
46(b),V,E,0.6411,0.2231,5.5,2
46(b),V,F,-0.2522,0.3324,6.5,2
46(b),V,G,-0.5187,0.2412,7,2
46(b),V,H,0.07888,0.09913,4.5,2
46(b),V,I,-0.148,0.3557,9.5,2
46(b),V,K,-0.2435,0.0444,6,2
46(b),V,L,-0.0884,0.0951,7,2
46(b),V,M,-0.2742,0.0302,8.5,2
46(b),V,N,-0.1432,0.1038,8.5,2
46(b),V,P,-0.4743,0.0449,4.5,2
46(b),V,Q,-0.0104,0.05879,5,2
46(b),V,R,-0.1599,0.06236,7.5,2
46(b),V,S,-0.2765,0.00325,7.5,2
46(b),V,T,-0.0243,0.03121,5,2
46(b),V,V,0,0,,2
46(b),V,W,-0.1788,0.1498,10,2
46(b),V,Y,-0.05425,0.2931,7.5,2
47(a),W,*,-6,0,2,2
47(a),W,A,-0.6322,0,2.5,1
47(a),W,C,-0.5565,0.226,4.5,2
47(a),W,D,-0.8948,0.1322,3.5,2
47(a),W,E,-0.9332,0.5299,2.5,2
47(a),W,F,0.4652,0.4358,4.5,2
47(a),W,G,-1.115,0.0845,2.5,2
47(a),W,H,-1.039,0.1282,5.5,2
47(a),W,I,-1.375,0.5789,3.5,2
47(a),W,K,-1.77,0.1595,7,2
47(a),W,L,-0.6431,0.07655,6,2
47(a),W,M,-0.1297,0.4523,5,2
47(a),W,N,-0.8939,0.0715,4.5,2
47(a),W,P,-0.4385,0.1411,4,2
47(a),W,Q,-0.3428,0.141,4.5,2
47(a),W,R,-0.7811,0.1483,6.5,2
47(a),W,S,-0.4119,0.2868,5,2
47(a),W,T,-0.8106,0.2783,2.5,2
47(a),W,V,0.04622,0.07248,6,2
47(a),W,W,0,0,,2
47(a),W,Y,-0.1416,0.1553,3.5,2
47(b),G,A,-0.2618,0.06795,6,2
47(b),G,C,-1.163,0.1335,6.5,2
47(b),G,D,-0.2182,0.1264,5.5,2
47(b),G,E,0.07553,0.003875,6,2
47(b),G,F,-1.132,0.4117,7,2
47(b),G,G,0,0,,2
47(b),G,H,-0.4818,0.0514,7,2
47(b),G,I,-3.359,0,3,2
47(b),G,K,-0.5577,0.0129,9.5,2
47(b),G,L,-0.5312,0.3789,7.5,2
47(b),G,M,-0.6776,0.3464,6.5,2
47(b),G,N,-0.2593,0.2055,7,2
47(b),G,P,-3.029,0.098,5,2
47(b),G,Q,0.2409,0.3382,8,2
47(b),G,R,-0.3276,0.2047,5.5,2
47(b),G,S,-0.5847,0.1135,8.5,2
47(b),G,T,-1.151,0.1573,8,2
47(b),G,V,-3.235,0,5.5,2
47(b),G,W,-1.537,0.137,4.5,2
47(b),G,Y,-0.9295,0.4405,6.5,2
48(a),R,A,-0.03055,0.1985,4,2
48(a),R,C,-0.6003,0.07745,5.5,2
48(a),R,D,-0.1271,0.4788,3.5,2
48(a),R,E,-0.1431,0.06732,6.5,2
48(a),R,F,-0.5564,0.0334,8.5,2
48(a),R,G,0.1097,0.04876,3,2
48(a),R,H,0.1006,0.157,7.5,2
48(a),R,I,-0.2599,0.1375,7,2
48(a),R,K,0.8792,0.1897,5,2
48(a),R,L,-0.3416,0.2238,3.5,2
48(a),R,M,0.2888,0.2087,4.5,2
48(a),R,N,0.07066,0.1053,6.5,2
48(a),R,P,-0.6457,0.1093,4,2
48(a),R,Q,-0.1484,0.0051,6,2
48(a),R,R,0,0,,2
48(a),R,S,0.044,0.3425,4,2
48(a),R,T,-0.3274,0.0189,5.5,2
48(a),R,V,-0.0701,0.2186,4,2
48(a),R,W,-0.1373,0.0123,6.5,2
48(a),R,Y,-0.5378,0.03535,4,2
48(b),H,A,0.1022,0.06878,7.5,2
48(b),H,C,-0.1862,0.07025,6.5,2
48(b),H,D,0.0099,0.188,7,2
48(b),H,E,-0.08394,0.1375,9,2
48(b),H,F,0.2177,0.05765,6.5,2
48(b),H,G,-0.4582,0.03615,4.5,2
48(b),H,H,0,0,,2
48(b),H,I,-0.1668,0.00435,8.5,2
48(b),H,K,0.1598,0.06147,7.5,2
48(b),H,L,-0.0837,0.2025,5.5,2
48(b),H,M,0.06857,0.1415,9.5,2
48(b),H,N,0.219,0.1665,5.5,2
48(b),H,P,-5.227,0,7.5,2
48(b),H,Q,-0.2107,0.09295,6,2
48(b),H,R,-0.2344,0.1645,7,2
48(b),H,S,0.1292,0.1944,7.5,2
48(b),H,T,-0.02189,0.0338,5,2
48(b),H,V,0.1782,0.03255,8,2
48(b),H,W,-0.2941,0.0484,8,2
48(b),H,Y,-0.1996,0.345,6,2
49(a),L,*,-6,0,0.5,1
49(a),L,A,-0.4757,0.13,5,2
49(a),L,C,0.000325,0.06764,7,2
49(a),L,D,-0.3533,0.08185,3,2
49(a),L,E,-0.2949,0.02765,6.5,2
49(a),L,F,-1.03,0.0065,5.5,2
49(a),L,G,-1.333,0.2525,7,2
49(a),L,H,-0.047,0.409,7,2
49(a),L,I,-0.0243,0.2221,7,2
49(a),L,K,-0.00195,0.2792,2.5,2
49(a),L,L,0,0,,2
49(a),L,M,-0.2362,0.0768,4.5,2
49(a),L,N,-0.2818,0.03355,7,2
49(a),L,P,-1.649,0.175,6,2
49(a),L,Q,-0.06515,0.1125,5,2
49(a),L,R,0.3372,0.2824,4.5,2
49(a),L,S,0.06972,0.1075,4,2
49(a),L,T,-0.1782,0.3487,4,2
49(a),L,V,0.3574,0,1.5,1
49(a),L,W,-1.304,0.086,6,2
49(a),L,Y,-1.176,0.4655,5.5,2
49(b),Y,A,-1.677,0.468,6,2
49(b),Y,C,-2.719,0.172,6.5,2
49(b),Y,D,-6,0,3,2
49(b),Y,E,-6,0,4.5,2
49(b),Y,F,0.2311,0.194,5.5,2
49(b),Y,G,-6,0,6.5,2
49(b),Y,H,-1.401,0.2575,6,2
49(b),Y,I,-2.404,0.3755,4.5,2
49(b),Y,K,-6,0,5.5,2
49(b),Y,L,-1.996,0.262,6.5,2
49(b),Y,M,-0.4234,0.2129,8,2
49(b),Y,N,-3.623,0,6,2
49(b),Y,P,-4.736,0,6.5,2
49(b),Y,Q,-6,0,4.5,2
49(b),Y,R,-6,0,5,2
49(b),Y,S,-4.072,0,5,2
49(b),Y,T,-4.531,0,5,2
49(b),Y,V,-2.071,0.2275,4.5,2
49(b),Y,W,0.3685,0.2062,10.5,2
49(b),Y,Y,0,0,,2
5(T2A),G,C,-4.659,0,0.5,1
5(T2A),G,D,-0.7631,0.7099,1.5,2
5(T2A),G,G,0,0,,2
5(T2A),G,R,-1.196,0,0.5,1
5(T2A),G,S,-1.51,0,0.5,1
5(a),H,*,-6,0,7.5,2
5(a),H,A,0.4407,0.4292,4.5,2
5(a),H,C,0.1698,0.1445,3,2
5(a),H,D,-0.1335,0.433,3,2
5(a),H,E,0.05538,0.1401,5,2
5(a),H,F,0.05878,0.08803,5.5,2
5(a),H,G,-0.3247,0.1937,4,2
5(a),H,H,0,0,,2
5(a),H,I,-0.1835,0.1714,3,2
5(a),H,K,-0.1906,0.246,5,2
5(a),H,L,-0.2415,0.2421,7,2
5(a),H,M,-0.4362,0.1155,2.5,2
5(a),H,N,-0.1599,0.4133,4.5,2
5(a),H,P,0.3478,0.1547,3,2
5(a),H,Q,-0.2248,0.0226,5,2
5(a),H,R,-0.1505,0.389,5,2
5(a),H,S,-1.613,1.525,3.5,2
5(a),H,T,0.0946,0.2782,3,2
5(a),H,V,-0.1148,0.4435,5.5,2
5(a),H,W,-0.3251,0.0176,4,2
5(a),H,Y,-0.0342,0.298,8.5,2
5(b),T,A,0.03202,0.08589,8,2
5(b),T,C,-0.02855,0.3606,8,2
5(b),T,D,0.001475,0.01393,6,2
5(b),T,E,0.4771,0.2168,3.5,2
5(b),T,F,0.07864,0.02084,6.5,2
5(b),T,G,-0.4151,0.5292,5.5,2
5(b),T,H,-0.2179,0.1147,7,2
5(b),T,I,-0.1998,0.3376,8,2
5(b),T,K,0.06085,0.2639,5,2
5(b),T,L,-0.01706,0.01077,9.5,2
5(b),T,M,-0.1643,0.1562,4.5,2
5(b),T,N,-0.07551,0.1076,5,2
5(b),T,P,-0.3964,0.4335,3,2
5(b),T,Q,-0.1665,0.1918,7,2
5(b),T,R,-0.1324,0.1742,10.5,2
5(b),T,S,0.2562,0.0842,6.5,2
5(b),T,T,0,0,,2
5(b),T,V,0.06095,0.1855,8,2
5(b),T,W,0.05345,0.1646,7.5,2
5(b),T,Y,0.3108,0.3336,2.5,2
50(a),P,A,0.6149,0.2874,4,2
50(a),P,C,-0.2511,0.0643,3.5,2
50(a),P,D,0.04686,0.02734,7.5,2
50(a),P,E,-0.1635,0.6599,3,2
50(a),P,F,-0.2758,0.2775,4,2
50(a),P,G,0.4061,0.0466,5,2
50(a),P,H,-0.1377,0.08263,5.5,2
50(a),P,I,-0.1903,0.01665,7,2
50(a),P,K,0.7424,0.0264,3.5,2
50(a),P,L,-0.0754,0.1827,6,2
50(a),P,M,0.3445,0.3479,6,2
50(a),P,N,0.2577,0.0025,4.5,2
50(a),P,P,0,0,,2
50(a),P,R,0.2039,0.3577,3.5,2
50(a),P,S,-0.4275,0.0333,7,2
50(a),P,T,0.01375,0.2035,5.5,2
50(a),P,V,-0.1636,0.02865,4,2
50(a),P,W,-0.4039,0.2374,4.5,2
50(a),P,Y,-0.06918,0.05602,6,2
50(b),V,A,-0.1397,0.2065,7,2
50(b),V,C,0.3076,0.239,6.5,2
50(b),V,D,-0.9963,0.1387,5.5,2
50(b),V,E,-0.0671,0.1708,5,2
50(b),V,F,-0.4016,0.0101,6.5,2
50(b),V,G,-2.328,0.0265,4.5,2
50(b),V,H,-0.5924,0.3034,3,2
50(b),V,I,-0.251,0.07945,5.5,2
50(b),V,K,-0.04603,0.007755,5,2
50(b),V,L,-0.1372,0.08184,10.5,2
50(b),V,M,-0.04092,0.04306,10,2
50(b),V,N,-0.5951,0.1404,5,2
50(b),V,P,-6,0,7.5,2
50(b),V,Q,0.1522,0.2656,6.5,2
50(b),V,R,0.01497,0.1054,4,2
50(b),V,S,-0.2146,0.05865,7,2
50(b),V,T,0.2271,0.0612,6.5,2
50(b),V,V,0,0,,2
50(b),V,W,-0.9517,0.1253,6.5,2
50(b),V,Y,-0.1945,0.1309,9,2
51(a),I,A,-0.0009,0.1865,4,2
51(a),I,C,-0.1143,0.02254,6.5,2
51(a),I,D,-0.2896,0.1957,3,2
51(a),I,E,-0.0136,0.1661,5.5,2
51(a),I,F,-0.5536,0.2903,6.5,2
51(a),I,G,-0.3909,0.043,6,2
51(a),I,H,0.01945,0.0212,3,2
51(a),I,I,0,0,,2
51(a),I,K,0.1111,0.0975,4.5,2
51(a),I,L,-0.0353,0.2081,4,2
51(a),I,M,0.1922,0.1574,4.5,2
51(a),I,N,0.4824,0.5536,4.5,2
51(a),I,P,-0.1116,0.1333,6,2
51(a),I,Q,-0.2364,0.136,5,2
51(a),I,R,-0.08582,0.01779,8,2
51(a),I,S,-0.09233,0.1508,8,2
51(a),I,T,0.1639,0.0396,6.5,2
51(a),I,V,0.2364,0.2194,5,2
51(a),I,W,0.03309,0.0117,7,2
51(a),I,Y,0.1089,0.1285,5.5,2
51(b),A,A,0,0,,2
51(b),A,C,-0.5735,0.0713,7,2
51(b),A,D,-1.013,0.1843,9.5,2
51(b),A,E,-0.3955,0.1819,5.5,2
51(b),A,F,-0.0912,0.3003,3,2
51(b),A,G,-0.08778,0.1069,10.5,2
51(b),A,H,0.1467,0.2694,6.5,2
51(b),A,I,-0.9789,0.2251,9,2
51(b),A,K,-1.948,0.2265,3.5,2
51(b),A,L,-2.891,0.052,6.5,2
51(b),A,M,-1.256,0.192,7,2
51(b),A,N,-0.382,0.2732,4,2
51(b),A,P,0.5329,0.5201,2.5,2
51(b),A,Q,-0.7965,0.1275,8,2
51(b),A,R,-2.133,0.1585,7,2
51(b),A,S,0.1883,0.07845,6.5,2
51(b),A,T,-0.9755,0.2224,8,2
51(b),A,V,-0.7171,0.09635,10,2
51(b),A,W,-0.05909,0.1319,10,2
51(b),A,Y,0.2245,0.2292,6.5,2
52(a),F,*,-6,0,0.5,1
52(a),F,A,-0.9265,0.4714,3,2
52(a),F,C,-0.8106,0.186,4,2
52(a),F,D,-0.3955,0.3228,4.5,2
52(a),F,E,-0.3985,0.1092,5.5,2
52(a),F,F,0,0,,2
52(a),F,G,-0.8681,0.3589,5,2
52(a),F,H,-0.57,0.274,4,2
52(a),F,I,-0.7124,0.0933,6,2
52(a),F,K,-0.6314,0.1486,7.5,2
52(a),F,L,-0.7583,0.1857,7,2
52(a),F,M,-0.433,0.1431,2.5,2
52(a),F,N,-0.5297,0.1244,3,2
52(a),F,P,-0.9288,0.1913,3.5,2
52(a),F,Q,-0.7302,0.1024,5.5,2
52(a),F,R,-0.6296,0.1063,8,2
52(a),F,S,-0.5153,0.0519,6.5,2
52(a),F,T,-0.8835,0.3895,2,2
52(a),F,V,-0.8473,0.1627,7,2
52(a),F,W,-0.2805,0.1442,7.5,2
52(a),F,Y,-0.1128,0.2355,7,2
52(b),D,A,-1.397,0.113,8.5,2
52(b),D,C,-1.343,0.17,8.5,2
52(b),D,D,0,0,,2
52(b),D,E,-0.4714,0.0902,3.5,2
52(b),D,F,-1.925,0.0845,9.5,2
52(b),D,G,-1.139,0.027,4.5,2
52(b),D,H,-1.948,0.374,6,2
52(b),D,I,-1.487,0.0535,6.5,2
52(b),D,K,-2.237,0.1095,5,2
52(b),D,L,-0.5395,0.0413,6.5,2
52(b),D,M,-0.9388,0.1801,9.5,2
52(b),D,N,-0.3952,0.03525,12.5,2
52(b),D,P,-4.598,0,4.5,2
52(b),D,Q,-1.175,0.3163,4.5,2
52(b),D,R,-2.91,0.13,6,2
52(b),D,S,-0.9768,0.0252,9.5,2
52(b),D,T,-0.0491,0.343,5.5,2
52(b),D,V,-1.375,0.0105,6.5,2
52(b),D,W,-2.973,0.051,9.5,2
52(b),D,Y,-1.858,0.162,8.5,2
53(a),T,A,-0.3489,0.172,4,2
53(a),T,C,-0.283,0.1785,4,2
53(a),T,D,-0.1652,0.0104,5.5,2
53(a),T,E,0.2203,0.2293,5.5,2
53(a),T,F,-0.4549,0.2766,5.5,2
53(a),T,G,0.00335,0.104,4.5,2
53(a),T,H,0.3412,0.1159,7,2
53(a),T,I,-0.133,0.2132,6,2
53(a),T,K,0.261,0.2124,4.5,2
53(a),T,L,0.7012,0.044,3.5,2
53(a),T,M,0.209,0.0957,2.5,2
53(a),T,N,-0.3012,0.07175,3.5,2
53(a),T,P,-0.2156,0.2313,5.5,2
53(a),T,Q,-0.1226,0.2397,6.5,2
53(a),T,R,-0.01817,0.06817,10,2
53(a),T,S,0.05335,0.1602,4,2
53(a),T,T,0,0,,2
53(a),T,V,-0.147,0.0921,4.5,2
53(a),T,W,-0.6819,0.1082,7,2
53(a),T,Y,-0.4036,0.05815,3.5,2
53(b),T,A,-0.5048,0.0679,9.5,2
53(b),T,C,-0.28,0.3206,6,2
53(b),T,D,-0.164,0.3094,4.5,2
53(b),T,E,-0.7486,0.1191,6,2
53(b),T,F,-2.107,0.1625,6.5,2
53(b),T,G,-0.5018,0.195,9.5,2
53(b),T,H,0.3073,0.0759,9.5,2
53(b),T,I,-1.221,0.0895,8,2
53(b),T,K,-1.422,0.0395,10,2
53(b),T,L,-1.051,0.2374,6.5,2
53(b),T,M,-0.7465,0.1424,6.5,2
53(b),T,N,0.1935,0.01575,8.5,2
53(b),T,P,-6,0,7.5,2
53(b),T,Q,-0.2513,0.2171,8,2
53(b),T,R,-0.1758,0.1711,7.5,2
53(b),T,S,0.4479,0.01045,6,2
53(b),T,T,0,0,,2
53(b),T,V,-1.216,0.1055,7,2
53(b),T,W,-1.732,0.0285,7,2
53(b),T,Y,-1.902,0.101,5,2
54(a),T,A,-0.288,0.09215,7,2
54(a),T,C,-0.2474,0.3642,2.5,2
54(a),T,D,-0.05555,0.06915,2.5,2
54(a),T,E,-0.2818,0.3889,6.5,2
54(a),T,F,-0.1506,0.07165,5,2
54(a),T,G,-0.5887,0.0831,5.5,2
54(a),T,H,0.1308,0.1877,6.5,2
54(a),T,I,0.09273,0.01297,7.5,2
54(a),T,K,0.2892,0.1621,8.5,2
54(a),T,L,-0.2254,0.1617,7.5,2
54(a),T,M,-0.2092,0.1806,7,2
54(a),T,N,-2.895,1.605,3,2
54(a),T,P,-0.8556,0.2374,4,2
54(a),T,Q,-0.0321,0.04249,6.5,2
54(a),T,R,0.5203,0.1363,2,2
54(a),T,S,0.021,0.2228,8,2
54(a),T,T,0,0,,2
54(a),T,V,-0.2489,0.3053,4.5,2
54(a),T,W,-0.324,0.1579,7.5,2
54(a),T,Y,-0.5106,0.1689,4.5,2
54(b),E,A,0.07326,0.01732,9,2
54(b),E,C,-0.2996,0.081,7.5,2
54(b),E,D,0.186,0.1088,9,2
54(b),E,E,0,0,,2
54(b),E,F,0.09852,0.1131,6,2
54(b),E,G,-0.05752,0.05758,11.5,2
54(b),E,H,0.7114,0.1186,4.5,2
54(b),E,I,0.1492,0.0039,12,2
54(b),E,K,0.0162,0.2247,7,2
54(b),E,L,0.3146,0.1891,5,2
54(b),E,M,0.0499,0.1757,7,2
54(b),E,N,-0.0778,0.0326,7,2
54(b),E,P,-0.1854,0.08929,7.5,2
54(b),E,Q,-0.08905,0.2213,6.5,2
54(b),E,R,0.1164,0.1921,9.5,2
54(b),E,S,0.1441,0.0277,9,2
54(b),E,T,0.1832,0.2129,10.5,2
54(b),E,V,0.4315,0.2608,5.5,2
54(b),E,W,-0.04722,0.07268,7.5,2
54(b),E,Y,-0.0599,0.1754,6,2
55(a),F,A,-0.06135,0.3923,9,2
55(a),F,C,0.054,0.1591,4.5,2
55(a),F,D,0.02672,0.09028,3,2
55(a),F,E,0.07042,0.03179,4.5,2
55(a),F,F,0,0,,2
55(a),F,G,-0.8088,0.2341,8,2
55(a),F,H,0.3989,0.2057,6,2
55(a),F,I,-0.00355,0.1099,4,2
55(a),F,K,-0.09471,0.121,5.5,2
55(a),F,L,-0.334,0.00625,5,2
55(a),F,M,0.08899,0.1046,4,2
55(a),F,N,0.4156,0.1382,4.5,2
55(a),F,P,-1.121,0,2,1
55(a),F,Q,-0.145,0.1415,9,2
55(a),F,R,-0.1247,0.1412,6,2
55(a),F,S,-0.1815,0.03415,6.5,2
55(a),F,T,-0.4038,0.0072,3,2
55(a),F,V,-0.416,0.0181,6.5,2
55(a),F,W,-0.2747,0.03295,6,2
55(a),F,Y,0.3527,0.0811,6,2
55(b),L,A,-0.1482,0.2701,6.5,2
55(b),L,C,-0.2347,0.3927,9.5,2
55(b),L,D,-0.3628,0.1148,10.5,2
55(b),L,E,-0.08344,0.07566,4.5,2
55(b),L,F,0.1466,0.04795,8.5,2
55(b),L,G,0.1266,0.2324,4,2
55(b),L,H,0.1022,0.09944,9.5,2
55(b),L,I,-0.2122,0.1793,8,2
55(b),L,K,-0.135,0.0191,7,2
55(b),L,L,0,0,,2
55(b),L,M,-0.00985,0.1336,10.5,2
55(b),L,N,-0.06198,0.1358,6.5,2
55(b),L,P,-0.6973,0.178,10,2
55(b),L,Q,-0.3833,0.0626,6,2
55(b),L,R,0.0951,0.2559,4,2
55(b),L,S,-0.2456,0.143,6.5,2
55(b),L,T,-0.7688,0.09725,5,2
55(b),L,V,-0.2218,0.0161,7.5,2
55(b),L,W,0.1339,0.1948,7,2
55(b),L,Y,0.2687,0.3877,11.5,2
56(a),T,A,-0.2611,0,4.5,1
56(a),T,C,0.00315,0.2264,3,2
56(a),T,D,-1.276,0.0775,6,2
56(a),T,E,-1.013,0.0915,2.5,2
56(a),T,F,-0.3472,0.0414,1.5,2
56(a),T,G,-0.4569,0.2142,7.5,2
56(a),T,H,-1.694,0.298,1.5,2
56(a),T,I,0.4286,0.7073,4.5,2
56(a),T,K,-1.174,0.3556,3,2
56(a),T,L,-0.1391,0.1298,5,2
56(a),T,M,-0.6885,0.08055,2.5,2
56(a),T,N,-0.6756,0.2167,4.5,2
56(a),T,P,-0.6187,0.5104,3.5,2
56(a),T,Q,-0.7893,0.05765,6,2
56(a),T,R,-1.3,0.1705,3.5,2
56(a),T,S,-0.163,0.525,2,2
56(a),T,T,0,0,,2
56(a),T,V,-0.2352,0.0505,7,2
56(a),T,W,-0.6207,0.08405,4.5,2
56(a),T,Y,-1.239,0.128,5,2
56(b),G,A,-0.3585,0.1103,5,2
56(b),G,C,-1.267,0.1605,12,2
56(b),G,D,-6,0,11.5,2
56(b),G,E,-6,0,6.5,2
56(b),G,F,-2.193,0.046,7.5,2
56(b),G,G,0,0,,2
56(b),G,H,-4.413,0,9.5,2
56(b),G,I,-5.187,0,13.5,2
56(b),G,K,-3.84,0,8.5,2
56(b),G,L,-2.103,0.2665,14.5,2
56(b),G,M,-1.347,0.022,6.5,2
56(b),G,N,-2.945,0.071,9,2
56(b),G,P,-6,0,4.5,2
56(b),G,Q,-4.396,0,5,2
56(b),G,R,-1.593,0.0055,12,2
56(b),G,S,-1.262,0.0505,9.5,2
56(b),G,T,-2.357,0.294,7,2
56(b),G,V,-3.371,0.1,7.5,2
56(b),G,W,-2.197,0.127,7,2
56(b),G,Y,-2.601,0.1785,10.5,2
57(a),S,A,0.2454,0.07255,6.5,2
57(a),S,C,-0.3146,0.04805,7,2
57(a),S,D,-0.2003,0.2356,5.5,2
57(a),S,E,0.1489,0.03285,4.5,2
57(a),S,F,-0.1976,0.261,8.5,2
57(a),S,G,-0.5389,0.1002,5.5,2
57(a),S,H,-0.008425,0.04258,6,2
57(a),S,I,0.0054,0.175,6.5,2
57(a),S,K,-0.007775,0.03274,3,2
57(a),S,L,-0.2783,0.0526,5.5,2
57(a),S,M,0.1991,0.2817,5.5,2
57(a),S,N,0.0128,0.4054,5.5,2
57(a),S,P,-1.264,0.1035,2,2
57(a),S,Q,0.0115,0.156,7.5,2
57(a),S,R,-0.04671,0.08589,5.5,2
57(a),S,S,0,0,,2
57(a),S,T,0.08369,0.04711,4.5,2
57(a),S,V,0.06879,0.1452,8,2
57(a),S,W,0.02343,0.05539,4,2
57(a),S,Y,0.2603,0.2049,3,2
57(b),K,A,0.01645,0.2137,7.5,2
57(b),K,C,-0.000175,0.0385,9,2
57(b),K,D,-0.07605,0.141,11,2
57(b),K,E,-0.1162,0.1088,5,2
57(b),K,F,-0.2692,0.06095,10,2
57(b),K,G,-0.5592,0.1681,9,2
57(b),K,H,0.2143,0.2431,10,2
57(b),K,I,0.1912,0.05655,7,2
57(b),K,K,0,0,,2
57(b),K,L,-0.2028,0.0969,6,2
57(b),K,M,-0.2663,0.2339,6.5,2
57(b),K,N,-0.3324,0.01935,6,2
57(b),K,P,-4.046,0,7,2
57(b),K,Q,-0.1015,0.5657,4.5,2
57(b),K,R,0.1575,0.1068,9,2
57(b),K,S,-0.0596,0.2493,6.5,2
57(b),K,T,0.00133,0.08963,10.5,2
57(b),K,V,0.1907,0.1198,8,2
57(b),K,W,-0.1479,0.3099,10,2
57(b),K,Y,0.07665,0.1977,9.5,2
58(a),F,A,-1.961,0.0675,3,2
58(a),F,C,-2.073,0.114,4.5,2
58(a),F,D,-2.354,0.1455,6,2
58(a),F,E,-2.412,0.051,3,2
58(a),F,F,0,0,,2
58(a),F,G,-1.178,0.5851,3,2
58(a),F,H,-1.844,0.359,5,2
58(a),F,I,-1.554,0.2875,3,2
58(a),F,K,-2.96,0.121,4.5,2
58(a),F,L,-1.435,0.0425,8,2
58(a),F,M,-0.5413,0.1676,5.5,2
58(a),F,N,-1.786,0.5375,3,2
58(a),F,P,-1.821,0.0265,5.5,2
58(a),F,Q,-2.236,0.172,6,2
58(a),F,R,-3.224,0.0275,4.5,2
58(a),F,S,-2.187,0.227,4,2
58(a),F,T,-1.816,0.0515,4.5,2
58(a),F,V,-1.52,0.065,8,2
58(a),F,W,-1.1,0.4124,4,2
58(a),F,Y,-0.4696,0.4129,3.5,2
58(b),P,A,-0.4348,0.1843,4.5,2
58(b),P,C,0.2111,0.4564,7,2
58(b),P,D,-0.2571,0.1527,6.5,2
58(b),P,E,-0.2648,0.0913,4.5,2
58(b),P,F,-0.1484,0.02405,7,2
58(b),P,G,-0.3773,0.2494,6,2
58(b),P,H,-0.04747,0.01826,7.5,2
58(b),P,I,0.2107,0.04045,6.5,2
58(b),P,K,0.1394,0.2462,8.5,2
58(b),P,L,0.1399,0.1913,5,2
58(b),P,M,-0.1482,0.1233,8,2
58(b),P,N,0.01225,0.1678,8,2
58(b),P,P,0,0,,2
58(b),P,Q,-0.08488,0.1681,7.5,2
58(b),P,R,0.4899,0.0048,6,2
58(b),P,S,-0.112,0.2393,7.5,2
58(b),P,T,-0.00622,0.02,8.5,2
58(b),P,V,0.1907,0.4235,5,2
58(b),P,W,-0.0089,0.1447,7.5,2
58(b),P,Y,0.3238,0.04685,7.5,2
59(a),E,*,-5.114,0,0.5,1
59(a),E,A,-0.55,0.0614,4,2
59(a),E,C,-1.125,0.1294,6,2
59(a),E,D,0.1893,0.2563,5.5,2
59(a),E,E,0,0,,2
59(a),E,F,-0.7158,0.1324,6.5,2
59(a),E,G,-0.04145,0.1907,6.5,2
59(a),E,H,-0.5988,0.0237,6.5,2
59(a),E,I,-0.8218,0.1456,9,2
59(a),E,K,-1.399,0.012,8.5,2
59(a),E,L,-0.6583,0.3061,2.5,2
59(a),E,M,-0.7773,0.08995,7,2
59(a),E,N,-0.3044,0.1603,8.5,2
59(a),E,P,-1.033,0.7364,2.5,2
59(a),E,Q,-0.2112,0.02715,4.5,2
59(a),E,R,-1.566,0.19,3.5,2
59(a),E,S,-0.3604,0.09285,6.5,2
59(a),E,T,-0.736,0.0251,7.5,2
59(a),E,V,-0.3693,0.02495,6.5,2
59(a),E,W,-0.9265,0.1295,4.5,2
59(a),E,Y,-0.8513,0.03985,8.5,2
59(b),D,A,-0.9898,0.2582,5.5,2
59(b),D,C,-0.7116,0.0303,5.5,2
59(b),D,D,0,0,,2
59(b),D,E,-0.4635,0.09865,4,2
59(b),D,F,-0.4925,0.3067,7,2
59(b),D,G,-0.9791,0.1999,8.5,2
59(b),D,H,-0.8465,0.0313,7.5,2
59(b),D,I,-0.6917,0.08555,5.5,2
59(b),D,K,-1.143,0.1471,4.5,2
59(b),D,L,-0.8043,0.1541,6,2
59(b),D,M,-0.8897,0.03875,7.5,2
59(b),D,N,-0.2077,0.2708,5.5,2
59(b),D,P,-0.998,0.349,5.5,2
59(b),D,Q,-0.8599,0.127,3.5,2
59(b),D,R,-0.4496,0.3916,6,2
59(b),D,S,-0.7287,0.02985,3.5,2
59(b),D,T,-0.5029,0.368,7,2
59(b),D,V,-0.9868,0.06625,7,2
59(b),D,W,-0.9194,0.0667,10,2
59(b),D,Y,-0.6914,0.2731,8,2
6(T2A),R,P,-1.385,0.0825,5,2
6(T2A),R,Q,-1.495,0,0.5,1
6(T2A),R,R,0,0,,2
6(T2A),R,W,-1.218,0,0.5,1
6(a),V,*,-6,0,5,2
6(a),V,A,-0.2671,0.02325,2.5,2
6(a),V,C,-0.3613,0.06645,5.5,2
6(a),V,D,-0.7355,0.3135,4,2
6(a),V,E,-0.4435,0.009,6.5,2
6(a),V,F,-0.3481,0.2181,5.5,2
6(a),V,G,0.2249,0.01375,2,2
6(a),V,H,-0.00419,0.09362,2,2
6(a),V,I,0.2751,0.2572,5,2
6(a),V,K,-0.1033,0.2984,5.5,2
6(a),V,L,0.2797,0.2884,2,2
6(a),V,M,-0.09155,0.3831,3,2
6(a),V,N,0.05495,0.06065,4,2
6(a),V,P,-0.7235,0.7045,3.5,2
6(a),V,Q,0.1526,0.2535,2.5,2
6(a),V,R,-0.06455,0.03195,5,2
6(a),V,S,-0.1552,0.1903,4.5,2
6(a),V,T,-0.1446,0.2973,5,2
6(a),V,V,0,0,,2
6(a),V,W,0.1265,0.3833,4,2
6(a),V,Y,-0.03931,0.07429,4,2
6(b),K,A,-0.2368,0.1238,4,2
6(b),K,C,0.05106,0.03617,6,2
6(b),K,D,-0.5134,0.199,5,2
6(b),K,E,-0.1539,0.05477,7.5,2
6(b),K,F,0.3386,0.3758,7,2
6(b),K,G,-0.00935,0.2394,6.5,2
6(b),K,H,-0.055,0.4422,5,2
6(b),K,I,0.239,0.006,7,2
6(b),K,K,0,0,,2
6(b),K,L,-0.1887,0.2485,7.5,2
6(b),K,M,-0.4389,0.5143,4.5,2
6(b),K,N,-0.0114,0.0887,9.5,2
6(b),K,P,0.02715,0.03085,8.5,2
6(b),K,Q,0.05661,0.07759,7.5,2
6(b),K,R,0.193,0.02965,7.5,2
6(b),K,S,-0.0844,0.00689,6.5,2
6(b),K,T,-0.0453,0.0819,5,2
6(b),K,V,-0.02833,0.05688,6,2
6(b),K,W,-0.4619,0.202,4,2
6(b),K,Y,-0.1578,0.01735,8.5,2
60(a),A,A,0,0,,2
60(a),A,C,0.3937,0.1609,5.5,2
60(a),A,D,0.4568,0.0211,5,2
60(a),A,E,0.2335,0.0372,5,2
60(a),A,F,-1.027,0.04875,5,2
60(a),A,G,-0.1231,0.03313,8.5,2
60(a),A,H,-0.3389,0.2408,7.5,2
60(a),A,I,0.2336,0.2684,7.5,2
60(a),A,K,-0.6415,0.03345,7.5,2
60(a),A,L,0.0186,0.01006,4,2
60(a),A,M,-0.1634,0.1804,6.5,2
60(a),A,N,0.03589,0.01356,9.5,2
60(a),A,P,0.3099,0.1682,4,2
60(a),A,Q,-0.1346,0.2525,7.5,2
60(a),A,R,-0.6502,0.07765,6,2
60(a),A,S,-0.5179,0.2092,2,2
60(a),A,T,0.123,0.0392,5.5,2
60(a),A,V,0.08586,0.07285,5,2
60(a),A,W,0.403,0.5281,1.5,2
60(a),A,Y,-1.062,0.0585,6,2
60(b),A,A,0,0,,2
60(b),A,C,-0.4828,0.326,6,2
60(b),A,D,-3.614,0,6.5,2
60(b),A,E,-0.2803,0.0973,7,2
60(b),A,F,-3.615,0,8.5,2
60(b),A,G,-1.624,0.1545,6.5,2
60(b),A,H,-3.498,0.0025,8.5,2
60(b),A,I,-1.354,0.168,6.5,2
60(b),A,K,-1.421,0.1095,4,2
60(b),A,L,-2.611,0.115,6,2
60(b),A,M,0.4365,0.215,8,2
60(b),A,N,-3.511,0,4.5,2
60(b),A,P,-4.385,0,10.5,2
60(b),A,Q,-0.3346,0.1246,8,2
60(b),A,R,-0.5945,0.3297,6.5,2
60(b),A,S,-0.2331,0.451,6,2
60(b),A,T,-0.5791,0.1114,5.5,2
60(b),A,V,-0.3046,0.1724,13.5,2
60(b),A,W,-4.544,0,7,2
60(b),A,Y,-3.409,0,6.5,2
61(a),Q,*,-6,0,1,2
61(a),Q,A,-0.747,0.04435,6,2
61(a),Q,C,-2.036,0.042,7.5,2
61(a),Q,D,-0.03561,0.00696,6,2
61(a),Q,E,-0.7292,0.2401,6,2
61(a),Q,F,-0.2582,0.3011,6.5,2
61(a),Q,G,-0.1746,0.07015,7,2
61(a),Q,H,0.09792,0.1376,10,2
61(a),Q,I,0.5131,0.03385,4,2
61(a),Q,K,-3.034,0.057,8,2
61(a),Q,L,0.1038,0.1807,4,2
61(a),Q,M,-0.1503,0,3.5,1
61(a),Q,N,-0.3494,0.0518,8,2
61(a),Q,P,-0.4923,0.2463,8,2
61(a),Q,Q,0,0,,2
61(a),Q,R,-3.032,0.0715,11,2
61(a),Q,S,-0.1775,0.0472,5,2
61(a),Q,T,-0.393,0.1825,6,2
61(a),Q,V,-0.1308,0.1662,6.5,2
61(a),Q,W,-0.9399,0.2521,5,2
61(a),Q,Y,-0.5236,0.2638,7,2
61(b),D,A,0.01845,0.1829,7,2
61(b),D,C,-0.6835,0.1183,10,2
61(b),D,D,0,0,,2
61(b),D,E,-0.3488,0.332,7,2
61(b),D,F,-0.01514,0.01376,5.5,2
61(b),D,G,-1.046,0.2443,5.5,2
61(b),D,H,0.1031,0.01485,7.5,2
61(b),D,I,-0.3666,0.0709,6,2
61(b),D,K,0.01813,0.02981,7.5,2
61(b),D,L,0.1199,0.3403,6.5,2
61(b),D,M,0.1336,0.5064,4.5,2
61(b),D,N,0.01325,0.1472,8.5,2
61(b),D,P,-2.997,0.092,5,2
61(b),D,Q,0.1533,0.06253,8.5,2
61(b),D,R,0.08357,0.1108,5.5,2
61(b),D,S,-0.195,0.1479,4.5,2
61(b),D,T,0.01295,0.1809,9,2
61(b),D,V,0.00195,0.2495,7,2
61(b),D,W,-0.1198,0.05601,9.5,2
61(b),D,Y,-0.02793,0.0311,8,2
62(a),G,A,-0.3079,0.1297,5,2
62(a),G,C,0.1495,0.3186,8.5,2
62(a),G,D,0.6959,0.2335,5.5,2
62(a),G,E,0.3475,0.039,4,2
62(a),G,F,0.1401,0.5825,4,2
62(a),G,G,0,0,,2
62(a),G,H,0.855,0.2391,4.5,2
62(a),G,I,0.2728,0.0358,4,2
62(a),G,K,-0.1929,0.2471,9,2
62(a),G,L,-0.06005,0.6536,4,2
62(a),G,M,0.1053,0.36,3.5,2
62(a),G,N,0.2969,0.06485,6.5,2
62(a),G,P,0.3521,0.03915,7.5,2
62(a),G,Q,0.1035,0.3074,6,2
62(a),G,R,0.04895,0.2892,3.5,2
62(a),G,S,0.2204,0.1842,4,2
62(a),G,T,-0.1721,0.3422,3.5,2
62(a),G,V,0.1195,0.1212,6,2
62(a),G,W,0.2136,0.0692,7,2
62(a),G,Y,-0.03429,0.06055,6.5,2
62(b),Y,A,-0.5983,0.06945,4.5,2
62(b),Y,C,-0.6423,0.04035,6,2
62(b),Y,D,-0.8495,0.0577,7.5,2
62(b),Y,E,-0.2726,0.4818,4.5,2
62(b),Y,F,0.07935,0.1907,9.5,2
62(b),Y,G,-0.4813,0.00315,5.5,2
62(b),Y,H,-0.4289,0.1719,6.5,2
62(b),Y,I,0.08815,0.1366,4.5,2
62(b),Y,K,-0.3237,0.5529,4,2
62(b),Y,L,0.1709,0.09696,5,2
62(b),Y,M,0.02515,0.2041,12.5,2
62(b),Y,N,-0.6879,0.01485,9.5,2
62(b),Y,P,-5.021,0,8,2
62(b),Y,Q,-0.5548,0.4942,4,2
62(b),Y,R,-0.3491,0.1653,7,2
62(b),Y,S,-0.347,0.0089,5.5,2
62(b),Y,T,-0.334,0.1378,9.5,2
62(b),Y,V,-0.3989,0.0209,10,2
62(b),Y,W,-0.1425,0.1581,8,2
62(b),Y,Y,0,0,,2
63(a),A,A,0,0,,2
63(a),A,C,0.2786,0.0308,7.5,2
63(a),A,D,-3.159,0.0575,8,2
63(a),A,E,-1.985,0.106,8,2
63(a),A,F,-3.274,0,7.5,2
63(a),A,G,-0.1904,0.3124,5.5,2
63(a),A,H,-2.358,0.38,3.5,2
63(a),A,I,0.2697,0.06825,6.5,2
63(a),A,K,-4.936,0,6.5,2
63(a),A,L,-2.045,0.24,6.5,2
63(a),A,M,-0.6277,0.2839,5.5,2
63(a),A,N,-1.583,0.2245,4,2
63(a),A,P,-0.1313,0.04073,6,2
63(a),A,Q,-1.381,0.169,5,2
63(a),A,R,-3.526,0,5.5,2
63(a),A,S,-0.2299,0.6738,2.5,2
63(a),A,T,-0.107,0.159,7,2
63(a),A,V,-0.1119,0.0265,3,2
63(a),A,W,-2.782,0.247,5.5,2
63(a),A,Y,-2.204,0.2705,3.5,2
63(b),W,*,-6,0,9,2
63(b),W,A,-1.602,0.042,7.5,2
63(b),W,C,-1.7,0.2275,6,2
63(b),W,D,-6,0,8.5,2
63(b),W,E,-5.812,0,9.5,2
63(b),W,F,-0.6069,0.1069,9.5,2
63(b),W,G,-2.316,0.138,6,2
63(b),W,H,-1.925,0.2595,5.5,2
63(b),W,I,-2.359,0.085,9,2
63(b),W,K,-2.309,0.1405,4,2
63(b),W,L,-1.13,0.04,8.5,2
63(b),W,M,-0.9285,0.0208,4.5,2
63(b),W,N,-4.829,0,6,2
63(b),W,P,-6,0,7.5,2
63(b),W,Q,-2.555,0.1425,8.5,2
63(b),W,R,-1.611,0.1445,10.5,2
63(b),W,S,-3.259,0,7,2
63(b),W,T,-4.96,0,6.5,2
63(b),W,V,-3.011,0.0745,6.5,2
63(b),W,W,0,0,,2
63(b),W,Y,-0.8788,0.08615,4,2
64(a),L,A,-1.077,0.2784,6.5,2
64(a),L,C,-3.579,0,6,2
64(a),L,D,-6,0,5,2
64(a),L,E,-1.333,0.161,4.5,2
64(a),L,F,-0.01947,0.01558,6,2
64(a),L,G,-6,0,2.5,2
64(a),L,H,-1.012,0.2603,3.5,2
64(a),L,I,-0.8648,0.2252,6.5,2
64(a),L,K,-6,0,6,2
64(a),L,L,0,0,,2
64(a),L,M,-0.1391,0.2192,4,2
64(a),L,N,-0.9225,0.00645,5,2
64(a),L,P,-2.215,0.2425,4.5,2
64(a),L,Q,-0.8147,0.1768,6,2
64(a),L,R,-5.841,0,6,2
64(a),L,S,-5.033,0,8.5,2
64(a),L,T,-2.154,0.1225,4.5,2
64(a),L,V,-0.7504,0.1103,5.5,2
64(a),L,W,-6,0,5,2
64(a),L,Y,-0.233,0.1305,5.5,2
64(b),N,-,-6,0,0.5,1
64(b),N,A,-2.583,0.1985,9,2
64(b),N,C,-4.001,0,4.5,2
64(b),N,D,-0.5889,0.0357,7.5,2
64(b),N,E,-0.2446,0.2027,5.5,2
64(b),N,F,-4.316,0,7.5,2
64(b),N,G,-2.498,0.0585,6,2
64(b),N,H,-3.421,0,5.5,2
64(b),N,I,-4.393,0,5,2
64(b),N,K,-3.792,0,10,2
64(b),N,L,-3.861,0,8,2
64(b),N,M,-2.62,0.016,9,2
64(b),N,N,0,0,,2
64(b),N,P,-5.88,0,6,2
64(b),N,Q,-2.671,0.114,8,2
64(b),N,R,-3.655,0,5.5,2
64(b),N,S,-1.325,0.115,11.5,2
64(b),N,T,-2.58,0.117,4,2
64(b),N,V,-4.689,0,7.5,2
64(b),N,W,-3.051,0.0925,5.5,2
64(b),N,Y,-4.409,0,11.5,2
65(a),Q,*,-6,0,1.5,2
65(a),Q,A,-0.05544,0.1132,6,2
65(a),Q,C,-0.9727,0.4263,2,2
65(a),Q,D,-1.24,0.0855,5.5,2
65(a),Q,E,-0.2526,0.06535,5,2
65(a),Q,F,-0.13,0.124,6,2
65(a),Q,G,-0.2046,0.2192,5,2
65(a),Q,H,-0.2004,0.3235,6.5,2
65(a),Q,I,-0.08699,0.01332,6.5,2
65(a),Q,K,-0.5449,0.01745,4.5,2
65(a),Q,L,0.0054,0.1069,5,2
65(a),Q,M,-0.4224,0.5131,4.5,2
65(a),Q,N,-0.7061,0.4349,3,2
65(a),Q,P,-0.02175,0.2092,7,2
65(a),Q,Q,0,0,,2
65(a),Q,R,-0.2743,0.09715,4.5,2
65(a),Q,S,-0.5294,0.0329,5,2
65(a),Q,T,-0.6378,0.0305,3.5,2
65(a),Q,V,-0.05722,0.07138,5,2
65(a),Q,W,-0.1632,0.07174,2.5,2
65(a),Q,Y,-0.456,0.0887,3.5,2
65(b),S,A,-0.2956,0.2228,5,2
65(b),S,C,-0.2428,0.05085,11.5,2
65(b),S,D,-0.3075,0.0556,7,2
65(b),S,E,-0.3911,0.1666,6,2
65(b),S,F,-0.3356,0.0595,9.5,2
65(b),S,G,0.02914,0.09556,10,2
65(b),S,H,0.2385,0.3125,4.5,2
65(b),S,I,-0.3889,0.3332,7,2
65(b),S,K,0.05444,0.03777,6,2
65(b),S,L,-0.1583,0.167,12,2
65(b),S,M,-0.06985,0.2481,6,2
65(b),S,N,-0.01302,0.005834,4.5,2
65(b),S,P,-3.41,0,6,2
65(b),S,Q,-0.01555,0.1167,7.5,2
65(b),S,R,-0.02845,0.2041,9,2
65(b),S,S,0,0,,2
65(b),S,T,-0.1754,0.01875,7.5,2
65(b),S,V,-0.04305,0.3038,6.5,2
65(b),S,W,-0.792,0.4901,7.5,2
65(b),S,Y,-0.5146,0.1362,13.5,2
66(a),N,A,-1.333,0.0745,8,2
66(a),N,C,-0.8877,0.3234,8.5,2
66(a),N,D,-1.174,0.163,2.5,2
66(a),N,E,-1.379,0.143,7,2
66(a),N,F,-1.809,0.037,6,2
66(a),N,G,-1.357,0.27,4.5,2
66(a),N,H,-1.565,0.3045,4,2
66(a),N,I,-1.487,0.054,3,2
66(a),N,K,-1.313,0.296,5.5,2
66(a),N,L,-2.296,0.3275,4.5,2
66(a),N,M,-1.367,0.04,9.5,2
66(a),N,N,0,0,,2
66(a),N,P,-1.571,0.136,4.5,2
66(a),N,Q,-0.868,0.814,5,2
66(a),N,R,-1.52,0.107,6,2
66(a),N,S,-1.322,0.3518,4.5,2
66(a),N,T,-1.381,0.044,8,2
66(a),N,V,-1.427,0.033,6,2
66(a),N,W,-2.997,0.1085,5,2
66(a),N,Y,-1.741,0.045,5,2
66(b),Q,A,-0.09745,0.1412,4.5,2
66(b),Q,C,-0.4054,0.1647,5.5,2
66(b),Q,D,0.08883,0,3.5,1
66(b),Q,E,0.1331,0.03245,5,2
66(b),Q,F,-0.03911,0.04802,9.5,2
66(b),Q,G,-0.3815,0.1706,3.5,2
66(b),Q,H,-0.2256,0.1715,7.5,2
66(b),Q,I,-0.1308,0.1254,8.5,2
66(b),Q,K,-0.309,0.1851,9.5,2
66(b),Q,L,-0.2294,0.1656,5,2
66(b),Q,M,0.01093,0.05971,7.5,2
66(b),Q,N,0.0837,0.204,5.5,2
66(b),Q,P,-1.841,0.2125,11,2
66(b),Q,Q,0,0,,2
66(b),Q,R,-0.1999,0.5214,4.5,2
66(b),Q,S,0.1977,0.5777,5.5,2
66(b),Q,T,-0.1054,0.2518,6.5,2
66(b),Q,V,-0.1913,0.2366,5,2
66(b),Q,W,-0.6869,0.7902,5.5,2
66(b),Q,Y,-0.2862,0.1172,7.5,2
67(a),I,A,-0.1152,0.3316,5,2
67(a),I,C,-0.1091,0.02428,5.5,2
67(a),I,D,-0.8238,0.1417,4,2
67(a),I,E,-0.8145,0.2185,4,2
67(a),I,F,-2.254,0.074,8.5,2
67(a),I,G,-0.1281,0.1946,5,2
67(a),I,H,-1.135,0.122,6,2
67(a),I,I,0,0,,2
67(a),I,K,-6,0,6,2
67(a),I,L,-0.1339,0.4863,3,2
67(a),I,M,0.0735,0.2941,6,2
67(a),I,N,-0.06505,0.2621,8,2
67(a),I,P,-0.8205,0.05945,4.5,2
67(a),I,Q,0.1595,0.1519,10.5,2
67(a),I,R,-6,0,5.5,2
67(a),I,S,-0.5337,0.3013,4,2
67(a),I,T,-0.9152,0.0835,6.5,2
67(a),I,V,-0.3601,0.2977,5,2
67(a),I,W,-6,0,4,2
67(a),I,Y,-6,0,3.5,2
67(b),P,A,-0.3343,0.2462,4.5,2
67(b),P,C,-0.4995,0.0285,6.5,2
67(b),P,D,-0.5103,0.5047,4,2
67(b),P,E,-0.7952,0.3919,2,2
67(b),P,F,-0.06341,0.1367,6.5,2
67(b),P,G,-0.055,0.2446,6,2
67(b),P,H,-0.4155,0.00565,4,2
67(b),P,I,-0.3767,0.1412,8,2
67(b),P,K,-1.118,0.5665,3,2
67(b),P,L,-0.4415,0.08265,6.5,2
67(b),P,M,-0.7271,0.261,4.5,2
67(b),P,N,-0.1102,0.1216,4.5,2
67(b),P,P,0,0,,2
67(b),P,Q,-0.2845,0.03155,6,2
67(b),P,R,-0.2353,0.3166,5.5,2
67(b),P,S,-0.3339,0.0381,4,2
67(b),P,T,-0.3475,0.155,3.5,2
67(b),P,V,0.00235,0.4019,3,2
67(b),P,W,-0.5839,0.2717,7,2
67(b),P,Y,-0.1126,0.1197,5.5,2
68(a),A,A,0,0,,2
68(a),A,C,-1.545,0.165,5.5,2
68(a),A,D,-0.07229,0.16,3.5,2
68(a),A,E,-0.5715,0.4686,2,2
68(a),A,F,-0.6394,0.2389,5,2
68(a),A,G,-0.6538,0.2446,4,2
68(a),A,H,-0.512,0.209,4,2
68(a),A,I,-0.7292,0.06765,6,2
68(a),A,K,-2.653,0.219,3.5,2
68(a),A,L,-0.8551,0.1838,2.5,2
68(a),A,M,-0.1601,0.1314,4.5,2
68(a),A,N,-0.3608,0.1929,7.5,2
68(a),A,P,-0.1563,0.06091,6,2
68(a),A,Q,-0.311,0.05155,7.5,2
68(a),A,R,-0.5994,0.19,3,2
68(a),A,S,-5.581,0,6,2
68(a),A,T,-5.082,0,11.5,2
68(a),A,V,-0.3924,0.00525,5.5,2
68(a),A,W,-0.5181,0.04625,6,2
68(a),A,Y,-0.4997,0.2358,4,2
68(b),E,*,-6,0,0.5,1
68(b),E,A,-0.4768,0.02155,2,2
68(b),E,C,-0.09065,0,1.5,1
68(b),E,D,0.2331,0.2252,3.5,2
68(b),E,E,0,0,,2
68(b),E,F,-0.06274,0.09696,5.5,2
68(b),E,G,0.122,0.01585,2,2
68(b),E,H,-0.3459,0.4857,2,2
68(b),E,I,-0.2263,0.3804,3,2
68(b),E,K,0.1367,0.4255,8.5,2
68(b),E,L,-0.2769,0.1648,5,2
68(b),E,M,0.06571,0.03649,5,2
68(b),E,N,-0.2205,0.0759,2.5,2
68(b),E,P,-0.5011,0.2142,1.5,2
68(b),E,Q,0.06313,0.1543,2.5,2
68(b),E,R,-0.1482,0.01825,3.5,2
68(b),E,S,-0.2132,0.06935,4.5,2
68(b),E,T,0.1065,0.1816,7,2
68(b),E,V,-0.1115,0.3317,5.5,2
68(b),E,W,-0.06435,0.09785,3,2
68(b),E,Y,0.086,0,1,1
69(a),V,A,-0.8445,0.3265,4.5,2
69(a),V,C,-0.3143,0.3391,5.5,2
69(a),V,D,-1.09,0.3389,5.5,2
69(a),V,E,-0.4134,0.1853,8.5,2
69(a),V,F,-0.9476,0.2995,2.5,2
69(a),V,G,-0.7417,0.1779,7.5,2
69(a),V,H,-0.8436,0.3404,5,2
69(a),V,I,0.3624,0.0323,4,2
69(a),V,K,-1.071,0.0575,5.5,2
69(a),V,L,-0.3468,0.06155,8.5,2
69(a),V,M,-0.2845,0.1082,7.5,2
69(a),V,N,-1.27,0.1335,6,2
69(a),V,P,-3.203,0,3,2
69(a),V,Q,0.09491,0.1105,4,2
69(a),V,R,-0.8251,0.1662,6.5,2
69(a),V,S,-0.74,0.0409,6.5,2
69(a),V,T,0.166,0.8334,2.5,2
69(a),V,V,0,0,,2
69(a),V,W,-0.8568,0.4153,6,2
69(a),V,Y,-0.637,0.0792,5.5,2
69(b),E,A,-0.7829,0.0719,3.5,2
69(b),E,C,-0.394,0.08955,4.5,2
69(b),E,D,-0.4745,0.1936,6.5,2
69(b),E,E,0,0,,2
69(b),E,F,-0.1762,0.1023,3,2
69(b),E,G,-0.5102,0.2677,5,2
69(b),E,H,-0.9778,0.013,3,2
69(b),E,I,-0.5151,0.2679,3.5,2
69(b),E,K,-0.7426,0.0548,11,2
69(b),E,L,-0.2659,0.4199,2,2
69(b),E,M,-0.8877,0.05,3.5,2
69(b),E,N,-0.4104,0.1446,7.5,2
69(b),E,P,-0.9093,0.5566,6,2
69(b),E,Q,-1.393,0.5441,3,2
69(b),E,R,-0.4463,0.07645,2,2
69(b),E,S,-0.5311,0.1057,4,2
69(b),E,T,-0.7056,0.1108,3,2
69(b),E,V,-0.6001,0.4189,3.5,2
69(b),E,W,-0.1626,0.2013,7,2
69(b),E,Y,-0.5486,0.2302,6,2
7(T2A),G,D,-1.78,0.1095,4,2
7(T2A),G,G,0,0,,2
7(T2A),G,S,-1.606,0,0.5,1
7(a),L,*,-6,0,4.5,2
7(a),L,A,-0.5294,0.1257,5.5,2
7(a),L,C,-0.4263,0.1439,4,2
7(a),L,D,-5.482,0,4.5,2
7(a),L,E,-1.231,0.177,4.5,2
7(a),L,F,0.06756,0.05634,3,2
7(a),L,G,-1.516,0.5464,6,2
7(a),L,H,-0.357,0.05665,2.5,2
7(a),L,I,-0.8589,0.1991,4.5,2
7(a),L,K,-0.5533,0.0613,2.5,2
7(a),L,L,0,0,,2
7(a),L,M,-0.0394,0.4244,3.5,2
7(a),L,N,-1.471,0.5957,5,2
7(a),L,P,-6,0,3.5,2
7(a),L,Q,-0.4214,0.52,6,2
7(a),L,R,-2.284,0.1335,5,2
7(a),L,S,-0.01185,0.1588,3.5,2
7(a),L,T,-1.076,0.1856,7,2
7(a),L,V,-0.8699,0.01995,5,2
7(a),L,W,-0.5817,0.03405,5.5,2
7(a),L,Y,-1.012,0.3234,3,2
7(b),G,A,0.4033,0.5324,5,2
7(b),G,C,-0.2589,0.3572,8.5,2
7(b),G,D,-0.0389,0.4237,9.5,2
7(b),G,E,-0.3105,0.07045,6,2
7(b),G,F,-0.07272,0.1055,8.5,2
7(b),G,G,0,0,,2
7(b),G,H,-0.128,0.2732,9.5,2
7(b),G,I,0.3241,0.03075,6,2
7(b),G,K,-0.3343,0.0955,5,2
7(b),G,L,-0.1487,0.1016,8.5,2
7(b),G,M,-0.2596,0.262,7,2
7(b),G,N,-0.076,0.2734,7.5,2
7(b),G,P,0.1271,0.258,10,2
7(b),G,Q,-0.2929,0.3583,6,2
7(b),G,R,-0.2458,0.0366,9,2
7(b),G,S,-0.06913,0.1206,7,2
7(b),G,T,0.2254,0.02145,3,2
7(b),G,V,-0.0401,0.1759,3.5,2
7(b),G,W,0.2022,0.1184,6.5,2
7(b),G,Y,-0.2637,0.1963,5.5,2
70(a),D,A,-0.9118,0.04,7.5,2
70(a),D,C,-0.7323,0.4067,3.5,2
70(a),D,D,0,0,,2
70(a),D,E,-0.402,0.2185,6,2
70(a),D,F,-3.237,0,8.5,2
70(a),D,G,-0.6852,0,3.5,1
70(a),D,H,-0.5371,0.1695,3,2
70(a),D,I,-0.9502,0.07785,7,2
70(a),D,K,-2.088,0.1055,5,2
70(a),D,L,-1.055,0.0601,5.5,2
70(a),D,M,-1.401,0.0425,5,2
70(a),D,N,-0.2759,0.0596,9.5,2
70(a),D,P,-3.487,0,8,2
70(a),D,Q,-0.6963,0.0524,7.5,2
70(a),D,R,-2.038,0.055,4,2
70(a),D,S,-0.88,0.188,6.5,2
70(a),D,T,-0.8421,0.06145,5,2
70(a),D,V,-0.862,0.1739,5.5,2
70(a),D,W,-3.899,0,7.5,2
70(a),D,Y,-2.955,0.0915,7.5,2
70(b),K,A,0.1927,0.1002,5,2
70(b),K,C,-0.2178,0.1898,3.5,2
70(b),K,D,-0.00085,0.3132,4.5,2
70(b),K,E,0.05785,0.08935,6,2
70(b),K,F,-0.2582,0.0976,7,2
70(b),K,G,-0.09473,0.1483,5,2
70(b),K,H,-0.0043,0.1195,8,2
70(b),K,I,-0.3596,0.0307,6,2
70(b),K,K,0,0,,2
70(b),K,L,-0.3237,0.3928,5.5,2
70(b),K,M,0.09423,0.1474,4,2
70(b),K,N,-0.2773,0.03965,4,2
70(b),K,P,0.1652,0.08722,5,2
70(b),K,Q,-0.2117,0.1802,7.5,2
70(b),K,R,-0.0626,0.2113,7,2
70(b),K,S,0.04925,0.1214,6.5,2
70(b),K,T,0.01286,0.09714,5,2
70(b),K,V,-0.2291,0.2325,2.5,2
70(b),K,W,-0.5984,0.3874,6.5,2
70(b),K,Y,0.009835,0.09646,5,2
71(a),K,A,-0.4506,0.1455,3.5,2
71(a),K,C,0.00602,0.07798,6,2
71(a),K,D,-0.6416,0.2569,5.5,2
71(a),K,E,0.02771,0.06704,5.5,2
71(a),K,F,-0.6927,0.0181,6.5,2
71(a),K,G,-0.2614,0.2224,3,2
71(a),K,H,-0.2386,0.1959,7,2
71(a),K,I,-0.5251,0.09315,8.5,2
71(a),K,K,0,0,,2
71(a),K,L,-0.2392,0.2048,4.5,2
71(a),K,M,-0.2177,0.3221,6,2
71(a),K,N,-0.9216,0.4405,5,2
71(a),K,P,-3.02,0.0745,8,2
71(a),K,Q,-0.06266,0.003105,6,2
71(a),K,R,0.1854,0.0503,5,2
71(a),K,S,0.05955,0.2505,8,2
71(a),K,T,0.1356,0.2558,7,2
71(a),K,V,-0.1177,0.08582,9.5,2
71(a),K,W,-0.6286,0.06165,6.5,2
71(a),K,Y,-0.717,0.09995,6,2
71(b),E,*,-6,0,1,2
71(b),E,A,-0.2178,0.2915,7,2
71(b),E,C,-0.1906,0.0032,8.5,2
71(b),E,D,0.02035,0.3077,5.5,2
71(b),E,E,0,0,,2
71(b),E,F,-0.182,0.1408,5,2
71(b),E,G,-0.00735,0.09595,5,2
71(b),E,H,-0.2571,0.0441,8,2
71(b),E,I,-0.0992,0.0994,5.5,2
71(b),E,K,-0.1462,0.1094,10.5,2
71(b),E,L,-0.4031,0.1353,6,2
71(b),E,M,-0.4196,0.1217,7.5,2
71(b),E,N,0.03938,0.02966,5,2
71(b),E,P,-0.4973,0.1257,5,2
71(b),E,Q,-0.0923,0.4527,6,2
71(b),E,R,-0.6747,0.4963,5,2
71(b),E,S,-0.1575,0.1167,7.5,2
71(b),E,T,-0.1967,0.0011,9,2
71(b),E,V,-0.3585,0.1973,5.5,2
71(b),E,W,-0.37,0.2169,7,2
71(b),E,Y,-0.4836,0.0173,6,2
72(a),Q,*,-6,0,4,2
72(a),Q,A,-0.1703,0.00735,9.5,2
72(a),Q,C,-0.09175,0.3054,5,2
72(a),Q,D,0.3249,0.4853,3.5,2
72(a),Q,E,-0.4121,0.1012,4,2
72(a),Q,F,-0.497,0.1279,8.5,2
72(a),Q,G,0.09248,0.05663,6,2
72(a),Q,H,0.0521,0.1559,7.5,2
72(a),Q,I,-0.0913,0.5278,4.5,2
72(a),Q,K,-0.03185,0.2717,5.5,2
72(a),Q,L,-0.1486,0.02385,6.5,2
72(a),Q,M,-0.195,0.05235,6.5,2
72(a),Q,N,0.1099,0.1131,4.5,2
72(a),Q,P,-0.2322,0,2,1
72(a),Q,Q,0,0,,2
72(a),Q,R,0.2644,0.1364,3,2
72(a),Q,S,0.1862,0.1507,4.5,2
72(a),Q,T,-0.0409,0.098,4,2
72(a),Q,V,-0.2603,0.0135,6,2
72(a),Q,W,-1.194,0.2506,6,2
72(a),Q,Y,-0.2299,0.15,5,2
72(b),R,A,-0.3885,0.0098,4,2
72(b),R,C,-0.7349,0.02625,5,2
72(b),R,D,-0.5526,0.0503,5.5,2
72(b),R,E,-0.7088,0.3942,1.5,2
72(b),R,F,-0.8137,0.3962,4,2
72(b),R,G,-0.9536,0.1374,4,2
72(b),R,H,-0.4425,0.1692,5.5,2
72(b),R,I,-0.905,0.1139,5.5,2
72(b),R,K,-0.04818,0.1339,6.5,2
72(b),R,L,-0.3555,0.1449,10,2
72(b),R,M,-0.2398,0.3568,5,2
72(b),R,N,-0.6874,0.2258,4,2
72(b),R,P,-0.9605,0.1715,4.5,2
72(b),R,Q,-0.6188,0.1057,4,2
72(b),R,R,0,0,,2
72(b),R,S,-0.7204,0.1113,5.5,2
72(b),R,T,-0.4165,0.0829,3.5,2
72(b),R,V,-1.175,0.4295,4,2
72(b),R,W,-0.836,0.1271,9,2
72(b),R,Y,-0.6644,0.0546,6,2
73(a),N,A,-1.539,0.6966,5.5,2
73(a),N,C,-0.9504,0.2387,7,2
73(a),N,D,-2.348,0.269,2.5,2
73(a),N,E,-2.715,0.069,8,2
73(a),N,F,-0.715,0.2136,7,2
73(a),N,G,-1.05,0.0205,5,2
73(a),N,H,-0.8822,0.1548,7.5,2
73(a),N,I,-1.115,0.1471,6,2
73(a),N,K,-0.9768,0.1372,7,2
73(a),N,L,-1.014,0.0785,9.5,2
73(a),N,M,-1.529,0.211,5.5,2
73(a),N,N,0,0,,2
73(a),N,P,-6,0,6.5,2
73(a),N,Q,-1.448,0.1935,6.5,2
73(a),N,R,-0.9329,0.263,5,2
73(a),N,S,-1.108,0.2695,5.5,2
73(a),N,T,-1.081,0.2923,6.5,2
73(a),N,V,-1.817,0.2235,4,2
73(a),N,W,-0.8691,0.2789,5,2
73(a),N,Y,-1.55,0.2645,4,2
73(b),V,A,-0.02845,0.192,9.5,2
73(b),V,C,-0.4478,0.0618,6,2
73(b),V,D,-0.5956,0.0443,8,2
73(b),V,E,0.4384,0.1429,3.5,2
73(b),V,F,0.1827,0.3233,9,2
73(b),V,G,-0.5142,0.1473,6.5,2
73(b),V,H,0.1699,0.04095,7,2
73(b),V,I,0.0139,0.1509,7,2
73(b),V,K,-1.442,0.1805,3.5,2
73(b),V,L,-0.1015,0.2817,5.5,2
73(b),V,M,0.07985,0.1298,8,2
73(b),V,N,-0.5982,0.00025,8,2
73(b),V,P,-0.791,0.02515,12.5,2
73(b),V,Q,-0.2838,0.2459,4.5,2
73(b),V,R,-1.032,0.033,8.5,2
73(b),V,S,-0.1977,0.3798,7.5,2
73(b),V,T,0.2028,0,4,1
73(b),V,V,0,0,,2
73(b),V,W,0.4271,0.0693,4.5,2
73(b),V,Y,0.402,0.1613,5.5,2
74(a),M,A,-0.407,0.07745,2,2
74(a),M,C,-0.2075,0.0504,6.5,2
74(a),M,D,-1.445,0.269,6,2
74(a),M,E,-1.464,0.002,4,2
74(a),M,F,-0.6393,0.271,5,2
74(a),M,G,-0.6989,0.02615,5.5,2
74(a),M,H,-1.118,0.096,4.5,2
74(a),M,I,-0.02548,0.07902,10.5,2
74(a),M,K,-1.849,0.0125,6,2
74(a),M,L,-0.4101,0.229,8.5,2
74(a),M,M,0,0,,2
74(a),M,N,0.2086,0.316,4,2
74(a),M,P,-6,0,3,2
74(a),M,Q,-0.784,0.0648,5,2
74(a),M,R,-1.994,0.0925,3.5,2
74(a),M,S,-0.2084,0.3292,3.5,2
74(a),M,T,0.2417,0.2593,6.5,2
74(a),M,V,-0.01025,0.1547,5.5,2
74(a),M,W,-0.9831,0.3229,3,2
74(a),M,Y,-0.9081,0.1019,6.5,2
74(b),R,A,-0.1075,0.1507,4,2
74(b),R,C,-0.007,0.2468,6,2
74(b),R,D,-0.2393,0.2938,4,2
74(b),R,E,0.1464,0.0119,4.5,2
74(b),R,F,-0.0126,0.1568,6,2
74(b),R,G,-0.7186,0.1464,3,2
74(b),R,H,0.05176,0.1018,9.5,2
74(b),R,I,0.2024,0.0872,6,2
74(b),R,K,-0.0567,0.4146,5.5,2
74(b),R,L,0.1552,0.2723,7,2
74(b),R,M,0.1156,0.2903,6,2
74(b),R,N,-0.1627,0.2792,6.5,2
74(b),R,P,-0.3706,0.0652,10,2
74(b),R,Q,-0.08267,0.07473,8,2
74(b),R,R,0,0,,2
74(b),R,S,0.03415,0.07445,9,2
74(b),R,T,0.3,0.0409,5,2
74(b),R,V,-0.1456,0.04664,8.5,2
74(b),R,W,0.3346,0.6136,5.5,2
74(b),R,Y,-0.2958,0.3896,8.5,2
75(a),E,A,0.08845,0.281,3,2
75(a),E,C,-0.1402,0.08919,5.5,2
75(a),E,D,-0.1835,0.0628,5,2
75(a),E,E,0,0,,2
75(a),E,F,-0.4481,0,4.5,1
75(a),E,G,0.2079,0.1958,5,2
75(a),E,H,0.07678,0.1118,6.5,2
75(a),E,I,0.3902,0.0943,1.5,2
75(a),E,K,-0.01185,0.09904,8.5,2
75(a),E,L,0.5016,0.3206,5,2
75(a),E,M,0.155,0.2702,2,2
75(a),E,N,0.02145,0.1313,4.5,2
75(a),E,P,-1.555,0.3395,7,2
75(a),E,Q,0.4357,0.0511,5.5,2
75(a),E,R,-0.0484,0.2374,5,2
75(a),E,S,-4.149,0,4,2
75(a),E,T,-6,0,6.5,2
75(a),E,V,-0.1985,0.04605,9.5,2
75(a),E,W,0.0884,0.0301,5.5,2
75(a),E,Y,-0.5131,0.3574,5,2
75(b),A,A,0,0,,2
75(b),A,C,-0.027,0.2881,6.5,2
75(b),A,D,-0.105,0.2239,3.5,2
75(b),A,E,-0.03075,0.01763,9,2
75(b),A,F,-0.1866,0.2085,9.5,2
75(b),A,G,0.1537,0.1012,8.5,2
75(b),A,H,-0.1202,0.00885,6,2
75(b),A,I,0.06035,0.1804,5.5,2
75(b),A,K,-0.07695,0.5971,2.5,2
75(b),A,L,-0.1899,0.0463,6.5,2
75(b),A,M,0.1153,0.2539,5,2
75(b),A,N,0.1995,0.06675,8,2
75(b),A,P,-1.055,0.1223,8,2
75(b),A,Q,-0.858,1.128,3.5,2
75(b),A,R,-0.1011,0.2473,4,2
75(b),A,S,-0.0735,0.0523,7,2
75(b),A,T,0.368,0.08465,6.5,2
75(b),A,V,0.2349,0.2796,4,2
75(b),A,W,0.2901,0.2542,5,2
75(b),A,Y,0.1777,0.2701,8,2
76(a),I,A,-0.8357,0.2423,3.5,2
76(a),I,C,0.008585,0.0896,5.5,2
76(a),I,D,-0.6316,0.5564,1,2
76(a),I,E,-0.3289,0.2653,5.5,2
76(a),I,F,-0.8178,0.03395,4,2
76(a),I,G,-0.7085,0.0571,6,2
76(a),I,H,-0.08302,0,2,1
76(a),I,I,0,0,,2
76(a),I,K,-0.287,0.377,5,2
76(a),I,L,0.0077,0.177,3.5,2
76(a),I,M,-0.1713,0,2,1
76(a),I,N,-0.7307,0.01495,7,2
76(a),I,P,-2.183,0.0585,8.5,2
76(a),I,Q,0.1851,0.5153,2,2
76(a),I,R,-0.8969,0.04325,5.5,2
76(a),I,S,-0.5141,0.6209,4.5,2
76(a),I,T,0.0395,0.2565,6,2
76(a),I,V,-0.199,0.2172,5.5,2
76(a),I,W,-0.6108,0.0156,6,2
76(a),I,Y,-0.9826,0.1215,5.5,2
76(b),E,A,-0.8224,0.1633,5,2
76(b),E,C,-0.8051,0.2299,5,2
76(b),E,D,-0.6265,0.0986,8,2
76(b),E,E,0,0,,2
76(b),E,F,-0.7669,0.00345,5.5,2
76(b),E,G,-0.5043,0.4012,6,2
76(b),E,H,-0.6675,0.1797,7,2
76(b),E,I,-1.097,0.1756,6,2
76(b),E,K,-1.115,0.0045,7,2
76(b),E,L,-1.085,0.1372,7,2
76(b),E,M,-1.306,0.277,6.5,2
76(b),E,N,-1.175,0.0315,8,2
76(b),E,P,-1.395,0.1975,5.5,2
76(b),E,Q,-1.131,0.017,6.5,2
76(b),E,R,-0.8947,0.102,4.5,2
76(b),E,S,-0.6374,0.1882,5.5,2
76(b),E,T,-1.185,0.2804,7,2
76(b),E,V,-0.8003,0.012,7,2
76(b),E,W,-1.127,0.1479,6,2
76(b),E,Y,-0.9234,0.2045,8,2
77(a),M,A,-0.1289,0.07256,4,2
77(a),M,C,-0.4238,0.3319,4,2
77(a),M,D,-1.653,0.47,5,2
77(a),M,E,-1.741,0.247,4,2
77(a),M,F,-0.6406,0.05395,5.5,2
77(a),M,G,-0.8064,0.2946,4.5,2
77(a),M,H,-0.8031,0.1302,9,2
77(a),M,I,-0.6949,0.0763,12,2
77(a),M,K,-0.7093,0.0934,4.5,2
77(a),M,L,-0.5939,0.155,6.5,2
77(a),M,M,0,0,,2
77(a),M,N,-0.8808,0.117,6,2
77(a),M,P,-4.397,0,3,2
77(a),M,Q,-0.7209,0.03065,5,2
77(a),M,R,-0.5075,0.0498,3,2
77(a),M,S,-0.6984,0.0376,6,2
77(a),M,T,-0.828,0.1377,3.5,2
77(a),M,V,-0.1907,0.05355,5.5,2
77(a),M,W,-1.181,0.3693,3,2
77(a),M,Y,-0.856,0.174,5,2
77(b),I,A,0.3168,0.0555,7.5,2
77(b),I,C,0.2747,0.03605,10,2
77(b),I,D,-1.958,0.4075,6,2
77(b),I,E,0.277,0.3913,8.5,2
77(b),I,F,0.3904,0.1174,7,2
77(b),I,G,0.5437,0.04815,6.5,2
77(b),I,H,-0.1508,0.08564,6.5,2
77(b),I,I,0,0,,2
77(b),I,K,-0.04003,0.1273,6,2
77(b),I,L,0.5139,0.04345,10,2
77(b),I,M,0.07085,0.3874,5.5,2
77(b),I,N,-1.061,0.2076,7,2
77(b),I,P,-0.6673,0.2366,7.5,2
77(b),I,Q,-0.2676,0.5426,5.5,2
77(b),I,R,0.4361,0.05975,7,2
77(b),I,S,0.2517,0.1071,5,2
77(b),I,T,0.3893,0.2474,7,2
77(b),I,V,0.0102,0.253,5,2
77(b),I,W,0.2067,0.3046,6.5,2
77(b),I,Y,-3.133,1.367,3,2
78(a),M,A,-0.0235,0.3048,4.5,2
78(a),M,C,-0.2631,0.0382,4,2
78(a),M,D,-0.3499,0.1743,5.5,2
78(a),M,E,-0.6481,0.315,4,2
78(a),M,F,0.1762,0.3843,5.5,2
78(a),M,G,-0.4305,0.2482,4.5,2
78(a),M,H,-0.1553,0.3456,4,2
78(a),M,I,-0.04077,0.01534,25,2
78(a),M,K,-0.4338,0.155,3.5,2
78(a),M,L,0.1711,0.09959,8,2
78(a),M,M,0,0,,2
78(a),M,N,-1.585,1.102,3.5,2
78(a),M,P,-3.444,0,3.5,2
78(a),M,Q,0.1585,0.1877,5.5,2
78(a),M,R,0.01978,0.02778,4,2
78(a),M,S,-0.4385,0.2385,4.5,2
78(a),M,T,-0.2576,0.01105,9,2
78(a),M,V,-0.0121,0.06901,10,2
78(a),M,W,-0.3297,0.0666,4,2
78(a),M,Y,-0.1429,0.1316,5,2
78(b),D,A,-0.09393,0.1283,4.5,2
78(b),D,C,-0.119,0.0109,5.5,2
78(b),D,D,0,0,,2
78(b),D,E,-0.2325,0.0482,2.5,2
78(b),D,F,0.2802,0.07375,8,2
78(b),D,G,0.1103,0.04121,4,2
78(b),D,H,0.1911,0.03635,7.5,2
78(b),D,I,0.3552,0.2359,4,2
78(b),D,K,0.1923,0.0501,4.5,2
78(b),D,L,0.2576,0.1537,5,2
78(b),D,M,0.3433,0.0514,4.5,2
78(b),D,N,0.1552,0.02885,8.5,2
78(b),D,P,-0.325,0.09845,3,2
78(b),D,Q,-0.191,0.2877,7.5,2
78(b),D,R,0.2245,0.6385,4.5,2
78(b),D,S,0.2412,0.2747,6,2
78(b),D,T,-0.002445,0.09915,9.5,2
78(b),D,V,0.1478,0.3254,5.5,2
78(b),D,W,0.1391,0.1121,6,2
78(b),D,Y,0.2155,0.1134,7.5,2
79(a),K,A,-0.1573,0.1075,6.5,2
79(a),K,C,0.1507,0.0243,7,2
79(a),K,D,-0.1784,0.1142,9.5,2
79(a),K,E,-0.317,0.1497,7.5,2
79(a),K,F,-0.2909,0.0478,3.5,2
79(a),K,G,-0.2095,0.093,2.5,2
79(a),K,H,0.1883,0.1179,5,2
79(a),K,I,-0.6865,0.1976,5.5,2
79(a),K,K,0,0,,2
79(a),K,L,-0.4264,0.22,5,2
79(a),K,M,-0.5854,0.3826,2.5,2
79(a),K,N,-0.2767,0.0154,7,2
79(a),K,P,-1.114,0.1764,8,2
79(a),K,Q,0.08253,0.03188,2.5,2
79(a),K,R,-0.3131,0.2023,4,2
79(a),K,S,0.06315,0.1844,6.5,2
79(a),K,T,-0.1506,0.1551,7,2
79(a),K,V,-0.2314,0.2853,4.5,2
79(a),K,W,-0.4531,0.4141,6,2
79(a),K,Y,-0.1735,0.0078,4.5,2
79(b),T,A,0.3527,0.0239,6,2
79(b),T,C,-0.04365,0.2366,6,2
79(b),T,D,-0.8156,0.2283,3,2
79(b),T,E,0.3407,0.0972,7.5,2
79(b),T,F,0.03397,0.01303,4,2
79(b),T,G,0.2509,0.1085,2.5,2
79(b),T,H,0.3732,0.0812,5.5,2
79(b),T,I,0.4062,0.01455,5,2
79(b),T,K,0.1266,0.03675,8.5,2
79(b),T,L,0.2814,0.3269,6.5,2
79(b),T,M,0.2468,0.1656,3.5,2
79(b),T,N,0.2583,0.2627,5.5,2
79(b),T,P,-0.5602,0.05385,8,2
79(b),T,Q,-0.02174,0.06428,7,2
79(b),T,R,0.0757,0.2004,5,2
79(b),T,S,-0.1577,0.2671,8,2
79(b),T,T,0,0,,2
79(b),T,V,0.3448,0.1369,3,2
79(b),T,W,-0.1474,0.00125,8.5,2
79(b),T,Y,0.2963,0.4709,5,2
8(T2A),S,N,-0.6832,0,0.5,1
8(T2A),S,R,-1.143,0,0.5,1
8(T2A),S,S,0,0,,2
8(a),M,*,-6,0,4.5,2
8(a),M,A,-0.09359,0.08251,5,2
8(a),M,C,-0.1609,0.01925,5,2
8(a),M,D,-0.4431,0.2281,8,2
8(a),M,E,-0.2143,0.0441,6,2
8(a),M,F,-0.1832,0.1737,6,2
8(a),M,G,-0.2305,0.132,4.5,2
8(a),M,H,0.05615,0.3867,6.5,2
8(a),M,I,0.0656,0.3852,6.5,2
8(a),M,K,0.1392,0.2241,5,2
8(a),M,L,-0.3706,0.2561,6,2
8(a),M,M,0,0,,2
8(a),M,N,-2.393,0.0435,6,2
8(a),M,P,-3.254,0.102,4,2
8(a),M,Q,-0.1576,0.0201,5,2
8(a),M,R,0.1501,0.0344,5,2
8(a),M,S,0.552,0.361,4.5,2
8(a),M,T,0.0589,0.4134,2.5,2
8(a),M,V,-0.5393,0.451,5.5,2
8(a),M,W,-0.5553,0.0166,3.5,2
8(a),M,Y,-0.03077,0.06259,5,2
8(b),F,A,-1.365,0.1525,7.5,2
8(b),F,C,-0.566,0.3131,5,2
8(b),F,D,-4.173,0,2.5,2
8(b),F,E,-4.291,0,6.5,2
8(b),F,F,0,0,,2
8(b),F,G,-2.439,0.144,10.5,2
8(b),F,H,-1.276,0.099,9.5,2
8(b),F,I,0.004405,0.06534,10,2
8(b),F,K,-4.441,0,11,2
8(b),F,L,-0.426,0.0657,12.5,2
8(b),F,M,-0.1939,0.00065,6,2
8(b),F,N,-2.787,0.184,10,2
8(b),F,P,-3.157,0.0865,4.5,2
8(b),F,Q,-3.036,0.0185,6,2
8(b),F,R,-4.372,0,4.5,2
8(b),F,S,-2.375,0.324,7,2
8(b),F,T,-1.302,0.124,6.5,2
8(b),F,V,-0.3399,0.2552,7,2
8(b),F,W,-0.5199,0.0346,5.5,2
8(b),F,Y,-0.1183,0.1009,4.5,2
80(a),R,*,-6,0,0.5,1
80(a),R,A,-1.766,0.2935,8.5,2
80(a),R,C,-2.141,0.0605,5,2
80(a),R,D,-2.639,0.0065,7,2
80(a),R,E,-2.343,0.1855,3.5,2
80(a),R,F,-1.913,0.0335,9,2
80(a),R,G,-2.745,0.241,7,2
80(a),R,H,-1.717,0.541,6,2
80(a),R,I,-1.466,0.2995,7.5,2
80(a),R,K,-1.103,0.014,9,2
80(a),R,L,-1.389,0.0065,8,2
80(a),R,M,-1.771,0.118,3.5,2
80(a),R,N,-1.615,0.0285,4.5,2
80(a),R,P,-4.309,0,5.5,2
80(a),R,Q,-1.619,0.163,4,2
80(a),R,R,0,0,,2
80(a),R,S,-2.159,0.0335,6.5,2
80(a),R,T,-2.026,0.1035,7,2
80(a),R,V,-1.397,0.1865,5,2
80(a),R,W,-2.037,0.237,6,2
80(a),R,Y,-1.744,0.171,4.5,2
80(b),V,A,0.1034,0.01178,6,2
80(b),V,C,0.2231,0.1656,4.5,2
80(b),V,D,-1.845,0.198,5,2
80(b),V,E,0.08663,0.1517,4,2
80(b),V,F,-0.6503,0.0705,4,2
80(b),V,G,-0.5892,0.153,4,2
80(b),V,H,0.347,0.07435,9,2
80(b),V,I,-0.5252,0.08565,6.5,2
80(b),V,K,0.1841,0.1444,5.5,2
80(b),V,L,-0.3505,0.2376,2.5,2
80(b),V,M,-0.275,0.0048,6,2
80(b),V,N,0.3871,0.3354,6.5,2
80(b),V,P,-2.456,0.313,8,2
80(b),V,Q,0.02523,0.1184,6.5,2
80(b),V,R,0.01106,0.09865,3,2
80(b),V,S,-0.0449,0.201,6,2
80(b),V,T,-0.1247,0.05178,5.5,2
80(b),V,V,0,0,,2
80(b),V,W,-0.6453,0.0399,7,2
80(b),V,Y,-0.159,0.2292,7,2
81(a),S,A,0.1541,0.2961,6.5,2
81(a),S,C,0.1797,0.1379,4,2
81(a),S,D,-0.06365,0.2444,4.5,2
81(a),S,E,-0.8337,0.03195,6.5,2
81(a),S,F,-0.811,0.14,5,2
81(a),S,G,-0.008508,0.01579,7,2
81(a),S,H,-0.6428,0.2131,4.5,2
81(a),S,I,-0.5635,0.0522,4.5,2
81(a),S,K,-0.7346,0.3184,2,2
81(a),S,L,-0.2998,0.0158,8,2
81(a),S,M,-0.02317,0.08613,3,2
81(a),S,N,0.137,0.08464,4,2
81(a),S,P,-1.118,0.1972,6,2
81(a),S,Q,-0.3425,0.4238,3,2
81(a),S,R,0.01235,0.3274,6.5,2
81(a),S,S,0,0,,2
81(a),S,T,0.1694,0.01285,5,2
81(a),S,V,-0.1626,0.0409,8.5,2
81(a),S,W,-0.8027,0.1185,5,2
81(a),S,Y,-0.2389,0.1516,8.5,2
81(b),C,A,-2.634,0.055,6.5,2
81(b),C,C,0,0,,2
81(b),C,D,-6,0,7.5,2
81(b),C,E,-5.906,0,7,2
81(b),C,F,-1.906,0.1095,7.5,2
81(b),C,G,-5.067,0,5.5,2
81(b),C,H,-4.741,0,7.5,2
81(b),C,I,-1.144,0.2498,5,2
81(b),C,K,-3.42,0,9,2
81(b),C,L,-1.482,0.0105,7,2
81(b),C,M,-1.352,0.4386,4,2
81(b),C,N,-4.843,0,3,2
81(b),C,P,-6,0,6,2
81(b),C,Q,-4.048,0,5.5,2
81(b),C,R,-4.278,0,4,2
81(b),C,S,-3.818,0,6.5,2
81(b),C,T,-3.3,0,6.5,2
81(b),C,V,-1.876,0.2645,3.5,2
81(b),C,W,-3.437,0,4,2
81(b),C,Y,-3.713,0,10,2
82(a),N,A,-0.00321,0.04756,4,2
82(a),N,C,-0.03865,0.1703,3.5,2
82(a),N,D,-0.1614,0.2458,7,2
82(a),N,E,-0.1654,0.3666,5.5,2
82(a),N,F,-0.3015,0.1771,5,2
82(a),N,G,0.2387,0.03765,5,2
82(a),N,H,-0.3023,0.01955,6.5,2
82(a),N,I,-0.3467,0.2938,1.5,2
82(a),N,K,0.42,0.691,4.5,2
82(a),N,L,-0.1217,0.03902,5,2
82(a),N,M,0.3931,0.1186,3.5,2
82(a),N,N,0,0,,2
82(a),N,P,-0.5756,0.0125,6,2
82(a),N,Q,-0.4267,0.2065,5.5,2
82(a),N,R,-0.2363,0.2733,3,2
82(a),N,S,0.05179,0.1138,7,2
82(a),N,T,-0.2371,0.04805,5.5,2
82(a),N,V,-0.2222,0.2023,8,2
82(a),N,W,-0.2261,0.1041,4.5,2
82(a),N,Y,-0.2285,0.0325,4,2
82(b),R,*,-6,0,0.5,1
82(b),R,A,0.1102,0.2083,6.5,2
82(b),R,C,-0.09959,0.03062,9.5,2
82(b),R,D,-0.5084,0.2396,7.5,2
82(b),R,E,-0.6066,0.2273,9,2
82(b),R,F,-0.4048,0.3961,9,2
82(b),R,G,-0.3838,0.1239,6,2
82(b),R,H,-0.2005,0.0023,6.5,2
82(b),R,I,0.0514,0.1787,8,2
82(b),R,K,0.1455,0.2524,6.5,2
82(b),R,L,-0.3567,0.1445,7.5,2
82(b),R,M,-0.3086,0.2724,6,2
82(b),R,N,-0.1746,0.2,9.5,2
82(b),R,P,0.1109,0.2564,4.5,2
82(b),R,Q,0.1276,0.3031,2.5,2
82(b),R,R,0,0,,2
82(b),R,S,0.2961,0.157,5,2
82(b),R,T,0.09137,0.07173,6.5,2
82(b),R,V,0.005925,0.004376,4.5,2
82(b),R,W,-0.9655,0.4235,6.5,2
82(b),R,Y,-0.1594,0.256,6,2
83(a),R,A,0.4095,0.2376,2,2
83(a),R,C,0.1256,0.1512,5,2
83(a),R,D,0.138,0.2222,5.5,2
83(a),R,E,0.09119,0.05901,5,2
83(a),R,F,-0.2395,0,4.5,1
83(a),R,G,0.1989,0.0298,4.5,2
83(a),R,H,0.02026,0.03592,4.5,2
83(a),R,I,-0.5685,0.1883,3,2
83(a),R,K,0.3977,0.07665,8,2
83(a),R,L,-0.2198,0.1338,4,2
83(a),R,M,-0.3685,0,0.5,1
83(a),R,N,0.4895,0.6205,3.5,2
83(a),R,P,-1.188,0.092,6.5,2
83(a),R,Q,-0.02216,0.03625,3.5,2
83(a),R,R,0,0,,2
83(a),R,S,-0.3468,0.4452,4.5,2
83(a),R,T,0.00275,0.136,3.5,2
83(a),R,V,-0.3975,0.1537,4,2
83(a),R,W,-0.05215,0.1842,3,2
83(a),R,Y,0.2896,0.4564,4,2
83(b),H,A,-0.9731,0.1099,6,2
83(b),H,C,-0.7056,0.03305,6,2
83(b),H,D,-1.144,0.2854,2.5,2
83(b),H,E,-0.9986,0.1954,6.5,2
83(b),H,F,-0.4388,0.2001,2.5,2
83(b),H,G,-0.5227,0.04495,7.5,2
83(b),H,H,0,0,,2
83(b),H,I,-0.9976,0.1414,5.5,2
83(b),H,K,-1.058,0.1335,5.5,2
83(b),H,L,-0.9666,0.0554,8,2
83(b),H,M,-1.382,0,2.5,1
83(b),H,N,-0.6149,0.1459,5,2
83(b),H,P,0.0276,0.2017,6,2
83(b),H,Q,-0.773,0.1819,4.5,2
83(b),H,R,-0.7731,0.1359,6.5,2
83(b),H,S,-1.034,0.0947,4,2
83(b),H,T,-0.9658,0.2313,5.5,2
83(b),H,V,-0.6509,0.2563,5.5,2
83(b),H,W,-0.5866,0.0951,6.5,2
83(b),H,Y,-0.3176,0.0375,7,2
84(a),S,A,-0.0381,0.2042,2.5,2
84(a),S,C,-0.1206,0.3225,8.5,2
84(a),S,D,-0.345,0.5151,1.5,2
84(a),S,E,-0.1547,0,1.5,1
84(a),S,F,-0.4067,0.1006,8,2
84(a),S,G,-0.07485,0.2203,1.5,2
84(a),S,H,0.2094,0.1736,1.5,2
84(a),S,I,0.03203,0.02823,9.5,2
84(a),S,K,-0.01574,0.07877,7.5,2
84(a),S,L,-0.01042,0.05377,7,2
84(a),S,M,0.107,0.1311,8,2
84(a),S,N,-0.1259,0.1954,7,2
84(a),S,P,-1.47,0.282,6.5,2
84(a),S,Q,-0.05558,0.1359,6,2
84(a),S,R,-0.032,0.1014,5.5,2
84(a),S,S,0,0,,2
84(a),S,T,-0.0671,0.208,13,2
84(a),S,V,-0.2477,0.1262,3.5,2
84(a),S,W,-0.1855,0.1094,3,2
84(a),S,Y,-0.0309,0.1516,6.5,2
84(b),N,A,-1.055,0.1777,5.5,2
84(b),N,C,-1.274,0.186,5.5,2
84(b),N,D,0.447,0.2126,5.5,2
84(b),N,E,-1.849,0.5545,6.5,2
84(b),N,F,-1.434,0.174,6,2
84(b),N,G,-0.7201,0.1166,7,2
84(b),N,H,-1.675,0.1825,7.5,2
84(b),N,I,-1.723,0.0895,9,2
84(b),N,K,-1.482,0.2175,6,2
84(b),N,L,-1.619,0.3035,8,2
84(b),N,M,-1.451,0.018,5,2
84(b),N,N,0,0,,2
84(b),N,P,-1.128,0.176,6,2
84(b),N,Q,-1.481,0.157,6,2
84(b),N,R,-2.981,0.094,7,2
84(b),N,S,-0.9315,0.2615,4.5,2
84(b),N,T,-1.309,0.131,5.5,2
84(b),N,V,-1.741,0.058,3.5,2
84(b),N,W,-2.037,0.199,7,2
84(b),N,Y,-2.134,0.0425,5,2
85(a),Q,*,-4.419,0.081,1.5,2
85(a),Q,A,-0.09194,0.1762,2,2
85(a),Q,C,0.3068,0,1,1
85(a),Q,D,-0.148,0,0.5,1
85(a),Q,E,-0.01555,0.2133,2,2
85(a),Q,F,-0.05707,0,3,1
85(a),Q,G,-0.05065,0,3,1
85(a),Q,H,0.347,0.1582,6.5,2
85(a),Q,I,0.331,0.159,4,2
85(a),Q,K,0.1811,0.3663,4.5,2
85(a),Q,L,-0.1387,0,2,1
85(a),Q,M,0.07356,0.1084,8,2
85(a),Q,N,-0.2207,0.173,4,2
85(a),Q,P,-0.1016,0.04025,1.5,2
85(a),Q,Q,0,0,,2
85(a),Q,R,0.3315,0.0433,2.5,2
85(a),Q,S,-0.06155,0.3387,5,2
85(a),Q,T,0.464,0.3024,4,2
85(a),Q,V,-0.2676,0.1522,2,2
85(a),Q,W,-0.651,0.8539,1,2
85(a),Q,Y,0.1787,0.5502,1.5,2
85(b),Y,A,-0.6422,0.2287,6,2
85(b),Y,C,-0.571,0.04965,8,2
85(b),Y,D,-1.202,0.3525,5,2
85(b),Y,E,-0.9856,0.1923,9.5,2
85(b),Y,F,-0.1196,0.1678,4.5,2
85(b),Y,G,-0.7743,0.1047,7.5,2
85(b),Y,H,-0.1945,0,2,1
85(b),Y,I,-0.115,0.289,6.5,2
85(b),Y,K,-0.7858,0.0168,6.5,2
85(b),Y,L,-0.1473,0.1064,4,2
85(b),Y,M,-0.3031,0.0842,10.5,2
85(b),Y,N,-0.6009,0.0476,5,2
85(b),Y,P,-1.582,0.2835,8.5,2
85(b),Y,Q,-0.5704,0.0128,7,2
85(b),Y,R,-0.7297,0.06125,6.5,2
85(b),Y,S,-0.6303,0.00445,7.5,2
85(b),Y,T,-0.8168,0.06065,6,2
85(b),Y,V,-0.3027,0.4254,5,2
85(b),Y,W,0.06995,0.2356,5,2
85(b),Y,Y,0,0,,2
86(a),G,A,0.1852,0.08869,5,2
86(a),G,C,0.2966,0.2617,2.5,2
86(a),G,D,-0.02713,0.03813,3,2
86(a),G,E,-0.1464,0.1482,9,2
86(a),G,F,-0.3818,0.1025,5,2
86(a),G,G,0,0,,2
86(a),G,H,0.2538,0.0067,7.5,2
86(a),G,I,-0.2868,0.4069,2.5,2
86(a),G,K,0.2787,0.415,4,2
86(a),G,L,-0.8288,0.2442,3.5,2
86(a),G,M,0.1811,0.083,6.5,2
86(a),G,N,-0.4207,0.3151,5,2
86(a),G,P,-0.00135,0.1881,4.5,2
86(a),G,Q,-0.09495,0.1352,4,2
86(a),G,R,-0.2635,0.1088,9.5,2
86(a),G,S,0.2386,0.0127,4.5,2
86(a),G,T,-0.06124,0.06366,4,2
86(a),G,V,-0.1659,0.1733,4.5,2
86(a),G,W,0.08495,0.4376,3.5,2
86(a),G,Y,0.04705,0.2067,5.5,2
86(b),F,A,-1.076,0.1886,8,2
86(b),F,C,-1.106,0.1623,4,2
86(b),F,D,-0.9992,0.2468,7,2
86(b),F,E,-0.7071,0.2485,4,2
86(b),F,F,0,0,,2
86(b),F,G,-1.418,0.0185,2.5,2
86(b),F,H,-0.9199,0.1271,5.5,2
86(b),F,I,-0.7019,0.0159,9.5,2
86(b),F,K,-0.9913,0.05565,7,2
86(b),F,L,-0.9956,0.4214,5.5,2
86(b),F,M,-0.671,0.3779,6,2
86(b),F,N,-0.6497,0.1107,8,2
86(b),F,P,-0.5677,0.08715,9,2
86(b),F,Q,-0.6401,0.1452,8,2
86(b),F,R,-0.8737,0.2044,7,2
86(b),F,S,-1.944,0.1575,6,2
86(b),F,T,-1.555,0.121,10,2
86(b),F,V,-0.7308,0.2439,4,2
86(b),F,W,-0.8935,0.1305,10,2
86(b),F,Y,-0.8359,0.12,6.5,2
87(a),T,A,0.1209,0.00735,8,2
87(a),T,C,0.0378,0.0461,7,2
87(a),T,D,-0.1994,0.2731,8,2
87(a),T,E,0.3418,0.3386,3,2
87(a),T,F,0.1297,0.2889,7.5,2
87(a),T,G,-0.0617,0.0542,7,2
87(a),T,H,0.06855,0.2974,7.5,2
87(a),T,I,0.00695,0.2601,7.5,2
87(a),T,K,0.06823,0.1658,7,2
87(a),T,L,0.67,0.631,4,2
87(a),T,M,0.0304,0.1335,6.5,2
87(a),T,N,0.2329,0.0808,4.5,2
87(a),T,P,-0.3144,0.1246,9,2
87(a),T,Q,-0.04125,0.2595,7.5,2
87(a),T,R,-0.03559,0.06482,7.5,2
87(a),T,S,-0.06635,0.07405,3.5,2
87(a),T,T,0,0,,2
87(a),T,V,-1.039,0,0.5,1
87(a),T,W,-0.05423,0.06807,8.5,2
87(a),T,Y,-0.1817,0.2077,5,2
87(b),M,A,-0.1332,0.14,2,2
87(b),M,C,-0.115,0.1593,4,2
87(b),M,D,-0.8679,0.2191,7.5,2
87(b),M,E,-0.7415,0.0107,5,2
87(b),M,F,-0.6413,0.1957,5.5,2
87(b),M,G,-0.4446,0.2279,2.5,2
87(b),M,H,-0.6358,0.0529,7.5,2
87(b),M,I,-0.9178,0.2313,7,2
87(b),M,K,-0.6676,0.1028,8,2
87(b),M,L,-0.2455,0.115,4,2
87(b),M,M,0,0,,2
87(b),M,N,-0.9829,0.175,6.5,2
87(b),M,P,-1.23,0.1265,6,2
87(b),M,Q,-0.7667,0.2933,8,2
87(b),M,R,-0.8394,0.1876,8.5,2
87(b),M,S,-0.3225,0.2851,5.5,2
87(b),M,T,-0.7199,0.1043,3.5,2
87(b),M,V,-0.6749,0.08325,8,2
87(b),M,W,-0.7188,0.02385,5,2
87(b),M,Y,-0.8004,0.00785,5.5,2
88(a),I,A,-0.0624,0.3056,5.5,2
88(a),I,C,-0.03106,0.03515,3,2
88(a),I,D,-0.2323,0.1234,8.5,2
88(a),I,E,-0.1709,0.1101,4.5,2
88(a),I,F,-0.1024,0.2,9,2
88(a),I,G,-0.2906,0.2136,4,2
88(a),I,H,0.1928,0.06585,5.5,2
88(a),I,I,0,0,,2
88(a),I,K,-0.01289,0.08752,6.5,2
88(a),I,L,0.06322,0.09778,10.5,2
88(a),I,M,-0.1227,0.082,6,2
88(a),I,N,0.193,0.0792,7.5,2
88(a),I,P,-0.4171,0.1085,6,2
88(a),I,Q,-0.2076,0.2485,5.5,2
88(a),I,R,0.0871,0.2406,5,2
88(a),I,S,-0.1336,0.1211,6,2
88(a),I,T,0.06735,0.1977,4.5,2
88(a),I,V,0.3735,0.2446,10,2
88(a),I,W,-0.03168,0.07502,10.5,2
88(a),I,Y,-0.1265,0.2554,3.5,2
88(b),A,-,-1.432,0,0.5,1
88(b),A,A,0,0,,2
88(b),A,C,-0.2577,0.1839,7.5,2
88(b),A,D,-0.9685,0.04355,7.5,2
88(b),A,E,-0.5479,0.04845,5.5,2
88(b),A,F,-0.8969,0.2802,5.5,2
88(b),A,G,-0.3434,0.0007,8,2
88(b),A,H,-0.4704,0.22,3.5,2
88(b),A,I,-0.986,0.162,6,2
88(b),A,K,-0.3155,0.1937,5,2
88(b),A,L,-0.6267,0.1196,8.5,2
88(b),A,M,-0.9464,0.1926,2,2
88(b),A,N,-1.054,0.1138,6,2
88(b),A,P,-0.952,0.03555,6,2
88(b),A,Q,-0.5484,0.08535,4,2
88(b),A,R,-0.2579,0.00835,9.5,2
88(b),A,S,-0.08831,0.04519,10.5,2
88(b),A,T,0.0039,0.2362,9.5,2
88(b),A,V,-0.6834,0.081,8.5,2
88(b),A,W,-0.9075,0.03375,6.5,2
88(b),A,Y,-0.6341,0.2825,6,2
89(a),A,A,0,0,,2
89(a),A,C,-0.1142,0.2543,5.5,2
89(a),A,D,0.1306,0.03357,6,2
89(a),A,E,-0.3106,0.1107,6.5,2
89(a),A,F,-0.05335,0.1255,9,2
89(a),A,G,0.0153,0.1349,6,2
89(a),A,H,-0.2598,0.2767,6,2
89(a),A,I,0.2179,0.07025,6,2
89(a),A,K,-0.2323,0.2987,9,2
89(a),A,L,0.2425,0.1082,6,2
89(a),A,M,-0.1014,0.00756,5.5,2
89(a),A,N,-0.1897,0.2816,6.5,2
89(a),A,P,-1.54,0.016,6,2
89(a),A,Q,0.4108,0.2205,6,2
89(a),A,R,-0.1196,0.1057,9,2
89(a),A,S,-0.0557,0.2638,5.5,2
89(a),A,T,-0.1059,0.04285,7,2
89(a),A,V,0.06029,0.01009,8.5,2
89(a),A,W,0.2006,0.1205,8,2
89(a),A,Y,-0.2274,0.1869,3,2
89(b),S,A,0.1742,0.0662,7,2
89(b),S,C,-0.2617,0.307,6.5,2
89(b),S,D,-0.3222,0.2142,3.5,2
89(b),S,E,0.1737,0.1547,5.5,2
89(b),S,F,-0.08795,0.3774,5,2
89(b),S,G,-0.2973,0.07785,9,2
89(b),S,H,-0.0538,0.0653,4,2
89(b),S,I,0.2833,0.8067,3.5,2
89(b),S,K,-0.4048,0.0881,6.5,2
89(b),S,L,-0.3232,0.1461,6.5,2
89(b),S,M,-0.0573,0.2965,6,2
89(b),S,N,0.1255,0.023,11.5,2
89(b),S,P,-0.03227,0.09253,7.5,2
89(b),S,Q,0.005685,0.02745,7.5,2
89(b),S,R,0.03516,0.06724,8,2
89(b),S,S,0,0,,2
89(b),S,T,0.1741,0.2805,10.5,2
89(b),S,V,0.09118,0.04153,4.5,2
89(b),S,W,-0.307,0.1697,7,2
89(b),S,Y,0.2824,0.1621,6.5,2
9(T2A),L,L,0,0,,2
9(T2A),L,M,-2.909,1.591,1,2
9(T2A),L,P,-1.672,0.9,1.5,2
9(T2A),L,Q,-0.3744,0,0.5,1
9(a),Q,*,-6,0,7.5,2
9(a),Q,A,-0.3456,0.06185,4,2
9(a),Q,C,-0.6951,0,2.5,1
9(a),Q,D,-0.2884,0.2395,6.5,2
9(a),Q,E,-0.4186,0.0329,4.5,2
9(a),Q,F,0.3093,0.0153,6,2
9(a),Q,G,-1.803,0.3375,2.5,2
9(a),Q,H,-1.072,0.254,4,2
9(a),Q,I,-0.7016,0.3513,5,2
9(a),Q,K,-1.231,0.18,2.5,2
9(a),Q,L,-0.3693,0.03445,4.5,2
9(a),Q,M,-0.5477,0.0367,7.5,2
9(a),Q,N,-1.577,0.0855,5.5,2
9(a),Q,P,-2.762,0.162,7,2
9(a),Q,Q,0,0,,2
9(a),Q,R,-2.588,0.139,8.5,2
9(a),Q,S,-1.103,0.0345,5.5,2
9(a),Q,T,0.06975,0.01601,6,2
9(a),Q,V,-0.08565,0.2878,5,2
9(a),Q,W,-1.529,0.068,5,2
9(a),Q,Y,-1.588,0.166,4,2
9(b),F,A,-0.3731,0.2123,5.5,2
9(b),F,C,-0.29,0.0322,7,2
9(b),F,D,0.2786,0.2101,5.5,2
9(b),F,E,-0.3567,0.132,8.5,2
9(b),F,F,0,0,,2
9(b),F,G,-0.9049,0.225,7.5,2
9(b),F,H,-0.2064,0.0998,6,2
9(b),F,I,-0.6256,0.1552,5,2
9(b),F,K,-2.505,0.032,5.5,2
9(b),F,L,-0.6767,0.1199,4.5,2
9(b),F,M,-0.3506,0.07785,8.5,2
9(b),F,N,-0.2331,0.1431,7.5,2
9(b),F,P,-6,0,6.5,2
9(b),F,Q,-0.04055,0.408,7,2
9(b),F,R,-1.056,0.05665,6.5,2
9(b),F,S,-0.6248,0.2842,3.5,2
9(b),F,T,-0.3709,0.3776,4,2
9(b),F,V,-0.7602,0.0461,9,2
9(b),F,W,0.2487,0.1267,4.5,2
9(b),F,Y,-0.2298,0.03245,6.5,2
90(a),P,A,0.06083,0.03338,5,2
90(a),P,C,0.08605,0.05375,8.5,2
90(a),P,D,0.1968,0.0017,4.5,2
90(a),P,E,-0.04088,0.1294,7.5,2
90(a),P,F,0.4304,0.3156,6,2
90(a),P,G,0.07609,0.1114,7.5,2
90(a),P,H,0.1428,0.07798,8.5,2
90(a),P,I,0.1835,0.3689,9,2
90(a),P,K,0.2933,0.1102,4.5,2
90(a),P,L,0.5097,0.0293,6.5,2
90(a),P,M,0.2066,0.03165,7.5,2
90(a),P,N,0.1223,0.008,8.5,2
90(a),P,P,0,0,,2
90(a),P,Q,0.04875,0.1406,7,2
90(a),P,R,0.3368,0.2924,5,2
90(a),P,S,-0.1372,0.05343,7,2
90(a),P,T,-0.05337,8e-05,2.5,2
90(a),P,V,0.3657,0.2259,7,2
90(a),P,W,-0.6687,0.8153,3.5,2
90(a),P,Y,-0.1511,0.1249,5,2
90(b),F,A,-0.7581,0.3379,2.5,2
90(b),F,C,-0.866,0.04525,4,2
90(b),F,D,-0.7231,0.0995,5,2
90(b),F,E,-0.9866,0.1044,6.5,2
90(b),F,F,0,0,,2
90(b),F,G,-0.6411,0.02595,6,2
90(b),F,H,-0.4338,0.1775,7,2
90(b),F,I,-0.898,0.00575,8,2
90(b),F,K,-0.8128,0.2833,4.5,2
90(b),F,L,-0.6355,0.3389,3.5,2
90(b),F,M,-0.6534,0.1058,4.5,2
90(b),F,N,-0.6201,0.04265,8.5,2
90(b),F,P,-0.6051,0.196,5,2
90(b),F,Q,-0.6855,0.1651,4,2
90(b),F,R,-1.268,0.4309,4,2
90(b),F,S,-0.7295,0.044,5,2
90(b),F,T,-0.6882,0.1452,7,2
90(b),F,V,-0.7555,0.054,8.5,2
90(b),F,W,0.157,0.1365,4.5,2
90(b),F,Y,-0.2109,0.3859,2,2
91(a),P,A,0.1072,0.1494,6.5,2
91(a),P,C,-0.2692,0.0981,3.5,2
91(a),P,D,-2.936,0.0645,8,2
91(a),P,E,-2.144,0.29,8.5,2
91(a),P,F,-1.889,0.5075,4.5,2
91(a),P,G,-0.2068,0.0673,6,2
91(a),P,H,-1.819,0.061,4.5,2
91(a),P,I,-1.413,0.2885,8.5,2
91(a),P,K,-2.288,0.052,3,2
91(a),P,L,-2.212,0.241,5.5,2
91(a),P,M,-0.9038,0.09045,6,2
91(a),P,N,-2.369,0.306,6.5,2
91(a),P,P,0,0,,2
91(a),P,Q,-1.578,0.0275,6.5,2
91(a),P,R,-2.226,0.013,8.5,2
91(a),P,S,-1.083,0.0805,6.5,2
91(a),P,T,-1.54,0.072,7.5,2
91(a),P,V,-0.6998,0.04675,8,2
91(a),P,W,-2.849,0.2145,5,2
91(a),P,Y,-1.968,0.158,6.5,2
91(b),T,A,-0.9591,0.07185,6,2
91(b),T,C,-0.612,0.0111,4.5,2
91(b),T,D,-0.8906,0.00295,4.5,2
91(b),T,E,-0.7658,0.2127,5,2
91(b),T,F,-1.009,0.2646,3.5,2
91(b),T,G,-1.14,0.133,5,2
91(b),T,H,-0.8884,0.1785,2.5,2
91(b),T,I,-0.5091,0.01655,6,2
91(b),T,K,-1.113,0.0425,4,2
91(b),T,L,-0.5346,0.1249,5.5,2
91(b),T,M,-1.2,0.2401,3.5,2
91(b),T,N,-0.5031,0.0047,6,2
91(b),T,P,-0.8486,0.0249,9,2
91(b),T,Q,-1.03,0.2737,5,2
91(b),T,R,-0.9121,0.0031,9.5,2
91(b),T,S,-0.873,0.138,5.5,2
91(b),T,T,0,0,,2
91(b),T,V,-0.8368,0.0165,7.5,2
91(b),T,W,-0.8676,0.2034,4,2
91(b),T,Y,-1.442,0.3765,3.5,2
92(a),E,A,-0.3048,0.8552,3,2
92(a),E,C,0.4063,0.1063,7,2
92(a),E,D,0.5092,0.3394,3.5,2
92(a),E,E,0,0,,2
92(a),E,F,-0.3952,0.1548,2.5,2
92(a),E,G,0.1319,0.04641,10.5,2
92(a),E,H,-0.0949,0.06499,5,2
92(a),E,I,-0.1965,0.26,6.5,2
92(a),E,K,0.03565,0.3478,4,2
92(a),E,L,0.1321,0.05327,9.5,2
92(a),E,M,0.03262,0.06353,4.5,2
92(a),E,N,-0.0747,0.2557,2.5,2
92(a),E,P,-1.101,0.076,3,2
92(a),E,Q,0.3038,0.2325,4.5,2
92(a),E,R,-0.1006,0.09198,7,2
92(a),E,T,0.3896,0.1912,4,2
92(a),E,V,0.08185,0.1313,4.5,2
92(a),E,W,0.2032,0.02705,6.5,2
92(a),E,Y,-0.2067,0.00785,4.5,2
92(b),V,A,-0.947,0.02185,5.5,2
92(b),V,C,-0.2982,0.3354,3,2
92(b),V,D,-0.8114,0.07725,4.5,2
92(b),V,E,-0.7729,0.03845,7,2
92(b),V,F,-0.5515,0.03825,6.5,2
92(b),V,G,-0.5284,0.0202,4.5,2
92(b),V,H,-0.8697,0.0622,6,2
92(b),V,I,0.08435,0.2379,7,2
92(b),V,K,-0.597,0.05985,6,2
92(b),V,L,-0.1635,0.215,6.5,2
92(b),V,M,-0.8916,0.1044,8,2
92(b),V,N,-0.8328,0.1373,6,2
92(b),V,P,-0.7755,0.1738,5,2
92(b),V,Q,-0.7027,0.3033,4,2
92(b),V,R,-0.9018,0.03325,9.5,2
92(b),V,S,-0.9354,0.04345,8,2
92(b),V,T,-0.3503,0.2363,5.5,2
92(b),V,V,0,0,,2
92(b),V,W,-0.9431,0.1189,8.5,2
92(b),V,Y,-0.5106,0.2517,6.5,2
93(a),V,A,0.1791,0.1463,7.5,2
93(a),V,C,0.3239,0.3762,5.5,2
93(a),V,D,-0.1549,0.1139,3.5,2
93(a),V,E,-0.3773,0.04165,6,2
93(a),V,F,-0.2086,0.06155,8,2
93(a),V,G,-0.1174,0.05233,4,2
93(a),V,H,-0.0746,0.2212,5.5,2
93(a),V,I,0.2719,0.2158,7,2
93(a),V,K,-0.09984,0.1075,5,2
93(a),V,L,-0.3229,0.05375,10,2
93(a),V,M,0.1229,0.1869,7,2
93(a),V,N,0.03052,0.09478,9,2
93(a),V,P,0.00505,0.2676,9.5,2
93(a),V,Q,0.07085,0.1918,7.5,2
93(a),V,R,0.0485,0.1863,6,2
93(a),V,S,0.3949,0.0556,11,2
93(a),V,T,-0.00699,0.03115,6.5,2
93(a),V,V,0,0,,2
93(a),V,W,-0.24,0.2751,7,2
93(a),V,Y,0.05525,0.1671,12,2
93(b),D,A,-0.5346,0.097,6.5,2
93(b),D,C,-0.16,0.09418,6.5,2
93(b),D,D,0,0,,2
93(b),D,E,-0.3039,0.3861,5,2
93(b),D,F,-0.1348,0.1075,5.5,2
93(b),D,G,-0.1576,0.2778,3.5,2
93(b),D,H,-0.1133,0.2186,5,2
93(b),D,I,-0.4599,0.0111,5.5,2
93(b),D,K,-0.211,0.2744,5,2
93(b),D,L,0.0601,0.1773,6,2
93(b),D,M,0.0616,0.1623,5,2
93(b),D,N,-0.04353,0.132,7,2
93(b),D,P,-0.8536,0.0262,7.5,2
93(b),D,Q,-0.3131,0.1188,4.5,2
93(b),D,R,-0.4338,0.00435,7,2
93(b),D,S,-0.3987,0.0694,3.5,2
93(b),D,T,-0.6335,0.2277,6,2
93(b),D,V,-0.747,0.01,7,2
93(b),D,W,-0.4552,0.1094,2,2
93(b),D,Y,-0.3395,0.2238,6,2
94(a),T,A,0.1253,0.09574,7.5,2
94(a),T,C,0.1088,0.01525,9,2
94(a),T,D,0.05041,0.1296,9.5,2
94(a),T,E,-0.03451,0.04539,7.5,2
94(a),T,F,0.05896,0.06084,5.5,2
94(a),T,G,-0.1875,0.07295,6,2
94(a),T,H,-0.2377,0.1625,6.5,2
94(a),T,I,-0.2044,0.2224,5,2
94(a),T,K,0.1816,0.1907,7.5,2
94(a),T,L,-0.1109,0.2201,5,2
94(a),T,M,0.1594,0.0271,6,2
94(a),T,N,0.1453,0.07519,7.5,2
94(a),T,P,-1.253,0.2795,4.5,2
94(a),T,Q,-0.1644,0.3458,4.5,2
94(a),T,R,-0.1224,0.3856,8,2
94(a),T,S,0.02717,0.005065,9,2
94(a),T,T,0,0,,2
94(a),T,V,0.1468,0.2527,7,2
94(a),T,W,-0.07095,0.2314,5.5,2
94(a),T,Y,0.5201,0.1554,4,2
94(b),R,A,-0.672,0.09635,7,2
94(b),R,C,-0.4697,0.07895,7.5,2
94(b),R,D,-0.3072,0.2308,6.5,2
94(b),R,E,-0.2091,0.1281,5,2
94(b),R,F,-0.9072,0.0046,4.5,2
94(b),R,G,-0.2582,0.00635,6,2
94(b),R,H,-0.2193,0.02615,10,2
94(b),R,I,-0.4046,0.1517,7,2
94(b),R,K,0.2403,0.0805,4.5,2
94(b),R,L,-0.4332,0.1496,5.5,2
94(b),R,M,-0.3211,0.1582,6,2
94(b),R,N,-0.1025,0.02676,7,2
94(b),R,P,-0.849,0.08825,6.5,2
94(b),R,Q,0.1524,0.1237,8,2
94(b),R,R,0,0,,2
94(b),R,S,0.2591,0.6446,3.5,2
94(b),R,T,-0.5666,0.2665,7,2
94(b),R,V,-0.1952,0.0805,4,2
94(b),R,W,-0.3646,0.1024,5.5,2
94(b),R,Y,-0.6244,0.1395,6,2
95(a),V,A,0.05557,0.05083,10,2
95(a),V,C,0.1792,0.0436,10,2
95(a),V,D,-1.773,0.1405,6.5,2
95(a),V,E,-0.5268,0.0581,6.5,2
95(a),V,F,-0.2367,0.0831,4.5,2
95(a),V,G,-0.1386,0.2684,5,2
95(a),V,H,-0.8698,0.0209,7.5,2
95(a),V,I,-0.2828,0.1734,7.5,2
95(a),V,K,-1.551,0.064,2.5,2
95(a),V,L,0.2258,0.1226,7,2
95(a),V,M,0.00305,0.1552,9,2
95(a),V,N,-0.2544,0.1771,1.5,2
95(a),V,P,-0.081,0.1071,5,2
95(a),V,Q,-0.3414,0.2628,9.5,2
95(a),V,R,-1.053,0.1622,4,2
95(a),V,S,0.01922,0.09118,7,2
95(a),V,T,5e-05,0.1046,7.5,2
95(a),V,V,0,0,,2
95(a),V,W,-1.768,0.2835,6,2
95(a),V,Y,-1.021,0.1093,4.5,2
95(b),R,A,-0.07079,0.1439,5,2
95(b),R,C,-0.1399,0.0035,8,2
95(b),R,D,-0.316,0.1253,5,2
95(b),R,E,0.2175,0.1469,4.5,2
95(b),R,F,-0.00475,0.4496,6.5,2
95(b),R,G,-0.1734,0.0297,6,2
95(b),R,H,0.04967,0.01264,9,2
95(b),R,I,-0.1366,0.2884,9,2
95(b),R,K,-0.3621,0.1121,6.5,2
95(b),R,L,-0.1573,0.2949,8.5,2
95(b),R,M,-0.1317,0.05942,6.5,2
95(b),R,N,-0.07654,0.1354,7.5,2
95(b),R,P,-0.7235,0.1551,2.5,2
95(b),R,Q,-0.2997,0.1948,7.5,2
95(b),R,R,0,0,,2
95(b),R,S,-0.4324,0.05755,6,2
95(b),R,T,-0.288,0.0286,7.5,2
95(b),R,V,-0.57,0.5659,4,2
95(b),R,W,-0.2371,0.1866,3.5,2
95(b),R,Y,-0.2718,0.28,6.5,2
96(a),F,A,0.1639,0.03445,6.5,2
96(a),F,C,0.06865,0.2283,9,2
96(a),F,D,-0.1174,0.4288,6,2
96(a),F,E,0.1551,0.2596,8,2
96(a),F,F,0,0,,2
96(a),F,G,0.1997,0.2312,6.5,2
96(a),F,H,-0.2275,0.1728,6.5,2
96(a),F,I,-0.1896,0.037,3.5,2
96(a),F,K,-0.617,0.1883,8,2
96(a),F,L,0.2112,0.08285,5,2
96(a),F,M,0.4922,0.1342,2.5,2
96(a),F,N,0.1996,0.07445,5.5,2
96(a),F,P,-6,0,8,2
96(a),F,Q,0.07305,0.1795,7,2
96(a),F,R,-0.7,0.0602,8,2
96(a),F,S,0.1801,0.1608,6,2
96(a),F,T,-0.188,0.4024,5.5,2
96(a),F,V,0.07626,0.02944,12,2
96(a),F,W,0.3341,0.2163,6,2
96(a),F,Y,0.1003,0.04663,7.5,2
96(b),V,A,0.03646,0.03099,4,2
96(b),V,C,-0.634,0.07565,6,2
96(b),V,D,-0.19,0.01075,8.5,2
96(b),V,E,-0.4648,0.1348,6.5,2
96(b),V,F,-0.1783,0.02425,8,2
96(b),V,G,-0.01096,0.006015,5,2
96(b),V,H,-0.00095,0.2077,4,2
96(b),V,I,0.1187,0.06601,7,2
96(b),V,K,-0.09325,0.2968,4,2
96(b),V,L,0.5251,0.5509,4,2
96(b),V,M,-0.1388,0.3522,5,2
96(b),V,N,-0.6458,0.122,5,2
96(b),V,P,-0.4929,0.168,3.5,2
96(b),V,Q,-0.0129,0.2066,9,2
96(b),V,R,0.1757,0.1546,6,2
96(b),V,S,-0.3733,0.2844,5.5,2
96(b),V,T,0.1714,0.504,8.5,2
96(b),V,V,0,0,,2
96(b),V,W,0.0308,0.2408,4.5,2
96(b),V,Y,-0.05525,0.05385,5.5,2
97(a),S,A,-0.007035,0.08833,3.5,2
97(a),S,C,0.09964,0.08796,7,2
97(a),S,D,0.1643,0.07576,7,2
97(a),S,E,0.2725,0.1987,6,2
97(a),S,F,0.2766,0.195,8,2
97(a),S,G,0.0855,0.22,6,2
97(a),S,H,-0.03028,0.1075,8.5,2
97(a),S,I,-0.06512,0.1181,5.5,2
97(a),S,K,0.3129,0.1528,5.5,2
97(a),S,L,0.01435,0.2804,5.5,2
97(a),S,M,0.2066,0.02025,6.5,2
97(a),S,N,0.1375,0.06772,5.5,2
97(a),S,P,-0.361,0.2244,7.5,2
97(a),S,Q,-0.0019,0.2509,6.5,2
97(a),S,R,0.05065,0.281,6,2
97(a),S,S,0,0,,2
97(a),S,T,-0.1506,0.1269,4.5,2
97(a),S,V,0.06024,0.02552,4.5,2
97(a),S,W,0.3705,0.2569,4,2
97(a),S,Y,0.1316,0.0172,7,2
97(b),E,A,-0.2669,0.08845,5,2
97(b),E,C,0.2924,0.2131,6.5,2
97(b),E,D,-0.2671,0.1583,11,2
97(b),E,E,0,0,,2
97(b),E,F,-0.1866,0.2723,5.5,2
97(b),E,G,0.03965,0.5273,4.5,2
97(b),E,H,-0.2032,0.2373,4.5,2
97(b),E,I,0.1752,0.04805,6,2
97(b),E,K,0.01046,0.06973,5.5,2
97(b),E,L,-0.1452,0.04645,5,2
97(b),E,M,-0.04607,0.1162,6.5,2
97(b),E,N,-0.0569,0.5614,5.5,2
97(b),E,P,-0.01885,0.1552,7,2
97(b),E,Q,-0.07802,0.1055,7,2
97(b),E,R,0.02354,0.03178,7,2
97(b),E,S,-0.1832,0.04835,10,2
97(b),E,T,-0.05666,0.00966,5.5,2
97(b),E,V,0.04765,0.2198,6,2
97(b),E,W,-0.5653,0.3807,4.5,2
97(b),E,Y,-0.3418,0.04975,5,2
98(a),E,A,0.04251,0.04206,7,2
98(a),E,C,-0.03765,0.3382,6.5,2
98(a),E,D,-0.1909,0.1817,8,2
98(a),E,E,0,0,,2
98(a),E,F,-0.2606,0.3047,5,2
98(a),E,G,0.1066,0.2693,6,2
98(a),E,H,0.4133,0.4539,2.5,2
98(a),E,I,-0.0039,0.1111,5.5,2
98(a),E,K,0.5531,0.00115,8,2
98(a),E,L,-0.0111,0.007472,4.5,2
98(a),E,M,-0.0085,0.4423,6.5,2
98(a),E,N,-0.00705,0.3273,5,2
98(a),E,P,-0.3141,0.0915,6.5,2
98(a),E,Q,-0.07712,0.08327,8,2
98(a),E,R,0.5505,0.09075,7.5,2
98(a),E,S,-0.108,0.1166,8,2
98(a),E,T,0.09978,0.1626,8.5,2
98(a),E,V,-0.1395,0.1547,8.5,2
98(a),E,W,-0.4146,0.0028,8,2
98(a),E,Y,-0.864,0.0505,7,2
98(b),P,A,-0.3663,0.4312,3,2
98(b),P,C,-0.07848,0.09783,6.5,2
98(b),P,D,-1.068,0.5939,5.5,2
98(b),P,E,-0.7734,0.1426,8,2
98(b),P,F,-0.536,0.366,3,2
98(b),P,G,-0.1391,0.2574,7,2
98(b),P,H,-0.7889,0.1314,5,2
98(b),P,I,-1.039,0.1628,5,2
98(b),P,K,-1.609,0.275,6,2
98(b),P,L,-1.012,0.1416,3.5,2
98(b),P,M,-0.2037,0.0876,7,2
98(b),P,N,-0.5856,0.0314,6.5,2
98(b),P,P,0,0,,2
98(b),P,Q,-0.1763,0.212,5,2
98(b),P,R,-1.586,0.136,6.5,2
98(b),P,S,-0.2533,0.08425,8.5,2
98(b),P,T,-0.3061,0.09595,6.5,2
98(b),P,V,0.05805,0.01115,8.5,2
98(b),P,W,-0.9527,0.0663,8.5,2
98(b),P,Y,-0.3185,0.2844,5.5,2
99(a),D,A,-0.1598,0.01355,10,2
99(a),D,C,0.1081,0.01245,8.5,2
99(a),D,D,0,0,,2
99(a),D,E,0.3083,0.05435,7,2
99(a),D,F,0.1326,0.1037,3,2
99(a),D,G,0.1631,0.09678,5.5,2
99(a),D,H,0.06287,0.01608,6,2
99(a),D,I,0.2314,0.2257,5.5,2
99(a),D,K,0.331,0.06355,9,2
99(a),D,L,0.118,0.2365,4,2
99(a),D,M,0.04365,0.1663,6.5,2
99(a),D,N,-0.0319,0.2739,7.5,2
99(a),D,P,0.4617,0.0171,6.5,2
99(a),D,Q,0.05895,0.08365,5,2
99(a),D,R,0.3407,0.1443,4.5,2
99(a),D,S,0.3861,0.09385,7,2
99(a),D,T,-0.08806,0.1047,5,2
99(a),D,V,0.08345,0.2046,5,2
99(a),D,W,-0.2687,0.1595,6.5,2
99(a),D,Y,-0.3531,0.1754,9,2
99(b),K,A,-0.3716,0.3324,6.5,2
99(b),K,C,-0.1573,0.1372,6,2
99(b),K,D,-0.4387,0.04295,2.5,2
99(b),K,E,-0.1822,0.08075,6,2
99(b),K,F,0.0555,0.1892,9.5,2
99(b),K,G,-0.2942,0.00045,6.5,2
99(b),K,H,-0.1143,0.05107,4.5,2
99(b),K,I,-0.1641,0.0201,13,2
99(b),K,K,0,0,,2
99(b),K,L,0.1309,0.1836,6,2
99(b),K,M,-0.1232,0.2361,2.5,2
99(b),K,N,0.03696,0.1053,11,2
99(b),K,P,-1.507,0.085,5.5,2
99(b),K,Q,-0.3718,0.00185,4.5,2
99(b),K,R,0.1709,0.0541,10,2
99(b),K,S,0.126,0.1825,9,2
99(b),K,T,-0.1666,0.3167,6,2
99(b),K,V,-0.3152,0.01345,5,2
99(b),K,W,0.05322,0.04688,5.5,2
99(b),K,Y,0.09647,0.1361,6.5,2
