site,wildtype,mutant,effect,effect_std,times_seen,n_selections
-1(a),A,*,-8.06,0,5,2
-1(a),A,A,0,0,,2
-1(a),A,C,1.252,0.1175,4,2
-1(a),A,D,0.1041,0.6814,4.5,2
-1(a),A,E,-0.3749,0.7541,4.5,2
-1(a),A,F,0.3461,0.2428,3.5,2
-1(a),A,G,-0.0862,0.9728,3,2
-1(a),A,H,-0.5596,1.33,3.5,2
-1(a),A,I,-3.6,0,4,2
-1(a),A,K,-0.7078,0.1096,7,2
-1(a),A,L,-0.1289,0,0.5,1
-1(a),A,M,-1.702,0.306,7,2
-1(a),A,N,0.695,0.69,5,2
-1(a),A,P,-0.5312,0.7789,7,2
-1(a),A,Q,-0.3803,0.208,9.5,2
-1(a),A,R,-0.0515,1.296,5,2
-1(a),A,S,0.3727,0.3533,10.5,2
-1(a),A,T,0.2237,0.0085,18.5,2
-1(a),A,V,-2.685,0.088,15.5,2
-1(a),A,W,-2.926,0.4645,7,2
-1(a),A,Y,-0.2788,0.1966,6.5,2
-1(b),A,-,-0.5842,0.2838,2.5,2
-1(b),A,A,0,0,,2
-1(b),A,D,-1.471,0,0.5,1
-1(b),A,P,-0.05279,0,1,1
-1(b),A,S,-0.3603,0.1572,6,2
-1(b),A,T,-0.5775,0.6255,12,2
-1(b),A,V,0.04283,0.01013,18.5,2
-10(b),A,-,-0.5975,1.089,1.5,2
-10(b),A,A,0,0,,2
-10(b),A,D,-2.938,0.3795,1.5,2
-10(b),A,P,1.276,0,0.5,1
-10(b),A,S,0.797,0.254,6,2
-10(b),A,T,-0.1118,0.01989,12.5,2
-10(b),A,V,-0.5036,0.1291,6,2
-11(b),V,-,0.4342,0.0505,2,2
-11(b),V,A,-1.117,0.6474,3.5,2
-11(b),V,F,0.5653,0.3716,6,2
-11(b),V,I,1.06,0.8492,11,2
-11(b),V,L,0.0135,1.62,1.5,2
-11(b),V,V,0,0,,2
-12(b),L,-,0.1104,0.274,2.5,2
-12(b),L,L,0,0,,2
-12(b),L,M,1.384,0,0.5,1
-12(b),L,P,-1.302,0.2655,11.5,2
-12(b),L,Q,-0.8945,0,1,1
-12(b),L,R,-2.072,0,1,1
-13(b),V,-,-0.4046,0,0.5,1
-13(b),V,A,-0.5245,2.771,4.5,2
-13(b),V,E,-1.223,1.287,2,2
-13(b),V,G,-1.205,0,1,1
-13(b),V,L,0.07174,0.07216,9.5,2
-13(b),V,M,-0.5799,0.5001,13,2
-13(b),V,V,0,0,,2
-14(b),A,-,-0.82,0,1,1
-14(b),A,A,0,0,,2
-14(b),A,D,-1.609,0,0.5,1
-14(b),A,G,0.06057,0,0.5,1
-14(b),A,S,0.6835,0.6005,4.5,2
-14(b),A,T,-0.007773,0.01119,12.5,2
-14(b),A,V,-2.357,1.386,4.5,2
-15(b),G,-,-0.4319,0,1,1
-15(b),G,C,-0.5773,0.00445,3.5,2
-15(b),G,D,-0.5627,0.2404,6.5,2
-15(b),G,G,0,0,,2
-15(b),G,R,1.159,0,0.5,1
-15(b),G,S,0.9776,0.7595,11,2
-15(b),G,V,-0.5008,0.6732,2.5,2
-16(b),A,-,-1.058,0,1,1
-16(b),A,A,0,0,,2
-16(b),A,D,-0.8413,0.7107,1,2
-16(b),A,P,-0.1449,0.6748,1.5,2
-16(b),A,S,0.5965,2.362,7,2
-16(b),A,T,0.3445,0.4826,18,2
-16(b),A,V,0.7921,0.0185,19,2
-17(b),G,-,0.2629,0,0.5,1
-17(b),G,C,-0.5336,0.2605,2.5,2
-17(b),G,D,-0.6051,1.194,4.5,2
-17(b),G,G,0,0,,2
-17(b),G,S,0.3845,0.7355,11,2
-17(b),G,V,-1.298,0.6493,3.5,2
-18(b),L,-,-0.3597,0,0.5,1
-18(b),L,L,0,0,,2
-18(b),L,M,-1.194,1.054,3,2
-18(b),L,P,0.4774,0.3817,3.5,2
-18(b),L,Q,-2.809,0.342,1.5,2
-18(b),L,R,0.2563,0,0.5,1
-19(b),I,-,0.168,0,0.5,1
-19(b),I,F,0.1144,0,0.5,1
-19(b),I,I,0,0,,2
-19(b),I,L,0.8616,0,0.5,1
-19(b),I,N,-0.5096,0,2.5,1
-19(b),I,V,-1.002,0.8208,2.5,2
-2(b),L,-,-0.6351,0.4218,2.5,2
-2(b),L,K,-2.678,0,0.5,1
-2(b),L,L,0,0,,2
-2(b),L,M,0.1115,0.1038,7,2
-2(b),L,P,-0.1808,0.1881,6.5,2
-2(b),L,Q,-0.6044,0.2696,6,2
-2(b),L,R,-0.2356,0.455,1,2
-20(b),R,-,-0.5616,0,0.5,1
-20(b),R,G,0.5075,0.7275,6,2
-20(b),R,I,-0.9679,0,1,1
-20(b),R,K,-0.2606,0.1268,14,2
-20(b),R,R,0,0,,2
-20(b),R,S,1.195,0,0.5,1
-21(b),G,-,-0.1023,0,0.5,1
-21(b),G,D,1.256,0.784,20,2
-21(b),G,G,0,0,,2
-21(b),G,S,0.6601,0.4929,6.5,2
-21(b),G,V,1.477,0,1,1
-22(b),S,-,-0.2539,0,0.5,1
-22(b),S,F,0.4442,0,2,1
-22(b),S,P,-0.4932,0.7318,1,2
-22(b),S,S,0,0,,2
-22(b),S,T,0.322,0,1,1
-22(b),S,Y,-2.852,0,1,1
-23(b),G,-,-0.3399,0,0.5,1
-23(b),G,C,-0.1352,0,1,1
-23(b),G,D,-0.2763,0.09115,27.5,2
-23(b),G,G,0,0,,2
-23(b),G,S,-1.573,1.156,10.5,2
-23(b),G,V,-0.07511,0,1,1
-24(b),M,-,0.1675,0,0.5,1
-24(b),M,I,-0.1624,0.186,13.5,2
-24(b),M,K,-0.3619,0.9341,2.5,2
-24(b),M,M,0,0,,2
-24(b),M,T,-0.0655,1.264,2,2
-24(b),M,V,0.5648,0,0.5,1
-3(b),R,-,-0.4893,0.00325,2.5,2
-3(b),R,C,0.3826,0.1276,9,2
-3(b),R,H,-0.5714,0.422,15,2
-3(b),R,L,-0.4198,0.1006,6.5,2
-3(b),R,P,0.02331,0,2,1
-3(b),R,R,0,0,,2
-3(b),R,S,0.1477,0.2949,7.5,2
-4(b),A,-,-0.696,0.1451,3,2
-4(b),A,A,0,0,,2
-4(b),A,D,0.1565,0,1,1
-4(b),A,P,0.6855,0.6865,1.5,2
-4(b),A,S,-0.4392,0.0854,5,2
-4(b),A,T,-1.104,0.061,4,2
-4(b),A,V,-0.2121,0.1369,12,2
-5(b),G,-,-1.183,0.2589,3.5,2
-5(b),G,C,0.5386,0.6534,4,2
-5(b),G,D,-1.282,1.547,10.5,2
-5(b),G,G,0,0,,2
-5(b),G,R,-0.4661,0.0956,1.5,2
-5(b),G,S,-0.0518,0.3771,9.5,2
-5(b),G,V,-1.887,1.433,4.5,2
-6(b),L,-,-0.2491,0.2223,4,2
-6(b),L,F,0.9177,1.495,5.5,2
-6(b),L,H,1.403,1.964,2.5,2
-6(b),L,I,1.045,0,1,1
-6(b),L,L,0,0,,2
-6(b),L,P,-3.585,1.613,2,2
-7(b),V,-,0.3759,0.7501,3,2
-7(b),V,A,-0.369,0.741,1.5,2
-7(b),V,L,-0.4085,0.4806,4.5,2
-7(b),V,M,-2.013,0.916,11.5,2
-7(b),V,V,0,0,,2
-8(b),V,-,-0.6412,1.182,1.5,2
-8(b),V,A,1.3,0,3,1
-8(b),V,F,1.451,0.153,4.5,2
-8(b),V,I,-0.0403,0.5056,8,2
-8(b),V,L,-2.244,0,0.5,1
-8(b),V,V,0,0,,2
-9(b),L,-,-0.4028,0.9032,1.5,2
-9(b),L,L,0,0,,2
-9(b),L,M,0.0066,0.2999,2.5,2
-9(b),L,P,-2.944,0.14,12.5,2
1(T2A),G,*,-10.92,0,4.5,2
1(T2A),G,-,-0.4867,0.3996,3.5,2
1(T2A),G,E,-2.946,0.425,35.5,2
1(T2A),G,G,0,0,,2
1(T2A),G,K,2.596,0,0.5,1
1(T2A),G,R,1.485,0.5912,25.5,2
1(T2A),G,V,1.284,0.8098,4,2
1(a),V,*,-8.018,0,5,2
1(a),V,A,-0.7016,0.0776,14,2
1(a),V,C,-1.432,0.4924,6.5,2
1(a),V,D,-1.865,0.183,5.5,2
1(a),V,E,-1.001,0.7528,4.5,2
1(a),V,F,-0.7289,1.612,6.5,2
1(a),V,G,-0.6359,0.6071,7.5,2
1(a),V,H,-0.5261,0.4339,5,2
1(a),V,I,-1.772,0.258,6.5,2
1(a),V,K,0.4758,0.3823,7.5,2
1(a),V,L,0.3261,0.6293,12.5,2
1(a),V,M,1.51,0.622,16.5,2
1(a),V,N,0.6937,0.1884,5.5,2
1(a),V,P,1.456,0.8732,6,2
1(a),V,Q,-0.2034,0.4797,3,2
1(a),V,R,-2.248,0.0905,7,2
1(a),V,S,-1.633,0.8239,3,2
1(a),V,T,-1.113,0.7569,8,2
1(a),V,V,0,0,,2
1(a),V,W,-1.048,0.4924,6,2
1(a),V,Y,-1.585,0.387,7,2
1(b),G,-,-1.281,1.359,4,2
1(b),G,A,-2.653,0,1,1
1(b),G,C,0.5171,0.7139,5.5,2
1(b),G,D,-0.08985,0.3455,7,2
1(b),G,G,0,0,,2
1(b),G,R,-0.2939,0,1,1
1(b),G,S,-0.2691,0.3711,12,2
1(b),G,T,1.714,0,0.5,1
1(b),G,V,0.9495,0.6086,4.5,2
10(T2A),L,-,-0.8213,0.4137,2,2
10(T2A),L,L,0,0,,2
10(T2A),L,M,0.7443,0.2706,1,2
10(T2A),L,P,-0.5479,0,0.5,1
10(T2A),L,Q,-0.5425,1.542,1.5,2
10(T2A),L,V,1.403,1.114,1,2
10(a),T,*,-7.473,0,9.5,2
10(a),T,-,-0.6813,0,1,1
10(a),T,A,-1.582,0.2695,11.5,2
10(a),T,C,-0.6107,0.07075,9.5,2
10(a),T,D,-2.308,0.5535,9.5,2
10(a),T,E,-2.569,0.1405,6.5,2
10(a),T,F,-0.8648,0.5242,9,2
10(a),T,G,-2.534,0.2235,11,2
10(a),T,H,-2.375,0.1045,4.5,2
10(a),T,I,0.1894,0.1842,12.5,2
10(a),T,K,-3.077,0.2415,12,2
10(a),T,L,-1.303,1.133,11.5,2
10(a),T,M,1.539,1.015,10.5,2
10(a),T,N,1.029,0.4946,5.5,2
10(a),T,P,-6.891,0,10,2
10(a),T,Q,-0.7774,0.8636,11,2
10(a),T,R,-2.127,0.227,10.5,2
10(a),T,S,-0.621,1.695,8,2
10(a),T,T,0,0,,2
10(a),T,V,-0.5671,0.5879,9.5,2
10(a),T,W,-2.451,0.6005,6,2
10(a),T,Y,-0.798,0.09435,12,2
10(b),Q,*,-9.49,0,7,2
10(b),Q,-,-2.127,1.078,2.5,2
10(b),Q,A,-2.067,0.4365,11.5,2
10(b),Q,C,-1.772,0.4505,13,2
10(b),Q,D,-2.046,0.0965,8.5,2
10(b),Q,E,-1.027,0.1274,11.5,2
10(b),Q,F,-2.135,0.1885,9.5,2
10(b),Q,G,-4.066,0,10.5,2
10(b),Q,H,-0.1493,0.8365,14,2
10(b),Q,I,-1.468,0.329,9.5,2
10(b),Q,K,-4.415,0,9,2
10(b),Q,L,-1.349,0.4718,17,2
10(b),Q,M,-1.011,0.2319,12.5,2
10(b),Q,N,-2.687,0.464,10,2
10(b),Q,P,-10.67,0,16.5,2
10(b),Q,Q,0,0,,2
10(b),Q,R,-4.679,0,26,2
10(b),Q,S,-1.548,0.2655,9,2
10(b),Q,T,0.496,1.808,10.5,2
10(b),Q,V,-1.927,0.2955,9.5,2
10(b),Q,W,-4.308,0,14,2
10(b),Q,Y,-4.236,0,12,2
100(a),P,-,-0.5282,0.01055,3,2
100(a),P,A,1.912,0.878,9.5,2
100(a),P,C,-0.935,1.032,8,2
100(a),P,D,-0.7473,0.7187,12.5,2
100(a),P,E,-0.3523,0.106,10.5,2
100(a),P,F,0.673,0.914,11.5,2
100(a),P,G,-0.7888,0.7782,8,2
100(a),P,H,-0.2058,0.8212,7.5,2
100(a),P,I,-0.7716,1.244,9,2
100(a),P,K,-0.9497,0.7143,6.5,2
100(a),P,L,0.11,1.101,12.5,2
100(a),P,M,1.269,1.109,10.5,2
100(a),P,N,-0.18,0.1598,8,2
100(a),P,P,0,0,,2
100(a),P,Q,0.9914,1.046,9,2
100(a),P,R,0.9524,0.5276,16,2
100(a),P,S,-0.0336,0.1084,18,2
100(a),P,T,-0.1337,0.1449,12.5,2
100(a),P,V,0.7891,0.0697,8.5,2
100(a),P,W,1.015,0.0606,13,2
100(a),P,Y,0.0725,1.028,7.5,2
100(b),V,-,-2.866,0.573,366,2
100(b),V,A,0.178,1.273,6,2
100(b),V,C,-0.6582,0.08605,13,2
100(b),V,D,-4.433,0,7.5,2
100(b),V,E,-2.636,0.4605,7,2
100(b),V,F,-1.282,0.1815,13.5,2
100(b),V,G,-1.484,0.6744,7,2
100(b),V,H,-1.435,0.043,14,2
100(b),V,I,1.003,0.3876,12.5,2
100(b),V,K,-3.373,0.054,6.5,2
100(b),V,L,-0.1635,0.2528,18,2
100(b),V,M,-0.44,0.2751,21.5,2
100(b),V,N,-1.612,0.4895,9,2
100(b),V,P,-1.867,1.335,4,2
100(b),V,Q,-1.603,0.5765,5.5,2
100(b),V,R,-2.735,0.093,13.5,2
100(b),V,S,-0.3087,1.088,12,2
100(b),V,T,-0.6382,0.9778,10.5,2
100(b),V,V,0,0,,2
100(b),V,W,-4.027,0.712,4.5,2
100(b),V,Y,-1.881,0.2575,10,2
101(a),V,-,-0.3562,0.1083,4,2
101(a),V,A,0.8537,1.267,14,2
101(a),V,C,-1.144,0.1992,16,2
101(a),V,D,-0.04445,0.4453,14.5,2
101(a),V,E,0.2177,1.071,10,2
101(a),V,F,-0.8941,0.1949,10.5,2
101(a),V,G,0.8162,1.016,10.5,2
101(a),V,H,0.3342,0.4614,9,2
101(a),V,I,0.9153,0.8867,10.5,2
101(a),V,K,1.712,0.9694,5,2
101(a),V,L,0.308,0.1183,18.5,2
101(a),V,M,-0.5336,0.7523,14.5,2
101(a),V,N,1.701,0.07,6.5,2
101(a),V,P,0.1773,0.4598,10.5,2
101(a),V,Q,0.7409,0.4342,11,2
101(a),V,R,0.01425,0.9556,5,2
101(a),V,S,-0.6121,0.3353,10.5,2
101(a),V,T,1.177,1.219,10.5,2
101(a),V,V,0,0,,2
101(a),V,W,0.4775,1.782,10.5,2
101(a),V,Y,-0.1437,0.1965,10,2
101(b),R,-,-0.2513,0.1488,365.5,2
101(b),R,A,1.308,0.333,6,2
101(b),R,C,0.1887,0.1094,10.5,2
101(b),R,D,-1.193,0.6697,9,2
101(b),R,E,0.152,0.4679,11,2
101(b),R,F,-0.5215,1.196,9,2
101(b),R,G,-2.205,0.9545,10.5,2
101(b),R,H,-1.461,1.218,13,2
101(b),R,I,1.114,1.162,13.5,2
101(b),R,K,-1.173,0.935,6.5,2
101(b),R,L,-1.583,0.1275,11,2
101(b),R,M,-1.227,0.8794,8.5,2
101(b),R,N,-0.4945,0.37,11.5,2
101(b),R,P,-8.213,0,7,2
101(b),R,Q,-0.00795,0.1106,15.5,2
101(b),R,R,0,0,,2
101(b),R,S,0.4777,0.3834,8,2
101(b),R,T,0.5451,0.5689,7.5,2
101(b),R,V,0.9184,1.1,10.5,2
101(b),R,W,-0.04381,0.111,46.5,2
101(b),R,Y,1.964,1.676,12.5,2
102(a),E,*,-6.397,0,3,2
102(a),E,-,-0.2969,0.00575,3.5,2
102(a),E,A,0.2571,0.3438,8,2
102(a),E,C,0.9101,0.2129,10.5,2
102(a),E,D,-0.5955,1.892,9,2
102(a),E,E,0,0,,2
102(a),E,F,-0.3327,0.3983,8.5,2
102(a),E,G,-0.0774,1.021,12,2
102(a),E,H,0.5997,1.164,9.5,2
102(a),E,I,1.471,0.8958,13.5,2
102(a),E,K,0.169,0.326,37,2
102(a),E,L,0.6245,0.054,11.5,2
102(a),E,M,0.2153,0.2996,12,2
102(a),E,N,2.431,0.197,10.5,2
102(a),E,P,0.1615,1.466,7,2
102(a),E,Q,1.105,0.1701,11,2
102(a),E,R,-0.2055,0.2683,9.5,2
102(a),E,S,1.159,0.5742,10.5,2
102(a),E,T,0.9445,1.617,12,2
102(a),E,V,-0.1085,1.948,13.5,2
102(a),E,W,0.6853,0.3528,9.5,2
102(a),E,Y,-0.1022,0.1578,8.5,2
102(b),V,-,-0.3401,0.0115,365,2
102(b),V,A,0.5856,1.141,11,2
102(b),V,C,-1.125,0.5503,12,2
102(b),V,D,-4.347,0,10,2
102(b),V,E,-3.748,0,8,2
102(b),V,F,-1.866,0.17,12.5,2
102(b),V,G,0.6728,1.551,10.5,2
102(b),V,H,-2.498,0.11,11,2
102(b),V,I,-0.769,0.518,6.5,2
102(b),V,K,-4.242,0,6.5,2
102(b),V,L,-0.7856,0.09015,15.5,2
102(b),V,M,-0.5085,0.0139,19,2
102(b),V,N,-2.753,0.165,12.5,2
102(b),V,P,-0.421,1.758,6.5,2
102(b),V,Q,-2.61,0.233,11,2
102(b),V,R,-3.148,0.167,8.5,2
102(b),V,S,-0.623,1.774,11,2
102(b),V,T,-0.4278,0.8342,9,2
102(b),V,V,0,0,,2
102(b),V,W,-2.791,0.3795,11.5,2
102(b),V,Y,-1.565,0.2105,11,2
103(a),L,-,-0.05435,0.1808,5,2
103(a),L,A,1.275,1.202,9.5,2
103(a),L,C,0.8083,1.006,10.5,2
103(a),L,D,0.2518,0.3569,11.5,2
103(a),L,E,0.3372,0.6476,8.5,2
103(a),L,F,-0.118,0.3044,9,2
103(a),L,G,-0.6319,0.4431,13.5,2
103(a),L,H,-0.7134,0.1467,15.5,2
103(a),L,I,-0.1065,1.49,8.5,2
103(a),L,K,1.271,0.7054,8,2
103(a),L,L,0,0,,2
103(a),L,M,-0.4892,0.164,17,2
103(a),L,N,0.3397,0.2435,9.5,2
103(a),L,P,-0.2383,0.6371,18.5,2
103(a),L,Q,1.666,0.455,10.5,2
103(a),L,R,3.919,3.431,11.5,2
103(a),L,S,-0.6314,0.6676,10,2
103(a),L,T,-1.597,1.47,7,2
103(a),L,V,0.9495,1.993,10,2
103(a),L,W,1.6,2.67,9,2
103(a),L,Y,-0.8228,0.6982,9,2
103(b),S,-,-0.5225,0.1045,365,2
103(b),S,A,-0.484,1.033,7,2
103(b),S,C,0.1821,0.8078,16.5,2
103(b),S,D,-1.065,0.4069,9,2
103(b),S,E,0.7026,0.5433,7.5,2
103(b),S,F,-0.5508,0.2742,17,2
103(b),S,G,-0.7574,0.3296,9.5,2
103(b),S,H,2.03,0.5485,14.5,2
103(b),S,I,-0.473,0.556,13.5,2
103(b),S,K,-1.009,1.003,13,2
103(b),S,L,1.502,0.4225,6,2
103(b),S,M,-0.2393,0.3865,13,2
103(b),S,N,0.6705,0.5095,10,2
103(b),S,P,-0.5603,0.08645,14,2
103(b),S,Q,0.8077,0.2652,9,2
103(b),S,R,-0.3482,0.1392,14,2
103(b),S,S,0,0,,2
103(b),S,T,0.1443,0.9098,5.5,2
103(b),S,V,0.2004,1.006,16,2
103(b),S,W,-0.8393,0.3598,7,2
103(b),S,Y,-0.9709,0.6181,13.5,2
104(a),G,*,-8.878,0,4.5,2
104(a),G,-,-1.014,0.2585,4.5,2
104(a),G,A,0.5609,0.1334,10,2
104(a),G,C,0.3157,0.7023,10,2
104(a),G,D,-0.816,1.366,10.5,2
104(a),G,E,-0.9234,0.5146,14.5,2
104(a),G,F,1.285,0.3766,16,2
104(a),G,G,0,0,,2
104(a),G,H,-0.1013,0.9556,11,2
104(a),G,I,-1.318,0.3719,10.5,2
104(a),G,K,-0.206,1.649,13.5,2
104(a),G,M,0.0674,0.5078,5,2
104(a),G,N,1.806,0.2255,11,2
104(a),G,P,-0.2572,1.162,10.5,2
104(a),G,Q,0.2535,2.819,7,2
104(a),G,R,0.3163,1.071,21,2
104(a),G,S,0.6593,1.061,7,2
104(a),G,T,-0.4409,0.3125,10.5,2
104(a),G,V,-0.2285,2.619,4.5,2
104(a),G,W,0.6769,0.5071,7,2
104(a),G,Y,0.639,0.604,12,2
104(b),P,-,-0.3186,0.1024,364.5,2
104(b),P,A,-0.2834,0.01695,9,2
104(b),P,C,-0.121,0.6954,12.5,2
104(b),P,D,-0.8836,0.6035,11,2
104(b),P,E,0.03785,0.8585,10,2
104(b),P,F,-0.6916,1.661,10,2
104(b),P,G,-0.343,0.0567,14,2
104(b),P,H,0.256,0.6051,12,2
104(b),P,I,2.364,0.3905,7.5,2
104(b),P,K,1.223,0.8828,14,2
104(b),P,L,-0.0199,0.1598,13,2
104(b),P,M,-1.273,0.8193,13,2
104(b),P,N,-1.138,0.062,10,2
104(b),P,P,0,0,,2
104(b),P,Q,0.7554,1.085,13.5,2
104(b),P,R,1.231,0.0995,6,2
104(b),P,S,1.243,0.542,16,2
104(b),P,T,0.8634,0.6196,9.5,2
104(b),P,V,-0.4185,1.958,11,2
104(b),P,W,0.917,0.666,7,2
104(b),P,Y,-1.179,1.186,6,2
105(a),D,-,-0.5822,0.7007,4.5,2
105(a),D,A,-0.6055,0.3569,10.5,2
105(a),D,C,0.9534,0.9846,8,2
105(a),D,D,0,0,,2
105(a),D,E,0.2225,1.712,10,2
105(a),D,F,1.818,0.3485,9.5,2
105(a),D,G,1.049,0.5806,7.5,2
105(a),D,H,0.8982,0.06905,14.5,2
105(a),D,I,1.289,0.019,7.5,2
105(a),D,K,0.8656,0.4204,16,2
105(a),D,L,1.41,1.098,9.5,2
105(a),D,M,1.055,0.7562,12.5,2
105(a),D,N,0.2671,0.4286,19.5,2
105(a),D,P,2.411,1.704,7.5,2
105(a),D,Q,-0.1517,0.05608,10,2
105(a),D,R,2.453,0.205,10,2
105(a),D,S,0.7319,0.2366,9,2
105(a),D,T,0.3582,0.9788,8,2
105(a),D,V,0.6418,0.5852,11,2
105(a),D,W,-1.23,1.685,12,2
105(a),D,Y,-0.0972,0.6121,14,2
105(b),M,-,-0.6064,0.7217,364.5,2
105(b),M,A,0.1065,0.8423,9,2
105(b),M,C,0.3429,0.3045,11,2
105(b),M,D,-0.025,0.5131,10,2
105(b),M,E,-0.6965,1.735,4.5,2
105(b),M,F,-0.6122,0.6068,7.5,2
105(b),M,G,-0.2115,0.06225,6,2
105(b),M,H,0.4352,1.259,10,2
105(b),M,I,0.1001,0.1513,32,2
105(b),M,K,-0.3906,0.4753,10.5,2
105(b),M,L,0.8941,0.9919,11,2
105(b),M,M,0,0,,2
105(b),M,N,-1.013,0.5693,12,2
105(b),M,P,1.01,2.417,12,2
105(b),M,Q,-1.633,0.18,9,2
105(b),M,R,-1.148,0.6759,10,2
105(b),M,S,-0.1385,0.7819,13.5,2
105(b),M,T,0.7365,0.7575,10,2
105(b),M,V,0.0386,0.2465,14.5,2
105(b),M,W,-0.5015,0.288,11,2
105(b),M,Y,-1.293,0.8994,7,2
106(a),P,-,-1.314,0.3282,6.5,2
106(a),P,A,0.2441,0.0942,9,2
106(a),P,C,0.4722,0.228,11.5,2
106(a),P,D,0.9191,0.195,11,2
106(a),P,E,0.8564,0.8726,8,2
106(a),P,F,0.3585,1.429,10.5,2
106(a),P,G,-0.7947,0.3753,14,2
106(a),P,H,1.333,1.287,19,2
106(a),P,I,2.157,0.1495,9.5,2
106(a),P,K,1.934,0.202,8.5,2
106(a),P,L,0.1404,0.8034,14,2
106(a),P,M,1.538,0.1745,10,2
106(a),P,N,0.2461,0.8159,9,2
106(a),P,P,0,0,,2
106(a),P,Q,0.5862,0.8398,5,2
106(a),P,R,1.607,0.45,10.5,2
106(a),P,S,1.401,1.141,19,2
106(a),P,T,1.909,1.218,12,2
106(a),P,V,0.0195,1.199,12.5,2
106(a),P,W,-0.8181,0.5779,12,2
106(a),P,Y,-1.065,0.1453,13,2
106(b),Q,*,-7.763,0,16.5,2
106(b),Q,-,-0.02304,0.06262,364,2
106(b),Q,A,0.9234,1.128,9,2
106(b),Q,C,-1.89,0.5045,9.5,2
106(b),Q,D,-0.2134,0.0819,9,2
106(b),Q,E,-0.4995,0.4672,11.5,2
106(b),Q,F,-0.518,0.732,5.5,2
106(b),Q,G,0.4125,0.5262,9,2
106(b),Q,H,-0.7787,0.6543,17.5,2
106(b),Q,I,1.127,0.2945,10,2
106(b),Q,K,-0.1064,0.7199,8.5,2
106(b),Q,L,-0.6418,0.7662,16.5,2
106(b),Q,M,0.9005,0.6295,9.5,2
106(b),Q,N,0.8233,0.7537,12.5,2
106(b),Q,P,-0.8355,2.187,6,2
106(b),Q,Q,0,0,,2
106(b),Q,R,-0.9341,1.003,13,2
106(b),Q,S,1.206,0.6603,9,2
106(b),Q,T,0.9143,0.4326,11.5,2
106(b),Q,V,-0.09505,0.7055,12,2
106(b),Q,W,0.7046,0.08025,8.5,2
106(b),Q,Y,-0.8537,0.3973,10.5,2
107(a),N,-,-0.94,0.4281,5.5,2
107(a),N,A,-1.287,0.156,10,2
107(a),N,C,-1.088,1.171,9,2
107(a),N,D,-1.442,0.3445,9.5,2
107(a),N,E,-1.941,0.8255,10,2
107(a),N,F,1.744,0.011,8.5,2
107(a),N,G,0.5376,0.3742,12,2
107(a),N,H,1.028,1.05,7,2
107(a),N,I,-1.951,0.294,11.5,2
107(a),N,K,-0.2645,0.3568,6.5,2
107(a),N,L,-1.56,0.5275,12,2
107(a),N,M,-0.2185,2.095,9,2
107(a),N,N,0,0,,2
107(a),N,P,-1.963,0.0655,7.5,2
107(a),N,Q,-0.939,0.088,12.5,2
107(a),N,R,-0.2974,0.4364,5.5,2
107(a),N,S,-0.5531,0.222,10.5,2
107(a),N,T,-0.8548,0.6702,10.5,2
107(a),N,V,-2.644,0.153,10.5,2
107(a),N,W,0.3207,1.227,14.5,2
107(a),N,Y,-0.5324,1.046,10.5,2
107(b),S,-,-0.407,0.2857,364,2
107(b),S,A,0.3682,0.8218,11.5,2
107(b),S,C,-1.556,0.5175,9.5,2
107(b),S,D,0.7655,0.3115,9.5,2
107(b),S,E,-0.5654,0.5906,8,2
107(b),S,F,0.6616,0.8124,8.5,2
107(b),S,G,0.0265,1.125,7,2
107(b),S,H,1.496,0.303,11,2
107(b),S,I,-0.00885,0.1355,12,2
107(b),S,K,0.871,1.027,10,2
107(b),S,L,-0.5207,0.3325,13.5,2
107(b),S,M,-0.1496,1.092,10,2
107(b),S,N,-0.0572,0.4984,20,2
107(b),S,P,1.558,0.501,10.5,2
107(b),S,Q,0.6807,1.343,17.5,2
107(b),S,R,0.2999,0.729,9.5,2
107(b),S,S,0,0,,2
107(b),S,T,0.4778,0.7992,8,2
107(b),S,V,0.2903,0.9617,7.5,2
107(b),S,W,-0.6481,0.771,5,2
107(b),S,Y,0.4842,0.4437,10.5,2
108(a),I,-,-0.8938,0.3422,4.5,2
108(a),I,A,1.66,0.321,7.5,2
108(a),I,C,1.343,0.8984,9,2
108(a),I,D,3.423,1.102,10.5,2
108(a),I,E,0.0505,1.887,7,2
108(a),I,F,-0.1479,0.4325,10.5,2
108(a),I,G,0.1275,2.442,11.5,2
108(a),I,H,1.983,0.018,8.5,2
108(a),I,I,0,0,,2
108(a),I,K,-0.7424,0.8166,8,2
108(a),I,L,0.3653,1.249,9.5,2
108(a),I,M,2.067,0.838,11,2
108(a),I,N,-0.1505,1.411,14,2
108(a),I,P,-3.64,0,11,2
108(a),I,Q,0.8621,0.3449,8.5,2
108(a),I,R,-0.6298,0.1443,10.5,2
108(a),I,S,1.297,1.614,9,2
108(a),I,T,1.648,0.643,9,2
108(a),I,V,-1.248,0.2955,13,2
108(a),I,W,1.81,0.293,7,2
108(a),I,Y,0.3106,0.9763,11.5,2
108(b),S,-,0.5715,0.8665,364.5,2
108(b),S,A,0.4455,1.516,7,2
108(b),S,C,-1.799,0.116,11.5,2
108(b),S,D,1.533,0.068,8,2
108(b),S,E,0.1345,1.877,9.5,2
108(b),S,F,0.0044,0.4429,17,2
108(b),S,G,-1.029,0.6553,7,2
108(b),S,H,-0.7276,0.004,14,2
108(b),S,I,0.6164,0.2829,10,2
108(b),S,K,0.9935,0.5825,7,2
108(b),S,L,0.0605,1.212,10,2
108(b),S,M,0.269,0.5407,13,2
108(b),S,N,-0.2285,0.2021,13.5,2
108(b),S,P,-0.5455,0.8684,18,2
108(b),S,Q,1.435,1.217,8.5,2
108(b),S,R,-0.2499,0.04085,12.5,2
108(b),S,S,0,0,,2
108(b),S,T,-1.15,1.004,13,2
108(b),S,V,0.2081,0.6464,5.5,2
108(b),S,W,-0.743,0.618,13,2
108(b),S,Y,-0.2247,0.6424,6.5,2
109(a),L,-,-0.402,0.0524,4,2
109(a),L,A,-0.2011,0.07685,9.5,2
109(a),L,C,0.2749,0.3402,10,2
109(a),L,D,-4.645,0,9.5,2
109(a),L,E,-3.449,0,9,2
109(a),L,F,-1.84,0.506,10.5,2
109(a),L,G,-0.8926,0.3863,10,2
109(a),L,H,-2.492,0.0075,10.5,2
109(a),L,I,0.393,1.989,10,2
109(a),L,K,-4.206,0,8,2
109(a),L,L,0,0,,2
109(a),L,M,-0.1322,0.4511,10.5,2
109(a),L,N,-1.602,0.8788,11.5,2
109(a),L,P,-8.104,0,19,2
109(a),L,Q,-1.76,0.729,8,2
109(a),L,R,-5.348,0,14.5,2
109(a),L,S,-2.875,0.0005,7.5,2
109(a),L,T,-7.264,0,10.5,2
109(a),L,V,-0.5506,0.9994,12.5,2
109(a),L,W,-1.901,1.092,10,2
109(a),L,Y,-2.831,0.059,13,2
109(b),S,-,0.1251,0.1868,364,2
109(b),S,A,0.7817,0.3753,12,2
109(b),S,C,-0.419,1.546,7,2
109(b),S,D,0.0022,0.3535,12.5,2
109(b),S,E,1.927,0.1015,7,2
109(b),S,F,-0.166,0.08926,17,2
109(b),S,G,0.5623,1.01,9,2
109(b),S,H,1.273,1.28,11.5,2
109(b),S,I,0.6737,1.142,9.5,2
109(b),S,K,1.391,0.29,10.5,2
109(b),S,L,-0.2412,0.7354,8,2
109(b),S,M,0.8374,0.9426,9.5,2
109(b),S,N,0.0155,1.38,10,2
109(b),S,P,0.04351,0.1401,11.5,2
109(b),S,Q,-0.4475,2.314,5.5,2
109(b),S,R,-0.3866,1.246,12.5,2
109(b),S,S,0,0,,2
109(b),S,T,-0.183,0.0137,11.5,2
109(b),S,V,-0.5636,0.8394,6.5,2
109(b),S,W,0.3493,0.8357,9.5,2
109(b),S,Y,-1.294,0.6415,12.5,2
11(T2A),T,-,-1.051,0.5784,2.5,2
11(T2A),T,A,-1.356,0.044,3,2
11(T2A),T,I,-3.389,0,5,2
11(T2A),T,N,-2.018,1.102,2,2
11(T2A),T,S,-2.986,0.516,1.5,2
11(T2A),T,T,0,0,,2
11(a),E,*,-9.377,0,13.5,2
11(a),E,-,-0.4884,0,1,1
11(a),E,A,-3.518,0,5,2
11(a),E,C,-0.3812,0.3193,13,2
11(a),E,D,-2.116,0.6915,12.5,2
11(a),E,E,0,0,,2
11(a),E,F,-4.178,0,6,2
11(a),E,G,-2.761,0.359,17.5,2
11(a),E,H,-3.009,0.354,11.5,2
11(a),E,I,-0.4967,1.444,6.5,2
11(a),E,K,-4.978,0,21,2
11(a),E,L,-1.175,0.5685,7.5,2
11(a),E,M,-3.554,0,5.5,2
11(a),E,N,-2.641,0.162,8.5,2
11(a),E,P,-12.35,0,6.5,2
11(a),E,Q,-3.025,0.048,7,2
11(a),E,R,-3.941,0,6.5,2
11(a),E,S,-1.529,1.683,5.5,2
11(a),E,T,-3.41,0,10,2
11(a),E,V,-0.1037,0.2638,11.5,2
11(a),E,W,-4.427,0,9,2
11(a),E,Y,-4.225,0,7,2
11(b),E,*,-6.821,0,4,2
11(b),E,-,-1.299,0.6568,2,2
11(b),E,A,-0.178,1.32,12.5,2
11(b),E,C,-2.058,0.9055,12,2
11(b),E,D,-1.619,0.46,20.5,2
11(b),E,E,0,0,,2
11(b),E,F,-2.442,0.255,11.5,2
11(b),E,G,-2.154,0.062,9,2
11(b),E,H,-1.679,1.029,11.5,2
11(b),E,I,-2.412,0.0525,9.5,2
11(b),E,K,-3.146,0,20,2
11(b),E,L,-3.058,0.244,13,2
11(b),E,M,-0.5377,0.4632,13.5,2
11(b),E,N,-1.763,0.8073,12,2
11(b),E,P,-4.245,0,9.5,2
11(b),E,Q,-0.94,1.366,14.5,2
11(b),E,R,-2.596,0.2425,6,2
11(b),E,S,-0.8432,0.8748,13,2
11(b),E,T,-2.19,0.6515,12.5,2
11(b),E,V,0.1185,1.156,10,2
11(b),E,W,-3.511,0,11.5,2
11(b),E,Y,-2.971,0.0755,7.5,2
110(a),I,-,-0.5,0.09155,4,2
110(a),I,A,-1.178,0.15,11,2
110(a),I,C,-0.9411,0.25,10.5,2
110(a),I,D,-1.506,0.2235,7,2
110(a),I,E,-0.5872,1.181,11.5,2
110(a),I,F,-0.9264,0.02535,15,2
110(a),I,G,-2.842,0.4525,8.5,2
110(a),I,H,-1.038,0.6214,9.5,2
110(a),I,I,0,0,,2
110(a),I,K,-1.896,0.275,12.5,2
110(a),I,L,0.7699,0.7661,11.5,2
110(a),I,M,-0.6125,0.6595,11.5,2
110(a),I,N,-1.495,0.011,11.5,2
110(a),I,P,-6.74,0,10.5,2
110(a),I,Q,-0.9079,0.2301,14,2
110(a),I,R,-2.422,0.36,7.5,2
110(a),I,S,-1.585,0.37,12.5,2
110(a),I,T,-1.035,0.6514,8,2
110(a),I,V,-0.3364,0.1997,14,2
110(a),I,W,-2.125,0.045,11.5,2
110(a),I,Y,-0.4851,1.186,10.5,2
110(b),L,-,-0.3462,0.1308,364.5,2
110(b),L,A,0.209,0.1611,11.5,2
110(b),L,C,-0.3265,0.2068,7.5,2
110(b),L,D,-0.1015,1.917,7,2
110(b),L,E,2.394,1.86,9,2
110(b),L,F,-0.3828,0.0973,9,2
110(b),L,G,1.571,0.505,7.5,2
110(b),L,H,-0.0597,0.7309,10.5,2
110(b),L,I,-0.9629,0.589,11,2
110(b),L,K,-1.238,0.451,12,2
110(b),L,L,0,0,,2
110(b),L,M,-0.114,0.4528,10.5,2
110(b),L,N,-0.116,1.468,8,2
110(b),L,P,-0.223,0.5362,15,2
110(b),L,Q,0.1907,0.3438,11.5,2
110(b),L,R,0.0911,0.7442,8,2
110(b),L,S,-0.09973,0.1903,10.5,2
110(b),L,T,-0.2162,0.3978,11,2
110(b),L,V,-0.4147,0.3216,7.5,2
110(b),L,W,-0.01575,0.3093,13,2
110(b),L,Y,0.6906,1.146,9,2
111(a),C,*,-7.45,0,3,2
111(a),C,-,-0.7237,0.6523,4,2
111(a),C,A,-0.636,0.253,10,2
111(a),C,C,0,0,,2
111(a),C,D,-7.889,0,16,2
111(a),C,E,-6.848,0,10,2
111(a),C,F,-2.426,0.211,9,2
111(a),C,G,-1.039,1.11,13,2
111(a),C,H,-4.056,0,7.5,2
111(a),C,I,-1.424,0.6032,12.5,2
111(a),C,K,-5.35,0,9.5,2
111(a),C,L,-1.139,1.082,12,2
111(a),C,M,0.4446,0.244,6.5,2
111(a),C,N,-3.391,0.073,13.5,2
111(a),C,P,-8.898,0,14,2
111(a),C,Q,-3.541,0,14.5,2
111(a),C,R,-8.613,0,10.5,2
111(a),C,S,-0.691,0.5469,13.5,2
111(a),C,T,-1.167,0.711,8,2
111(a),C,V,1.444,0.5823,12.5,2
111(a),C,W,-4.38,0,9.5,2
111(a),C,Y,-3.692,0,35,2
111(b),P,-,-0.06018,0.01634,365,2
111(b),P,A,-0.7493,1.096,9.5,2
111(b),P,C,-1.084,0.5043,10,2
111(b),P,D,-0.3234,0.1904,9,2
111(b),P,E,0.8711,0.9889,11,2
111(b),P,F,-0.5317,0.4545,10.5,2
111(b),P,G,0.24,0.1447,11.5,2
111(b),P,H,-0.0485,1.849,9,2
111(b),P,I,0.3453,0.2929,11.5,2
111(b),P,K,-0.3641,0.0373,11,2
111(b),P,L,0.3095,1.865,12.5,2
111(b),P,M,-0.179,0.2745,10.5,2
111(b),P,N,-0.2908,0.5296,7,2
111(b),P,P,0,0,,2
111(b),P,Q,0.3722,0.3665,11,2
111(b),P,R,-0.2851,0.063,7.5,2
111(b),P,S,0.4802,0.4975,17,2
111(b),P,T,0.03596,0.06062,18,2
111(b),P,V,0.3851,0.5692,10,2
111(b),P,W,-0.402,0.2824,9,2
111(b),P,Y,0.1131,0.6613,7,2
112(a),Y,*,-7.802,0,4.5,2
112(a),Y,-,-1.638,1.681,4,2
112(a),Y,A,-0.4144,1.276,13,2
112(a),Y,C,-0.0646,1.027,12,2
112(a),Y,D,-0.7548,0.6062,9,2
112(a),Y,E,-1.971,0.618,6.5,2
112(a),Y,F,0.5287,0.6623,13.5,2
112(a),Y,G,-2.614,0.472,11.5,2
112(a),Y,H,-0.168,1.647,8.5,2
112(a),Y,I,0.3435,1.607,12,2
112(a),Y,K,-1.501,0.116,12,2
112(a),Y,L,-1.52,0.9563,9,2
112(a),Y,M,-0.4256,0.9184,10,2
112(a),Y,N,-1.724,0.4095,11.5,2
112(a),Y,P,-4.863,0,12.5,2
112(a),Y,Q,-0.0055,1.55,7.5,2
112(a),Y,R,-2.36,0.368,13.5,2
112(a),Y,S,-0.9674,1.531,8,2
112(a),Y,T,-1.839,0.1775,10,2
112(a),Y,V,0.6073,0.3372,15,2
112(a),Y,W,0.2336,0.6998,12,2
112(a),Y,Y,0,0,,2
112(b),Q,*,-8.008,0,5.5,2
112(b),Q,-,-0.7314,0.6996,366,2
112(b),Q,A,0.0395,1.71,12.5,2
112(b),Q,C,-1.066,0.5279,10,2
112(b),Q,D,-0.619,0.965,10,2
112(b),Q,E,-0.2014,0.1804,13.5,2
112(b),Q,F,0.6074,1.281,12.5,2
112(b),Q,G,0.7402,0.9578,7,2
112(b),Q,H,0.6212,0.6948,17,2
112(b),Q,I,0.4604,0.9616,8,2
112(b),Q,K,-0.9158,0.8162,10,2
112(b),Q,L,-0.2755,0.576,11,2
112(b),Q,M,-0.4205,0.03055,11,2
112(b),Q,N,-0.03845,0.3848,11,2
112(b),Q,P,0.3445,0.439,12,2
112(b),Q,Q,0,0,,2
112(b),Q,R,0.2805,0.45,16.5,2
112(b),Q,S,0.7252,0.3337,12.5,2
112(b),Q,T,-0.7757,0.2583,9.5,2
112(b),Q,V,1.287,0.6451,9,2
112(b),Q,W,-0.1848,0.1112,9,2
112(b),Q,Y,1.824,1.16,10.5,2
113(a),V,-,-2.37,1.363,4.5,2
113(a),V,A,-0.034,0.1398,16,2
113(a),V,C,0.5984,0.6026,13,2
113(a),V,D,-3.732,0,15,2
113(a),V,E,-2.633,0.1615,16,2
113(a),V,F,-1.898,0.173,19,2
113(a),V,G,-0.4877,0.8973,10.5,2
113(a),V,H,-3.043,0.0395,14,2
113(a),V,I,-0.1072,0.1717,16.5,2
113(a),V,K,-2.785,0.277,7.5,2
113(a),V,L,-0.8213,0.8587,15,2
113(a),V,M,0.551,1.401,10,2
113(a),V,N,-0.9982,0.06585,13.5,2
113(a),V,P,0.0016,0.1842,10.5,2
113(a),V,Q,-1.511,0.2775,7.5,2
113(a),V,R,-7.919,0,5,2
113(a),V,S,0.4666,0.9674,8.5,2
113(a),V,T,0.268,0.6652,14,2
113(a),V,V,0,0,,2
113(a),V,W,-5.007,0,6,2
113(a),V,Y,-2.377,0.2795,11,2
113(b),T,-,-1.256,0.695,366,2
113(b),T,A,0.00415,0.4985,13,2
113(b),T,C,-0.4336,0.1987,11.5,2
113(b),T,D,1.203,0.9776,7,2
113(b),T,E,-0.7312,0.05325,12.5,2
113(b),T,F,0.5087,0.4678,7.5,2
113(b),T,G,0.3245,0.4266,1,2
113(b),T,H,0.8554,1.589,13,2
113(b),T,I,0.2255,0.4137,14.5,2
113(b),T,K,0.8305,0.9295,11.5,2
113(b),T,L,-0.2666,0.1388,9.5,2
113(b),T,M,0.89,0.0421,9,2
113(b),T,N,0.1865,0.4246,8,2
113(b),T,P,-0.0205,1.305,11,2
113(b),T,Q,-0.3365,2.183,10,2
113(b),T,R,0.4122,0.1035,6.5,2
113(b),T,S,-0.9689,0.06605,7,2
113(b),T,T,0,0,,2
113(b),T,V,0.5845,0.2158,9.5,2
113(b),T,W,-1.288,0.3298,10,2
113(b),T,Y,-0.371,0.5964,11,2
114(a),D,-,-0.5882,0.1584,2.5,2
114(a),D,A,1.402,0.6021,10.5,2
114(a),D,C,0.0711,1.055,11.5,2
114(a),D,D,0,0,,2
114(a),D,E,1.25,0.3178,7.5,2
114(a),D,F,-0.2123,0.1504,13,2
114(a),D,G,2.272,3.669,14,2
114(a),D,H,-1.01,0.3481,11,2
114(a),D,I,-0.8134,0.9306,5.5,2
114(a),D,K,-1.99,0.1455,10,2
114(a),D,L,0.7256,1.094,10.5,2
114(a),D,M,-0.5497,1.129,13,2
114(a),D,N,0.5497,0.5473,44.5,2
114(a),D,P,-1.901,0.552,5.5,2
114(a),D,Q,-0.7934,0.3416,8.5,2
114(a),D,R,-1.034,0.5817,7.5,2
114(a),D,S,-0.1351,0.0889,13,2
114(a),D,T,-0.7989,0.03515,7.5,2
114(a),D,V,-0.9897,0.5592,6.5,2
114(a),D,W,-1.445,0.468,9,2
114(a),D,Y,-0.3452,0.0568,14,2
114(b),D,-,-1.1,0.3075,365,2
114(b),D,A,-0.1263,0.005,16,2
114(b),D,C,-0.4406,0.162,13,2
114(b),D,D,0,0,,2
114(b),D,E,0.5123,0.2672,9,2
114(b),D,F,0.4735,0.7715,8.5,2
114(b),D,G,0.0496,0.001055,11,2
114(b),D,H,-0.846,0.4099,9.5,2
114(b),D,I,-0.3039,0.1221,10,2
114(b),D,K,1.248,0.3937,10.5,2
114(b),D,L,0.121,0.2408,7.5,2
114(b),D,M,-0.02076,0.1016,12.5,2
114(b),D,N,0.9206,0.8454,14.5,2
114(b),D,P,-0.258,0.0917,10,2
114(b),D,Q,0.3453,0.0253,10,2
114(b),D,R,-0.3166,0.5283,9.5,2
114(b),D,S,0.2192,0.1994,7,2
114(b),D,T,-1.077,1.254,8,2
114(b),D,V,1.423,0.5307,11.5,2
114(b),D,W,-0.0375,0.3633,10,2
114(b),D,Y,-0.6167,1.58,7,2
115(a),K,*,-9.923,0,3,2
115(a),K,-,0.2041,0.03525,2,2
115(a),K,A,-0.7892,0.4929,10.5,2
115(a),K,C,-1.218,0.194,8.5,2
115(a),K,D,0.174,1.396,7.5,2
115(a),K,E,-0.797,0.01705,19,2
115(a),K,F,-2.626,0.422,17.5,2
115(a),K,G,0.3362,0.8658,11,2
115(a),K,H,-0.695,1.766,15,2
115(a),K,I,-3.307,0,11.5,2
115(a),K,K,0,0,,2
115(a),K,L,0.0765,1.425,10.5,2
115(a),K,M,-0.5226,0.4146,15.5,2
115(a),K,N,-1.276,0.4975,12.5,2
115(a),K,P,-5.237,0,15.5,2
115(a),K,Q,-0.8043,0.2366,12,2
115(a),K,R,0.011,0.5771,14.5,2
115(a),K,S,0.5247,0.9983,10.5,2
115(a),K,T,-2.031,0.9455,11,2
115(a),K,V,-2.478,0.372,11,2
115(a),K,W,-3.226,0.0825,10,2
115(a),K,Y,-2.122,0.0405,12.5,2
115(b),R,-,-1.599,0.9445,365.5,2
115(b),R,A,-0.1363,0.8686,5.5,2
115(b),R,C,-1.534,0.1345,13.5,2
115(b),R,D,-1.048,0.2293,12.5,2
115(b),R,E,-1.561,1.223,7.5,2
115(b),R,F,-0.1145,1.656,11.5,2
115(b),R,G,-0.2356,0.8405,13.5,2
115(b),R,H,1.325,0.3968,8.5,2
115(b),R,I,0.9457,0.0499,13.5,2
115(b),R,K,-0.6051,1.083,23,2
115(b),R,L,-0.6647,0.2051,15,2
115(b),R,M,1.028,0.5059,7.5,2
115(b),R,N,-0.9404,0.4246,13,2
115(b),R,P,-0.03685,0.9691,8.5,2
115(b),R,Q,1.016,0.4544,9,2
115(b),R,R,0,0,,2
115(b),R,S,-0.5911,0.0053,10,2
115(b),R,T,-1.205,0.9828,9.5,2
115(b),R,V,1.5,2.418,11,2
115(b),R,W,-1.47,0.8403,9.5,2
115(b),R,Y,1.395,1.463,11.5,2
116(a),F,-,-0.5571,0.3641,1.5,2
116(a),F,A,-2.837,0.246,7,2
116(a),F,C,-1.767,0.6315,12.5,2
116(a),F,D,-4.89,0,11,2
116(a),F,E,-4.509,0,10.5,2
116(a),F,F,0,0,,2
116(a),F,G,-2.909,0.092,12,2
116(a),F,H,-2.641,0.27,13.5,2
116(a),F,I,-1.752,0.3165,10,2
116(a),F,K,-7.857,0,8,2
116(a),F,L,-0.9209,0.59,16.5,2
116(a),F,M,-1.604,0.8439,8.5,2
116(a),F,N,-3.134,0.112,11,2
116(a),F,P,-3.647,0,5,2
116(a),F,Q,-2.629,0.007,5.5,2
116(a),F,R,-7.671,0,12.5,2
116(a),F,S,-2.952,0.2875,12,2
116(a),F,T,-2.642,0.351,8.5,2
116(a),F,V,-1.454,0.2265,9,2
116(a),F,W,-3.566,0,6.5,2
116(a),F,Y,-1.377,0.1095,11.5,2
116(b),L,-,-0.9862,0.8878,365.5,2
116(b),L,A,-2.21,0.802,8,2
116(b),L,C,-1.429,0.5062,12,2
116(b),L,D,-4.771,0,9.5,2
116(b),L,E,-1.952,0.6285,11.5,2
116(b),L,F,-0.3814,1.281,7,2
116(b),L,G,-2.28,0.5155,10.5,2
116(b),L,H,-0.7489,0.127,9,2
116(b),L,I,0.6601,0.2379,8.5,2
116(b),L,K,-0.3642,0.7148,11.5,2
116(b),L,L,0,0,,2
116(b),L,M,-0.565,0.0944,6.5,2
116(b),L,N,-2.936,0.3625,5.5,2
116(b),L,P,-2.452,0.1825,10,2
116(b),L,Q,-1.59,0.1515,12.5,2
116(b),L,R,-1.281,0.0615,13.5,2
116(b),L,S,-2.171,0.3685,4.5,2
116(b),L,T,-2.388,0.155,8,2
116(b),L,V,-0.3972,0.2979,9,2
116(b),L,W,0.09005,0.2364,11,2
116(b),L,Y,-2.078,0.0795,7,2
117(a),W,*,-9.41,0,16,2
117(a),W,-,-5.994,1.351,2,2
117(a),W,A,-4.723,0,8,2
117(a),W,C,-5.422,0,12,2
117(a),W,D,-6.047,0,15,2
117(a),W,E,-6.703,0,5.5,2
117(a),W,F,-2.345,0.2365,10,2
117(a),W,G,-8.883,0,10.5,2
117(a),W,H,-4.812,0,12,2
117(a),W,I,-6.186,0,11,2
117(a),W,K,-14.52,0,6.5,2
117(a),W,L,-6.299,0,12.5,2
117(a),W,M,-5.865,0,8.5,2
117(a),W,N,-4.916,0,9,2
117(a),W,P,-11.41,0,11.5,2
117(a),W,Q,-8.537,0,10.5,2
117(a),W,R,-7.444,0,16.5,2
117(a),W,S,-4.827,0,7,2
117(a),W,T,-5.136,0,11.5,2
117(a),W,V,-5.694,0,8.5,2
117(a),W,W,0,0,,2
117(a),W,Y,-1.803,0.071,5.5,2
117(b),A,-,-1.367,1.084,365.5,2
117(b),A,A,0,0,,2
117(b),A,C,-1.268,1.429,9,2
117(b),A,D,-0.1243,0.7058,12,2
117(b),A,E,-0.1895,2.713,8.5,2
117(b),A,F,-1.418,0.5326,7.5,2
117(b),A,G,0.8089,0.04865,9,2
117(b),A,H,-1.195,1.038,10.5,2
117(b),A,I,-0.5242,0.00195,15,2
117(b),A,K,-0.7206,0.5484,8,2
117(b),A,L,0.5163,0.8687,7.5,2
117(b),A,M,-0.4901,0.6169,10,2
117(b),A,N,-1.08,0.163,15,2
117(b),A,P,-1.332,0.248,8,2
117(b),A,Q,-0.4599,0.7732,13,2
117(b),A,R,-0.528,1.003,7.5,2
117(b),A,S,-0.4866,0.1026,13.5,2
117(b),A,T,-0.8564,0.5646,27.5,2
117(b),A,V,-0.3615,0.09305,21,2
117(b),A,W,0.0581,0.8101,12.5,2
117(b),A,Y,1.399,1.476,11.5,2
118(a),P,-,-0.0687,0.2591,1.5,2
118(a),P,A,-8.213,0,9,2
118(a),P,C,-9.145,0,10,2
118(a),P,D,-8.499,0,9.5,2
118(a),P,E,-7.076,0,10.5,2
118(a),P,F,-5.964,0,9.5,2
118(a),P,G,-5.98,0,7.5,2
118(a),P,H,-6.725,0,9,2
118(a),P,I,-9.662,0,12.5,2
118(a),P,K,-7.792,0,8.5,2
118(a),P,L,-6.506,0,11,2
118(a),P,M,-5.722,0,7.5,2
118(a),P,N,-7.095,0,10,2
118(a),P,P,0,0,,2
118(a),P,Q,-8.281,0,4,2
118(a),P,R,-9.412,0,7.5,2
118(a),P,S,-6.312,0,15,2
118(a),P,T,-21.07,0,7.5,2
118(a),P,V,-17.1,0,4.5,2
118(a),P,W,-6.21,0,10,2
118(a),P,Y,-8.087,0,9,2
118(b),C,*,-6.637,0,4,2
118(b),C,-,-0.4717,0.261,365,2
118(b),C,A,1.035,0.6787,7,2
118(b),C,C,0,0,,2
118(b),C,D,-11.44,0,14.5,2
118(b),C,E,-8.129,0,9.5,2
118(b),C,F,-4.678,0,18.5,2
118(b),C,G,-2.905,0.2055,11,2
118(b),C,H,-8.37,0,16.5,2
118(b),C,I,-3.056,0,13.5,2
118(b),C,K,-7.741,0,6.5,2
118(b),C,L,-2.668,0.134,8.5,2
118(b),C,M,-2.937,0.1645,6,2
118(b),C,N,-7.155,0,10,2
118(b),C,P,-8.583,0,9,2
118(b),C,Q,-6.672,0,7,2
118(b),C,R,-8.856,0,9.5,2
118(b),C,S,-3.255,0.026,10.5,2
118(b),C,T,-2.609,0.251,13,2
118(b),C,V,-0.09875,0.7026,7,2
118(b),C,W,-8.244,0,15.5,2
118(b),C,Y,-9.929,0,25,2
119(a),S,-,-2.043,1.222,3,2
119(a),S,A,-0.4082,0.139,13,2
119(a),S,C,-1.028,0.5208,13.5,2
119(a),S,D,-2.437,0.0025,8,2
119(a),S,E,-3.375,0,11.5,2
119(a),S,F,-3.616,0,13.5,2
119(a),S,G,-1.933,0.1795,15,2
119(a),S,H,-3.321,0.1745,8.5,2
119(a),S,I,-2.316,0.245,17,2
119(a),S,K,-8.554,0,7.5,2
119(a),S,L,-2.12,0.4695,6.5,2
119(a),S,M,-2.49,0.3545,13,2
119(a),S,N,-1.306,1.011,15,2
119(a),S,P,0.7106,0.8675,8.5,2
119(a),S,Q,-1.933,0.65,9,2
119(a),S,R,-10.83,0,10.5,2
119(a),S,S,0,0,,2
119(a),S,T,-1.856,0.588,6,2
119(a),S,V,-1.788,0.3095,13.5,2
119(a),S,W,-4.459,0,12,2
119(a),S,Y,-3.553,0.022,13.5,2
119(b),Y,*,-13.06,0,3,2
119(b),Y,-,-0.2804,0.1342,365.5,2
119(b),Y,A,0.08302,0.01708,5,2
119(b),Y,C,0.0158,0.9671,9.5,2
119(b),Y,D,-1.236,1.576,9.5,2
119(b),Y,E,-2.634,0.0985,11,2
119(b),Y,F,0.9894,1.901,11,2
119(b),Y,G,-2.548,0.453,6.5,2
119(b),Y,H,-1.735,0.902,7.5,2
119(b),Y,I,-0.546,1.647,9,2
119(b),Y,K,-1.132,0.6171,11,2
119(b),Y,L,0.9874,1.284,8,2
119(b),Y,M,0.02825,0.7268,10.5,2
119(b),Y,N,-7.396,0,9.5,2
119(b),Y,P,-3.955,0,8,2
119(b),Y,Q,-1.037,0.0766,11.5,2
119(b),Y,R,0.2834,0.1658,9.5,2
119(b),Y,S,-0.8665,0.1865,9,2
119(b),Y,T,0.0589,0.3208,8.5,2
119(b),Y,V,0.1205,1.365,6.5,2
119(b),Y,W,-0.159,0.2579,13.5,2
119(b),Y,Y,0,0,,2
12(T2A),C,*,-9.746,0,2.5,2
12(T2A),C,-,-0.9686,0.0574,2.5,2
12(T2A),C,C,0,0,,2
12(T2A),C,F,-3.007,0.9875,2,2
12(T2A),C,R,-2.354,0.875,13,2
12(T2A),C,S,-1.645,0.3325,2,2
12(T2A),C,Y,-3.389,0,11.5,2
12(a),F,*,-8.782,0,10.5,2
12(a),F,-,-1.246,0,1,1
12(a),F,A,-2.673,0.0785,11,2
12(a),F,C,-2.696,0.59,8.5,2
12(a),F,D,-4.248,0,6.5,2
12(a),F,E,-3.189,0,10,2
12(a),F,F,0,0,,2
12(a),F,G,-3.332,0,5.5,2
12(a),F,H,-1.351,0.119,7.5,2
12(a),F,I,-1.313,0.5409,12.5,2
12(a),F,K,-4.117,0,8.5,2
12(a),F,L,-1.587,0.0675,17,2
12(a),F,M,-1.146,0.2603,8,2
12(a),F,N,-3.045,0.5515,5.5,2
12(a),F,P,-8.881,0,6.5,2
12(a),F,Q,-2.638,0.263,10,2
12(a),F,R,-3.677,0,10.5,2
12(a),F,S,-2.138,0.0645,7.5,2
12(a),F,T,-2.822,0.265,6.5,2
12(a),F,V,-2.646,0.4545,9.5,2
12(a),F,W,0.9285,0.1114,3.5,2
12(a),F,Y,0.9325,0.3745,11,2
12(b),M,-,-2.003,1.464,2,2
12(b),M,A,-1.264,0.0155,11.5,2
12(b),M,C,-0.6542,0.0062,12.5,2
12(b),M,D,-2.554,0.0165,12,2
12(b),M,E,-1.699,0.365,11.5,2
12(b),M,F,-2.787,0.1825,14,2
12(b),M,G,-2.202,0.455,7.5,2
12(b),M,H,-3.087,0.015,6.5,2
12(b),M,I,-1.663,0.2545,15.5,2
12(b),M,K,-4.87,0,8.5,2
12(b),M,L,-1.165,0.312,10.5,2
12(b),M,M,0,0,,2
12(b),M,N,-3.036,0.2235,9.5,2
12(b),M,P,-10.86,0,9,2
12(b),M,Q,-0.7264,0.4556,8.5,2
12(b),M,R,-4.322,0,10.5,2
12(b),M,S,-1.97,0.0945,8.5,2
12(b),M,T,-0.4193,0.0448,13,2
12(b),M,V,0.2089,0.3655,6.5,2
12(b),M,W,-2.111,0.0665,10,2
12(b),M,Y,-2.733,0.3315,10.5,2
120(a),V,-,-1.87,1.476,3,2
120(a),V,A,-0.7886,0.2494,11.5,2
120(a),V,C,-1.243,0.0215,10,2
120(a),V,D,-0.02335,0.6232,10,2
120(a),V,E,-0.2177,0.106,10.5,2
120(a),V,F,-0.6616,0.1492,12.5,2
120(a),V,G,-0.565,0.2352,9.5,2
120(a),V,H,-0.6312,0.4689,12.5,2
120(a),V,I,-0.1042,0.3729,19.5,2
120(a),V,K,0.02015,0.5264,9,2
120(a),V,L,-1.69,0.4215,8.5,2
120(a),V,M,-1.223,0.061,12,2
120(a),V,N,0.5234,0.5326,6,2
120(a),V,P,-1.74,0.474,10.5,2
120(a),V,Q,0.1085,0.1937,7,2
120(a),V,R,-0.2669,0.639,6,2
120(a),V,S,-1.535,0.6548,9,2
120(a),V,T,-0.37,0.3295,15.5,2
120(a),V,V,0,0,,2
120(a),V,W,-1.344,0.1145,18,2
120(a),V,Y,-1.035,0.9967,12.5,2
120(b),V,-,-0.1592,0.278,365.5,2
120(b),V,A,0.9071,0.7069,20.5,2
120(b),V,C,1.213,1.271,13,2
120(b),V,D,-7.551,0,11,2
120(b),V,E,-4.684,0,15,2
120(b),V,F,-2.364,0.6765,11,2
120(b),V,G,-1.689,1.598,5,2
120(b),V,H,-4.335,0,3.5,2
120(b),V,I,-0.1743,0.2817,16,2
120(b),V,K,-7.92,0,7.5,2
120(b),V,L,-0.5323,0.1767,14.5,2
120(b),V,M,-0.3318,0.5008,23.5,2
120(b),V,N,-1.173,0.5185,8,2
120(b),V,P,-3.071,0.0975,10,2
120(b),V,Q,-3.819,0,10,2
120(b),V,R,-8.447,0,12,2
120(b),V,S,0.1622,0.6757,10,2
120(b),V,T,-0.3871,0.2782,10,2
120(b),V,V,0,0,,2
120(b),V,W,-5.013,0,10.5,2
120(b),V,Y,-3.519,0,6,2
121(a),I,-,-1.306,0.6303,3.5,2
121(a),I,A,-0.011,1.299,11,2
121(a),I,C,-1.238,1.097,10,2
121(a),I,D,-2.671,0.343,7,2
121(a),I,E,-1.161,0.3347,16,2
121(a),I,F,-2.413,0.0385,10,2
121(a),I,G,-1.105,1.287,6,2
121(a),I,H,-2.812,0.023,11,2
121(a),I,I,0,0,,2
121(a),I,K,-1.925,0.1475,12,2
121(a),I,L,0.7389,0.9142,11.5,2
121(a),I,M,0.7447,0.7313,13,2
121(a),I,N,-1.909,0.2985,14,2
121(a),I,P,-3.579,0,13.5,2
121(a),I,Q,-1.752,0.171,7,2
121(a),I,R,-2.248,0.0985,10.5,2
121(a),I,S,-0.8236,0.2204,16,2
121(a),I,T,-1.144,0.8384,12,2
121(a),I,V,0.4324,0.1966,27.5,2
121(a),I,W,-0.7813,1.635,7.5,2
121(a),I,Y,-1.524,1.147,12,2
121(b),T,-,-2.258,1.448,366.5,2
121(b),T,A,-0.7444,1.052,16,2
121(b),T,C,-0.5137,0.2202,18.5,2
121(b),T,D,0.14,1.49,9,2
121(b),T,E,-0.3809,0.5593,11.5,2
121(b),T,F,0.4484,0.8577,9.5,2
121(b),T,G,-2.065,0.634,7.5,2
121(b),T,H,-0.3546,0.4288,9,2
121(b),T,I,-0.5312,0.09595,28,2
121(b),T,K,-0.4629,0.01055,11.5,2
121(b),T,L,-0.1805,0.4674,5,2
121(b),T,M,-0.6386,0.6434,9.5,2
121(b),T,N,-1.323,0.1635,10.5,2
121(b),T,P,-2.729,0.275,12.5,2
121(b),T,Q,-0.5589,0.5641,10.5,2
121(b),T,R,-0.4422,0.1817,9,2
121(b),T,S,0.5282,0.1895,12,2
121(b),T,T,0,0,,2
121(b),T,V,1.644,0.235,14,2
121(b),T,W,-0.3018,0.455,9.5,2
121(b),T,Y,0.1089,0.04058,13,2
122(a),T,-,-1.195,0.3564,4.5,2
122(a),T,A,-0.4865,0.0648,17.5,2
122(a),T,C,1.03,0.3728,10,2
122(a),T,D,-1.265,0.3239,9.5,2
122(a),T,E,-0.1041,0.3777,12,2
122(a),T,F,0.6145,1.623,9,2
122(a),T,G,0.2257,0.2177,9.5,2
122(a),T,H,-0.001,1.332,9.5,2
122(a),T,I,-0.6583,0.2758,17.5,2
122(a),T,K,1.448,0.009,8.5,2
122(a),T,L,-0.6734,0.4597,12,2
122(a),T,M,-0.08155,1.06,14,2
122(a),T,N,0.4675,0.4475,14.5,2
122(a),T,P,-2.373,0.1375,12,2
122(a),T,Q,0.03575,0.1633,10,2
122(a),T,R,2.024,1.299,11.5,2
122(a),T,S,-0.9121,0.1019,9,2
122(a),T,T,0,0,,2
122(a),T,V,0.4431,1.022,11.5,2
122(a),T,W,-1.105,0.5546,9.5,2
122(a),T,Y,-0.6714,0.9047,7.5,2
122(b),G,-,-0.6758,0.0884,367,2
122(b),G,A,-1.142,0.169,12,2
122(b),G,C,-0.5018,0.1518,16.5,2
122(b),G,D,-0.5272,0.351,30,2
122(b),G,E,-0.2746,1.259,7,2
122(b),G,F,-0.3339,0.6425,10.5,2
122(b),G,G,0,0,,2
122(b),G,H,0.3646,0.8034,13.5,2
122(b),G,I,-2.33,0.277,12.5,2
122(b),G,K,-0.8182,0.6038,15,2
122(b),G,L,-0.7254,0.3856,6,2
122(b),G,M,1.027,1.594,7,2
122(b),G,N,-0.8386,0.3885,7.5,2
122(b),G,P,-1.796,0.6885,9.5,2
122(b),G,Q,-0.6069,1.388,10.5,2
122(b),G,R,1.135,0.8269,14,2
122(b),G,S,-0.5555,0.04015,22.5,2
122(b),G,T,-1.843,0.3635,8.5,2
122(b),G,V,-2.462,0.1505,12,2
122(b),G,W,-0.453,0.4831,11.5,2
122(b),G,Y,-0.7817,0.5073,6,2
123(a),I,-,-1.461,1.596,4.5,2
123(a),I,A,-0.9726,0.9064,9,2
123(a),I,C,-3.361,0.007,8,2
123(a),I,D,-2.907,0.254,5.5,2
123(a),I,E,-1.491,0.7358,12.5,2
123(a),I,F,-0.4703,0.8187,18.5,2
123(a),I,G,-1.231,0.4944,11.5,2
123(a),I,H,-0.003,1.577,9,2
123(a),I,I,0,0,,2
123(a),I,K,-1.459,0.254,14.5,2
123(a),I,L,0.00265,0.4692,13,2
123(a),I,M,-0.4885,0.2488,11.5,2
123(a),I,N,-1.857,0.3095,8.5,2
123(a),I,P,-2.179,0.0375,9.5,2
123(a),I,Q,-0.6727,0.6163,10,2
123(a),I,R,-0.1395,2.412,9,2
123(a),I,S,-1.41,0.1555,8.5,2
123(a),I,T,-1.303,0.5216,12.5,2
123(a),I,V,-1.252,0.4652,23,2
123(a),I,W,-1.361,1.387,11.5,2
123(a),I,Y,0.2818,0.5425,5.5,2
123(b),F,-,-3.238,1.594,367.5,2
123(b),F,A,1.135,2.204,10.5,2
123(b),F,C,-1.477,0.8978,8.5,2
123(b),F,D,-3.287,0.0665,6.5,2
123(b),F,E,-2.832,0.1965,8,2
123(b),F,F,0,0,,2
123(b),F,G,-2.033,0.035,9.5,2
123(b),F,H,-0.2325,1.809,5.5,2
123(b),F,I,-0.6019,1.214,11,2
123(b),F,K,-4.773,0,5,2
123(b),F,L,-2.002,0.2325,23,2
123(b),F,M,0.4828,0.3908,7.5,2
123(b),F,N,-2.402,0.472,9,2
123(b),F,P,-3.698,0,9.5,2
123(b),F,Q,-1.891,0.0625,8,2
123(b),F,R,-4.707,0,6.5,2
123(b),F,S,-1.573,0.56,10.5,2
123(b),F,T,-0.8684,0.6196,8.5,2
123(b),F,V,-0.3352,0.3003,8.5,2
123(b),F,W,-0.855,0.455,11.5,2
123(b),F,Y,0.4135,0.9764,12.5,2
124(a),T,-,-0.2971,0.1872,4,2
124(a),T,A,0.552,0.4285,19,2
124(a),T,C,0.0855,0.4817,14.5,2
124(a),T,D,-0.8521,0.8119,9,2
124(a),T,E,-0.3266,0.4582,11,2
124(a),T,F,0.824,0.194,5,2
124(a),T,G,-0.06385,0.4242,10,2
124(a),T,H,0.5131,0.8349,11.5,2
124(a),T,I,-0.6246,0.2655,16.5,2
124(a),T,K,1.092,1.083,10,2
124(a),T,L,0.9591,1.159,9,2
124(a),T,M,0.298,1.38,8,2
124(a),T,N,-1.448,0.5557,10,2
124(a),T,P,-3.7,0,13.5,2
124(a),T,Q,-0.27,0.1172,13,2
124(a),T,R,1.485,0.362,7,2
124(a),T,S,-0.594,0.989,12,2
124(a),T,T,0,0,,2
124(a),T,V,0.5232,0.2971,11.5,2
124(a),T,W,0.5105,0.5595,10,2
124(a),T,Y,-0.7081,0.3719,9.5,2
124(b),Y,*,-7.304,0,1.5,2
124(b),Y,-,-0.0793,0.426,367.5,2
124(b),Y,A,-2.75,0.0815,6.5,2
124(b),Y,C,-1.294,0.4147,11,2
124(b),Y,D,-3.925,0,7.5,2
124(b),Y,E,-3.689,0,6.5,2
124(b),Y,F,-0.8204,0.2917,12.5,2
124(b),Y,G,-3.183,0,11,2
124(b),Y,H,-0.4978,0.7093,8.5,2
124(b),Y,I,-3.281,0.052,5,2
124(b),Y,K,-3.968,0,12.5,2
124(b),Y,L,-0.8887,0.6513,12,2
124(b),Y,M,-2.054,0.7215,9,2
124(b),Y,N,-1.793,0.487,11.5,2
124(b),Y,P,-4.26,0,6.5,2
124(b),Y,Q,-1.82,0.4595,11,2
124(b),Y,R,-2.736,0.4145,5,2
124(b),Y,S,-3.121,0.3945,11,2
124(b),Y,T,-2.921,0.0785,10.5,2
124(b),Y,V,-3.126,0.2405,5.5,2
124(b),Y,W,-2.792,0.263,8.5,2
124(b),Y,Y,0,0,,2
125(a),W,*,-7.446,0,13.5,2
125(a),W,-,-3.72,0,5.5,2
125(a),W,A,-2.888,0.1205,14,2
125(a),W,C,-4.769,0,10.5,2
125(a),W,D,-11.26,0,6,2
125(a),W,E,-4.804,0,10,2
125(a),W,F,-0.219,1.615,9.5,2
125(a),W,G,-4.775,0,9.5,2
125(a),W,H,0.5823,0.2989,9.5,2
125(a),W,I,-0.233,0.2523,9.5,2
125(a),W,K,-4.978,0,6,2
125(a),W,L,-1.361,0.119,13,2
125(a),W,M,0.5937,0.05775,6,2
125(a),W,N,-2.29,0.2435,10,2
125(a),W,P,-2.377,0.2365,6.5,2
125(a),W,Q,-2.109,0.3945,8,2
125(a),W,R,-1.117,1.12,7.5,2
125(a),W,S,-3.508,0,8.5,2
125(a),W,T,-2.034,0.252,7.5,2
125(a),W,V,-0.4143,0.1241,7.5,2
125(a),W,W,0,0,,2
125(a),W,Y,-1.628,0.0035,10,2
125(b),P,-,-0.8698,0.7342,368,2
125(b),P,A,-1.81,0.8892,11.5,2
125(b),P,C,-1.841,0.048,15.5,2
125(b),P,D,-0.7046,1.317,9.5,2
125(b),P,E,-0.049,1.194,7.5,2
125(b),P,F,-2.127,0.1065,12.5,2
125(b),P,G,-2.038,0.0835,8.5,2
125(b),P,H,-0.9034,0.8256,12.5,2
125(b),P,I,-2.506,0.1985,9.5,2
125(b),P,K,-1.051,0.5218,8.5,2
125(b),P,L,-1.533,0.022,15.5,2
125(b),P,M,-0.3336,1.252,6.5,2
125(b),P,N,-1.139,0.5243,7,2
125(b),P,P,0,0,,2
125(b),P,Q,0.7287,1.304,8.5,2
125(b),P,R,-2.285,0.78,5.5,2
125(b),P,S,-2.079,0.181,14,2
125(b),P,T,-0.9349,0.178,6.5,2
125(b),P,V,-1.982,0.5865,14.5,2
125(b),P,W,-2.022,0.2145,7.5,2
125(b),P,Y,-2.226,0.3455,9,2
126(a),M,-,-1.646,1.439,5.5,2
126(a),M,A,1.877,0.314,7.5,2
126(a),M,C,-0.3515,0.7555,12,2
126(a),M,D,0.9936,0.6375,5.5,2
126(a),M,E,-0.4762,0.026,10,2
126(a),M,F,-0.2933,1.282,13,2
126(a),M,G,-0.522,0.616,7.5,2
126(a),M,H,-0.771,0.6109,9.5,2
126(a),M,I,-0.04671,0.04072,54,2
126(a),M,K,0.3836,1.143,10,2
126(a),M,L,-1.278,0.274,13.5,2
126(a),M,M,0,0,,2
126(a),M,N,0.5221,0.2177,7.5,2
126(a),M,P,-5.036,0,10,2
126(a),M,Q,-0.7174,0.7806,9.5,2
126(a),M,R,-0.7044,0.2462,11.5,2
126(a),M,S,1.066,0.0739,11,2
126(a),M,T,0.2063,0.5067,17,2
126(a),M,V,0.8347,0.8363,16.5,2
126(a),M,W,0.7153,0.4627,7.5,2
126(a),M,Y,-0.06485,0.6084,9.5,2
126(b),A,*,0.01866,0,0.5,1
126(b),A,-,-2.187,1.449,368.5,2
126(b),A,A,0,0,,2
126(b),A,C,-0.108,1.241,9,2
126(b),A,D,-1.249,0.8042,13,2
126(b),A,E,-1.626,0.597,9,2
126(b),A,F,1.781,0.64,4.5,2
126(b),A,G,-0.0425,1.05,9,2
126(b),A,H,-0.8846,0.1334,9,2
126(b),A,I,0.7745,0.6685,10.5,2
126(b),A,K,-0.2803,0.5134,8.5,2
126(b),A,L,0.1144,0.2166,11.5,2
126(b),A,M,-0.9553,1.487,5,2
126(b),A,N,-0.143,1.118,7.5,2
126(b),A,P,0.483,0.759,8.5,2
126(b),A,Q,0.0975,1.235,8,2
126(b),A,R,-0.0525,1.992,6.5,2
126(b),A,S,-0.5665,0.5275,11.5,2
126(b),A,T,0.0379,0.41,42,2
126(b),A,V,-0.1954,0.2671,20,2
126(b),A,W,0.8497,1.207,12,2
126(b),A,Y,0.1385,2.144,6,2
127(a),K,*,-9.32,0,1,1
127(a),K,-,-1.8,1.305,6.5,2
127(a),K,A,-0.8789,1.391,11.5,2
127(a),K,C,0.4824,0.8216,9,2
127(a),K,D,-1.141,0.9291,11,2
127(a),K,E,-1.011,0.7314,14,2
127(a),K,F,0.4335,0.6345,15.5,2
127(a),K,G,-1.327,0.294,14,2
127(a),K,H,0.3115,1.385,11,2
127(a),K,I,-0.249,0.0867,10,2
127(a),K,K,0,0,,2
127(a),K,L,-1.349,0.4968,8,2
127(a),K,M,-0.3531,0.5376,14,2
127(a),K,N,-1.109,0.4812,10,2
127(a),K,P,-4.095,0,12.5,2
127(a),K,Q,0.596,1.146,8.5,2
127(a),K,R,-0.2262,0.183,13,2
127(a),K,S,-0.4087,1.393,6.5,2
127(a),K,T,0.1553,0.2514,12,2
127(a),K,V,0.3945,1.442,14.5,2
127(a),K,W,-0.9742,1.122,9.5,2
127(a),K,Y,-0.4189,0.03165,16.5,2
127(b),D,-,-1.144,1.023,368,2
127(b),D,A,-0.1928,0.1424,14,2
127(b),D,C,-0.2925,1.667,9.5,2
127(b),D,D,0,0,,2
127(b),D,E,0.3562,0.05495,9,2
127(b),D,F,0.4358,0.0906,7.5,2
127(b),D,G,-1.34,0.0055,8.5,2
127(b),D,H,-0.1576,0.153,11.5,2
127(b),D,I,-0.546,0.634,11,2
127(b),D,K,0.3373,0.3467,8.5,2
127(b),D,L,-0.1267,0.6769,8,2
127(b),D,M,-1.143,0.1145,7.5,2
127(b),D,N,0.288,0.1837,65.5,2
127(b),D,P,0.2316,0.9874,6.5,2
127(b),D,Q,-1.63,1.003,4.5,2
127(b),D,R,-1.02,0.0928,13.5,2
127(b),D,S,-0.6783,0.5767,7.5,2
127(b),D,T,1.264,0.6244,10,2
127(b),D,V,0.2796,0.7374,11,2
127(b),D,W,-0.3248,0.4017,5,2
127(b),D,Y,-0.6985,1.058,12.5,2
128(a),N,-,-0.601,0.1151,5,2
128(a),N,A,0.901,0.731,8.5,2
128(a),N,C,-1.255,0.5904,13.5,2
128(a),N,D,0.5826,0.1731,9,2
128(a),N,E,0.2237,0.4307,15.5,2
128(a),N,F,-0.1301,0.7248,9,2
128(a),N,G,-1.59,0.103,12,2
128(a),N,H,-1.029,1.034,12,2
128(a),N,I,-0.7413,0.1993,9,2
128(a),N,K,-0.9433,0.7086,17.5,2
128(a),N,L,-0.7606,1.323,11.5,2
128(a),N,M,0.8456,1.282,12.5,2
128(a),N,N,0,0,,2
128(a),N,P,-3.325,0,13,2
128(a),N,Q,-0.822,0.741,7.5,2
128(a),N,R,1.096,0.3009,12.5,2
128(a),N,S,-0.9129,0.5742,16,2
128(a),N,T,-1.577,0.6615,12,2
128(a),N,V,0.8382,0.7778,16.5,2
128(a),N,W,-1.357,0.4381,9,2
128(a),N,Y,0.4657,0.8363,11.5,2
128(b),I,-,-1.235,0.145,368,2
128(b),I,A,0.4068,0.5148,9,2
128(b),I,C,-0.6698,1.363,11.5,2
128(b),I,D,-3.473,0,12.5,2
128(b),I,E,-2.964,0.172,9.5,2
128(b),I,F,-0.8846,0.1009,12.5,2
128(b),I,G,-0.7761,0.4189,6,2
128(b),I,H,-0.8967,0.5513,7,2
128(b),I,I,0,0,,2
128(b),I,K,-3.485,0,11,2
128(b),I,L,0.4676,0.7003,12.5,2
128(b),I,M,0.3446,1.009,8,2
128(b),I,N,-1.281,0.9703,8.5,2
128(b),I,P,0.1846,1.087,8,2
128(b),I,Q,-1.371,0.5702,16,2
128(b),I,R,-2.836,0.3155,16,2
128(b),I,S,-1.773,0.278,5.5,2
128(b),I,T,-0.6903,0.5188,12.5,2
128(b),I,V,0.3034,0.5503,8.5,2
128(b),I,W,-0.7527,0.4404,12,2
128(b),I,Y,-0.3471,0.2448,10,2
129(a),G,-,-0.2552,0.06145,5,2
129(a),G,A,-1.748,0.544,12,2
129(a),G,C,-0.9456,0.2635,17,2
129(a),G,D,-0.1671,0.0013,23,2
129(a),G,E,0.4236,0.7164,9,2
129(a),G,F,-0.9865,0.8044,12.5,2
129(a),G,G,0,0,,2
129(a),G,H,1.783,0.145,9.5,2
129(a),G,I,0.116,2.039,9,2
129(a),G,K,0.3535,0.9234,5.5,2
129(a),G,L,-0.7869,0.6621,8.5,2
129(a),G,M,-1.41,0.25,7.5,2
129(a),G,N,1.099,0.9745,11,2
129(a),G,P,-4.518,0,9,2
129(a),G,Q,-0.06958,0.07852,11,2
129(a),G,R,0.8863,1.384,11,2
129(a),G,S,-0.8869,0.1661,13,2
129(a),G,T,0.2894,0.2858,6,2
129(a),G,V,-2.072,0.564,21,2
129(a),G,W,-0.1383,0.1533,9,2
129(a),G,Y,2.066,0.453,8,2
129(b),Q,*,-6.524,0,5,2
129(b),Q,-,-1.648,0.6807,369.5,2
129(b),Q,A,1.005,0.761,11.5,2
129(b),Q,C,-1.766,1.309,9,2
129(b),Q,D,0.6601,0.2339,9,2
129(b),Q,E,0.766,2.368,11,2
129(b),Q,F,0.5972,0.2343,10.5,2
129(b),Q,G,-1.067,0.7985,7,2
129(b),Q,H,-0.4454,0.238,15.5,2
129(b),Q,I,0.6111,0.3106,16.5,2
129(b),Q,K,0.0795,1.271,16.5,2
129(b),Q,L,0.0437,0.2625,13,2
129(b),Q,M,-0.1593,0.42,10,2
129(b),Q,N,-1.285,0.041,9.5,2
129(b),Q,P,-2.234,0.5975,17.5,2
129(b),Q,Q,0,0,,2
129(b),Q,R,-0.8199,0.03425,17.5,2
129(b),Q,S,0.3414,0.3561,15.5,2
129(b),Q,T,2.051,1.014,11,2
129(b),Q,V,-0.1972,0.0682,10.5,2
129(b),Q,W,1.281,0.5292,4.5,2
129(b),Q,Y,-0.615,0.0948,10,2
13(T2A),G,-,-0.9437,0.5883,3,2
13(T2A),G,C,-0.7287,0,0.5,1
13(T2A),G,D,-2.712,0.679,6,2
13(T2A),G,G,0,0,,2
13(T2A),G,R,-2.089,0,0.5,1
13(T2A),G,S,-2.453,0.4165,4.5,2
13(T2A),G,V,-1.786,1.166,1,2
13(a),Y,*,-7.606,0,9.5,2
13(a),Y,-,-0.1943,0,0.5,1
13(a),Y,A,-1.273,0.243,7,2
13(a),Y,C,-2.481,0.42,15,2
13(a),Y,D,-10.56,0,6,2
13(a),Y,E,-4.344,0,10,2
13(a),Y,F,-1.244,1.499,7,2
13(a),Y,G,-4.699,0,4.5,2
13(a),Y,H,-1.79,0.5275,11.5,2
13(a),Y,I,-2.548,0.088,5.5,2
13(a),Y,K,-3.821,0,5.5,2
13(a),Y,L,-3.262,0,8.5,2
13(a),Y,M,-0.8682,0.3538,8.5,2
13(a),Y,N,-3.832,0,12,2
13(a),Y,P,-9.044,0,10,2
13(a),Y,Q,-3.243,0.1475,8,2
13(a),Y,R,-3.556,0,6,2
13(a),Y,S,-2.272,0.4315,8.5,2
13(a),Y,T,-1.68,0.245,8.5,2
13(a),Y,V,-1.415,0.5796,6.5,2
13(a),Y,W,-2.13,0.745,5.5,2
13(a),Y,Y,0,0,,2
13(b),V,-,-1.793,1.383,1.5,2
13(b),V,A,-1.702,0.0765,13,2
13(b),V,C,-1.513,0.2145,10.5,2
13(b),V,D,-4.795,0,14,2
13(b),V,E,-4.02,0,12,2
13(b),V,F,-1.627,0.8377,7,2
13(b),V,G,-4.255,0,11,2
13(b),V,H,-2.918,0.092,9,2
13(b),V,I,-1.513,1.067,6.5,2
13(b),V,K,-3.306,0,15.5,2
13(b),V,L,-2.614,0.1665,18.5,2
13(b),V,M,-1.917,0.495,10.5,2
13(b),V,N,-3.09,0.1105,7.5,2
13(b),V,P,-10.53,0,8.5,2
13(b),V,Q,-3.455,0,11.5,2
13(b),V,R,-4.224,0,11,2
13(b),V,S,-2.075,0.0045,7,2
13(b),V,T,-1.002,0.3439,12,2
13(b),V,V,0,0,,2
13(b),V,W,1.531,4.434,8,2
13(b),V,Y,-2.412,0.473,11,2
130(a),Q,*,-8.395,0,5,2
130(a),Q,-,-0.7949,0.0563,5,2
130(a),Q,A,0.6829,0.943,13,2
130(a),Q,C,0.4641,0.6938,12,2
130(a),Q,D,-0.6404,0.5406,10.5,2
130(a),Q,E,-2.028,0.04,8.5,2
130(a),Q,F,0.4928,0.5992,6,2
130(a),Q,G,-0.8316,0.9764,9,2
130(a),Q,H,-0.4855,0.4889,15.5,2
130(a),Q,I,1.122,0.5427,13.5,2
130(a),Q,K,-1.219,1.354,11.5,2
130(a),Q,L,0.3878,0.6522,14.5,2
130(a),Q,M,0.1627,0.8007,14,2
130(a),Q,N,-0.3519,0.3403,8.5,2
130(a),Q,P,-2.175,0.555,13,2
130(a),Q,Q,0,0,,2
130(a),Q,R,0.7087,0.2229,11,2
130(a),Q,S,2.089,0.534,13.5,2
130(a),Q,T,0.049,1.35,10.5,2
130(a),Q,V,0.443,0.4817,16,2
130(a),Q,W,0.918,2.205,12,2
130(a),Q,Y,-0.1273,0.304,15,2
130(b),V,-,-0.2411,0.3318,5,2
130(b),V,A,-0.9835,1.338,12,2
130(b),V,C,-0.5616,0.6754,5,2
130(b),V,D,-7.886,0,13.5,2
130(b),V,E,-6.868,0,15,2
130(b),V,F,-1.03,0.1721,17.5,2
130(b),V,G,-3.01,0.064,11.5,2
130(b),V,H,-3.485,0,11.5,2
130(b),V,I,1.26,0.1855,13,2
130(b),V,K,-5.303,0,7,2
130(b),V,L,-0.2803,1.1,17,2
130(b),V,M,-1.055,0.1184,22,2
130(b),V,N,-3.975,0,10.5,2
130(b),V,P,-1.652,0.0915,12,2
130(b),V,Q,-2.462,0.405,9.5,2
130(b),V,R,-5.076,0,10,2
130(b),V,S,-2.597,0.089,12,2
130(b),V,T,-1.433,0.7598,7,2
130(b),V,V,0,0,,2
130(b),V,W,-1.415,0.4237,11.5,2
130(b),V,Y,-0.2696,0.0627,7,2
131(a),E,*,-7.841,0,5,2
131(a),E,-,-0.3229,0.4463,5,2
131(a),E,A,1.366,0.271,11,2
131(a),E,C,0.3532,0.596,11.5,2
131(a),E,D,-0.4026,0.4333,16.5,2
131(a),E,E,0,0,,2
131(a),E,F,-1.218,0.9562,11,2
131(a),E,G,-0.08705,0.3164,21.5,2
131(a),E,H,0.2398,0.2401,14.5,2
131(a),E,I,-0.264,0.1454,13.5,2
131(a),E,K,1.053,1.512,20.5,2
131(a),E,L,0.8667,0.3684,12,2
131(a),E,M,-0.2778,0.03135,17,2
131(a),E,N,0.02,0.2807,11.5,2
131(a),E,P,0.06173,0.08247,9.5,2
131(a),E,Q,-0.134,0.3513,14,2
131(a),E,R,-0.1378,0.1711,12.5,2
131(a),E,S,0.0927,0.3339,8,2
131(a),E,T,0.5644,0.05265,11.5,2
131(a),E,V,2,0.942,11.5,2
131(a),E,W,1.045,0.2563,9,2
131(a),E,Y,0.1189,0.07664,10.5,2
131(b),K,*,-11.88,0,1.5,2
131(b),K,-,-0.7573,0.7367,6,2
131(b),K,A,-0.04255,0.4483,7.5,2
131(b),K,C,-0.9363,0.9517,11,2
131(b),K,D,0.423,1.611,13,2
131(b),K,E,-0.5025,0.2435,14.5,2
131(b),K,F,1.803,0.017,7.5,2
131(b),K,G,0.002,1.731,7.5,2
131(b),K,H,0.6597,1.43,12,2
131(b),K,I,0.2137,0.2314,7.5,2
131(b),K,K,0,0,,2
131(b),K,L,1.321,0.3355,8,2
131(b),K,M,-0.01085,0.1127,10.5,2
131(b),K,N,0.8901,0.2369,14,2
131(b),K,P,-5.531,0,12,2
131(b),K,Q,-0.477,1.999,10,2
131(b),K,R,0.6784,0.04645,8,2
131(b),K,S,0.4669,0.1781,11,2
131(b),K,T,-1.174,0.3931,13,2
131(b),K,V,-0.7374,0.5806,9,2
131(b),K,W,0.9817,1.022,11.5,2
131(b),K,Y,-0.159,1.69,12,2
132(a),V,-,-0.5924,0.1216,5,2
132(a),V,A,1.574,1.857,12,2
132(a),V,C,0.4643,0.9727,11,2
132(a),V,D,0.5174,0.8175,11.5,2
132(a),V,E,-0.2117,0.4364,13,2
132(a),V,F,0.7074,0.1216,8,2
132(a),V,G,0.6262,0.7528,10,2
132(a),V,H,0.1456,0.6612,11.5,2
132(a),V,I,-0.1338,0.283,8.5,2
132(a),V,K,1.538,0.4545,8,2
132(a),V,L,-0.6109,0.248,13,2
132(a),V,M,0.3246,0.7333,21,2
132(a),V,N,-0.2689,0.6092,8.5,2
132(a),V,P,-1.305,0.6612,8.5,2
132(a),V,Q,0.1766,0.9274,11,2
132(a),V,R,0.8889,0.8551,11,2
132(a),V,S,2.019,0.489,6,2
132(a),V,T,-0.3292,0.7028,10,2
132(a),V,V,0,0,,2
132(a),V,W,0.804,0.523,11,2
132(a),V,Y,-1.202,0.5221,6.5,2
132(b),W,*,-8.701,0,16.5,2
132(b),W,-,-1.023,0.3234,6.5,2
132(b),W,A,-2.563,0.453,9.5,2
132(b),W,C,-3.975,0,10.5,2
132(b),W,D,-8.442,0,9,2
132(b),W,E,-6.099,0,12.5,2
132(b),W,F,1.142,1.194,9,2
132(b),W,G,-4.335,0,6.5,2
132(b),W,H,-3.381,0,5.5,2
132(b),W,I,-0.8114,0.0222,9.5,2
132(b),W,K,-5.704,0,6,2
132(b),W,L,-0.876,1.049,12.5,2
132(b),W,M,-0.9256,0.9204,9.5,2
132(b),W,N,-4.928,0,5,2
132(b),W,P,-4.053,0,10,2
132(b),W,Q,-3.369,0.0905,5.5,2
132(b),W,R,-8.235,0,9.5,2
132(b),W,S,-4.413,0,7.5,2
132(b),W,T,-2.655,0.3795,6,2
132(b),W,V,0.5595,2.409,10.5,2
132(b),W,W,0,0,,2
132(b),W,Y,-0.8478,0.3522,11.5,2
133(a),T,-,-0.06938,0.07772,5.5,2
133(a),T,A,-0.1691,0.05,16,2
133(a),T,C,0.1605,1.457,13,2
133(a),T,D,0.1077,1.098,12,2
133(a),T,E,-1.09,0.2434,13,2
133(a),T,F,-0.2485,0.5072,9.5,2
133(a),T,G,0.8247,0.9643,10,2
133(a),T,H,0.6235,0.3343,6.5,2
133(a),T,I,-0.743,1.19,17.5,2
133(a),T,K,0.3634,0.0437,16,2
133(a),T,L,-1.498,0.35,6.5,2
133(a),T,M,0.4177,0.1961,11,2
133(a),T,N,-0.01935,0.3298,13,2
133(a),T,P,-0.8187,1.078,13,2
133(a),T,Q,-1.007,0.3201,12,2
133(a),T,R,0.7193,0.5527,11,2
133(a),T,S,0.9568,0.8842,11,2
133(a),T,T,0,0,,2
133(a),T,V,-0.3265,1.74,2.5,2
133(a),T,W,0.372,1.503,12.5,2
133(a),T,Y,0.0321,0.03879,10.5,2
133(b),F,-,0.1228,0.5279,6.5,2
133(b),F,A,-0.4942,0.07115,7,2
133(b),F,C,-0.3716,0.7285,7,2
133(b),F,D,-1.808,0.8565,9,2
133(b),F,E,1.404,1.225,8,2
133(b),F,F,0,0,,2
133(b),F,G,-1.421,0.1525,14,2
133(b),F,H,0.0175,0.5451,7.5,2
133(b),F,I,-0.6259,1.254,14,2
133(b),F,K,-0.3243,0.2515,12,2
133(b),F,L,1.832,1.059,9.5,2
133(b),F,M,-1.253,0.6316,11.5,2
133(b),F,N,-1.535,0.2435,10,2
133(b),F,P,-7.91,0,13.5,2
133(b),F,Q,-1.462,0.1005,7.5,2
133(b),F,R,-0.7119,0.7341,11,2
133(b),F,S,0.6155,1.334,7,2
133(b),F,T,1.312,0.03,9.5,2
133(b),F,V,-0.01785,0.5422,7.5,2
133(b),F,W,-0.3473,0.632,7,2
133(b),F,Y,0.6286,1.468,5,2
134(a),E,*,-13.41,0,2,2
134(a),E,-,-1.86,1.448,7.5,2
134(a),E,A,0.9238,0.3962,9,2
134(a),E,C,-0.3927,0.1587,11.5,2
134(a),E,D,0.03695,0.2588,17.5,2
134(a),E,E,0,0,,2
134(a),E,F,0.3548,0.2801,10,2
134(a),E,G,-0.3879,0.2047,15.5,2
134(a),E,H,-0.06,0.3885,9.5,2
134(a),E,I,0.3984,0.1888,19.5,2
134(a),E,K,-0.3957,0.0156,30.5,2
134(a),E,L,0.09506,0.147,13,2
134(a),E,M,-0.3989,0.7172,14.5,2
134(a),E,N,-0.139,0.3245,11.5,2
134(a),E,P,-0.0492,0.1872,8.5,2
134(a),E,Q,0.5133,0.8066,17,2
134(a),E,R,0.098,1.143,7,2
134(a),E,S,-0.958,1.344,13,2
134(a),E,T,0.5229,1.196,11,2
134(a),E,V,2.244,0.765,12,2
134(a),E,W,-1.903,0.5675,10.5,2
134(a),E,Y,-0.3255,0.0956,12,2
134(b),K,*,-6.247,0,1,1
134(b),K,-,-1.227,0.2546,7.5,2
134(b),K,A,0.7689,0.4511,10.5,2
134(b),K,C,-0.3379,0.2731,9,2
134(b),K,D,-2.53,0.1155,11.5,2
134(b),K,E,-0.3944,0.07125,11,2
134(b),K,F,-0.321,1.05,9,2
134(b),K,G,-0.9589,0.703,13,2
134(b),K,H,0.02815,0.4406,10,2
134(b),K,I,0.8979,0.02985,4.5,2
134(b),K,K,0,0,,2
134(b),K,L,0.173,1.659,8,2
134(b),K,M,-0.9068,0.2931,11,2
134(b),K,N,0.7809,1.433,16,2
134(b),K,P,-3.347,0,18,2
134(b),K,Q,0.3611,1.166,10,2
134(b),K,R,0.1547,0.4245,22,2
134(b),K,S,-0.3211,1.054,11,2
134(b),K,T,-0.5484,0.3347,14,2
134(b),K,V,1.09,0.9338,6,2
134(b),K,W,-1.462,0.3815,6,2
134(b),K,Y,-1.009,1.515,6.5,2
135(a),G,*,-7.173,0,6.5,2
135(a),G,-,-1.722,1.053,7.5,2
135(a),G,A,-0.091,1.581,5.5,2
135(a),G,C,-0.8723,0.3787,11.5,2
135(a),G,D,-0.3366,0.0837,7,2
135(a),G,E,0.06749,0.1141,20.5,2
135(a),G,F,-0.8615,0.1174,11,2
135(a),G,G,0,0,,2
135(a),G,H,0.2195,1.585,9.5,2
135(a),G,I,0.1595,1.78,11.5,2
135(a),G,K,0.7292,0.6778,13.5,2
135(a),G,L,-0.4934,0.3631,8,2
135(a),G,M,-1.476,0.364,15,2
135(a),G,N,0.2809,0.9202,14,2
135(a),G,P,-0.8987,0.5333,12,2
135(a),G,Q,1.316,1.36,10.5,2
135(a),G,R,0.0467,0.3045,30.5,2
135(a),G,S,-0.7359,0.6851,9.5,2
135(a),G,T,-1.065,0.7555,14,2
135(a),G,V,0.1496,0.2248,13,2
135(a),G,W,-2.012,0.273,12.5,2
135(a),G,Y,-1.243,0.7165,10,2
135(b),N,-,-1.846,1.518,6,2
135(b),N,A,-0.4868,0.2896,6,2
135(b),N,C,-0.3507,0.3839,7.5,2
135(b),N,D,-0.1794,0.3205,15.5,2
135(b),N,E,0.321,1.72,10.5,2
135(b),N,F,-0.9718,0.6693,8.5,2
135(b),N,G,-0.2342,0.2144,8,2
135(b),N,H,-1.631,0.3005,10,2
135(b),N,I,-1.77,0.9816,8.5,2
135(b),N,K,-0.6856,0.8413,15.5,2
135(b),N,L,-1.302,0.2395,8,2
135(b),N,M,-1.312,0.251,10.5,2
135(b),N,N,0,0,,2
135(b),N,P,-3.413,0,9.5,2
135(b),N,Q,-0.1182,0.7975,6,2
135(b),N,R,-1.485,0.7008,10,2
135(b),N,S,-1.26,0.792,8,2
135(b),N,T,-0.8064,0.1203,16,2
135(b),N,V,-1.364,0.2445,8.5,2
135(b),N,W,-1.661,0.067,9,2
135(b),N,Y,-1.933,0.0505,11.5,2
136(a),V,-,-1.686,0.7973,8,2
136(a),V,A,-0.669,0.2225,12.5,2
136(a),V,C,-1.024,0.4259,9.5,2
136(a),V,D,-2.18,0.4005,6,2
136(a),V,E,-1.833,0.3315,8.5,2
136(a),V,F,-1.236,0.8474,14.5,2
136(a),V,G,-0.8777,0.8323,9,2
136(a),V,H,-1.205,0.3866,13,2
136(a),V,I,1.13,0.6748,7.5,2
136(a),V,K,-0.3828,0.9882,9.5,2
136(a),V,L,-0.8548,0.7341,16.5,2
136(a),V,M,-0.5089,0.4046,22,2
136(a),V,N,-2.16,0.111,7,2
136(a),V,P,-1.034,0.3051,10.5,2
136(a),V,Q,-0.5916,0.5695,13,2
136(a),V,R,-1.044,0.1331,9,2
136(a),V,S,0.3343,0.0186,10,2
136(a),V,T,0.3911,0.8669,10,2
136(a),V,V,0,0,,2
136(a),V,W,-1.38,0.4513,11,2
136(a),V,Y,-1.917,0.0185,12,2
136(b),G,-,-0.1182,0.02291,4.5,2
136(b),G,A,-1.187,0.2071,12,2
136(b),G,C,0.4559,0.8041,16,2
136(b),G,D,-0.6256,0.1808,17.5,2
136(b),G,E,-0.0758,0.2528,6.5,2
136(b),G,F,-0.8476,0.9194,7,2
136(b),G,G,0,0,,2
136(b),G,H,0.7654,0.4026,7,2
136(b),G,I,0.1749,0.03855,8.5,2
136(b),G,K,0.0991,0.1163,9.5,2
136(b),G,L,-0.1789,0.587,9,2
136(b),G,M,-0.6162,0.3101,13,2
136(b),G,N,0.156,0.1725,11,2
136(b),G,P,-3.439,0,13,2
136(b),G,Q,-1.254,0.4662,10,2
136(b),G,R,0.9531,1.757,7.5,2
136(b),G,S,0.1109,0.08121,18,2
136(b),G,T,0.7313,0.6617,7.5,2
136(b),G,V,-1.694,0.4405,14.5,2
136(b),G,W,0.5423,0.383,12.5,2
136(b),G,Y,-1.065,0.4636,12,2
137(a),S,-,-2.33,0.3265,8,2
137(a),S,A,0.3357,0.5819,12,2
137(a),S,C,-1.85,0.1825,8,2
137(a),S,D,0.7253,0.1245,13,2
137(a),S,E,2.011,0.0165,8.5,2
137(a),S,F,-1.834,0.8898,8.5,2
137(a),S,G,-2.377,0.1835,14,2
137(a),S,H,0.4275,0.2084,9,2
137(a),S,I,1.228,0.7717,7,2
137(a),S,K,-0.07925,0.7467,9.5,2
137(a),S,L,1.788,0.267,8,2
137(a),S,M,3.006,0.8525,10,2
137(a),S,N,2.019,0.138,9,2
137(a),S,P,-1.011,0.5777,17,2
137(a),S,Q,0.1561,0.5653,10.5,2
137(a),S,R,-0.5887,0.09095,7,2
137(a),S,S,0,0,,2
137(a),S,T,1.247,0.4211,12,2
137(a),S,V,0.8454,0.054,13,2
137(a),S,W,0.078,1.597,11.5,2
137(a),S,Y,-0.5342,0.034,10,2
137(b),Q,*,-7.146,0,6,2
137(b),Q,-,-0.05155,0.369,4,2
137(b),Q,A,0.125,0.907,8.5,2
137(b),Q,C,-1.108,1.102,15,2
137(b),Q,D,-1.023,0.0797,11.5,2
137(b),Q,E,0.409,1.562,11,2
137(b),Q,F,0.1262,1.026,9.5,2
137(b),Q,G,0.626,1.509,10,2
137(b),Q,H,0.0713,0.4467,20,2
137(b),Q,I,1.575,0.0305,8,2
137(b),Q,K,-0.2428,0.1733,19.5,2
137(b),Q,L,-0.4143,0.4767,13,2
137(b),Q,M,-0.2925,1.954,8.5,2
137(b),Q,N,0.2146,0.0099,9,2
137(b),Q,P,-2.494,0.195,17.5,2
137(b),Q,Q,0,0,,2
137(b),Q,R,0.9636,0.4004,16.5,2
137(b),Q,S,-1.05,0.035,9,2
137(b),Q,T,-0.4236,1.181,17.5,2
137(b),Q,V,0.7821,0.1623,10,2
137(b),Q,W,-1.146,0.6309,14.5,2
137(b),Q,Y,-1.192,0.6907,11.5,2
138(a),E,*,-8.521,0,4.5,2
138(a),E,-,-0.4455,0.3337,8,2
138(a),E,A,0.4645,1.585,12,2
138(a),E,C,-0.2039,0.0504,10,2
138(a),E,D,0.08506,0.06754,9.5,2
138(a),E,E,0,0,,2
138(a),E,F,0.2155,0.8475,13,2
138(a),E,G,1.684,1.141,16,2
138(a),E,H,-0.0503,0.2221,16,2
138(a),E,I,0.07974,0.01212,15,2
138(a),E,K,-0.3732,0.1039,27.5,2
138(a),E,L,-0.7512,0.5918,14,2
138(a),E,M,-1.069,0.2422,6.5,2
138(a),E,N,0.4779,0.9071,7.5,2
138(a),E,P,-2.006,0.4235,9.5,2
138(a),E,Q,0.9788,0.4151,12,2
138(a),E,R,1.05,0.2274,3,2
138(a),E,S,-1.362,0.4088,7,2
138(a),E,T,1.707,0.224,13,2
138(a),E,V,0.8861,0.7329,10.5,2
138(a),E,W,0.3525,1.431,13,2
138(a),E,Y,0.9616,0.7355,11,2
138(b),E,*,-7.677,0,6.5,2
138(b),E,-,-2.791,0.3,5.5,2
138(b),E,A,-1.379,0.2525,12.5,2
138(b),E,C,-1.33,0.3055,10.5,2
138(b),E,D,-0.4515,0.4047,12,2
138(b),E,E,0,0,,2
138(b),E,F,-1.797,0.252,11.5,2
138(b),E,G,-0.7918,0.9322,21.5,2
138(b),E,H,-1.138,0.6168,10.5,2
138(b),E,I,-1.643,0.327,13.5,2
138(b),E,K,-0.9515,0.00175,20.5,2
138(b),E,L,-0.0758,0.1918,11.5,2
138(b),E,M,-0.8668,0.1561,9,2
138(b),E,N,-1.606,0.3195,14.5,2
138(b),E,P,-0.8238,0.6192,10.5,2
138(b),E,Q,-1.876,0.505,7,2
138(b),E,R,-1.023,1.049,6.5,2
138(b),E,S,-0.7998,0.1009,12.5,2
138(b),E,T,-0.4123,0.2002,8,2
138(b),E,V,-0.8009,0.6511,11.5,2
138(b),E,W,0.328,0.1089,11.5,2
138(b),E,Y,-0.9808,0.01885,15.5,2
139(a),T,-,-0.632,0.9621,8.5,2
139(a),T,A,-2.979,0.093,9.5,2
139(a),T,C,-2.615,0.093,11,2
139(a),T,D,-1.99,0.915,15,2
139(a),T,E,-2.287,0.2225,13,2
139(a),T,F,-2.321,0.265,13.5,2
139(a),T,G,-1.945,1.083,7.5,2
139(a),T,H,1.751,0.678,9,2
139(a),T,I,-3.103,0,26.5,2
139(a),T,K,-1.46,0.6897,9.5,2
139(a),T,L,-1.397,0.037,15,2
139(a),T,M,-0.0835,1.985,9.5,2
139(a),T,N,-1.034,0.0763,10,2
139(a),T,P,0.382,1.875,12.5,2
139(a),T,Q,-1.562,0.6021,11,2
139(a),T,R,-2.191,0.219,11,2
139(a),T,S,-1.621,1.144,12.5,2
139(a),T,T,0,0,,2
139(a),T,V,-2.123,0.579,9.5,2
139(a),T,W,-2.119,0.421,9.5,2
139(a),T,Y,-2.409,0.1435,16,2
139(b),E,*,-6.522,0,4,2
139(b),E,-,-1.207,1.233,4,2
139(b),E,A,0.1605,1.136,11.5,2
139(b),E,C,0.2555,1.581,10.5,2
139(b),E,D,-0.3349,0.4242,13.5,2
139(b),E,E,0,0,,2
139(b),E,F,-1.441,0.073,9.5,2
139(b),E,G,-0.8054,1.263,8.5,2
139(b),E,H,-1.072,0.4824,10,2
139(b),E,I,-0.0863,0.1952,9.5,2
139(b),E,K,-0.06185,0.2419,53,2
139(b),E,L,1.754,0.8831,10,2
139(b),E,M,-0.712,1.763,6,2
139(b),E,N,-1.344,0.5332,7,2
139(b),E,P,-1.085,0.9039,7.5,2
139(b),E,Q,0.5858,0.5712,10,2
139(b),E,R,-0.1425,1.208,7.5,2
139(b),E,S,0.5365,1.091,10,2
139(b),E,T,0.6768,0.4501,10,2
139(b),E,V,0.5635,0.0616,13,2
139(b),E,W,0.1496,0.9024,9.5,2
139(b),E,Y,0.9898,0.0222,6.5,2
14(T2A),D,-,-0.3871,0.1232,2,2
14(T2A),D,A,-2.837,0,0.5,1
14(T2A),D,D,0,0,,2
14(T2A),D,E,-3.289,0,6.5,2
14(T2A),D,G,-1.607,0.0815,3,2
14(T2A),D,H,-2.121,1.233,2,2
14(T2A),D,N,-2.756,0.33,27.5,2
14(a),Q,*,-8.325,0,15,2
14(a),Q,-,-1.995,0,1,1
14(a),Q,A,0.5559,0.2197,7.5,2
14(a),Q,C,-0.822,1.247,10.5,2
14(a),Q,D,-1.796,0.3495,9.5,2
14(a),Q,E,-1.948,0.0775,10.5,2
14(a),Q,F,-0.7041,0.5829,7.5,2
14(a),Q,G,-2.432,0.108,7.5,2
14(a),Q,H,-1.256,0.248,20,2
14(a),Q,I,-3.298,0.071,3,2
14(a),Q,K,-4.02,0,8.5,2
14(a),Q,L,-1.042,0.5285,8,2
14(a),Q,M,0.5594,0.7436,8.5,2
14(a),Q,N,-2.229,0.0425,3,2
14(a),Q,P,-8.304,0,12,2
14(a),Q,Q,0,0,,2
14(a),Q,R,-3.17,0.0845,13,2
14(a),Q,S,0.077,1.184,5,2
14(a),Q,T,-1.146,0.1788,7.5,2
14(a),Q,V,-2.203,0.263,5,2
14(a),Q,W,-1.03,0.783,11,2
14(a),Q,Y,0.8703,0.7267,8.5,2
14(b),A,-,-0.5746,0.8884,1.5,2
14(b),A,A,0,0,,2
14(b),A,C,-0.3172,0.2183,5.5,2
14(b),A,D,-0.9495,0.2445,12.5,2
14(b),A,E,-1.632,0.118,6,2
14(b),A,F,-2.793,0.326,7.5,2
14(b),A,G,2.059,0.5465,7,2
14(b),A,H,-0.7317,0.227,13.5,2
14(b),A,I,-1.351,0.3512,10,2
14(b),A,K,0.2157,0.2254,9,2
14(b),A,L,-1.397,0.7176,14.5,2
14(b),A,M,-1.202,0.1875,10,2
14(b),A,N,0.1815,1.204,11.5,2
14(b),A,P,-8.395,0,12,2
14(b),A,Q,0.1765,1.357,9.5,2
14(b),A,R,-1.202,0.055,14.5,2
14(b),A,S,-0.08514,0.1189,16.5,2
14(b),A,T,0.3665,0.8735,20,2
14(b),A,V,-0.7955,1.079,15.5,2
14(b),A,W,-3.172,0.1025,11.5,2
14(b),A,Y,-2.795,0.385,9.5,2
140(a),V,-,-0.467,0.2619,7.5,2
140(a),V,A,-1.643,0.598,12.5,2
140(a),V,C,-1.08,0.179,12,2
140(a),V,D,-1.849,0.214,12,2
140(a),V,E,-1.852,0.1045,14,2
140(a),V,F,-0.5334,0.3816,12.5,2
140(a),V,G,-2.479,0.2665,12,2
140(a),V,H,-1.319,0.045,13,2
140(a),V,I,0.9578,0.9772,12,2
140(a),V,K,-0.07,1.59,9.5,2
140(a),V,L,0.7288,0.0401,15.5,2
140(a),V,M,-0.156,0.4022,31,2
140(a),V,N,0.6621,0.2651,11,2
140(a),V,P,-1.725,0.6465,9.5,2
140(a),V,Q,0.955,0.6739,10.5,2
140(a),V,R,-1.627,0.369,11,2
140(a),V,S,-1.048,0.6707,12,2
140(a),V,T,-0.2859,0.8291,19.5,2
140(a),V,V,0,0,,2
140(a),V,W,-1.419,0.8323,10,2
140(a),V,Y,0.7413,0.2442,10.5,2
140(b),T,-,0.3665,0.7425,3.5,2
140(b),T,A,-0.2767,0.2662,11.5,2
140(b),T,C,-0.4497,0.1865,12,2
140(b),T,D,0.1632,0.4554,12,2
140(b),T,E,0.1519,0.7486,6,2
140(b),T,F,-0.2759,0.2111,15,2
140(b),T,G,-0.6392,0.2351,9.5,2
140(b),T,H,0.9854,0.1156,11.5,2
140(b),T,I,-0.762,0.1705,13.5,2
140(b),T,K,-0.01867,0.02431,9,2
140(b),T,L,-0.2927,0.6331,9.5,2
140(b),T,M,0.3981,1.201,11,2
140(b),T,N,0.08885,0.5917,9.5,2
140(b),T,P,-0.506,0.7391,10.5,2
140(b),T,Q,-0.2307,0.1421,10.5,2
140(b),T,R,-0.6058,0.1351,8.5,2
140(b),T,S,0.1363,0.3061,9.5,2
140(b),T,T,0,0,,2
140(b),T,V,0.03975,0.872,11.5,2
140(b),T,W,0.2585,1.068,13,2
140(b),T,Y,-0.7265,0.9034,10,2
141(a),F,-,-0.5649,0.5541,8,2
141(a),F,A,-2.29,0.097,5,2
141(a),F,C,-0.5567,1.276,12,2
141(a),F,D,-1.652,0.6583,10,2
141(a),F,E,-1.273,0.2025,14,2
141(a),F,F,0,0,,2
141(a),F,G,-1.454,0.2455,13.5,2
141(a),F,H,-1.417,0.2835,8.5,2
141(a),F,I,-0.37,1.486,13.5,2
141(a),F,K,-1.754,0.5885,12,2
141(a),F,L,-0.0815,0.2488,9,2
141(a),F,M,1.168,0.2198,10,2
141(a),F,N,-0.8498,0.5493,17,2
141(a),F,P,-0.2235,1.413,10.5,2
141(a),F,Q,-0.4851,1.137,9.5,2
141(a),F,R,-2.954,0.2325,6.5,2
141(a),F,S,-1.093,1.095,8.5,2
141(a),F,T,-1.445,0.9957,11,2
141(a),F,V,-1.568,0.137,12,2
141(a),F,W,-0.06775,0.75,15.5,2
141(a),F,Y,0.9722,0.8307,10.5,2
141(b),K,*,-9.503,0,1,2
141(b),K,-,0.3196,0.00465,4,2
141(b),K,A,1.92,0.652,11.5,2
141(b),K,C,0.3609,0.5707,10.5,2
141(b),K,D,-0.4177,0.8612,7,2
141(b),K,E,0.9478,0.2313,16.5,2
141(b),K,F,-0.0083,0.6654,14,2
141(b),K,G,-0.3872,0.07805,14.5,2
141(b),K,H,-0.194,0.1054,7,2
141(b),K,I,0.4026,0.3891,13.5,2
141(b),K,K,0,0,,2
141(b),K,L,0.079,1.219,5,2
141(b),K,M,-0.3755,0.6265,11.5,2
141(b),K,N,-0.3725,0.2299,16,2
141(b),K,P,-0.1489,0.2526,12,2
141(b),K,Q,-0.7494,0.09425,16,2
141(b),K,R,-0.4144,0.2643,20,2
141(b),K,S,-0.0871,0.6842,7,2
141(b),K,T,-0.5425,0.0525,8.5,2
141(b),K,V,1.415,0.7215,7.5,2
141(b),K,W,-0.7482,0.7098,12,2
141(b),K,Y,0.2973,0.3316,11,2
142(a),Y,*,-3.505,0.1965,1,2
142(a),Y,-,-2.664,0.722,9.5,2
142(a),Y,A,-1.446,0.4884,6.5,2
142(a),Y,C,-1.374,0.073,21,2
142(a),Y,D,-2.189,0.3905,10.5,2
142(a),Y,E,-2.219,0.5195,12.5,2
142(a),Y,F,-0.9405,1.48,10,2
142(a),Y,G,0.2516,0.6036,15.5,2
142(a),Y,H,-1.118,0.6996,13,2
142(a),Y,I,-1.196,1.014,8.5,2
142(a),Y,K,-0.02655,0.1482,9.5,2
142(a),Y,L,-0.9057,0.2343,11.5,2
142(a),Y,M,-1.029,1.202,8.5,2
142(a),Y,N,-1.099,0.9119,5.5,2
142(a),Y,P,-2.65,0.32,4.5,2
142(a),Y,Q,0.7344,1.284,11.5,2
142(a),Y,R,-0.2846,0.3656,8,2
142(a),Y,S,-1.193,0.3266,14,2
142(a),Y,T,-1.181,0.4733,15,2
142(a),Y,V,-1.508,1.374,9,2
142(a),Y,W,1.507,0.348,9.5,2
142(a),Y,Y,0,0,,2
142(b),H,-,-0.6435,0.1048,3,2
142(b),H,A,-0.4096,0.7364,10,2
142(b),H,C,-0.8542,1.185,10.5,2
142(b),H,D,-0.362,0.865,10.5,2
142(b),H,E,-0.5333,0.06935,10.5,2
142(b),H,F,-0.0033,0.259,11,2
142(b),H,G,0.2718,0.8592,17,2
142(b),H,H,0,0,,2
142(b),H,I,0.572,2.266,11,2
142(b),H,K,-0.444,1.132,8,2
142(b),H,L,-0.3854,0.3189,15.5,2
142(b),H,M,-0.0225,1.034,15,2
142(b),H,N,0.0925,0.5628,13,2
142(b),H,P,-0.1785,0.4921,13.5,2
142(b),H,Q,0.6162,1.09,8,2
142(b),H,R,1.317,0.043,16,2
142(b),H,S,0.3585,0.9565,8,2
142(b),H,T,1.541,0.908,12,2
142(b),H,V,-0.2136,0.2711,14,2
142(b),H,W,1.034,1.252,6.5,2
142(b),H,Y,0.1025,0.1165,39.5,2
143(a),R,*,-5.117,0,1.5,2
143(a),R,-,-2.743,0.8495,10,2
143(a),R,A,0.3131,0.638,11.5,2
143(a),R,C,-0.962,0.185,17,2
143(a),R,D,-2.995,0.1255,10.5,2
143(a),R,E,-3.934,0,9.5,2
143(a),R,F,-1.141,0.0585,12.5,2
143(a),R,G,-1.82,0.6465,17,2
143(a),R,H,0.1832,0.2882,10,2
143(a),R,I,0.698,2.379,10,2
143(a),R,K,-0.847,0.321,11.5,2
143(a),R,L,-0.4357,0.1875,12,2
143(a),R,M,0.052,1.081,12,2
143(a),R,N,-1.25,0.2996,9.5,2
143(a),R,P,-1.962,0.721,9.5,2
143(a),R,Q,-1.848,0.017,9,2
143(a),R,R,0,0,,2
143(a),R,S,-1.34,0.185,15,2
143(a),R,T,-0.583,0.06915,11.5,2
143(a),R,V,0.5048,0.8032,18,2
143(a),R,W,-0.1471,0.629,12,2
143(a),R,Y,-0.6675,0.3334,11.5,2
143(b),V,-,-2.293,0.8285,5,2
143(b),V,A,-0.2755,1.312,10.5,2
143(b),V,C,-1.123,0.5798,9.5,2
143(b),V,D,-1.065,0.7369,9.5,2
143(b),V,E,-1.397,0.186,9.5,2
143(b),V,F,-1.361,0.5505,7.5,2
143(b),V,G,0.4251,0.605,12,2
143(b),V,H,-0.9966,0.3674,10.5,2
143(b),V,I,0.2368,0.7661,6.5,2
143(b),V,K,-1.681,0.144,10,2
143(b),V,L,-0.4085,0.2809,15,2
143(b),V,M,-0.0644,0.1537,22.5,2
143(b),V,N,-1.386,0.106,9.5,2
143(b),V,P,0.2649,0.6824,8.5,2
143(b),V,Q,0.07975,0.5644,7,2
143(b),V,R,-0.1207,0.2296,9,2
143(b),V,S,1.21,0.967,14,2
143(b),V,T,0.4483,0.9817,10.5,2
143(b),V,V,0,0,,2
143(b),V,W,0.3225,1.651,12.5,2
144(a),Q,*,-9.002,0,10,2
144(a),Q,-,-1.04,0.4936,10,2
144(a),Q,A,1.543,0.3975,10,2
144(a),Q,C,-1.374,0.117,8.5,2
144(a),Q,D,0.2055,0.6597,11.5,2
144(a),Q,E,-0.3283,0.0416,15,2
144(a),Q,F,-1.187,0.5067,9,2
144(a),Q,G,-0.3106,0.1306,12,2
144(a),Q,H,0.4429,0.0404,11,2
144(a),Q,I,-0.0115,1.135,12,2
144(a),Q,K,-0.2368,0.0758,11.5,2
144(a),Q,L,0.6741,0.3509,11.5,2
144(a),Q,M,-0.3895,0.2372,9,2
144(a),Q,N,0.9174,0.7986,14,2
144(a),Q,P,-2.876,0.019,17.5,2
144(a),Q,Q,0,0,,2
144(a),Q,R,1.383,1.45,15.5,2
144(a),Q,S,0.1265,0.5425,16.5,2
144(a),Q,T,0.1603,0.605,6.5,2
144(a),Q,V,-0.4341,1.424,16.5,2
144(a),Q,W,-1.387,0.5105,6.5,2
144(a),Q,Y,-0.8148,0.8842,9,2
144(b),V,-,-0.4446,0.2398,4.5,2
144(b),V,A,-0.1974,0.6751,8.5,2
144(b),V,C,-0.7976,0.6334,11.5,2
144(b),V,D,2.318,1.069,9.5,2
144(b),V,E,0.1932,0.2971,11,2
144(b),V,F,-1.001,0.1845,10,2
144(b),V,G,1.012,1.293,10,2
144(b),V,H,0.8447,0.7183,14,2
144(b),V,I,-0.7937,0.2253,9.5,2
144(b),V,K,-0.4635,0.1797,10.5,2
144(b),V,L,-0.8486,0.4715,12,2
144(b),V,M,-0.1739,0.2392,17,2
144(b),V,N,0.0403,0.8518,12.5,2
144(b),V,P,-0.6345,0.3865,7.5,2
144(b),V,Q,-0.4899,0.1142,10.5,2
144(b),V,R,1.177,0.9385,10.5,2
144(b),V,S,0.0071,0.2444,12,2
144(b),V,T,0.1902,0.8638,10.5,2
144(b),V,V,0,0,,2
144(b),V,W,-0.1486,0.5654,14,2
144(b),V,Y,0.4705,0.04655,8.5,2
145(a),A,-,-0.7926,1.399,10,2
145(a),A,A,0,0,,2
145(a),A,C,1.284,0.7848,10.5,2
145(a),A,D,0.9026,0.8344,18,2
145(a),A,E,0.3717,1.231,12,2
145(a),A,F,0.719,1.787,13,2
145(a),A,G,1.037,0.6306,7,2
145(a),A,H,-0.0636,0.0819,16,2
145(a),A,I,-0.7602,0.8619,9,2
145(a),A,K,0.1054,0.3634,9,2
145(a),A,L,-0.61,0.7189,11,2
145(a),A,M,0.03515,0.7483,14,2
145(a),A,N,1.282,0.105,9.5,2
145(a),A,P,-0.09793,0.01786,10,2
145(a),A,Q,0.04815,0.5841,10.5,2
145(a),A,R,0.00185,0.6208,11.5,2
145(a),A,S,0.01264,0.06174,14,2
145(a),A,T,-0.2157,0.1432,26.5,2
145(a),A,V,-0.1408,0.4345,24.5,2
145(a),A,W,0.4908,0.4254,14,2
145(a),A,Y,0.0724,0.6874,11.5,2
145(b),S,-,-1.03,0.2998,5,2
145(b),S,A,0.3872,0.4337,10.5,2
145(b),S,C,1.367,1.218,9,2
145(b),S,D,-0.9514,1.201,10,2
145(b),S,E,-0.5009,0.1966,7.5,2
145(b),S,F,0.2076,0.3462,11,2
145(b),S,G,-0.2725,1.389,13,2
145(b),S,H,1.762,1.905,14.5,2
145(b),S,I,1.091,0.4618,14.5,2
145(b),S,K,0.3705,0.4454,9.5,2
145(b),S,L,-0.9249,0.7561,7,2
145(b),S,M,-0.0704,0.5901,7.5,2
145(b),S,N,-0.1058,0.3055,26.5,2
145(b),S,P,0.7854,1.019,7.5,2
145(b),S,Q,0.4588,0.6882,11,2
145(b),S,R,-1.263,0.023,19,2
145(b),S,S,0,0,,2
145(b),S,T,-0.1554,0.2435,7,2
145(b),S,V,0.8116,0.5984,9.5,2
145(b),S,W,-0.5916,0.2369,13.5,2
145(b),S,Y,-1.169,0.5757,10,2
146(a),D,*,-5.041,0,0.5,1
146(a),D,-,-0.5872,0.3919,7,2
146(a),D,A,-0.4643,0.5496,11,2
146(a),D,C,-1.355,0.5078,10.5,2
146(a),D,D,0,0,,2
146(a),D,E,-1.095,0.2232,12,2
146(a),D,F,-1.879,0.301,12.5,2
146(a),D,G,-0.8662,0.09155,18.5,2
146(a),D,H,-1.383,0.1265,14.5,2
146(a),D,I,-1.936,0.183,12,2
146(a),D,K,-2.232,0.499,11,2
146(a),D,L,-2.216,0.32,12.5,2
146(a),D,M,-1.573,0.2395,7,2
146(a),D,N,0.1333,0.4425,24,2
146(a),D,P,-1.932,0.6095,14,2
146(a),D,Q,-1.827,0.1195,10,2
146(a),D,R,-1.496,0.332,10,2
146(a),D,S,0.4246,0.5696,8.5,2
146(a),D,T,0.1005,1.671,15.5,2
146(a),D,V,-1.999,0.427,8.5,2
146(a),D,W,-2.042,0.5645,11.5,2
146(a),D,Y,-0.5798,0.6282,13,2
146(b),T,-,-0.8723,1.011,4,2
146(b),T,A,-1.109,0.074,13,2
146(b),T,C,-0.6322,0.0943,11.5,2
146(b),T,D,1.331,0.5688,5.5,2
146(b),T,E,-0.955,0.22,16,2
146(b),T,F,-0.9607,0.08825,6,2
146(b),T,G,0.4062,0.5116,11.5,2
146(b),T,H,0.0978,0.473,10.5,2
146(b),T,I,-2.032,0.5075,17.5,2
146(b),T,K,-1.299,0.6916,17.5,2
146(b),T,L,0.03765,0.4975,7,2
146(b),T,M,-0.06265,0.876,10.5,2
146(b),T,N,-1.19,0.4753,14.5,2
146(b),T,P,-1.522,0.6437,12.5,2
146(b),T,Q,-1.28,0.4657,10,2
146(b),T,R,0.6608,1.492,10,2
146(b),T,S,0.4029,0.4161,9,2
146(b),T,T,0,0,,2
146(b),T,V,-1.171,0.314,11,2
146(b),T,W,-0.9712,0.8168,16.5,2
146(b),T,Y,-0.7785,0.0707,13.5,2
147(a),N,-,-0.7199,0.7271,7.5,2
147(a),N,A,-2.234,0.2655,11,2
147(a),N,C,0.3077,0.8514,9,2
147(a),N,D,-0.975,0.113,17.5,2
147(a),N,E,-0.9998,0.5542,12,2
147(a),N,F,0.008919,0,1.5,1
147(a),N,G,-0.2937,1.137,10.5,2
147(a),N,H,-0.9819,0.4661,16,2
147(a),N,I,-2.289,0.1385,9,2
147(a),N,K,-1.924,0.322,10,2
147(a),N,L,-0.2477,1.172,8.5,2
147(a),N,M,0.364,1.677,8.5,2
147(a),N,N,0,0,,2
147(a),N,P,-2.808,0.03,8.5,2
147(a),N,Q,-2.018,0.1115,15.5,2
147(a),N,R,-1.89,0.0125,11.5,2
147(a),N,S,-0.4221,0.3053,10.5,2
147(a),N,T,-1.318,0.041,16,2
147(a),N,V,-1.724,0.8632,12,2
147(a),N,W,-1.452,0.0395,14,2
147(a),N,Y,-1.686,0.3775,11,2
147(b),D,-,0.1718,0,3,1
147(b),D,A,0.7057,1.2,11,2
147(b),D,C,-0.6326,0.3804,9.5,2
147(b),D,D,0,0,,2
147(b),D,E,1.25,0.4267,16.5,2
147(b),D,F,-0.5826,0.1834,9.5,2
147(b),D,G,-0.0717,0.3283,17,2
147(b),D,H,0.5766,0.7064,15,2
147(b),D,I,-0.6648,1.336,9,2
147(b),D,K,-0.1658,0.3104,12.5,2
147(b),D,L,-0.5818,0.5582,12,2
147(b),D,M,1.795,0.9548,9.5,2
147(b),D,N,0.1245,0.2169,17,2
147(b),D,P,0.9905,2.248,19,2
147(b),D,Q,0.8287,0.07135,13.5,2
147(b),D,R,1.972,1.685,13.5,2
147(b),D,S,-0.1294,0.6273,16.5,2
147(b),D,T,-1.03,0.5703,8,2
147(b),D,V,0.5724,0.5416,10,2
147(b),D,W,-0.4452,0.8568,9.5,2
147(b),D,Y,-0.7611,0.2168,13,2
148(a),G,-,-0.8036,0.1695,6.5,2
148(a),G,A,-0.5447,1.065,12,2
148(a),G,C,0.6088,0.3889,16.5,2
148(a),G,D,-0.09545,0.2046,12.5,2
148(a),G,E,-1.87,1.151,10,2
148(a),G,F,-0.4849,1.081,12,2
148(a),G,G,0,0,,2
148(a),G,H,-0.3689,0.4192,8,2
148(a),G,I,0.1948,1.005,6.5,2
148(a),G,K,-0.582,0.8439,8,2
148(a),G,L,-1.886,0.549,9,2
148(a),G,M,-1.918,0.278,6.5,2
148(a),G,N,0.0157,0.1579,8.5,2
148(a),G,P,-2.567,0.0365,14.5,2
148(a),G,Q,0.05555,0.3969,7.5,2
148(a),G,R,1.615,1.616,7.5,2
148(a),G,S,-0.7057,0.6443,14.5,2
148(a),G,T,-0.6376,0.9024,8,2
148(a),G,V,-2.335,0.027,12.5,2
148(a),G,W,-0.9433,0.3058,11.5,2
148(a),G,Y,-0.2086,0.2719,10.5,2
148(b),V,-,-2.609,0.518,3,2
148(b),V,A,-0.6481,0.01775,8.5,2
148(b),V,C,0.02455,0.1255,13,2
148(b),V,D,-0.583,1.669,8.5,2
148(b),V,E,-2.379,0.441,10.5,2
148(b),V,F,-0.7846,0.2214,11.5,2
148(b),V,G,0.01485,0.1513,11,2
148(b),V,H,-0.3576,0.4932,8,2
148(b),V,I,-1.088,0.4997,13.5,2
148(b),V,K,-1.039,0.3008,7,2
148(b),V,L,-0.4944,0.1176,14,2
148(b),V,M,-0.6205,0.3059,19,2
148(b),V,N,-0.0594,0.9318,10,2
148(b),V,P,-0.4312,0.4922,6.5,2
148(b),V,Q,-1.332,0.1845,15.5,2
148(b),V,R,-1.304,0.2005,13,2
148(b),V,S,-0.0671,0.6556,13.5,2
148(b),V,T,-0.5921,0.9159,9,2
148(b),V,V,0,0,,2
148(b),V,W,0.171,0.4962,9.5,2
148(b),V,Y,-0.498,1.044,9,2
149(a),F,*,-13.09,0,0.5,1
149(a),F,-,-1.81,1.599,6.5,2
149(a),F,A,-1.755,0.377,9.5,2
149(a),F,C,-0.5814,0.1137,9.5,2
149(a),F,D,-0.443,1.936,7.5,2
149(a),F,E,-2.71,0.006,6,2
149(a),F,F,0,0,,2
149(a),F,G,-1.95,0.1775,13,2
149(a),F,H,-1.267,0.8732,10.5,2
149(a),F,I,-1.831,0.5195,9.5,2
149(a),F,K,-4.559,0,8.5,2
149(a),F,L,-0.7759,0.3501,10.5,2
149(a),F,M,0.334,1.602,10,2
149(a),F,N,-1.815,0.1455,11.5,2
149(a),F,P,-2.788,0.2645,9,2
149(a),F,Q,-2.196,0.2685,11.5,2
149(a),F,R,-4.621,0,9.5,2
149(a),F,S,-3.317,0,14.5,2
149(a),F,T,-3.76,0,7,2
149(a),F,V,-1.797,0.0875,12.5,2
149(a),F,W,-1.06,0.0075,9,2
149(a),F,Y,-0.4592,1.406,7,2
149(b),I,-,-2.704,0,2.5,1
149(b),I,A,-2.016,0.6455,5.5,2
149(b),I,C,-1.444,0.7717,11,2
149(b),I,D,-1.148,0.8222,11.5,2
149(b),I,E,-0.8123,0.8937,7,2
149(b),I,F,0.115,1.929,7.5,2
149(b),I,G,-0.1999,1.183,11.5,2
149(b),I,H,0.3474,1.012,8,2
149(b),I,I,0,0,,2
149(b),I,K,-2.056,0.327,5,2
149(b),I,L,-1.09,0.6373,18,2
149(b),I,M,-0.2954,0.3216,12,2
149(b),I,N,-0.6678,0.4621,11,2
149(b),I,P,-3.47,0,10,2
149(b),I,Q,-0.5837,0.8943,9,2
149(b),I,R,0.5116,0.0687,8.5,2
149(b),I,S,-1.153,0.2936,10.5,2
149(b),I,T,-0.7524,0.9707,13,2
149(b),I,V,-1.038,0.4616,15,2
149(b),I,W,-0.8278,1.156,11.5,2
149(b),I,Y,-0.1892,0.4467,8.5,2
15(T2A),V,-,-0.2856,0.2748,2,2
15(T2A),V,E,-1.809,0,0.5,1
15(T2A),V,L,-2.962,0.0505,4.5,2
15(T2A),V,M,-2.873,0.04,8,2
15(T2A),V,V,0,0,,2
15(a),R,*,-10.11,0,6.5,2
15(a),R,-,-2.869,0.919,2,2
15(a),R,A,-1.291,0.6279,7.5,2
15(a),R,C,-1.944,0.5235,8,2
15(a),R,D,-2.111,0.1835,9,2
15(a),R,E,-2.138,0.101,8,2
15(a),R,F,-1.484,0.189,10.5,2
15(a),R,G,-2.418,0.0935,13,2
15(a),R,H,-1.685,0.1915,7.5,2
15(a),R,I,-0.7568,0.7362,9,2
15(a),R,K,0.5041,0.2437,15,2
15(a),R,L,-0.114,1.38,10,2
15(a),R,M,0.1205,0.2641,11,2
15(a),R,N,-1.252,0.7984,6.5,2
15(a),R,P,-8.128,0,8,2
15(a),R,Q,-1.001,0.8874,9.5,2
15(a),R,R,0,0,,2
15(a),R,S,-1.076,0.4376,9.5,2
15(a),R,T,-0.3123,0.8887,6,2
15(a),R,V,-0.9975,0.3135,7.5,2
15(a),R,W,-1.3,0.3925,16,2
15(a),R,Y,-0.5114,1.223,12.5,2
15(b),F,-,-1.419,0.1935,2,2
15(b),F,A,-0.2256,0.9294,6.5,2
15(b),F,C,-1.687,0.327,11,2
15(b),F,D,-5.257,0,10,2
15(b),F,E,-4.438,0,9.5,2
15(b),F,F,0,0,,2
15(b),F,G,-0.5284,1.386,8.5,2
15(b),F,H,-2.269,0.416,8,2
15(b),F,I,-2.425,0.4675,12,2
15(b),F,K,-3.585,0,7.5,2
15(b),F,L,-1.144,0.377,11.5,2
15(b),F,M,-1.642,0.308,8,2
15(b),F,N,-2.671,0.537,8.5,2
15(b),F,P,-4.975,0,13,2
15(b),F,Q,-3.281,0,10,2
15(b),F,R,-3.189,0,11.5,2
15(b),F,S,-1.541,0.8372,13.5,2
15(b),F,T,-3.124,0.1345,6.5,2
15(b),F,V,-1.898,0.256,7.5,2
15(b),F,W,-2.932,0.053,12,2
15(b),F,Y,-1.933,0.4545,12,2
150(a),Y,*,-7.59,0,1.5,2
150(a),Y,-,-0.5494,0.3192,5.5,2
150(a),Y,A,0.1879,0.03235,14.5,2
150(a),Y,C,0.00705,0.29,16.5,2
150(a),Y,D,-0.6214,0.6406,12.5,2
150(a),Y,E,0.3979,0.3111,10.5,2
150(a),Y,F,-0.8541,0.5508,13.5,2
150(a),Y,G,-1.735,0.156,10,2
150(a),Y,H,-0.6551,0.6409,14.5,2
150(a),Y,I,-1.327,0.1525,12,2
150(a),Y,K,-1.613,0.2215,12.5,2
150(a),Y,L,-0.2271,0.0611,11.5,2
150(a),Y,M,0.3502,0.4592,15.5,2
150(a),Y,N,0.5343,0.8488,11,2
150(a),Y,P,-4.625,0,7.5,2
150(a),Y,Q,0.1914,0.0252,8.5,2
150(a),Y,R,2.41,2.24,10.5,2
150(a),Y,S,-0.7518,0.7472,11,2
150(a),Y,T,-0.4862,0.9008,14.5,2
150(a),Y,V,0.2314,0.2118,13.5,2
150(a),Y,W,-2.16,0.372,9.5,2
150(a),Y,Y,0,0,,2
150(b),Q,*,-4.894,0.785,3.5,2
150(b),Q,-,-0.893,0,2,1
150(b),Q,A,2.171,0.6835,8.5,2
150(b),Q,C,0.8804,0.0788,12,2
150(b),Q,D,0.7212,1.046,10,2
150(b),Q,E,-0.4656,0.425,7.5,2
150(b),Q,F,-0.7155,0.1925,9.5,2
150(b),Q,G,-0.5706,0.5514,10,2
150(b),Q,H,2.118,2.023,19.5,2
150(b),Q,I,-0.639,0.576,11.5,2
150(b),Q,K,-0.5193,0.4446,7.5,2
150(b),Q,L,-0.848,0.37,12,2
150(b),Q,N,-0.09765,0.9304,6,2
150(b),Q,P,-0.4442,0.0221,26.5,2
150(b),Q,Q,0,0,,2
150(b),Q,R,0.575,0.608,17,2
150(b),Q,S,0.6243,0.4046,11,2
150(b),Q,T,0.5609,0.0155,7,2
150(b),Q,V,-1.009,0.41,9,2
150(b),Q,W,0.006,1.537,8.5,2
150(b),Q,Y,-0.3207,1.059,11,2
151(a),K,*,-8.498,0,2,2
151(a),K,-,-0.434,0.2436,5.5,2
151(a),K,A,-2.295,0.2145,12,2
151(a),K,C,-1.358,0.1425,15.5,2
151(a),K,D,-2.507,0.086,11.5,2
151(a),K,E,-1.607,0.0445,7.5,2
151(a),K,F,-1.966,0.3745,8.5,2
151(a),K,G,-3.26,0.1625,7.5,2
151(a),K,H,-0.1399,0.8982,9.5,2
151(a),K,I,-2.144,0.2735,10,2
151(a),K,K,0,0,,2
151(a),K,L,-1.408,0.8397,10.5,2
151(a),K,M,-0.9567,0.04925,11,2
151(a),K,N,-4.432,0,14.5,2
151(a),K,P,-12.26,0,13,2
151(a),K,Q,-0.3723,1.016,11.5,2
151(a),K,R,0.8913,0.5867,11,2
151(a),K,S,-1.949,0.2245,14,2
151(a),K,T,-1.496,0.6879,8,2
151(a),K,V,-0.8896,0.8724,9.5,2
151(a),K,W,-3.151,0,10.5,2
151(a),K,Y,-1.924,0.3475,9,2
151(b),N,-,0.109,0,0.5,1
151(b),N,A,-1.089,0.5226,5.5,2
151(b),N,C,1.066,0.242,6,2
151(b),N,D,-0.9974,0.9616,8,2
151(b),N,E,1.218,0.1695,8,2
151(b),N,F,-3.01,0.105,10.5,2
151(b),N,G,-1.133,0.6409,7.5,2
151(b),N,H,-0.8822,0.04725,12.5,2
151(b),N,I,-1.978,0.1405,8.5,2
151(b),N,K,-0.9112,0.4648,9.5,2
151(b),N,L,-0.07865,1.014,3.5,2
151(b),N,M,-1.509,1.016,4,2
151(b),N,N,0,0,,2
151(b),N,P,-2.817,0.1515,9.5,2
151(b),N,Q,0.3626,0.1277,7,2
151(b),N,R,0.137,1.407,5.5,2
151(b),N,S,-0.7882,1.053,9.5,2
151(b),N,T,-1.108,0.056,8.5,2
151(b),N,V,-1.269,0.025,6,2
151(b),N,W,-4.685,0,5,2
151(b),N,Y,-3.842,0,11,2
152(a),F,-,-0.3697,0.1797,6,2
152(a),F,A,-1.846,0.5535,10,2
152(a),F,C,-0.9915,0.2136,12,2
152(a),F,D,-3.144,0,8.5,2
152(a),F,E,-2.471,0.237,11.5,2
152(a),F,F,0,0,,2
152(a),F,G,-2.468,0.367,8.5,2
152(a),F,H,-1.373,0.7294,12,2
152(a),F,I,-2.067,0.0615,8,2
152(a),F,K,-2.386,0.299,9,2
152(a),F,L,-0.7329,0.3692,10.5,2
152(a),F,M,-0.3685,0.1947,9.5,2
152(a),F,N,-1.939,0.138,7,2
152(a),F,P,-3.075,0.0305,6.5,2
152(a),F,Q,-2.018,0.2005,11,2
152(a),F,R,-1.69,0.627,9,2
152(a),F,S,-1.969,0.3685,12.5,2
152(a),F,T,-0.6091,1.286,7,2
152(a),F,V,-1.709,0.436,8.5,2
152(a),F,W,0.1235,1.462,9.5,2
152(a),F,Y,0.4979,0.4961,11,2
152(b),G,-,-1.305,0,0.5,1
152(b),G,A,-1.624,0.7244,7.5,2
152(b),G,C,-2.248,0.055,13,2
152(b),G,D,-3.897,0,16,2
152(b),G,E,-3.691,0,12,2
152(b),G,F,-3.24,0,15.5,2
152(b),G,G,0,0,,2
152(b),G,H,-2.699,0.322,9.5,2
152(b),G,I,-3.12,0.0065,11.5,2
152(b),G,K,-2.773,0.172,11.5,2
152(b),G,L,-4.19,0,6.5,2
152(b),G,M,-1.572,0.5695,9,2
152(b),G,N,-2.901,0.337,9,2
152(b),G,P,-1.068,0.004,11,2
152(b),G,Q,-2.466,0.44,13.5,2
152(b),G,R,-3.101,0.004,11.5,2
152(b),G,S,-0.9034,0.5877,11,2
152(b),G,T,-3.363,0,10.5,2
152(b),G,V,-3.19,0,13.5,2
152(b),G,W,-4.355,0,16,2
152(b),G,Y,-3.473,0,11,2
153(a),S,-,-2.391,1.287,6.5,2
153(a),S,A,0.5635,0.02745,6.5,2
153(a),S,C,-0.826,0.24,9,2
153(a),S,D,-1.241,0.5632,9,2
153(a),S,E,-0.2475,1.353,14,2
153(a),S,F,-0.2359,0.1789,12.5,2
153(a),S,G,0.09845,0.614,18.5,2
153(a),S,H,0.6415,0.6255,7.5,2
153(a),S,I,1.254,1.255,13,2
153(a),S,K,1.038,1.092,10,2
153(a),S,L,-0.09612,0.1048,13.5,2
153(a),S,M,0.853,2.226,9.5,2
153(a),S,N,-0.4748,0.9402,20,2
153(a),S,P,-12.7,0,7.5,2
153(a),S,Q,0.1975,0.4688,9.5,2
153(a),S,R,0.596,0.2523,18,2
153(a),S,S,0,0,,2
153(a),S,T,1.968,0.1695,10.5,2
153(a),S,V,0.4235,0.4167,15,2
153(a),S,W,-0.9274,0.7617,12,2
153(a),S,Y,1.29,1.052,9,2
153(b),D,-,-2.834,0.71,1.5,2
153(b),D,A,-0.5614,0.0818,6,2
153(b),D,C,-0.5696,0.4444,5,2
153(b),D,D,0,0,,2
153(b),D,E,-0.4899,0.2812,7,2
153(b),D,F,-1.613,0.053,6.5,2
153(b),D,G,-0.4848,0.1644,6.5,2
153(b),D,H,-0.00215,0.8381,9,2
153(b),D,I,-1.565,0.297,10.5,2
153(b),D,K,-0.07285,0.4993,6.5,2
153(b),D,L,-1.472,0.7449,6.5,2
153(b),D,M,-0.9787,0.7453,11,2
153(b),D,N,0.3545,1.385,20.5,2
153(b),D,P,-1.664,1.079,7.5,2
153(b),D,Q,1.122,0.6385,7.5,2
153(b),D,R,1.531,0.237,9,2
153(b),D,S,-3.823,0,6.5,2
153(b),D,T,-4.396,0,5,2
153(b),D,V,0.02001,0.02904,4,2
153(b),D,W,-0.04672,0.1162,5,2
153(b),D,Y,-2.039,0.111,12,2
154(a),Y,*,-7.338,0,4,2
154(a),Y,-,-2.66,1.596,6.5,2
154(a),Y,A,-0.06222,0.03224,9.5,2
154(a),Y,C,-1.692,0.19,16,2
154(a),Y,D,-1.06,0.8809,13.5,2
154(a),Y,E,-0.9478,0.3412,10,2
154(a),Y,F,0.6621,0.4049,13,2
154(a),Y,G,-0.1865,1.497,9.5,2
154(a),Y,H,-0.2583,0.5479,13,2
154(a),Y,I,1.354,0.317,11,2
154(a),Y,K,-0.1635,1.589,12.5,2
154(a),Y,L,-1.921,0.2895,12,2
154(a),Y,M,0.7431,1.635,12,2
154(a),Y,N,-1.265,1.235,7,2
154(a),Y,P,-2.266,0.1865,15,2
154(a),Y,Q,-1.607,0.3955,10.5,2
154(a),Y,R,2.22,0.099,10.5,2
154(a),Y,S,-0.7541,0.1742,14.5,2
154(a),Y,T,0.7973,0.3798,12,2
154(a),Y,V,0.0575,1.062,8.5,2
154(a),Y,W,0.8855,0.6866,11,2
154(a),Y,Y,0,0,,2
154(b),W,*,-12.73,0,114,2
154(b),W,-,-0.9269,0.1641,1,2
154(b),W,A,-3.38,0,8.5,2
154(b),W,C,-2.046,0.5775,13.5,2
154(b),W,D,-5.268,0,9,2
154(b),W,E,-5.953,0,3.5,2
154(b),W,F,-0.3424,0.6845,10.5,2
154(b),W,G,-3.123,0.2355,6.5,2
154(b),W,H,-2.06,0.119,9.5,2
154(b),W,I,-2.744,0.1225,10,2
154(b),W,K,-5.675,0,10.5,2
154(b),W,L,-2.987,0.065,10.5,2
154(b),W,M,-3.04,0.035,6.5,2
154(b),W,N,-3.229,0,6,2
154(b),W,P,-16.05,0,11,2
154(b),W,Q,-3.62,0,10,2
154(b),W,R,-5.398,0,10,2
154(b),W,S,-3.021,0.07,10,2
154(b),W,T,-3.548,0,9,2
154(b),W,V,-2.53,0.508,6,2
154(b),W,W,0,0,,2
154(b),W,Y,-0.8824,0.5106,11.5,2
155(a),L,-,-0.5013,0.0511,5,2
155(a),L,A,-1.678,0.21,7,2
155(a),L,C,2.716,2.492,14,2
155(a),L,D,-3.514,0.0345,6.5,2
155(a),L,E,-2.044,0.3725,10,2
155(a),L,F,-0.992,0.1459,18.5,2
155(a),L,G,-2.901,0.221,12,2
155(a),L,H,-1.189,0.3812,8,2
155(a),L,I,-0.06542,0.008505,13,2
155(a),L,K,-0.9778,0.6412,11,2
155(a),L,L,0,0,,2
155(a),L,M,0.2699,0.7891,10.5,2
155(a),L,N,0.2251,0.04115,13.5,2
155(a),L,P,-9.276,0,8.5,2
155(a),L,Q,-0.5214,1.177,10,2
155(a),L,R,-0.5868,0.4432,9,2
155(a),L,S,-1.501,0.244,15.5,2
155(a),L,T,0.3517,0.8213,9.5,2
155(a),L,V,0.1547,0.3032,13.5,2
155(a),L,W,-2.027,0.1895,10,2
155(a),L,Y,-0.646,0.07755,9.5,2
155(b),T,-,-0.2116,0,0.5,1
155(b),T,A,-0.8626,0.0687,19,2
155(b),T,C,0.02225,0.3832,11,2
155(b),T,D,0.0795,3.03,8,2
155(b),T,E,-1.57,0.069,12,2
155(b),T,F,-0.1,1.205,8,2
155(b),T,G,-0.3105,0.01425,8.5,2
155(b),T,H,2.309,0.9165,6,2
155(b),T,I,-0.3817,1.05,11,2
155(b),T,K,0.7811,0.5829,10.5,2
155(b),T,L,-0.3332,0.0993,13,2
155(b),T,M,0.1095,1.357,9,2
155(b),T,N,-1.318,0.3819,12.5,2
155(b),T,P,-5.165,0,9,2
155(b),T,Q,0.05845,0.9526,11.5,2
155(b),T,R,0.7055,1.488,9,2
155(b),T,S,-0.2477,0.6145,9,2
155(b),T,T,0,0,,2
155(b),T,V,-0.9912,1.242,14,2
155(b),T,W,-1.482,0.057,7.5,2
155(b),T,Y,-0.2733,0.6293,11,2
156(a),P,-,-1.69,1.069,5,2
156(a),P,A,-1.155,0.03,11,2
156(a),P,C,0.09945,0.2114,9,2
156(a),P,D,1.874,0.4975,13.5,2
156(a),P,E,1.203,0.2924,11,2
156(a),P,F,1.616,0.183,12,2
156(a),P,G,-0.345,0.2354,9.5,2
156(a),P,H,2.299,0.473,13.5,2
156(a),P,I,-0.8552,0.7437,10,2
156(a),P,K,0.6042,1.198,7,2
156(a),P,L,-1.929,0.0325,20,2
156(a),P,M,-0.6068,0.1537,8.5,2
156(a),P,N,1.393,0.5681,6,2
156(a),P,P,0,0,,2
156(a),P,Q,2.29,0.0365,9,2
156(a),P,R,0.5075,1.804,9.5,2
156(a),P,S,1.245,1.26,27,2
156(a),P,T,-0.03715,0.1939,7,2
156(a),P,V,-1.209,0.8818,8,2
156(a),P,W,1.887,0.1575,8.5,2
156(a),P,Y,1.885,0.9218,11.5,2
156(b),Y,*,-7.584,0,1,2
156(b),Y,-,-0.4226,0,0.5,1
156(b),Y,A,-0.7861,0.1904,7,2
156(b),Y,C,-2.178,0.0205,11,2
156(b),Y,D,-1.518,1.008,4.5,2
156(b),Y,E,-2.59,0.0845,7,2
156(b),Y,F,-0.8664,0.2566,12,2
156(b),Y,G,-1.506,0.3295,7,2
156(b),Y,H,-0.3276,0.00275,17.5,2
156(b),Y,I,-1.888,0.2315,10.5,2
156(b),Y,K,-1.326,0.135,9,2
156(b),Y,L,-1.282,0.7688,7.5,2
156(b),Y,M,-1.197,1.119,8,2
156(b),Y,N,-0.6613,0.6857,6,2
156(b),Y,P,-5.956,0,9.5,2
156(b),Y,Q,-1.913,0.746,7.5,2
156(b),Y,R,0.6341,0.6839,8.5,2
156(b),Y,S,-1.213,0.4891,12,2
156(b),Y,T,-1.884,0.544,9,2
156(b),Y,V,-1.474,0.6669,4,2
156(b),Y,W,-1.664,0.9897,11,2
156(b),Y,Y,0,0,,2
157(a),F,-,-0.9962,0.7237,4.5,2
157(a),F,A,0.4757,0.2774,13,2
157(a),F,C,0.5226,0.7154,6,2
157(a),F,D,-0.9154,0.2897,9,2
157(a),F,E,-0.9509,1.542,9.5,2
157(a),F,F,0,0,,2
157(a),F,G,-1.233,0.8169,12,2
157(a),F,H,0.101,1.787,9,2
157(a),F,I,-0.7459,1.278,11,2
157(a),F,K,-2.448,0.42,8,2
157(a),F,L,0.03123,0.1098,8.5,2
157(a),F,M,0.8547,0.7363,9,2
157(a),F,N,1.767,1.207,6,2
157(a),F,P,-5.623,0,13,2
157(a),F,Q,-0.1574,0.6268,7.5,2
157(a),F,R,-1.77,1.112,8,2
157(a),F,S,-0.9188,0.4001,11.5,2
157(a),F,T,0.577,0.736,9,2
157(a),F,V,0.7526,0.6194,6,2
157(a),F,W,-1.047,0.5074,9.5,2
157(a),F,Y,-0.2793,0.1972,20.5,2
157(b),Q,*,-7.576,0,8.5,2
157(b),Q,-,0.1705,0,0.5,1
157(b),Q,A,0.6422,0.6628,7.5,2
157(b),Q,C,-0.00615,0.6198,14,2
157(b),Q,D,-1.395,0.3185,9,2
157(b),Q,E,0.1425,1.587,7.5,2
157(b),Q,F,-2.179,0.3085,9.5,2
157(b),Q,G,0.3231,0.6446,7.5,2
157(b),Q,H,-0.7301,0.0815,5.5,2
157(b),Q,I,-1.625,0.5885,9.5,2
157(b),Q,K,-2.146,0.1245,11.5,2
157(b),Q,L,-1.389,0.1585,7,2
157(b),Q,M,-0.2235,2.298,11.5,2
157(b),Q,N,-1.47,0.0435,6.5,2
157(b),Q,P,-8.082,0,12,2
157(b),Q,Q,0,0,,2
157(b),Q,R,-0.608,0.528,26.5,2
157(b),Q,S,1.217,1.073,5.5,2
157(b),Q,T,-1.205,0.073,8,2
157(b),Q,V,-2.521,0.485,11.5,2
157(b),Q,W,-0.9618,0.1752,10.5,2
157(b),Q,Y,1.828,4.293,7.5,2
158(a),I,-,-2.018,0.1,4.5,2
158(a),I,A,1.852,0.1265,11.5,2
158(a),I,C,1.496,0.708,12,2
158(a),I,D,0.39,0.1075,10,2
158(a),I,E,0.6798,0.7402,8.5,2
158(a),I,F,0.5865,0.3018,15,2
158(a),I,G,1.857,0.2015,7.5,2
158(a),I,H,1.17,1.33,9.5,2
158(a),I,I,0,0,,2
158(a),I,K,3.099,0.778,7.5,2
158(a),I,L,1.123,1.132,10.5,2
158(a),I,M,0.6328,0.034,13,2
158(a),I,N,0.9789,0.3571,12.5,2
158(a),I,P,-0.1291,0.7144,10,2
158(a),I,Q,0.7516,0.07535,12.5,2
158(a),I,R,2.052,0.104,8,2
158(a),I,S,2.994,0.3825,13,2
158(a),I,T,1.365,1.008,12,2
158(a),I,V,-0.2531,0.264,21,2
158(a),I,W,-1.788,0.348,8.5,2
158(a),I,Y,2.251,0.032,9.5,2
158(b),V,-,-1.155,0,0.5,1
158(b),V,A,0.7141,0.9589,11,2
158(b),V,C,0.4111,1.363,8,2
158(b),V,D,-2.123,0.2545,8.5,2
158(b),V,E,0.3015,2.046,9,2
158(b),V,F,-0.3842,0.7848,11,2
158(b),V,G,-0.3069,0.1587,9,2
158(b),V,H,-1.468,0.5801,8.5,2
158(b),V,I,-1.448,0.5839,9.5,2
158(b),V,K,-0.08075,0.9672,10,2
158(b),V,L,0.508,1.949,11,2
158(b),V,M,-0.2764,0.08065,15.5,2
158(b),V,N,-0.7167,0.9524,7.5,2
158(b),V,P,-7.839,0,7,2
158(b),V,Q,0.3535,0.4633,9.5,2
158(b),V,R,-1.04,0.7681,11.5,2
158(b),V,S,-1.307,0.056,13,2
158(b),V,T,-2,0.504,7.5,2
158(b),V,V,0,0,,2
158(b),V,W,-0.0643,0.5809,10,2
158(b),V,Y,-0.3306,1.023,9,2
159(a),P,-,-1.122,0.5615,4.5,2
159(a),P,A,-1.712,0.166,7,2
159(a),P,C,-1.419,0.7067,12,2
159(a),P,D,-1.169,0.7596,8,2
159(a),P,E,0.0155,1.816,13,2
159(a),P,F,0.9876,1.204,9.5,2
159(a),P,G,-0.5017,1.038,6,2
159(a),P,H,-0.7819,0.5242,14,2
159(a),P,I,-0.3712,1.18,6,2
159(a),P,K,-0.7186,0.6985,9,2
159(a),P,L,-0.157,1.43,15.5,2
159(a),P,M,0.1644,0.1319,15,2
159(a),P,N,-0.8885,0.3405,8.5,2
159(a),P,P,0,0,,2
159(a),P,Q,-0.3169,0.1793,11,2
159(a),P,R,-1.165,0.5476,11,2
159(a),P,S,0.5235,0.5705,18.5,2
159(a),P,T,-1.011,1.253,10.5,2
159(a),P,V,1.754,0.0425,7,2
159(a),P,W,0.0241,0.5403,16.5,2
159(a),P,Y,-0.238,0.814,11,2
159(b),L,-,-1.036,0,0.5,1
159(b),L,A,-0.1389,0.1488,7,2
159(b),L,C,-0.0428,0.2222,11,2
159(b),L,D,-2.73,0.312,12.5,2
159(b),L,E,-2.559,0.052,8,2
159(b),L,F,-0.3791,0.9689,4.5,2
159(b),L,G,0.1796,0.6015,8.5,2
159(b),L,H,0.3627,0.6614,4.5,2
159(b),L,I,-0.3005,1.189,8.5,2
159(b),L,K,-2.514,0.5195,6.5,2
159(b),L,L,0,0,,2
159(b),L,M,-1.158,0.4163,11.5,2
159(b),L,N,-0.115,0.3982,8.5,2
159(b),L,P,-4.39,0,12,2
159(b),L,Q,-0.4108,0.9983,17.5,2
159(b),L,R,-2.664,0.293,8,2
159(b),L,S,0.7992,1.075,6,2
159(b),L,T,0.3711,0.3454,10,2
159(b),L,V,-1.625,0.477,10,2
159(b),L,W,-1.003,0.7737,9,2
159(b),L,Y,-0.326,1.473,9,2
16(T2A),E,*,-11.04,0,1,2
16(T2A),E,-,-0.8651,0,1.5,1
16(T2A),E,A,-2.797,0,0.5,1
16(T2A),E,D,-3.115,0,0.5,1
16(T2A),E,E,0,0,,2
16(T2A),E,G,-0.6159,1.038,3,2
16(T2A),E,K,-2.212,0.235,15,2
16(T2A),E,V,-1.903,0.165,1.5,2
16(a),D,*,-9.261,0,14,2
16(a),D,-,-0.9889,1.525,2,2
16(a),D,A,-1.889,0.0785,10,2
16(a),D,C,0.8882,1.55,8,2
16(a),D,D,0,0,,2
16(a),D,E,1.478,0.054,11.5,2
16(a),D,F,-0.57,1.723,6.5,2
16(a),D,G,-1.972,0.5765,12.5,2
16(a),D,H,-0.378,0.1794,6.5,2
16(a),D,I,-1.23,0.3569,6.5,2
16(a),D,K,-3.622,0,7,2
16(a),D,L,-1.573,0.02,6,2
16(a),D,M,-1.786,1.464,7.5,2
16(a),D,N,-3.172,0.036,17.5,2
16(a),D,P,-4.684,0,11,2
16(a),D,Q,-1.205,0.6503,10,2
16(a),D,R,-3.182,0,5.5,2
16(a),D,S,0.08815,0.9939,11.5,2
16(a),D,T,-0.6545,2.226,7.5,2
16(a),D,V,-1.98,0.524,8.5,2
16(a),D,W,-1.382,0.205,9,2
16(a),D,Y,-1.374,0.0615,11.5,2
16(b),E,*,-9.851,0,6,2
16(b),E,-,-1.853,0.0755,2,2
16(b),E,A,-2.95,0.1645,19,2
16(b),E,C,-3.598,0,11.5,2
16(b),E,D,-2.124,0.307,20,2
16(b),E,E,0,0,,2
16(b),E,F,-4.818,0,14.5,2
16(b),E,G,-3.736,0,20.5,2
16(b),E,H,-3.357,0.086,12,2
16(b),E,I,-4.008,0,12.5,2
16(b),E,K,-4.035,0,37,2
16(b),E,L,-4.745,0,11,2
16(b),E,M,-4.132,0,10.5,2
16(b),E,N,-3.915,0,10.5,2
16(b),E,P,-8.602,0,14.5,2
16(b),E,Q,-1.961,0.0295,10.5,2
16(b),E,R,-4.288,0,8.5,2
16(b),E,S,-2.556,0.29,8,2
16(b),E,T,-2.196,0.888,9.5,2
16(b),E,V,-3.907,0,19.5,2
16(b),E,W,-10.43,0,11.5,2
16(b),E,Y,-3.845,0,13.5,2
160(a),T,-,-2.426,0.2385,3.5,2
160(a),T,A,-0.3955,0.164,18,2
160(a),T,C,2.136,1.128,9,2
160(a),T,D,0.06715,0.3916,7,2
160(a),T,E,1.282,1.635,8.5,2
160(a),T,F,0.6513,0.1229,7,2
160(a),T,G,1.372,0.178,11,2
160(a),T,H,1.212,0.3137,4.5,2
160(a),T,I,1.727,0.4835,14.5,2
160(a),T,K,0.0352,0.3331,8.5,2
160(a),T,L,-0.5995,0.03565,10,2
160(a),T,M,1.49,1.488,8.5,2
160(a),T,N,-0.3302,0.8378,14.5,2
160(a),T,P,-2.752,0.2515,17.5,2
160(a),T,Q,-0.4442,0.3506,16,2
160(a),T,R,0.6137,0.3522,12,2
160(a),T,S,0.4544,0.9395,7.5,2
160(a),T,T,0,0,,2
160(a),T,V,-0.1912,0.7329,9.5,2
160(a),T,W,0.4196,0.2102,12.5,2
160(a),T,Y,0.3864,0.4346,14,2
160(b),V,-,-0.9159,0,0.5,1
160(b),V,A,-0.6528,0.5602,7,2
160(b),V,C,-0.3452,1.317,6,2
160(b),V,D,-2.003,0.2305,9,2
160(b),V,E,-2.526,0.2725,9,2
160(b),V,F,-1.432,1.043,7.5,2
160(b),V,G,0.6742,0.7708,7.5,2
160(b),V,H,-0.1785,1.321,11.5,2
160(b),V,I,0.408,1.227,6.5,2
160(b),V,K,0.0105,2.397,7,2
160(b),V,L,-0.6586,0.8345,11.5,2
160(b),V,M,-1,0.5537,10.5,2
160(b),V,N,1.182,0.7964,5.5,2
160(b),V,P,-3.742,0,7,2
160(b),V,Q,-0.8603,0.4047,6.5,2
160(b),V,R,-0.6096,0.5424,11,2
160(b),V,S,-1.064,0.3993,4.5,2
160(b),V,T,0.8986,0.2864,11,2
160(b),V,V,0,0,,2
160(b),V,W,-1.393,0.3235,10,2
160(b),V,Y,-0.9765,0.4715,7.5,2
161(a),R,*,-8.056,0,1,2
161(a),R,-,-0.9116,0.4214,2.5,2
161(a),R,A,-0.2467,0.3213,12.5,2
161(a),R,C,-0.2752,0.1636,7.5,2
161(a),R,D,-0.1736,0.04445,15.5,2
161(a),R,E,-0.2262,0.5502,12.5,2
161(a),R,F,0.8993,1.699,8.5,2
161(a),R,G,-1.387,0.935,14.5,2
161(a),R,H,-0.945,0.105,11,2
161(a),R,I,-0.1607,0.1659,19.5,2
161(a),R,K,-0.6413,0.7667,11.5,2
161(a),R,L,-0.64,0.406,8.5,2
161(a),R,M,1.139,0.2752,6,2
161(a),R,N,1.831,1.793,10.5,2
161(a),R,P,0.4847,0.1272,11.5,2
161(a),R,Q,-0.3402,0.1758,10,2
161(a),R,R,0,0,,2
161(a),R,S,-0.0584,0.4087,12,2
161(a),R,T,-0.3413,0.5111,13,2
161(a),R,V,0.136,1.769,12,2
161(a),R,W,0.7055,1.728,15,2
161(a),R,Y,-0.8199,0.4581,11.5,2
161(b),M,-,-2.215,1.212,1.5,2
161(b),M,A,-0.6911,0.02605,9,2
161(b),M,C,-0.3087,0.2435,7,2
161(b),M,D,-0.1147,0.8873,7.5,2
161(b),M,E,-0.8353,0.6697,11,2
161(b),M,F,0.4698,0.01355,7.5,2
161(b),M,G,-0.3654,0.05695,9.5,2
161(b),M,H,-0.0115,1.573,8.5,2
161(b),M,I,0.1018,0.4857,34.5,2
161(b),M,K,0.5394,0.3059,5,2
161(b),M,L,-0.668,1.701,7,2
161(b),M,M,0,0,,2
161(b),M,N,0.7429,0.07825,7,2
161(b),M,P,-1.544,0.8436,11.5,2
161(b),M,Q,0.2461,0.4616,8.5,2
161(b),M,R,0.16,1.164,7,2
161(b),M,S,-1.897,0.1245,6.5,2
161(b),M,T,-0.1446,0.4501,7.5,2
161(b),M,V,-0.1989,0.6451,9,2
161(b),M,W,1.527,0.6453,6,2
161(b),M,Y,0.9136,0.4934,8.5,2
162(a),G,-,0.4193,0.8467,2,2
162(a),G,A,1.746,1.23,14.5,2
162(a),G,C,-0.6569,0.5611,14.5,2
162(a),G,D,-1.187,0.4457,11,2
162(a),G,E,0.8776,1.422,7,2
162(a),G,F,-0.3813,0.1986,17.5,2
162(a),G,G,0,0,,2
162(a),G,H,1.221,0.5024,15,2
162(a),G,I,-1.36,0.506,14,2
162(a),G,K,1.243,0.0035,10.5,2
162(a),G,L,0.5543,0.7607,12,2
162(a),G,M,1.493,1.914,12,2
162(a),G,N,-0.07315,0.3502,12,2
162(a),G,P,1.293,0.37,8,2
162(a),G,Q,-1.065,1.063,6.5,2
162(a),G,R,1.625,1.475,7.5,2
162(a),G,S,0.1415,0.1406,16.5,2
162(a),G,T,0.4005,0.3891,8,2
162(a),G,V,0.5478,1.103,14,2
162(a),G,W,-0.5433,0.07435,12,2
162(a),G,Y,0.2702,1.129,13,2
162(b),L,-,0.06567,0,0.5,1
162(b),L,A,-0.8661,0.4869,9,2
162(b),L,C,-1.529,0.7972,11.5,2
162(b),L,D,-0.1648,1.018,6,2
162(b),L,E,0.1366,0.6253,9,2
162(b),L,F,0.6881,0.9378,10,2
162(b),L,G,-1.779,0.164,5.5,2
162(b),L,H,-0.5282,0.6558,9,2
162(b),L,I,1.001,0.9416,7,2
162(b),L,K,-1.386,0.7716,8,2
162(b),L,L,0,0,,2
162(b),L,M,-1.436,0.015,9,2
162(b),L,N,-4.732,0,6,2
162(b),L,P,-2.66,0.117,18.5,2
162(b),L,Q,1.607,1.648,8.5,2
162(b),L,R,-1.486,0.0435,13,2
162(b),L,S,-0.7984,0.6247,11.5,2
162(b),L,T,-1.164,1.56,5.5,2
162(b),L,V,0.4054,0.7186,6.5,2
162(b),L,W,-0.3076,0.1175,11.5,2
162(b),L,Y,0.9073,0.3167,9,2
163(a),D,-,-3.239,1.102,2,2
163(a),D,A,1.015,0.5057,12.5,2
163(a),D,C,1.6,1.308,12,2
163(a),D,D,0,0,,2
163(a),D,E,-0.5391,0.5629,12,2
163(a),D,F,0.7057,0.2326,10.5,2
163(a),D,G,-0.3695,0.7215,12,2
163(a),D,H,-0.2808,0.4488,8.5,2
163(a),D,I,-1.52,0.2705,9.5,2
163(a),D,K,-1.28,0.908,12,2
163(a),D,L,-0.841,0.6309,12,2
163(a),D,M,-0.01255,0.2286,9,2
163(a),D,N,0.6124,0.7476,14,2
163(a),D,P,0.2291,0.114,3.5,2
163(a),D,Q,-0.4863,0.7477,8,2
163(a),D,R,-0.5615,0.8465,12,2
163(a),D,S,0.8821,0.593,6,2
163(a),D,T,-0.7985,0.6655,11,2
163(a),D,V,-0.06408,0.06812,8,2
163(a),D,W,1.324,0.3195,12,2
163(a),D,Y,-1.054,0.8599,14.5,2
163(b),E,*,-11.42,0,2.5,2
163(b),E,A,-0.6613,0.7277,4.5,2
163(b),E,C,-1.476,0.4908,14,2
163(b),E,D,1.423,0.8454,8,2
163(b),E,E,0,0,,2
163(b),E,F,-1.11,0.1241,11,2
163(b),E,G,-0.7938,0.7252,11,2
163(b),E,H,0.6626,0.7693,10,2
163(b),E,I,2.396,0.499,12,2
163(b),E,K,-0.7075,0.6145,36,2
163(b),E,L,0.35,1.727,8.5,2
163(b),E,M,-0.8485,0.7845,11.5,2
163(b),E,N,1.071,0.6119,12.5,2
163(b),E,P,0.387,0.3604,7.5,2
163(b),E,Q,-0.9481,0.4749,7.5,2
163(b),E,R,0.1818,0.2651,10.5,2
163(b),E,S,0.535,1.329,14.5,2
163(b),E,T,-0.1113,0.1205,7.5,2
163(b),E,V,1.688,0.514,8,2
163(b),E,W,0.722,1.84,10.5,2
163(b),E,Y,-0.7464,1.066,12.5,2
164(a),Y,*,-10.99,0,5,2
164(a),Y,-,-2.577,1.59,1.5,2
164(a),Y,A,0.3225,1.954,10.5,2
164(a),Y,C,-1.339,0.5093,16,2
164(a),Y,D,-1.024,0.5176,13.5,2
164(a),Y,E,-1.415,1.288,8,2
164(a),Y,F,1.126,0.5843,13.5,2
164(a),Y,G,2.848,2.319,7.5,2
164(a),Y,H,-0.3647,0.8113,14.5,2
164(a),Y,I,2.034,0.2305,11,2
164(a),Y,K,-1.555,0.0545,7,2
164(a),Y,L,-0.0034,0.5747,7.5,2
164(a),Y,M,0.08525,0.5102,13,2
164(a),Y,N,0.1952,0.1632,9.5,2
164(a),Y,P,0.02325,0.3861,10.5,2
164(a),Y,Q,1.043,0.5494,13.5,2
164(a),Y,R,-0.5415,1.382,7.5,2
164(a),Y,S,-0.3233,0.4181,13,2
164(a),Y,T,-0.8857,0.8143,10,2
164(a),Y,V,0.3881,0.5031,9,2
164(a),Y,W,-0.3325,1.657,15,2
164(a),Y,Y,0,0,,2
164(b),S,-,-0.81,0,0.5,1
164(b),S,A,1.211,0.4668,5.5,2
164(b),S,C,0.05335,0.03709,8,2
164(b),S,D,-0.6189,0.9392,9,2
164(b),S,E,0.0431,0.1717,7.5,2
164(b),S,F,-0.6423,1.037,10.5,2
164(b),S,G,-0.05185,0.4011,19.5,2
164(b),S,H,0.8259,1.205,12.5,2
164(b),S,I,0.5599,1.264,11,2
164(b),S,K,0.7826,0.4484,9,2
164(b),S,L,2.212,1.265,14,2
164(b),S,M,0.272,1.29,10,2
164(b),S,N,0.3885,1.284,23,2
164(b),S,P,-0.33,1.358,8,2
164(b),S,Q,-0.4079,0.1373,12,2
164(b),S,R,-0.7894,0.3306,10,2
164(b),S,S,0,0,,2
164(b),S,T,0.2921,0.9719,8.5,2
164(b),S,V,0.6511,1.385,12,2
164(b),S,W,-0.1483,0.8075,10.5,2
164(b),S,Y,-0.7608,0.7982,10,2
165(a),Y,-,-2.85,1.408,1.5,2
165(a),Y,A,-1.32,0.4509,13,2
165(a),Y,C,-0.9413,1.045,18.5,2
165(a),Y,D,-8.845,0,13.5,2
165(a),Y,E,-3.914,0,14,2
165(a),Y,F,0.9252,0.9218,10.5,2
165(a),Y,G,-3.319,0,8,2
165(a),Y,H,-0.7603,0.5247,11.5,2
165(a),Y,I,2.117,4.165,11,2
165(a),Y,K,-3.983,0,15.5,2
165(a),Y,L,0.1616,0.7003,11.5,2
165(a),Y,M,-0.7514,0.7506,8.5,2
165(a),Y,N,-4.873,0,11,2
165(a),Y,P,-1.034,1.021,10.5,2
165(a),Y,Q,-1.75,0.2395,10,2
165(a),Y,R,-2.441,0.093,12,2
165(a),Y,S,-2.861,0.4145,6.5,2
165(a),Y,T,-0.7994,5e-05,12,2
165(a),Y,V,-1.397,0.081,13,2
165(a),Y,W,0.5841,1.101,9.5,2
165(a),Y,Y,0,0,,2
165(b),T,-,-0.901,0,0.5,1
165(b),T,A,-0.8296,0.7974,11,2
165(b),T,C,-1.265,1.742,7.5,2
165(b),T,D,-0.5379,0.0651,4,2
165(b),T,E,-1.061,0.8505,6,2
165(b),T,F,-1.007,0.5234,10.5,2
165(b),T,G,-2.671,0.7005,8.5,2
165(b),T,H,-0.6186,0.8234,11.5,2
165(b),T,I,1.277,1.279,15,2
165(b),T,K,1.135,0.3495,6,2
165(b),T,L,0.4481,1.34,11.5,2
165(b),T,M,-0.431,0.6019,6.5,2
165(b),T,N,1.009,1.223,7,2
165(b),T,P,-0.314,0.2742,7.5,2
165(b),T,Q,-1.953,0.098,6.5,2
165(b),T,R,-1.31,0,3.5,1
165(b),T,S,0.7985,0.8645,10.5,2
165(b),T,T,0,0,,2
165(b),T,V,-0.05545,0.5826,10,2
165(b),T,W,0.3241,0.1462,5,2
165(b),T,Y,-1.043,0.9636,10,2
166(a),D,-,-0.7797,0,1,1
166(a),D,A,-0.8717,1.586,5.5,2
166(a),D,C,0.9085,0.4245,7.5,2
166(a),D,D,0,0,,2
166(a),D,E,-1.148,0.2556,8.5,2
166(a),D,F,-0.1421,0.3787,7.5,2
166(a),D,G,-0.9902,0.9758,5,2
166(a),D,H,0.5141,0.403,6,2
166(a),D,I,-0.1182,0.3488,7,2
166(a),D,K,0.3758,0.3601,2,2
166(a),D,L,1.086,0.0974,6.5,2
166(a),D,M,-0.2505,0.3282,5.5,2
166(a),D,N,-0.1987,0.00165,19,2
166(a),D,P,-6.926,0,8.5,2
166(a),D,Q,0.142,0.2098,7.5,2
166(a),D,R,-0.3825,0.09625,10.5,2
166(a),D,S,-0.2721,0.5797,3.5,2
166(a),D,T,0.5208,0.1127,7.5,2
166(a),D,V,-0.8466,0.03015,5.5,2
166(a),D,W,-1.105,0.2089,9.5,2
166(a),D,Y,0.6307,0.3553,6.5,2
166(b),P,-,0.05439,0,1,1
166(b),P,A,-0.885,0.618,10.5,2
166(b),P,C,-0.2334,0.2491,10,2
166(b),P,D,-0.0015,1.398,7,2
166(b),P,E,-0.5697,0.6363,9,2
166(b),P,F,-0.1265,0.8682,9,2
166(b),P,G,1.867,0.733,9,2
166(b),P,H,-0.5273,0.1262,12,2
166(b),P,I,1.006,0.776,6,2
166(b),P,K,0.5518,0.9732,6.5,2
166(b),P,L,0.5316,0.4704,11,2
166(b),P,M,-1.361,0.7286,6.5,2
166(b),P,N,-0.9346,1.358,5.5,2
166(b),P,P,0,0,,2
166(b),P,Q,0.059,1.362,6.5,2
166(b),P,R,0.5399,1.269,9.5,2
166(b),P,S,-0.3053,0.265,13,2
166(b),P,T,-0.5892,0.5248,9.5,2
166(b),P,V,-0.2093,0.2342,8.5,2
166(b),P,W,-0.5,1.82,7.5,2
166(b),P,Y,0.295,0.6185,7,2
167(a),C,*,-10.58,0,2.5,2
167(a),C,-,-0.3084,0,0.5,1
167(a),C,A,-0.9935,0.4976,4,2
167(a),C,C,0,0,,2
167(a),C,D,-8.987,0,5,2
167(a),C,E,-9.564,0,8.5,2
167(a),C,F,-2.387,0.231,12,2
167(a),C,G,-3.123,0.052,9.5,2
167(a),C,H,-3.913,0,7.5,2
167(a),C,I,-0.9354,1.106,5,2
167(a),C,K,-7.649,0,10,2
167(a),C,L,-0.2166,0.9513,11.5,2
167(a),C,M,-1.631,0.153,5.5,2
167(a),C,N,-1.163,0.3513,6,2
167(a),C,P,-3.758,0,5,2
167(a),C,Q,-3.748,0,5,2
167(a),C,R,-8.353,0,10.5,2
167(a),C,S,-1.116,0.2866,6.5,2
167(a),C,T,-0.9259,1.257,4,2
167(a),C,V,-0.0765,1.224,5.5,2
167(a),C,W,-2.478,0.587,9.5,2
167(a),C,Y,-3.847,0,36.5,2
167(b),Q,*,-9.691,0,4.5,2
167(b),Q,-,-0.6504,0.3726,1,2
167(b),Q,A,0.3179,0.2024,14.5,2
167(b),Q,C,-1.611,0.557,8,2
167(b),Q,D,-0.3682,1.037,8,2
167(b),Q,E,0.6287,0.2574,11,2
167(b),Q,F,0.2811,0.8739,4.5,2
167(b),Q,G,0.1592,0.04775,10,2
167(b),Q,H,-0.768,0.493,10.5,2
167(b),Q,I,-0.4679,0.7511,8,2
167(b),Q,K,-0.4312,0.3796,13.5,2
167(b),Q,L,0.3429,0.8661,10,2
167(b),Q,M,-0.8957,1.029,9.5,2
167(b),Q,N,-0.5258,0.7942,7,2
167(b),Q,P,0.1869,0.4675,2.5,2
167(b),Q,Q,0,0,,2
167(b),Q,R,0.1104,0.6742,19.5,2
167(b),Q,S,-0.8581,0.5418,10,2
167(b),Q,T,0.1327,0.09034,13.5,2
167(b),Q,V,-0.481,1.646,9.5,2
167(b),Q,W,0.0167,0.24,17.5,2
167(b),Q,Y,1.301,1.485,13,2
168(a),R,*,-7.029,0,1,2
168(a),R,A,0.7988,0.6282,3,2
168(a),R,C,-0.9846,0.9384,3,2
168(a),R,D,-0.5729,0,2,1
168(a),R,E,-0.153,0.924,10,2
168(a),R,F,-0.4237,1.239,7,2
168(a),R,G,-0.2645,0.03785,14,2
168(a),R,H,1.158,0.9561,1,2
168(a),R,I,0.5312,0.2744,10,2
168(a),R,K,0.00785,0.369,13.5,2
168(a),R,L,0.003,1.255,5.5,2
168(a),R,M,0.7122,0.3378,16,2
168(a),R,N,-0.4179,0.9741,5.5,2
168(a),R,P,-3.801,0,5.5,2
168(a),R,Q,-0.6595,1.7,5.5,2
168(a),R,R,0,0,,2
168(a),R,S,-1.601,0.1165,6,2
168(a),R,T,-0.4558,1.038,10,2
168(a),R,V,-0.2077,0.1659,16.5,2
168(a),R,W,-0.2103,0.1476,5.5,2
168(a),R,Y,0.1059,0.8762,8,2
168(b),H,-,-1.211,0.4702,1,2
168(b),H,A,0.9494,0.5536,8,2
168(b),H,C,-0.873,1.737,4,2
168(b),H,D,-0.3245,2.014,8.5,2
168(b),H,E,-0.4124,1.361,7.5,2
168(b),H,F,0.7359,0.9481,8.5,2
168(b),H,G,-0.1442,0.4939,7.5,2
168(b),H,H,0,0,,2
168(b),H,I,0.768,0.1311,7.5,2
168(b),H,K,0.05525,0.4913,10.5,2
168(b),H,L,-0.481,0.1344,8,2
168(b),H,M,0.1768,0.138,10,2
168(b),H,N,0.2513,0.4254,8.5,2
168(b),H,P,-0.7474,0.3756,8,2
168(b),H,Q,0.295,0.3686,14.5,2
168(b),H,R,1.427,1.517,16,2
168(b),H,S,0.4167,5e-05,9,2
168(b),H,T,-2.619,0.718,5.5,2
168(b),H,V,1.714,1,8,2
168(b),H,W,-1.173,0.013,7.5,2
168(b),H,Y,-0.149,1.687,14.5,2
169(a),V,-,-6.339,0,0.5,1
169(a),V,A,-0.5913,0.2549,13,2
169(a),V,C,-0.2912,0.9118,9.5,2
169(a),V,D,-4.801,0,10.5,2
169(a),V,E,-3.843,0,11,2
169(a),V,F,-3.409,0.0115,8.5,2
169(a),V,G,-0.5893,0.2139,12,2
169(a),V,H,-2.671,0.0635,9,2
169(a),V,I,1.324,2.006,20,2
169(a),V,K,-4.687,0,12,2
169(a),V,L,-1.317,0.3658,12,2
169(a),V,M,-2.314,0.101,31.5,2
169(a),V,N,-1.407,0.7093,13.5,2
169(a),V,P,-1.72,0.243,11.5,2
169(a),V,Q,-2.416,0.411,12,2
169(a),V,R,-3.979,0,14,2
169(a),V,S,-1.692,0.5085,13.5,2
169(a),V,T,-0.5593,0.8527,8.5,2
169(a),V,V,0,0,,2
169(a),V,W,-2.53,0.2675,10,2
169(a),V,Y,-1.205,0.195,12,2
169(b),G,-,-1.091,0.324,1.5,2
169(b),G,A,0.2494,1.19,7,2
169(b),G,C,-1.607,0.7385,9,2
169(b),G,D,-0.4277,0.0548,17,2
169(b),G,E,-1.279,0.5294,5,2
169(b),G,F,-1.599,0.2865,6.5,2
169(b),G,G,0,0,,2
169(b),G,H,0.9039,0.6301,9.5,2
169(b),G,I,0.565,1.316,9.5,2
169(b),G,K,-0.9859,0.7432,10,2
169(b),G,L,0.1227,0.2745,9,2
169(b),G,M,-1.215,0.4543,6.5,2
169(b),G,N,1.777,1.015,8,2
169(b),G,P,-0.07235,0.2817,11,2
169(b),G,Q,1.622,1.102,8.5,2
169(b),G,R,-0.9644,0.7866,8.5,2
169(b),G,S,-0.7944,0.7326,14.5,2
169(b),G,T,-1.498,0.089,9.5,2
169(b),G,V,-0.2498,0.4047,13,2
169(b),G,W,1.059,0.3846,12.5,2
169(b),G,Y,-1.241,0.939,9.5,2
17(T2A),E,*,-0.4844,0,0.5,1
17(T2A),E,-,0.6982,0,1.5,1
17(T2A),E,A,-0.004626,0,0.5,1
17(T2A),E,D,-3.69,0,1,1
17(T2A),E,E,0,0,,2
17(T2A),E,G,-1.096,0.548,2.5,2
17(T2A),E,K,-0.421,0.04005,73,2
17(a),E,*,-8.191,0,11.5,2
17(a),E,-,-1.147,0.4158,1.5,2
17(a),E,A,-0.0995,1.357,15.5,2
17(a),E,C,-0.9269,0.3741,7,2
17(a),E,D,-0.141,0.3373,15,2
17(a),E,E,0,0,,2
17(a),E,F,-1.389,0.7622,11,2
17(a),E,G,-1.3,0.3372,10.5,2
17(a),E,H,0.9525,2.287,8,2
17(a),E,I,-1.332,0.0775,10,2
17(a),E,K,-1.772,0.1515,15,2
17(a),E,L,0.6149,1.393,10,2
17(a),E,M,-1.34,0.6742,13,2
17(a),E,N,-0.2464,0.4216,6.5,2
17(a),E,P,-1.889,0.2485,7,2
17(a),E,Q,-2.666,0.208,7.5,2
17(a),E,R,-0.6105,1.596,9,2
17(a),E,S,-0.2713,0.7676,8.5,2
17(a),E,T,-0.8139,0.2231,5.5,2
17(a),E,V,-0.7047,0.7603,14.5,2
17(a),E,W,-1.868,0.543,6.5,2
17(a),E,Y,-1.54,0.5115,8,2
17(b),C,*,-5.005,0,0.5,1
17(b),C,-,-0.7134,1.076,1.5,2
17(b),C,A,-4.687,0,8.5,2
17(b),C,C,0,0,,2
17(b),C,D,-8.801,0,10,2
17(b),C,E,-10.23,0,7,2
17(b),C,F,-4.821,0,14.5,2
17(b),C,G,-9.669,0,7.5,2
17(b),C,H,-10.92,0,11.5,2
17(b),C,I,-3.765,0,10,2
17(b),C,K,-8.579,0,13,2
17(b),C,L,-4.569,0,16,2
17(b),C,M,-4.302,0,12.5,2
17(b),C,N,-8.477,0,13,2
17(b),C,P,-8.893,0,12,2
17(b),C,Q,-7.98,0,9,2
17(b),C,R,-7.395,0,13.5,2
17(b),C,S,-11.02,0,14.5,2
17(b),C,T,-5.538,0,12,2
17(b),C,V,-3.684,0,7.5,2
17(b),C,W,-7.653,0,7.5,2
17(b),C,Y,-5.252,0,28,2
170(a),E,*,-11.05,0,3,2
170(a),E,-,0.2346,0,0.5,1
170(a),E,A,0.0642,0.4153,12.5,2
170(a),E,C,0.2632,0.3819,7,2
170(a),E,D,0.9487,0.5923,7,2
170(a),E,E,0,0,,2
170(a),E,F,-0.9616,0.02895,12.5,2
170(a),E,G,-0.3747,1.078,12.5,2
170(a),E,H,-0.0305,1.02,9,2
170(a),E,I,-1.107,1.191,6.5,2
170(a),E,K,-0.393,0.1432,49,2
170(a),E,L,0.7559,1.159,6.5,2
170(a),E,M,0.6948,0.3472,6,2
170(a),E,N,0.1585,1.681,8,2
170(a),E,P,-1.082,1.313,8.5,2
170(a),E,Q,-0.6306,0.0506,4.5,2
170(a),E,R,-1.483,1.02,9,2
170(a),E,S,0.2825,0.5072,7.5,2
170(a),E,T,-0.06508,0.1182,13,2
170(a),E,V,-0.9388,0.06615,8.5,2
170(a),E,W,-0.05105,0.5881,11,2
170(a),E,Y,-1.462,0.055,9,2
170(b),D,-,-1.764,1.097,2.5,2
170(b),D,A,-0.03785,0.7666,10.5,2
170(b),D,C,-1.324,0.6166,12,2
170(b),D,D,0,0,,2
170(b),D,E,0.3163,0.7087,11.5,2
170(b),D,F,1.248,1.032,9.5,2
170(b),D,G,-0.7367,1.359,11,2
170(b),D,H,1.261,0.4748,10,2
170(b),D,I,0.1575,2.107,8.5,2
170(b),D,K,-0.01705,0.7027,10,2
170(b),D,L,0.8204,1.476,9,2
170(b),D,M,-0.3115,0.506,7,2
170(b),D,N,-0.3829,0.1374,19.5,2
170(b),D,P,-0.3275,0.1403,10,2
170(b),D,Q,0.3245,2.083,8.5,2
170(b),D,R,0.4339,1.139,11.5,2
170(b),D,S,-0.2219,0.6467,8,2
170(b),D,T,-0.863,0.754,9,2
170(b),D,V,0.0885,1.312,6.5,2
170(b),D,W,0.767,2.055,14,2
170(b),D,Y,-0.828,0.094,9.5,2
171(a),H,-,0.233,0,0.5,1
171(a),H,A,-0.7467,0.0295,10,2
171(a),H,C,-1.354,0.8566,9.5,2
171(a),H,D,-2.671,0.1875,8.5,2
171(a),H,E,-2.344,0.572,10.5,2
171(a),H,F,0.9192,0.02435,10,2
171(a),H,G,-1.792,0.592,9,2
171(a),H,H,0,0,,2
171(a),H,I,-0.6428,1.559,10.5,2
171(a),H,K,-2.486,0.475,12.5,2
171(a),H,L,-1.276,0.7293,10.5,2
171(a),H,M,1.496,0.964,13.5,2
171(a),H,N,-2.264,0.4395,15,2
171(a),H,P,-0.8358,0.3681,10,2
171(a),H,Q,-1.604,0.1885,10,2
171(a),H,R,-0.2827,0.1809,11.5,2
171(a),H,S,-0.7795,0.5465,11,2
171(a),H,T,-2.095,0.006,10,2
171(a),H,V,-0.9559,1.348,9.5,2
171(a),H,W,-1.236,0.6011,9,2
171(a),H,Y,-1.423,0.3125,15.5,2
171(b),T,-,-1.777,0.5305,3.5,2
171(b),T,A,0.2866,0.2766,13,2
171(b),T,C,-0.2763,0.1379,9.5,2
171(b),T,D,0.366,1.548,7.5,2
171(b),T,E,-0.51,1.258,6.5,2
171(b),T,F,-0.4249,0.3885,3.5,2
171(b),T,G,0.6191,0.7119,11,2
171(b),T,H,-0.7924,0.8046,7,2
171(b),T,I,-0.0496,0.03372,15.5,2
171(b),T,K,-0.8016,1.782,10,2
171(b),T,L,-0.2728,0.0099,12.5,2
171(b),T,M,0.129,0.6682,7.5,2
171(b),T,N,-0.07,1.101,10.5,2
171(b),T,P,-0.3946,0.6494,9,2
171(b),T,Q,-1.446,0.112,6.5,2
171(b),T,R,-0.4037,0.9413,13,2
171(b),T,S,0.6083,0.333,6,2
171(b),T,T,0,0,,2
171(b),T,V,0.6159,0.3579,8,2
171(b),T,W,0.5773,1.227,14.5,2
171(b),T,Y,0.7032,0.6188,13.5,2
172(a),W,*,-9.304,0,17.5,2
172(a),W,-,-0.3548,0.3456,1,2
172(a),W,A,-0.4472,0.5212,8.5,2
172(a),W,C,-1.327,0.291,16.5,2
172(a),W,D,0.8815,2.026,13.5,2
172(a),W,E,1.006,1.033,8,2
172(a),W,F,1.162,1.573,9,2
172(a),W,G,0.1845,0.6122,8,2
172(a),W,H,-0.4514,0.7476,12,2
172(a),W,I,1.155,0.3924,5,2
172(a),W,K,-0.8414,0.2266,9,2
172(a),W,L,0.3657,0.5133,16.5,2
172(a),W,M,1.389,0.5657,10.5,2
172(a),W,N,0.1361,0.3039,8.5,2
172(a),W,P,0.02605,0.2389,11,2
172(a),W,Q,-1.202,0.8419,11,2
172(a),W,R,-0.1267,0.4345,20,2
172(a),W,S,-0.7282,0.1816,8,2
172(a),W,T,-0.073,0.822,8,2
172(a),W,V,1.932,0.428,8.5,2
172(a),W,W,0,0,,2
172(a),W,Y,-0.903,0.407,10,2
172(b),Y,*,-0.5541,0,0.5,1
172(b),Y,-,-1.514,0.3345,3.5,2
172(b),Y,A,-0.7773,0.5376,6.5,2
172(b),Y,C,-0.9308,0.4972,15,2
172(b),Y,D,-3.663,0,8,2
172(b),Y,E,-3.538,0,8,2
172(b),Y,F,5.391,3.907,9.5,2
172(b),Y,G,-3.292,0,9,2
172(b),Y,H,-0.3045,1.054,19,2
172(b),Y,I,-0.2538,0.7632,13,2
172(b),Y,K,-3.009,0.0875,8.5,2
172(b),Y,L,-0.7469,0.5892,7,2
172(b),Y,M,0.1024,0.1666,8.5,2
172(b),Y,N,-0.8474,0.7546,7,2
172(b),Y,P,-1.621,1.234,6.5,2
172(b),Y,Q,-1.145,0.354,5,2
172(b),Y,R,-2.237,0.1005,10.5,2
172(b),Y,S,-0.7562,0.9809,5,2
172(b),Y,T,-1.23,1.295,5.5,2
172(b),Y,V,-1.355,1.641,8,2
172(b),Y,W,0.9194,0.4247,10.5,2
172(b),Y,Y,0,0,,2
173(a),G,-,-0.1426,0.03185,1,2
173(a),G,A,1.799,0.2345,8,2
173(a),G,C,1.63,0.007,13.5,2
173(a),G,D,-0.4128,1.136,16,2
173(a),G,E,-0.1395,1.231,9.5,2
173(a),G,F,-0.5888,0.7012,19,2
173(a),G,G,0,0,,2
173(a),G,H,0.1417,0.5077,7.5,2
173(a),G,I,-0.7782,0.1525,5.5,2
173(a),G,K,-0.05117,0.1466,11,2
173(a),G,L,-1.254,0.082,9.5,2
173(a),G,M,0.4598,0.6422,8.5,2
173(a),G,N,0.37,1.246,7.5,2
173(a),G,P,-0.652,0.2707,10,2
173(a),G,Q,-0.2165,1.667,8.5,2
173(a),G,R,-0.2772,0.4156,8.5,2
173(a),G,S,-1.24,0.0085,15.5,2
173(a),G,T,3.049,0.942,11.5,2
173(a),G,V,0.0627,0.03646,15.5,2
173(a),G,W,0.1806,1.044,9,2
173(a),G,Y,-0.2128,0.1774,12,2
173(b),E,*,-7.655,0,5,2
173(b),E,-,-1.393,0.2085,4.5,2
173(b),E,A,0.4957,0.9703,14.5,2
173(b),E,C,0.8931,1.214,13,2
173(b),E,D,-1.97,0.7225,13.5,2
173(b),E,E,0,0,,2
173(b),E,F,-0.5299,0.3828,12.5,2
173(b),E,G,-0.1633,0.3999,10.5,2
173(b),E,H,-0.272,1.474,5.5,2
173(b),E,I,0.8673,0.6796,11,2
173(b),E,K,1.306,0.6366,7,2
173(b),E,L,1.319,0.12,15.5,2
173(b),E,M,-0.0799,0.3703,9.5,2
173(b),E,N,0.7858,0.4261,11,2
173(b),E,P,-4.85,0,16,2
173(b),E,Q,0.4889,0.1777,8.5,2
173(b),E,R,0.5261,0.1623,7,2
173(b),E,S,-0.7265,0.5655,11,2
173(b),E,T,0.8216,0.4404,6,2
173(b),E,V,-1.739,0.572,10,2
173(b),E,W,0.06726,0.1604,8,2
173(b),E,Y,0.7431,0.5908,13.5,2
174(a),L,-,0.9835,0,0.5,1
174(a),L,A,0.9702,1.32,6.5,2
174(a),L,C,0.7079,1.691,8,2
174(a),L,D,0.5115,1.794,14,2
174(a),L,E,-0.7249,0.7651,8.5,2
174(a),L,F,1.188,0.2337,10,2
174(a),L,G,-0.1704,0.9526,8.5,2
174(a),L,H,0.6023,0.0922,11,2
174(a),L,I,-0.9524,0.7985,17.5,2
174(a),L,K,-0.1344,0.3356,11,2
174(a),L,L,0,0,,2
174(a),L,M,0.3598,1.167,13,2
174(a),L,N,0.1176,0.5139,6,2
174(a),L,P,-0.9954,0.4296,24,2
174(a),L,Q,0.01035,0.8402,11.5,2
174(a),L,R,1.272,0.9321,11,2
174(a),L,S,0.2797,0.4367,8.5,2
174(a),L,T,0.5048,0.4445,9,2
174(a),L,V,-1.164,0.5971,7,2
174(a),L,W,-0.3918,1.23,7.5,2
174(a),L,Y,0.7464,0.5226,6,2
174(b),C,-,-1.67,0.278,4,2
174(b),C,A,-2.234,0.6695,7,2
174(b),C,C,0,0,,2
174(b),C,D,-8.717,0,11,2
174(b),C,E,-8.137,0,5.5,2
174(b),C,F,-3.519,0,10,2
174(b),C,G,-5.013,0,11.5,2
174(b),C,H,-16.52,0,7,2
174(b),C,I,-2.222,0.258,9.5,2
174(b),C,K,-8.482,0,6,2
174(b),C,L,-1.637,0.5635,10,2
174(b),C,M,-3.341,0.4865,8.5,2
174(b),C,N,-6.473,0,4,2
174(b),C,P,-6.164,0,6,2
174(b),C,Q,-18.14,0,6,2
174(b),C,R,-8.805,0,12,2
174(b),C,S,-4.003,0,9,2
174(b),C,T,-2.917,0.294,7,2
174(b),C,V,-1.914,0.7185,7,2
174(b),C,W,-4.635,0,9.5,2
174(b),C,Y,-4.223,0,12,2
175(a),P,-,0.5948,0,0.5,1
175(a),P,A,-0.5697,0.0435,7.5,2
175(a),P,C,0.6647,0.1688,7,2
175(a),P,D,0.8224,0.2096,7,2
175(a),P,E,-0.9995,0.0135,11,2
175(a),P,F,-0.921,1.775,7,2
175(a),P,G,0.1512,0.2016,6.5,2
175(a),P,H,-0.5254,0.4279,13,2
175(a),P,I,0.2089,0.2723,10.5,2
175(a),P,K,0.9328,0.9612,11,2
175(a),P,L,0.7553,1.034,12,2
175(a),P,M,0.0632,0.3193,10,2
175(a),P,N,0.01985,0.1752,9,2
175(a),P,P,0,0,,2
175(a),P,Q,1.324,0.014,7.5,2
175(a),P,R,-0.3757,0.4055,7,2
175(a),P,S,-0.871,0.3201,26.5,2
175(a),P,T,1.067,1.116,14.5,2
175(a),P,V,-0.3873,1.318,15,2
175(a),P,W,-0.5022,0.4758,8,2
175(a),P,Y,1.075,0.6103,7,2
175(b),H,-,-0.8754,0,3,1
175(b),H,A,-0.3435,0.5233,10.5,2
175(b),H,C,1.245,1.091,11.5,2
175(b),H,D,-0.2208,0.2511,9,2
175(b),H,E,0.0449,0.8857,5.5,2
175(b),H,F,-1.692,0.889,10.5,2
175(b),H,G,0.5355,1.079,13.5,2
175(b),H,H,0,0,,2
175(b),H,I,0.8943,1.075,10,2
175(b),H,K,-0.5007,0.4993,11,2
175(b),H,L,0.3685,0.232,7.5,2
175(b),H,M,-1.297,0.733,11.5,2
175(b),H,N,1.826,1.302,4,2
175(b),H,P,-9.189,0,11.5,2
175(b),H,Q,0.2169,0.1705,12,2
175(b),H,R,-0.3868,1.084,18.5,2
175(b),H,S,-0.8336,0.4115,11,2
175(b),H,T,0.7799,0.5211,9,2
175(b),H,V,-0.1754,0.4516,10.5,2
175(b),H,W,0.7717,0.4243,10,2
175(b),H,Y,0.2513,0.1182,14,2
176(a),E,*,-9.175,0,2,2
176(a),E,A,0.7894,0.3296,10,2
176(a),E,C,0.9681,0.2759,8.5,2
176(a),E,D,0.7735,0.5845,8,2
176(a),E,E,0,0,,2
176(a),E,F,-0.0659,0.9315,8.5,2
176(a),E,G,-0.1978,0.6085,20,2
176(a),E,H,-0.2617,0.3854,11,2
176(a),E,I,0.06355,0.2576,10.5,2
176(a),E,K,-0.1338,0.1943,44.5,2
176(a),E,L,-1.149,0.9751,6.5,2
176(a),E,M,0.2598,0.9931,9.5,2
176(a),E,N,1.283,0.3491,14,2
176(a),E,P,0.129,2.257,7,2
176(a),E,Q,0.03185,0.3452,12,2
176(a),E,R,1.191,0.1565,8.5,2
176(a),E,S,-1.291,0.1865,9,2
176(a),E,T,0.6736,0.0227,9.5,2
176(a),E,V,-0.9081,1.625,9,2
176(a),E,W,0.8335,1.24,9,2
176(a),E,Y,-1.565,1.02,14,2
176(b),V,-,-0.7381,0,3,1
176(b),V,A,-1.176,1.145,13,2
176(b),V,C,-1.759,0.353,12,2
176(b),V,D,-7.466,0,6.5,2
176(b),V,E,-4.659,0,14.5,2
176(b),V,F,-0.5078,0.5082,8.5,2
176(b),V,G,-2.07,0.3815,10,2
176(b),V,H,-4.233,0,11,2
176(b),V,I,-0.7606,0.0571,10,2
176(b),V,K,-7.237,0,11,2
176(b),V,L,-0.4179,0.431,12,2
176(b),V,M,-0.1484,0.2427,22,2
176(b),V,N,-4.159,0,9.5,2
176(b),V,P,-2.923,0.103,11,2
176(b),V,Q,-4.247,0,10.5,2
176(b),V,R,-8.441,0,7.5,2
176(b),V,S,-2.399,0.625,7,2
176(b),V,T,0.3005,0.9725,17.5,2
176(b),V,V,0,0,,2
176(b),V,W,-2.334,0.426,10,2
176(b),V,Y,-1.278,1.625,3,2
177(a),P,A,0.05625,0.5827,7,2
177(a),P,C,0.0395,1.225,11.5,2
177(a),P,D,0.5699,1.069,6,2
177(a),P,E,0.2208,0.5353,8,2
177(a),P,F,0.6405,0.3206,6.5,2
177(a),P,G,1.032,0.4191,5,2
177(a),P,H,1.644,0.234,11,2
177(a),P,I,-0.4203,0.6547,12,2
177(a),P,K,0.1996,0.04955,10.5,2
177(a),P,L,1.019,2.099,8,2
177(a),P,M,-0.6549,0.03135,10,2
177(a),P,N,-0.9541,0.2899,13,2
177(a),P,P,0,0,,2
177(a),P,Q,-0.05605,0.2882,10.5,2
177(a),P,R,0.9349,0.719,8,2
177(a),P,S,0.5903,0.6937,19,2
177(a),P,T,0.5995,1.349,15,2
177(a),P,V,-0.9921,0.3348,10.5,2
177(a),P,W,0.8356,0.0234,12,2
177(a),P,Y,0.02605,0.7317,10.5,2
177(b),Q,*,-16.11,0,15.5,2
177(b),Q,-,-0.6339,0,3,1
177(b),Q,A,-0.5795,0.2885,10.5,2
177(b),Q,C,-0.8184,1.053,9,2
177(b),Q,D,0.7968,1.478,8.5,2
177(b),Q,E,0.4431,0.1184,15,2
177(b),Q,F,-0.8552,0.5448,13,2
177(b),Q,G,0.09955,0.5077,11.5,2
177(b),Q,H,0.6818,0.1469,10.5,2
177(b),Q,I,0.5317,0.4211,11,2
177(b),Q,K,0.7396,1.711,9,2
177(b),Q,L,0.1986,0.1523,9.5,2
177(b),Q,M,-0.665,0.1064,14.5,2
177(b),Q,N,-0.5564,0.2084,9.5,2
177(b),Q,P,-2.831,0.094,13.5,2
177(b),Q,Q,0,0,,2
177(b),Q,R,-0.9969,0.2181,13.5,2
177(b),Q,S,-0.0544,0.9254,10,2
177(b),Q,T,0.1435,0.6036,12,2
177(b),Q,V,0.6362,0.4618,11,2
177(b),Q,W,0.2616,0.6735,11,2
177(b),Q,Y,-0.9295,0.8955,13.5,2
178(a),L,A,0.7524,1.389,5,2
178(a),L,C,-0.5849,1.206,9.5,2
178(a),L,D,0.1232,0.3278,7.5,2
178(a),L,E,0.8352,0.4809,7.5,2
178(a),L,F,-0.405,0.07225,6.5,2
178(a),L,G,-0.8848,0.8092,11,2
178(a),L,H,0.7565,0.2183,8,2
178(a),L,I,-1.16,0.3409,7,2
178(a),L,K,0.2096,0.2973,5.5,2
178(a),L,L,0,0,,2
178(a),L,M,0.5111,0.4613,12,2
178(a),L,N,1.497,0.1625,6.5,2
178(a),L,P,-0.3408,0.08635,20.5,2
178(a),L,Q,-0.6226,0.0386,9,2
178(a),L,R,0.1988,0.4375,8,2
178(a),L,S,-2.27,0.037,8,2
178(a),L,T,0.4526,0.7894,10.5,2
178(a),L,V,1.772,0.4855,6.5,2
178(a),L,W,-1.163,0.5822,10,2
178(a),L,Y,1.619,0.083,7,2
178(b),H,-,-1.098,0,3,1
178(b),H,A,-0.7188,0.8841,7,2
178(b),H,C,-0.6587,0.2984,11.5,2
178(b),H,D,-0.5351,0.942,4.5,2
178(b),H,E,-0.296,0.373,6,2
178(b),H,F,-1.944,0.3715,12,2
178(b),H,G,-0.5703,0.00875,9.5,2
178(b),H,H,0,0,,2
178(b),H,I,-2.032,0.7575,8,2
178(b),H,K,-1.176,0.5655,10,2
178(b),H,L,-0.6269,1.232,13,2
178(b),H,M,0.2267,0.9833,9,2
178(b),H,N,-0.8743,0.3677,11.5,2
178(b),H,P,-1.837,0.0465,10,2
178(b),H,Q,-1.02,0.8106,13.5,2
178(b),H,R,-1.536,0.362,18,2
178(b),H,S,-0.09825,0.3856,11.5,2
178(b),H,T,0.4572,0.9919,11,2
178(b),H,V,-0.4735,1.109,12.5,2
178(b),H,W,0.9589,0.0366,14,2
178(b),H,Y,-0.6581,0.2438,19.5,2
179(a),M,A,1.399,0.4345,11,2
179(a),M,C,0.488,1.574,10.5,2
179(a),M,D,0.5942,0.4307,8,2
179(a),M,E,0.3544,0.4129,4,2
179(a),M,F,-0.7575,0.2545,7.5,2
179(a),M,G,1.103,0.7959,12,2
179(a),M,H,0.1394,0.02665,6.5,2
179(a),M,I,-0.2969,1.205,23,2
179(a),M,K,-0.09745,0.2611,7.5,2
179(a),M,L,-0.4082,0.7488,10,2
179(a),M,M,0,0,,2
179(a),M,N,-2.207,0.3665,7.5,2
179(a),M,P,-0.1882,0.2898,12,2
179(a),M,Q,-1.021,0.3929,10,2
179(a),M,R,1.292,0.5866,9.5,2
179(a),M,S,0.8329,0.7951,12.5,2
179(a),M,T,0.09657,0.00713,10.5,2
179(a),M,V,0.2634,0.181,14,2
179(a),M,W,-1.302,0.2095,10.5,2
179(a),M,Y,0.6605,2.269,5,2
179(b),A,-,-1.345,0,3,1
179(b),A,A,0,0,,2
179(b),A,C,0.1655,1.214,11,2
179(b),A,D,0.1149,0.7974,10,2
179(b),A,E,-0.9445,2.297,5,2
179(b),A,F,-0.2471,0.7849,12,2
179(b),A,G,-2.112,0.491,5,2
179(b),A,H,-2.105,0.729,3,2
179(b),A,I,-0.2854,0.3745,13.5,2
179(b),A,K,-0.435,1.505,13,2
179(b),A,L,0.1892,0.1474,7.5,2
179(b),A,M,-0.8703,0.6446,8.5,2
179(b),A,N,-0.5715,0.1912,13.5,2
179(b),A,P,-0.4951,0.446,12,2
179(b),A,Q,-1.437,0.0705,7.5,2
179(b),A,R,1.075,0.9639,7.5,2
179(b),A,S,-0.5453,0.9018,17,2
179(b),A,T,-0.4962,0.3134,24.5,2
179(b),A,V,0.5889,0.4951,14.5,2
179(b),A,W,0.0574,0.8529,12,2
179(b),A,Y,-0.6409,0.3992,14.5,2
18(T2A),N,-,-0.5522,0,1,1
18(T2A),N,D,-0.7618,0.4302,2,2
18(T2A),N,G,0.3501,0.7248,2,2
18(T2A),N,H,-1.08,0.162,2.5,2
18(T2A),N,K,0.05625,0.1192,1.5,2
18(T2A),N,N,0,0,,2
18(T2A),N,S,-1.633,1.275,4.5,2
18(T2A),N,T,-1.139,2.125,1.5,2
18(a),T,*,-8.85,0,7,2
18(a),T,-,-0.474,0.594,1.5,2
18(a),T,A,-0.7672,0.9648,10.5,2
18(a),T,C,0.5082,0.7248,6.5,2
18(a),T,D,0.7349,0.6731,8.5,2
18(a),T,E,-0.4478,0.6712,8,2
18(a),T,F,2.054,1.081,10.5,2
18(a),T,G,-0.6169,0.5231,9.5,2
18(a),T,H,0.2677,0.3749,13,2
18(a),T,I,-0.1455,0.2861,17.5,2
18(a),T,K,0.9723,0.1616,10.5,2
18(a),T,L,-0.4209,0.3659,10,2
18(a),T,M,-1.36,0.1525,7.5,2
18(a),T,N,1.847,0.247,10.5,2
18(a),T,P,-0.8884,1.218,11,2
18(a),T,Q,0.6871,0.8099,13.5,2
18(a),T,R,-0.3305,1.534,7,2
18(a),T,S,0.8414,0.8076,10,2
18(a),T,T,0,0,,2
18(a),T,V,-0.8895,0.9135,9,2
18(a),T,W,1.148,0.9694,6.5,2
18(a),T,Y,-0.0963,0.2089,7,2
18(b),H,-,-1.312,0.5895,1.5,2
18(b),H,A,-1.625,0.2665,7,2
18(b),H,C,-2.361,0.4375,14,2
18(b),H,D,-1.796,0.719,14,2
18(b),H,E,-2.005,0.2685,9,2
18(b),H,F,-1.192,1.072,5,2
18(b),H,G,-3.119,0.197,15.5,2
18(b),H,H,0,0,,2
18(b),H,I,-1.102,0.082,13.5,2
18(b),H,K,-1.525,0.261,14.5,2
18(b),H,L,-2.139,0.1105,11,2
18(b),H,M,-1.769,0.51,10,2
18(b),H,N,-2.188,0.2115,15.5,2
18(b),H,P,-11.2,0,13.5,2
18(b),H,Q,-0.6875,0.1661,9,2
18(b),H,R,-0.6962,0.3888,15,2
18(b),H,S,-2.113,0.258,6,2
18(b),H,T,-2.67,0.079,10.5,2
18(b),H,V,-1.864,0.785,7,2
18(b),H,W,-1.203,0.3158,9.5,2
18(b),H,Y,-0.9358,0.5892,8,2
180(a),T,-,-2.291,0,0.5,1
180(a),T,A,-0.6328,0.2229,12,2
180(a),T,C,-1.118,0.8755,8.5,2
180(a),T,D,-0.5806,0.03555,9,2
180(a),T,E,0.3208,1.111,9.5,2
180(a),T,F,0.2723,0.6675,10,2
180(a),T,G,-1.228,1.366,3,2
180(a),T,H,0.8035,0.01945,7,2
180(a),T,I,1.48,0.9339,10.5,2
180(a),T,K,-1.252,0.7015,7,2
180(a),T,L,0.8604,0.4917,7,2
180(a),T,M,-0.9205,0.2125,19.5,2
180(a),T,N,-0.8487,0.4004,8.5,2
180(a),T,P,0.7564,1.213,13.5,2
180(a),T,Q,0.1307,0.7203,4,2
180(a),T,R,-1.071,0.4841,10,2
180(a),T,S,-1.058,0.7825,13.5,2
180(a),T,T,0,0,,2
180(a),T,V,0.1462,0.247,10.5,2
180(a),T,W,-0.08945,0.8817,11.5,2
180(a),T,Y,0.6264,0.2177,7,2
180(b),S,-,-0.6847,0,3,1
180(b),S,A,-0.2216,0.4327,12.5,2
180(b),S,C,-1.048,0.8621,11,2
180(b),S,D,-0.8779,1.517,6.5,2
180(b),S,E,0.7781,0.2299,8.5,2
180(b),S,F,-1.761,0.261,10,2
180(b),S,G,1.238,1.109,8,2
180(b),S,H,0.2752,0.2358,8.5,2
180(b),S,I,-1.258,0.08,8,2
180(b),S,K,-0.8369,0.1618,8,2
180(b),S,L,-2.526,0.0775,4.5,2
180(b),S,M,-1.242,0.17,11,2
180(b),S,N,-0.9213,0.6177,8,2
180(b),S,P,0.1683,0.4142,15,2
180(b),S,Q,-1.133,1.012,7,2
180(b),S,R,-1.237,0.9396,4.5,2
180(b),S,S,0,0,,2
180(b),S,T,0.0308,0.2187,10.5,2
180(b),S,V,-1.419,0.7407,12,2
180(b),S,W,-2.19,0.8365,10,2
180(b),S,Y,-1.005,0.3043,10,2
181(a),H,-,-2.022,0,0.5,1
181(a),H,A,-0.3751,0.385,6.5,2
181(a),H,C,-2.359,0.009,5.5,2
181(a),H,D,0.7253,1.223,11.5,2
181(a),H,E,-0.2535,1.274,8.5,2
181(a),H,F,-1.943,0.3925,7.5,2
181(a),H,G,0.1614,0.7812,10,2
181(a),H,H,0,0,,2
181(a),H,I,1.084,0.2098,10,2
181(a),H,K,0.3212,0.7208,6.5,2
181(a),H,L,-1.379,0.9257,11,2
181(a),H,M,-0.3021,0.212,7,2
181(a),H,N,-0.4522,0.3431,9,2
181(a),H,P,0.1077,0.9393,7,2
181(a),H,Q,-0.07005,0.2322,7,2
181(a),H,R,-1.635,0.7486,8,2
181(a),H,S,0.1045,0.5771,13,2
181(a),H,T,0.3272,0.3109,5.5,2
181(a),H,V,0.161,1.219,11,2
181(a),H,W,-0.2505,0.3126,18,2
181(a),H,Y,-1.185,0.7696,10.5,2
181(b),L,-,-1.296,0,3,1
181(b),L,A,-0.3646,0.8094,8.5,2
181(b),L,C,-0.06235,0.2529,13.5,2
181(b),L,D,2.075,0.1735,7,2
181(b),L,E,1.033,0.3459,10,2
181(b),L,F,-1.181,1.895,8.5,2
181(b),L,G,-0.94,0.159,7,2
181(b),L,H,-0.6979,0.7201,10.5,2
181(b),L,I,-2.012,0.1,13.5,2
181(b),L,K,1.394,0.146,5.5,2
181(b),L,L,0,0,,2
181(b),L,M,1.214,2.077,8.5,2
181(b),L,N,-0.1635,0.5647,9.5,2
181(b),L,P,-0.497,1.499,11.5,2
181(b),L,Q,0.0815,0.2376,4.5,2
181(b),L,R,0.5984,0.6046,9,2
181(b),L,S,1.291,0.4844,10,2
181(b),L,T,-0.1855,1.476,9.5,2
181(b),L,V,1.021,0.7286,13.5,2
181(b),L,W,1.236,0.224,6.5,2
181(b),L,Y,-0.9289,0.253,6.5,2
182(a),W,*,-8.218,0,20.5,2
182(a),W,-,-0.02525,0,1,1
182(a),W,A,-0.4664,0.8845,12,2
182(a),W,C,-2.075,0.2895,11,2
182(a),W,D,-1.472,1.285,9.5,2
182(a),W,E,-1.91,0.0225,11,2
182(a),W,F,-0.9188,0.5143,8,2
182(a),W,G,-2.463,0.018,6,2
182(a),W,H,0.0318,0.9762,8.5,2
182(a),W,I,1.2,0.6579,6,2
182(a),W,K,-1.43,0.7746,3.5,2
182(a),W,L,-1.127,0.056,9.5,2
182(a),W,M,0.386,0.471,13,2
182(a),W,N,-0.7182,0.8787,8,2
182(a),W,P,-2.694,0.0325,7,2
182(a),W,Q,-1.189,0.2819,7.5,2
182(a),W,R,-2.664,0.0425,20,2
182(a),W,S,-0.1905,1.288,11,2
182(a),W,T,-1.399,0.1425,11,2
182(a),W,V,-0.4986,0.7184,11,2
182(a),W,W,0,0,,2
182(a),W,Y,0.0695,1.078,11,2
182(b),K,*,-10.07,0,0.5,1
182(b),K,-,-1.007,0,2.5,1
182(b),K,A,0.0835,2.131,10,2
182(b),K,C,-0.6654,0.8296,9,2
182(b),K,D,-0.631,0.937,8,2
182(b),K,E,-1.154,0.4924,14,2
182(b),K,F,-1.095,0.09905,10,2
182(b),K,G,-0.2477,0.6798,10,2
182(b),K,H,0.9068,1.131,8.5,2
182(b),K,I,1.121,0.2519,7.5,2
182(b),K,K,0,0,,2
182(b),K,L,-1.227,0.203,13,2
182(b),K,M,0.8384,1.149,9,2
182(b),K,N,0.4007,1.025,14.5,2
182(b),K,P,0.3823,0.3076,10,2
182(b),K,Q,-0.3029,0.0532,12,2
182(b),K,R,-0.361,0.5809,17,2
182(b),K,S,-0.5093,0.8176,8.5,2
182(b),K,T,2.048,0.4755,8,2
182(b),K,V,-0.1559,0.2318,8.5,2
182(b),K,W,-0.6762,0.5218,11.5,2
182(b),K,Y,-0.4787,0.3388,8.5,2
183(a),E,*,-6.211,0,1.5,1
183(a),E,-,-0.9499,0,1,1
183(a),E,A,-0.7289,0.2336,9.5,2
183(a),E,C,-0.9619,1.394,11,2
183(a),E,D,1.126,0.7677,9,2
183(a),E,E,0,0,,2
183(a),E,F,0.1733,0.01935,12,2
183(a),E,G,0.1422,0.257,14.5,2
183(a),E,H,0.3165,1.327,6.5,2
183(a),E,I,0.3985,0.1596,6,2
183(a),E,K,0.4547,0.1655,16,2
183(a),E,L,0.9096,0.0487,8,2
183(a),E,M,-0.2543,0.6143,8.5,2
183(a),E,N,1.623,0.3565,9,2
183(a),E,P,-1.186,0.4628,11,2
183(a),E,Q,0.1095,2.298,7.5,2
183(a),E,R,0.3645,0.372,10.5,2
183(a),E,S,0.3635,0.5973,11.5,2
183(a),E,T,1.206,0.5003,7.5,2
183(a),E,V,-0.2155,0.8225,11,2
183(a),E,W,-0.8167,0.1552,10.5,2
183(a),E,Y,0.4066,0.6355,7,2
183(b),S,-,-1.012,0,3,1
183(b),S,A,-0.2934,0.04195,8,2
183(b),S,C,-0.8217,0.08535,12,2
183(b),S,D,-0.138,0.1924,7,2
183(b),S,E,-1.056,1.902,7.5,2
183(b),S,F,-0.6938,0.2882,14,2
183(b),S,G,0.1599,0.0213,12.5,2
183(b),S,H,1.525,0.028,13,2
183(b),S,I,-1.049,0.5473,13,2
183(b),S,K,1.003,0.5297,8.5,2
183(b),S,L,-0.4801,0.5729,12,2
183(b),S,M,0.5235,1.899,7.5,2
183(b),S,N,0.3173,0.2278,16,2
183(b),S,P,0.6601,0.511,5.5,2
183(b),S,Q,-0.6361,0.6889,9.5,2
183(b),S,R,-0.5552,0.4028,14,2
183(b),S,S,0,0,,2
183(b),S,T,-0.316,0.3032,12.5,2
183(b),S,V,-0.1014,0.4684,8.5,2
183(b),S,W,-0.2966,0.1258,6.5,2
183(b),S,Y,-0.016,1.12,9,2
184(a),P,-,1.332,0,1,1
184(a),P,A,0.7361,0.4819,8,2
184(a),P,C,-1.067,1.175,7,2
184(a),P,D,0.6086,0.135,10,2
184(a),P,E,-0.1275,0.09805,12,2
184(a),P,F,1.03,0.5656,7.5,2
184(a),P,G,3.161,3.677,9.5,2
184(a),P,H,0.8729,0.7621,8.5,2
184(a),P,I,0.2649,0.9291,10,2
184(a),P,K,-0.04245,0.7066,11.5,2
184(a),P,L,0.0749,0.2352,11,2
184(a),P,M,0.4999,0.5301,9.5,2
184(a),P,N,0.5227,0.6583,8.5,2
184(a),P,P,0,0,,2
184(a),P,Q,0.08086,0.1299,16.5,2
184(a),P,R,-0.1388,0.0963,12.5,2
184(a),P,S,0.1048,0.5991,17,2
184(a),P,T,-1.245,0.5233,13,2
184(a),P,V,-0.3513,0.5716,10.5,2
184(a),P,W,-0.0304,0.2126,7.5,2
184(a),P,Y,-0.5514,0.05485,11,2
184(b),P,-,-0.8619,0,2.5,1
184(b),P,A,-0.113,1.461,7,2
184(b),P,C,-0.3438,0.8382,8,2
184(b),P,D,-0.5457,0.4024,6.5,2
184(b),P,E,-0.9887,1.618,6,2
184(b),P,F,-0.0218,0.1427,11,2
184(b),P,G,-0.1843,0.8727,12.5,2
184(b),P,H,-0.2724,0.1656,25,2
184(b),P,I,-0.02609,0.07551,9,2
184(b),P,K,1.806,1.316,9.5,2
184(b),P,L,0.4245,0.0137,14,2
184(b),P,M,-0.9728,0.07515,8.5,2
184(b),P,N,0.1128,0.6283,7.5,2
184(b),P,P,0,0,,2
184(b),P,Q,1.186,0.6061,9,2
184(b),P,R,-0.4585,0.5267,16.5,2
184(b),P,S,-0.3707,0.1719,12.5,2
184(b),P,T,-1.182,0.516,9,2
184(b),P,V,-0.7285,0.152,8,2
184(b),P,W,1.045,1.179,5,2
184(b),P,Y,1.271,0.9883,9.5,2
185(a),Q,*,-7.656,1.039,1,2
185(a),Q,-,-2.107,0,0.5,1
185(a),Q,A,-0.7691,0.07185,7,2
185(a),Q,C,0.4255,1.682,10.5,2
185(a),Q,D,-0.8646,1.431,8.5,2
185(a),Q,E,-0.586,0.2946,9.5,2
185(a),Q,F,-0.1965,0.0203,14,2
185(a),Q,G,-1.085,0.1568,7,2
185(a),Q,H,-0.1135,0.2802,12.5,2
185(a),Q,I,0.6351,1.072,12,2
185(a),Q,K,0.3943,0.9247,7.5,2
185(a),Q,L,-0.5007,0.2929,10.5,2
185(a),Q,M,-0.5465,1.03,13,2
185(a),Q,N,-1.1,0.631,9.5,2
185(a),Q,P,-0.869,1.2,8,2
185(a),Q,Q,0,0,,2
185(a),Q,R,-0.2847,0.8523,27.5,2
185(a),Q,S,-1.769,0.9416,12,2
185(a),Q,T,-0.7421,0.3918,9,2
185(a),Q,V,1.364,1.293,9.5,2
185(a),Q,W,-0.8517,0.5013,8,2
185(a),Q,Y,0.2776,0.8855,11.5,2
185(b),I,-,-0.5896,0.2595,3,2
185(b),I,A,-0.1847,0.1793,9,2
185(b),I,C,-0.095,1.694,7.5,2
185(b),I,D,-0.863,0.4149,11.5,2
185(b),I,E,-0.3126,0.7964,8.5,2
185(b),I,F,-0.5331,0.1518,7,2
185(b),I,G,0.2722,0.7538,8,2
185(b),I,H,0.7488,0.7472,8.5,2
185(b),I,I,0,0,,2
185(b),I,K,0.9181,0.5149,11,2
185(b),I,L,0.9663,0.7387,10.5,2
185(b),I,M,1.106,0.8761,13,2
185(b),I,N,0.3127,0.6369,15,2
185(b),I,P,0.4491,1.221,8,2
185(b),I,Q,-1.399,0.4383,11.5,2
185(b),I,R,-0.5658,0.5652,8.5,2
185(b),I,S,-0.514,2.545,9.5,2
185(b),I,T,-0.4004,0.6906,9,2
185(b),I,V,-0.6139,0.1652,16,2
185(b),I,W,-1.071,0.2272,12,2
185(b),I,Y,0.11,2.291,12,2
186(a),V,A,0.112,1.421,7.5,2
186(a),V,C,-2.316,0.2015,8,2
186(a),V,D,-0.3405,0.3624,7.5,2
186(a),V,E,-0.3412,0.6119,14,2
186(a),V,F,0.3133,0.7317,11,2
186(a),V,G,0.383,1.597,7.5,2
186(a),V,H,0.6059,0.679,5.5,2
186(a),V,I,0.6602,0.7388,5.5,2
186(a),V,K,1.148,0.4233,8,2
186(a),V,L,0.136,1.346,10,2
186(a),V,M,0.2912,0.8448,15.5,2
186(a),V,N,0.2679,0.4135,8.5,2
186(a),V,P,0.484,2.106,7,2
186(a),V,Q,0.4699,0.04785,8,2
186(a),V,R,0.7584,0.7576,6.5,2
186(a),V,S,1.04,0.168,8.5,2
186(a),V,T,0.5078,1.138,9.5,2
186(a),V,V,0,0,,2
186(a),V,W,-0.1275,1.333,8.5,2
186(a),V,Y,0.3233,0.4891,8,2
186(b),T,-,-0.7846,0.1059,2,2
186(b),T,A,-1.123,0.1813,15,2
186(b),T,C,0.4226,1.125,12,2
186(b),T,D,0.7259,0.7231,10,2
186(b),T,E,-0.5762,0.9988,9.5,2
186(b),T,F,-1.26,1.169,8,2
186(b),T,G,-0.283,1.312,6,2
186(b),T,H,-0.5635,1.583,10,2
186(b),T,I,-0.7314,0.2755,17.5,2
186(b),T,K,2.068,0.394,6.5,2
186(b),T,L,-0.5566,0.2874,11.5,2
186(b),T,M,0.1209,0.7502,9,2
186(b),T,N,-0.6517,0.4343,10.5,2
186(b),T,P,-1.518,1.006,8,2
186(b),T,Q,-0.7798,0.4653,8,2
186(b),T,R,-0.8694,0.8516,6.5,2
186(b),T,S,0.6109,0.911,11.5,2
186(b),T,T,0,0,,2
186(b),T,V,-0.2818,0.7932,7.5,2
186(b),T,W,-0.3623,0.05925,13,2
186(b),T,Y,-0.4767,0.3132,12.5,2
187(a),P,A,1.643,0.168,7,2
187(a),P,C,0.3491,0.635,6.5,2
187(a),P,D,-0.3049,0.03735,10,2
187(a),P,E,0.2355,1.097,12,2
187(a),P,F,0.2712,0.344,8,2
187(a),P,G,0.1795,0.6349,7,2
187(a),P,H,-0.7869,0.04385,9.5,2
187(a),P,I,-0.0627,0.6846,11.5,2
187(a),P,K,0.8006,0.2394,6,2
187(a),P,L,0.8612,1.685,10.5,2
187(a),P,M,0.068,1.158,10,2
187(a),P,N,0.2459,0.7691,6.5,2
187(a),P,P,0,0,,2
187(a),P,Q,-0.7307,0.5024,9.5,2
187(a),P,R,0.2441,0.5041,8.5,2
187(a),P,S,-0.3962,0.2554,25,2
187(a),P,T,-0.0103,0.1891,12,2
187(a),P,V,-1.909,0.6385,7.5,2
187(a),P,W,-0.1125,1.506,10.5,2
187(a),P,Y,0.1992,0.04895,12,2
187(b),Y,*,-8.188,0,3,2
187(b),Y,-,-2.686,1.46,2,2
187(b),Y,A,0.301,0.4492,7.5,2
187(b),Y,C,1.853,0.3215,11.5,2
187(b),Y,D,0.2311,0.4219,7,2
187(b),Y,E,-0.9838,0.4481,9,2
187(b),Y,F,0.15,1.784,5.5,2
187(b),Y,G,1.214,0.14,10,2
187(b),Y,H,0.2424,0.3339,19,2
187(b),Y,I,-0.8372,0.7528,11.5,2
187(b),Y,K,-0.2103,0.04975,11.5,2
187(b),Y,L,2.357,2.248,9,2
187(b),Y,M,1.55,0.4035,7,2
187(b),Y,N,-0.5836,0.1978,16,2
187(b),Y,P,-0.12,0.1187,7.5,2
187(b),Y,Q,0.1365,0.04967,8.5,2
187(b),Y,R,-0.4472,0.3442,13.5,2
187(b),Y,S,0.4524,0.4981,6,2
187(b),Y,T,1.002,0.6379,7,2
187(b),Y,V,-0.2103,0.6316,9.5,2
187(b),Y,W,1.656,0.049,16.5,2
187(b),Y,Y,0,0,,2
188(a),L,A,-0.214,1.239,8.5,2
188(a),L,C,-1.464,0.8075,9.5,2
188(a),L,D,0.7638,1.052,10.5,2
188(a),L,E,0.7049,0.9161,8,2
188(a),L,F,1.019,0.8192,13,2
188(a),L,G,0.1424,0.8323,9.5,2
188(a),L,H,-0.099,1.28,10.5,2
188(a),L,I,-0.616,0.0096,11.5,2
188(a),L,K,-0.3403,0.4686,9,2
188(a),L,L,0,0,,2
188(a),L,M,0.4036,0.1782,10.5,2
188(a),L,N,0.3209,0.8111,11,2
188(a),L,P,-0.5555,0.02755,12,2
188(a),L,Q,1.629,1.191,5,2
188(a),L,R,-0.3401,0.4341,10,2
188(a),L,S,0.6692,0.8229,12.5,2
188(a),L,T,-0.7961,0.389,7,2
188(a),L,V,0.5745,0.0906,9.5,2
188(a),L,W,-0.4104,1.373,1,2
188(a),L,Y,-0.5216,0.5664,13.5,2
188(b),E,*,-8.727,0,2.5,2
188(b),E,-,0.0083,0.6305,1.5,2
188(b),E,A,-0.6091,0.7539,13,2
188(b),E,C,-0.3665,0.6865,10.5,2
188(b),E,D,0.4667,0.0033,11,2
188(b),E,E,0,0,,2
188(b),E,F,0.2875,1.448,7.5,2
188(b),E,G,0.6008,0.0343,14,2
188(b),E,H,0.5701,1.004,12.5,2
188(b),E,I,-1.006,0,14,2
188(b),E,K,-0.4874,0.5646,16,2
188(b),E,L,0.4407,0.2524,10.5,2
188(b),E,M,-1.793,0.2245,7.5,2
188(b),E,N,-0.2978,0.149,11,2
188(b),E,P,0.8338,0.6112,11.5,2
188(b),E,Q,0.597,0.1963,8,2
188(b),E,R,0.6785,0.2916,9.5,2
188(b),E,S,1.015,0.994,8.5,2
188(b),E,T,0.5985,0.5995,9,2
188(b),E,V,-0.9501,0.683,12.5,2
188(b),E,W,0.1605,2.575,9,2
188(b),E,Y,-0.9581,1.038,8,2
189(a),P,-,0.9698,0,0.5,1
189(a),P,A,0.3549,0.9251,9,2
189(a),P,C,-1.414,0.2355,7,2
189(a),P,D,-0.8915,0.0006,14,2
189(a),P,E,-1.454,0.3255,7.5,2
189(a),P,F,0.2369,0.057,11.5,2
189(a),P,G,0.4596,0.4822,8,2
189(a),P,H,-0.09525,0.5151,11,2
189(a),P,I,0.427,3.269,7.5,2
189(a),P,K,-0.0906,0.2701,7.5,2
189(a),P,L,-0.5939,1.289,10,2
189(a),P,M,-0.6885,0.7575,13,2
189(a),P,N,1.079,2.732,9,2
189(a),P,P,0,0,,2
189(a),P,Q,-0.259,1.506,8,2
189(a),P,R,-0.1743,0.1361,16.5,2
189(a),P,S,-0.8203,0.9627,19.5,2
189(a),P,T,-0.9343,0.8697,10.5,2
189(a),P,V,-0.02275,0.7812,11.5,2
189(a),P,W,-0.3135,1.534,10,2
189(a),P,Y,0.1603,0.2568,11.5,2
189(b),W,*,-12.66,0,27.5,2
189(b),W,-,-0.2301,0.0454,1.5,2
189(b),W,A,2.319,0.024,7.5,2
189(b),W,C,-1.529,0.8962,11.5,2
189(b),W,D,-1.401,0.299,7.5,2
189(b),W,E,-1.946,0.584,8.5,2
189(b),W,F,-1.156,0.861,7.5,2
189(b),W,G,-1.811,0.305,4.5,2
189(b),W,H,-1.565,0.719,8.5,2
189(b),W,I,-1.244,0.1825,12.5,2
189(b),W,K,-1.736,0.3315,8,2
189(b),W,L,-1.104,0.5919,10.5,2
189(b),W,M,-1.377,0.2535,11,2
189(b),W,N,-1.387,0.841,7,2
189(b),W,P,-1.76,0.1215,10.5,2
189(b),W,Q,-1.585,0.809,12,2
189(b),W,R,-0.4472,0.8768,9,2
189(b),W,S,-0.8157,0.9512,9.5,2
189(b),W,T,-1.038,1.136,13.5,2
189(b),W,V,-0.2208,0.2822,8,2
189(b),W,W,0,0,,2
189(b),W,Y,0.3029,0.991,9.5,2
19(T2A),P,-,-0.06425,0,0.5,1
19(T2A),P,L,-2.536,0,1,1
19(T2A),P,P,0,0,,2
19(T2A),P,S,-1.725,0.502,3,2
19(T2A),P,T,-2.58,0,1,1
19(a),H,*,-7.348,0,5,2
19(a),H,-,-1.25,1.23,2,2
19(a),H,A,-0.2474,0.7524,10,2
19(a),H,C,-1.383,0.03,10.5,2
19(a),H,D,-0.1208,0.1682,9.5,2
19(a),H,E,0.3198,0.1675,12,2
19(a),H,F,0.1048,0.02948,7.5,2
19(a),H,G,-0.5162,0.00475,4.5,2
19(a),H,H,0,0,,2
19(a),H,I,-1.438,0.1055,10.5,2
19(a),H,K,-0.7255,1.075,4,2
19(a),H,L,-0.3283,0.6534,6.5,2
19(a),H,M,0.011,1.774,7,2
19(a),H,N,-0.1235,1.357,8,2
19(a),H,P,-2.152,0.2735,11.5,2
19(a),H,Q,-0.4453,1.1,10.5,2
19(a),H,R,-0.3841,0.0111,20.5,2
19(a),H,S,1.361,0.0815,7,2
19(a),H,T,-0.2765,1.438,5.5,2
19(a),H,V,0.128,1.237,7.5,2
19(a),H,W,-0.7491,0.2528,4.5,2
19(a),H,Y,-0.7544,0.5205,12,2
19(b),Y,*,-4.084,0.6005,1,2
19(b),Y,-,-1.592,0.6648,2,2
19(b),Y,A,-3.671,0,7.5,2
19(b),Y,C,-3.2,0.051,18.5,2
19(b),Y,D,-4.974,0,5.5,2
19(b),Y,E,-4.195,0,12,2
19(b),Y,F,0.1579,0.861,13.5,2
19(b),Y,G,-3.736,0,13.5,2
19(b),Y,H,-2.617,0.25,13,2
19(b),Y,I,-2.611,0.331,9,2
19(b),Y,K,-3.482,0,11,2
19(b),Y,L,-2.124,0.042,14,2
19(b),Y,M,-2.201,0.007,14,2
19(b),Y,N,-3.285,0.0115,12.5,2
19(b),Y,P,-4.803,0,7,2
19(b),Y,Q,-3.389,0,8.5,2
19(b),Y,R,-3.598,0,6.5,2
19(b),Y,S,-3.633,0,6.5,2
19(b),Y,T,-3.285,0,11,2
19(b),Y,V,-2.842,0.045,10,2
19(b),Y,W,-2.194,0.0725,13,2
19(b),Y,Y,0,0,,2
190(a),V,-,0.7035,0,0.5,1
190(a),V,A,-0.5714,0.251,13,2
190(a),V,C,-2.152,0.111,9.5,2
190(a),V,D,-0.3383,0.4341,9,2
190(a),V,E,0.03177,0.09653,9.5,2
190(a),V,F,1.44,0.035,9,2
190(a),V,G,0.223,0.4302,8.5,2
190(a),V,H,-0.2246,0.3778,10,2
190(a),V,I,-0.4325,1.446,7.5,2
190(a),V,K,0.9086,0.7043,6.5,2
190(a),V,L,-1.157,0.2727,10.5,2
190(a),V,M,-0.3748,0.0895,22,2
190(a),V,N,-0.764,0.748,9.5,2
190(a),V,P,-0.3463,0.4866,8.5,2
190(a),V,Q,0.7652,1.201,8.5,2
190(a),V,R,1.389,0.1175,5.5,2
190(a),V,S,0.5765,0.7466,8,2
190(a),V,T,-0.3687,0.6823,6.5,2
190(a),V,V,0,0,,2
190(a),V,W,1.271,0.589,5.5,2
190(a),V,Y,-1.188,0.7026,8.5,2
190(b),V,-,-0.3342,0.0319,2.5,2
190(b),V,A,-0.142,0.5736,15,2
190(b),V,C,1.453,1.441,12,2
190(b),V,D,-0.9321,0.7029,8.5,2
190(b),V,E,0.1665,0.6358,7.5,2
190(b),V,F,-0.2789,1.125,11,2
190(b),V,G,-0.2596,0.5673,8,2
190(b),V,H,0.961,0.5799,11,2
190(b),V,I,0.5676,0.277,8.5,2
190(b),V,K,-0.7665,1.511,6.5,2
190(b),V,L,-0.526,0.7761,14.5,2
190(b),V,M,-0.06005,0.2488,16,2
190(b),V,N,-1.674,0.24,9.5,2
190(b),V,P,-0.5853,1.146,10.5,2
190(b),V,Q,0.7104,0.3966,8.5,2
190(b),V,R,1.701,1.54,6.5,2
190(b),V,S,-1.299,0.8703,7.5,2
190(b),V,T,-0.5925,1.599,10,2
190(b),V,V,0,0,,2
190(b),V,W,-0.1885,0.7806,6,2
190(b),V,Y,0.3354,0.1801,9.5,2
191(a),S,A,0.297,0.5547,9.5,2
191(a),S,C,-1.685,1.227,7,2
191(a),S,D,-0.4405,0.02835,6.5,2
191(a),S,E,-0.1489,0.6362,3.5,2
191(a),S,F,-0.6822,0.1687,11.5,2
191(a),S,G,0.044,0.689,12.5,2
191(a),S,H,0.8969,1.26,12.5,2
191(a),S,I,-1.353,0.2035,12,2
191(a),S,K,-0.1365,0.0717,15.5,2
191(a),S,L,1.04,1.365,10,2
191(a),S,M,-0.4656,0.9815,7.5,2
191(a),S,N,-0.6327,0.0453,11.5,2
191(a),S,P,0.3589,0.7831,12.5,2
191(a),S,Q,0.4428,0.8512,13.5,2
191(a),S,R,-0.1037,0.3049,8.5,2
191(a),S,S,0,0,,2
191(a),S,T,0.2037,0.2196,12,2
191(a),S,V,0.3401,0.3883,11,2
191(a),S,W,0.303,0.5791,11.5,2
191(a),S,Y,-0.799,1.136,11,2
191(b),L,-,-0.6672,0.243,3,2
191(b),L,A,0.3075,0.3411,7.5,2
191(b),L,C,1.256,0.4503,7,2
191(b),L,D,-0.00755,0.2485,6.5,2
191(b),L,E,-0.2195,0.01215,4.5,2
191(b),L,F,-1.5,0.048,7,2
191(b),L,G,-0.3885,2.107,8,2
191(b),L,H,0.0615,0.2681,11,2
191(b),L,I,-0.405,1.474,8,2
191(b),L,K,0.299,1.3,11,2
191(b),L,L,0,0,,2
191(b),L,M,-1.114,0.404,11,2
191(b),L,N,0.8776,1.398,10,2
191(b),L,P,-0.9661,1.075,11,2
191(b),L,Q,0.4024,0.5835,10.5,2
191(b),L,R,0.3133,0.8257,10.5,2
191(b),L,S,0.0139,0.201,7,2
191(b),L,T,-0.1191,0.2953,10,2
191(b),L,V,0.00605,0.2379,8.5,2
191(b),L,W,-0.1637,0.2947,6,2
191(b),L,Y,0.48,0.2177,10,2
192(a),E,*,-7.944,0,2.5,2
192(a),E,A,1.131,0.6086,8.5,2
192(a),E,C,0.1206,0.3959,9,2
192(a),E,D,-0.7661,1.202,13,2
192(a),E,E,0,0,,2
192(a),E,F,-1.153,0.116,12,2
192(a),E,G,-0.8521,0.5989,21,2
192(a),E,H,0.9143,0.2356,8,2
192(a),E,I,-2.075,0.785,16.5,2
192(a),E,K,0.1721,0.08959,26,2
192(a),E,L,-1.282,1.365,6,2
192(a),E,M,-1.029,0.6889,9.5,2
192(a),E,N,1.369,1.455,6,2
192(a),E,P,0.3753,0.0897,9.5,2
192(a),E,Q,0.5735,0.0216,9.5,2
192(a),E,R,0.08535,1.029,12,2
192(a),E,S,-0.7561,0.3448,14,2
192(a),E,T,0.2053,0.3741,8.5,2
192(a),E,V,-1.36,1.046,10.5,2
192(a),E,W,-0.685,0.889,8.5,2
192(a),E,Y,-0.874,0.5891,7,2
192(b),P,-,-0.6025,0.03455,3,2
192(b),P,A,0.8004,0.8736,12,2
192(b),P,C,-1.216,0.6729,9.5,2
192(b),P,D,-1.176,0.9462,11,2
192(b),P,E,-1.69,0.6525,9.5,2
192(b),P,F,1.403,0.4576,12.5,2
192(b),P,G,-0.9972,0.5148,10,2
192(b),P,H,-0.4055,0.2992,10.5,2
192(b),P,I,-0.5415,1.134,9,2
192(b),P,K,-1.133,0.5138,11.5,2
192(b),P,L,-0.1165,1.306,9,2
192(b),P,M,-0.0669,0.4515,9.5,2
192(b),P,N,-1.433,0.259,4,2
192(b),P,P,0,0,,2
192(b),P,Q,0.4178,0.8033,12.5,2
192(b),P,R,0.5941,0.3324,13.5,2
192(b),P,S,-0.1841,0.2769,19,2
192(b),P,T,-0.9932,0.6958,12,2
192(b),P,V,1.18,0.5307,8,2
192(b),P,W,-0.1035,0.7658,9,2
192(b),P,Y,0.9617,0.9413,6.5,2
193(a),S,A,-0.1928,0.5807,12.5,2
193(a),S,C,-1.894,0.201,11,2
193(a),S,D,-0.3258,0.079,10.5,2
193(a),S,E,-0.5533,0.3919,10.5,2
193(a),S,F,-0.6879,0.0301,5.5,2
193(a),S,G,-0.0597,0.1967,14,2
193(a),S,H,1.958,1.029,6.5,2
193(a),S,I,0.0363,1.012,13.5,2
193(a),S,K,-0.9257,0.4873,8.5,2
193(a),S,L,-0.355,0.544,11.5,2
193(a),S,M,-1.418,0.3645,12,2
193(a),S,N,-0.2961,0.09065,27,2
193(a),S,P,1.947,1.169,12.5,2
193(a),S,Q,1.322,0.5333,8,2
193(a),S,R,0.6534,0.2966,9,2
193(a),S,S,0,0,,2
193(a),S,T,0.04285,0.3871,12.5,2
193(a),S,V,-0.3157,0.7904,7.5,2
193(a),S,W,-0.637,0.742,9,2
193(a),S,Y,1.02,0.5106,8.5,2
193(b),A,-,-0.9636,0.7444,4,2
193(b),A,A,0,0,,2
193(b),A,C,0.1658,0.5345,9.5,2
193(b),A,D,0.1815,0.1092,9.5,2
193(b),A,E,-0.4502,0.4496,7.5,2
193(b),A,F,-0.2922,0.1267,8,2
193(b),A,G,-0.2908,0.3126,10,2
193(b),A,H,0.011,1.042,11,2
193(b),A,I,-0.4369,0.00425,9.5,2
193(b),A,K,0.4372,0.8078,11.5,2
193(b),A,L,-0.147,1.259,11.5,2
193(b),A,M,-0.00825,0.4304,8.5,2
193(b),A,N,-0.2542,0.2085,9.5,2
193(b),A,P,-1.515,0.1845,8,2
193(b),A,Q,-0.3721,1.085,7.5,2
193(b),A,R,0.734,0.634,8.5,2
193(b),A,S,0.5786,0.0587,9.5,2
193(b),A,T,-0.13,0.00975,28,2
193(b),A,V,-0.05164,0.03982,25.5,2
193(b),A,W,-0.4504,0.3236,7,2
193(b),A,Y,-0.9101,1.157,7.5,2
194(a),T,A,0.7915,0.1785,11,2
194(a),T,C,-1.728,0.377,8,2
194(a),T,D,0.1641,1.051,10,2
194(a),T,E,-0.119,1.663,10.5,2
194(a),T,F,-0.4462,0.3314,13,2
194(a),T,G,-0.178,0.5268,12.5,2
194(a),T,H,-0.8843,0.4237,7.5,2
194(a),T,I,1.241,0.7959,15.5,2
194(a),T,K,0.3523,0.0556,1.5,2
194(a),T,L,-1.384,0.7485,11.5,2
194(a),T,M,-1.001,0.09645,8.5,2
194(a),T,N,0.884,0.671,9.5,2
194(a),T,P,0.7163,1.419,10,2
194(a),T,Q,-0.0995,1.425,13,2
194(a),T,R,0.6158,0.8282,11.5,2
194(a),T,S,0.2114,0.8527,10,2
194(a),T,T,0,0,,2
194(a),T,V,-1.313,0.628,8,2
194(a),T,W,0.5362,0.5058,10,2
194(a),T,Y,-0.09462,0.01128,9.5,2
194(b),D,-,-1.118,0.4043,4.5,2
194(b),D,A,1.16,0.6125,8,2
194(b),D,C,-1.041,1.415,7.5,2
194(b),D,D,0,0,,2
194(b),D,E,-1.34,0.7694,10.5,2
194(b),D,F,-1.15,0.7487,10.5,2
194(b),D,G,-0.1963,0.8166,19.5,2
194(b),D,H,0.8205,0.8395,10,2
194(b),D,I,-1.149,0.6163,12,2
194(b),D,K,0.9372,0.03435,8,2
194(b),D,L,0.6119,0.8781,5.5,2
194(b),D,M,-0.1582,0.9158,5.5,2
194(b),D,N,-0.4623,0.4461,26,2
194(b),D,P,0.2592,0.8018,8,2
194(b),D,Q,0.3743,0.0101,12,2
194(b),D,R,0.9555,0.1995,8.5,2
194(b),D,S,-0.375,0.964,8.5,2
194(b),D,T,0.5071,0.447,8,2
194(b),D,V,0.8794,0.9546,13,2
194(b),D,W,-1.15,1.458,8.5,2
194(b),D,Y,-0.0116,0.2598,10,2
195(a),E,*,-10.52,0,3,2
195(a),E,A,1.074,0.3683,11.5,2
195(a),E,C,-1.766,0.1675,12.5,2
195(a),E,D,0.03655,0.2036,7,2
195(a),E,E,0,0,,2
195(a),E,F,0.4889,0.6072,9.5,2
195(a),E,G,-0.2746,0.2876,9,2
195(a),E,H,-0.6258,0.6572,9.5,2
195(a),E,I,0.7952,0.1975,9,2
195(a),E,K,-0.6106,0.0104,27.5,2
195(a),E,L,1.048,0.3518,9,2
195(a),E,M,0.025,1.732,10,2
195(a),E,N,-0.176,0.0151,17,2
195(a),E,P,-0.3744,0.1183,10,2
195(a),E,Q,0.3506,0.5637,7.5,2
195(a),E,R,0.6997,0.3443,7.5,2
195(a),E,S,-0.644,1.021,6.5,2
195(a),E,T,-0.7181,0.2142,10.5,2
195(a),E,V,0.7036,0.5163,12,2
195(a),E,W,0.119,1.144,9.5,2
195(a),E,Y,0.1915,0.1265,10.5,2
195(b),A,-,-0.1822,0.3185,5.5,2
195(b),A,A,0,0,,2
195(b),A,C,0.597,0.8769,16,2
195(b),A,D,0.6592,0.122,11,2
195(b),A,E,0.1173,0.2487,6,2
195(b),A,F,-0.7299,0.1947,10,2
195(b),A,G,0.2823,0.5474,11,2
195(b),A,H,0.0806,0.6701,11.5,2
195(b),A,I,-0.09335,0.7203,7.5,2
195(b),A,K,0.4549,0.612,9,2
195(b),A,L,0.8628,0.2332,12.5,2
195(b),A,M,0.4105,0.4817,10,2
195(b),A,N,0.1297,0.642,5,2
195(b),A,P,-0.00815,0.1568,13.5,2
195(b),A,Q,-1.389,0.5693,6.5,2
195(b),A,R,1.015,0.8956,13,2
195(b),A,S,-0.7299,0.576,14.5,2
195(b),A,T,-0.1868,0.1533,19.5,2
195(b),A,V,-0.4398,0.1107,14,2
195(b),A,W,-0.1091,0.2364,10,2
195(b),A,Y,0.2062,0.2122,11.5,2
196(a),T,-,-0.1649,0,0.5,1
196(a),T,A,0.225,0.857,2.5,2
196(a),T,I,-0.7265,0.4706,9,2
196(a),T,N,-0.418,1.615,3.5,2
196(a),T,P,-2.32,0,0.5,1
196(a),T,S,0.4838,0,0.5,1
196(a),T,T,0,0,,2
196(b),A,-,-0.6992,0.9699,6.5,2
196(b),A,A,0,0,,2
196(b),A,C,0.7926,1.032,15.5,2
196(b),A,D,-0.2285,0.237,10.5,2
196(b),A,E,-1.5,1.172,11.5,2
196(b),A,F,-0.7135,1.296,6.5,2
196(b),A,G,0.1232,0.04178,11.5,2
196(b),A,H,4.046,2.75,13.5,2
196(b),A,I,-0.175,1.356,10,2
196(b),A,K,0.5264,0.3036,11.5,2
196(b),A,L,-0.1997,0.9613,9.5,2
196(b),A,M,1.696,0.5605,9,2
196(b),A,N,-0.3899,0.2846,11.5,2
196(b),A,P,-0.8162,1.236,13.5,2
196(b),A,Q,-0.3226,0.2332,12.5,2
196(b),A,R,-0.3132,0.4052,16.5,2
196(b),A,S,1.252,0.7315,15,2
196(b),A,T,0.4606,0.3636,28,2
196(b),A,V,0.4975,0.8615,17.5,2
196(b),A,W,0.3155,0.3635,7,2
196(b),A,Y,0.7144,0.2375,8.5,2
197(a),L,-,0.01179,0,0.5,1
197(a),L,L,0,0,,2
197(a),L,M,-0.406,0.5127,2,2
197(a),L,P,0.9653,0.8157,4,2
197(b),R,*,-3.385,0,3,2
197(b),R,-,-0.5793,0.1779,5.5,2
197(b),R,A,-0.4592,0.9049,7.5,2
197(b),R,C,-0.7548,0.9433,11.5,2
197(b),R,D,-0.8174,1.745,7.5,2
197(b),R,E,-0.3935,0.5809,11,2
197(b),R,F,-0.9663,0.3257,11,2
197(b),R,G,0.637,1.67,21,2
197(b),R,H,-0.631,0.756,7.5,2
197(b),R,I,-0.7208,1.078,11.5,2
197(b),R,K,-0.1779,0.2197,10,2
197(b),R,L,-0.2864,1.226,10,2
197(b),R,M,-0.5377,1.132,8,2
197(b),R,N,0.7041,0.2139,13.5,2
197(b),R,P,1.541,0.9341,9.5,2
197(b),R,Q,0.7475,2.111,9.5,2
197(b),R,R,0,0,,2
197(b),R,S,1.118,1.556,14,2
197(b),R,T,-1.019,0.6301,8.5,2
197(b),R,V,-0.1366,0.0651,12.5,2
197(b),R,W,-0.9413,1.009,12.5,2
197(b),R,Y,0.1742,0.2634,9.5,2
198(a),V,-,-0.9609,0,1,1
198(a),V,A,1.059,0.1915,1,2
198(a),V,D,-0.005688,0,0.5,1
198(a),V,F,0.7407,0,1,1
198(a),V,I,-0.6066,1.351,7,2
198(a),V,V,0,0,,2
198(b),G,-,-1.311,0.5338,5.5,2
198(b),G,A,0.05575,0.4829,14.5,2
198(b),G,C,-0.403,0.1316,8,2
198(b),G,D,-0.0166,0.2793,25,2
198(b),G,E,0.4374,0.1214,13.5,2
198(b),G,F,0.5563,0.6197,7.5,2
198(b),G,G,0,0,,2
198(b),G,H,1.058,0.9153,7,2
198(b),G,I,0.0403,0.1656,4.5,2
198(b),G,K,0.224,0.4521,16.5,2
198(b),G,L,0.1224,1.118,12,2
198(b),G,M,-0.6994,0.5347,14,2
198(b),G,N,-0.1256,0.141,10.5,2
198(b),G,P,0.5814,0.0856,11.5,2
198(b),G,Q,0.337,0.1303,7,2
198(b),G,R,-0.0925,1.325,7,2
198(b),G,S,-0.1391,0.3937,17,2
198(b),G,T,-0.6,0.8079,13,2
198(b),G,V,-0.412,0.89,9,2
198(b),G,W,0.4608,0.8622,11,2
198(b),G,Y,0.6158,1.309,8,2
199(a),C,-,0.07321,0,0.5,1
199(a),C,C,0,0,,2
199(a),C,F,1.159,1.267,4.5,2
199(a),C,G,0.3674,0,0.5,1
199(a),C,R,-0.2563,0,2,1
199(a),C,S,0.1001,0.9169,4.5,2
199(a),C,Y,0.599,0.3323,12.5,2
199(b),K,*,-1.201,0,1,1
199(b),K,-,-0.9108,0.5051,5,2
199(b),K,A,-0.9036,1.299,9,2
199(b),K,C,-0.8431,0.62,7,2
199(b),K,D,-1.13,0.4554,12.5,2
199(b),K,E,-1.045,0.8247,12,2
199(b),K,F,-1.038,1.49,7.5,2
199(b),K,G,-0.2144,0.3408,11,2
199(b),K,H,0.7994,0.6137,9,2
199(b),K,I,-1.06,1.033,9,2
199(b),K,K,0,0,,2
199(b),K,L,-1.886,0.095,10.5,2
199(b),K,M,-0.7911,0.632,8.5,2
199(b),K,N,-0.2013,1.161,16,2
199(b),K,P,-1.581,0.6724,6.5,2
199(b),K,Q,-0.5557,0.0917,8,2
199(b),K,R,-0.9557,0.9843,18,2
199(b),K,S,1.793,0.7765,7,2
199(b),K,T,-0.6247,0.4302,9.5,2
199(b),K,V,-0.008,0.4357,9,2
199(b),K,W,-0.9894,1.359,9,2
199(b),K,Y,-0.155,0.4593,16.5,2
2(T2A),S,-,-1.542,0.8161,4,2
2(T2A),S,C,-2.401,0,0.5,1
2(T2A),S,G,-1.078,0.8717,3.5,2
2(T2A),S,N,0.124,0.335,6.5,2
2(T2A),S,R,2.104,1.162,2,2
2(T2A),S,S,0,0,,2
2(a),K,*,-8.289,0,11,2
2(a),K,A,-0.6822,0.6818,6.5,2
2(a),K,C,0.6385,0.8695,7.5,2
2(a),K,D,0.0307,0.5392,7,2
2(a),K,E,-0.3578,0.2792,8,2
2(a),K,F,-0.142,1.008,4,2
2(a),K,G,-2.292,0.072,9,2
2(a),K,H,0.9899,0.9781,10.5,2
2(a),K,I,-0.5642,0.2839,11,2
2(a),K,K,0,0,,2
2(a),K,L,-2.348,0.6965,10,2
2(a),K,M,-0.4068,0.6113,6.5,2
2(a),K,N,-0.9209,0.5881,7.5,2
2(a),K,P,0.429,2.028,7.5,2
2(a),K,Q,-1.305,0.4875,9,2
2(a),K,R,0.1946,0.2591,19,2
2(a),K,S,-0.5132,0.4561,7.5,2
2(a),K,T,-0.4993,0.3007,10,2
2(a),K,V,-0.6964,0.6586,7,2
2(a),K,W,-3.056,0,9.5,2
2(a),K,Y,-0.7028,0.6812,7.5,2
2(b),G,*,-6.838,0,3.5,2
2(b),G,-,0.495,1.594,3,2
2(b),G,A,0.6085,0.7244,11.5,2
2(b),G,C,-0.256,1.916,8,2
2(b),G,D,-4.785,0,7,2
2(b),G,E,-3.942,0,12.5,2
2(b),G,F,-2.756,0.004,12.5,2
2(b),G,G,0,0,,2
2(b),G,H,-4.056,0,11,2
2(b),G,I,-4.736,0,10,2
2(b),G,K,-4.659,0,11,2
2(b),G,L,-1.621,0.7918,10,2
2(b),G,M,-1.707,0.661,12,2
2(b),G,N,-2.435,0.382,9.5,2
2(b),G,P,-1.127,1.725,8.5,2
2(b),G,Q,-2.556,0.3475,11,2
2(b),G,R,-4.702,0,29,2
2(b),G,S,0.2387,0.1557,10,2
2(b),G,T,0.7919,0.3221,13,2
2(b),G,V,-3.617,0,22,2
2(b),G,W,-5.892,0,9.5,2
2(b),G,Y,-5.013,0,10.5,2
20(T2A),G,-,0.5232,0,0.5,1
20(T2A),G,C,-2.564,1.06,1.5,2
20(T2A),G,D,-4.535,0,3,2
20(T2A),G,G,0,0,,2
20(T2A),G,S,-3.533,0.1055,5,2
20(T2A),G,V,-4.946,0,1.5,1
20(a),N,-,-2.584,1.044,2,2
20(a),N,A,-1.96,0.653,7,2
20(a),N,C,-0.6861,0.07995,6.5,2
20(a),N,D,0.4746,0.1289,20,2
20(a),N,E,0.7356,0.4904,6,2
20(a),N,F,0.3905,1.534,9.5,2
20(a),N,G,-1.978,0.2485,7,2
20(a),N,H,-0.4837,0.3843,14,2
20(a),N,I,0.7976,0.8394,7.5,2
20(a),N,K,1.127,1.285,10.5,2
20(a),N,L,0.444,1.311,10.5,2
20(a),N,M,0.2365,2.945,5,2
20(a),N,N,0,0,,2
20(a),N,P,0.462,1.981,10,2
20(a),N,Q,-0.2589,0.1756,6.5,2
20(a),N,R,-1.816,0.421,9,2
20(a),N,S,-0.6653,0.5037,14.5,2
20(a),N,T,-0.0508,0.3786,8.5,2
20(a),N,V,-1.603,0.8667,10,2
20(a),N,W,-0.7591,0.1101,9.5,2
20(a),N,Y,-0.4685,0.32,5,2
20(b),L,-,-0.9342,1.035,1.5,2
20(b),L,A,-0.3582,0.0435,7.5,2
20(b),L,C,-0.8216,0.2974,8.5,2
20(b),L,D,0.5806,1.176,11.5,2
20(b),L,E,-0.5723,0.4377,7,2
20(b),L,F,-1.231,0.2285,6.5,2
20(b),L,G,-1.327,0.4284,11,2
20(b),L,H,-0.1845,0.1771,10.5,2
20(b),L,I,3.076,2.033,12,2
20(b),L,K,-1.095,0.0845,8.5,2
20(b),L,L,0,0,,2
20(b),L,M,-0.5984,0.058,10,2
20(b),L,N,0.4647,0.0175,11.5,2
20(b),L,P,-1.267,0.364,19,2
20(b),L,Q,0.3781,0.6519,13,2
20(b),L,R,0.00155,0.4975,13.5,2
20(b),L,S,0.2195,1.129,7,2
20(b),L,T,-0.4466,1.243,14.5,2
20(b),L,V,-0.6474,0.2357,15.5,2
20(b),L,W,-0.363,1.132,10,2
20(b),L,Y,-0.974,0.063,11.5,2
200(a),A,-,-0.4593,0,0.5,1
200(a),A,A,0,0,,2
200(a),A,D,2.022,0,0.5,1
200(a),A,S,-2.006,1.606,2,2
200(a),A,T,1.034,1.044,2.5,2
200(a),A,V,-2.419,0.387,3,2
201(a),L,-,-0.4302,0,0.5,1
201(a),L,L,0,0,,2
201(a),L,M,-0.6803,1.064,8,2
201(a),L,P,-0.4391,0.1295,18,2
201(a),L,Q,-0.4765,0.9265,1,2
201(a),L,R,-2.742,0,0.5,1
202(a),G,-,-0.4198,0.7201,1,2
202(a),G,A,0.6118,0,0.5,1
202(a),G,C,1.225,1.215,2,2
202(a),G,D,-2.078,1.006,10,2
202(a),G,G,0,0,,2
202(a),G,R,-2.174,0,0.5,1
202(a),G,S,-0.078,1.37,7,2
202(a),G,V,1.325,0.3075,2.5,2
203(a),L,-,-0.314,0.1159,1,2
203(a),L,F,-1.078,0.6447,2.5,2
203(a),L,H,1.053,0,1.5,1
203(a),L,I,0.8058,0.3661,2,2
203(a),L,L,0,0,,2
203(a),L,P,0.3047,0.5043,2.5,2
204(a),A,-,-0.3167,0.0625,1,2
204(a),A,A,0,0,,2
204(a),A,P,0.2125,0,0.5,1
204(a),A,S,0.482,0.375,2.5,2
204(a),A,T,0.4375,0.3503,12.5,2
204(a),A,V,0.6403,0.9266,17,2
205(a),V,-,-1.173,0.52,1.5,2
205(a),V,A,0.3331,0,1,1
205(a),V,E,-3.487,1.394,3,2
205(a),V,L,-1.016,1.07,2.5,2
205(a),V,M,-1.115,0.015,8,2
205(a),V,V,0,0,,2
206(a),G,-,-1.865,0,1,1
206(a),G,C,1.094,0,1,1
206(a),G,D,-1.804,0.5675,22,2
206(a),G,G,0,0,,2
206(a),G,R,-4.919,0,0.5,1
206(a),G,S,0.3839,0.0085,8,2
206(a),G,V,-1.624,0.9067,4,2
207(a),I,-,-1.492,0.187,1.5,2
207(a),I,I,0,0,,2
207(a),I,L,-4.25,0,0.5,1
207(a),I,N,0.1605,1.483,1,2
207(a),I,T,-0.0027,0.2031,1,2
207(a),I,V,-1.307,0.3293,4,2
208(a),V,-,-0.527,0.7359,1,2
208(a),V,A,-1.222,1.597,2,2
208(a),V,E,1.967,0,0.5,1
208(a),V,L,2.191,0.08,2.5,2
208(a),V,M,0.4786,0.1112,12.5,2
208(a),V,V,0,0,,2
209(a),G,-,-0.4852,0.8967,1.5,2
209(a),G,E,-0.8649,0.1601,32.5,2
209(a),G,G,0,0,,2
209(a),G,K,1.454,1.303,1,2
209(a),G,R,-5.998,0,11.5,2
209(a),G,V,0.04018,0.01434,1.5,2
209(a),G,W,-0.375,0.85,2,2
21(T2A),P,-,0.1146,0,0.5,1
21(T2A),P,H,-0.5503,0.2298,2,2
21(T2A),P,P,0,0,,2
21(T2A),P,S,-1.444,0.218,1.5,2
21(T2A),P,T,-1.064,0.558,1,2
21(a),R,-,-0.744,0.05415,1.5,2
21(a),R,A,-0.5516,0.6224,9,2
21(a),R,C,-0.1601,0.1069,15,2
21(a),R,D,-0.418,1.675,6.5,2
21(a),R,E,-0.2536,0.1366,6,2
21(a),R,F,0.175,0.6442,10,2
21(a),R,G,-1.036,0.05565,8.5,2
21(a),R,H,-0.3104,0.2359,23.5,2
21(a),R,I,-0.1934,0.7345,6,2
21(a),R,K,-1.083,0.8299,10,2
21(a),R,L,-0.1386,0.8038,15,2
21(a),R,M,0.2813,0.6825,4,2
21(a),R,N,-1.524,0.1915,8,2
21(a),R,P,-2.905,0.215,6.5,2
21(a),R,Q,-1.624,0.54,6,2
21(a),R,R,0,0,,2
21(a),R,S,1.202,2.032,9,2
21(a),R,T,-1.474,0.2475,5,2
21(a),R,V,0.4275,0.9034,9.5,2
21(a),R,W,-0.1071,0.04239,9.5,2
21(a),R,Y,0.3602,0.4772,11.5,2
21(b),N,-,-0.457,0.4861,1,2
21(b),N,A,-0.2875,0.3818,9,2
21(b),N,C,-1.94,0.3665,10.5,2
21(b),N,D,-0.2377,0.2917,14.5,2
21(b),N,E,-1.292,0.2655,13.5,2
21(b),N,F,-2.585,0.124,13.5,2
21(b),N,G,-1.812,0.32,13.5,2
21(b),N,H,-1.298,0.086,13.5,2
21(b),N,I,-2.922,0.042,12.5,2
21(b),N,K,-2.041,0.365,12.5,2
21(b),N,L,-2.567,0.175,13.5,2
21(b),N,M,-1.817,0.606,11,2
21(b),N,N,0,0,,2
21(b),N,P,0.9922,0.1168,7.5,2
21(b),N,Q,-1.411,0.137,20,2
21(b),N,R,-2.122,0.581,10,2
21(b),N,S,0.8291,0.6288,16,2
21(b),N,T,-1.947,0.4615,12,2
21(b),N,V,-1.99,0.7435,9,2
21(b),N,W,-2.608,0.268,12,2
21(b),N,Y,-1.38,0.5487,8,2
210(a),I,-,-0.7746,0,0.5,1
210(a),I,I,0,0,,2
210(a),I,L,-0.0999,0,0.5,1
210(a),I,M,0.2514,0,0.5,1
210(a),I,N,-2.256,0.0945,1.5,2
210(a),I,T,-1.125,0,1,1
210(a),I,V,1.25,0,1,1
211(a),V,-,-0.2264,0,0.5,1
211(a),V,A,1.122,0,0.5,1
211(a),V,E,-1.623,1.45,3,2
211(a),V,L,1.918,0,2,1
211(a),V,M,-0.742,0.717,9.5,2
211(a),V,V,0,0,,2
212(a),V,-,-0.7975,0,1,1
212(a),V,A,0.6124,0,2,1
212(a),V,D,-2.093,1.164,3.5,2
212(a),V,F,-1.909,0,1,1
212(a),V,G,-1.115,0,0.5,1
212(a),V,I,1.168,1.853,8,2
212(a),V,L,-4.565,0,0.5,1
212(a),V,V,0,0,,2
213(a),G,C,-1.102,0,1,1
213(a),G,D,0.7395,1.785,15.5,2
213(a),G,G,0,0,,2
213(a),G,N,-0.4627,0,0.5,1
213(a),G,R,-0.7661,0,0.5,1
213(a),G,S,-0.8709,0.4331,6.5,2
213(a),G,V,1.067,0.2921,1,2
214(a),T,A,0.7549,0.8201,4,2
214(a),T,I,-0.4371,0.2492,4,2
214(a),T,N,-0.5215,0,1,1
214(a),T,P,0.8408,0,0.5,1
214(a),T,S,1.316,0,0.5,1
214(a),T,T,0,0,,2
215(a),I,F,0.9841,0,0.5,1
215(a),I,I,0,0,,2
215(a),I,L,-0.02855,0.9974,2,2
215(a),I,N,-0.06886,0,0.5,1
215(a),I,T,0.3974,0,0.5,1
215(a),I,V,-0.1082,0.01396,5.5,2
216(a),L,K,-0.3171,0,0.5,1
216(a),L,L,0,0,,2
216(a),L,M,0.312,0.3365,5,2
216(a),L,P,-1.072,0.3618,12,2
216(a),L,Q,-3.607,0.3285,2,2
216(a),L,R,-0.489,0,0.5,1
217(a),I,-,-3.528,0,0.5,1
217(a),I,F,0.4353,0,1,1
217(a),I,I,0,0,,2
217(a),I,L,1.74,0,0.5,1
217(a),I,N,-0.7624,0.4655,5.5,2
217(a),I,T,-0.5299,0.2379,2.5,2
217(a),I,V,-1.264,1.779,1,2
218(a),I,F,-0.09574,0,0.5,1
218(a),I,I,0,0,,2
218(a),I,L,-0.7715,0,0.5,1
218(a),I,M,1.151,0,1,1
218(a),I,N,1.193,1.059,2.5,2
218(a),I,T,-0.1601,0.0257,3.5,2
218(a),I,V,0.6232,0.1541,5,2
219(a),K,*,-1.136,0,0.5,1
219(a),K,E,-0.9934,0.00245,4.5,2
219(a),K,K,0,0,,2
219(a),K,M,-1.369,0,1,1
219(a),K,N,-0.2169,0.3035,3,2
219(a),K,R,0.5375,1.575,8,2
219(a),K,T,0.5909,0,0.5,1
22(a),E,*,-7.631,0,3.5,2
22(a),E,-,-0.3097,0.1617,1,2
22(a),E,A,-1.312,0.199,5.5,2
22(a),E,C,-2.45,0.2605,5,2
22(a),E,D,0.0545,1.111,11,2
22(a),E,E,0,0,,2
22(a),E,F,-2.462,0.8385,8,2
22(a),E,G,-2.001,0.2765,16,2
22(a),E,H,-1.666,0.476,13,2
22(a),E,I,-1.075,0.5389,6,2
22(a),E,K,-2.973,0.0745,7.5,2
22(a),E,L,-2.143,0.0525,6,2
22(a),E,M,-1.067,0.0565,9,2
22(a),E,N,-2.237,0.3275,11.5,2
22(a),E,P,-2.216,0.1385,10.5,2
22(a),E,Q,-1.821,0.5875,6.5,2
22(a),E,R,-1.928,0.397,8,2
22(a),E,S,-0.6348,0.01965,9.5,2
22(a),E,T,-1.32,0.0135,8,2
22(a),E,V,-1.976,0.607,8.5,2
22(a),E,W,-3.064,0.1785,9.5,2
22(a),E,Y,-2.064,0.473,5.5,2
22(b),G,*,-3.661,1.472,2.5,2
22(b),G,-,-0.3791,0.505,1,2
22(b),G,A,-0.1326,0.1632,10.5,2
22(b),G,C,-2.473,0.5285,12,2
22(b),G,D,-1.116,0.0535,12,2
22(b),G,E,-0.7612,0.4658,37,2
22(b),G,F,-1.255,0.4858,18,2
22(b),G,G,0,0,,2
22(b),G,H,-1.674,0.072,10.5,2
22(b),G,I,-1.621,0.4675,12.5,2
22(b),G,K,0.1374,0.9206,6,2
22(b),G,L,-0.7761,1.236,8,2
22(b),G,M,-0.953,1.284,13,2
22(b),G,N,-0.8374,0.3096,10.5,2
22(b),G,P,-2.381,0.0675,6,2
22(b),G,Q,-0.3332,0.4803,15.5,2
22(b),G,R,-0.8652,0.0123,29,2
22(b),G,S,-1.585,0.026,7.5,2
22(b),G,T,-2.111,0.764,10.5,2
22(b),G,V,-1.442,0.2505,16.5,2
22(b),G,W,-1.536,0.8171,9.5,2
22(b),G,Y,-1.304,0.5936,10.5,2
220(a),A,-,-0.4484,0,0.5,1
220(a),A,A,0,0,,2
220(a),A,D,-1.572,1.002,1.5,2
220(a),A,S,-3.726,0,1,1
220(a),A,T,-0.09267,0.02883,7.5,2
220(a),A,V,-0.2226,0.3052,4.5,2
221(a),M,-,-0.5285,0,0.5,1
221(a),M,I,-0.01015,0.1304,40.5,2
221(a),M,L,-0.1618,0.2192,2,2
221(a),M,M,0,0,,2
221(a),M,T,-1.833,1.62,2.5,2
221(a),M,V,0.689,0.131,3.5,2
222(a),K,*,-7.417,0.148,2.5,2
222(a),K,-,-0.1302,0.109,1,2
222(a),K,E,0.8202,1.371,5,2
222(a),K,G,1.529,0,0.5,1
222(a),K,K,0,0,,2
222(a),K,M,1.749,0,2,1
222(a),K,N,-0.424,0,1.5,1
222(a),K,R,0.4627,0.1573,4,2
223(a),M,-,-0.3113,0.1767,1,2
223(a),M,I,-0.189,0.2082,32,2
223(a),M,K,-0.9645,0.2606,2,2
223(a),M,L,-0.7762,0,1,1
223(a),M,M,0,0,,2
224(a),N,-,0.05371,0.00394,1,2
224(a),N,D,-1.888,1.373,5,2
224(a),N,H,-2.648,0,0.5,1
224(a),N,K,-0.6104,0,0.5,1
224(a),N,N,0,0,,2
224(a),N,S,0.0679,0.1479,6,2
224(a),N,T,-0.3704,0.0992,2,2
224(a),N,Y,1.365,0,1,1
225(a),N,-,-0.03073,0.02588,1,2
225(a),N,D,-1.118,0.5621,1.5,2
225(a),N,G,-0.07618,0,1,1
225(a),N,H,0.2457,0,0.5,1
225(a),N,I,-1.142,1.485,1,2
225(a),N,K,0.9402,0.0678,3.5,2
225(a),N,N,0,0,,2
225(a),N,S,1.105,0.2215,2.5,2
225(a),N,Y,-1.338,0.4829,1,2
226(a),A,-,-0.2346,0,0.5,1
226(a),A,A,0,0,,2
226(a),A,D,-2.159,0.558,1.5,2
226(a),A,G,-0.3083,0,0.5,1
226(a),A,P,1.368,0,0.5,1
226(a),A,S,-0.3591,0.3199,2,2
226(a),A,T,0.08775,0.5091,9,2
226(a),A,V,1.58,0.8753,3,2
227(a),R,*,-3.901,0,0.5,1
227(a),R,-,0.3055,0,0.5,1
227(a),R,G,-0.8288,0.1742,11.5,2
227(a),R,I,-2.707,0.2075,2,2
227(a),R,K,-0.3957,0.1126,9.5,2
227(a),R,R,0,0,,2
227(a),R,S,-1.073,0.5071,2,2
228(a),N,-,-0.4106,0,0.5,1
228(a),N,D,-1.921,0.3885,3,2
228(a),N,G,-0.8221,0,0.5,1
228(a),N,H,0.1625,0,1,1
228(a),N,K,0.6584,0.3965,1,2
228(a),N,N,0,0,,2
228(a),N,T,-0.4377,0,0.5,1
229(a),Q,*,-7.573,0,1.5,2
229(a),Q,-,0.7278,0,0.5,1
229(a),Q,H,1.394,0,0.5,1
229(a),Q,L,0.9656,0,0.5,1
229(a),Q,P,-0.066,1.738,2.5,2
229(a),Q,Q,0,0,,2
229(a),Q,R,1.62,1.038,3.5,2
23(a),G,-,-2.678,1.313,1.5,2
23(a),G,A,-0.7367,1.271,11,2
23(a),G,C,-0.6431,0.08285,15.5,2
23(a),G,D,-0.0615,1.223,9.5,2
23(a),G,E,-0.9757,0.6013,8,2
23(a),G,F,-1.586,0.8722,8.5,2
23(a),G,G,0,0,,2
23(a),G,H,0.3816,1.295,10.5,2
23(a),G,I,1.75,1.022,7.5,2
23(a),G,K,-0.3774,0.2805,8,2
23(a),G,L,-0.4415,0.6795,9.5,2
23(a),G,M,1.259,0.065,9.5,2
23(a),G,N,0.1823,0.344,10.5,2
23(a),G,P,-4.84,0,12.5,2
23(a),G,Q,0.2911,0.5979,7,2
23(a),G,R,-1.25,0.082,10.5,2
23(a),G,S,-0.4116,0.2772,9,2
23(a),G,T,0.0315,1.208,10.5,2
23(a),G,V,0.828,0.392,7.5,2
23(a),G,W,-0.7329,1.14,12.5,2
23(a),G,Y,0.917,0.3399,6,2
23(b),T,-,-1.139,0.2845,1.5,2
23(b),T,A,-1.038,0.2802,15.5,2
23(b),T,C,-2.928,0.1495,8.5,2
23(b),T,D,-1.406,0.1525,9.5,2
23(b),T,E,-1.579,1.168,13,2
23(b),T,F,-0.7762,1.2,9,2
23(b),T,G,-0.1285,0.06154,11.5,2
23(b),T,H,-2.133,0.3745,12.5,2
23(b),T,I,-1.237,0.218,21,2
23(b),T,K,-0.1393,0.4877,7.5,2
23(b),T,L,0.05025,0.5638,13,2
23(b),T,M,-0.5785,1.693,9.5,2
23(b),T,N,-1.203,0.2052,9.5,2
23(b),T,P,-0.5801,0.7099,11,2
23(b),T,Q,-0.4495,1.542,12.5,2
23(b),T,R,-0.5522,0.1649,12,2
23(b),T,S,1.378,0.189,13.5,2
23(b),T,T,0,0,,2
23(b),T,V,-0.0774,0.9033,11.5,2
23(b),T,W,-2.489,0.4525,9,2
23(b),T,Y,-1.247,0.209,9.5,2
230(a),R,*,-7.463,0,1.5,2
230(a),R,-,0.09365,0,0.5,1
230(a),R,G,-4.454,0.678,5.5,2
230(a),R,I,-2.807,0,0.5,1
230(a),R,K,-1.814,1.582,7.5,2
230(a),R,R,0,0,,2
230(a),R,S,-0.9946,0,0.5,1
231(a),G,-,-0.7162,0,1,1
231(a),G,A,1.604,0,1,1
231(a),G,C,-1.357,2.066,1,2
231(a),G,D,-3.223,0.111,6.5,2
231(a),G,G,0,0,,2
231(a),G,R,0.2985,0,0.5,1
231(a),G,S,1.285,0.4124,10,2
231(a),G,V,0.9406,0,0.5,1
232(a),L,-,-0.6086,0.4584,3.5,2
232(a),L,L,0,0,,2
232(a),L,M,-0.6026,0,0.5,1
232(a),L,P,-2.826,0.2695,3.5,2
233(a),L,-,-0.5089,0.1161,3.5,2
233(a),L,L,0,0,,2
233(a),L,M,1.685,0,0.5,1
233(a),L,P,-2.748,0.4905,6,2
233(a),L,Q,-2.243,0,1,1
24(a),G,-,-1.836,1.312,1.5,2
24(a),G,A,-0.6945,0.5665,11.5,2
24(a),G,C,-2.01,0.425,11.5,2
24(a),G,D,-3.737,0,28,2
24(a),G,E,-3.865,0,8.5,2
24(a),G,F,-2.145,0.429,6.5,2
24(a),G,G,0,0,,2
24(a),G,H,-1.624,0.8692,9.5,2
24(a),G,I,-3.064,0.111,11,2
24(a),G,K,-7.523,0,5,2
24(a),G,L,-3.731,0,10,2
24(a),G,M,-3.76,0,7,2
24(a),G,N,-2.432,0.306,5,2
24(a),G,P,-1.993,0.29,10,2
24(a),G,Q,-2.104,0.8355,7,2
24(a),G,R,-3.833,0,14,2
24(a),G,S,1.704,1.795,15.5,2
24(a),G,T,-1.822,0.345,6,2
24(a),G,V,-1.345,0.0905,18.5,2
24(a),G,W,-2.373,0.634,10.5,2
24(a),G,Y,-2.446,0.3265,8.5,2
24(b),E,*,-6.787,0,5.5,2
24(b),E,-,-0.5723,0.0218,1,2
24(b),E,A,-0.9115,0.2324,9.5,2
24(b),E,C,-3.14,0.0535,15,2
24(b),E,D,-0.5238,0.4469,13,2
24(b),E,E,0,0,,2
24(b),E,F,-1.694,0.062,11.5,2
24(b),E,G,-0.2769,0.2082,11.5,2
24(b),E,H,0.1668,0.4068,9.5,2
24(b),E,I,-1.798,0.477,10.5,2
24(b),E,K,-0.6313,0.07425,23,2
24(b),E,L,-1.938,0.6905,6,2
24(b),E,M,0.459,0.571,13,2
24(b),E,N,-0.6095,0.8305,14,2
24(b),E,P,-0.2434,0.606,12.5,2
24(b),E,Q,0.6519,0.9971,14.5,2
24(b),E,R,-1.449,0.6504,10,2
24(b),E,S,-0.1827,0.0907,13,2
24(b),E,T,0.1274,0.4981,10,2
24(b),E,V,-1.407,0.0305,8,2
24(b),E,W,-1.974,0.124,13.5,2
24(b),E,Y,-0.4289,0.609,11,2
25(a),Q,*,-7.339,0,6,2
25(a),Q,-,-2.209,1.356,1.5,2
25(a),Q,A,-1.923,0.2735,10,2
25(a),Q,C,-1.573,0.5932,9,2
25(a),Q,D,-1.345,0.3673,4.5,2
25(a),Q,E,-1.011,0.1131,10.5,2
25(a),Q,F,-0.6135,0.1086,5,2
25(a),Q,G,-1.055,0.8906,6.5,2
25(a),Q,H,-1.297,0.6852,17,2
25(a),Q,I,-1.648,0.7508,8.5,2
25(a),Q,K,-2.883,0.258,6,2
25(a),Q,L,-1.508,0.183,10.5,2
25(a),Q,M,-0.5111,0.2593,7.5,2
25(a),Q,N,-0.4879,0.9971,8,2
25(a),Q,P,-11.54,0,8.5,2
25(a),Q,Q,0,0,,2
25(a),Q,R,-3.266,0.138,6.5,2
25(a),Q,S,1.487,1.413,8,2
25(a),Q,T,-2.103,0.1555,8.5,2
25(a),Q,V,-0.9785,0.2745,12,2
25(a),Q,W,-0.7601,0.0428,7,2
25(a),Q,Y,-1.468,0.028,10.5,2
25(b),Q,*,-17.28,0,32.5,2
25(b),Q,-,-1.896,1.522,2,2
25(b),Q,A,-0.109,0.3428,12,2
25(b),Q,C,0.5721,0.6988,10.5,2
25(b),Q,D,0.4494,0.7357,11.5,2
25(b),Q,E,0.2823,0.2951,12,2
25(b),Q,F,-0.3226,1.084,12.5,2
25(b),Q,G,-0.5329,1.396,9,2
25(b),Q,H,0.1037,0.1959,12.5,2
25(b),Q,I,-1.757,0.202,12,2
25(b),Q,K,-0.1343,0.2573,13.5,2
25(b),Q,L,-1.641,1.195,7.5,2
25(b),Q,M,0.7401,0.5299,10.5,2
25(b),Q,N,0.1637,0.3806,11.5,2
25(b),Q,P,-1.219,0.069,9.5,2
25(b),Q,Q,0,0,,2
25(b),Q,R,-0.05495,0.5877,19,2
25(b),Q,S,-0.64,0.1672,12.5,2
25(b),Q,T,-0.2146,0.0878,8.5,2
25(b),Q,V,-0.1474,0.5293,15.5,2
25(b),Q,W,-1.474,0.7832,8.5,2
25(b),Q,Y,-0.7788,0.5572,13.5,2
26(a),F,-,0.09614,0.07735,1,2
26(a),F,A,-3.482,0,8.5,2
26(a),F,C,-3.226,0.0025,8.5,2
26(a),F,D,-7.05,0,4.5,2
26(a),F,E,-4.479,0,6.5,2
26(a),F,F,0,0,,2
26(a),F,G,-5.429,0,5.5,2
26(a),F,H,-3.426,0.06,4.5,2
26(a),F,I,-2.502,0.6945,1.5,2
26(a),F,K,-6.825,0,7.5,2
26(a),F,L,-2.713,0.44,9.5,2
26(a),F,M,-1.615,0.0585,7.5,2
26(a),F,N,-4.524,0,7.5,2
26(a),F,P,-10.97,0,7,2
26(a),F,Q,-3.416,0,9.5,2
26(a),F,R,-9.653,0,10,2
26(a),F,S,-3.579,0,12,2
26(a),F,T,-3.225,0.073,9.5,2
26(a),F,V,-3.372,0,8.5,2
26(a),F,W,0.5725,0.5145,7.5,2
26(a),F,Y,-1.709,0.8104,10,2
26(b),V,-,-0.3707,0.6843,1,2
26(b),V,A,-0.6936,0.1573,11.5,2
26(b),V,C,-3.353,0.0205,14,2
26(b),V,D,-3.526,0,9,2
26(b),V,E,-3.626,0,13,2
26(b),V,F,-0.1637,0.7315,8.5,2
26(b),V,G,-1.805,0.466,10,2
26(b),V,H,0.6012,0.06475,9.5,2
26(b),V,I,1.095,0.1425,13.5,2
26(b),V,K,-3.107,0.052,9.5,2
26(b),V,L,-0.6385,0.03485,9.5,2
26(b),V,M,0.4226,0.05125,20,2
26(b),V,N,-2.171,0.4575,8.5,2
26(b),V,P,1.106,1.235,7,2
26(b),V,Q,-1.893,0.3815,12,2
26(b),V,R,-1.225,1.075,6,2
26(b),V,S,-0.2998,0.6188,9.5,2
26(b),V,T,0.4718,0.6231,10,2
26(b),V,V,0,0,,2
26(b),V,W,-2.327,0.5605,10,2
26(b),V,Y,0.1048,0.7057,7.5,2
27(a),M,-,-1.125,0.2573,2,2
27(a),M,A,-0.1816,0.8513,9,2
27(a),M,C,-0.1202,0.5914,8.5,2
27(a),M,D,-2.135,0.1935,6,2
27(a),M,E,-1.47,0.085,7,2
27(a),M,F,-0.1099,0.3999,9,2
27(a),M,G,-1.895,0.107,4.5,2
27(a),M,H,-0.1262,0.5786,9.5,2
27(a),M,I,-0.5369,0.1888,13,2
27(a),M,K,-0.3348,0.9752,6.5,2
27(a),M,L,0.192,0.2052,9,2
27(a),M,M,0,0,,2
27(a),M,N,0.4219,0.5676,7,2
27(a),M,P,-9.18,0,7.5,2
27(a),M,Q,-0.5523,0.3944,8,2
27(a),M,R,0.059,1.292,6,2
27(a),M,S,-0.8476,0.4864,6.5,2
27(a),M,T,-1.438,0.4983,13,2
27(a),M,V,0.4342,1.227,18,2
27(a),M,W,-1.804,0.076,9,2
27(a),M,Y,-0.3865,0.2853,3,2
27(b),R,-,-0.6673,0.2847,1,2
27(b),R,A,-2.343,0.0915,10,2
27(b),R,C,-8.377,0,10,2
27(b),R,D,-3.789,0,13,2
27(b),R,E,-3.316,0.0145,8.5,2
27(b),R,F,-3.571,0,15,2
27(b),R,G,-3.298,0,10,2
27(b),R,H,0.1238,0.00195,14.5,2
27(b),R,I,-2.819,0.4555,10,2
27(b),R,K,-1.013,0.15,7,2
27(b),R,L,-1.958,0.1625,13.5,2
27(b),R,M,-2.665,0.327,12.5,2
27(b),R,N,-2.244,0.123,8,2
27(b),R,P,-7.248,0,12,2
27(b),R,Q,-1.114,0.1765,19,2
27(b),R,R,0,0,,2
27(b),R,S,-1.627,0.3875,18,2
27(b),R,T,-2.51,0.3115,11,2
27(b),R,V,-2.995,0.0975,15,2
27(b),R,W,-2.13,0.2465,29.5,2
27(b),R,Y,-2.866,0.219,7.5,2
28(a),F,-,-1.472,0.396,2.5,2
28(a),F,A,-3.01,0.4295,11.5,2
28(a),F,C,-2.438,0.607,11.5,2
28(a),F,D,-2.543,0.113,7.5,2
28(a),F,E,-1.961,0.9629,5.5,2
28(a),F,F,0,0,,2
28(a),F,G,-3.608,0,8,2
28(a),F,H,-1.349,0.0305,5.5,2
28(a),F,I,-1.352,0.4502,6,2
28(a),F,K,-3.256,0,8.5,2
28(a),F,L,-0.9122,1.249,13,2
28(a),F,M,0.4063,1.001,7.5,2
28(a),F,N,-1.558,1.137,10.5,2
28(a),F,P,-5.303,0,12,2
28(a),F,Q,-0.4377,0.1086,5.5,2
28(a),F,R,-3.734,0,4.5,2
28(a),F,S,-2.606,0.597,10,2
28(a),F,T,-3.099,0,4.5,2
28(a),F,V,-1.379,0.9584,7,2
28(a),F,W,-2.699,0.6645,7,2
28(a),F,Y,-2.968,0.267,10.5,2
28(b),Y,*,-9.844,0,1.5,2
28(b),Y,-,-0.8488,0.2653,1.5,2
28(b),Y,A,-0.2681,0.4143,10,2
28(b),Y,C,-2.867,0.133,15,2
28(b),Y,D,-5.538,0,11.5,2
28(b),Y,E,-1.953,0.494,11,2
28(b),Y,F,-0.356,0.3958,11.5,2
28(b),Y,G,2.699,0.6285,10,2
28(b),Y,H,0.7902,1.036,11,2
28(b),Y,I,1.787,0.9077,10.5,2
28(b),Y,K,-0.9528,0.1362,13,2
28(b),Y,L,-0.0506,0.6577,10,2
28(b),Y,M,-0.1128,0.6867,8.5,2
28(b),Y,N,-1.953,0.02,15,2
28(b),Y,P,-3.987,0,8,2
28(b),Y,Q,-1.909,0,8,2
28(b),Y,R,-2.915,0.1485,12,2
28(b),Y,S,-0.7317,1.035,11.5,2
28(b),Y,T,-0.3459,1.166,11,2
28(b),Y,V,0.5895,1.617,12,2
28(b),Y,W,1.566,0.0425,11.5,2
28(b),Y,Y,0,0,,2
29(a),D,-,-1.6,0.168,3,2
29(a),D,A,-0.3338,0.2021,7,2
29(a),D,C,-0.4033,0.2994,7.5,2
29(a),D,D,0,0,,2
29(a),D,E,-0.4491,0.3344,13,2
29(a),D,F,-0.8246,1.569,7,2
29(a),D,G,0.9778,0.8812,11,2
29(a),D,H,0.3024,0.294,11,2
29(a),D,I,-0.0885,1.172,7.5,2
29(a),D,K,-0.9057,0.2383,9.5,2
29(a),D,L,-0.5878,0.4942,12,2
29(a),D,M,-0.4665,0.4649,9,2
29(a),D,N,0.04835,0.2233,19.5,2
29(a),D,P,-3.816,0,8.5,2
29(a),D,Q,-0.6489,0.5701,8.5,2
29(a),D,R,-1.837,1.102,11,2
29(a),D,S,0.4554,0.339,4.5,2
29(a),D,T,1.741,0.366,11,2
29(a),D,V,0.4654,0.9686,11,2
29(a),D,W,-1.615,0.5605,11.5,2
29(a),D,Y,-0.4362,0.7078,20,2
29(b),L,-,-1.15,0.4037,1.5,2
29(b),L,A,0.8692,1.816,13.5,2
29(b),L,C,-0.1706,0.191,7.5,2
29(b),L,D,-2.689,0.401,4.5,2
29(b),L,E,-0.7713,0.3076,5.5,2
29(b),L,F,0.8034,1.731,14.5,2
29(b),L,G,-2.055,0.07,9,2
29(b),L,H,0.7457,1.525,16.5,2
29(b),L,I,0.6619,0.09145,14.5,2
29(b),L,K,0.166,0.3357,7.5,2
29(b),L,L,0,0,,2
29(b),L,M,0.2834,0.1048,8.5,2
29(b),L,N,1.969,1.71,7,2
29(b),L,P,-9.309,0,22,2
29(b),L,Q,-0.648,0.05745,14.5,2
29(b),L,R,-0.386,1.397,11,2
29(b),L,S,0.2949,0.6764,8,2
29(b),L,T,-1.012,0.4275,7.5,2
29(b),L,V,0.07515,0.66,10,2
29(b),L,W,0.3139,0.3706,13.5,2
29(b),L,Y,-0.8266,0.4164,11,2
3(T2A),G,-,0.9294,0.3595,3,2
3(T2A),G,C,-1.161,1.042,1.5,2
3(T2A),G,D,-2.769,0.6355,11.5,2
3(T2A),G,G,0,0,,2
3(T2A),G,R,-2.19,0,0.5,1
3(T2A),G,S,-0.9369,0.826,7.5,2
3(T2A),G,V,-2.86,0.402,3.5,2
3(a),V,*,-8.684,0,10,2
3(a),V,-,-1.267,0,0.5,1
3(a),V,A,-0.1514,0.07758,11.5,2
3(a),V,C,-0.8041,0.3199,9,2
3(a),V,D,0.3097,1.09,8.5,2
3(a),V,E,-0.7645,0.06375,10.5,2
3(a),V,G,-1.204,0.1215,8,2
3(a),V,H,0.7812,1.473,8.5,2
3(a),V,I,0.1221,0.4936,11,2
3(a),V,K,-0.2361,0.3299,8.5,2
3(a),V,L,0.4632,0.3877,11,2
3(a),V,M,-0.379,0.09245,13,2
3(a),V,N,3.887,0,1.5,1
3(a),V,P,-0.5712,0.8198,8,2
3(a),V,Q,-0.00445,0.4332,10.5,2
3(a),V,R,-0.069,0.2704,11,2
3(a),V,S,1.359,0.0825,7.5,2
3(a),V,T,-1.131,0.1215,8.5,2
3(a),V,V,0,0,,2
3(a),V,W,-1.74,0.1425,5.5,2
3(a),V,Y,-0.4655,0.1561,8,2
3(b),E,*,-7.461,0,3,2
3(b),E,-,-1.048,0.2529,3,2
3(b),E,A,1.455,1.063,12.5,2
3(b),E,C,0.157,1.118,10,2
3(b),E,D,-0.224,0.6438,11.5,2
3(b),E,E,0,0,,2
3(b),E,F,-0.0677,0.3365,12,2
3(b),E,G,-1.3,0.1595,15.5,2
3(b),E,H,0.001,2.256,7.5,2
3(b),E,I,-0.254,1.416,14,2
3(b),E,K,0.1404,0.102,32.5,2
3(b),E,L,-0.1473,0.4593,12.5,2
3(b),E,M,-0.2813,0.1437,12,2
3(b),E,N,-0.1781,0.4659,14.5,2
3(b),E,P,-4.658,0,13.5,2
3(b),E,Q,-0.5104,1.071,11,2
3(b),E,R,-0.9442,0.2468,13.5,2
3(b),E,S,-1.123,0.3949,10,2
3(b),E,T,0.3075,1.634,11.5,2
3(b),E,V,-0.5487,0.2692,7.5,2
3(b),E,W,0.609,1.676,10,2
3(b),E,Y,-0.3113,0.7697,16,2
30(a),F,-,-0.9366,1.066,3,2
30(a),F,A,-1.73,0.238,10.5,2
30(a),F,C,-2.208,0.7605,6.5,2
30(a),F,D,-3.689,0,7,2
30(a),F,E,-3.282,0.0715,6.5,2
30(a),F,F,0,0,,2
30(a),F,G,-2.801,0.205,9,2
30(a),F,H,-1.942,0.748,8.5,2
30(a),F,I,-1.422,0.4768,10.5,2
30(a),F,K,-2.801,0.623,9.5,2
30(a),F,L,-2.112,0.17,12,2
30(a),F,M,-1.596,0.242,10,2
30(a),F,N,-3.097,0.245,5,2
30(a),F,P,-12.32,0,7,2
30(a),F,Q,-1.623,1.411,6,2
30(a),F,R,-3.596,0,8.5,2
30(a),F,S,-3.028,0.078,12,2
30(a),F,T,-2.269,0.71,9.5,2
30(a),F,V,-2.522,0.116,8.5,2
30(a),F,W,-2.046,0.631,18,2
30(a),F,Y,-1.772,0.705,14,2
30(b),V,-,-0.6249,0.09295,2,2
30(b),V,A,-0.3421,0.688,9.5,2
30(b),V,C,-4.309,0,12,2
30(b),V,D,-8.41,0,10.5,2
30(b),V,E,-3.678,0,13,2
30(b),V,F,-1.089,0.6193,11.5,2
30(b),V,G,-4.391,0,9.5,2
30(b),V,H,-4.051,0,13.5,2
30(b),V,I,1.948,0.736,14,2
30(b),V,K,-3.492,0,7.5,2
30(b),V,L,-1.413,0.4162,14.5,2
30(b),V,M,-0.9949,0.6641,18.5,2
30(b),V,N,-4.328,0,9,2
30(b),V,P,-19.02,0,10.5,2
30(b),V,Q,-2.4,0.659,15.5,2
30(b),V,R,-3.517,0,10,2
30(b),V,S,-2.311,0.5205,11,2
30(b),V,T,-1.718,0.0235,11.5,2
30(b),V,V,0,0,,2
30(b),V,W,-0.365,0.747,15.5,2
30(b),V,Y,-3.463,0,13,2
31(a),D,-,-2.572,0.1135,4,2
31(a),D,A,-2.586,0.0425,5.5,2
31(a),D,C,-2.665,0.1975,9,2
31(a),D,D,0,0,,2
31(a),D,E,-2.59,0.0805,4.5,2
31(a),D,F,-3.609,0,10,2
31(a),D,G,-1.526,0.1875,11,2
31(a),D,H,-3.144,0,13,2
31(a),D,I,-3.363,0,8.5,2
31(a),D,K,-2.7,0.1615,8,2
31(a),D,L,-3.429,0,11,2
31(a),D,M,-2.729,0.063,9,2
31(a),D,N,-0.4231,0.0282,22,2
31(a),D,P,-5.31,0,7,2
31(a),D,Q,-0.9787,0.5713,16.5,2
31(a),D,R,-1.792,0.744,11.5,2
31(a),D,S,-1.522,0.3035,6,2
31(a),D,T,-1.613,0.1595,5.5,2
31(a),D,V,-3.173,0,9.5,2
31(a),D,W,-3.589,0,10,2
31(a),D,Y,-3.614,0,13,2
31(b),K,*,-3.466,0,0.5,1
31(b),K,-,-3.229,1.315,2.5,2
31(b),K,A,-0.04,1.281,12.5,2
31(b),K,C,-4.585,0,11,2
31(b),K,D,-3.751,0,12.5,2
31(b),K,E,-2.981,0.042,18.5,2
31(b),K,F,-2.235,0.2155,18,2
31(b),K,G,-2.3,0.027,11,2
31(b),K,H,-1.808,0.2695,6.5,2
31(b),K,I,-3.618,0,11.5,2
31(b),K,K,0,0,,2
31(b),K,L,-2.689,0.214,17.5,2
31(b),K,M,-0.508,1.058,10.5,2
31(b),K,N,-1.35,0.7696,14.5,2
31(b),K,P,-8.852,0,11,2
31(b),K,Q,-1.651,0.8368,9,2
31(b),K,R,0.7326,0.07075,14,2
31(b),K,S,-0.6587,0.6923,7,2
31(b),K,T,-1.545,0.084,14,2
31(b),K,V,-3.869,0,11.5,2
31(b),K,W,-2.667,0.494,15,2
31(b),K,Y,-0.7052,0.2288,10,2
32(a),G,-,-2.495,0.164,3.5,2
32(a),G,A,-0.6934,0.0083,7.5,2
32(a),G,C,-1.6,0.8483,16.5,2
32(a),G,D,-0.4174,1.03,18.5,2
32(a),G,E,-1.226,0.068,7.5,2
32(a),G,F,1.942,0.6175,8,2
32(a),G,G,0,0,,2
32(a),G,H,0.5595,0.4494,6.5,2
32(a),G,I,-1.725,0.5345,7,2
32(a),G,K,-0.4995,0.8695,6.5,2
32(a),G,L,-1.47,0.1375,9,2
32(a),G,M,-1.663,0.0995,7,2
32(a),G,N,0.4045,1.716,12,2
32(a),G,P,-2.474,0.713,6,2
32(a),G,Q,-1.408,0.104,6,2
32(a),G,R,-0.4142,0.4171,11,2
32(a),G,S,-2.115,0.7955,5.5,2
32(a),G,T,-0.7162,0.6948,8.5,2
32(a),G,V,-2.43,0.101,15,2
32(a),G,W,-1.977,0.5915,6.5,2
32(a),G,Y,-1.551,0.084,9.5,2
32(b),Y,*,-8.668,0,2,2
32(b),Y,-,-0.5162,0.00135,2,2
32(b),Y,A,-4.413,0,8.5,2
32(b),Y,C,-4.473,0,24,2
32(b),Y,D,-7.325,0,11,2
32(b),Y,E,-8.261,0,8,2
32(b),Y,F,-2.216,0.4535,14,2
32(b),Y,G,-6.689,0,11,2
32(b),Y,H,-3.123,0.145,12.5,2
32(b),Y,I,-3.406,0.1265,7.5,2
32(b),Y,K,-3.128,0.2115,11,2
32(b),Y,L,-3.514,0,9.5,2
32(b),Y,M,-3.08,0.1305,15,2
32(b),Y,N,-4.552,0,13,2
32(b),Y,P,-9.87,0,10,2
32(b),Y,Q,-4.296,0,16,2
32(b),Y,R,-3.019,0.132,11,2
32(b),Y,S,-4.829,0,10,2
32(b),Y,T,-4.328,0,8.5,2
32(b),Y,V,-3.412,0,12.5,2
32(b),Y,W,-2.982,0.0565,9,2
32(b),Y,Y,0,0,,2
33(a),D,-,-2.377,1.202,2.5,2
33(a),D,A,-2.48,0.243,9,2
33(a),D,C,-2.438,0.3905,8.5,2
33(a),D,D,0,0,,2
33(a),D,E,0.1112,0.391,10.5,2
33(a),D,F,-2.398,0.132,6.5,2
33(a),D,G,-1.475,0.047,11.5,2
33(a),D,H,-0.9244,1.098,8.5,2
33(a),D,I,-1.316,0.9145,8.5,2
33(a),D,K,-3.069,0,7.5,2
33(a),D,L,-2.534,0.427,9,2
33(a),D,M,-2.23,0.66,7,2
33(a),D,N,-0.8975,0.2324,16,2
33(a),D,P,-4.041,0,5.5,2
33(a),D,Q,-1.274,0.6946,9,2
33(a),D,R,-3.59,0,11.5,2
33(a),D,S,-0.4347,0.6394,5,2
33(a),D,T,-2.408,0.252,9,2
33(a),D,V,-3.174,0,17,2
33(a),D,W,-3.667,0,14.5,2
33(a),D,Y,-3.201,0,12.5,2
33(b),I,-,-3.023,0.7815,3,2
33(b),I,A,-1.016,1.064,13.5,2
33(b),I,C,-0.7994,0.2715,10.5,2
33(b),I,D,-6.402,0,14,2
33(b),I,E,-4.329,0,8,2
33(b),I,F,-0.7188,0.1777,13.5,2
33(b),I,G,-2.814,0.1045,11,2
33(b),I,H,-1.625,0.118,7.5,2
33(b),I,I,0,0,,2
33(b),I,K,-5.161,0,14,2
33(b),I,L,-2.115,0.126,13,2
33(b),I,M,0.6555,1.881,9,2
33(b),I,N,-2.922,0.443,8,2
33(b),I,P,-7.76,0,11.5,2
33(b),I,Q,-3.412,0,9.5,2
33(b),I,R,-4.79,0,13.5,2
33(b),I,S,-1.155,0.8052,8.5,2
33(b),I,T,-2.184,0.27,12,2
33(b),I,V,-0.9626,0.0624,15.5,2
33(b),I,W,-2.913,0.519,8.5,2
33(b),I,Y,-0.2364,1.135,9,2
34(a),E,*,-4.338,1.092,2,2
34(a),E,-,-1.97,1.145,2.5,2
34(a),E,A,-1.522,0.4145,9.5,2
34(a),E,C,0.4018,1.24,6,2
34(a),E,D,-2.465,0.049,16,2
34(a),E,E,0,0,,2
34(a),E,F,-3.998,0,10.5,2
34(a),E,G,-2.336,0.436,15,2
34(a),E,H,-2.979,0.0925,6.5,2
34(a),E,I,-0.6546,0.1658,6.5,2
34(a),E,K,-3.479,0.1055,13,2
34(a),E,L,-1.39,0.4734,11.5,2
34(a),E,M,-0.5837,0.5403,6,2
34(a),E,N,-2.524,0.108,8.5,2
34(a),E,P,-2.412,0.4285,10.5,2
34(a),E,Q,-2.377,0.0545,13.5,2
34(a),E,R,-2.417,0.4355,5.5,2
34(a),E,S,-1.096,0.2964,14,2
34(a),E,T,-1.828,0.17,6.5,2
34(a),E,V,-2.03,0.443,14,2
34(a),E,W,-4.098,0,11,2
34(a),E,Y,-3.401,0,9.5,2
34(b),H,-,-2.934,0.7365,4,2
34(b),H,A,-2.268,0.4855,13,2
34(b),H,C,-1.404,0.6049,10.5,2
34(b),H,D,-5.325,0,12,2
34(b),H,E,-4.67,0,7,2
34(b),H,F,-1.041,0.06755,10,2
34(b),H,G,-2.441,0.653,8,2
34(b),H,H,0,0,,2
34(b),H,I,-4.035,0,11,2
34(b),H,K,-4.099,0,8.5,2
34(b),H,L,-2.889,0.1975,14,2
34(b),H,M,-2.245,0.164,8.5,2
34(b),H,N,1.538,1.145,13,2
34(b),H,P,-10.83,0,11.5,2
34(b),H,Q,-3.179,0.102,12.5,2
34(b),H,R,-2.498,0.0135,17.5,2
34(b),H,S,0.847,2.298,12.5,2
34(b),H,T,-2.274,0.4445,11.5,2
34(b),H,V,-3.856,0,13,2
34(b),H,W,-1.157,0.3862,19.5,2
34(b),H,Y,0.5195,3.534,11,2
35(a),I,-,-5.082,0.4565,3,2
35(a),I,A,-2.433,0.2095,5.5,2
35(a),I,C,0.4955,0.2645,7.5,2
35(a),I,D,-12.44,0,5.5,2
35(a),I,E,-3.112,0.1525,9,2
35(a),I,F,-2.303,0.764,6.5,2
35(a),I,G,-4.492,0,7.5,2
35(a),I,H,-4.796,0,10,2
35(a),I,I,0,0,,2
35(a),I,K,-11.17,0,5,2
35(a),I,L,0.0655,2.088,10.5,2
35(a),I,M,-1.959,0.097,9.5,2
35(a),I,N,-4.41,0,12,2
35(a),I,P,-5.665,0,8,2
35(a),I,Q,-3.958,0,9.5,2
35(a),I,R,-7.837,0,12.5,2
35(a),I,S,-3.322,0,7,2
35(a),I,T,-0.051,1.889,8,2
35(a),I,V,-0.03655,0.5635,10.5,2
35(a),I,W,-3.083,0.13,8.5,2
35(a),I,Y,-2.801,0.2445,10,2
35(b),N,-,-1.2,0.2109,4,2
35(b),N,A,-3.186,0.0105,12,2
35(b),N,C,-3.732,0,9.5,2
35(b),N,D,-3.177,0.0725,17.5,2
35(b),N,E,-4.038,0,11,2
35(b),N,F,-7.58,0,8.5,2
35(b),N,G,0.105,2.477,9.5,2
35(b),N,H,-4.279,0,14,2
35(b),N,I,-5.712,0,12.5,2
35(b),N,K,-5.422,0,13,2
35(b),N,L,-4.458,0,13,2
35(b),N,M,-3.859,0,7,2
35(b),N,N,0,0,,2
35(b),N,P,-8.082,0,15.5,2
35(b),N,Q,-1.181,0.3316,8.5,2
35(b),N,R,-5.464,0,13.5,2
35(b),N,S,-3.815,0,12.5,2
35(b),N,T,-5.266,0,15.5,2
35(b),N,V,-5.867,0,8,2
35(b),N,W,-11.53,0,14,2
35(b),N,Y,-7.819,0,11.5,2
36(a),F,-,-2.515,1.04,3.5,2
36(a),F,A,-2.683,0.2055,2.5,2
36(a),F,C,-1.1,0.3062,10,2
36(a),F,D,-3.292,0.0535,5,2
36(a),F,E,-4.056,0,8,2
36(a),F,F,0,0,,2
36(a),F,G,-1.14,0.131,7,2
36(a),F,H,-2.796,0.2015,7.5,2
36(a),F,I,-2.268,0.5825,10.5,2
36(a),F,K,-4.761,0,12,2
36(a),F,L,0.4334,1.202,11,2
36(a),F,M,-0.7077,0.6252,6,2
36(a),F,N,-2.608,0.184,11,2
36(a),F,P,-8.847,0,5,2
36(a),F,Q,-2.634,0.139,5,2
36(a),F,R,-12.15,0,8,2
36(a),F,S,-2.589,0.22,11,2
36(a),F,T,-2.035,0.931,7.5,2
36(a),F,V,-2.242,0.219,9.5,2
36(a),F,W,-1.275,0.8779,9.5,2
36(a),F,Y,-1.073,0.6952,6.5,2
36(b),R,-,-1.143,0.1245,4,2
36(b),R,A,0.806,2.541,15.5,2
36(b),R,C,-2.618,0.163,11,2
36(b),R,D,-2.205,0.6735,13.5,2
36(b),R,E,-3.09,0.04,8.5,2
36(b),R,F,-2.731,0.1285,12.5,2
36(b),R,G,1.474,1.166,8.5,2
36(b),R,H,-1.282,0.4417,13,2
36(b),R,I,-3.883,0,8.5,2
36(b),R,K,-0.297,0.2474,6.5,2
36(b),R,L,-2.909,0.1605,13,2
36(b),R,M,-1.205,1.012,13.5,2
36(b),R,N,-0.6813,0.6887,15.5,2
36(b),R,P,-7.741,0,11.5,2
36(b),R,Q,-0.2677,0.5152,22,2
36(b),R,R,0,0,,2
36(b),R,S,-0.1601,0.6649,12.5,2
36(b),R,T,-1.81,0.4025,12.5,2
36(b),R,V,-3.868,0,12.5,2
36(b),R,W,-3.609,0,18,2
36(b),R,Y,-3.482,0.011,8.5,2
37(a),H,*,-9.848,0,0.5,1
37(a),H,-,-2.849,1.035,3,2
37(a),H,A,-1.454,0.5588,9.5,2
37(a),H,C,-1.621,0.3065,6,2
37(a),H,D,-1.982,0.475,6,2
37(a),H,E,-2.194,0.24,7.5,2
37(a),H,F,-1.49,0.3465,11,2
37(a),H,G,-3.073,0,14.5,2
37(a),H,H,0,0,,2
37(a),H,I,-1.868,0.857,13,2
37(a),H,K,-1.955,0.622,10.5,2
37(a),H,L,-3.311,0,9.5,2
37(a),H,M,-2.058,0.506,8,2
37(a),H,N,-1.542,0.4285,10,2
37(a),H,P,-7.904,0,9.5,2
37(a),H,Q,-1.787,1.138,10,2
37(a),H,R,-0.4733,0.6678,20,2
37(a),H,S,-0.6811,1.298,7.5,2
37(a),H,T,-1.207,1.088,8.5,2
37(a),H,V,-2.041,0.537,9,2
37(a),H,W,-2.348,0.342,11,2
37(a),H,Y,-0.4893,0.3235,16.5,2
37(b),Q,*,-12.85,0,10,2
37(b),Q,-,-5.015,0,3.5,1
37(b),Q,A,2.141,0.7945,8.5,2
37(b),Q,C,-0.216,1.233,16.5,2
37(b),Q,D,-1.32,0.258,11,2
37(b),Q,E,-0.907,0.279,11,2
37(b),Q,F,0.4789,0.874,11.5,2
37(b),Q,G,0.22,1.322,12.5,2
37(b),Q,H,-0.6597,0.0038,14.5,2
37(b),Q,I,0.2485,0.6059,10,2
37(b),Q,K,0.1635,2.038,9.5,2
37(b),Q,L,-0.03505,0.9283,14.5,2
37(b),Q,M,-0.9344,0.2086,11,2
37(b),Q,N,-0.8658,0.02585,12,2
37(b),Q,P,-10.83,0,8.5,2
37(b),Q,Q,0,0,,2
37(b),Q,R,-0.5865,0.109,15.5,2
37(b),Q,S,-4.345,0,8.5,2
37(b),Q,T,-6.316,0,13.5,2
37(b),Q,V,-0.6754,0.3075,14,2
37(b),Q,W,-1.281,0.5317,13.5,2
37(b),Q,Y,-1.829,0.168,16.5,2
38(a),V,-,-0.4404,0.6546,2,2
38(a),V,A,-1.27,0.0345,15,2
38(a),V,C,-0.06105,0.1964,7.5,2
38(a),V,D,-4.018,0,5.5,2
38(a),V,E,-2.059,0.0625,10.5,2
38(a),V,F,-3.623,0,8,2
38(a),V,G,-3.469,0,10,2
38(a),V,H,-2.926,0.089,11,2
38(a),V,I,0.1758,0.7629,7,2
38(a),V,K,-5.232,0,10.5,2
38(a),V,L,0.5713,0.2534,15.5,2
38(a),V,M,-0.3307,0.0286,17,2
38(a),V,N,-2.98,0.157,7,2
38(a),V,P,-3.196,0.157,10,2
38(a),V,Q,-2.663,0.3695,7,2
38(a),V,R,-4.78,0,9,2
38(a),V,S,-1.112,0,0.5,1
38(a),V,T,-2.409,0.139,6.5,2
38(a),V,V,0,0,,2
38(a),V,W,-9.288,0,11,2
38(a),V,Y,-1.591,1.55,9,2
38(b),Q,*,-8.117,0,16,2
38(b),Q,-,-1.083,0,3,1
38(b),Q,A,-2.042,0.0585,3,2
38(b),Q,C,-0.4652,0.9658,11,2
38(b),Q,D,-2.141,0.2175,8.5,2
38(b),Q,E,-1.339,0.1795,12,2
38(b),Q,F,-3.636,0,13.5,2
38(b),Q,G,-2.68,0.267,11,2
38(b),Q,H,-3.667,0,12.5,2
38(b),Q,I,0.1855,0.8118,16.5,2
38(b),Q,K,-3.414,0,11,2
38(b),Q,L,-0.5564,0.253,13,2
38(b),Q,M,-0.5512,0.3757,14.5,2
38(b),Q,N,-0.652,1.568,13.5,2
38(b),Q,P,-1.555,0.8841,15.5,2
38(b),Q,Q,0,0,,2
38(b),Q,R,-3.425,0,22.5,2
38(b),Q,S,-1.426,0.4634,11.5,2
38(b),Q,T,0.7961,0.551,16,2
38(b),Q,V,-0.5784,0.9305,11.5,2
38(b),Q,W,-4.98,0,7,2
38(b),Q,Y,-3.495,0,9.5,2
39(a),D,-,-0.3196,0.1849,2,2
39(a),D,A,-0.9164,0.2066,11,2
39(a),D,C,-1.422,0.5937,8.5,2
39(a),D,D,0,0,,2
39(a),D,E,-0.8536,0.6784,6.5,2
39(a),D,F,-1.327,0.0245,8.5,2
39(a),D,G,-0.9971,0.3489,11,2
39(a),D,H,0.1405,2.026,8.5,2
39(a),D,I,-2.587,0.461,10,2
39(a),D,K,-1.756,0.9258,8.5,2
39(a),D,L,-2.112,0.9045,9,2
39(a),D,M,-1.477,0.5206,11,2
39(a),D,N,-0.1455,0.3197,17.5,2
39(a),D,P,-2.965,0.4265,7,2
39(a),D,Q,-0.7311,0.9729,6.5,2
39(a),D,R,-0.7338,0.8062,9.5,2
39(a),D,S,-0.7852,1.155,6.5,2
39(a),D,T,-3.547,0,9,2
39(a),D,V,-2.074,0.492,10,2
39(a),D,W,-2.519,0.407,9,2
39(a),D,Y,-2.883,0.2145,11,2
39(b),D,-,-0.7322,0,3.5,1
39(b),D,A,-0.6875,0.4465,17.5,2
39(b),D,C,0.9905,0.3635,8,2
39(b),D,D,0,0,,2
39(b),D,E,-1.137,0.9338,12,2
39(b),D,F,0.2731,0.8549,9.5,2
39(b),D,G,-0.7886,1.479,11.5,2
39(b),D,H,-0.5173,1.442,14,2
39(b),D,I,-0.4965,2.434,11.5,2
39(b),D,K,-2.736,0.004,10.5,2
39(b),D,L,0.6464,1.244,12.5,2
39(b),D,M,-0.6586,0.4814,8.5,2
39(b),D,N,0.5466,0.1622,15,2
39(b),D,P,-4.267,0,11.5,2
39(b),D,Q,0.4079,0.3453,12,2
39(b),D,R,-2.703,0.222,5.5,2
39(b),D,S,0.9396,0.1484,12,2
39(b),D,T,-0.2088,0.3279,10,2
39(b),D,V,0.7568,0.7302,12,2
39(b),D,W,-0.8565,2.007,10.5,2
39(b),D,Y,-1.222,0.9697,13,2
4(T2A),E,-,1.338,0.19,3.5,2
4(T2A),E,A,1.111,1.298,1,2
4(T2A),E,D,1.417,1.629,4.5,2
4(T2A),E,E,0,0,,2
4(T2A),E,G,1.565,0,3,1
4(T2A),E,K,0.2148,0.3165,4,2
4(T2A),E,V,0.2294,0,0.5,1
4(a),G,*,-9.819,0,11.5,2
4(a),G,A,-0.02805,0.1281,12.5,2
4(a),G,C,-1.86,0.3785,7,2
4(a),G,D,-1.415,0.8738,8,2
4(a),G,E,-1.044,0.2632,12,2
4(a),G,F,-1.813,0.3045,11,2
4(a),G,G,0,0,,2
4(a),G,H,0.5962,0.9297,7,2
4(a),G,I,-1.543,0.3375,7.5,2
4(a),G,K,-1.334,1.492,7,2
4(a),G,L,-2.938,0.546,5.5,2
4(a),G,M,0.106,1.339,7.5,2
4(a),G,N,1.161,0.9774,8,2
4(a),G,P,-0.3583,0.2338,7.5,2
4(a),G,Q,-0.2483,0.6509,9,2
4(a),G,R,-0.3099,0.4711,16,2
4(a),G,S,0.7297,0.8773,9,2
4(a),G,T,-0.2437,0.00045,12,2
4(a),G,V,-0.9137,0.3473,15,2
4(a),G,W,-1.24,0.9723,10,2
4(a),G,Y,-0.6926,0.2217,9.5,2
4(b),E,*,-10.83,0,4,2
4(b),E,-,-0.8771,0.2748,3,2
4(b),E,A,-0.0435,1.471,12.5,2
4(b),E,C,-0.9912,0.3618,12.5,2
4(b),E,D,-0.2592,0.2648,13,2
4(b),E,E,0,0,,2
4(b),E,F,1.501,2.347,12.5,2
4(b),E,G,-0.714,0.0069,10,2
4(b),E,H,1.488,0.4475,11,2
4(b),E,I,-0.4102,0.5035,16.5,2
4(b),E,K,-0.195,0.3919,32,2
4(b),E,L,-0.4781,0.33,10.5,2
4(b),E,M,-0.1155,0.3007,13,2
4(b),E,N,-1.373,0.028,13,2
4(b),E,P,0.8225,1.788,10,2
4(b),E,Q,-0.2498,0.2723,17,2
4(b),E,R,0.2326,0.02935,9.5,2
4(b),E,S,-0.6212,0.07915,10,2
4(b),E,T,-0.00895,0.6619,10.5,2
4(b),E,V,0.1157,0.2569,10.5,2
4(b),E,W,-1.624,0.5815,9.5,2
4(b),E,Y,0.8337,0.6203,11,2
40(a),L,-,-0.4885,0.3975,2,2
40(a),L,A,-1.397,0.4134,6,2
40(a),L,C,-2.085,0.5535,4.5,2
40(a),L,D,-10.18,0,8.5,2
40(a),L,E,-6.5,0,14,2
40(a),L,F,0.1591,0.1856,10,2
40(a),L,G,-2.217,0.1915,7.5,2
40(a),L,H,-2.798,0.3035,7.5,2
40(a),L,I,-1.018,0.3316,9.5,2
40(a),L,K,-2.825,0.4735,7,2
40(a),L,L,0,0,,2
40(a),L,M,-1.074,0.5353,6.5,2
40(a),L,N,-3.09,0.0125,6,2
40(a),L,P,-1.696,0.169,17,2
40(a),L,Q,-2.836,0.1945,8,2
40(a),L,R,-4.083,0,8,2
40(a),L,S,-3.512,0,6,2
40(a),L,T,-2.502,0.6325,6.5,2
40(a),L,V,-1.482,0.7739,8,2
40(a),L,W,-15.92,0,5,2
40(a),L,Y,-9.95,0,8.5,2
40(b),V,-,-3.215,1.293,5,2
40(b),V,A,-2.173,0.141,14.5,2
40(b),V,C,-0.5785,1.825,8.5,2
40(b),V,D,-5.524,0,6.5,2
40(b),V,E,-7.752,0,12.5,2
40(b),V,F,0.5609,1.213,15.5,2
40(b),V,G,-4.083,0,13.5,2
40(b),V,H,-3.271,0,13,2
40(b),V,I,-0.9203,0.2667,11,2
40(b),V,K,-2.928,0.2795,6.5,2
40(b),V,L,-1.194,1.688,13.5,2
40(b),V,M,-1.697,0.462,22.5,2
40(b),V,N,-3.7,0,8,2
40(b),V,P,-8.355,0,12,2
40(b),V,Q,-4.579,0,8.5,2
40(b),V,R,-3.242,0.031,12,2
40(b),V,S,-3.229,0,11,2
40(b),V,T,-1.611,0.2715,13,2
40(b),V,V,0,0,,2
40(b),V,W,0.1028,0.7643,12.5,2
40(b),V,Y,-2.575,0.5315,9,2
41(a),Q,*,-12.32,0,8,2
41(a),Q,-,-1.459,1.009,2.5,2
41(a),Q,A,0.7311,0.2366,9,2
41(a),Q,C,-2.444,0.2595,6,2
41(a),Q,D,-2.728,0.1185,7,2
41(a),Q,E,-1.784,0.6375,9,2
41(a),Q,F,-1.748,0.0825,10,2
41(a),Q,G,-0.2352,0.3561,11.5,2
41(a),Q,H,-1.202,0.9236,15,2
41(a),Q,I,0.8038,0.2732,7,2
41(a),Q,K,-0.2808,0.9603,11.5,2
41(a),Q,L,0.2715,0.124,7.5,2
41(a),Q,M,-0.604,0.4809,3.5,2
41(a),Q,N,-12.53,0,9,2
41(a),Q,P,0.798,1.157,12,2
41(a),Q,Q,0,0,,2
41(a),Q,R,-0.036,0.7375,19.5,2
41(a),Q,S,2.043,2.324,6.5,2
41(a),Q,T,-0.338,0.3457,10,2
41(a),Q,V,-1.167,0.8563,9,2
41(a),Q,W,-1.895,0.6015,9,2
41(a),Q,Y,-1.596,0.052,8.5,2
41(b),H,-,-1.791,1.375,4.5,2
41(b),H,A,-3.063,0.334,8,2
41(b),H,C,-2.415,0.283,14,2
41(b),H,D,-7.921,0,9.5,2
41(b),H,E,-3.121,0.047,13.5,2
41(b),H,F,-2.033,0.4185,8.5,2
41(b),H,G,-3.404,0,13.5,2
41(b),H,H,0,0,,2
41(b),H,I,-2.048,0.8665,9.5,2
41(b),H,K,-3.406,0,8,2
41(b),H,L,-2.583,0.5315,10.5,2
41(b),H,M,-1.539,0.6599,7,2
41(b),H,N,-1.624,1.44,7,2
41(b),H,P,-12.57,0,9,2
41(b),H,Q,-2.652,0.21,15,2
41(b),H,R,-3.437,0,10,2
41(b),H,S,0.23,2.123,5.5,2
41(b),H,T,-2.132,0.066,9.5,2
41(b),H,V,-1.437,0.5654,12,2
41(b),H,W,-2.346,0.3915,12,2
41(b),H,Y,-1.959,0.032,30,2
42(a),K,*,-4.168,0,1,2
42(a),K,-,-1.35,0.9395,3,2
42(a),K,A,-2.149,0.5635,8,2
42(a),K,C,-3.289,0,7.5,2
42(a),K,D,-2.675,0.4745,8,2
42(a),K,E,-2.554,0.225,10,2
42(a),K,F,-2.058,0.772,16.5,2
42(a),K,G,-1.662,0.5995,6,2
42(a),K,H,-0.7086,0.7114,6,2
42(a),K,I,-1.171,0.7793,14.5,2
42(a),K,K,0,0,,2
42(a),K,L,-1.441,0.075,7,2
42(a),K,M,-0.4421,0.3228,11,2
42(a),K,N,-0.00215,0.498,12,2
42(a),K,P,-2.234,0.1375,13,2
42(a),K,Q,0.4007,0.5458,9,2
42(a),K,R,-0.353,1.687,7,2
42(a),K,S,-1.964,0.7125,7.5,2
42(a),K,T,-0.4084,1.311,10,2
42(a),K,V,-1.877,0.3155,8,2
42(a),K,W,-1.651,1.202,6,2
42(a),K,Y,-1.72,0.3035,10.5,2
42(b),Y,*,-6.579,0,2.5,2
42(b),Y,-,-1.024,0.6347,4,2
42(b),Y,A,-10.65,0,13.5,2
42(b),Y,C,-5.316,0,14.5,2
42(b),Y,D,-8.809,0,5,2
42(b),Y,E,-7.394,0,17,2
42(b),Y,F,-0.9638,0.4962,14.5,2
42(b),Y,G,-9.112,0,5.5,2
42(b),Y,H,-16.2,0,9,2
42(b),Y,I,-2.561,0.4735,14.5,2
42(b),Y,K,-9.092,0,6.5,2
42(b),Y,L,-0.306,1.394,11.5,2
42(b),Y,M,-2.425,0.1225,10.5,2
42(b),Y,N,-8.358,0,14.5,2
42(b),Y,P,-9.069,0,7.5,2
42(b),Y,Q,-7.351,0,6,2
42(b),Y,R,-7.254,0,9,2
42(b),Y,S,-10.93,0,8.5,2
42(b),Y,T,-11.18,0,12,2
42(b),Y,V,-4.497,0,11,2
42(b),Y,W,-2.364,0.5655,10.5,2
42(b),Y,Y,0,0,,2
43(a),S,-,-0.6188,0.2167,2.5,2
43(a),S,A,0.7648,0.3523,9,2
43(a),S,C,-2.58,0.283,9.5,2
43(a),S,D,-1.377,0.1295,7,2
43(a),S,E,-1.684,0.0955,6.5,2
43(a),S,F,1.339,3.084,9,2
43(a),S,G,-0.1237,0.03714,5.5,2
43(a),S,H,-3.313,0,4,2
43(a),S,I,-1.409,0.5823,8,2
43(a),S,K,-3.488,0,11.5,2
43(a),S,L,-1.696,0.3965,9.5,2
43(a),S,M,-0.661,0.608,5.5,2
43(a),S,N,-8.036,0,12,2
43(a),S,P,-1.664,0.7294,7,2
43(a),S,Q,-1.04,1.081,6,2
43(a),S,R,-3.195,0,8,2
43(a),S,S,0,0,,2
43(a),S,T,0.08955,0.1974,8.5,2
43(a),S,V,-0.3324,0.3981,5,2
43(a),S,W,-7.764,0,7,2
43(a),S,Y,-0.535,1.928,11,2
43(b),D,-,-2.837,0.555,5,2
43(b),D,A,-2.404,0.0655,10.5,2
43(b),D,C,-2.936,0.185,8,2
43(b),D,D,0,0,,2
43(b),D,E,-2.837,0.3015,13,2
43(b),D,F,-4.473,0,12,2
43(b),D,G,-4.589,0,20.5,2
43(b),D,H,-3.152,0.0875,16.5,2
43(b),D,I,-4.457,0,11.5,2
43(b),D,K,-4.981,0,9,2
43(b),D,L,-4.086,0,11,2
43(b),D,M,-4.492,0,9,2
43(b),D,N,-1.28,0.3039,14,2
43(b),D,P,-12.76,0,9,2
43(b),D,Q,-4.194,0,6.5,2
43(b),D,R,-4.207,0,10.5,2
43(b),D,S,-1.091,1.203,7,2
43(b),D,T,-3.036,0.307,11.5,2
43(b),D,V,-4.244,0,10.5,2
43(b),D,W,-4.47,0,8.5,2
43(b),D,Y,-4.059,0,12.5,2
44(a),E,*,-8.374,0,5.5,2
44(a),E,-,-0.2967,0.1437,2.5,2
44(a),E,A,-0.9767,0.8273,12,2
44(a),E,C,-2.163,0.0065,5.5,2
44(a),E,D,1.052,1.77,9.5,2
44(a),E,E,0,0,,2
44(a),E,F,-0.5119,0.9671,8.5,2
44(a),E,G,-1.383,0.265,18.5,2
44(a),E,H,-0.4645,0.3514,10,2
44(a),E,I,-0.4199,0.5119,6,2
44(a),E,K,-0.3671,0.1289,11.5,2
44(a),E,L,-1.408,0.2085,5,2
44(a),E,M,-1.232,1.697,7.5,2
44(a),E,N,0.2215,1.704,6,2
44(a),E,P,-4.045,0,8.5,2
44(a),E,Q,-0.7259,1.545,11,2
44(a),E,R,-0.4609,0.8091,7.5,2
44(a),E,S,0.0781,0.7869,7.5,2
44(a),E,T,0.0921,0.6367,8.5,2
44(a),E,V,-0.1721,0.4451,11,2
44(a),E,W,-0.5894,1.027,7,2
44(a),E,Y,-1.379,0.0825,10.5,2
44(b),S,-,-6.708,0,6.5,2
44(b),S,A,-3.476,0,7,2
44(b),S,C,-3.983,0,16,2
44(b),S,D,-4.05,0,10.5,2
44(b),S,E,-8.048,0,8,2
44(b),S,F,-3.669,0,12,2
44(b),S,G,-2.348,0.6135,18,2
44(b),S,H,-3.705,0,9,2
44(b),S,I,-4.417,0,13,2
44(b),S,K,-5.16,0,8,2
44(b),S,L,-4.406,0,9.5,2
44(b),S,M,-3.774,0,9.5,2
44(b),S,N,-3.263,0.064,17,2
44(b),S,P,-4.035,0,8.5,2
44(b),S,Q,-4.356,0,10,2
44(b),S,R,-4.588,0,17.5,2
44(b),S,S,0,0,,2
44(b),S,T,-2.392,0.466,13,2
44(b),S,V,-3.883,0,10.5,2
44(b),S,W,-3.723,0,7,2
44(b),S,Y,-3.104,0.2125,7.5,2
45(a),T,-,-1.458,0.3575,4,2
45(a),T,A,-0.2145,0.5403,15,2
45(a),T,C,-0.9344,0.8336,13.5,2
45(a),T,D,0.6297,0.6153,12,2
45(a),T,E,-2.913,0.067,7,2
45(a),T,F,-3.752,0,12.5,2
45(a),T,G,-1.174,0.7457,6,2
45(a),T,H,-3.768,0,6.5,2
45(a),T,I,-0.9657,0.0493,10.5,2
45(a),T,K,-3.252,0,12,2
45(a),T,L,-2.656,0.376,12,2
45(a),T,M,-0.4975,1.652,8.5,2
45(a),T,N,-1.316,0.4769,9.5,2
45(a),T,P,-0.3063,0.01825,16,2
45(a),T,Q,-3.279,0,7,2
45(a),T,R,-3.912,0,9,2
45(a),T,S,-0.8286,0.0035,9.5,2
45(a),T,T,0,0,,2
45(a),T,V,-1.87,0.734,9.5,2
45(a),T,W,-4.203,0,12,2
45(a),T,Y,-3.758,0,7.5,2
45(b),D,*,0.1193,0,0.5,1
45(b),D,-,-0.286,0.07305,5,2
45(b),D,A,-0.2224,0.431,10,2
45(b),D,C,-0.647,0.583,12,2
45(b),D,D,0,0,,2
45(b),D,E,0.6619,0.1067,12,2
45(b),D,F,0.3925,0.4768,13.5,2
45(b),D,G,-1.166,0.4667,16,2
45(b),D,H,-0.8642,1.174,10,2
45(b),D,I,-0.2863,1.089,5.5,2
45(b),D,K,0.3939,0.139,9.5,2
45(b),D,L,-1.366,0.7395,11,2
45(b),D,M,-0.3908,0.3123,8.5,2
45(b),D,N,0.6938,1.283,16,2
45(b),D,P,-4.719,0,10,2
45(b),D,Q,-0.1717,0.9103,11.5,2
45(b),D,R,-0.6609,0.6161,11.5,2
45(b),D,S,0.4855,1.95,11.5,2
45(b),D,T,-1.409,0.2085,10.5,2
45(b),D,V,-0.5066,0.4489,13.5,2
45(b),D,W,-0.4905,0.9635,15,2
45(b),D,Y,-1.047,0.3927,10.5,2
46(a),I,-,-1.446,0.127,3.5,2
46(a),I,A,-1.666,1.123,7.5,2
46(a),I,C,0.5045,0.5415,11.5,2
46(a),I,D,-0.3892,1.243,15.5,2
46(a),I,E,1.261,0.3677,3.5,2
46(a),I,F,-0.579,0.1281,7.5,2
46(a),I,G,-1.7,0.4615,11,2
46(a),I,H,0.5861,0.4609,8,2
46(a),I,I,0,0,,2
46(a),I,K,0.9397,0.2563,8,2
46(a),I,L,-1.326,0.6504,8,2
46(a),I,M,0.5554,0.1238,8.5,2
46(a),I,N,0.4446,0.2876,8,2
46(a),I,P,-3.102,0.075,6.5,2
46(a),I,Q,-0.8639,0.01625,7,2
46(a),I,R,-0.1062,0.617,10,2
46(a),I,S,0.2435,0.6783,7,2
46(a),I,T,-0.06515,0.6174,8,2
46(a),I,V,-0.1455,0.2591,18,2
46(a),I,W,-0.9934,0.6706,7,2
46(a),I,Y,0.00237,0.03339,10.5,2
46(b),V,-,-0.7479,0.2461,6,2
46(b),V,A,-0.2278,0.01145,9,2
46(b),V,C,-0.7047,0.28,16,2
46(b),V,D,-0.8697,0.5843,6.5,2
46(b),V,E,-0.6568,1.031,11,2
46(b),V,F,-1.152,0.2072,13,2
46(b),V,G,-1.996,0.4555,10.5,2
46(b),V,H,-1.006,0.215,7,2
46(b),V,I,0.1192,0.7318,15,2
46(b),V,K,-0.9114,0.7466,7,2
46(b),V,L,-0.6782,0.6588,16,2
46(b),V,M,-1.005,0.2365,21,2
46(b),V,N,-1.182,0.6933,14.5,2
46(b),V,P,-2.123,0.5965,9,2
46(b),V,Q,-0.1229,0.6974,7.5,2
46(b),V,R,-0.4262,0.3475,11.5,2
46(b),V,S,-1.696,0.8945,11,2
46(b),V,T,0.4077,0.5521,6.5,2
46(b),V,V,0,0,,2
46(b),V,W,-0.107,1.115,13.5,2
46(b),V,Y,-0.5796,0.03705,12.5,2
47(a),W,*,-9.139,0,13.5,2
47(a),W,-,-1.501,0.5137,3.5,2
47(a),W,A,-1.631,0.3935,4,2
47(a),W,C,-1.066,0.4122,8.5,2
47(a),W,D,-2.553,0.4115,7,2
47(a),W,E,-2.41,0.6295,5.5,2
47(a),W,F,0.3127,0.9423,7.5,2
47(a),W,G,-2.468,0.5535,5,2
47(a),W,H,-2.966,0.2755,8.5,2
47(a),W,I,-2.518,0.051,6,2
47(a),W,K,-3.625,0,8.5,2
47(a),W,L,-2.188,0.478,12.5,2
47(a),W,M,0.1601,0.1855,10,2
47(a),W,N,-2.604,0.303,8,2
47(a),W,P,-1.261,0.9437,6.5,2
47(a),W,Q,-1.851,0.711,7.5,2
47(a),W,R,-2.811,0.292,10.5,2
47(a),W,S,-2.244,0.4225,9.5,2
47(a),W,T,-1.144,0.2867,4.5,2
47(a),W,V,-0.45,0.8929,7.5,2
47(a),W,W,0,0,,2
47(a),W,Y,-0.7073,1.164,4.5,2
47(b),G,-,-1.163,0.2027,5.5,2
47(b),G,A,-1.133,0.8346,9,2
47(b),G,C,-3.032,0.0555,12,2
47(b),G,D,-1.383,0.8599,13,2
47(b),G,E,-1.231,0.9279,12.5,2
47(b),G,F,-3.234,0.1235,11.5,2
47(b),G,G,0,0,,2
47(b),G,H,-1.346,0.223,12.5,2
47(b),G,I,-4.771,0,5.5,2
47(b),G,K,-2.321,0.4445,14.5,2
47(b),G,L,-2.415,0.7045,10.5,2
47(b),G,M,-2.272,0.7295,10,2
47(b),G,N,-0.933,0.635,11,2
47(b),G,P,-4.618,0,7.5,2
47(b),G,Q,-1.535,0.1195,12,2
47(b),G,R,-2.851,0.2535,12,2
47(b),G,S,-1.607,0.162,24,2
47(b),G,T,-3.228,0,10.5,2
47(b),G,V,-4.679,0,16,2
47(b),G,W,-3.463,0,6.5,2
47(b),G,Y,-3.221,0.022,8,2
48(a),R,-,-1.577,1.161,3.5,2
48(a),R,A,-0.8193,0.3578,6,2
48(a),R,C,-1.582,0.3465,7,2
48(a),R,D,-0.753,1.991,6,2
48(a),R,E,-2.262,0.26,8.5,2
48(a),R,F,-1.405,0.5648,13.5,2
48(a),R,G,0.08754,0.06467,6,2
48(a),R,H,-0.9795,0.2625,12,2
48(a),R,I,-1.783,0.6095,9,2
48(a),R,K,1.954,0.349,6,2
48(a),R,L,-1.451,0.239,7.5,2
48(a),R,M,-0.3713,0.1209,10,2
48(a),R,N,-0.6708,0.1402,8,2
48(a),R,P,-2.821,0.1935,6.5,2
48(a),R,Q,-0.7277,0.3273,15.5,2
48(a),R,R,0,0,,2
48(a),R,S,-1.028,1.337,8.5,2
48(a),R,T,-1.801,0.141,6.5,2
48(a),R,V,-0.1565,1.236,6.5,2
48(a),R,W,-1.121,0.2747,29.5,2
48(a),R,Y,-0.8044,0.5016,6,2
48(b),H,-,-1.875,1.229,6,2
48(b),H,A,0.3678,0.4963,11,2
48(b),H,C,0.0384,0.268,13,2
48(b),H,D,0.2137,0.9403,10.5,2
48(b),H,E,-0.9152,0.5078,12.5,2
48(b),H,F,0.7088,0.2543,11,2
48(b),H,G,1.357,1.355,7.5,2
48(b),H,H,0,0,,2
48(b),H,I,-1.127,0.9011,12,2
48(b),H,K,1.464,1.683,11.5,2
48(b),H,L,0.8133,0.1502,9.5,2
48(b),H,M,-0.00295,0.1991,15.5,2
48(b),H,N,-0.5787,0.3797,11.5,2
48(b),H,P,-8.369,0,18,2
48(b),H,Q,0.4485,2.151,8.5,2
48(b),H,R,-0.6633,0.9976,18,2
48(b),H,S,0.8299,0.4571,10,2
48(b),H,T,-0.114,0.5781,7,2
48(b),H,V,1.364,0.602,12,2
48(b),H,W,-1.163,0.5133,15.5,2
48(b),H,Y,1.08,0.336,13.5,2
49(a),L,*,-8.333,0,0.5,1
49(a),L,-,-0.2381,0.2909,2.5,2
49(a),L,A,-1.751,0.747,8,2
49(a),L,C,-1.326,0.22,7.5,2
49(a),L,D,-0.09927,0.1577,8.5,2
49(a),L,E,-1.047,0.7333,7.5,2
49(a),L,F,-2.699,0.2105,7,2
49(a),L,G,-3.22,0,10,2
49(a),L,H,-1.925,0.5745,10.5,2
49(a),L,I,0.5938,1.335,10,2
49(a),L,K,0.9261,0.2759,4.5,2
49(a),L,L,0,0,,2
49(a),L,M,0.4617,0.2308,7.5,2
49(a),L,N,-0.8333,0.1547,11.5,2
49(a),L,P,-3.76,0,12.5,2
49(a),L,Q,-1.08,0.6484,10,2
49(a),L,R,-0.05045,0.8861,6.5,2
49(a),L,S,-0.7196,0.1079,8,2
49(a),L,T,0.4699,0.1401,7,2
49(a),L,V,0.9576,1.932,4.5,2
49(a),L,W,-2.916,0.245,11,2
49(a),L,Y,-3.151,0.251,8,2
49(b),Y,*,-8.36,0,1,1
49(b),Y,-,-0.8043,0.1666,4.5,2
49(b),Y,A,-3.402,0,10,2
49(b),Y,C,-4.379,0,18.5,2
49(b),Y,D,-8.638,0,7,2
49(b),Y,E,-7.994,0,9,2
49(b),Y,F,0.8677,0.7323,10,2
49(b),Y,G,-8.418,0,10.5,2
49(b),Y,H,-3.444,0,13,2
49(b),Y,I,-4.421,0,8,2
49(b),Y,K,-9.253,0,7.5,2
49(b),Y,L,-3.905,0,9.5,2
49(b),Y,M,-1.957,0.009,10.5,2
49(b),Y,N,-5.101,0,10.5,2
49(b),Y,P,-5.495,0,10,2
49(b),Y,Q,-10.14,0,7,2
49(b),Y,R,-7.905,0,7,2
49(b),Y,S,-5.692,0,15.5,2
49(b),Y,T,-5.47,0,8.5,2
49(b),Y,V,-3.847,0,7,2
49(b),Y,W,2.188,0.0115,14.5,2
49(b),Y,Y,0,0,,2
5(T2A),G,-,0.2437,0.2891,3.5,2
5(T2A),G,C,-5.311,0,3,1
5(T2A),G,D,-0.56,0.666,10,2
5(T2A),G,G,0,0,,2
5(T2A),G,R,-2.231,0,0.5,1
5(T2A),G,S,-3.631,0,4.5,2
5(a),H,*,-11.04,0,10.5,2
5(a),H,-,-1.635,0.2095,1,2
5(a),H,A,-0.7336,0.1948,7.5,2
5(a),H,C,0.1466,0.5427,4,2
5(a),H,D,-0.7369,0.2244,7.5,2
5(a),H,E,1.806,0.434,9,2
5(a),H,F,0.0736,0.9824,9.5,2
5(a),H,G,-1.33,0.7424,5.5,2
5(a),H,H,0,0,,2
5(a),H,I,0.458,1.808,6.5,2
5(a),H,K,-0.7814,0.9756,8.5,2
5(a),H,L,-0.4666,0.4391,12.5,2
5(a),H,M,-0.3769,0.7782,5,2
5(a),H,N,-0.9022,1.335,4.5,2
5(a),H,P,-0.9783,0.3787,8.5,2
5(a),H,Q,-0.7664,1.008,8,2
5(a),H,R,-0.2772,0.06205,20.5,2
5(a),H,S,0.4419,0.0294,8,2
5(a),H,T,-0.2914,0.4122,7,2
5(a),H,V,-1.736,0.373,11,2
5(a),H,W,-1.832,0.644,8.5,2
5(a),H,Y,-1.145,0.3077,16,2
5(b),T,-,-0.5832,0.2427,2.5,2
5(b),T,A,-0.2615,0.3322,15.5,2
5(b),T,C,-1.369,0.2375,12,2
5(b),T,D,0.8732,0.1677,8.5,2
5(b),T,E,-1.464,1.208,7,2
5(b),T,F,-0.677,0.502,11,2
5(b),T,G,0.5587,0.6844,9.5,2
5(b),T,H,-0.9603,0.5466,9.5,2
5(b),T,I,0.303,0.06795,16,2
5(b),T,K,-0.8153,0.6837,6,2
5(b),T,L,-0.7015,0.4365,14,2
5(b),T,M,-1.352,1.229,6.5,2
5(b),T,N,-1.366,0.7606,9,2
5(b),T,P,-0.019,1.667,11,2
5(b),T,Q,0.8022,0.0096,11,2
5(b),T,R,-0.3643,0.4218,14.5,2
5(b),T,S,0.07835,0.3185,13,2
5(b),T,T,0,0,,2
5(b),T,V,1.264,0.1235,9.5,2
5(b),T,W,1.426,1.291,9.5,2
5(b),T,Y,-0.9512,0.7599,4.5,2
50(a),P,-,-2.646,0.573,3.5,2
50(a),P,A,0.9838,1.278,6,2
50(a),P,C,-0.718,0.8849,5.5,2
50(a),P,D,-0.2628,0.3585,11.5,2
50(a),P,E,-2.046,0.8875,6,2
50(a),P,F,-1.775,0.725,6.5,2
50(a),P,G,-0.4274,0.7647,10,2
50(a),P,H,-0.52,0.621,8,2
50(a),P,I,-1.836,0.0555,10,2
50(a),P,K,-0.6708,0.08565,8.5,2
50(a),P,L,-0.9675,0.6355,13.5,2
50(a),P,M,0.264,1.522,9.5,2
50(a),P,N,-0.2956,0.6717,5.5,2
50(a),P,P,0,0,,2
50(a),P,Q,-2.718,0,0.5,1
50(a),P,R,-1.494,0.361,7,2
50(a),P,S,-1.514,0.2385,24.5,2
50(a),P,T,-1.582,0.581,9.5,2
50(a),P,V,-0.9006,0.8054,8,2
50(a),P,W,-2.384,0.1875,6,2
50(a),P,Y,-0.9749,0.4871,7.5,2
50(b),V,-,-0.2602,0.3459,3.5,2
50(b),V,A,-2.072,0.243,11,2
50(b),V,C,-0.035,1.932,10.5,2
50(b),V,D,-3.295,0,8,2
50(b),V,E,-0.9423,0.4977,9,2
50(b),V,F,-1.71,0.9514,11,2
50(b),V,G,-4.072,0,8,2
50(b),V,H,-2.303,0.4035,7,2
50(b),V,I,-0.2197,0.4506,9,2
50(b),V,K,-1.154,0.9617,9,2
50(b),V,L,-0.9927,0.7613,21,2
50(b),V,M,-0.7733,0.5587,20.5,2
50(b),V,N,-1.836,0.8484,10.5,2
50(b),V,P,-8.398,0,9.5,2
50(b),V,Q,-0.3591,0.3291,9.5,2
50(b),V,R,-1.347,0.5302,6.5,2
50(b),V,S,0.06665,1.04,10.5,2
50(b),V,T,1.716,2.771,11,2
50(b),V,V,0,0,,2
50(b),V,W,-3.072,0.0855,10.5,2
50(b),V,Y,-1.699,0.8432,14.5,2
51(a),I,-,-0.8645,0.9565,3.5,2
51(a),I,A,0.401,0.3556,8,2
51(a),I,C,-0.8021,0.1678,9.5,2
51(a),I,D,-1.839,0.373,6,2
51(a),I,E,1.041,0.3748,9,2
51(a),I,F,-0.958,1.087,15,2
51(a),I,G,-1.192,0.1755,9.5,2
51(a),I,H,0.4243,0.4852,5.5,2
51(a),I,I,0,0,,2
51(a),I,K,0.00035,0.8878,9,2
51(a),I,L,-0.619,0.2107,12,2
51(a),I,M,0.4067,1.237,7.5,2
51(a),I,N,1.183,0.347,10.5,2
51(a),I,P,0.831,2.349,8.5,2
51(a),I,Q,-1.383,0.9342,7.5,2
51(a),I,R,-0.1365,1.438,10,2
51(a),I,S,0.7371,0.7699,12,2
51(a),I,T,-0.1849,0.01895,11.5,2
51(a),I,V,-0.05572,0.09248,16,2
51(a),I,W,-0.0974,0.8108,7.5,2
51(a),I,Y,1.108,0.2776,8,2
51(b),A,-,-0.6129,0.1692,4,2
51(b),A,A,0,0,,2
51(b),A,C,-2.53,0.5835,11.5,2
51(b),A,D,-2.846,0.25,15.5,2
51(b),A,E,-2.339,0.198,9.5,2
51(b),A,F,-0.5565,0.06735,6,2
51(b),A,G,-0.7453,0.05345,12.5,2
51(b),A,H,-1.056,0.4424,12,2
51(b),A,I,-2.864,0.2295,13.5,2
51(b),A,K,-3.136,0,7.5,2
51(b),A,L,-4.436,0,10.5,2
51(b),A,M,-3.147,0,9,2
51(b),A,N,-2.788,0.033,6.5,2
51(b),A,P,0.831,0.03075,6.5,2
51(b),A,Q,-2.481,0.3745,14,2
51(b),A,R,-4.123,0,9.5,2
51(b),A,S,-0.8935,0.3934,10,2
51(b),A,T,-2.994,0.2235,23,2
51(b),A,V,-2.854,0.2305,26,2
51(b),A,W,0.8197,0.4353,17,2
51(b),A,Y,0.3618,1.011,10,2
52(a),F,*,-10.23,0,0.5,1
52(a),F,-,-0.4321,0.2525,4.5,2
52(a),F,A,-1.48,0.5758,5.5,2
52(a),F,C,-2.242,0.2,7.5,2
52(a),F,D,-1.605,1.103,7.5,2
52(a),F,E,-2.393,0.047,8,2
52(a),F,F,0,0,,2
52(a),F,G,-2.726,0.3775,8.5,2
52(a),F,H,-2.339,0.6155,6.5,2
52(a),F,I,-2.296,0.2445,9.5,2
52(a),F,K,-2.327,0.15,10,2
52(a),F,L,-2.624,0.2965,12,2
52(a),F,M,-0.1786,0.0663,7.5,2
52(a),F,N,-1.217,1.052,6,2
52(a),F,P,-2.742,0.2925,5.5,2
52(a),F,Q,-2.646,0.0665,8,2
52(a),F,R,-2.143,0.6795,10.5,2
52(a),F,S,-1.982,0.0805,10.5,2
52(a),F,T,-0.8647,0.2194,6.5,2
52(a),F,V,-2.597,0.159,10.5,2
52(a),F,W,-0.7727,0.7013,13,2
52(a),F,Y,-1.383,0.026,15,2
52(b),D,-,0.015,0.07575,3.5,2
52(b),D,A,-3.465,0,15,2
52(b),D,C,-3.211,0,13.5,2
52(b),D,D,0,0,,2
52(b),D,E,-2.612,0.075,7.5,2
52(b),D,F,-3.861,0,13.5,2
52(b),D,G,-3.388,0,10.5,2
52(b),D,H,-3.654,0,11,2
52(b),D,I,-3.59,0,9,2
52(b),D,K,-3.89,0,8.5,2
52(b),D,L,-1.772,0.4135,10,2
52(b),D,M,-2.542,0.0415,14.5,2
52(b),D,N,-2.226,0.4075,34,2
52(b),D,P,-7.263,0,7.5,2
52(b),D,Q,-2.931,0.2565,5.5,2
52(b),D,R,-4.59,0,11.5,2
52(b),D,S,-2.873,0.1735,17,2
52(b),D,T,0.4644,0.205,8.5,2
52(b),D,V,-3.284,0.029,11.5,2
52(b),D,W,-4.534,0,14,2
52(b),D,Y,-3.792,0,17,2
53(a),T,-,-2.994,0.601,4,2
53(a),T,A,-0.787,0.9691,13,2
53(a),T,C,-0.07265,0.2344,9,2
53(a),T,D,0.7563,1.215,9,2
53(a),T,E,-0.9188,0.2033,9,2
53(a),T,F,-2.152,0.3715,7.5,2
53(a),T,G,0.4464,1.091,7,2
53(a),T,H,2.034,0.1645,8.5,2
53(a),T,I,-1.324,0.4428,13.5,2
53(a),T,K,0.067,1.557,9,2
53(a),T,L,0.7117,0.7843,8,2
53(a),T,M,0.5456,0.3594,6,2
53(a),T,N,-1.014,0.86,9,2
53(a),T,P,-1.043,0.9398,12.5,2
53(a),T,Q,-1.047,0.9251,10,2
53(a),T,R,0.4898,0.5162,14.5,2
53(a),T,S,1.433,0.289,9,2
53(a),T,T,0,0,,2
53(a),T,V,-0.5255,0.5035,8,2
53(a),T,W,0.2084,0.5364,9.5,2
53(a),T,Y,-2.344,0.088,5,2
53(b),T,-,-0.2643,0.2544,3.5,2
53(b),T,A,-2.509,0.3245,23.5,2
53(b),T,C,-1.298,0.7313,11.5,2
53(b),T,D,0.9605,3.062,5.5,2
53(b),T,E,-2.877,0.098,9.5,2
53(b),T,F,-3.817,0,13.5,2
53(b),T,G,-2.394,0.587,13,2
53(b),T,H,1.748,1.93,14.5,2
53(b),T,I,-2.938,0.0885,22,2
53(b),T,K,-3.518,0,14,2
53(b),T,L,-3.236,0.123,11.5,2
53(b),T,M,-2.756,0.032,11.5,2
53(b),T,N,0.4575,1.313,11,2
53(b),T,P,-8.816,0,13.5,2
53(b),T,Q,-1.711,0.8762,11,2
53(b),T,R,-2.489,0.199,12,2
53(b),T,S,-0.344,0.3686,10,2
53(b),T,T,0,0,,2
53(b),T,V,-3.34,0,9.5,2
53(b),T,W,-3.621,0,10,2
53(b),T,Y,-3.402,0.0955,9.5,2
54(a),T,-,-0.6471,0.5789,3.5,2
54(a),T,A,0.3284,1.1,18.5,2
54(a),T,C,-1.11,1.077,5.5,2
54(a),T,D,0.051,1.14,4,2
54(a),T,E,-1.327,0.0925,8,2
54(a),T,F,-1.903,0.3605,7.5,2
54(a),T,G,-1.246,0.8799,9.5,2
54(a),T,H,-0.2435,1.083,9,2
54(a),T,I,-1.06,0.0395,15.5,2
54(a),T,K,1.373,0.355,10.5,2
54(a),T,L,-1.089,0.6546,12,2
54(a),T,M,-0.2671,0.5724,10.5,2
54(a),T,N,-2.617,1.381,5,2
54(a),T,P,-1.326,1.057,9.5,2
54(a),T,Q,1.072,0.4545,11.5,2
54(a),T,R,-0.4809,0.3389,5.5,2
54(a),T,S,1.731,1.197,11.5,2
54(a),T,T,0,0,,2
54(a),T,V,-1.056,1.483,8.5,2
54(a),T,W,-1.254,0.089,11,2
54(a),T,Y,-1.528,0.8857,6.5,2
54(b),E,*,-6.206,0,3.5,2
54(b),E,-,-1.038,0.4549,4.5,2
54(b),E,A,-0.4483,0.3756,13.5,2
54(b),E,C,-0.9747,0.1103,15.5,2
54(b),E,D,0.03496,0.06042,16.5,2
54(b),E,E,0,0,,2
54(b),E,F,-0.3153,0.6887,16,2
54(b),E,G,-1.305,0.025,20,2
54(b),E,H,0.9124,0.4136,8,2
54(b),E,I,-0.4716,0.091,19,2
54(b),E,K,-0.746,1.106,15.5,2
54(b),E,L,0.2173,0.8267,7,2
54(b),E,M,-1.038,0.054,12,2
54(b),E,N,-0.5371,0.0985,14,2
54(b),E,P,-0.65,0.463,13,2
54(b),E,Q,0.7178,0.4932,11,2
54(b),E,R,0.3444,0.8006,14,2
54(b),E,S,-1.023,0.1881,16.5,2
54(b),E,T,-0.2215,1.393,14.5,2
54(b),E,V,0.648,0.2522,10,2
54(b),E,W,-0.7454,0.3046,12.5,2
54(b),E,Y,-0.9949,0.01215,12,2
55(a),F,-,-1.367,0.1175,2.5,2
55(a),F,A,-1.08,0.8272,12,2
55(a),F,C,0.3083,0.3567,9.5,2
55(a),F,D,-1.415,0.0545,8,2
55(a),F,E,-0.5123,0.3861,7,2
55(a),F,F,0,0,,2
55(a),F,G,-2.33,0.26,11,2
55(a),F,H,1.771,0.9406,10,2
55(a),F,I,-0.00795,0.7543,10.5,2
55(a),F,K,-0.2266,0.1001,8.5,2
55(a),F,L,-0.6877,0.1044,13,2
55(a),F,M,0.3837,0.8414,7,2
55(a),F,N,0.4175,0.5703,5.5,2
55(a),F,P,-2.109,1.177,3.5,2
55(a),F,Q,-0.2444,0.07715,12,2
55(a),F,R,3.429,0.0505,8.5,2
55(a),F,S,0.02479,0.02921,12.5,2
55(a),F,T,-1.504,0.6552,7,2
55(a),F,V,0.1016,0.8953,10.5,2
55(a),F,W,-0.9058,0.7581,9,2
55(a),F,Y,0.7021,1.678,10,2
55(b),L,-,-2.65,1.017,5,2
55(b),L,A,-1.391,0.361,11,2
55(b),L,C,-1.068,1.188,13.5,2
55(b),L,D,-0.3709,0.8031,17.5,2
55(b),L,E,-0.8563,0.4838,9,2
55(b),L,F,0.6053,0.4277,13,2
55(b),L,G,-0.9793,0.6067,10,2
55(b),L,H,0.8755,0.9635,15,2
55(b),L,I,-1.317,0.7431,9,2
55(b),L,K,-0.5036,0.1296,14,2
55(b),L,L,0,0,,2
55(b),L,M,-0.2972,0.5431,16,2
55(b),L,N,-1.192,0.3929,13.5,2
55(b),L,P,-2.221,0.191,12,2
55(b),L,Q,-0.7194,0.0909,16,2
55(b),L,R,-0.3172,0.9268,8,2
55(b),L,S,-1.541,0.292,9.5,2
55(b),L,T,-1.756,0.4365,7.5,2
55(b),L,V,-0.679,0.2007,12.5,2
55(b),L,W,-1.375,0.3045,9.5,2
55(b),L,Y,1.677,0.3285,16.5,2
56(a),T,-,-0.9569,0.1151,3,2
56(a),T,A,0.8046,0.8474,11.5,2
56(a),T,C,-0.631,1.178,8,2
56(a),T,D,-3.146,0.0235,8.5,2
56(a),T,E,-2.926,0.1145,4,2
56(a),T,F,-1.276,1.05,4.5,2
56(a),T,G,-1.6,0.6838,10,2
56(a),T,H,-2.296,0.559,2,2
56(a),T,I,-1.007,0.5034,15,2
56(a),T,K,-2.457,0.741,5.5,2
56(a),T,L,-0.9044,0.6425,11,2
56(a),T,M,-2.01,0.936,4.5,2
56(a),T,N,-2.771,0.3115,9,2
56(a),T,P,-1.388,0.9093,13,2
56(a),T,Q,-2.428,0.581,12.5,2
56(a),T,R,-3.365,0,6.5,2
56(a),T,S,0.8673,1.218,9.5,2
56(a),T,T,0,0,,2
56(a),T,V,-0.6141,0.2286,10,2
56(a),T,W,-1.361,1.039,6.5,2
56(a),T,Y,-3.056,0.078,9,2
56(b),G,-,-1.45,0.2295,4.5,2
56(b),G,A,-2.555,0.212,11.5,2
56(b),G,C,-3.293,0.028,18.5,2
56(b),G,D,-11.77,0,35,2
56(b),G,E,-9.931,0,10.5,2
56(b),G,F,-4.024,0,10,2
56(b),G,G,0,0,,2
56(b),G,H,-5.646,0,16.5,2
56(b),G,I,-6.885,0,17.5,2
56(b),G,K,-6.611,0,12.5,2
56(b),G,L,-4.005,0,21.5,2
56(b),G,M,-2.896,0.0355,12.5,2
56(b),G,N,-4.62,0,13.5,2
56(b),G,P,-8.084,0,7,2
56(b),G,Q,-5.551,0,7.5,2
56(b),G,R,-3.548,0,16.5,2
56(b),G,S,-3.027,0.1505,17,2
56(b),G,T,-3.894,0,13,2
56(b),G,V,-4.854,0,18,2
56(b),G,W,-4.286,0,11.5,2
56(b),G,Y,-4.199,0,15,2
57(a),S,-,-1.284,0.003,3.5,2
57(a),S,A,0.0496,0.5156,8,2
57(a),S,C,-1.591,0.6868,12,2
57(a),S,D,-0.6942,1.099,6,2
57(a),S,E,1.224,1.428,6.5,2
57(a),S,F,-0.9972,0.2528,15,2
57(a),S,G,1.101,2.444,11,2
57(a),S,H,0.2841,0.7449,9.5,2
57(a),S,I,-0.2125,1.196,11,2
57(a),S,K,-1.554,0.6568,6,2
57(a),S,L,-0.9893,1.924,7,2
57(a),S,M,1.339,1.409,12,2
57(a),S,N,-1.087,0.07,13.5,2
57(a),S,P,-3.095,0.205,3.5,2
57(a),S,Q,-0.8751,0.0946,11.5,2
57(a),S,R,-0.291,0.5806,22,2
57(a),S,S,0,0,,2
57(a),S,T,0.2014,0.4015,7.5,2
57(a),S,V,0.023,1.111,10,2
57(a),S,W,-0.8195,0.1825,8,2
57(a),S,Y,-0.744,0.371,5.5,2
57(b),K,*,-5.445,0,2,2
57(b),K,-,-0.4763,0.1864,4,2
57(b),K,A,-0.9726,0.9104,10,2
57(b),K,C,-1.728,0.375,14.5,2
57(b),K,D,-1.478,0.0555,13.5,2
57(b),K,E,-0.9957,0.8053,11,2
57(b),K,F,-1.749,0.7914,14,2
57(b),K,G,-1.753,0.0315,13.5,2
57(b),K,H,-0.5521,0.04945,13,2
57(b),K,I,0.9075,0.6955,12.5,2
57(b),K,K,0,0,,2
57(b),K,L,-0.5067,0.6153,10,2
57(b),K,M,0.6288,0.6382,13,2
57(b),K,N,-1.172,0.5516,9.5,2
57(b),K,P,-5.236,0,11,2
57(b),K,Q,0.08969,0.0187,15.5,2
57(b),K,R,-0.3197,0.2291,18,2
57(b),K,S,-1.886,0.086,10,2
57(b),K,T,0.84,0.751,16,2
57(b),K,V,-1.031,0.8893,11.5,2
57(b),K,W,-0.6753,1.596,14.5,2
57(b),K,Y,-0.6879,0.3991,14,2
58(a),F,-,-1.144,0.4304,3.5,2
58(a),F,A,-3.86,0,5,2
58(a),F,C,-3.748,0,8,2
58(a),F,D,-4.171,0,12,2
58(a),F,E,-4.032,0,7,2
58(a),F,F,0,0,,2
58(a),F,G,-2.973,0.555,4,2
58(a),F,H,-3.558,0,8.5,2
58(a),F,I,-2.55,0.5485,10.5,2
58(a),F,K,-4.583,0,11,2
58(a),F,L,-3.053,0.137,12.5,2
58(a),F,M,-1.677,0.279,8.5,2
58(a),F,N,-3.05,0.3115,6,2
58(a),F,P,-3.815,0,8.5,2
58(a),F,Q,-3.998,0,8.5,2
58(a),F,R,-4.58,0,7,2
58(a),F,S,-3.756,0,10,2
58(a),F,T,-3.756,0,6.5,2
58(a),F,V,-3.336,0,10.5,2
58(a),F,W,-2.795,0.4195,7,2
58(a),F,Y,-1.049,0.2639,7.5,2
58(b),P,-,-2.425,0.9645,4,2
58(b),P,A,-0.6254,0.9596,7,2
58(b),P,C,0.5589,0.6321,9.5,2
58(b),P,D,-0.8692,0.2999,11,2
58(b),P,E,-0.6886,1.503,8,2
58(b),P,F,-0.2681,0.4659,12.5,2
58(b),P,G,-2.173,0.074,9,2
58(b),P,H,-0.3726,0.095,11.5,2
58(b),P,I,0.9191,0.4969,12.5,2
58(b),P,K,-0.2702,0.3856,14,2
58(b),P,L,0.6203,0.6187,10.5,2
58(b),P,M,-0.4945,1.016,10,2
58(b),P,N,-1.072,0.6669,12,2
58(b),P,P,0,0,,2
58(b),P,Q,-0.5649,0.8381,10,2
58(b),P,R,1.717,0.366,8,2
58(b),P,S,-0.1755,1.458,18,2
58(b),P,T,-0.6655,0.02725,14.5,2
58(b),P,V,1.496,0.2965,10,2
58(b),P,W,-1.174,0.1769,11,2
58(b),P,Y,1.456,1.805,10.5,2
59(a),E,*,-6.378,0,5,2
59(a),E,-,-1.321,0.0495,3.5,2
59(a),E,A,-1.933,0.0035,10.5,2
59(a),E,C,-2.846,0.313,9.5,2
59(a),E,D,0.4324,0.024,15,2
59(a),E,E,0,0,,2
59(a),E,F,-2.369,0.525,13,2
59(a),E,G,-1.336,0.0025,15.5,2
59(a),E,H,-1.707,1.016,7.5,2
59(a),E,I,-1.864,0.319,13,2
59(a),E,K,-2.707,0.4155,26,2
59(a),E,L,-2.004,0.257,5.5,2
59(a),E,M,0.453,2.49,9.5,2
59(a),E,N,-2.167,0.1615,13,2
59(a),E,P,-1.675,0.2035,5,2
59(a),E,Q,-1.749,0.2635,6,2
59(a),E,R,-3.252,0.0605,5.5,2
59(a),E,S,-2.257,0.126,11,2
59(a),E,T,-2.59,0.118,11,2
59(a),E,V,-2.107,0.0725,9.5,2
59(a),E,W,-2.685,0.307,9,2
59(a),E,Y,-2.16,0.153,11.5,2
59(b),D,-,-2.482,0.8965,4,2
59(b),D,A,-2.846,0.299,9.5,2
59(b),D,C,-1.596,0.4565,10,2
59(b),D,D,0,0,,2
59(b),D,E,-2.227,0.278,7.5,2
59(b),D,F,-1.284,1.489,13.5,2
59(b),D,G,-2.723,0.1545,16.5,2
59(b),D,H,-2.737,0.085,12,2
59(b),D,I,-2.627,0.0845,7,2
59(b),D,K,-3.041,0.1545,6.5,2
59(b),D,L,-2.675,0.1505,7,2
59(b),D,M,-2.344,0.3465,10.5,2
59(b),D,N,-1.893,0.0265,28.5,2
59(b),D,P,-2.931,0.1295,9,2
59(b),D,Q,-2.32,0.353,6.5,2
59(b),D,R,-2.804,0.2925,9,2
59(b),D,S,-1.756,0.8847,6.5,2
59(b),D,T,-2.059,0.178,11.5,2
59(b),D,V,-2.097,0.778,13,2
59(b),D,W,-2.482,0.5655,14.5,2
59(b),D,Y,-1.738,0.348,12.5,2
6(T2A),R,-,0.1964,0.1017,3,2
6(T2A),R,L,-2.816,0.348,6,2
6(T2A),R,P,-3.236,0.2115,20,2
6(T2A),R,Q,-3.009,0.155,7,2
6(T2A),R,R,0,0,,2
6(T2A),R,W,-1.137,0.9541,5.5,2
6(a),V,*,-9.172,0,8.5,2
6(a),V,-,-1.833,0.008,1,2
6(a),V,A,-1.155,0.2119,6.5,2
6(a),V,C,-1.051,0.274,10,2
6(a),V,D,-1.877,0.6925,7.5,2
6(a),V,E,-1.994,0.0375,9,2
6(a),V,F,-1.794,0.5035,8.5,2
6(a),V,G,-2.139,0.124,6,2
6(a),V,H,-1.438,0.048,6,2
6(a),V,I,0.312,0.3069,8,2
6(a),V,K,-0.05435,0.5654,10.5,2
6(a),V,L,-0.9103,0.1227,10,2
6(a),V,M,-0.2139,0.4275,9,2
6(a),V,N,-1.298,0.0795,8,2
6(a),V,P,-1.5,1.29,4.5,2
6(a),V,Q,-0.5454,0.4666,7.5,2
6(a),V,R,-0.7076,0.8764,10,2
6(a),V,S,-1.19,0.161,6,2
6(a),V,T,1.353,2.482,8,2
6(a),V,V,0,0,,2
6(a),V,W,-0.6223,0.0103,6,2
6(a),V,Y,-1.17,0.5514,7,2
6(b),K,*,-5.853,0,1,1
6(b),K,-,-0.3997,0.0828,2.5,2
6(b),K,A,-1.11,0.4505,8.5,2
6(b),K,C,0.807,0.648,9,2
6(b),K,D,-0.3566,0.6604,7,2
6(b),K,E,-0.7678,0.2288,17,2
6(b),K,F,0.6648,1.233,8,2
6(b),K,G,-0.5632,0.0683,11.5,2
6(b),K,H,0.2082,0.7653,8,2
6(b),K,I,0.6512,1.073,10,2
6(b),K,K,0,0,,2
6(b),K,L,0.1373,0.3384,13.5,2
6(b),K,M,-0.5353,0.00835,9,2
6(b),K,N,-0.8003,0.7157,15.5,2
6(b),K,P,-0.3697,0.0549,13.5,2
6(b),K,Q,-0.0311,0.6093,12.5,2
6(b),K,R,-0.1715,0.2956,19,2
6(b),K,S,-0.1283,0.6188,12.5,2
6(b),K,T,0.2438,0.377,10.5,2
6(b),K,V,0.1544,0.6333,10.5,2
6(b),K,W,-1.494,0.3465,8,2
6(b),K,Y,-0.8344,0.8116,14,2
60(a),A,-,-0.9721,0.4409,3.5,2
60(a),A,A,0,0,,2
60(a),A,C,0.9345,0.8175,10,2
60(a),A,D,0.416,1.658,9.5,2
60(a),A,E,0.6481,1.143,9.5,2
60(a),A,F,-2.825,0.1425,8.5,2
60(a),A,G,-0.6523,0.5037,12,2
60(a),A,H,-0.7233,0.8487,10.5,2
60(a),A,I,0.1965,1.309,11,2
60(a),A,K,-2.195,0.7655,11,2
60(a),A,L,-0.6816,0.7204,5.5,2
60(a),A,M,-0.4634,0.0179,12,2
60(a),A,N,0.8368,1.68,14,2
60(a),A,P,0.9243,1.076,6,2
60(a),A,Q,-0.5112,1.49,11,2
60(a),A,R,-0.7143,0.3246,9.5,2
60(a),A,S,0.1564,0.1417,7.5,2
60(a),A,T,-0.04505,0.09906,18.5,2
60(a),A,V,-0.451,0.6079,12,2
60(a),A,W,1.717,2.67,6,2
60(a),A,Y,-3.014,0.038,8.5,2
60(b),A,-,-0.8266,0.09605,3.5,2
60(b),A,A,0,0,,2
60(b),A,C,-2.1,0.531,10,2
60(b),A,D,-5.004,0,11.5,2
60(b),A,E,-1.798,0.3805,10.5,2
60(b),A,F,-4.884,0,12.5,2
60(b),A,G,-3.518,0,8.5,2
60(b),A,H,-4.771,0,13.5,2
60(b),A,I,-3.189,0.135,12.5,2
60(b),A,K,-3.444,0,6,2
60(b),A,L,-4.401,0,9,2
60(b),A,M,-0.103,1.436,11,2
60(b),A,N,-4.915,0,6.5,2
60(b),A,P,-6.134,0,16.5,2
60(b),A,Q,-2.003,0.0615,12.5,2
60(b),A,R,-2.094,0.1365,11,2
60(b),A,S,-1.684,0.46,14,2
60(b),A,T,-2.41,0.1765,11.5,2
60(b),A,V,-1.214,0.2929,31.5,2
60(b),A,W,-5.8,0,11,2
60(b),A,Y,-4.857,0,8.5,2
61(a),Q,*,-8.319,0,8.5,2
61(a),Q,-,-0.8976,0.6094,3,2
61(a),Q,A,-2.004,1.099,8.5,2
61(a),Q,C,-3.804,0,11.5,2
61(a),Q,D,-0.9384,0.3656,11,2
61(a),Q,E,-2.421,0.012,10,2
61(a),Q,F,0.5965,0.6315,10,2
61(a),Q,G,-1.201,0.9659,7.5,2
61(a),Q,H,-0.4699,0.00775,21,2
61(a),Q,I,0.2835,1.669,7.5,2
61(a),Q,K,-4.63,0,11.5,2
61(a),Q,L,-0.5357,0.2439,11,2
61(a),Q,M,-0.3839,0.2195,7,2
61(a),Q,N,-1.359,0.7072,10.5,2
61(a),Q,P,-1.287,0.079,16.5,2
61(a),Q,Q,0,0,,2
61(a),Q,R,-4.446,0,30,2
61(a),Q,S,-1.266,0.7813,8,2
61(a),Q,T,-2.26,0.1345,9.5,2
61(a),Q,V,-1.276,0.221,10,2
61(a),Q,W,-1.813,1.109,10,2
61(a),Q,Y,-1.204,1.215,9,2
61(b),D,-,0.0302,0.3421,3,2
61(b),D,A,0.5155,0.8034,11.5,2
61(b),D,C,-2.201,0.33,14,2
61(b),D,D,0,0,,2
61(b),D,E,-0.08425,0.2079,15.5,2
61(b),D,F,-1.165,0.327,10.5,2
61(b),D,G,-2.625,0.2755,16,2
61(b),D,H,0.267,1.409,13.5,2
61(b),D,I,0.3405,0.7874,11.5,2
61(b),D,K,-0.117,0.4496,14,2
61(b),D,L,0.3297,0.8722,10.5,2
61(b),D,M,0.8978,0.1283,8,2
61(b),D,N,-1.07,0.1112,27.5,2
61(b),D,P,-4.688,0,9,2
61(b),D,Q,-0.04895,0.8999,13,2
61(b),D,R,-0.9384,0.5866,8.5,2
61(b),D,S,-0.6377,0.0666,6.5,2
61(b),D,T,-0.7994,0.5316,11.5,2
61(b),D,V,-1.244,0.4919,8.5,2
61(b),D,W,-1.503,0.096,14.5,2
61(b),D,Y,-0.8919,0.4991,13,2
62(a),G,-,-1.615,1.233,3.5,2
62(a),G,A,-1.62,0.2105,6,2
62(a),G,C,-1.205,0.2316,18.5,2
62(a),G,D,0.1988,0.6246,16.5,2
62(a),G,E,1.429,0.406,6,2
62(a),G,F,0.9419,0.4721,5.5,2
62(a),G,G,0,0,,2
62(a),G,H,0.2004,0.2482,10.5,2
62(a),G,I,0.394,1.996,7,2
62(a),G,K,-1.068,0.4894,12.5,2
62(a),G,L,-1.092,0.8959,8,2
62(a),G,M,0.4853,1.074,9,2
62(a),G,N,0.06155,0.5974,11,2
62(a),G,P,0.1423,0.2307,10,2
62(a),G,Q,-0.5389,0.6291,11.5,2
62(a),G,R,0.1717,1.137,4.5,2
62(a),G,S,2.397,0.319,10.5,2
62(a),G,T,0.4387,0.4425,7.5,2
62(a),G,V,0.6103,0.9367,15.5,2
62(a),G,W,-0.5684,0.5876,10.5,2
62(a),G,Y,-0.2606,0.3803,10,2
62(b),Y,*,-11.88,0,2,2
62(b),Y,-,-0.3863,0.1761,2.5,2
62(b),Y,A,-0.4284,0.1395,6,2
62(b),Y,C,-1.838,0.5865,11.5,2
62(b),Y,D,-2.698,0.307,10,2
62(b),Y,E,-1.828,0.747,8.5,2
62(b),Y,F,-0.0019,0.7862,15,2
62(b),Y,G,-1.871,0.598,10.5,2
62(b),Y,H,0.2305,1.071,12,2
62(b),Y,I,-1.561,0.381,8,2
62(b),Y,K,-0.9498,1.751,7,2
62(b),Y,L,-0.3756,0.2516,9,2
62(b),Y,M,-0.5728,0.2626,16.5,2
62(b),Y,N,-1.387,0.258,17,2
62(b),Y,P,-7.375,0,12,2
62(b),Y,Q,-1.753,0.5335,9,2
62(b),Y,R,-1.014,0.2218,11,2
62(b),Y,S,-1.68,0.253,14,2
62(b),Y,T,-1.964,0.2345,12.5,2
62(b),Y,V,-2.273,0.281,13,2
62(b),Y,W,0.4408,0.8901,13,2
62(b),Y,Y,0,0,,2
63(a),A,-,-0.1576,0.09144,2.5,2
63(a),A,A,0,0,,2
63(a),A,C,1.558,0.3895,11,2
63(a),A,D,-4.813,0,14,2
63(a),A,E,-3.857,0,12,2
63(a),A,F,-4.402,0,11.5,2
63(a),A,G,-0.1368,0.2741,8,2
63(a),A,H,-4.106,0,7.5,2
63(a),A,I,0.1875,0.1464,8.5,2
63(a),A,K,-6.054,0,10,2
63(a),A,L,-3.899,0,8.5,2
63(a),A,M,-1.891,0.001,8.5,2
63(a),A,N,-3.612,0.074,7,2
63(a),A,P,-0.1081,1.074,9,2
63(a),A,Q,-3.37,0,9,2
63(a),A,R,-4.883,0,9,2
63(a),A,S,-0.8066,0.2603,9,2
63(a),A,T,-0.946,0.2851,15.5,2
63(a),A,V,-1.083,0.7235,12.5,2
63(a),A,W,-4.214,0,7,2
63(a),A,Y,-3.933,0,4,2
63(b),W,*,-9.188,0,61,2
63(b),W,-,0.3528,0.2285,2,2
63(b),W,A,-3.454,0,13.5,2
63(b),W,C,-3.816,0,17,2
63(b),W,D,-7.536,0,11.5,2
63(b),W,E,-7.055,0,14,2
63(b),W,F,-2.431,0.103,13.5,2
63(b),W,G,-4.28,0,10,2
63(b),W,H,-3.905,0,8.5,2
63(b),W,I,-4.179,0,12,2
63(b),W,K,-4.239,0,6.5,2
63(b),W,L,-2.843,0.3485,15,2
63(b),W,M,-3.207,0,7.5,2
63(b),W,N,-6.246,0,8,2
63(b),W,P,-7.681,0,12,2
63(b),W,Q,-4.242,0,14,2
63(b),W,R,-3.608,0,21.5,2
63(b),W,S,-4.754,0,10,2
63(b),W,T,-6.861,0,11.5,2
63(b),W,V,-4.753,0,11,2
63(b),W,W,0,0,,2
63(b),W,Y,-2.83,0.222,7,2
64(a),L,-,-5.271,0.7865,3,2
64(a),L,A,-3.196,0,10,2
64(a),L,C,-4.824,0,9.5,2
64(a),L,D,-23.32,0,9.5,2
64(a),L,E,-3.473,0,7.5,2
64(a),L,F,-0.07135,0.9263,7.5,2
64(a),L,G,-7.594,0,4.5,2
64(a),L,H,-3.074,0.1475,6,2
64(a),L,I,-2.585,0.0935,8.5,2
64(a),L,K,-8.544,0,9,2
64(a),L,L,0,0,,2
64(a),L,M,-1.048,0.8236,10.5,2
64(a),L,N,-2.838,0.214,7.5,2
64(a),L,P,-3.929,0,16,2
64(a),L,Q,-2.477,0.133,16,2
64(a),L,R,-8.018,0,10,2
64(a),L,S,-6.058,0,12.5,2
64(a),L,T,-3.937,0,7.5,2
64(a),L,V,-2.827,0.0635,8.5,2
64(a),L,W,-8.8,0,9.5,2
64(a),L,Y,-1.732,0.3385,9,2
64(b),N,-,-7.648,1.352,1.5,2
64(b),N,A,-4.282,0,13.5,2
64(b),N,C,-5.423,0,6,2
64(b),N,D,-2.736,0.4225,14,2
64(b),N,E,-2.005,0.596,10,2
64(b),N,F,-5.519,0,11.5,2
64(b),N,G,-4.342,0,8,2
64(b),N,H,-4.838,0,8.5,2
64(b),N,I,-8.974,0,11,2
64(b),N,K,-5.111,0,15.5,2
64(b),N,L,-5.051,0,12.5,2
64(b),N,M,-4.33,0,12.5,2
64(b),N,N,0,0,,2
64(b),N,P,-11.02,0,8,2
64(b),N,Q,-4.313,0,11.5,2
64(b),N,R,-5.059,0,10.5,2
64(b),N,S,-3.284,0.0505,20.5,2
64(b),N,T,-4.21,0,8,2
64(b),N,V,-6.05,0,10,2
64(b),N,W,-4.827,0,9,2
64(b),N,Y,-5.739,0,19.5,2
65(a),Q,*,-9.39,0,15,2
65(a),Q,-,-1.857,0.5065,5,2
65(a),Q,A,0.4466,0.435,10.5,2
65(a),Q,C,-2.765,0.155,6,2
65(a),Q,D,-3.217,0.062,9,2
65(a),Q,E,-0.1465,1.669,9,2
65(a),Q,F,0.2324,0.0972,11.5,2
65(a),Q,G,-0.4306,1.226,7.5,2
65(a),Q,H,-0.4926,0.3166,13.5,2
65(a),Q,I,-0.2141,0.3105,11,2
65(a),Q,K,-0.3949,0.5681,11.5,2
65(a),Q,L,-0.5605,0.4157,12,2
65(a),Q,M,-0.9206,1.804,5.5,2
65(a),Q,N,-2.107,0.4015,4.5,2
65(a),Q,P,-0.6731,1.037,15.5,2
65(a),Q,Q,0,0,,2
65(a),Q,R,0.3611,0.5272,11,2
65(a),Q,S,0.787,0.0653,8,2
65(a),Q,T,-1.599,0.4245,5.5,2
65(a),Q,V,-1.206,0.5356,9,2
65(a),Q,W,-1.134,0.9088,4.5,2
65(a),Q,Y,-0.297,0.936,6.5,2
65(b),S,A,3.414,3.145,9.5,2
65(b),S,C,-1.968,0.42,17,2
65(b),S,D,-0.3965,1.309,10,2
65(b),S,E,-1.009,0.2459,11.5,2
65(b),S,F,-0.072,1.472,15,2
65(b),S,G,0.2374,0.1103,18.5,2
65(b),S,H,-1.545,0.148,8.5,2
65(b),S,I,-2.274,0.2275,17,2
65(b),S,K,-0.6487,0.1087,10.5,2
65(b),S,L,-0.7803,0.8497,18.5,2
65(b),S,M,-0.3251,0.1303,10.5,2
65(b),S,N,-0.6538,0.148,21.5,2
65(b),S,P,-4.784,0,11.5,2
65(b),S,Q,-1.377,0.3055,10.5,2
65(b),S,R,-0.7812,0.1378,18.5,2
65(b),S,S,0,0,,2
65(b),S,T,-1.913,0.3945,12,2
65(b),S,V,-1.619,0.0225,11,2
65(b),S,W,-2.753,0.0125,14,2
65(b),S,Y,-1.615,0.3065,23,2
66(a),N,-,-2.691,0.402,5.5,2
66(a),N,A,-2.942,0.167,14,2
66(a),N,C,-2.378,0.475,12.5,2
66(a),N,D,-2.757,0.225,8.5,2
66(a),N,E,-2.936,0.089,11.5,2
66(a),N,F,-3.8,0,9,2
66(a),N,G,-2.516,0.079,8.5,2
66(a),N,H,-3.179,0.2775,8.5,2
66(a),N,I,-3.284,0,7.5,2
66(a),N,K,-1.986,0.1725,10.5,2
66(a),N,L,-3.907,0,8,2
66(a),N,M,-3.479,0,12,2
66(a),N,N,0,0,,2
66(a),N,P,-3.446,0,8,2
66(a),N,Q,-2.872,0.531,7.5,2
66(a),N,R,-2.862,0.283,11.5,2
66(a),N,S,-1.653,0.1895,11.5,2
66(a),N,T,-3.112,0,14,2
66(a),N,V,-3.218,0.1085,11.5,2
66(a),N,W,-4.418,0,8,2
66(a),N,Y,-3.755,0,10,2
66(b),Q,*,-10.65,0,4,2
66(b),Q,A,-1.113,0.2809,7.5,2
66(b),Q,C,2.535,2.455,11,2
66(b),Q,D,-0.6239,0.2029,6.5,2
66(b),Q,E,-0.8207,0.4023,8.5,2
66(b),Q,F,-0.6887,0.5103,14,2
66(b),Q,G,-1.46,0.1795,7.5,2
66(b),Q,H,-0.6647,0.9823,16,2
66(b),Q,I,-0.88,1.197,12,2
66(b),Q,K,-0.4489,0.173,15,2
66(b),Q,L,0.727,0.1596,13,2
66(b),Q,M,-0.2641,0.5773,10,2
66(b),Q,N,-0.4819,0.07215,9,2
66(b),Q,P,-3.8,0,17,2
66(b),Q,Q,0,0,,2
66(b),Q,R,0.2757,0.6646,12,2
66(b),Q,S,0.7284,0.0322,8,2
66(b),Q,T,-1.513,0.5253,8,2
66(b),Q,V,-0.3487,0.6653,7.5,2
66(b),Q,W,-1.562,1.692,10,2
66(b),Q,Y,-2.102,0.1,11,2
67(a),I,-,-2.592,0.061,5.5,2
67(a),I,A,-0.3114,0.3332,8.5,2
67(a),I,C,0.00485,0.255,6.5,2
67(a),I,D,-2.484,0.0045,5,2
67(a),I,E,-2.013,0.795,4.5,2
67(a),I,F,-4.042,0,13.5,2
67(a),I,G,-1.97,0.4585,7.5,2
67(a),I,H,-2.513,0.544,9.5,2
67(a),I,I,0,0,,2
67(a),I,K,-7.872,0,8,2
67(a),I,L,-0.7717,0.2051,8,2
67(a),I,M,-2,0.2825,10.5,2
67(a),I,N,-1.865,0.1385,9.5,2
67(a),I,P,-2.784,0.358,6.5,2
67(a),I,Q,-0.3741,1.23,14.5,2
67(a),I,R,-7.72,0,7.5,2
67(a),I,S,-0.5859,0.9451,8.5,2
67(a),I,T,-2.561,0.4695,11,2
67(a),I,V,-0.5196,0.6804,12.5,2
67(a),I,W,-7.962,0,6,2
67(a),I,Y,-11.1,0,7,2
67(b),P,A,-0.8557,0.6563,9,2
67(b),P,C,-1.332,0.094,11,2
67(b),P,D,-1.619,0.063,8.5,2
67(b),P,E,-1.041,0.4292,4.5,2
67(b),P,F,-0.5877,0.344,11,2
67(b),P,G,-0.5695,1.499,8.5,2
67(b),P,H,1.048,1.631,6,2
67(b),P,I,-1.666,0.4825,13,2
67(b),P,K,-0.2632,0.06705,7.5,2
67(b),P,L,-1.42,0.4292,10.5,2
67(b),P,M,-1.049,0.3813,8,2
67(b),P,N,-1.049,0.2537,6,2
67(b),P,P,0,0,,2
67(b),P,Q,-0.631,0.408,10.5,2
67(b),P,R,-1.413,0.071,10.5,2
67(b),P,S,-0.6202,0.4718,12,2
67(b),P,T,-1.766,0.3915,5.5,2
67(b),P,V,0.5966,1.342,6,2
67(b),P,W,-2.111,0.3525,11,2
67(b),P,Y,-1.368,0.0715,7,2
68(a),A,-,-0.7616,0.3744,4.5,2
68(a),A,A,0,0,,2
68(a),A,C,-3.441,0,8,2
68(a),A,D,-1.353,0.1785,8.5,2
68(a),A,E,-0.4458,0.4954,6,2
68(a),A,F,-1.889,1.133,6.5,2
68(a),A,G,-1.62,0.6886,8.5,2
68(a),A,H,-0.3782,1.174,6,2
68(a),A,I,-1.806,0.752,7,2
68(a),A,K,-4.239,0,4.5,2
68(a),A,L,-1.193,0.4936,5,2
68(a),A,M,-0.207,0.4392,5,2
68(a),A,N,-0.7248,0.2628,9,2
68(a),A,P,-0.2919,0.4809,10.5,2
68(a),A,Q,-0.5537,0.1043,11.5,2
68(a),A,R,-1.654,0.6814,6.5,2
68(a),A,S,-8.068,0,8,2
68(a),A,T,-7.085,0,26.5,2
68(a),A,V,-0.4918,0.09705,27.5,2
68(a),A,W,-1.261,1.21,9,2
68(a),A,Y,-2.189,0.2135,5,2
68(b),E,*,-12.96,0,3.5,2
68(b),E,-,0.253,0,0.5,1
68(b),E,A,0.9218,0.2221,5.5,2
68(b),E,C,-0.1685,0.3817,4,2
68(b),E,D,0.394,1.251,12,2
68(b),E,E,0,0,,2
68(b),E,F,-0.6885,0.9825,6.5,2
68(b),E,G,-0.2055,1.665,8,2
68(b),E,H,-1.134,1.804,3.5,2
68(b),E,I,-0.9422,0.1439,8.5,2
68(b),E,K,-0.3313,0.5424,24.5,2
68(b),E,L,-1.471,0.429,7.5,2
68(b),E,M,0.2096,0.0219,8,2
68(b),E,N,-1.139,0.0345,5,2
68(b),E,P,-1.922,0.4,2.5,2
68(b),E,Q,0.5207,0.6863,5,2
68(b),E,R,-1.387,0.025,5,2
68(b),E,S,-1.241,0.1505,6,2
68(b),E,T,0.4276,0.7714,8.5,2
68(b),E,V,-1.353,0.5735,9.5,2
68(b),E,W,1.214,1.84,6,2
68(b),E,Y,2.234,0,3,1
69(a),V,-,-0.9933,0.0077,4.5,2
69(a),V,A,-2.206,0.3935,10,2
69(a),V,C,-1.016,0.1232,8.5,2
69(a),V,D,-1.696,1.337,9,2
69(a),V,E,-1.809,0.0135,14,2
69(a),V,F,-2.619,0.0225,5,2
69(a),V,G,-2.641,0.369,12,2
69(a),V,H,-2.938,0.0775,8,2
69(a),V,I,1.319,0.9836,6.5,2
69(a),V,K,-2.588,0.3795,8.5,2
69(a),V,L,-1.253,0.3092,14.5,2
69(a),V,M,-0.6864,0.03945,20.5,2
69(a),V,N,-3.265,0,8.5,2
69(a),V,P,-4.71,0,3.5,2
69(a),V,Q,1.014,0.5709,6,2
69(a),V,R,-2.222,0.59,11.5,2
69(a),V,S,-1.692,0.0545,9.5,2
69(a),V,T,-0.759,1.762,6,2
69(a),V,V,0,0,,2
69(a),V,W,-2.635,0.7005,8.5,2
69(a),V,Y,-2.523,0.126,8.5,2
69(b),E,*,-20.77,0,4.5,2
69(b),E,-,-0.432,0,0.5,1
69(b),E,A,-2.958,0.164,6.5,2
69(b),E,C,-1.78,0.0765,6,2
69(b),E,D,-1.401,0.4672,9.5,2
69(b),E,E,0,0,,2
69(b),E,F,-0.4701,0.5929,4.5,2
69(b),E,G,-1.525,0.6029,8,2
69(b),E,H,-1.477,1.241,5,2
69(b),E,I,-1.026,1.927,7.5,2
69(b),E,K,-1.167,0.25,78,2
69(b),E,L,-0.7193,1.136,3.5,2
69(b),E,M,-2.936,0.16,4.5,2
69(b),E,N,-2.083,0.5035,9.5,2
69(b),E,P,-2.627,0.493,6.5,2
69(b),E,Q,-2.696,0.171,4.5,2
69(b),E,R,-2.295,0.3095,3.5,2
69(b),E,S,-1.316,0.137,6,2
69(b),E,T,-1.989,0.7595,6,2
69(b),E,V,-2.123,0.738,5.5,2
69(b),E,W,-1.953,0.231,7.5,2
69(b),E,Y,-0.9302,1.415,8,2
7(T2A),G,-,-0.1085,0.02227,3,2
7(T2A),G,C,-3.872,0,1.5,2
7(T2A),G,D,-2.777,0.4385,23.5,2
7(T2A),G,G,0,0,,2
7(T2A),G,S,-2.736,0.5325,2,2
7(T2A),G,V,-2.161,0,0.5,1
7(a),L,*,-7.884,0,8.5,2
7(a),L,A,-0.7162,0.2347,9,2
7(a),L,C,-2.384,0.15,5,2
7(a),L,D,-7.319,0,7.5,2
7(a),L,E,-3.386,0,8.5,2
7(a),L,F,0.8197,0.2703,4.5,2
7(a),L,G,-3.306,0.165,9.5,2
7(a),L,H,-0.9629,0.1931,5.5,2
7(a),L,I,-2.431,0.302,5.5,2
7(a),L,K,-2.182,0.5835,5.5,2
7(a),L,L,0,0,,2
7(a),L,M,0.6463,0.8957,7.5,2
7(a),L,N,-3.25,0.25,7.5,2
7(a),L,P,-12.19,0,11,2
7(a),L,Q,-2.312,0.1145,9.5,2
7(a),L,R,-4.178,0,11,2
7(a),L,S,-1.534,0.6507,5.5,2
7(a),L,T,-2.724,0.2815,14,2
7(a),L,V,-2.834,0.182,6,2
7(a),L,W,-1.982,0.893,9.5,2
7(a),L,Y,-1.996,0.756,6.5,2
7(b),G,-,-1.106,0.3691,2.5,2
7(b),G,A,0.3643,1.14,8,2
7(b),G,C,-1.398,0.24,18,2
7(b),G,D,-0.8737,0.03635,25,2
7(b),G,E,-0.4592,0.5121,12,2
7(b),G,F,-0.7464,0.5546,12.5,2
7(b),G,G,0,0,,2
7(b),G,H,-0.9506,0.2593,15,2
7(b),G,I,0.3314,0.7606,8,2
7(b),G,K,-0.939,0.256,8,2
7(b),G,L,-1.55,0.342,12,2
7(b),G,M,-1.688,0.3475,10,2
7(b),G,N,0.4545,1.845,10.5,2
7(b),G,P,0.0175,1.413,13,2
7(b),G,Q,-0.2504,0.1318,10.5,2
7(b),G,R,-0.1198,0.5669,14,2
7(b),G,S,-0.7383,0.3876,14,2
7(b),G,T,0.00885,0.9061,6,2
7(b),G,V,0.08,1.35,8,2
7(b),G,W,0.5854,0.8016,9.5,2
7(b),G,Y,-0.9687,0.3023,13.5,2
70(a),D,-,-0.5416,0.0912,3.5,2
70(a),D,A,-2.787,0.113,10.5,2
70(a),D,C,-2.812,0.3815,5,2
70(a),D,D,0,0,,2
70(a),D,E,-0.8716,1.094,8.5,2
70(a),D,F,-4.624,0,10,2
70(a),D,G,-2.543,0.271,6.5,2
70(a),D,H,-1.913,0.6265,9,2
70(a),D,I,-2.689,0.0425,9.5,2
70(a),D,K,-4.069,0,8.5,2
70(a),D,L,-2.864,0.2755,7,2
70(a),D,M,-3.287,0,8.5,2
70(a),D,N,0.04105,0.2686,27.5,2
70(a),D,P,-4.848,0,14,2
70(a),D,Q,-1.576,0.111,11,2
70(a),D,R,-3.938,0,6.5,2
70(a),D,S,-1.464,0.9403,9,2
70(a),D,T,-2.457,0.3975,6,2
70(a),D,V,-2.325,0.1765,10.5,2
70(a),D,W,-5.447,0,12,2
70(a),D,Y,-4.413,0,14.5,2
70(b),K,*,-2.058,1.399,1,2
70(b),K,-,0.1527,0,0.5,1
70(b),K,A,0.8465,0.9065,7.5,2
70(b),K,C,-0.9271,0.3189,8.5,2
70(b),K,D,-1.808,0.012,6.5,2
70(b),K,E,-0.2409,0.07945,14,2
70(b),K,F,-1.915,0.0425,8,2
70(b),K,G,-0.4052,0.5604,11,2
70(b),K,H,-1.244,0.3924,10,2
70(b),K,I,-1.635,0.517,10,2
70(b),K,K,0,0,,2
70(b),K,L,-0.6641,1.494,8,2
70(b),K,M,-0.8973,0.7007,8.5,2
70(b),K,N,-1.163,0.6306,6.5,2
70(b),K,P,-0.8669,0.05175,8.5,2
70(b),K,Q,-1.969,0.371,10,2
70(b),K,R,-0.2395,1.192,12.5,2
70(b),K,S,0.4745,0.3619,12.5,2
70(b),K,T,-0.686,0.301,11,2
70(b),K,V,-0.4473,0.0686,5.5,2
70(b),K,W,-1.477,0.6703,9,2
70(b),K,Y,-0.4428,0.538,7.5,2
71(a),K,-,-0.6571,0.3276,4,2
71(a),K,A,-0.761,0.1567,6,2
71(a),K,C,-0.5921,0.7409,11,2
71(a),K,D,-2.411,0.6125,9,2
71(a),K,E,-0.4885,0.0571,10,2
71(a),K,F,-1.561,0.9999,10,2
71(a),K,G,-2.287,0.2645,4.5,2
71(a),K,H,-1.365,0.285,9.5,2
71(a),K,I,-1.294,0.103,14.5,2
71(a),K,K,0,0,,2
71(a),K,L,-0.6833,0.7447,7,2
71(a),K,M,-1.401,0.0845,10.5,2
71(a),K,N,-0.4,1.812,11.5,2
71(a),K,P,-4.739,0,9.5,2
71(a),K,Q,-0.7399,0.1646,9,2
71(a),K,R,-0.2446,0.2708,8,2
71(a),K,S,-0.2882,0.6744,11.5,2
71(a),K,T,-1.663,0.0665,14,2
71(a),K,V,-0.6181,0.3469,12,2
71(a),K,W,-2.257,0.104,12,2
71(a),K,Y,-2.067,0.7055,9.5,2
71(b),E,*,-8.308,0,9.5,2
71(b),E,-,-0.4554,0,0.5,1
71(b),E,A,-0.4433,0.1715,11.5,2
71(b),E,C,-1.803,0.264,12,2
71(b),E,D,-0.9694,0.2345,9.5,2
71(b),E,E,0,0,,2
71(b),E,F,-1.518,0.4105,9.5,2
71(b),E,G,-0.4274,0.3181,9.5,2
71(b),E,H,-1.092,0.0535,10,2
71(b),E,I,-1.687,0.317,9.5,2
71(b),E,K,-0.822,0.0766,48,2
71(b),E,L,-1.082,0.776,9.5,2
71(b),E,M,-0.9628,1.107,11,2
71(b),E,N,0.53,2.132,9,2
71(b),E,P,-1.836,0.1725,6.5,2
71(b),E,Q,-0.314,0.9501,10.5,2
71(b),E,R,-1.958,0.952,6.5,2
71(b),E,S,-0.656,0.8529,9,2
71(b),E,T,-1.542,0.9858,12.5,2
71(b),E,V,-1.376,0.3849,14,2
71(b),E,W,-1.416,0.4366,11.5,2
71(b),E,Y,-1.506,0.6128,9.5,2
72(a),Q,*,-10.25,0,17,2
72(a),Q,-,-3.532,0,3.5,2
72(a),Q,A,0.31,1.802,14.5,2
72(a),Q,C,-1.088,0.6148,8,2
72(a),Q,D,-0.9619,0.3782,6.5,2
72(a),Q,E,-1.649,0.9563,6.5,2
72(a),Q,F,-1.016,0.611,11.5,2
72(a),Q,G,-0.7121,0.5659,7.5,2
72(a),Q,H,0.605,0.669,22,2
72(a),Q,I,-0.287,1.362,7,2
72(a),Q,K,-0.3951,0.1885,12.5,2
72(a),Q,L,-0.7728,0.5703,11,2
72(a),Q,M,0.2705,1.732,8,2
72(a),Q,N,0.9143,1.127,6.5,2
72(a),Q,P,-2.649,0.0735,7.5,2
72(a),Q,Q,0,0,,2
72(a),Q,R,-0.6405,1.295,5.5,2
72(a),Q,S,-0.4948,0.4261,7.5,2
72(a),Q,T,0.5375,0.0084,7.5,2
72(a),Q,V,-1.571,0.04,8,2
72(a),Q,W,-2.83,0.359,8,2
72(a),Q,Y,-2.03,0.296,7.5,2
72(b),R,*,-3.655,0,0.5,1
72(b),R,-,-0.5741,0,0.5,1
72(b),R,A,-2.176,0.0325,7,2
72(b),R,C,-2.883,0.12,7.5,2
72(b),R,D,-2.458,0.5745,11,2
72(b),R,E,-1.772,0.095,6,2
72(b),R,F,-0.4245,2.208,7.5,2
72(b),R,G,-2.967,0.1395,9,2
72(b),R,H,-2.138,0.0485,9,2
72(b),R,I,-2.359,0.1,10,2
72(b),R,K,-0.5381,0.2338,15,2
72(b),R,L,-1.478,0.6563,18,2
72(b),R,M,-2.303,0.0365,7,2
72(b),R,N,0.5855,2.934,5.5,2
72(b),R,P,-2.761,0.293,8.5,2
72(b),R,Q,-2.571,0.5,15,2
72(b),R,R,0,0,,2
72(b),R,S,-1.679,0.5135,8,2
72(b),R,T,-2.479,0.6985,7,2
72(b),R,V,-2.867,0.024,6,2
72(b),R,W,-2.587,0.0415,19.5,2
72(b),R,Y,-1.854,1.138,8,2
73(a),N,-,-3.2,0.2695,3.5,2
73(a),N,A,-1.305,0.6388,8.5,2
73(a),N,C,-2.997,0.0215,10,2
73(a),N,D,-4.152,0,6,2
73(a),N,E,-4.263,0,11,2
73(a),N,F,-2.501,0.348,10,2
73(a),N,G,-2.901,0.232,8,2
73(a),N,H,-2.495,0.604,15,2
73(a),N,I,-2.686,0.441,12,2
73(a),N,K,-2.952,0.1915,12.5,2
73(a),N,L,-2.836,0.2505,11,2
73(a),N,M,-3.092,0.244,9,2
73(a),N,N,0,0,,2
73(a),N,P,-7.973,0,9,2
73(a),N,Q,-3.168,0.004,9.5,2
73(a),N,R,-2.84,0.1375,8.5,2
73(a),N,S,-2.921,0.0955,12.5,2
73(a),N,T,-3.041,0.2135,9.5,2
73(a),N,V,-3.516,0,6.5,2
73(a),N,W,-3.019,0,5.5,2
73(a),N,Y,-2.928,0.3215,10,2
73(b),V,-,-0.7681,0,0.5,1
73(b),V,A,-1.117,0.297,13.5,2
73(b),V,C,-2.415,0.2375,10,2
73(b),V,D,-1.34,1.465,13.5,2
73(b),V,E,0.2765,1.574,9,2
73(b),V,F,-0.2242,0.6658,11,2
73(b),V,G,-2.445,0.2155,10.5,2
73(b),V,H,-0.283,1.646,12,2
73(b),V,I,0.9374,0.2457,9.5,2
73(b),V,K,-2.976,0.1535,6.5,2
73(b),V,L,0.7526,0.4585,16,2
73(b),V,M,1.733,0.9353,16.5,2
73(b),V,N,-2.545,0.132,10.5,2
73(b),V,P,-2.583,0.0835,17,2
73(b),V,Q,-1.618,0.8066,5.5,2
73(b),V,R,-2.553,0.2655,11,2
73(b),V,S,-1.346,0.6981,11,2
73(b),V,T,-0.5969,0.41,8,2
73(b),V,V,0,0,,2
73(b),V,W,0.937,0.816,5.5,2
73(b),V,Y,0.721,0.664,8,2
74(a),M,-,-1.412,0.7269,2,2
74(a),M,A,-1.385,0.2095,5,2
74(a),M,C,-1.531,0.05,8,2
74(a),M,D,-3.383,0.0045,9,2
74(a),M,E,-3.514,0,6,2
74(a),M,F,-2.111,0.4195,7,2
74(a),M,G,-2.619,0.2115,7.5,2
74(a),M,H,-3.058,0.0235,5.5,2
74(a),M,I,-0.9074,0.3366,38.5,2
74(a),M,K,-3.812,0,8.5,2
74(a),M,L,-1.381,0.1795,16,2
74(a),M,M,0,0,,2
74(a),M,N,-1.041,0.4712,7,2
74(a),M,P,-8.975,0,5.5,2
74(a),M,Q,-2.695,0.307,7,2
74(a),M,R,-3.74,0,7,2
74(a),M,S,-0.725,1.5,4.5,2
74(a),M,T,-0.8689,0.8651,14,2
74(a),M,V,-0.2735,0.4009,12.5,2
74(a),M,W,-2.906,0.4065,4.5,2
74(a),M,Y,-3.141,0,9,2
74(b),R,*,-7.59,0,2.5,2
74(b),R,-,0.2396,0,1,1
74(b),R,A,-0.5357,0.2315,6.5,2
74(b),R,C,-1.516,0.387,8.5,2
74(b),R,D,-1.321,0.6053,6,2
74(b),R,E,0.3261,0.506,8.5,2
74(b),R,F,-0.05685,0.7533,10.5,2
74(b),R,G,-1.355,0.3165,10.5,2
74(b),R,H,-0.3737,0.00995,13.5,2
74(b),R,I,-0.99,0.984,12.5,2
74(b),R,K,1.417,0.7572,14.5,2
74(b),R,L,-0.9829,0.07205,14,2
74(b),R,M,-0.874,0.688,9.5,2
74(b),R,N,-0.0315,1.82,11,2
74(b),R,P,-1.258,0.7346,17,2
74(b),R,Q,0.9949,0.5421,11.5,2
74(b),R,R,0,0,,2
74(b),R,S,-0.4852,0.2733,15,2
74(b),R,T,-1.004,0.8465,8,2
74(b),R,V,-0.9805,0.3345,12,2
74(b),R,W,-0.4434,0.1172,8.5,2
74(b),R,Y,-1.132,0.5872,14,2
75(a),E,*,-8.976,0,3,2
75(a),E,-,-2.747,0.491,2.5,2
75(a),E,A,0.395,0.05025,8,2
75(a),E,C,-0.8038,0.7082,9,2
75(a),E,D,-0.118,1.535,11,2
75(a),E,E,0,0,,2
75(a),E,F,-0.4656,1.272,9,2
75(a),E,G,-1.125,0.3218,10,2
75(a),E,H,-0.03,1.142,10,2
75(a),E,I,-0.5481,0.6669,6,2
75(a),E,K,-1.095,0.1777,59.5,2
75(a),E,L,0.8853,0.1417,6.5,2
75(a),E,M,-0.09115,0.8076,3.5,2
75(a),E,N,-0.9315,0.1074,9,2
75(a),E,P,-3.426,0.012,11,2
75(a),E,Q,-0.9037,0.4802,11,2
75(a),E,R,-1.374,0.25,6.5,2
75(a),E,S,-5.221,0,6,2
75(a),E,T,-9.434,0,9.5,2
75(a),E,V,0.8656,1.42,13.5,2
75(a),E,W,-0.73,0.1412,10,2
75(a),E,Y,-0.9688,1.482,6,2
75(b),A,-,-0.1553,0.2875,2,2
75(b),A,A,0,0,,2
75(b),A,C,-0.3782,0.1583,11.5,2
75(b),A,D,-0.6175,1.891,4,2
75(b),A,E,-0.2943,0.2448,14,2
75(b),A,F,-1.743,0.474,11.5,2
75(b),A,G,0.0795,1.368,10.5,2
75(b),A,H,-0.1709,0.5412,11,2
75(b),A,I,0.6018,0.2809,7,2
75(b),A,K,-0.08465,0.3395,7,2
75(b),A,L,0.452,0.697,9.5,2
75(b),A,M,-1.503,0.6532,8,2
75(b),A,N,-0.7661,0.6209,9.5,2
75(b),A,P,-3.112,0.025,14,2
75(b),A,Q,-0.1413,0.4091,7,2
75(b),A,R,-0.5849,0.9521,7.5,2
75(b),A,S,1.608,0.9083,14.5,2
75(b),A,T,-0.4411,0.2151,14,2
75(b),A,V,0.1257,0.03562,16.5,2
75(b),A,W,0.2105,1.588,8.5,2
75(b),A,Y,-0.1125,1.859,9.5,2
76(a),I,-,-2.958,0.3255,3.5,2
76(a),I,A,-1.901,0.3155,4.5,2
76(a),I,C,-1.496,0.2905,7.5,2
76(a),I,D,-2.006,0.0755,4.5,2
76(a),I,E,-0.3277,0.7092,7.5,2
76(a),I,F,-2.295,0.447,9,2
76(a),I,G,-2.191,0.1595,12,2
76(a),I,H,-1.535,0.362,4.5,2
76(a),I,I,0,0,,2
76(a),I,K,-1.225,0.04,8.5,2
76(a),I,L,-0.3813,0.08075,7.5,2
76(a),I,M,-2.101,0.2565,5.5,2
76(a),I,N,-0.5046,1.003,12.5,2
76(a),I,P,-4.031,0,12,2
76(a),I,Q,-0.8079,0.01365,5,2
76(a),I,R,-2.12,0.9165,8.5,2
76(a),I,S,-2.003,0.7945,9,2
76(a),I,T,0.8388,0.3152,8,2
76(a),I,V,-0.1482,0.1777,8,2
76(a),I,W,-2.428,0.2665,8.5,2
76(a),I,Y,-1.398,0.5275,8.5,2
76(b),E,*,-8.101,0,3,2
76(b),E,-,-0.723,0.1193,3,2
76(b),E,A,-2.065,0.419,12.5,2
76(b),E,C,-2.723,0.1375,9.5,2
76(b),E,D,-1.671,0.3375,23,2
76(b),E,E,0,0,,2
76(b),E,F,-2.687,0.357,8.5,2
76(b),E,G,-1.929,0.112,11,2
76(b),E,H,-2.321,0.6505,12.5,2
76(b),E,I,-2.811,0.265,9.5,2
76(b),E,K,-2.511,0.5565,22.5,2
76(b),E,L,-2.848,0.2255,10.5,2
76(b),E,M,-2.894,0.1405,9.5,2
76(b),E,N,-2.967,0.088,9.5,2
76(b),E,P,-3.189,0,9,2
76(b),E,Q,-2.3,0.3425,12,2
76(b),E,R,-2.28,0.002,7.5,2
76(b),E,S,-2.087,0.656,8.5,2
76(b),E,T,-2.593,0.2635,9,2
76(b),E,V,-2.436,0.0595,12.5,2
76(b),E,W,-3.016,0.0195,12.5,2
76(b),E,Y,-2.686,0.163,12.5,2
77(a),M,-,-2.724,1.258,3,2
77(a),M,A,-1.096,0.364,6,2
77(a),M,C,-1.656,1.101,8,2
77(a),M,D,-2.65,0.92,6,2
77(a),M,E,-3.683,0,8,2
77(a),M,F,-2.594,0.422,8.5,2
77(a),M,G,-2.815,0.384,8.5,2
77(a),M,H,-1.851,0.768,12,2
77(a),M,I,-1.597,0.1345,65,2
77(a),M,K,-2.104,0.5235,10,2
77(a),M,L,-2.087,0.638,17,2
77(a),M,M,0,0,,2
77(a),M,N,-2.676,0.439,11.5,2
77(a),M,P,-5.58,0,7,2
77(a),M,Q,-2.421,0.594,9,2
77(a),M,R,-2.227,0.0265,5.5,2
77(a),M,S,-1.777,0.8507,8,2
77(a),M,T,-2.386,0.1125,8,2
77(a),M,V,-0.8924,0.0903,14,2
77(a),M,W,-2.993,0.1315,4.5,2
77(a),M,Y,-2.85,0.2675,9.5,2
77(b),I,-,-0.1844,0.06185,3,2
77(b),I,A,0.9394,0.5847,14.5,2
77(b),I,C,0.7428,0.7722,13.5,2
77(b),I,D,-3.819,0,8.5,2
77(b),I,E,2.053,0.554,11.5,2
77(b),I,F,-0.3352,0.5497,11,2
77(b),I,G,0.847,1.46,9,2
77(b),I,H,-0.0835,1.626,8.5,2
77(b),I,I,0,0,,2
77(b),I,K,-0.8868,1.464,7.5,2
77(b),I,L,2.021,0.3595,13,2
77(b),I,M,-0.161,1.409,8.5,2
77(b),I,N,-2.978,0.0625,12,2
77(b),I,P,-2.329,0.151,11,2
77(b),I,Q,-0.1655,2.413,7,2
77(b),I,R,1.25,0.4502,10.5,2
77(b),I,S,1.681,0.585,7.5,2
77(b),I,T,0.1372,0.6352,14.5,2
77(b),I,V,1,1.522,13,2
77(b),I,W,1.945,0.137,8.5,2
77(b),I,Y,1.346,0.262,5.5,2
78(a),M,-,-1.326,1.412,3,2
78(a),M,A,-0.5663,1.432,7.5,2
78(a),M,C,-1.218,0.517,5.5,2
78(a),M,D,-2.538,0.081,10.5,2
78(a),M,E,-2.229,0.5465,8,2
78(a),M,F,-0.6185,1.817,11,2
78(a),M,G,0.02481,0.049,5.5,2
78(a),M,H,-2.122,0.36,7.5,2
78(a),M,I,-0.2237,0.1826,189,2
78(a),M,K,-0.5702,1.3,6,2
78(a),M,L,0.02155,0.6657,14,2
78(a),M,M,0,0,,2
78(a),M,N,-1.589,0.1205,5,2
78(a),M,P,-4.793,0,7,2
78(a),M,Q,-0.2269,0.215,8,2
78(a),M,R,-0.2108,1.149,7.5,2
78(a),M,S,-1.206,0.0335,7,2
78(a),M,T,-0.2762,0.1769,16,2
78(a),M,V,-1.112,0.1545,13.5,2
78(a),M,W,-2.188,0.6035,6.5,2
78(a),M,Y,-1.492,0.0505,6.5,2
78(b),D,-,0.5839,0,2,1
78(b),D,A,0.4975,0.9846,11,2
78(b),D,C,-0.8219,0.8341,7,2
78(b),D,D,0,0,,2
78(b),D,E,-0.1312,0.9088,4,2
78(b),D,F,0.7316,0.0013,12.5,2
78(b),D,G,-0.6187,0.0251,16.5,2
78(b),D,H,0.3876,1.237,10.5,2
78(b),D,I,0.5947,0.1543,8.5,2
78(b),D,K,0.6691,0.9648,9,2
78(b),D,L,-0.8468,1.163,7.5,2
78(b),D,M,-0.384,0.5173,8,2
78(b),D,N,-0.6974,0.3327,26.5,2
78(b),D,P,-1.92,0.138,5.5,2
78(b),D,Q,0.5085,0.5525,10.5,2
78(b),D,R,-0.8473,0.8717,7.5,2
78(b),D,S,0.3221,0.9249,10,2
78(b),D,T,-0.7509,0.4671,12.5,2
78(b),D,V,0.5125,1.667,8,2
78(b),D,W,-1.651,0.5445,8.5,2
78(b),D,Y,0.5127,0.6693,14.5,2
79(a),K,*,-11.79,0,2,2
79(a),K,-,-1.135,1.032,3,2
79(a),K,A,0.4509,0.8332,11.5,2
79(a),K,C,-0.8216,0.4384,11.5,2
79(a),K,D,-0.5718,0.9342,14.5,2
79(a),K,E,-0.3376,0.6039,12.5,2
79(a),K,F,-0.7776,1.066,7.5,2
79(a),K,G,-1.984,0.4875,3.5,2
79(a),K,H,-1.065,0.3211,9.5,2
79(a),K,I,-1.093,1.183,10.5,2
79(a),K,K,0,0,,2
79(a),K,L,-1.709,0.51,9.5,2
79(a),K,M,-1.559,1.086,6,2
79(a),K,N,-0.9442,0.5338,13.5,2
79(a),K,P,-3.128,0,14.5,2
79(a),K,Q,0.8495,0.7006,6.5,2
79(a),K,R,1.007,0.1653,10.5,2
79(a),K,S,-1.208,0.1025,8.5,2
79(a),K,T,-0.6866,0.6594,12.5,2
79(a),K,V,-1.054,1.18,10.5,2
79(a),K,W,-0.8732,0.8148,8.5,2
79(a),K,Y,-0.5613,1.397,7.5,2
79(b),T,-,-0.7435,0,1.5,1
79(b),T,A,0.76,2.323,16,2
79(b),T,C,-0.6134,0.08515,10,2
79(b),T,D,-0.7049,0.21,5.5,2
79(b),T,E,0.2243,0.0196,10,2
79(b),T,F,-0.7064,1.03,7.5,2
79(b),T,G,2.031,0.6135,6,2
79(b),T,H,0.5956,1.08,8,2
79(b),T,I,-0.7228,0.01665,14,2
79(b),T,K,1.382,1.056,11.5,2
79(b),T,L,-0.7354,0.5526,10.5,2
79(b),T,M,-1.782,0.0665,7.5,2
79(b),T,N,0.5524,0.1842,7,2
79(b),T,P,-2.703,0.3075,12.5,2
79(b),T,Q,-0.02608,0.1069,10.5,2
79(b),T,R,0.8208,0.5142,10,2
79(b),T,S,1.326,0.8791,9.5,2
79(b),T,T,0,0,,2
79(b),T,V,0.3971,0.3507,7,2
79(b),T,W,-0.9805,0.0725,13.5,2
79(b),T,Y,3.332,3.196,6.5,2
8(T2A),S,-,-0.1691,0.4053,3,2
8(T2A),S,G,0.4515,1.577,3,2
8(T2A),S,I,-1.295,0.65,1.5,2
8(T2A),S,N,-0.7014,0.2745,8.5,2
8(T2A),S,R,-2.406,0.702,2.5,2
8(T2A),S,S,0,0,,2
8(a),M,*,-7.591,0,8,2
8(a),M,A,-1.212,0.7466,7.5,2
8(a),M,C,-0.3407,0.1245,9.5,2
8(a),M,D,-2.26,0.067,11.5,2
8(a),M,E,-0.7483,1.331,9.5,2
8(a),M,F,-1.144,0.8422,9.5,2
8(a),M,G,-1.631,0.4915,7,2
8(a),M,H,-1.212,0.7763,12,2
8(a),M,I,-0.6821,0.1449,28,2
8(a),M,K,0.5089,0.8861,8,2
8(a),M,L,-1.284,0.57,14.5,2
8(a),M,M,0,0,,2
8(a),M,N,-4.166,0,9.5,2
8(a),M,P,-4.959,0,8,2
8(a),M,Q,-0.9217,0.6032,8,2
8(a),M,R,1.8,0.8953,7,2
8(a),M,S,-0.129,0.8262,10.5,2
8(a),M,T,-0.0282,0.6743,6.5,2
8(a),M,V,0.2435,0.02295,13,2
8(a),M,W,-1.721,0.203,8.5,2
8(a),M,Y,-0.182,0.3028,8.5,2
8(b),F,-,-0.5621,0.2031,2.5,2
8(b),F,A,-3.446,0,10.5,2
8(b),F,C,-2.636,0.752,9.5,2
8(b),F,D,-14.38,0,7.5,2
8(b),F,E,-6.788,0,12,2
8(b),F,F,0,0,,2
8(b),F,G,-4.171,0,14,2
8(b),F,H,-3.284,0.0015,14,2
8(b),F,I,-1.205,0.4263,14.5,2
8(b),F,K,-5.505,0,14,2
8(b),F,L,-1.797,0.0275,28,2
8(b),F,M,-2.417,0.0225,11,2
8(b),F,N,-4.451,0,15.5,2
8(b),F,P,-4.604,0,7.5,2
8(b),F,Q,-4.5,0,9.5,2
8(b),F,R,-6.659,0,9,2
8(b),F,S,-4.244,0,15,2
8(b),F,T,-3.303,0,9,2
8(b),F,V,-2.03,0.661,13,2
8(b),F,W,-2.487,0.088,7.5,2
8(b),F,Y,-0.0946,0.4359,15,2
80(a),R,*,-10.52,0,4,2
80(a),R,-,-1.689,0.8828,2.5,2
80(a),R,A,-3.646,0,12,2
80(a),R,C,-3.83,0,10,2
80(a),R,D,-4.296,0,10.5,2
80(a),R,E,-4.251,0,9,2
80(a),R,F,-3.994,0,13.5,2
80(a),R,G,-4.483,0,15,2
80(a),R,H,-3.716,0,11,2
80(a),R,I,-3.483,0,16.5,2
80(a),R,K,-2.957,0.123,44,2
80(a),R,L,-3.53,0,12,2
80(a),R,M,-3.649,0,7,2
80(a),R,N,-3.159,0.1255,7.5,2
80(a),R,P,-5.48,0,13,2
80(a),R,Q,-3.686,0,4.5,2
80(a),R,R,0,0,,2
80(a),R,S,-3.885,0,10.5,2
80(a),R,T,-3.773,0,11,2
80(a),R,V,-3.336,0,8,2
80(a),R,W,-3.723,0,10.5,2
80(a),R,Y,-3.846,0,6,2
80(b),V,-,-1.241,0,1.5,1
80(b),V,A,1.818,0.508,12.5,2
80(b),V,C,0.9452,0.00545,7.5,2
80(b),V,D,-3.75,0,11,2
80(b),V,E,-0.8553,1.299,6,2
80(b),V,F,-1.391,0.1795,7,2
80(b),V,G,-1.472,0.292,10,2
80(b),V,H,0.9665,1.171,12.5,2
80(b),V,I,-2.383,0.246,10.5,2
80(b),V,K,0.5645,1.847,9,2
80(b),V,L,-2.011,0.558,11.5,2
80(b),V,M,2.595,2.285,18.5,2
80(b),V,N,0.8196,0.5784,10.5,2
80(b),V,P,-4.337,0,11,2
80(b),V,Q,-1.392,0.8132,12,2
80(b),V,R,0.6245,0.4865,7.5,2
80(b),V,S,-0.8865,0.6265,8.5,2
80(b),V,T,-0.3658,0.3724,8,2
80(b),V,V,0,0,,2
80(b),V,W,-2.306,0.2815,9,2
80(b),V,Y,-2.04,0.0605,9.5,2
81(a),S,-,-2.045,1.083,2.5,2
81(a),S,A,0.3565,1.453,8.5,2
81(a),S,C,0.00905,0.8792,5,2
81(a),S,D,-1.028,0.6039,8,2
81(a),S,E,-2.584,0.4645,11,2
81(a),S,F,-2.889,0.104,11,2
81(a),S,G,0.1533,0.06417,11.5,2
81(a),S,H,-2.636,0.333,7.5,2
81(a),S,I,-2.327,0.405,5.5,2
81(a),S,K,-1.732,0.8937,6.5,2
81(a),S,L,-1.352,0.218,11.5,2
81(a),S,M,-0.3245,1.587,7,2
81(a),S,N,-1.86,0.346,6,2
81(a),S,P,-3.067,0.1725,7,2
81(a),S,Q,-0.245,1.587,6,2
81(a),S,R,-1.251,0.3101,12,2
81(a),S,S,0,0,,2
81(a),S,T,0.8765,0.3286,9.5,2
81(a),S,V,0.136,1.442,13,2
81(a),S,W,-2.88,0.0305,7,2
81(a),S,Y,-0.7042,0.5798,13,2
81(b),C,*,-8.016,0,0.5,1
81(b),C,-,-4.819,0,1.5,1
81(b),C,A,-4.402,0,11,2
81(b),C,C,0,0,,2
81(b),C,D,-11.34,0,10.5,2
81(b),C,E,-7.614,0,8,2
81(b),C,F,-3.84,0,15,2
81(b),C,G,-6.057,0,9,2
81(b),C,H,-5.841,0,11,2
81(b),C,I,-3.128,0.0585,8,2
81(b),C,K,-4.826,0,13.5,2
81(b),C,L,-3.457,0,10.5,2
81(b),C,M,-3.551,0,5.5,2
81(b),C,N,-8.369,0,5.5,2
81(b),C,P,-8.356,0,9,2
81(b),C,Q,-5.223,0,10.5,2
81(b),C,R,-5.342,0,8.5,2
81(b),C,S,-5.117,0,10,2
81(b),C,T,-4.652,0,9.5,2
81(b),C,V,-3.787,0,6.5,2
81(b),C,W,-4.871,0,7.5,2
81(b),C,Y,-5.286,0,36.5,2
82(a),N,-,-1.865,0.642,2.5,2
82(a),N,A,0.02,0.7521,5.5,2
82(a),N,C,0.7679,1.631,7,2
82(a),N,D,-0.4259,0.03985,14,2
82(a),N,E,-1.312,0.0855,9,2
82(a),N,F,-1.329,0.8747,6.5,2
82(a),N,G,-1.043,0.06295,8,2
82(a),N,H,0.6881,0.7719,16,2
82(a),N,I,-1.424,0.8742,5,2
82(a),N,K,0.5215,0.01965,8.5,2
82(a),N,L,-0.7585,0.2895,8,2
82(a),N,M,-0.0325,1.206,6,2
82(a),N,N,0,0,,2
82(a),N,P,-1.883,0.3185,9,2
82(a),N,Q,-1.389,0.2185,9.5,2
82(a),N,R,0.1965,0.6479,6.5,2
82(a),N,S,-0.6501,0.2792,10,2
82(a),N,T,-1.302,0.509,12.5,2
82(a),N,V,-0.0073,0.5581,11.5,2
82(a),N,W,-1.749,0.145,7.5,2
82(a),N,Y,-1.394,0.068,12.5,2
82(b),R,*,-14.33,0,2,2
82(b),R,-,-1.453,0.3355,1.5,2
82(b),R,A,-1.354,0.81,9,2
82(b),R,C,-1.376,0.255,17,2
82(b),R,D,-2.274,0.413,10,2
82(b),R,E,-1.773,0.7445,14.5,2
82(b),R,F,-1.648,0.4735,12.5,2
82(b),R,G,-1.882,0.0835,13,2
82(b),R,H,-0.959,0.4269,12,2
82(b),R,I,-0.3516,0.2978,17.5,2
82(b),R,K,0.0825,0.2838,14,2
82(b),R,L,-1.891,0.1365,12,2
82(b),R,M,-1.74,1.119,6.5,2
82(b),R,N,-0.3519,0.1693,13,2
82(b),R,P,-1.026,0.6096,10,2
82(b),R,Q,-0.25,1.059,5,2
82(b),R,R,0,0,,2
82(b),R,S,0.6267,0.4333,9,2
82(b),R,T,-0.6892,0.159,12.5,2
82(b),R,V,0.1269,0.8851,8,2
82(b),R,W,-2.097,0.267,9,2
82(b),R,Y,-0.1327,0.3524,9.5,2
83(a),R,*,-9.584,0,1,1
83(a),R,-,-0.1076,0.2015,1,2
83(a),R,A,-0.1336,0.7616,3.5,2
83(a),R,C,-1.34,0.6951,8.5,2
83(a),R,D,-1.394,0.0235,7,2
83(a),R,E,-1.31,0.1415,8.5,2
83(a),R,F,-0.5141,0.1949,7,2
83(a),R,G,-0.9551,0.4459,15,2
83(a),R,H,0.7208,0.5532,7,2
83(a),R,I,-2.07,0.167,8.5,2
83(a),R,K,-0.2406,0.1034,33,2
83(a),R,L,0.04585,0.4652,5.5,2
83(a),R,M,-1.704,0.335,2,2
83(a),R,N,-1.03,0.0195,8,2
83(a),R,P,-3.142,0.04,7.5,2
83(a),R,Q,0.199,1.442,6,2
83(a),R,R,0,0,,2
83(a),R,S,-0.6635,0.1609,9,2
83(a),R,T,-1.232,0.0375,7.5,2
83(a),R,V,-0.5877,0.9424,7,2
83(a),R,W,1.488,0.6578,6.5,2
83(a),R,Y,-0.7182,0.7278,6,2
83(b),H,-,-1.468,0.8004,1.5,2
83(b),H,A,-2.357,0.669,11.5,2
83(b),H,C,-2.425,0.1995,11,2
83(b),H,D,-2.978,0.1565,6,2
83(b),H,E,-2.644,0.2885,10,2
83(b),H,F,-1.643,1.172,6.5,2
83(b),H,G,-1.19,1.183,10.5,2
83(b),H,H,0,0,,2
83(b),H,I,-3.091,0,7,2
83(b),H,K,-1.582,1.179,7.5,2
83(b),H,L,-2.893,0.268,11,2
83(b),H,M,-2.05,0.0285,8,2
83(b),H,N,-1.789,0.443,11,2
83(b),H,P,-0.5252,0.1411,9.5,2
83(b),H,Q,-2.835,0.303,9,2
83(b),H,R,-1.287,0.3545,21.5,2
83(b),H,S,-1.936,1.159,8,2
83(b),H,T,-3.038,0.1605,12,2
83(b),H,V,-2.344,0.0705,9.5,2
83(b),H,W,-1.132,0.5303,9,2
83(b),H,Y,-0.9967,0.06835,17,2
84(a),S,-,-1.399,1.077,1,2
84(a),S,A,-0.6429,1.069,4.5,2
84(a),S,C,-1.107,1.219,12,2
84(a),S,D,-0.2952,0.3492,2.5,2
84(a),S,E,-0.42,0.6009,2.5,2
84(a),S,F,-0.4767,0.1398,16,2
84(a),S,G,-0.8527,0.2133,4.5,2
84(a),S,H,-0.9288,1.167,2,2
84(a),S,I,-0.4588,0.3664,21.5,2
84(a),S,K,-0.4124,0.1188,10.5,2
84(a),S,L,-0.5931,0.09295,11,2
84(a),S,M,0.09385,0.5751,12.5,2
84(a),S,N,-1.219,0.6965,12,2
84(a),S,P,-3.514,0,9.5,2
84(a),S,Q,-0.1939,0.4687,8.5,2
84(a),S,R,0.4649,0.7522,10.5,2
84(a),S,S,0,0,,2
84(a),S,T,0.9541,1.93,16,2
84(a),S,V,-2.219,0.575,6,2
84(a),S,W,-1.939,0.5115,6.5,2
84(a),S,Y,-0.6353,0.8097,14.5,2
84(b),N,-,-1.985,1.295,2,2
84(b),N,A,-3.088,0,7.5,2
84(b),N,C,-3.218,0,7.5,2
84(b),N,D,0.02015,0.1756,12,2
84(b),N,E,-3.728,0,11,2
84(b),N,F,-3.367,0,8.5,2
84(b),N,G,-2.425,0.0885,10,2
84(b),N,H,-3.594,0,17,2
84(b),N,I,-3.752,0,14,2
84(b),N,K,-3.316,0,10,2
84(b),N,L,-3.364,0.1185,10.5,2
84(b),N,M,-3.402,0,7.5,2
84(b),N,N,0,0,,2
84(b),N,P,-3.265,0,10,2
84(b),N,Q,-3.538,0,9.5,2
84(b),N,R,-4.501,0,12,2
84(b),N,S,-2.931,0.2665,12.5,2
84(b),N,T,-3.301,0,8,2
84(b),N,V,-3.672,0,5,2
84(b),N,W,-3.801,0,11,2
84(b),N,Y,-3.858,0,7.5,2
85(a),Q,*,-8.61,0,6.5,2
85(a),Q,-,-2.198,0.313,1.5,2
85(a),Q,A,0.07245,0.6048,3.5,2
85(a),Q,C,1.083,0,1,1
85(a),Q,D,-1.132,0,2,1
85(a),Q,E,-0.9043,0.0473,2.5,2
85(a),Q,F,-0.3587,0.9143,5.5,2
85(a),Q,G,-0.7353,0.3847,3.5,2
85(a),Q,H,-0.4643,0.8697,18.5,2
85(a),Q,I,-0.4092,0.2448,7,2
85(a),Q,K,-0.2651,0.9449,8.5,2
85(a),Q,L,-0.9465,1.147,3.5,2
85(a),Q,M,0.1261,0.538,11,2
85(a),Q,N,-1.288,1.124,5,2
85(a),Q,P,0.5505,1.925,4,2
85(a),Q,Q,0,0,,2
85(a),Q,R,0.9244,0.1525,6,2
85(a),Q,S,-1.356,1.084,8,2
85(a),Q,T,-1.437,1.308,8,2
85(a),Q,V,-1.287,0.7599,2,2
85(a),Q,W,-1.484,1.804,2.5,2
85(a),Q,Y,0.2495,1.786,2.5,2
85(b),Y,*,-4.591,0,0.5,1
85(b),Y,-,-0.08395,0.6028,2,2
85(b),Y,A,-2.41,0.056,10.5,2
85(b),Y,C,-2.258,0.1045,12.5,2
85(b),Y,D,-3.008,0.217,10,2
85(b),Y,E,-2.87,0.2575,12,2
85(b),Y,F,0.06505,0.06305,12,2
85(b),Y,G,-1.891,1.174,12,2
85(b),Y,H,-0.2272,0.7636,5.5,2
85(b),Y,I,-1.082,0.8808,9,2
85(b),Y,K,-2.832,0.214,7.5,2
85(b),Y,L,-1.045,0.5326,7,2
85(b),Y,M,-1.185,0.098,14,2
85(b),Y,N,-2.036,0.276,10,2
85(b),Y,P,-3.353,0.008,13.5,2
85(b),Y,Q,-2.348,0.1235,9,2
85(b),Y,R,-2.303,0.0015,11,2
85(b),Y,S,-2.255,0.715,12,2
85(b),Y,T,-2.18,0.1715,11.5,2
85(b),Y,V,-1.599,0.3715,11.5,2
85(b),Y,W,-0.3798,0.3373,10,2
85(b),Y,Y,0,0,,2
86(a),G,*,-9.935,0,5,2
86(a),G,-,-2.206,0.268,1.5,2
86(a),G,A,-1.257,0.4687,11,2
86(a),G,C,-1.123,0.2451,5.5,2
86(a),G,D,0.7389,1.176,4,2
86(a),G,E,-1.247,0.3909,27.5,2
86(a),G,F,-1.5,0.111,10.5,2
86(a),G,G,0,0,,2
86(a),G,H,-1.24,0.1505,12.5,2
86(a),G,I,-1.01,0.3825,4,2
86(a),G,K,-0.791,0.1204,7,2
86(a),G,L,-2.511,0.0365,5.5,2
86(a),G,M,-0.5778,0.01625,10,2
86(a),G,N,-1.166,0.9838,7.5,2
86(a),G,P,-1.312,1.154,6.5,2
86(a),G,Q,-1.458,0.089,9,2
86(a),G,R,-2.093,0.1775,25,2
86(a),G,S,0.3228,0.2897,6,2
86(a),G,T,0.4446,1.014,8.5,2
86(a),G,V,-0.8,0.1975,13.5,2
86(a),G,W,1.679,0.1675,5.5,2
86(a),G,Y,-1.555,0.5864,12,2
86(b),F,-,0.2223,0.0238,1,2
86(b),F,A,-2.927,0.016,11,2
86(b),F,C,-2.942,0.188,7.5,2
86(b),F,D,-3.056,0.162,11,2
86(b),F,E,-1.508,0.9329,7,2
86(b),F,F,0,0,,2
86(b),F,G,-2.329,0.3575,5,2
86(b),F,H,-2.803,0.281,9.5,2
86(b),F,I,-2.658,0.331,13.5,2
86(b),F,K,-1.406,1.706,12,2
86(b),F,L,-0.3108,0.3908,12.5,2
86(b),F,M,-2.018,0.6105,10.5,2
86(b),F,N,-1.57,0.7603,12,2
86(b),F,P,-2.401,0.19,11.5,2
86(b),F,Q,-2.648,0.011,10.5,2
86(b),F,R,-2.434,0.302,9,2
86(b),F,S,-3.811,0,13.5,2
86(b),F,T,-3.579,0,15,2
86(b),F,V,-2.513,0.2645,5,2
86(b),F,W,-3.053,0,14,2
86(b),F,Y,-2.357,0.2475,12.5,2
87(a),T,-,-0.1678,0,1.5,1
87(a),T,A,0.1099,0.1885,17.5,2
87(a),T,C,-0.3963,1.212,9.5,2
87(a),T,D,-0.3519,0.2863,10.5,2
87(a),T,E,0.6663,0.6537,4,2
87(a),T,F,0.0322,0.392,10.5,2
87(a),T,G,-0.6388,0.4092,11.5,2
87(a),T,H,-0.7913,1.075,12,2
87(a),T,I,-0.2591,0.00625,18,2
87(a),T,K,0.3221,0.4438,12,2
87(a),T,L,1.144,1.155,8.5,2
87(a),T,M,0.05604,0.07805,9,2
87(a),T,N,0.424,1.436,14,2
87(a),T,P,-1.449,0.531,14,2
87(a),T,Q,0.03835,0.5917,10,2
87(a),T,R,0.5412,0.7718,11.5,2
87(a),T,S,-0.4202,0.9969,8.5,2
87(a),T,T,0,0,,2
87(a),T,V,-2.76,0,0.5,1
87(a),T,W,-0.3034,0.6218,13.5,2
87(a),T,Y,-1.064,0.5016,9.5,2
87(b),M,-,0.02005,0.1048,1,2
87(b),M,A,0.1408,0.7823,6,2
87(b),M,C,-0.9879,0.496,8,2
87(b),M,D,-2.869,0.0675,10,2
87(b),M,E,-2.282,0.0525,6.5,2
87(b),M,F,-1.8,0.1785,13,2
87(b),M,G,-2.338,0.762,3.5,2
87(b),M,H,-1.245,0.8494,12.5,2
87(b),M,I,-2.681,0.3895,18,2
87(b),M,K,-2.787,0.224,13.5,2
87(b),M,L,0.9848,0.1373,8.5,2
87(b),M,M,0,0,,2
87(b),M,N,-3.062,0.1895,12.5,2
87(b),M,P,-2.859,0.297,8,2
87(b),M,Q,-1.91,0.63,12,2
87(b),M,R,-2.562,0.2525,11,2
87(b),M,S,-0.9658,0.3871,8.5,2
87(b),M,T,-0.4695,0.9555,6.5,2
87(b),M,V,-2.156,0.177,14,2
87(b),M,W,-2.501,0.102,9,2
87(b),M,Y,-2.624,0.069,8.5,2
88(a),I,-,-1.463,0.8526,2,2
88(a),I,A,-0.9021,0.8139,8,2
88(a),I,C,-1.273,0.184,7.5,2
88(a),I,D,-1.769,0.2645,10,2
88(a),I,E,-0.4358,0.3215,5.5,2
88(a),I,F,-1.237,0.7008,14,2
88(a),I,G,-1.351,0.5091,6.5,2
88(a),I,H,-0.5699,0.2711,11.5,2
88(a),I,I,0,0,,2
88(a),I,K,0.2704,0.6963,10,2
88(a),I,L,-0.2665,0.5807,14,2
88(a),I,M,-0.3445,0.7695,10.5,2
88(a),I,N,-0.4608,0.4103,13.5,2
88(a),I,P,-1.688,0.61,9.5,2
88(a),I,Q,-1.675,0.3225,8,2
88(a),I,R,-1.454,0.0875,10,2
88(a),I,S,0.4774,0.4113,12,2
88(a),I,T,-1.083,1.236,8,2
88(a),I,V,-0.2568,0.3675,30.5,2
88(a),I,W,-1.423,0.4687,16,2
88(a),I,Y,2.341,0.7145,9,2
88(b),A,-,-1.823,1.433,1.5,2
88(b),A,A,0,0,,2
88(b),A,C,-1.367,0.255,10.5,2
88(b),A,D,-2.824,0.1335,13.5,2
88(b),A,E,-1.296,0.3001,10.5,2
88(b),A,F,-1.813,1.177,8,2
88(b),A,G,-1.524,0.1005,11.5,2
88(b),A,H,-0.6525,0.5205,8,2
88(b),A,I,-2.555,0.4935,11,2
88(b),A,K,-0.5918,0.4732,9,2
88(b),A,L,-2.082,0.1035,15,2
88(b),A,M,-1.817,1.029,4.5,2
88(b),A,N,-2.335,0.3235,11,2
88(b),A,P,-2.417,0.626,10.5,2
88(b),A,Q,-2.136,0.594,8.5,2
88(b),A,R,0.4992,0.3213,13.5,2
88(b),A,S,-0.6912,1.1,18.5,2
88(b),A,T,-0.3574,0.0373,38,2
88(b),A,V,-0.4584,0.6556,21.5,2
88(b),A,W,-2.607,0.3395,10.5,2
88(b),A,Y,-2.296,0.3885,8.5,2
89(a),A,-,-2.156,1.576,2.5,2
89(a),A,A,0,0,,2
89(a),A,C,0.4655,0.6045,10,2
89(a),A,D,1.265,0.053,14.5,2
89(a),A,E,-1.474,0.6663,8.5,2
89(a),A,F,-0.1008,0.3518,10.5,2
89(a),A,G,-1.086,0.024,11,2
89(a),A,H,-1.365,1.055,8.5,2
89(a),A,I,0.4598,1.185,11,2
89(a),A,K,-1.331,0.4523,12,2
89(a),A,L,-0.1165,0.7733,10,2
89(a),A,M,-0.5542,0.3588,10,2
89(a),A,N,-1.14,0.3901,10.5,2
89(a),A,P,-3.569,0,9.5,2
89(a),A,Q,2.166,0.5185,7.5,2
89(a),A,R,-1.007,0.9516,13,2
89(a),A,S,-0.5825,0.7605,17,2
89(a),A,T,-0.9556,0.3024,19,2
89(a),A,V,0.1468,0.028,17.5,2
89(a),A,W,1.734,0.9085,10,2
89(a),A,Y,-1.557,0.4705,6,2
89(b),S,-,0.02069,0.0939,1,2
89(b),S,A,0.2104,0.4268,11.5,2
89(b),S,C,-1.066,0.3367,9,2
89(b),S,D,0.178,0.8239,9,2
89(b),S,E,-0.182,1.678,7.5,2
89(b),S,F,-0.2491,0.1305,8.5,2
89(b),S,G,0.0703,0.3364,15.5,2
89(b),S,H,-0.1001,0.8066,8,2
89(b),S,I,-0.5169,0.3673,11,2
89(b),S,K,-0.8143,0.2887,9,2
89(b),S,L,-0.8941,0.7539,11,2
89(b),S,M,-0.2707,0.2324,9.5,2
89(b),S,N,-0.09335,0.195,22,2
89(b),S,P,1.203,1.087,9.5,2
89(b),S,Q,-0.5955,0.1909,9.5,2
89(b),S,R,0.7264,1.671,14,2
89(b),S,S,0,0,,2
89(b),S,T,1.283,1.257,17.5,2
89(b),S,V,-0.6729,0.3089,8,2
89(b),S,W,-1.914,0.02,10.5,2
89(b),S,Y,0.2105,1.454,10,2
9(T2A),L,-,-0.3501,1.043,1.5,2
9(T2A),L,L,0,0,,2
9(T2A),L,M,0.1598,0.3376,2,2
9(T2A),L,P,-2.673,0.4625,5,2
9(T2A),L,Q,-1.607,0.1585,2.5,2
9(T2A),L,R,-0.3179,0,1,1
9(a),Q,*,-12.72,0,35.5,2
9(a),Q,-,-0.3939,0,0.5,1
9(a),Q,A,-1.64,0.45,8.5,2
9(a),Q,C,-0.976,1.023,7,2
9(a),Q,D,-2.439,0.47,10,2
9(a),Q,E,-2.004,0.089,9.5,2
9(a),Q,F,-0.3111,0.8789,9.5,2
9(a),Q,G,-3.396,0,4.5,2
9(a),Q,H,-1.947,1.111,11.5,2
9(a),Q,I,-2.146,0.272,9,2
9(a),Q,K,-3.589,0,6,2
9(a),Q,L,-1.036,0.5543,12,2
9(a),Q,M,-0.3487,0.36,11.5,2
9(a),Q,N,-3.499,0,9.5,2
9(a),Q,P,-4.425,0,13.5,2
9(a),Q,Q,0,0,,2
9(a),Q,R,-4.197,0,21,2
9(a),Q,S,-2.724,0.507,11.5,2
9(a),Q,T,-0.1027,0.6802,8.5,2
9(a),Q,V,1.099,0.1519,7,2
9(a),Q,W,-3.442,0,10,2
9(a),Q,Y,-3.141,0,4.5,2
9(b),F,-,-1.791,1.22,3.5,2
9(b),F,A,-1.358,0.6973,7,2
9(b),F,C,-2.481,0.08,14.5,2
9(b),F,D,-1.917,0.0105,12,2
9(b),F,E,-1.196,0.1994,11,2
9(b),F,F,0,0,,2
9(b),F,G,-3.028,0.1365,10.5,2
9(b),F,H,-0.4119,0.3146,9,2
9(b),F,I,-2.556,0.3585,11.5,2
9(b),F,K,-4.215,0,9.5,2
9(b),F,L,-2.883,0.198,9.5,2
9(b),F,M,-2.179,0.5425,11.5,2
9(b),F,N,-1.361,0.9147,11,2
9(b),F,P,-8.819,0,10,2
9(b),F,Q,0.1225,1.997,9.5,2
9(b),F,R,-3.139,0,10,2
9(b),F,S,-2.306,0.7565,9,2
9(b),F,T,-2.212,0.7905,8,2
9(b),F,V,-2.742,0.2285,13.5,2
9(b),F,W,-0.7891,0.1145,10,2
9(b),F,Y,-0.02885,0.244,9.5,2
90(a),P,-,-1.382,1.086,2,2
90(a),P,A,1.631,1.158,8.5,2
90(a),P,C,1.056,1.577,14.5,2
90(a),P,D,-1.301,0.241,8.5,2
90(a),P,E,-0.5935,0.0665,10.5,2
90(a),P,F,-0.3095,0.4725,9.5,2
90(a),P,G,-0.244,0.6735,9.5,2
90(a),P,H,0.7581,0.7769,14,2
90(a),P,I,0.8165,0.5965,14,2
90(a),P,K,1.996,0.462,9,2
90(a),P,L,0.3667,0.3455,13.5,2
90(a),P,M,0.2354,0.7417,9.5,2
90(a),P,N,0.8028,0.123,10,2
90(a),P,P,0,0,,2
90(a),P,Q,-0.8684,0.2926,9,2
90(a),P,R,0.3192,0.4268,9,2
90(a),P,S,-0.8765,0.5335,15,2
90(a),P,T,-0.6737,0.6303,8.5,2
90(a),P,V,-0.1255,0.68,11,2
90(a),P,W,-0.4122,0.5414,8.5,2
90(a),P,Y,-1.218,0.5899,8,2
90(b),F,-,-0.3981,0.023,1.5,2
90(b),F,A,-2.635,0.5445,4.5,2
90(b),F,C,-0.106,1.031,8.5,2
90(b),F,D,-2.287,0.1905,7,2
90(b),F,E,-2.642,0.178,9,2
90(b),F,F,0,0,,2
90(b),F,G,-1.142,0.9052,8.5,2
90(b),F,H,-2.082,0.2495,10.5,2
90(b),F,I,-1.38,0.9658,14,2
90(b),F,K,0.1123,0.9098,9,2
90(b),F,L,-1.638,0.537,14.5,2
90(b),F,M,-1.919,0.004,7.5,2
90(b),F,N,-2.633,0.1525,11.5,2
90(b),F,P,-1.599,1.612,9,2
90(b),F,Q,-1.32,0.9719,7.5,2
90(b),F,R,-1.746,0.4755,8.5,2
90(b),F,S,-1.244,0.5025,13,2
90(b),F,T,-2.551,0.1335,7.5,2
90(b),F,V,-2.528,0.177,13,2
90(b),F,W,0.5175,0.0767,7.5,2
90(b),F,Y,-1.483,0.6913,7.5,2
91(a),P,-,-3.559,0.441,2.5,2
91(a),P,A,0.075,2.11,10.5,2
91(a),P,C,-2.026,0.0465,8.5,2
91(a),P,D,-4.436,0,13,2
91(a),P,E,-3.936,0,11.5,2
91(a),P,F,-3.946,0,6,2
91(a),P,G,-1.378,0.0975,9.5,2
91(a),P,H,-3.873,0,10,2
91(a),P,I,-3.321,0.0295,12,2
91(a),P,K,-4.191,0,6,2
91(a),P,L,-4.103,0,13.5,2
91(a),P,M,-3.349,0,11.5,2
91(a),P,N,-4.046,0,10,2
91(a),P,P,0,0,,2
91(a),P,Q,-3.505,0,12.5,2
91(a),P,R,-4.021,0,14.5,2
91(a),P,S,-3.359,0,13,2
91(a),P,T,-3.384,0,12.5,2
91(a),P,V,-2.116,0.9085,13,2
91(a),P,W,-4.535,0,9,2
91(a),P,Y,-3.841,0,11.5,2
91(b),T,-,-0.3925,0.3846,2,2
91(b),T,A,-1.374,1.387,10,2
91(b),T,C,-0.1981,0.4287,10,2
91(b),T,D,-2.593,0.0615,7.5,2
91(b),T,E,-2.693,0.278,8,2
91(b),T,F,-2.835,0.3905,4.5,2
91(b),T,G,-3.116,0.1585,7.5,2
91(b),T,H,-2.252,0.6515,6.5,2
91(b),T,I,-1.736,0.385,17,2
91(b),T,K,-2.546,0.4525,5.5,2
91(b),T,L,-0.9266,0.0007,8.5,2
91(b),T,M,-2.74,0.332,6,2
91(b),T,N,-1.978,0.4885,10,2
91(b),T,P,-2.712,0.328,16,2
91(b),T,Q,-2.771,0.0135,9,2
91(b),T,R,-2.994,0.1185,15.5,2
91(b),T,S,-2.755,0.0045,9,2
91(b),T,T,0,0,,2
91(b),T,V,-2.241,0.054,10.5,2
91(b),T,W,-2.487,0.449,7,2
91(b),T,Y,-2.303,0.825,5,2
92(a),E,*,-7.471,0.954,4.5,2
92(a),E,-,-5.34,0,2,1
92(a),E,A,-1.739,1.092,6,2
92(a),E,C,0.5193,0.7217,10.5,2
92(a),E,D,2.171,1.056,9.5,2
92(a),E,E,0,0,,2
92(a),E,F,-1.636,0.9641,7,2
92(a),E,G,-0.07225,0.1781,20.5,2
92(a),E,H,-0.4988,0.1107,9,2
92(a),E,I,-0.2338,0.1575,11,2
92(a),E,K,0.9797,0.0663,12.5,2
92(a),E,L,-0.158,0.4324,12.5,2
92(a),E,M,4.684,3.558,7.5,2
92(a),E,N,-0.2981,0.9039,7,2
92(a),E,P,-3.003,0.134,7.5,2
92(a),E,Q,0.4417,0.9073,8,2
92(a),E,R,-0.2986,0.4571,11,2
92(a),E,S,2.099,0,0.5,1
92(a),E,T,-0.7449,0.04515,7.5,2
92(a),E,V,1.374,0.227,8.5,2
92(a),E,W,0.3348,1.129,9,2
92(a),E,Y,-1.227,0.017,8.5,2
92(b),V,-,-1.182,0.4723,2.5,2
92(b),V,A,-0.6204,0.5486,14,2
92(b),V,C,-1.831,0.244,5.5,2
92(b),V,D,-0.496,1.811,7.5,2
92(b),V,E,-2.626,0.1275,10,2
92(b),V,F,-2.086,0.008,9.5,2
92(b),V,G,-2.431,0.1245,6.5,2
92(b),V,H,-2.543,0.162,10,2
92(b),V,I,0.2155,1.248,9,2
92(b),V,K,-2.672,0.396,10.5,2
92(b),V,L,-0.1199,0.3095,15,2
92(b),V,M,-1.982,1.113,24.5,2
92(b),V,N,-2.444,0.2095,10.5,2
92(b),V,P,-2.728,0.03,7,2
92(b),V,Q,-2.651,0.029,6.5,2
92(b),V,R,-1.914,0.6335,16,2
92(b),V,S,-2.535,0.337,12.5,2
92(b),V,T,-1.94,0.1,8.5,2
92(b),V,V,0,0,,2
92(b),V,W,-2.435,0.678,12,2
92(b),V,Y,-1.729,0.7839,9.5,2
93(a),V,-,-0.619,0.092,2,2
93(a),V,A,1.152,0.7956,12,2
93(a),V,C,-0.7432,0.6328,10.5,2
93(a),V,D,-2.438,0.145,5.5,2
93(a),V,E,-1.869,0.4535,11.5,2
93(a),V,F,0.5246,0.01035,13,2
93(a),V,G,-1.522,0.429,9.5,2
93(a),V,H,-1.101,1.245,9.5,2
93(a),V,I,-0.5034,0.424,10.5,2
93(a),V,K,-0.1101,0.5137,7.5,2
93(a),V,L,-1.788,0.003,15.5,2
93(a),V,M,0.2206,0.3091,14.5,2
93(a),V,N,-0.4302,0.1326,13,2
93(a),V,P,-0.6529,0.1609,14.5,2
93(a),V,Q,0.0918,0.4102,11.5,2
93(a),V,R,-0.413,1.334,10,2
93(a),V,S,1.309,0.232,15.5,2
93(a),V,T,0.1883,0.5635,9.5,2
93(a),V,V,0,0,,2
93(a),V,W,-1.622,0.9345,11.5,2
93(a),V,Y,-1.316,0.72,15,2
93(b),D,-,-0.697,0.81,3,2
93(b),D,A,-0.726,1.331,9,2
93(b),D,C,-0.6556,1.061,9,2
93(b),D,D,0,0,,2
93(b),D,E,0.3142,1.295,7.5,2
93(b),D,F,-0.6745,0.2322,7.5,2
93(b),D,G,-0.06575,0.4844,12,2
93(b),D,H,-0.337,0.725,8.5,2
93(b),D,I,-2.138,0.595,7,2
93(b),D,K,-0.1755,0.9385,9,2
93(b),D,L,-1.156,0.6014,8.5,2
93(b),D,M,1.553,0.947,8.5,2
93(b),D,N,-1.518,0.3235,19.5,2
93(b),D,P,-2.721,0.2805,10.5,2
93(b),D,Q,0.6983,1.676,9.5,2
93(b),D,R,-1.453,0.76,10.5,2
93(b),D,S,-0.5347,1.084,9.5,2
93(b),D,T,-1.57,1.251,9.5,2
93(b),D,V,-2.402,0.018,11.5,2
93(b),D,W,-0.7672,0.3338,6.5,2
93(b),D,Y,-1.578,0.086,12,2
94(a),T,-,-0.4719,0.0874,2.5,2
94(a),T,A,1.166,0.4673,16.5,2
94(a),T,C,1.474,1.451,13.5,2
94(a),T,D,0.054,1.056,13.5,2
94(a),T,E,0.101,0.7148,10,2
94(a),T,F,0.8827,1.43,11,2
94(a),T,G,0.09932,0.04848,8.5,2
94(a),T,H,0.0535,1.542,9,2
94(a),T,I,1.212,1.226,18.5,2
94(a),T,K,1.177,1.253,13,2
94(a),T,L,-1.774,0.15,7.5,2
94(a),T,M,-0.5033,0.5097,10.5,2
94(a),T,N,0.5675,1.966,10.5,2
94(a),T,P,-2.874,0.363,9,2
94(a),T,Q,0.5828,0.6462,8.5,2
94(a),T,R,0.9732,0.4388,10.5,2
94(a),T,S,0.4136,0.4339,11.5,2
94(a),T,T,0,0,,2
94(a),T,V,0.7945,0.6895,8.5,2
94(a),T,W,-1.833,0.8994,10,2
94(a),T,Y,1.818,0.9521,8,2
94(b),R,*,-7.252,0,2,2
94(b),R,-,-1.689,1.423,3.5,2
94(b),R,A,-1.852,0.158,11.5,2
94(b),R,C,-2.006,0.01,12.5,2
94(b),R,D,-0.7018,0.8171,8,2
94(b),R,E,-1.673,0.3945,6.5,2
94(b),R,F,-2.923,0.118,6.5,2
94(b),R,G,-1.054,0.01,15.5,2
94(b),R,H,0.325,1.19,14,2
94(b),R,I,-1.796,0.391,13.5,2
94(b),R,K,1.052,0.6764,11,2
94(b),R,L,-1.547,0.3845,7.5,2
94(b),R,M,-1.656,0.6648,8,2
94(b),R,N,0.68,0.635,11.5,2
94(b),R,P,-2.259,0.759,11,2
94(b),R,Q,0.2519,1.222,10,2
94(b),R,R,0,0,,2
94(b),R,S,-0.7335,1.776,6,2
94(b),R,T,-1.718,0.9933,12.5,2
94(b),R,V,0.9467,0.9823,6.5,2
94(b),R,W,-1.867,0.319,7.5,2
94(b),R,Y,-0.9902,0.3219,10.5,2
95(a),V,-,-0.2993,0.3067,3,2
95(a),V,A,-0.3162,0.0433,15.5,2
95(a),V,C,-0.2,1.591,15,2
95(a),V,D,-3.797,0,11.5,2
95(a),V,E,-2.854,0.1975,9.5,2
95(a),V,F,-2.09,0.117,12.5,2
95(a),V,G,-1.843,0.5395,7.5,2
95(a),V,H,-2.695,0.064,12,2
95(a),V,I,-0.2974,0.1538,15.5,2
95(a),V,K,-3.485,0,3,2
95(a),V,L,0.5587,0.257,14,2
95(a),V,M,-1.343,1.12,11.5,2
95(a),V,N,-1.559,0.3725,4,2
95(a),V,P,-2.663,0.448,8.5,2
95(a),V,Q,-1.905,0.331,14,2
95(a),V,R,-3.109,0.085,7.5,2
95(a),V,S,-1.578,0.0855,11,2
95(a),V,T,-0.2465,0.2494,11,2
95(a),V,V,0,0,,2
95(a),V,W,-3.804,0,11.5,2
95(a),V,Y,-3.287,0,10,2
95(b),R,-,-1.561,0.12,4.5,2
95(b),R,A,-0.3892,0.07615,7,2
95(b),R,C,-0.7287,0.043,14.5,2
95(b),R,D,-0.6308,0.5502,7.5,2
95(b),R,E,-0.4798,0.9012,7,2
95(b),R,F,-0.4493,0.1975,11,2
95(b),R,G,-1.867,0.1775,8.5,2
95(b),R,H,0.415,1.598,11,2
95(b),R,I,-0.9532,1.049,12.5,2
95(b),R,K,-1.036,0.7903,10,2
95(b),R,L,0.8051,0.7799,16.5,2
95(b),R,M,1.248,2.214,12.5,2
95(b),R,N,0.835,2.588,13,2
95(b),R,P,-2.136,0.6495,6,2
95(b),R,Q,-0.5649,0.8621,19,2
95(b),R,R,0,0,,2
95(b),R,S,-1.967,0.051,9,2
95(b),R,T,-1.27,0.362,9,2
95(b),R,V,-1.082,1.325,6.5,2
95(b),R,W,0.7846,0.9794,16.5,2
95(b),R,Y,0.039,2.127,8.5,2
96(a),F,-,-0.6782,0.07315,3,2
96(a),F,A,0.6802,1.005,10.5,2
96(a),F,C,-0.3676,0.4378,11.5,2
96(a),F,D,-1.659,0.787,12,2
96(a),F,E,-1.391,0.267,12.5,2
96(a),F,F,0,0,,2
96(a),F,G,0.6432,0.2954,10,2
96(a),F,H,-1.35,0.605,13,2
96(a),F,I,-0.1058,0.2616,7.5,2
96(a),F,K,-3.049,0.0195,13,2
96(a),F,L,-0.128,0.1474,11,2
96(a),F,M,1.272,0.5038,6,2
96(a),F,N,-1.915,0.155,9,2
96(a),F,P,-9.991,0,10.5,2
96(a),F,Q,-0.4805,2.108,11.5,2
96(a),F,R,-2.346,0.3175,13,2
96(a),F,S,-1.168,0.7798,9.5,2
96(a),F,T,-1.235,1.024,9.5,2
96(a),F,V,0.9984,1.239,17,2
96(a),F,W,-0.659,0.831,10,2
96(a),F,Y,-0.0555,1.877,12,2
96(b),V,-,-0.04815,0.3982,5.5,2
96(b),V,A,-0.7113,0.2574,8.5,2
96(b),V,C,-0.9231,1.542,8.5,2
96(b),V,D,-0.9869,0.2821,11,2
96(b),V,E,-1.802,0.031,9,2
96(b),V,F,-0.5225,0.6115,14,2
96(b),V,G,-0.555,2.077,8,2
96(b),V,H,-1.54,0.011,9,2
96(b),V,I,1.057,1.13,17.5,2
96(b),V,K,-1.478,0.7844,9.5,2
96(b),V,L,0.3089,0.3575,10.5,2
96(b),V,M,-0.4556,1.009,10,2
96(b),V,N,-1.769,0.642,8.5,2
96(b),V,P,-2.233,0.116,7.5,2
96(b),V,Q,1.387,0.5255,11.5,2
96(b),V,R,0.6017,0.2368,10,2
96(b),V,S,-0.8686,0.2654,10,2
96(b),V,T,1.018,1.17,12,2
96(b),V,V,0,0,,2
96(b),V,W,-0.7072,0.4188,9.5,2
96(b),V,Y,-0.6089,0.4641,9.5,2
97(a),S,-,-0.3163,0.0526,3,2
97(a),S,A,0.9529,0.1921,5.5,2
97(a),S,C,1.086,1.712,14,2
97(a),S,D,0.6635,1.183,9,2
97(a),S,E,4.045,2.27,10,2
97(a),S,F,-0.4853,0.2589,13,2
97(a),S,G,0.6173,0.4668,14.5,2
97(a),S,H,0.4226,0.1787,13,2
97(a),S,I,-1.148,0.0855,17,2
97(a),S,K,0.3764,0.6996,8.5,2
97(a),S,L,0.1462,0.589,8,2
97(a),S,M,-0.7045,0.5205,10.5,2
97(a),S,N,-0.8197,1.081,12.5,2
97(a),S,P,0.2807,0.08285,10.5,2
97(a),S,Q,-1.061,0.4494,11,2
97(a),S,R,-1.133,0.4632,9,2
97(a),S,S,0,0,,2
97(a),S,T,0.5856,0.7414,9.5,2
97(a),S,V,1.364,0.4985,7,2
97(a),S,W,-1.057,0.1783,8,2
97(a),S,Y,0.9849,0.3131,9.5,2
97(b),E,*,-6.679,0,3.5,2
97(b),E,-,-0.7987,0.4854,5,2
97(b),E,A,-0.7564,1.072,8.5,2
97(b),E,C,-0.3562,0.4533,11.5,2
97(b),E,D,-0.04475,0.6037,18,2
97(b),E,E,0,0,,2
97(b),E,F,-1.323,0.295,7.5,2
97(b),E,G,0.3558,0.2222,10,2
97(b),E,H,-1.454,0.795,6.5,2
97(b),E,I,-1.273,0.159,8,2
97(b),E,K,-0.8405,0.1864,13.5,2
97(b),E,L,-0.539,1.25,7.5,2
97(b),E,M,0.6107,0.6643,11,2
97(b),E,N,-0.302,1.707,8,2
97(b),E,P,0.3474,1.193,9.5,2
97(b),E,Q,0.16,1.978,14.5,2
97(b),E,R,0.8245,1.201,11.5,2
97(b),E,S,-1.152,0.8104,11,2
97(b),E,T,-0.2774,0.485,9.5,2
97(b),E,V,-0.5204,0.2681,12,2
97(b),E,W,-0.3478,0.256,7.5,2
97(b),E,Y,-1.241,0.2145,7,2
98(a),E,*,-7.62,0,6,2
98(a),E,-,0.0893,0.3277,3,2
98(a),E,A,-0.03175,0.7606,11.5,2
98(a),E,C,-0.141,1.644,12,2
98(a),E,D,-1.393,0.7218,19.5,2
98(a),E,E,0,0,,2
98(a),E,F,-1.357,0.1825,9.5,2
98(a),E,G,-0.2455,1.147,12,2
98(a),E,H,1.996,0.507,6,2
98(a),E,I,-0.4712,0.5378,9.5,2
98(a),E,K,0.09179,0.05441,23,2
98(a),E,L,-1.29,0.245,10.5,2
98(a),E,M,-0.6565,1.427,8,2
98(a),E,N,-1.122,0.7651,10.5,2
98(a),E,P,-1.747,0.0615,11,2
98(a),E,Q,0.2017,0.6336,13.5,2
98(a),E,R,2.399,0.201,10.5,2
98(a),E,S,-0.608,0.61,13,2
98(a),E,T,1.093,0.1493,10,2
98(a),E,V,-0.1663,0.3019,14,2
98(a),E,W,-0.7553,1.471,10.5,2
98(a),E,Y,-1.562,0.083,12.5,2
98(b),P,-,-3.59,0,4,2
98(b),P,A,-1.301,0.3382,10.5,2
98(b),P,C,0.6852,0.096,8.5,2
98(b),P,D,-3.753,0,10,2
98(b),P,E,-3.085,0.3085,12,2
98(b),P,F,-1.547,0.7748,6.5,2
98(b),P,G,-1.16,0.06,10.5,2
98(b),P,H,-2.021,0.5425,8.5,2
98(b),P,I,-3.05,0.165,8.5,2
98(b),P,K,-3.713,0,9,2
98(b),P,L,-2.841,0.134,8,2
98(b),P,M,-1.979,0.019,10,2
98(b),P,N,-3.066,0.003,10,2
98(b),P,P,0,0,,2
98(b),P,Q,-2.61,0.4415,8.5,2
98(b),P,R,-3.585,0,11.5,2
98(b),P,S,-1.445,0.7963,18,2
98(b),P,T,-1.666,0.2085,10.5,2
98(b),P,V,-1.893,0.579,12.5,2
98(b),P,W,-3.062,0.027,11.5,2
98(b),P,Y,-1.973,0.43,8,2
99(a),D,-,-0.4799,0.3108,3,2
99(a),D,A,0.8874,1.635,13.5,2
99(a),D,C,-0.4662,0.5283,12.5,2
99(a),D,D,0,0,,2
99(a),D,E,0.8284,0.5535,9,2
99(a),D,F,-0.6223,1.327,7.5,2
99(a),D,G,1.42,1.972,8,2
99(a),D,H,1.71,2.323,9.5,2
99(a),D,I,-0.2629,0.0295,10.5,2
99(a),D,K,-0.1612,0.5253,11,2
99(a),D,L,-0.7267,0.6473,8.5,2
99(a),D,M,0.1778,0.1277,11.5,2
99(a),D,N,0.1426,0.0154,20.5,2
99(a),D,P,0.3628,0.9342,9,2
99(a),D,Q,0.7548,0.4962,8.5,2
99(a),D,R,1.131,0.6159,10,2
99(a),D,S,0.401,0.318,10.5,2
99(a),D,T,0.0324,0.6039,10,2
99(a),D,V,-1.127,0.0825,9,2
99(a),D,W,0.341,1.56,10,2
99(a),D,Y,-0.5317,0.1606,18,2
99(b),K,*,-10.12,0,2,2
99(b),K,-,-1.539,0.353,2.5,2
99(b),K,A,-1.253,0.5571,8,2
99(b),K,C,-1.204,0.7055,11.5,2
99(b),K,D,-1.363,0.3265,5.5,2
99(b),K,E,-0.1107,0.9153,14,2
99(b),K,F,-0.641,0.563,16.5,2
99(b),K,G,-1.223,0.8126,10,2
99(b),K,H,1.174,0.5201,11,2
99(b),K,I,-1.479,0.067,17.5,2
99(b),K,K,0,0,,2
99(b),K,L,-0.675,0.913,9,2
99(b),K,M,-1.554,0.6487,8.5,2
99(b),K,N,-0.4587,0.1444,24,2
99(b),K,P,-3.627,0,8.5,2
99(b),K,Q,-2.038,0.621,9,2
99(b),K,R,-0.02625,0.6491,22,2
99(b),K,S,-0.68,0.91,11.5,2
99(b),K,T,-0.4268,0.7083,13,2
99(b),K,V,-2.191,0.104,9.5,2
99(b),K,W,-0.7757,0.8373,8.5,2
99(b),K,Y,-0.7434,0.6087,11,2
