site,wildtype,mutant,entry in 293T_H5_HA cells,sequential_site,structure_site,ORF_site,region
-1(a),A,C,0.1847,1,-1_a,22,alpha chain
-1(a),A,E,-0.1451,1,-1_a,22,alpha chain
-1(a),A,F,0.1758,1,-1_a,22,alpha chain
-1(a),A,G,0.4549,1,-1_a,22,alpha chain
-1(a),A,H,-0.08518,1,-1_a,22,alpha chain
-1(a),A,I,-1.669,1,-1_a,22,alpha chain
-1(a),A,K,0.2225,1,-1_a,22,alpha chain
-1(a),A,M,-0.06185,1,-1_a,22,alpha chain
-1(a),A,N,0.4174,1,-1_a,22,alpha chain
-1(a),A,P,0.08589,1,-1_a,22,alpha chain
-1(a),A,Q,-0.1971,1,-1_a,22,alpha chain
-1(a),A,R,0.00205,1,-1_a,22,alpha chain
-1(a),A,S,0.05319,1,-1_a,22,alpha chain
-1(a),A,T,0.1223,1,-1_a,22,alpha chain
-1(a),A,V,-1.234,1,-1_a,22,alpha chain
-1(a),A,W,-1.191,1,-1_a,22,alpha chain
-1(a),A,Y,-0.02835,1,-1_a,22,alpha chain
1(a),V,A,-0.08955,2,1_a,23,alpha chain
1(a),V,C,-0.3248,2,1_a,23,alpha chain
1(a),V,D,0.04713,2,1_a,23,alpha chain
1(a),V,E,-0.1429,2,1_a,23,alpha chain
1(a),V,F,-0.2572,2,1_a,23,alpha chain
1(a),V,G,-0.2983,2,1_a,23,alpha chain
1(a),V,H,0.0305,2,1_a,23,alpha chain
1(a),V,I,-0.3919,2,1_a,23,alpha chain
1(a),V,K,0.1787,2,1_a,23,alpha chain
1(a),V,M,-0.3597,2,1_a,23,alpha chain
1(a),V,N,0.0855,2,1_a,23,alpha chain
1(a),V,P,-0.1406,2,1_a,23,alpha chain
1(a),V,Q,0.4075,2,1_a,23,alpha chain
1(a),V,R,-0.6992,2,1_a,23,alpha chain
1(a),V,S,-0.3973,2,1_a,23,alpha chain
1(a),V,T,0.2009,2,1_a,23,alpha chain
1(a),V,W,-0.5505,2,1_a,23,alpha chain
1(a),V,Y,-0.1237,2,1_a,23,alpha chain
10(a),T,A,-0.2948,11,10_a,32,alpha chain
10(a),T,C,-0.275,11,10_a,32,alpha chain
10(a),T,D,-0.8189,11,10_a,32,alpha chain
10(a),T,E,-0.6,11,10_a,32,alpha chain
10(a),T,F,-0.04655,11,10_a,32,alpha chain
10(a),T,G,-0.5615,11,10_a,32,alpha chain
10(a),T,H,-0.695,11,10_a,32,alpha chain
10(a),T,I,0.1475,11,10_a,32,alpha chain
10(a),T,K,-1.267,11,10_a,32,alpha chain
10(a),T,L,-0.09625,11,10_a,32,alpha chain
10(a),T,M,0.1028,11,10_a,32,alpha chain
10(a),T,N,-0.05115,11,10_a,32,alpha chain
10(a),T,P,-5.662,11,10_a,32,alpha chain
10(a),T,Q,0.2277,11,10_a,32,alpha chain
10(a),T,R,-0.09035,11,10_a,32,alpha chain
10(a),T,S,-0.1002,11,10_a,32,alpha chain
10(a),T,V,0.1645,11,10_a,32,alpha chain
10(a),T,W,-1.011,11,10_a,32,alpha chain
10(a),T,Y,-0.4525,11,10_a,32,alpha chain
10(b),Q,A,-0.1051,289,10_b,310,beta chain
10(b),Q,C,-0.47,289,10_b,310,beta chain
10(b),Q,D,-0.382,289,10_b,310,beta chain
10(b),Q,E,-0.05415,289,10_b,310,beta chain
10(b),Q,F,-0.4788,289,10_b,310,beta chain
10(b),Q,G,-2.03,289,10_b,310,beta chain
10(b),Q,H,-0.1177,289,10_b,310,beta chain
10(b),Q,I,-0.1582,289,10_b,310,beta chain
10(b),Q,K,-2.941,289,10_b,310,beta chain
10(b),Q,L,-0.2821,289,10_b,310,beta chain
10(b),Q,M,-0.1261,289,10_b,310,beta chain
10(b),Q,N,-0.6326,289,10_b,310,beta chain
10(b),Q,P,-6,289,10_b,310,beta chain
10(b),Q,R,-2.969,289,10_b,310,beta chain
10(b),Q,S,-0.0518,289,10_b,310,beta chain
10(b),Q,T,-0.2109,289,10_b,310,beta chain
10(b),Q,V,-0.07405,289,10_b,310,beta chain
10(b),Q,W,-2.535,289,10_b,310,beta chain
10(b),Q,Y,-2.292,289,10_b,310,beta chain
100(a),P,A,0.382,101,100_a,122,alpha chain
100(a),P,C,-0.0102,101,100_a,122,alpha chain
100(a),P,D,0.1442,101,100_a,122,alpha chain
100(a),P,E,-0.1285,101,100_a,122,alpha chain
100(a),P,F,0.2176,101,100_a,122,alpha chain
100(a),P,G,-0.06764,101,100_a,122,alpha chain
100(a),P,H,-0.1189,101,100_a,122,alpha chain
100(a),P,I,0.3233,101,100_a,122,alpha chain
100(a),P,K,-0.01651,101,100_a,122,alpha chain
100(a),P,L,0.2954,101,100_a,122,alpha chain
100(a),P,M,0.1707,101,100_a,122,alpha chain
100(a),P,N,-0.08985,101,100_a,122,alpha chain
100(a),P,Q,-0.02874,101,100_a,122,alpha chain
100(a),P,R,0.2887,101,100_a,122,alpha chain
100(a),P,S,0.00294,101,100_a,122,alpha chain
100(a),P,T,0.4115,101,100_a,122,alpha chain
100(a),P,V,-0.03805,101,100_a,122,alpha chain
100(a),P,W,0.04655,101,100_a,122,alpha chain
100(a),P,Y,0.2235,101,100_a,122,alpha chain
100(b),V,A,-0.1232,379,100_b,400,beta chain
100(b),V,C,0.00375,379,100_b,400,beta chain
100(b),V,D,-2.932,379,100_b,400,beta chain
100(b),V,E,-0.8135,379,100_b,400,beta chain
100(b),V,F,-0.05092,379,100_b,400,beta chain
100(b),V,G,-0.2362,379,100_b,400,beta chain
100(b),V,H,0.1797,379,100_b,400,beta chain
100(b),V,I,0.1862,379,100_b,400,beta chain
100(b),V,K,-1.2,379,100_b,400,beta chain
100(b),V,L,-0.173,379,100_b,400,beta chain
100(b),V,M,0.1011,379,100_b,400,beta chain
100(b),V,N,-0.3257,379,100_b,400,beta chain
100(b),V,Q,-0.09906,379,100_b,400,beta chain
100(b),V,R,-0.6649,379,100_b,400,beta chain
100(b),V,S,-0.05775,379,100_b,400,beta chain
100(b),V,T,-0.2592,379,100_b,400,beta chain
100(b),V,Y,0.1007,379,100_b,400,beta chain
101(a),V,A,-0.07215,102,101_a,123,alpha chain
101(a),V,C,-0.1502,102,101_a,123,alpha chain
101(a),V,D,-0.04549,102,101_a,123,alpha chain
101(a),V,E,0.4134,102,101_a,123,alpha chain
101(a),V,F,0.318,102,101_a,123,alpha chain
101(a),V,G,0.4406,102,101_a,123,alpha chain
101(a),V,H,0.3731,102,101_a,123,alpha chain
101(a),V,I,-0.2923,102,101_a,123,alpha chain
101(a),V,K,0.3279,102,101_a,123,alpha chain
101(a),V,L,-0.1971,102,101_a,123,alpha chain
101(a),V,M,-0.04345,102,101_a,123,alpha chain
101(a),V,N,0.09755,102,101_a,123,alpha chain
101(a),V,P,0.1361,102,101_a,123,alpha chain
101(a),V,Q,-0.04305,102,101_a,123,alpha chain
101(a),V,R,0.4542,102,101_a,123,alpha chain
101(a),V,S,0.2375,102,101_a,123,alpha chain
101(a),V,T,-0.1972,102,101_a,123,alpha chain
101(a),V,W,-0.0043,102,101_a,123,alpha chain
101(a),V,Y,0.0489,102,101_a,123,alpha chain
101(b),R,A,-0.1923,380,101_b,401,beta chain
101(b),R,C,-0.2015,380,101_b,401,beta chain
101(b),R,D,0.1099,380,101_b,401,beta chain
101(b),R,E,-0.3211,380,101_b,401,beta chain
101(b),R,F,-0.1197,380,101_b,401,beta chain
101(b),R,G,-0.7208,380,101_b,401,beta chain
101(b),R,H,-0.2794,380,101_b,401,beta chain
101(b),R,I,0.1038,380,101_b,401,beta chain
101(b),R,K,0.2985,380,101_b,401,beta chain
101(b),R,L,-0.01495,380,101_b,401,beta chain
101(b),R,M,-0.1996,380,101_b,401,beta chain
101(b),R,N,-0.2783,380,101_b,401,beta chain
101(b),R,Q,-0.2534,380,101_b,401,beta chain
101(b),R,S,-0.0352,380,101_b,401,beta chain
101(b),R,T,0.0621,380,101_b,401,beta chain
101(b),R,V,-0.179,380,101_b,401,beta chain
101(b),R,W,-0.06078,380,101_b,401,beta chain
101(b),R,Y,0.1285,380,101_b,401,beta chain
102(a),E,A,-0.03565,103,102_a,124,alpha chain
102(a),E,C,0.1691,103,102_a,124,alpha chain
102(a),E,D,-0.09315,103,102_a,124,alpha chain
102(a),E,F,0.0141,103,102_a,124,alpha chain
102(a),E,G,0.09185,103,102_a,124,alpha chain
102(a),E,H,0.333,103,102_a,124,alpha chain
102(a),E,I,0.2676,103,102_a,124,alpha chain
102(a),E,K,0.3466,103,102_a,124,alpha chain
102(a),E,L,-0.0609,103,102_a,124,alpha chain
102(a),E,M,0.2679,103,102_a,124,alpha chain
102(a),E,N,0.3694,103,102_a,124,alpha chain
102(a),E,P,0.3593,103,102_a,124,alpha chain
102(a),E,Q,0.3949,103,102_a,124,alpha chain
102(a),E,R,0.659,103,102_a,124,alpha chain
102(a),E,S,0.3587,103,102_a,124,alpha chain
102(a),E,T,0.1393,103,102_a,124,alpha chain
102(a),E,V,0.1023,103,102_a,124,alpha chain
102(a),E,W,0.158,103,102_a,124,alpha chain
102(a),E,Y,-0.03908,103,102_a,124,alpha chain
102(b),V,A,0.4583,381,102_b,402,beta chain
102(b),V,C,-0.0972,381,102_b,402,beta chain
102(b),V,D,-2.42,381,102_b,402,beta chain
102(b),V,E,-1.661,381,102_b,402,beta chain
102(b),V,F,-0.2645,381,102_b,402,beta chain
102(b),V,G,-0.002,381,102_b,402,beta chain
102(b),V,H,-0.7165,381,102_b,402,beta chain
102(b),V,I,-0.1827,381,102_b,402,beta chain
102(b),V,K,-2.099,381,102_b,402,beta chain
102(b),V,L,-0.007155,381,102_b,402,beta chain
102(b),V,M,0.07422,381,102_b,402,beta chain
102(b),V,N,-0.628,381,102_b,402,beta chain
102(b),V,P,0.1306,381,102_b,402,beta chain
102(b),V,Q,-0.4154,381,102_b,402,beta chain
102(b),V,R,-1.151,381,102_b,402,beta chain
102(b),V,S,-0.584,381,102_b,402,beta chain
102(b),V,T,0.01452,381,102_b,402,beta chain
102(b),V,W,-0.7328,381,102_b,402,beta chain
102(b),V,Y,-0.02332,381,102_b,402,beta chain
103(a),L,A,0.1548,104,103_a,125,alpha chain
103(a),L,C,-0.01745,104,103_a,125,alpha chain
103(a),L,D,0.0711,104,103_a,125,alpha chain
103(a),L,E,-0.1173,104,103_a,125,alpha chain
103(a),L,F,-0.096,104,103_a,125,alpha chain
103(a),L,G,0.2009,104,103_a,125,alpha chain
103(a),L,H,0.2783,104,103_a,125,alpha chain
103(a),L,I,-0.0961,104,103_a,125,alpha chain
103(a),L,K,0.4666,104,103_a,125,alpha chain
103(a),L,M,0.02385,104,103_a,125,alpha chain
103(a),L,N,0.3339,104,103_a,125,alpha chain
103(a),L,P,0.1437,104,103_a,125,alpha chain
103(a),L,Q,0.66,104,103_a,125,alpha chain
103(a),L,R,0.2827,104,103_a,125,alpha chain
103(a),L,S,0.1007,104,103_a,125,alpha chain
103(a),L,T,-0.4265,104,103_a,125,alpha chain
103(a),L,V,-0.1194,104,103_a,125,alpha chain
103(a),L,W,-0.2343,104,103_a,125,alpha chain
103(a),L,Y,-0.2972,104,103_a,125,alpha chain
103(b),S,A,-0.1642,382,103_b,403,beta chain
103(b),S,C,0.04485,382,103_b,403,beta chain
103(b),S,D,-0.221,382,103_b,403,beta chain
103(b),S,E,0.7069,382,103_b,403,beta chain
103(b),S,F,0.01535,382,103_b,403,beta chain
103(b),S,G,0.1088,382,103_b,403,beta chain
103(b),S,H,0.2749,382,103_b,403,beta chain
103(b),S,I,0.01215,382,103_b,403,beta chain
103(b),S,K,-0.01615,382,103_b,403,beta chain
103(b),S,L,-0.3587,382,103_b,403,beta chain
103(b),S,M,0.09197,382,103_b,403,beta chain
103(b),S,N,0.2834,382,103_b,403,beta chain
103(b),S,P,0.1749,382,103_b,403,beta chain
103(b),S,Q,-0.04605,382,103_b,403,beta chain
103(b),S,R,0.09697,382,103_b,403,beta chain
103(b),S,T,0.5252,382,103_b,403,beta chain
103(b),S,V,-0.1216,382,103_b,403,beta chain
103(b),S,W,0.04035,382,103_b,403,beta chain
103(b),S,Y,-0.242,382,103_b,403,beta chain
104(a),G,A,0.1672,105,104_a,126,alpha chain
104(a),G,C,0.1834,105,104_a,126,alpha chain
104(a),G,D,-0.1307,105,104_a,126,alpha chain
104(a),G,E,-0.06135,105,104_a,126,alpha chain
104(a),G,F,0.1913,105,104_a,126,alpha chain
104(a),G,H,0.1447,105,104_a,126,alpha chain
104(a),G,I,0.1389,105,104_a,126,alpha chain
104(a),G,K,0.4022,105,104_a,126,alpha chain
104(a),G,M,0.1746,105,104_a,126,alpha chain
104(a),G,N,0.3427,105,104_a,126,alpha chain
104(a),G,P,-0.4934,105,104_a,126,alpha chain
104(a),G,Q,0.0542,105,104_a,126,alpha chain
104(a),G,R,0.5213,105,104_a,126,alpha chain
104(a),G,S,0.3694,105,104_a,126,alpha chain
104(a),G,T,0.1562,105,104_a,126,alpha chain
104(a),G,W,-0.1639,105,104_a,126,alpha chain
104(a),G,Y,-0.1169,105,104_a,126,alpha chain
104(b),P,A,0.1569,383,104_b,404,beta chain
104(b),P,C,0.00975,383,104_b,404,beta chain
104(b),P,D,0.2293,383,104_b,404,beta chain
104(b),P,E,-0.04725,383,104_b,404,beta chain
104(b),P,F,-0.07055,383,104_b,404,beta chain
104(b),P,G,0.1468,383,104_b,404,beta chain
104(b),P,H,0.3281,383,104_b,404,beta chain
104(b),P,I,0.2635,383,104_b,404,beta chain
104(b),P,K,-0.07504,383,104_b,404,beta chain
104(b),P,L,0.1227,383,104_b,404,beta chain
104(b),P,M,-0.1577,383,104_b,404,beta chain
104(b),P,N,0.5084,383,104_b,404,beta chain
104(b),P,Q,-0.04495,383,104_b,404,beta chain
104(b),P,R,0.2805,383,104_b,404,beta chain
104(b),P,S,0.2145,383,104_b,404,beta chain
104(b),P,T,-0.1148,383,104_b,404,beta chain
104(b),P,V,0.1095,383,104_b,404,beta chain
104(b),P,W,0.432,383,104_b,404,beta chain
104(b),P,Y,-0.0051,383,104_b,404,beta chain
105(a),D,A,0.2258,106,105_a,127,alpha chain
105(a),D,C,0.2225,106,105_a,127,alpha chain
105(a),D,E,-0.3168,106,105_a,127,alpha chain
105(a),D,F,0.4248,106,105_a,127,alpha chain
105(a),D,G,0.497,106,105_a,127,alpha chain
105(a),D,H,0.7039,106,105_a,127,alpha chain
105(a),D,I,0.3263,106,105_a,127,alpha chain
105(a),D,K,0.6447,106,105_a,127,alpha chain
105(a),D,L,0.4537,106,105_a,127,alpha chain
105(a),D,M,0.4355,106,105_a,127,alpha chain
105(a),D,N,0.3114,106,105_a,127,alpha chain
105(a),D,P,0.6263,106,105_a,127,alpha chain
105(a),D,Q,0.6193,106,105_a,127,alpha chain
105(a),D,R,0.5495,106,105_a,127,alpha chain
105(a),D,S,0.4718,106,105_a,127,alpha chain
105(a),D,T,0.1554,106,105_a,127,alpha chain
105(a),D,V,0.2613,106,105_a,127,alpha chain
105(a),D,W,0.01665,106,105_a,127,alpha chain
105(a),D,Y,0.6549,106,105_a,127,alpha chain
105(b),M,A,0.04279,384,105_b,405,beta chain
105(b),M,C,0.104,384,105_b,405,beta chain
105(b),M,D,0.000655,384,105_b,405,beta chain
105(b),M,F,0.2436,384,105_b,405,beta chain
105(b),M,G,-0.1568,384,105_b,405,beta chain
105(b),M,H,0.3077,384,105_b,405,beta chain
105(b),M,I,-0.1226,384,105_b,405,beta chain
105(b),M,K,0.1678,384,105_b,405,beta chain
105(b),M,L,-0.4966,384,105_b,405,beta chain
105(b),M,N,-0.0155,384,105_b,405,beta chain
105(b),M,P,0.0404,384,105_b,405,beta chain
105(b),M,Q,-0.2193,384,105_b,405,beta chain
105(b),M,R,-0.09192,384,105_b,405,beta chain
105(b),M,S,0.4598,384,105_b,405,beta chain
105(b),M,T,-0.03936,384,105_b,405,beta chain
105(b),M,V,0.1093,384,105_b,405,beta chain
105(b),M,W,0.08115,384,105_b,405,beta chain
105(b),M,Y,0.1983,384,105_b,405,beta chain
106(a),P,A,-0.4819,107,106_a,128,alpha chain
106(a),P,C,0.5447,107,106_a,128,alpha chain
106(a),P,D,1.393,107,106_a,128,alpha chain
106(a),P,E,1.118,107,106_a,128,alpha chain
106(a),P,F,0.2173,107,106_a,128,alpha chain
106(a),P,G,0.2361,107,106_a,128,alpha chain
106(a),P,H,0.7702,107,106_a,128,alpha chain
106(a),P,I,0.982,107,106_a,128,alpha chain
106(a),P,K,0.7053,107,106_a,128,alpha chain
106(a),P,L,0.5325,107,106_a,128,alpha chain
106(a),P,M,0.4294,107,106_a,128,alpha chain
106(a),P,N,0.7811,107,106_a,128,alpha chain
106(a),P,Q,0.5432,107,106_a,128,alpha chain
106(a),P,R,0.6647,107,106_a,128,alpha chain
106(a),P,S,0.8409,107,106_a,128,alpha chain
106(a),P,T,0.4426,107,106_a,128,alpha chain
106(a),P,V,0.3044,107,106_a,128,alpha chain
106(a),P,W,-0.1526,107,106_a,128,alpha chain
106(a),P,Y,-0.316,107,106_a,128,alpha chain
106(b),Q,A,0.3129,385,106_b,406,beta chain
106(b),Q,C,-0.2148,385,106_b,406,beta chain
106(b),Q,D,0.1219,385,106_b,406,beta chain
106(b),Q,E,-0.1685,385,106_b,406,beta chain
106(b),Q,G,0.2707,385,106_b,406,beta chain
106(b),Q,H,-0.04178,385,106_b,406,beta chain
106(b),Q,I,0.1773,385,106_b,406,beta chain
106(b),Q,K,0.1497,385,106_b,406,beta chain
106(b),Q,L,-0.2802,385,106_b,406,beta chain
106(b),Q,M,0.0837,385,106_b,406,beta chain
106(b),Q,N,0.419,385,106_b,406,beta chain
106(b),Q,P,-0.1692,385,106_b,406,beta chain
106(b),Q,R,-0.05935,385,106_b,406,beta chain
106(b),Q,S,0.1363,385,106_b,406,beta chain
106(b),Q,T,0.2399,385,106_b,406,beta chain
106(b),Q,V,0.0487,385,106_b,406,beta chain
106(b),Q,W,-0.06323,385,106_b,406,beta chain
106(b),Q,Y,0.02567,385,106_b,406,beta chain
107(a),N,A,-0.1251,108,107_a,129,alpha chain
107(a),N,C,0.143,108,107_a,129,alpha chain
107(a),N,D,-0.1086,108,107_a,129,alpha chain
107(a),N,E,-0.5648,108,107_a,129,alpha chain
107(a),N,F,0.7493,108,107_a,129,alpha chain
107(a),N,G,0.108,108,107_a,129,alpha chain
107(a),N,H,0.377,108,107_a,129,alpha chain
107(a),N,I,-0.468,108,107_a,129,alpha chain
107(a),N,K,0.1827,108,107_a,129,alpha chain
107(a),N,L,-0.4805,108,107_a,129,alpha chain
107(a),N,M,-0.1752,108,107_a,129,alpha chain
107(a),N,P,0.02595,108,107_a,129,alpha chain
107(a),N,Q,-0.132,108,107_a,129,alpha chain
107(a),N,R,0.2959,108,107_a,129,alpha chain
107(a),N,S,-0.03498,108,107_a,129,alpha chain
107(a),N,T,-0.3333,108,107_a,129,alpha chain
107(a),N,V,-0.5745,108,107_a,129,alpha chain
107(a),N,W,0.5606,108,107_a,129,alpha chain
107(a),N,Y,0.7761,108,107_a,129,alpha chain
107(b),S,A,0.05376,386,107_b,407,beta chain
107(b),S,C,-0.2516,386,107_b,407,beta chain
107(b),S,D,0.1695,386,107_b,407,beta chain
107(b),S,E,0.126,386,107_b,407,beta chain
107(b),S,F,0.2997,386,107_b,407,beta chain
107(b),S,G,-0.05255,386,107_b,407,beta chain
107(b),S,H,0.1895,386,107_b,407,beta chain
107(b),S,I,0.101,386,107_b,407,beta chain
107(b),S,K,-0.2372,386,107_b,407,beta chain
107(b),S,L,-0.0257,386,107_b,407,beta chain
107(b),S,M,0.2971,386,107_b,407,beta chain
107(b),S,N,-0.03295,386,107_b,407,beta chain
107(b),S,P,0.3426,386,107_b,407,beta chain
107(b),S,Q,0.1193,386,107_b,407,beta chain
107(b),S,R,0.0942,386,107_b,407,beta chain
107(b),S,T,-0.1321,386,107_b,407,beta chain
107(b),S,V,-0.05507,386,107_b,407,beta chain
107(b),S,W,-0.2999,386,107_b,407,beta chain
107(b),S,Y,0.1943,386,107_b,407,beta chain
108(a),I,A,0.3772,109,108_a,130,alpha chain
108(a),I,C,-0.04495,109,108_a,130,alpha chain
108(a),I,D,0.7966,109,108_a,130,alpha chain
108(a),I,E,0.5845,109,108_a,130,alpha chain
108(a),I,F,0.5015,109,108_a,130,alpha chain
108(a),I,G,0.6632,109,108_a,130,alpha chain
108(a),I,H,0.9337,109,108_a,130,alpha chain
108(a),I,K,0.8298,109,108_a,130,alpha chain
108(a),I,L,-0.1601,109,108_a,130,alpha chain
108(a),I,M,0.3883,109,108_a,130,alpha chain
108(a),I,N,0.7167,109,108_a,130,alpha chain
108(a),I,P,-1.637,109,108_a,130,alpha chain
108(a),I,Q,0.766,109,108_a,130,alpha chain
108(a),I,R,0.7528,109,108_a,130,alpha chain
108(a),I,S,0.6969,109,108_a,130,alpha chain
108(a),I,T,0.3667,109,108_a,130,alpha chain
108(a),I,V,0.2075,109,108_a,130,alpha chain
108(a),I,W,1.063,109,108_a,130,alpha chain
108(a),I,Y,0.5228,109,108_a,130,alpha chain
108(b),S,A,0.1969,387,108_b,408,beta chain
108(b),S,C,-0.2376,387,108_b,408,beta chain
108(b),S,D,0.033,387,108_b,408,beta chain
108(b),S,E,-0.1902,387,108_b,408,beta chain
108(b),S,F,0.2456,387,108_b,408,beta chain
108(b),S,G,-0.1679,387,108_b,408,beta chain
108(b),S,H,0.0049,387,108_b,408,beta chain
108(b),S,I,-0.1601,387,108_b,408,beta chain
108(b),S,K,0.1046,387,108_b,408,beta chain
108(b),S,L,0.1275,387,108_b,408,beta chain
108(b),S,M,-0.05863,387,108_b,408,beta chain
108(b),S,N,0.013,387,108_b,408,beta chain
108(b),S,P,0.08633,387,108_b,408,beta chain
108(b),S,Q,0.0275,387,108_b,408,beta chain
108(b),S,R,-0.07367,387,108_b,408,beta chain
108(b),S,T,-0.1036,387,108_b,408,beta chain
108(b),S,V,0.01625,387,108_b,408,beta chain
108(b),S,W,-0.02842,387,108_b,408,beta chain
108(b),S,Y,0.0737,387,108_b,408,beta chain
109(a),L,A,-0.1807,110,109_a,131,alpha chain
109(a),L,C,-0.2287,110,109_a,131,alpha chain
109(a),L,D,-2.832,110,109_a,131,alpha chain
109(a),L,E,-1.543,110,109_a,131,alpha chain
109(a),L,F,-0.1006,110,109_a,131,alpha chain
109(a),L,G,-0.2163,110,109_a,131,alpha chain
109(a),L,H,-0.3602,110,109_a,131,alpha chain
109(a),L,I,-0.2488,110,109_a,131,alpha chain
109(a),L,K,-2.022,110,109_a,131,alpha chain
109(a),L,M,0.1663,110,109_a,131,alpha chain
109(a),L,N,-0.08585,110,109_a,131,alpha chain
109(a),L,P,-6,110,109_a,131,alpha chain
109(a),L,Q,-0.3311,110,109_a,131,alpha chain
109(a),L,R,-3.943,110,109_a,131,alpha chain
109(a),L,S,-0.2058,110,109_a,131,alpha chain
109(a),L,T,-6,110,109_a,131,alpha chain
109(a),L,V,-0.08939,110,109_a,131,alpha chain
109(a),L,W,-1.369,110,109_a,131,alpha chain
109(a),L,Y,-1.208,110,109_a,131,alpha chain
109(b),S,A,0.1835,388,109_b,409,beta chain
109(b),S,C,-0.3691,388,109_b,409,beta chain
109(b),S,D,0.2045,388,109_b,409,beta chain
109(b),S,E,0.1456,388,109_b,409,beta chain
109(b),S,F,-0.113,388,109_b,409,beta chain
109(b),S,G,0.2403,388,109_b,409,beta chain
109(b),S,H,0.1515,388,109_b,409,beta chain
109(b),S,I,0.2388,388,109_b,409,beta chain
109(b),S,K,0.139,388,109_b,409,beta chain
109(b),S,L,0.1152,388,109_b,409,beta chain
109(b),S,M,0.1846,388,109_b,409,beta chain
109(b),S,N,0.5026,388,109_b,409,beta chain
109(b),S,P,0.1502,388,109_b,409,beta chain
109(b),S,Q,-0.159,388,109_b,409,beta chain
109(b),S,R,0.2631,388,109_b,409,beta chain
109(b),S,T,-0.3032,388,109_b,409,beta chain
109(b),S,V,-0.07722,388,109_b,409,beta chain
109(b),S,W,0.02869,388,109_b,409,beta chain
109(b),S,Y,-0.3045,388,109_b,409,beta chain
11(a),E,A,-1.579,12,11_a,33,alpha chain
11(a),E,C,-0.4672,12,11_a,33,alpha chain
11(a),E,D,-0.6088,12,11_a,33,alpha chain
11(a),E,F,-2.177,12,11_a,33,alpha chain
11(a),E,G,-0.7644,12,11_a,33,alpha chain
11(a),E,H,-1.487,12,11_a,33,alpha chain
11(a),E,I,-0.4157,12,11_a,33,alpha chain
11(a),E,K,-3.659,12,11_a,33,alpha chain
11(a),E,L,-0.00748,12,11_a,33,alpha chain
11(a),E,M,-1.706,12,11_a,33,alpha chain
11(a),E,N,-0.5806,12,11_a,33,alpha chain
11(a),E,P,-5.901,12,11_a,33,alpha chain
11(a),E,Q,-1.296,12,11_a,33,alpha chain
11(a),E,R,-1.921,12,11_a,33,alpha chain
11(a),E,S,-1.214,12,11_a,33,alpha chain
11(a),E,T,-1.724,12,11_a,33,alpha chain
11(a),E,V,-0.06315,12,11_a,33,alpha chain
11(a),E,W,-2.889,12,11_a,33,alpha chain
11(a),E,Y,-2.462,12,11_a,33,alpha chain
11(b),E,A,-0.2872,290,11_b,311,beta chain
11(b),E,C,-0.7332,290,11_b,311,beta chain
11(b),E,D,-0.6073,290,11_b,311,beta chain
11(b),E,F,-0.8172,290,11_b,311,beta chain
11(b),E,G,-0.7245,290,11_b,311,beta chain
11(b),E,H,-0.6455,290,11_b,311,beta chain
11(b),E,I,-0.6204,290,11_b,311,beta chain
11(b),E,K,-1.394,290,11_b,311,beta chain
11(b),E,L,-1.202,290,11_b,311,beta chain
11(b),E,M,-0.01755,290,11_b,311,beta chain
11(b),E,N,-0.798,290,11_b,311,beta chain
11(b),E,P,-2.572,290,11_b,311,beta chain
11(b),E,Q,0.0036,290,11_b,311,beta chain
11(b),E,R,-0.6597,290,11_b,311,beta chain
11(b),E,S,-0.08152,290,11_b,311,beta chain
11(b),E,T,-0.5449,290,11_b,311,beta chain
11(b),E,V,0.2941,290,11_b,311,beta chain
11(b),E,W,-1.466,290,11_b,311,beta chain
11(b),E,Y,-1.157,290,11_b,311,beta chain
110(a),I,A,-0.168,111,110_a,132,alpha chain
110(a),I,C,-0.1141,111,110_a,132,alpha chain
110(a),I,D,0.08732,111,110_a,132,alpha chain
110(a),I,E,-0.2817,111,110_a,132,alpha chain
110(a),I,F,-0.2157,111,110_a,132,alpha chain
110(a),I,G,-0.6312,111,110_a,132,alpha chain
110(a),I,H,-0.2478,111,110_a,132,alpha chain
110(a),I,K,-0.6355,111,110_a,132,alpha chain
110(a),I,L,0.0712,111,110_a,132,alpha chain
110(a),I,M,-0.08318,111,110_a,132,alpha chain
110(a),I,N,-0.1258,111,110_a,132,alpha chain
110(a),I,P,-5.317,111,110_a,132,alpha chain
110(a),I,Q,-0.334,111,110_a,132,alpha chain
110(a),I,R,-0.4509,111,110_a,132,alpha chain
110(a),I,S,-0.04269,111,110_a,132,alpha chain
110(a),I,T,-0.3807,111,110_a,132,alpha chain
110(a),I,V,0.095,111,110_a,132,alpha chain
110(a),I,W,-0.3201,111,110_a,132,alpha chain
110(a),I,Y,-0.2604,111,110_a,132,alpha chain
110(b),L,A,0.3394,389,110_b,410,beta chain
110(b),L,C,-0.5336,389,110_b,410,beta chain
110(b),L,D,-0.3423,389,110_b,410,beta chain
110(b),L,E,-0.05925,389,110_b,410,beta chain
110(b),L,F,-0.2963,389,110_b,410,beta chain
110(b),L,G,0.3915,389,110_b,410,beta chain
110(b),L,H,0.08804,389,110_b,410,beta chain
110(b),L,I,-0.0243,389,110_b,410,beta chain
110(b),L,K,0.2612,389,110_b,410,beta chain
110(b),L,M,0.002,389,110_b,410,beta chain
110(b),L,N,-0.3563,389,110_b,410,beta chain
110(b),L,P,0.5548,389,110_b,410,beta chain
110(b),L,Q,0.2242,389,110_b,410,beta chain
110(b),L,R,-0.2956,389,110_b,410,beta chain
110(b),L,S,-0.0385,389,110_b,410,beta chain
110(b),L,T,0.2154,389,110_b,410,beta chain
110(b),L,V,0.2832,389,110_b,410,beta chain
110(b),L,W,0.03724,389,110_b,410,beta chain
110(b),L,Y,-0.1585,389,110_b,410,beta chain
111(a),C,A,0.1039,112,111_a,133,alpha chain
111(a),C,D,-6,112,111_a,133,alpha chain
111(a),C,E,-4.38,112,111_a,133,alpha chain
111(a),C,F,-0.4094,112,111_a,133,alpha chain
111(a),C,G,-0.04605,112,111_a,133,alpha chain
111(a),C,H,-2.34,112,111_a,133,alpha chain
111(a),C,I,-0.3957,112,111_a,133,alpha chain
111(a),C,K,-4.083,112,111_a,133,alpha chain
111(a),C,L,-0.1133,112,111_a,133,alpha chain
111(a),C,M,-0.005075,112,111_a,133,alpha chain
111(a),C,N,-1.227,112,111_a,133,alpha chain
111(a),C,P,-6,112,111_a,133,alpha chain
111(a),C,Q,-1.702,112,111_a,133,alpha chain
111(a),C,R,-6,112,111_a,133,alpha chain
111(a),C,S,0.0886,112,111_a,133,alpha chain
111(a),C,T,-0.3401,112,111_a,133,alpha chain
111(a),C,V,0.04768,112,111_a,133,alpha chain
111(a),C,W,-2.611,112,111_a,133,alpha chain
111(a),C,Y,-1.184,112,111_a,133,alpha chain
111(b),P,A,-0.0352,390,111_b,411,beta chain
111(b),P,C,-0.2356,390,111_b,411,beta chain
111(b),P,D,-0.03873,390,111_b,411,beta chain
111(b),P,E,0.04955,390,111_b,411,beta chain
111(b),P,F,-0.241,390,111_b,411,beta chain
111(b),P,G,0.1834,390,111_b,411,beta chain
111(b),P,H,0.1424,390,111_b,411,beta chain
111(b),P,I,-0.1376,390,111_b,411,beta chain
111(b),P,K,0.00542,390,111_b,411,beta chain
111(b),P,L,0.1225,390,111_b,411,beta chain
111(b),P,M,0.204,390,111_b,411,beta chain
111(b),P,N,-0.148,390,111_b,411,beta chain
111(b),P,Q,-0.00527,390,111_b,411,beta chain
111(b),P,R,0.2531,390,111_b,411,beta chain
111(b),P,S,-0.4747,390,111_b,411,beta chain
111(b),P,T,0.2905,390,111_b,411,beta chain
111(b),P,V,0.04428,390,111_b,411,beta chain
111(b),P,W,0.0946,390,111_b,411,beta chain
111(b),P,Y,-0.1905,390,111_b,411,beta chain
112(a),Y,A,-0.07912,113,112_a,134,alpha chain
112(a),Y,C,-0.1058,113,112_a,134,alpha chain
112(a),Y,D,-0.4125,113,112_a,134,alpha chain
112(a),Y,E,-0.4236,113,112_a,134,alpha chain
112(a),Y,F,0.1956,113,112_a,134,alpha chain
112(a),Y,G,-0.4354,113,112_a,134,alpha chain
112(a),Y,H,0.141,113,112_a,134,alpha chain
112(a),Y,I,0.1598,113,112_a,134,alpha chain
112(a),Y,K,-0.4698,113,112_a,134,alpha chain
112(a),Y,L,-0.1674,113,112_a,134,alpha chain
112(a),Y,M,0.0349,113,112_a,134,alpha chain
112(a),Y,N,0.0023,113,112_a,134,alpha chain
112(a),Y,P,-2.965,113,112_a,134,alpha chain
112(a),Y,Q,-0.4551,113,112_a,134,alpha chain
112(a),Y,R,-0.5066,113,112_a,134,alpha chain
112(a),Y,S,-0.1987,113,112_a,134,alpha chain
112(a),Y,T,-0.3946,113,112_a,134,alpha chain
112(a),Y,V,0.08883,113,112_a,134,alpha chain
112(a),Y,W,-0.02817,113,112_a,134,alpha chain
112(b),Q,A,-0.1714,391,112_b,412,beta chain
112(b),Q,C,-0.3304,391,112_b,412,beta chain
112(b),Q,D,0.2727,391,112_b,412,beta chain
112(b),Q,E,0.1946,391,112_b,412,beta chain
112(b),Q,F,-0.2717,391,112_b,412,beta chain
112(b),Q,G,-0.4439,391,112_b,412,beta chain
112(b),Q,H,-0.4134,391,112_b,412,beta chain
112(b),Q,I,0.0262,391,112_b,412,beta chain
112(b),Q,K,-0.2788,391,112_b,412,beta chain
112(b),Q,L,0.2148,391,112_b,412,beta chain
112(b),Q,M,0.1015,391,112_b,412,beta chain
112(b),Q,N,0.08167,391,112_b,412,beta chain
112(b),Q,P,0.1049,391,112_b,412,beta chain
112(b),Q,R,0.0341,391,112_b,412,beta chain
112(b),Q,S,-0.1698,391,112_b,412,beta chain
112(b),Q,T,-0.00895,391,112_b,412,beta chain
112(b),Q,V,0.1593,391,112_b,412,beta chain
112(b),Q,W,-0.1309,391,112_b,412,beta chain
112(b),Q,Y,-0.01448,391,112_b,412,beta chain
113(a),V,A,0.116,114,113_a,135,alpha chain
113(a),V,C,-0.2826,114,113_a,135,alpha chain
113(a),V,D,-1.964,114,113_a,135,alpha chain
113(a),V,E,-0.5927,114,113_a,135,alpha chain
113(a),V,F,0.009655,114,113_a,135,alpha chain
113(a),V,G,0.2099,114,113_a,135,alpha chain
113(a),V,H,-0.9677,114,113_a,135,alpha chain
113(a),V,I,0.1915,114,113_a,135,alpha chain
113(a),V,K,-0.6137,114,113_a,135,alpha chain
113(a),V,L,0.2356,114,113_a,135,alpha chain
113(a),V,M,0.4381,114,113_a,135,alpha chain
113(a),V,N,-0.02376,114,113_a,135,alpha chain
113(a),V,P,0.4086,114,113_a,135,alpha chain
113(a),V,Q,0.04075,114,113_a,135,alpha chain
113(a),V,R,-5.745,114,113_a,135,alpha chain
113(a),V,S,0.1049,114,113_a,135,alpha chain
113(a),V,T,0.03265,114,113_a,135,alpha chain
113(a),V,W,-3.703,114,113_a,135,alpha chain
113(a),V,Y,-0.5968,114,113_a,135,alpha chain
113(b),T,A,0.0281,392,113_b,413,beta chain
113(b),T,C,0.08954,392,113_b,413,beta chain
113(b),T,D,0.225,392,113_b,413,beta chain
113(b),T,E,-0.08563,392,113_b,413,beta chain
113(b),T,F,-0.5214,392,113_b,413,beta chain
113(b),T,H,0.1807,392,113_b,413,beta chain
113(b),T,I,0.08125,392,113_b,413,beta chain
113(b),T,K,-0.0127,392,113_b,413,beta chain
113(b),T,L,-0.05992,392,113_b,413,beta chain
113(b),T,M,0.1508,392,113_b,413,beta chain
113(b),T,N,0.02052,392,113_b,413,beta chain
113(b),T,P,-0.03238,392,113_b,413,beta chain
113(b),T,Q,-0.3385,392,113_b,413,beta chain
113(b),T,R,-0.2657,392,113_b,413,beta chain
113(b),T,S,-0.265,392,113_b,413,beta chain
113(b),T,V,-0.1641,392,113_b,413,beta chain
113(b),T,W,-0.1362,392,113_b,413,beta chain
113(b),T,Y,0.0363,392,113_b,413,beta chain
114(a),D,A,0.09711,115,114_a,136,alpha chain
114(a),D,C,-0.1171,115,114_a,136,alpha chain
114(a),D,E,0.05388,115,114_a,136,alpha chain
114(a),D,F,-0.0854,115,114_a,136,alpha chain
114(a),D,G,-0.3155,115,114_a,136,alpha chain
114(a),D,H,-0.06401,115,114_a,136,alpha chain
114(a),D,K,-0.2813,115,114_a,136,alpha chain
114(a),D,L,0.3434,115,114_a,136,alpha chain
114(a),D,M,0.2007,115,114_a,136,alpha chain
114(a),D,N,0.1888,115,114_a,136,alpha chain
114(a),D,P,-0.5544,115,114_a,136,alpha chain
114(a),D,Q,-0.1112,115,114_a,136,alpha chain
114(a),D,R,-0.1462,115,114_a,136,alpha chain
114(a),D,S,0.1155,115,114_a,136,alpha chain
114(a),D,T,-0.0593,115,114_a,136,alpha chain
114(a),D,V,-0.2945,115,114_a,136,alpha chain
114(a),D,W,0.01137,115,114_a,136,alpha chain
114(a),D,Y,-0.01645,115,114_a,136,alpha chain
114(b),D,A,0.1357,393,114_b,414,beta chain
114(b),D,C,0.03447,393,114_b,414,beta chain
114(b),D,E,0.3558,393,114_b,414,beta chain
114(b),D,F,0.07005,393,114_b,414,beta chain
114(b),D,G,0.2666,393,114_b,414,beta chain
114(b),D,H,-0.02255,393,114_b,414,beta chain
114(b),D,I,0.3109,393,114_b,414,beta chain
114(b),D,K,0.1189,393,114_b,414,beta chain
114(b),D,L,-0.233,393,114_b,414,beta chain
114(b),D,M,-0.02725,393,114_b,414,beta chain
114(b),D,N,0.2218,393,114_b,414,beta chain
114(b),D,P,0.09311,393,114_b,414,beta chain
114(b),D,Q,0.3861,393,114_b,414,beta chain
114(b),D,R,-0.156,393,114_b,414,beta chain
114(b),D,S,0.02688,393,114_b,414,beta chain
114(b),D,T,-0.1237,393,114_b,414,beta chain
114(b),D,V,-0.3559,393,114_b,414,beta chain
114(b),D,W,0.2009,393,114_b,414,beta chain
114(b),D,Y,-0.5325,393,114_b,414,beta chain
115(a),K,A,0.0204,116,115_a,137,alpha chain
115(a),K,C,0.1846,116,115_a,137,alpha chain
115(a),K,D,0.05258,116,115_a,137,alpha chain
115(a),K,E,0.2521,116,115_a,137,alpha chain
115(a),K,F,-0.5528,116,115_a,137,alpha chain
115(a),K,G,0.02289,116,115_a,137,alpha chain
115(a),K,H,0.0255,116,115_a,137,alpha chain
115(a),K,I,-1.204,116,115_a,137,alpha chain
115(a),K,L,0.1083,116,115_a,137,alpha chain
115(a),K,M,-0.1093,116,115_a,137,alpha chain
115(a),K,N,-0.05593,116,115_a,137,alpha chain
115(a),K,P,-3.862,116,115_a,137,alpha chain
115(a),K,Q,-0.1238,116,115_a,137,alpha chain
115(a),K,R,0.01112,116,115_a,137,alpha chain
115(a),K,S,0.152,116,115_a,137,alpha chain
115(a),K,T,-0.1663,116,115_a,137,alpha chain
115(a),K,V,-0.2738,116,115_a,137,alpha chain
115(a),K,W,-1.172,116,115_a,137,alpha chain
115(a),K,Y,-0.05456,116,115_a,137,alpha chain
115(b),R,A,0.3326,394,115_b,415,beta chain
115(b),R,C,-0.1098,394,115_b,415,beta chain
115(b),R,D,-0.09874,394,115_b,415,beta chain
115(b),R,E,-0.128,394,115_b,415,beta chain
115(b),R,F,0.0915,394,115_b,415,beta chain
115(b),R,G,-0.06795,394,115_b,415,beta chain
115(b),R,H,0.268,394,115_b,415,beta chain
115(b),R,I,0.1527,394,115_b,415,beta chain
115(b),R,K,0.09065,394,115_b,415,beta chain
115(b),R,L,0.2013,394,115_b,415,beta chain
115(b),R,M,0.1337,394,115_b,415,beta chain
115(b),R,N,-0.1755,394,115_b,415,beta chain
115(b),R,P,-0.1814,394,115_b,415,beta chain
115(b),R,Q,0.2827,394,115_b,415,beta chain
115(b),R,S,0.2648,394,115_b,415,beta chain
115(b),R,T,-0.00125,394,115_b,415,beta chain
115(b),R,V,-0.2008,394,115_b,415,beta chain
115(b),R,W,-0.0046,394,115_b,415,beta chain
115(b),R,Y,0.06812,394,115_b,415,beta chain
116(a),F,A,-0.9545,117,116_a,138,alpha chain
116(a),F,C,-0.1472,117,116_a,138,alpha chain
116(a),F,D,-3.531,117,116_a,138,alpha chain
116(a),F,E,-2.923,117,116_a,138,alpha chain
116(a),F,G,-0.5714,117,116_a,138,alpha chain
116(a),F,H,-0.7562,117,116_a,138,alpha chain
116(a),F,K,-5.912,117,116_a,138,alpha chain
116(a),F,L,0.119,117,116_a,138,alpha chain
116(a),F,M,-0.0688,117,116_a,138,alpha chain
116(a),F,N,-1.381,117,116_a,138,alpha chain
116(a),F,P,-1.57,117,116_a,138,alpha chain
116(a),F,Q,-0.7567,117,116_a,138,alpha chain
116(a),F,R,-6,117,116_a,138,alpha chain
116(a),F,S,-1.07,117,116_a,138,alpha chain
116(a),F,T,-0.7163,117,116_a,138,alpha chain
116(a),F,V,4e-05,117,116_a,138,alpha chain
116(a),F,W,-1.543,117,116_a,138,alpha chain
116(a),F,Y,-0.2111,117,116_a,138,alpha chain
116(b),L,A,-0.3728,395,116_b,416,beta chain
116(b),L,C,-0.1086,395,116_b,416,beta chain
116(b),L,D,-3.342,395,116_b,416,beta chain
116(b),L,E,-0.6651,395,116_b,416,beta chain
116(b),L,F,-0.2261,395,116_b,416,beta chain
116(b),L,G,-0.2449,395,116_b,416,beta chain
116(b),L,H,0.04055,395,116_b,416,beta chain
116(b),L,I,-0.01316,395,116_b,416,beta chain
116(b),L,K,-0.244,395,116_b,416,beta chain
116(b),L,M,-0.5086,395,116_b,416,beta chain
116(b),L,N,-1.04,395,116_b,416,beta chain
116(b),L,P,-0.2805,395,116_b,416,beta chain
116(b),L,Q,-0.2908,395,116_b,416,beta chain
116(b),L,R,-0.1021,395,116_b,416,beta chain
116(b),L,S,-0.05429,395,116_b,416,beta chain
116(b),L,T,-0.101,395,116_b,416,beta chain
116(b),L,V,0.1405,395,116_b,416,beta chain
116(b),L,W,0.1146,395,116_b,416,beta chain
116(b),L,Y,-0.06751,395,116_b,416,beta chain
117(a),W,A,-3.109,118,117_a,139,alpha chain
117(a),W,C,-4.247,118,117_a,139,alpha chain
117(a),W,D,-4.723,118,117_a,139,alpha chain
117(a),W,E,-5.487,118,117_a,139,alpha chain
117(a),W,F,-0.6389,118,117_a,139,alpha chain
117(a),W,G,-5.181,118,117_a,139,alpha chain
117(a),W,H,-3.335,118,117_a,139,alpha chain
117(a),W,I,-4.611,118,117_a,139,alpha chain
117(a),W,K,-6,118,117_a,139,alpha chain
117(a),W,L,-5.492,118,117_a,139,alpha chain
117(a),W,M,-4.724,118,117_a,139,alpha chain
117(a),W,N,-3.428,118,117_a,139,alpha chain
117(a),W,P,-6,118,117_a,139,alpha chain
117(a),W,Q,-5.098,118,117_a,139,alpha chain
117(a),W,R,-6,118,117_a,139,alpha chain
117(a),W,S,-3.47,118,117_a,139,alpha chain
117(a),W,T,-4.103,118,117_a,139,alpha chain
117(a),W,V,-4.431,118,117_a,139,alpha chain
117(a),W,Y,-0.0812,118,117_a,139,alpha chain
117(b),A,C,-0.198,396,117_b,417,beta chain
117(b),A,D,-0.1526,396,117_b,417,beta chain
117(b),A,E,0.09715,396,117_b,417,beta chain
117(b),A,F,-0.3043,396,117_b,417,beta chain
117(b),A,G,0.2716,396,117_b,417,beta chain
117(b),A,H,-0.1073,396,117_b,417,beta chain
117(b),A,I,-0.02385,396,117_b,417,beta chain
117(b),A,K,-0.2063,396,117_b,417,beta chain
117(b),A,L,0.03063,396,117_b,417,beta chain
117(b),A,M,-0.1465,396,117_b,417,beta chain
117(b),A,N,0,396,117_b,417,beta chain
117(b),A,P,-0.1739,396,117_b,417,beta chain
117(b),A,Q,-0.2052,396,117_b,417,beta chain
117(b),A,R,-0.3564,396,117_b,417,beta chain
117(b),A,S,-0.2934,396,117_b,417,beta chain
117(b),A,T,-0.1819,396,117_b,417,beta chain
117(b),A,V,0.07225,396,117_b,417,beta chain
117(b),A,W,-0.2512,396,117_b,417,beta chain
117(b),A,Y,0.1258,396,117_b,417,beta chain
118(a),P,A,-4.507,119,118_a,140,alpha chain
118(a),P,C,-5.657,119,118_a,140,alpha chain
118(a),P,D,-6,119,118_a,140,alpha chain
118(a),P,E,-6,119,118_a,140,alpha chain
118(a),P,F,-4.758,119,118_a,140,alpha chain
118(a),P,G,-4.754,119,118_a,140,alpha chain
118(a),P,H,-5.351,119,118_a,140,alpha chain
118(a),P,I,-4.977,119,118_a,140,alpha chain
118(a),P,K,-6,119,118_a,140,alpha chain
118(a),P,L,-5.489,119,118_a,140,alpha chain
118(a),P,M,-4.376,119,118_a,140,alpha chain
118(a),P,N,-5.823,119,118_a,140,alpha chain
118(a),P,R,-6,119,118_a,140,alpha chain
118(a),P,S,-5.085,119,118_a,140,alpha chain
118(a),P,T,-6,119,118_a,140,alpha chain
118(a),P,V,-5.847,119,118_a,140,alpha chain
118(a),P,W,-4.786,119,118_a,140,alpha chain
118(a),P,Y,-4.723,119,118_a,140,alpha chain
118(b),C,A,-0.2619,397,118_b,418,beta chain
118(b),C,D,-6,397,118_b,418,beta chain
118(b),C,E,-6,397,118_b,418,beta chain
118(b),C,F,-3.121,397,118_b,418,beta chain
118(b),C,G,-0.9415,397,118_b,418,beta chain
118(b),C,H,-6,397,118_b,418,beta chain
118(b),C,I,-0.8844,397,118_b,418,beta chain
118(b),C,K,-6,397,118_b,418,beta chain
118(b),C,L,-0.7517,397,118_b,418,beta chain
118(b),C,M,-0.6114,397,118_b,418,beta chain
118(b),C,N,-5.572,397,118_b,418,beta chain
118(b),C,P,-6,397,118_b,418,beta chain
118(b),C,Q,-5.503,397,118_b,418,beta chain
118(b),C,R,-6,397,118_b,418,beta chain
118(b),C,S,-1.321,397,118_b,418,beta chain
118(b),C,T,-0.9027,397,118_b,418,beta chain
118(b),C,V,-0.1572,397,118_b,418,beta chain
118(b),C,W,-6,397,118_b,418,beta chain
118(b),C,Y,-6,397,118_b,418,beta chain
119(a),S,A,-0.299,120,119_a,141,alpha chain
119(a),S,C,-0.2064,120,119_a,141,alpha chain
119(a),S,D,-0.5672,120,119_a,141,alpha chain
119(a),S,E,-1.125,120,119_a,141,alpha chain
119(a),S,F,-1.7,120,119_a,141,alpha chain
119(a),S,G,-0.2841,120,119_a,141,alpha chain
119(a),S,H,-1.32,120,119_a,141,alpha chain
119(a),S,I,-0.1285,120,119_a,141,alpha chain
119(a),S,K,-3.902,120,119_a,141,alpha chain
119(a),S,L,-0.05602,120,119_a,141,alpha chain
119(a),S,M,-0.5257,120,119_a,141,alpha chain
119(a),S,N,-0.3522,120,119_a,141,alpha chain
119(a),S,P,0.0176,120,119_a,141,alpha chain
119(a),S,Q,-0.3818,120,119_a,141,alpha chain
119(a),S,R,-4.974,120,119_a,141,alpha chain
119(a),S,T,-0.1935,120,119_a,141,alpha chain
119(a),S,V,-0.202,120,119_a,141,alpha chain
119(a),S,W,-2.774,120,119_a,141,alpha chain
119(a),S,Y,-1.472,120,119_a,141,alpha chain
119(b),Y,A,0.0093,398,119_b,419,beta chain
119(b),Y,C,0.4209,398,119_b,419,beta chain
119(b),Y,D,-1.043,398,119_b,419,beta chain
119(b),Y,E,-0.6017,398,119_b,419,beta chain
119(b),Y,F,0.157,398,119_b,419,beta chain
119(b),Y,G,-0.485,398,119_b,419,beta chain
119(b),Y,H,-0.347,398,119_b,419,beta chain
119(b),Y,I,0.0857,398,119_b,419,beta chain
119(b),Y,K,0.108,398,119_b,419,beta chain
119(b),Y,L,-0.1479,398,119_b,419,beta chain
119(b),Y,M,0.1224,398,119_b,419,beta chain
119(b),Y,N,-5.931,398,119_b,419,beta chain
119(b),Y,P,-2.061,398,119_b,419,beta chain
119(b),Y,Q,-0.08378,398,119_b,419,beta chain
119(b),Y,R,0.1804,398,119_b,419,beta chain
119(b),Y,S,-0.2758,398,119_b,419,beta chain
119(b),Y,T,-0.4126,398,119_b,419,beta chain
119(b),Y,V,-0.1362,398,119_b,419,beta chain
119(b),Y,W,0.1572,398,119_b,419,beta chain
12(a),F,A,-0.5541,13,12_a,34,alpha chain
12(a),F,C,-1.077,13,12_a,34,alpha chain
12(a),F,D,-2.424,13,12_a,34,alpha chain
12(a),F,E,-0.9832,13,12_a,34,alpha chain
12(a),F,G,-1.165,13,12_a,34,alpha chain
12(a),F,H,-0.5723,13,12_a,34,alpha chain
12(a),F,I,-0.6444,13,12_a,34,alpha chain
12(a),F,K,-2.322,13,12_a,34,alpha chain
12(a),F,L,-0.2895,13,12_a,34,alpha chain
12(a),F,M,-0.129,13,12_a,34,alpha chain
12(a),F,N,-1.404,13,12_a,34,alpha chain
12(a),F,P,-6,13,12_a,34,alpha chain
12(a),F,Q,-0.938,13,12_a,34,alpha chain
12(a),F,R,-1.807,13,12_a,34,alpha chain
12(a),F,S,-0.3739,13,12_a,34,alpha chain
12(a),F,T,-1.1,13,12_a,34,alpha chain
12(a),F,V,-0.6728,13,12_a,34,alpha chain
12(a),F,W,0.2891,13,12_a,34,alpha chain
12(a),F,Y,0.2852,13,12_a,34,alpha chain
12(b),M,A,-0.09487,291,12_b,312,beta chain
12(b),M,C,-0.3509,291,12_b,312,beta chain
12(b),M,D,-0.7373,291,12_b,312,beta chain
12(b),M,E,-0.3666,291,12_b,312,beta chain
12(b),M,F,-0.9312,291,12_b,312,beta chain
12(b),M,G,-0.4969,291,12_b,312,beta chain
12(b),M,H,-1.244,291,12_b,312,beta chain
12(b),M,I,-0.4261,291,12_b,312,beta chain
12(b),M,K,-3.354,291,12_b,312,beta chain
12(b),M,L,0.00425,291,12_b,312,beta chain
12(b),M,N,-0.9376,291,12_b,312,beta chain
12(b),M,P,-6,291,12_b,312,beta chain
12(b),M,Q,-0.1704,291,12_b,312,beta chain
12(b),M,R,-2.861,291,12_b,312,beta chain
12(b),M,S,-0.1197,291,12_b,312,beta chain
12(b),M,T,0.2684,291,12_b,312,beta chain
12(b),M,V,0.7366,291,12_b,312,beta chain
12(b),M,W,-1.191,291,12_b,312,beta chain
12(b),M,Y,-0.7565,291,12_b,312,beta chain
120(a),V,A,-0.1121,121,120_a,142,alpha chain
120(a),V,C,0.08135,121,120_a,142,alpha chain
120(a),V,D,-0.071,121,120_a,142,alpha chain
120(a),V,E,0.05629,121,120_a,142,alpha chain
120(a),V,F,0.2715,121,120_a,142,alpha chain
120(a),V,G,0.0352,121,120_a,142,alpha chain
120(a),V,H,-0.0034,121,120_a,142,alpha chain
120(a),V,I,0.1643,121,120_a,142,alpha chain
120(a),V,K,0.03312,121,120_a,142,alpha chain
120(a),V,L,-0.4768,121,120_a,142,alpha chain
120(a),V,M,-0.3922,121,120_a,142,alpha chain
120(a),V,N,0.125,121,120_a,142,alpha chain
120(a),V,P,-0.4202,121,120_a,142,alpha chain
120(a),V,Q,0.2386,121,120_a,142,alpha chain
120(a),V,R,-0.3697,121,120_a,142,alpha chain
120(a),V,S,0.1935,121,120_a,142,alpha chain
120(a),V,T,0.05201,121,120_a,142,alpha chain
120(a),V,W,-0.04563,121,120_a,142,alpha chain
120(a),V,Y,-0.2551,121,120_a,142,alpha chain
120(b),V,A,0.06641,399,120_b,420,beta chain
120(b),V,C,0.2247,399,120_b,420,beta chain
120(b),V,D,-5.04,399,120_b,420,beta chain
120(b),V,E,-2.728,399,120_b,420,beta chain
120(b),V,F,-0.1597,399,120_b,420,beta chain
120(b),V,H,-2.185,399,120_b,420,beta chain
120(b),V,I,0.2418,399,120_b,420,beta chain
120(b),V,K,-6,399,120_b,420,beta chain
120(b),V,L,-0.6335,399,120_b,420,beta chain
120(b),V,M,-0.206,399,120_b,420,beta chain
120(b),V,N,-0.523,399,120_b,420,beta chain
120(b),V,P,-0.7203,399,120_b,420,beta chain
120(b),V,Q,-1.854,399,120_b,420,beta chain
120(b),V,R,-6,399,120_b,420,beta chain
120(b),V,S,0.2,399,120_b,420,beta chain
120(b),V,T,-0.08936,399,120_b,420,beta chain
120(b),V,W,-3.566,399,120_b,420,beta chain
120(b),V,Y,-1.55,399,120_b,420,beta chain
121(a),I,A,-0.03027,122,121_a,143,alpha chain
121(a),I,C,-0.0443,122,121_a,143,alpha chain
121(a),I,D,-0.6999,122,121_a,143,alpha chain
121(a),I,E,-0.1825,122,121_a,143,alpha chain
121(a),I,F,-0.35,122,121_a,143,alpha chain
121(a),I,G,-0.1781,122,121_a,143,alpha chain
121(a),I,H,-0.5922,122,121_a,143,alpha chain
121(a),I,K,-0.0158,122,121_a,143,alpha chain
121(a),I,L,-0.07175,122,121_a,143,alpha chain
121(a),I,M,0.08804,122,121_a,143,alpha chain
121(a),I,N,-0.1862,122,121_a,143,alpha chain
121(a),I,P,-1.567,122,121_a,143,alpha chain
121(a),I,Q,-0.0459,122,121_a,143,alpha chain
121(a),I,R,-0.4456,122,121_a,143,alpha chain
121(a),I,S,-0.3715,122,121_a,143,alpha chain
121(a),I,T,0.1683,122,121_a,143,alpha chain
121(a),I,V,0.1154,122,121_a,143,alpha chain
121(a),I,W,-0.2196,122,121_a,143,alpha chain
121(a),I,Y,-0.4664,122,121_a,143,alpha chain
121(b),T,A,0.01549,400,121_b,421,beta chain
121(b),T,C,0.0234,400,121_b,421,beta chain
121(b),T,D,-0.2652,400,121_b,421,beta chain
121(b),T,E,-0.4108,400,121_b,421,beta chain
121(b),T,F,0.2935,400,121_b,421,beta chain
121(b),T,G,-0.2322,400,121_b,421,beta chain
121(b),T,H,0.2493,400,121_b,421,beta chain
121(b),T,I,-0.313,400,121_b,421,beta chain
121(b),T,K,-0.06992,400,121_b,421,beta chain
121(b),T,M,-0.01289,400,121_b,421,beta chain
121(b),T,N,-0.009,400,121_b,421,beta chain
121(b),T,P,-0.7007,400,121_b,421,beta chain
121(b),T,Q,-0.1828,400,121_b,421,beta chain
121(b),T,R,-0.011,400,121_b,421,beta chain
121(b),T,S,-0.0195,400,121_b,421,beta chain
121(b),T,V,-0.1086,400,121_b,421,beta chain
121(b),T,W,0.3515,400,121_b,421,beta chain
121(b),T,Y,0.173,400,121_b,421,beta chain
122(a),T,A,-0.05262,123,122_a,144,alpha chain
122(a),T,C,-0.01035,123,122_a,144,alpha chain
122(a),T,D,-0.4617,123,122_a,144,alpha chain
122(a),T,E,-0.6013,123,122_a,144,alpha chain
122(a),T,F,0.1281,123,122_a,144,alpha chain
122(a),T,G,0.044,123,122_a,144,alpha chain
122(a),T,H,0.009165,123,122_a,144,alpha chain
122(a),T,I,-0.128,123,122_a,144,alpha chain
122(a),T,K,0.3901,123,122_a,144,alpha chain
122(a),T,L,-0.08085,123,122_a,144,alpha chain
122(a),T,M,0.05145,123,122_a,144,alpha chain
122(a),T,N,0.3667,123,122_a,144,alpha chain
122(a),T,P,-0.4071,123,122_a,144,alpha chain
122(a),T,Q,0.1558,123,122_a,144,alpha chain
122(a),T,R,0.1468,123,122_a,144,alpha chain
122(a),T,S,0.1713,123,122_a,144,alpha chain
122(a),T,V,-0.1995,123,122_a,144,alpha chain
122(a),T,W,-0.03333,123,122_a,144,alpha chain
122(a),T,Y,-0.05203,123,122_a,144,alpha chain
122(b),G,A,-0.3402,401,122_b,422,beta chain
122(b),G,C,-0.1647,401,122_b,422,beta chain
122(b),G,D,-0.1131,401,122_b,422,beta chain
122(b),G,E,-0.00045,401,122_b,422,beta chain
122(b),G,F,0.009305,401,122_b,422,beta chain
122(b),G,H,0.2253,401,122_b,422,beta chain
122(b),G,I,-0.382,401,122_b,422,beta chain
122(b),G,K,-0.08345,401,122_b,422,beta chain
122(b),G,L,0.05565,401,122_b,422,beta chain
122(b),G,N,0.2135,401,122_b,422,beta chain
122(b),G,P,-0.1749,401,122_b,422,beta chain
122(b),G,Q,0.1243,401,122_b,422,beta chain
122(b),G,R,0.1453,401,122_b,422,beta chain
122(b),G,S,0.05632,401,122_b,422,beta chain
122(b),G,T,-0.3479,401,122_b,422,beta chain
122(b),G,V,-0.5036,401,122_b,422,beta chain
122(b),G,W,0.04385,401,122_b,422,beta chain
122(b),G,Y,0.1251,401,122_b,422,beta chain
123(a),I,A,0.4784,124,123_a,145,alpha chain
123(a),I,C,-1.321,124,123_a,145,alpha chain
123(a),I,D,-0.729,124,123_a,145,alpha chain
123(a),I,E,-0.3196,124,123_a,145,alpha chain
123(a),I,F,0.03199,124,123_a,145,alpha chain
123(a),I,G,-0.1433,124,123_a,145,alpha chain
123(a),I,H,0.02825,124,123_a,145,alpha chain
123(a),I,K,0.015,124,123_a,145,alpha chain
123(a),I,L,-0.0407,124,123_a,145,alpha chain
123(a),I,M,-0.1186,124,123_a,145,alpha chain
123(a),I,N,-0.01661,124,123_a,145,alpha chain
123(a),I,P,-0.256,124,123_a,145,alpha chain
123(a),I,Q,0.09022,124,123_a,145,alpha chain
123(a),I,R,-0.1045,124,123_a,145,alpha chain
123(a),I,S,0.4478,124,123_a,145,alpha chain
123(a),I,T,-0.02135,124,123_a,145,alpha chain
123(a),I,V,0.1752,124,123_a,145,alpha chain
123(a),I,W,-0.1305,124,123_a,145,alpha chain
123(a),I,Y,0.5589,124,123_a,145,alpha chain
123(b),F,A,-0.1836,402,123_b,423,beta chain
123(b),F,C,-0.4263,402,123_b,423,beta chain
123(b),F,D,-1.438,402,123_b,423,beta chain
123(b),F,E,-0.4955,402,123_b,423,beta chain
123(b),F,G,-0.1316,402,123_b,423,beta chain
123(b),F,H,-0.1397,402,123_b,423,beta chain
123(b),F,I,-0.09814,402,123_b,423,beta chain
123(b),F,K,-3.212,402,123_b,423,beta chain
123(b),F,L,0.04063,402,123_b,423,beta chain
123(b),F,M,0.3396,402,123_b,423,beta chain
123(b),F,N,-0.4869,402,123_b,423,beta chain
123(b),F,P,-1.885,402,123_b,423,beta chain
123(b),F,Q,-0.1625,402,123_b,423,beta chain
123(b),F,R,-2.836,402,123_b,423,beta chain
123(b),F,S,0.1552,402,123_b,423,beta chain
123(b),F,T,-0.1109,402,123_b,423,beta chain
123(b),F,V,-0.06062,402,123_b,423,beta chain
123(b),F,W,0.01095,402,123_b,423,beta chain
123(b),F,Y,0.09115,402,123_b,423,beta chain
124(a),T,A,0.04009,125,124_a,146,alpha chain
124(a),T,C,0.04217,125,124_a,146,alpha chain
124(a),T,D,0.00068,125,124_a,146,alpha chain
124(a),T,E,0.01428,125,124_a,146,alpha chain
124(a),T,F,0.049,125,124_a,146,alpha chain
124(a),T,G,0.2123,125,124_a,146,alpha chain
124(a),T,H,-0.05795,125,124_a,146,alpha chain
124(a),T,I,0.1374,125,124_a,146,alpha chain
124(a),T,K,-0.0402,125,124_a,146,alpha chain
124(a),T,L,-0.04264,125,124_a,146,alpha chain
124(a),T,M,-0.1779,125,124_a,146,alpha chain
124(a),T,N,-0.3403,125,124_a,146,alpha chain
124(a),T,P,-1.661,125,124_a,146,alpha chain
124(a),T,Q,-0.01052,125,124_a,146,alpha chain
124(a),T,R,-0.09695,125,124_a,146,alpha chain
124(a),T,S,0.2146,125,124_a,146,alpha chain
124(a),T,V,0.1289,125,124_a,146,alpha chain
124(a),T,W,-0.02587,125,124_a,146,alpha chain
124(a),T,Y,-0.0276,125,124_a,146,alpha chain
124(b),Y,A,-0.6931,403,124_b,424,beta chain
124(b),Y,C,-0.7626,403,124_b,424,beta chain
124(b),Y,D,-1.867,403,124_b,424,beta chain
124(b),Y,E,-1.47,403,124_b,424,beta chain
124(b),Y,F,-0.3622,403,124_b,424,beta chain
124(b),Y,G,-1.24,403,124_b,424,beta chain
124(b),Y,H,-0.3196,403,124_b,424,beta chain
124(b),Y,I,-1.335,403,124_b,424,beta chain
124(b),Y,K,-2.274,403,124_b,424,beta chain
124(b),Y,L,-0.2356,403,124_b,424,beta chain
124(b),Y,M,-0.5116,403,124_b,424,beta chain
124(b),Y,N,-0.3999,403,124_b,424,beta chain
124(b),Y,P,-2.254,403,124_b,424,beta chain
124(b),Y,Q,-0.3964,403,124_b,424,beta chain
124(b),Y,R,-0.7884,403,124_b,424,beta chain
124(b),Y,S,-1.49,403,124_b,424,beta chain
124(b),Y,T,-0.9609,403,124_b,424,beta chain
124(b),Y,V,-1.286,403,124_b,424,beta chain
124(b),Y,W,-0.7721,403,124_b,424,beta chain
125(a),W,A,-0.6046,126,125_a,147,alpha chain
125(a),W,C,-3.152,126,125_a,147,alpha chain
125(a),W,D,-4.947,126,125_a,147,alpha chain
125(a),W,E,-3.183,126,125_a,147,alpha chain
125(a),W,F,0.2821,126,125_a,147,alpha chain
125(a),W,G,-3.095,126,125_a,147,alpha chain
125(a),W,H,0.1307,126,125_a,147,alpha chain
125(a),W,I,-0.3945,126,125_a,147,alpha chain
125(a),W,K,-3.278,126,125_a,147,alpha chain
125(a),W,L,-0.543,126,125_a,147,alpha chain
125(a),W,M,-0.0295,126,125_a,147,alpha chain
125(a),W,N,-0.6817,126,125_a,147,alpha chain
125(a),W,P,-0.4713,126,125_a,147,alpha chain
125(a),W,Q,-0.3164,126,125_a,147,alpha chain
125(a),W,R,0.4376,126,125_a,147,alpha chain
125(a),W,S,-1.431,126,125_a,147,alpha chain
125(a),W,T,-0.5994,126,125_a,147,alpha chain
125(a),W,V,-0.2285,126,125_a,147,alpha chain
125(a),W,Y,-0.3406,126,125_a,147,alpha chain
125(b),P,A,-0.3864,404,125_b,425,beta chain
125(b),P,C,-0.01469,404,125_b,425,beta chain
125(b),P,D,-0.1001,404,125_b,425,beta chain
125(b),P,E,0.08175,404,125_b,425,beta chain
125(b),P,F,-0.6293,404,125_b,425,beta chain
125(b),P,G,-0.36,404,125_b,425,beta chain
125(b),P,H,0.0302,404,125_b,425,beta chain
125(b),P,I,-0.4717,404,125_b,425,beta chain
125(b),P,K,-0.0866,404,125_b,425,beta chain
125(b),P,L,-0.5218,404,125_b,425,beta chain
125(b),P,M,0.1642,404,125_b,425,beta chain
125(b),P,N,0.09818,404,125_b,425,beta chain
125(b),P,Q,0.4347,404,125_b,425,beta chain
125(b),P,R,-0.3112,404,125_b,425,beta chain
125(b),P,S,-0.5428,404,125_b,425,beta chain
125(b),P,T,-0.2678,404,125_b,425,beta chain
125(b),P,V,-0.2432,404,125_b,425,beta chain
125(b),P,W,-0.1885,404,125_b,425,beta chain
125(b),P,Y,-0.2439,404,125_b,425,beta chain
126(a),M,A,0.2113,127,126_a,148,alpha chain
126(a),M,C,-0.2299,127,126_a,148,alpha chain
126(a),M,D,-0.0763,127,126_a,148,alpha chain
126(a),M,E,-0.1726,127,126_a,148,alpha chain
126(a),M,F,-0.2775,127,126_a,148,alpha chain
126(a),M,G,-0.1037,127,126_a,148,alpha chain
126(a),M,H,-0.08245,127,126_a,148,alpha chain
126(a),M,I,0.08782,127,126_a,148,alpha chain
126(a),M,K,-0.3843,127,126_a,148,alpha chain
126(a),M,L,-0.2735,127,126_a,148,alpha chain
126(a),M,N,-0.0025,127,126_a,148,alpha chain
126(a),M,P,-3.676,127,126_a,148,alpha chain
126(a),M,Q,-0.2658,127,126_a,148,alpha chain
126(a),M,R,0.0606,127,126_a,148,alpha chain
126(a),M,S,0.03928,127,126_a,148,alpha chain
126(a),M,T,-0.2143,127,126_a,148,alpha chain
126(a),M,V,0.2006,127,126_a,148,alpha chain
126(a),M,W,-0.215,127,126_a,148,alpha chain
126(a),M,Y,-0.1358,127,126_a,148,alpha chain
126(b),A,C,-0.02721,405,126_b,426,beta chain
126(b),A,D,-0.0223,405,126_b,426,beta chain
126(b),A,E,0.0037,405,126_b,426,beta chain
126(b),A,F,0.1997,405,126_b,426,beta chain
126(b),A,G,-0.1808,405,126_b,426,beta chain
126(b),A,H,0.09196,405,126_b,426,beta chain
126(b),A,I,0.3925,405,126_b,426,beta chain
126(b),A,K,0.1419,405,126_b,426,beta chain
126(b),A,L,-0.03927,405,126_b,426,beta chain
126(b),A,M,-0.2713,405,126_b,426,beta chain
126(b),A,N,0.0781,405,126_b,426,beta chain
126(b),A,P,-0.1255,405,126_b,426,beta chain
126(b),A,Q,0.01101,405,126_b,426,beta chain
126(b),A,R,-0.1595,405,126_b,426,beta chain
126(b),A,S,-0.0793,405,126_b,426,beta chain
126(b),A,T,0.1563,405,126_b,426,beta chain
126(b),A,V,-0.2796,405,126_b,426,beta chain
126(b),A,W,0.09023,405,126_b,426,beta chain
126(b),A,Y,-0.219,405,126_b,426,beta chain
127(a),K,A,-0.4974,128,127_a,149,alpha chain
127(a),K,C,-0.1142,128,127_a,149,alpha chain
127(a),K,D,-0.2843,128,127_a,149,alpha chain
127(a),K,E,-0.2753,128,127_a,149,alpha chain
127(a),K,F,0.03556,128,127_a,149,alpha chain
127(a),K,G,-0.296,128,127_a,149,alpha chain
127(a),K,H,-0.1583,128,127_a,149,alpha chain
127(a),K,I,-0.02704,128,127_a,149,alpha chain
127(a),K,L,0.2224,128,127_a,149,alpha chain
127(a),K,M,-0.06971,128,127_a,149,alpha chain
127(a),K,N,-0.359,128,127_a,149,alpha chain
127(a),K,P,-2.135,128,127_a,149,alpha chain
127(a),K,Q,-0.2229,128,127_a,149,alpha chain
127(a),K,R,0.08911,128,127_a,149,alpha chain
127(a),K,S,-0.04025,128,127_a,149,alpha chain
127(a),K,T,0.03303,128,127_a,149,alpha chain
127(a),K,V,0.05415,128,127_a,149,alpha chain
127(a),K,W,-0.3407,128,127_a,149,alpha chain
127(a),K,Y,0.05218,128,127_a,149,alpha chain
127(b),D,A,0.3783,406,127_b,427,beta chain
127(b),D,C,-0.01441,406,127_b,427,beta chain
127(b),D,E,0.01383,406,127_b,427,beta chain
127(b),D,F,-0.085,406,127_b,427,beta chain
127(b),D,G,-0.4607,406,127_b,427,beta chain
127(b),D,H,0.0853,406,127_b,427,beta chain
127(b),D,I,-0.02695,406,127_b,427,beta chain
127(b),D,K,0.1572,406,127_b,427,beta chain
127(b),D,L,-0.3013,406,127_b,427,beta chain
127(b),D,M,-0.3298,406,127_b,427,beta chain
127(b),D,N,-0.0042,406,127_b,427,beta chain
127(b),D,P,0.2641,406,127_b,427,beta chain
127(b),D,Q,-0.447,406,127_b,427,beta chain
127(b),D,R,0.08465,406,127_b,427,beta chain
127(b),D,S,-0.00473,406,127_b,427,beta chain
127(b),D,T,-0.124,406,127_b,427,beta chain
127(b),D,V,0.1507,406,127_b,427,beta chain
127(b),D,W,-0.1715,406,127_b,427,beta chain
127(b),D,Y,0.1624,406,127_b,427,beta chain
128(a),N,A,0.4428,129,128_a,150,alpha chain
128(a),N,C,0.09981,129,128_a,150,alpha chain
128(a),N,D,0.05803,129,128_a,150,alpha chain
128(a),N,E,-0.1325,129,128_a,150,alpha chain
128(a),N,F,0.2711,129,128_a,150,alpha chain
128(a),N,G,-0.1075,129,128_a,150,alpha chain
128(a),N,H,-0.00925,129,128_a,150,alpha chain
128(a),N,I,-0.04875,129,128_a,150,alpha chain
128(a),N,K,0.2493,129,128_a,150,alpha chain
128(a),N,L,-0.02119,129,128_a,150,alpha chain
128(a),N,M,0.4796,129,128_a,150,alpha chain
128(a),N,P,-1.289,129,128_a,150,alpha chain
128(a),N,Q,-0.0001,129,128_a,150,alpha chain
128(a),N,R,-0.187,129,128_a,150,alpha chain
128(a),N,S,-0.1338,129,128_a,150,alpha chain
128(a),N,T,0.0613,129,128_a,150,alpha chain
128(a),N,V,0.1283,129,128_a,150,alpha chain
128(a),N,W,0.1276,129,128_a,150,alpha chain
128(a),N,Y,-0.03574,129,128_a,150,alpha chain
128(b),I,A,0.1278,407,128_b,428,beta chain
128(b),I,C,-0.4511,407,128_b,428,beta chain
128(b),I,D,-1.419,407,128_b,428,beta chain
128(b),I,E,-1.018,407,128_b,428,beta chain
128(b),I,F,-0.08523,407,128_b,428,beta chain
128(b),I,G,0.3275,407,128_b,428,beta chain
128(b),I,H,-0.285,407,128_b,428,beta chain
128(b),I,K,-1.032,407,128_b,428,beta chain
128(b),I,L,-0.229,407,128_b,428,beta chain
128(b),I,M,0.2056,407,128_b,428,beta chain
128(b),I,N,-0.1746,407,128_b,428,beta chain
128(b),I,P,0.1362,407,128_b,428,beta chain
128(b),I,Q,-0.1811,407,128_b,428,beta chain
128(b),I,R,-0.6446,407,128_b,428,beta chain
128(b),I,T,-0.0008,407,128_b,428,beta chain
128(b),I,V,0.345,407,128_b,428,beta chain
128(b),I,W,-0.2842,407,128_b,428,beta chain
128(b),I,Y,-0.5797,407,128_b,428,beta chain
129(a),G,A,-0.04905,130,129_a,151,alpha chain
129(a),G,C,0.3285,130,129_a,151,alpha chain
129(a),G,D,0.07895,130,129_a,151,alpha chain
129(a),G,E,0.3382,130,129_a,151,alpha chain
129(a),G,F,-0.1536,130,129_a,151,alpha chain
129(a),G,H,0.2682,130,129_a,151,alpha chain
129(a),G,I,-0.03266,130,129_a,151,alpha chain
129(a),G,K,0.3545,130,129_a,151,alpha chain
129(a),G,L,0.00385,130,129_a,151,alpha chain
129(a),G,M,-0.1058,130,129_a,151,alpha chain
129(a),G,N,0.218,130,129_a,151,alpha chain
129(a),G,P,-2.853,130,129_a,151,alpha chain
129(a),G,Q,0.2148,130,129_a,151,alpha chain
129(a),G,R,-0.07739,130,129_a,151,alpha chain
129(a),G,S,-0.3816,130,129_a,151,alpha chain
129(a),G,T,0.1692,130,129_a,151,alpha chain
129(a),G,V,-0.07495,130,129_a,151,alpha chain
129(a),G,W,0.0519,130,129_a,151,alpha chain
129(a),G,Y,0.2536,130,129_a,151,alpha chain
129(b),Q,A,0.08103,408,129_b,429,beta chain
129(b),Q,C,-0.4679,408,129_b,429,beta chain
129(b),Q,D,-0.09908,408,129_b,429,beta chain
129(b),Q,E,-0.4838,408,129_b,429,beta chain
129(b),Q,F,0.4507,408,129_b,429,beta chain
129(b),Q,G,-0.07764,408,129_b,429,beta chain
129(b),Q,H,-0.211,408,129_b,429,beta chain
129(b),Q,I,-0.2228,408,129_b,429,beta chain
129(b),Q,K,0.0033,408,129_b,429,beta chain
129(b),Q,L,-0.2315,408,129_b,429,beta chain
129(b),Q,M,-0.2932,408,129_b,429,beta chain
129(b),Q,N,-0.2368,408,129_b,429,beta chain
129(b),Q,P,-0.726,408,129_b,429,beta chain
129(b),Q,R,0.1305,408,129_b,429,beta chain
129(b),Q,S,0.0979,408,129_b,429,beta chain
129(b),Q,T,-0.3813,408,129_b,429,beta chain
129(b),Q,V,0.0185,408,129_b,429,beta chain
129(b),Q,W,0.4134,408,129_b,429,beta chain
129(b),Q,Y,-0.2066,408,129_b,429,beta chain
13(a),Y,A,-0.3128,14,13_a,35,alpha chain
13(a),Y,C,-0.8574,14,13_a,35,alpha chain
13(a),Y,E,-2.889,14,13_a,35,alpha chain
13(a),Y,G,-3.478,14,13_a,35,alpha chain
13(a),Y,H,-0.2752,14,13_a,35,alpha chain
13(a),Y,I,-0.8427,14,13_a,35,alpha chain
13(a),Y,K,-1.892,14,13_a,35,alpha chain
13(a),Y,L,-1.14,14,13_a,35,alpha chain
13(a),Y,M,0.09653,14,13_a,35,alpha chain
13(a),Y,N,-2.045,14,13_a,35,alpha chain
13(a),Y,P,-6,14,13_a,35,alpha chain
13(a),Y,Q,-1.493,14,13_a,35,alpha chain
13(a),Y,R,-1.671,14,13_a,35,alpha chain
13(a),Y,S,-0.7917,14,13_a,35,alpha chain
13(a),Y,T,-0.4853,14,13_a,35,alpha chain
13(a),Y,V,-0.5413,14,13_a,35,alpha chain
13(a),Y,W,-0.5066,14,13_a,35,alpha chain
13(b),V,A,-0.1689,292,13_b,313,beta chain
13(b),V,C,-0.2331,292,13_b,313,beta chain
13(b),V,D,-3.709,292,13_b,313,beta chain
13(b),V,E,-2.306,292,13_b,313,beta chain
13(b),V,F,-0.2989,292,13_b,313,beta chain
13(b),V,G,-2.506,292,13_b,313,beta chain
13(b),V,H,-1.024,292,13_b,313,beta chain
13(b),V,I,-1.168,292,13_b,313,beta chain
13(b),V,K,-1.445,292,13_b,313,beta chain
13(b),V,L,-1.069,292,13_b,313,beta chain
13(b),V,M,-0.608,292,13_b,313,beta chain
13(b),V,N,-1.51,292,13_b,313,beta chain
13(b),V,P,-6,292,13_b,313,beta chain
13(b),V,Q,-1.638,292,13_b,313,beta chain
13(b),V,R,-2.522,292,13_b,313,beta chain
13(b),V,S,0.0044,292,13_b,313,beta chain
13(b),V,T,-0.1441,292,13_b,313,beta chain
13(b),V,W,-1.101,292,13_b,313,beta chain
13(b),V,Y,-0.6125,292,13_b,313,beta chain
130(a),Q,A,0.3576,131,130_a,152,alpha chain
130(a),Q,C,0.1307,131,130_a,152,alpha chain
130(a),Q,D,0.373,131,130_a,152,alpha chain
130(a),Q,E,-0.2626,131,130_a,152,alpha chain
130(a),Q,F,-0.158,131,130_a,152,alpha chain
130(a),Q,G,0.1207,131,130_a,152,alpha chain
130(a),Q,H,0.0323,131,130_a,152,alpha chain
130(a),Q,I,0.2192,131,130_a,152,alpha chain
130(a),Q,K,-0.07815,131,130_a,152,alpha chain
130(a),Q,L,0.3304,131,130_a,152,alpha chain
130(a),Q,M,0.1688,131,130_a,152,alpha chain
130(a),Q,N,-0.0057,131,130_a,152,alpha chain
130(a),Q,P,-0.6464,131,130_a,152,alpha chain
130(a),Q,R,0.09531,131,130_a,152,alpha chain
130(a),Q,S,0.3992,131,130_a,152,alpha chain
130(a),Q,T,0.2322,131,130_a,152,alpha chain
130(a),Q,V,0.3195,131,130_a,152,alpha chain
130(a),Q,W,0.00917,131,130_a,152,alpha chain
130(a),Q,Y,0.1111,131,130_a,152,alpha chain
130(b),V,A,-0.173,409,130_b,430,beta chain
130(b),V,C,-0.3862,409,130_b,430,beta chain
130(b),V,D,-6,409,130_b,430,beta chain
130(b),V,E,-5.438,409,130_b,430,beta chain
130(b),V,F,-0.04843,409,130_b,430,beta chain
130(b),V,G,-0.8132,409,130_b,430,beta chain
130(b),V,H,-1.455,409,130_b,430,beta chain
130(b),V,I,-0.0302,409,130_b,430,beta chain
130(b),V,K,-3.619,409,130_b,430,beta chain
130(b),V,L,0.08512,409,130_b,430,beta chain
130(b),V,M,-0.04336,409,130_b,430,beta chain
130(b),V,N,-2.308,409,130_b,430,beta chain
130(b),V,P,-0.8075,409,130_b,430,beta chain
130(b),V,Q,-0.4774,409,130_b,430,beta chain
130(b),V,R,-3.47,409,130_b,430,beta chain
130(b),V,S,-0.9135,409,130_b,430,beta chain
130(b),V,T,-0.2898,409,130_b,430,beta chain
130(b),V,W,0.2903,409,130_b,430,beta chain
130(b),V,Y,0.02889,409,130_b,430,beta chain
131(a),E,A,0.1077,132,131_a,153,alpha chain
131(a),E,C,0.3044,132,131_a,153,alpha chain
131(a),E,D,0.00285,132,131_a,153,alpha chain
131(a),E,F,-0.1007,132,131_a,153,alpha chain
131(a),E,G,-0.1963,132,131_a,153,alpha chain
131(a),E,H,-0.1083,132,131_a,153,alpha chain
131(a),E,I,0.02839,132,131_a,153,alpha chain
131(a),E,K,-0.0638,132,131_a,153,alpha chain
131(a),E,L,0.06599,132,131_a,153,alpha chain
131(a),E,M,-0.04192,132,131_a,153,alpha chain
131(a),E,N,0.3757,132,131_a,153,alpha chain
131(a),E,P,-0.1176,132,131_a,153,alpha chain
131(a),E,Q,-0.0376,132,131_a,153,alpha chain
131(a),E,R,0.2199,132,131_a,153,alpha chain
131(a),E,S,0.1397,132,131_a,153,alpha chain
131(a),E,T,0.08825,132,131_a,153,alpha chain
131(a),E,V,0.3145,132,131_a,153,alpha chain
131(a),E,W,0.2484,132,131_a,153,alpha chain
131(a),E,Y,0.08887,132,131_a,153,alpha chain
131(b),K,A,-0.03185,410,131_b,431,beta chain
131(b),K,C,-0.1965,410,131_b,431,beta chain
131(b),K,D,0.29,410,131_b,431,beta chain
131(b),K,E,0.1084,410,131_b,431,beta chain
131(b),K,F,0.3139,410,131_b,431,beta chain
131(b),K,G,-0.0707,410,131_b,431,beta chain
131(b),K,H,0.248,410,131_b,431,beta chain
131(b),K,I,-0.306,410,131_b,431,beta chain
131(b),K,L,0.369,410,131_b,431,beta chain
131(b),K,M,0.1674,410,131_b,431,beta chain
131(b),K,N,0.02506,410,131_b,431,beta chain
131(b),K,P,-3.707,410,131_b,431,beta chain
131(b),K,Q,0.1186,410,131_b,431,beta chain
131(b),K,R,-0.037,410,131_b,431,beta chain
131(b),K,S,-0.03095,410,131_b,431,beta chain
131(b),K,T,0.1144,410,131_b,431,beta chain
131(b),K,V,-0.2429,410,131_b,431,beta chain
131(b),K,W,0.09884,410,131_b,431,beta chain
131(b),K,Y,0.2303,410,131_b,431,beta chain
132(a),V,A,-0.01721,133,132_a,154,alpha chain
132(a),V,C,0.02615,133,132_a,154,alpha chain
132(a),V,D,-0.1893,133,132_a,154,alpha chain
132(a),V,E,-0.0195,133,132_a,154,alpha chain
132(a),V,F,-0.1474,133,132_a,154,alpha chain
132(a),V,G,0.1369,133,132_a,154,alpha chain
132(a),V,H,-0.1539,133,132_a,154,alpha chain
132(a),V,I,0.4368,133,132_a,154,alpha chain
132(a),V,K,0.149,133,132_a,154,alpha chain
132(a),V,L,-0.01166,133,132_a,154,alpha chain
132(a),V,M,-0.1119,133,132_a,154,alpha chain
132(a),V,N,0.1344,133,132_a,154,alpha chain
132(a),V,P,0.0545,133,132_a,154,alpha chain
132(a),V,Q,0.0674,133,132_a,154,alpha chain
132(a),V,R,0.4577,133,132_a,154,alpha chain
132(a),V,S,0.1107,133,132_a,154,alpha chain
132(a),V,T,-0.01495,133,132_a,154,alpha chain
132(a),V,W,0.1268,133,132_a,154,alpha chain
132(a),V,Y,-0.1759,133,132_a,154,alpha chain
132(b),W,A,-0.4699,411,132_b,432,beta chain
132(b),W,C,-2.005,411,132_b,432,beta chain
132(b),W,D,-6,411,132_b,432,beta chain
132(b),W,E,-5.013,411,132_b,432,beta chain
132(b),W,F,0.2203,411,132_b,432,beta chain
132(b),W,G,-2.213,411,132_b,432,beta chain
132(b),W,H,-1.312,411,132_b,432,beta chain
132(b),W,I,-0.215,411,132_b,432,beta chain
132(b),W,K,-4.002,411,132_b,432,beta chain
132(b),W,L,-0.0246,411,132_b,432,beta chain
132(b),W,M,-0.3463,411,132_b,432,beta chain
132(b),W,N,-3.426,411,132_b,432,beta chain
132(b),W,P,-2.082,411,132_b,432,beta chain
132(b),W,Q,-1.047,411,132_b,432,beta chain
132(b),W,R,-6,411,132_b,432,beta chain
132(b),W,S,-2.611,411,132_b,432,beta chain
132(b),W,T,-0.7331,411,132_b,432,beta chain
132(b),W,V,-0.4225,411,132_b,432,beta chain
132(b),W,Y,0.04195,411,132_b,432,beta chain
133(a),T,A,-0.3519,134,133_a,155,alpha chain
133(a),T,C,-0.09821,134,133_a,155,alpha chain
133(a),T,D,0.0605,134,133_a,155,alpha chain
133(a),T,E,-0.02406,134,133_a,155,alpha chain
133(a),T,F,0.1278,134,133_a,155,alpha chain
133(a),T,G,0.1911,134,133_a,155,alpha chain
133(a),T,H,-0.11,134,133_a,155,alpha chain
133(a),T,I,-0.1008,134,133_a,155,alpha chain
133(a),T,K,0.2437,134,133_a,155,alpha chain
133(a),T,L,0.1469,134,133_a,155,alpha chain
133(a),T,M,-0.4247,134,133_a,155,alpha chain
133(a),T,N,0.00235,134,133_a,155,alpha chain
133(a),T,P,-0.1915,134,133_a,155,alpha chain
133(a),T,Q,0.0238,134,133_a,155,alpha chain
133(a),T,R,0.2818,134,133_a,155,alpha chain
133(a),T,S,0.159,134,133_a,155,alpha chain
133(a),T,V,-0.0478,134,133_a,155,alpha chain
133(a),T,W,-0.1432,134,133_a,155,alpha chain
133(a),T,Y,0.1078,134,133_a,155,alpha chain
133(b),F,A,0.0784,412,133_b,433,beta chain
133(b),F,C,-0.03195,412,133_b,433,beta chain
133(b),F,D,-0.3087,412,133_b,433,beta chain
133(b),F,E,-0.014,412,133_b,433,beta chain
133(b),F,G,0.03433,412,133_b,433,beta chain
133(b),F,H,-0.1115,412,133_b,433,beta chain
133(b),F,I,-0.2499,412,133_b,433,beta chain
133(b),F,K,-0.05127,412,133_b,433,beta chain
133(b),F,L,-0.2984,412,133_b,433,beta chain
133(b),F,M,0.2193,412,133_b,433,beta chain
133(b),F,N,-0.1084,412,133_b,433,beta chain
133(b),F,P,-6,412,133_b,433,beta chain
133(b),F,Q,0.01201,412,133_b,433,beta chain
133(b),F,R,0.05205,412,133_b,433,beta chain
133(b),F,T,-0.0294,412,133_b,433,beta chain
133(b),F,V,0.3955,412,133_b,433,beta chain
133(b),F,W,0.2648,412,133_b,433,beta chain
133(b),F,Y,-0.06362,412,133_b,433,beta chain
134(a),E,A,0.176,135,134_a,156,alpha chain
134(a),E,C,-0.1772,135,134_a,156,alpha chain
134(a),E,D,-0.1201,135,134_a,156,alpha chain
134(a),E,F,-0.0881,135,134_a,156,alpha chain
134(a),E,G,0.0197,135,134_a,156,alpha chain
134(a),E,H,-0.1316,135,134_a,156,alpha chain
134(a),E,I,0.05884,135,134_a,156,alpha chain
134(a),E,K,0.1451,135,134_a,156,alpha chain
134(a),E,L,-0.09817,135,134_a,156,alpha chain
134(a),E,M,0.0249,135,134_a,156,alpha chain
134(a),E,N,0.2534,135,134_a,156,alpha chain
134(a),E,P,0.1723,135,134_a,156,alpha chain
134(a),E,Q,0.0577,135,134_a,156,alpha chain
134(a),E,R,-0.3924,135,134_a,156,alpha chain
134(a),E,S,0.2077,135,134_a,156,alpha chain
134(a),E,T,-0.0831,135,134_a,156,alpha chain
134(a),E,V,0.4264,135,134_a,156,alpha chain
134(a),E,W,-0.2897,135,134_a,156,alpha chain
134(a),E,Y,0.07331,135,134_a,156,alpha chain
134(b),K,A,0.08635,413,134_b,434,beta chain
134(b),K,C,-0.0469,413,134_b,434,beta chain
134(b),K,D,-0.4903,413,134_b,434,beta chain
134(b),K,E,-0.4475,413,134_b,434,beta chain
134(b),K,F,0.00161,413,134_b,434,beta chain
134(b),K,G,-0.2523,413,134_b,434,beta chain
134(b),K,H,-0.0129,413,134_b,434,beta chain
134(b),K,I,0.122,413,134_b,434,beta chain
134(b),K,L,0.07345,413,134_b,434,beta chain
134(b),K,M,-0.38,413,134_b,434,beta chain
134(b),K,N,-0.3881,413,134_b,434,beta chain
134(b),K,P,-1.229,413,134_b,434,beta chain
134(b),K,Q,0.144,413,134_b,434,beta chain
134(b),K,R,-0.08115,413,134_b,434,beta chain
134(b),K,S,-0.1316,413,134_b,434,beta chain
134(b),K,T,0.0083,413,134_b,434,beta chain
134(b),K,V,0.1611,413,134_b,434,beta chain
134(b),K,W,0.1458,413,134_b,434,beta chain
134(b),K,Y,-0.4418,413,134_b,434,beta chain
135(a),G,A,0.00666,136,135_a,157,alpha chain
135(a),G,C,-0.5645,136,135_a,157,alpha chain
135(a),G,D,0.00385,136,135_a,157,alpha chain
135(a),G,E,0.1605,136,135_a,157,alpha chain
135(a),G,F,0.0005,136,135_a,157,alpha chain
135(a),G,H,-0.07686,136,135_a,157,alpha chain
135(a),G,I,-0.0666,136,135_a,157,alpha chain
135(a),G,K,0.5201,136,135_a,157,alpha chain
135(a),G,L,0.1485,136,135_a,157,alpha chain
135(a),G,M,-0.361,136,135_a,157,alpha chain
135(a),G,N,0.05276,136,135_a,157,alpha chain
135(a),G,P,-0.2922,136,135_a,157,alpha chain
135(a),G,Q,-0.06261,136,135_a,157,alpha chain
135(a),G,R,-0.1176,136,135_a,157,alpha chain
135(a),G,S,-0.1443,136,135_a,157,alpha chain
135(a),G,T,-0.1307,136,135_a,157,alpha chain
135(a),G,V,0.04954,136,135_a,157,alpha chain
135(a),G,W,-0.5497,136,135_a,157,alpha chain
135(a),G,Y,-0.3617,136,135_a,157,alpha chain
135(b),N,A,0.09108,414,135_b,435,beta chain
135(b),N,C,0.121,414,135_b,435,beta chain
135(b),N,D,-0.1329,414,135_b,435,beta chain
135(b),N,E,0.1791,414,135_b,435,beta chain
135(b),N,F,0.02241,414,135_b,435,beta chain
135(b),N,G,0.1079,414,135_b,435,beta chain
135(b),N,H,-0.04992,414,135_b,435,beta chain
135(b),N,I,-0.0711,414,135_b,435,beta chain
135(b),N,K,0.033,414,135_b,435,beta chain
135(b),N,L,-0.1034,414,135_b,435,beta chain
135(b),N,M,-0.2544,414,135_b,435,beta chain
135(b),N,P,-1.273,414,135_b,435,beta chain
135(b),N,Q,-0.0748,414,135_b,435,beta chain
135(b),N,R,-0.2195,414,135_b,435,beta chain
135(b),N,S,-0.1927,414,135_b,435,beta chain
135(b),N,T,-0.05351,414,135_b,435,beta chain
135(b),N,V,-0.3202,414,135_b,435,beta chain
135(b),N,W,-0.2359,414,135_b,435,beta chain
135(b),N,Y,-0.1686,414,135_b,435,beta chain
136(a),V,A,-0.06039,137,136_a,158,alpha chain
136(a),V,C,0.1645,137,136_a,158,alpha chain
136(a),V,D,-0.7326,137,136_a,158,alpha chain
136(a),V,E,-0.4117,137,136_a,158,alpha chain
136(a),V,F,-0.3479,137,136_a,158,alpha chain
136(a),V,G,-0.7468,137,136_a,158,alpha chain
136(a),V,H,-0.3574,137,136_a,158,alpha chain
136(a),V,I,0.2633,137,136_a,158,alpha chain
136(a),V,K,0.1369,137,136_a,158,alpha chain
136(a),V,L,0.1212,137,136_a,158,alpha chain
136(a),V,M,-0.3148,137,136_a,158,alpha chain
136(a),V,N,-0.433,137,136_a,158,alpha chain
136(a),V,P,-0.08701,137,136_a,158,alpha chain
136(a),V,Q,-0.298,137,136_a,158,alpha chain
136(a),V,R,-0.2292,137,136_a,158,alpha chain
136(a),V,S,-0.1329,137,136_a,158,alpha chain
136(a),V,T,-0.381,137,136_a,158,alpha chain
136(a),V,W,-0.2323,137,136_a,158,alpha chain
136(a),V,Y,-0.5128,137,136_a,158,alpha chain
136(b),G,A,-0.2063,415,136_b,436,beta chain
136(b),G,C,0.06835,415,136_b,436,beta chain
136(b),G,D,0.1781,415,136_b,436,beta chain
136(b),G,E,0.1358,415,136_b,436,beta chain
136(b),G,F,0.0041,415,136_b,436,beta chain
136(b),G,H,0.0516,415,136_b,436,beta chain
136(b),G,I,0.04372,415,136_b,436,beta chain
136(b),G,K,-0.08881,415,136_b,436,beta chain
136(b),G,L,0.4039,415,136_b,436,beta chain
136(b),G,M,-0.01457,415,136_b,436,beta chain
136(b),G,N,0.09746,415,136_b,436,beta chain
136(b),G,P,-1.472,415,136_b,436,beta chain
136(b),G,Q,-0.1257,415,136_b,436,beta chain
136(b),G,R,0.1487,415,136_b,436,beta chain
136(b),G,S,-0.04802,415,136_b,436,beta chain
136(b),G,T,0.189,415,136_b,436,beta chain
136(b),G,V,-0.4069,415,136_b,436,beta chain
136(b),G,W,0.1746,415,136_b,436,beta chain
136(b),G,Y,-0.06496,415,136_b,436,beta chain
137(a),S,A,-0.6716,138,137_a,159,alpha chain
137(a),S,C,0.127,138,137_a,159,alpha chain
137(a),S,D,0.5135,138,137_a,159,alpha chain
137(a),S,E,0.4489,138,137_a,159,alpha chain
137(a),S,F,-0.5356,138,137_a,159,alpha chain
137(a),S,G,-0.7469,138,137_a,159,alpha chain
137(a),S,H,0.1537,138,137_a,159,alpha chain
137(a),S,I,0.3502,138,137_a,159,alpha chain
137(a),S,K,0.3219,138,137_a,159,alpha chain
137(a),S,L,0.5165,138,137_a,159,alpha chain
137(a),S,M,0.7422,138,137_a,159,alpha chain
137(a),S,N,1.026,138,137_a,159,alpha chain
137(a),S,P,-0.6571,138,137_a,159,alpha chain
137(a),S,Q,0.3352,138,137_a,159,alpha chain
137(a),S,R,-0.1164,138,137_a,159,alpha chain
137(a),S,T,0.4911,138,137_a,159,alpha chain
137(a),S,V,0.3619,138,137_a,159,alpha chain
137(a),S,W,0.1767,138,137_a,159,alpha chain
137(a),S,Y,-0.1799,138,137_a,159,alpha chain
137(b),Q,A,-0.04686,416,137_b,437,beta chain
137(b),Q,C,-0.2845,416,137_b,437,beta chain
137(b),Q,D,-0.1879,416,137_b,437,beta chain
137(b),Q,E,-0.1111,416,137_b,437,beta chain
137(b),Q,F,0.0466,416,137_b,437,beta chain
137(b),Q,G,0.2318,416,137_b,437,beta chain
137(b),Q,H,-0.01745,416,137_b,437,beta chain
137(b),Q,I,0.4021,416,137_b,437,beta chain
137(b),Q,K,0.0187,416,137_b,437,beta chain
137(b),Q,L,-0.01635,416,137_b,437,beta chain
137(b),Q,M,0.08665,416,137_b,437,beta chain
137(b),Q,N,-0.04439,416,137_b,437,beta chain
137(b),Q,P,-0.5544,416,137_b,437,beta chain
137(b),Q,R,0.00615,416,137_b,437,beta chain
137(b),Q,S,-0.3318,416,137_b,437,beta chain
137(b),Q,T,0.1658,416,137_b,437,beta chain
137(b),Q,V,0.7023,416,137_b,437,beta chain
137(b),Q,W,0.01944,416,137_b,437,beta chain
137(b),Q,Y,-0.153,416,137_b,437,beta chain
138(a),E,A,0.5565,139,138_a,160,alpha chain
138(a),E,C,0.3702,139,138_a,160,alpha chain
138(a),E,D,0.0578,139,138_a,160,alpha chain
138(a),E,F,0.09806,139,138_a,160,alpha chain
138(a),E,G,0.4383,139,138_a,160,alpha chain
138(a),E,H,0.3925,139,138_a,160,alpha chain
138(a),E,I,0.4709,139,138_a,160,alpha chain
138(a),E,K,0.4095,139,138_a,160,alpha chain
138(a),E,L,-0.1465,139,138_a,160,alpha chain
138(a),E,M,0.2325,139,138_a,160,alpha chain
138(a),E,N,-0.1381,139,138_a,160,alpha chain
138(a),E,P,-0.1852,139,138_a,160,alpha chain
138(a),E,Q,-0.0155,139,138_a,160,alpha chain
138(a),E,R,0.0617,139,138_a,160,alpha chain
138(a),E,S,0.6004,139,138_a,160,alpha chain
138(a),E,T,0.4556,139,138_a,160,alpha chain
138(a),E,V,0.2009,139,138_a,160,alpha chain
138(a),E,W,0.2764,139,138_a,160,alpha chain
138(a),E,Y,0.5712,139,138_a,160,alpha chain
138(b),E,A,-0.08059,417,138_b,438,beta chain
138(b),E,C,-0.1178,417,138_b,438,beta chain
138(b),E,D,0.04783,417,138_b,438,beta chain
138(b),E,F,-0.2828,417,138_b,438,beta chain
138(b),E,G,0.3586,417,138_b,438,beta chain
138(b),E,H,0.3569,417,138_b,438,beta chain
138(b),E,I,0.03893,417,138_b,438,beta chain
138(b),E,K,-0.2297,417,138_b,438,beta chain
138(b),E,L,0.1303,417,138_b,438,beta chain
138(b),E,M,0.1218,417,138_b,438,beta chain
138(b),E,N,0.115,417,138_b,438,beta chain
138(b),E,P,-0.1073,417,138_b,438,beta chain
138(b),E,Q,-0.3244,417,138_b,438,beta chain
138(b),E,R,-0.09193,417,138_b,438,beta chain
138(b),E,S,-0.1915,417,138_b,438,beta chain
138(b),E,T,0.0047,417,138_b,438,beta chain
138(b),E,V,-0.1905,417,138_b,438,beta chain
138(b),E,W,0.07311,417,138_b,438,beta chain
138(b),E,Y,0.2054,417,138_b,438,beta chain
139(a),T,A,-0.9626,140,139_a,161,alpha chain
139(a),T,C,-0.4564,140,139_a,161,alpha chain
139(a),T,D,-0.3442,140,139_a,161,alpha chain
139(a),T,E,-0.00935,140,139_a,161,alpha chain
139(a),T,F,-0.3129,140,139_a,161,alpha chain
139(a),T,G,-0.6009,140,139_a,161,alpha chain
139(a),T,H,0.1746,140,139_a,161,alpha chain
139(a),T,I,-0.9822,140,139_a,161,alpha chain
139(a),T,K,-0.2817,140,139_a,161,alpha chain
139(a),T,L,-0.0878,140,139_a,161,alpha chain
139(a),T,M,0.4123,140,139_a,161,alpha chain
139(a),T,N,0.2167,140,139_a,161,alpha chain
139(a),T,P,-0.2021,140,139_a,161,alpha chain
139(a),T,Q,-0.07916,140,139_a,161,alpha chain
139(a),T,R,-0.159,140,139_a,161,alpha chain
139(a),T,S,-0.6607,140,139_a,161,alpha chain
139(a),T,V,-0.401,140,139_a,161,alpha chain
139(a),T,W,0.195,140,139_a,161,alpha chain
139(a),T,Y,-0.02385,140,139_a,161,alpha chain
139(b),E,A,0.08963,418,139_b,439,beta chain
139(b),E,C,0.09961,418,139_b,439,beta chain
139(b),E,D,0.1567,418,139_b,439,beta chain
139(b),E,F,0.0459,418,139_b,439,beta chain
139(b),E,G,-0.22,418,139_b,439,beta chain
139(b),E,H,-0.02525,418,139_b,439,beta chain
139(b),E,I,0.1146,418,139_b,439,beta chain
139(b),E,K,0.177,418,139_b,439,beta chain
139(b),E,L,0.1767,418,139_b,439,beta chain
139(b),E,M,-0.00435,418,139_b,439,beta chain
139(b),E,N,-0.5887,418,139_b,439,beta chain
139(b),E,P,0.05495,418,139_b,439,beta chain
139(b),E,Q,0.172,418,139_b,439,beta chain
139(b),E,R,0.1808,418,139_b,439,beta chain
139(b),E,S,0.3443,418,139_b,439,beta chain
139(b),E,T,-0.00355,418,139_b,439,beta chain
139(b),E,V,-0.02331,418,139_b,439,beta chain
139(b),E,W,-0.1866,418,139_b,439,beta chain
139(b),E,Y,-0.0878,418,139_b,439,beta chain
14(a),Q,A,0.2329,15,14_a,36,alpha chain
14(a),Q,C,-0.3837,15,14_a,36,alpha chain
14(a),Q,D,-0.07055,15,14_a,36,alpha chain
14(a),Q,E,-0.1869,15,14_a,36,alpha chain
14(a),Q,F,-0.2034,15,14_a,36,alpha chain
14(a),Q,G,-0.1729,15,14_a,36,alpha chain
14(a),Q,H,0.09297,15,14_a,36,alpha chain
14(a),Q,I,-1.128,15,14_a,36,alpha chain
14(a),Q,K,-1.808,15,14_a,36,alpha chain
14(a),Q,M,0.326,15,14_a,36,alpha chain
14(a),Q,N,-0.3544,15,14_a,36,alpha chain
14(a),Q,P,-6,15,14_a,36,alpha chain
14(a),Q,R,-1.195,15,14_a,36,alpha chain
14(a),Q,S,0.03246,15,14_a,36,alpha chain
14(a),Q,T,-0.5765,15,14_a,36,alpha chain
14(a),Q,V,-0.0113,15,14_a,36,alpha chain
14(a),Q,W,-0.05008,15,14_a,36,alpha chain
14(a),Q,Y,0.2276,15,14_a,36,alpha chain
14(b),A,C,0.1141,293,14_b,314,beta chain
14(b),A,D,-0.42,293,14_b,314,beta chain
14(b),A,F,-0.9114,293,14_b,314,beta chain
14(b),A,G,0.0836,293,14_b,314,beta chain
14(b),A,H,0.06039,293,14_b,314,beta chain
14(b),A,I,-0.4226,293,14_b,314,beta chain
14(b),A,K,-0.0069,293,14_b,314,beta chain
14(b),A,L,-0.4112,293,14_b,314,beta chain
14(b),A,M,-0.08167,293,14_b,314,beta chain
14(b),A,N,0.09264,293,14_b,314,beta chain
14(b),A,P,-5.032,293,14_b,314,beta chain
14(b),A,Q,0.1821,293,14_b,314,beta chain
14(b),A,R,0.0026,293,14_b,314,beta chain
14(b),A,S,0.05198,293,14_b,314,beta chain
14(b),A,T,-0.1166,293,14_b,314,beta chain
14(b),A,V,-0.025,293,14_b,314,beta chain
14(b),A,W,-1.331,293,14_b,314,beta chain
14(b),A,Y,-0.9116,293,14_b,314,beta chain
140(a),V,A,-0.1663,141,140_a,162,alpha chain
140(a),V,C,-0.09755,141,140_a,162,alpha chain
140(a),V,D,-0.2802,141,140_a,162,alpha chain
140(a),V,E,-0.5182,141,140_a,162,alpha chain
140(a),V,F,0.0236,141,140_a,162,alpha chain
140(a),V,G,-0.8846,141,140_a,162,alpha chain
140(a),V,H,-0.2906,141,140_a,162,alpha chain
140(a),V,I,0.3194,141,140_a,162,alpha chain
140(a),V,K,-0.0036,141,140_a,162,alpha chain
140(a),V,L,-0.2666,141,140_a,162,alpha chain
140(a),V,M,-0.07399,141,140_a,162,alpha chain
140(a),V,N,-0.04001,141,140_a,162,alpha chain
140(a),V,P,-0.3198,141,140_a,162,alpha chain
140(a),V,Q,0.1441,141,140_a,162,alpha chain
140(a),V,R,0.0272,141,140_a,162,alpha chain
140(a),V,S,-0.1222,141,140_a,162,alpha chain
140(a),V,T,-0.1831,141,140_a,162,alpha chain
140(a),V,W,-0.4098,141,140_a,162,alpha chain
140(a),V,Y,0.1452,141,140_a,162,alpha chain
140(b),T,A,-0.153,419,140_b,440,beta chain
140(b),T,C,-0.1536,419,140_b,440,beta chain
140(b),T,D,-0.2325,419,140_b,440,beta chain
140(b),T,E,-0.2318,419,140_b,440,beta chain
140(b),T,F,0.2867,419,140_b,440,beta chain
140(b),T,G,0.392,419,140_b,440,beta chain
140(b),T,H,0.0918,419,140_b,440,beta chain
140(b),T,I,0.1682,419,140_b,440,beta chain
140(b),T,K,0.07902,419,140_b,440,beta chain
140(b),T,L,-0.465,419,140_b,440,beta chain
140(b),T,M,0.03987,419,140_b,440,beta chain
140(b),T,N,-0.279,419,140_b,440,beta chain
140(b),T,P,-0.1308,419,140_b,440,beta chain
140(b),T,Q,0.05733,419,140_b,440,beta chain
140(b),T,R,0.1846,419,140_b,440,beta chain
140(b),T,S,0.00485,419,140_b,440,beta chain
140(b),T,V,-0.02029,419,140_b,440,beta chain
140(b),T,W,-0.09435,419,140_b,440,beta chain
140(b),T,Y,0.1819,419,140_b,440,beta chain
141(a),F,A,-0.615,142,141_a,163,alpha chain
141(a),F,C,-0.06806,142,141_a,163,alpha chain
141(a),F,D,-0.2927,142,141_a,163,alpha chain
141(a),F,E,-0.02442,142,141_a,163,alpha chain
141(a),F,G,0.01565,142,141_a,163,alpha chain
141(a),F,H,-0.1938,142,141_a,163,alpha chain
141(a),F,I,0.3541,142,141_a,163,alpha chain
141(a),F,K,-0.2105,142,141_a,163,alpha chain
141(a),F,L,-0.07125,142,141_a,163,alpha chain
141(a),F,M,0.05002,142,141_a,163,alpha chain
141(a),F,N,0.1969,142,141_a,163,alpha chain
141(a),F,P,-0.2661,142,141_a,163,alpha chain
141(a),F,Q,-0.2054,142,141_a,163,alpha chain
141(a),F,R,-0.4255,142,141_a,163,alpha chain
141(a),F,S,0.02355,142,141_a,163,alpha chain
141(a),F,T,-0.007727,142,141_a,163,alpha chain
141(a),F,V,-0.2793,142,141_a,163,alpha chain
141(a),F,W,-0.3457,142,141_a,163,alpha chain
141(a),F,Y,0.06562,142,141_a,163,alpha chain
141(b),K,A,-0.1702,420,141_b,441,beta chain
141(b),K,C,0.08709,420,141_b,441,beta chain
141(b),K,D,-0.02905,420,141_b,441,beta chain
141(b),K,E,-0.01382,420,141_b,441,beta chain
141(b),K,F,0.2685,420,141_b,441,beta chain
141(b),K,G,-0.1951,420,141_b,441,beta chain
141(b),K,H,0.0038,420,141_b,441,beta chain
141(b),K,I,0.1287,420,141_b,441,beta chain
141(b),K,L,0.1538,420,141_b,441,beta chain
141(b),K,M,0.1201,420,141_b,441,beta chain
141(b),K,N,0.04435,420,141_b,441,beta chain
141(b),K,P,0.288,420,141_b,441,beta chain
141(b),K,Q,0.01067,420,141_b,441,beta chain
141(b),K,R,-0.0258,420,141_b,441,beta chain
141(b),K,S,0.4278,420,141_b,441,beta chain
141(b),K,T,0.1437,420,141_b,441,beta chain
141(b),K,V,0.1356,420,141_b,441,beta chain
141(b),K,W,-0.0963,420,141_b,441,beta chain
141(b),K,Y,0.1576,420,141_b,441,beta chain
142(a),Y,A,-0.0739,143,142_a,164,alpha chain
142(a),Y,C,-0.1433,143,142_a,164,alpha chain
142(a),Y,D,-0.03735,143,142_a,164,alpha chain
142(a),Y,E,-0.4238,143,142_a,164,alpha chain
142(a),Y,F,-0.00685,143,142_a,164,alpha chain
142(a),Y,G,-0.2661,143,142_a,164,alpha chain
142(a),Y,H,-0.3473,143,142_a,164,alpha chain
142(a),Y,I,-0.1194,143,142_a,164,alpha chain
142(a),Y,K,0.06796,143,142_a,164,alpha chain
142(a),Y,L,0.06415,143,142_a,164,alpha chain
142(a),Y,M,-0.0925,143,142_a,164,alpha chain
142(a),Y,N,0.1997,143,142_a,164,alpha chain
142(a),Y,P,-0.4,143,142_a,164,alpha chain
142(a),Y,Q,-0.1444,143,142_a,164,alpha chain
142(a),Y,R,-0.08425,143,142_a,164,alpha chain
142(a),Y,S,0.05278,143,142_a,164,alpha chain
142(a),Y,T,-0.2887,143,142_a,164,alpha chain
142(a),Y,V,-0.3404,143,142_a,164,alpha chain
142(a),Y,W,0.5655,143,142_a,164,alpha chain
142(b),H,A,-0.2244,421,142_b,442,beta chain
142(b),H,C,0.2332,421,142_b,442,beta chain
142(b),H,D,-0.0142,421,142_b,442,beta chain
142(b),H,E,0.08447,421,142_b,442,beta chain
142(b),H,F,0.1042,421,142_b,442,beta chain
142(b),H,G,-0.04265,421,142_b,442,beta chain
142(b),H,I,0.1714,421,142_b,442,beta chain
142(b),H,K,0.3122,421,142_b,442,beta chain
142(b),H,L,0.1926,421,142_b,442,beta chain
142(b),H,M,-0.01652,421,142_b,442,beta chain
142(b),H,N,-0.0039,421,142_b,442,beta chain
142(b),H,P,-0.07253,421,142_b,442,beta chain
142(b),H,Q,0.1316,421,142_b,442,beta chain
142(b),H,R,0.00533,421,142_b,442,beta chain
142(b),H,S,0.0178,421,142_b,442,beta chain
142(b),H,T,-0.0334,421,142_b,442,beta chain
142(b),H,V,0.0527,421,142_b,442,beta chain
142(b),H,W,-0.1424,421,142_b,442,beta chain
142(b),H,Y,0.003215,421,142_b,442,beta chain
143(a),R,A,0.08161,144,143_a,165,alpha chain
143(a),R,C,0.1944,144,143_a,165,alpha chain
143(a),R,D,-1.028,144,143_a,165,alpha chain
143(a),R,E,-2.151,144,143_a,165,alpha chain
143(a),R,F,-0.1508,144,143_a,165,alpha chain
143(a),R,G,-0.2637,144,143_a,165,alpha chain
143(a),R,H,0.09385,144,143_a,165,alpha chain
143(a),R,I,-0.2663,144,143_a,165,alpha chain
143(a),R,K,-0.4876,144,143_a,165,alpha chain
143(a),R,L,0.1523,144,143_a,165,alpha chain
143(a),R,M,0.1958,144,143_a,165,alpha chain
143(a),R,N,-0.306,144,143_a,165,alpha chain
143(a),R,P,-0.6347,144,143_a,165,alpha chain
143(a),R,Q,-0.2152,144,143_a,165,alpha chain
143(a),R,S,-0.2474,144,143_a,165,alpha chain
143(a),R,T,0.08421,144,143_a,165,alpha chain
143(a),R,V,0.06523,144,143_a,165,alpha chain
143(a),R,W,-0.1968,144,143_a,165,alpha chain
143(a),R,Y,-0.3566,144,143_a,165,alpha chain
143(b),V,A,-0.04595,422,143_b,443,beta chain
143(b),V,C,0.1018,422,143_b,443,beta chain
143(b),V,D,-0.4103,422,143_b,443,beta chain
143(b),V,E,0.0255,422,143_b,443,beta chain
143(b),V,F,-0.02307,422,143_b,443,beta chain
143(b),V,G,-0.0478,422,143_b,443,beta chain
143(b),V,H,0.00985,422,143_b,443,beta chain
143(b),V,I,0.1352,422,143_b,443,beta chain
143(b),V,K,0.0295,422,143_b,443,beta chain
143(b),V,L,-0.1626,422,143_b,443,beta chain
143(b),V,M,0.1623,422,143_b,443,beta chain
143(b),V,N,-0.142,422,143_b,443,beta chain
143(b),V,P,0.1232,422,143_b,443,beta chain
143(b),V,Q,0.2628,422,143_b,443,beta chain
143(b),V,R,0.2509,422,143_b,443,beta chain
143(b),V,S,-0.147,422,143_b,443,beta chain
143(b),V,T,-0.0835,422,143_b,443,beta chain
143(b),V,W,0.03955,422,143_b,443,beta chain
144(a),Q,A,0.2643,145,144_a,166,alpha chain
144(a),Q,C,0.3906,145,144_a,166,alpha chain
144(a),Q,D,-0.02709,145,144_a,166,alpha chain
144(a),Q,E,0.1778,145,144_a,166,alpha chain
144(a),Q,F,-0.2604,145,144_a,166,alpha chain
144(a),Q,G,0.116,145,144_a,166,alpha chain
144(a),Q,H,0.1306,145,144_a,166,alpha chain
144(a),Q,I,0.06565,145,144_a,166,alpha chain
144(a),Q,K,0.1439,145,144_a,166,alpha chain
144(a),Q,L,0.349,145,144_a,166,alpha chain
144(a),Q,M,0.37,145,144_a,166,alpha chain
144(a),Q,N,0.0874,145,144_a,166,alpha chain
144(a),Q,P,-1.016,145,144_a,166,alpha chain
144(a),Q,R,0.2661,145,144_a,166,alpha chain
144(a),Q,S,0.1133,145,144_a,166,alpha chain
144(a),Q,T,-0.1571,145,144_a,166,alpha chain
144(a),Q,V,-0.3187,145,144_a,166,alpha chain
144(a),Q,W,-0.4425,145,144_a,166,alpha chain
144(a),Q,Y,-0.0864,145,144_a,166,alpha chain
144(b),V,A,0.08165,423,144_b,444,beta chain
144(b),V,C,-0.0668,423,144_b,444,beta chain
144(b),V,D,0.1999,423,144_b,444,beta chain
144(b),V,E,0.09705,423,144_b,444,beta chain
144(b),V,F,0.1308,423,144_b,444,beta chain
144(b),V,G,-0.2703,423,144_b,444,beta chain
144(b),V,H,0.04263,423,144_b,444,beta chain
144(b),V,I,-0.04519,423,144_b,444,beta chain
144(b),V,K,-0.2065,423,144_b,444,beta chain
144(b),V,L,0.0837,423,144_b,444,beta chain
144(b),V,M,-0.234,423,144_b,444,beta chain
144(b),V,N,0.3188,423,144_b,444,beta chain
144(b),V,P,-0.1403,423,144_b,444,beta chain
144(b),V,Q,-0.3187,423,144_b,444,beta chain
144(b),V,R,0.08232,423,144_b,444,beta chain
144(b),V,S,0.1318,423,144_b,444,beta chain
144(b),V,T,0.1167,423,144_b,444,beta chain
144(b),V,W,-0.04658,423,144_b,444,beta chain
144(b),V,Y,0.5473,423,144_b,444,beta chain
145(a),A,C,0.1936,146,145_a,167,alpha chain
145(a),A,D,0.104,146,145_a,167,alpha chain
145(a),A,E,0.3609,146,145_a,167,alpha chain
145(a),A,F,0.05158,146,145_a,167,alpha chain
145(a),A,G,-0.001575,146,145_a,167,alpha chain
145(a),A,H,-0.0295,146,145_a,167,alpha chain
145(a),A,I,-0.0391,146,145_a,167,alpha chain
145(a),A,K,0.2155,146,145_a,167,alpha chain
145(a),A,L,-0.123,146,145_a,167,alpha chain
145(a),A,M,-0.08651,146,145_a,167,alpha chain
145(a),A,N,0.3993,146,145_a,167,alpha chain
145(a),A,P,-0.325,146,145_a,167,alpha chain
145(a),A,Q,-0.2601,146,145_a,167,alpha chain
145(a),A,R,-0.2388,146,145_a,167,alpha chain
145(a),A,S,0.2906,146,145_a,167,alpha chain
145(a),A,T,-0.06415,146,145_a,167,alpha chain
145(a),A,V,-0.03249,146,145_a,167,alpha chain
145(a),A,W,-0.009665,146,145_a,167,alpha chain
145(a),A,Y,0.008515,146,145_a,167,alpha chain
145(b),S,A,0.1786,424,145_b,445,beta chain
145(b),S,C,0.2563,424,145_b,445,beta chain
145(b),S,D,0.1193,424,145_b,445,beta chain
145(b),S,E,-0.05165,424,145_b,445,beta chain
145(b),S,F,-0.02445,424,145_b,445,beta chain
145(b),S,G,-0.08215,424,145_b,445,beta chain
145(b),S,H,0.1705,424,145_b,445,beta chain
145(b),S,I,0.1267,424,145_b,445,beta chain
145(b),S,K,0.1274,424,145_b,445,beta chain
145(b),S,L,0.1567,424,145_b,445,beta chain
145(b),S,M,0.03755,424,145_b,445,beta chain
145(b),S,N,-0.0273,424,145_b,445,beta chain
145(b),S,P,0.2523,424,145_b,445,beta chain
145(b),S,Q,0.1259,424,145_b,445,beta chain
145(b),S,R,-0.02824,424,145_b,445,beta chain
145(b),S,T,0.2758,424,145_b,445,beta chain
145(b),S,V,0.1327,424,145_b,445,beta chain
145(b),S,W,0.1404,424,145_b,445,beta chain
145(b),S,Y,0.2044,424,145_b,445,beta chain
146(a),D,A,-0.2,147,146_a,168,alpha chain
146(a),D,C,-0.2771,147,146_a,168,alpha chain
146(a),D,E,-0.07336,147,146_a,168,alpha chain
146(a),D,F,-0.399,147,146_a,168,alpha chain
146(a),D,G,-0.06881,147,146_a,168,alpha chain
146(a),D,H,-0.4753,147,146_a,168,alpha chain
146(a),D,I,-0.1572,147,146_a,168,alpha chain
146(a),D,K,-0.2914,147,146_a,168,alpha chain
146(a),D,L,-0.4286,147,146_a,168,alpha chain
146(a),D,M,-0.06992,147,146_a,168,alpha chain
146(a),D,N,0.07323,147,146_a,168,alpha chain
146(a),D,P,-0.3307,147,146_a,168,alpha chain
146(a),D,Q,-0.09241,147,146_a,168,alpha chain
146(a),D,R,-0.2085,147,146_a,168,alpha chain
146(a),D,S,-0.07802,147,146_a,168,alpha chain
146(a),D,T,-0.2431,147,146_a,168,alpha chain
146(a),D,V,-0.08863,147,146_a,168,alpha chain
146(a),D,W,-0.0837,147,146_a,168,alpha chain
146(a),D,Y,-0.3604,147,146_a,168,alpha chain
146(b),T,C,-0.2463,425,146_b,446,beta chain
146(b),T,D,0.2166,425,146_b,446,beta chain
146(b),T,E,-0.246,425,146_b,446,beta chain
146(b),T,F,-0.07205,425,146_b,446,beta chain
146(b),T,G,-0.03221,425,146_b,446,beta chain
146(b),T,H,-0.05077,425,146_b,446,beta chain
146(b),T,I,-0.3987,425,146_b,446,beta chain
146(b),T,K,-0.1308,425,146_b,446,beta chain
146(b),T,L,0.0836,425,146_b,446,beta chain
146(b),T,M,0.04186,425,146_b,446,beta chain
146(b),T,N,-0.09315,425,146_b,446,beta chain
146(b),T,P,-0.1555,425,146_b,446,beta chain
146(b),T,Q,-0.1546,425,146_b,446,beta chain
146(b),T,R,-0.00335,425,146_b,446,beta chain
146(b),T,S,-0.1135,425,146_b,446,beta chain
146(b),T,V,-0.1281,425,146_b,446,beta chain
146(b),T,W,-0.1752,425,146_b,446,beta chain
146(b),T,Y,-0.6938,425,146_b,446,beta chain
147(a),N,A,-0.4245,148,147_a,169,alpha chain
147(a),N,C,0.07087,148,147_a,169,alpha chain
147(a),N,D,-0.2201,148,147_a,169,alpha chain
147(a),N,E,-0.1936,148,147_a,169,alpha chain
147(a),N,G,0.105,148,147_a,169,alpha chain
147(a),N,H,0.1207,148,147_a,169,alpha chain
147(a),N,I,-0.311,148,147_a,169,alpha chain
147(a),N,K,-0.6279,148,147_a,169,alpha chain
147(a),N,L,0.1423,148,147_a,169,alpha chain
147(a),N,M,-0.3366,148,147_a,169,alpha chain
147(a),N,P,-0.9815,148,147_a,169,alpha chain
147(a),N,Q,-0.4403,148,147_a,169,alpha chain
147(a),N,R,-0.3855,148,147_a,169,alpha chain
147(a),N,S,0.02132,148,147_a,169,alpha chain
147(a),N,T,-0.4669,148,147_a,169,alpha chain
147(a),N,V,-0.4822,148,147_a,169,alpha chain
147(a),N,W,-0.2732,148,147_a,169,alpha chain
147(a),N,Y,-0.4846,148,147_a,169,alpha chain
147(b),D,A,0.1441,426,147_b,447,beta chain
147(b),D,C,-0.09945,426,147_b,447,beta chain
147(b),D,E,0.2396,426,147_b,447,beta chain
147(b),D,F,0.2404,426,147_b,447,beta chain
147(b),D,G,0.07022,426,147_b,447,beta chain
147(b),D,H,0.0533,426,147_b,447,beta chain
147(b),D,I,-0.01475,426,147_b,447,beta chain
147(b),D,K,0.2468,426,147_b,447,beta chain
147(b),D,L,-0.4867,426,147_b,447,beta chain
147(b),D,M,0.214,426,147_b,447,beta chain
147(b),D,N,-0.01685,426,147_b,447,beta chain
147(b),D,P,-0.09742,426,147_b,447,beta chain
147(b),D,Q,-0.02995,426,147_b,447,beta chain
147(b),D,R,0.0592,426,147_b,447,beta chain
147(b),D,S,0.07862,426,147_b,447,beta chain
147(b),D,T,0.01605,426,147_b,447,beta chain
147(b),D,V,-0.0938,426,147_b,447,beta chain
147(b),D,W,-0.1076,426,147_b,447,beta chain
147(b),D,Y,0.2368,426,147_b,447,beta chain
148(a),G,A,0.08957,149,148_a,170,alpha chain
148(a),G,C,0.004045,149,148_a,170,alpha chain
148(a),G,D,-0.2952,149,148_a,170,alpha chain
148(a),G,E,-0.6414,149,148_a,170,alpha chain
148(a),G,F,0.0282,149,148_a,170,alpha chain
148(a),G,H,-0.05075,149,148_a,170,alpha chain
148(a),G,I,0.0015,149,148_a,170,alpha chain
148(a),G,K,0.05988,149,148_a,170,alpha chain
148(a),G,L,-0.2892,149,148_a,170,alpha chain
148(a),G,M,-0.4715,149,148_a,170,alpha chain
148(a),G,N,-0.2277,149,148_a,170,alpha chain
148(a),G,P,-0.755,149,148_a,170,alpha chain
148(a),G,Q,0.06875,149,148_a,170,alpha chain
148(a),G,R,0.05745,149,148_a,170,alpha chain
148(a),G,S,-0.02525,149,148_a,170,alpha chain
148(a),G,T,-0.2233,149,148_a,170,alpha chain
148(a),G,V,-0.395,149,148_a,170,alpha chain
148(a),G,W,-0.05581,149,148_a,170,alpha chain
148(a),G,Y,-0.2097,149,148_a,170,alpha chain
148(b),V,A,0.4478,427,148_b,448,beta chain
148(b),V,C,0.0545,427,148_b,448,beta chain
148(b),V,D,-0.4319,427,148_b,448,beta chain
148(b),V,E,-0.332,427,148_b,448,beta chain
148(b),V,F,-0.00107,427,148_b,448,beta chain
148(b),V,G,-0.3467,427,148_b,448,beta chain
148(b),V,H,0.00755,427,148_b,448,beta chain
148(b),V,I,-0.1226,427,148_b,448,beta chain
148(b),V,K,-0.2754,427,148_b,448,beta chain
148(b),V,L,-0.0152,427,148_b,448,beta chain
148(b),V,M,0.4568,427,148_b,448,beta chain
148(b),V,N,0.1351,427,148_b,448,beta chain
148(b),V,P,0.06928,427,148_b,448,beta chain
148(b),V,Q,-0.2467,427,148_b,448,beta chain
148(b),V,R,0.0301,427,148_b,448,beta chain
148(b),V,S,-0.05845,427,148_b,448,beta chain
148(b),V,T,-0.09064,427,148_b,448,beta chain
148(b),V,W,0.1284,427,148_b,448,beta chain
148(b),V,Y,0.09531,427,148_b,448,beta chain
149(a),F,A,-0.6495,150,149_a,171,alpha chain
149(a),F,C,-0.03244,150,149_a,171,alpha chain
149(a),F,D,-0.151,150,149_a,171,alpha chain
149(a),F,E,-0.7275,150,149_a,171,alpha chain
149(a),F,G,-0.3059,150,149_a,171,alpha chain
149(a),F,H,-0.6883,150,149_a,171,alpha chain
149(a),F,I,-0.4037,150,149_a,171,alpha chain
149(a),F,K,-3.005,150,149_a,171,alpha chain
149(a),F,L,-0.1574,150,149_a,171,alpha chain
149(a),F,M,-0.2583,150,149_a,171,alpha chain
149(a),F,N,-0.3083,150,149_a,171,alpha chain
149(a),F,P,-1.083,150,149_a,171,alpha chain
149(a),F,Q,-0.1242,150,149_a,171,alpha chain
149(a),F,R,-2.854,150,149_a,171,alpha chain
149(a),F,S,-1.244,150,149_a,171,alpha chain
149(a),F,T,-2.002,150,149_a,171,alpha chain
149(a),F,V,-0.3403,150,149_a,171,alpha chain
149(a),F,W,0.2054,150,149_a,171,alpha chain
149(a),F,Y,-0.4683,150,149_a,171,alpha chain
149(b),I,A,-0.2728,428,149_b,449,beta chain
149(b),I,C,0.07297,428,149_b,449,beta chain
149(b),I,D,-0.2329,428,149_b,449,beta chain
149(b),I,E,-0.1532,428,149_b,449,beta chain
149(b),I,F,-0.2657,428,149_b,449,beta chain
149(b),I,G,-0.3379,428,149_b,449,beta chain
149(b),I,H,-0.2751,428,149_b,449,beta chain
149(b),I,K,-0.385,428,149_b,449,beta chain
149(b),I,L,-0.4356,428,149_b,449,beta chain
149(b),I,M,0.1637,428,149_b,449,beta chain
149(b),I,N,0.1225,428,149_b,449,beta chain
149(b),I,P,-1.501,428,149_b,449,beta chain
149(b),I,Q,-0.06585,428,149_b,449,beta chain
149(b),I,R,-0.1562,428,149_b,449,beta chain
149(b),I,S,-0.1304,428,149_b,449,beta chain
149(b),I,T,-0.1006,428,149_b,449,beta chain
149(b),I,V,-0.2621,428,149_b,449,beta chain
149(b),I,W,-0.03693,428,149_b,449,beta chain
149(b),I,Y,-0.2194,428,149_b,449,beta chain
15(a),R,A,-0.0409,16,15_a,37,alpha chain
15(a),R,C,-0.4194,16,15_a,37,alpha chain
15(a),R,D,-0.4066,16,15_a,37,alpha chain
15(a),R,E,-0.1637,16,15_a,37,alpha chain
15(a),R,F,-0.2732,16,15_a,37,alpha chain
15(a),R,G,-0.5788,16,15_a,37,alpha chain
15(a),R,H,-0.2062,16,15_a,37,alpha chain
15(a),R,I,-0.3569,16,15_a,37,alpha chain
15(a),R,K,-0.0928,16,15_a,37,alpha chain
15(a),R,L,-0.09771,16,15_a,37,alpha chain
15(a),R,M,-0.05292,16,15_a,37,alpha chain
15(a),R,N,-0.2993,16,15_a,37,alpha chain
15(a),R,P,-6,16,15_a,37,alpha chain
15(a),R,S,-0.3246,16,15_a,37,alpha chain
15(a),R,T,0.04401,16,15_a,37,alpha chain
15(a),R,V,-0.09472,16,15_a,37,alpha chain
15(a),R,W,-0.5534,16,15_a,37,alpha chain
15(a),R,Y,-0.1763,16,15_a,37,alpha chain
15(b),F,A,0.443,294,15_b,315,beta chain
15(b),F,C,-0.3982,294,15_b,315,beta chain
15(b),F,D,-3.948,294,15_b,315,beta chain
15(b),F,E,-2.998,294,15_b,315,beta chain
15(b),F,G,-0.1183,294,15_b,315,beta chain
15(b),F,H,-0.5913,294,15_b,315,beta chain
15(b),F,I,-0.8279,294,15_b,315,beta chain
15(b),F,K,-1.603,294,15_b,315,beta chain
15(b),F,L,0.00015,294,15_b,315,beta chain
15(b),F,M,-0.2255,294,15_b,315,beta chain
15(b),F,N,-1.337,294,15_b,315,beta chain
15(b),F,P,-3.431,294,15_b,315,beta chain
15(b),F,Q,-1.442,294,15_b,315,beta chain
15(b),F,R,-1.325,294,15_b,315,beta chain
15(b),F,S,-0.7798,294,15_b,315,beta chain
15(b),F,T,-1.296,294,15_b,315,beta chain
15(b),F,V,-1.031,294,15_b,315,beta chain
15(b),F,W,-1.103,294,15_b,315,beta chain
15(b),F,Y,-0.4954,294,15_b,315,beta chain
150(a),Y,A,-0.1586,151,150_a,172,alpha chain
150(a),Y,C,0.1759,151,150_a,172,alpha chain
150(a),Y,D,-0.2108,151,150_a,172,alpha chain
150(a),Y,E,0.1332,151,150_a,172,alpha chain
150(a),Y,F,-0.4757,151,150_a,172,alpha chain
150(a),Y,G,-0.3703,151,150_a,172,alpha chain
150(a),Y,H,0.1475,151,150_a,172,alpha chain
150(a),Y,I,-0.03128,151,150_a,172,alpha chain
150(a),Y,K,-0.2233,151,150_a,172,alpha chain
150(a),Y,L,0.1274,151,150_a,172,alpha chain
150(a),Y,M,0.1785,151,150_a,172,alpha chain
150(a),Y,N,-0.09469,151,150_a,172,alpha chain
150(a),Y,P,-3.093,151,150_a,172,alpha chain
150(a),Y,Q,-0.07994,151,150_a,172,alpha chain
150(a),Y,R,0.1321,151,150_a,172,alpha chain
150(a),Y,S,0.0095,151,150_a,172,alpha chain
150(a),Y,T,-0.2826,151,150_a,172,alpha chain
150(a),Y,V,0.159,151,150_a,172,alpha chain
150(a),Y,W,-0.2368,151,150_a,172,alpha chain
150(b),Q,A,-0.1232,429,150_b,450,beta chain
150(b),Q,C,0.4249,429,150_b,450,beta chain
150(b),Q,D,0.1508,429,150_b,450,beta chain
150(b),Q,E,0.01103,429,150_b,450,beta chain
150(b),Q,F,-0.1326,429,150_b,450,beta chain
150(b),Q,G,0.01645,429,150_b,450,beta chain
150(b),Q,H,0.2767,429,150_b,450,beta chain
150(b),Q,I,-0.06962,429,150_b,450,beta chain
150(b),Q,K,0.1866,429,150_b,450,beta chain
150(b),Q,L,-0.1853,429,150_b,450,beta chain
150(b),Q,N,-0.1316,429,150_b,450,beta chain
150(b),Q,P,-0.1814,429,150_b,450,beta chain
150(b),Q,R,-0.08203,429,150_b,450,beta chain
150(b),Q,S,0.06765,429,150_b,450,beta chain
150(b),Q,T,0.3328,429,150_b,450,beta chain
150(b),Q,V,0.1169,429,150_b,450,beta chain
150(b),Q,W,-0.1845,429,150_b,450,beta chain
150(b),Q,Y,0.2245,429,150_b,450,beta chain
151(a),K,A,-0.6669,152,151_a,173,alpha chain
151(a),K,C,-0.5011,152,151_a,173,alpha chain
151(a),K,D,-0.3426,152,151_a,173,alpha chain
151(a),K,E,-0.3223,152,151_a,173,alpha chain
151(a),K,F,-0.4209,152,151_a,173,alpha chain
151(a),K,G,-1.292,152,151_a,173,alpha chain
151(a),K,H,-0.4167,152,151_a,173,alpha chain
151(a),K,I,-0.3905,152,151_a,173,alpha chain
151(a),K,L,-0.1563,152,151_a,173,alpha chain
151(a),K,M,0.2076,152,151_a,173,alpha chain
151(a),K,N,-2.623,152,151_a,173,alpha chain
151(a),K,P,-6,152,151_a,173,alpha chain
151(a),K,Q,-0.0278,152,151_a,173,alpha chain
151(a),K,R,0.2992,152,151_a,173,alpha chain
151(a),K,S,-0.4331,152,151_a,173,alpha chain
151(a),K,T,-0.244,152,151_a,173,alpha chain
151(a),K,V,-0.1408,152,151_a,173,alpha chain
151(a),K,W,-1.058,152,151_a,173,alpha chain
151(a),K,Y,-0.4868,152,151_a,173,alpha chain
151(b),N,C,0.2162,430,151_b,451,beta chain
151(b),N,D,0.1466,430,151_b,451,beta chain
151(b),N,E,0.3133,430,151_b,451,beta chain
151(b),N,F,-1.133,430,151_b,451,beta chain
151(b),N,G,0.08607,430,151_b,451,beta chain
151(b),N,H,-0.1453,430,151_b,451,beta chain
151(b),N,I,-0.2611,430,151_b,451,beta chain
151(b),N,K,-0.2016,430,151_b,451,beta chain
151(b),N,L,0.4189,430,151_b,451,beta chain
151(b),N,P,-1.007,430,151_b,451,beta chain
151(b),N,Q,0.06572,430,151_b,451,beta chain
151(b),N,R,0.6521,430,151_b,451,beta chain
151(b),N,S,-0.4418,430,151_b,451,beta chain
151(b),N,T,-0.1755,430,151_b,451,beta chain
151(b),N,V,-0.03635,430,151_b,451,beta chain
151(b),N,W,-3.337,430,151_b,451,beta chain
151(b),N,Y,-2.187,430,151_b,451,beta chain
152(a),F,A,-0.0762,153,152_a,174,alpha chain
152(a),F,C,-0.5468,153,152_a,174,alpha chain
152(a),F,D,-1.152,153,152_a,174,alpha chain
152(a),F,E,-0.3467,153,152_a,174,alpha chain
152(a),F,G,-0.4238,153,152_a,174,alpha chain
152(a),F,H,-0.4284,153,152_a,174,alpha chain
152(a),F,I,-0.5572,153,152_a,174,alpha chain
152(a),F,K,-0.2589,153,152_a,174,alpha chain
152(a),F,L,-0.253,153,152_a,174,alpha chain
152(a),F,M,-0.00251,153,152_a,174,alpha chain
152(a),F,N,-0.2656,153,152_a,174,alpha chain
152(a),F,P,-1.272,153,152_a,174,alpha chain
152(a),F,Q,-0.4137,153,152_a,174,alpha chain
152(a),F,R,-0.4173,153,152_a,174,alpha chain
152(a),F,S,-0.311,153,152_a,174,alpha chain
152(a),F,T,0.0481,153,152_a,174,alpha chain
152(a),F,V,-0.3896,153,152_a,174,alpha chain
152(a),F,W,-0.0172,153,152_a,174,alpha chain
152(a),F,Y,-0.02943,153,152_a,174,alpha chain
152(b),G,A,-0.07443,431,152_b,452,beta chain
152(b),G,C,-0.6162,431,152_b,452,beta chain
152(b),G,D,-1.965,431,152_b,452,beta chain
152(b),G,E,-1.887,431,152_b,452,beta chain
152(b),G,F,-1.269,431,152_b,452,beta chain
152(b),G,H,-0.6124,431,152_b,452,beta chain
152(b),G,I,-1.109,431,152_b,452,beta chain
152(b),G,K,-1.019,431,152_b,452,beta chain
152(b),G,L,-2.322,431,152_b,452,beta chain
152(b),G,M,-0.5245,431,152_b,452,beta chain
152(b),G,N,-0.692,431,152_b,452,beta chain
152(b),G,P,0.1608,431,152_b,452,beta chain
152(b),G,Q,-0.7308,431,152_b,452,beta chain
152(b),G,R,-1.684,431,152_b,452,beta chain
152(b),G,S,-0.1737,431,152_b,452,beta chain
152(b),G,T,-1.493,431,152_b,452,beta chain
152(b),G,V,-1.003,431,152_b,452,beta chain
152(b),G,W,-2.627,431,152_b,452,beta chain
152(b),G,Y,-1.409,431,152_b,452,beta chain
153(a),S,A,-0.01,154,153_a,175,alpha chain
153(a),S,C,-0.1025,154,153_a,175,alpha chain
153(a),S,D,-0.5384,154,153_a,175,alpha chain
153(a),S,E,0.03245,154,153_a,175,alpha chain
153(a),S,F,-0.09657,154,153_a,175,alpha chain
153(a),S,G,-0.3335,154,153_a,175,alpha chain
153(a),S,H,0.4973,154,153_a,175,alpha chain
153(a),S,I,0.3801,154,153_a,175,alpha chain
153(a),S,K,0.6037,154,153_a,175,alpha chain
153(a),S,L,0.13,154,153_a,175,alpha chain
153(a),S,M,-0.0671,154,153_a,175,alpha chain
153(a),S,N,-0.1577,154,153_a,175,alpha chain
153(a),S,P,-6,154,153_a,175,alpha chain
153(a),S,Q,0.1673,154,153_a,175,alpha chain
153(a),S,R,0.6868,154,153_a,175,alpha chain
153(a),S,T,0.2943,154,153_a,175,alpha chain
153(a),S,V,0.2162,154,153_a,175,alpha chain
153(a),S,W,-0.04091,154,153_a,175,alpha chain
153(a),S,Y,0.2394,154,153_a,175,alpha chain
153(b),D,C,-0.08655,432,153_b,453,beta chain
153(b),D,E,0.4321,432,153_b,453,beta chain
153(b),D,F,-0.2924,432,153_b,453,beta chain
153(b),D,G,-0.01385,432,153_b,453,beta chain
153(b),D,I,-0.0915,432,153_b,453,beta chain
153(b),D,K,0.5049,432,153_b,453,beta chain
153(b),D,L,-0.3949,432,153_b,453,beta chain
153(b),D,M,-0.3071,432,153_b,453,beta chain
153(b),D,N,0.8749,432,153_b,453,beta chain
153(b),D,P,-0.5891,432,153_b,453,beta chain
153(b),D,Q,1.12,432,153_b,453,beta chain
153(b),D,R,0.4539,432,153_b,453,beta chain
153(b),D,S,-1.947,432,153_b,453,beta chain
153(b),D,T,-2.598,432,153_b,453,beta chain
153(b),D,V,0.02379,432,153_b,453,beta chain
153(b),D,W,-0.5374,432,153_b,453,beta chain
153(b),D,Y,-0.4658,432,153_b,453,beta chain
154(a),Y,A,0.2139,155,154_a,176,alpha chain
154(a),Y,C,-0.2404,155,154_a,176,alpha chain
154(a),Y,D,0.03411,155,154_a,176,alpha chain
154(a),Y,E,-0.00396,155,154_a,176,alpha chain
154(a),Y,F,0.1217,155,154_a,176,alpha chain
154(a),Y,G,0.4827,155,154_a,176,alpha chain
154(a),Y,H,0.3479,155,154_a,176,alpha chain
154(a),Y,I,0.1306,155,154_a,176,alpha chain
154(a),Y,K,0.3367,155,154_a,176,alpha chain
154(a),Y,L,-0.4434,155,154_a,176,alpha chain
154(a),Y,M,0.2717,155,154_a,176,alpha chain
154(a),Y,N,0.1942,155,154_a,176,alpha chain
154(a),Y,P,-0.5263,155,154_a,176,alpha chain
154(a),Y,Q,0.2553,155,154_a,176,alpha chain
154(a),Y,R,0.5819,155,154_a,176,alpha chain
154(a),Y,S,0.5771,155,154_a,176,alpha chain
154(a),Y,T,0.4823,155,154_a,176,alpha chain
154(a),Y,V,0.2534,155,154_a,176,alpha chain
154(a),Y,W,0.25,155,154_a,176,alpha chain
154(b),W,A,-1.302,433,154_b,454,beta chain
154(b),W,C,-0.4884,433,154_b,454,beta chain
154(b),W,D,-4.564,433,154_b,454,beta chain
154(b),W,E,-4.604,433,154_b,454,beta chain
154(b),W,F,-0.4227,433,154_b,454,beta chain
154(b),W,G,-1.277,433,154_b,454,beta chain
154(b),W,H,-0.5265,433,154_b,454,beta chain
154(b),W,I,-1.045,433,154_b,454,beta chain
154(b),W,K,-4.587,433,154_b,454,beta chain
154(b),W,L,-0.8241,433,154_b,454,beta chain
154(b),W,M,-1.04,433,154_b,454,beta chain
154(b),W,N,-0.9726,433,154_b,454,beta chain
154(b),W,P,-4.189,433,154_b,454,beta chain
154(b),W,Q,-1.786,433,154_b,454,beta chain
154(b),W,R,-3.752,433,154_b,454,beta chain
154(b),W,S,-0.9831,433,154_b,454,beta chain
154(b),W,T,-1.637,433,154_b,454,beta chain
154(b),W,V,-0.8017,433,154_b,454,beta chain
154(b),W,Y,-0.04025,433,154_b,454,beta chain
155(a),L,A,-0.1302,156,155_a,177,alpha chain
155(a),L,C,0.1453,156,155_a,177,alpha chain
155(a),L,D,-1.931,156,155_a,177,alpha chain
155(a),L,E,-0.313,156,155_a,177,alpha chain
155(a),L,F,-0.3366,156,155_a,177,alpha chain
155(a),L,G,-0.8941,156,155_a,177,alpha chain
155(a),L,H,-0.1091,156,155_a,177,alpha chain
155(a),L,I,-0.1604,156,155_a,177,alpha chain
155(a),L,K,0.1569,156,155_a,177,alpha chain
155(a),L,M,-0.08528,156,155_a,177,alpha chain
155(a),L,N,0.1562,156,155_a,177,alpha chain
155(a),L,P,-6,156,155_a,177,alpha chain
155(a),L,Q,0.08401,156,155_a,177,alpha chain
155(a),L,R,0.0853,156,155_a,177,alpha chain
155(a),L,S,0.2556,156,155_a,177,alpha chain
155(a),L,T,0.1488,156,155_a,177,alpha chain
155(a),L,V,-0.01465,156,155_a,177,alpha chain
155(a),L,W,0.01635,156,155_a,177,alpha chain
155(a),L,Y,-0.1969,156,155_a,177,alpha chain
155(b),T,A,-0.06044,434,155_b,455,beta chain
155(b),T,C,-0.2054,434,155_b,455,beta chain
155(b),T,D,-0.5771,434,155_b,455,beta chain
155(b),T,E,-0.8988,434,155_b,455,beta chain
155(b),T,F,0.5093,434,155_b,455,beta chain
155(b),T,G,-0.2418,434,155_b,455,beta chain
155(b),T,H,0.5274,434,155_b,455,beta chain
155(b),T,I,-0.0235,434,155_b,455,beta chain
155(b),T,K,0.1983,434,155_b,455,beta chain
155(b),T,L,0.07404,434,155_b,455,beta chain
155(b),T,M,0.1963,434,155_b,455,beta chain
155(b),T,N,0.0664,434,155_b,455,beta chain
155(b),T,P,-3.966,434,155_b,455,beta chain
155(b),T,Q,-0.3052,434,155_b,455,beta chain
155(b),T,R,0.3109,434,155_b,455,beta chain
155(b),T,S,0.1914,434,155_b,455,beta chain
155(b),T,V,-0.1661,434,155_b,455,beta chain
155(b),T,W,-0.2755,434,155_b,455,beta chain
155(b),T,Y,0.05874,434,155_b,455,beta chain
156(a),P,A,-0.1278,157,156_a,178,alpha chain
156(a),P,C,0.2885,157,156_a,178,alpha chain
156(a),P,D,0.5825,157,156_a,178,alpha chain
156(a),P,E,0.7166,157,156_a,178,alpha chain
156(a),P,F,0.5522,157,156_a,178,alpha chain
156(a),P,G,0.4747,157,156_a,178,alpha chain
156(a),P,H,0.9573,157,156_a,178,alpha chain
156(a),P,I,-0.5403,157,156_a,178,alpha chain
156(a),P,K,0.9655,157,156_a,178,alpha chain
156(a),P,L,-0.4626,157,156_a,178,alpha chain
156(a),P,M,0.03551,157,156_a,178,alpha chain
156(a),P,N,0.6748,157,156_a,178,alpha chain
156(a),P,Q,0.5637,157,156_a,178,alpha chain
156(a),P,R,0.8697,157,156_a,178,alpha chain
156(a),P,S,0.4552,157,156_a,178,alpha chain
156(a),P,T,-0.09198,157,156_a,178,alpha chain
156(a),P,V,-0.5118,157,156_a,178,alpha chain
156(a),P,W,0.7661,157,156_a,178,alpha chain
156(a),P,Y,0.6645,157,156_a,178,alpha chain
156(b),Y,A,0.1686,435,156_b,456,beta chain
156(b),Y,C,0.2005,435,156_b,456,beta chain
156(b),Y,E,-0.7604,435,156_b,456,beta chain
156(b),Y,F,0.03633,435,156_b,456,beta chain
156(b),Y,G,0.08095,435,156_b,456,beta chain
156(b),Y,H,-0.2094,435,156_b,456,beta chain
156(b),Y,I,-0.6502,435,156_b,456,beta chain
156(b),Y,K,-0.1886,435,156_b,456,beta chain
156(b),Y,L,-0.1438,435,156_b,456,beta chain
156(b),Y,M,-0.8043,435,156_b,456,beta chain
156(b),Y,N,0.00575,435,156_b,456,beta chain
156(b),Y,P,-4.882,435,156_b,456,beta chain
156(b),Y,Q,-0.6363,435,156_b,456,beta chain
156(b),Y,R,0.2536,435,156_b,456,beta chain
156(b),Y,S,0.0201,435,156_b,456,beta chain
156(b),Y,T,0.03261,435,156_b,456,beta chain
156(b),Y,V,-0.4924,435,156_b,456,beta chain
156(b),Y,W,-0.01576,435,156_b,456,beta chain
157(a),F,A,-0.0103,158,157_a,179,alpha chain
157(a),F,C,0.5393,158,157_a,179,alpha chain
157(a),F,D,-0.09919,158,157_a,179,alpha chain
157(a),F,E,-0.2434,158,157_a,179,alpha chain
157(a),F,G,-0.1861,158,157_a,179,alpha chain
157(a),F,H,0.1557,158,157_a,179,alpha chain
157(a),F,I,-0.1394,158,157_a,179,alpha chain
157(a),F,K,-0.2963,158,157_a,179,alpha chain
157(a),F,L,0.1127,158,157_a,179,alpha chain
157(a),F,M,0.1759,158,157_a,179,alpha chain
157(a),F,N,-0.2441,158,157_a,179,alpha chain
157(a),F,P,-4.309,158,157_a,179,alpha chain
157(a),F,Q,0.3694,158,157_a,179,alpha chain
157(a),F,R,-0.0437,158,157_a,179,alpha chain
157(a),F,S,-0.04929,158,157_a,179,alpha chain
157(a),F,T,0.02645,158,157_a,179,alpha chain
157(a),F,V,0.347,158,157_a,179,alpha chain
157(a),F,W,-0.1749,158,157_a,179,alpha chain
157(a),F,Y,0.2119,158,157_a,179,alpha chain
157(b),Q,A,-0.1137,436,157_b,457,beta chain
157(b),Q,C,0.02673,436,157_b,457,beta chain
157(b),Q,D,0.0874,436,157_b,457,beta chain
157(b),Q,E,0.2641,436,157_b,457,beta chain
157(b),Q,F,-0.5578,436,157_b,457,beta chain
157(b),Q,G,0.0612,436,157_b,457,beta chain
157(b),Q,H,0.2275,436,157_b,457,beta chain
157(b),Q,I,-0.1501,436,157_b,457,beta chain
157(b),Q,K,-0.2081,436,157_b,457,beta chain
157(b),Q,L,-0.09695,436,157_b,457,beta chain
157(b),Q,M,-0.2575,436,157_b,457,beta chain
157(b),Q,N,0.2247,436,157_b,457,beta chain
157(b),Q,P,-5.386,436,157_b,457,beta chain
157(b),Q,R,0.005255,436,157_b,457,beta chain
157(b),Q,S,0.3676,436,157_b,457,beta chain
157(b),Q,T,0.08905,436,157_b,457,beta chain
157(b),Q,V,-0.5638,436,157_b,457,beta chain
157(b),Q,W,0.06493,436,157_b,457,beta chain
157(b),Q,Y,-0.075,436,157_b,457,beta chain
158(a),I,A,0.4829,159,158_a,180,alpha chain
158(a),I,C,0.3497,159,158_a,180,alpha chain
158(a),I,D,0.737,159,158_a,180,alpha chain
158(a),I,E,0.443,159,158_a,180,alpha chain
158(a),I,F,0.1521,159,158_a,180,alpha chain
158(a),I,G,0.5728,159,158_a,180,alpha chain
158(a),I,H,0.6591,159,158_a,180,alpha chain
158(a),I,K,0.9034,159,158_a,180,alpha chain
158(a),I,L,0.7054,159,158_a,180,alpha chain
158(a),I,M,0.2661,159,158_a,180,alpha chain
158(a),I,N,0.625,159,158_a,180,alpha chain
158(a),I,P,0.06243,159,158_a,180,alpha chain
158(a),I,Q,0.4799,159,158_a,180,alpha chain
158(a),I,R,0.7656,159,158_a,180,alpha chain
158(a),I,S,0.5494,159,158_a,180,alpha chain
158(a),I,T,0.1376,159,158_a,180,alpha chain
158(a),I,V,0.1412,159,158_a,180,alpha chain
158(a),I,W,-0.1045,159,158_a,180,alpha chain
158(a),I,Y,0.3857,159,158_a,180,alpha chain
158(b),V,A,0.3893,437,158_b,458,beta chain
158(b),V,C,-0.0901,437,158_b,458,beta chain
158(b),V,D,-0.3715,437,158_b,458,beta chain
158(b),V,E,-0.5338,437,158_b,458,beta chain
158(b),V,F,0.1635,437,158_b,458,beta chain
158(b),V,G,0.0476,437,158_b,458,beta chain
158(b),V,H,0.1174,437,158_b,458,beta chain
158(b),V,I,-0.09614,437,158_b,458,beta chain
158(b),V,K,-0.2783,437,158_b,458,beta chain
158(b),V,L,0.1498,437,158_b,458,beta chain
158(b),V,M,-0.09244,437,158_b,458,beta chain
158(b),V,N,-0.2106,437,158_b,458,beta chain
158(b),V,P,-6,437,158_b,458,beta chain
158(b),V,Q,-0.08772,437,158_b,458,beta chain
158(b),V,R,-0.0201,437,158_b,458,beta chain
158(b),V,S,0.0627,437,158_b,458,beta chain
158(b),V,T,-0.1212,437,158_b,458,beta chain
158(b),V,W,0.05504,437,158_b,458,beta chain
158(b),V,Y,0.2808,437,158_b,458,beta chain
159(a),P,A,-0.5906,160,159_a,181,alpha chain
159(a),P,C,-0.1588,160,159_a,181,alpha chain
159(a),P,D,0.0197,160,159_a,181,alpha chain
159(a),P,E,0.07675,160,159_a,181,alpha chain
159(a),P,F,0.2556,160,159_a,181,alpha chain
159(a),P,G,0.1792,160,159_a,181,alpha chain
159(a),P,H,0.03625,160,159_a,181,alpha chain
159(a),P,I,-0.05255,160,159_a,181,alpha chain
159(a),P,K,-0.1153,160,159_a,181,alpha chain
159(a),P,L,0.1074,160,159_a,181,alpha chain
159(a),P,M,-0.1533,160,159_a,181,alpha chain
159(a),P,N,0.1979,160,159_a,181,alpha chain
159(a),P,Q,0.1093,160,159_a,181,alpha chain
159(a),P,R,-0.09497,160,159_a,181,alpha chain
159(a),P,S,-0.1952,160,159_a,181,alpha chain
159(a),P,T,0.00625,160,159_a,181,alpha chain
159(a),P,V,0.2412,160,159_a,181,alpha chain
159(a),P,W,0.1941,160,159_a,181,alpha chain
159(a),P,Y,-0.00135,160,159_a,181,alpha chain
159(b),L,A,-0.1407,438,159_b,459,beta chain
159(b),L,C,-0.09524,438,159_b,459,beta chain
159(b),L,D,-0.9143,438,159_b,459,beta chain
159(b),L,E,-0.5018,438,159_b,459,beta chain
159(b),L,F,0.199,438,159_b,459,beta chain
159(b),L,G,0.1904,438,159_b,459,beta chain
159(b),L,H,0.01067,438,159_b,459,beta chain
159(b),L,I,0.1166,438,159_b,459,beta chain
159(b),L,K,-0.4661,438,159_b,459,beta chain
159(b),L,M,0.1086,438,159_b,459,beta chain
159(b),L,N,0.0314,438,159_b,459,beta chain
159(b),L,P,-2.615,438,159_b,459,beta chain
159(b),L,Q,-0.1912,438,159_b,459,beta chain
159(b),L,R,-0.3549,438,159_b,459,beta chain
159(b),L,S,0.3278,438,159_b,459,beta chain
159(b),L,T,-0.1251,438,159_b,459,beta chain
159(b),L,V,-0.1494,438,159_b,459,beta chain
159(b),L,W,-0.2351,438,159_b,459,beta chain
159(b),L,Y,-0.3412,438,159_b,459,beta chain
16(a),D,A,-0.02571,17,16_a,38,alpha chain
16(a),D,C,-0.00037,17,16_a,38,alpha chain
16(a),D,E,0.1685,17,16_a,38,alpha chain
16(a),D,F,-0.4041,17,16_a,38,alpha chain
16(a),D,G,-0.5489,17,16_a,38,alpha chain
16(a),D,H,0.1636,17,16_a,38,alpha chain
16(a),D,I,-0.08345,17,16_a,38,alpha chain
16(a),D,K,-2.127,17,16_a,38,alpha chain
16(a),D,L,-0.2716,17,16_a,38,alpha chain
16(a),D,M,-0.5621,17,16_a,38,alpha chain
16(a),D,N,-1.1,17,16_a,38,alpha chain
16(a),D,P,-3.07,17,16_a,38,alpha chain
16(a),D,Q,-0.3227,17,16_a,38,alpha chain
16(a),D,R,-0.9993,17,16_a,38,alpha chain
16(a),D,S,0.1187,17,16_a,38,alpha chain
16(a),D,T,0.1749,17,16_a,38,alpha chain
16(a),D,V,-0.3987,17,16_a,38,alpha chain
16(a),D,W,-0.1106,17,16_a,38,alpha chain
16(a),D,Y,-0.2151,17,16_a,38,alpha chain
16(b),E,A,-1.073,295,16_b,316,beta chain
16(b),E,C,-1.772,295,16_b,316,beta chain
16(b),E,D,-0.2629,295,16_b,316,beta chain
16(b),E,F,-3.295,295,16_b,316,beta chain
16(b),E,G,-1.928,295,16_b,316,beta chain
16(b),E,H,-1.376,295,16_b,316,beta chain
16(b),E,I,-2.284,295,16_b,316,beta chain
16(b),E,K,-2.098,295,16_b,316,beta chain
16(b),E,L,-3.246,295,16_b,316,beta chain
16(b),E,M,-2.348,295,16_b,316,beta chain
16(b),E,N,-2.122,295,16_b,316,beta chain
16(b),E,P,-6,295,16_b,316,beta chain
16(b),E,Q,-0.5398,295,16_b,316,beta chain
16(b),E,R,-2.739,295,16_b,316,beta chain
16(b),E,S,-0.2135,295,16_b,316,beta chain
16(b),E,T,-0.9646,295,16_b,316,beta chain
16(b),E,V,-1.896,295,16_b,316,beta chain
16(b),E,W,-4.607,295,16_b,316,beta chain
16(b),E,Y,-1.978,295,16_b,316,beta chain
160(a),T,A,0.03295,161,160_a,182,alpha chain
160(a),T,C,0.3012,161,160_a,182,alpha chain
160(a),T,D,0.3571,161,160_a,182,alpha chain
160(a),T,E,-0.4036,161,160_a,182,alpha chain
160(a),T,F,-0.1792,161,160_a,182,alpha chain
160(a),T,G,0.0007,161,160_a,182,alpha chain
160(a),T,H,0.3231,161,160_a,182,alpha chain
160(a),T,I,0.06595,161,160_a,182,alpha chain
160(a),T,K,0.03271,161,160_a,182,alpha chain
160(a),T,L,0.4621,161,160_a,182,alpha chain
160(a),T,M,-0.3713,161,160_a,182,alpha chain
160(a),T,N,-0.01307,161,160_a,182,alpha chain
160(a),T,P,-0.5787,161,160_a,182,alpha chain
160(a),T,Q,0.00702,161,160_a,182,alpha chain
160(a),T,R,-0.03735,161,160_a,182,alpha chain
160(a),T,S,-0.1096,161,160_a,182,alpha chain
160(a),T,V,-0.03595,161,160_a,182,alpha chain
160(a),T,W,0.09982,161,160_a,182,alpha chain
160(a),T,Y,0.01035,161,160_a,182,alpha chain
160(b),V,A,0.3469,439,160_b,460,beta chain
160(b),V,C,-0.1234,439,160_b,460,beta chain
160(b),V,D,-0.06082,439,160_b,460,beta chain
160(b),V,E,-0.6782,439,160_b,460,beta chain
160(b),V,F,0.02885,439,160_b,460,beta chain
160(b),V,G,0.0788,439,160_b,460,beta chain
160(b),V,H,-0.00424,439,160_b,460,beta chain
160(b),V,I,-0.1263,439,160_b,460,beta chain
160(b),V,K,0.08225,439,160_b,460,beta chain
160(b),V,L,-0.1391,439,160_b,460,beta chain
160(b),V,M,0.137,439,160_b,460,beta chain
160(b),V,N,0.05446,439,160_b,460,beta chain
160(b),V,P,-1.508,439,160_b,460,beta chain
160(b),V,R,0.2711,439,160_b,460,beta chain
160(b),V,T,0.1431,439,160_b,460,beta chain
160(b),V,W,0.00865,439,160_b,460,beta chain
160(b),V,Y,-0.372,439,160_b,460,beta chain
161(a),R,A,0.01425,162,161_a,183,alpha chain
161(a),R,C,0.02755,162,161_a,183,alpha chain
161(a),R,D,-0.06889,162,161_a,183,alpha chain
161(a),R,E,-0.2644,162,161_a,183,alpha chain
161(a),R,F,0.2445,162,161_a,183,alpha chain
161(a),R,G,0.05895,162,161_a,183,alpha chain
161(a),R,H,0.05475,162,161_a,183,alpha chain
161(a),R,I,-0.01579,162,161_a,183,alpha chain
161(a),R,K,0.5177,162,161_a,183,alpha chain
161(a),R,L,0.2311,162,161_a,183,alpha chain
161(a),R,M,-0.553,162,161_a,183,alpha chain
161(a),R,N,0.1423,162,161_a,183,alpha chain
161(a),R,P,0.01083,162,161_a,183,alpha chain
161(a),R,Q,0.1748,162,161_a,183,alpha chain
161(a),R,S,0.0132,162,161_a,183,alpha chain
161(a),R,T,0.3409,162,161_a,183,alpha chain
161(a),R,V,0.09198,162,161_a,183,alpha chain
161(a),R,W,-0.05416,162,161_a,183,alpha chain
161(a),R,Y,-0.1846,162,161_a,183,alpha chain
161(b),M,A,0.0406,440,161_b,461,beta chain
161(b),M,C,0.06955,440,161_b,461,beta chain
161(b),M,D,-0.07935,440,161_b,461,beta chain
161(b),M,E,-0.04432,440,161_b,461,beta chain
161(b),M,F,0.01355,440,161_b,461,beta chain
161(b),M,G,0.1142,440,161_b,461,beta chain
161(b),M,H,0.1725,440,161_b,461,beta chain
161(b),M,I,-0.1551,440,161_b,461,beta chain
161(b),M,K,0.3119,440,161_b,461,beta chain
161(b),M,L,-0.171,440,161_b,461,beta chain
161(b),M,N,0.1229,440,161_b,461,beta chain
161(b),M,P,-0.1951,440,161_b,461,beta chain
161(b),M,Q,0.09166,440,161_b,461,beta chain
161(b),M,R,-0.0232,440,161_b,461,beta chain
161(b),M,S,-0.3085,440,161_b,461,beta chain
161(b),M,T,0.2756,440,161_b,461,beta chain
161(b),M,V,0.3855,440,161_b,461,beta chain
161(b),M,W,0.02255,440,161_b,461,beta chain
161(b),M,Y,0.2369,440,161_b,461,beta chain
162(a),G,A,0.1146,163,162_a,184,alpha chain
162(a),G,C,0.04273,163,162_a,184,alpha chain
162(a),G,D,0.1958,163,162_a,184,alpha chain
162(a),G,E,-0.2688,163,162_a,184,alpha chain
162(a),G,F,0.239,163,162_a,184,alpha chain
162(a),G,H,0.2231,163,162_a,184,alpha chain
162(a),G,I,0.1246,163,162_a,184,alpha chain
162(a),G,K,0.1706,163,162_a,184,alpha chain
162(a),G,L,0.1108,163,162_a,184,alpha chain
162(a),G,M,0.3608,163,162_a,184,alpha chain
162(a),G,N,-0.00195,163,162_a,184,alpha chain
162(a),G,P,0.3754,163,162_a,184,alpha chain
162(a),G,Q,-0.1237,163,162_a,184,alpha chain
162(a),G,R,0.6899,163,162_a,184,alpha chain
162(a),G,S,0.4526,163,162_a,184,alpha chain
162(a),G,T,-0.4425,163,162_a,184,alpha chain
162(a),G,V,-0.06181,163,162_a,184,alpha chain
162(a),G,W,0.193,163,162_a,184,alpha chain
162(a),G,Y,0.3492,163,162_a,184,alpha chain
162(b),L,A,-0.307,441,162_b,462,beta chain
162(b),L,C,0.06625,441,162_b,462,beta chain
162(b),L,D,-0.2742,441,162_b,462,beta chain
162(b),L,E,0.04945,441,162_b,462,beta chain
162(b),L,F,-0.06449,441,162_b,462,beta chain
162(b),L,G,-0.1848,441,162_b,462,beta chain
162(b),L,H,0.234,441,162_b,462,beta chain
162(b),L,I,-0.2291,441,162_b,462,beta chain
162(b),L,K,-0.0897,441,162_b,462,beta chain
162(b),L,M,-0.03605,441,162_b,462,beta chain
162(b),L,N,-2.902,441,162_b,462,beta chain
162(b),L,P,-0.193,441,162_b,462,beta chain
162(b),L,Q,0.1546,441,162_b,462,beta chain
162(b),L,R,-0.3516,441,162_b,462,beta chain
162(b),L,S,-0.1987,441,162_b,462,beta chain
162(b),L,T,-0.4528,441,162_b,462,beta chain
162(b),L,V,0.1059,441,162_b,462,beta chain
162(b),L,W,-0.2271,441,162_b,462,beta chain
162(b),L,Y,0.3303,441,162_b,462,beta chain
163(a),D,A,0.1835,164,163_a,185,alpha chain
163(a),D,C,0.1386,164,163_a,185,alpha chain
163(a),D,E,-0.2412,164,163_a,185,alpha chain
163(a),D,F,0.2702,164,163_a,185,alpha chain
163(a),D,G,-0.08859,164,163_a,185,alpha chain
163(a),D,H,-0.2828,164,163_a,185,alpha chain
163(a),D,I,-0.1602,164,163_a,185,alpha chain
163(a),D,K,0.09625,164,163_a,185,alpha chain
163(a),D,L,-0.0141,164,163_a,185,alpha chain
163(a),D,M,0.3404,164,163_a,185,alpha chain
163(a),D,N,0.4271,164,163_a,185,alpha chain
163(a),D,P,0.08784,164,163_a,185,alpha chain
163(a),D,Q,-0.177,164,163_a,185,alpha chain
163(a),D,R,-0.1703,164,163_a,185,alpha chain
163(a),D,T,-0.2395,164,163_a,185,alpha chain
163(a),D,V,-0.3683,164,163_a,185,alpha chain
163(a),D,W,-0.3188,164,163_a,185,alpha chain
163(a),D,Y,0.2665,164,163_a,185,alpha chain
163(b),E,A,0.04585,442,163_b,463,beta chain
163(b),E,C,-0.2355,442,163_b,463,beta chain
163(b),E,D,0.1631,442,163_b,463,beta chain
163(b),E,F,-0.4085,442,163_b,463,beta chain
163(b),E,G,-0.01317,442,163_b,463,beta chain
163(b),E,H,0.1373,442,163_b,463,beta chain
163(b),E,I,-0.03386,442,163_b,463,beta chain
163(b),E,K,-0.0071,442,163_b,463,beta chain
163(b),E,L,0.02355,442,163_b,463,beta chain
163(b),E,M,-0.05545,442,163_b,463,beta chain
163(b),E,N,0.5086,442,163_b,463,beta chain
163(b),E,P,0.5178,442,163_b,463,beta chain
163(b),E,Q,-0.1882,442,163_b,463,beta chain
163(b),E,R,0.3046,442,163_b,463,beta chain
163(b),E,S,0.02535,442,163_b,463,beta chain
163(b),E,T,0.1529,442,163_b,463,beta chain
163(b),E,V,0.007125,442,163_b,463,beta chain
163(b),E,W,0.02598,442,163_b,463,beta chain
163(b),E,Y,-0.1192,442,163_b,463,beta chain
164(a),Y,A,0.1408,165,164_a,186,alpha chain
164(a),Y,C,0.1059,165,164_a,186,alpha chain
164(a),Y,D,-0.2251,165,164_a,186,alpha chain
164(a),Y,E,-0.2575,165,164_a,186,alpha chain
164(a),Y,F,0.06903,165,164_a,186,alpha chain
164(a),Y,G,0.09918,165,164_a,186,alpha chain
164(a),Y,H,-0.209,165,164_a,186,alpha chain
164(a),Y,I,0.4415,165,164_a,186,alpha chain
164(a),Y,K,-0.4456,165,164_a,186,alpha chain
164(a),Y,L,0.03165,165,164_a,186,alpha chain
164(a),Y,M,-0.4453,165,164_a,186,alpha chain
164(a),Y,N,0.2495,165,164_a,186,alpha chain
164(a),Y,P,0.1819,165,164_a,186,alpha chain
164(a),Y,Q,0.1689,165,164_a,186,alpha chain
164(a),Y,R,-0.05825,165,164_a,186,alpha chain
164(a),Y,S,0.3,165,164_a,186,alpha chain
164(a),Y,T,0.019,165,164_a,186,alpha chain
164(a),Y,V,0.1295,165,164_a,186,alpha chain
164(a),Y,W,-0.1927,165,164_a,186,alpha chain
164(b),S,A,0.3231,443,164_b,464,beta chain
164(b),S,C,0.1632,443,164_b,464,beta chain
164(b),S,D,0.02315,443,164_b,464,beta chain
164(b),S,E,0.1718,443,164_b,464,beta chain
164(b),S,F,-0.3938,443,164_b,464,beta chain
164(b),S,G,0.2722,443,164_b,464,beta chain
164(b),S,H,0.2651,443,164_b,464,beta chain
164(b),S,I,-0.4131,443,164_b,464,beta chain
164(b),S,K,-0.3168,443,164_b,464,beta chain
164(b),S,L,0.08618,443,164_b,464,beta chain
164(b),S,M,0.2754,443,164_b,464,beta chain
164(b),S,N,-0.02711,443,164_b,464,beta chain
164(b),S,P,-0.2656,443,164_b,464,beta chain
164(b),S,Q,-0.3523,443,164_b,464,beta chain
164(b),S,R,0.06053,443,164_b,464,beta chain
164(b),S,T,0.1784,443,164_b,464,beta chain
164(b),S,V,-0.08889,443,164_b,464,beta chain
164(b),S,W,-0.0217,443,164_b,464,beta chain
164(b),S,Y,-0.1534,443,164_b,464,beta chain
165(a),Y,A,0.2722,166,165_a,187,alpha chain
165(a),Y,C,-0.3247,166,165_a,187,alpha chain
165(a),Y,D,-3.788,166,165_a,187,alpha chain
165(a),Y,E,-2.21,166,165_a,187,alpha chain
165(a),Y,F,-0.01398,166,165_a,187,alpha chain
165(a),Y,G,-1.11,166,165_a,187,alpha chain
165(a),Y,H,-0.1219,166,165_a,187,alpha chain
165(a),Y,I,0.1355,166,165_a,187,alpha chain
165(a),Y,K,-2.122,166,165_a,187,alpha chain
165(a),Y,L,0.1468,166,165_a,187,alpha chain
165(a),Y,M,-0.1666,166,165_a,187,alpha chain
165(a),Y,N,-3.236,166,165_a,187,alpha chain
165(a),Y,P,-0.1502,166,165_a,187,alpha chain
165(a),Y,Q,-0.1174,166,165_a,187,alpha chain
165(a),Y,R,-0.6443,166,165_a,187,alpha chain
165(a),Y,S,-0.7544,166,165_a,187,alpha chain
165(a),Y,T,-0.1406,166,165_a,187,alpha chain
165(a),Y,V,-0.02116,166,165_a,187,alpha chain
165(a),Y,W,0.06865,166,165_a,187,alpha chain
165(b),T,A,-0.0373,444,165_b,465,beta chain
165(b),T,C,-0.4507,444,165_b,465,beta chain
165(b),T,D,-0.0515,444,165_b,465,beta chain
165(b),T,E,-0.00057,444,165_b,465,beta chain
165(b),T,F,-0.2227,444,165_b,465,beta chain
165(b),T,G,-0.7662,444,165_b,465,beta chain
165(b),T,H,-0.07794,444,165_b,465,beta chain
165(b),T,I,0.1069,444,165_b,465,beta chain
165(b),T,K,0.04418,444,165_b,465,beta chain
165(b),T,L,-0.3918,444,165_b,465,beta chain
165(b),T,M,-0.3537,444,165_b,465,beta chain
165(b),T,N,-0.1616,444,165_b,465,beta chain
165(b),T,P,0.21,444,165_b,465,beta chain
165(b),T,Q,-0.1271,444,165_b,465,beta chain
165(b),T,S,0.07018,444,165_b,465,beta chain
165(b),T,V,0.04105,444,165_b,465,beta chain
165(b),T,W,0.09645,444,165_b,465,beta chain
165(b),T,Y,0.02396,444,165_b,465,beta chain
166(a),D,A,-0.3182,167,166_a,188,alpha chain
166(a),D,C,0.03585,167,166_a,188,alpha chain
166(a),D,E,0.01951,167,166_a,188,alpha chain
166(a),D,F,-0.1193,167,166_a,188,alpha chain
166(a),D,G,0.1371,167,166_a,188,alpha chain
166(a),D,I,-0.0217,167,166_a,188,alpha chain
166(a),D,L,0.1112,167,166_a,188,alpha chain
166(a),D,M,0.1965,167,166_a,188,alpha chain
166(a),D,N,-0.0873,167,166_a,188,alpha chain
166(a),D,P,-3.842,167,166_a,188,alpha chain
166(a),D,Q,0.01658,167,166_a,188,alpha chain
166(a),D,R,-0.1548,167,166_a,188,alpha chain
166(a),D,S,0.03132,167,166_a,188,alpha chain
166(a),D,T,-0.04025,167,166_a,188,alpha chain
166(a),D,V,-0.1015,167,166_a,188,alpha chain
166(a),D,W,-0.2738,167,166_a,188,alpha chain
166(a),D,Y,0.1672,167,166_a,188,alpha chain
166(b),P,A,-0.01605,445,166_b,466,beta chain
166(b),P,C,-0.2021,445,166_b,466,beta chain
166(b),P,D,0.3405,445,166_b,466,beta chain
166(b),P,E,0.00935,445,166_b,466,beta chain
166(b),P,F,0.2125,445,166_b,466,beta chain
166(b),P,G,0.09548,445,166_b,466,beta chain
166(b),P,H,-0.05943,445,166_b,466,beta chain
166(b),P,I,-0.2321,445,166_b,466,beta chain
166(b),P,K,-0.0362,445,166_b,466,beta chain
166(b),P,L,0.1038,445,166_b,466,beta chain
166(b),P,M,-0.03382,445,166_b,466,beta chain
166(b),P,N,-0.1181,445,166_b,466,beta chain
166(b),P,Q,-0.03254,445,166_b,466,beta chain
166(b),P,R,-0.3144,445,166_b,466,beta chain
166(b),P,S,0.0305,445,166_b,466,beta chain
166(b),P,T,-0.1701,445,166_b,466,beta chain
166(b),P,V,0.0014,445,166_b,466,beta chain
166(b),P,W,0.08425,445,166_b,466,beta chain
166(b),P,Y,0.1724,445,166_b,466,beta chain
167(a),C,A,-0.5539,168,167_a,189,alpha chain
167(a),C,D,-5.628,168,167_a,189,alpha chain
167(a),C,E,-4.739,168,167_a,189,alpha chain
167(a),C,F,-0.1767,168,167_a,189,alpha chain
167(a),C,G,-0.8712,168,167_a,189,alpha chain
167(a),C,H,-1.942,168,167_a,189,alpha chain
167(a),C,I,-0.1938,168,167_a,189,alpha chain
167(a),C,K,-6,168,167_a,189,alpha chain
167(a),C,L,-0.2949,168,167_a,189,alpha chain
167(a),C,M,-0.0653,168,167_a,189,alpha chain
167(a),C,N,-0.1335,168,167_a,189,alpha chain
167(a),C,P,-1.374,168,167_a,189,alpha chain
167(a),C,Q,-1.881,168,167_a,189,alpha chain
167(a),C,R,-6,168,167_a,189,alpha chain
167(a),C,S,0.1855,168,167_a,189,alpha chain
167(a),C,V,0.03075,168,167_a,189,alpha chain
167(a),C,W,-0.5009,168,167_a,189,alpha chain
167(a),C,Y,-1.689,168,167_a,189,alpha chain
167(b),Q,A,0.1466,446,167_b,467,beta chain
167(b),Q,C,-0.2445,446,167_b,467,beta chain
167(b),Q,D,0.1499,446,167_b,467,beta chain
167(b),Q,E,0.2117,446,167_b,467,beta chain
167(b),Q,F,0.5216,446,167_b,467,beta chain
167(b),Q,G,-0.08179,446,167_b,467,beta chain
167(b),Q,H,-0.0335,446,167_b,467,beta chain
167(b),Q,I,-0.0299,446,167_b,467,beta chain
167(b),Q,K,0.2193,446,167_b,467,beta chain
167(b),Q,L,0.1263,446,167_b,467,beta chain
167(b),Q,M,-0.3585,446,167_b,467,beta chain
167(b),Q,N,-0.02034,446,167_b,467,beta chain
167(b),Q,R,0.2935,446,167_b,467,beta chain
167(b),Q,S,-0.1445,446,167_b,467,beta chain
167(b),Q,T,0.2142,446,167_b,467,beta chain
167(b),Q,V,-0.01415,446,167_b,467,beta chain
167(b),Q,W,-0.006825,446,167_b,467,beta chain
167(b),Q,Y,0.04838,446,167_b,467,beta chain
168(a),R,C,-0.08688,169,168_a,190,alpha chain
168(a),R,E,-0.3085,169,168_a,190,alpha chain
168(a),R,F,0.1854,169,168_a,190,alpha chain
168(a),R,G,0.2142,169,168_a,190,alpha chain
168(a),R,I,-0.2074,169,168_a,190,alpha chain
168(a),R,K,0.1677,169,168_a,190,alpha chain
168(a),R,L,0.1287,169,168_a,190,alpha chain
168(a),R,M,-0.167,169,168_a,190,alpha chain
168(a),R,N,-0.07125,169,168_a,190,alpha chain
168(a),R,P,-1.733,169,168_a,190,alpha chain
168(a),R,Q,-0.5286,169,168_a,190,alpha chain
168(a),R,S,-0.02201,169,168_a,190,alpha chain
168(a),R,T,-0.1063,169,168_a,190,alpha chain
168(a),R,V,0.04387,169,168_a,190,alpha chain
168(a),R,W,-0.2553,169,168_a,190,alpha chain
168(a),R,Y,0.0686,169,168_a,190,alpha chain
168(b),H,A,0.1416,447,168_b,468,beta chain
168(b),H,D,-0.3993,447,168_b,468,beta chain
168(b),H,E,-0.2249,447,168_b,468,beta chain
168(b),H,F,-0.01905,447,168_b,468,beta chain
168(b),H,G,-0.1183,447,168_b,468,beta chain
168(b),H,I,0.4961,447,168_b,468,beta chain
168(b),H,K,-0.01515,447,168_b,468,beta chain
168(b),H,L,-0.02565,447,168_b,468,beta chain
168(b),H,M,0.2236,447,168_b,468,beta chain
168(b),H,N,0.1268,447,168_b,468,beta chain
168(b),H,P,-0.477,447,168_b,468,beta chain
168(b),H,Q,-0.1109,447,168_b,468,beta chain
168(b),H,R,-0.08271,447,168_b,468,beta chain
168(b),H,S,0.2742,447,168_b,468,beta chain
168(b),H,T,-0.7382,447,168_b,468,beta chain
168(b),H,V,-0.04877,447,168_b,468,beta chain
168(b),H,W,0.08535,447,168_b,468,beta chain
168(b),H,Y,0.03195,447,168_b,468,beta chain
169(a),V,A,0.07251,170,169_a,191,alpha chain
169(a),V,C,-0.07225,170,169_a,191,alpha chain
169(a),V,D,-3.054,170,169_a,191,alpha chain
169(a),V,E,-1.716,170,169_a,191,alpha chain
169(a),V,F,-0.7113,170,169_a,191,alpha chain
169(a),V,G,0.3348,170,169_a,191,alpha chain
169(a),V,H,-0.4444,170,169_a,191,alpha chain
169(a),V,I,-0.0138,170,169_a,191,alpha chain
169(a),V,K,-3.255,170,169_a,191,alpha chain
169(a),V,L,-0.001275,170,169_a,191,alpha chain
169(a),V,M,-0.2853,170,169_a,191,alpha chain
169(a),V,N,-0.06185,170,169_a,191,alpha chain
169(a),V,P,-0.7168,170,169_a,191,alpha chain
169(a),V,Q,-0.5658,170,169_a,191,alpha chain
169(a),V,R,-1.819,170,169_a,191,alpha chain
169(a),V,S,-0.1632,170,169_a,191,alpha chain
169(a),V,T,0.128,170,169_a,191,alpha chain
169(a),V,W,-0.4777,170,169_a,191,alpha chain
169(a),V,Y,0.1026,170,169_a,191,alpha chain
169(b),G,A,-0.04576,448,169_b,469,beta chain
169(b),G,C,-0.1576,448,169_b,469,beta chain
169(b),G,D,0.0732,448,169_b,469,beta chain
169(b),G,E,-0.442,448,169_b,469,beta chain
169(b),G,F,0.0477,448,169_b,469,beta chain
169(b),G,H,0.3378,448,169_b,469,beta chain
169(b),G,I,0.00655,448,169_b,469,beta chain
169(b),G,K,-0.07923,448,169_b,469,beta chain
169(b),G,L,0.0963,448,169_b,469,beta chain
169(b),G,M,0.0698,448,169_b,469,beta chain
169(b),G,N,-0.0996,448,169_b,469,beta chain
169(b),G,P,-0.2472,448,169_b,469,beta chain
169(b),G,Q,-0.09134,448,169_b,469,beta chain
169(b),G,R,-0.02699,448,169_b,469,beta chain
169(b),G,S,-0.1476,448,169_b,469,beta chain
169(b),G,T,0.06114,448,169_b,469,beta chain
169(b),G,V,0.0039,448,169_b,469,beta chain
169(b),G,W,-0.0165,448,169_b,469,beta chain
169(b),G,Y,-0.4071,448,169_b,469,beta chain
17(a),E,A,-0.1832,18,17_a,39,alpha chain
17(a),E,C,0.01936,18,17_a,39,alpha chain
17(a),E,D,0.06036,18,17_a,39,alpha chain
17(a),E,F,-0.4891,18,17_a,39,alpha chain
17(a),E,G,-0.3017,18,17_a,39,alpha chain
17(a),E,H,0.09262,18,17_a,39,alpha chain
17(a),E,I,-0.07644,18,17_a,39,alpha chain
17(a),E,K,0.1294,18,17_a,39,alpha chain
17(a),E,L,-0.2015,18,17_a,39,alpha chain
17(a),E,M,-0.415,18,17_a,39,alpha chain
17(a),E,N,-0.09275,18,17_a,39,alpha chain
17(a),E,P,-0.3332,18,17_a,39,alpha chain
17(a),E,Q,-0.5981,18,17_a,39,alpha chain
17(a),E,R,0.0773,18,17_a,39,alpha chain
17(a),E,S,0.1977,18,17_a,39,alpha chain
17(a),E,T,-0.0802,18,17_a,39,alpha chain
17(a),E,V,-0.1441,18,17_a,39,alpha chain
17(a),E,W,0.0338,18,17_a,39,alpha chain
17(a),E,Y,-0.3202,18,17_a,39,alpha chain
17(b),C,A,-3.101,296,17_b,317,beta chain
17(b),C,D,-6,296,17_b,317,beta chain
17(b),C,E,-6,296,17_b,317,beta chain
17(b),C,F,-3.409,296,17_b,317,beta chain
17(b),C,G,-5.764,296,17_b,317,beta chain
17(b),C,H,-6,296,17_b,317,beta chain
17(b),C,I,-1.823,296,17_b,317,beta chain
17(b),C,K,-6,296,17_b,317,beta chain
17(b),C,L,-2.989,296,17_b,317,beta chain
17(b),C,M,-2.795,296,17_b,317,beta chain
17(b),C,N,-6,296,17_b,317,beta chain
17(b),C,P,-6,296,17_b,317,beta chain
17(b),C,Q,-6,296,17_b,317,beta chain
17(b),C,R,-6,296,17_b,317,beta chain
17(b),C,S,-5.918,296,17_b,317,beta chain
17(b),C,T,-4.222,296,17_b,317,beta chain
17(b),C,V,-1.76,296,17_b,317,beta chain
17(b),C,W,-5.724,296,17_b,317,beta chain
17(b),C,Y,-4.304,296,17_b,317,beta chain
170(a),E,A,-0.1691,171,170_a,192,alpha chain
170(a),E,C,-0.07035,171,170_a,192,alpha chain
170(a),E,D,0.242,171,170_a,192,alpha chain
170(a),E,F,-0.09306,171,170_a,192,alpha chain
170(a),E,G,-0.3282,171,170_a,192,alpha chain
170(a),E,H,-0.1602,171,170_a,192,alpha chain
170(a),E,I,-0.3806,171,170_a,192,alpha chain
170(a),E,K,0.07823,171,170_a,192,alpha chain
170(a),E,M,0.1099,171,170_a,192,alpha chain
170(a),E,N,0.1429,171,170_a,192,alpha chain
170(a),E,P,-0.3822,171,170_a,192,alpha chain
170(a),E,Q,-0.2893,171,170_a,192,alpha chain
170(a),E,R,0.02035,171,170_a,192,alpha chain
170(a),E,S,0.05603,171,170_a,192,alpha chain
170(a),E,T,-0.03447,171,170_a,192,alpha chain
170(a),E,V,-0.1377,171,170_a,192,alpha chain
170(a),E,W,0.223,171,170_a,192,alpha chain
170(a),E,Y,-0.2032,171,170_a,192,alpha chain
170(b),D,A,0.0652,449,170_b,470,beta chain
170(b),D,C,-0.244,449,170_b,470,beta chain
170(b),D,E,-0.2272,449,170_b,470,beta chain
170(b),D,F,0.1154,449,170_b,470,beta chain
170(b),D,G,-0.1484,449,170_b,470,beta chain
170(b),D,H,0.4511,449,170_b,470,beta chain
170(b),D,I,0.4357,449,170_b,470,beta chain
170(b),D,K,-0.08737,449,170_b,470,beta chain
170(b),D,L,0.08077,449,170_b,470,beta chain
170(b),D,M,0.1327,449,170_b,470,beta chain
170(b),D,N,0.2788,449,170_b,470,beta chain
170(b),D,P,0.0214,449,170_b,470,beta chain
170(b),D,Q,0.0336,449,170_b,470,beta chain
170(b),D,R,0.2217,449,170_b,470,beta chain
170(b),D,S,0.1755,449,170_b,470,beta chain
170(b),D,T,-0.06557,449,170_b,470,beta chain
170(b),D,V,-0.1475,449,170_b,470,beta chain
170(b),D,W,0.1737,449,170_b,470,beta chain
170(b),D,Y,0.388,449,170_b,470,beta chain
171(a),H,A,-0.2592,172,171_a,193,alpha chain
171(a),H,C,-0.206,172,171_a,193,alpha chain
171(a),H,D,-0.8611,172,171_a,193,alpha chain
171(a),H,E,-0.3986,172,171_a,193,alpha chain
171(a),H,F,0.1444,172,171_a,193,alpha chain
171(a),H,G,0.2455,172,171_a,193,alpha chain
171(a),H,I,-0.3273,172,171_a,193,alpha chain
171(a),H,K,-0.6811,172,171_a,193,alpha chain
171(a),H,L,0.00705,172,171_a,193,alpha chain
171(a),H,M,0.04145,172,171_a,193,alpha chain
171(a),H,N,-0.5051,172,171_a,193,alpha chain
171(a),H,P,0.237,172,171_a,193,alpha chain
171(a),H,Q,-0.04,172,171_a,193,alpha chain
171(a),H,R,0.01873,172,171_a,193,alpha chain
171(a),H,S,-0.2387,172,171_a,193,alpha chain
171(a),H,T,-0.186,172,171_a,193,alpha chain
171(a),H,V,-0.1034,172,171_a,193,alpha chain
171(a),H,W,0.1699,172,171_a,193,alpha chain
171(a),H,Y,0.03066,172,171_a,193,alpha chain
171(b),T,A,-0.07488,450,171_b,471,beta chain
171(b),T,C,0.05704,450,171_b,471,beta chain
171(b),T,D,-0.2261,450,171_b,471,beta chain
171(b),T,E,0.01958,450,171_b,471,beta chain
171(b),T,F,0.0639,450,171_b,471,beta chain
171(b),T,G,0.01985,450,171_b,471,beta chain
171(b),T,H,-0.06028,450,171_b,471,beta chain
171(b),T,I,0.1244,450,171_b,471,beta chain
171(b),T,K,-0.2732,450,171_b,471,beta chain
171(b),T,L,0.1532,450,171_b,471,beta chain
171(b),T,M,-0.1125,450,171_b,471,beta chain
171(b),T,N,-0.02465,450,171_b,471,beta chain
171(b),T,P,-0.3515,450,171_b,471,beta chain
171(b),T,Q,-0.1763,450,171_b,471,beta chain
171(b),T,R,0.05262,450,171_b,471,beta chain
171(b),T,S,-0.03865,450,171_b,471,beta chain
171(b),T,V,-0.265,450,171_b,471,beta chain
171(b),T,W,0.06647,450,171_b,471,beta chain
171(b),T,Y,-0.1722,450,171_b,471,beta chain
172(a),W,A,0.2287,173,172_a,194,alpha chain
172(a),W,C,0.09929,173,172_a,194,alpha chain
172(a),W,D,-0.01288,173,172_a,194,alpha chain
172(a),W,E,0.3304,173,172_a,194,alpha chain
172(a),W,F,0.3452,173,172_a,194,alpha chain
172(a),W,G,0.1747,173,172_a,194,alpha chain
172(a),W,H,-0.09656,173,172_a,194,alpha chain
172(a),W,I,0.31,173,172_a,194,alpha chain
172(a),W,K,0.06215,173,172_a,194,alpha chain
172(a),W,L,0.395,173,172_a,194,alpha chain
172(a),W,M,0.3718,173,172_a,194,alpha chain
172(a),W,N,0.2828,173,172_a,194,alpha chain
172(a),W,P,0.1543,173,172_a,194,alpha chain
172(a),W,Q,-0.08071,173,172_a,194,alpha chain
172(a),W,R,0.2514,173,172_a,194,alpha chain
172(a),W,S,-0.04592,173,172_a,194,alpha chain
172(a),W,T,0.1677,173,172_a,194,alpha chain
172(a),W,V,0.2744,173,172_a,194,alpha chain
172(a),W,Y,0.1821,173,172_a,194,alpha chain
172(b),Y,A,0.147,451,172_b,472,beta chain
172(b),Y,C,0.0765,451,172_b,472,beta chain
172(b),Y,D,-1.688,451,172_b,472,beta chain
172(b),Y,E,-1.786,451,172_b,472,beta chain
172(b),Y,F,0.08614,451,172_b,472,beta chain
172(b),Y,G,-1.453,451,172_b,472,beta chain
172(b),Y,H,-0.1042,451,172_b,472,beta chain
172(b),Y,I,0.08167,451,172_b,472,beta chain
172(b),Y,K,-0.8731,451,172_b,472,beta chain
172(b),Y,L,0.03425,451,172_b,472,beta chain
172(b),Y,M,-0.03902,451,172_b,472,beta chain
172(b),Y,N,-0.4565,451,172_b,472,beta chain
172(b),Y,P,-1.028,451,172_b,472,beta chain
172(b),Y,Q,-0.3848,451,172_b,472,beta chain
172(b),Y,R,-0.4036,451,172_b,472,beta chain
172(b),Y,S,-0.202,451,172_b,472,beta chain
172(b),Y,T,-0.0495,451,172_b,472,beta chain
172(b),Y,V,-1.145,451,172_b,472,beta chain
172(b),Y,W,0.4901,451,172_b,472,beta chain
173(a),G,A,0.4567,174,173_a,195,alpha chain
173(a),G,C,0.2989,174,173_a,195,alpha chain
173(a),G,D,-0.4457,174,173_a,195,alpha chain
173(a),G,E,0.1964,174,173_a,195,alpha chain
173(a),G,F,0.04378,174,173_a,195,alpha chain
173(a),G,H,0.2511,174,173_a,195,alpha chain
173(a),G,I,-0.06885,174,173_a,195,alpha chain
173(a),G,K,0.02425,174,173_a,195,alpha chain
173(a),G,L,0.0059,174,173_a,195,alpha chain
173(a),G,M,0.03608,174,173_a,195,alpha chain
173(a),G,N,0.05463,174,173_a,195,alpha chain
173(a),G,P,-0.03439,174,173_a,195,alpha chain
173(a),G,Q,0.3931,174,173_a,195,alpha chain
173(a),G,R,0.08305,174,173_a,195,alpha chain
173(a),G,S,-0.02769,174,173_a,195,alpha chain
173(a),G,T,0.411,174,173_a,195,alpha chain
173(a),G,V,0.2317,174,173_a,195,alpha chain
173(a),G,W,0.5161,174,173_a,195,alpha chain
173(a),G,Y,0.2681,174,173_a,195,alpha chain
173(b),E,A,0.3252,452,173_b,473,beta chain
173(b),E,C,0.1762,452,173_b,473,beta chain
173(b),E,D,-0.2368,452,173_b,473,beta chain
173(b),E,F,-0.2397,452,173_b,473,beta chain
173(b),E,G,-0.1739,452,173_b,473,beta chain
173(b),E,H,0.2915,452,173_b,473,beta chain
173(b),E,I,0.0572,452,173_b,473,beta chain
173(b),E,K,-0.142,452,173_b,473,beta chain
173(b),E,L,-0.06876,452,173_b,473,beta chain
173(b),E,M,-0.1738,452,173_b,473,beta chain
173(b),E,N,0.08678,452,173_b,473,beta chain
173(b),E,P,-3.599,452,173_b,473,beta chain
173(b),E,Q,-0.1309,452,173_b,473,beta chain
173(b),E,R,-0.07928,452,173_b,473,beta chain
173(b),E,S,-0.1186,452,173_b,473,beta chain
173(b),E,T,0.1563,452,173_b,473,beta chain
173(b),E,V,-0.3984,452,173_b,473,beta chain
173(b),E,W,-0.05727,452,173_b,473,beta chain
173(b),E,Y,-0.1704,452,173_b,473,beta chain
174(a),L,A,0.7422,175,174_a,196,alpha chain
174(a),L,C,-0.03439,175,174_a,196,alpha chain
174(a),L,D,-0.05248,175,174_a,196,alpha chain
174(a),L,E,0.224,175,174_a,196,alpha chain
174(a),L,F,0.08477,175,174_a,196,alpha chain
174(a),L,G,0.1843,175,174_a,196,alpha chain
174(a),L,H,0.0145,175,174_a,196,alpha chain
174(a),L,I,0.09456,175,174_a,196,alpha chain
174(a),L,K,-0.21,175,174_a,196,alpha chain
174(a),L,M,0.06759,175,174_a,196,alpha chain
174(a),L,N,0.09345,175,174_a,196,alpha chain
174(a),L,P,0.1541,175,174_a,196,alpha chain
174(a),L,Q,0.5786,175,174_a,196,alpha chain
174(a),L,R,0.2791,175,174_a,196,alpha chain
174(a),L,S,0.002115,175,174_a,196,alpha chain
174(a),L,T,0.1074,175,174_a,196,alpha chain
174(a),L,V,-0.249,175,174_a,196,alpha chain
174(a),L,W,-0.2112,175,174_a,196,alpha chain
174(a),L,Y,0.07756,175,174_a,196,alpha chain
174(b),C,A,-0.8955,453,174_b,474,beta chain
174(b),C,D,-6,453,174_b,474,beta chain
174(b),C,E,-6,453,174_b,474,beta chain
174(b),C,F,-1.029,453,174_b,474,beta chain
174(b),C,G,-3.8,453,174_b,474,beta chain
174(b),C,H,-6,453,174_b,474,beta chain
174(b),C,I,-0.4785,453,174_b,474,beta chain
174(b),C,K,-6,453,174_b,474,beta chain
174(b),C,L,-0.05182,453,174_b,474,beta chain
174(b),C,N,-4.863,453,174_b,474,beta chain
174(b),C,P,-4.822,453,174_b,474,beta chain
174(b),C,Q,-5.67,453,174_b,474,beta chain
174(b),C,R,-6,453,174_b,474,beta chain
174(b),C,S,-2.364,453,174_b,474,beta chain
174(b),C,T,-0.8371,453,174_b,474,beta chain
174(b),C,V,-0.3391,453,174_b,474,beta chain
174(b),C,W,-2.935,453,174_b,474,beta chain
174(b),C,Y,-2.319,453,174_b,474,beta chain
175(a),P,A,0.1951,176,175_a,197,alpha chain
175(a),P,C,0.1992,176,175_a,197,alpha chain
175(a),P,D,-0.1276,176,175_a,197,alpha chain
175(a),P,E,-0.1032,176,175_a,197,alpha chain
175(a),P,F,0.0072,176,175_a,197,alpha chain
175(a),P,G,0.424,176,175_a,197,alpha chain
175(a),P,H,0.2404,176,175_a,197,alpha chain
175(a),P,I,0.0185,176,175_a,197,alpha chain
175(a),P,K,0.2646,176,175_a,197,alpha chain
175(a),P,L,0.1441,176,175_a,197,alpha chain
175(a),P,M,-0.00423,176,175_a,197,alpha chain
175(a),P,N,-0.07535,176,175_a,197,alpha chain
175(a),P,Q,-0.1974,176,175_a,197,alpha chain
175(a),P,R,0.04425,176,175_a,197,alpha chain
175(a),P,S,0.2399,176,175_a,197,alpha chain
175(a),P,T,-0.06681,176,175_a,197,alpha chain
175(a),P,V,-0.1851,176,175_a,197,alpha chain
175(a),P,W,-0.2394,176,175_a,197,alpha chain
175(a),P,Y,-0.02824,176,175_a,197,alpha chain
175(b),H,A,-0.2089,454,175_b,475,beta chain
175(b),H,C,-0.0311,454,175_b,475,beta chain
175(b),H,D,-0.1367,454,175_b,475,beta chain
175(b),H,E,0.01945,454,175_b,475,beta chain
175(b),H,F,-0.3009,454,175_b,475,beta chain
175(b),H,G,0.3858,454,175_b,475,beta chain
175(b),H,I,-0.03807,454,175_b,475,beta chain
175(b),H,K,0.0043,454,175_b,475,beta chain
175(b),H,L,0.4316,454,175_b,475,beta chain
175(b),H,M,-0.16,454,175_b,475,beta chain
175(b),H,P,-3.759,454,175_b,475,beta chain
175(b),H,Q,-0.08695,454,175_b,475,beta chain
175(b),H,R,0.1122,454,175_b,475,beta chain
175(b),H,S,-0.1025,454,175_b,475,beta chain
175(b),H,T,-0.2276,454,175_b,475,beta chain
175(b),H,V,-0.01688,454,175_b,475,beta chain
175(b),H,W,0.05881,454,175_b,475,beta chain
175(b),H,Y,0.187,454,175_b,475,beta chain
176(a),E,A,0.1549,177,176_a,198,alpha chain
176(a),E,C,-0.07214,177,176_a,198,alpha chain
176(a),E,D,0.1099,177,176_a,198,alpha chain
176(a),E,F,0.09455,177,176_a,198,alpha chain
176(a),E,G,-0.02612,177,176_a,198,alpha chain
176(a),E,H,0.2591,177,176_a,198,alpha chain
176(a),E,I,0.1722,177,176_a,198,alpha chain
176(a),E,K,0.08473,177,176_a,198,alpha chain
176(a),E,L,-0.1264,177,176_a,198,alpha chain
176(a),E,M,0.5325,177,176_a,198,alpha chain
176(a),E,N,0.414,177,176_a,198,alpha chain
176(a),E,P,0.1714,177,176_a,198,alpha chain
176(a),E,Q,0.1395,177,176_a,198,alpha chain
176(a),E,R,-0.3619,177,176_a,198,alpha chain
176(a),E,S,0.296,177,176_a,198,alpha chain
176(a),E,T,-0.1565,177,176_a,198,alpha chain
176(a),E,V,-0.00835,177,176_a,198,alpha chain
176(a),E,W,0.04435,177,176_a,198,alpha chain
176(a),E,Y,0.268,177,176_a,198,alpha chain
176(b),V,A,-0.03148,455,176_b,476,beta chain
176(b),V,C,-0.255,455,176_b,476,beta chain
176(b),V,D,-5.883,455,176_b,476,beta chain
176(b),V,E,-3.185,455,176_b,476,beta chain
176(b),V,F,0.1389,455,176_b,476,beta chain
176(b),V,G,-0.9455,455,176_b,476,beta chain
176(b),V,H,-2.456,455,176_b,476,beta chain
176(b),V,I,-0.0784,455,176_b,476,beta chain
176(b),V,K,-6,455,176_b,476,beta chain
176(b),V,L,-0.1376,455,176_b,476,beta chain
176(b),V,M,0.1275,455,176_b,476,beta chain
176(b),V,N,-2.425,455,176_b,476,beta chain
176(b),V,P,-1.017,455,176_b,476,beta chain
176(b),V,Q,-2.527,455,176_b,476,beta chain
176(b),V,R,-5.917,455,176_b,476,beta chain
176(b),V,S,-0.3005,455,176_b,476,beta chain
176(b),V,T,0.04473,455,176_b,476,beta chain
176(b),V,W,-0.9489,455,176_b,476,beta chain
177(a),P,A,0.07185,178,177_a,199,alpha chain
177(a),P,C,-0.07634,178,177_a,199,alpha chain
177(a),P,D,-0.2067,178,177_a,199,alpha chain
177(a),P,E,0.1051,178,177_a,199,alpha chain
177(a),P,F,-0.09862,178,177_a,199,alpha chain
177(a),P,G,-0.03255,178,177_a,199,alpha chain
177(a),P,H,0.3129,178,177_a,199,alpha chain
177(a),P,I,0.2318,178,177_a,199,alpha chain
177(a),P,K,0.1913,178,177_a,199,alpha chain
177(a),P,L,-0.1871,178,177_a,199,alpha chain
177(a),P,M,-0.1927,178,177_a,199,alpha chain
177(a),P,N,-0.06128,178,177_a,199,alpha chain
177(a),P,Q,-0.1247,178,177_a,199,alpha chain
177(a),P,R,0.2465,178,177_a,199,alpha chain
177(a),P,S,0.08807,178,177_a,199,alpha chain
177(a),P,T,-0.03306,178,177_a,199,alpha chain
177(a),P,V,0.193,178,177_a,199,alpha chain
177(a),P,W,0.00062,178,177_a,199,alpha chain
177(a),P,Y,0.2697,178,177_a,199,alpha chain
177(b),Q,A,-0.09275,456,177_b,477,beta chain
177(b),Q,C,-0.1583,456,177_b,477,beta chain
177(b),Q,D,0.0193,456,177_b,477,beta chain
177(b),Q,E,0.2189,456,177_b,477,beta chain
177(b),Q,F,-0.1177,456,177_b,477,beta chain
177(b),Q,G,0.1541,456,177_b,477,beta chain
177(b),Q,H,0.3004,456,177_b,477,beta chain
177(b),Q,I,-0.1002,456,177_b,477,beta chain
177(b),Q,K,0.01999,456,177_b,477,beta chain
177(b),Q,L,0.211,456,177_b,477,beta chain
177(b),Q,M,0.1654,456,177_b,477,beta chain
177(b),Q,P,-0.6187,456,177_b,477,beta chain
177(b),Q,R,0.2804,456,177_b,477,beta chain
177(b),Q,S,-0.05555,456,177_b,477,beta chain
177(b),Q,T,-0.2054,456,177_b,477,beta chain
177(b),Q,V,-0.05545,456,177_b,477,beta chain
177(b),Q,W,-0.2543,456,177_b,477,beta chain
177(b),Q,Y,-0.1018,456,177_b,477,beta chain
178(a),L,A,0.1465,179,178_a,200,alpha chain
178(a),L,C,-0.04544,179,178_a,200,alpha chain
178(a),L,D,0.2492,179,178_a,200,alpha chain
178(a),L,E,0.2649,179,178_a,200,alpha chain
178(a),L,F,0.1967,179,178_a,200,alpha chain
178(a),L,G,0.01875,179,178_a,200,alpha chain
178(a),L,H,0.1847,179,178_a,200,alpha chain
178(a),L,I,-0.1067,179,178_a,200,alpha chain
178(a),L,K,0.1621,179,178_a,200,alpha chain
178(a),L,M,0.4078,179,178_a,200,alpha chain
178(a),L,N,0.4092,179,178_a,200,alpha chain
178(a),L,P,0.2801,179,178_a,200,alpha chain
178(a),L,Q,0.09,179,178_a,200,alpha chain
178(a),L,R,0.08075,179,178_a,200,alpha chain
178(a),L,S,-0.142,179,178_a,200,alpha chain
178(a),L,T,0.1248,179,178_a,200,alpha chain
178(a),L,V,0.1086,179,178_a,200,alpha chain
178(a),L,W,0.1696,179,178_a,200,alpha chain
178(a),L,Y,0.5472,179,178_a,200,alpha chain
178(b),H,A,-0.2075,457,178_b,478,beta chain
178(b),H,C,-0.09954,457,178_b,478,beta chain
178(b),H,D,-0.2583,457,178_b,478,beta chain
178(b),H,F,-0.2226,457,178_b,478,beta chain
178(b),H,G,-0.0373,457,178_b,478,beta chain
178(b),H,I,-0.3619,457,178_b,478,beta chain
178(b),H,K,-0.07527,457,178_b,478,beta chain
178(b),H,L,-0.3039,457,178_b,478,beta chain
178(b),H,M,-0.5081,457,178_b,478,beta chain
178(b),H,N,-0.3487,457,178_b,478,beta chain
178(b),H,P,-0.3449,457,178_b,478,beta chain
178(b),H,Q,0.1114,457,178_b,478,beta chain
178(b),H,R,0.1667,457,178_b,478,beta chain
178(b),H,S,-0.1573,457,178_b,478,beta chain
178(b),H,T,0.08664,457,178_b,478,beta chain
178(b),H,V,-0.2818,457,178_b,478,beta chain
178(b),H,W,0.1769,457,178_b,478,beta chain
178(b),H,Y,-0.1167,457,178_b,478,beta chain
179(a),M,A,0.1558,180,179_a,201,alpha chain
179(a),M,C,-0.2361,180,179_a,201,alpha chain
179(a),M,D,0.2787,180,179_a,201,alpha chain
179(a),M,E,0.05219,180,179_a,201,alpha chain
179(a),M,F,-0.07447,180,179_a,201,alpha chain
179(a),M,G,-0.1749,180,179_a,201,alpha chain
179(a),M,H,0.04445,180,179_a,201,alpha chain
179(a),M,I,-0.01502,180,179_a,201,alpha chain
179(a),M,K,-0.00346,180,179_a,201,alpha chain
179(a),M,L,0.207,180,179_a,201,alpha chain
179(a),M,N,-0.1574,180,179_a,201,alpha chain
179(a),M,P,0.0534,180,179_a,201,alpha chain
179(a),M,Q,0.02425,180,179_a,201,alpha chain
179(a),M,R,0.3726,180,179_a,201,alpha chain
179(a),M,S,-0.04715,180,179_a,201,alpha chain
179(a),M,T,0.49,180,179_a,201,alpha chain
179(a),M,V,-0.05456,180,179_a,201,alpha chain
179(a),M,W,-0.06705,180,179_a,201,alpha chain
179(a),M,Y,0.00625,180,179_a,201,alpha chain
179(b),A,C,-0.04535,458,179_b,479,beta chain
179(b),A,D,0.1629,458,179_b,479,beta chain
179(b),A,F,0.09875,458,179_b,479,beta chain
179(b),A,G,-0.4226,458,179_b,479,beta chain
179(b),A,H,-0.3854,458,179_b,479,beta chain
179(b),A,I,-0.2338,458,179_b,479,beta chain
179(b),A,K,-0.2074,458,179_b,479,beta chain
179(b),A,L,-0.1137,458,179_b,479,beta chain
179(b),A,M,-0.08505,458,179_b,479,beta chain
179(b),A,N,0.3191,458,179_b,479,beta chain
179(b),A,P,-0.0365,458,179_b,479,beta chain
179(b),A,Q,-0.0676,458,179_b,479,beta chain
179(b),A,R,0.2346,458,179_b,479,beta chain
179(b),A,S,0.2242,458,179_b,479,beta chain
179(b),A,T,-0.03902,458,179_b,479,beta chain
179(b),A,V,-0.02535,458,179_b,479,beta chain
179(b),A,W,0.4007,458,179_b,479,beta chain
179(b),A,Y,-0.151,458,179_b,479,beta chain
18(a),T,A,0.1875,19,18_a,40,alpha chain
18(a),T,C,0.3563,19,18_a,40,alpha chain
18(a),T,D,0.1578,19,18_a,40,alpha chain
18(a),T,E,-0.1497,19,18_a,40,alpha chain
18(a),T,F,-0.2943,19,18_a,40,alpha chain
18(a),T,G,-0.09815,19,18_a,40,alpha chain
18(a),T,H,0.2513,19,18_a,40,alpha chain
18(a),T,I,0.1522,19,18_a,40,alpha chain
18(a),T,K,0.104,19,18_a,40,alpha chain
18(a),T,L,-0.1366,19,18_a,40,alpha chain
18(a),T,M,-0.2444,19,18_a,40,alpha chain
18(a),T,N,0.03765,19,18_a,40,alpha chain
18(a),T,P,-0.3061,19,18_a,40,alpha chain
18(a),T,Q,0.2772,19,18_a,40,alpha chain
18(a),T,R,0.323,19,18_a,40,alpha chain
18(a),T,S,-0.1963,19,18_a,40,alpha chain
18(a),T,V,0.1487,19,18_a,40,alpha chain
18(a),T,W,0.3911,19,18_a,40,alpha chain
18(a),T,Y,-0.3361,19,18_a,40,alpha chain
18(b),H,A,-0.4121,297,18_b,318,beta chain
18(b),H,C,-0.6267,297,18_b,318,beta chain
18(b),H,D,-0.2621,297,18_b,318,beta chain
18(b),H,E,0.4884,297,18_b,318,beta chain
18(b),H,F,-0.469,297,18_b,318,beta chain
18(b),H,G,-1.095,297,18_b,318,beta chain
18(b),H,I,-0.1662,297,18_b,318,beta chain
18(b),H,K,-0.3191,297,18_b,318,beta chain
18(b),H,L,-0.5422,297,18_b,318,beta chain
18(b),H,M,-0.5557,297,18_b,318,beta chain
18(b),H,N,-0.1406,297,18_b,318,beta chain
18(b),H,P,-5.517,297,18_b,318,beta chain
18(b),H,Q,-0.03347,297,18_b,318,beta chain
18(b),H,R,-0.187,297,18_b,318,beta chain
18(b),H,S,0.09427,297,18_b,318,beta chain
18(b),H,T,-0.8783,297,18_b,318,beta chain
18(b),H,V,-0.5498,297,18_b,318,beta chain
18(b),H,W,-0.3772,297,18_b,318,beta chain
18(b),H,Y,-0.1884,297,18_b,318,beta chain
180(a),T,A,-0.2278,181,180_a,202,alpha chain
180(a),T,C,-0.06689,181,180_a,202,alpha chain
180(a),T,D,-0.2365,181,180_a,202,alpha chain
180(a),T,E,-0.0851,181,180_a,202,alpha chain
180(a),T,F,0.207,181,180_a,202,alpha chain
180(a),T,G,0.04055,181,180_a,202,alpha chain
180(a),T,H,0.2445,181,180_a,202,alpha chain
180(a),T,I,-0.0495,181,180_a,202,alpha chain
180(a),T,K,-0.05051,181,180_a,202,alpha chain
180(a),T,L,0.2322,181,180_a,202,alpha chain
180(a),T,M,-0.01678,181,180_a,202,alpha chain
180(a),T,N,0.09806,181,180_a,202,alpha chain
180(a),T,P,0.1694,181,180_a,202,alpha chain
180(a),T,Q,-0.3905,181,180_a,202,alpha chain
180(a),T,R,-0.5007,181,180_a,202,alpha chain
180(a),T,S,-0.05165,181,180_a,202,alpha chain
180(a),T,V,0.0148,181,180_a,202,alpha chain
180(a),T,W,-0.06844,181,180_a,202,alpha chain
180(a),T,Y,0.1214,181,180_a,202,alpha chain
180(b),S,A,0.04679,459,180_b,480,beta chain
180(b),S,C,-0.1403,459,180_b,480,beta chain
180(b),S,D,-0.086,459,180_b,480,beta chain
180(b),S,E,0.2654,459,180_b,480,beta chain
180(b),S,F,-0.1452,459,180_b,480,beta chain
180(b),S,G,-0.0898,459,180_b,480,beta chain
180(b),S,H,0.08172,459,180_b,480,beta chain
180(b),S,I,-0.08544,459,180_b,480,beta chain
180(b),S,K,-0.0507,459,180_b,480,beta chain
180(b),S,L,-0.4437,459,180_b,480,beta chain
180(b),S,M,-0.3525,459,180_b,480,beta chain
180(b),S,N,-0.1591,459,180_b,480,beta chain
180(b),S,P,0.1457,459,180_b,480,beta chain
180(b),S,Q,-0.2828,459,180_b,480,beta chain
180(b),S,R,-0.5252,459,180_b,480,beta chain
180(b),S,T,0.1155,459,180_b,480,beta chain
180(b),S,V,-0.2053,459,180_b,480,beta chain
180(b),S,W,-0.3668,459,180_b,480,beta chain
180(b),S,Y,-0.128,459,180_b,480,beta chain
181(a),H,C,-0.5515,182,181_a,203,alpha chain
181(a),H,D,0.2258,182,181_a,203,alpha chain
181(a),H,E,-0.0028,182,181_a,203,alpha chain
181(a),H,F,-0.2527,182,181_a,203,alpha chain
181(a),H,G,0.1318,182,181_a,203,alpha chain
181(a),H,I,0.131,182,181_a,203,alpha chain
181(a),H,K,0.3815,182,181_a,203,alpha chain
181(a),H,L,-0.08449,182,181_a,203,alpha chain
181(a),H,M,0.1969,182,181_a,203,alpha chain
181(a),H,N,-0.1331,182,181_a,203,alpha chain
181(a),H,P,0.2237,182,181_a,203,alpha chain
181(a),H,Q,-0.1729,182,181_a,203,alpha chain
181(a),H,R,0.2098,182,181_a,203,alpha chain
181(a),H,S,0.01395,182,181_a,203,alpha chain
181(a),H,T,0.4936,182,181_a,203,alpha chain
181(a),H,V,-0.1138,182,181_a,203,alpha chain
181(a),H,W,-0.2009,182,181_a,203,alpha chain
181(a),H,Y,-0.0388,182,181_a,203,alpha chain
181(b),L,A,-0.5669,460,181_b,481,beta chain
181(b),L,C,0.00965,460,181_b,481,beta chain
181(b),L,E,0.1404,460,181_b,481,beta chain
181(b),L,F,-0.1108,460,181_b,481,beta chain
181(b),L,G,-0.2431,460,181_b,481,beta chain
181(b),L,H,-0.05376,460,181_b,481,beta chain
181(b),L,I,0.1429,460,181_b,481,beta chain
181(b),L,K,0.9666,460,181_b,481,beta chain
181(b),L,M,-0.176,460,181_b,481,beta chain
181(b),L,N,-0.4394,460,181_b,481,beta chain
181(b),L,P,-0.07835,460,181_b,481,beta chain
181(b),L,Q,0.7625,460,181_b,481,beta chain
181(b),L,R,0.01915,460,181_b,481,beta chain
181(b),L,S,-0.0948,460,181_b,481,beta chain
181(b),L,T,-0.3628,460,181_b,481,beta chain
181(b),L,V,-0.1072,460,181_b,481,beta chain
181(b),L,W,-0.1357,460,181_b,481,beta chain
181(b),L,Y,-0.1541,460,181_b,481,beta chain
182(a),W,A,-0.3658,183,182_a,204,alpha chain
182(a),W,C,0.00245,183,182_a,204,alpha chain
182(a),W,D,-0.0335,183,182_a,204,alpha chain
182(a),W,E,-0.3889,183,182_a,204,alpha chain
182(a),W,F,0.1745,183,182_a,204,alpha chain
182(a),W,H,0.0878,183,182_a,204,alpha chain
182(a),W,I,0.2757,183,182_a,204,alpha chain
182(a),W,K,-0.1093,183,182_a,204,alpha chain
182(a),W,L,-0.1397,183,182_a,204,alpha chain
182(a),W,M,0.2905,183,182_a,204,alpha chain
182(a),W,N,-0.0293,183,182_a,204,alpha chain
182(a),W,P,-0.947,183,182_a,204,alpha chain
182(a),W,Q,-0.482,183,182_a,204,alpha chain
182(a),W,R,-0.6768,183,182_a,204,alpha chain
182(a),W,S,0.09531,183,182_a,204,alpha chain
182(a),W,T,-0.08121,183,182_a,204,alpha chain
182(a),W,V,-0.1259,183,182_a,204,alpha chain
182(a),W,Y,0.2084,183,182_a,204,alpha chain
182(b),K,A,0.2641,461,182_b,482,beta chain
182(b),K,C,0.1679,461,182_b,482,beta chain
182(b),K,D,-0.1866,461,182_b,482,beta chain
182(b),K,E,-0.02619,461,182_b,482,beta chain
182(b),K,F,0.0059,461,182_b,482,beta chain
182(b),K,G,-0.07037,461,182_b,482,beta chain
182(b),K,H,-0.3905,461,182_b,482,beta chain
182(b),K,I,0.3059,461,182_b,482,beta chain
182(b),K,L,0.128,461,182_b,482,beta chain
182(b),K,M,-0.1301,461,182_b,482,beta chain
182(b),K,N,0.08073,461,182_b,482,beta chain
182(b),K,P,-0.02565,461,182_b,482,beta chain
182(b),K,Q,0.02909,461,182_b,482,beta chain
182(b),K,R,-0.219,461,182_b,482,beta chain
182(b),K,S,-0.03895,461,182_b,482,beta chain
182(b),K,T,0.543,461,182_b,482,beta chain
182(b),K,V,-0.1843,461,182_b,482,beta chain
182(b),K,W,0.1178,461,182_b,482,beta chain
182(b),K,Y,0.1676,461,182_b,482,beta chain
183(a),E,A,-0.00595,184,183_a,205,alpha chain
183(a),E,C,-0.1661,184,183_a,205,alpha chain
183(a),E,D,0.1971,184,183_a,205,alpha chain
183(a),E,F,-0.1314,184,183_a,205,alpha chain
183(a),E,G,0.05665,184,183_a,205,alpha chain
183(a),E,I,0.2386,184,183_a,205,alpha chain
183(a),E,K,0.1452,184,183_a,205,alpha chain
183(a),E,L,0.2722,184,183_a,205,alpha chain
183(a),E,M,0.0424,184,183_a,205,alpha chain
183(a),E,N,0.2648,184,183_a,205,alpha chain
183(a),E,P,-0.3968,184,183_a,205,alpha chain
183(a),E,Q,-0.1894,184,183_a,205,alpha chain
183(a),E,R,0.1235,184,183_a,205,alpha chain
183(a),E,S,-0.1829,184,183_a,205,alpha chain
183(a),E,T,0.1476,184,183_a,205,alpha chain
183(a),E,V,0.1126,184,183_a,205,alpha chain
183(a),E,W,-0.2438,184,183_a,205,alpha chain
183(a),E,Y,0.2365,184,183_a,205,alpha chain
183(b),S,A,0.0679,462,183_b,483,beta chain
183(b),S,C,-0.3106,462,183_b,483,beta chain
183(b),S,D,-0.03032,462,183_b,483,beta chain
183(b),S,E,-0.2705,462,183_b,483,beta chain
183(b),S,F,0.1123,462,183_b,483,beta chain
183(b),S,G,0.2155,462,183_b,483,beta chain
183(b),S,H,-0.03335,462,183_b,483,beta chain
183(b),S,I,-0.1593,462,183_b,483,beta chain
183(b),S,K,0.1877,462,183_b,483,beta chain
183(b),S,L,-0.2493,462,183_b,483,beta chain
183(b),S,M,-0.1253,462,183_b,483,beta chain
183(b),S,N,0.05977,462,183_b,483,beta chain
183(b),S,P,0.01643,462,183_b,483,beta chain
183(b),S,Q,-0.06885,462,183_b,483,beta chain
183(b),S,R,-0.08913,462,183_b,483,beta chain
183(b),S,T,0.1409,462,183_b,483,beta chain
183(b),S,V,-0.2514,462,183_b,483,beta chain
183(b),S,W,0.0611,462,183_b,483,beta chain
183(b),S,Y,0.09475,462,183_b,483,beta chain
184(a),P,A,0.07716,185,184_a,206,alpha chain
184(a),P,C,-0.08281,185,184_a,206,alpha chain
184(a),P,D,0.1347,185,184_a,206,alpha chain
184(a),P,E,-0.04527,185,184_a,206,alpha chain
184(a),P,F,0.1088,185,184_a,206,alpha chain
184(a),P,G,-0.03933,185,184_a,206,alpha chain
184(a),P,H,0.1652,185,184_a,206,alpha chain
184(a),P,I,0.042,185,184_a,206,alpha chain
184(a),P,K,0.05976,185,184_a,206,alpha chain
184(a),P,L,0.06755,185,184_a,206,alpha chain
184(a),P,M,-0.008365,185,184_a,206,alpha chain
184(a),P,N,-0.1316,185,184_a,206,alpha chain
184(a),P,Q,0.06557,185,184_a,206,alpha chain
184(a),P,R,0.01199,185,184_a,206,alpha chain
184(a),P,S,0.0412,185,184_a,206,alpha chain
184(a),P,T,-0.3276,185,184_a,206,alpha chain
184(a),P,V,0.0408,185,184_a,206,alpha chain
184(a),P,W,0.07693,185,184_a,206,alpha chain
184(a),P,Y,0.2577,185,184_a,206,alpha chain
184(b),P,A,-0.3085,463,184_b,484,beta chain
184(b),P,C,-0.2441,463,184_b,484,beta chain
184(b),P,D,0.403,463,184_b,484,beta chain
184(b),P,E,0.08294,463,184_b,484,beta chain
184(b),P,F,-0.1323,463,184_b,484,beta chain
184(b),P,G,0.154,463,184_b,484,beta chain
184(b),P,H,0.03283,463,184_b,484,beta chain
184(b),P,I,0.1065,463,184_b,484,beta chain
184(b),P,K,0.1512,463,184_b,484,beta chain
184(b),P,L,0.1104,463,184_b,484,beta chain
184(b),P,M,-0.01298,463,184_b,484,beta chain
184(b),P,N,-0.3222,463,184_b,484,beta chain
184(b),P,Q,-0.5788,463,184_b,484,beta chain
184(b),P,R,-0.05194,463,184_b,484,beta chain
184(b),P,S,0.0854,463,184_b,484,beta chain
184(b),P,T,-0.09362,463,184_b,484,beta chain
184(b),P,V,0.1366,463,184_b,484,beta chain
184(b),P,W,0.03008,463,184_b,484,beta chain
184(b),P,Y,-0.5738,463,184_b,484,beta chain
185(a),Q,A,0.1544,186,185_a,207,alpha chain
185(a),Q,C,0.01734,186,185_a,207,alpha chain
185(a),Q,D,-0.0748,186,185_a,207,alpha chain
185(a),Q,E,0.004505,186,185_a,207,alpha chain
185(a),Q,F,-0.2619,186,185_a,207,alpha chain
185(a),Q,G,-0.1951,186,185_a,207,alpha chain
185(a),Q,H,-0.3099,186,185_a,207,alpha chain
185(a),Q,I,0.1449,186,185_a,207,alpha chain
185(a),Q,K,0.3536,186,185_a,207,alpha chain
185(a),Q,L,-0.09416,186,185_a,207,alpha chain
185(a),Q,M,0.04375,186,185_a,207,alpha chain
185(a),Q,N,-0.1231,186,185_a,207,alpha chain
185(a),Q,P,-0.0545,186,185_a,207,alpha chain
185(a),Q,R,-0.04025,186,185_a,207,alpha chain
185(a),Q,S,-0.5101,186,185_a,207,alpha chain
185(a),Q,T,-0.02851,186,185_a,207,alpha chain
185(a),Q,V,0.1448,186,185_a,207,alpha chain
185(a),Q,W,-0.2278,186,185_a,207,alpha chain
185(a),Q,Y,-0.04994,186,185_a,207,alpha chain
185(b),I,A,-0.000275,464,185_b,485,beta chain
185(b),I,C,0.0362,464,185_b,485,beta chain
185(b),I,D,0.3588,464,185_b,485,beta chain
185(b),I,E,-0.226,464,185_b,485,beta chain
185(b),I,F,0.4198,464,185_b,485,beta chain
185(b),I,G,-0.09481,464,185_b,485,beta chain
185(b),I,H,0.1836,464,185_b,485,beta chain
185(b),I,K,-0.0533,464,185_b,485,beta chain
185(b),I,L,-0.1961,464,185_b,485,beta chain
185(b),I,M,-0.02535,464,185_b,485,beta chain
185(b),I,N,0.1113,464,185_b,485,beta chain
185(b),I,P,-0.07981,464,185_b,485,beta chain
185(b),I,Q,-0.1977,464,185_b,485,beta chain
185(b),I,R,-0.06998,464,185_b,485,beta chain
185(b),I,S,-0.1515,464,185_b,485,beta chain
185(b),I,T,-0.2647,464,185_b,485,beta chain
185(b),I,V,-0.1752,464,185_b,485,beta chain
185(b),I,W,0.1976,464,185_b,485,beta chain
185(b),I,Y,-0.2565,464,185_b,485,beta chain
186(a),V,A,0.3094,187,186_a,208,alpha chain
186(a),V,C,-0.7246,187,186_a,208,alpha chain
186(a),V,D,-0.1326,187,186_a,208,alpha chain
186(a),V,E,0.127,187,186_a,208,alpha chain
186(a),V,F,0.09839,187,186_a,208,alpha chain
186(a),V,G,0.1614,187,186_a,208,alpha chain
186(a),V,H,0.2042,187,186_a,208,alpha chain
186(a),V,I,0.2031,187,186_a,208,alpha chain
186(a),V,K,0.2253,187,186_a,208,alpha chain
186(a),V,L,0.3065,187,186_a,208,alpha chain
186(a),V,M,0.06555,187,186_a,208,alpha chain
186(a),V,N,0.2895,187,186_a,208,alpha chain
186(a),V,P,-0.1637,187,186_a,208,alpha chain
186(a),V,Q,0.1151,187,186_a,208,alpha chain
186(a),V,R,0.5999,187,186_a,208,alpha chain
186(a),V,S,0.3664,187,186_a,208,alpha chain
186(a),V,T,-0.1699,187,186_a,208,alpha chain
186(a),V,W,0.0135,187,186_a,208,alpha chain
186(a),V,Y,0.3366,187,186_a,208,alpha chain
186(b),T,A,-0.225,465,186_b,486,beta chain
186(b),T,C,-0.2497,465,186_b,486,beta chain
186(b),T,D,0.4768,465,186_b,486,beta chain
186(b),T,E,-0.2186,465,186_b,486,beta chain
186(b),T,F,-0.3097,465,186_b,486,beta chain
186(b),T,G,-0.1633,465,186_b,486,beta chain
186(b),T,H,-0.3659,465,186_b,486,beta chain
186(b),T,I,-0.08783,465,186_b,486,beta chain
186(b),T,K,0.1925,465,186_b,486,beta chain
186(b),T,L,0.04871,465,186_b,486,beta chain
186(b),T,M,-0.1829,465,186_b,486,beta chain
186(b),T,N,0.2145,465,186_b,486,beta chain
186(b),T,P,-0.08428,465,186_b,486,beta chain
186(b),T,Q,0.2641,465,186_b,486,beta chain
186(b),T,R,-0.2325,465,186_b,486,beta chain
186(b),T,S,0.1197,465,186_b,486,beta chain
186(b),T,V,-0.05347,465,186_b,486,beta chain
186(b),T,W,-0.1227,465,186_b,486,beta chain
186(b),T,Y,-0.0715,465,186_b,486,beta chain
187(a),P,A,0.1747,188,187_a,209,alpha chain
187(a),P,C,-0.6817,188,187_a,209,alpha chain
187(a),P,D,0.2203,188,187_a,209,alpha chain
187(a),P,E,-0.1937,188,187_a,209,alpha chain
187(a),P,F,-0.1088,188,187_a,209,alpha chain
187(a),P,G,0.05327,188,187_a,209,alpha chain
187(a),P,H,0.0924,188,187_a,209,alpha chain
187(a),P,I,0.02041,188,187_a,209,alpha chain
187(a),P,K,0.01865,188,187_a,209,alpha chain
187(a),P,L,0.02525,188,187_a,209,alpha chain
187(a),P,M,0.2479,188,187_a,209,alpha chain
187(a),P,N,0.2798,188,187_a,209,alpha chain
187(a),P,Q,-0.2375,188,187_a,209,alpha chain
187(a),P,R,0.0395,188,187_a,209,alpha chain
187(a),P,S,-0.09809,188,187_a,209,alpha chain
187(a),P,T,0.3594,188,187_a,209,alpha chain
187(a),P,V,-0.6382,188,187_a,209,alpha chain
187(a),P,W,-0.101,188,187_a,209,alpha chain
187(a),P,Y,-0.355,188,187_a,209,alpha chain
187(b),Y,A,-0.00645,466,187_b,487,beta chain
187(b),Y,C,0.02015,466,187_b,487,beta chain
187(b),Y,D,-0.05095,466,187_b,487,beta chain
187(b),Y,E,0.03428,466,187_b,487,beta chain
187(b),Y,F,0.0134,466,187_b,487,beta chain
187(b),Y,G,0.05076,466,187_b,487,beta chain
187(b),Y,H,0.08765,466,187_b,487,beta chain
187(b),Y,I,0.3369,466,187_b,487,beta chain
187(b),Y,K,-0.08367,466,187_b,487,beta chain
187(b),Y,L,-0.1424,466,187_b,487,beta chain
187(b),Y,M,0.3069,466,187_b,487,beta chain
187(b),Y,N,0.05124,466,187_b,487,beta chain
187(b),Y,P,-0.833,466,187_b,487,beta chain
187(b),Y,Q,0.3094,466,187_b,487,beta chain
187(b),Y,R,-0.01561,466,187_b,487,beta chain
187(b),Y,S,-0.0664,466,187_b,487,beta chain
187(b),Y,T,0.3694,466,187_b,487,beta chain
187(b),Y,V,-0.0326,466,187_b,487,beta chain
187(b),Y,W,0.1725,466,187_b,487,beta chain
188(a),L,A,0.1952,189,188_a,210,alpha chain
188(a),L,C,-0.1207,189,188_a,210,alpha chain
188(a),L,D,0.2222,189,188_a,210,alpha chain
188(a),L,E,0.2888,189,188_a,210,alpha chain
188(a),L,F,-0.0614,189,188_a,210,alpha chain
188(a),L,G,0.5402,189,188_a,210,alpha chain
188(a),L,H,-0.09749,189,188_a,210,alpha chain
188(a),L,I,-0.08611,189,188_a,210,alpha chain
188(a),L,K,0.1133,189,188_a,210,alpha chain
188(a),L,M,0.4273,189,188_a,210,alpha chain
188(a),L,N,-0.03184,189,188_a,210,alpha chain
188(a),L,P,0.1018,189,188_a,210,alpha chain
188(a),L,Q,-0.1643,189,188_a,210,alpha chain
188(a),L,R,0.3987,189,188_a,210,alpha chain
188(a),L,S,0.228,189,188_a,210,alpha chain
188(a),L,T,0.1154,189,188_a,210,alpha chain
188(a),L,V,0.2269,189,188_a,210,alpha chain
188(a),L,Y,0.2904,189,188_a,210,alpha chain
188(b),E,A,0.03399,467,188_b,488,beta chain
188(b),E,C,0.1193,467,188_b,488,beta chain
188(b),E,D,-0.1828,467,188_b,488,beta chain
188(b),E,F,-0.0092,467,188_b,488,beta chain
188(b),E,G,-0.1131,467,188_b,488,beta chain
188(b),E,H,0.2163,467,188_b,488,beta chain
188(b),E,I,-0.00955,467,188_b,488,beta chain
188(b),E,K,0.09049,467,188_b,488,beta chain
188(b),E,L,-0.02287,467,188_b,488,beta chain
188(b),E,M,0.1249,467,188_b,488,beta chain
188(b),E,N,0.4245,467,188_b,488,beta chain
188(b),E,P,0.1516,467,188_b,488,beta chain
188(b),E,Q,0.121,467,188_b,488,beta chain
188(b),E,R,-0.00236,467,188_b,488,beta chain
188(b),E,S,-0.1448,467,188_b,488,beta chain
188(b),E,T,0.133,467,188_b,488,beta chain
188(b),E,V,-0.1109,467,188_b,488,beta chain
188(b),E,W,-0.2313,467,188_b,488,beta chain
188(b),E,Y,-0.126,467,188_b,488,beta chain
189(a),P,A,0.04181,190,189_a,211,alpha chain
189(a),P,C,-0.3564,190,189_a,211,alpha chain
189(a),P,D,-0.08804,190,189_a,211,alpha chain
189(a),P,E,-0.2089,190,189_a,211,alpha chain
189(a),P,F,-0.001125,190,189_a,211,alpha chain
189(a),P,G,0.1696,190,189_a,211,alpha chain
189(a),P,H,-0.2494,190,189_a,211,alpha chain
189(a),P,I,-0.0819,190,189_a,211,alpha chain
189(a),P,K,0.4534,190,189_a,211,alpha chain
189(a),P,L,-0.01855,190,189_a,211,alpha chain
189(a),P,M,-0.2908,190,189_a,211,alpha chain
189(a),P,N,-0.2375,190,189_a,211,alpha chain
189(a),P,Q,-0.05315,190,189_a,211,alpha chain
189(a),P,R,0.2248,190,189_a,211,alpha chain
189(a),P,S,0.1148,190,189_a,211,alpha chain
189(a),P,T,-0.07166,190,189_a,211,alpha chain
189(a),P,V,0.0192,190,189_a,211,alpha chain
189(a),P,W,-0.1103,190,189_a,211,alpha chain
189(a),P,Y,0.0465,190,189_a,211,alpha chain
189(b),W,A,-0.3793,468,189_b,489,beta chain
189(b),W,C,0.01095,468,189_b,489,beta chain
189(b),W,D,0.03309,468,189_b,489,beta chain
189(b),W,E,-0.5218,468,189_b,489,beta chain
189(b),W,F,-0.1024,468,189_b,489,beta chain
189(b),W,H,-0.1213,468,189_b,489,beta chain
189(b),W,I,-0.441,468,189_b,489,beta chain
189(b),W,K,-0.2286,468,189_b,489,beta chain
189(b),W,L,0.0218,468,189_b,489,beta chain
189(b),W,M,-0.06526,468,189_b,489,beta chain
189(b),W,N,-0.7893,468,189_b,489,beta chain
189(b),W,P,-0.1677,468,189_b,489,beta chain
189(b),W,Q,-0.3939,468,189_b,489,beta chain
189(b),W,R,-0.06659,468,189_b,489,beta chain
189(b),W,S,-0.2262,468,189_b,489,beta chain
189(b),W,T,-0.3233,468,189_b,489,beta chain
189(b),W,V,0.01593,468,189_b,489,beta chain
189(b),W,Y,-0.05257,468,189_b,489,beta chain
19(a),H,A,0.5094,20,19_a,41,alpha chain
19(a),H,C,0.122,20,19_a,41,alpha chain
19(a),H,D,-0.09682,20,19_a,41,alpha chain
19(a),H,E,-0.007787,20,19_a,41,alpha chain
19(a),H,F,0.06665,20,19_a,41,alpha chain
19(a),H,G,-0.5922,20,19_a,41,alpha chain
19(a),H,I,0.0338,20,19_a,41,alpha chain
19(a),H,K,-0.1627,20,19_a,41,alpha chain
19(a),H,L,-0.5367,20,19_a,41,alpha chain
19(a),H,M,0.3734,20,19_a,41,alpha chain
19(a),H,N,-0.2867,20,19_a,41,alpha chain
19(a),H,P,-0.1695,20,19_a,41,alpha chain
19(a),H,Q,-0.3247,20,19_a,41,alpha chain
19(a),H,R,0.1633,20,19_a,41,alpha chain
19(a),H,S,0.1179,20,19_a,41,alpha chain
19(a),H,T,-0.554,20,19_a,41,alpha chain
19(a),H,V,0.1731,20,19_a,41,alpha chain
19(a),H,W,0.1433,20,19_a,41,alpha chain
19(a),H,Y,-0.2589,20,19_a,41,alpha chain
19(b),Y,A,-1.481,298,19_b,319,beta chain
19(b),Y,C,-1.288,298,19_b,319,beta chain
19(b),Y,D,-3.7,298,19_b,319,beta chain
19(b),Y,E,-2.578,298,19_b,319,beta chain
19(b),Y,F,-0.7072,298,19_b,319,beta chain
19(b),Y,G,-1.61,298,19_b,319,beta chain
19(b),Y,H,-0.6513,298,19_b,319,beta chain
19(b),Y,I,-0.9165,298,19_b,319,beta chain
19(b),Y,K,-1.444,298,19_b,319,beta chain
19(b),Y,L,-0.417,298,19_b,319,beta chain
19(b),Y,M,-0.4682,298,19_b,319,beta chain
19(b),Y,N,-1.512,298,19_b,319,beta chain
19(b),Y,P,-3.11,298,19_b,319,beta chain
19(b),Y,Q,-1.641,298,19_b,319,beta chain
19(b),Y,R,-1.76,298,19_b,319,beta chain
19(b),Y,S,-1.538,298,19_b,319,beta chain
19(b),Y,T,-1.248,298,19_b,319,beta chain
19(b),Y,V,-0.9018,298,19_b,319,beta chain
19(b),Y,W,-0.7101,298,19_b,319,beta chain
190(a),V,A,-0.09244,191,190_a,212,alpha chain
190(a),V,C,-0.7406,191,190_a,212,alpha chain
190(a),V,D,-0.09831,191,190_a,212,alpha chain
190(a),V,E,0.02293,191,190_a,212,alpha chain
190(a),V,F,0.01932,191,190_a,212,alpha chain
190(a),V,G,-0.109,191,190_a,212,alpha chain
190(a),V,H,0.371,191,190_a,212,alpha chain
190(a),V,I,0.03649,191,190_a,212,alpha chain
190(a),V,K,0.3438,191,190_a,212,alpha chain
190(a),V,L,-0.1093,191,190_a,212,alpha chain
190(a),V,M,0.03563,191,190_a,212,alpha chain
190(a),V,N,-0.1628,191,190_a,212,alpha chain
190(a),V,P,-0.005,191,190_a,212,alpha chain
190(a),V,Q,-0.08835,191,190_a,212,alpha chain
190(a),V,R,0.3027,191,190_a,212,alpha chain
190(a),V,S,0.09815,191,190_a,212,alpha chain
190(a),V,T,0.05697,191,190_a,212,alpha chain
190(a),V,W,-0.1584,191,190_a,212,alpha chain
190(a),V,Y,0.09673,191,190_a,212,alpha chain
190(b),V,A,0.02341,469,190_b,490,beta chain
190(b),V,C,-0.07901,469,190_b,490,beta chain
190(b),V,D,0.02192,469,190_b,490,beta chain
190(b),V,E,0.172,469,190_b,490,beta chain
190(b),V,F,0.1139,469,190_b,490,beta chain
190(b),V,G,-0.0891,469,190_b,490,beta chain
190(b),V,H,-0.02065,469,190_b,490,beta chain
190(b),V,I,-0.02842,469,190_b,490,beta chain
190(b),V,K,-0.3455,469,190_b,490,beta chain
190(b),V,L,0.07192,469,190_b,490,beta chain
190(b),V,M,-0.2077,469,190_b,490,beta chain
190(b),V,N,0.1299,469,190_b,490,beta chain
190(b),V,P,-0.1384,469,190_b,490,beta chain
190(b),V,Q,-0.6917,469,190_b,490,beta chain
190(b),V,R,0.4687,469,190_b,490,beta chain
190(b),V,S,-0.07232,469,190_b,490,beta chain
190(b),V,T,0.06085,469,190_b,490,beta chain
190(b),V,W,-0.08315,469,190_b,490,beta chain
190(b),V,Y,-0.1416,469,190_b,490,beta chain
191(a),S,A,0.1389,192,191_a,213,alpha chain
191(a),S,C,-0.4886,192,191_a,213,alpha chain
191(a),S,D,-0.2337,192,191_a,213,alpha chain
191(a),S,F,0.05843,192,191_a,213,alpha chain
191(a),S,G,0.06552,192,191_a,213,alpha chain
191(a),S,H,0.02888,192,191_a,213,alpha chain
191(a),S,I,-0.3163,192,191_a,213,alpha chain
191(a),S,K,-0.03002,192,191_a,213,alpha chain
191(a),S,L,0.06625,192,191_a,213,alpha chain
191(a),S,M,-0.0763,192,191_a,213,alpha chain
191(a),S,N,0.045,192,191_a,213,alpha chain
191(a),S,P,-0.1545,192,191_a,213,alpha chain
191(a),S,Q,0.2762,192,191_a,213,alpha chain
191(a),S,R,0.2388,192,191_a,213,alpha chain
191(a),S,T,-0.1567,192,191_a,213,alpha chain
191(a),S,V,0.0245,192,191_a,213,alpha chain
191(a),S,W,-0.03455,192,191_a,213,alpha chain
191(a),S,Y,-0.1673,192,191_a,213,alpha chain
191(b),L,A,-0.1531,470,191_b,491,beta chain
191(b),L,C,0.404,470,191_b,491,beta chain
191(b),L,D,-0.2673,470,191_b,491,beta chain
191(b),L,E,-0.09943,470,191_b,491,beta chain
191(b),L,F,-0.04319,470,191_b,491,beta chain
191(b),L,G,0.1265,470,191_b,491,beta chain
191(b),L,H,0.01785,470,191_b,491,beta chain
191(b),L,I,0.0496,470,191_b,491,beta chain
191(b),L,K,0.1518,470,191_b,491,beta chain
191(b),L,M,0.0313,470,191_b,491,beta chain
191(b),L,N,0.1037,470,191_b,491,beta chain
191(b),L,P,-0.1295,470,191_b,491,beta chain
191(b),L,Q,0.1417,470,191_b,491,beta chain
191(b),L,R,0.161,470,191_b,491,beta chain
191(b),L,S,-0.1345,470,191_b,491,beta chain
191(b),L,T,0.2111,470,191_b,491,beta chain
191(b),L,V,0.1152,470,191_b,491,beta chain
191(b),L,W,-0.1364,470,191_b,491,beta chain
191(b),L,Y,0.2073,470,191_b,491,beta chain
192(a),E,A,0.07861,193,192_a,214,alpha chain
192(a),E,C,-0.6622,193,192_a,214,alpha chain
192(a),E,D,0.1021,193,192_a,214,alpha chain
192(a),E,F,-0.08582,193,192_a,214,alpha chain
192(a),E,G,-0.2993,193,192_a,214,alpha chain
192(a),E,H,0.04972,193,192_a,214,alpha chain
192(a),E,I,-0.4863,193,192_a,214,alpha chain
192(a),E,K,-0.06587,193,192_a,214,alpha chain
192(a),E,L,-0.4244,193,192_a,214,alpha chain
192(a),E,M,-0.09327,193,192_a,214,alpha chain
192(a),E,N,0.6178,193,192_a,214,alpha chain
192(a),E,P,0.1545,193,192_a,214,alpha chain
192(a),E,Q,0.3895,193,192_a,214,alpha chain
192(a),E,R,-0.03132,193,192_a,214,alpha chain
192(a),E,S,-0.2277,193,192_a,214,alpha chain
192(a),E,T,0.07058,193,192_a,214,alpha chain
192(a),E,V,-0.4813,193,192_a,214,alpha chain
192(a),E,W,-0.1858,193,192_a,214,alpha chain
192(a),E,Y,-0.08292,193,192_a,214,alpha chain
192(b),P,A,0.425,471,192_b,492,beta chain
192(b),P,C,-0.3973,471,192_b,492,beta chain
192(b),P,D,-0.06143,471,192_b,492,beta chain
192(b),P,E,-0.3592,471,192_b,492,beta chain
192(b),P,F,0.0073,471,192_b,492,beta chain
192(b),P,G,-0.3707,471,192_b,492,beta chain
192(b),P,H,0.2514,471,192_b,492,beta chain
192(b),P,I,0.1289,471,192_b,492,beta chain
192(b),P,K,0.0892,471,192_b,492,beta chain
192(b),P,L,-0.3248,471,192_b,492,beta chain
192(b),P,M,-0.1036,471,192_b,492,beta chain
192(b),P,N,0.1548,471,192_b,492,beta chain
192(b),P,Q,0.2343,471,192_b,492,beta chain
192(b),P,R,-0.1259,471,192_b,492,beta chain
192(b),P,S,-0.527,471,192_b,492,beta chain
192(b),P,T,0.00672,471,192_b,492,beta chain
192(b),P,V,-0.006565,471,192_b,492,beta chain
192(b),P,W,-0.2203,471,192_b,492,beta chain
192(b),P,Y,-0.135,471,192_b,492,beta chain
193(a),S,A,0.1433,194,193_a,215,alpha chain
193(a),S,C,-0.4145,194,193_a,215,alpha chain
193(a),S,D,0.1769,194,193_a,215,alpha chain
193(a),S,E,0.3755,194,193_a,215,alpha chain
193(a),S,F,-0.05832,194,193_a,215,alpha chain
193(a),S,G,-0.08795,194,193_a,215,alpha chain
193(a),S,H,0.5325,194,193_a,215,alpha chain
193(a),S,I,-0.0147,194,193_a,215,alpha chain
193(a),S,K,-0.2797,194,193_a,215,alpha chain
193(a),S,L,0.04985,194,193_a,215,alpha chain
193(a),S,M,-0.05972,194,193_a,215,alpha chain
193(a),S,N,-0.03564,194,193_a,215,alpha chain
193(a),S,P,0.2392,194,193_a,215,alpha chain
193(a),S,Q,0.2568,194,193_a,215,alpha chain
193(a),S,R,0.326,194,193_a,215,alpha chain
193(a),S,T,-0.2415,194,193_a,215,alpha chain
193(a),S,V,0.1592,194,193_a,215,alpha chain
193(a),S,W,0.1186,194,193_a,215,alpha chain
193(a),S,Y,-0.1229,194,193_a,215,alpha chain
193(b),A,C,-0.09885,472,193_b,493,beta chain
193(b),A,D,0.0561,472,193_b,493,beta chain
193(b),A,E,0.2018,472,193_b,493,beta chain
193(b),A,F,-0.3769,472,193_b,493,beta chain
193(b),A,G,-0.04294,472,193_b,493,beta chain
193(b),A,H,0.07892,472,193_b,493,beta chain
193(b),A,I,0.2527,472,193_b,493,beta chain
193(b),A,K,0.06012,472,193_b,493,beta chain
193(b),A,L,-0.3306,472,193_b,493,beta chain
193(b),A,M,0.07916,472,193_b,493,beta chain
193(b),A,N,0.05499,472,193_b,493,beta chain
193(b),A,P,-0.2787,472,193_b,493,beta chain
193(b),A,Q,0.00015,472,193_b,493,beta chain
193(b),A,R,0.3844,472,193_b,493,beta chain
193(b),A,S,0.1855,472,193_b,493,beta chain
193(b),A,T,-0.0887,472,193_b,493,beta chain
193(b),A,V,0.1119,472,193_b,493,beta chain
193(b),A,W,0.04685,472,193_b,493,beta chain
193(b),A,Y,-0.2456,472,193_b,493,beta chain
194(a),T,A,0.022,195,194_a,216,alpha chain
194(a),T,C,-0.4401,195,194_a,216,alpha chain
194(a),T,D,-0.01019,195,194_a,216,alpha chain
194(a),T,E,0.1246,195,194_a,216,alpha chain
194(a),T,F,-0.3718,195,194_a,216,alpha chain
194(a),T,G,-0.198,195,194_a,216,alpha chain
194(a),T,H,0.3032,195,194_a,216,alpha chain
194(a),T,I,-0.07684,195,194_a,216,alpha chain
194(a),T,L,-0.3634,195,194_a,216,alpha chain
194(a),T,M,-0.01168,195,194_a,216,alpha chain
194(a),T,N,0.2977,195,194_a,216,alpha chain
194(a),T,P,0.0813,195,194_a,216,alpha chain
194(a),T,Q,-0.04452,195,194_a,216,alpha chain
194(a),T,R,0.1505,195,194_a,216,alpha chain
194(a),T,S,0.1004,195,194_a,216,alpha chain
194(a),T,V,-0.09355,195,194_a,216,alpha chain
194(a),T,W,-0.103,195,194_a,216,alpha chain
194(a),T,Y,0.1684,195,194_a,216,alpha chain
194(b),D,A,0.1993,473,194_b,494,beta chain
194(b),D,C,-0.1077,473,194_b,494,beta chain
194(b),D,E,-0.4235,473,194_b,494,beta chain
194(b),D,F,-0.143,473,194_b,494,beta chain
194(b),D,G,0.0233,473,194_b,494,beta chain
194(b),D,H,0.321,473,194_b,494,beta chain
194(b),D,I,0.1047,473,194_b,494,beta chain
194(b),D,K,0.1262,473,194_b,494,beta chain
194(b),D,L,0.3734,473,194_b,494,beta chain
194(b),D,M,-0.2531,473,194_b,494,beta chain
194(b),D,N,-0.1732,473,194_b,494,beta chain
194(b),D,P,0.2887,473,194_b,494,beta chain
194(b),D,Q,0.2761,473,194_b,494,beta chain
194(b),D,R,-0.006945,473,194_b,494,beta chain
194(b),D,S,0.137,473,194_b,494,beta chain
194(b),D,T,-0.05305,473,194_b,494,beta chain
194(b),D,V,0.0571,473,194_b,494,beta chain
194(b),D,W,-0.2446,473,194_b,494,beta chain
194(b),D,Y,-0.2023,473,194_b,494,beta chain
195(a),E,A,0.01955,196,195_a,217,alpha chain
195(a),E,C,-0.2892,196,195_a,217,alpha chain
195(a),E,D,0.4146,196,195_a,217,alpha chain
195(a),E,F,-0.03502,196,195_a,217,alpha chain
195(a),E,G,0.02455,196,195_a,217,alpha chain
195(a),E,H,0.048,196,195_a,217,alpha chain
195(a),E,I,0.2411,196,195_a,217,alpha chain
195(a),E,K,0.02593,196,195_a,217,alpha chain
195(a),E,L,0.5945,196,195_a,217,alpha chain
195(a),E,M,0.2797,196,195_a,217,alpha chain
195(a),E,N,-0.2985,196,195_a,217,alpha chain
195(a),E,P,0.3478,196,195_a,217,alpha chain
195(a),E,Q,-0.1166,196,195_a,217,alpha chain
195(a),E,R,0.2913,196,195_a,217,alpha chain
195(a),E,S,-0.1288,196,195_a,217,alpha chain
195(a),E,T,0.08725,196,195_a,217,alpha chain
195(a),E,V,-0.06995,196,195_a,217,alpha chain
195(a),E,W,0.09258,196,195_a,217,alpha chain
195(a),E,Y,0.1532,196,195_a,217,alpha chain
195(b),A,C,-0.05378,474,195_b,495,beta chain
195(b),A,D,-0.1907,474,195_b,495,beta chain
195(b),A,E,-0.2155,474,195_b,495,beta chain
195(b),A,F,-0.1019,474,195_b,495,beta chain
195(b),A,G,-0.1344,474,195_b,495,beta chain
195(b),A,H,-0.02482,474,195_b,495,beta chain
195(b),A,I,0.1725,474,195_b,495,beta chain
195(b),A,K,0.15,474,195_b,495,beta chain
195(b),A,L,0.2299,474,195_b,495,beta chain
195(b),A,M,0.13,474,195_b,495,beta chain
195(b),A,N,0.315,474,195_b,495,beta chain
195(b),A,P,0.05665,474,195_b,495,beta chain
195(b),A,Q,-0.1705,474,195_b,495,beta chain
195(b),A,R,-0.01455,474,195_b,495,beta chain
195(b),A,S,-0.193,474,195_b,495,beta chain
195(b),A,T,-0.1038,474,195_b,495,beta chain
195(b),A,V,0.1451,474,195_b,495,beta chain
195(b),A,W,-0.1762,474,195_b,495,beta chain
195(b),A,Y,-0.09201,474,195_b,495,beta chain
196(b),A,C,0.21,475,196_b,496,beta chain
196(b),A,D,-0.0077,475,196_b,496,beta chain
196(b),A,E,-0.4808,475,196_b,496,beta chain
196(b),A,F,0.1955,475,196_b,496,beta chain
196(b),A,G,-0.07558,475,196_b,496,beta chain
196(b),A,H,0.09787,475,196_b,496,beta chain
196(b),A,I,0.08432,475,196_b,496,beta chain
196(b),A,K,0.09105,475,196_b,496,beta chain
196(b),A,L,0.0721,475,196_b,496,beta chain
196(b),A,M,0.05442,475,196_b,496,beta chain
196(b),A,N,-0.03495,475,196_b,496,beta chain
196(b),A,P,0.06764,475,196_b,496,beta chain
196(b),A,Q,-0.1627,475,196_b,496,beta chain
196(b),A,R,0.05581,475,196_b,496,beta chain
196(b),A,S,-0.158,475,196_b,496,beta chain
196(b),A,T,0.01537,475,196_b,496,beta chain
196(b),A,V,0.233,475,196_b,496,beta chain
196(b),A,W,-0.2316,475,196_b,496,beta chain
196(b),A,Y,0.4798,475,196_b,496,beta chain
197(b),R,A,-0.09752,476,197_b,497,beta chain
197(b),R,C,-0.2614,476,197_b,497,beta chain
197(b),R,D,-0.6641,476,197_b,497,beta chain
197(b),R,E,-0.1332,476,197_b,497,beta chain
197(b),R,F,-0.2349,476,197_b,497,beta chain
197(b),R,G,-0.233,476,197_b,497,beta chain
197(b),R,H,-0.1239,476,197_b,497,beta chain
197(b),R,I,-0.3406,476,197_b,497,beta chain
197(b),R,K,0.01195,476,197_b,497,beta chain
197(b),R,L,-0.1343,476,197_b,497,beta chain
197(b),R,N,0.00064,476,197_b,497,beta chain
197(b),R,P,-0.05925,476,197_b,497,beta chain
197(b),R,Q,-0.1746,476,197_b,497,beta chain
197(b),R,S,0.1277,476,197_b,497,beta chain
197(b),R,T,0.02224,476,197_b,497,beta chain
197(b),R,V,-0.0691,476,197_b,497,beta chain
197(b),R,W,-0.1214,476,197_b,497,beta chain
197(b),R,Y,-0.0149,476,197_b,497,beta chain
198(b),G,A,-0.0372,477,198_b,498,beta chain
198(b),G,C,-0.208,477,198_b,498,beta chain
198(b),G,D,0.04071,477,198_b,498,beta chain
198(b),G,E,0.03194,477,198_b,498,beta chain
198(b),G,F,-0.02345,477,198_b,498,beta chain
198(b),G,H,-0.3381,477,198_b,498,beta chain
198(b),G,I,0.5449,477,198_b,498,beta chain
198(b),G,K,0.6099,477,198_b,498,beta chain
198(b),G,L,0.01369,477,198_b,498,beta chain
198(b),G,M,-0.04426,477,198_b,498,beta chain
198(b),G,N,0.5041,477,198_b,498,beta chain
198(b),G,P,0.1841,477,198_b,498,beta chain
198(b),G,Q,-0.3602,477,198_b,498,beta chain
198(b),G,R,-0.4073,477,198_b,498,beta chain
198(b),G,S,-0.2393,477,198_b,498,beta chain
198(b),G,T,-0.2976,477,198_b,498,beta chain
198(b),G,V,0.0656,477,198_b,498,beta chain
198(b),G,W,-0.1159,477,198_b,498,beta chain
198(b),G,Y,0.3819,477,198_b,498,beta chain
199(b),K,A,-0.2691,478,199_b,499,beta chain
199(b),K,C,-0.5632,478,199_b,499,beta chain
199(b),K,D,-0.5459,478,199_b,499,beta chain
199(b),K,E,-0.6141,478,199_b,499,beta chain
199(b),K,F,-0.43,478,199_b,499,beta chain
199(b),K,G,0.126,478,199_b,499,beta chain
199(b),K,H,-0.0763,478,199_b,499,beta chain
199(b),K,I,-0.5474,478,199_b,499,beta chain
199(b),K,L,-0.4888,478,199_b,499,beta chain
199(b),K,M,-0.2926,478,199_b,499,beta chain
199(b),K,N,-0.06559,478,199_b,499,beta chain
199(b),K,P,-0.2447,478,199_b,499,beta chain
199(b),K,Q,0.0295,478,199_b,499,beta chain
199(b),K,R,-0.02335,478,199_b,499,beta chain
199(b),K,S,-0.1329,478,199_b,499,beta chain
199(b),K,T,-0.08458,478,199_b,499,beta chain
199(b),K,V,-0.1056,478,199_b,499,beta chain
199(b),K,W,-0.2757,478,199_b,499,beta chain
199(b),K,Y,0.05133,478,199_b,499,beta chain
2(a),K,A,0.05983,3,2_a,24,alpha chain
2(a),K,C,0.05362,3,2_a,24,alpha chain
2(a),K,D,0.1213,3,2_a,24,alpha chain
2(a),K,E,-0.189,3,2_a,24,alpha chain
2(a),K,F,0.487,3,2_a,24,alpha chain
2(a),K,G,-0.3291,3,2_a,24,alpha chain
2(a),K,H,-0.3396,3,2_a,24,alpha chain
2(a),K,I,0.1021,3,2_a,24,alpha chain
2(a),K,L,-0.2792,3,2_a,24,alpha chain
2(a),K,M,-0.0568,3,2_a,24,alpha chain
2(a),K,N,0.2928,3,2_a,24,alpha chain
2(a),K,P,0.05757,3,2_a,24,alpha chain
2(a),K,Q,-0.3358,3,2_a,24,alpha chain
2(a),K,R,-0.06581,3,2_a,24,alpha chain
2(a),K,S,0.1734,3,2_a,24,alpha chain
2(a),K,T,-0.0017,3,2_a,24,alpha chain
2(a),K,V,0.2175,3,2_a,24,alpha chain
2(a),K,W,-1.065,3,2_a,24,alpha chain
2(a),K,Y,0.3264,3,2_a,24,alpha chain
2(b),G,A,0.2463,281,2_b,302,beta chain
2(b),G,C,-0.2722,281,2_b,302,beta chain
2(b),G,D,-3.305,281,2_b,302,beta chain
2(b),G,E,-2.84,281,2_b,302,beta chain
2(b),G,F,-0.9056,281,2_b,302,beta chain
2(b),G,H,-2.393,281,2_b,302,beta chain
2(b),G,I,-3.237,281,2_b,302,beta chain
2(b),G,K,-3.114,281,2_b,302,beta chain
2(b),G,L,-0.6564,281,2_b,302,beta chain
2(b),G,M,-1.034,281,2_b,302,beta chain
2(b),G,N,-0.5475,281,2_b,302,beta chain
2(b),G,P,-0.6875,281,2_b,302,beta chain
2(b),G,Q,-0.8233,281,2_b,302,beta chain
2(b),G,R,-3.186,281,2_b,302,beta chain
2(b),G,S,-0.1011,281,2_b,302,beta chain
2(b),G,T,0.03625,281,2_b,302,beta chain
2(b),G,V,-1.802,281,2_b,302,beta chain
2(b),G,W,-4.712,281,2_b,302,beta chain
2(b),G,Y,-3.877,281,2_b,302,beta chain
20(a),N,A,-0.6647,21,20_a,42,alpha chain
20(a),N,C,-0.272,21,20_a,42,alpha chain
20(a),N,D,0.4005,21,20_a,42,alpha chain
20(a),N,E,0.1441,21,20_a,42,alpha chain
20(a),N,F,-0.1255,21,20_a,42,alpha chain
20(a),N,G,-0.5819,21,20_a,42,alpha chain
20(a),N,H,0.07445,21,20_a,42,alpha chain
20(a),N,I,0.1302,21,20_a,42,alpha chain
20(a),N,K,0.3219,21,20_a,42,alpha chain
20(a),N,L,0.1136,21,20_a,42,alpha chain
20(a),N,M,-0.5082,21,20_a,42,alpha chain
20(a),N,P,-0.1082,21,20_a,42,alpha chain
20(a),N,Q,0.06109,21,20_a,42,alpha chain
20(a),N,R,-0.1256,21,20_a,42,alpha chain
20(a),N,S,-0.2649,21,20_a,42,alpha chain
20(a),N,T,0.1318,21,20_a,42,alpha chain
20(a),N,V,0.08636,21,20_a,42,alpha chain
20(a),N,W,-0.2576,21,20_a,42,alpha chain
20(b),L,A,-0.1216,299,20_b,320,beta chain
20(b),L,C,0.002625,299,20_b,320,beta chain
20(b),L,D,0.105,299,20_b,320,beta chain
20(b),L,E,0.0227,299,20_b,320,beta chain
20(b),L,F,0.3889,299,20_b,320,beta chain
20(b),L,G,-0.2153,299,20_b,320,beta chain
20(b),L,H,0.08136,299,20_b,320,beta chain
20(b),L,I,0.0536,299,20_b,320,beta chain
20(b),L,K,-0.159,299,20_b,320,beta chain
20(b),L,M,-0.1624,299,20_b,320,beta chain
20(b),L,N,-0.0201,299,20_b,320,beta chain
20(b),L,P,0.2105,299,20_b,320,beta chain
20(b),L,Q,0.1111,299,20_b,320,beta chain
20(b),L,R,-0.01913,299,20_b,320,beta chain
20(b),L,S,0.1547,299,20_b,320,beta chain
20(b),L,T,-0.2535,299,20_b,320,beta chain
20(b),L,V,-0.3429,299,20_b,320,beta chain
20(b),L,W,0.08812,299,20_b,320,beta chain
20(b),L,Y,-0.0014,299,20_b,320,beta chain
21(a),R,A,-0.0361,22,21_a,43,alpha chain
21(a),R,C,-0.3497,22,21_a,43,alpha chain
21(a),R,D,-0.2246,22,21_a,43,alpha chain
21(a),R,F,-0.3634,22,21_a,43,alpha chain
21(a),R,G,0.1403,22,21_a,43,alpha chain
21(a),R,H,-0.02367,22,21_a,43,alpha chain
21(a),R,K,-0.06955,22,21_a,43,alpha chain
21(a),R,L,0.2387,22,21_a,43,alpha chain
21(a),R,M,0.3029,22,21_a,43,alpha chain
21(a),R,N,-0.3156,22,21_a,43,alpha chain
21(a),R,P,-0.873,22,21_a,43,alpha chain
21(a),R,Q,-0.345,22,21_a,43,alpha chain
21(a),R,S,-0.1963,22,21_a,43,alpha chain
21(a),R,T,-0.6905,22,21_a,43,alpha chain
21(a),R,V,0.05335,22,21_a,43,alpha chain
21(a),R,W,-0.4217,22,21_a,43,alpha chain
21(a),R,Y,0.0191,22,21_a,43,alpha chain
21(b),N,A,-0.3014,300,21_b,321,beta chain
21(b),N,C,-0.4294,300,21_b,321,beta chain
21(b),N,D,0.1406,300,21_b,321,beta chain
21(b),N,E,0.0001,300,21_b,321,beta chain
21(b),N,F,-0.4769,300,21_b,321,beta chain
21(b),N,G,0.02939,300,21_b,321,beta chain
21(b),N,H,-0.1297,300,21_b,321,beta chain
21(b),N,I,-0.8679,300,21_b,321,beta chain
21(b),N,K,-0.3247,300,21_b,321,beta chain
21(b),N,L,-0.5216,300,21_b,321,beta chain
21(b),N,M,-0.4212,300,21_b,321,beta chain
21(b),N,P,0.4609,300,21_b,321,beta chain
21(b),N,Q,-0.01115,300,21_b,321,beta chain
21(b),N,R,-0.406,300,21_b,321,beta chain
21(b),N,S,0.03715,300,21_b,321,beta chain
21(b),N,T,-0.2393,300,21_b,321,beta chain
21(b),N,V,-0.8852,300,21_b,321,beta chain
21(b),N,W,-0.4404,300,21_b,321,beta chain
21(b),N,Y,-0.5991,300,21_b,321,beta chain
22(a),E,A,-0.2507,23,22_a,44,alpha chain
22(a),E,C,-0.5373,23,22_a,44,alpha chain
22(a),E,D,-0.3113,23,22_a,44,alpha chain
22(a),E,F,-0.6998,23,22_a,44,alpha chain
22(a),E,G,-0.572,23,22_a,44,alpha chain
22(a),E,H,-0.7568,23,22_a,44,alpha chain
22(a),E,I,-0.5498,23,22_a,44,alpha chain
22(a),E,K,-0.927,23,22_a,44,alpha chain
22(a),E,L,-0.373,23,22_a,44,alpha chain
22(a),E,M,-0.5464,23,22_a,44,alpha chain
22(a),E,N,-0.2334,23,22_a,44,alpha chain
22(a),E,P,-0.4874,23,22_a,44,alpha chain
22(a),E,Q,-0.2562,23,22_a,44,alpha chain
22(a),E,R,-0.3432,23,22_a,44,alpha chain
22(a),E,S,-0.3058,23,22_a,44,alpha chain
22(a),E,T,-0.1154,23,22_a,44,alpha chain
22(a),E,V,-0.7154,23,22_a,44,alpha chain
22(a),E,W,-0.9724,23,22_a,44,alpha chain
22(a),E,Y,-0.88,23,22_a,44,alpha chain
22(b),G,A,-0.03855,301,22_b,322,beta chain
22(b),G,C,-0.7212,301,22_b,322,beta chain
22(b),G,D,0.1341,301,22_b,322,beta chain
22(b),G,E,-0.1845,301,22_b,322,beta chain
22(b),G,F,-0.2251,301,22_b,322,beta chain
22(b),G,H,-0.1898,301,22_b,322,beta chain
22(b),G,I,-0.3753,301,22_b,322,beta chain
22(b),G,K,0.2807,301,22_b,322,beta chain
22(b),G,L,-0.111,301,22_b,322,beta chain
22(b),G,M,0.1181,301,22_b,322,beta chain
22(b),G,N,0.1534,301,22_b,322,beta chain
22(b),G,P,-0.8126,301,22_b,322,beta chain
22(b),G,Q,-0.07897,301,22_b,322,beta chain
22(b),G,R,-0.06791,301,22_b,322,beta chain
22(b),G,S,-0.1207,301,22_b,322,beta chain
22(b),G,T,0.04709,301,22_b,322,beta chain
22(b),G,V,0.2392,301,22_b,322,beta chain
22(b),G,W,-0.1382,301,22_b,322,beta chain
22(b),G,Y,-0.331,301,22_b,322,beta chain
23(a),G,A,-0.2007,24,23_a,45,alpha chain
23(a),G,C,0.1443,24,23_a,45,alpha chain
23(a),G,E,-0.3704,24,23_a,45,alpha chain
23(a),G,F,-0.2154,24,23_a,45,alpha chain
23(a),G,H,0.332,24,23_a,45,alpha chain
23(a),G,I,0.1053,24,23_a,45,alpha chain
23(a),G,K,0.2944,24,23_a,45,alpha chain
23(a),G,L,0.2525,24,23_a,45,alpha chain
23(a),G,M,0.1886,24,23_a,45,alpha chain
23(a),G,N,-0.2296,24,23_a,45,alpha chain
23(a),G,P,-3.595,24,23_a,45,alpha chain
23(a),G,Q,0.1098,24,23_a,45,alpha chain
23(a),G,R,-0.0652,24,23_a,45,alpha chain
23(a),G,S,-0.05715,24,23_a,45,alpha chain
23(a),G,T,0.3541,24,23_a,45,alpha chain
23(a),G,V,0.08605,24,23_a,45,alpha chain
23(a),G,W,-0.4712,24,23_a,45,alpha chain
23(a),G,Y,-0.06282,24,23_a,45,alpha chain
23(b),T,A,0.1573,302,23_b,323,beta chain
23(b),T,C,-0.9186,302,23_b,323,beta chain
23(b),T,D,0.0132,302,23_b,323,beta chain
23(b),T,E,-0.3216,302,23_b,323,beta chain
23(b),T,F,-0.5732,302,23_b,323,beta chain
23(b),T,G,-0.1892,302,23_b,323,beta chain
23(b),T,H,-0.23,302,23_b,323,beta chain
23(b),T,I,-0.07875,302,23_b,323,beta chain
23(b),T,K,-0.3867,302,23_b,323,beta chain
23(b),T,L,0.01145,302,23_b,323,beta chain
23(b),T,M,-0.3196,302,23_b,323,beta chain
23(b),T,N,-0.1688,302,23_b,323,beta chain
23(b),T,P,0.04338,302,23_b,323,beta chain
23(b),T,Q,-0.07337,302,23_b,323,beta chain
23(b),T,R,-0.08316,302,23_b,323,beta chain
23(b),T,S,0.1015,302,23_b,323,beta chain
23(b),T,V,0.1126,302,23_b,323,beta chain
23(b),T,W,-0.5565,302,23_b,323,beta chain
23(b),T,Y,0.2169,302,23_b,323,beta chain
24(a),G,A,-0.04717,25,24_a,46,alpha chain
24(a),G,C,-0.7434,25,24_a,46,alpha chain
24(a),G,D,-1.961,25,24_a,46,alpha chain
24(a),G,E,-2.359,25,24_a,46,alpha chain
24(a),G,F,-0.8135,25,24_a,46,alpha chain
24(a),G,H,-0.3798,25,24_a,46,alpha chain
24(a),G,I,-1.257,25,24_a,46,alpha chain
24(a),G,K,-6,25,24_a,46,alpha chain
24(a),G,L,-1.698,25,24_a,46,alpha chain
24(a),G,M,-2.04,25,24_a,46,alpha chain
24(a),G,N,-0.7208,25,24_a,46,alpha chain
24(a),G,P,-0.364,25,24_a,46,alpha chain
24(a),G,Q,-0.5262,25,24_a,46,alpha chain
24(a),G,R,-2.006,25,24_a,46,alpha chain
24(a),G,S,-0.4094,25,24_a,46,alpha chain
24(a),G,T,-0.6286,25,24_a,46,alpha chain
24(a),G,V,-0.5733,25,24_a,46,alpha chain
24(a),G,W,-0.8772,25,24_a,46,alpha chain
24(a),G,Y,-0.65,25,24_a,46,alpha chain
24(b),E,A,0.07455,303,24_b,324,beta chain
24(b),E,C,-1.104,303,24_b,324,beta chain
24(b),E,D,0.2173,303,24_b,324,beta chain
24(b),E,F,-0.7162,303,24_b,324,beta chain
24(b),E,G,-0.3412,303,24_b,324,beta chain
24(b),E,H,-0.0208,303,24_b,324,beta chain
24(b),E,I,-0.1357,303,24_b,324,beta chain
24(b),E,K,-0.1219,303,24_b,324,beta chain
24(b),E,L,-0.4437,303,24_b,324,beta chain
24(b),E,M,-0.0642,303,24_b,324,beta chain
24(b),E,N,0.07394,303,24_b,324,beta chain
24(b),E,P,0.3415,303,24_b,324,beta chain
24(b),E,Q,-0.02348,303,24_b,324,beta chain
24(b),E,R,-0.1711,303,24_b,324,beta chain
24(b),E,S,0.1342,303,24_b,324,beta chain
24(b),E,T,0.268,303,24_b,324,beta chain
24(b),E,V,-0.5048,303,24_b,324,beta chain
24(b),E,W,-0.4774,303,24_b,324,beta chain
24(b),E,Y,0.161,303,24_b,324,beta chain
25(a),Q,A,-0.4586,26,25_a,47,alpha chain
25(a),Q,C,-0.3349,26,25_a,47,alpha chain
25(a),Q,D,-0.2531,26,25_a,47,alpha chain
25(a),Q,E,0.3747,26,25_a,47,alpha chain
25(a),Q,G,-0.3383,26,25_a,47,alpha chain
25(a),Q,H,-0.4635,26,25_a,47,alpha chain
25(a),Q,I,-0.1854,26,25_a,47,alpha chain
25(a),Q,K,-0.66,26,25_a,47,alpha chain
25(a),Q,L,0.1524,26,25_a,47,alpha chain
25(a),Q,M,-0.166,26,25_a,47,alpha chain
25(a),Q,N,-0.3806,26,25_a,47,alpha chain
25(a),Q,P,-6,26,25_a,47,alpha chain
25(a),Q,R,-0.8249,26,25_a,47,alpha chain
25(a),Q,S,0.4295,26,25_a,47,alpha chain
25(a),Q,T,-0.5017,26,25_a,47,alpha chain
25(a),Q,V,-0.05136,26,25_a,47,alpha chain
25(a),Q,W,-0.2976,26,25_a,47,alpha chain
25(a),Q,Y,-0.5989,26,25_a,47,alpha chain
25(b),Q,A,0.2336,304,25_b,325,beta chain
25(b),Q,C,-0.2773,304,25_b,325,beta chain
25(b),Q,D,-0.08317,304,25_b,325,beta chain
25(b),Q,E,-0.1359,304,25_b,325,beta chain
25(b),Q,F,-0.3688,304,25_b,325,beta chain
25(b),Q,G,-0.1701,304,25_b,325,beta chain
25(b),Q,H,0.08415,304,25_b,325,beta chain
25(b),Q,I,-0.2839,304,25_b,325,beta chain
25(b),Q,K,0.07763,304,25_b,325,beta chain
25(b),Q,L,-0.4223,304,25_b,325,beta chain
25(b),Q,M,-0.46,304,25_b,325,beta chain
25(b),Q,N,0.3842,304,25_b,325,beta chain
25(b),Q,P,0.2384,304,25_b,325,beta chain
25(b),Q,R,-0.1012,304,25_b,325,beta chain
25(b),Q,S,0.2458,304,25_b,325,beta chain
25(b),Q,T,0.0086,304,25_b,325,beta chain
25(b),Q,V,0.01064,304,25_b,325,beta chain
25(b),Q,W,-0.1631,304,25_b,325,beta chain
25(b),Q,Y,0.03794,304,25_b,325,beta chain
26(a),F,A,-1.788,27,26_a,48,alpha chain
26(a),F,C,-1.535,27,26_a,48,alpha chain
26(a),F,E,-3.029,27,26_a,48,alpha chain
26(a),F,H,-1.34,27,26_a,48,alpha chain
26(a),F,K,-5.466,27,26_a,48,alpha chain
26(a),F,L,-0.9867,27,26_a,48,alpha chain
26(a),F,M,-0.7463,27,26_a,48,alpha chain
26(a),F,N,-3.101,27,26_a,48,alpha chain
26(a),F,P,-6,27,26_a,48,alpha chain
26(a),F,Q,-1.495,27,26_a,48,alpha chain
26(a),F,R,-6,27,26_a,48,alpha chain
26(a),F,S,-1.559,27,26_a,48,alpha chain
26(a),F,T,-1.404,27,26_a,48,alpha chain
26(a),F,V,-1.347,27,26_a,48,alpha chain
26(a),F,W,-0.08622,27,26_a,48,alpha chain
26(a),F,Y,-0.9244,27,26_a,48,alpha chain
26(b),V,A,-0.2854,305,26_b,326,beta chain
26(b),V,C,-1.388,305,26_b,326,beta chain
26(b),V,D,-1.565,305,26_b,326,beta chain
26(b),V,E,-1.792,305,26_b,326,beta chain
26(b),V,F,0.1515,305,26_b,326,beta chain
26(b),V,G,-0.3312,305,26_b,326,beta chain
26(b),V,H,0.292,305,26_b,326,beta chain
26(b),V,I,0.2225,305,26_b,326,beta chain
26(b),V,K,-1.121,305,26_b,326,beta chain
26(b),V,L,0.2032,305,26_b,326,beta chain
26(b),V,M,0.01775,305,26_b,326,beta chain
26(b),V,N,-0.6264,305,26_b,326,beta chain
26(b),V,P,-0.05216,305,26_b,326,beta chain
26(b),V,Q,-0.03897,305,26_b,326,beta chain
26(b),V,R,-0.2681,305,26_b,326,beta chain
26(b),V,S,-0.1856,305,26_b,326,beta chain
26(b),V,T,-0.0093,305,26_b,326,beta chain
26(b),V,W,-0.493,305,26_b,326,beta chain
26(b),V,Y,0.1798,305,26_b,326,beta chain
27(a),M,A,-0.0547,28,27_a,49,alpha chain
27(a),M,C,0.1552,28,27_a,49,alpha chain
27(a),M,D,-0.0608,28,27_a,49,alpha chain
27(a),M,E,-0.06505,28,27_a,49,alpha chain
27(a),M,F,-0.1475,28,27_a,49,alpha chain
27(a),M,G,-0.45,28,27_a,49,alpha chain
27(a),M,H,-0.1586,28,27_a,49,alpha chain
27(a),M,I,0.4691,28,27_a,49,alpha chain
27(a),M,L,0.2016,28,27_a,49,alpha chain
27(a),M,N,-0.1945,28,27_a,49,alpha chain
27(a),M,P,-5.992,28,27_a,49,alpha chain
27(a),M,Q,-0.1355,28,27_a,49,alpha chain
27(a),M,R,0.1118,28,27_a,49,alpha chain
27(a),M,S,0.3031,28,27_a,49,alpha chain
27(a),M,T,-0.2993,28,27_a,49,alpha chain
27(a),M,V,0.2051,28,27_a,49,alpha chain
27(a),M,W,-0.4972,28,27_a,49,alpha chain
27(b),R,A,-0.5243,306,27_b,327,beta chain
27(b),R,C,-6,306,27_b,327,beta chain
27(b),R,D,-1.93,306,27_b,327,beta chain
27(b),R,E,-1.551,306,27_b,327,beta chain
27(b),R,F,-1.627,306,27_b,327,beta chain
27(b),R,G,-1.398,306,27_b,327,beta chain
27(b),R,H,-0.03854,306,27_b,327,beta chain
27(b),R,I,-0.9084,306,27_b,327,beta chain
27(b),R,K,0.05718,306,27_b,327,beta chain
27(b),R,L,-0.4597,306,27_b,327,beta chain
27(b),R,M,-0.7021,306,27_b,327,beta chain
27(b),R,N,-0.7416,306,27_b,327,beta chain
27(b),R,P,-5.641,306,27_b,327,beta chain
27(b),R,Q,0.1116,306,27_b,327,beta chain
27(b),R,S,-0.3668,306,27_b,327,beta chain
27(b),R,T,-0.6622,306,27_b,327,beta chain
27(b),R,V,-1.164,306,27_b,327,beta chain
27(b),R,W,-0.3672,306,27_b,327,beta chain
27(b),R,Y,-0.6146,306,27_b,327,beta chain
28(a),F,A,-1.567,29,28_a,50,alpha chain
28(a),F,C,-0.9278,29,28_a,50,alpha chain
28(a),F,D,-0.5203,29,28_a,50,alpha chain
28(a),F,E,-0.9556,29,28_a,50,alpha chain
28(a),F,G,-1.576,29,28_a,50,alpha chain
28(a),F,H,0.235,29,28_a,50,alpha chain
28(a),F,K,-0.9834,29,28_a,50,alpha chain
28(a),F,L,-0.5013,29,28_a,50,alpha chain
28(a),F,M,-0.06935,29,28_a,50,alpha chain
28(a),F,N,-0.7229,29,28_a,50,alpha chain
28(a),F,P,-4.199,29,28_a,50,alpha chain
28(a),F,Q,-0.31,29,28_a,50,alpha chain
28(a),F,R,-1.933,29,28_a,50,alpha chain
28(a),F,S,-1.023,29,28_a,50,alpha chain
28(a),F,T,-1.312,29,28_a,50,alpha chain
28(a),F,V,-0.8475,29,28_a,50,alpha chain
28(a),F,W,-1.532,29,28_a,50,alpha chain
28(a),F,Y,-0.9758,29,28_a,50,alpha chain
28(b),Y,A,0.447,307,28_b,328,beta chain
28(b),Y,C,-1.054,307,28_b,328,beta chain
28(b),Y,D,-4.066,307,28_b,328,beta chain
28(b),Y,E,-0.4531,307,28_b,328,beta chain
28(b),Y,F,-0.07569,307,28_b,328,beta chain
28(b),Y,G,0.7599,307,28_b,328,beta chain
28(b),Y,H,-0.06785,307,28_b,328,beta chain
28(b),Y,I,0.1109,307,28_b,328,beta chain
28(b),Y,K,-0.1371,307,28_b,328,beta chain
28(b),Y,L,0.3546,307,28_b,328,beta chain
28(b),Y,M,-0.1408,307,28_b,328,beta chain
28(b),Y,N,-0.5276,307,28_b,328,beta chain
28(b),Y,P,-2,307,28_b,328,beta chain
28(b),Y,Q,-0.16,307,28_b,328,beta chain
28(b),Y,R,-0.9735,307,28_b,328,beta chain
28(b),Y,S,0.2616,307,28_b,328,beta chain
28(b),Y,T,0.0832,307,28_b,328,beta chain
28(b),Y,V,0.2172,307,28_b,328,beta chain
28(b),Y,W,0.2843,307,28_b,328,beta chain
29(a),D,A,-0.6031,30,29_a,51,alpha chain
29(a),D,C,-0.1188,30,29_a,51,alpha chain
29(a),D,E,-0.1031,30,29_a,51,alpha chain
29(a),D,F,0.1157,30,29_a,51,alpha chain
29(a),D,G,-0.08941,30,29_a,51,alpha chain
29(a),D,H,0.1065,30,29_a,51,alpha chain
29(a),D,I,0.1051,30,29_a,51,alpha chain
29(a),D,K,-0.0724,30,29_a,51,alpha chain
29(a),D,L,-0.3377,30,29_a,51,alpha chain
29(a),D,M,0.03649,30,29_a,51,alpha chain
29(a),D,N,-0.02408,30,29_a,51,alpha chain
29(a),D,P,-1.592,30,29_a,51,alpha chain
29(a),D,Q,-0.2239,30,29_a,51,alpha chain
29(a),D,R,-0.5502,30,29_a,51,alpha chain
29(a),D,S,0.2613,30,29_a,51,alpha chain
29(a),D,T,0.2061,30,29_a,51,alpha chain
29(a),D,V,0.1375,30,29_a,51,alpha chain
29(a),D,W,-0.3365,30,29_a,51,alpha chain
29(a),D,Y,0.0119,30,29_a,51,alpha chain
29(b),L,A,0.2274,308,29_b,329,beta chain
29(b),L,C,0.02341,308,29_b,329,beta chain
29(b),L,D,-0.2001,308,29_b,329,beta chain
29(b),L,E,-0.3002,308,29_b,329,beta chain
29(b),L,F,0.09516,308,29_b,329,beta chain
29(b),L,G,-0.2619,308,29_b,329,beta chain
29(b),L,H,-0.01842,308,29_b,329,beta chain
29(b),L,I,0.3543,308,29_b,329,beta chain
29(b),L,K,-0.2583,308,29_b,329,beta chain
29(b),L,M,0.05511,308,29_b,329,beta chain
29(b),L,N,0.1845,308,29_b,329,beta chain
29(b),L,P,-6,308,29_b,329,beta chain
29(b),L,Q,-0.0049,308,29_b,329,beta chain
29(b),L,R,0.2572,308,29_b,329,beta chain
29(b),L,S,0.1934,308,29_b,329,beta chain
29(b),L,T,-0.01535,308,29_b,329,beta chain
29(b),L,V,-0.06839,308,29_b,329,beta chain
29(b),L,W,0.1778,308,29_b,329,beta chain
29(b),L,Y,0.2631,308,29_b,329,beta chain
3(a),V,A,0.02698,4,3_a,25,alpha chain
3(a),V,C,0.3305,4,3_a,25,alpha chain
3(a),V,D,0.3769,4,3_a,25,alpha chain
3(a),V,E,0.0813,4,3_a,25,alpha chain
3(a),V,G,0.0361,4,3_a,25,alpha chain
3(a),V,H,0.3721,4,3_a,25,alpha chain
3(a),V,I,0.377,4,3_a,25,alpha chain
3(a),V,K,-0.1111,4,3_a,25,alpha chain
3(a),V,L,-0.11,4,3_a,25,alpha chain
3(a),V,M,-0.03542,4,3_a,25,alpha chain
3(a),V,P,0.0547,4,3_a,25,alpha chain
3(a),V,Q,-0.3762,4,3_a,25,alpha chain
3(a),V,R,0.07197,4,3_a,25,alpha chain
3(a),V,S,0.7081,4,3_a,25,alpha chain
3(a),V,T,-0.07365,4,3_a,25,alpha chain
3(a),V,W,0.0603,4,3_a,25,alpha chain
3(a),V,Y,-0.0341,4,3_a,25,alpha chain
3(b),E,A,-0.1512,282,3_b,303,beta chain
3(b),E,C,0.08124,282,3_b,303,beta chain
3(b),E,D,-0.2281,282,3_b,303,beta chain
3(b),E,F,-0.1959,282,3_b,303,beta chain
3(b),E,G,-0.4867,282,3_b,303,beta chain
3(b),E,H,-0.2878,282,3_b,303,beta chain
3(b),E,I,0.1904,282,3_b,303,beta chain
3(b),E,K,-0.2298,282,3_b,303,beta chain
3(b),E,L,-0.03042,282,3_b,303,beta chain
3(b),E,M,-0.0044,282,3_b,303,beta chain
3(b),E,N,-0.08607,282,3_b,303,beta chain
3(b),E,P,-3.226,282,3_b,303,beta chain
3(b),E,Q,0.008475,282,3_b,303,beta chain
3(b),E,R,0.1628,282,3_b,303,beta chain
3(b),E,S,0.148,282,3_b,303,beta chain
3(b),E,T,0.3679,282,3_b,303,beta chain
3(b),E,V,-0.2612,282,3_b,303,beta chain
3(b),E,W,-0.2916,282,3_b,303,beta chain
3(b),E,Y,0.08074,282,3_b,303,beta chain
30(a),F,A,-0.8816,31,30_a,52,alpha chain
30(a),F,C,-0.9793,31,30_a,52,alpha chain
30(a),F,D,-1.732,31,30_a,52,alpha chain
30(a),F,E,-1.099,31,30_a,52,alpha chain
30(a),F,G,-0.9366,31,30_a,52,alpha chain
30(a),F,H,-0.695,31,30_a,52,alpha chain
30(a),F,I,-0.3262,31,30_a,52,alpha chain
30(a),F,K,-1.358,31,30_a,52,alpha chain
30(a),F,L,-0.3014,31,30_a,52,alpha chain
30(a),F,M,-0.5489,31,30_a,52,alpha chain
30(a),F,N,-1.334,31,30_a,52,alpha chain
30(a),F,P,-5.234,31,30_a,52,alpha chain
30(a),F,Q,-0.8367,31,30_a,52,alpha chain
30(a),F,R,-1.708,31,30_a,52,alpha chain
30(a),F,S,-1.04,31,30_a,52,alpha chain
30(a),F,T,-0.8078,31,30_a,52,alpha chain
30(a),F,V,-0.7708,31,30_a,52,alpha chain
30(a),F,W,-0.6092,31,30_a,52,alpha chain
30(a),F,Y,-0.6591,31,30_a,52,alpha chain
30(b),V,A,0.1268,309,30_b,330,beta chain
30(b),V,C,-2.562,309,30_b,330,beta chain
30(b),V,D,-6,309,30_b,330,beta chain
30(b),V,E,-1.766,309,30_b,330,beta chain
30(b),V,F,0.02206,309,30_b,330,beta chain
30(b),V,G,-2.74,309,30_b,330,beta chain
30(b),V,H,-2.292,309,30_b,330,beta chain
30(b),V,I,0.09885,309,30_b,330,beta chain
30(b),V,K,-1.461,309,30_b,330,beta chain
30(b),V,L,0.1528,309,30_b,330,beta chain
30(b),V,M,-0.1049,309,30_b,330,beta chain
30(b),V,N,-2.595,309,30_b,330,beta chain
30(b),V,P,-6,309,30_b,330,beta chain
30(b),V,Q,-0.3685,309,30_b,330,beta chain
30(b),V,R,-1.517,309,30_b,330,beta chain
30(b),V,S,-0.6249,309,30_b,330,beta chain
30(b),V,T,-0.2988,309,30_b,330,beta chain
30(b),V,W,0.1806,309,30_b,330,beta chain
30(b),V,Y,-1.539,309,30_b,330,beta chain
31(a),D,A,-0.4928,32,31_a,53,alpha chain
31(a),D,C,-0.8531,32,31_a,53,alpha chain
31(a),D,E,-0.8191,32,31_a,53,alpha chain
31(a),D,F,-1.494,32,31_a,53,alpha chain
31(a),D,G,-0.2811,32,31_a,53,alpha chain
31(a),D,H,-0.9939,32,31_a,53,alpha chain
31(a),D,I,-1.341,32,31_a,53,alpha chain
31(a),D,K,-1.022,32,31_a,53,alpha chain
31(a),D,L,-1.313,32,31_a,53,alpha chain
31(a),D,M,-0.7714,32,31_a,53,alpha chain
31(a),D,N,-0.01387,32,31_a,53,alpha chain
31(a),D,P,-4.179,32,31_a,53,alpha chain
31(a),D,Q,-0.6016,32,31_a,53,alpha chain
31(a),D,R,-0.7878,32,31_a,53,alpha chain
31(a),D,S,-0.082,32,31_a,53,alpha chain
31(a),D,T,-0.3044,32,31_a,53,alpha chain
31(a),D,V,-1.307,32,31_a,53,alpha chain
31(a),D,W,-1.667,32,31_a,53,alpha chain
31(a),D,Y,-1.643,32,31_a,53,alpha chain
31(b),K,A,0.1204,310,31_b,331,beta chain
31(b),K,C,-3.011,310,31_b,331,beta chain
31(b),K,D,-1.672,310,31_b,331,beta chain
31(b),K,E,-0.7695,310,31_b,331,beta chain
31(b),K,F,-0.2581,310,31_b,331,beta chain
31(b),K,G,-0.7295,310,31_b,331,beta chain
31(b),K,H,-0.3066,310,31_b,331,beta chain
31(b),K,I,-1.698,310,31_b,331,beta chain
31(b),K,L,-0.6511,310,31_b,331,beta chain
31(b),K,M,-0.0894,310,31_b,331,beta chain
31(b),K,N,-0.288,310,31_b,331,beta chain
31(b),K,P,-6,310,31_b,331,beta chain
31(b),K,Q,-0.05665,310,31_b,331,beta chain
31(b),K,R,-0.05513,310,31_b,331,beta chain
31(b),K,S,0.1351,310,31_b,331,beta chain
31(b),K,T,-0.3999,310,31_b,331,beta chain
31(b),K,V,-2.156,310,31_b,331,beta chain
31(b),K,W,-1.074,310,31_b,331,beta chain
31(b),K,Y,0.01231,310,31_b,331,beta chain
32(a),G,A,0.2248,33,32_a,54,alpha chain
32(a),G,C,-0.2396,33,32_a,54,alpha chain
32(a),G,D,-0.04737,33,32_a,54,alpha chain
32(a),G,E,-0.1904,33,32_a,54,alpha chain
32(a),G,F,0.1974,33,32_a,54,alpha chain
32(a),G,H,0.2671,33,32_a,54,alpha chain
32(a),G,I,-0.246,33,32_a,54,alpha chain
32(a),G,K,-0.03515,33,32_a,54,alpha chain
32(a),G,L,-0.04575,33,32_a,54,alpha chain
32(a),G,M,-0.315,33,32_a,54,alpha chain
32(a),G,N,0.02395,33,32_a,54,alpha chain
32(a),G,P,-0.4471,33,32_a,54,alpha chain
32(a),G,Q,-0.2282,33,32_a,54,alpha chain
32(a),G,R,0.1311,33,32_a,54,alpha chain
32(a),G,S,-0.6883,33,32_a,54,alpha chain
32(a),G,T,0.1257,33,32_a,54,alpha chain
32(a),G,V,-0.2445,33,32_a,54,alpha chain
32(a),G,W,-0.3105,33,32_a,54,alpha chain
32(a),G,Y,-0.1588,33,32_a,54,alpha chain
32(b),Y,A,-2.947,311,32_b,332,beta chain
32(b),Y,C,-2.862,311,32_b,332,beta chain
32(b),Y,D,-6,311,32_b,332,beta chain
32(b),Y,E,-6,311,32_b,332,beta chain
32(b),Y,F,-1.019,311,32_b,332,beta chain
32(b),Y,G,-5.04,311,32_b,332,beta chain
32(b),Y,H,-1.08,311,32_b,332,beta chain
32(b),Y,I,-1.664,311,32_b,332,beta chain
32(b),Y,K,-1.24,311,32_b,332,beta chain
32(b),Y,L,-1.292,311,32_b,332,beta chain
32(b),Y,M,-1.156,311,32_b,332,beta chain
32(b),Y,N,-3.165,311,32_b,332,beta chain
32(b),Y,P,-6,311,32_b,332,beta chain
32(b),Y,Q,-2.74,311,32_b,332,beta chain
32(b),Y,R,-1.399,311,32_b,332,beta chain
32(b),Y,S,-3.401,311,32_b,332,beta chain
32(b),Y,T,-2.79,311,32_b,332,beta chain
32(b),Y,V,-1.511,311,32_b,332,beta chain
32(b),Y,W,-1.027,311,32_b,332,beta chain
33(a),D,A,-0.3563,34,33_a,55,alpha chain
33(a),D,C,-0.6939,34,33_a,55,alpha chain
33(a),D,E,0.3301,34,33_a,55,alpha chain
33(a),D,F,-0.7456,34,33_a,55,alpha chain
33(a),D,G,-0.5746,34,33_a,55,alpha chain
33(a),D,H,-0.889,34,33_a,55,alpha chain
33(a),D,I,-0.5536,34,33_a,55,alpha chain
33(a),D,K,-1.411,34,33_a,55,alpha chain
33(a),D,L,-0.6687,34,33_a,55,alpha chain
33(a),D,M,-0.4055,34,33_a,55,alpha chain
33(a),D,N,-0.2391,34,33_a,55,alpha chain
33(a),D,P,-2.184,34,33_a,55,alpha chain
33(a),D,Q,-0.1785,34,33_a,55,alpha chain
33(a),D,R,-1.708,34,33_a,55,alpha chain
33(a),D,S,-0.4708,34,33_a,55,alpha chain
33(a),D,T,-0.5635,34,33_a,55,alpha chain
33(a),D,V,-1.434,34,33_a,55,alpha chain
33(a),D,W,-1.772,34,33_a,55,alpha chain
33(a),D,Y,-1.091,34,33_a,55,alpha chain
33(b),I,A,-0.3226,312,33_b,333,beta chain
33(b),I,C,-0.2038,312,33_b,333,beta chain
33(b),I,D,-4.488,312,33_b,333,beta chain
33(b),I,E,-2.458,312,33_b,333,beta chain
33(b),I,F,-0.0003,312,33_b,333,beta chain
33(b),I,G,-0.6159,312,33_b,333,beta chain
33(b),I,K,-3.812,312,33_b,333,beta chain
33(b),I,L,-0.07909,312,33_b,333,beta chain
33(b),I,M,0.01605,312,33_b,333,beta chain
33(b),I,N,-1.182,312,33_b,333,beta chain
33(b),I,P,-6,312,33_b,333,beta chain
33(b),I,Q,-1.778,312,33_b,333,beta chain
33(b),I,R,-3.538,312,33_b,333,beta chain
33(b),I,S,-0.1704,312,33_b,333,beta chain
33(b),I,T,-0.199,312,33_b,333,beta chain
33(b),I,V,0.06695,312,33_b,333,beta chain
33(b),I,W,-0.7656,312,33_b,333,beta chain
33(b),I,Y,0.09715,312,33_b,333,beta chain
34(a),E,A,-0.1669,35,34_a,56,alpha chain
34(a),E,C,-0.05393,35,34_a,56,alpha chain
34(a),E,D,-0.9465,35,34_a,56,alpha chain
34(a),E,F,-2.051,35,34_a,56,alpha chain
34(a),E,G,-0.5817,35,34_a,56,alpha chain
34(a),E,H,-0.656,35,34_a,56,alpha chain
34(a),E,I,0.1969,35,34_a,56,alpha chain
34(a),E,K,-1.093,35,34_a,56,alpha chain
34(a),E,L,-0.3315,35,34_a,56,alpha chain
34(a),E,M,-0.3542,35,34_a,56,alpha chain
34(a),E,N,-0.7301,35,34_a,56,alpha chain
34(a),E,P,-0.6168,35,34_a,56,alpha chain
34(a),E,Q,-0.4535,35,34_a,56,alpha chain
34(a),E,R,-0.6683,35,34_a,56,alpha chain
34(a),E,S,-0.4637,35,34_a,56,alpha chain
34(a),E,T,-0.3451,35,34_a,56,alpha chain
34(a),E,V,-0.4384,35,34_a,56,alpha chain
34(a),E,W,-2.341,35,34_a,56,alpha chain
34(a),E,Y,-1.279,35,34_a,56,alpha chain
34(b),H,A,-0.5353,313,34_b,334,beta chain
34(b),H,C,-0.198,313,34_b,334,beta chain
34(b),H,D,-4.043,313,34_b,334,beta chain
34(b),H,E,-2.7,313,34_b,334,beta chain
34(b),H,F,0.06289,313,34_b,334,beta chain
34(b),H,G,-0.4141,313,34_b,334,beta chain
34(b),H,I,-2.497,313,34_b,334,beta chain
34(b),H,K,-2.234,313,34_b,334,beta chain
34(b),H,L,-1.229,313,34_b,334,beta chain
34(b),H,M,-0.5129,313,34_b,334,beta chain
34(b),H,N,-0.2054,313,34_b,334,beta chain
34(b),H,P,-6,313,34_b,334,beta chain
34(b),H,Q,-0.8752,313,34_b,334,beta chain
34(b),H,R,-0.9008,313,34_b,334,beta chain
34(b),H,S,-0.5514,313,34_b,334,beta chain
34(b),H,T,-0.616,313,34_b,334,beta chain
34(b),H,V,-2.034,313,34_b,334,beta chain
34(b),H,W,-0.2741,313,34_b,334,beta chain
34(b),H,Y,-0.195,313,34_b,334,beta chain
35(a),I,A,-0.5614,36,35_a,57,alpha chain
35(a),I,C,0.1827,36,35_a,57,alpha chain
35(a),I,D,-5.698,36,35_a,57,alpha chain
35(a),I,E,-1.046,36,35_a,57,alpha chain
35(a),I,F,-0.7135,36,35_a,57,alpha chain
35(a),I,G,-2.659,36,35_a,57,alpha chain
35(a),I,H,-3.159,36,35_a,57,alpha chain
35(a),I,L,0.00825,36,35_a,57,alpha chain
35(a),I,M,-0.2389,36,35_a,57,alpha chain
35(a),I,N,-2.69,36,35_a,57,alpha chain
35(a),I,P,-4.306,36,35_a,57,alpha chain
35(a),I,Q,-1.895,36,35_a,57,alpha chain
35(a),I,R,-6,36,35_a,57,alpha chain
35(a),I,S,-1.576,36,35_a,57,alpha chain
35(a),I,T,-0.5552,36,35_a,57,alpha chain
35(a),I,W,-1.095,36,35_a,57,alpha chain
35(a),I,Y,-1.163,36,35_a,57,alpha chain
35(b),N,A,-1.282,314,35_b,335,beta chain
35(b),N,C,-1.586,314,35_b,335,beta chain
35(b),N,D,-1.051,314,35_b,335,beta chain
35(b),N,E,-1.863,314,35_b,335,beta chain
35(b),N,F,-5.974,314,35_b,335,beta chain
35(b),N,G,-0.2824,314,35_b,335,beta chain
35(b),N,H,-2.68,314,35_b,335,beta chain
35(b),N,I,-4.535,314,35_b,335,beta chain
35(b),N,K,-4.114,314,35_b,335,beta chain
35(b),N,L,-2.702,314,35_b,335,beta chain
35(b),N,M,-1.781,314,35_b,335,beta chain
35(b),N,P,-6,314,35_b,335,beta chain
35(b),N,Q,-0.1699,314,35_b,335,beta chain
35(b),N,R,-4.023,314,35_b,335,beta chain
35(b),N,S,-1.929,314,35_b,335,beta chain
35(b),N,T,-3.982,314,35_b,335,beta chain
35(b),N,V,-4.626,314,35_b,335,beta chain
35(b),N,W,-6,314,35_b,335,beta chain
35(b),N,Y,-6,314,35_b,335,beta chain
36(a),F,C,-0.4658,37,36_a,58,alpha chain
36(a),F,D,-1.128,37,36_a,58,alpha chain
36(a),F,E,-2.287,37,36_a,58,alpha chain
36(a),F,G,-0.8614,37,36_a,58,alpha chain
36(a),F,H,-1.007,37,36_a,58,alpha chain
36(a),F,I,-0.6841,37,36_a,58,alpha chain
36(a),F,K,-3.314,37,36_a,58,alpha chain
36(a),F,L,-0.08055,37,36_a,58,alpha chain
36(a),F,M,-0.2054,37,36_a,58,alpha chain
36(a),F,N,-0.5946,37,36_a,58,alpha chain
36(a),F,P,-6,37,36_a,58,alpha chain
36(a),F,Q,-0.6325,37,36_a,58,alpha chain
36(a),F,R,-6,37,36_a,58,alpha chain
36(a),F,S,-0.9571,37,36_a,58,alpha chain
36(a),F,T,-0.9213,37,36_a,58,alpha chain
36(a),F,V,-0.6481,37,36_a,58,alpha chain
36(a),F,W,-0.1837,37,36_a,58,alpha chain
36(a),F,Y,-0.3639,37,36_a,58,alpha chain
36(b),R,A,-0.09885,315,36_b,336,beta chain
36(b),R,C,-0.7514,315,36_b,336,beta chain
36(b),R,D,-0.2181,315,36_b,336,beta chain
36(b),R,E,-1.091,315,36_b,336,beta chain
36(b),R,F,-0.7628,315,36_b,336,beta chain
36(b),R,G,0.1095,315,36_b,336,beta chain
36(b),R,H,-0.1948,315,36_b,336,beta chain
36(b),R,I,-1.897,315,36_b,336,beta chain
36(b),R,K,0.2399,315,36_b,336,beta chain
36(b),R,L,-0.7461,315,36_b,336,beta chain
36(b),R,M,-0.6128,315,36_b,336,beta chain
36(b),R,N,-0.09123,315,36_b,336,beta chain
36(b),R,P,-6,315,36_b,336,beta chain
36(b),R,Q,-0.03613,315,36_b,336,beta chain
36(b),R,S,-0.2465,315,36_b,336,beta chain
36(b),R,T,-0.2549,315,36_b,336,beta chain
36(b),R,V,-1.934,315,36_b,336,beta chain
36(b),R,W,-1.786,315,36_b,336,beta chain
36(b),R,Y,-1.635,315,36_b,336,beta chain
37(a),H,A,-0.3295,38,37_a,59,alpha chain
37(a),H,C,-0.232,38,37_a,59,alpha chain
37(a),H,D,-0.196,38,37_a,59,alpha chain
37(a),H,E,-0.5481,38,37_a,59,alpha chain
37(a),H,F,-0.2148,38,37_a,59,alpha chain
37(a),H,G,-1.261,38,37_a,59,alpha chain
37(a),H,I,-0.3863,38,37_a,59,alpha chain
37(a),H,K,-0.09621,38,37_a,59,alpha chain
37(a),H,L,-1.308,38,37_a,59,alpha chain
37(a),H,M,-0.2881,38,37_a,59,alpha chain
37(a),H,N,-0.2176,38,37_a,59,alpha chain
37(a),H,P,-6,38,37_a,59,alpha chain
37(a),H,Q,-0.7239,38,37_a,59,alpha chain
37(a),H,R,-0.2029,38,37_a,59,alpha chain
37(a),H,S,-0.5599,38,37_a,59,alpha chain
37(a),H,T,-0.4286,38,37_a,59,alpha chain
37(a),H,V,-0.6729,38,37_a,59,alpha chain
37(a),H,W,-0.862,38,37_a,59,alpha chain
37(a),H,Y,0.0419,38,37_a,59,alpha chain
37(b),Q,A,-0.0404,316,37_b,337,beta chain
37(b),Q,C,0.2354,316,37_b,337,beta chain
37(b),Q,D,0.0746,316,37_b,337,beta chain
37(b),Q,E,0.1776,316,37_b,337,beta chain
37(b),Q,F,-0.09677,316,37_b,337,beta chain
37(b),Q,G,0.09305,316,37_b,337,beta chain
37(b),Q,H,-0.00775,316,37_b,337,beta chain
37(b),Q,I,0.1547,316,37_b,337,beta chain
37(b),Q,K,-0.0158,316,37_b,337,beta chain
37(b),Q,L,-0.05006,316,37_b,337,beta chain
37(b),Q,M,0.05017,316,37_b,337,beta chain
37(b),Q,N,-0.2052,316,37_b,337,beta chain
37(b),Q,P,-6,316,37_b,337,beta chain
37(b),Q,R,0.07975,316,37_b,337,beta chain
37(b),Q,S,-2.962,316,37_b,337,beta chain
37(b),Q,T,-3.444,316,37_b,337,beta chain
37(b),Q,V,0.03686,316,37_b,337,beta chain
37(b),Q,W,-0.133,316,37_b,337,beta chain
37(b),Q,Y,-0.3244,316,37_b,337,beta chain
38(a),V,A,-0.4163,39,38_a,60,alpha chain
38(a),V,C,0.1265,39,38_a,60,alpha chain
38(a),V,D,-2.156,39,38_a,60,alpha chain
38(a),V,E,-0.3005,39,38_a,60,alpha chain
38(a),V,F,-1.783,39,38_a,60,alpha chain
38(a),V,G,-1.418,39,38_a,60,alpha chain
38(a),V,H,-1.228,39,38_a,60,alpha chain
38(a),V,I,-0.9208,39,38_a,60,alpha chain
38(a),V,K,-4.345,39,38_a,60,alpha chain
38(a),V,L,0.194,39,38_a,60,alpha chain
38(a),V,M,-0.1875,39,38_a,60,alpha chain
38(a),V,P,-1.261,39,38_a,60,alpha chain
38(a),V,Q,-0.7155,39,38_a,60,alpha chain
38(a),V,R,-3.555,39,38_a,60,alpha chain
38(a),V,T,-0.8487,39,38_a,60,alpha chain
38(a),V,W,-5.534,39,38_a,60,alpha chain
38(a),V,Y,-1.193,39,38_a,60,alpha chain
38(b),Q,A,-0.1275,317,38_b,338,beta chain
38(b),Q,C,0.1041,317,38_b,338,beta chain
38(b),Q,D,-0.2369,317,38_b,338,beta chain
38(b),Q,E,0.02742,317,38_b,338,beta chain
38(b),Q,F,-1.913,317,38_b,338,beta chain
38(b),Q,G,-0.6448,317,38_b,338,beta chain
38(b),Q,H,-1.239,317,38_b,338,beta chain
38(b),Q,I,0.162,317,38_b,338,beta chain
38(b),Q,K,-1.613,317,38_b,338,beta chain
38(b),Q,L,0.2361,317,38_b,338,beta chain
38(b),Q,M,0.07865,317,38_b,338,beta chain
38(b),Q,N,-0.2743,317,38_b,338,beta chain
38(b),Q,P,0.00822,317,38_b,338,beta chain
38(b),Q,R,-1.169,317,38_b,338,beta chain
38(b),Q,S,0.02857,317,38_b,338,beta chain
38(b),Q,T,0.06298,317,38_b,338,beta chain
38(b),Q,V,-0.3104,317,38_b,338,beta chain
38(b),Q,W,-3.512,317,38_b,338,beta chain
38(b),Q,Y,-1.599,317,38_b,338,beta chain
39(a),D,A,-0.2811,40,39_a,61,alpha chain
39(a),D,C,-0.1877,40,39_a,61,alpha chain
39(a),D,E,-0.1698,40,39_a,61,alpha chain
39(a),D,F,-0.3153,40,39_a,61,alpha chain
39(a),D,G,-0.1495,40,39_a,61,alpha chain
39(a),D,H,-0.0434,40,39_a,61,alpha chain
39(a),D,I,-0.684,40,39_a,61,alpha chain
39(a),D,K,-0.7555,40,39_a,61,alpha chain
39(a),D,L,-0.779,40,39_a,61,alpha chain
39(a),D,M,-0.3959,40,39_a,61,alpha chain
39(a),D,N,-0.1278,40,39_a,61,alpha chain
39(a),D,P,-1.749,40,39_a,61,alpha chain
39(a),D,Q,0.01602,40,39_a,61,alpha chain
39(a),D,R,-0.9908,40,39_a,61,alpha chain
39(a),D,S,-0.5525,40,39_a,61,alpha chain
39(a),D,T,-1.611,40,39_a,61,alpha chain
39(a),D,V,-0.4768,40,39_a,61,alpha chain
39(a),D,W,-0.3411,40,39_a,61,alpha chain
39(a),D,Y,-0.7234,40,39_a,61,alpha chain
39(b),D,A,0.1312,318,39_b,339,beta chain
39(b),D,C,-0.3265,318,39_b,339,beta chain
39(b),D,E,-0.0547,318,39_b,339,beta chain
39(b),D,F,0.3849,318,39_b,339,beta chain
39(b),D,G,-0.2004,318,39_b,339,beta chain
39(b),D,H,0.004055,318,39_b,339,beta chain
39(b),D,I,-0.4692,318,39_b,339,beta chain
39(b),D,K,-0.9219,318,39_b,339,beta chain
39(b),D,L,-0.05155,318,39_b,339,beta chain
39(b),D,M,-0.08165,318,39_b,339,beta chain
39(b),D,N,0.03896,318,39_b,339,beta chain
39(b),D,P,-2.403,318,39_b,339,beta chain
39(b),D,Q,0.1939,318,39_b,339,beta chain
39(b),D,R,-0.6994,318,39_b,339,beta chain
39(b),D,S,0.131,318,39_b,339,beta chain
39(b),D,T,-0.03257,318,39_b,339,beta chain
39(b),D,V,-0.1653,318,39_b,339,beta chain
39(b),D,W,-0.8952,318,39_b,339,beta chain
39(b),D,Y,-0.6659,318,39_b,339,beta chain
4(a),G,A,-0.2082,5,4_a,26,alpha chain
4(a),G,C,-0.2373,5,4_a,26,alpha chain
4(a),G,D,0.3276,5,4_a,26,alpha chain
4(a),G,E,-0.1583,5,4_a,26,alpha chain
4(a),G,F,-0.0002,5,4_a,26,alpha chain
4(a),G,H,-0.1438,5,4_a,26,alpha chain
4(a),G,I,-0.1957,5,4_a,26,alpha chain
4(a),G,K,-0.1022,5,4_a,26,alpha chain
4(a),G,L,-1.047,5,4_a,26,alpha chain
4(a),G,M,0.4352,5,4_a,26,alpha chain
4(a),G,N,0.0665,5,4_a,26,alpha chain
4(a),G,P,-0.1377,5,4_a,26,alpha chain
4(a),G,Q,-0.3209,5,4_a,26,alpha chain
4(a),G,R,0.09927,5,4_a,26,alpha chain
4(a),G,S,-0.001455,5,4_a,26,alpha chain
4(a),G,T,0.433,5,4_a,26,alpha chain
4(a),G,V,0.3559,5,4_a,26,alpha chain
4(a),G,W,-0.3319,5,4_a,26,alpha chain
4(a),G,Y,-0.2063,5,4_a,26,alpha chain
4(b),E,A,-0.3769,283,4_b,304,beta chain
4(b),E,C,0.05418,283,4_b,304,beta chain
4(b),E,D,0.1189,283,4_b,304,beta chain
4(b),E,F,-0.05355,283,4_b,304,beta chain
4(b),E,G,0.1656,283,4_b,304,beta chain
4(b),E,H,0.2791,283,4_b,304,beta chain
4(b),E,I,0.2358,283,4_b,304,beta chain
4(b),E,K,-0.02915,283,4_b,304,beta chain
4(b),E,L,0.009725,283,4_b,304,beta chain
4(b),E,M,0.1234,283,4_b,304,beta chain
4(b),E,N,-0.1803,283,4_b,304,beta chain
4(b),E,P,0.2085,283,4_b,304,beta chain
4(b),E,Q,0.2653,283,4_b,304,beta chain
4(b),E,R,-0.08671,283,4_b,304,beta chain
4(b),E,S,0.00925,283,4_b,304,beta chain
4(b),E,T,-0.07485,283,4_b,304,beta chain
4(b),E,V,0.1074,283,4_b,304,beta chain
4(b),E,W,-0.2964,283,4_b,304,beta chain
4(b),E,Y,0.0177,283,4_b,304,beta chain
40(a),L,A,-0.07855,41,40_a,62,alpha chain
40(a),L,C,-0.4902,41,40_a,62,alpha chain
40(a),L,D,-6,41,40_a,62,alpha chain
40(a),L,E,-5.423,41,40_a,62,alpha chain
40(a),L,F,-0.3206,41,40_a,62,alpha chain
40(a),L,G,-0.3867,41,40_a,62,alpha chain
40(a),L,H,-1.348,41,40_a,62,alpha chain
40(a),L,I,-0.3779,41,40_a,62,alpha chain
40(a),L,K,-1.165,41,40_a,62,alpha chain
40(a),L,M,0.03612,41,40_a,62,alpha chain
40(a),L,N,-1.098,41,40_a,62,alpha chain
40(a),L,Q,-1.032,41,40_a,62,alpha chain
40(a),L,R,-2.405,41,40_a,62,alpha chain
40(a),L,S,-1.478,41,40_a,62,alpha chain
40(a),L,T,-0.6537,41,40_a,62,alpha chain
40(a),L,V,-0.7645,41,40_a,62,alpha chain
40(a),L,W,-6,41,40_a,62,alpha chain
40(a),L,Y,-5.992,41,40_a,62,alpha chain
40(b),V,A,-0.1182,319,40_b,340,beta chain
40(b),V,C,-0.4069,319,40_b,340,beta chain
40(b),V,D,-3.449,319,40_b,340,beta chain
40(b),V,E,-4.405,319,40_b,340,beta chain
40(b),V,F,-0.1371,319,40_b,340,beta chain
40(b),V,G,-2.521,319,40_b,340,beta chain
40(b),V,H,-1.161,319,40_b,340,beta chain
40(b),V,I,-0.0659,319,40_b,340,beta chain
40(b),V,K,-0.9942,319,40_b,340,beta chain
40(b),V,L,-0.7682,319,40_b,340,beta chain
40(b),V,M,-0.691,319,40_b,340,beta chain
40(b),V,N,-2.067,319,40_b,340,beta chain
40(b),V,P,-6,319,40_b,340,beta chain
40(b),V,Q,-2.486,319,40_b,340,beta chain
40(b),V,R,-1.433,319,40_b,340,beta chain
40(b),V,S,-1.093,319,40_b,340,beta chain
40(b),V,T,-0.1732,319,40_b,340,beta chain
40(b),V,W,-0.1679,319,40_b,340,beta chain
40(b),V,Y,-1.212,319,40_b,340,beta chain
41(a),Q,A,0.1617,42,41_a,63,alpha chain
41(a),Q,C,-0.7802,42,41_a,63,alpha chain
41(a),Q,D,-0.8374,42,41_a,63,alpha chain
41(a),Q,E,-0.3875,42,41_a,63,alpha chain
41(a),Q,F,-0.476,42,41_a,63,alpha chain
41(a),Q,G,-0.1105,42,41_a,63,alpha chain
41(a),Q,H,-0.3356,42,41_a,63,alpha chain
41(a),Q,I,0.02546,42,41_a,63,alpha chain
41(a),Q,K,-0.09559,42,41_a,63,alpha chain
41(a),Q,L,-0.2029,42,41_a,63,alpha chain
41(a),Q,M,0.2462,42,41_a,63,alpha chain
41(a),Q,N,-5.405,42,41_a,63,alpha chain
41(a),Q,P,0.3059,42,41_a,63,alpha chain
41(a),Q,R,-0.0311,42,41_a,63,alpha chain
41(a),Q,S,-0.0028,42,41_a,63,alpha chain
41(a),Q,T,-0.0308,42,41_a,63,alpha chain
41(a),Q,V,-0.2177,42,41_a,63,alpha chain
41(a),Q,W,-0.4708,42,41_a,63,alpha chain
41(a),Q,Y,-0.3033,42,41_a,63,alpha chain
41(b),H,A,-0.9826,320,41_b,341,beta chain
41(b),H,C,-0.903,320,41_b,341,beta chain
41(b),H,D,-5.886,320,41_b,341,beta chain
41(b),H,E,-1.143,320,41_b,341,beta chain
41(b),H,F,-0.2274,320,41_b,341,beta chain
41(b),H,G,-1.517,320,41_b,341,beta chain
41(b),H,I,-0.7308,320,41_b,341,beta chain
41(b),H,K,-1.403,320,41_b,341,beta chain
41(b),H,L,-0.2906,320,41_b,341,beta chain
41(b),H,M,-0.4007,320,41_b,341,beta chain
41(b),H,N,-1.256,320,41_b,341,beta chain
41(b),H,P,-6,320,41_b,341,beta chain
41(b),H,Q,-0.6225,320,41_b,341,beta chain
41(b),H,R,-1.264,320,41_b,341,beta chain
41(b),H,S,0.1052,320,41_b,341,beta chain
41(b),H,T,-0.19,320,41_b,341,beta chain
41(b),H,V,-0.2445,320,41_b,341,beta chain
41(b),H,W,-0.7334,320,41_b,341,beta chain
41(b),H,Y,-0.1056,320,41_b,341,beta chain
42(a),K,A,-0.5394,43,42_a,64,alpha chain
42(a),K,C,-1.191,43,42_a,64,alpha chain
42(a),K,D,-1.303,43,42_a,64,alpha chain
42(a),K,E,-0.9857,43,42_a,64,alpha chain
42(a),K,F,-0.7708,43,42_a,64,alpha chain
42(a),K,G,-0.6458,43,42_a,64,alpha chain
42(a),K,H,0.09579,43,42_a,64,alpha chain
42(a),K,I,-0.09226,43,42_a,64,alpha chain
42(a),K,L,-0.2746,43,42_a,64,alpha chain
42(a),K,M,-0.103,43,42_a,64,alpha chain
42(a),K,N,-0.3622,43,42_a,64,alpha chain
42(a),K,P,-0.7978,43,42_a,64,alpha chain
42(a),K,Q,-0.1091,43,42_a,64,alpha chain
42(a),K,R,0.5028,43,42_a,64,alpha chain
42(a),K,S,-0.8922,43,42_a,64,alpha chain
42(a),K,T,-0.3344,43,42_a,64,alpha chain
42(a),K,V,-0.3756,43,42_a,64,alpha chain
42(a),K,W,-0.6426,43,42_a,64,alpha chain
42(a),K,Y,-0.445,43,42_a,64,alpha chain
42(b),Y,A,-6,321,42_b,342,beta chain
42(b),Y,C,-4.079,321,42_b,342,beta chain
42(b),Y,D,-6,321,42_b,342,beta chain
42(b),Y,E,-6,321,42_b,342,beta chain
42(b),Y,F,-0.08273,321,42_b,342,beta chain
42(b),Y,G,-6,321,42_b,342,beta chain
42(b),Y,H,-4.195,321,42_b,342,beta chain
42(b),Y,I,-0.6788,321,42_b,342,beta chain
42(b),Y,K,-6,321,42_b,342,beta chain
42(b),Y,L,-0.1559,321,42_b,342,beta chain
42(b),Y,M,-0.3452,321,42_b,342,beta chain
42(b),Y,N,-6,321,42_b,342,beta chain
42(b),Y,P,-6,321,42_b,342,beta chain
42(b),Y,Q,-6,321,42_b,342,beta chain
42(b),Y,R,-5.972,321,42_b,342,beta chain
42(b),Y,S,-6,321,42_b,342,beta chain
42(b),Y,T,-6,321,42_b,342,beta chain
42(b),Y,V,-2.926,321,42_b,342,beta chain
42(b),Y,W,-0.6554,321,42_b,342,beta chain
43(a),S,A,-0.3247,44,43_a,65,alpha chain
43(a),S,C,-0.9578,44,43_a,65,alpha chain
43(a),S,D,0.04393,44,43_a,65,alpha chain
43(a),S,E,-0.9813,44,43_a,65,alpha chain
43(a),S,F,0.07395,44,43_a,65,alpha chain
43(a),S,G,0.07385,44,43_a,65,alpha chain
43(a),S,I,-0.2458,44,43_a,65,alpha chain
43(a),S,K,-1.673,44,43_a,65,alpha chain
43(a),S,L,-0.3294,44,43_a,65,alpha chain
43(a),S,M,0.126,44,43_a,65,alpha chain
43(a),S,N,-6,44,43_a,65,alpha chain
43(a),S,P,-0.4485,44,43_a,65,alpha chain
43(a),S,Q,-0.1431,44,43_a,65,alpha chain
43(a),S,R,-1.51,44,43_a,65,alpha chain
43(a),S,T,-0.1786,44,43_a,65,alpha chain
43(a),S,V,-0.04235,44,43_a,65,alpha chain
43(a),S,W,-6,44,43_a,65,alpha chain
43(a),S,Y,-0.5767,44,43_a,65,alpha chain
43(b),D,A,-0.573,322,43_b,343,beta chain
43(b),D,C,-0.8206,322,43_b,343,beta chain
43(b),D,E,-1.125,322,43_b,343,beta chain
43(b),D,F,-3.006,322,43_b,343,beta chain
43(b),D,G,-3.087,322,43_b,343,beta chain
43(b),D,H,-1.096,322,43_b,343,beta chain
43(b),D,I,-2.762,322,43_b,343,beta chain
43(b),D,K,-3.516,322,43_b,343,beta chain
43(b),D,L,-2.349,322,43_b,343,beta chain
43(b),D,M,-2.891,322,43_b,343,beta chain
43(b),D,N,0.1837,322,43_b,343,beta chain
43(b),D,P,-6,322,43_b,343,beta chain
43(b),D,Q,-2.26,322,43_b,343,beta chain
43(b),D,R,-2.353,322,43_b,343,beta chain
43(b),D,S,-0.1399,322,43_b,343,beta chain
43(b),D,T,-1.151,322,43_b,343,beta chain
43(b),D,V,-2.322,322,43_b,343,beta chain
43(b),D,W,-2.699,322,43_b,343,beta chain
43(b),D,Y,-2.198,322,43_b,343,beta chain
44(a),E,A,-0.2632,45,44_a,66,alpha chain
44(a),E,C,-0.6019,45,44_a,66,alpha chain
44(a),E,D,-0.1272,45,44_a,66,alpha chain
44(a),E,F,-0.06836,45,44_a,66,alpha chain
44(a),E,G,-0.7063,45,44_a,66,alpha chain
44(a),E,H,-0.1156,45,44_a,66,alpha chain
44(a),E,I,-0.1937,45,44_a,66,alpha chain
44(a),E,K,-0.08795,45,44_a,66,alpha chain
44(a),E,L,-0.3394,45,44_a,66,alpha chain
44(a),E,M,-0.4741,45,44_a,66,alpha chain
44(a),E,N,0.1476,45,44_a,66,alpha chain
44(a),E,P,-1.953,45,44_a,66,alpha chain
44(a),E,Q,-0.0122,45,44_a,66,alpha chain
44(a),E,R,0.05605,45,44_a,66,alpha chain
44(a),E,S,-0.05215,45,44_a,66,alpha chain
44(a),E,T,-0.06682,45,44_a,66,alpha chain
44(a),E,V,0.3588,45,44_a,66,alpha chain
44(a),E,W,-0.3134,45,44_a,66,alpha chain
44(a),E,Y,-0.0827,45,44_a,66,alpha chain
44(b),S,A,-1.546,323,44_b,344,beta chain
44(b),S,C,-2.123,323,44_b,344,beta chain
44(b),S,D,-2.272,323,44_b,344,beta chain
44(b),S,E,-3.705,323,44_b,344,beta chain
44(b),S,F,-1.756,323,44_b,344,beta chain
44(b),S,G,-0.4744,323,44_b,344,beta chain
44(b),S,H,-1.916,323,44_b,344,beta chain
44(b),S,I,-2.833,323,44_b,344,beta chain
44(b),S,K,-3.956,323,44_b,344,beta chain
44(b),S,L,-2.96,323,44_b,344,beta chain
44(b),S,M,-1.705,323,44_b,344,beta chain
44(b),S,N,-1.53,323,44_b,344,beta chain
44(b),S,P,-2.125,323,44_b,344,beta chain
44(b),S,Q,-2.818,323,44_b,344,beta chain
44(b),S,R,-2.961,323,44_b,344,beta chain
44(b),S,T,-0.8286,323,44_b,344,beta chain
44(b),S,V,-2.357,323,44_b,344,beta chain
44(b),S,W,-1.653,323,44_b,344,beta chain
44(b),S,Y,-1.216,323,44_b,344,beta chain
45(a),T,A,-0.1028,46,45_a,67,alpha chain
45(a),T,C,-0.2975,46,45_a,67,alpha chain
45(a),T,D,-0.04675,46,45_a,67,alpha chain
45(a),T,E,-0.9037,46,45_a,67,alpha chain
45(a),T,F,-1.915,46,45_a,67,alpha chain
45(a),T,G,-0.2552,46,45_a,67,alpha chain
45(a),T,H,-1.808,46,45_a,67,alpha chain
45(a),T,I,-0.7104,46,45_a,67,alpha chain
45(a),T,K,-1.638,46,45_a,67,alpha chain
45(a),T,L,-0.9696,46,45_a,67,alpha chain
45(a),T,M,-0.9478,46,45_a,67,alpha chain
45(a),T,N,-0.1309,46,45_a,67,alpha chain
45(a),T,P,-0.0584,46,45_a,67,alpha chain
45(a),T,Q,-1.573,46,45_a,67,alpha chain
45(a),T,R,-3.349,46,45_a,67,alpha chain
45(a),T,S,-0.0473,46,45_a,67,alpha chain
45(a),T,V,-0.4632,46,45_a,67,alpha chain
45(a),T,W,-2.438,46,45_a,67,alpha chain
45(a),T,Y,-2.146,46,45_a,67,alpha chain
45(b),D,A,0.1837,324,45_b,345,beta chain
45(b),D,C,-0.1088,324,45_b,345,beta chain
45(b),D,E,0.1333,324,45_b,345,beta chain
45(b),D,F,0.1407,324,45_b,345,beta chain
45(b),D,G,-0.07535,324,45_b,345,beta chain
45(b),D,H,-0.116,324,45_b,345,beta chain
45(b),D,I,-0.4117,324,45_b,345,beta chain
45(b),D,K,-0.07616,324,45_b,345,beta chain
45(b),D,L,0.03273,324,45_b,345,beta chain
45(b),D,M,0.3021,324,45_b,345,beta chain
45(b),D,N,-0.222,324,45_b,345,beta chain
45(b),D,P,-3.242,324,45_b,345,beta chain
45(b),D,Q,0.0045,324,45_b,345,beta chain
45(b),D,R,0.0917,324,45_b,345,beta chain
45(b),D,S,0.1274,324,45_b,345,beta chain
45(b),D,T,-0.1372,324,45_b,345,beta chain
45(b),D,V,-0.0553,324,45_b,345,beta chain
45(b),D,W,-0.07822,324,45_b,345,beta chain
45(b),D,Y,-0.1027,324,45_b,345,beta chain
46(a),I,A,-0.3899,47,46_a,68,alpha chain
46(a),I,C,0.2689,47,46_a,68,alpha chain
46(a),I,D,0.1609,47,46_a,68,alpha chain
46(a),I,E,0.3419,47,46_a,68,alpha chain
46(a),I,F,0.0363,47,46_a,68,alpha chain
46(a),I,G,-0.3471,47,46_a,68,alpha chain
46(a),I,H,0.6038,47,46_a,68,alpha chain
46(a),I,K,0.3992,47,46_a,68,alpha chain
46(a),I,L,-0.1199,47,46_a,68,alpha chain
46(a),I,M,-0.1853,47,46_a,68,alpha chain
46(a),I,N,-0.1031,47,46_a,68,alpha chain
46(a),I,P,-1.144,47,46_a,68,alpha chain
46(a),I,Q,0.4335,47,46_a,68,alpha chain
46(a),I,R,0.0345,47,46_a,68,alpha chain
46(a),I,S,-0.04145,47,46_a,68,alpha chain
46(a),I,T,-0.1566,47,46_a,68,alpha chain
46(a),I,V,-0.007815,47,46_a,68,alpha chain
46(a),I,W,-0.3365,47,46_a,68,alpha chain
46(a),I,Y,-0.1792,47,46_a,68,alpha chain
46(b),V,A,0.0949,325,46_b,346,beta chain
46(b),V,C,0.2112,325,46_b,346,beta chain
46(b),V,D,-0.0445,325,46_b,346,beta chain
46(b),V,E,0.6411,325,46_b,346,beta chain
46(b),V,F,-0.2522,325,46_b,346,beta chain
46(b),V,G,-0.5187,325,46_b,346,beta chain
46(b),V,H,0.07888,325,46_b,346,beta chain
46(b),V,I,-0.148,325,46_b,346,beta chain
46(b),V,K,-0.2435,325,46_b,346,beta chain
46(b),V,L,-0.0884,325,46_b,346,beta chain
46(b),V,M,-0.2742,325,46_b,346,beta chain
46(b),V,N,-0.1432,325,46_b,346,beta chain
46(b),V,P,-0.4743,325,46_b,346,beta chain
46(b),V,Q,-0.0104,325,46_b,346,beta chain
46(b),V,R,-0.1599,325,46_b,346,beta chain
46(b),V,S,-0.2765,325,46_b,346,beta chain
46(b),V,T,-0.0243,325,46_b,346,beta chain
46(b),V,W,-0.1788,325,46_b,346,beta chain
46(b),V,Y,-0.05425,325,46_b,346,beta chain
47(a),W,C,-0.5565,48,47_a,69,alpha chain
47(a),W,D,-0.8948,48,47_a,69,alpha chain
47(a),W,E,-0.9332,48,47_a,69,alpha chain
47(a),W,F,0.4652,48,47_a,69,alpha chain
47(a),W,G,-1.115,48,47_a,69,alpha chain
47(a),W,H,-1.039,48,47_a,69,alpha chain
47(a),W,I,-1.375,48,47_a,69,alpha chain
47(a),W,K,-1.77,48,47_a,69,alpha chain
47(a),W,L,-0.6431,48,47_a,69,alpha chain
47(a),W,M,-0.1297,48,47_a,69,alpha chain
47(a),W,N,-0.8939,48,47_a,69,alpha chain
47(a),W,P,-0.4385,48,47_a,69,alpha chain
47(a),W,Q,-0.3428,48,47_a,69,alpha chain
47(a),W,R,-0.7811,48,47_a,69,alpha chain
47(a),W,S,-0.4119,48,47_a,69,alpha chain
47(a),W,T,-0.8106,48,47_a,69,alpha chain
47(a),W,V,0.04622,48,47_a,69,alpha chain
47(a),W,Y,-0.1416,48,47_a,69,alpha chain
47(b),G,A,-0.2618,326,47_b,347,beta chain
47(b),G,C,-1.163,326,47_b,347,beta chain
47(b),G,D,-0.2182,326,47_b,347,beta chain
47(b),G,E,0.07553,326,47_b,347,beta chain
47(b),G,F,-1.132,326,47_b,347,beta chain
47(b),G,H,-0.4818,326,47_b,347,beta chain
47(b),G,I,-3.359,326,47_b,347,beta chain
47(b),G,K,-0.5577,326,47_b,347,beta chain
47(b),G,L,-0.5312,326,47_b,347,beta chain
47(b),G,M,-0.6776,326,47_b,347,beta chain
47(b),G,N,-0.2593,326,47_b,347,beta chain
47(b),G,P,-3.029,326,47_b,347,beta chain
47(b),G,Q,0.2409,326,47_b,347,beta chain
47(b),G,R,-0.3276,326,47_b,347,beta chain
47(b),G,S,-0.5847,326,47_b,347,beta chain
47(b),G,T,-1.151,326,47_b,347,beta chain
47(b),G,V,-3.235,326,47_b,347,beta chain
47(b),G,W,-1.537,326,47_b,347,beta chain
47(b),G,Y,-0.9295,326,47_b,347,beta chain
48(a),R,A,-0.03055,49,48_a,70,alpha chain
48(a),R,C,-0.6003,49,48_a,70,alpha chain
48(a),R,D,-0.1271,49,48_a,70,alpha chain
48(a),R,E,-0.1431,49,48_a,70,alpha chain
48(a),R,F,-0.5564,49,48_a,70,alpha chain
48(a),R,G,0.1097,49,48_a,70,alpha chain
48(a),R,H,0.1006,49,48_a,70,alpha chain
48(a),R,I,-0.2599,49,48_a,70,alpha chain
48(a),R,K,0.8792,49,48_a,70,alpha chain
48(a),R,L,-0.3416,49,48_a,70,alpha chain
48(a),R,M,0.2888,49,48_a,70,alpha chain
48(a),R,N,0.07066,49,48_a,70,alpha chain
48(a),R,P,-0.6457,49,48_a,70,alpha chain
48(a),R,Q,-0.1484,49,48_a,70,alpha chain
48(a),R,S,0.044,49,48_a,70,alpha chain
48(a),R,T,-0.3274,49,48_a,70,alpha chain
48(a),R,V,-0.0701,49,48_a,70,alpha chain
48(a),R,W,-0.1373,49,48_a,70,alpha chain
48(a),R,Y,-0.5378,49,48_a,70,alpha chain
48(b),H,A,0.1022,327,48_b,348,beta chain
48(b),H,C,-0.1862,327,48_b,348,beta chain
48(b),H,D,0.0099,327,48_b,348,beta chain
48(b),H,E,-0.08394,327,48_b,348,beta chain
48(b),H,F,0.2177,327,48_b,348,beta chain
48(b),H,G,-0.4582,327,48_b,348,beta chain
48(b),H,I,-0.1668,327,48_b,348,beta chain
48(b),H,K,0.1598,327,48_b,348,beta chain
48(b),H,L,-0.0837,327,48_b,348,beta chain
48(b),H,M,0.06857,327,48_b,348,beta chain
48(b),H,N,0.219,327,48_b,348,beta chain
48(b),H,P,-5.227,327,48_b,348,beta chain
48(b),H,Q,-0.2107,327,48_b,348,beta chain
48(b),H,R,-0.2344,327,48_b,348,beta chain
48(b),H,S,0.1292,327,48_b,348,beta chain
48(b),H,T,-0.02189,327,48_b,348,beta chain
48(b),H,V,0.1782,327,48_b,348,beta chain
48(b),H,W,-0.2941,327,48_b,348,beta chain
48(b),H,Y,-0.1996,327,48_b,348,beta chain
49(a),L,A,-0.4757,50,49_a,71,alpha chain
49(a),L,C,0.000325,50,49_a,71,alpha chain
49(a),L,D,-0.3533,50,49_a,71,alpha chain
49(a),L,E,-0.2949,50,49_a,71,alpha chain
49(a),L,F,-1.03,50,49_a,71,alpha chain
49(a),L,G,-1.333,50,49_a,71,alpha chain
49(a),L,H,-0.047,50,49_a,71,alpha chain
49(a),L,I,-0.0243,50,49_a,71,alpha chain
49(a),L,K,-0.00195,50,49_a,71,alpha chain
49(a),L,M,-0.2362,50,49_a,71,alpha chain
49(a),L,N,-0.2818,50,49_a,71,alpha chain
49(a),L,P,-1.649,50,49_a,71,alpha chain
49(a),L,Q,-0.06515,50,49_a,71,alpha chain
49(a),L,R,0.3372,50,49_a,71,alpha chain
49(a),L,S,0.06972,50,49_a,71,alpha chain
49(a),L,T,-0.1782,50,49_a,71,alpha chain
49(a),L,W,-1.304,50,49_a,71,alpha chain
49(a),L,Y,-1.176,50,49_a,71,alpha chain
49(b),Y,A,-1.677,328,49_b,349,beta chain
49(b),Y,C,-2.719,328,49_b,349,beta chain
49(b),Y,D,-6,328,49_b,349,beta chain
49(b),Y,E,-6,328,49_b,349,beta chain
49(b),Y,F,0.2311,328,49_b,349,beta chain
49(b),Y,G,-6,328,49_b,349,beta chain
49(b),Y,H,-1.401,328,49_b,349,beta chain
49(b),Y,I,-2.404,328,49_b,349,beta chain
49(b),Y,K,-6,328,49_b,349,beta chain
49(b),Y,L,-1.996,328,49_b,349,beta chain
49(b),Y,M,-0.4234,328,49_b,349,beta chain
49(b),Y,N,-3.623,328,49_b,349,beta chain
49(b),Y,P,-4.736,328,49_b,349,beta chain
49(b),Y,Q,-6,328,49_b,349,beta chain
49(b),Y,R,-6,328,49_b,349,beta chain
49(b),Y,S,-4.072,328,49_b,349,beta chain
49(b),Y,T,-4.531,328,49_b,349,beta chain
49(b),Y,V,-2.071,328,49_b,349,beta chain
49(b),Y,W,0.3685,328,49_b,349,beta chain
5(a),H,A,0.4407,6,5_a,27,alpha chain
5(a),H,C,0.1698,6,5_a,27,alpha chain
5(a),H,D,-0.1335,6,5_a,27,alpha chain
5(a),H,E,0.05538,6,5_a,27,alpha chain
5(a),H,F,0.05878,6,5_a,27,alpha chain
5(a),H,G,-0.3247,6,5_a,27,alpha chain
5(a),H,I,-0.1835,6,5_a,27,alpha chain
5(a),H,K,-0.1906,6,5_a,27,alpha chain
5(a),H,L,-0.2415,6,5_a,27,alpha chain
5(a),H,M,-0.4362,6,5_a,27,alpha chain
5(a),H,N,-0.1599,6,5_a,27,alpha chain
5(a),H,P,0.3478,6,5_a,27,alpha chain
5(a),H,Q,-0.2248,6,5_a,27,alpha chain
5(a),H,R,-0.1505,6,5_a,27,alpha chain
5(a),H,T,0.0946,6,5_a,27,alpha chain
5(a),H,V,-0.1148,6,5_a,27,alpha chain
5(a),H,W,-0.3251,6,5_a,27,alpha chain
5(a),H,Y,-0.0342,6,5_a,27,alpha chain
5(b),T,A,0.03202,284,5_b,305,beta chain
5(b),T,C,-0.02855,284,5_b,305,beta chain
5(b),T,D,0.001475,284,5_b,305,beta chain
5(b),T,E,0.4771,284,5_b,305,beta chain
5(b),T,F,0.07864,284,5_b,305,beta chain
5(b),T,G,-0.4151,284,5_b,305,beta chain
5(b),T,H,-0.2179,284,5_b,305,beta chain
5(b),T,I,-0.1998,284,5_b,305,beta chain
5(b),T,K,0.06085,284,5_b,305,beta chain
5(b),T,L,-0.01706,284,5_b,305,beta chain
5(b),T,M,-0.1643,284,5_b,305,beta chain
5(b),T,N,-0.07551,284,5_b,305,beta chain
5(b),T,P,-0.3964,284,5_b,305,beta chain
5(b),T,Q,-0.1665,284,5_b,305,beta chain
5(b),T,R,-0.1324,284,5_b,305,beta chain
5(b),T,S,0.2562,284,5_b,305,beta chain
5(b),T,V,0.06095,284,5_b,305,beta chain
5(b),T,W,0.05345,284,5_b,305,beta chain
5(b),T,Y,0.3108,284,5_b,305,beta chain
50(a),P,A,0.6149,51,50_a,72,alpha chain
50(a),P,C,-0.2511,51,50_a,72,alpha chain
50(a),P,D,0.04686,51,50_a,72,alpha chain
50(a),P,E,-0.1635,51,50_a,72,alpha chain
50(a),P,F,-0.2758,51,50_a,72,alpha chain
50(a),P,G,0.4061,51,50_a,72,alpha chain
50(a),P,H,-0.1377,51,50_a,72,alpha chain
50(a),P,I,-0.1903,51,50_a,72,alpha chain
50(a),P,K,0.7424,51,50_a,72,alpha chain
50(a),P,L,-0.0754,51,50_a,72,alpha chain
50(a),P,M,0.3445,51,50_a,72,alpha chain
50(a),P,N,0.2577,51,50_a,72,alpha chain
50(a),P,R,0.2039,51,50_a,72,alpha chain
50(a),P,S,-0.4275,51,50_a,72,alpha chain
50(a),P,T,0.01375,51,50_a,72,alpha chain
50(a),P,V,-0.1636,51,50_a,72,alpha chain
50(a),P,W,-0.4039,51,50_a,72,alpha chain
50(a),P,Y,-0.06918,51,50_a,72,alpha chain
50(b),V,A,-0.1397,329,50_b,350,beta chain
50(b),V,C,0.3076,329,50_b,350,beta chain
50(b),V,D,-0.9963,329,50_b,350,beta chain
50(b),V,E,-0.0671,329,50_b,350,beta chain
50(b),V,F,-0.4016,329,50_b,350,beta chain
50(b),V,G,-2.328,329,50_b,350,beta chain
50(b),V,H,-0.5924,329,50_b,350,beta chain
50(b),V,I,-0.251,329,50_b,350,beta chain
50(b),V,K,-0.04603,329,50_b,350,beta chain
50(b),V,L,-0.1372,329,50_b,350,beta chain
50(b),V,M,-0.04092,329,50_b,350,beta chain
50(b),V,N,-0.5951,329,50_b,350,beta chain
50(b),V,P,-6,329,50_b,350,beta chain
50(b),V,Q,0.1522,329,50_b,350,beta chain
50(b),V,R,0.01497,329,50_b,350,beta chain
50(b),V,S,-0.2146,329,50_b,350,beta chain
50(b),V,T,0.2271,329,50_b,350,beta chain
50(b),V,W,-0.9517,329,50_b,350,beta chain
50(b),V,Y,-0.1945,329,50_b,350,beta chain
51(a),I,A,-0.0009,52,51_a,73,alpha chain
51(a),I,C,-0.1143,52,51_a,73,alpha chain
51(a),I,D,-0.2896,52,51_a,73,alpha chain
51(a),I,E,-0.0136,52,51_a,73,alpha chain
51(a),I,F,-0.5536,52,51_a,73,alpha chain
51(a),I,G,-0.3909,52,51_a,73,alpha chain
51(a),I,H,0.01945,52,51_a,73,alpha chain
51(a),I,K,0.1111,52,51_a,73,alpha chain
51(a),I,L,-0.0353,52,51_a,73,alpha chain
51(a),I,M,0.1922,52,51_a,73,alpha chain
51(a),I,N,0.4824,52,51_a,73,alpha chain
51(a),I,P,-0.1116,52,51_a,73,alpha chain
51(a),I,Q,-0.2364,52,51_a,73,alpha chain
51(a),I,R,-0.08582,52,51_a,73,alpha chain
51(a),I,S,-0.09233,52,51_a,73,alpha chain
51(a),I,T,0.1639,52,51_a,73,alpha chain
51(a),I,V,0.2364,52,51_a,73,alpha chain
51(a),I,W,0.03309,52,51_a,73,alpha chain
51(a),I,Y,0.1089,52,51_a,73,alpha chain
51(b),A,C,-0.5735,330,51_b,351,beta chain
51(b),A,D,-1.013,330,51_b,351,beta chain
51(b),A,E,-0.3955,330,51_b,351,beta chain
51(b),A,F,-0.0912,330,51_b,351,beta chain
51(b),A,G,-0.08778,330,51_b,351,beta chain
51(b),A,H,0.1467,330,51_b,351,beta chain
51(b),A,I,-0.9789,330,51_b,351,beta chain
51(b),A,K,-1.948,330,51_b,351,beta chain
51(b),A,L,-2.891,330,51_b,351,beta chain
51(b),A,M,-1.256,330,51_b,351,beta chain
51(b),A,N,-0.382,330,51_b,351,beta chain
51(b),A,P,0.5329,330,51_b,351,beta chain
51(b),A,Q,-0.7965,330,51_b,351,beta chain
51(b),A,R,-2.133,330,51_b,351,beta chain
51(b),A,S,0.1883,330,51_b,351,beta chain
51(b),A,T,-0.9755,330,51_b,351,beta chain
51(b),A,V,-0.7171,330,51_b,351,beta chain
51(b),A,W,-0.05909,330,51_b,351,beta chain
51(b),A,Y,0.2245,330,51_b,351,beta chain
52(a),F,A,-0.9265,53,52_a,74,alpha chain
52(a),F,C,-0.8106,53,52_a,74,alpha chain
52(a),F,D,-0.3955,53,52_a,74,alpha chain
52(a),F,E,-0.3985,53,52_a,74,alpha chain
52(a),F,G,-0.8681,53,52_a,74,alpha chain
52(a),F,H,-0.57,53,52_a,74,alpha chain
52(a),F,I,-0.7124,53,52_a,74,alpha chain
52(a),F,K,-0.6314,53,52_a,74,alpha chain
52(a),F,L,-0.7583,53,52_a,74,alpha chain
52(a),F,M,-0.433,53,52_a,74,alpha chain
52(a),F,N,-0.5297,53,52_a,74,alpha chain
52(a),F,P,-0.9288,53,52_a,74,alpha chain
52(a),F,Q,-0.7302,53,52_a,74,alpha chain
52(a),F,R,-0.6296,53,52_a,74,alpha chain
52(a),F,S,-0.5153,53,52_a,74,alpha chain
52(a),F,T,-0.8835,53,52_a,74,alpha chain
52(a),F,V,-0.8473,53,52_a,74,alpha chain
52(a),F,W,-0.2805,53,52_a,74,alpha chain
52(a),F,Y,-0.1128,53,52_a,74,alpha chain
52(b),D,A,-1.397,331,52_b,352,beta chain
52(b),D,C,-1.343,331,52_b,352,beta chain
52(b),D,E,-0.4714,331,52_b,352,beta chain
52(b),D,F,-1.925,331,52_b,352,beta chain
52(b),D,G,-1.139,331,52_b,352,beta chain
52(b),D,H,-1.948,331,52_b,352,beta chain
52(b),D,I,-1.487,331,52_b,352,beta chain
52(b),D,K,-2.237,331,52_b,352,beta chain
52(b),D,L,-0.5395,331,52_b,352,beta chain
52(b),D,M,-0.9388,331,52_b,352,beta chain
52(b),D,N,-0.3952,331,52_b,352,beta chain
52(b),D,P,-4.598,331,52_b,352,beta chain
52(b),D,Q,-1.175,331,52_b,352,beta chain
52(b),D,R,-2.91,331,52_b,352,beta chain
52(b),D,S,-0.9768,331,52_b,352,beta chain
52(b),D,T,-0.0491,331,52_b,352,beta chain
52(b),D,V,-1.375,331,52_b,352,beta chain
52(b),D,W,-2.973,331,52_b,352,beta chain
52(b),D,Y,-1.858,331,52_b,352,beta chain
53(a),T,A,-0.3489,54,53_a,75,alpha chain
53(a),T,C,-0.283,54,53_a,75,alpha chain
53(a),T,D,-0.1652,54,53_a,75,alpha chain
53(a),T,E,0.2203,54,53_a,75,alpha chain
53(a),T,F,-0.4549,54,53_a,75,alpha chain
53(a),T,G,0.00335,54,53_a,75,alpha chain
53(a),T,H,0.3412,54,53_a,75,alpha chain
53(a),T,I,-0.133,54,53_a,75,alpha chain
53(a),T,K,0.261,54,53_a,75,alpha chain
53(a),T,L,0.7012,54,53_a,75,alpha chain
53(a),T,M,0.209,54,53_a,75,alpha chain
53(a),T,N,-0.3012,54,53_a,75,alpha chain
53(a),T,P,-0.2156,54,53_a,75,alpha chain
53(a),T,Q,-0.1226,54,53_a,75,alpha chain
53(a),T,R,-0.01817,54,53_a,75,alpha chain
53(a),T,S,0.05335,54,53_a,75,alpha chain
53(a),T,V,-0.147,54,53_a,75,alpha chain
53(a),T,W,-0.6819,54,53_a,75,alpha chain
53(a),T,Y,-0.4036,54,53_a,75,alpha chain
53(b),T,A,-0.5048,332,53_b,353,beta chain
53(b),T,C,-0.28,332,53_b,353,beta chain
53(b),T,D,-0.164,332,53_b,353,beta chain
53(b),T,E,-0.7486,332,53_b,353,beta chain
53(b),T,F,-2.107,332,53_b,353,beta chain
53(b),T,G,-0.5018,332,53_b,353,beta chain
53(b),T,H,0.3073,332,53_b,353,beta chain
53(b),T,I,-1.221,332,53_b,353,beta chain
53(b),T,K,-1.422,332,53_b,353,beta chain
53(b),T,L,-1.051,332,53_b,353,beta chain
53(b),T,M,-0.7465,332,53_b,353,beta chain
53(b),T,N,0.1935,332,53_b,353,beta chain
53(b),T,P,-6,332,53_b,353,beta chain
53(b),T,Q,-0.2513,332,53_b,353,beta chain
53(b),T,R,-0.1758,332,53_b,353,beta chain
53(b),T,S,0.4479,332,53_b,353,beta chain
53(b),T,V,-1.216,332,53_b,353,beta chain
53(b),T,W,-1.732,332,53_b,353,beta chain
53(b),T,Y,-1.902,332,53_b,353,beta chain
54(a),T,A,-0.288,55,54_a,76,alpha chain
54(a),T,C,-0.2474,55,54_a,76,alpha chain
54(a),T,D,-0.05555,55,54_a,76,alpha chain
54(a),T,E,-0.2818,55,54_a,76,alpha chain
54(a),T,F,-0.1506,55,54_a,76,alpha chain
54(a),T,G,-0.5887,55,54_a,76,alpha chain
54(a),T,H,0.1308,55,54_a,76,alpha chain
54(a),T,I,0.09273,55,54_a,76,alpha chain
54(a),T,K,0.2892,55,54_a,76,alpha chain
54(a),T,L,-0.2254,55,54_a,76,alpha chain
54(a),T,M,-0.2092,55,54_a,76,alpha chain
54(a),T,P,-0.8556,55,54_a,76,alpha chain
54(a),T,Q,-0.0321,55,54_a,76,alpha chain
54(a),T,R,0.5203,55,54_a,76,alpha chain
54(a),T,S,0.021,55,54_a,76,alpha chain
54(a),T,V,-0.2489,55,54_a,76,alpha chain
54(a),T,W,-0.324,55,54_a,76,alpha chain
54(a),T,Y,-0.5106,55,54_a,76,alpha chain
54(b),E,A,0.07326,333,54_b,354,beta chain
54(b),E,C,-0.2996,333,54_b,354,beta chain
54(b),E,D,0.186,333,54_b,354,beta chain
54(b),E,F,0.09852,333,54_b,354,beta chain
54(b),E,G,-0.05752,333,54_b,354,beta chain
54(b),E,H,0.7114,333,54_b,354,beta chain
54(b),E,I,0.1492,333,54_b,354,beta chain
54(b),E,K,0.0162,333,54_b,354,beta chain
54(b),E,L,0.3146,333,54_b,354,beta chain
54(b),E,M,0.0499,333,54_b,354,beta chain
54(b),E,N,-0.0778,333,54_b,354,beta chain
54(b),E,P,-0.1854,333,54_b,354,beta chain
54(b),E,Q,-0.08905,333,54_b,354,beta chain
54(b),E,R,0.1164,333,54_b,354,beta chain
54(b),E,S,0.1441,333,54_b,354,beta chain
54(b),E,T,0.1832,333,54_b,354,beta chain
54(b),E,V,0.4315,333,54_b,354,beta chain
54(b),E,W,-0.04722,333,54_b,354,beta chain
54(b),E,Y,-0.0599,333,54_b,354,beta chain
55(a),F,A,-0.06135,56,55_a,77,alpha chain
55(a),F,C,0.054,56,55_a,77,alpha chain
55(a),F,D,0.02672,56,55_a,77,alpha chain
55(a),F,E,0.07042,56,55_a,77,alpha chain
55(a),F,G,-0.8088,56,55_a,77,alpha chain
55(a),F,H,0.3989,56,55_a,77,alpha chain
55(a),F,I,-0.00355,56,55_a,77,alpha chain
55(a),F,K,-0.09471,56,55_a,77,alpha chain
55(a),F,L,-0.334,56,55_a,77,alpha chain
55(a),F,M,0.08899,56,55_a,77,alpha chain
55(a),F,N,0.4156,56,55_a,77,alpha chain
55(a),F,Q,-0.145,56,55_a,77,alpha chain
55(a),F,R,-0.1247,56,55_a,77,alpha chain
55(a),F,S,-0.1815,56,55_a,77,alpha chain
55(a),F,T,-0.4038,56,55_a,77,alpha chain
55(a),F,V,-0.416,56,55_a,77,alpha chain
55(a),F,W,-0.2747,56,55_a,77,alpha chain
55(a),F,Y,0.3527,56,55_a,77,alpha chain
55(b),L,A,-0.1482,334,55_b,355,beta chain
55(b),L,C,-0.2347,334,55_b,355,beta chain
55(b),L,D,-0.3628,334,55_b,355,beta chain
55(b),L,E,-0.08344,334,55_b,355,beta chain
55(b),L,F,0.1466,334,55_b,355,beta chain
55(b),L,G,0.1266,334,55_b,355,beta chain
55(b),L,H,0.1022,334,55_b,355,beta chain
55(b),L,I,-0.2122,334,55_b,355,beta chain
55(b),L,K,-0.135,334,55_b,355,beta chain
55(b),L,M,-0.00985,334,55_b,355,beta chain
55(b),L,N,-0.06198,334,55_b,355,beta chain
55(b),L,P,-0.6973,334,55_b,355,beta chain
55(b),L,Q,-0.3833,334,55_b,355,beta chain
55(b),L,R,0.0951,334,55_b,355,beta chain
55(b),L,S,-0.2456,334,55_b,355,beta chain
55(b),L,T,-0.7688,334,55_b,355,beta chain
55(b),L,V,-0.2218,334,55_b,355,beta chain
55(b),L,W,0.1339,334,55_b,355,beta chain
55(b),L,Y,0.2687,334,55_b,355,beta chain
56(a),T,C,0.00315,57,56_a,78,alpha chain
56(a),T,D,-1.276,57,56_a,78,alpha chain
56(a),T,E,-1.013,57,56_a,78,alpha chain
56(a),T,G,-0.4569,57,56_a,78,alpha chain
56(a),T,I,0.4286,57,56_a,78,alpha chain
56(a),T,K,-1.174,57,56_a,78,alpha chain
56(a),T,L,-0.1391,57,56_a,78,alpha chain
56(a),T,M,-0.6885,57,56_a,78,alpha chain
56(a),T,N,-0.6756,57,56_a,78,alpha chain
56(a),T,P,-0.6187,57,56_a,78,alpha chain
56(a),T,Q,-0.7893,57,56_a,78,alpha chain
56(a),T,R,-1.3,57,56_a,78,alpha chain
56(a),T,S,-0.163,57,56_a,78,alpha chain
56(a),T,V,-0.2352,57,56_a,78,alpha chain
56(a),T,W,-0.6207,57,56_a,78,alpha chain
56(a),T,Y,-1.239,57,56_a,78,alpha chain
56(b),G,A,-0.3585,335,56_b,356,beta chain
56(b),G,C,-1.267,335,56_b,356,beta chain
56(b),G,D,-6,335,56_b,356,beta chain
56(b),G,E,-6,335,56_b,356,beta chain
56(b),G,F,-2.193,335,56_b,356,beta chain
56(b),G,H,-4.413,335,56_b,356,beta chain
56(b),G,I,-5.187,335,56_b,356,beta chain
56(b),G,K,-3.84,335,56_b,356,beta chain
56(b),G,L,-2.103,335,56_b,356,beta chain
56(b),G,M,-1.347,335,56_b,356,beta chain
56(b),G,N,-2.945,335,56_b,356,beta chain
56(b),G,P,-6,335,56_b,356,beta chain
56(b),G,Q,-4.396,335,56_b,356,beta chain
56(b),G,R,-1.593,335,56_b,356,beta chain
56(b),G,S,-1.262,335,56_b,356,beta chain
56(b),G,T,-2.357,335,56_b,356,beta chain
56(b),G,V,-3.371,335,56_b,356,beta chain
56(b),G,W,-2.197,335,56_b,356,beta chain
56(b),G,Y,-2.601,335,56_b,356,beta chain
57(a),S,A,0.2454,58,57_a,79,alpha chain
57(a),S,C,-0.3146,58,57_a,79,alpha chain
57(a),S,D,-0.2003,58,57_a,79,alpha chain
57(a),S,E,0.1489,58,57_a,79,alpha chain
57(a),S,F,-0.1976,58,57_a,79,alpha chain
57(a),S,G,-0.5389,58,57_a,79,alpha chain
57(a),S,H,-0.008425,58,57_a,79,alpha chain
57(a),S,I,0.0054,58,57_a,79,alpha chain
57(a),S,K,-0.007775,58,57_a,79,alpha chain
57(a),S,L,-0.2783,58,57_a,79,alpha chain
57(a),S,M,0.1991,58,57_a,79,alpha chain
57(a),S,N,0.0128,58,57_a,79,alpha chain
57(a),S,P,-1.264,58,57_a,79,alpha chain
57(a),S,Q,0.0115,58,57_a,79,alpha chain
57(a),S,R,-0.04671,58,57_a,79,alpha chain
57(a),S,T,0.08369,58,57_a,79,alpha chain
57(a),S,V,0.06879,58,57_a,79,alpha chain
57(a),S,W,0.02343,58,57_a,79,alpha chain
57(a),S,Y,0.2603,58,57_a,79,alpha chain
57(b),K,A,0.01645,336,57_b,357,beta chain
57(b),K,C,-0.000175,336,57_b,357,beta chain
57(b),K,D,-0.07605,336,57_b,357,beta chain
57(b),K,E,-0.1162,336,57_b,357,beta chain
57(b),K,F,-0.2692,336,57_b,357,beta chain
57(b),K,G,-0.5592,336,57_b,357,beta chain
57(b),K,H,0.2143,336,57_b,357,beta chain
57(b),K,I,0.1912,336,57_b,357,beta chain
57(b),K,L,-0.2028,336,57_b,357,beta chain
57(b),K,M,-0.2663,336,57_b,357,beta chain
57(b),K,N,-0.3324,336,57_b,357,beta chain
57(b),K,P,-4.046,336,57_b,357,beta chain
57(b),K,Q,-0.1015,336,57_b,357,beta chain
57(b),K,R,0.1575,336,57_b,357,beta chain
57(b),K,S,-0.0596,336,57_b,357,beta chain
57(b),K,T,0.00133,336,57_b,357,beta chain
57(b),K,V,0.1907,336,57_b,357,beta chain
57(b),K,W,-0.1479,336,57_b,357,beta chain
57(b),K,Y,0.07665,336,57_b,357,beta chain
58(a),F,A,-1.961,59,58_a,80,alpha chain
58(a),F,C,-2.073,59,58_a,80,alpha chain
58(a),F,D,-2.354,59,58_a,80,alpha chain
58(a),F,E,-2.412,59,58_a,80,alpha chain
58(a),F,G,-1.178,59,58_a,80,alpha chain
58(a),F,H,-1.844,59,58_a,80,alpha chain
58(a),F,I,-1.554,59,58_a,80,alpha chain
58(a),F,K,-2.96,59,58_a,80,alpha chain
58(a),F,L,-1.435,59,58_a,80,alpha chain
58(a),F,M,-0.5413,59,58_a,80,alpha chain
58(a),F,N,-1.786,59,58_a,80,alpha chain
58(a),F,P,-1.821,59,58_a,80,alpha chain
58(a),F,Q,-2.236,59,58_a,80,alpha chain
58(a),F,R,-3.224,59,58_a,80,alpha chain
58(a),F,S,-2.187,59,58_a,80,alpha chain
58(a),F,T,-1.816,59,58_a,80,alpha chain
58(a),F,V,-1.52,59,58_a,80,alpha chain
58(a),F,W,-1.1,59,58_a,80,alpha chain
58(a),F,Y,-0.4696,59,58_a,80,alpha chain
58(b),P,A,-0.4348,337,58_b,358,beta chain
58(b),P,C,0.2111,337,58_b,358,beta chain
58(b),P,D,-0.2571,337,58_b,358,beta chain
58(b),P,E,-0.2648,337,58_b,358,beta chain
58(b),P,F,-0.1484,337,58_b,358,beta chain
58(b),P,G,-0.3773,337,58_b,358,beta chain
58(b),P,H,-0.04747,337,58_b,358,beta chain
58(b),P,I,0.2107,337,58_b,358,beta chain
58(b),P,K,0.1394,337,58_b,358,beta chain
58(b),P,L,0.1399,337,58_b,358,beta chain
58(b),P,M,-0.1482,337,58_b,358,beta chain
58(b),P,N,0.01225,337,58_b,358,beta chain
58(b),P,Q,-0.08488,337,58_b,358,beta chain
58(b),P,R,0.4899,337,58_b,358,beta chain
58(b),P,S,-0.112,337,58_b,358,beta chain
58(b),P,T,-0.00622,337,58_b,358,beta chain
58(b),P,V,0.1907,337,58_b,358,beta chain
58(b),P,W,-0.0089,337,58_b,358,beta chain
58(b),P,Y,0.3238,337,58_b,358,beta chain
59(a),E,A,-0.55,60,59_a,81,alpha chain
59(a),E,C,-1.125,60,59_a,81,alpha chain
59(a),E,D,0.1893,60,59_a,81,alpha chain
59(a),E,F,-0.7158,60,59_a,81,alpha chain
59(a),E,G,-0.04145,60,59_a,81,alpha chain
59(a),E,H,-0.5988,60,59_a,81,alpha chain
59(a),E,I,-0.8218,60,59_a,81,alpha chain
59(a),E,K,-1.399,60,59_a,81,alpha chain
59(a),E,L,-0.6583,60,59_a,81,alpha chain
59(a),E,M,-0.7773,60,59_a,81,alpha chain
59(a),E,N,-0.3044,60,59_a,81,alpha chain
59(a),E,P,-1.033,60,59_a,81,alpha chain
59(a),E,Q,-0.2112,60,59_a,81,alpha chain
59(a),E,R,-1.566,60,59_a,81,alpha chain
59(a),E,S,-0.3604,60,59_a,81,alpha chain
59(a),E,T,-0.736,60,59_a,81,alpha chain
59(a),E,V,-0.3693,60,59_a,81,alpha chain
59(a),E,W,-0.9265,60,59_a,81,alpha chain
59(a),E,Y,-0.8513,60,59_a,81,alpha chain
59(b),D,A,-0.9898,338,59_b,359,beta chain
59(b),D,C,-0.7116,338,59_b,359,beta chain
59(b),D,E,-0.4635,338,59_b,359,beta chain
59(b),D,F,-0.4925,338,59_b,359,beta chain
59(b),D,G,-0.9791,338,59_b,359,beta chain
59(b),D,H,-0.8465,338,59_b,359,beta chain
59(b),D,I,-0.6917,338,59_b,359,beta chain
59(b),D,K,-1.143,338,59_b,359,beta chain
59(b),D,L,-0.8043,338,59_b,359,beta chain
59(b),D,M,-0.8897,338,59_b,359,beta chain
59(b),D,N,-0.2077,338,59_b,359,beta chain
59(b),D,P,-0.998,338,59_b,359,beta chain
59(b),D,Q,-0.8599,338,59_b,359,beta chain
59(b),D,R,-0.4496,338,59_b,359,beta chain
59(b),D,S,-0.7287,338,59_b,359,beta chain
59(b),D,T,-0.5029,338,59_b,359,beta chain
59(b),D,V,-0.9868,338,59_b,359,beta chain
59(b),D,W,-0.9194,338,59_b,359,beta chain
59(b),D,Y,-0.6914,338,59_b,359,beta chain
6(a),V,A,-0.2671,7,6_a,28,alpha chain
6(a),V,C,-0.3613,7,6_a,28,alpha chain
6(a),V,D,-0.7355,7,6_a,28,alpha chain
6(a),V,E,-0.4435,7,6_a,28,alpha chain
6(a),V,F,-0.3481,7,6_a,28,alpha chain
6(a),V,G,0.2249,7,6_a,28,alpha chain
6(a),V,H,-0.00419,7,6_a,28,alpha chain
6(a),V,I,0.2751,7,6_a,28,alpha chain
6(a),V,K,-0.1033,7,6_a,28,alpha chain
6(a),V,L,0.2797,7,6_a,28,alpha chain
6(a),V,M,-0.09155,7,6_a,28,alpha chain
6(a),V,N,0.05495,7,6_a,28,alpha chain
6(a),V,P,-0.7235,7,6_a,28,alpha chain
6(a),V,Q,0.1526,7,6_a,28,alpha chain
6(a),V,R,-0.06455,7,6_a,28,alpha chain
6(a),V,S,-0.1552,7,6_a,28,alpha chain
6(a),V,T,-0.1446,7,6_a,28,alpha chain
6(a),V,W,0.1265,7,6_a,28,alpha chain
6(a),V,Y,-0.03931,7,6_a,28,alpha chain
6(b),K,A,-0.2368,285,6_b,306,beta chain
6(b),K,C,0.05106,285,6_b,306,beta chain
6(b),K,D,-0.5134,285,6_b,306,beta chain
6(b),K,E,-0.1539,285,6_b,306,beta chain
6(b),K,F,0.3386,285,6_b,306,beta chain
6(b),K,G,-0.00935,285,6_b,306,beta chain
6(b),K,H,-0.055,285,6_b,306,beta chain
6(b),K,I,0.239,285,6_b,306,beta chain
6(b),K,L,-0.1887,285,6_b,306,beta chain
6(b),K,M,-0.4389,285,6_b,306,beta chain
6(b),K,N,-0.0114,285,6_b,306,beta chain
6(b),K,P,0.02715,285,6_b,306,beta chain
6(b),K,Q,0.05661,285,6_b,306,beta chain
6(b),K,R,0.193,285,6_b,306,beta chain
6(b),K,S,-0.0844,285,6_b,306,beta chain
6(b),K,T,-0.0453,285,6_b,306,beta chain
6(b),K,V,-0.02833,285,6_b,306,beta chain
6(b),K,W,-0.4619,285,6_b,306,beta chain
6(b),K,Y,-0.1578,285,6_b,306,beta chain
60(a),A,C,0.3937,61,60_a,82,alpha chain
60(a),A,D,0.4568,61,60_a,82,alpha chain
60(a),A,E,0.2335,61,60_a,82,alpha chain
60(a),A,F,-1.027,61,60_a,82,alpha chain
60(a),A,G,-0.1231,61,60_a,82,alpha chain
60(a),A,H,-0.3389,61,60_a,82,alpha chain
60(a),A,I,0.2336,61,60_a,82,alpha chain
60(a),A,K,-0.6415,61,60_a,82,alpha chain
60(a),A,L,0.0186,61,60_a,82,alpha chain
60(a),A,M,-0.1634,61,60_a,82,alpha chain
60(a),A,N,0.03589,61,60_a,82,alpha chain
60(a),A,P,0.3099,61,60_a,82,alpha chain
60(a),A,Q,-0.1346,61,60_a,82,alpha chain
60(a),A,R,-0.6502,61,60_a,82,alpha chain
60(a),A,S,-0.5179,61,60_a,82,alpha chain
60(a),A,T,0.123,61,60_a,82,alpha chain
60(a),A,V,0.08586,61,60_a,82,alpha chain
60(a),A,Y,-1.062,61,60_a,82,alpha chain
60(b),A,C,-0.4828,339,60_b,360,beta chain
60(b),A,D,-3.614,339,60_b,360,beta chain
60(b),A,E,-0.2803,339,60_b,360,beta chain
60(b),A,F,-3.615,339,60_b,360,beta chain
60(b),A,G,-1.624,339,60_b,360,beta chain
60(b),A,H,-3.498,339,60_b,360,beta chain
60(b),A,I,-1.354,339,60_b,360,beta chain
60(b),A,K,-1.421,339,60_b,360,beta chain
60(b),A,L,-2.611,339,60_b,360,beta chain
60(b),A,M,0.4365,339,60_b,360,beta chain
60(b),A,N,-3.511,339,60_b,360,beta chain
60(b),A,P,-4.385,339,60_b,360,beta chain
60(b),A,Q,-0.3346,339,60_b,360,beta chain
60(b),A,R,-0.5945,339,60_b,360,beta chain
60(b),A,S,-0.2331,339,60_b,360,beta chain
60(b),A,T,-0.5791,339,60_b,360,beta chain
60(b),A,V,-0.3046,339,60_b,360,beta chain
60(b),A,W,-4.544,339,60_b,360,beta chain
60(b),A,Y,-3.409,339,60_b,360,beta chain
61(a),Q,A,-0.747,62,61_a,83,alpha chain
61(a),Q,C,-2.036,62,61_a,83,alpha chain
61(a),Q,D,-0.03561,62,61_a,83,alpha chain
61(a),Q,E,-0.7292,62,61_a,83,alpha chain
61(a),Q,F,-0.2582,62,61_a,83,alpha chain
61(a),Q,G,-0.1746,62,61_a,83,alpha chain
61(a),Q,H,0.09792,62,61_a,83,alpha chain
61(a),Q,I,0.5131,62,61_a,83,alpha chain
61(a),Q,K,-3.034,62,61_a,83,alpha chain
61(a),Q,L,0.1038,62,61_a,83,alpha chain
61(a),Q,N,-0.3494,62,61_a,83,alpha chain
61(a),Q,P,-0.4923,62,61_a,83,alpha chain
61(a),Q,R,-3.032,62,61_a,83,alpha chain
61(a),Q,S,-0.1775,62,61_a,83,alpha chain
61(a),Q,T,-0.393,62,61_a,83,alpha chain
61(a),Q,V,-0.1308,62,61_a,83,alpha chain
61(a),Q,W,-0.9399,62,61_a,83,alpha chain
61(a),Q,Y,-0.5236,62,61_a,83,alpha chain
61(b),D,A,0.01845,340,61_b,361,beta chain
61(b),D,C,-0.6835,340,61_b,361,beta chain
61(b),D,E,-0.3488,340,61_b,361,beta chain
61(b),D,F,-0.01514,340,61_b,361,beta chain
61(b),D,G,-1.046,340,61_b,361,beta chain
61(b),D,H,0.1031,340,61_b,361,beta chain
61(b),D,I,-0.3666,340,61_b,361,beta chain
61(b),D,K,0.01813,340,61_b,361,beta chain
61(b),D,L,0.1199,340,61_b,361,beta chain
61(b),D,M,0.1336,340,61_b,361,beta chain
61(b),D,N,0.01325,340,61_b,361,beta chain
61(b),D,P,-2.997,340,61_b,361,beta chain
61(b),D,Q,0.1533,340,61_b,361,beta chain
61(b),D,R,0.08357,340,61_b,361,beta chain
61(b),D,S,-0.195,340,61_b,361,beta chain
61(b),D,T,0.01295,340,61_b,361,beta chain
61(b),D,V,0.00195,340,61_b,361,beta chain
61(b),D,W,-0.1198,340,61_b,361,beta chain
61(b),D,Y,-0.02793,340,61_b,361,beta chain
62(a),G,A,-0.3079,63,62_a,84,alpha chain
62(a),G,C,0.1495,63,62_a,84,alpha chain
62(a),G,D,0.6959,63,62_a,84,alpha chain
62(a),G,E,0.3475,63,62_a,84,alpha chain
62(a),G,F,0.1401,63,62_a,84,alpha chain
62(a),G,H,0.855,63,62_a,84,alpha chain
62(a),G,I,0.2728,63,62_a,84,alpha chain
62(a),G,K,-0.1929,63,62_a,84,alpha chain
62(a),G,L,-0.06005,63,62_a,84,alpha chain
62(a),G,M,0.1053,63,62_a,84,alpha chain
62(a),G,N,0.2969,63,62_a,84,alpha chain
62(a),G,P,0.3521,63,62_a,84,alpha chain
62(a),G,Q,0.1035,63,62_a,84,alpha chain
62(a),G,R,0.04895,63,62_a,84,alpha chain
62(a),G,S,0.2204,63,62_a,84,alpha chain
62(a),G,T,-0.1721,63,62_a,84,alpha chain
62(a),G,V,0.1195,63,62_a,84,alpha chain
62(a),G,W,0.2136,63,62_a,84,alpha chain
62(a),G,Y,-0.03429,63,62_a,84,alpha chain
62(b),Y,A,-0.5983,341,62_b,362,beta chain
62(b),Y,C,-0.6423,341,62_b,362,beta chain
62(b),Y,D,-0.8495,341,62_b,362,beta chain
62(b),Y,E,-0.2726,341,62_b,362,beta chain
62(b),Y,F,0.07935,341,62_b,362,beta chain
62(b),Y,G,-0.4813,341,62_b,362,beta chain
62(b),Y,H,-0.4289,341,62_b,362,beta chain
62(b),Y,I,0.08815,341,62_b,362,beta chain
62(b),Y,K,-0.3237,341,62_b,362,beta chain
62(b),Y,L,0.1709,341,62_b,362,beta chain
62(b),Y,M,0.02515,341,62_b,362,beta chain
62(b),Y,N,-0.6879,341,62_b,362,beta chain
62(b),Y,P,-5.021,341,62_b,362,beta chain
62(b),Y,Q,-0.5548,341,62_b,362,beta chain
62(b),Y,R,-0.3491,341,62_b,362,beta chain
62(b),Y,S,-0.347,341,62_b,362,beta chain
62(b),Y,T,-0.334,341,62_b,362,beta chain
62(b),Y,V,-0.3989,341,62_b,362,beta chain
62(b),Y,W,-0.1425,341,62_b,362,beta chain
63(a),A,C,0.2786,64,63_a,85,alpha chain
63(a),A,D,-3.159,64,63_a,85,alpha chain
63(a),A,E,-1.985,64,63_a,85,alpha chain
63(a),A,F,-3.274,64,63_a,85,alpha chain
63(a),A,G,-0.1904,64,63_a,85,alpha chain
63(a),A,H,-2.358,64,63_a,85,alpha chain
63(a),A,I,0.2697,64,63_a,85,alpha chain
63(a),A,K,-4.936,64,63_a,85,alpha chain
63(a),A,L,-2.045,64,63_a,85,alpha chain
63(a),A,M,-0.6277,64,63_a,85,alpha chain
63(a),A,N,-1.583,64,63_a,85,alpha chain
63(a),A,P,-0.1313,64,63_a,85,alpha chain
63(a),A,Q,-1.381,64,63_a,85,alpha chain
63(a),A,R,-3.526,64,63_a,85,alpha chain
63(a),A,S,-0.2299,64,63_a,85,alpha chain
63(a),A,T,-0.107,64,63_a,85,alpha chain
63(a),A,V,-0.1119,64,63_a,85,alpha chain
63(a),A,W,-2.782,64,63_a,85,alpha chain
63(a),A,Y,-2.204,64,63_a,85,alpha chain
63(b),W,A,-1.602,342,63_b,363,beta chain
63(b),W,C,-1.7,342,63_b,363,beta chain
63(b),W,D,-6,342,63_b,363,beta chain
63(b),W,E,-5.812,342,63_b,363,beta chain
63(b),W,F,-0.6069,342,63_b,363,beta chain
63(b),W,G,-2.316,342,63_b,363,beta chain
63(b),W,H,-1.925,342,63_b,363,beta chain
63(b),W,I,-2.359,342,63_b,363,beta chain
63(b),W,K,-2.309,342,63_b,363,beta chain
63(b),W,L,-1.13,342,63_b,363,beta chain
63(b),W,M,-0.9285,342,63_b,363,beta chain
63(b),W,N,-4.829,342,63_b,363,beta chain
63(b),W,P,-6,342,63_b,363,beta chain
63(b),W,Q,-2.555,342,63_b,363,beta chain
63(b),W,R,-1.611,342,63_b,363,beta chain
63(b),W,S,-3.259,342,63_b,363,beta chain
63(b),W,T,-4.96,342,63_b,363,beta chain
63(b),W,V,-3.011,342,63_b,363,beta chain
63(b),W,Y,-0.8788,342,63_b,363,beta chain
64(a),L,A,-1.077,65,64_a,86,alpha chain
64(a),L,C,-3.579,65,64_a,86,alpha chain
64(a),L,D,-6,65,64_a,86,alpha chain
64(a),L,E,-1.333,65,64_a,86,alpha chain
64(a),L,F,-0.01947,65,64_a,86,alpha chain
64(a),L,G,-6,65,64_a,86,alpha chain
64(a),L,H,-1.012,65,64_a,86,alpha chain
64(a),L,I,-0.8648,65,64_a,86,alpha chain
64(a),L,K,-6,65,64_a,86,alpha chain
64(a),L,M,-0.1391,65,64_a,86,alpha chain
64(a),L,N,-0.9225,65,64_a,86,alpha chain
64(a),L,P,-2.215,65,64_a,86,alpha chain
64(a),L,Q,-0.8147,65,64_a,86,alpha chain
64(a),L,R,-5.841,65,64_a,86,alpha chain
64(a),L,S,-5.033,65,64_a,86,alpha chain
64(a),L,T,-2.154,65,64_a,86,alpha chain
64(a),L,V,-0.7504,65,64_a,86,alpha chain
64(a),L,W,-6,65,64_a,86,alpha chain
64(a),L,Y,-0.233,65,64_a,86,alpha chain
64(b),N,A,-2.583,343,64_b,364,beta chain
64(b),N,C,-4.001,343,64_b,364,beta chain
64(b),N,D,-0.5889,343,64_b,364,beta chain
64(b),N,E,-0.2446,343,64_b,364,beta chain
64(b),N,F,-4.316,343,64_b,364,beta chain
64(b),N,G,-2.498,343,64_b,364,beta chain
64(b),N,H,-3.421,343,64_b,364,beta chain
64(b),N,I,-4.393,343,64_b,364,beta chain
64(b),N,K,-3.792,343,64_b,364,beta chain
64(b),N,L,-3.861,343,64_b,364,beta chain
64(b),N,M,-2.62,343,64_b,364,beta chain
64(b),N,P,-5.88,343,64_b,364,beta chain
64(b),N,Q,-2.671,343,64_b,364,beta chain
64(b),N,R,-3.655,343,64_b,364,beta chain
64(b),N,S,-1.325,343,64_b,364,beta chain
64(b),N,T,-2.58,343,64_b,364,beta chain
64(b),N,V,-4.689,343,64_b,364,beta chain
64(b),N,W,-3.051,343,64_b,364,beta chain
64(b),N,Y,-4.409,343,64_b,364,beta chain
65(a),Q,A,-0.05544,66,65_a,87,alpha chain
65(a),Q,C,-0.9727,66,65_a,87,alpha chain
65(a),Q,D,-1.24,66,65_a,87,alpha chain
65(a),Q,E,-0.2526,66,65_a,87,alpha chain
65(a),Q,F,-0.13,66,65_a,87,alpha chain
65(a),Q,G,-0.2046,66,65_a,87,alpha chain
65(a),Q,H,-0.2004,66,65_a,87,alpha chain
65(a),Q,I,-0.08699,66,65_a,87,alpha chain
65(a),Q,K,-0.5449,66,65_a,87,alpha chain
65(a),Q,L,0.0054,66,65_a,87,alpha chain
65(a),Q,M,-0.4224,66,65_a,87,alpha chain
65(a),Q,N,-0.7061,66,65_a,87,alpha chain
65(a),Q,P,-0.02175,66,65_a,87,alpha chain
65(a),Q,R,-0.2743,66,65_a,87,alpha chain
65(a),Q,S,-0.5294,66,65_a,87,alpha chain
65(a),Q,T,-0.6378,66,65_a,87,alpha chain
65(a),Q,V,-0.05722,66,65_a,87,alpha chain
65(a),Q,W,-0.1632,66,65_a,87,alpha chain
65(a),Q,Y,-0.456,66,65_a,87,alpha chain
65(b),S,A,-0.2956,344,65_b,365,beta chain
65(b),S,C,-0.2428,344,65_b,365,beta chain
65(b),S,D,-0.3075,344,65_b,365,beta chain
65(b),S,E,-0.3911,344,65_b,365,beta chain
65(b),S,F,-0.3356,344,65_b,365,beta chain
65(b),S,G,0.02914,344,65_b,365,beta chain
65(b),S,H,0.2385,344,65_b,365,beta chain
65(b),S,I,-0.3889,344,65_b,365,beta chain
65(b),S,K,0.05444,344,65_b,365,beta chain
65(b),S,L,-0.1583,344,65_b,365,beta chain
65(b),S,M,-0.06985,344,65_b,365,beta chain
65(b),S,N,-0.01302,344,65_b,365,beta chain
65(b),S,P,-3.41,344,65_b,365,beta chain
65(b),S,Q,-0.01555,344,65_b,365,beta chain
65(b),S,R,-0.02845,344,65_b,365,beta chain
65(b),S,T,-0.1754,344,65_b,365,beta chain
65(b),S,V,-0.04305,344,65_b,365,beta chain
65(b),S,W,-0.792,344,65_b,365,beta chain
65(b),S,Y,-0.5146,344,65_b,365,beta chain
66(a),N,A,-1.333,67,66_a,88,alpha chain
66(a),N,C,-0.8877,67,66_a,88,alpha chain
66(a),N,D,-1.174,67,66_a,88,alpha chain
66(a),N,E,-1.379,67,66_a,88,alpha chain
66(a),N,F,-1.809,67,66_a,88,alpha chain
66(a),N,G,-1.357,67,66_a,88,alpha chain
66(a),N,H,-1.565,67,66_a,88,alpha chain
66(a),N,I,-1.487,67,66_a,88,alpha chain
66(a),N,K,-1.313,67,66_a,88,alpha chain
66(a),N,L,-2.296,67,66_a,88,alpha chain
66(a),N,M,-1.367,67,66_a,88,alpha chain
66(a),N,P,-1.571,67,66_a,88,alpha chain
66(a),N,Q,-0.868,67,66_a,88,alpha chain
66(a),N,R,-1.52,67,66_a,88,alpha chain
66(a),N,S,-1.322,67,66_a,88,alpha chain
66(a),N,T,-1.381,67,66_a,88,alpha chain
66(a),N,V,-1.427,67,66_a,88,alpha chain
66(a),N,W,-2.997,67,66_a,88,alpha chain
66(a),N,Y,-1.741,67,66_a,88,alpha chain
66(b),Q,A,-0.09745,345,66_b,366,beta chain
66(b),Q,C,-0.4054,345,66_b,366,beta chain
66(b),Q,E,0.1331,345,66_b,366,beta chain
66(b),Q,F,-0.03911,345,66_b,366,beta chain
66(b),Q,G,-0.3815,345,66_b,366,beta chain
66(b),Q,H,-0.2256,345,66_b,366,beta chain
66(b),Q,I,-0.1308,345,66_b,366,beta chain
66(b),Q,K,-0.309,345,66_b,366,beta chain
66(b),Q,L,-0.2294,345,66_b,366,beta chain
66(b),Q,M,0.01093,345,66_b,366,beta chain
66(b),Q,N,0.0837,345,66_b,366,beta chain
66(b),Q,P,-1.841,345,66_b,366,beta chain
66(b),Q,R,-0.1999,345,66_b,366,beta chain
66(b),Q,S,0.1977,345,66_b,366,beta chain
66(b),Q,T,-0.1054,345,66_b,366,beta chain
66(b),Q,V,-0.1913,345,66_b,366,beta chain
66(b),Q,W,-0.6869,345,66_b,366,beta chain
66(b),Q,Y,-0.2862,345,66_b,366,beta chain
67(a),I,A,-0.1152,68,67_a,89,alpha chain
67(a),I,C,-0.1091,68,67_a,89,alpha chain
67(a),I,D,-0.8238,68,67_a,89,alpha chain
67(a),I,E,-0.8145,68,67_a,89,alpha chain
67(a),I,F,-2.254,68,67_a,89,alpha chain
67(a),I,G,-0.1281,68,67_a,89,alpha chain
67(a),I,H,-1.135,68,67_a,89,alpha chain
67(a),I,K,-6,68,67_a,89,alpha chain
67(a),I,L,-0.1339,68,67_a,89,alpha chain
67(a),I,M,0.0735,68,67_a,89,alpha chain
67(a),I,N,-0.06505,68,67_a,89,alpha chain
67(a),I,P,-0.8205,68,67_a,89,alpha chain
67(a),I,Q,0.1595,68,67_a,89,alpha chain
67(a),I,R,-6,68,67_a,89,alpha chain
67(a),I,S,-0.5337,68,67_a,89,alpha chain
67(a),I,T,-0.9152,68,67_a,89,alpha chain
67(a),I,V,-0.3601,68,67_a,89,alpha chain
67(a),I,W,-6,68,67_a,89,alpha chain
67(a),I,Y,-6,68,67_a,89,alpha chain
67(b),P,A,-0.3343,346,67_b,367,beta chain
67(b),P,C,-0.4995,346,67_b,367,beta chain
67(b),P,D,-0.5103,346,67_b,367,beta chain
67(b),P,E,-0.7952,346,67_b,367,beta chain
67(b),P,F,-0.06341,346,67_b,367,beta chain
67(b),P,G,-0.055,346,67_b,367,beta chain
67(b),P,H,-0.4155,346,67_b,367,beta chain
67(b),P,I,-0.3767,346,67_b,367,beta chain
67(b),P,K,-1.118,346,67_b,367,beta chain
67(b),P,L,-0.4415,346,67_b,367,beta chain
67(b),P,M,-0.7271,346,67_b,367,beta chain
67(b),P,N,-0.1102,346,67_b,367,beta chain
67(b),P,Q,-0.2845,346,67_b,367,beta chain
67(b),P,R,-0.2353,346,67_b,367,beta chain
67(b),P,S,-0.3339,346,67_b,367,beta chain
67(b),P,T,-0.3475,346,67_b,367,beta chain
67(b),P,V,0.00235,346,67_b,367,beta chain
67(b),P,W,-0.5839,346,67_b,367,beta chain
67(b),P,Y,-0.1126,346,67_b,367,beta chain
68(a),A,C,-1.545,69,68_a,90,alpha chain
68(a),A,D,-0.07229,69,68_a,90,alpha chain
68(a),A,E,-0.5715,69,68_a,90,alpha chain
68(a),A,F,-0.6394,69,68_a,90,alpha chain
68(a),A,G,-0.6538,69,68_a,90,alpha chain
68(a),A,H,-0.512,69,68_a,90,alpha chain
68(a),A,I,-0.7292,69,68_a,90,alpha chain
68(a),A,K,-2.653,69,68_a,90,alpha chain
68(a),A,L,-0.8551,69,68_a,90,alpha chain
68(a),A,M,-0.1601,69,68_a,90,alpha chain
68(a),A,N,-0.3608,69,68_a,90,alpha chain
68(a),A,P,-0.1563,69,68_a,90,alpha chain
68(a),A,Q,-0.311,69,68_a,90,alpha chain
68(a),A,R,-0.5994,69,68_a,90,alpha chain
68(a),A,S,-5.581,69,68_a,90,alpha chain
68(a),A,T,-5.082,69,68_a,90,alpha chain
68(a),A,V,-0.3924,69,68_a,90,alpha chain
68(a),A,W,-0.5181,69,68_a,90,alpha chain
68(a),A,Y,-0.4997,69,68_a,90,alpha chain
68(b),E,A,-0.4768,347,68_b,368,beta chain
68(b),E,D,0.2331,347,68_b,368,beta chain
68(b),E,F,-0.06274,347,68_b,368,beta chain
68(b),E,G,0.122,347,68_b,368,beta chain
68(b),E,H,-0.3459,347,68_b,368,beta chain
68(b),E,I,-0.2263,347,68_b,368,beta chain
68(b),E,K,0.1367,347,68_b,368,beta chain
68(b),E,L,-0.2769,347,68_b,368,beta chain
68(b),E,M,0.06571,347,68_b,368,beta chain
68(b),E,N,-0.2205,347,68_b,368,beta chain
68(b),E,Q,0.06313,347,68_b,368,beta chain
68(b),E,R,-0.1482,347,68_b,368,beta chain
68(b),E,S,-0.2132,347,68_b,368,beta chain
68(b),E,T,0.1065,347,68_b,368,beta chain
68(b),E,V,-0.1115,347,68_b,368,beta chain
68(b),E,W,-0.06435,347,68_b,368,beta chain
69(a),V,A,-0.8445,70,69_a,91,alpha chain
69(a),V,C,-0.3143,70,69_a,91,alpha chain
69(a),V,D,-1.09,70,69_a,91,alpha chain
69(a),V,E,-0.4134,70,69_a,91,alpha chain
69(a),V,F,-0.9476,70,69_a,91,alpha chain
69(a),V,G,-0.7417,70,69_a,91,alpha chain
69(a),V,H,-0.8436,70,69_a,91,alpha chain
69(a),V,I,0.3624,70,69_a,91,alpha chain
69(a),V,K,-1.071,70,69_a,91,alpha chain
69(a),V,L,-0.3468,70,69_a,91,alpha chain
69(a),V,M,-0.2845,70,69_a,91,alpha chain
69(a),V,N,-1.27,70,69_a,91,alpha chain
69(a),V,P,-3.203,70,69_a,91,alpha chain
69(a),V,Q,0.09491,70,69_a,91,alpha chain
69(a),V,R,-0.8251,70,69_a,91,alpha chain
69(a),V,S,-0.74,70,69_a,91,alpha chain
69(a),V,T,0.166,70,69_a,91,alpha chain
69(a),V,W,-0.8568,70,69_a,91,alpha chain
69(a),V,Y,-0.637,70,69_a,91,alpha chain
69(b),E,A,-0.7829,348,69_b,369,beta chain
69(b),E,C,-0.394,348,69_b,369,beta chain
69(b),E,D,-0.4745,348,69_b,369,beta chain
69(b),E,F,-0.1762,348,69_b,369,beta chain
69(b),E,G,-0.5102,348,69_b,369,beta chain
69(b),E,H,-0.9778,348,69_b,369,beta chain
69(b),E,I,-0.5151,348,69_b,369,beta chain
69(b),E,K,-0.7426,348,69_b,369,beta chain
69(b),E,L,-0.2659,348,69_b,369,beta chain
69(b),E,M,-0.8877,348,69_b,369,beta chain
69(b),E,N,-0.4104,348,69_b,369,beta chain
69(b),E,P,-0.9093,348,69_b,369,beta chain
69(b),E,Q,-1.393,348,69_b,369,beta chain
69(b),E,R,-0.4463,348,69_b,369,beta chain
69(b),E,S,-0.5311,348,69_b,369,beta chain
69(b),E,T,-0.7056,348,69_b,369,beta chain
69(b),E,V,-0.6001,348,69_b,369,beta chain
69(b),E,W,-0.1626,348,69_b,369,beta chain
69(b),E,Y,-0.5486,348,69_b,369,beta chain
7(a),L,A,-0.5294,8,7_a,29,alpha chain
7(a),L,C,-0.4263,8,7_a,29,alpha chain
7(a),L,D,-5.482,8,7_a,29,alpha chain
7(a),L,E,-1.231,8,7_a,29,alpha chain
7(a),L,F,0.06756,8,7_a,29,alpha chain
7(a),L,G,-1.516,8,7_a,29,alpha chain
7(a),L,H,-0.357,8,7_a,29,alpha chain
7(a),L,I,-0.8589,8,7_a,29,alpha chain
7(a),L,K,-0.5533,8,7_a,29,alpha chain
7(a),L,M,-0.0394,8,7_a,29,alpha chain
7(a),L,N,-1.471,8,7_a,29,alpha chain
7(a),L,P,-6,8,7_a,29,alpha chain
7(a),L,Q,-0.4214,8,7_a,29,alpha chain
7(a),L,R,-2.284,8,7_a,29,alpha chain
7(a),L,S,-0.01185,8,7_a,29,alpha chain
7(a),L,T,-1.076,8,7_a,29,alpha chain
7(a),L,V,-0.8699,8,7_a,29,alpha chain
7(a),L,W,-0.5817,8,7_a,29,alpha chain
7(a),L,Y,-1.012,8,7_a,29,alpha chain
7(b),G,A,0.4033,286,7_b,307,beta chain
7(b),G,C,-0.2589,286,7_b,307,beta chain
7(b),G,D,-0.0389,286,7_b,307,beta chain
7(b),G,E,-0.3105,286,7_b,307,beta chain
7(b),G,F,-0.07272,286,7_b,307,beta chain
7(b),G,H,-0.128,286,7_b,307,beta chain
7(b),G,I,0.3241,286,7_b,307,beta chain
7(b),G,K,-0.3343,286,7_b,307,beta chain
7(b),G,L,-0.1487,286,7_b,307,beta chain
7(b),G,M,-0.2596,286,7_b,307,beta chain
7(b),G,N,-0.076,286,7_b,307,beta chain
7(b),G,P,0.1271,286,7_b,307,beta chain
7(b),G,Q,-0.2929,286,7_b,307,beta chain
7(b),G,R,-0.2458,286,7_b,307,beta chain
7(b),G,S,-0.06913,286,7_b,307,beta chain
7(b),G,T,0.2254,286,7_b,307,beta chain
7(b),G,V,-0.0401,286,7_b,307,beta chain
7(b),G,W,0.2022,286,7_b,307,beta chain
7(b),G,Y,-0.2637,286,7_b,307,beta chain
70(a),D,A,-0.9118,71,70_a,92,alpha chain
70(a),D,C,-0.7323,71,70_a,92,alpha chain
70(a),D,E,-0.402,71,70_a,92,alpha chain
70(a),D,F,-3.237,71,70_a,92,alpha chain
70(a),D,H,-0.5371,71,70_a,92,alpha chain
70(a),D,I,-0.9502,71,70_a,92,alpha chain
70(a),D,K,-2.088,71,70_a,92,alpha chain
70(a),D,L,-1.055,71,70_a,92,alpha chain
70(a),D,M,-1.401,71,70_a,92,alpha chain
70(a),D,N,-0.2759,71,70_a,92,alpha chain
70(a),D,P,-3.487,71,70_a,92,alpha chain
70(a),D,Q,-0.6963,71,70_a,92,alpha chain
70(a),D,R,-2.038,71,70_a,92,alpha chain
70(a),D,S,-0.88,71,70_a,92,alpha chain
70(a),D,T,-0.8421,71,70_a,92,alpha chain
70(a),D,V,-0.862,71,70_a,92,alpha chain
70(a),D,W,-3.899,71,70_a,92,alpha chain
70(a),D,Y,-2.955,71,70_a,92,alpha chain
70(b),K,A,0.1927,349,70_b,370,beta chain
70(b),K,C,-0.2178,349,70_b,370,beta chain
70(b),K,D,-0.00085,349,70_b,370,beta chain
70(b),K,E,0.05785,349,70_b,370,beta chain
70(b),K,F,-0.2582,349,70_b,370,beta chain
70(b),K,G,-0.09473,349,70_b,370,beta chain
70(b),K,H,-0.0043,349,70_b,370,beta chain
70(b),K,I,-0.3596,349,70_b,370,beta chain
70(b),K,L,-0.3237,349,70_b,370,beta chain
70(b),K,M,0.09423,349,70_b,370,beta chain
70(b),K,N,-0.2773,349,70_b,370,beta chain
70(b),K,P,0.1652,349,70_b,370,beta chain
70(b),K,Q,-0.2117,349,70_b,370,beta chain
70(b),K,R,-0.0626,349,70_b,370,beta chain
70(b),K,S,0.04925,349,70_b,370,beta chain
70(b),K,T,0.01286,349,70_b,370,beta chain
70(b),K,V,-0.2291,349,70_b,370,beta chain
70(b),K,W,-0.5984,349,70_b,370,beta chain
70(b),K,Y,0.009835,349,70_b,370,beta chain
71(a),K,A,-0.4506,72,71_a,93,alpha chain
71(a),K,C,0.00602,72,71_a,93,alpha chain
71(a),K,D,-0.6416,72,71_a,93,alpha chain
71(a),K,E,0.02771,72,71_a,93,alpha chain
71(a),K,F,-0.6927,72,71_a,93,alpha chain
71(a),K,G,-0.2614,72,71_a,93,alpha chain
71(a),K,H,-0.2386,72,71_a,93,alpha chain
71(a),K,I,-0.5251,72,71_a,93,alpha chain
71(a),K,L,-0.2392,72,71_a,93,alpha chain
71(a),K,M,-0.2177,72,71_a,93,alpha chain
71(a),K,N,-0.9216,72,71_a,93,alpha chain
71(a),K,P,-3.02,72,71_a,93,alpha chain
71(a),K,Q,-0.06266,72,71_a,93,alpha chain
71(a),K,R,0.1854,72,71_a,93,alpha chain
71(a),K,S,0.05955,72,71_a,93,alpha chain
71(a),K,T,0.1356,72,71_a,93,alpha chain
71(a),K,V,-0.1177,72,71_a,93,alpha chain
71(a),K,W,-0.6286,72,71_a,93,alpha chain
71(a),K,Y,-0.717,72,71_a,93,alpha chain
71(b),E,A,-0.2178,350,71_b,371,beta chain
71(b),E,C,-0.1906,350,71_b,371,beta chain
71(b),E,D,0.02035,350,71_b,371,beta chain
71(b),E,F,-0.182,350,71_b,371,beta chain
71(b),E,G,-0.00735,350,71_b,371,beta chain
71(b),E,H,-0.2571,350,71_b,371,beta chain
71(b),E,I,-0.0992,350,71_b,371,beta chain
71(b),E,K,-0.1462,350,71_b,371,beta chain
71(b),E,L,-0.4031,350,71_b,371,beta chain
71(b),E,M,-0.4196,350,71_b,371,beta chain
71(b),E,N,0.03938,350,71_b,371,beta chain
71(b),E,P,-0.4973,350,71_b,371,beta chain
71(b),E,Q,-0.0923,350,71_b,371,beta chain
71(b),E,R,-0.6747,350,71_b,371,beta chain
71(b),E,S,-0.1575,350,71_b,371,beta chain
71(b),E,T,-0.1967,350,71_b,371,beta chain
71(b),E,V,-0.3585,350,71_b,371,beta chain
71(b),E,W,-0.37,350,71_b,371,beta chain
71(b),E,Y,-0.4836,350,71_b,371,beta chain
72(a),Q,A,-0.1703,73,72_a,94,alpha chain
72(a),Q,C,-0.09175,73,72_a,94,alpha chain
72(a),Q,D,0.3249,73,72_a,94,alpha chain
72(a),Q,E,-0.4121,73,72_a,94,alpha chain
72(a),Q,F,-0.497,73,72_a,94,alpha chain
72(a),Q,G,0.09248,73,72_a,94,alpha chain
72(a),Q,H,0.0521,73,72_a,94,alpha chain
72(a),Q,I,-0.0913,73,72_a,94,alpha chain
72(a),Q,K,-0.03185,73,72_a,94,alpha chain
72(a),Q,L,-0.1486,73,72_a,94,alpha chain
72(a),Q,M,-0.195,73,72_a,94,alpha chain
72(a),Q,N,0.1099,73,72_a,94,alpha chain
72(a),Q,R,0.2644,73,72_a,94,alpha chain
72(a),Q,S,0.1862,73,72_a,94,alpha chain
72(a),Q,T,-0.0409,73,72_a,94,alpha chain
72(a),Q,V,-0.2603,73,72_a,94,alpha chain
72(a),Q,W,-1.194,73,72_a,94,alpha chain
72(a),Q,Y,-0.2299,73,72_a,94,alpha chain
72(b),R,A,-0.3885,351,72_b,372,beta chain
72(b),R,C,-0.7349,351,72_b,372,beta chain
72(b),R,D,-0.5526,351,72_b,372,beta chain
72(b),R,F,-0.8137,351,72_b,372,beta chain
72(b),R,G,-0.9536,351,72_b,372,beta chain
72(b),R,H,-0.4425,351,72_b,372,beta chain
72(b),R,I,-0.905,351,72_b,372,beta chain
72(b),R,K,-0.04818,351,72_b,372,beta chain
72(b),R,L,-0.3555,351,72_b,372,beta chain
72(b),R,M,-0.2398,351,72_b,372,beta chain
72(b),R,N,-0.6874,351,72_b,372,beta chain
72(b),R,P,-0.9605,351,72_b,372,beta chain
72(b),R,Q,-0.6188,351,72_b,372,beta chain
72(b),R,S,-0.7204,351,72_b,372,beta chain
72(b),R,T,-0.4165,351,72_b,372,beta chain
72(b),R,V,-1.175,351,72_b,372,beta chain
72(b),R,W,-0.836,351,72_b,372,beta chain
72(b),R,Y,-0.6644,351,72_b,372,beta chain
73(a),N,A,-1.539,74,73_a,95,alpha chain
73(a),N,C,-0.9504,74,73_a,95,alpha chain
73(a),N,D,-2.348,74,73_a,95,alpha chain
73(a),N,E,-2.715,74,73_a,95,alpha chain
73(a),N,F,-0.715,74,73_a,95,alpha chain
73(a),N,G,-1.05,74,73_a,95,alpha chain
73(a),N,H,-0.8822,74,73_a,95,alpha chain
73(a),N,I,-1.115,74,73_a,95,alpha chain
73(a),N,K,-0.9768,74,73_a,95,alpha chain
73(a),N,L,-1.014,74,73_a,95,alpha chain
73(a),N,M,-1.529,74,73_a,95,alpha chain
73(a),N,P,-6,74,73_a,95,alpha chain
73(a),N,Q,-1.448,74,73_a,95,alpha chain
73(a),N,R,-0.9329,74,73_a,95,alpha chain
73(a),N,S,-1.108,74,73_a,95,alpha chain
73(a),N,T,-1.081,74,73_a,95,alpha chain
73(a),N,V,-1.817,74,73_a,95,alpha chain
73(a),N,W,-0.8691,74,73_a,95,alpha chain
73(a),N,Y,-1.55,74,73_a,95,alpha chain
73(b),V,A,-0.02845,352,73_b,373,beta chain
73(b),V,C,-0.4478,352,73_b,373,beta chain
73(b),V,D,-0.5956,352,73_b,373,beta chain
73(b),V,E,0.4384,352,73_b,373,beta chain
73(b),V,F,0.1827,352,73_b,373,beta chain
73(b),V,G,-0.5142,352,73_b,373,beta chain
73(b),V,H,0.1699,352,73_b,373,beta chain
73(b),V,I,0.0139,352,73_b,373,beta chain
73(b),V,K,-1.442,352,73_b,373,beta chain
73(b),V,L,-0.1015,352,73_b,373,beta chain
73(b),V,M,0.07985,352,73_b,373,beta chain
73(b),V,N,-0.5982,352,73_b,373,beta chain
73(b),V,P,-0.791,352,73_b,373,beta chain
73(b),V,Q,-0.2838,352,73_b,373,beta chain
73(b),V,R,-1.032,352,73_b,373,beta chain
73(b),V,S,-0.1977,352,73_b,373,beta chain
73(b),V,W,0.4271,352,73_b,373,beta chain
73(b),V,Y,0.402,352,73_b,373,beta chain
74(a),M,A,-0.407,75,74_a,96,alpha chain
74(a),M,C,-0.2075,75,74_a,96,alpha chain
74(a),M,D,-1.445,75,74_a,96,alpha chain
74(a),M,E,-1.464,75,74_a,96,alpha chain
74(a),M,F,-0.6393,75,74_a,96,alpha chain
74(a),M,G,-0.6989,75,74_a,96,alpha chain
74(a),M,H,-1.118,75,74_a,96,alpha chain
74(a),M,I,-0.02548,75,74_a,96,alpha chain
74(a),M,K,-1.849,75,74_a,96,alpha chain
74(a),M,L,-0.4101,75,74_a,96,alpha chain
74(a),M,N,0.2086,75,74_a,96,alpha chain
74(a),M,P,-6,75,74_a,96,alpha chain
74(a),M,Q,-0.784,75,74_a,96,alpha chain
74(a),M,R,-1.994,75,74_a,96,alpha chain
74(a),M,S,-0.2084,75,74_a,96,alpha chain
74(a),M,T,0.2417,75,74_a,96,alpha chain
74(a),M,V,-0.01025,75,74_a,96,alpha chain
74(a),M,W,-0.9831,75,74_a,96,alpha chain
74(a),M,Y,-0.9081,75,74_a,96,alpha chain
74(b),R,A,-0.1075,353,74_b,374,beta chain
74(b),R,C,-0.007,353,74_b,374,beta chain
74(b),R,D,-0.2393,353,74_b,374,beta chain
74(b),R,E,0.1464,353,74_b,374,beta chain
74(b),R,F,-0.0126,353,74_b,374,beta chain
74(b),R,G,-0.7186,353,74_b,374,beta chain
74(b),R,H,0.05176,353,74_b,374,beta chain
74(b),R,I,0.2024,353,74_b,374,beta chain
74(b),R,K,-0.0567,353,74_b,374,beta chain
74(b),R,L,0.1552,353,74_b,374,beta chain
74(b),R,M,0.1156,353,74_b,374,beta chain
74(b),R,N,-0.1627,353,74_b,374,beta chain
74(b),R,P,-0.3706,353,74_b,374,beta chain
74(b),R,Q,-0.08267,353,74_b,374,beta chain
74(b),R,S,0.03415,353,74_b,374,beta chain
74(b),R,T,0.3,353,74_b,374,beta chain
74(b),R,V,-0.1456,353,74_b,374,beta chain
74(b),R,W,0.3346,353,74_b,374,beta chain
74(b),R,Y,-0.2958,353,74_b,374,beta chain
75(a),E,A,0.08845,76,75_a,97,alpha chain
75(a),E,C,-0.1402,76,75_a,97,alpha chain
75(a),E,D,-0.1835,76,75_a,97,alpha chain
75(a),E,G,0.2079,76,75_a,97,alpha chain
75(a),E,H,0.07678,76,75_a,97,alpha chain
75(a),E,K,-0.01185,76,75_a,97,alpha chain
75(a),E,L,0.5016,76,75_a,97,alpha chain
75(a),E,M,0.155,76,75_a,97,alpha chain
75(a),E,N,0.02145,76,75_a,97,alpha chain
75(a),E,P,-1.555,76,75_a,97,alpha chain
75(a),E,Q,0.4357,76,75_a,97,alpha chain
75(a),E,R,-0.0484,76,75_a,97,alpha chain
75(a),E,S,-4.149,76,75_a,97,alpha chain
75(a),E,T,-6,76,75_a,97,alpha chain
75(a),E,V,-0.1985,76,75_a,97,alpha chain
75(a),E,W,0.0884,76,75_a,97,alpha chain
75(a),E,Y,-0.5131,76,75_a,97,alpha chain
75(b),A,C,-0.027,354,75_b,375,beta chain
75(b),A,D,-0.105,354,75_b,375,beta chain
75(b),A,E,-0.03075,354,75_b,375,beta chain
75(b),A,F,-0.1866,354,75_b,375,beta chain
75(b),A,G,0.1537,354,75_b,375,beta chain
75(b),A,H,-0.1202,354,75_b,375,beta chain
75(b),A,I,0.06035,354,75_b,375,beta chain
75(b),A,K,-0.07695,354,75_b,375,beta chain
75(b),A,L,-0.1899,354,75_b,375,beta chain
75(b),A,M,0.1153,354,75_b,375,beta chain
75(b),A,N,0.1995,354,75_b,375,beta chain
75(b),A,P,-1.055,354,75_b,375,beta chain
75(b),A,R,-0.1011,354,75_b,375,beta chain
75(b),A,S,-0.0735,354,75_b,375,beta chain
75(b),A,T,0.368,354,75_b,375,beta chain
75(b),A,V,0.2349,354,75_b,375,beta chain
75(b),A,W,0.2901,354,75_b,375,beta chain
75(b),A,Y,0.1777,354,75_b,375,beta chain
76(a),I,A,-0.8357,77,76_a,98,alpha chain
76(a),I,C,0.008585,77,76_a,98,alpha chain
76(a),I,E,-0.3289,77,76_a,98,alpha chain
76(a),I,F,-0.8178,77,76_a,98,alpha chain
76(a),I,G,-0.7085,77,76_a,98,alpha chain
76(a),I,K,-0.287,77,76_a,98,alpha chain
76(a),I,L,0.0077,77,76_a,98,alpha chain
76(a),I,N,-0.7307,77,76_a,98,alpha chain
76(a),I,P,-2.183,77,76_a,98,alpha chain
76(a),I,Q,0.1851,77,76_a,98,alpha chain
76(a),I,R,-0.8969,77,76_a,98,alpha chain
76(a),I,S,-0.5141,77,76_a,98,alpha chain
76(a),I,T,0.0395,77,76_a,98,alpha chain
76(a),I,V,-0.199,77,76_a,98,alpha chain
76(a),I,W,-0.6108,77,76_a,98,alpha chain
76(a),I,Y,-0.9826,77,76_a,98,alpha chain
76(b),E,A,-0.8224,355,76_b,376,beta chain
76(b),E,C,-0.8051,355,76_b,376,beta chain
76(b),E,D,-0.6265,355,76_b,376,beta chain
76(b),E,F,-0.7669,355,76_b,376,beta chain
76(b),E,G,-0.5043,355,76_b,376,beta chain
76(b),E,H,-0.6675,355,76_b,376,beta chain
76(b),E,I,-1.097,355,76_b,376,beta chain
76(b),E,K,-1.115,355,76_b,376,beta chain
76(b),E,L,-1.085,355,76_b,376,beta chain
76(b),E,M,-1.306,355,76_b,376,beta chain
76(b),E,N,-1.175,355,76_b,376,beta chain
76(b),E,P,-1.395,355,76_b,376,beta chain
76(b),E,Q,-1.131,355,76_b,376,beta chain
76(b),E,R,-0.8947,355,76_b,376,beta chain
76(b),E,S,-0.6374,355,76_b,376,beta chain
76(b),E,T,-1.185,355,76_b,376,beta chain
76(b),E,V,-0.8003,355,76_b,376,beta chain
76(b),E,W,-1.127,355,76_b,376,beta chain
76(b),E,Y,-0.9234,355,76_b,376,beta chain
77(a),M,A,-0.1289,78,77_a,99,alpha chain
77(a),M,C,-0.4238,78,77_a,99,alpha chain
77(a),M,D,-1.653,78,77_a,99,alpha chain
77(a),M,E,-1.741,78,77_a,99,alpha chain
77(a),M,F,-0.6406,78,77_a,99,alpha chain
77(a),M,G,-0.8064,78,77_a,99,alpha chain
77(a),M,H,-0.8031,78,77_a,99,alpha chain
77(a),M,I,-0.6949,78,77_a,99,alpha chain
77(a),M,K,-0.7093,78,77_a,99,alpha chain
77(a),M,L,-0.5939,78,77_a,99,alpha chain
77(a),M,N,-0.8808,78,77_a,99,alpha chain
77(a),M,P,-4.397,78,77_a,99,alpha chain
77(a),M,Q,-0.7209,78,77_a,99,alpha chain
77(a),M,R,-0.5075,78,77_a,99,alpha chain
77(a),M,S,-0.6984,78,77_a,99,alpha chain
77(a),M,T,-0.828,78,77_a,99,alpha chain
77(a),M,V,-0.1907,78,77_a,99,alpha chain
77(a),M,W,-1.181,78,77_a,99,alpha chain
77(a),M,Y,-0.856,78,77_a,99,alpha chain
77(b),I,A,0.3168,356,77_b,377,beta chain
77(b),I,C,0.2747,356,77_b,377,beta chain
77(b),I,D,-1.958,356,77_b,377,beta chain
77(b),I,E,0.277,356,77_b,377,beta chain
77(b),I,F,0.3904,356,77_b,377,beta chain
77(b),I,G,0.5437,356,77_b,377,beta chain
77(b),I,H,-0.1508,356,77_b,377,beta chain
77(b),I,K,-0.04003,356,77_b,377,beta chain
77(b),I,L,0.5139,356,77_b,377,beta chain
77(b),I,M,0.07085,356,77_b,377,beta chain
77(b),I,N,-1.061,356,77_b,377,beta chain
77(b),I,P,-0.6673,356,77_b,377,beta chain
77(b),I,Q,-0.2676,356,77_b,377,beta chain
77(b),I,R,0.4361,356,77_b,377,beta chain
77(b),I,S,0.2517,356,77_b,377,beta chain
77(b),I,T,0.3893,356,77_b,377,beta chain
77(b),I,V,0.0102,356,77_b,377,beta chain
77(b),I,W,0.2067,356,77_b,377,beta chain
78(a),M,A,-0.0235,79,78_a,100,alpha chain
78(a),M,C,-0.2631,79,78_a,100,alpha chain
78(a),M,D,-0.3499,79,78_a,100,alpha chain
78(a),M,E,-0.6481,79,78_a,100,alpha chain
78(a),M,F,0.1762,79,78_a,100,alpha chain
78(a),M,G,-0.4305,79,78_a,100,alpha chain
78(a),M,H,-0.1553,79,78_a,100,alpha chain
78(a),M,I,-0.04077,79,78_a,100,alpha chain
78(a),M,K,-0.4338,79,78_a,100,alpha chain
78(a),M,L,0.1711,79,78_a,100,alpha chain
78(a),M,P,-3.444,79,78_a,100,alpha chain
78(a),M,Q,0.1585,79,78_a,100,alpha chain
78(a),M,R,0.01978,79,78_a,100,alpha chain
78(a),M,S,-0.4385,79,78_a,100,alpha chain
78(a),M,T,-0.2576,79,78_a,100,alpha chain
78(a),M,V,-0.0121,79,78_a,100,alpha chain
78(a),M,W,-0.3297,79,78_a,100,alpha chain
78(a),M,Y,-0.1429,79,78_a,100,alpha chain
78(b),D,A,-0.09393,357,78_b,378,beta chain
78(b),D,C,-0.119,357,78_b,378,beta chain
78(b),D,E,-0.2325,357,78_b,378,beta chain
78(b),D,F,0.2802,357,78_b,378,beta chain
78(b),D,G,0.1103,357,78_b,378,beta chain
78(b),D,H,0.1911,357,78_b,378,beta chain
78(b),D,I,0.3552,357,78_b,378,beta chain
78(b),D,K,0.1923,357,78_b,378,beta chain
78(b),D,L,0.2576,357,78_b,378,beta chain
78(b),D,M,0.3433,357,78_b,378,beta chain
78(b),D,N,0.1552,357,78_b,378,beta chain
78(b),D,P,-0.325,357,78_b,378,beta chain
78(b),D,Q,-0.191,357,78_b,378,beta chain
78(b),D,R,0.2245,357,78_b,378,beta chain
78(b),D,S,0.2412,357,78_b,378,beta chain
78(b),D,T,-0.002445,357,78_b,378,beta chain
78(b),D,V,0.1478,357,78_b,378,beta chain
78(b),D,W,0.1391,357,78_b,378,beta chain
78(b),D,Y,0.2155,357,78_b,378,beta chain
79(a),K,A,-0.1573,80,79_a,101,alpha chain
79(a),K,C,0.1507,80,79_a,101,alpha chain
79(a),K,D,-0.1784,80,79_a,101,alpha chain
79(a),K,E,-0.317,80,79_a,101,alpha chain
79(a),K,F,-0.2909,80,79_a,101,alpha chain
79(a),K,G,-0.2095,80,79_a,101,alpha chain
79(a),K,H,0.1883,80,79_a,101,alpha chain
79(a),K,I,-0.6865,80,79_a,101,alpha chain
79(a),K,L,-0.4264,80,79_a,101,alpha chain
79(a),K,M,-0.5854,80,79_a,101,alpha chain
79(a),K,N,-0.2767,80,79_a,101,alpha chain
79(a),K,P,-1.114,80,79_a,101,alpha chain
79(a),K,Q,0.08253,80,79_a,101,alpha chain
79(a),K,R,-0.3131,80,79_a,101,alpha chain
79(a),K,S,0.06315,80,79_a,101,alpha chain
79(a),K,T,-0.1506,80,79_a,101,alpha chain
79(a),K,V,-0.2314,80,79_a,101,alpha chain
79(a),K,W,-0.4531,80,79_a,101,alpha chain
79(a),K,Y,-0.1735,80,79_a,101,alpha chain
79(b),T,A,0.3527,358,79_b,379,beta chain
79(b),T,C,-0.04365,358,79_b,379,beta chain
79(b),T,D,-0.8156,358,79_b,379,beta chain
79(b),T,E,0.3407,358,79_b,379,beta chain
79(b),T,F,0.03397,358,79_b,379,beta chain
79(b),T,G,0.2509,358,79_b,379,beta chain
79(b),T,H,0.3732,358,79_b,379,beta chain
79(b),T,I,0.4062,358,79_b,379,beta chain
79(b),T,K,0.1266,358,79_b,379,beta chain
79(b),T,L,0.2814,358,79_b,379,beta chain
79(b),T,M,0.2468,358,79_b,379,beta chain
79(b),T,N,0.2583,358,79_b,379,beta chain
79(b),T,P,-0.5602,358,79_b,379,beta chain
79(b),T,Q,-0.02174,358,79_b,379,beta chain
79(b),T,R,0.0757,358,79_b,379,beta chain
79(b),T,S,-0.1577,358,79_b,379,beta chain
79(b),T,V,0.3448,358,79_b,379,beta chain
79(b),T,W,-0.1474,358,79_b,379,beta chain
79(b),T,Y,0.2963,358,79_b,379,beta chain
8(a),M,A,-0.09359,9,8_a,30,alpha chain
8(a),M,C,-0.1609,9,8_a,30,alpha chain
8(a),M,D,-0.4431,9,8_a,30,alpha chain
8(a),M,E,-0.2143,9,8_a,30,alpha chain
8(a),M,F,-0.1832,9,8_a,30,alpha chain
8(a),M,G,-0.2305,9,8_a,30,alpha chain
8(a),M,H,0.05615,9,8_a,30,alpha chain
8(a),M,I,0.0656,9,8_a,30,alpha chain
8(a),M,K,0.1392,9,8_a,30,alpha chain
8(a),M,L,-0.3706,9,8_a,30,alpha chain
8(a),M,N,-2.393,9,8_a,30,alpha chain
8(a),M,P,-3.254,9,8_a,30,alpha chain
8(a),M,Q,-0.1576,9,8_a,30,alpha chain
8(a),M,R,0.1501,9,8_a,30,alpha chain
8(a),M,S,0.552,9,8_a,30,alpha chain
8(a),M,T,0.0589,9,8_a,30,alpha chain
8(a),M,V,-0.5393,9,8_a,30,alpha chain
8(a),M,W,-0.5553,9,8_a,30,alpha chain
8(a),M,Y,-0.03077,9,8_a,30,alpha chain
8(b),F,A,-1.365,287,8_b,308,beta chain
8(b),F,C,-0.566,287,8_b,308,beta chain
8(b),F,D,-4.173,287,8_b,308,beta chain
8(b),F,E,-4.291,287,8_b,308,beta chain
8(b),F,G,-2.439,287,8_b,308,beta chain
8(b),F,H,-1.276,287,8_b,308,beta chain
8(b),F,I,0.004405,287,8_b,308,beta chain
8(b),F,K,-4.441,287,8_b,308,beta chain
8(b),F,L,-0.426,287,8_b,308,beta chain
8(b),F,M,-0.1939,287,8_b,308,beta chain
8(b),F,N,-2.787,287,8_b,308,beta chain
8(b),F,P,-3.157,287,8_b,308,beta chain
8(b),F,Q,-3.036,287,8_b,308,beta chain
8(b),F,R,-4.372,287,8_b,308,beta chain
8(b),F,S,-2.375,287,8_b,308,beta chain
8(b),F,T,-1.302,287,8_b,308,beta chain
8(b),F,V,-0.3399,287,8_b,308,beta chain
8(b),F,W,-0.5199,287,8_b,308,beta chain
8(b),F,Y,-0.1183,287,8_b,308,beta chain
80(a),R,A,-1.766,81,80_a,102,alpha chain
80(a),R,C,-2.141,81,80_a,102,alpha chain
80(a),R,D,-2.639,81,80_a,102,alpha chain
80(a),R,E,-2.343,81,80_a,102,alpha chain
80(a),R,F,-1.913,81,80_a,102,alpha chain
80(a),R,G,-2.745,81,80_a,102,alpha chain
80(a),R,H,-1.717,81,80_a,102,alpha chain
80(a),R,I,-1.466,81,80_a,102,alpha chain
80(a),R,K,-1.103,81,80_a,102,alpha chain
80(a),R,L,-1.389,81,80_a,102,alpha chain
80(a),R,M,-1.771,81,80_a,102,alpha chain
80(a),R,N,-1.615,81,80_a,102,alpha chain
80(a),R,P,-4.309,81,80_a,102,alpha chain
80(a),R,Q,-1.619,81,80_a,102,alpha chain
80(a),R,S,-2.159,81,80_a,102,alpha chain
80(a),R,T,-2.026,81,80_a,102,alpha chain
80(a),R,V,-1.397,81,80_a,102,alpha chain
80(a),R,W,-2.037,81,80_a,102,alpha chain
80(a),R,Y,-1.744,81,80_a,102,alpha chain
80(b),V,A,0.1034,359,80_b,380,beta chain
80(b),V,C,0.2231,359,80_b,380,beta chain
80(b),V,D,-1.845,359,80_b,380,beta chain
80(b),V,E,0.08663,359,80_b,380,beta chain
80(b),V,F,-0.6503,359,80_b,380,beta chain
80(b),V,G,-0.5892,359,80_b,380,beta chain
80(b),V,H,0.347,359,80_b,380,beta chain
80(b),V,I,-0.5252,359,80_b,380,beta chain
80(b),V,K,0.1841,359,80_b,380,beta chain
80(b),V,L,-0.3505,359,80_b,380,beta chain
80(b),V,M,-0.275,359,80_b,380,beta chain
80(b),V,N,0.3871,359,80_b,380,beta chain
80(b),V,P,-2.456,359,80_b,380,beta chain
80(b),V,Q,0.02523,359,80_b,380,beta chain
80(b),V,R,0.01106,359,80_b,380,beta chain
80(b),V,S,-0.0449,359,80_b,380,beta chain
80(b),V,T,-0.1247,359,80_b,380,beta chain
80(b),V,W,-0.6453,359,80_b,380,beta chain
80(b),V,Y,-0.159,359,80_b,380,beta chain
81(a),S,A,0.1541,82,81_a,103,alpha chain
81(a),S,C,0.1797,82,81_a,103,alpha chain
81(a),S,D,-0.06365,82,81_a,103,alpha chain
81(a),S,E,-0.8337,82,81_a,103,alpha chain
81(a),S,F,-0.811,82,81_a,103,alpha chain
81(a),S,G,-0.008508,82,81_a,103,alpha chain
81(a),S,H,-0.6428,82,81_a,103,alpha chain
81(a),S,I,-0.5635,82,81_a,103,alpha chain
81(a),S,K,-0.7346,82,81_a,103,alpha chain
81(a),S,L,-0.2998,82,81_a,103,alpha chain
81(a),S,M,-0.02317,82,81_a,103,alpha chain
81(a),S,N,0.137,82,81_a,103,alpha chain
81(a),S,P,-1.118,82,81_a,103,alpha chain
81(a),S,Q,-0.3425,82,81_a,103,alpha chain
81(a),S,R,0.01235,82,81_a,103,alpha chain
81(a),S,T,0.1694,82,81_a,103,alpha chain
81(a),S,V,-0.1626,82,81_a,103,alpha chain
81(a),S,W,-0.8027,82,81_a,103,alpha chain
81(a),S,Y,-0.2389,82,81_a,103,alpha chain
81(b),C,A,-2.634,360,81_b,381,beta chain
81(b),C,D,-6,360,81_b,381,beta chain
81(b),C,E,-5.906,360,81_b,381,beta chain
81(b),C,F,-1.906,360,81_b,381,beta chain
81(b),C,G,-5.067,360,81_b,381,beta chain
81(b),C,H,-4.741,360,81_b,381,beta chain
81(b),C,I,-1.144,360,81_b,381,beta chain
81(b),C,K,-3.42,360,81_b,381,beta chain
81(b),C,L,-1.482,360,81_b,381,beta chain
81(b),C,M,-1.352,360,81_b,381,beta chain
81(b),C,N,-4.843,360,81_b,381,beta chain
81(b),C,P,-6,360,81_b,381,beta chain
81(b),C,Q,-4.048,360,81_b,381,beta chain
81(b),C,R,-4.278,360,81_b,381,beta chain
81(b),C,S,-3.818,360,81_b,381,beta chain
81(b),C,T,-3.3,360,81_b,381,beta chain
81(b),C,V,-1.876,360,81_b,381,beta chain
81(b),C,W,-3.437,360,81_b,381,beta chain
81(b),C,Y,-3.713,360,81_b,381,beta chain
82(a),N,A,-0.00321,83,82_a,104,alpha chain
82(a),N,C,-0.03865,83,82_a,104,alpha chain
82(a),N,D,-0.1614,83,82_a,104,alpha chain
82(a),N,E,-0.1654,83,82_a,104,alpha chain
82(a),N,F,-0.3015,83,82_a,104,alpha chain
82(a),N,G,0.2387,83,82_a,104,alpha chain
82(a),N,H,-0.3023,83,82_a,104,alpha chain
82(a),N,K,0.42,83,82_a,104,alpha chain
82(a),N,L,-0.1217,83,82_a,104,alpha chain
82(a),N,M,0.3931,83,82_a,104,alpha chain
82(a),N,P,-0.5756,83,82_a,104,alpha chain
82(a),N,Q,-0.4267,83,82_a,104,alpha chain
82(a),N,R,-0.2363,83,82_a,104,alpha chain
82(a),N,S,0.05179,83,82_a,104,alpha chain
82(a),N,T,-0.2371,83,82_a,104,alpha chain
82(a),N,V,-0.2222,83,82_a,104,alpha chain
82(a),N,W,-0.2261,83,82_a,104,alpha chain
82(a),N,Y,-0.2285,83,82_a,104,alpha chain
82(b),R,A,0.1102,361,82_b,382,beta chain
82(b),R,C,-0.09959,361,82_b,382,beta chain
82(b),R,D,-0.5084,361,82_b,382,beta chain
82(b),R,E,-0.6066,361,82_b,382,beta chain
82(b),R,F,-0.4048,361,82_b,382,beta chain
82(b),R,G,-0.3838,361,82_b,382,beta chain
82(b),R,H,-0.2005,361,82_b,382,beta chain
82(b),R,I,0.0514,361,82_b,382,beta chain
82(b),R,K,0.1455,361,82_b,382,beta chain
82(b),R,L,-0.3567,361,82_b,382,beta chain
82(b),R,M,-0.3086,361,82_b,382,beta chain
82(b),R,N,-0.1746,361,82_b,382,beta chain
82(b),R,P,0.1109,361,82_b,382,beta chain
82(b),R,Q,0.1276,361,82_b,382,beta chain
82(b),R,S,0.2961,361,82_b,382,beta chain
82(b),R,T,0.09137,361,82_b,382,beta chain
82(b),R,V,0.005925,361,82_b,382,beta chain
82(b),R,W,-0.9655,361,82_b,382,beta chain
82(b),R,Y,-0.1594,361,82_b,382,beta chain
83(a),R,A,0.4095,84,83_a,105,alpha chain
83(a),R,C,0.1256,84,83_a,105,alpha chain
83(a),R,D,0.138,84,83_a,105,alpha chain
83(a),R,E,0.09119,84,83_a,105,alpha chain
83(a),R,G,0.1989,84,83_a,105,alpha chain
83(a),R,H,0.02026,84,83_a,105,alpha chain
83(a),R,I,-0.5685,84,83_a,105,alpha chain
83(a),R,K,0.3977,84,83_a,105,alpha chain
83(a),R,L,-0.2198,84,83_a,105,alpha chain
83(a),R,N,0.4895,84,83_a,105,alpha chain
83(a),R,P,-1.188,84,83_a,105,alpha chain
83(a),R,Q,-0.02216,84,83_a,105,alpha chain
83(a),R,S,-0.3468,84,83_a,105,alpha chain
83(a),R,T,0.00275,84,83_a,105,alpha chain
83(a),R,V,-0.3975,84,83_a,105,alpha chain
83(a),R,W,-0.05215,84,83_a,105,alpha chain
83(a),R,Y,0.2896,84,83_a,105,alpha chain
83(b),H,A,-0.9731,362,83_b,383,beta chain
83(b),H,C,-0.7056,362,83_b,383,beta chain
83(b),H,D,-1.144,362,83_b,383,beta chain
83(b),H,E,-0.9986,362,83_b,383,beta chain
83(b),H,F,-0.4388,362,83_b,383,beta chain
83(b),H,G,-0.5227,362,83_b,383,beta chain
83(b),H,I,-0.9976,362,83_b,383,beta chain
83(b),H,K,-1.058,362,83_b,383,beta chain
83(b),H,L,-0.9666,362,83_b,383,beta chain
83(b),H,N,-0.6149,362,83_b,383,beta chain
83(b),H,P,0.0276,362,83_b,383,beta chain
83(b),H,Q,-0.773,362,83_b,383,beta chain
83(b),H,R,-0.7731,362,83_b,383,beta chain
83(b),H,S,-1.034,362,83_b,383,beta chain
83(b),H,T,-0.9658,362,83_b,383,beta chain
83(b),H,V,-0.6509,362,83_b,383,beta chain
83(b),H,W,-0.5866,362,83_b,383,beta chain
83(b),H,Y,-0.3176,362,83_b,383,beta chain
84(a),S,A,-0.0381,85,84_a,106,alpha chain
84(a),S,C,-0.1206,85,84_a,106,alpha chain
84(a),S,F,-0.4067,85,84_a,106,alpha chain
84(a),S,I,0.03203,85,84_a,106,alpha chain
84(a),S,K,-0.01574,85,84_a,106,alpha chain
84(a),S,L,-0.01042,85,84_a,106,alpha chain
84(a),S,M,0.107,85,84_a,106,alpha chain
84(a),S,N,-0.1259,85,84_a,106,alpha chain
84(a),S,P,-1.47,85,84_a,106,alpha chain
84(a),S,Q,-0.05558,85,84_a,106,alpha chain
84(a),S,R,-0.032,85,84_a,106,alpha chain
84(a),S,T,-0.0671,85,84_a,106,alpha chain
84(a),S,V,-0.2477,85,84_a,106,alpha chain
84(a),S,W,-0.1855,85,84_a,106,alpha chain
84(a),S,Y,-0.0309,85,84_a,106,alpha chain
84(b),N,A,-1.055,363,84_b,384,beta chain
84(b),N,C,-1.274,363,84_b,384,beta chain
84(b),N,D,0.447,363,84_b,384,beta chain
84(b),N,E,-1.849,363,84_b,384,beta chain
84(b),N,F,-1.434,363,84_b,384,beta chain
84(b),N,G,-0.7201,363,84_b,384,beta chain
84(b),N,H,-1.675,363,84_b,384,beta chain
84(b),N,I,-1.723,363,84_b,384,beta chain
84(b),N,K,-1.482,363,84_b,384,beta chain
84(b),N,L,-1.619,363,84_b,384,beta chain
84(b),N,M,-1.451,363,84_b,384,beta chain
84(b),N,P,-1.128,363,84_b,384,beta chain
84(b),N,Q,-1.481,363,84_b,384,beta chain
84(b),N,R,-2.981,363,84_b,384,beta chain
84(b),N,S,-0.9315,363,84_b,384,beta chain
84(b),N,T,-1.309,363,84_b,384,beta chain
84(b),N,V,-1.741,363,84_b,384,beta chain
84(b),N,W,-2.037,363,84_b,384,beta chain
84(b),N,Y,-2.134,363,84_b,384,beta chain
85(a),Q,A,-0.09194,86,85_a,107,alpha chain
85(a),Q,E,-0.01555,86,85_a,107,alpha chain
85(a),Q,H,0.347,86,85_a,107,alpha chain
85(a),Q,I,0.331,86,85_a,107,alpha chain
85(a),Q,K,0.1811,86,85_a,107,alpha chain
85(a),Q,M,0.07356,86,85_a,107,alpha chain
85(a),Q,N,-0.2207,86,85_a,107,alpha chain
85(a),Q,R,0.3315,86,85_a,107,alpha chain
85(a),Q,S,-0.06155,86,85_a,107,alpha chain
85(a),Q,T,0.464,86,85_a,107,alpha chain
85(a),Q,V,-0.2676,86,85_a,107,alpha chain
85(b),Y,A,-0.6422,364,85_b,385,beta chain
85(b),Y,C,-0.571,364,85_b,385,beta chain
85(b),Y,D,-1.202,364,85_b,385,beta chain
85(b),Y,E,-0.9856,364,85_b,385,beta chain
85(b),Y,F,-0.1196,364,85_b,385,beta chain
85(b),Y,G,-0.7743,364,85_b,385,beta chain
85(b),Y,I,-0.115,364,85_b,385,beta chain
85(b),Y,K,-0.7858,364,85_b,385,beta chain
85(b),Y,L,-0.1473,364,85_b,385,beta chain
85(b),Y,M,-0.3031,364,85_b,385,beta chain
85(b),Y,N,-0.6009,364,85_b,385,beta chain
85(b),Y,P,-1.582,364,85_b,385,beta chain
85(b),Y,Q,-0.5704,364,85_b,385,beta chain
85(b),Y,R,-0.7297,364,85_b,385,beta chain
85(b),Y,S,-0.6303,364,85_b,385,beta chain
85(b),Y,T,-0.8168,364,85_b,385,beta chain
85(b),Y,V,-0.3027,364,85_b,385,beta chain
85(b),Y,W,0.06995,364,85_b,385,beta chain
86(a),G,A,0.1852,87,86_a,108,alpha chain
86(a),G,C,0.2966,87,86_a,108,alpha chain
86(a),G,D,-0.02713,87,86_a,108,alpha chain
86(a),G,E,-0.1464,87,86_a,108,alpha chain
86(a),G,F,-0.3818,87,86_a,108,alpha chain
86(a),G,H,0.2538,87,86_a,108,alpha chain
86(a),G,I,-0.2868,87,86_a,108,alpha chain
86(a),G,K,0.2787,87,86_a,108,alpha chain
86(a),G,L,-0.8288,87,86_a,108,alpha chain
86(a),G,M,0.1811,87,86_a,108,alpha chain
86(a),G,N,-0.4207,87,86_a,108,alpha chain
86(a),G,P,-0.00135,87,86_a,108,alpha chain
86(a),G,Q,-0.09495,87,86_a,108,alpha chain
86(a),G,R,-0.2635,87,86_a,108,alpha chain
86(a),G,S,0.2386,87,86_a,108,alpha chain
86(a),G,T,-0.06124,87,86_a,108,alpha chain
86(a),G,V,-0.1659,87,86_a,108,alpha chain
86(a),G,W,0.08495,87,86_a,108,alpha chain
86(a),G,Y,0.04705,87,86_a,108,alpha chain
86(b),F,A,-1.076,365,86_b,386,beta chain
86(b),F,C,-1.106,365,86_b,386,beta chain
86(b),F,D,-0.9992,365,86_b,386,beta chain
86(b),F,E,-0.7071,365,86_b,386,beta chain
86(b),F,G,-1.418,365,86_b,386,beta chain
86(b),F,H,-0.9199,365,86_b,386,beta chain
86(b),F,I,-0.7019,365,86_b,386,beta chain
86(b),F,K,-0.9913,365,86_b,386,beta chain
86(b),F,L,-0.9956,365,86_b,386,beta chain
86(b),F,M,-0.671,365,86_b,386,beta chain
86(b),F,N,-0.6497,365,86_b,386,beta chain
86(b),F,P,-0.5677,365,86_b,386,beta chain
86(b),F,Q,-0.6401,365,86_b,386,beta chain
86(b),F,R,-0.8737,365,86_b,386,beta chain
86(b),F,S,-1.944,365,86_b,386,beta chain
86(b),F,T,-1.555,365,86_b,386,beta chain
86(b),F,V,-0.7308,365,86_b,386,beta chain
86(b),F,W,-0.8935,365,86_b,386,beta chain
86(b),F,Y,-0.8359,365,86_b,386,beta chain
87(a),T,A,0.1209,88,87_a,109,alpha chain
87(a),T,C,0.0378,88,87_a,109,alpha chain
87(a),T,D,-0.1994,88,87_a,109,alpha chain
87(a),T,E,0.3418,88,87_a,109,alpha chain
87(a),T,F,0.1297,88,87_a,109,alpha chain
87(a),T,G,-0.0617,88,87_a,109,alpha chain
87(a),T,H,0.06855,88,87_a,109,alpha chain
87(a),T,I,0.00695,88,87_a,109,alpha chain
87(a),T,K,0.06823,88,87_a,109,alpha chain
87(a),T,L,0.67,88,87_a,109,alpha chain
87(a),T,M,0.0304,88,87_a,109,alpha chain
87(a),T,N,0.2329,88,87_a,109,alpha chain
87(a),T,P,-0.3144,88,87_a,109,alpha chain
87(a),T,Q,-0.04125,88,87_a,109,alpha chain
87(a),T,R,-0.03559,88,87_a,109,alpha chain
87(a),T,S,-0.06635,88,87_a,109,alpha chain
87(a),T,W,-0.05423,88,87_a,109,alpha chain
87(a),T,Y,-0.1817,88,87_a,109,alpha chain
87(b),M,A,-0.1332,366,87_b,387,beta chain
87(b),M,C,-0.115,366,87_b,387,beta chain
87(b),M,D,-0.8679,366,87_b,387,beta chain
87(b),M,E,-0.7415,366,87_b,387,beta chain
87(b),M,F,-0.6413,366,87_b,387,beta chain
87(b),M,G,-0.4446,366,87_b,387,beta chain
87(b),M,H,-0.6358,366,87_b,387,beta chain
87(b),M,I,-0.9178,366,87_b,387,beta chain
87(b),M,K,-0.6676,366,87_b,387,beta chain
87(b),M,L,-0.2455,366,87_b,387,beta chain
87(b),M,N,-0.9829,366,87_b,387,beta chain
87(b),M,P,-1.23,366,87_b,387,beta chain
87(b),M,Q,-0.7667,366,87_b,387,beta chain
87(b),M,R,-0.8394,366,87_b,387,beta chain
87(b),M,S,-0.3225,366,87_b,387,beta chain
87(b),M,T,-0.7199,366,87_b,387,beta chain
87(b),M,V,-0.6749,366,87_b,387,beta chain
87(b),M,W,-0.7188,366,87_b,387,beta chain
87(b),M,Y,-0.8004,366,87_b,387,beta chain
88(a),I,A,-0.0624,89,88_a,110,alpha chain
88(a),I,C,-0.03106,89,88_a,110,alpha chain
88(a),I,D,-0.2323,89,88_a,110,alpha chain
88(a),I,E,-0.1709,89,88_a,110,alpha chain
88(a),I,F,-0.1024,89,88_a,110,alpha chain
88(a),I,G,-0.2906,89,88_a,110,alpha chain
88(a),I,H,0.1928,89,88_a,110,alpha chain
88(a),I,K,-0.01289,89,88_a,110,alpha chain
88(a),I,L,0.06322,89,88_a,110,alpha chain
88(a),I,M,-0.1227,89,88_a,110,alpha chain
88(a),I,N,0.193,89,88_a,110,alpha chain
88(a),I,P,-0.4171,89,88_a,110,alpha chain
88(a),I,Q,-0.2076,89,88_a,110,alpha chain
88(a),I,R,0.0871,89,88_a,110,alpha chain
88(a),I,S,-0.1336,89,88_a,110,alpha chain
88(a),I,T,0.06735,89,88_a,110,alpha chain
88(a),I,V,0.3735,89,88_a,110,alpha chain
88(a),I,W,-0.03168,89,88_a,110,alpha chain
88(a),I,Y,-0.1265,89,88_a,110,alpha chain
88(b),A,C,-0.2577,367,88_b,388,beta chain
88(b),A,D,-0.9685,367,88_b,388,beta chain
88(b),A,E,-0.5479,367,88_b,388,beta chain
88(b),A,F,-0.8969,367,88_b,388,beta chain
88(b),A,G,-0.3434,367,88_b,388,beta chain
88(b),A,H,-0.4704,367,88_b,388,beta chain
88(b),A,I,-0.986,367,88_b,388,beta chain
88(b),A,K,-0.3155,367,88_b,388,beta chain
88(b),A,L,-0.6267,367,88_b,388,beta chain
88(b),A,M,-0.9464,367,88_b,388,beta chain
88(b),A,N,-1.054,367,88_b,388,beta chain
88(b),A,P,-0.952,367,88_b,388,beta chain
88(b),A,Q,-0.5484,367,88_b,388,beta chain
88(b),A,R,-0.2579,367,88_b,388,beta chain
88(b),A,S,-0.08831,367,88_b,388,beta chain
88(b),A,T,0.0039,367,88_b,388,beta chain
88(b),A,V,-0.6834,367,88_b,388,beta chain
88(b),A,W,-0.9075,367,88_b,388,beta chain
88(b),A,Y,-0.6341,367,88_b,388,beta chain
89(a),A,C,-0.1142,90,89_a,111,alpha chain
89(a),A,D,0.1306,90,89_a,111,alpha chain
89(a),A,E,-0.3106,90,89_a,111,alpha chain
89(a),A,F,-0.05335,90,89_a,111,alpha chain
89(a),A,G,0.0153,90,89_a,111,alpha chain
89(a),A,H,-0.2598,90,89_a,111,alpha chain
89(a),A,I,0.2179,90,89_a,111,alpha chain
89(a),A,K,-0.2323,90,89_a,111,alpha chain
89(a),A,L,0.2425,90,89_a,111,alpha chain
89(a),A,M,-0.1014,90,89_a,111,alpha chain
89(a),A,N,-0.1897,90,89_a,111,alpha chain
89(a),A,P,-1.54,90,89_a,111,alpha chain
89(a),A,Q,0.4108,90,89_a,111,alpha chain
89(a),A,R,-0.1196,90,89_a,111,alpha chain
89(a),A,S,-0.0557,90,89_a,111,alpha chain
89(a),A,T,-0.1059,90,89_a,111,alpha chain
89(a),A,V,0.06029,90,89_a,111,alpha chain
89(a),A,W,0.2006,90,89_a,111,alpha chain
89(a),A,Y,-0.2274,90,89_a,111,alpha chain
89(b),S,A,0.1742,368,89_b,389,beta chain
89(b),S,C,-0.2617,368,89_b,389,beta chain
89(b),S,D,-0.3222,368,89_b,389,beta chain
89(b),S,E,0.1737,368,89_b,389,beta chain
89(b),S,F,-0.08795,368,89_b,389,beta chain
89(b),S,G,-0.2973,368,89_b,389,beta chain
89(b),S,H,-0.0538,368,89_b,389,beta chain
89(b),S,I,0.2833,368,89_b,389,beta chain
89(b),S,K,-0.4048,368,89_b,389,beta chain
89(b),S,L,-0.3232,368,89_b,389,beta chain
89(b),S,M,-0.0573,368,89_b,389,beta chain
89(b),S,N,0.1255,368,89_b,389,beta chain
89(b),S,P,-0.03227,368,89_b,389,beta chain
89(b),S,Q,0.005685,368,89_b,389,beta chain
89(b),S,R,0.03516,368,89_b,389,beta chain
89(b),S,T,0.1741,368,89_b,389,beta chain
89(b),S,V,0.09118,368,89_b,389,beta chain
89(b),S,W,-0.307,368,89_b,389,beta chain
89(b),S,Y,0.2824,368,89_b,389,beta chain
9(a),Q,A,-0.3456,10,9_a,31,alpha chain
9(a),Q,D,-0.2884,10,9_a,31,alpha chain
9(a),Q,E,-0.4186,10,9_a,31,alpha chain
9(a),Q,F,0.3093,10,9_a,31,alpha chain
9(a),Q,G,-1.803,10,9_a,31,alpha chain
9(a),Q,H,-1.072,10,9_a,31,alpha chain
9(a),Q,I,-0.7016,10,9_a,31,alpha chain
9(a),Q,K,-1.231,10,9_a,31,alpha chain
9(a),Q,L,-0.3693,10,9_a,31,alpha chain
9(a),Q,M,-0.5477,10,9_a,31,alpha chain
9(a),Q,N,-1.577,10,9_a,31,alpha chain
9(a),Q,P,-2.762,10,9_a,31,alpha chain
9(a),Q,R,-2.588,10,9_a,31,alpha chain
9(a),Q,S,-1.103,10,9_a,31,alpha chain
9(a),Q,T,0.06975,10,9_a,31,alpha chain
9(a),Q,V,-0.08565,10,9_a,31,alpha chain
9(a),Q,W,-1.529,10,9_a,31,alpha chain
9(a),Q,Y,-1.588,10,9_a,31,alpha chain
9(b),F,A,-0.3731,288,9_b,309,beta chain
9(b),F,C,-0.29,288,9_b,309,beta chain
9(b),F,D,0.2786,288,9_b,309,beta chain
9(b),F,E,-0.3567,288,9_b,309,beta chain
9(b),F,G,-0.9049,288,9_b,309,beta chain
9(b),F,H,-0.2064,288,9_b,309,beta chain
9(b),F,I,-0.6256,288,9_b,309,beta chain
9(b),F,K,-2.505,288,9_b,309,beta chain
9(b),F,L,-0.6767,288,9_b,309,beta chain
9(b),F,M,-0.3506,288,9_b,309,beta chain
9(b),F,N,-0.2331,288,9_b,309,beta chain
9(b),F,P,-6,288,9_b,309,beta chain
9(b),F,Q,-0.04055,288,9_b,309,beta chain
9(b),F,R,-1.056,288,9_b,309,beta chain
9(b),F,S,-0.6248,288,9_b,309,beta chain
9(b),F,T,-0.3709,288,9_b,309,beta chain
9(b),F,V,-0.7602,288,9_b,309,beta chain
9(b),F,W,0.2487,288,9_b,309,beta chain
9(b),F,Y,-0.2298,288,9_b,309,beta chain
90(a),P,A,0.06083,91,90_a,112,alpha chain
90(a),P,C,0.08605,91,90_a,112,alpha chain
90(a),P,D,0.1968,91,90_a,112,alpha chain
90(a),P,E,-0.04088,91,90_a,112,alpha chain
90(a),P,F,0.4304,91,90_a,112,alpha chain
90(a),P,G,0.07609,91,90_a,112,alpha chain
90(a),P,H,0.1428,91,90_a,112,alpha chain
90(a),P,I,0.1835,91,90_a,112,alpha chain
90(a),P,K,0.2933,91,90_a,112,alpha chain
90(a),P,L,0.5097,91,90_a,112,alpha chain
90(a),P,M,0.2066,91,90_a,112,alpha chain
90(a),P,N,0.1223,91,90_a,112,alpha chain
90(a),P,Q,0.04875,91,90_a,112,alpha chain
90(a),P,R,0.3368,91,90_a,112,alpha chain
90(a),P,S,-0.1372,91,90_a,112,alpha chain
90(a),P,T,-0.05337,91,90_a,112,alpha chain
90(a),P,V,0.3657,91,90_a,112,alpha chain
90(a),P,W,-0.6687,91,90_a,112,alpha chain
90(a),P,Y,-0.1511,91,90_a,112,alpha chain
90(b),F,A,-0.7581,369,90_b,390,beta chain
90(b),F,C,-0.866,369,90_b,390,beta chain
90(b),F,D,-0.7231,369,90_b,390,beta chain
90(b),F,E,-0.9866,369,90_b,390,beta chain
90(b),F,G,-0.6411,369,90_b,390,beta chain
90(b),F,H,-0.4338,369,90_b,390,beta chain
90(b),F,I,-0.898,369,90_b,390,beta chain
90(b),F,K,-0.8128,369,90_b,390,beta chain
90(b),F,L,-0.6355,369,90_b,390,beta chain
90(b),F,M,-0.6534,369,90_b,390,beta chain
90(b),F,N,-0.6201,369,90_b,390,beta chain
90(b),F,P,-0.6051,369,90_b,390,beta chain
90(b),F,Q,-0.6855,369,90_b,390,beta chain
90(b),F,R,-1.268,369,90_b,390,beta chain
90(b),F,S,-0.7295,369,90_b,390,beta chain
90(b),F,T,-0.6882,369,90_b,390,beta chain
90(b),F,V,-0.7555,369,90_b,390,beta chain
90(b),F,W,0.157,369,90_b,390,beta chain
90(b),F,Y,-0.2109,369,90_b,390,beta chain
91(a),P,A,0.1072,92,91_a,113,alpha chain
91(a),P,C,-0.2692,92,91_a,113,alpha chain
91(a),P,D,-2.936,92,91_a,113,alpha chain
91(a),P,E,-2.144,92,91_a,113,alpha chain
91(a),P,F,-1.889,92,91_a,113,alpha chain
91(a),P,G,-0.2068,92,91_a,113,alpha chain
91(a),P,H,-1.819,92,91_a,113,alpha chain
91(a),P,I,-1.413,92,91_a,113,alpha chain
91(a),P,K,-2.288,92,91_a,113,alpha chain
91(a),P,L,-2.212,92,91_a,113,alpha chain
91(a),P,M,-0.9038,92,91_a,113,alpha chain
91(a),P,N,-2.369,92,91_a,113,alpha chain
91(a),P,Q,-1.578,92,91_a,113,alpha chain
91(a),P,R,-2.226,92,91_a,113,alpha chain
91(a),P,S,-1.083,92,91_a,113,alpha chain
91(a),P,T,-1.54,92,91_a,113,alpha chain
91(a),P,V,-0.6998,92,91_a,113,alpha chain
91(a),P,W,-2.849,92,91_a,113,alpha chain
91(a),P,Y,-1.968,92,91_a,113,alpha chain
91(b),T,A,-0.9591,370,91_b,391,beta chain
91(b),T,C,-0.612,370,91_b,391,beta chain
91(b),T,D,-0.8906,370,91_b,391,beta chain
91(b),T,E,-0.7658,370,91_b,391,beta chain
91(b),T,F,-1.009,370,91_b,391,beta chain
91(b),T,G,-1.14,370,91_b,391,beta chain
91(b),T,H,-0.8884,370,91_b,391,beta chain
91(b),T,I,-0.5091,370,91_b,391,beta chain
91(b),T,K,-1.113,370,91_b,391,beta chain
91(b),T,L,-0.5346,370,91_b,391,beta chain
91(b),T,M,-1.2,370,91_b,391,beta chain
91(b),T,N,-0.5031,370,91_b,391,beta chain
91(b),T,P,-0.8486,370,91_b,391,beta chain
91(b),T,Q,-1.03,370,91_b,391,beta chain
91(b),T,R,-0.9121,370,91_b,391,beta chain
91(b),T,S,-0.873,370,91_b,391,beta chain
91(b),T,V,-0.8368,370,91_b,391,beta chain
91(b),T,W,-0.8676,370,91_b,391,beta chain
91(b),T,Y,-1.442,370,91_b,391,beta chain
92(a),E,A,-0.3048,93,92_a,114,alpha chain
92(a),E,C,0.4063,93,92_a,114,alpha chain
92(a),E,D,0.5092,93,92_a,114,alpha chain
92(a),E,F,-0.3952,93,92_a,114,alpha chain
92(a),E,G,0.1319,93,92_a,114,alpha chain
92(a),E,H,-0.0949,93,92_a,114,alpha chain
92(a),E,I,-0.1965,93,92_a,114,alpha chain
92(a),E,K,0.03565,93,92_a,114,alpha chain
92(a),E,L,0.1321,93,92_a,114,alpha chain
92(a),E,M,0.03262,93,92_a,114,alpha chain
92(a),E,N,-0.0747,93,92_a,114,alpha chain
92(a),E,P,-1.101,93,92_a,114,alpha chain
92(a),E,Q,0.3038,93,92_a,114,alpha chain
92(a),E,R,-0.1006,93,92_a,114,alpha chain
92(a),E,T,0.3896,93,92_a,114,alpha chain
92(a),E,V,0.08185,93,92_a,114,alpha chain
92(a),E,W,0.2032,93,92_a,114,alpha chain
92(a),E,Y,-0.2067,93,92_a,114,alpha chain
92(b),V,A,-0.947,371,92_b,392,beta chain
92(b),V,C,-0.2982,371,92_b,392,beta chain
92(b),V,D,-0.8114,371,92_b,392,beta chain
92(b),V,E,-0.7729,371,92_b,392,beta chain
92(b),V,F,-0.5515,371,92_b,392,beta chain
92(b),V,G,-0.5284,371,92_b,392,beta chain
92(b),V,H,-0.8697,371,92_b,392,beta chain
92(b),V,I,0.08435,371,92_b,392,beta chain
92(b),V,K,-0.597,371,92_b,392,beta chain
92(b),V,L,-0.1635,371,92_b,392,beta chain
92(b),V,M,-0.8916,371,92_b,392,beta chain
92(b),V,N,-0.8328,371,92_b,392,beta chain
92(b),V,P,-0.7755,371,92_b,392,beta chain
92(b),V,Q,-0.7027,371,92_b,392,beta chain
92(b),V,R,-0.9018,371,92_b,392,beta chain
92(b),V,S,-0.9354,371,92_b,392,beta chain
92(b),V,T,-0.3503,371,92_b,392,beta chain
92(b),V,W,-0.9431,371,92_b,392,beta chain
92(b),V,Y,-0.5106,371,92_b,392,beta chain
93(a),V,A,0.1791,94,93_a,115,alpha chain
93(a),V,C,0.3239,94,93_a,115,alpha chain
93(a),V,D,-0.1549,94,93_a,115,alpha chain
93(a),V,E,-0.3773,94,93_a,115,alpha chain
93(a),V,F,-0.2086,94,93_a,115,alpha chain
93(a),V,G,-0.1174,94,93_a,115,alpha chain
93(a),V,H,-0.0746,94,93_a,115,alpha chain
93(a),V,I,0.2719,94,93_a,115,alpha chain
93(a),V,K,-0.09984,94,93_a,115,alpha chain
93(a),V,L,-0.3229,94,93_a,115,alpha chain
93(a),V,M,0.1229,94,93_a,115,alpha chain
93(a),V,N,0.03052,94,93_a,115,alpha chain
93(a),V,P,0.00505,94,93_a,115,alpha chain
93(a),V,Q,0.07085,94,93_a,115,alpha chain
93(a),V,R,0.0485,94,93_a,115,alpha chain
93(a),V,S,0.3949,94,93_a,115,alpha chain
93(a),V,T,-0.00699,94,93_a,115,alpha chain
93(a),V,W,-0.24,94,93_a,115,alpha chain
93(a),V,Y,0.05525,94,93_a,115,alpha chain
93(b),D,A,-0.5346,372,93_b,393,beta chain
93(b),D,C,-0.16,372,93_b,393,beta chain
93(b),D,E,-0.3039,372,93_b,393,beta chain
93(b),D,F,-0.1348,372,93_b,393,beta chain
93(b),D,G,-0.1576,372,93_b,393,beta chain
93(b),D,H,-0.1133,372,93_b,393,beta chain
93(b),D,I,-0.4599,372,93_b,393,beta chain
93(b),D,K,-0.211,372,93_b,393,beta chain
93(b),D,L,0.0601,372,93_b,393,beta chain
93(b),D,M,0.0616,372,93_b,393,beta chain
93(b),D,N,-0.04353,372,93_b,393,beta chain
93(b),D,P,-0.8536,372,93_b,393,beta chain
93(b),D,Q,-0.3131,372,93_b,393,beta chain
93(b),D,R,-0.4338,372,93_b,393,beta chain
93(b),D,S,-0.3987,372,93_b,393,beta chain
93(b),D,T,-0.6335,372,93_b,393,beta chain
93(b),D,V,-0.747,372,93_b,393,beta chain
93(b),D,W,-0.4552,372,93_b,393,beta chain
93(b),D,Y,-0.3395,372,93_b,393,beta chain
94(a),T,A,0.1253,95,94_a,116,alpha chain
94(a),T,C,0.1088,95,94_a,116,alpha chain
94(a),T,D,0.05041,95,94_a,116,alpha chain
94(a),T,E,-0.03451,95,94_a,116,alpha chain
94(a),T,F,0.05896,95,94_a,116,alpha chain
94(a),T,G,-0.1875,95,94_a,116,alpha chain
94(a),T,H,-0.2377,95,94_a,116,alpha chain
94(a),T,I,-0.2044,95,94_a,116,alpha chain
94(a),T,K,0.1816,95,94_a,116,alpha chain
94(a),T,L,-0.1109,95,94_a,116,alpha chain
94(a),T,M,0.1594,95,94_a,116,alpha chain
94(a),T,N,0.1453,95,94_a,116,alpha chain
94(a),T,P,-1.253,95,94_a,116,alpha chain
94(a),T,Q,-0.1644,95,94_a,116,alpha chain
94(a),T,R,-0.1224,95,94_a,116,alpha chain
94(a),T,S,0.02717,95,94_a,116,alpha chain
94(a),T,V,0.1468,95,94_a,116,alpha chain
94(a),T,W,-0.07095,95,94_a,116,alpha chain
94(a),T,Y,0.5201,95,94_a,116,alpha chain
94(b),R,A,-0.672,373,94_b,394,beta chain
94(b),R,C,-0.4697,373,94_b,394,beta chain
94(b),R,D,-0.3072,373,94_b,394,beta chain
94(b),R,E,-0.2091,373,94_b,394,beta chain
94(b),R,F,-0.9072,373,94_b,394,beta chain
94(b),R,G,-0.2582,373,94_b,394,beta chain
94(b),R,H,-0.2193,373,94_b,394,beta chain
94(b),R,I,-0.4046,373,94_b,394,beta chain
94(b),R,K,0.2403,373,94_b,394,beta chain
94(b),R,L,-0.4332,373,94_b,394,beta chain
94(b),R,M,-0.3211,373,94_b,394,beta chain
94(b),R,N,-0.1025,373,94_b,394,beta chain
94(b),R,P,-0.849,373,94_b,394,beta chain
94(b),R,Q,0.1524,373,94_b,394,beta chain
94(b),R,S,0.2591,373,94_b,394,beta chain
94(b),R,T,-0.5666,373,94_b,394,beta chain
94(b),R,V,-0.1952,373,94_b,394,beta chain
94(b),R,W,-0.3646,373,94_b,394,beta chain
94(b),R,Y,-0.6244,373,94_b,394,beta chain
95(a),V,A,0.05557,96,95_a,117,alpha chain
95(a),V,C,0.1792,96,95_a,117,alpha chain
95(a),V,D,-1.773,96,95_a,117,alpha chain
95(a),V,E,-0.5268,96,95_a,117,alpha chain
95(a),V,F,-0.2367,96,95_a,117,alpha chain
95(a),V,G,-0.1386,96,95_a,117,alpha chain
95(a),V,H,-0.8698,96,95_a,117,alpha chain
95(a),V,I,-0.2828,96,95_a,117,alpha chain
95(a),V,K,-1.551,96,95_a,117,alpha chain
95(a),V,L,0.2258,96,95_a,117,alpha chain
95(a),V,M,0.00305,96,95_a,117,alpha chain
95(a),V,P,-0.081,96,95_a,117,alpha chain
95(a),V,Q,-0.3414,96,95_a,117,alpha chain
95(a),V,R,-1.053,96,95_a,117,alpha chain
95(a),V,S,0.01922,96,95_a,117,alpha chain
95(a),V,T,5e-05,96,95_a,117,alpha chain
95(a),V,W,-1.768,96,95_a,117,alpha chain
95(a),V,Y,-1.021,96,95_a,117,alpha chain
95(b),R,A,-0.07079,374,95_b,395,beta chain
95(b),R,C,-0.1399,374,95_b,395,beta chain
95(b),R,D,-0.316,374,95_b,395,beta chain
95(b),R,E,0.2175,374,95_b,395,beta chain
95(b),R,F,-0.00475,374,95_b,395,beta chain
95(b),R,G,-0.1734,374,95_b,395,beta chain
95(b),R,H,0.04967,374,95_b,395,beta chain
95(b),R,I,-0.1366,374,95_b,395,beta chain
95(b),R,K,-0.3621,374,95_b,395,beta chain
95(b),R,L,-0.1573,374,95_b,395,beta chain
95(b),R,M,-0.1317,374,95_b,395,beta chain
95(b),R,N,-0.07654,374,95_b,395,beta chain
95(b),R,P,-0.7235,374,95_b,395,beta chain
95(b),R,Q,-0.2997,374,95_b,395,beta chain
95(b),R,S,-0.4324,374,95_b,395,beta chain
95(b),R,T,-0.288,374,95_b,395,beta chain
95(b),R,V,-0.57,374,95_b,395,beta chain
95(b),R,W,-0.2371,374,95_b,395,beta chain
95(b),R,Y,-0.2718,374,95_b,395,beta chain
96(a),F,A,0.1639,97,96_a,118,alpha chain
96(a),F,C,0.06865,97,96_a,118,alpha chain
96(a),F,D,-0.1174,97,96_a,118,alpha chain
96(a),F,E,0.1551,97,96_a,118,alpha chain
96(a),F,G,0.1997,97,96_a,118,alpha chain
96(a),F,H,-0.2275,97,96_a,118,alpha chain
96(a),F,I,-0.1896,97,96_a,118,alpha chain
96(a),F,K,-0.617,97,96_a,118,alpha chain
96(a),F,L,0.2112,97,96_a,118,alpha chain
96(a),F,M,0.4922,97,96_a,118,alpha chain
96(a),F,N,0.1996,97,96_a,118,alpha chain
96(a),F,P,-6,97,96_a,118,alpha chain
96(a),F,Q,0.07305,97,96_a,118,alpha chain
96(a),F,R,-0.7,97,96_a,118,alpha chain
96(a),F,S,0.1801,97,96_a,118,alpha chain
96(a),F,T,-0.188,97,96_a,118,alpha chain
96(a),F,V,0.07626,97,96_a,118,alpha chain
96(a),F,W,0.3341,97,96_a,118,alpha chain
96(a),F,Y,0.1003,97,96_a,118,alpha chain
96(b),V,A,0.03646,375,96_b,396,beta chain
96(b),V,C,-0.634,375,96_b,396,beta chain
96(b),V,D,-0.19,375,96_b,396,beta chain
96(b),V,E,-0.4648,375,96_b,396,beta chain
96(b),V,F,-0.1783,375,96_b,396,beta chain
96(b),V,G,-0.01096,375,96_b,396,beta chain
96(b),V,H,-0.00095,375,96_b,396,beta chain
96(b),V,I,0.1187,375,96_b,396,beta chain
96(b),V,K,-0.09325,375,96_b,396,beta chain
96(b),V,L,0.5251,375,96_b,396,beta chain
96(b),V,M,-0.1388,375,96_b,396,beta chain
96(b),V,N,-0.6458,375,96_b,396,beta chain
96(b),V,P,-0.4929,375,96_b,396,beta chain
96(b),V,Q,-0.0129,375,96_b,396,beta chain
96(b),V,R,0.1757,375,96_b,396,beta chain
96(b),V,S,-0.3733,375,96_b,396,beta chain
96(b),V,T,0.1714,375,96_b,396,beta chain
96(b),V,W,0.0308,375,96_b,396,beta chain
96(b),V,Y,-0.05525,375,96_b,396,beta chain
97(a),S,A,-0.007035,98,97_a,119,alpha chain
97(a),S,C,0.09964,98,97_a,119,alpha chain
97(a),S,D,0.1643,98,97_a,119,alpha chain
97(a),S,E,0.2725,98,97_a,119,alpha chain
97(a),S,F,0.2766,98,97_a,119,alpha chain
97(a),S,G,0.0855,98,97_a,119,alpha chain
97(a),S,H,-0.03028,98,97_a,119,alpha chain
97(a),S,I,-0.06512,98,97_a,119,alpha chain
97(a),S,K,0.3129,98,97_a,119,alpha chain
97(a),S,L,0.01435,98,97_a,119,alpha chain
97(a),S,M,0.2066,98,97_a,119,alpha chain
97(a),S,N,0.1375,98,97_a,119,alpha chain
97(a),S,P,-0.361,98,97_a,119,alpha chain
97(a),S,Q,-0.0019,98,97_a,119,alpha chain
97(a),S,R,0.05065,98,97_a,119,alpha chain
97(a),S,T,-0.1506,98,97_a,119,alpha chain
97(a),S,V,0.06024,98,97_a,119,alpha chain
97(a),S,W,0.3705,98,97_a,119,alpha chain
97(a),S,Y,0.1316,98,97_a,119,alpha chain
97(b),E,A,-0.2669,376,97_b,397,beta chain
97(b),E,C,0.2924,376,97_b,397,beta chain
97(b),E,D,-0.2671,376,97_b,397,beta chain
97(b),E,F,-0.1866,376,97_b,397,beta chain
97(b),E,G,0.03965,376,97_b,397,beta chain
97(b),E,H,-0.2032,376,97_b,397,beta chain
97(b),E,I,0.1752,376,97_b,397,beta chain
97(b),E,K,0.01046,376,97_b,397,beta chain
97(b),E,L,-0.1452,376,97_b,397,beta chain
97(b),E,M,-0.04607,376,97_b,397,beta chain
97(b),E,N,-0.0569,376,97_b,397,beta chain
97(b),E,P,-0.01885,376,97_b,397,beta chain
97(b),E,Q,-0.07802,376,97_b,397,beta chain
97(b),E,R,0.02354,376,97_b,397,beta chain
97(b),E,S,-0.1832,376,97_b,397,beta chain
97(b),E,T,-0.05666,376,97_b,397,beta chain
97(b),E,V,0.04765,376,97_b,397,beta chain
97(b),E,W,-0.5653,376,97_b,397,beta chain
97(b),E,Y,-0.3418,376,97_b,397,beta chain
98(a),E,A,0.04251,99,98_a,120,alpha chain
98(a),E,C,-0.03765,99,98_a,120,alpha chain
98(a),E,D,-0.1909,99,98_a,120,alpha chain
98(a),E,F,-0.2606,99,98_a,120,alpha chain
98(a),E,G,0.1066,99,98_a,120,alpha chain
98(a),E,H,0.4133,99,98_a,120,alpha chain
98(a),E,I,-0.0039,99,98_a,120,alpha chain
98(a),E,K,0.5531,99,98_a,120,alpha chain
98(a),E,L,-0.0111,99,98_a,120,alpha chain
98(a),E,M,-0.0085,99,98_a,120,alpha chain
98(a),E,N,-0.00705,99,98_a,120,alpha chain
98(a),E,P,-0.3141,99,98_a,120,alpha chain
98(a),E,Q,-0.07712,99,98_a,120,alpha chain
98(a),E,R,0.5505,99,98_a,120,alpha chain
98(a),E,S,-0.108,99,98_a,120,alpha chain
98(a),E,T,0.09978,99,98_a,120,alpha chain
98(a),E,V,-0.1395,99,98_a,120,alpha chain
98(a),E,W,-0.4146,99,98_a,120,alpha chain
98(a),E,Y,-0.864,99,98_a,120,alpha chain
98(b),P,A,-0.3663,377,98_b,398,beta chain
98(b),P,C,-0.07848,377,98_b,398,beta chain
98(b),P,D,-1.068,377,98_b,398,beta chain
98(b),P,E,-0.7734,377,98_b,398,beta chain
98(b),P,F,-0.536,377,98_b,398,beta chain
98(b),P,G,-0.1391,377,98_b,398,beta chain
98(b),P,H,-0.7889,377,98_b,398,beta chain
98(b),P,I,-1.039,377,98_b,398,beta chain
98(b),P,K,-1.609,377,98_b,398,beta chain
98(b),P,L,-1.012,377,98_b,398,beta chain
98(b),P,M,-0.2037,377,98_b,398,beta chain
98(b),P,N,-0.5856,377,98_b,398,beta chain
98(b),P,Q,-0.1763,377,98_b,398,beta chain
98(b),P,R,-1.586,377,98_b,398,beta chain
98(b),P,S,-0.2533,377,98_b,398,beta chain
98(b),P,T,-0.3061,377,98_b,398,beta chain
98(b),P,V,0.05805,377,98_b,398,beta chain
98(b),P,W,-0.9527,377,98_b,398,beta chain
98(b),P,Y,-0.3185,377,98_b,398,beta chain
99(a),D,A,-0.1598,100,99_a,121,alpha chain
99(a),D,C,0.1081,100,99_a,121,alpha chain
99(a),D,E,0.3083,100,99_a,121,alpha chain
99(a),D,F,0.1326,100,99_a,121,alpha chain
99(a),D,G,0.1631,100,99_a,121,alpha chain
99(a),D,H,0.06287,100,99_a,121,alpha chain
99(a),D,I,0.2314,100,99_a,121,alpha chain
99(a),D,K,0.331,100,99_a,121,alpha chain
99(a),D,L,0.118,100,99_a,121,alpha chain
99(a),D,M,0.04365,100,99_a,121,alpha chain
99(a),D,N,-0.0319,100,99_a,121,alpha chain
99(a),D,P,0.4617,100,99_a,121,alpha chain
99(a),D,Q,0.05895,100,99_a,121,alpha chain
99(a),D,R,0.3407,100,99_a,121,alpha chain
99(a),D,S,0.3861,100,99_a,121,alpha chain
99(a),D,T,-0.08806,100,99_a,121,alpha chain
99(a),D,V,0.08345,100,99_a,121,alpha chain
99(a),D,W,-0.2687,100,99_a,121,alpha chain
99(a),D,Y,-0.3531,100,99_a,121,alpha chain
99(b),K,A,-0.3716,378,99_b,399,beta chain
99(b),K,C,-0.1573,378,99_b,399,beta chain
99(b),K,D,-0.4387,378,99_b,399,beta chain
99(b),K,E,-0.1822,378,99_b,399,beta chain
99(b),K,F,0.0555,378,99_b,399,beta chain
99(b),K,G,-0.2942,378,99_b,399,beta chain
99(b),K,H,-0.1143,378,99_b,399,beta chain
99(b),K,I,-0.1641,378,99_b,399,beta chain
99(b),K,L,0.1309,378,99_b,399,beta chain
99(b),K,M,-0.1232,378,99_b,399,beta chain
99(b),K,N,0.03696,378,99_b,399,beta chain
99(b),K,P,-1.507,378,99_b,399,beta chain
99(b),K,Q,-0.3718,378,99_b,399,beta chain
99(b),K,R,0.1709,378,99_b,399,beta chain
99(b),K,S,0.126,378,99_b,399,beta chain
99(b),K,T,-0.1666,378,99_b,399,beta chain
99(b),K,V,-0.3152,378,99_b,399,beta chain
99(b),K,W,0.05322,378,99_b,399,beta chain
99(b),K,Y,0.09647,378,99_b,399,beta chain
-1(a),A,A,0,1,-1_a,22,alpha chain
1(a),V,V,0,2,1_a,23,alpha chain
10(a),T,T,0,11,10_a,32,alpha chain
10(b),Q,Q,0,289,10_b,310,beta chain
100(a),P,P,0,101,100_a,122,alpha chain
100(b),V,V,0,379,100_b,400,beta chain
101(a),V,V,0,102,101_a,123,alpha chain
101(b),R,R,0,380,101_b,401,beta chain
102(a),E,E,0,103,102_a,124,alpha chain
102(b),V,V,0,381,102_b,402,beta chain
103(a),L,L,0,104,103_a,125,alpha chain
103(b),S,S,0,382,103_b,403,beta chain
104(a),G,G,0,105,104_a,126,alpha chain
104(b),P,P,0,383,104_b,404,beta chain
105(a),D,D,0,106,105_a,127,alpha chain
105(b),M,M,0,384,105_b,405,beta chain
106(a),P,P,0,107,106_a,128,alpha chain
106(b),Q,Q,0,385,106_b,406,beta chain
107(a),N,N,0,108,107_a,129,alpha chain
107(b),S,S,0,386,107_b,407,beta chain
108(a),I,I,0,109,108_a,130,alpha chain
108(b),S,S,0,387,108_b,408,beta chain
109(a),L,L,0,110,109_a,131,alpha chain
109(b),S,S,0,388,109_b,409,beta chain
11(a),E,E,0,12,11_a,33,alpha chain
11(b),E,E,0,290,11_b,311,beta chain
110(a),I,I,0,111,110_a,132,alpha chain
110(b),L,L,0,389,110_b,410,beta chain
111(a),C,C,0,112,111_a,133,alpha chain
111(b),P,P,0,390,111_b,411,beta chain
112(a),Y,Y,0,113,112_a,134,alpha chain
112(b),Q,Q,0,391,112_b,412,beta chain
113(a),V,V,0,114,113_a,135,alpha chain
113(b),T,T,0,392,113_b,413,beta chain
114(a),D,D,0,115,114_a,136,alpha chain
114(b),D,D,0,393,114_b,414,beta chain
115(a),K,K,0,116,115_a,137,alpha chain
115(b),R,R,0,394,115_b,415,beta chain
116(a),F,F,0,117,116_a,138,alpha chain
116(b),L,L,0,395,116_b,416,beta chain
117(a),W,W,0,118,117_a,139,alpha chain
117(b),A,A,0,396,117_b,417,beta chain
118(a),P,P,0,119,118_a,140,alpha chain
118(b),C,C,0,397,118_b,418,beta chain
119(a),S,S,0,120,119_a,141,alpha chain
119(b),Y,Y,0,398,119_b,419,beta chain
12(a),F,F,0,13,12_a,34,alpha chain
12(b),M,M,0,291,12_b,312,beta chain
120(a),V,V,0,121,120_a,142,alpha chain
120(b),V,V,0,399,120_b,420,beta chain
121(a),I,I,0,122,121_a,143,alpha chain
121(b),T,T,0,400,121_b,421,beta chain
122(a),T,T,0,123,122_a,144,alpha chain
122(b),G,G,0,401,122_b,422,beta chain
123(a),I,I,0,124,123_a,145,alpha chain
123(b),F,F,0,402,123_b,423,beta chain
124(a),T,T,0,125,124_a,146,alpha chain
124(b),Y,Y,0,403,124_b,424,beta chain
125(a),W,W,0,126,125_a,147,alpha chain
125(b),P,P,0,404,125_b,425,beta chain
126(a),M,M,0,127,126_a,148,alpha chain
126(b),A,A,0,405,126_b,426,beta chain
127(a),K,K,0,128,127_a,149,alpha chain
127(b),D,D,0,406,127_b,427,beta chain
128(a),N,N,0,129,128_a,150,alpha chain
128(b),I,I,0,407,128_b,428,beta chain
129(a),G,G,0,130,129_a,151,alpha chain
129(b),Q,Q,0,408,129_b,429,beta chain
13(a),Y,Y,0,14,13_a,35,alpha chain
13(b),V,V,0,292,13_b,313,beta chain
130(a),Q,Q,0,131,130_a,152,alpha chain
130(b),V,V,0,409,130_b,430,beta chain
131(a),E,E,0,132,131_a,153,alpha chain
131(b),K,K,0,410,131_b,431,beta chain
132(a),V,V,0,133,132_a,154,alpha chain
132(b),W,W,0,411,132_b,432,beta chain
133(a),T,T,0,134,133_a,155,alpha chain
133(b),F,F,0,412,133_b,433,beta chain
134(a),E,E,0,135,134_a,156,alpha chain
134(b),K,K,0,413,134_b,434,beta chain
135(a),G,G,0,136,135_a,157,alpha chain
135(b),N,N,0,414,135_b,435,beta chain
136(a),V,V,0,137,136_a,158,alpha chain
136(b),G,G,0,415,136_b,436,beta chain
137(a),S,S,0,138,137_a,159,alpha chain
137(b),Q,Q,0,416,137_b,437,beta chain
138(a),E,E,0,139,138_a,160,alpha chain
138(b),E,E,0,417,138_b,438,beta chain
139(a),T,T,0,140,139_a,161,alpha chain
139(b),E,E,0,418,139_b,439,beta chain
14(a),Q,Q,0,15,14_a,36,alpha chain
14(b),A,A,0,293,14_b,314,beta chain
140(a),V,V,0,141,140_a,162,alpha chain
140(b),T,T,0,419,140_b,440,beta chain
141(a),F,F,0,142,141_a,163,alpha chain
141(b),K,K,0,420,141_b,441,beta chain
142(a),Y,Y,0,143,142_a,164,alpha chain
142(b),H,H,0,421,142_b,442,beta chain
143(a),R,R,0,144,143_a,165,alpha chain
143(b),V,V,0,422,143_b,443,beta chain
144(a),Q,Q,0,145,144_a,166,alpha chain
144(b),V,V,0,423,144_b,444,beta chain
145(a),A,A,0,146,145_a,167,alpha chain
145(b),S,S,0,424,145_b,445,beta chain
146(a),D,D,0,147,146_a,168,alpha chain
146(b),T,T,0,425,146_b,446,beta chain
147(a),N,N,0,148,147_a,169,alpha chain
147(b),D,D,0,426,147_b,447,beta chain
148(a),G,G,0,149,148_a,170,alpha chain
148(b),V,V,0,427,148_b,448,beta chain
149(a),F,F,0,150,149_a,171,alpha chain
149(b),I,I,0,428,149_b,449,beta chain
15(a),R,R,0,16,15_a,37,alpha chain
15(b),F,F,0,294,15_b,315,beta chain
150(a),Y,Y,0,151,150_a,172,alpha chain
150(b),Q,Q,0,429,150_b,450,beta chain
151(a),K,K,0,152,151_a,173,alpha chain
151(b),N,N,0,430,151_b,451,beta chain
152(a),F,F,0,153,152_a,174,alpha chain
152(b),G,G,0,431,152_b,452,beta chain
153(a),S,S,0,154,153_a,175,alpha chain
153(b),D,D,0,432,153_b,453,beta chain
154(a),Y,Y,0,155,154_a,176,alpha chain
154(b),W,W,0,433,154_b,454,beta chain
155(a),L,L,0,156,155_a,177,alpha chain
155(b),T,T,0,434,155_b,455,beta chain
156(a),P,P,0,157,156_a,178,alpha chain
156(b),Y,Y,0,435,156_b,456,beta chain
157(a),F,F,0,158,157_a,179,alpha chain
157(b),Q,Q,0,436,157_b,457,beta chain
158(a),I,I,0,159,158_a,180,alpha chain
158(b),V,V,0,437,158_b,458,beta chain
159(a),P,P,0,160,159_a,181,alpha chain
159(b),L,L,0,438,159_b,459,beta chain
16(a),D,D,0,17,16_a,38,alpha chain
16(b),E,E,0,295,16_b,316,beta chain
160(a),T,T,0,161,160_a,182,alpha chain
160(b),V,V,0,439,160_b,460,beta chain
161(a),R,R,0,162,161_a,183,alpha chain
161(b),M,M,0,440,161_b,461,beta chain
162(a),G,G,0,163,162_a,184,alpha chain
162(b),L,L,0,441,162_b,462,beta chain
163(a),D,D,0,164,163_a,185,alpha chain
163(b),E,E,0,442,163_b,463,beta chain
164(a),Y,Y,0,165,164_a,186,alpha chain
164(b),S,S,0,443,164_b,464,beta chain
165(a),Y,Y,0,166,165_a,187,alpha chain
165(b),T,T,0,444,165_b,465,beta chain
166(a),D,D,0,167,166_a,188,alpha chain
166(b),P,P,0,445,166_b,466,beta chain
167(a),C,C,0,168,167_a,189,alpha chain
167(b),Q,Q,0,446,167_b,467,beta chain
168(a),R,R,0,169,168_a,190,alpha chain
168(b),H,H,0,447,168_b,468,beta chain
169(a),V,V,0,170,169_a,191,alpha chain
169(b),G,G,0,448,169_b,469,beta chain
17(a),E,E,0,18,17_a,39,alpha chain
17(b),C,C,0,296,17_b,317,beta chain
170(a),E,E,0,171,170_a,192,alpha chain
170(b),D,D,0,449,170_b,470,beta chain
171(a),H,H,0,172,171_a,193,alpha chain
171(b),T,T,0,450,171_b,471,beta chain
172(a),W,W,0,173,172_a,194,alpha chain
172(b),Y,Y,0,451,172_b,472,beta chain
173(a),G,G,0,174,173_a,195,alpha chain
173(b),E,E,0,452,173_b,473,beta chain
174(a),L,L,0,175,174_a,196,alpha chain
174(b),C,C,0,453,174_b,474,beta chain
175(a),P,P,0,176,175_a,197,alpha chain
175(b),H,H,0,454,175_b,475,beta chain
176(a),E,E,0,177,176_a,198,alpha chain
176(b),V,V,0,455,176_b,476,beta chain
177(a),P,P,0,178,177_a,199,alpha chain
177(b),Q,Q,0,456,177_b,477,beta chain
178(a),L,L,0,179,178_a,200,alpha chain
178(b),H,H,0,457,178_b,478,beta chain
179(a),M,M,0,180,179_a,201,alpha chain
179(b),A,A,0,458,179_b,479,beta chain
18(a),T,T,0,19,18_a,40,alpha chain
18(b),H,H,0,297,18_b,318,beta chain
180(a),T,T,0,181,180_a,202,alpha chain
180(b),S,S,0,459,180_b,480,beta chain
181(a),H,H,0,182,181_a,203,alpha chain
181(b),L,L,0,460,181_b,481,beta chain
182(a),W,W,0,183,182_a,204,alpha chain
182(b),K,K,0,461,182_b,482,beta chain
183(a),E,E,0,184,183_a,205,alpha chain
183(b),S,S,0,462,183_b,483,beta chain
184(a),P,P,0,185,184_a,206,alpha chain
184(b),P,P,0,463,184_b,484,beta chain
185(a),Q,Q,0,186,185_a,207,alpha chain
185(b),I,I,0,464,185_b,485,beta chain
186(a),V,V,0,187,186_a,208,alpha chain
186(b),T,T,0,465,186_b,486,beta chain
187(a),P,P,0,188,187_a,209,alpha chain
187(b),Y,Y,0,466,187_b,487,beta chain
188(a),L,L,0,189,188_a,210,alpha chain
188(b),E,E,0,467,188_b,488,beta chain
189(a),P,P,0,190,189_a,211,alpha chain
189(b),W,W,0,468,189_b,489,beta chain
19(a),H,H,0,20,19_a,41,alpha chain
19(b),Y,Y,0,298,19_b,319,beta chain
190(a),V,V,0,191,190_a,212,alpha chain
190(b),V,V,0,469,190_b,490,beta chain
191(a),S,S,0,192,191_a,213,alpha chain
191(b),L,L,0,470,191_b,491,beta chain
192(a),E,E,0,193,192_a,214,alpha chain
192(b),P,P,0,471,192_b,492,beta chain
193(a),S,S,0,194,193_a,215,alpha chain
193(b),A,A,0,472,193_b,493,beta chain
194(a),T,T,0,195,194_a,216,alpha chain
194(b),D,D,0,473,194_b,494,beta chain
195(a),E,E,0,196,195_a,217,alpha chain
195(b),A,A,0,474,195_b,495,beta chain
196(b),A,A,0,475,196_b,496,beta chain
197(b),R,R,0,476,197_b,497,beta chain
198(b),G,G,0,477,198_b,498,beta chain
199(b),K,K,0,478,199_b,499,beta chain
2(a),K,K,0,3,2_a,24,alpha chain
2(b),G,G,0,281,2_b,302,beta chain
20(a),N,N,0,21,20_a,42,alpha chain
20(b),L,L,0,299,20_b,320,beta chain
21(a),R,R,0,22,21_a,43,alpha chain
21(b),N,N,0,300,21_b,321,beta chain
22(a),E,E,0,23,22_a,44,alpha chain
22(b),G,G,0,301,22_b,322,beta chain
23(a),G,G,0,24,23_a,45,alpha chain
23(b),T,T,0,302,23_b,323,beta chain
24(a),G,G,0,25,24_a,46,alpha chain
24(b),E,E,0,303,24_b,324,beta chain
25(a),Q,Q,0,26,25_a,47,alpha chain
25(b),Q,Q,0,304,25_b,325,beta chain
26(a),F,F,0,27,26_a,48,alpha chain
26(b),V,V,0,305,26_b,326,beta chain
27(a),M,M,0,28,27_a,49,alpha chain
27(b),R,R,0,306,27_b,327,beta chain
28(a),F,F,0,29,28_a,50,alpha chain
28(b),Y,Y,0,307,28_b,328,beta chain
29(a),D,D,0,30,29_a,51,alpha chain
29(b),L,L,0,308,29_b,329,beta chain
3(a),V,V,0,4,3_a,25,alpha chain
3(b),E,E,0,282,3_b,303,beta chain
30(a),F,F,0,31,30_a,52,alpha chain
30(b),V,V,0,309,30_b,330,beta chain
31(a),D,D,0,32,31_a,53,alpha chain
31(b),K,K,0,310,31_b,331,beta chain
32(a),G,G,0,33,32_a,54,alpha chain
32(b),Y,Y,0,311,32_b,332,beta chain
33(a),D,D,0,34,33_a,55,alpha chain
33(b),I,I,0,312,33_b,333,beta chain
34(a),E,E,0,35,34_a,56,alpha chain
34(b),H,H,0,313,34_b,334,beta chain
35(a),I,I,0,36,35_a,57,alpha chain
35(b),N,N,0,314,35_b,335,beta chain
36(a),F,F,0,37,36_a,58,alpha chain
36(b),R,R,0,315,36_b,336,beta chain
37(a),H,H,0,38,37_a,59,alpha chain
37(b),Q,Q,0,316,37_b,337,beta chain
38(a),V,V,0,39,38_a,60,alpha chain
38(b),Q,Q,0,317,38_b,338,beta chain
39(a),D,D,0,40,39_a,61,alpha chain
39(b),D,D,0,318,39_b,339,beta chain
4(a),G,G,0,5,4_a,26,alpha chain
4(b),E,E,0,283,4_b,304,beta chain
40(a),L,L,0,41,40_a,62,alpha chain
40(b),V,V,0,319,40_b,340,beta chain
41(a),Q,Q,0,42,41_a,63,alpha chain
41(b),H,H,0,320,41_b,341,beta chain
42(a),K,K,0,43,42_a,64,alpha chain
42(b),Y,Y,0,321,42_b,342,beta chain
43(a),S,S,0,44,43_a,65,alpha chain
43(b),D,D,0,322,43_b,343,beta chain
44(a),E,E,0,45,44_a,66,alpha chain
44(b),S,S,0,323,44_b,344,beta chain
45(a),T,T,0,46,45_a,67,alpha chain
45(b),D,D,0,324,45_b,345,beta chain
46(a),I,I,0,47,46_a,68,alpha chain
46(b),V,V,0,325,46_b,346,beta chain
47(a),W,W,0,48,47_a,69,alpha chain
47(b),G,G,0,326,47_b,347,beta chain
48(a),R,R,0,49,48_a,70,alpha chain
48(b),H,H,0,327,48_b,348,beta chain
49(a),L,L,0,50,49_a,71,alpha chain
49(b),Y,Y,0,328,49_b,349,beta chain
5(a),H,H,0,6,5_a,27,alpha chain
5(b),T,T,0,284,5_b,305,beta chain
50(a),P,P,0,51,50_a,72,alpha chain
50(b),V,V,0,329,50_b,350,beta chain
51(a),I,I,0,52,51_a,73,alpha chain
51(b),A,A,0,330,51_b,351,beta chain
52(a),F,F,0,53,52_a,74,alpha chain
52(b),D,D,0,331,52_b,352,beta chain
53(a),T,T,0,54,53_a,75,alpha chain
53(b),T,T,0,332,53_b,353,beta chain
54(a),T,T,0,55,54_a,76,alpha chain
54(b),E,E,0,333,54_b,354,beta chain
55(a),F,F,0,56,55_a,77,alpha chain
55(b),L,L,0,334,55_b,355,beta chain
56(a),T,T,0,57,56_a,78,alpha chain
56(b),G,G,0,335,56_b,356,beta chain
57(a),S,S,0,58,57_a,79,alpha chain
57(b),K,K,0,336,57_b,357,beta chain
58(a),F,F,0,59,58_a,80,alpha chain
58(b),P,P,0,337,58_b,358,beta chain
59(a),E,E,0,60,59_a,81,alpha chain
59(b),D,D,0,338,59_b,359,beta chain
6(a),V,V,0,7,6_a,28,alpha chain
6(b),K,K,0,285,6_b,306,beta chain
60(a),A,A,0,61,60_a,82,alpha chain
60(b),A,A,0,339,60_b,360,beta chain
61(a),Q,Q,0,62,61_a,83,alpha chain
61(b),D,D,0,340,61_b,361,beta chain
62(a),G,G,0,63,62_a,84,alpha chain
62(b),Y,Y,0,341,62_b,362,beta chain
63(a),A,A,0,64,63_a,85,alpha chain
63(b),W,W,0,342,63_b,363,beta chain
64(a),L,L,0,65,64_a,86,alpha chain
64(b),N,N,0,343,64_b,364,beta chain
65(a),Q,Q,0,66,65_a,87,alpha chain
65(b),S,S,0,344,65_b,365,beta chain
66(a),N,N,0,67,66_a,88,alpha chain
66(b),Q,Q,0,345,66_b,366,beta chain
67(a),I,I,0,68,67_a,89,alpha chain
67(b),P,P,0,346,67_b,367,beta chain
68(a),A,A,0,69,68_a,90,alpha chain
68(b),E,E,0,347,68_b,368,beta chain
69(a),V,V,0,70,69_a,91,alpha chain
69(b),E,E,0,348,69_b,369,beta chain
7(a),L,L,0,8,7_a,29,alpha chain
7(b),G,G,0,286,7_b,307,beta chain
70(a),D,D,0,71,70_a,92,alpha chain
70(b),K,K,0,349,70_b,370,beta chain
71(a),K,K,0,72,71_a,93,alpha chain
71(b),E,E,0,350,71_b,371,beta chain
72(a),Q,Q,0,73,72_a,94,alpha chain
72(b),R,R,0,351,72_b,372,beta chain
73(a),N,N,0,74,73_a,95,alpha chain
73(b),V,V,0,352,73_b,373,beta chain
74(a),M,M,0,75,74_a,96,alpha chain
74(b),R,R,0,353,74_b,374,beta chain
75(a),E,E,0,76,75_a,97,alpha chain
75(b),A,A,0,354,75_b,375,beta chain
76(a),I,I,0,77,76_a,98,alpha chain
76(b),E,E,0,355,76_b,376,beta chain
77(a),M,M,0,78,77_a,99,alpha chain
77(b),I,I,0,356,77_b,377,beta chain
78(a),M,M,0,79,78_a,100,alpha chain
78(b),D,D,0,357,78_b,378,beta chain
79(a),K,K,0,80,79_a,101,alpha chain
79(b),T,T,0,358,79_b,379,beta chain
8(a),M,M,0,9,8_a,30,alpha chain
8(b),F,F,0,287,8_b,308,beta chain
80(a),R,R,0,81,80_a,102,alpha chain
80(b),V,V,0,359,80_b,380,beta chain
81(a),S,S,0,82,81_a,103,alpha chain
81(b),C,C,0,360,81_b,381,beta chain
82(a),N,N,0,83,82_a,104,alpha chain
82(b),R,R,0,361,82_b,382,beta chain
83(a),R,R,0,84,83_a,105,alpha chain
83(b),H,H,0,362,83_b,383,beta chain
84(a),S,S,0,85,84_a,106,alpha chain
84(b),N,N,0,363,84_b,384,beta chain
85(a),Q,Q,0,86,85_a,107,alpha chain
85(b),Y,Y,0,364,85_b,385,beta chain
86(a),G,G,0,87,86_a,108,alpha chain
86(b),F,F,0,365,86_b,386,beta chain
87(a),T,T,0,88,87_a,109,alpha chain
87(b),M,M,0,366,87_b,387,beta chain
88(a),I,I,0,89,88_a,110,alpha chain
88(b),A,A,0,367,88_b,388,beta chain
89(a),A,A,0,90,89_a,111,alpha chain
89(b),S,S,0,368,89_b,389,beta chain
9(a),Q,Q,0,10,9_a,31,alpha chain
9(b),F,F,0,288,9_b,309,beta chain
90(a),P,P,0,91,90_a,112,alpha chain
90(b),F,F,0,369,90_b,390,beta chain
91(a),P,P,0,92,91_a,113,alpha chain
91(b),T,T,0,370,91_b,391,beta chain
92(a),E,E,0,93,92_a,114,alpha chain
92(b),V,V,0,371,92_b,392,beta chain
93(a),V,V,0,94,93_a,115,alpha chain
93(b),D,D,0,372,93_b,393,beta chain
94(a),T,T,0,95,94_a,116,alpha chain
94(b),R,R,0,373,94_b,394,beta chain
95(a),V,V,0,96,95_a,117,alpha chain
95(b),R,R,0,374,95_b,395,beta chain
96(a),F,F,0,97,96_a,118,alpha chain
96(b),V,V,0,375,96_b,396,beta chain
97(a),S,S,0,98,97_a,119,alpha chain
97(b),E,E,0,376,97_b,397,beta chain
98(a),E,E,0,99,98_a,120,alpha chain
98(b),P,P,0,377,98_b,398,beta chain
99(a),D,D,0,100,99_a,121,alpha chain
99(b),K,K,0,378,99_b,399,beta chain
