latent_phenotype_effect,functional_effect,times_seen,wildtype,site,mutant,functional_effect_singlemut,times_seen_singlemut
-8.451,-5.912,6,A,22,*,-6,4
0,0,,A,22,A,0,
0.7648,0.03558,6,A,22,C,0.09287,4
-0.6094,-0.05503,7,A,22,D,0.4368,5
2.377,0.06063,3,A,22,E,-0.1115,1
0.05312,0.003425,5,A,22,F,0.3233,3
0.05795,0.003728,3,A,22,G,-0.1561,3
-2.096,-0.4379,4,A,22,H,-0.213,1
-3.17,-1.207,5,A,22,I,-1.438,2
-0.7957,-0.07939,6,A,22,K,-0.09851,3
-1.686,-0.2777,1,A,22,L,,
-2.146,-0.4615,11,A,22,M,-0.3427,8
0.2633,0.01536,8,A,22,N,0.2435,6
-0.4175,-0.03409,8,A,22,P,0.01373,3
-2.229,-0.5029,8,A,22,Q,-0.5209,8
1.618,0.05352,3,A,22,R,0.5376,1
0.802,0.03672,14,A,22,S,0.2024,4
0.1054,0.006627,20,A,22,T,-0.1026,7
-2.661,-0.7683,15,A,22,V,-1.734,6
-3.456,-1.519,7,A,22,W,-1.574,4
-0.6414,-0.05891,7,A,22,Y,0.1129,3
-7.873,-5.825,3,V,23,*,-6,3
-0.748,-0.07274,12,V,23,A,-0.1468,5
2.231,0.05964,7,V,23,C,-0.3065,4
-1.769,-0.3057,4,V,23,D,-0.2575,2
-1.91,-0.3579,6,V,23,E,-0.3629,3
-2.266,-0.5224,6,V,23,F,-0.6036,3
0.009187,0.0006055,8,V,23,G,-0.02294,4
0.3349,0.01889,8,V,23,H,0.4364,4
-2.34,-0.5626,4,V,23,I,-0.02444,1
-1.592,-0.2484,9,V,23,K,-0.2169,7
-1.094,-0.1285,21,V,23,L,-0.2867,9
1.54,0.05244,14,V,23,M,0.2017,3
-0.8029,-0.08043,7,V,23,N,-0.2398,5
0.1867,0.01129,6,V,23,P,-0.2931,3
-0.978,-0.1078,6,V,23,Q,-0.8432,5
-1.855,-0.3367,8,V,23,R,-1.054,5
-1.212,-0.1521,4,V,23,S,-0.5018,3
-1.831,-0.3278,8,V,23,T,-0.2844,5
0,0,,V,23,V,0,
-0.3964,-0.03202,6,V,23,W,-0.2559,2
-1.861,-0.3389,8,V,23,Y,-0.1994,6
-8.887,-5.953,8,K,24,*,-6,5
-1.147,-0.1388,5,K,24,A,-0.081,3
0.3228,0.01831,4,K,24,C,0.0332,4
-0.8586,-0.08865,5,K,24,D,0.01185,3
-0.605,-0.05451,10,K,24,E,-0.3541,2
-1.45,-0.2083,3,K,24,F,0.1575,1
-2.043,-0.4137,10,K,24,G,-0.387,5
1.7,0.05457,11,K,24,H,-0.534,5
-0.1097,-0.00766,11,K,24,I,0.1321,7
0,0,,K,24,K,0,
-2.37,-0.5801,9,K,24,L,-0.4455,7
-0.1336,-0.009443,4,K,24,M,-0.2317,2
-1.651,-0.2662,8,K,24,N,-0.08847,3
-1.501,-0.2222,6,K,24,P,0.00305,4
-2.503,-0.6606,6,K,24,Q,-0.4405,3
0.4091,0.0223,18,K,24,R,0.0354,6
-0.8639,-0.08945,4,K,24,S,0.7514,2
0.2458,0.01445,8,K,24,T,0.3457,3
2.854,0.06301,7,K,24,V,0.3943,4
-2.985,-1.03,12,K,24,W,-0.9928,10
-0.1434,-0.01019,5,K,24,Y,0.1842,2
-8.103,-5.866,11,V,25,*,-6,7
0.04969,0.00321,9,V,25,A,-0.1125,6
-1.443,-0.2066,8,V,25,C,-0.03317,3
1.313,0.04877,4,V,25,D,0.2727,3
-0.7269,-0.06989,9,V,25,E,0.0052,4
-1.433,-0.204,10,V,25,G,0.2588,7
-1.157,-0.1409,10,V,25,H,0.01811,5
1.01,0.04237,11,V,25,I,0.2073,7
-0.5028,-0.04292,10,V,25,K,0.09554,6
0.6724,0.03256,12,V,25,L,-0.5288,3
-0.3483,-0.02744,12,V,25,M,0.2853,6
3.409,0.06467,3,V,25,N,0.3998,1
0.3393,0.0191,11,V,25,P,0.4354,5
0.5795,0.02924,13,V,25,Q,-0.5335,8
0.1386,0.008574,12,V,25,R,0.1352,8
0.7432,0.0349,10,V,25,S,0.6013,4
-0.9356,-0.1008,6,V,25,T,0.3727,4
0,0,,V,25,V,0,
-1.093,-0.1284,7,V,25,W,0.5413,4
-1.022,-0.1155,7,V,25,Y,-0.1118,5
-7.872,-5.825,14,G,26,*,-6,5
0.2096,0.01254,15,G,26,A,-0.2248,9
-1.037,-0.1181,6,G,26,C,-0.7773,2
-0.1422,-0.01009,5,G,26,D,-0.3628,3
-0.9386,-0.1012,11,G,26,E,-0.3151,4
-2.35,-0.5683,8,G,26,F,-0.4326,5
0,0,,G,26,G,0,
1.722,0.05484,7,G,26,H,-0.3243,4
-1.494,-0.2203,11,G,26,I,0.2398,7
0.3153,0.01795,9,G,26,K,0.2173,6
-3.793,-1.945,2,G,26,L,-1.942,2
2.797,0.06278,7,G,26,M,0.5093,2
2.1,0.05863,10,G,26,N,0.1513,4
0.3164,0.018,9,G,26,P,-0.7899,5
-0.9715,-0.1067,8,G,26,Q,-0.5299,3
0.5365,0.0276,14,G,26,R,0.04696,3
1.846,0.05624,10,G,26,S,0.2048,4
1.127,0.04507,13,G,26,T,0.2044,7
-1.267,-0.1642,13,G,26,V,0.3657,2
-0.2396,-0.01786,11,G,26,W,-0.7087,9
-0.5426,-0.04729,3,G,26,Y,0.1331,2
-12.22,-6.025,7,H,27,*,-6,6
-1.828,-0.3268,1,H,27,-,,
0.9076,0.03973,3,H,27,A,1.17,1
-0.3561,-0.02817,7,H,27,C,0.2044,5
-1.335,-0.1797,7,H,27,D,-0.4963,3
-0.2739,-0.02078,12,H,27,E,-0.3168,5
0.2811,0.01626,10,H,27,F,0.358,7
-1.675,-0.2739,6,H,27,G,-0.5769,5
0,0,,H,27,H,0,
-1.414,-0.1992,6,H,27,I,-0.1777,2
-1.296,-0.1706,6,H,27,K,-0.2015,5
-0.9578,-0.1044,14,H,27,L,0.02211,8
-0.1529,-0.01091,5,H,27,M,-0.07922,3
-2.092,-0.4359,5,H,27,N,-0.4138,5
1.917,0.05697,7,H,27,P,0.07986,4
0.0382,0.002481,13,H,27,Q,-0.3278,7
-0.5894,-0.05266,17,H,27,R,-0.6556,2
2.415,0.06086,8,H,27,S,-0.05287,3
0.6512,0.03183,6,H,27,T,0.5592,3
-1.249,-0.1601,13,H,27,V,0.3225,6
-2.677,-0.7803,9,H,27,W,-0.1725,4
-0.8533,-0.08785,13,H,27,Y,0.09875,9
-8.27,-5.89,9,V,28,*,-6,7
-1.806,-0.3188,1,V,28,-,,
-1.636,-0.2617,7,V,28,A,-0.8332,2
-0.4619,-0.0386,13,V,28,C,-0.3449,7
-0.7874,-0.07821,6,V,28,D,-0.8425,2
-2.062,-0.4222,12,V,28,E,-0.4956,9
-2.197,-0.4863,5,V,28,F,-1.012,3
-2.441,-0.6221,6,V,28,G,-1.285,4
-1.503,-0.2228,10,V,28,H,0.09886,3
1.815,0.05591,11,V,28,I,0.5086,6
0.6562,0.03201,12,V,28,K,-0.3554,6
-0.8965,-0.0945,15,V,28,L,0.743,2
2.398,0.06076,6,V,28,M,-0.352,1
-1.208,-0.1515,7,V,28,N,0.1191,3
-3.333,-1.379,1,V,28,P,-1.42,1
-0.9056,-0.09594,8,V,28,Q,-0.3174,2
-1.51,-0.2245,9,V,28,R,-0.06768,6
-0.7024,-0.06665,6,V,28,S,0.1058,4
3.035,0.06365,8,V,28,T,-0.1968,7
0,0,,V,28,V,0,
-0.7218,-0.06921,5,V,28,W,-0.168,4
-2.11,-0.4441,9,V,28,Y,0.01591,6
-8.369,-5.903,10,L,29,*,-6,5
-0.8668,-0.0899,11,L,29,A,-0.8088,7
-2.498,-0.6576,4,L,29,C,-0.679,3
-7.478,-5.732,12,L,29,D,-6,9
-3.228,-1.267,9,L,29,E,-1.179,3
0.3877,0.02134,4,L,29,F,0.4758,3
-3.665,-1.776,12,L,29,G,-1.923,7
-1.209,-0.1515,5,L,29,H,-0.166,3
-2.083,-0.4317,7,L,29,I,-1.152,4
-2.614,-0.7354,5,L,29,K,-1.367,2
0,0,,L,29,L,0,
0.9851,0.04175,6,L,29,M,0.2142,5
-3.683,-1.799,7,L,29,N,-1.882,4
-13.67,-6.027,13,L,29,P,-6,4
-2.237,-0.5071,8,L,29,Q,0.1194,3
-4.393,-2.816,12,L,29,R,-2.599,2
-2.135,-0.4562,6,L,29,S,-0.1151,5
-2.981,-1.027,8,L,29,T,-1.059,5
-3.047,-1.087,4,L,29,V,-1.095,4
-2.658,-0.7661,7,L,29,W,-0.6612,6
-2.94,-0.9905,5,L,29,Y,-1.159,3
-7.628,-5.772,8,M,30,*,-6,6
-2.138,-0.4577,7,M,30,A,-0.3629,6
-0.3894,-0.03133,7,M,30,C,-0.1947,3
-2.105,-0.442,11,M,30,D,-0.2512,5
-1.949,-0.3739,11,M,30,E,-0.08477,6
-2.228,-0.5023,7,M,30,F,-0.1283,5
-0.508,-0.04349,3,M,30,G,0.2445,3
0.09725,0.006139,12,M,30,H,0.2337,7
-0.5403,-0.04704,24,M,30,I,-0.2773,6
-0.9741,-0.1072,10,M,30,K,0.01029,5
-1.435,-0.2046,11,M,30,L,-0.1446,3
0,0,,M,30,M,0,
-3.885,-2.07,7,M,30,N,-2.356,5
-5.403,-4.269,10,M,30,P,-4.306,7
-1.999,-0.3948,8,M,30,Q,-0.3327,6
0.9271,0.04025,6,M,30,R,0.01251,6
0.2066,0.01238,4,M,30,S,1.032,2
-0.7015,-0.06654,5,M,30,T,-0.06032,2
0.3233,0.01833,10,M,30,V,-1.203,2
-2.238,-0.5073,11,M,30,W,-0.5716,6
0.5856,0.02947,11,M,30,Y,0.1403,6
-9.071,-5.965,37,Q,31,*,-6,6
-0.8613,-0.08906,7,Q,31,A,-0.4372,5
0.1224,0.007636,7,Q,31,C,,
-2.659,-0.7668,13,Q,31,D,-0.6165,7
-1.72,-0.2889,13,Q,31,E,-0.2736,6
-1.206,-0.1509,6,Q,31,F,0.302,4
-4.139,-2.435,8,Q,31,G,-2.501,5
-2.633,-0.7486,12,Q,31,H,-1.157,6
-2.23,-0.5034,8,Q,31,I,-0.5042,5
-3.401,-1.455,5,Q,31,K,-1.409,4
0.1919,0.01158,14,Q,31,L,-0.08091,7
0.2934,0.01687,9,Q,31,M,-0.2485,5
-3.782,-1.93,6,Q,31,N,-1.874,3
-4.404,-2.832,15,Q,31,P,-2.865,11
0,0,,Q,31,Q,0,
-4.348,-2.748,21,Q,31,R,-2.442,7
-3.511,-1.584,9,Q,31,S,-1.336,6
-0.4935,-0.04192,9,Q,31,T,0.3598,7
1.479,0.05153,8,Q,31,V,0.1094,7
-3.639,-1.743,8,Q,31,W,-1.801,6
-3.893,-2.082,8,Q,31,Y,-1.841,7
-7.533,-5.747,7,T,32,*,-6,4
-1.948,-0.3735,11,T,32,A,-1.164,2
-0.6871,-0.06466,14,T,32,C,0.07604,9
-2.792,-0.8672,10,T,32,D,-1.023,8
-2.739,-0.826,7,T,32,E,-0.8607,7
-1.743,-0.2965,9,T,32,F,0.1827,7
-2.599,-0.7249,9,T,32,G,-0.9718,5
-2.975,-1.022,4,T,32,H,-1.002,3
0.5321,0.02743,17,T,32,I,0.07965,5
-3.507,-1.58,11,T,32,K,-1.804,7
0.3133,0.01785,7,T,32,L,0.08429,5
-0.3513,-0.02772,13,T,32,M,0.2146,8
2.13,0.05887,7,T,32,N,0.07803,5
-6.928,-5.533,10,T,32,P,-5.351,5
-0.145,-0.0103,9,T,32,Q,0.03571,6
-2.381,-0.5866,7,T,32,R,0.1185,2
-2.53,-0.6782,8,T,32,S,-0.8583,4
0,0,,T,32,T,0,
-1.442,-0.2064,4,T,32,V,-0.1662,2
-2.773,-0.8528,3,T,32,W,-0.8337,2
-1.085,-0.1268,11,T,32,Y,-0.8189,6
-8.25,-5.887,10,E,33,*,-6,3
-3.703,-1.825,6,E,33,A,-1.81,5
-1.399,-0.1954,12,E,33,C,-0.7096,7
-2.821,-0.8909,14,E,33,D,-0.8517,5
0,0,,E,33,E,0,
-4.035,-2.284,4,E,33,F,-1.721,3
-3.119,-1.157,15,E,33,G,-1.2,8
-3.623,-1.723,9,E,33,H,-1.699,6
-1.971,-0.3827,6,E,33,I,-0.2014,5
-4.868,-3.534,25,E,33,K,-3.557,6
-1.19,-0.1477,11,E,33,L,-0.2811,8
-3.514,-1.588,2,E,33,M,-1.561,2
-2.8,-0.8738,5,E,33,N,-0.7989,5
-11.82,-6.023,7,E,33,P,-6,5
-3.388,-1.44,5,E,33,Q,-1.222,3
-4.332,-2.724,11,E,33,R,-2.914,9
-3.132,-1.169,7,E,33,S,-1.463,5
-3.168,-1.205,11,E,33,T,-1.653,6
-0.3963,-0.03201,9,E,33,V,-0.2636,6
-4.489,-2.962,5,E,33,W,-2.933,3
-4.029,-2.275,4,E,33,Y,-2.249,2
-8.158,-5.874,13,F,34,*,-6,10
-2.262,-0.5199,11,F,34,A,-0.5161,8
-2.953,-1.002,10,F,34,C,-1.459,7
-4.302,-2.678,5,F,34,D,-2.75,2
-3.258,-1.298,10,F,34,E,-1.187,5
0,0,,F,34,F,0,
-3.131,-1.168,6,F,34,G,-1.136,5
-2.081,-0.4308,9,F,34,H,-0.9179,1
-1.134,-0.1363,14,F,34,I,-0.6106,7
-4.093,-2.367,6,F,34,K,-2.453,5
-1.147,-0.139,15,F,34,L,-0.3005,8
-0.2983,-0.02291,10,F,34,M,-0.224,3
-3.94,-2.148,6,F,34,N,-2.041,4
-9.009,-5.961,6,F,34,P,-6,3
-2.94,-0.9909,5,F,34,Q,-1.162,3
-3.81,-1.968,11,F,34,R,-1.805,6
-1.876,-0.3449,7,F,34,S,-0.1405,4
-3.826,-1.989,5,F,34,T,-1.914,2
-3.168,-1.205,8,F,34,V,-0.9536,4
0.05391,0.003475,4,F,34,W,-0.1943,4
0.7318,0.03453,11,F,34,Y,0.6611,3
-8.143,-5.872,11,Y,35,*,-6,7
-0.77,-0.07577,8,Y,35,A,-0.1839,5
-2.551,-0.692,15,Y,35,C,-0.4849,5
-5.804,-4.725,11,Y,35,D,-5.262,3
-4.361,-2.768,12,Y,35,E,-2.603,7
0.1442,0.008896,12,Y,35,F,-0.2312,2
-4.947,-3.648,5,Y,35,G,-3.471,3
-2.384,-0.5878,11,Y,35,H,-0.5459,5
-2.486,-0.6499,2,Y,35,I,-0.7485,1
-4.318,-2.702,8,Y,35,K,-2.445,3
-3.457,-1.52,9,Y,35,L,-1.287,4
-1.213,-0.1524,8,Y,35,M,0.07918,6
-4.233,-2.574,10,Y,35,N,-2.31,3
-11.04,-6.019,8,Y,35,P,-6,6
-3.362,-1.411,6,Y,35,Q,-2.899,1
-3.722,-1.851,6,Y,35,R,-1.635,4
-2.099,-0.4391,13,Y,35,S,-0.8287,6
0.1311,0.008143,6,Y,35,T,0.2093,1
-0.8926,-0.09389,6,Y,35,V,-0.3497,3
-2.63,-0.7461,4,Y,35,W,-0.7399,4
0,0,,Y,35,Y,0,
-8.193,-5.879,17,Q,36,*,-6,9
-0.1282,-0.009038,6,Q,36,A,0.4466,4
-1.916,-0.3603,14,Q,36,C,-0.6048,6
-2.251,-0.5141,10,Q,36,D,-0.07355,4
-2.202,-0.4891,9,Q,36,E,-0.005817,5
0.1828,0.01107,8,Q,36,F,0.2083,4
-2.078,-0.4294,8,Q,36,G,0.1509,6
-0.5059,-0.04326,17,Q,36,H,0.3456,11
-3.449,-1.51,1,Q,36,I,-1.588,1
-4.453,-2.908,5,Q,36,K,-2.409,1
-1.652,-0.2666,10,Q,36,L,-0.06815,7
1.298,0.04849,6,Q,36,M,0.1206,4
-2.197,-0.4863,4,Q,36,N,-0.6527,3
-9.516,-5.987,12,Q,36,P,-6,8
0,0,,Q,36,Q,0,
-3.477,-1.544,16,Q,36,R,-1.197,5
1.333,0.04911,7,Q,36,S,0.2856,3
-1.21,-0.1518,9,Q,36,T,-0.7184,4
-2.334,-0.5593,6,Q,36,V,0.00344,4
-0.4963,-0.04223,15,Q,36,W,0.115,7
1.435,0.05084,8,Q,36,Y,-0.3924,6
-8.155,-5.874,9,R,37,*,-6,5
-4.273,-2.635,1,R,37,-,,
-1.617,-0.2557,6,R,37,A,0.03058,3
-2.473,-0.6416,7,R,37,C,-0.8443,4
-2.259,-0.5184,10,R,37,D,-0.5406,7
-2.161,-0.4688,6,R,37,E,-0.3766,5
-1.534,-0.2313,9,R,37,F,-0.3878,7
-2.166,-0.471,16,R,37,G,-0.653,8
-2.024,-0.4053,6,R,37,H,-0.6208,3
0.366,0.02035,10,R,37,I,-0.3866,4
2.47,0.06118,15,R,37,K,0.3776,3
0.497,0.02603,10,R,37,L,-0.09391,7
-0.8858,-0.09283,13,R,37,M,-0.3003,7
-2.397,-0.5959,7,R,37,N,-0.5171,4
-8.133,-5.87,10,R,37,P,-6,7
-0.6373,-0.0584,3,R,37,Q,,
0,0,,R,37,R,0,
-1.728,-0.2916,10,R,37,S,-0.1386,4
0.3329,0.01879,5,R,37,T,0.2634,3
-2.269,-0.5235,5,R,37,V,-0.2133,3
-1.479,-0.2161,16,R,37,W,-0.3826,7
0.492,0.02582,12,R,37,Y,-0.09084,9
-8.477,-5.915,18,D,38,*,-6,12
0.5869,0.02952,1,D,38,-,,
-1.888,-0.3496,11,D,38,A,0.3712,6
2.348,0.06045,6,D,38,C,0.1785,2
0,0,,D,38,D,0,
1.843,0.05621,8,D,38,E,0.2739,6
-1.6,-0.2506,7,D,38,F,0.061,2
0.4727,0.02503,10,D,38,G,-0.4411,5
-0.5379,-0.04677,6,D,38,H,-0.1516,3
-1.708,-0.2847,6,D,38,I,-0.06765,3
-3.6,-1.694,7,D,38,K,-2.322,2
-1.587,-0.2468,6,D,38,L,0.2818,2
-3.256,-1.296,5,D,38,M,-0.8303,3
-3.415,-1.471,18,D,38,N,-1.142,5
-4.96,-3.668,8,D,38,P,-3.543,6
-1.858,-0.3381,14,D,38,Q,-0.1775,6
-3.21,-1.248,6,D,38,R,-1.159,3
0.4469,0.02394,8,D,38,S,0.2345,5
-2.672,-0.7761,6,D,38,T,-0.1295,4
-2.323,-0.5534,9,D,38,V,-0.528,6
-1.456,-0.2101,10,D,38,W,0.06526,6
-1.04,-0.1186,10,D,38,Y,-0.2564,5
-8.723,-5.939,10,E,39,*,-6,2
-1.344,-0.1819,2,E,39,-,,
1.624,0.05359,14,E,39,A,0.1544,8
-1,-0.1116,7,E,39,C,0.2038,6
-0.8897,-0.09343,16,E,39,D,0.0214,6
0,0,,E,39,E,0,
-1.823,-0.3249,12,E,39,F,-0.6784,8
-1.744,-0.297,9,E,39,G,-0.4108,4
3.022,0.06361,6,E,39,H,-0.08381,3
-1.084,-0.1268,6,E,39,I,-0.2121,5
-1.942,-0.3708,14,E,39,K,-0.05275,4
-1.288,-0.1689,7,E,39,L,-0.18,5
-2.103,-0.4409,10,E,39,M,-0.6995,8
-0.8998,-0.09502,9,E,39,N,-0.5291,6
-1.689,-0.2787,8,E,39,P,-0.6519,3
-2.698,-0.7956,12,E,39,Q,-0.4677,6
-2.02,-0.4036,7,E,39,R,-0.0878,5
-0.7165,-0.0685,7,E,39,S,0.2813,4
0.5613,0.02856,5,E,39,T,0.3535,3
-1.576,-0.2435,18,E,39,V,-0.1617,10
-2.625,-0.7429,7,E,39,W,-0.7089,4
-1.786,-0.3114,7,E,39,Y,-0.3876,7
-8.616,-5.93,10,T,40,*,-6,5
-0.7965,-0.07952,2,T,40,-,,
0.4206,0.0228,8,T,40,A,0.01784,3
1.52,0.05214,4,T,40,C,0.5071,3
0.1464,0.009026,10,T,40,D,-0.08306,5
0.1994,0.01199,9,T,40,E,-0.1198,2
2.706,0.06239,12,T,40,F,-0.6119,8
-1.334,-0.1795,8,T,40,G,-0.1681,6
0.002928,0.000194,20,T,40,H,-0.1979,8
-0.4594,-0.03834,14,T,40,I,0.3192,4
0.4011,0.02194,9,T,40,K,0.1513,3
-0.4632,-0.03873,10,T,40,L,0.01716,4
-0.3699,-0.02947,7,T,40,M,0.1385,5
1.475,0.05146,9,T,40,N,0.208,5
-1.817,-0.3226,9,T,40,P,-0.1503,4
-0.0291,-0.001953,16,T,40,Q,-0.246,11
-1.884,-0.348,9,T,40,R,0.3544,5
0.1782,0.01082,9,T,40,S,-0.0579,5
0,0,,T,40,T,0,
-1.622,-0.2573,10,T,40,V,-0.04082,6
-0.6616,-0.06142,7,T,40,W,0.2016,3
-0.2662,-0.02011,8,T,40,Y,-0.6049,4
-7.148,-5.624,4,H,41,*,-5.226,2
-2.742,-0.8285,3,H,41,-,,
1.314,0.04877,7,H,41,A,1.097,4
-0.8346,-0.08505,9,H,41,C,0.5184,7
-0.5264,-0.04549,7,H,41,D,0.1691,5
0.9488,0.04082,8,H,41,E,-0.01458,7
0.5569,0.02839,5,H,41,F,-0.09209,3
-0.6992,-0.06623,3,H,41,G,-2.08,1
0,0,,H,41,H,0,
-0.9979,-0.1112,8,H,41,I,0.2822,5
0.1722,0.01049,6,H,41,K,-0.07903,4
1.087,0.04418,8,H,41,L,-0.4625,3
-1.656,-0.268,10,H,41,M,-0.1351,7
-1.484,-0.2175,9,H,41,N,-0.4968,7
-2.006,-0.3975,7,H,41,P,-0.1773,5
0.9947,0.04199,15,H,41,Q,-0.2538,7
0.06809,0.004359,25,H,41,R,-0.0326,5
1.982,0.05759,10,H,41,S,-0.07741,5
-2.56,-0.6984,6,H,41,T,-0.04828,1
0.6797,0.03281,7,H,41,V,0.1531,3
-1.357,-0.1851,4,H,41,W,-0.1117,1
-1.252,-0.1609,9,H,41,Y,-0.2828,3
-1.366,-0.1873,2,N,42,-,,
-0.5809,-0.05166,9,N,42,A,-1.296,4
-1.25,-0.1605,7,N,42,C,-0.1347,5
0.6167,0.03061,21,N,42,D,1.318,1
-0.1571,-0.01124,3,N,42,E,0.316,2
-0.8965,-0.09449,7,N,42,F,-0.1019,4
-1.839,-0.3307,5,N,42,G,-0.6067,2
-0.8009,-0.08013,18,N,42,H,-0.2499,7
3.462,0.06478,7,N,42,I,-0.041,2
-0.1754,-0.01266,12,N,42,K,-0.006399,5
1.697,0.05453,7,N,42,L,0.6625,4
4.036,0.06571,6,N,42,M,0.1863,1
0,0,,N,42,N,0,
1.435,0.05084,13,N,42,P,0.09008,9
-0.05942,-0.004048,7,N,42,Q,0.4611,5
-1.533,-0.2312,11,N,42,R,-0.289,8
-0.4356,-0.0359,13,N,42,S,-0.2826,4
0.5009,0.02619,9,N,42,T,0.3485,5
-1.162,-0.1419,8,N,42,V,0.3896,5
-0.01035,-0.0006876,10,N,42,W,-0.2448,7
-0.812,-0.08174,7,N,42,Y,0.2931,2
-1.133,-0.1362,2,R,43,-,,
0.06258,0.004017,8,R,43,A,0.1144,4
-0.7902,-0.07862,12,R,43,C,-0.5165,4
1.598,0.05324,5,R,43,D,-0.1029,2
0.1513,0.009307,7,R,43,E,-0.05283,3
-1.354,-0.1843,10,R,43,F,-0.5868,5
-1.565,-0.2403,6,R,43,G,0.002265,5
-0.2986,-0.02293,27,R,43,H,-0.03658,6
-2.814,-0.885,4,R,43,I,-0.7189,2
1.074,0.04389,8,R,43,K,0.0786,6
0.4849,0.02553,14,R,43,L,0.3281,5
0.9211,0.04009,4,R,43,M,0.3528,3
-0.9396,-0.1014,6,R,43,N,0.07529,5
-3.244,-1.283,8,R,43,P,-1.168,4
-0.741,-0.07179,8,R,43,Q,0.2707,4
0,0,,R,43,R,0,
0.4914,0.0258,6,R,43,S,0.05755,5
-2.149,-0.4629,6,R,43,T,-0.8568,4
-0.1194,-0.00838,10,R,43,V,-0.1887,2
-0.2256,-0.0167,8,R,43,W,-0.1889,5
-1.724,-0.29,11,R,43,Y,0.004125,6
-4.968,-3.679,1,E,44,*,,
-0.54,-0.047,1,E,44,-,,
1.357,0.04954,5,E,44,A,0.1945,5
-2.335,-0.5602,5,E,44,C,-0.6295,2
1.191,0.04641,11,E,44,D,-0.3625,3
0,0,,E,44,E,0,
-3.114,-1.151,5,E,44,F,-0.7945,1
-1.881,-0.3466,19,E,44,G,-0.7169,8
-1.16,-0.1414,15,E,44,H,-0.8707,7
-1.682,-0.2762,5,E,44,I,-0.2254,4
-2.716,-0.809,11,E,44,K,-0.2953,2
-2.295,-0.538,9,E,44,L,-0.5988,6
-1.169,-0.1433,6,E,44,M,-0.3354,3
-2.383,-0.5877,14,E,44,N,-0.131,8
-2.749,-0.8339,9,E,44,P,-0.7006,4
-0.8549,-0.08809,7,E,44,Q,-0.4867,2
-1.496,-0.2209,7,E,44,R,-0.3336,2
-0.7116,-0.06786,9,E,44,S,-0.333,6
-1.181,-0.1457,8,E,44,T,0.1274,2
-2.215,-0.4956,10,E,44,V,-0.852,6
-3.26,-1.3,7,E,44,W,-1.482,4
-2.674,-0.7779,6,E,44,Y,-0.6972,5
-5.061,-3.812,2,G,45,-,,
2.983,0.06348,15,G,45,A,-0.1524,11
-0.1682,-0.0121,18,G,45,C,0.2752,10
-0.8941,-0.09412,9,G,45,D,-0.06069,2
-1.08,-0.126,6,G,45,E,0.0133,2
-1.489,-0.2189,9,G,45,F,-0.2266,3
0,0,,G,45,G,0,
1.625,0.0536,12,G,45,H,0.5759,7
0.8322,0.03761,4,G,45,I,0.2247,3
-0.4908,-0.04164,8,G,45,K,0.4174,4
-1.001,-0.1118,9,G,45,L,-0.3652,6
1.962,0.05741,11,G,45,M,0.3974,9
0.7935,0.03646,12,G,45,N,0.3952,8
-5.077,-3.834,13,G,45,P,-3.781,6
-2.211,-0.4935,7,G,45,Q,-0.03842,5
-1.336,-0.18,11,G,45,R,-0.1797,4
-0.4114,-0.03349,10,G,45,S,0.417,3
1.304,0.0486,16,G,45,T,0.3409,10
-0.2905,-0.02222,10,G,45,V,0.1497,5
0.2037,0.01222,15,G,45,W,-0.1788,9
0.6593,0.03212,7,G,45,Y,-0.123,4
-2.997,-1.041,2,G,46,-,,
-0.008476,-0.0005627,15,G,46,A,-0.1699,7
-2.425,-0.6126,9,G,46,C,-0.9849,3
-3.829,-1.993,20,G,46,D,-2.119,3
-4.223,-2.559,11,G,46,E,-2.684,6
-2.353,-0.5703,7,G,46,F,-0.6379,5
0,0,,G,46,G,0,
-2.181,-0.4785,8,G,46,H,-0.3427,4
-3.265,-1.306,10,G,46,I,-1.659,8
-7.736,-5.797,7,G,46,K,-6,7
-3.666,-1.777,6,G,46,L,-1.355,5
-3.065,-1.104,9,G,46,M,-1.927,4
-2.588,-0.7171,2,G,46,N,-0.1969,1
-1.474,-0.2149,13,G,46,P,-0.3201,4
-2.372,-0.581,9,G,46,Q,-0.6615,5
-3.801,-1.956,16,G,46,R,-1.876,7
3.844,0.06545,13,G,46,S,-0.5579,6
-1.056,-0.1216,3,G,46,T,-0.8586,3
-2.113,-0.4455,19,G,46,V,-0.9872,9
-2.586,-0.716,9,G,46,W,-0.6943,8
-2.174,-0.4752,11,G,46,Y,-0.4774,8
-7.759,-5.802,5,Q,47,*,,
-4.034,-2.281,2,Q,47,-,,
-1.915,-0.3602,12,Q,47,A,-0.2004,5
-2.307,-0.5442,10,Q,47,C,-0.641,6
-1.867,-0.3412,5,Q,47,D,-0.1834,4
-0.9045,-0.09577,14,Q,47,E,0.07568,9
-0.6395,-0.05868,7,Q,47,F,-0.5463,3
-1.81,-0.3201,7,Q,47,G,-0.22,3
-1.318,-0.1758,17,Q,47,H,-0.0705,9
-1.944,-0.3715,4,Q,47,I,-0.1803,4
-3.16,-1.197,7,Q,47,K,-0.8692,2
-1.427,-0.2024,9,Q,47,L,0.6692,4
-0.06454,-0.004408,7,Q,47,M,-0.3899,3
-2.106,-0.4424,8,Q,47,N,-0.2818,6
-11.71,-6.023,9,Q,47,P,-6,5
0,0,,Q,47,Q,0,
-3.583,-1.672,9,Q,47,R,-0.6719,2
3.183,0.0641,4,Q,47,S,0.2952,1
-1.161,-0.1417,9,Q,47,T,-0.0417,6
-0.9471,-0.1026,15,Q,47,V,0.0125,6
-0.4917,-0.04173,7,Q,47,W,0.2509,5
-1.104,-0.1305,8,Q,47,Y,-0.1074,5
0.1977,0.01189,1,F,48,-,,
-3.16,-1.197,8,F,48,A,-1.533,3
-3.121,-1.158,7,F,48,C,-1.646,5
-6.318,-5.175,7,F,48,D,-4.794,6
-4.607,-3.142,9,F,48,E,-3.151,6
0,0,,F,48,F,0,
-5.575,-4.476,6,F,48,G,-4.761,1
-3.986,-2.213,3,F,48,H,-2.105,2
-2.37,-0.5798,1,F,48,I,-0.7534,1
-7.403,-5.71,9,F,48,K,-6,5
-2.542,-0.6861,8,F,48,L,-0.8667,4
-1.557,-0.2378,5,F,48,M,-0.8664,3
-4.383,-2.801,8,F,48,N,-2.469,4
-7.564,-5.755,6,F,48,P,-6,4
-3.077,-1.116,7,F,48,Q,-1.425,2
-8.681,-5.936,12,F,48,R,-6,7
-3.724,-1.853,6,F,48,S,-1.61,3
-2.72,-0.8119,11,F,48,T,-1.534,6
-3.24,-1.279,9,F,48,V,-1.31,6
-0.4086,-0.03321,8,F,48,W,-0.3287,6
-2.829,-0.8972,7,F,48,Y,-0.8113,3
-0.9186,-0.09802,2,M,49,-,,
1.173,0.04604,7,M,49,A,-0.04291,5
-1.066,-0.1234,7,M,49,C,0.06413,4
-2.281,-0.5302,5,M,49,D,-0.4482,5
-1.3,-0.1717,8,M,49,E,-0.2707,5
-1.469,-0.2134,9,M,49,F,-0.345,5
-1.574,-0.243,6,M,49,G,-0.416,5
-1.19,-0.1476,10,M,49,H,-0.2295,7
-0.3959,-0.03196,16,M,49,I,0.5838,5
-0.1395,-0.00989,7,M,49,K,-0.2235,2
0.04685,0.00303,6,M,49,L,0.2834,4
0,0,,M,49,M,0,
1.976,0.05754,6,M,49,N,-0.5772,3
-6.695,-5.416,6,M,49,P,-6,5
0.6624,0.03222,6,M,49,Q,0.01631,6
-1.774,-0.3072,7,M,49,R,-0.1205,5
1.239,0.04738,5,M,49,S,0.122,3
-1.091,-0.1281,17,M,49,T,-0.2607,8
1.435,0.05083,23,M,49,V,0.3818,10
-1.691,-0.2792,9,M,49,W,-0.6468,6
-0.1718,-0.01237,1,M,49,Y,,
-3.649,-1.756,3,F,50,-,,
-3.51,-1.583,15,F,50,A,-1.965,10
-2.936,-0.9875,11,F,50,C,-0.846,8
-2.475,-0.6432,6,F,50,D,-0.2794,3
-2.724,-0.8149,5,F,50,E,-1.133,3
0,0,,F,50,F,0,
-3.76,-1.901,8,F,50,G,-1.505,3
-1.354,-0.1843,5,F,50,H,0.7418,3
-1.973,-0.3837,2,F,50,I,,
-3.495,-1.565,9,F,50,K,-1.169,4
-0.1132,-0.007922,11,F,50,L,-0.2088,5
4.746,0.06631,7,F,50,M,-0.3297,3
-0.2847,-0.02171,13,F,50,N,-0.7617,9
-5.276,-4.105,11,F,50,P,-3.916,5
-0.9204,-0.0983,7,F,50,Q,-1.306,2
-3.655,-1.763,2,F,50,R,-1.76,2
-3.117,-1.155,10,F,50,S,-1.12,4
-2.928,-0.9804,5,F,50,T,-1.006,4
-0.4816,-0.04066,8,F,50,V,-0.5853,4
-3.899,-2.09,6,F,50,W,-1.953,4
-3.291,-1.333,10,F,50,Y,-1.212,6
-3.206,-1.244,3,D,51,-,,
-0.5732,-0.05077,6,D,51,A,-0.2216,3
-0.7093,-0.06755,8,D,51,C,-0.3931,5
0,0,,D,51,D,0,
-0.9744,-0.1072,17,D,51,E,0.03953,10
-2.114,-0.4459,6,D,51,F,0.582,4
0.5973,0.0299,17,D,51,G,0.4675,7
0.6162,0.03059,7,D,51,H,0.5962,5
-1.293,-0.1699,7,D,51,I,-0.04285,4
-1.623,-0.2576,12,D,51,K,-0.3591,5
-0.5718,-0.05061,15,D,51,L,-0.09651,10
-0.7464,-0.07252,8,D,51,M,-0.1013,4
-0.1324,-0.009354,17,D,51,N,0.04868,6
-3.777,-1.923,11,D,51,P,-1.843,7
-0.708,-0.06738,8,D,51,Q,-0.04142,7
-2.628,-0.745,8,D,51,R,-0.7139,6
0.8676,0.03862,5,D,51,S,0.219,2
1.301,0.04855,10,D,51,T,0.1752,8
0.9102,0.0398,11,D,51,V,-0.2625,6
-1.984,-0.3882,6,D,51,W,-0.4562,5
0.4796,0.02532,19,D,51,Y,-0.3268,12
0.2032,0.01219,3,F,52,-,,
-2.748,-0.8328,10,F,52,A,-1.446,6
-2.893,-0.9501,6,F,52,C,-1.359,3
-3.923,-2.123,7,F,52,D,-1.883,5
-3.259,-1.299,5,F,52,E,-1.331,5
0,0,,F,52,F,0,
-2.283,-0.5313,5,F,52,G,-1.31,2
-2.791,-0.8666,9,F,52,H,-0.9622,8
-0.9051,-0.09586,8,F,52,I,-0.7605,3
-3.537,-1.616,11,F,52,K,-1.48,6
-1.863,-0.3399,9,F,52,L,0.3935,1
-1.88,-0.3465,6,F,52,M,0.01803,5
-1.634,-0.2612,3,F,52,N,-2.145,1
-6.323,-5.18,6,F,52,P,-5.138,5
-0.0393,-0.00265,2,F,52,Q,-0.568,1
-3.745,-1.88,12,F,52,R,-1.925,8
-3.011,-1.054,14,F,52,S,-1.141,9
-2.652,-0.7619,9,F,52,T,-0.8347,7
-2.629,-0.7454,7,F,52,V,-0.6019,4
-1.273,-0.1654,17,F,52,W,-0.5607,10
-2.041,-0.4127,20,F,52,Y,-0.6205,9
-2.931,-0.9832,4,D,53,-,,
-2.759,-0.8417,3,D,53,A,-0.5231,1
-2.824,-0.893,9,D,53,C,-1.017,5
0,0,,D,53,D,0,
-1.713,-0.2863,6,D,53,E,-0.6017,5
-3.818,-1.978,10,D,53,F,-1.881,5
-1.414,-0.1991,8,D,53,G,-0.3456,3
-3.019,-1.061,15,D,53,H,-1.206,5
-3.631,-1.732,8,D,53,I,-1.225,4
-2.37,-0.58,8,D,53,K,-0.9688,6
-3.344,-1.391,7,D,53,L,-0.9717,4
-2.741,-0.8275,9,D,53,M,-0.8288,8
-0.6194,-0.05622,15,D,53,N,0.07517,6
-5.709,-4.625,9,D,53,P,-4.591,4
-1.049,-0.1203,15,D,53,Q,-0.6714,4
-2.696,-0.7942,12,D,53,R,-0.6981,8
-0.9436,-0.1021,6,D,53,S,-0.1712,4
-1.469,-0.2134,7,D,53,T,-0.4857,6
-2.949,-0.9988,8,D,53,V,-1.448,2
-3.751,-1.889,16,D,53,W,-1.954,13
-3.618,-1.717,12,D,53,Y,-2.068,5
-2.496,-0.6566,4,G,54,-,,
-0.1397,-0.009905,9,G,54,A,0.003255,3
-1.712,-0.2861,9,G,54,C,0.06732,3
-1.205,-0.1508,15,G,54,D,-0.2029,2
-0.4182,-0.03416,8,G,54,E,0.1315,5
1.656,0.05402,6,G,54,F,0.4291,3
0,0,,G,54,G,0,
1.454,0.05113,4,G,54,H,0.4052,4
-2.888,-0.9459,6,G,54,I,-0.8966,4
0.4682,0.02484,8,G,54,K,0.00105,4
-1.431,-0.2035,9,G,54,L,0.1487,4
-1.175,-0.1446,10,G,54,M,-0.1534,6
0.04495,0.00291,14,G,54,N,-0.07305,8
-3.215,-1.253,6,G,54,P,-1.144,5
-1.646,-0.2648,7,G,54,Q,-0.5553,4
-0.0974,-0.006761,7,G,54,R,-0.02844,4
-2.328,-0.556,6,G,54,S,-0.5228,2
-1.133,-0.1361,8,G,54,T,0.05417,6
-2.197,-0.4864,23,G,54,V,-0.2026,13
-2.583,-0.7136,6,G,54,W,-0.3465,3
-1.493,-0.2199,10,G,54,Y,-0.1743,5
-3.859,-2.034,4,D,55,-,,
-2.736,-0.8242,10,D,55,A,-0.8922,5
-3.05,-1.091,8,D,55,C,-0.6886,3
0,0,,D,55,D,0,
-0.08451,-0.005829,13,D,55,E,0.000886,7
-1.741,-0.2961,3,D,55,F,-0.3619,1
-1.251,-0.1606,14,D,55,G,-0.479,7
0.2588,0.01513,10,D,55,H,-0.5837,6
-2.692,-0.7908,7,D,55,I,-1.144,5
-2.852,-0.9158,6,D,55,K,-1.224,3
-2.645,-0.7572,10,D,55,L,-0.9247,5
-1.953,-0.3752,9,D,55,M,-0.634,5
-1.211,-0.152,12,D,55,N,0.0589,4
-3.993,-2.223,7,D,55,P,-2.358,5
1.3,0.04852,8,D,55,Q,-0.4622,6
-3.341,-1.388,9,D,55,R,-1.377,6
0.6315,0.03114,4,D,55,S,-0.4828,1
-2.633,-0.7482,10,D,55,T,-0.716,7
-3.015,-1.058,13,D,55,V,-1.335,5
-3.773,-1.918,10,D,55,W,-1.778,6
-3.035,-1.076,15,D,55,Y,-0.6775,8
-8.176,-5.877,1,E,56,*,,
-1.979,-0.3862,4,E,56,-,,
-2.113,-0.4455,6,E,56,A,-0.3842,3
-0.6443,-0.05927,6,E,56,C,-0.2701,3
-2.183,-0.4795,20,E,56,D,-0.6611,8
0,0,,E,56,E,0,
-4.521,-3.011,12,E,56,F,-2.806,8
-2.033,-0.4095,13,E,56,G,-0.3407,7
-2.629,-0.746,9,E,56,H,-0.4741,8
-0.9576,-0.1044,9,E,56,I,0.8376,4
-3.419,-1.476,12,E,56,K,0.04997,3
-1.105,-0.1307,7,E,56,L,-0.09545,4
-0.8795,-0.09185,7,E,56,M,-0.6943,2
-2.67,-0.7747,12,E,56,N,-0.7598,6
-2.57,-0.7052,12,E,56,P,-0.8469,10
-2.053,-0.4182,12,E,56,Q,-0.678,6
-2.786,-0.8625,6,E,56,R,-0.9383,2
-1.116,-0.1327,16,E,56,S,-0.513,8
-1.834,-0.3288,8,E,56,T,-0.2692,5
-2.108,-0.4434,13,E,56,V,-0.2889,5
-4.104,-2.383,11,E,56,W,-2.077,10
-3.205,-1.243,10,E,56,Y,-1.363,6
-1.157,-0.1409,5,I,57,-,,
-2.356,-0.5721,7,I,57,A,-0.5368,6
0.2885,0.01663,4,I,57,C,0.3247,3
-9.001,-5.96,4,I,57,D,-6,3
-3.661,-1.771,12,I,57,E,-1.133,2
-3.159,-1.196,9,I,57,F,-1.184,7
-4.633,-3.181,5,I,57,G,-3.062,4
-5.484,-4.368,5,I,57,H,-3.481,2
0,0,,I,57,I,0,
-12.52,-6.025,7,I,57,K,-5.693,2
-1.607,-0.2529,9,I,57,L,0.8304,4
-1.129,-0.1353,12,I,57,M,-0.3797,9
-4.495,-2.971,12,I,57,N,-2.958,9
-6.327,-5.182,6,I,57,P,-4.805,4
-3.962,-2.178,10,I,57,Q,-2.119,6
-8.302,-5.894,14,I,57,R,-6,11
-3.436,-1.495,7,I,57,S,-1.528,3
0.713,0.03392,9,I,57,T,-0.7756,5
0.417,0.02265,9,I,57,V,0.292,1
-3.45,-1.511,9,I,57,W,-1.423,7
-3.279,-1.321,11,I,57,Y,-1.189,5
-2.543,-0.6871,7,F,58,-,,
-2.129,-0.453,2,F,58,A,-0.8092,1
-0.6149,-0.05569,8,F,58,C,-0.2266,5
-3.521,-1.596,6,F,58,D,-1.313,3
-4.105,-2.384,10,F,58,E,-2.322,5
0,0,,F,58,F,0,
-1.583,-0.2457,8,F,58,G,-1.143,4
-2.874,-0.9338,9,F,58,H,-0.9812,7
-2.721,-0.8129,9,F,58,I,-0.3341,3
-4.972,-3.686,14,F,58,K,-3.58,10
-0.1698,-0.01222,8,F,58,L,-0.186,4
-2.757,-0.8402,2,F,58,M,-0.8111,2
-2.34,-0.5625,9,F,58,N,-0.4344,5
-7.764,-5.803,7,F,58,P,-6,6
-2.829,-0.8973,8,F,58,Q,-0.9966,7
-10.91,-6.017,10,F,58,R,-6,8
-2.76,-0.8423,11,F,58,S,-1.123,5
-2.769,-0.8496,10,F,58,T,-0.7239,9
-1.308,-0.1735,10,F,58,V,-0.7462,3
-2.255,-0.5161,9,F,58,W,-0.9306,6
-1.923,-0.363,6,F,58,Y,-0.3589,4
-8.276,-5.891,1,H,59,*,,
-4.909,-3.594,6,H,59,-,,
-0.7156,-0.06839,9,H,59,A,0.05894,5
-1.898,-0.3534,5,H,59,C,-0.2119,2
-1.861,-0.339,9,H,59,D,-0.4111,4
-1.839,-0.3308,7,H,59,E,-0.4751,5
-1.146,-0.1388,8,H,59,F,0.2899,3
-3.121,-1.158,16,H,59,G,-1.24,9
0,0,,H,59,H,0,
-2.313,-0.5477,18,H,59,I,-0.63,10
-2.433,-0.6173,5,H,59,K,0.0582,3
-3.22,-1.258,8,H,59,L,-1.174,5
-2.337,-0.561,10,H,59,M,-0.07969,4
-1.714,-0.2868,6,H,59,N,-0.2629,4
-8.853,-5.95,12,H,59,P,-6,6
-2.686,-0.7867,7,H,59,Q,-0.3659,4
-0.5313,-0.04604,26,H,59,R,-0.1703,17
-2.592,-0.72,8,H,59,S,-0.8449,4
-2.095,-0.4374,12,H,59,T,-0.533,8
-2.558,-0.6972,14,H,59,V,-0.6945,7
-2.301,-0.5411,9,H,59,W,-0.6054,6
-1.119,-0.1335,12,H,59,Y,-0.07325,3
0.2719,0.01579,3,V,60,-,,
-1.459,-0.2109,16,V,60,A,-0.3217,5
-0.6732,-0.06288,8,V,60,C,-0.01545,2
-4.039,-2.289,3,V,60,D,-2.08,2
-1.831,-0.3279,10,V,60,E,-0.1557,6
-3.651,-1.758,7,V,60,F,-1.622,5
-3.533,-1.61,9,V,60,G,-1.578,7
-2.707,-0.8025,9,V,60,H,-1.147,6
1.281,0.04818,6,V,60,I,-0.03089,3
-5.167,-3.96,12,V,60,K,-4.047,7
0.7281,0.03442,14,V,60,L,0.1086,7
-1.12,-0.1336,14,V,60,M,-0.02434,5
-3.054,-1.094,6,V,60,N,,
-3.345,-1.393,10,V,60,P,-1.231,6
-3.135,-1.172,6,V,60,Q,-1.053,5
-4.794,-3.423,11,V,60,R,-3.389,8
-1.764,-0.304,6,V,60,T,-0.6692,3
0,0,,V,60,V,0,
-7.52,-5.744,10,V,60,W,-5.382,4
-3.131,-1.168,12,V,60,Y,-1.03,8
-0.5236,-0.04519,3,D,61,-,,
-0.4565,-0.03804,13,D,61,A,-0.2461,7
-1.828,-0.3267,10,D,61,C,-0.5152,9
0,0,,D,61,D,0,
-0.4302,-0.03536,7,D,61,E,-0.3687,3
-0.8172,-0.08249,11,D,61,F,-0.1787,7
-1.405,-0.1967,11,D,61,G,-0.3422,4
2.274,0.05995,6,D,61,H,0.6689,1
-2.658,-0.7662,9,D,61,I,-0.4683,6
-2.526,-0.676,10,D,61,K,-0.7663,8
-2.265,-0.5219,9,D,61,L,-0.6825,4
-2.334,-0.5596,9,D,61,M,-0.6016,5
-0.3818,-0.03061,20,D,61,N,-0.04191,3
-2.699,-0.796,7,D,61,P,-1.528,2
1.475,0.05146,6,D,61,Q,-0.0604,4
-1.932,-0.3669,8,D,61,R,-1.164,2
-0.7791,-0.07704,10,D,61,S,-0.1481,6
-3.431,-1.49,10,D,61,T,-1.322,7
-2.734,-0.8225,8,D,61,V,-0.6893,4
-2.247,-0.5121,5,D,61,W,-0.3806,4
-2.879,-0.9386,12,D,61,Y,-0.9094,5
-0.0465,-0.003147,3,L,62,-,,
0.9301,0.04033,7,L,62,A,0.1278,7
-2.6,-0.7253,2,L,62,C,-0.81,1
-10.31,-6.009,7,L,62,D,-6,4
-6.548,-5.33,14,L,62,E,-4.995,5
0.07092,0.004534,7,L,62,F,-0.2434,4
-1.644,-0.2642,5,L,62,G,-0.3679,2
-3.029,-1.071,8,L,62,H,-1.27,6
-1.133,-0.1362,11,L,62,I,0.4438,7
-2.919,-0.972,6,L,62,K,-1.428,3
0,0,,L,62,L,0,
0.1705,0.01039,4,L,62,M,0.128,3
-2.896,-0.953,8,L,62,N,-1.006,6
-1.497,-0.2211,21,L,62,P,0.03326,7
-2.397,-0.5959,6,L,62,Q,-0.5529,4
-4.242,-2.588,7,L,62,R,-2.753,5
-3.603,-1.697,3,L,62,S,-1.905,3
-2.906,-0.9611,7,L,62,T,-0.7301,4
-2.038,-0.4115,9,L,62,V,-0.8851,6
-25.45,-6.027,4,L,62,W,-6,3
-8.127,-5.869,11,L,62,Y,-6,4
-7.868,-5.824,6,Q,63,*,,
-2.502,-0.6604,4,Q,63,-,,
-0.9745,-0.1072,9,Q,63,A,-0.1134,8
-2.858,-0.921,5,Q,63,C,-0.6878,4
-2.321,-0.5521,7,Q,63,D,-0.7807,5
-2.18,-0.4779,8,Q,63,E,-0.5417,3
-1.869,-0.3422,10,Q,63,F,-0.676,5
-0.7016,-0.06655,11,Q,63,G,-0.1331,5
-1.923,-0.3633,13,Q,63,H,-0.2195,6
0.8019,0.03672,7,Q,63,I,0.03161,5
-0.2928,-0.02242,14,Q,63,K,0.01126,8
1.447,0.05103,10,Q,63,L,0.02293,7
-1.026,-0.1161,5,Q,63,M,-0.3016,5
-5.864,-4.786,12,Q,63,N,-4.675,6
-0.3531,-0.02789,14,Q,63,P,0.1444,9
0,0,,Q,63,Q,0,
-0.6099,-0.05509,23,Q,63,R,0.3574,11
1.446,0.05101,10,Q,63,S,-0.0211,6
-0.06632,-0.004533,12,Q,63,T,0.3322,7
-0.04741,-0.00321,11,Q,63,V,0.006931,9
-2.326,-0.5549,9,Q,63,W,-0.5979,8
-1.465,-0.2124,5,Q,63,Y,-0.5908,2
-5.269,-4.097,1,K,64,*,,
-2.283,-0.5312,4,K,64,-,,
-1.414,-0.1992,9,K,64,A,-0.6755,5
-3.227,-1.265,7,K,64,C,-1.301,6
-2.414,-0.606,7,K,64,D,-1.398,5
-2.628,-0.7451,9,K,64,E,-1.11,3
-1.758,-0.3016,10,K,64,F,-0.7876,3
-2.34,-0.5627,4,K,64,G,-0.5392,4
-0.4035,-0.03271,5,K,64,H,-0.02496,4
-2.096,-0.4376,12,K,64,I,-0.1234,7
0,0,,K,64,K,0,
-1.727,-0.2913,4,K,64,L,-0.4688,2
1.039,0.04306,7,K,64,M,0.3131,5
0.1019,0.00642,10,K,64,N,0.06221,3
-2.463,-0.6358,12,K,64,P,-0.5257,5
-0.3593,-0.02847,9,K,64,Q,-0.3304,3
-2.065,-0.4237,4,K,64,R,,
-2.831,-0.8987,3,K,64,S,-0.8576,2
-1.571,-0.2422,11,K,64,T,-0.426,5
-2.305,-0.5433,12,K,64,V,-0.4739,7
-2.757,-0.8399,6,K,64,W,-0.7927,6
-0.9611,-0.105,12,K,64,Y,-0.3278,6
-0.3638,-0.0289,3,S,65,-,,
0.9537,0.04095,9,S,65,A,-0.3628,4
-2.297,-0.5391,16,S,65,C,-0.5998,9
-1.21,-0.1519,7,S,65,D,-0.00668,6
-1.667,-0.2714,6,S,65,E,-0.2424,5
5.897,0.06671,6,S,65,F,0.4791,1
0.3933,0.02159,7,S,65,G,0.05131,6
-2.66,-0.7674,4,S,65,H,-0.9824,3
-2.046,-0.4152,7,S,65,I,-0.2502,6
-3.555,-1.638,11,S,65,K,-1.488,8
-0.8171,-0.08249,11,S,65,L,-0.2329,9
-1.409,-0.1978,6,S,65,M,0.1574,4
-7.781,-5.806,12,S,65,N,-6,6
-1.151,-0.1396,5,S,65,P,-0.3212,3
-2.346,-0.5663,8,S,65,Q,-0.6758,4
-2.561,-0.6987,4,S,65,R,-0.867,3
0,0,,S,65,S,0,
0.5215,0.02701,9,S,65,T,-0.1494,7
-1.168,-0.1432,5,S,65,V,-0.1638,2
-7.875,-5.826,5,S,65,W,-6,4
-2.438,-0.6205,12,S,65,Y,-0.7392,6
-5.405,-4.271,2,E,66,*,,
-0.1078,-0.007521,3,E,66,-,,
-0.2092,-0.01536,11,E,66,A,-0.284,5
-2.605,-0.7287,6,E,66,C,-0.9005,5
0.5113,0.0266,8,E,66,D,-0.3617,2
0,0,,E,66,E,0,
-1.73,-0.2922,9,E,66,F,-0.1894,7
-1.289,-0.1692,12,E,66,G,-0.6278,6
0.6237,0.03086,9,E,66,H,-0.09285,8
0.2118,0.01266,3,E,66,I,0.0003,2
-0.4995,-0.04257,11,E,66,K,0.3363,5
-0.8074,-0.08107,8,E,66,L,-0.3322,5
-3.128,-1.165,2,E,66,M,-1.183,1
1.302,0.04855,5,E,66,N,-0.05969,3
-4.006,-2.241,8,E,66,P,-1.946,5
-0.636,-0.05824,18,E,66,Q,-0.3361,9
-1.171,-0.1437,11,E,66,R,-0.4132,4
1.474,0.05145,10,E,66,S,0.6256,6
-0.5869,-0.05237,4,E,66,T,-0.07695,2
-0.08025,-0.005524,8,E,66,V,0.5314,5
-1.885,-0.3482,6,E,66,W,-0.5079,3
-1.028,-0.1165,14,E,66,Y,-0.1924,9
-1.774,-0.3072,6,T,67,-,,
-0.3116,-0.0241,15,T,67,A,-0.299,4
0.1213,0.007565,15,T,67,C,-0.5483,9
-1.663,-0.2702,12,T,67,D,0.0704,6
-0.473,-0.03976,5,T,67,E,-0.6453,2
-3.769,-1.912,10,T,67,F,-2.018,6
-0.8549,-0.08809,8,T,67,G,-0.353,5
-3.614,-1.711,9,T,67,H,-1.617,8
-1.33,-0.1785,13,T,67,I,-0.7542,4
-3.156,-1.193,11,T,67,K,-1.465,8
-2.86,-0.9225,9,T,67,L,-1.004,4
-0.5024,-0.04288,6,T,67,M,-1.286,4
-2.023,-0.405,9,T,67,N,-0.2742,7
-0.1592,-0.01139,15,T,67,P,-0.05441,9
-2.958,-1.007,6,T,67,Q,-1.442,4
-4.578,-3.097,9,T,67,R,-3.329,5
-0.7324,-0.07062,11,T,67,S,-0.6376,7
0,0,,T,67,T,0,
2.014,0.05789,11,T,67,V,-0.03172,9
-3.69,-1.809,9,T,67,W,-1.721,4
-3.9,-2.091,8,T,67,Y,-2.135,4
-1.584,-0.2458,5,I,68,-,,
-2.584,-0.7146,8,I,68,A,-0.9942,7
0.897,0.03944,9,I,68,C,0.1568,7
1.1,0.04446,11,I,68,D,0.4019,9
1.021,0.04264,3,I,68,E,0.4108,3
-0.5097,-0.04367,7,I,68,F,-0.4991,5
-1.232,-0.1564,12,I,68,G,-0.6075,9
1.791,0.05563,7,I,68,H,0.05113,5
0,0,,I,68,I,0,
1.579,0.05299,9,I,68,K,0.09693,5
-1.916,-0.3603,9,I,68,L,-0.0144,6
0.3679,0.02043,7,I,68,M,-0.3669,4
0.1598,0.009785,7,I,68,N,-0.2458,4
-3.087,-1.126,3,I,68,P,-1.281,3
-1.366,-0.1871,10,I,68,Q,0.02512,4
0.5708,0.02891,12,I,68,R,0.3654,7
0.5387,0.02769,5,I,68,S,-0.0361,2
-0.03597,-0.002422,7,I,68,T,0.3528,3
-0.7663,-0.07526,15,I,68,V,0.1534,8
-1.31,-0.1739,8,I,68,W,-0.3069,6
-0.05392,-0.003663,9,I,68,Y,-0.1995,3
-8.571,-5.925,14,W,69,*,-6,1
-1.945,-0.372,6,W,69,-,,
-2.242,-0.5098,6,W,69,A,-0.609,5
-0.08457,-0.005833,10,W,69,C,-0.4344,5
-2.641,-0.7543,3,W,69,D,-0.8996,2
-3.157,-1.194,6,W,69,E,-1.541,3
1.616,0.05349,8,W,69,F,0.413,5
-2.631,-0.7472,4,W,69,G,-0.7779,2
-3.528,-1.605,9,W,69,H,-1.115,7
-2.334,-0.5594,7,W,69,I,-1.083,5
-3.948,-2.159,8,W,69,K,-2.129,8
-2.557,-0.6965,13,W,69,L,-0.3958,7
-0.1463,-0.01041,11,W,69,M,-0.435,8
-2.9,-0.9564,10,W,69,N,-0.9651,4
-2.347,-0.5668,4,W,69,P,-0.6039,3
-2.397,-0.5954,8,W,69,Q,-0.511,5
-3.09,-1.128,15,W,69,R,-1.065,11
-2.304,-0.5426,12,W,69,S,-0.7402,7
-0.8635,-0.08939,5,W,69,T,-1.763,3
0.4134,0.02249,5,W,69,V,-0.0806,5
0,0,,W,69,W,0,
1.765,0.05534,6,W,69,Y,-0.2369,4
-2.696,-0.7939,6,R,70,-,,
0.7742,0.03587,5,R,70,A,0.2315,3
-1.147,-0.1389,9,R,70,C,-0.7237,6
-2.06,-0.4212,7,R,70,D,0.1727,3
-2.041,-0.4128,11,R,70,E,-0.04999,8
-1.033,-0.1173,14,R,70,F,-0.469,9
0.0322,0.002097,3,R,70,G,-0.3804,1
-1.065,-0.1231,16,R,70,H,0.5484,10
-1.428,-0.2028,5,R,70,I,-0.1189,4
1.882,0.05662,6,R,70,K,0.7528,4
-1.575,-0.2432,8,R,70,L,-0.1179,4
0.2035,0.01221,10,R,70,M,0.06,5
1.262,0.0478,7,R,70,N,0.1933,6
-3.082,-1.121,10,R,70,P,-1.236,5
-0.918,-0.09791,16,R,70,Q,0.08755,7
0,0,,R,70,R,0,
-0.3692,-0.0294,12,R,70,S,0.4289,6
-0.8052,-0.08076,6,R,70,T,-0.1753,4
1.813,0.05588,8,R,70,V,0.1569,7
-1.456,-0.2101,27,R,70,W,-0.2767,6
1.006,0.04226,5,R,70,Y,0.012,4
-0.5707,-0.05049,5,L,71,-,,
-0.7561,-0.07385,9,L,71,A,-0.4111,5
-1.064,-0.123,10,L,71,C,-0.02161,9
-0.3888,-0.03128,8,L,71,D,-0.2291,3
-1.615,-0.2551,6,L,71,E,-0.2381,5
-2.933,-0.9847,8,L,71,F,-1.096,6
-3.062,-1.101,8,L,71,G,-1.2,6
-2.438,-0.6202,8,L,71,H,-0.5482,7
-0.265,-0.02001,11,L,71,I,-0.4376,8
1.503,0.05189,3,L,71,K,0.5655,3
0,0,,L,71,L,0,
-0.5913,-0.05288,12,L,71,M,-0.202,6
1.219,0.04697,10,L,71,N,-0.2109,6
-3.607,-1.702,18,L,71,P,-1.575,10
-1.835,-0.3293,10,L,71,Q,-0.1623,5
0.1574,0.009654,8,L,71,R,-0.06508,6
-0.1725,-0.01243,5,L,71,S,0.2765,2
1.052,0.04337,7,L,71,T,-0.5218,4
-6.954,-5.545,4,L,71,V,,
-3.071,-1.11,10,L,71,W,-1.125,5
-3.617,-1.715,6,L,71,Y,-1.74,2
-3.577,-1.665,6,P,72,-,,
0.7067,0.03372,5,P,72,A,0.4594,3
-1.731,-0.2925,8,P,72,C,-0.2498,6
-0.2997,-0.02304,8,P,72,D,0.329,5
-2.907,-0.962,4,P,72,E,-0.5628,1
-2.549,-0.6907,8,P,72,F,-0.5292,4
-0.8672,-0.08996,9,P,72,G,0.4821,4
-0.9195,-0.09815,6,P,72,H,-0.3028,3
-1.205,-0.1507,9,P,72,I,0.04982,7
0.07011,0.004483,8,P,72,K,0.8976,5
-0.1803,-0.01304,14,P,72,L,0.1004,9
2.401,0.06077,8,P,72,M,0.5275,5
-0.2644,-0.01996,6,P,72,N,0.4214,4
0,0,,P,72,P,0,
-1.125,-0.1346,5,P,72,R,0.4527,3
-1.136,-0.1368,22,P,72,S,-0.5027,5
-1.943,-0.3714,10,P,72,T,0.06603,5
-2.082,-0.4312,8,P,72,V,-0.04044,4
-1.919,-0.3616,7,P,72,W,-0.3017,6
-0.6025,-0.0542,8,P,72,Y,-0.1446,6
0.1617,0.009893,5,I,73,-,,
0.1374,0.008504,8,I,73,A,0.01865,3
-0.2331,-0.01732,8,I,73,C,0.1032,6
-2.176,-0.4761,9,I,73,D,-0.7576,5
0.03086,0.002012,10,I,73,E,-0.2177,7
-0.2279,-0.01689,17,I,73,F,-0.1913,7
-1.08,-0.1259,5,I,73,G,-0.2897,2
1.239,0.04737,7,I,73,H,0.5317,4
0,0,,I,73,I,0,
0.4974,0.02604,5,I,73,K,0.0816,2
-0.1127,-0.007882,13,I,73,L,-0.2567,5
-0.2941,-0.02254,4,I,73,M,0.2745,2
0.5778,0.02918,9,I,73,N,-0.0665,6
-2.317,-0.5496,11,I,73,P,-0.512,8
-1.95,-0.3742,6,I,73,Q,-0.2952,4
1.659,0.05405,10,I,73,R,-0.07965,7
1.751,0.05518,8,I,73,S,-0.03423,7
2.906,0.0632,9,I,73,T,0.1967,7
0.2219,0.0132,15,I,73,V,0.2181,4
0.3951,0.02168,8,I,73,W,-0.117,6
0.04318,0.002798,12,I,73,Y,-0.106,9
-0.728,-0.07004,4,F,74,-,,
-1.264,-0.1636,7,F,74,A,-1.506,3
-1.64,-0.263,10,F,74,C,-1.071,6
-2.54,-0.685,10,F,74,D,-0.5946,7
-2.386,-0.5892,9,F,74,E,-0.5145,8
0,0,,F,74,F,0,
-2.146,-0.4612,12,F,74,G,-0.7855,8
-2.891,-0.9481,4,F,74,H,-0.9777,4
-2.024,-0.4056,9,F,74,I,-0.7529,6
-2.092,-0.4361,11,F,74,K,-0.5697,7
-2.456,-0.6315,9,F,74,L,-0.7563,6
-0.407,-0.03306,4,F,74,M,-0.7994,2
0.297,0.01705,8,F,74,N,-0.4044,4
-3.13,-1.167,7,F,74,P,-1.453,3
-1.72,-0.2887,12,F,74,Q,-0.8367,9
-2.857,-0.9202,10,F,74,R,-0.9999,9
-2.376,-0.5834,16,F,74,S,-0.669,10
-1.156,-0.1406,6,F,74,T,-0.5894,3
-1.822,-0.3246,13,F,74,V,-0.5524,9
-0.1054,-0.007345,11,F,74,W,-0.8002,5
-1.578,-0.2441,14,F,74,Y,0.1426,6
-0.6036,-0.05434,3,T,75,-,,
1.07,0.04379,12,T,75,A,-0.2062,4
0.07046,0.004505,7,T,75,C,-0.3448,4
0.7542,0.03525,5,T,75,D,-0.2799,1
-0.6606,-0.06129,9,T,75,E,0.09025,6
-2.191,-0.4833,2,T,75,F,-0.6194,1
0.9995,0.0421,10,T,75,G,0.2149,7
2.087,0.05852,8,T,75,H,0.3837,7
-1.552,-0.2366,19,T,75,I,0.08012,9
-1.357,-0.1849,9,T,75,K,-0.01905,4
-0.3068,-0.02366,9,T,75,L,0.6179,1
1.014,0.04247,4,T,75,M,0.02222,3
-0.2307,-0.01712,8,T,75,N,-0.4729,2
-1.761,-0.3027,14,T,75,P,-0.2495,9
0.2466,0.01449,12,T,75,Q,0.02234,7
-0.2669,-0.02017,13,T,75,R,-0.1905,9
1.977,0.05754,11,T,75,S,0.231,5
0,0,,T,75,T,0,
-1.082,-0.1264,4,T,75,V,-0.1348,2
-0.3896,-0.03136,12,T,75,W,-0.7715,8
-1.848,-0.3343,7,T,75,Y,-0.2985,4
-1.273,-0.1654,3,T,76,-,,
1.138,0.0453,15,T,76,A,-0.4227,6
-1.564,-0.24,4,T,76,C,-0.2152,2
1.818,0.05594,2,T,76,D,,
-1.544,-0.2342,7,T,76,E,-1.467,5
-1.435,-0.2046,10,T,76,F,-0.1709,8
-0.01177,-0.0007828,9,T,76,G,-0.4411,3
0.5611,0.02855,7,T,76,H,0.1269,4
-0.8596,-0.0888,16,T,76,I,0.1563,9
0.9025,0.03959,7,T,76,K,0.2661,6
-0.315,-0.0244,11,T,76,L,-0.3332,6
1.184,0.04627,7,T,76,M,0.02452,5
-5.383,-4.243,2,T,76,N,-6,1
0.8993,0.0395,6,T,76,P,-1.192,2
1.469,0.05138,10,T,76,Q,0.2713,5
-0.5921,-0.05297,4,T,76,R,0.2741,2
2.877,0.06309,14,T,76,S,0.2331,9
0,0,,T,76,T,0,
-1.234,-0.1569,8,T,76,V,-0.6364,6
0.4082,0.02226,7,T,76,W,-0.62,4
-2.358,-0.5733,6,T,76,Y,-0.4822,5
-1.396,-0.1945,2,F,77,-,,
-1.1,-0.1298,13,F,77,A,-0.1826,9
0.539,0.02769,9,F,77,C,-0.2053,4
-0.002891,-0.0001911,7,F,77,D,-0.2064,3
0.2355,0.01392,9,F,77,E,0.0707,6
0,0,,F,77,F,0,
-1.956,-0.3765,10,F,77,G,-0.5439,7
1.298,0.04848,9,F,77,H,0.5676,5
-0.3627,-0.02879,8,F,77,I,0.1555,3
-0.3136,-0.02427,8,F,77,K,-0.3628,5
-0.5194,-0.04472,10,F,77,L,-0.1558,3
0.8493,0.0381,8,F,77,M,0.1765,5
0.6945,0.03331,6,F,77,N,0.2684,4
-3.329,-1.374,5,F,77,P,-1.009,4
-0.2262,-0.01675,13,F,77,Q,-0.296,9
3.349,0.06453,10,F,77,R,0.1562,7
0.9481,0.0408,9,F,77,S,-0.2633,5
-0.2547,-0.01913,8,F,77,T,-0.4466,3
-0.6959,-0.0658,10,F,77,V,-0.2211,4
-0.4318,-0.03552,12,F,77,W,-0.212,7
0.8748,0.03883,11,F,77,Y,0.2017,7
-0.8248,-0.08361,3,T,78,-,,
1.567,0.05282,3,T,78,A,,
-1.283,-0.1678,11,T,78,C,-0.01503,5
-3.05,-1.09,9,T,78,D,-1.009,8
-3.116,-1.153,5,T,78,E,-1.247,3
-2.458,-0.6325,3,T,78,F,-0.7017,2
-2.255,-0.5164,9,T,78,G,-0.4262,8
-1.837,-0.33,2,T,78,H,-2.173,1
-1.435,-0.2044,17,T,78,I,0.446,4
-0.4284,-0.03518,6,T,78,K,-0.8628,4
-1.51,-0.2246,11,T,78,L,-0.303,6
-0.5277,-0.04564,3,T,78,M,-1.113,1
-2.869,-0.9299,12,T,78,N,-0.5122,4
-1.993,-0.392,12,T,78,P,-1.29,5
-2.891,-0.9482,14,T,78,Q,-1.01,6
-3.403,-1.458,6,T,78,R,-1.59,3
0.948,0.0408,11,T,78,S,0.02976,1
0,0,,T,78,T,0,
-0.9206,-0.09833,4,T,78,V,-0.2678,3
-0.7686,-0.07558,7,T,78,W,-0.667,3
-3.23,-1.268,10,T,78,Y,-1.443,5
-1.176,-0.1447,3,S,79,-,,
-1.163,-0.1421,9,S,79,A,0.1169,7
-0.8873,-0.09306,13,S,79,C,-0.5886,6
-2.301,-0.5413,3,S,79,D,-0.629,3
2.793,0.06276,7,S,79,E,0.4407,5
-1.291,-0.1695,13,S,79,F,0.04972,7
2.338,0.06038,13,S,79,G,-0.7873,8
0.8427,0.03792,9,S,79,H,-0.1453,6
-0.5402,-0.04702,14,S,79,I,-0.3197,8
-2.145,-0.4609,6,S,79,K,-0.3715,5
-2.86,-0.9223,8,S,79,L,-0.1947,7
1.299,0.04851,13,S,79,M,0.4793,6
-1.174,-0.1444,10,S,79,N,0.3423,4
-3.426,-1.484,4,S,79,P,-1.174,2
1.941,0.0572,10,S,79,Q,0.1795,7
0.009427,0.0006212,24,S,79,R,-0.3817,8
0,0,,S,79,S,0,
-0.5851,-0.05216,9,S,79,T,0.00357,6
0.6336,0.03122,12,S,79,V,0.04413,9
-0.288,-0.022,9,S,79,W,0.3759,4
-0.5563,-0.04884,8,S,79,Y,-0.3556,5
-0.6079,-0.05485,3,F,80,-,,
-3.754,-1.893,3,F,80,A,-2.057,1
-3.963,-2.18,9,F,80,C,-1.945,7
-4.379,-2.795,10,F,80,D,-2.234,4
-4.153,-2.456,7,F,80,E,-2.646,2
0,0,,F,80,F,0,
-3.663,-1.773,5,F,80,G,-1.724,5
-4.087,-2.358,7,F,80,H,-2.445,4
-3.126,-1.163,11,F,80,I,-1.634,3
-4.335,-2.728,11,F,80,K,-2.678,6
-1.421,-0.2009,11,F,80,L,-1.308,6
-1.847,-0.3339,10,F,80,M,-0.3023,6
-2.071,-0.4261,6,F,80,N,-1.575,2
-3.717,-1.844,10,F,80,P,-1.842,7
-3.912,-2.108,7,F,80,Q,-2.114,5
-4.158,-2.462,5,F,80,R,-2.514,4
-3.737,-1.869,7,F,80,S,-1.994,1
-3.849,-2.021,7,F,80,T,-1.94,6
-3.277,-1.318,5,F,80,V,-1.482,2
-3.304,-1.347,6,F,80,W,-1.621,4
-0.955,-0.1039,10,F,80,Y,-0.311,5
-6.846,-5.494,7,E,81,*,-5.148,1
-1.255,-0.1615,3,E,81,-,,
-1.666,-0.271,13,E,81,A,-0.529,5
-3.016,-1.058,10,E,81,C,-1.097,8
0.9921,0.04192,10,E,81,D,0.01892,3
0,0,,E,81,E,0,
-2.884,-0.9422,11,E,81,F,-0.9384,5
-1.446,-0.2074,17,E,81,G,-0.5481,7
-2.283,-0.5313,10,E,81,H,-0.5512,9
-2.092,-0.4358,17,E,81,I,-1.197,10
-2.881,-0.9401,24,E,81,K,-1.278,8
-2.118,-0.448,2,E,81,L,-0.3194,2
1.915,0.05695,5,E,81,M,-1.588,3
-2.5,-0.6591,13,E,81,N,-0.4364,8
-1.893,-0.3515,5,E,81,P,-0.3969,3
0.9516,0.04089,5,E,81,Q,0.1909,5
-3.482,-1.549,5,E,81,R,-1.521,4
-1.561,-0.2392,8,E,81,S,-0.01977,5
-2.417,-0.6075,8,E,81,T,-0.6618,7
-1.765,-0.3043,6,E,81,V,-0.2081,3
-1.948,-0.3734,10,E,81,W,-0.9813,4
-2.213,-0.4947,12,E,81,Y,-0.8381,9
-0.4158,-0.03392,3,A,82,-,,
0,0,,A,82,A,0,
0.008268,0.0005452,11,A,82,C,0.5424,7
-1.036,-0.1179,13,A,82,D,0.4002,6
2.05,0.05821,7,A,82,E,0.2671,3
-2.471,-0.6406,8,A,82,F,-1.05,4
-0.289,-0.02209,9,A,82,G,0.1952,4
-0.09468,-0.006563,9,A,82,H,0.09195,6
0.5184,0.02688,10,A,82,I,0.3885,4
-2.704,-0.8001,15,A,82,K,-0.7025,10
-1.519,-0.2273,10,A,82,L,-0.07288,7
-1.687,-0.2778,16,A,82,M,-0.2823,8
2.247,0.05976,10,A,82,N,-0.2657,7
1.997,0.05773,7,A,82,P,0.2608,5
-1.943,-0.3712,11,A,82,Q,-0.475,9
-0.9515,-0.1034,11,A,82,R,-0.7551,7
0.5518,0.02819,5,A,82,S,-0.2523,2
-0.09068,-0.006274,17,A,82,T,0.1772,6
0.3963,0.02173,13,A,82,V,-0.1756,7
2.958,0.06339,4,A,82,W,0.2066,1
-2.655,-0.764,7,A,82,Y,-0.6394,4
-9.58,-5.99,7,Q,83,*,-6,1
-1.431,-0.2036,3,Q,83,-,,
-2.952,-1.001,5,Q,83,A,-0.9161,5
-3.771,-1.916,11,Q,83,C,-2.1,7
-0.8268,-0.0839,8,Q,83,D,-0.4336,5
-2.447,-0.6259,14,Q,83,E,-0.5369,8
-0.8804,-0.09198,7,Q,83,F,0.001592,5
-2.819,-0.8893,6,Q,83,G,-0.7709,6
-0.3921,-0.0316,29,Q,83,H,-0.06443,14
-0.7916,-0.07881,7,Q,83,I,0.6475,4
-4.604,-3.137,14,Q,83,K,-3.289,7
-0.663,-0.0616,12,Q,83,L,-0.1663,5
0.111,0.00696,3,Q,83,M,0.2862,1
-0.7001,-0.06635,8,Q,83,N,-0.3564,5
-1.998,-0.394,14,Q,83,P,-0.8001,8
0,0,,Q,83,Q,0,
-4.293,-2.665,35,Q,83,R,-2.654,14
-1.699,-0.2817,7,Q,83,S,-0.1681,5
-2.031,-0.4085,7,Q,83,T,-0.3439,4
-1.736,-0.2941,15,Q,83,V,-0.2246,11
-2.925,-0.9772,11,Q,83,W,-1.249,4
1.193,0.04645,13,Q,83,Y,-0.3913,8
-0.2573,-0.01935,3,G,84,-,,
-1.131,-0.1358,9,G,84,A,0.1387,7
-1.207,-0.1511,17,G,84,C,-0.119,7
-0.3505,-0.02765,23,G,84,D,0.8229,9
1.22,0.047,5,G,84,E,0.5612,3
1.529,0.05228,5,G,84,F,0.6262,4
0,0,,G,84,G,0,
-0.1862,-0.01351,7,G,84,H,1.3,1
-1.085,-0.1269,5,G,84,I,0.2194,4
-0.4794,-0.04043,13,G,84,K,0.3184,10
-0.472,-0.03965,8,G,84,L,0.3223,5
1.419,0.05057,8,G,84,M,0.004813,3
0.2242,0.01332,12,G,84,N,0.08605,8
-0.07438,-0.005104,10,G,84,P,-0.0148,7
-0.9328,-0.1003,11,G,84,Q,-0.2594,5
-1.09,-0.1278,5,G,84,R,-0.304,4
1.911,0.05691,12,G,84,S,-0.1612,4
-0.05639,-0.003836,4,G,84,T,-0.2725,1
0.7978,0.03659,17,G,84,V,0.3319,7
0.008607,0.000567,7,G,84,W,0.4172,5
-0.5148,-0.04422,12,G,84,Y,-0.2214,9
-0.09881,-0.006864,2,A,85,-,,
0,0,,A,85,A,0,
0.978,0.04157,11,A,85,C,0.00945,8
-4.814,-3.454,14,A,85,D,-3.365,4
-3.731,-1.862,11,A,85,E,-2.018,7
-4.446,-2.897,9,A,85,F,-3.389,7
0.296,0.017,6,A,85,G,-0.4853,3
-4.2,-2.525,11,A,85,H,-3.055,5
0.2418,0.01424,10,A,85,I,0.09785,7
-6.855,-5.499,13,A,85,K,-5.057,9
-3.788,-1.938,12,A,85,L,-1.904,10
-2.137,-0.4568,8,A,85,M,-0.6679,5
-3.967,-2.185,5,A,85,N,-1.775,2
0.6737,0.03261,9,A,85,P,-0.412,7
-3.446,-1.507,8,A,85,Q,-1.294,4
-5.116,-3.889,9,A,85,R,-3.877,5
-1.126,-0.1348,14,A,85,S,0.02112,5
-1.236,-0.1574,17,A,85,T,0.2247,7
0.4384,0.02358,8,A,85,V,0.1321,4
-4.302,-2.678,8,A,85,W,-2.791,8
-3.915,-2.112,5,A,85,Y,-2.009,4
-9.015,-5.961,3,L,86,-,,
-3.061,-1.101,10,L,86,A,-0.7538,8
-4.935,-3.631,8,L,86,C,-3.629,5
-41.75,-6.027,14,L,86,D,-6,6
-3.307,-1.351,7,L,86,E,-1.272,5
1.14,0.04535,5,L,86,F,0.09824,5
-7.236,-5.656,4,L,86,G,-6,3
-3.043,-1.084,6,L,86,H,-1.11,4
-2.741,-0.8278,6,L,86,I,-0.6785,5
-7.968,-5.843,7,L,86,K,-6,5
0,0,,L,86,L,0,
-1.695,-0.2804,12,L,86,M,-1.255,4
-2.466,-0.6373,6,L,86,N,-0.9322,3
-3.805,-1.96,15,L,86,P,-1.972,4
-2.15,-0.4635,18,L,86,Q,-0.4422,4
-7.227,-5.653,5,L,86,R,-5.921,4
-5.958,-4.876,10,L,86,S,-5.925,5
-3.899,-2.089,5,L,86,T,-2.08,2
-2.797,-0.8717,7,L,86,V,-0.8415,5
-8.802,-5.946,8,L,86,W,-6,5
-1.489,-0.219,12,L,86,Y,-0.1257,8
-8.494,-5.917,18,Q,87,*,-6,2
-6.445,-5.264,4,Q,87,-,,
0.5673,0.02878,6,Q,87,A,-0.1911,4
-2.678,-0.7807,3,Q,87,C,-0.7495,3
-3.353,-1.401,6,Q,87,D,-1.372,4
-0.6482,-0.05975,11,Q,87,E,-0.2051,5
0.397,0.02176,13,Q,87,F,-0.3206,7
0.6834,0.03294,10,Q,87,G,-0.09545,6
-0.3427,-0.02692,15,Q,87,H,0.0144,9
-0.1421,-0.01009,9,Q,87,I,-0.2327,4
0.5268,0.02722,11,Q,87,K,-0.4659,4
-0.9474,-0.1027,11,Q,87,L,-0.1674,4
-2.268,-0.5233,2,Q,87,M,-1.05,1
-2.229,-0.5029,4,Q,87,N,-0.4411,2
-1.648,-0.2655,16,Q,87,P,0.1252,6
0,0,,Q,87,Q,0,
-0.2564,-0.01927,12,Q,87,R,-0.5874,4
1.174,0.04606,8,Q,87,S,0.03798,5
-0.4386,-0.03621,5,Q,87,T,-0.224,4
-1.057,-0.1218,8,Q,87,V,-0.006004,5
-1.992,-0.3916,4,Q,87,W,0.0089,2
-1.374,-0.1893,7,Q,87,Y,-0.2523,4
-7.17,-5.632,4,N,88,-,,
-2.865,-0.9266,16,N,88,A,-0.9088,9
-1.922,-0.363,7,N,88,C,-0.7555,4
-2.596,-0.7227,5,N,88,D,-1.046,1
-3.152,-1.189,13,N,88,E,-1.327,7
-4.143,-2.441,5,N,88,F,-2.22,4
-2.329,-0.5564,9,N,88,G,-1.133,5
-3.296,-1.339,4,N,88,H,-1.445,3
-3.631,-1.732,5,N,88,I,-1.901,2
-1.714,-0.2869,9,N,88,K,-1.416,2
-3.572,-1.659,11,N,88,L,-1.739,7
-3.488,-1.557,12,N,88,M,-1.546,9
0,0,,N,88,N,0,
-3.544,-1.624,7,N,88,P,-1.51,5
-3.6,-1.693,9,N,88,Q,-1.941,7
-2.33,-0.5569,14,N,88,R,-1.269,6
-2.298,-0.5394,11,N,88,S,-1.081,7
-3.057,-1.097,14,N,88,T,-1.269,6
-3.522,-1.598,15,N,88,V,-1.643,10
-4.537,-3.035,9,N,88,W,-3.086,5
-3.838,-2.006,11,N,88,Y,-1.881,8
-6.644,-5.388,4,I,89,-,,
0.9161,0.03996,8,I,89,A,0.3777,7
-1.228,-0.1555,7,I,89,C,-0.2561,6
-2.487,-0.651,4,I,89,D,-1.078,3
-2.506,-0.6628,5,I,89,E,-0.8977,5
-4.094,-2.369,15,I,89,F,-2.403,11
-2.488,-0.6512,10,I,89,G,-0.483,8
-1.788,-0.3124,8,I,89,H,-1.038,3
0,0,,I,89,I,0,
-7.115,-5.612,11,I,89,K,-6,8
-0.5074,-0.04342,7,I,89,L,0.1577,3
-2.64,-0.7534,12,I,89,M,-0.3313,8
-1.723,-0.2897,8,I,89,N,0.07394,6
-3.528,-1.605,4,I,89,P,-1.093,2
-1.535,-0.2316,14,I,89,Q,-0.1219,9
-8.221,-5.883,7,I,89,R,-6,5
-0.3995,-0.03232,10,I,89,S,-0.5499,5
-3.171,-1.208,12,I,89,T,-0.9669,6
-1.173,-0.1441,9,I,89,V,0.1091,3
-7.843,-5.819,4,I,89,W,-6,4
-12.27,-6.025,10,I,89,Y,-6,5
-0.1939,-0.01413,3,A,90,-,,
0,0,,A,90,A,0,
-3.36,-1.409,7,A,90,C,-1.571,6
-2.218,-0.4973,7,A,90,D,-0.4159,4
-0.3158,-0.02447,4,A,90,E,-0.9625,1
-2.955,-1.004,5,A,90,F,-1.003,4
-1.785,-0.3111,10,A,90,G,-0.7275,4
1.13,0.04513,8,A,90,H,-0.3083,5
-1.33,-0.1785,11,A,90,I,-0.8416,9
-4.02,-2.261,7,A,90,K,-2.419,6
-1.729,-0.2917,5,A,90,L,-0.7371,2
0.6411,0.03148,3,A,90,M,0.1361,3
-0.2875,-0.02196,10,A,90,N,0.001298,9
-0.6787,-0.0636,12,A,90,P,0.07165,8
-1.325,-0.1773,11,A,90,Q,-0.1361,7
-2.107,-0.4427,8,A,90,R,-0.7604,3
-6.346,-5.196,8,A,90,S,-4.654,5
-6.317,-5.175,30,A,90,T,-5.851,9
-0.6302,-0.05753,30,A,90,V,-0.07355,6
-2.039,-0.4119,10,A,90,W,-0.2748,7
-1.394,-0.1942,5,A,90,Y,-0.1844,4
-0.8706,-0.09049,3,V,91,-,,
-2.518,-0.6704,9,V,91,A,-0.559,5
-0.692,-0.0653,5,V,91,C,-1.069,4
-3.165,-1.202,9,V,91,D,-1.127,8
-1.346,-0.1823,16,V,91,E,-0.4364,12
-2.499,-0.6585,4,V,91,F,,
-2.777,-0.8556,8,V,91,G,-0.9317,6
-2.873,-0.9336,10,V,91,H,-0.9164,6
-0.5289,-0.04577,7,V,91,I,0.2665,3
-2.613,-0.7342,8,V,91,K,-0.9549,7
-1.801,-0.317,13,V,91,L,-0.5033,10
-0.4805,-0.04054,18,V,91,M,-0.3726,6
-2.898,-0.9541,3,V,91,N,-1.333,2
-4.689,-3.266,4,V,91,P,-3.012,4
-0.4172,-0.03406,4,V,91,Q,0.6179,1
-2.783,-0.8604,9,V,91,R,-0.5534,6
-1.454,-0.2095,11,V,91,S,-0.7591,8
-2.528,-0.677,3,V,91,T,-0.814,2
0,0,,V,91,V,0,
-3.005,-1.048,9,V,91,W,-1.381,7
-2.399,-0.5966,6,V,91,Y,-0.7923,2
-0.499,-0.04251,3,D,92,-,,
-2.861,-0.9237,11,D,92,A,-0.9079,8
-3.307,-1.351,8,D,92,C,-1.121,5
0,0,,D,92,D,0,
-2.085,-0.4325,7,D,92,E,-0.3185,4
-4.677,-3.248,8,D,92,F,-3.433,6
-2.465,-0.6371,3,D,92,G,,
-0.9714,-0.1067,6,D,92,H,-0.8908,2
-2.686,-0.7869,9,D,92,I,-1.147,6
-3.824,-1.987,5,D,92,K,-2.035,4
-3.284,-1.326,5,D,92,L,-1.597,5
-3.402,-1.457,10,D,92,M,-1.719,6
0.2494,0.01464,24,D,92,N,-0.9682,7
-4.957,-3.663,13,D,92,P,-3.737,8
-1.241,-0.1585,10,D,92,Q,-0.3141,7
-3.984,-2.21,4,D,92,R,-2.009,4
-0.481,-0.04059,12,D,92,S,-0.7657,8
-2.368,-0.5788,4,D,92,T,-0.5501,4
-2.033,-0.4094,8,D,92,V,-0.8935,3
-5.34,-4.189,9,D,92,W,-4.04,7
-4.499,-2.977,18,D,92,Y,-3.07,10
-5.474,-4.356,1,K,93,*,,
-0.4772,-0.04019,3,K,93,-,,
-1.241,-0.1585,6,K,93,A,-0.3607,4
-1.041,-0.1189,8,K,93,C,-0.1762,5
-2.988,-1.033,9,K,93,D,-0.8799,5
-0.2586,-0.01946,9,K,93,E,0.07559,4
-2.33,-0.5569,9,K,93,F,-0.5589,6
-2.525,-0.6754,5,K,93,G,-0.6957,3
-0.9373,-0.101,14,K,93,H,-0.2343,9
-1.031,-0.117,20,K,93,I,-0.4464,9
0,0,,K,93,K,0,
0.2081,0.01245,8,K,93,L,-0.481,5
-0.6372,-0.05839,9,K,93,M,-0.4325,5
1.794,0.05567,9,K,93,N,-0.8184,3
-4.622,-3.165,9,K,93,P,-2.891,8
-0.5366,-0.04662,7,K,93,Q,-0.05793,4
0.2346,0.01387,11,K,93,R,-0.02825,6
-1.09,-0.1279,13,K,93,S,-0.07075,8
-1.559,-0.2387,15,K,93,T,0.06109,9
0.1862,0.01126,16,K,93,V,0.05199,13
-2.253,-0.5154,11,K,93,W,-0.2931,5
-2.49,-0.6525,9,K,93,Y,-0.3467,8
-7.622,-5.77,11,Q,94,*,-6,3
-2.232,-0.5041,3,Q,94,-,,
0.6957,0.03335,13,Q,94,A,-0.05538,8
-0.5929,-0.05307,9,Q,94,C,0.2188,5
-0.8615,-0.0891,6,Q,94,D,-0.1665,4
-0.08378,-0.005776,2,Q,94,E,-0.09467,1
-0.6058,-0.0546,11,Q,94,F,-0.4817,8
0.5526,0.02822,9,Q,94,G,0.1805,8
0.8205,0.03727,24,Q,94,H,0.06196,11
-2.432,-0.6165,7,Q,94,I,-0.9022,3
0.08142,0.005178,16,Q,94,K,-0.0339,5
-1.242,-0.1588,8,Q,94,L,0.1603,5
-1.454,-0.2094,8,Q,94,M,-0.2983,7
-0.1793,-0.01296,10,Q,94,N,-0.1616,8
-2.563,-0.7002,8,Q,94,P,-0.3095,3
0,0,,Q,94,Q,0,
-1.051,-0.1206,2,Q,94,R,0.5475,1
-0.6812,-0.06391,6,Q,94,S,0.6422,4
0.4716,0.02498,11,Q,94,T,-0.1739,4
-1.385,-0.1918,12,Q,94,V,-0.05355,8
-3.187,-1.224,6,Q,94,W,-1.422,4
-2.256,-0.5167,7,Q,94,Y,-0.2512,5
-2.262,-0.5202,3,N,95,-,,
-1.557,-0.2381,4,N,95,A,-2.223,2
-2.791,-0.8664,8,N,95,C,-1.039,7
-4.303,-2.68,3,N,95,D,-2.828,1
-4.175,-2.488,14,N,95,E,-2.7,10
-2.386,-0.5891,6,N,95,F,-0.2679,4
-3.007,-1.051,7,N,95,G,-0.8323,5
-3.088,-1.127,13,N,95,H,-0.8929,8
-3.201,-1.239,16,N,95,I,-1.13,13
-3.29,-1.332,13,N,95,K,-1.381,8
-2.857,-0.9198,12,N,95,L,-0.9496,11
-3.465,-1.529,11,N,95,M,-1.628,8
0,0,,N,95,N,0,
-8.406,-5.907,9,N,95,P,-6,6
-3.233,-1.271,8,N,95,Q,-1.323,6
-2.916,-0.9695,10,N,95,R,-1.34,5
-2.707,-0.8019,11,N,95,S,-0.8821,5
-3.231,-1.27,10,N,95,T,-1.383,7
-3.474,-1.541,5,N,95,V,-1.756,3
-3.074,-1.113,8,N,95,W,-0.9901,7
-3.185,-1.222,10,N,95,Y,-1.925,5
-1.667,-0.2716,3,M,96,-,,
-1.437,-0.2051,7,M,96,A,-0.7184,4
-1.214,-0.1526,9,M,96,C,-0.2879,8
-3.671,-1.784,8,M,96,D,-1.666,6
-3.556,-1.639,6,M,96,E,-1.389,2
-2.264,-0.5214,9,M,96,F,-0.833,6
-2.852,-0.916,3,M,96,G,-0.9258,1
-2.964,-1.012,7,M,96,H,-1.155,5
-1.058,-0.1218,33,M,96,I,-0.397,8
-4.096,-2.371,9,M,96,K,-2.126,6
4.773,0.06633,14,M,96,L,-0.1316,10
0,0,,M,96,M,0,
-0.5804,-0.05161,4,M,96,N,0.08923,3
-8.826,-5.948,5,M,96,P,-6,2
-2.597,-0.7236,11,M,96,Q,-0.7567,8
-3.835,-2.001,7,M,96,R,-1.841,5
-2.309,-0.5457,6,M,96,S,-0.5116,4
0.1884,0.01139,17,M,96,T,0.5927,9
-0.1342,-0.00949,12,M,96,V,0.2121,6
-3.319,-1.363,3,M,96,W,-1.065,2
-2.644,-0.7565,9,M,96,Y,-0.7779,7
-7.343,-5.692,5,E,97,*,,
-1.757,-0.3014,3,E,97,-,,
-0.1203,-0.008447,6,E,97,A,-0.3506,3
-1.431,-0.2036,11,E,97,C,-0.08513,7
-1.655,-0.2677,8,E,97,D,-0.1569,5
0,0,,E,97,E,0,
0.2347,0.01387,5,E,97,F,,
-0.7579,-0.0741,9,E,97,G,0.6054,2
-0.7305,-0.07037,11,E,97,H,0.1377,7
2.296,0.0601,5,E,97,I,1.073,2
-1.461,-0.2112,54,E,97,K,-0.5298,3
-2.643,-0.7558,4,E,97,L,-0.6624,4
0.9651,0.04124,1,E,97,M,0.6258,1
0.7052,0.03367,8,E,97,N,0.4264,5
-3.821,-1.982,9,E,97,P,-1.832,5
-2.109,-0.4438,14,E,97,Q,0.3054,7
-1.42,-0.2008,6,E,97,R,0.198,4
-4.968,-3.68,6,E,97,S,-3.822,5
-7.862,-5.823,12,E,97,T,-6,10
1.529,0.05227,16,E,97,V,-0.253,12
-0.6843,-0.0643,10,E,97,W,-0.003169,7
0.9573,0.04104,5,E,97,Y,-0.08015,4
-2.06,-0.4211,3,I,98,-,,
-2.302,-0.5415,5,I,98,A,-0.7329,4
-1.495,-0.2206,8,I,98,C,0.1074,6
-1.884,-0.3479,4,I,98,D,-0.21,1
-0.7062,-0.06715,5,I,98,E,-0.1787,5
-2.452,-0.6286,8,I,98,F,-1.336,3
-1.524,-0.2284,8,I,98,G,-0.7017,3
-1.35,-0.1834,1,I,98,H,,
0,0,,I,98,I,0,
-1.06,-0.1223,9,I,98,K,0.05926,6
0.2423,0.01427,7,I,98,L,0.1533,4
-1.434,-0.2043,9,I,98,M,-0.2464,4
0.2128,0.01271,16,I,98,N,-0.8125,8
-4.105,-2.385,13,I,98,P,-2.327,11
-0.3934,-0.03173,5,I,98,Q,-0.3102,3
-1.483,-0.2171,8,I,98,R,-0.6327,5
-2.436,-0.6192,8,I,98,S,-0.5152,5
-0.8631,-0.08933,6,I,98,T,0.2302,5
2.277,0.05997,7,I,98,V,0.4804,3
-1.28,-0.167,8,I,98,W,-0.6421,5
-0.6729,-0.06285,9,I,98,Y,-0.6318,7
-0.009567,-0.0006361,2,M,99,-,,
-0.5978,-0.05364,4,M,99,A,-0.4944,3
-2.962,-1.01,9,M,99,C,-0.9287,4
-3.957,-2.172,8,M,99,D,-2.176,7
-3.378,-1.429,7,M,99,E,-1.542,5
-2.883,-0.9421,9,M,99,F,-0.7643,6
-3.225,-1.263,14,M,99,G,-1.077,8
-2.514,-0.6677,14,M,99,H,-0.7366,10
-1.268,-0.1643,65,M,99,I,-0.6231,10
-1.172,-0.1439,13,M,99,K,-0.6488,6
-2.701,-0.7975,18,M,99,L,-0.6503,7
0,0,,M,99,M,0,
-3.129,-1.166,12,M,99,N,-1.076,7
-4.882,-3.554,9,M,99,P,-4.188,5
-2.985,-1.031,12,M,99,Q,-0.8455,8
-1.912,-0.359,6,M,99,R,-0.5033,2
-2.475,-0.643,8,M,99,S,-0.6965,7
-2.184,-0.4801,8,M,99,T,-1.066,2
-1.189,-0.1475,16,M,99,V,-0.4842,7
-2.546,-0.6891,5,M,99,W,-0.6894,4
-3.305,-1.348,9,M,99,Y,-1.502,6
-0.5172,-0.04449,2,M,100,-,,
-2.199,-0.4877,7,M,100,A,-0.217,3
-0.531,-0.046,7,M,100,C,0.000735,4
-2.464,-0.6364,9,M,100,D,-0.3769,6
-2.223,-0.4995,8,M,100,E,-0.1298,4
-1.936,-0.3684,17,M,100,F,-0.153,9
-2.824,-0.8928,6,M,100,G,-0.8593,6
-2.334,-0.5591,7,M,100,H,-0.5807,6
0.04709,0.003046,184,M,100,I,-0.1837,20
0.6207,0.03075,6,M,100,K,-0.4911,2
-0.8113,-0.08163,14,M,100,L,0.0744,9
0,0,,M,100,M,0,
-1.136,-0.1367,4,M,100,N,-2.712,2
-4.694,-3.274,8,M,100,P,-3.258,4
0.1638,0.01001,9,M,100,Q,0.1224,6
-1.355,-0.1844,8,M,100,R,0.0604,4
-0.6501,-0.05999,5,M,100,S,-0.9147,1
-0.1367,-0.009675,15,M,100,T,-0.2694,9
-1.261,-0.1628,12,M,100,V,0.2813,8
-1.436,-0.2047,8,M,100,W,-0.3096,4
-1.746,-0.2978,6,M,100,Y,-0.3364,6
-6.458,-5.273,2,K,101,*,,
-0.1247,-0.008772,2,K,101,-,,
0.6224,0.03082,8,K,101,A,-0.1248,6
-0.06147,-0.004192,10,K,101,C,-0.3758,5
0.5937,0.02977,12,K,101,D,-0.01725,7
0.1538,0.009446,13,K,101,E,-0.3554,7
-2.046,-0.4152,4,K,101,F,-0.219,4
-2.606,-0.7295,4,K,101,G,-0.4797,3
-1.026,-0.1161,11,K,101,H,0.2359,3
-1.934,-0.3677,11,K,101,I,-0.3562,8
0,0,,K,101,K,0,
-0.1111,-0.007768,6,K,101,L,-0.09547,5
-0.6302,-0.05754,6,K,101,M,-0.1668,4
-0.7581,-0.07413,14,K,101,N,-0.03472,11
-2.962,-1.01,13,K,101,P,-0.8381,7
0.06433,0.004126,6,K,101,Q,0.1661,1
0.5894,0.02961,9,K,101,R,-0.3231,4
-0.755,-0.07369,10,K,101,S,0.04984,8
-0.1479,-0.01053,16,K,101,T,0.3015,8
-1.847,-0.3337,8,K,101,V,-0.4693,4
-2.646,-0.7574,11,K,101,W,-0.9632,8
-2.063,-0.4226,8,K,101,Y,-0.5038,5
-6.772,-5.457,4,R,102,*,,
-3.195,-1.232,2,R,102,-,,
-3.254,-1.293,10,R,102,A,-1.289,8
-4.13,-2.422,11,R,102,C,-2.588,7
-4.322,-2.708,8,R,102,D,-2.691,5
-4.162,-2.468,7,R,102,E,-2.35,2
-3.914,-2.112,19,R,102,F,-1.952,15
-4.992,-3.713,10,R,102,G,-3.869,5
-3.955,-2.168,14,R,102,H,-2.294,6
-3.21,-1.248,11,R,102,I,-1.414,5
-2.892,-0.9489,44,R,102,K,-1.127,6
-3.776,-1.922,17,R,102,L,-1.722,10
-3.883,-2.067,7,R,102,M,-1.611,3
-3.401,-1.455,11,R,102,N,-1.657,7
-5.583,-4.485,14,R,102,P,-4.449,6
-3.697,-1.818,3,R,102,Q,-1.619,3
0,0,,R,102,R,0,
-3.866,-2.044,7,R,102,S,-2.009,3
-3.717,-1.844,15,R,102,T,-1.682,9
-3.299,-1.342,8,R,102,V,-1.179,5
-4.147,-2.447,12,R,102,W,-2.722,7
-3.469,-1.534,6,R,102,Y,-1.477,4
-3.705,-1.827,2,S,103,-,,
-1.159,-0.1413,7,S,103,A,0.01853,5
1.524,0.05221,3,S,103,C,0.5708,2
-1.123,-0.1343,5,S,103,D,0.3613,2
-2.994,-1.038,8,S,103,E,-0.9761,7
-2.821,-0.8908,12,S,103,F,-0.8125,5
-0.4932,-0.0419,10,S,103,G,-0.1363,6
-2.795,-0.8698,9,S,103,H,-0.6609,5
-2.329,-0.5568,7,S,103,I,-0.5657,5
-2.917,-0.9706,8,S,103,K,-0.4659,3
-1.551,-0.2361,10,S,103,L,-0.3805,5
0.2922,0.01681,9,S,103,M,-0.5207,3
-2.015,-0.4016,8,S,103,N,-0.02679,7
-3.404,-1.458,7,S,103,P,-1.344,6
-1.528,-0.2297,5,S,103,Q,-0.9676,2
-0.6995,-0.06628,12,S,103,R,-0.00305,6
0,0,,S,103,S,0,
1.329,0.04904,10,S,103,T,0.485,6
-1.143,-0.1381,11,S,103,V,-0.2237,6
-2.68,-0.7824,6,S,103,W,-0.6872,5
-0.9845,-0.1089,11,S,103,Y,-0.2641,6
-4.189,-2.509,2,N,104,-,,
0.7305,0.03449,7,N,104,A,0.3245,6
0.9589,0.04108,5,N,104,C,-0.01156,1
0.3047,0.01743,11,N,104,D,-0.4039,5
-1.784,-0.3107,9,N,104,E,-0.4651,6
0.143,0.008829,8,N,104,F,-0.02107,6
-1.001,-0.1118,11,N,104,G,0.1248,8
-0.08938,-0.006179,20,N,104,H,-0.4833,9
-0.9788,-0.108,6,N,104,I,-0.2587,1
-0.449,-0.03726,6,N,104,K,0.3997,3
-0.2336,-0.01736,7,N,104,L,-0.2074,4
1.164,0.04586,2,N,104,M,0.4465,2
0,0,,N,104,N,0,
-2.594,-0.7211,10,N,104,P,-0.7962,8
-1.449,-0.2083,5,N,104,Q,-0.6348,2
-0.4963,-0.04223,8,N,104,R,0.1245,4
-1.179,-0.1453,8,N,104,S,0.007392,7
-2.027,-0.4065,9,N,104,T,-0.3891,5
-0.7278,-0.07001,10,N,104,V,0.0925,6
-1.911,-0.3584,8,N,104,W,-0.4141,3
-1.649,-0.2658,16,N,104,Y,-0.3772,5
-7.468,-5.729,2,R,105,*,,
-1.007,-0.1129,1,R,105,-,,
-0.8591,-0.08873,5,R,105,A,0.5882,2
-1.965,-0.3804,7,R,105,C,0.2206,3
-0.763,-0.0748,10,R,105,D,0.1385,9
-1.446,-0.2073,5,R,105,E,0.1831,2
-0.3519,-0.02777,2,R,105,F,,
-0.6378,-0.05847,16,R,105,G,0.1497,5
0.8741,0.03881,11,R,105,H,-0.00013,8
-2.284,-0.532,8,R,105,I,-0.7596,2
-0.3069,-0.02367,29,R,105,K,-0.1701,5
0.7625,0.03551,7,R,105,L,0.1363,6
-0.7402,-0.07167,2,R,105,M,,
-1.13,-0.1356,4,R,105,N,1.388,1
-3.28,-1.321,8,R,105,P,-1.659,6
-0.6548,-0.06057,7,R,105,Q,-0.08672,3
0,0,,R,105,R,0,
-0.7978,-0.0797,9,R,105,S,-0.146,5
-1.784,-0.3108,7,R,105,T,-0.00295,4
-0.1744,-0.01258,7,R,105,V,-0.6429,3
1.582,0.05303,7,R,105,W,0.1516,3
-1.515,-0.2261,9,R,105,Y,-0.2399,6
0.04727,0.003057,1,S,106,-,,
-1.56,-0.2389,4,S,106,A,-0.2868,3
0.819,0.03722,12,S,106,C,0.253,7
-2.701,-0.7973,4,S,106,D,-1.075,2
-1.66,-0.2694,3,S,106,E,-0.3873,3
-0.5696,-0.05037,10,S,106,F,-0.4059,5
-1.088,-0.1274,3,S,106,G,-0.139,1
-2.407,-0.6017,2,S,106,H,0.403,1
-0.9934,-0.1105,21,S,106,I,0.06328,11
-0.6171,-0.05595,13,S,106,K,0.02994,10
-0.3499,-0.02759,7,S,106,L,-0.1033,4
-0.4009,-0.03245,11,S,106,M,-0.04016,8
-1.843,-0.3322,11,S,106,N,-0.4209,6
-3.37,-1.42,12,S,106,P,-1.227,7
0.9781,0.04157,6,S,106,Q,0.05457,5
-0.3679,-0.02928,7,S,106,R,-0.1476,3
0,0,,S,106,S,0,
2.822,0.06288,16,S,106,T,-0.195,15
-2.496,-0.6567,4,S,106,V,-0.4528,3
-2.065,-0.4238,6,S,106,W,-0.2103,3
-1.287,-0.1687,10,S,106,Y,0.0316,5
-8.054,-5.858,4,Q,107,*,-6,1
-0.1454,-0.01034,1,Q,107,-,,
-0.1483,-0.01056,3,Q,107,A,-0.2133,1
-2.013,-0.4008,2,Q,107,E,-0.3896,2
-0.3269,-0.02547,2,Q,107,F,,
-0.9137,-0.09723,1,Q,107,G,,
-0.6083,-0.0549,23,Q,107,H,0.2831,10
0.07045,0.004505,10,Q,107,I,0.2259,7
1.229,0.04718,5,Q,107,K,-0.1229,3
-1.908,-0.3571,6,Q,107,L,-0.4893,5
-0.4099,-0.03334,12,Q,107,M,-0.1397,8
-1.12,-0.1337,3,Q,107,N,-0.2229,3
1.761,0.05529,4,Q,107,P,0.04595,2
0,0,,Q,107,Q,0,
0.9729,0.04144,4,Q,107,R,-0.04049,2
-1.353,-0.1841,8,Q,107,S,-0.2006,4
-2.495,-0.6557,5,Q,107,T,-0.4829,1
-1.251,-0.1607,2,Q,107,V,-0.317,2
-3.375,-1.426,3,Q,107,W,-1.65,1
-2.017,-0.4022,2,Q,107,Y,0.6202,1
-9.103,-5.967,5,G,108,*,,
0.07159,0.004575,1,G,108,-,,
-1.513,-0.2256,11,G,108,A,0.2629,7
-0.7739,-0.07632,7,G,108,C,0.7293,4
-1.269,-0.1647,4,G,108,D,-0.1871,4
-1.64,-0.2631,28,G,108,E,-0.4677,7
-1.453,-0.2093,15,G,108,F,-0.3598,7
0,0,,G,108,G,0,
-1.128,-0.1352,9,G,108,H,0.0528,6
0.1776,0.01078,4,G,108,I,-0.02214,3
-1.952,-0.3751,5,G,108,K,0.3662,2
-2.803,-0.8759,7,G,108,L,-0.8727,5
-0.8653,-0.08967,7,G,108,M,0.1852,6
0.3999,0.02189,10,G,108,N,-0.2041,8
-0.4359,-0.03593,8,G,108,P,-0.2744,6
-1.024,-0.1158,8,G,108,Q,-0.3207,3
-1.846,-0.3335,20,G,108,R,-0.2091,9
0.005759,0.0003803,9,G,108,S,0.1917,8
0.3764,0.02083,7,G,108,T,-0.1338,4
-1.633,-0.2607,13,G,108,V,0.1167,5
-0.2501,-0.01874,6,G,108,W,-0.4094,2
-2.155,-0.4658,7,G,108,Y,0.0208,2
-0.5716,-0.05059,3,T,109,-,,
-0.3185,-0.02472,20,T,109,A,0.2736,8
0.2709,0.01574,9,T,109,C,-0.1966,8
0.08524,0.005411,8,T,109,D,0.2536,6
1.478,0.0515,2,T,109,E,0.701,2
-0.4387,-0.03622,12,T,109,F,0.4375,8
-1.243,-0.1588,7,T,109,G,0.1688,4
0.1165,0.007284,10,T,109,H,0.2794,5
-0.2268,-0.0168,20,T,109,I,0.519,9
0.622,0.0308,13,T,109,K,-0.07062,10
1.96,0.05738,6,T,109,L,0.8743,1
1.242,0.04742,8,T,109,M,0.4131,5
0.6683,0.03243,15,T,109,N,0.1372,5
-1.766,-0.3045,15,T,109,P,-0.03879,12
-1.524,-0.2284,7,T,109,Q,-0.1091,6
-0.304,-0.02341,10,T,109,R,0.00572,8
-1.482,-0.2169,7,T,109,S,-0.1473,4
0,0,,T,109,T,0,
-1.747,-0.2978,11,T,109,W,-0.2036,7
-1.783,-0.3106,7,T,109,Y,-0.08496,3
-0.05096,-0.003457,3,I,110,-,,
-0.2422,-0.01807,4,I,110,A,0.5183,3
-1.276,-0.1662,7,I,110,C,-0.1403,4
-1.987,-0.3895,6,I,110,D,-0.6837,5
-2.091,-0.4352,7,I,110,E,-0.1087,7
-1.539,-0.2328,11,I,110,F,0.08852,6
-2.127,-0.4522,5,I,110,G,-0.5949,3
-0.4534,-0.03772,10,I,110,H,-0.1418,3
0,0,,I,110,I,0,
-0.6978,-0.06604,13,I,110,K,0.1025,7
-1.06,-0.1223,12,I,110,L,0.05717,10
0.4102,0.02235,14,I,110,M,-0.1851,7
-0.8585,-0.08863,16,I,110,N,0.2197,8
-1.572,-0.2424,7,I,110,P,-0.1868,5
-1.652,-0.2668,10,I,110,Q,-0.2783,8
-1.544,-0.2343,10,I,110,R,-0.4279,5
0.2405,0.01418,9,I,110,S,-0.2054,2
-1.812,-0.3209,8,I,110,T,-0.03503,5
-0.2602,-0.0196,24,I,110,V,0.2027,8
-1.554,-0.2373,12,I,110,W,-0.26,9
1.41,0.05042,13,I,110,Y,0.08061,7
-1.299,-0.1713,3,A,111,-,,
0,0,,A,111,A,0,
0.5006,0.02617,7,A,111,C,-0.3292,4
1.503,0.05188,14,A,111,D,0.3295,6
-2.237,-0.5068,7,A,111,E,-0.3566,6
0.5764,0.02913,10,A,111,F,0.06717,8
-1.247,-0.1597,11,A,111,G,0.0107,6
-2.726,-0.8164,7,A,111,H,-0.7273,6
-0.4387,-0.03622,7,A,111,I,0.3209,3
-0.8388,-0.08567,12,A,111,K,-0.00323,9
-0.793,-0.07901,9,A,111,L,0.03548,5
-0.3779,-0.03024,11,A,111,M,0.02536,5
-1.311,-0.174,9,A,111,N,-0.5219,7
-3.713,-1.839,10,A,111,P,-1.858,5
1.327,0.04901,10,A,111,Q,0.341,7
-2.054,-0.4187,11,A,111,R,-0.08353,6
0.8077,0.03689,18,A,111,S,-0.3173,6
-0.4009,-0.03245,18,A,111,T,-0.3569,7
-0.1101,-0.007691,18,A,111,V,0.1774,8
2.791,0.06276,9,A,111,W,-0.1796,7
-1.23,-0.1562,6,A,111,Y,-0.7129,4
-0.483,-0.04081,3,P,112,-,,
0.5214,0.027,8,P,112,A,0.04348,4
3.06,0.06373,10,P,112,C,-0.03904,7
-0.9165,-0.09767,8,P,112,D,0.3791,6
0.7487,0.03507,14,P,112,E,0.08404,10
-0.2891,-0.0221,9,P,112,F,0.8207,7
-0.8387,-0.08566,9,P,112,G,0.01891,5
-0.01967,-0.001314,15,P,112,H,0.1325,8
-1.047,-0.1199,17,P,112,I,-0.216,12
1.03,0.04284,7,P,112,K,0.5484,2
0.9872,0.0418,19,P,112,L,0.3962,9
-0.7894,-0.0785,5,P,112,M,0.1926,4
1.978,0.05755,9,P,112,N,0.3819,9
0,0,,P,112,P,0,
0.09042,0.005726,11,P,112,Q,0.0827,8
0.7971,0.03657,9,P,112,R,1.018,6
-1.427,-0.2025,12,P,112,S,0.0061,6
-1.703,-0.283,10,P,112,T,-0.1684,4
-0.4899,-0.04154,14,P,112,V,0.157,9
-0.105,-0.007315,7,P,112,W,-1.662,2
-1.371,-0.1885,6,P,112,Y,-0.1965,4
-3.334,-1.38,4,P,113,-,,
1.984,0.05761,11,P,113,A,0.2855,6
-1.469,-0.2136,7,P,113,C,-0.4952,3
-4.461,-2.92,10,P,113,D,-2.979,7
-4.051,-2.306,10,P,113,E,-2.345,7
-3.921,-2.121,6,P,113,F,-1.908,3
-1.433,-0.2041,8,P,113,G,-0.02394,4
-3.465,-1.53,11,P,113,H,-1.808,5
-3.577,-1.665,11,P,113,I,-1.559,9
-4.295,-2.668,4,P,113,K,-2.476,3
-4.244,-2.591,10,P,113,L,-2.793,5
-3.51,-1.583,9,P,113,M,-1.127,5
-4.076,-2.343,7,P,113,N,-2.484,5
0,0,,P,113,P,0,
-3.214,-1.251,8,P,113,Q,-1.61,2
-4.148,-2.448,13,P,113,R,-2.266,6
-3.35,-1.398,10,P,113,S,-1.181,4
-3.35,-1.398,17,P,113,T,-1.648,11
-2.75,-0.8349,16,P,113,V,-0.6731,10
-4.617,-3.157,9,P,113,W,-3.323,5
-4.076,-2.342,13,P,113,Y,-2.096,7
-6.442,-5.262,2,E,114,*,,
-4.635,-3.184,4,E,114,-,,
-0.6137,-0.05555,7,E,114,A,0.2767,2
-0.3617,-0.02869,10,E,114,C,0.3371,8
-0.0967,-0.006709,13,E,114,D,0.2484,5
0,0,,E,114,E,0,
-2.702,-0.7986,5,E,114,F,-0.8458,3
0.5859,0.02948,22,E,114,G,0.1846,11
-0.4628,-0.03869,13,E,114,H,-0.1643,8
-0.1769,-0.01278,12,E,114,I,-0.5953,4
-0.9639,-0.1054,7,E,114,K,-0.5407,3
1.556,0.05266,17,E,114,L,0.07307,14
-0.1887,-0.01371,10,E,114,M,-0.1928,5
0.5702,0.02889,7,E,114,N,0.1932,2
-3.14,-1.177,8,E,114,P,-1.028,2
1.739,0.05504,8,E,114,Q,1.201,5
0.4141,0.02252,7,E,114,R,0.05772,5
2.308,0.06018,1,E,114,S,,
-0.9319,-0.1002,12,E,114,T,-0.01869,8
1.119,0.04488,12,E,114,V,0.1558,7
-0.6218,-0.05651,10,E,114,W,-0.06769,9
-0.9328,-0.1003,9,E,114,Y,-0.2267,6
-0.5569,-0.04891,3,V,115,-,,
1.127,0.04506,11,V,115,A,0.3823,6
-0.2265,-0.01677,14,V,115,C,-0.03761,9
-1.94,-0.3699,7,V,115,D,-0.3991,5
-1.922,-0.3627,9,V,115,E,-0.3629,5
0.134,0.008312,13,V,115,F,-0.2456,9
-2.186,-0.4809,10,V,115,G,-0.4887,4
-0.9794,-0.1081,10,V,115,H,-0.2204,5
-1.165,-0.1425,9,V,115,I,0.05208,7
-1.432,-0.2037,7,V,115,K,-0.1539,5
-1.201,-0.15,17,V,115,L,-0.2071,12
-0.212,-0.01558,16,V,115,M,-0.009245,8
0.6006,0.03002,13,V,115,N,0.04064,10
-0.3988,-0.03225,11,V,115,P,0.3464,8
-0.1438,-0.01021,14,V,115,Q,-0.07038,7
-1.94,-0.3699,12,V,115,R,-0.08736,6
1.308,0.04866,22,V,115,S,0.1577,16
-0.7991,-0.07988,9,V,115,T,0.1294,7
0,0,,V,115,V,0,
-1.206,-0.151,12,V,115,W,-0.2736,7
-2.028,-0.4071,16,V,115,Y,0.1604,11
-0.5226,-0.04507,3,T,116,-,,
-0.1048,-0.007299,18,T,116,A,0.1048,8
2.711,0.06241,17,T,116,C,0.09276,12
0.1906,0.01151,11,T,116,D,-0.08703,9
-0.5748,-0.05096,7,T,116,E,-0.2867,4
0.9084,0.03975,15,T,116,F,0.03708,8
0.8583,0.03836,8,T,116,G,0.2082,6
-1.069,-0.124,10,T,116,H,-0.349,7
1.904,0.05684,15,T,116,I,-0.5207,3
-0.4039,-0.03275,12,T,116,K,0.1953,9
-1.252,-0.1609,7,T,116,L,-0.1611,5
-0.9931,-0.1104,9,T,116,M,0.2607,6
-1.602,-0.2513,12,T,116,N,-0.05325,7
-3.269,-1.31,11,T,116,P,-1.009,7
-0.1357,-0.009604,8,T,116,Q,0.1737,4
-0.1892,-0.01375,12,T,116,R,-0.3086,7
1.102,0.04451,14,T,116,S,-0.1731,11
0,0,,T,116,T,0,
-1.16,-0.1416,9,T,116,V,-0.08056,8
3.744,0.0653,8,T,116,W,-0.2024,5
1.06,0.04357,11,T,116,Y,0.1861,7
-0.4026,-0.03262,4,V,117,-,,
-0.07248,-0.004969,16,V,117,A,0.2232,11
1.393,0.05016,13,V,117,C,0.5011,9
-3.797,-1.95,7,V,117,D,-1.796,5
-2.674,-0.7775,10,V,117,E,-0.2976,5
-1.69,-0.279,14,V,117,F,-0.3897,3
-1.906,-0.3565,6,V,117,G,-0.243,3
-2.743,-0.8297,15,V,117,H,-0.9179,9
0.2197,0.01308,15,V,117,I,-0.1205,8
-3.386,-1.439,5,V,117,K,-1.81,4
-0.1747,-0.0126,14,V,117,L,0.2339,6
-1.89,-0.3501,9,V,117,M,-0.1527,6
-1.554,-0.2371,2,V,117,N,-0.1388,1
-3.314,-1.358,5,V,117,P,-0.08406,3
-1.209,-0.1515,18,V,117,Q,-0.1091,12
-3.289,-1.331,10,V,117,R,-1.235,3
-1.554,-0.2371,15,V,117,S,0.1944,12
-0.7487,-0.07283,14,V,117,T,-0.09754,10
0,0,,V,117,V,0,
-3.963,-2.18,15,V,117,W,-1.76,6
-3.379,-1.431,10,V,117,Y,-0.8829,4
-1.098,-0.1293,4,F,118,-,,
0.1018,0.006413,14,F,118,A,0.235,8
1.907,0.05687,12,F,118,C,-0.09705,9
-2.034,-0.41,11,F,118,D,-0.6078,4
-1.379,-0.1903,9,F,118,E,0.2965,6
0,0,,F,118,F,0,
-0.2882,-0.02202,14,F,118,G,-0.3464,8
0.1129,0.007072,13,F,118,H,-0.5155,7
-0.7006,-0.06642,7,F,118,I,-0.6193,2
-2.999,-1.043,15,F,118,K,-0.8706,10
-0.2335,-0.01736,10,F,118,L,-0.006926,7
2.418,0.06088,6,F,118,M,0.6108,2
-1.708,-0.2847,7,F,118,N,0.2827,3
-10.1,-6.005,8,F,118,P,-6,6
-2.385,-0.5888,12,F,118,Q,0.08581,6
-1.84,-0.3311,12,F,118,R,-0.6235,8
-2.08,-0.4303,10,F,118,S,0.1113,6
-0.3309,-0.02584,9,F,118,T,0.3864,6
1.48,0.05154,17,F,118,V,0.2137,12
-0.04326,-0.002923,10,F,118,W,0.1833,5
1.915,0.05695,11,F,118,Y,0.2518,7
-0.2454,-0.01835,4,S,119,-,,
1.557,0.05268,4,S,119,A,0.2054,2
2.868,0.06306,12,S,119,C,0.3591,7
0.3279,0.01856,8,S,119,D,0.3779,6
2.773,0.06268,11,S,119,E,0.0195,6
-0.6172,-0.05596,12,S,119,F,0.572,6
1.117,0.04485,15,S,119,G,-0.141,8
0.1001,0.006311,12,S,119,H,-0.06704,5
-1.159,-0.1413,15,S,119,I,-0.2276,5
0.9027,0.0396,7,S,119,K,0.022,5
-0.1568,-0.01121,11,S,119,L,-0.0058,8
-0.4346,-0.03581,12,S,119,M,0.2177,9
0.324,0.01837,11,S,119,N,0.06566,5
0.1079,0.006774,8,S,119,P,-0.634,6
-0.5875,-0.05243,10,S,119,Q,0.1129,7
-0.8343,-0.08502,14,S,119,R,0.3148,8
0,0,,S,119,S,0,
-0.1103,-0.007703,10,S,119,T,-0.4382,5
0.4153,0.02257,7,S,119,V,0.08691,5
-0.6341,-0.05802,3,S,119,W,0.5294,2
0.7057,0.03368,10,S,119,Y,-0.07372,8
-10.53,-6.013,8,E,120,*,,
-0.7035,-0.06679,4,E,120,-,,
0.1802,0.01093,10,E,120,A,0.1699,6
1.074,0.04389,16,E,120,C,-0.04821,9
-1.832,-0.3284,23,E,120,D,-0.3398,9
0,0,,E,120,E,0,
-1.594,-0.249,11,E,120,F,-0.1472,3
-0.9639,-0.1054,11,E,120,G,-0.07046,5
1.998,0.05774,8,E,120,H,0.08389,3
-1.218,-0.1535,6,E,120,I,-0.2612,5
-0.04722,-0.003198,31,E,120,K,0.5341,11
-0.3214,-0.02498,8,E,120,L,-0.0477,4
-1.583,-0.2456,9,E,120,M,-0.294,8
-0.1879,-0.01364,12,E,120,N,0.093,5
-0.5299,-0.04589,9,E,120,P,-0.05041,6
0.752,0.03518,15,E,120,Q,0.06484,11
2.999,0.06353,12,E,120,R,0.6278,7
-0.04395,-0.002971,12,E,120,S,-0.0623,6
0.2078,0.01244,14,E,120,T,-0.273,12
0.09284,0.005872,11,E,120,V,-0.3408,5
1.028,0.0428,11,E,120,W,-0.5472,8
-2.002,-0.3958,14,E,120,Y,-0.8592,8
-0.4954,-0.04212,4,D,121,-,,
-0.6379,-0.05848,16,D,121,A,-0.0207,12
-1.109,-0.1315,14,D,121,C,0.005929,9
0,0,,D,121,D,0,
1.258,0.04774,10,D,121,E,0.02873,7
-1.823,-0.3249,9,D,121,F,-0.02648,4
0.5811,0.0293,12,D,121,G,0.4757,8
4.3,0.06598,12,D,121,H,0.366,6
-0.0786,-0.005405,10,D,121,I,-0.2746,6
0.8784,0.03893,9,D,121,K,0.5226,7
1.488,0.05166,10,D,121,L,0.5592,5
0.03056,0.001993,10,D,121,M,0.1495,6
0.04298,0.002786,16,D,121,N,-0.3344,4
1.834,0.05612,5,D,121,P,0.5247,5
0.2857,0.01649,9,D,121,Q,-0.1571,4
-0.2026,-0.01482,11,D,121,R,-0.02214,5
-0.7644,-0.07499,8,D,121,S,0.4935,6
0.8892,0.03923,6,D,121,T,-0.2096,4
-0.9029,-0.09551,11,D,121,V,-0.06195,6
-1.603,-0.2516,12,D,121,W,-0.3372,8
-0.4392,-0.03627,18,D,121,Y,0.2262,9
-0.4883,-0.04137,4,P,122,-,,
-1.186,-0.1468,13,P,122,A,-0.09429,9
0.8622,0.03847,7,P,122,C,0.02382,3
0.2275,0.01349,16,P,122,D,-0.06494,11
-0.03198,-0.00215,7,P,122,E,-0.4661,4
1.656,0.05401,8,P,122,F,0.2059,8
0.0213,0.001395,6,P,122,G,-0.1236,4
1.071,0.0438,10,P,122,H,0.258,7
0.182,0.01103,7,P,122,I,0.6653,4
-1.735,-0.2939,8,P,122,K,-0.3197,5
-0.3895,-0.03135,10,P,122,L,0.05295,2
0.2917,0.01679,7,P,122,M,0.4022,4
0.2672,0.01555,8,P,122,N,0.02542,6
0,0,,P,122,P,0,
0.4476,0.02397,8,P,122,Q,0.01289,5
-0.0976,-0.006775,15,P,122,R,0.05136,7
-0.009848,-0.0006542,19,P,122,S,0.06434,5
-0.05305,-0.003603,13,P,122,T,0.1297,7
0.3963,0.02173,7,P,122,V,-0.3289,5
-1.35,-0.1833,5,P,122,W,0.05812,5
-0.4928,-0.04185,5,P,122,Y,0.4777,2
-1.898,-0.3532,4,V,123,-,,
1.345,0.04933,10,V,123,A,0.1341,8
-0.8539,-0.08794,11,V,123,C,-0.2706,7
-0.7338,-0.07082,12,V,123,D,-0.1312,8
-0.04802,-0.003253,11,V,123,E,-0.1253,8
-0.5173,-0.04449,9,V,123,F,0.6324,3
2.749,0.06258,14,V,123,G,0.4267,9
1.001,0.04215,11,V,123,H,0.6358,6
1.356,0.04951,9,V,123,I,-0.06523,5
0.6264,0.03096,3,V,123,K,-0.1553,3
0.5456,0.02795,17,V,123,L,-0.07305,6
-1.762,-0.3032,15,V,123,M,-0.3133,6
2.517,0.06144,7,V,123,N,-0.2887,5
-0.2673,-0.02021,10,V,123,P,0.1273,6
1.713,0.05472,12,V,123,Q,0.2804,11
-1.338,-0.1805,7,V,123,R,0.3882,4
-0.2797,-0.02128,10,V,123,S,0.466,6
-0.1672,-0.01202,13,V,123,T,-0.3746,9
0,0,,V,123,V,0,
0.4289,0.02317,11,V,123,W,0.1236,10
0.4647,0.02469,8,V,123,Y,-0.1512,6
-3.678,-1.792,3,E,124,*,,
-0.1939,-0.01413,3,E,124,-,,
0.4525,0.02418,8,E,124,A,0.248,5
1.016,0.04252,8,E,124,C,-0.06667,7
-1.966,-0.3806,5,E,124,D,-1.092,1
0,0,,E,124,E,0,
0.981,0.04164,8,E,124,F,0.2162,8
-0.8003,-0.08006,15,E,124,G,-0.2327,9
1.998,0.05774,12,E,124,H,0.7039,8
0.4611,0.02454,16,E,124,I,0.3444,12
0.2206,0.01312,35,E,124,K,0.7557,9
2.06,0.05829,9,E,124,L,0.2746,6
0.2886,0.01664,4,E,124,M,0.1224,2
2.707,0.06239,10,E,124,N,0.1191,7
-1.142,-0.1379,8,E,124,P,0.1822,6
0.8786,0.03893,16,E,124,Q,0.3727,11
-0.2725,-0.02066,9,E,124,R,0.9906,7
2.149,0.05902,11,E,124,S,0.3644,6
3.114,0.0639,11,E,124,T,0.2534,5
-1.936,-0.3683,14,E,124,V,-0.1016,10
1.167,0.04591,10,E,124,W,0.01028,7
-0.9331,-0.1003,9,E,124,Y,0.368,4
-0.1393,-0.009874,4,L,125,-,,
2.695,0.06234,7,L,125,A,-0.07875,4
1.908,0.05688,8,L,125,C,0.1106,7
0.9563,0.04101,7,L,125,D,-0.0762,6
-0.259,-0.0195,11,L,125,E,0.3569,8
-0.5843,-0.05207,10,L,125,F,0.1153,6
-1.443,-0.2065,13,L,125,G,0.5978,4
-0.6457,-0.05945,17,L,125,H,0.1705,9
-2.026,-0.4063,7,L,125,I,-0.09035,6
-0.126,-0.008874,5,L,125,K,0.6751,2
0,0,,L,125,L,0,
0.02752,0.001797,18,L,125,M,0.142,12
0.5517,0.02819,9,L,125,N,0.5056,5
-1.16,-0.1415,13,L,125,P,0.2014,4
1.993,0.05769,14,L,125,Q,0.2378,5
0.7276,0.0344,13,L,125,R,0.6524,9
-1.083,-0.1266,11,L,125,S,0.2806,5
-2.586,-0.7155,2,L,125,T,-0.7351,2
-0.8415,-0.08609,8,L,125,V,-0.39,4
-0.9616,-0.105,9,L,125,W,-0.1331,3
-0.1651,-0.01185,9,L,125,Y,-0.1114,5
-7.806,-5.812,4,G,126,*,,
-0.4024,-0.0326,3,G,126,-,,
0.8121,0.03702,8,G,126,A,0.5829,3
-0.8348,-0.08508,11,G,126,C,0.1722,7
-2.074,-0.4275,9,G,126,D,-0.09117,8
-1.032,-0.1172,14,G,126,E,-0.04273,6
0.3837,0.02116,18,G,126,F,0.3144,13
0,0,,G,126,G,0,
-0.6949,-0.06567,11,G,126,H,-0.02084,7
-1.872,-0.3433,10,G,126,I,0.3645,7
-1.202,-0.15,14,G,126,K,0.7052,9
-0.2009,-0.01469,5,G,126,M,0.07198,1
1.567,0.05281,15,G,126,N,0.3805,8
-0.9925,-0.1103,8,G,126,P,-0.7989,2
-1.911,-0.3584,8,G,126,Q,-0.1582,5
-0.9527,-0.1036,24,G,126,R,0.5881,7
1.619,0.05354,8,G,126,S,0.6589,7
-0.935,-0.1007,7,G,126,T,-0.0026,4
-2.714,-0.807,8,G,126,V,0.5963,2
1.611,0.05342,7,G,126,W,0.1676,6
0.8882,0.0392,10,G,126,Y,0.1583,7
-0.2446,-0.01828,3,D,127,-,,
-0.407,-0.03305,10,D,127,A,0.1052,4
1.484,0.0516,11,D,127,C,0.6245,7
0,0,,D,127,D,0,
0.7928,0.03644,11,D,127,E,-0.0734,6
1.771,0.05542,7,D,127,F,0.04184,5
1.699,0.05456,4,D,127,G,1.109,2
2.428,0.06094,10,D,127,H,0.6677,7
1.527,0.05225,5,D,127,I,0.06779,3
1.537,0.0524,17,D,127,K,0.4667,12
0.6655,0.03233,6,D,127,L,0.9904,3
2.032,0.05805,12,D,127,M,0.4118,9
0.8629,0.03849,21,D,127,N,-0.008173,3
-0.2511,-0.01882,11,D,127,P,1.103,6
-0.1438,-0.01022,7,D,127,Q,0.8076,5
2.918,0.06325,12,D,127,R,0.5464,9
0.9875,0.04181,9,D,127,S,0.4871,5
1.301,0.04855,6,D,127,T,0.3267,5
1.456,0.05117,10,D,127,V,0.5034,5
-2.639,-0.7524,11,D,127,W,-0.2597,7
-0.221,-0.01632,9,D,127,Y,1.114,2
-1.53,-0.2303,5,P,128,-,,
2.724,0.06247,8,P,128,A,-0.9234,4
0.3055,0.01747,8,P,128,C,1.066,3
0.9719,0.04142,10,P,128,D,1.258,4
-0.337,-0.0264,5,P,128,E,1.258,2
0.9904,0.04188,8,P,128,F,0.5159,4
-1.462,-0.2115,11,P,128,G,0.1847,8
-0.1108,-0.00774,20,P,128,H,0.9164,12
2.397,0.06075,12,P,128,I,0.7929,9
2.046,0.05817,9,P,128,K,0.9896,7
-1.193,-0.1482,14,P,128,L,0.5786,9
1.599,0.05326,6,P,128,M,0.439,4
0.9706,0.04138,9,P,128,N,1.27,5
0,0,,P,128,P,0,
1.704,0.05461,4,P,128,Q,0.799,4
2.211,0.0595,8,P,128,R,0.9415,7
2.825,0.06289,14,P,128,S,0.9151,8
0.6017,0.03006,13,P,128,T,0.6258,6
0.3058,0.01748,11,P,128,V,-0.2721,3
-0.7462,-0.07249,12,P,128,W,-0.3883,9
-0.7541,-0.07357,12,P,128,Y,-0.3925,9
-0.6142,-0.0556,3,N,129,-,,
-1.104,-0.1304,4,N,129,A,-0.4146,2
-2.316,-0.5496,7,N,129,C,-0.3962,6
-0.456,-0.03798,10,N,129,D,-0.2142,4
-2.498,-0.6577,8,N,129,E,-0.8589,4
1.358,0.04956,5,N,129,F,1.031,2
-0.5659,-0.04993,7,N,129,G,0.2957,5
0.09533,0.006022,5,N,129,H,0.647,2
-2.331,-0.5579,10,N,129,I,-0.7675,4
-1.202,-0.1502,4,N,129,K,0.3366,2
-0.5985,-0.05373,12,N,129,L,-0.4972,8
-1.275,-0.166,11,N,129,M,-0.4677,6
0,0,,N,129,N,0,
-1.636,-0.2616,8,N,129,P,-0.09467,6
-0.4633,-0.03874,17,N,129,Q,0.1323,9
-0.09588,-0.00665,5,N,129,R,0.2311,3
-0.4078,-0.03313,12,N,129,S,0.2106,5
-1.023,-0.1156,10,N,129,T,-0.1013,8
-2.805,-0.8775,14,N,129,V,-0.8598,8
2.4,0.06077,13,N,129,W,0.6874,9
1.52,0.05214,9,N,129,Y,0.9578,7
-0.2804,-0.02134,2,I,130,-,,
2.159,0.0591,12,I,130,A,0.7141,8
0.5465,0.02799,7,I,130,C,-0.3514,2
3.255,0.06429,10,I,130,D,1.056,7
-2.733,-0.8215,5,I,130,E,0.9985,1
0.3824,0.0211,10,I,130,F,0.6445,6
-2.302,-0.5418,8,I,130,G,0.5515,3
2.086,0.05851,6,I,130,H,0.7489,5
0,0,,I,130,I,0,
-0.7189,-0.06882,12,I,130,K,1.125,7
-1.22,-0.1539,9,I,130,L,-0.5707,4
2.846,0.06297,15,I,130,M,-0.1257,11
-1.075,-0.1251,11,I,130,N,1.252,8
-3.847,-2.018,12,I,130,P,-2.047,8
1.864,0.05643,12,I,130,Q,0.7114,7
-0.515,-0.04425,12,I,130,R,0.7041,8
-0.1938,-0.01412,10,I,130,S,0.9825,6
2.416,0.06087,9,I,130,T,0.6909,6
-0.4637,-0.03878,16,I,130,V,0.3202,11
0.9289,0.0403,7,I,130,W,0.9419,4
-0.5177,-0.04454,10,I,130,Y,0.1452,6
-0.2042,-0.01495,2,L,131,-,,
0.4978,0.02606,11,L,131,A,-0.3175,4
0.4541,0.02424,13,L,131,C,-0.09599,7
-4.899,-3.578,9,L,131,D,-3.473,9
-3.502,-1.573,6,L,131,E,-1.974,3
-1.797,-0.3154,11,L,131,F,0.6083,6
-1.554,-0.2372,9,L,131,G,-0.326,6
-2.416,-0.6068,12,L,131,H,-0.3598,6
-2.135,-0.4561,9,L,131,I,-1.177,5
-3.697,-1.818,10,L,131,K,-2.108,7
0,0,,L,131,L,0,
-0.4195,-0.03429,10,L,131,M,-0.06324,7
-2.028,-0.4072,10,L,131,N,-0.03674,8
-8.472,-5.915,18,L,131,P,-6,4
-2.133,-0.4551,8,L,131,Q,-0.4212,5
-4.914,-3.601,12,L,131,R,-3.957,8
-2.413,-0.6054,6,L,131,S,-0.07918,3
-8.128,-5.87,15,L,131,T,-6,9
0.05911,0.003801,9,L,131,V,0.1475,7
-0.8364,-0.08532,10,L,131,W,-0.7683,7
-2.754,-0.838,13,L,131,Y,-1.186,9
-0.6133,-0.0555,2,I,132,-,,
-1.129,-0.1354,13,I,132,A,-0.06926,10
-0.8207,-0.08301,7,I,132,C,-0.1771,3
-1.552,-0.2366,5,I,132,D,-0.00143,2
0.4797,0.02532,14,I,132,E,-0.6237,8
-0.9789,-0.108,12,I,132,F,-0.4074,7
-3.41,-1.465,5,I,132,G,-1.295,3
-0.257,-0.01933,12,I,132,H,-0.2455,3
0,0,,I,132,I,0,
-1.351,-0.1836,14,I,132,K,-0.2895,7
1.102,0.04452,12,I,132,L,0.3162,10
-0.06914,-0.004733,15,I,132,M,-0.1551,10
-1.13,-0.1356,13,I,132,N,-0.1296,11
-6.243,-5.119,12,I,132,P,-5.059,9
-0.7688,-0.07561,15,I,132,Q,-0.6849,7
-2.462,-0.6352,11,I,132,R,-0.3921,6
-1.389,-0.1929,17,I,132,S,-0.1366,14
-0.3632,-0.02884,11,I,132,T,-0.6182,5
-0.02129,-0.001423,12,I,132,V,-0.0047,6
-2.241,-0.509,16,I,132,W,-0.3874,11
-0.9392,-0.1013,12,I,132,Y,-0.09763,7
-7.38,-5.703,4,C,133,*,-6,1
0.1637,0.01001,2,C,133,-,,
0.4664,0.02476,9,C,133,A,0.2286,7
0,0,,C,133,C,0,
-8.654,-5.933,11,C,133,D,-6,5
-5.972,-4.889,12,C,133,E,-4.372,7
-2.294,-0.5371,8,C,133,F,-0.1791,4
0.6878,0.03309,16,C,133,G,-0.1493,12
-4.072,-2.337,7,C,133,H,-2.367,7
-1.77,-0.3059,11,C,133,I,-0.3256,8
-5.729,-4.647,8,C,133,K,-4.743,3
-2,-0.3951,10,C,133,L,-0.2777,6
0.5972,0.0299,6,C,133,M,0.111,5
-3.541,-1.62,13,C,133,N,-1.551,8
-7.797,-5.81,11,C,133,P,-6,7
-3.69,-1.808,15,C,133,Q,-1.827,13
-8.624,-5.93,11,C,133,R,-6,7
0.04953,0.0032,15,C,133,S,-0.3636,7
1.313,0.04876,4,C,133,T,0.07406,3
0.6919,0.03323,10,C,133,V,0.0157,9
-4.406,-2.835,11,C,133,W,-2.706,10
-3.612,-1.708,30,C,133,Y,-1.519,12
-14.6,-6.027,6,Y,134,*,-6,2
0.05992,0.003851,1,Y,134,-,,
-1.736,-0.2942,15,Y,134,A,-0.1106,8
-1.44,-0.2058,12,Y,134,C,-0.3734,6
-1.2,-0.1498,11,Y,134,D,-0.2258,8
-3.253,-1.292,3,Y,134,E,-0.5399,1
0.9905,0.04188,9,Y,134,F,0.1133,9
-3.021,-1.063,10,Y,134,G,-0.6914,4
-1.735,-0.2937,8,Y,134,H,0.2004,3
-0.1478,-0.01052,13,Y,134,I,0.4136,10
-1.81,-0.32,16,Y,134,K,-0.2944,7
-1.921,-0.3626,9,Y,134,L,-0.2786,8
0.02851,0.00186,9,Y,134,M,0.09893,7
-2.098,-0.4385,15,Y,134,N,-0.374,10
-4.436,-2.881,13,Y,134,P,-2.839,13
-1.276,-0.1661,10,Y,134,Q,-0.1279,8
-2.777,-0.856,13,Y,134,R,-0.8604,12
-2.358,-0.5731,7,Y,134,S,-0.7653,4
-2.052,-0.4179,4,Y,134,T,-0.4658,2
-0.3402,-0.0267,12,Y,134,V,-0.2227,8
-0.1737,-0.01252,11,Y,134,W,-0.07053,8
0,0,,Y,134,Y,0,
-0.1083,-0.007555,1,V,135,-,,
0.1372,0.008496,13,V,135,A,-0.1313,10
-0.4059,-0.03294,15,V,135,C,0.007442,9
-3.472,-1.538,15,V,135,D,-1.847,9
-2.676,-0.7797,20,V,135,E,-0.841,9
-1.699,-0.2818,18,V,135,F,-0.06966,11
-0.2582,-0.01943,9,V,135,G,-0.07015,6
-2.907,-0.9624,11,V,135,H,-0.888,7
-0.1534,-0.01095,21,V,135,I,0.1156,7
-2.933,-0.9849,6,V,135,K,-0.7343,3
-1.799,-0.3161,11,V,135,L,-0.04766,4
-1.244,-0.1592,12,V,135,M,0.1871,8
-1.388,-0.1926,18,V,135,N,0.05,13
-0.4674,-0.03916,7,V,135,P,0.7495,5
-2.047,-0.4155,9,V,135,Q,0.4875,4
-6.626,-5.377,6,V,135,R,-5.518,4
-0.4404,-0.03639,7,V,135,S,0.04916,4
-0.2276,-0.01686,14,V,135,T,0.0689,9
0,0,,V,135,V,0,
-5.335,-4.182,7,V,135,W,-3.598,3
-2.976,-1.022,11,V,135,Y,-1.119,8
-0.5745,-0.05093,1,D,136,-,,
0.7892,0.03633,8,D,136,A,0.07392,4
1.229,0.04717,12,D,136,C,0.04282,10
0,0,,D,136,D,0,
-1.159,-0.1413,4,D,136,E,-0.1553,3
-0.3399,-0.02666,9,D,136,F,-0.441,7
5.903,0.06672,15,D,136,G,-0.6109,6
-0.3425,-0.0269,11,D,136,H,-0.002486,9
0.137,0.008484,5,D,136,I,,
-1.903,-0.3551,11,D,136,K,-0.1914,7
-0.4139,-0.03373,6,D,136,L,0.01691,3
-0.3475,-0.02736,13,D,136,M,0.1305,9
-0.03815,-0.002571,44,D,136,N,0.06328,7
-2.275,-0.527,5,D,136,P,-0.5286,3
1.207,0.04674,7,D,136,Q,0.01249,6
-1.617,-0.256,4,D,136,R,-0.193,4
-0.1689,-0.01215,13,D,136,S,0.1287,9
-1.093,-0.1284,7,D,136,T,0.1891,3
-0.6287,-0.05736,8,D,136,V,-0.6617,5
-2.279,-0.5291,9,D,136,W,-0.0957,6
-0.3451,-0.02715,17,D,136,Y,-0.3523,5
-7.788,-5.808,4,K,137,*,-6,1
0.393,0.02158,1,K,137,-,,
-0.3481,-0.02742,11,K,137,A,0.009692,7
-0.6605,-0.06129,7,K,137,C,0.1184,6
2,0.05776,10,K,137,D,0.06605,8
-0.2181,-0.01608,19,K,137,E,0.2172,10
-2.845,-0.9101,21,K,137,F,-0.74,8
-0.04131,-0.002789,13,K,137,G,0.09443,8
1.548,0.05254,15,K,137,H,0.3772,10
-3.262,-1.302,13,K,137,I,-1.204,8
0,0,,K,137,K,0,
1.427,0.05071,6,K,137,L,0.2302,5
-0.6204,-0.05635,19,K,137,M,-0.2748,12
1.924,0.05704,14,K,137,N,0.03317,11
-4.983,-3.701,12,K,137,P,-3.592,7
-0.4904,-0.04159,8,K,137,Q,-0.05128,3
-0.5656,-0.0499,13,K,137,R,0.08946,7
1.204,0.04668,11,K,137,S,0.01943,7
-2.484,-0.649,10,K,137,T,-0.7458,6
-2.486,-0.6499,9,K,137,V,-0.6243,4
-3.661,-1.771,12,K,137,W,-1.749,10
-1.836,-0.3297,15,K,137,Y,0.06569,9
-0.1858,-0.01348,1,F,138,-,,
-3.272,-1.313,5,F,138,A,-1.197,3
-1.128,-0.1351,11,F,138,C,-0.04297,8
-4.883,-3.556,11,F,138,D,-3.492,10
-4.754,-3.363,13,F,138,E,-3.284,10
0,0,,F,138,F,0,
-2.461,-0.6347,12,F,138,G,-0.2375,7
-2.861,-0.9232,12,F,138,H,-1.209,9
-1.811,-0.3206,9,F,138,I,,
-7.726,-5.795,10,F,138,K,-6,6
-1.487,-0.2183,16,F,138,L,-0.1367,11
-0.7554,-0.07375,6,F,138,M,-0.1479,4
-2.784,-0.8615,14,F,138,N,-1.183,10
-3.552,-1.635,5,F,138,P,-1.554,4
-2.565,-0.7017,3,F,138,Q,-0.4165,1
-9.568,-5.989,10,F,138,R,-6,6
-3.15,-1.187,9,F,138,S,-1.117,4
-2.567,-0.7029,7,F,138,T,-0.7203,5
-0.87,-0.09039,7,F,138,V,0.2766,4
-3.835,-2.001,7,F,138,W,-1.744,6
-1.481,-0.2168,11,F,138,Y,0.07311,7
-7.814,-5.813,14,W,139,*,,
0.01355,0.0008907,1,W,139,-,,
-4.974,-3.688,8,W,139,A,-3.373,5
-5.773,-4.694,10,W,139,C,-3.677,3
-5.772,-4.693,15,W,139,D,-4.851,12
-6.478,-5.286,6,W,139,E,-6,3
-2.465,-0.6369,8,W,139,F,-0.9072,5
-6.687,-5.412,10,W,139,G,-5.899,8
-4.897,-3.576,10,W,139,H,-3.521,8
-12.13,-6.024,10,W,139,I,-4.775,7
-9.685,-5.993,9,W,139,K,-6,6
-6.604,-5.365,13,W,139,L,-5.333,7
-5.914,-4.834,9,W,139,M,-5.261,5
-4.997,-3.721,6,W,139,N,-3.538,3
-7.447,-5.723,10,W,139,P,-6,5
-7.142,-5.622,11,W,139,Q,-5.584,6
-8.968,-5.958,14,W,139,R,-6,7
-4.771,-3.389,4,W,139,S,-3.081,3
-5.726,-4.644,10,W,139,T,-4.819,9
-5.872,-4.793,10,W,139,V,-4.873,7
0,0,,W,139,W,0,
-1.107,-0.1311,5,W,139,Y,-0.1819,4
0.02483,0.001623,1,P,140,-,,
-9.704,-5.994,10,P,140,A,-4.544,5
-10.43,-6.011,6,P,140,C,-5.118,3
-8.323,-5.897,10,P,140,D,-6,5
-7.988,-5.847,11,P,140,E,-6,5
-5.57,-4.47,9,P,140,F,-4.569,9
-7.139,-5.621,8,P,140,G,-5.438,6
-14.37,-6.027,5,P,140,H,-6,3
-6.33,-5.184,14,P,140,I,-5.183,11
-9.117,-5.968,8,P,140,K,-6,5
-7.026,-5.576,10,P,140,L,-5.516,5
-5.444,-4.319,8,P,140,M,-4.08,4
-7.094,-5.603,12,P,140,N,-6,8
0,0,,P,140,P,0,
-7.227,-5.653,3,P,140,Q,,
-8.152,-5.873,9,P,140,R,-6,6
-6.34,-5.192,17,P,140,S,-5.147,4
-9.106,-5.967,9,P,140,T,-6,3
-6.37,-5.213,4,P,140,V,-5.688,4
-6.43,-5.254,9,P,140,W,-5.338,5
-5.468,-4.348,11,P,140,Y,-4.301,5
-1.833,-0.3288,3,S,141,-,,
-0.02262,-0.001513,9,S,141,A,-0.5706,6
-0.4174,-0.03408,9,S,141,C,-0.2915,3
-2.683,-0.7842,6,S,141,D,-0.6629,1
-3.527,-1.604,7,S,141,E,-1.149,3
-3.674,-1.788,15,S,141,F,-1.852,12
-2.098,-0.4385,16,S,141,G,-0.1161,9
-3.813,-1.972,4,S,141,H,-2.013,3
-1.236,-0.1574,16,S,141,I,0.3298,9
-5.201,-4.006,3,S,141,K,-4.078,3
-2.522,-0.6731,5,S,141,L,-0.3849,3
-2.598,-0.7242,8,S,141,M,-0.4945,7
-0.6402,-0.05876,15,S,141,N,0.006983,5
-1.843,-0.3321,10,S,141,P,-0.03678,6
-0.7061,-0.06714,7,S,141,Q,-0.08404,5
-5.355,-4.208,9,S,141,R,-4.896,6
0,0,,S,141,S,0,
-1.852,-0.3359,7,S,141,T,-0.1965,6
-1.999,-0.3947,12,S,141,V,-0.242,8
-4.567,-3.081,10,S,141,W,-2.939,5
-3.953,-2.166,9,S,141,Y,-1.932,4
-2.73,-0.8194,3,V,142,-,,
-0.7438,-0.07216,15,V,142,A,0.0492,6
-0.4753,-0.04,8,V,142,C,0.2282,5
-1.172,-0.1439,10,V,142,D,-0.6724,4
0.02282,0.001493,9,V,142,E,0.2327,6
-0.9743,-0.1072,11,V,142,F,-0.2126,6
-0.7685,-0.07557,10,V,142,G,-0.1342,4
2.292,0.06007,13,V,142,H,-0.3378,8
-1.036,-0.1179,21,V,142,I,-0.09919,11
1.217,0.04694,5,V,142,K,0.02209,4
-1.481,-0.2166,6,V,142,L,0.4262,2
-1.541,-0.2335,11,V,142,M,-0.6258,6
0.5665,0.02875,5,V,142,N,0.2399,4
-2.095,-0.4372,9,V,142,P,-0.4012,8
1.989,0.05766,11,V,142,Q,0.1774,5
-0.6428,-0.05909,6,V,142,R,-0.4459,3
-1.271,-0.1651,8,V,142,S,0.4508,5
-0.7241,-0.06951,15,V,142,T,0.2528,9
0,0,,V,142,V,0,
-1.243,-0.1589,18,V,142,W,0.3596,16
-1.291,-0.1695,8,V,142,Y,-0.1136,4
-2.458,-0.6328,4,I,143,-,,
-1.314,-0.1748,14,I,143,A,0.00337,10
0.06788,0.004346,4,I,143,C,0.01175,3
-3.155,-1.192,5,I,143,D,-1.249,3
0.08699,0.005518,11,I,143,E,0.07297,7
-2.148,-0.4622,11,I,143,F,-0.4728,8
-2.448,-0.6266,7,I,143,G,-0.5945,4
-2.843,-0.9083,14,I,143,H,-0.4628,11
0,0,,I,143,I,0,
-1.998,-0.3944,7,I,143,K,-0.231,3
0.09993,0.006299,10,I,143,L,0.06435,6
1.721,0.05482,10,I,143,M,-0.1319,7
-2.097,-0.4381,9,I,143,N,-0.0592,6
-3.861,-2.037,12,I,143,P,-1.895,10
-0.6568,-0.06082,8,I,143,Q,-0.07677,7
-1.987,-0.3895,5,I,143,R,-0.5311,5
-0.9175,-0.09784,14,I,143,S,-0.3435,7
-1.933,-0.3672,9,I,143,T,-0.1091,5
0.2441,0.01437,27,I,143,V,-0.06233,8
-0.3828,-0.0307,6,I,143,W,-0.1809,5
-0.9912,-0.1101,16,I,143,Y,-0.05919,14
-2.381,-0.5862,5,T,144,-,,
-0.4353,-0.03588,24,T,144,A,0.239,12
0.04474,0.002897,9,T,144,C,-0.06513,7
-1.13,-0.1356,6,T,144,D,-0.4461,3
-0.9744,-0.1072,17,T,144,E,-0.3299,11
-0.912,-0.09696,11,T,144,F,-0.03074,7
-0.9108,-0.09677,7,T,144,G,-0.008123,5
1.436,0.05085,8,T,144,H,0.1399,6
-0.4954,-0.04213,15,T,144,I,0.1508,3
1.674,0.05425,6,T,144,K,0.6646,3
-0.6464,-0.05953,12,T,144,L,0.1308,8
0.1668,0.01018,14,T,144,M,-0.3592,9
0.3287,0.01859,14,T,144,N,0.06102,7
-2.175,-0.4755,10,T,144,P,-0.182,6
0.5556,0.02834,14,T,144,Q,0.1941,6
3.176,0.06408,9,T,144,R,0.1607,7
-1.06,-0.1224,10,T,144,S,0.1487,2
0,0,,T,144,T,0,
2.247,0.05976,13,T,144,V,-0.8423,5
-0.7573,-0.07401,11,T,144,W,0.0399,8
-2.007,-0.3979,6,T,144,Y,-0.2853,4
-0.7657,-0.07517,4,I,145,-,,
-1.376,-0.1896,11,I,145,A,0.3254,6
-3.594,-1.686,6,I,145,C,-1.329,6
-1.778,-0.3089,7,I,145,D,0.1962,5
-2.018,-0.4028,9,I,145,E,-0.4767,4
-0.7244,-0.06955,16,I,145,F,0.1753,9
-1.168,-0.1431,7,I,145,G,-0.022,6
-0.4184,-0.03418,10,I,145,H,0.1089,6
0,0,,I,145,I,0,
-1.547,-0.2351,13,I,145,K,0.3044,7
0.06577,0.004215,14,I,145,L,0.3151,5
-1.17,-0.1436,12,I,145,M,-0.1963,9
-1.489,-0.2188,6,I,145,N,0.1648,4
-2.101,-0.4401,9,I,145,P,-0.2138,6
-1.455,-0.2097,12,I,145,Q,0.1171,7
-2.482,-0.6475,4,I,145,R,0.2465,2
-2.118,-0.4482,8,I,145,S,0.8754,6
-2.005,-0.3972,12,I,145,T,-0.2279,6
-1.143,-0.1382,16,I,145,V,0.0014,4
-2.559,-0.6979,8,I,145,W,-0.2887,4
-0.2234,-0.01652,7,I,145,Y,-0.03935,2
0.1315,0.008165,5,T,146,-,,
0.616,0.03058,24,T,146,A,0.21,4
-0.6855,-0.06446,9,T,146,C,-0.3062,9
-1.031,-0.117,9,T,146,D,0.3367,5
-0.5655,-0.04989,12,T,146,E,0.198,9
-1.004,-0.1124,6,T,146,F,-0.07167,6
0.1569,0.009624,9,T,146,G,0.1287,5
-0.454,-0.03778,13,T,146,H,-0.06667,8
-1.643,-0.264,18,T,146,I,0.03175,10
-0.7457,-0.07242,9,T,146,K,-0.04571,5
1.4,0.05027,12,T,146,L,0.1945,9
-0.5332,-0.04625,9,T,146,M,-0.1386,5
-0.4945,-0.04203,11,T,146,N,-0.03481,7
-3.749,-1.886,15,T,146,P,-1.721,7
-0.3528,-0.02786,11,T,146,Q,0.1852,7
1.292,0.04837,10,T,146,R,0.174,7
-1.628,-0.2594,12,T,146,S,-0.09629,8
0,0,,T,146,T,0,
-0.2768,-0.02103,8,T,146,V,-0.00155,6
2.035,0.05807,7,T,146,W,0.3624,6
-1.158,-0.1411,11,T,146,Y,0.1731,7
-7.493,-5.736,12,W,147,*,-6,1
-3.933,-2.137,6,W,147,-,,
-2.927,-0.9793,15,W,147,A,-0.8236,12
-4.899,-3.579,15,W,147,C,-3.183,6
-7.292,-5.675,8,W,147,D,-5.093,6
-5.07,-3.825,9,W,147,E,-3.757,6
-1.642,-0.2636,14,W,147,F,0.0024,8
-4.834,-3.483,12,W,147,G,-3.343,7
-1.081,-0.1262,9,W,147,H,0.209,7
0.1982,0.01192,10,W,147,I,-0.6563,6
-12.24,-6.025,6,W,147,K,-3.795,4
-1.457,-0.2102,13,W,147,L,-0.4134,7
-1.328,-0.178,5,W,147,M,-0.213,5
-2.175,-0.4753,8,W,147,N,-0.6786,6
-2.261,-0.5196,8,W,147,P,-0.247,4
-1.834,-0.3292,8,W,147,Q,-0.1046,8
-0.1323,-0.009348,7,W,147,R,1.074,3
-3.497,-1.568,6,W,147,S,-1.514,5
-1.695,-0.2805,5,W,147,T,-0.5733,4
-0.1758,-0.01269,6,W,147,V,-0.1129,3
0,0,,W,147,W,0,
-1.732,-0.2929,8,W,147,Y,-0.4052,3
-3.206,-1.244,7,M,148,-,,
0.9474,0.04079,4,M,148,A,0.09656,2
-0.5293,-0.04581,12,M,148,C,-0.1459,10
0.9384,0.04055,3,M,148,D,0.4972,1
-0.8944,-0.09418,14,M,148,E,-0.1385,4
1.059,0.04354,13,M,148,F,-0.3564,6
-0.4944,-0.04202,8,M,148,G,-0.029,3
-1.399,-0.1953,8,M,148,H,-0.1123,6
-0.006808,-0.0004519,65,M,148,I,0.2787,12
-0.455,-0.03789,9,M,148,K,-0.2777,3
-1.298,-0.1711,18,M,148,L,-0.1873,6
0,0,,M,148,M,0,
0.2536,0.01486,6,M,148,N,-0.3997,3
-10.85,-6.017,7,M,148,P,-4.082,6
-1.858,-0.3379,9,M,148,Q,-0.3454,9
-1.799,-0.3161,14,M,148,R,-0.1985,9
1.097,0.04441,10,M,148,S,0.127,9
0.3681,0.02044,16,M,148,T,-0.287,10
-0.01297,-0.0008631,15,M,148,V,-0.124,13
0.4755,0.02514,10,M,148,W,-0.2815,5
0.3388,0.01907,8,M,148,Y,0.07881,6
-8.549,-5.923,2,K,149,*,,
-3.375,-1.425,8,K,149,-,,
0.5686,0.02883,15,K,149,A,-0.3619,10
0.8755,0.03885,8,K,149,C,0.1339,6
-2.225,-0.5009,14,K,149,D,-0.2108,8
0.2212,0.01316,13,K,149,E,-0.4431,6
-1.744,-0.2968,16,K,149,F,-0.3629,8
-0.5609,-0.04936,15,K,149,G,-0.1962,13
-0.736,-0.07111,12,K,149,H,-0.262,6
-0.1409,-0.009994,11,K,149,I,0.04275,6
0,0,,K,149,K,0,
-1.969,-0.3821,6,K,149,L,0.3012,3
-0.05474,-0.00372,14,K,149,M,-0.1044,7
-0.1538,-0.01098,6,K,149,N,-0.1424,5
-3.994,-2.223,10,K,149,P,-1.885,5
-0.5205,-0.04485,5,K,149,Q,-0.5784,2
0.4906,0.02576,9,K,149,R,-0.2486,5
0.5814,0.02931,7,K,149,S,-0.14,5
0.1595,0.009771,15,K,149,T,0.05725,8
1.781,0.05552,16,K,149,V,-0.02722,8
0.1506,0.009265,8,K,149,W,-0.1321,6
-0.3304,-0.0258,15,K,149,Y,0.01551,13
-0.7266,-0.06984,5,N,150,-,,
1.382,0.04996,7,N,150,A,0.1173,7
-0.4366,-0.036,12,N,150,C,0.4365,4
1.019,0.04259,7,N,150,D,-0.187,6
-0.2437,-0.01821,14,N,150,E,-0.1677,8
2.829,0.06291,7,N,150,F,0.4703,2
-1.342,-0.1814,11,N,150,G,-0.1092,8
-2.214,-0.4949,15,N,150,H,-0.05921,8
-0.7313,-0.07048,9,N,150,I,-0.227,5
-1.549,-0.2356,22,N,150,K,0.1957,12
0.06716,0.004301,12,N,150,L,0.1152,7
-0.419,-0.03424,12,N,150,M,0.09296,7
0,0,,N,150,N,0,
-3.292,-1.334,14,N,150,P,-1.37,9
1.087,0.04418,4,N,150,Q,0.3952,4
0.8796,0.03896,14,N,150,R,-0.1724,10
-1.374,-0.1893,21,N,150,S,0.1462,14
-2.186,-0.481,10,N,150,T,0.2519,4
1.754,0.05521,18,N,150,V,-0.08423,14
-1.12,-0.1335,8,N,150,W,-0.08557,6
-0.4724,-0.03969,15,N,150,Y,-0.02545,8
-0.828,-0.08408,5,G,151,-,,
-1.182,-0.146,13,G,151,A,0.01473,9
-0.8879,-0.09316,16,G,151,C,0.1554,11
-0.4736,-0.03982,17,G,151,D,-0.2296,7
1.3,0.04853,11,G,151,E,0.2465,9
-1.523,-0.2284,17,G,151,F,-0.0218,12
0,0,,G,151,G,0,
2.074,0.05841,10,G,151,H,0.1989,6
0.6209,0.03076,10,G,151,I,0.03983,6
1.118,0.04486,7,G,151,K,0.1164,4
0.3205,0.0182,9,G,151,L,0.3126,5
-1.36,-0.1858,8,G,151,M,-0.05405,3
1.457,0.05118,17,G,151,N,0.1449,11
-4.369,-2.78,8,G,151,P,-3.046,5
0.3684,0.02046,10,G,151,Q,0.1689,8
-0.6358,-0.05822,10,G,151,R,-0.1797,8
-0.7114,-0.06783,12,G,151,S,-0.5319,1
0.4502,0.02408,3,G,151,T,0.1729,1
-2.263,-0.5206,21,G,151,V,-0.3791,12
-0.1952,-0.01423,10,G,151,W,-0.3147,4
1.541,0.05244,10,G,151,Y,-0.02373,7
-8.655,-5.933,4,Q,152,*,,
0.1727,0.01051,5,Q,152,-,,
-0.01,-0.0006651,14,Q,152,A,0.7041,8
1.479,0.05153,16,Q,152,C,0.07007,9
-1.567,-0.2409,12,Q,152,D,0.1557,10
-1.833,-0.3285,11,Q,152,E,-0.5797,9
1.418,0.05056,9,Q,152,F,0.1263,5
-1.768,-0.3051,6,Q,152,G,-0.2225,4
-0.9309,-0.1,13,Q,152,H,0.2911,6
1.368,0.04972,15,Q,152,I,0.16,11
-1.756,-0.3011,8,Q,152,K,-0.1965,7
-0.4864,-0.04117,14,Q,152,L,0.6423,7
1.623,0.05358,15,Q,152,M,0.1862,12
0.2484,0.01459,11,Q,152,N,0.2365,6
-2.695,-0.7932,10,Q,152,P,-0.8885,7
0,0,,Q,152,Q,0,
1.45,0.05108,13,Q,152,R,0.1326,6
2.437,0.06099,10,Q,152,S,0.4514,6
-1.117,-0.133,10,Q,152,T,0.2853,6
-0.03011,-0.002021,10,Q,152,V,0.3742,6
-1.42,-0.2007,11,Q,152,W,0.1095,10
-0.1573,-0.01125,13,Q,152,Y,0.2094,7
-8.412,-5.908,7,E,153,*,-6,1
-0.2192,-0.01617,5,E,153,-,,
2.225,0.0596,17,E,153,A,0.2595,9
0.2359,0.01394,11,E,153,C,0.4415,6
-1.121,-0.1339,14,E,153,D,-0.08068,5
0,0,,E,153,E,0,
0.03732,0.002425,10,E,153,F,0.07485,6
-0.126,-0.008876,24,E,153,G,0.2998,9
-0.2868,-0.0219,15,E,153,H,-0.2012,10
-0.4801,-0.0405,16,E,153,I,0.148,11
2.432,0.06096,24,E,153,K,-0.3526,12
1.906,0.05686,12,E,153,L,0.1672,9
-0.116,-0.008124,22,E,153,M,0.1244,15
-1.643,-0.264,11,E,153,N,0.4697,5
0.4435,0.02379,6,E,153,P,-0.125,6
-0.02053,-0.001371,10,E,153,Q,-0.01705,8
2.488,0.06129,12,E,153,R,0.1436,6
-0.476,-0.04006,8,E,153,S,0.1984,4
1.686,0.05439,13,E,153,T,0.2519,9
1.417,0.05055,9,E,153,V,0.01361,5
-0.05386,-0.003659,7,E,153,W,0.3394,5
0.8714,0.03873,14,E,153,Y,0.2223,8
-0.268,-0.02026,5,V,154,-,,
2.989,0.0635,15,V,154,A,-0.07254,10
1.411,0.05044,8,V,154,C,0.3928,4
-0.3519,-0.02778,8,V,154,D,0.06475,6
0.328,0.01856,16,V,154,E,0.1152,10
1.991,0.05767,10,V,154,F,-0.2257,8
-0.6172,-0.05596,14,V,154,G,0.1127,8
0.02995,0.001954,3,V,154,H,-0.0055,1
0.1246,0.007759,6,V,154,I,0.7626,3
0.4572,0.02438,7,V,154,K,0.00145,4
0.09232,0.005841,14,V,154,L,0.1036,7
0.6404,0.03146,22,V,154,M,0.3143,13
-1.037,-0.1181,7,V,154,N,-0.2222,6
-1.841,-0.3317,8,V,154,P,-0.3341,5
0.8151,0.03711,13,V,154,Q,-0.03535,9
1.994,0.0577,12,V,154,R,0.4019,9
1.995,0.05771,11,V,154,S,-0.02224,7
-0.6165,-0.05588,7,V,154,T,-0.08813,5
0,0,,V,154,V,0,
-0.08953,-0.006191,11,V,154,W,0.2436,6
-2.423,-0.6113,5,V,154,Y,-0.4226,5
-0.2906,-0.02223,5,T,155,-,,
-0.3098,-0.02393,12,T,155,A,-0.3465,2
-1.622,-0.2573,12,T,155,C,-0.2791,7
-0.946,-0.1025,10,T,155,D,-0.2088,9
0.1284,0.007985,10,T,155,E,-0.38,6
-0.7214,-0.06915,9,T,155,F,-0.2496,4
-0.1064,-0.007419,11,T,155,G,0.4734,4
-2.085,-0.4326,6,T,155,H,-0.3674,5
0.2718,0.01579,15,T,155,I,0.1635,8
0.3413,0.01919,14,T,155,K,0.151,10
-1.317,-0.1754,7,T,155,L,0.163,3
0.868,0.03864,9,T,155,M,-0.4431,3
-0.7014,-0.06652,13,T,155,N,-0.2137,8
-1.422,-0.2012,10,T,155,P,-0.03326,5
-1.564,-0.2401,11,T,155,Q,-0.275,10
-1.904,-0.3556,11,T,155,R,0.175,5
-0.6162,-0.05584,12,T,155,S,-0.2363,6
0,0,,T,155,T,0,
-1.713,-0.2864,2,T,155,V,-0.7586,1
2.205,0.05945,14,T,155,W,0.1409,10
-0.2295,-0.01702,10,T,155,Y,0.1766,5
-6.814,-5.479,2,E,156,*,,
-2.257,-0.5176,5,E,156,-,,
0.7397,0.03479,9,E,156,A,0.09608,6
-0.2862,-0.02185,13,E,156,C,-0.4698,6
0.4173,0.02266,17,E,156,D,0.1355,7
0,0,,E,156,E,0,
1.68,0.05432,8,E,156,F,0.1135,6
-0.7882,-0.07833,12,E,156,G,0.1477,5
-0.2043,-0.01496,11,E,156,H,-0.07277,8
0.3168,0.01802,19,E,156,I,0.1982,16
-0.2852,-0.02176,27,E,156,K,0.2334,8
0.0183,0.001201,11,E,156,L,0.02941,6
0.9071,0.03972,15,E,156,M,0.2554,9
-0.5186,-0.04464,7,E,156,N,0.5006,4
0.04251,0.002755,10,E,156,P,0.3448,6
-0.6916,-0.06525,17,E,156,Q,-0.1835,16
-0.6184,-0.05611,12,E,156,R,-0.1929,7
-1.796,-0.315,14,E,156,S,0.4107,8
1.246,0.04751,8,E,156,T,-0.0412,6
-0.5531,-0.04848,9,E,156,V,0.198,2
-1.398,-0.1951,10,E,156,W,-0.2103,8
-1.063,-0.1229,12,E,156,Y,-0.116,11
-7.555,-5.753,8,G,157,*,-6,1
-2.261,-0.5196,5,G,157,-,,
-0.7804,-0.07722,6,G,157,A,-0.1177,5
-0.8552,-0.08813,10,G,157,C,-0.805,4
-0.3389,-0.02658,7,G,157,D,-0.1942,3
-0.8697,-0.09035,24,G,157,E,-0.3289,7
-0.09271,-0.00642,11,G,157,F,0.1067,9
0,0,,G,157,G,0,
2.182,0.05928,10,G,157,H,0.1487,6
-1.044,-0.1195,12,G,157,I,-0.0106,8
1.228,0.04715,12,G,157,K,0.3382,7
-1.082,-0.1264,5,G,157,L,0.3659,4
-1.917,-0.3607,17,G,157,M,-0.4504,13
0.564,0.02866,14,G,157,N,-0.008007,11
-0.3636,-0.02888,15,G,157,P,-0.6864,7
-0.949,-0.103,14,G,157,Q,-0.1338,10
0.13,0.008079,38,G,157,R,-0.264,12
-1.648,-0.2656,9,G,157,S,-0.1644,7
2.63,0.06203,14,G,157,T,0.1751,7
0.3123,0.0178,12,G,157,V,-0.1251,7
-1.817,-0.3225,12,G,157,W,-0.4383,7
-1.897,-0.3531,5,G,157,Y,-0.1683,5
-2.177,-0.4763,5,V,158,-,,
1.106,0.04459,13,V,158,A,0.04144,7
-1.519,-0.2271,11,V,158,C,-0.03186,9
-2.813,-0.8843,7,V,158,D,-0.8185,4
0.07724,0.004922,11,V,158,E,-0.3415,6
0.1108,0.006949,12,V,158,F,-0.281,7
0.4643,0.02468,7,V,158,G,-0.9633,5
-0.1232,-0.008662,13,V,158,H,-0.1857,9
0.6116,0.03042,9,V,158,I,0.09753,3
-0.9869,-0.1093,9,V,158,K,-0.09482,9
-1.228,-0.1556,16,V,158,L,-0.04019,11
-1.182,-0.146,22,V,158,M,-0.3532,6
-1.851,-0.3352,7,V,158,N,-0.4012,6
-0.7186,-0.06878,11,V,158,P,-0.2389,9
-0.201,-0.0147,15,V,158,Q,0.2875,5
-0.7163,-0.06847,10,V,158,R,-0.1943,6
0.8103,0.03697,12,V,158,S,-0.5661,8
-0.9427,-0.1019,7,V,158,T,-0.79,1
0,0,,V,158,V,0,
0.7168,0.03405,10,V,158,W,0.05399,5
-1.551,-0.2364,7,V,158,Y,-0.4143,4
-1.433,-0.2041,5,S,159,-,,
-0.4981,-0.04241,12,S,159,A,-0.4526,8
-1.719,-0.2883,4,S,159,C,0.6477,1
0.8136,0.03707,15,S,159,D,0.3204,12
2.673,0.06223,8,S,159,E,0.4601,5
-2.448,-0.6266,7,S,159,F,0.09219,3
-2.11,-0.4441,18,S,159,G,-0.7258,10
0.1607,0.009839,6,S,159,H,0.303,3
0.7039,0.03362,8,S,159,I,0.09493,6
1.399,0.05024,13,S,159,K,0.1692,12
0.9259,0.04022,8,S,159,L,0.5205,6
1.612,0.05343,13,S,159,M,0.8081,7
0.4947,0.02593,8,S,159,N,1.259,3
-0.421,-0.03444,23,S,159,P,-0.04291,9
-0.8901,-0.09349,9,S,159,Q,0.195,6
-1.156,-0.1407,8,S,159,R,-0.2636,5
0,0,,S,159,S,0,
1.071,0.0438,14,S,159,T,0.4429,7
0.6207,0.03076,16,S,159,V,0.2574,11
-1.668,-0.2718,13,S,159,W,-0.1622,10
-0.7483,-0.07278,10,S,159,Y,-0.4822,4
-9.037,-5.963,6,E,160,*,,
-0.7557,-0.07379,4,E,160,-,,
2.248,0.05977,12,E,160,A,0.3124,9
-0.4761,-0.04007,7,E,160,C,0.4338,5
0.6675,0.0324,10,E,160,D,-0.01452,4
0,0,,E,160,E,0,
1.307,0.04866,12,E,160,F,0.204,8
3.137,0.06396,17,E,160,G,0.6149,8
-0.0416,-0.002809,12,E,160,H,0.4098,8
0.2792,0.01616,18,E,160,I,0.3255,7
-0.142,-0.01008,33,E,160,K,-0.02409,12
-0.9668,-0.1059,10,E,160,L,0.1954,5
-0.6721,-0.06275,4,E,160,M,0.3788,3
1.31,0.0487,6,E,160,N,-0.3042,5
-2.017,-0.4026,7,E,160,P,-0.2491,6
0.6633,0.03225,14,E,160,Q,0.1971,7
1.603,0.05331,5,E,160,R,0.4047,5
-1.432,-0.2036,4,E,160,S,0.6033,2
1.794,0.05567,14,E,160,T,0.438,11
1.469,0.05137,10,E,160,V,0.06187,5
2.647,0.06211,10,E,160,W,0.432,7
1.693,0.05448,9,E,160,Y,0.8726,5
-0.08754,-0.006046,4,T,161,-,,
-2.707,-0.8018,6,T,161,A,-0.9446,1
-2.259,-0.5182,9,T,161,C,-0.2323,4
-2.775,-0.8541,17,T,161,D,-0.3818,11
-2.024,-0.4053,18,T,161,E,-0.1879,14
-1.918,-0.3613,14,T,161,F,-0.137,10
-3.203,-1.24,5,T,161,G,-1.269,4
1.203,0.04665,6,T,161,H,0.3286,5
-2.759,-0.8417,25,T,161,I,-0.8451,11
-1.871,-0.3427,11,T,161,K,-0.144,9
-0.3908,-0.03147,16,T,161,L,-0.1946,10
-1.957,-0.3771,9,T,161,M,0.3138,4
-0.9278,-0.09949,7,T,161,N,0.2307,4
0.7875,0.03628,11,T,161,P,-0.34,6
-2.073,-0.4271,12,T,161,Q,-0.02167,8
-2.251,-0.5145,13,T,161,R,-0.2067,11
-2.883,-0.9418,13,T,161,S,-0.8696,9
0,0,,T,161,T,0,
-2.505,-0.6623,8,T,161,V,-0.3337,2
-2.26,-0.5191,8,T,161,W,0.4053,4
-2.178,-0.4768,14,T,161,Y,0.09106,9
-0.4207,-0.03441,3,V,162,-,,
-1.946,-0.3723,11,V,162,A,-0.07054,8
-0.8326,-0.08475,9,V,162,C,-0.2078,5
-1.943,-0.3711,12,V,162,D,-0.5915,8
-2.252,-0.5146,8,V,162,E,-0.5469,1
-0.8948,-0.09424,8,V,162,F,0.317,4
-2.057,-0.4199,10,V,162,G,-0.8297,8
-1.124,-0.1344,9,V,162,H,-0.00555,8
0.3181,0.01808,16,V,162,I,0.2026,9
-1.296,-0.1706,7,V,162,K,-0.01495,4
0.3862,0.02127,15,V,162,L,-0.345,6
0.2803,0.01622,31,V,162,M,0.248,15
0.02778,0.001813,10,V,162,N,-0.1993,7
-2.467,-0.6381,10,V,162,P,-0.3992,7
-0.2698,-0.02043,9,V,162,Q,-0.05788,6
-3.464,-1.529,5,V,162,R,-1.465,2
-1.48,-0.2165,16,V,162,S,-0.2364,11
0.002604,0.0001729,22,V,162,T,-0.1986,15
0,0,,V,162,V,0,
-2.34,-0.5625,11,V,162,W,-0.2357,5
1.943,0.05723,13,V,162,Y,0.2128,7
-0.5288,-0.04576,3,F,163,-,,
-1.425,-0.2019,3,F,163,A,-0.4664,2
-2.196,-0.4861,12,F,163,C,-0.001784,5
-0.8136,-0.08198,16,F,163,D,-0.05247,9
-1.149,-0.1393,12,F,163,E,0.06041,5
0,0,,F,163,F,0,
-1.202,-0.1501,11,F,163,G,-0.1274,7
-1.844,-0.3326,6,F,163,H,-0.2371,4
-1.24,-0.1583,13,F,163,I,0.6709,7
-2.078,-0.4294,12,F,163,K,0.1217,5
-0.9572,-0.1043,5,F,163,L,-0.06902,1
-1.318,-0.1758,8,F,163,M,0.3408,6
-1.325,-0.1774,16,F,163,N,0.3565,7
-1.456,-0.2099,11,F,163,P,-0.3609,6
-1.802,-0.3171,9,F,163,Q,-0.4216,8
-2.551,-0.6923,7,F,163,R,-0.4385,4
-1.65,-0.2661,11,F,163,S,-0.2185,7
-1.949,-0.3736,11,F,163,T,0.2268,5
-1.41,-0.1982,8,F,163,V,-0.2505,4
-0.7594,-0.0743,15,F,163,W,-0.3543,9
1.749,0.05515,7,F,163,Y,-0.00345,6
-3.675,-1.789,1,Y,164,*,,
-4.985,-3.703,5,Y,164,-,,
-1.295,-0.1704,7,Y,164,A,-0.05863,6
-1.51,-0.2246,22,Y,164,C,-0.7343,11
-1.641,-0.2631,8,Y,164,D,0.1502,3
-2.168,-0.4723,8,Y,164,E,-0.3389,5
1.781,0.05552,11,Y,164,F,-0.3736,6
-0.848,-0.08706,21,Y,164,G,-0.2455,12
-0.8229,-0.08333,12,Y,164,H,-0.2901,7
-1.787,-0.3119,8,Y,164,I,-0.3138,6
-0.07531,-0.005171,8,Y,164,K,-0.06473,4
-0.5521,-0.04837,9,Y,164,L,0.2716,5
-0.05309,-0.003605,8,Y,164,M,0.02961,4
-1.407,-0.1973,7,Y,164,N,-0.1954,4
-3.176,-1.213,7,Y,164,P,-0.7556,4
-0.6926,-0.06538,12,Y,164,Q,0.2248,9
-0.3941,-0.03179,9,Y,164,R,-0.3933,5
-0.5855,-0.0522,14,Y,164,S,0.3349,7
-1.214,-0.1527,14,Y,164,T,-0.4146,9
0.7126,0.03391,6,Y,164,V,-0.2818,3
-1.861,-0.3392,4,Y,164,W,0.6217,1
0,0,,Y,164,Y,0,
-3.529,-1.607,2,R,165,*,,
-4.955,-3.661,5,R,165,-,,
-0.1248,-0.00878,7,R,165,A,0.03285,6
-0.6284,-0.05732,16,R,165,C,0.2497,8
-2.872,-0.9321,9,R,165,D,-1.069,6
-3.966,-2.184,11,R,165,E,-2.069,8
-1.136,-0.1367,12,R,165,F,-0.09619,7
-2.28,-0.5295,18,R,165,G,-0.6168,7
0.5867,0.02951,12,R,165,H,0.03031,8
2.54,0.06157,12,R,165,I,0.07906,6
-1.542,-0.2336,10,R,165,K,-0.7239,5
-0.6416,-0.05894,8,R,165,L,0.011,6
1.506,0.05193,10,R,165,M,0.08452,7
-1.365,-0.1869,11,R,165,N,-0.3216,10
-1.363,-0.1866,15,R,165,P,-0.2175,10
-0.8765,-0.09139,10,R,165,Q,0.1812,6
0,0,,R,165,R,0,
-1.581,-0.2451,12,R,165,S,-0.461,8
-0.3838,-0.03079,7,R,165,T,0.2238,4
0.5325,0.02744,17,R,165,V,0.219,13
0.6877,0.03308,12,R,165,W,-0.3564,8
-0.5846,-0.0521,13,R,165,Y,-0.1835,10
-7.561,-5.755,11,Q,166,*,-2.53,1
-0.1963,-0.01432,5,Q,166,-,,
1.968,0.05746,11,Q,166,A,0.5927,7
-1.235,-0.1571,9,Q,166,C,-0.01758,5
-0.396,-0.03198,13,Q,166,D,0.2041,5
-0.2683,-0.02029,17,Q,166,E,-0.07803,11
-0.5752,-0.05101,13,Q,166,F,-0.009305,8
0.3671,0.0204,14,Q,166,G,0.03705,9
0.6464,0.03166,8,Q,166,H,0.3059,6
1.027,0.04278,14,Q,166,I,0.1771,10
-0.571,-0.05053,9,Q,166,K,0.454,4
0.3847,0.0212,10,Q,166,L,0.3942,7
-0.06247,-0.004262,11,Q,166,M,0.08952,5
0.05091,0.003286,13,Q,166,N,0.1198,7
-2.756,-0.8392,23,Q,166,P,-0.8546,11
0,0,,Q,166,Q,0,
0.4719,0.025,19,Q,166,R,0.1558,9
-0.5335,-0.04628,15,Q,166,S,-0.3486,12
0.143,0.008831,3,Q,166,T,0.2492,2
-2.057,-0.4201,20,Q,166,V,-0.3037,12
-1.328,-0.1781,5,Q,166,W,-0.6416,1
-0.554,-0.04858,5,Q,166,Y,-0.08251,2
1.113,0.04476,4,A,167,-,,
0,0,,A,167,A,0,
1.313,0.04876,14,A,167,C,0.1257,11
1.369,0.04975,14,A,167,D,0.4214,11
0.4511,0.02412,13,A,167,E,0.2393,8
-1.375,-0.1893,12,A,167,F,-0.07696,9
-0.8988,-0.09486,5,A,167,G,0.1689,4
0.05557,0.003579,13,A,167,H,0.1979,7
-1.147,-0.1389,10,A,167,I,-0.09014,9
0.4709,0.02495,11,A,167,K,0.242,4
-0.2948,-0.0226,9,A,167,L,0.00225,4
-0.7159,-0.06843,16,A,167,M,-0.04942,9
0.2765,0.01603,8,A,167,N,0.3496,4
0.000754,5.049e-05,11,A,167,P,-0.2313,10
0.7482,0.03506,9,A,167,Q,-0.5492,8
-0.698,-0.06607,11,A,167,R,-0.4673,9
0.4369,0.02351,14,A,167,S,0.3086,5
0.03611,0.002348,32,A,167,T,-0.02757,7
-0.3878,-0.03119,19,A,167,V,0.07451,6
0.184,0.01114,14,A,167,W,0.1937,10
1.38,0.04993,12,A,167,Y,0.1317,11
-0.4258,-0.03492,3,D,168,-,,
-0.9357,-0.1008,14,D,168,A,-0.3873,11
-1.737,-0.2945,5,D,168,C,-0.2217,4
0,0,,D,168,D,0,
-1.364,-0.1868,14,D,168,E,0.08812,9
-2.112,-0.4453,17,D,168,F,-0.5354,8
-1.114,-0.1324,18,D,168,G,0.1263,6
-1.53,-0.2303,13,D,168,H,-0.8125,5
-2.211,-0.4936,9,D,168,I,-0.209,4
-1.864,-0.3404,11,D,168,K,-0.5399,9
-1.683,-0.2765,12,D,168,L,-0.3986,11
-1.784,-0.3109,7,D,168,M,-0.3328,5
-0.7258,-0.06974,29,D,168,N,0.2482,12
-2.331,-0.5576,16,D,168,P,-0.4398,11
-1.924,-0.3638,10,D,168,Q,-0.03969,5
-1.619,-0.2565,8,D,168,R,-0.07654,5
0.5943,0.02979,7,D,168,S,0.03659,7
2.713,0.06242,17,D,168,T,-0.2188,10
-1.731,-0.2924,8,D,168,V,0.1491,4
-2.019,-0.4034,11,D,168,W,0.1491,7
-2.154,-0.4653,10,D,168,Y,-0.8483,8
-0.2016,-0.01474,3,N,169,-,,
-2.338,-0.5619,12,N,169,A,-0.2908,9
0.6771,0.03273,6,N,169,C,-0.2213,5
-1.265,-0.1637,19,N,169,D,-0.1413,9
-0.3668,-0.02917,9,N,169,E,-0.3513,6
-1.003,-0.1121,11,N,169,G,0.1641,6
-0.4011,-0.03248,15,N,169,H,-0.1408,6
-2.384,-0.5879,6,N,169,I,-0.5277,5
-2.153,-0.4647,13,N,169,K,-0.6441,6
0.8854,0.03912,5,N,169,L,0.05113,5
1.002,0.04218,9,N,169,M,0.169,7
0,0,,N,169,N,0,
-2.501,-0.6599,9,N,169,P,-0.7639,4
-2.149,-0.4628,14,N,169,Q,-0.4829,9
-1.639,-0.2628,6,N,169,R,-0.419,4
-0.1668,-0.01199,7,N,169,S,-0.1291,4
-1.352,-0.1837,16,N,169,T,-0.3708,7
-0.8643,-0.08952,14,N,169,V,-0.1889,5
-1.519,-0.2272,15,N,169,W,-0.3597,10
-1.873,-0.3438,11,N,169,Y,-0.778,6
-0.8783,-0.09167,2,G,170,-,,
0.6053,0.0302,15,G,170,A,0.5548,7
0.02399,0.001569,12,G,170,C,0.1937,5
-0.4025,-0.03261,11,G,170,D,-0.5919,2
-2.792,-0.8674,4,G,170,E,-1.062,2
0.08376,0.005321,15,G,170,F,-0.005338,9
0,0,,G,170,G,0,
-0.5645,-0.04978,8,G,170,H,0.2045,6
-0.8646,-0.08956,8,G,170,I,-0.1751,5
-1.439,-0.2055,9,G,170,K,-0.2985,6
-1.56,-0.2387,11,G,170,L,-0.248,8
-2.032,-0.4087,8,G,170,M,-0.2292,7
-0.7661,-0.07523,9,G,170,N,0.2796,5
-2.614,-0.7354,15,G,170,P,-0.7,10
-1.61,-0.2538,9,G,170,Q,-0.3915,5
0.7891,0.03633,8,G,170,R,0.2999,6
0.1661,0.01014,14,G,170,S,0.06586,8
0.5998,0.03,6,G,170,T,-0.0248,4
-2.057,-0.42,10,G,170,V,-0.002573,7
-0.3668,-0.02918,13,G,170,W,0.2856,7
-0.6107,-0.05518,8,G,170,Y,-0.5125,4
0.07172,0.004583,1,F,171,-,,
-1.451,-0.2088,6,F,171,A,-0.9997,3
-1.032,-0.1173,10,F,171,C,-0.6386,4
-1.162,-0.1418,7,F,171,D,-0.303,5
-2.235,-0.5057,9,F,171,E,-0.193,7
0,0,,F,171,F,0,
-2.09,-0.4352,17,F,171,G,-0.2777,12
-1.88,-0.3464,14,F,171,H,-0.2496,11
-2.183,-0.4793,7,F,171,I,-0.2007,4
-4.458,-2.915,11,F,171,K,-2.431,6
-0.9694,-0.1064,10,F,171,L,-0.3012,6
-1.734,-0.2935,8,F,171,M,-0.5172,6
-0.4927,-0.04184,12,F,171,N,-0.1081,10
-2.835,-0.9016,9,F,171,P,-1.237,6
-2.025,-0.4058,13,F,171,Q,-0.2045,6
-4.532,-3.028,7,F,171,R,-2.85,7
-3.391,-1.444,12,F,171,S,-1.687,5
-3.777,-1.923,10,F,171,T,-1.99,8
-2.144,-0.4605,10,F,171,V,-0.3063,4
-0.5783,-0.05136,9,F,171,W,0.005117,7
0.8044,0.03679,8,F,171,Y,-0.6335,3
-7.077,-5.597,1,Y,172,*,,
-0.4161,-0.03395,1,Y,172,-,,
0.09825,0.006198,14,Y,172,A,-0.2052,8
-0.2548,-0.01914,18,Y,172,C,0.3268,7
1.015,0.04249,6,Y,172,D,-0.4245,4
-0.396,-0.03198,11,Y,172,E,0.01175,7
-1.287,-0.1687,15,Y,172,F,-0.7732,6
-1.57,-0.2419,11,Y,172,G,-0.1981,6
-0.7011,-0.06648,13,Y,172,H,0.2686,10
-1.211,-0.152,12,Y,172,I,0.00075,8
-1.932,-0.3669,15,Y,172,K,-0.5923,8
-1.485,-0.2178,12,Y,172,L,-0.1284,9
-0.04118,-0.00278,16,Y,172,M,0.3852,7
1.74,0.05505,9,Y,172,N,0.1059,4
-4.797,-3.428,9,Y,172,P,-3.452,7
0.3616,0.02014,9,Y,172,Q,-0.1931,5
1.313,0.04876,14,Y,172,R,0.08928,6
-1.249,-0.1602,14,Y,172,S,0.06125,2
-1.701,-0.2824,19,Y,172,T,-0.5411,12
0.3883,0.02137,10,Y,172,V,0.1327,5
-1.903,-0.3552,8,Y,172,W,0.1339,4
0,0,,Y,172,Y,0,
-9.433,-5.984,4,K,173,*,,
-0.356,-0.02816,1,K,173,-,,
-2.455,-0.6309,13,K,173,A,-0.7106,9
-1.152,-0.14,13,K,173,C,-0.3321,9
-2.645,-0.757,7,K,173,D,-0.7143,6
-1.338,-0.1804,10,K,173,E,0.04395,4
-2.007,-0.3981,8,K,173,F,-0.4379,6
-3.611,-1.707,7,K,173,G,-1.661,3
-1.598,-0.25,12,K,173,H,-0.8369,6
-2.351,-0.569,13,K,173,I,-0.08374,9
0,0,,K,173,K,0,
-1.498,-0.2214,9,K,173,L,0.09355,4
-0.9165,-0.09768,12,K,173,M,-0.09443,10
-4.563,-3.076,15,K,173,N,-2.872,8
-15.67,-6.027,15,K,173,P,-6,9
0.6944,0.03331,13,K,173,Q,0.1137,8
0.324,0.01837,10,K,173,R,1.065,3
-2.28,-0.5295,9,K,173,S,-0.6014,7
-0.4701,-0.03945,9,K,173,T,0.2842,6
-0.06369,-0.004348,10,K,173,V,-0.4147,6
-3.057,-1.097,8,K,173,W,-0.8318,6
-2.31,-0.5458,9,K,173,Y,-0.5263,4
-0.3529,-0.02787,1,F,174,-,,
-2.448,-0.6263,12,F,174,A,-0.5565,10
-1.458,-0.2105,16,F,174,C,-0.5248,6
-3.199,-1.236,7,F,174,D,-1.32,3
-2.888,-0.9458,15,F,174,E,-0.7706,10
0,0,,F,174,F,0,
-2.411,-0.6041,12,F,174,G,-0.1424,8
-0.7714,-0.07597,7,F,174,H,-0.4006,5
-2.33,-0.5573,6,F,174,I,-0.7275,3
-2.935,-0.9858,12,F,174,K,-0.6504,7
-0.2935,-0.02248,5,F,174,L,0.0679,2
-0.8344,-0.08502,12,F,174,M,-0.2249,7
-1.636,-0.2616,5,F,174,N,-0.06,4
-3.558,-1.642,4,F,174,P,-1.346,1
-1.825,-0.3255,15,F,174,Q,-0.4039,11
-1.311,-0.1741,11,F,174,R,-0.5738,8
-1.79,-0.3131,14,F,174,S,-0.12,8
-1.99,-0.3906,9,F,174,T,-0.4518,6
-1.924,-0.3636,11,F,174,V,-0.4447,8
-1.143,-0.1381,10,F,174,W,-0.2404,8
0.1805,0.01095,10,F,174,Y,0.2051,8
-4.131,-2.423,2,S,175,-,,
0.6097,0.03036,5,S,175,A,0.14,2
-1.084,-0.1268,9,S,175,C,0.307,3
-0.7672,-0.07538,9,S,175,D,-0.2762,5
-1.621,-0.2569,11,S,175,E,0.06206,8
-0.5011,-0.04274,13,S,175,F,0.1959,7
-0.03526,-0.002373,17,S,175,G,-0.3698,9
1.161,0.04579,8,S,175,H,0.2275,5
3.079,0.06379,7,S,175,I,0.5275,4
2.701,0.06236,11,S,175,K,0.6714,7
-0.3178,-0.02465,14,S,175,L,0.08374,8
2.413,0.06085,9,S,175,M,0.193,4
0.3553,0.01985,23,S,175,N,0.1658,7
-16.52,-6.027,6,S,175,P,-6,4
2.252,0.05979,9,S,175,Q,0.1815,5
1.171,0.046,17,S,175,R,0.7099,11
0,0,,S,175,S,0,
0.6428,0.03154,12,S,175,T,0.5177,8
1.458,0.0512,16,S,175,V,0.3429,9
-1.479,-0.2162,15,S,175,W,-0.08484,11
2.212,0.0595,13,S,175,Y,0.1923,10
-7.74,-5.798,3,Y,176,*,-6,1
0.06676,0.004276,1,Y,176,-,,
-0.1808,-0.01308,7,Y,176,A,0.3114,4
-1.392,-0.1935,20,Y,176,C,0.02653,11
-1.513,-0.2256,11,Y,176,D,-0.275,6
-0.3616,-0.02868,6,Y,176,E,0.5274,4
1.077,0.04394,11,Y,176,F,0.3049,8
-0.1169,-0.008197,10,Y,176,G,0.437,6
1.719,0.0548,9,Y,176,H,0.6386,4
1.692,0.05447,8,Y,176,I,0.4516,7
-1.514,-0.2258,15,Y,176,K,0.2467,11
-1.404,-0.1965,9,Y,176,L,-0.5712,6
-0.8836,-0.09249,8,Y,176,M,0.4879,5
-1.836,-0.3297,5,Y,176,N,-0.2506,4
-1.993,-0.3921,17,Y,176,P,-0.6978,8
-1.879,-0.3459,10,Y,176,Q,0.6989,4
2.404,0.06079,9,Y,176,R,0.8976,7
-0.782,-0.07745,14,Y,176,S,0.3964,10
0.893,0.03933,7,Y,176,T,0.5029,4
-0.2605,-0.01963,9,Y,176,V,0.0749,6
1.961,0.0574,11,Y,176,W,0.1698,9
0,0,,Y,176,Y,0,
-0.7549,-0.07368,1,L,177,-,,
-1.941,-0.3705,5,L,177,A,-0.06384,3
0.7891,0.03633,17,L,177,C,0.04904,10
-3.953,-2.166,7,L,177,D,-1.92,5
-2.091,-0.4356,9,L,177,E,-0.1855,4
0.004371,0.0002884,17,L,177,F,-0.4091,7
-3.135,-1.172,17,L,177,G,-1.15,12
0.3234,0.01834,9,L,177,H,-0.0883,4
1.77,0.0554,8,L,177,I,-0.4941,4
-1.818,-0.3232,14,L,177,K,0.101,8
0,0,,L,177,L,0,
1.262,0.04782,8,L,177,M,0.1636,6
0.4563,0.02434,10,L,177,N,0.3145,6
-8.296,-5.893,5,L,177,P,-6,2
0.7448,0.03495,10,L,177,Q,0.09342,8
-0.149,-0.01061,7,L,177,R,0.1877,4
-1.22,-0.154,18,L,177,S,0.2566,10
1.203,0.04666,8,L,177,T,0.1143,5
-0.1987,-0.01451,14,L,177,V,-0.05133,7
-1.812,-0.321,10,L,177,W,0.2561,5
-1.063,-0.1228,9,L,177,Y,0.1946,4
-3.362,-1.411,1,P,178,-,,
-1.226,-0.1551,10,P,178,A,0.07735,6
-0.08423,-0.005809,10,P,178,C,0.2102,4
2.431,0.06096,10,P,178,D,0.6948,4
2.135,0.05891,9,P,178,E,0.749,8
1.902,0.05682,13,P,178,F,1.067,6
1.315,0.0488,9,P,178,G,0.6359,7
2.345,0.06042,10,P,178,H,1.439,5
-1.532,-0.231,9,P,178,I,-0.2463,4
1.98,0.05757,6,P,178,K,1.254,3
-1.932,-0.367,22,P,178,L,-0.6144,10
0.1755,0.01067,10,P,178,M,0.3965,5
2.823,0.06288,3,P,178,N,0.2647,1
0,0,,P,178,P,0,
2.479,0.06123,9,P,178,Q,0.6558,8
-1.199,-0.1495,11,P,178,R,0.8833,4
0.3692,0.02049,31,P,178,S,0.5167,9
0.6497,0.03178,6,P,178,T,-0.2053,2
0.06625,0.004245,3,P,178,V,-0.201,2
2.289,0.06005,7,P,178,W,1.013,7
2.572,0.06174,7,P,178,Y,0.909,4
-1.408,-0.1976,1,F,179,-,,
0.5278,0.02726,7,F,179,A,0.0104,4
1.051,0.04335,8,F,179,C,0.4852,4
-1.328,-0.178,7,F,179,D,0.1468,3
-2.18,-0.4779,9,F,179,E,-0.4646,6
0,0,,F,179,F,0,
-0.6139,-0.05556,9,F,179,G,0.2069,5
-1.855,-0.3369,9,F,179,H,0.1883,6
0.6734,0.0326,16,F,179,I,0.455,10
-2.774,-0.8535,14,F,179,K,-0.1326,7
0.009339,0.0006157,11,F,179,L,0.1621,4
-0.01777,-0.001186,8,F,179,M,0.2627,5
2.081,0.05847,4,F,179,N,-0.6424,2
-5.809,-4.731,13,F,179,P,-4.457,9
-0.3861,-0.03102,9,F,179,Q,0.7163,5
-1.365,-0.1869,6,F,179,R,0.2112,3
0.157,0.009631,15,F,179,S,-0.195,6
2.048,0.05819,8,F,179,T,-0.1656,5
0.3956,0.0217,5,F,179,V,0.2083,3
-1.335,-0.1796,8,F,179,W,-0.2151,7
-0.3598,-0.02852,16,F,179,Y,0.2804,5
-1.584,-0.2459,1,I,180,-,,
1.601,0.05329,17,I,180,A,0.4911,14
0.9419,0.04064,12,I,180,C,0.5388,3
1.001,0.04214,7,I,180,D,0.9464,4
-0.02838,-0.001904,7,I,180,E,0.4684,4
0.7797,0.03604,17,I,180,F,0.1234,9
2.504,0.06138,5,I,180,G,0.6412,4
2.795,0.06277,10,I,180,H,0.8546,5
0,0,,I,180,I,0,
2.54,0.06157,6,I,180,K,0.9818,3
2.441,0.06101,6,I,180,L,1.099,1
-0.2633,-0.01986,11,I,180,M,0.3641,7
1.649,0.05392,10,I,180,N,0.3878,6
-0.2925,-0.0224,15,I,180,P,0.2743,6
1.087,0.04417,11,I,180,Q,0.4806,7
2.375,0.06062,10,I,180,R,1.32,10
3.779,0.06536,10,I,180,S,0.9006,9
2.843,0.06296,12,I,180,T,0.6728,8
0.9236,0.04016,22,I,180,V,0.2568,11
-1.192,-0.148,9,I,180,W,0.4136,6
2.376,0.06062,11,I,180,Y,0.4345,8
-1.323,-0.1769,1,P,181,-,,
-1.946,-0.3726,4,P,181,A,-1.053,2
-2.199,-0.4876,9,P,181,C,-0.3953,6
-0.3902,-0.03142,9,P,181,D,0.2164,7
1.791,0.05564,8,P,181,E,0.5216,7
-1.116,-0.1327,9,P,181,F,0.04593,7
0.9954,0.042,4,P,181,G,0.2417,2
-0.4879,-0.04132,14,P,181,H,-0.1646,7
-1.105,-0.1306,7,P,181,I,0.1027,4
-1.424,-0.2016,11,P,181,K,-0.3417,8
1.371,0.04978,17,P,181,L,0.2407,10
-0.3324,-0.02598,10,P,181,M,-0.3869,7
-1.7,-0.2822,9,P,181,N,0.2149,7
0,0,,P,181,P,0,
-0.2732,-0.02072,13,P,181,Q,0.3368,8
-1.913,-0.3592,13,P,181,R,-0.3046,12
0.4369,0.02351,16,P,181,S,-0.1928,6
-1.371,-0.1884,8,P,181,T,-0.3486,7
1.669,0.05418,7,P,181,V,-0.1644,5
-0.6295,-0.05745,17,P,181,W,-0.03872,8
0.04659,0.003014,11,P,181,Y,0.4652,7
-1.903,-0.3553,1,T,182,-,,
-0.002045,-0.0001351,14,T,182,A,0.3489,3
0.5267,0.02721,8,T,182,C,0.1374,6
-0.2874,-0.02195,5,T,182,D,0.3993,2
0.4773,0.02522,8,T,182,E,-0.5774,5
-0.2065,-0.01514,7,T,182,F,-0.1889,2
1.671,0.0542,11,T,182,G,-0.04087,7
1.277,0.04809,6,T,182,H,0.1449,3
0.5933,0.02975,16,T,182,I,0.1041,6
1.154,0.04565,10,T,182,K,-0.04511,8
-0.4223,-0.03457,13,T,182,L,-0.00391,10
0.3207,0.01821,4,T,182,M,-0.09151,3
-1.47,-0.2138,10,T,182,N,-0.08082,8
-2.56,-0.6981,16,T,182,P,-0.1994,7
-0.7539,-0.07354,12,T,182,Q,0.3629,5
1.303,0.04858,10,T,182,R,0.2929,6
-1.478,-0.216,7,T,182,S,-0.7753,3
0,0,,T,182,T,0,
-0.3915,-0.03154,6,T,182,V,-0.0492,4
0.8984,0.03948,14,T,182,W,0.3303,6
0.3878,0.02135,16,T,182,Y,-0.06081,11
-10.08,-6.004,1,R,183,*,-6,1
-1.854,-0.3363,2,R,183,-,,
-0.2475,-0.01853,14,R,183,A,0.1478,7
0.17,0.01036,4,R,183,C,0.4518,2
0.09434,0.005963,12,R,183,D,0.2298,6
-0.8928,-0.09392,14,R,183,E,-0.04145,10
-0.8054,-0.08079,9,R,183,F,0.2534,2
-1.981,-0.3869,12,R,183,G,-0.1931,10
-1.482,-0.2171,8,R,183,H,-0.02336,7
-0.1149,-0.008048,22,R,183,I,0.3142,8
1.267,0.04791,13,R,183,K,0.5961,5
0.0163,0.00107,10,R,183,L,0.2386,6
0.6754,0.03267,5,R,183,M,-1.23,2
0.4468,0.02394,11,R,183,N,0.2574,9
0.775,0.03589,11,R,183,P,0.1294,6
-0.7019,-0.06659,9,R,183,Q,-0.02828,5
0,0,,R,183,R,0,
0.3322,0.01876,16,R,183,S,-0.2198,12
-0.2411,-0.01799,12,R,183,T,0.4449,5
2.95,0.06336,12,R,183,V,0.3543,8
-0.8681,-0.0901,17,R,183,W,0.09917,13
0.2709,0.01574,12,R,183,Y,-0.2243,6
0.4026,0.02201,1,G,184,-,,
2.642,0.06209,17,G,184,A,-0.01034,12
-1.055,-0.1213,19,G,184,C,-0.1417,7
-0.7186,-0.06878,12,G,184,D,0.3873,4
-0.302,-0.02324,9,G,184,E,-0.3197,5
0.07943,0.005057,21,G,184,F,0.08605,14
0,0,,G,184,G,0,
0.3494,0.01958,15,G,184,H,-0.001206,9
-1.854,-0.3363,12,G,184,I,0.0587,6
0.833,0.03763,8,G,184,K,-0.00109,7
-0.0178,-0.001188,9,G,184,L,0.164,5
0.2544,0.0149,14,G,184,M,0.3254,7
-0.1145,-0.008012,9,G,184,N,-0.6375,2
1.655,0.054,10,G,184,P,0.4486,6
-0.06368,-0.004347,9,G,184,Q,0.309,3
1.598,0.05325,9,G,184,R,-0.02112,5
-0.0127,-0.0008456,16,G,184,S,0.4336,3
-0.06637,-0.004537,6,G,184,T,-0.3003,5
-1.115,-0.1326,14,G,184,V,0.0187,7
-0.6024,-0.0542,11,G,184,W,-0.00604,6
-1.204,-0.1506,9,G,184,Y,0.5274,6
-4.228,-2.567,1,D,185,-,,
0.4767,0.02519,14,D,185,A,0.1519,11
0.57,0.02889,18,D,185,C,-0.02836,13
0,0,,D,185,D,0,
-0.6074,-0.05478,6,D,185,E,-0.4474,4
0.383,0.02113,12,D,185,F,0.06797,9
-1.486,-0.218,12,D,185,G,0.1777,8
-0.6866,-0.06461,11,D,185,H,-0.3496,7
-1.463,-0.2118,11,D,185,I,-0.1464,9
0.1887,0.0114,6,D,185,K,0.1748,4
-0.7602,-0.07441,13,D,185,L,-0.1864,5
1.096,0.04438,12,D,185,M,0.08915,8
-0.589,-0.05261,12,D,185,N,0.6616,6
0.8747,0.03882,3,D,185,P,0.2752,2
-0.3561,-0.02817,11,D,185,Q,-0.2584,8
-1.542,-0.2337,14,D,185,R,-0.2262,10
0.65,0.03179,5,D,185,S,,
-2.046,-0.4148,11,D,185,T,-0.5144,7
2.85,0.06299,11,D,185,V,0.2356,7
2.215,0.05952,12,D,185,W,-0.2661,8
-2.059,-0.4209,14,D,185,Y,0.07588,6
-9.5,-5.987,6,Y,186,*,,
-3.815,-1.975,1,Y,186,-,,
-1.714,-0.2869,14,Y,186,A,-0.00287,11
-1.786,-0.3117,11,Y,186,C,0.04412,5
-0.3957,-0.03195,17,Y,186,D,-0.5188,12
-1.55,-0.2361,6,Y,186,E,0.0937,5
2.437,0.06099,13,Y,186,F,-0.1263,7
-0.1206,-0.008466,8,Y,186,G,0.2546,7
-1.743,-0.2966,14,Y,186,H,-0.2515,10
-0.36,-0.02854,15,Y,186,I,0.1759,10
-1.317,-0.1756,7,Y,186,K,-0.4744,6
0.9837,0.04171,6,Y,186,L,0.1148,5
0.5634,0.02864,6,Y,186,M,-1.134,3
0.2636,0.01537,7,Y,186,N,-0.007921,3
0.402,0.02198,6,Y,186,P,0.3135,6
1.074,0.04388,11,Y,186,Q,0.3149,4
1.365,0.04968,9,Y,186,R,-0.0168,6
-0.6903,-0.06508,11,Y,186,S,0.1698,3
0.193,0.01163,13,Y,186,T,0.2105,7
1.641,0.05382,4,Y,186,V,0.6941,4
-1.596,-0.2494,17,Y,186,W,-0.4429,12
0,0,,Y,186,Y,0,
-4.007,-2.243,1,Y,187,-,,
-1.451,-0.2086,13,Y,187,A,0.463,7
-2.58,-0.7117,14,Y,187,C,-0.3521,5
-5.564,-4.463,12,Y,187,D,-4.294,6
-3.908,-2.103,15,Y,187,E,-2.096,8
1.965,0.05743,10,Y,187,F,0.0016,6
-3.412,-1.468,9,Y,187,G,-0.9878,5
-0.1594,-0.01142,12,Y,187,H,-0.3935,3
-1.336,-0.18,8,Y,187,I,0.1592,4
-4.026,-2.271,16,Y,187,K,-2.051,10
0.4288,0.02316,12,Y,187,L,-0.03417,9
-1.624,-0.258,12,Y,187,M,-0.3554,8
-4.826,-3.472,10,Y,187,N,-3.233,6
0.002167,0.0001435,10,Y,187,P,0.1463,5
-1.72,-0.2889,10,Y,187,Q,-0.3058,7
-2.378,-0.5843,10,Y,187,R,-0.7972,6
-3.401,-1.455,7,Y,187,S,-1.634,6
-0.3986,-0.03223,7,Y,187,T,-0.1581,5
-1.416,-0.1996,12,Y,187,V,-0.0553,6
-0.7806,-0.07726,8,Y,187,W,-0.136,7
0,0,,Y,187,Y,0,
-2.23,-0.5031,2,D,188,A,-0.2182,1
2.037,0.05809,12,D,188,C,-0.04256,6
0,0,,D,188,D,0,
0.3555,0.01986,5,D,188,E,-0.06704,2
0.3167,0.01802,5,D,188,F,-0.347,3
-1.615,-0.2552,6,D,188,G,-0.1691,6
0.9443,0.0407,5,D,188,H,-0.9682,1
-0.04289,-0.002898,7,D,188,I,-0.3309,3
0.05398,0.003479,1,D,188,K,-0.2611,1
0.5697,0.02887,4,D,188,L,0.2076,4
-0.8215,-0.08313,4,D,188,M,0.01995,2
-0.1721,-0.0124,25,D,188,N,0.008518,7
-5.519,-4.41,7,D,188,P,-4.325,3
0.7028,0.03359,8,D,188,Q,0.3052,8
1.399,0.05025,6,D,188,R,0.3071,3
0.4769,0.0252,1,D,188,S,0.1761,1
-0.08328,-0.005741,5,D,188,T,0.1198,4
-0.9033,-0.09557,6,D,188,V,-0.2506,3
-1.113,-0.1323,7,D,188,W,-0.5961,1
0.0961,0.006068,6,D,188,Y,0.04625,4
-11.29,-6.021,2,C,189,*,-6,1
-0.6187,-0.05615,4,C,189,A,-1.332,2
0,0,,C,189,C,0,
-10.12,-6.005,5,C,189,D,-6,5
-5.334,-4.181,7,C,189,E,-4.407,7
-2.18,-0.4778,8,C,189,F,-0.1561,3
-3.417,-1.473,8,C,189,G,-1.342,3
-4.046,-2.298,8,C,189,H,-2.17,4
-0.8716,-0.09063,3,C,189,I,0.08719,3
-7.395,-5.708,9,C,189,K,-6,5
0.185,0.0112,13,C,189,L,-0.125,8
-1.4,-0.1956,4,C,189,M,-0.4807,2
-0.7121,-0.06793,8,C,189,N,-0.1468,4
-3.798,-1.951,5,C,189,P,-1.472,3
-3.964,-2.182,5,C,189,Q,-2.176,4
-8.175,-5.877,11,C,189,R,-6,7
-1.922,-0.3629,4,C,189,S,0.3327,2
0.6342,0.03124,4,C,189,T,0.6414,1
0.9032,0.03961,5,C,189,V,-0.1331,2
-2.862,-0.9239,9,C,189,W,-0.8235,6
-4.025,-2.269,30,C,189,Y,-1.811,9
-3.772,-1.917,1,R,190,*,,
1.51,0.052,2,R,190,A,0.8606,1
-1.64,-0.2628,2,R,190,C,-0.282,2
0.7933,0.03646,11,R,190,E,-0.08111,3
1.248,0.04755,6,R,190,F,0.1619,6
-0.4315,-0.03549,12,R,190,G,-0.2348,2
0.9217,0.04011,1,R,190,H,,
2.767,0.06265,11,R,190,I,-0.4474,5
-0.8948,-0.09423,14,R,190,K,-0.1614,7
1.817,0.05593,5,R,190,L,0.7198,4
1.12,0.04492,12,R,190,M,-0.2593,5
0.2466,0.01449,4,R,190,N,-0.003512,3
-3.805,-1.961,8,R,190,P,-1.915,6
-2.092,-0.436,7,R,190,Q,-0.3703,4
0,0,,R,190,R,0,
-1.633,-0.2607,9,R,190,S,0.02645,6
-1.736,-0.2942,11,R,190,T,-0.8625,4
-0.6166,-0.05589,15,R,190,V,0.08957,12
-0.9629,-0.1053,5,R,190,W,-0.1106,3
1.701,0.05458,10,R,190,Y,-0.1096,7
-0.1842,-0.01335,15,V,191,A,0.2302,9
-1.296,-0.1706,9,V,191,C,0.4576,7
-4.786,-3.412,12,V,191,D,-3.292,8
-3.801,-1.956,11,V,191,E,-1.792,7
-3.565,-1.65,6,V,191,F,-0.3885,1
-0.9159,-0.09758,9,V,191,G,0.2439,5
-2.385,-0.5889,8,V,191,H,-0.08985,4
2.793,0.06276,19,V,191,I,-0.07634,13
-4.869,-3.534,5,V,191,K,-3.709,3
-0.8115,-0.08166,11,V,191,L,-0.0166,3
-2.016,-0.4017,38,V,191,M,-0.2073,22
-2.107,-0.4426,14,V,191,N,-0.3994,9
-2.009,-0.3988,10,V,191,P,-0.7032,4
-2.385,-0.5884,8,V,191,Q,-0.5676,7
-4.057,-2.315,14,V,191,R,-2.183,11
-1.351,-0.1837,12,V,191,S,-0.1478,6
-1.81,-0.32,6,V,191,T,0.02641,3
0,0,,V,191,V,0,
-2.83,-0.8975,11,V,191,W,-0.3705,8
-1.11,-0.1317,12,V,191,Y,0.01862,10
-15.59,-6.027,2,E,192,*,-6,1
-0.4309,-0.03543,15,E,192,A,-0.121,10
0.5065,0.02641,8,E,192,C,0.2278,6
1.718,0.05479,8,E,192,D,-0.2643,7
0,0,,E,192,E,0,
0.09817,0.006193,11,E,192,F,0.07203,7
-2.092,-0.4358,10,E,192,G,-0.5603,3
-1.362,-0.1861,10,E,192,H,-0.6218,6
-0.1538,-0.01098,6,E,192,I,-0.04368,5
-0.1139,-0.00797,59,E,192,K,-0.0235,10
1.596,0.05322,5,E,192,L,,
1.375,0.04985,6,E,192,M,-0.08833,5
1.665,0.05413,7,E,192,N,0.5264,6
-2.365,-0.5771,9,E,192,P,-0.8504,5
-0.06349,-0.004334,4,E,192,Q,-0.3603,2
-2.619,-0.7385,8,E,192,R,-0.4737,3
0.8128,0.03704,8,E,192,S,0.08898,3
-0.9514,-0.1033,10,E,192,T,0.08724,8
-0.8326,-0.08476,9,E,192,V,0.09939,6
-0.6098,-0.05508,10,E,192,W,-0.3095,7
-1.492,-0.2197,7,E,192,Y,-0.1734,6
-1.951,-0.3746,9,H,193,A,0.2178,7
-1.519,-0.227,11,H,193,C,-0.2896,8
-2.594,-0.721,11,H,193,D,-0.7605,7
-2.755,-0.8384,8,H,193,E,-0.6839,6
0.4515,0.02413,8,H,193,F,0.08371,7
-2.182,-0.479,13,H,193,G,-0.2319,6
0,0,,H,193,H,0,
-1.012,-0.1136,9,H,193,I,-0.6325,6
-2.837,-0.9038,13,H,193,K,-0.5307,10
-1.742,-0.2963,11,H,193,L,0.2433,8
1.188,0.04635,13,H,193,M,0.01887,11
-2.511,-0.6658,16,H,193,N,-0.433,9
-0.5972,-0.05357,8,H,193,P,0.3217,3
-1.356,-0.1848,15,H,193,Q,0.01788,9
0.005619,0.0003709,13,H,193,R,-0.038,7
-1.032,-0.1172,15,H,193,S,-0.08482,9
3.048,0.06369,7,H,193,T,-0.2593,6
-1.778,-0.3089,12,H,193,V,-0.2172,9
-1.835,-0.3292,13,H,193,W,-0.4177,9
-1.383,-0.1915,12,H,193,Y,0.07833,4
-8.693,-5.937,17,W,194,*,-6,4
-0.6637,-0.06168,1,W,194,-,,
-1.382,-0.1912,8,W,194,A,0.1252,4
-0.8302,-0.0844,19,W,194,C,0.1702,9
-0.7791,-0.07704,15,W,194,D,0.09296,10
1.648,0.05391,8,W,194,E,0.4595,4
2.254,0.05981,7,W,194,F,0.2119,3
-1.158,-0.141,8,W,194,G,-0.07035,8
0.1172,0.007328,9,W,194,H,-0.309,7
1.749,0.05516,4,W,194,I,0.7154,3
-0.4464,-0.037,8,W,194,K,0.1938,4
0.2176,0.01297,18,W,194,L,0.1133,6
0.8104,0.03697,12,W,194,M,0.1749,7
-0.1493,-0.01063,15,W,194,N,0.191,10
0.3509,0.01965,8,W,194,P,0.1072,4
-1.913,-0.3592,13,W,194,Q,-0.1141,6
-0.3992,-0.03229,19,W,194,R,0.2045,9
-0.5277,-0.04564,7,W,194,S,0.1565,1
-0.88,-0.09193,9,W,194,T,0.9256,5
1.332,0.0491,10,W,194,V,-0.0284,8
0,0,,W,194,W,0,
-0.0919,-0.006362,9,W,194,Y,0.4371,5
-0.02807,-0.001882,1,G,195,-,,
1.432,0.05078,9,G,195,A,0.1705,7
-0.06314,-0.004309,14,G,195,C,0.0843,11
1.091,0.04427,16,G,195,D,-0.1364,1
1.706,0.05464,13,G,195,E,0.4057,6
-1.41,-0.1981,18,G,195,F,-0.06516,10
0,0,,G,195,G,0,
0.9902,0.04187,11,G,195,H,0.6419,6
0.6479,0.03172,6,G,195,I,-0.1172,4
0.495,0.02594,13,G,195,K,-0.06878,12
0.2225,0.01323,10,G,195,L,0.1389,6
1.423,0.05064,8,G,195,M,0.4589,6
0.981,0.04164,6,G,195,N,0.1384,4
-0.4427,-0.03662,6,G,195,P,-0.0255,4
-0.5107,-0.04378,10,G,195,Q,0.0789,8
-0.6417,-0.05894,9,G,195,R,0.2271,5
-1.534,-0.2313,14,G,195,S,0.04412,8
3.931,0.06557,10,G,195,T,0.3826,6
-0.2403,-0.01792,15,G,195,V,0.2175,7
-0.5506,-0.04819,13,G,195,W,0.2896,7
-0.4663,-0.03905,15,G,195,Y,0.1781,11
-0.2675,-0.02023,4,L,196,A,0.5536,2
1.765,0.05535,8,L,196,C,-0.1277,7
-1.613,-0.2545,10,L,196,D,-0.01587,7
-1.376,-0.1896,12,L,196,E,0.1703,10
1.251,0.04759,10,L,196,F,0.4062,4
0.5003,0.02616,9,L,196,G,0.2038,7
0.2239,0.0133,14,L,196,H,-0.02823,10
-1.956,-0.3765,24,L,196,I,-0.2288,20
-0.8284,-0.08414,10,L,196,K,-0.1551,5
0,0,,L,196,L,0,
2.011,0.05786,13,L,196,M,0.248,10
-0.3599,-0.02852,5,L,196,N,-0.1956,4
-1.009,-0.1132,24,L,196,P,0.4806,5
-1.252,-0.1609,10,L,196,Q,0.8416,4
0.3692,0.0205,11,L,196,R,0.1909,6
-0.3133,-0.02425,5,L,196,S,-0.2852,4
-0.05932,-0.004041,10,L,196,T,0.2262,7
-0.5288,-0.04576,9,L,196,V,0.1632,5
0.9522,0.04091,8,L,196,W,-0.4979,2
-0.0422,-0.00285,4,L,196,Y,-0.04054,4
-2.44,-0.6218,2,P,197,A,-0.5023,1
-1.265,-0.1637,7,P,197,C,-0.1801,7
1.579,0.05298,9,P,197,D,-0.125,8
-0.6731,-0.06288,16,P,197,E,-0.1351,12
-2.31,-0.5459,9,P,197,F,-0.488,6
0.239,0.0141,4,P,197,G,0.4249,2
-0.03684,-0.002482,12,P,197,H,0.3011,7
1.533,0.05233,7,P,197,I,0.3409,3
1.344,0.0493,10,P,197,K,0.11,6
-0.9445,-0.1022,13,P,197,L,-0.0029,6
0.3413,0.01919,6,P,197,M,0.0022,6
0.6636,0.03226,12,P,197,N,-0.4695,5
0,0,,P,197,P,0,
0.816,0.03714,9,P,197,Q,-0.4607,4
1.424,0.05065,7,P,197,R,0.09716,3
-0.2779,-0.02112,33,P,197,S,0.1779,6
0.1008,0.00635,16,P,197,T,0.04386,12
0.1017,0.006407,19,P,197,V,0.1648,14
0.195,0.01174,6,P,197,W,0.08403,3
1.897,0.05677,8,P,197,Y,0.0592,7
-10.54,-6.013,2,E,198,*,,
1.514,0.05205,5,E,198,A,-0.06035,4
2.004,0.05779,8,E,198,C,-0.07279,6
1.594,0.05319,7,E,198,D,0.4861,7
0,0,,E,198,E,0,
-1.225,-0.1549,12,E,198,F,-0.09878,8
-1.077,-0.1255,19,E,198,G,0.05935,6
0.7144,0.03397,9,E,198,H,0.382,4
0.1565,0.009603,9,E,198,I,-0.07169,7
-0.4769,-0.04016,41,E,198,K,0.5584,6
-2.645,-0.7569,5,E,198,L,0.5898,3
0.08615,0.005467,12,E,198,M,-0.038,7
1.075,0.0439,14,E,198,N,0.6255,7
-1.944,-0.3718,6,E,198,P,0.5024,3
-0.2128,-0.01565,12,E,198,Q,0.5626,3
1.33,0.04906,10,E,198,R,-0.1555,8
-0.7161,-0.06845,10,E,198,S,0.209,6
1.684,0.05437,11,E,198,T,-0.1801,5
-2.527,-0.6763,7,E,198,V,-0.2815,6
-0.3531,-0.02789,15,E,198,W,-0.03115,11
-2.243,-0.5103,12,E,198,Y,0.4052,3
-0.6531,-0.06036,7,P,199,A,-0.3534,4
-1.013,-0.1139,11,P,199,C,0.1588,6
-2.428,-0.6143,7,P,199,D,-0.4614,4
-1.438,-0.2052,6,P,199,E,-0.1061,5
2.252,0.05979,7,P,199,F,0.00073,6
0.8651,0.03856,3,P,199,G,-0.1895,1
1.756,0.05524,11,P,199,H,0.2973,7
-0.6733,-0.0629,16,P,199,I,0.1767,7
0.04519,0.002925,7,P,199,K,0.3456,5
-1.004,-0.1122,9,P,199,L,0.005283,5
-0.696,-0.06581,10,P,199,M,-0.5422,5
-0.8803,-0.09197,11,P,199,N,-0.1364,5
0,0,,P,199,P,0,
1.119,0.04489,5,P,199,Q,-0.02606,5
2.147,0.05901,6,P,199,R,0.5146,3
0.01355,0.0008914,13,P,199,S,-0.05866,6
-0.08751,-0.006045,12,P,199,T,0.09029,8
2.314,0.06022,9,P,199,V,0.3327,5
0.1215,0.007581,10,P,199,W,-0.1558,8
-0.06448,-0.004403,9,P,199,Y,0.2787,4
2.006,0.05782,5,L,200,A,0.7878,2
-0.7815,-0.07738,12,L,200,C,0.135,6
-0.9369,-0.101,8,L,200,D,0.3734,5
1.28,0.04816,5,L,200,E,0.3059,4
0.1732,0.01054,2,L,200,F,-0.5095,1
-1.895,-0.3523,9,L,200,G,-0.4069,6
1.286,0.04827,5,L,200,H,0.6119,4
-0.7183,-0.06875,4,L,200,I,-0.3509,2
0.542,0.02781,4,L,200,K,0.3014,2
0,0,,L,200,L,0,
0.4028,0.02202,10,L,200,M,0.3098,5
1.828,0.05605,5,L,200,N,0.4994,4
-0.0779,-0.005355,27,L,200,P,0.4958,8
0.05965,0.003834,9,L,200,Q,0.3402,5
0.6356,0.03128,7,L,200,R,-0.00442,5
-1.832,-0.3284,11,L,200,S,-0.1811,7
-0.3341,-0.02613,10,L,200,T,0.4921,6
1.129,0.04511,6,L,200,V,0.03561,2
-0.6752,-0.06314,7,L,200,W,0.05071,6
0.1684,0.01027,7,L,200,Y,0.5714,6
0.822,0.03731,14,M,201,A,-0.038,9
2.089,0.05854,8,M,201,C,-0.03509,5
0.9595,0.0411,4,M,201,D,0.0595,4
1.247,0.04753,2,M,201,E,0.3756,1
-0.8741,-0.09102,8,M,201,F,-0.2113,4
-0.6183,-0.0561,8,M,201,G,-0.3108,6
0.1086,0.006816,6,M,201,H,0.1457,4
0.2622,0.0153,24,M,201,I,0.2351,7
-0.3256,-0.02536,9,M,201,K,0.2044,4
-1.15,-0.1394,9,M,201,L,0.05679,6
0,0,,M,201,M,0,
-2.57,-0.705,6,M,201,N,0.08423,3
-0.06321,-0.004314,11,M,201,P,-0.1819,7
-0.6218,-0.05652,9,M,201,Q,-0.1172,6
-0.5731,-0.05076,13,M,201,R,0.6896,9
0.4431,0.02378,17,M,201,S,0.4202,11
0.3066,0.01752,10,M,201,T,0.3978,7
0.06873,0.004399,18,M,201,V,-0.3688,11
-0.4076,-0.03311,9,M,201,W,0.3664,5
3.477,0.06481,6,M,201,Y,0.2635,4
-1.399,-0.1953,1,T,202,-,,
0.2794,0.01617,11,T,202,A,-0.1675,3
1.653,0.05398,9,T,202,C,0.07143,7
-1.222,-0.1543,8,T,202,D,-0.336,7
-0.5633,-0.04964,9,T,202,E,-0.2286,5
0.8434,0.03794,6,T,202,F,0.429,5
-2.462,-0.6351,3,T,202,G,-0.6882,3
1.125,0.04501,7,T,202,H,0.1437,5
1.477,0.0515,8,T,202,I,0.1966,4
-2.525,-0.6754,4,T,202,K,-0.4518,1
0.3102,0.0177,4,T,202,L,-0.1427,3
-0.5101,-0.04371,19,T,202,M,-0.04952,4
0.3463,0.01943,9,T,202,N,0.3189,5
-0.4921,-0.04177,12,T,202,P,0.0994,7
-0.3754,-0.03,4,T,202,Q,-0.5233,1
-0.2291,-0.01699,8,T,202,R,-0.4009,4
-1.614,-0.255,14,T,202,S,-0.03792,7
0,0,,T,202,T,0,
1.389,0.05008,9,T,202,V,-0.1244,5
0.9575,0.04105,7,T,202,W,0.1071,6
0.4733,0.02505,7,T,202,Y,-0.04115,4
-1.171,-0.1438,1,H,203,-,,
-0.1356,-0.00959,10,H,203,A,-0.2657,5
-2.178,-0.4768,8,H,203,C,-0.3553,6
1.756,0.05524,11,H,203,D,0.2462,5
-1.68,-0.2756,10,H,203,E,-0.2041,8
-0.8159,-0.0823,8,H,203,F,-0.1647,7
-0.1117,-0.007806,9,H,203,G,-0.26,9
0,0,,H,203,H,0,
1.185,0.0463,8,H,203,I,-0.2793,4
1.33,0.04906,6,H,203,K,0.4706,5
-1.961,-0.3786,8,H,203,L,-0.2529,4
0.3626,0.02019,8,H,203,M,-0.1134,6
0.6356,0.03128,8,H,203,N,0.2751,6
-0.8143,-0.08207,8,H,203,P,0.2541,4
-0.1266,-0.008914,8,H,203,Q,-0.2324,5
-2.23,-0.5032,7,H,203,R,-0.4379,3
-0.5075,-0.04343,15,H,203,S,-0.1032,9
-0.02761,-0.001851,6,H,203,T,0.2612,3
1.031,0.04287,8,H,203,V,-0.1736,4
-1.835,-0.3292,20,H,203,W,-0.05398,14
-2.212,-0.4941,9,H,203,Y,-0.2537,3
-8.704,-5.938,25,W,204,*,-6,6
-0.2325,-0.01727,2,W,204,-,,
0.1201,0.007496,7,W,204,A,-0.1563,2
-2.134,-0.4556,9,W,204,C,0.4069,4
-1.694,-0.2803,14,W,204,D,-0.3316,8
-0.7961,-0.07946,14,W,204,E,-0.4225,9
-0.1357,-0.0096,9,W,204,F,-0.2145,6
-2.205,-0.4906,8,W,204,G,-0.8514,2
0.9518,0.0409,7,W,204,H,0.1804,4
1.233,0.04724,5,W,204,I,0.2947,4
-2.431,-0.6162,4,W,204,K,-0.406,3
-1.908,-0.3571,13,W,204,L,-0.545,9
0.9938,0.04196,9,W,204,M,-0.1312,5
-1.083,-0.1266,8,W,204,N,-0.1834,5
-2.792,-0.8673,6,W,204,P,-2.206,2
-3.087,-1.125,6,W,204,Q,-0.3587,3
-2.314,-0.5485,13,W,204,R,-0.5031,6
-1.126,-0.1348,12,W,204,S,0.136,8
-1.225,-0.155,14,W,204,T,-0.1282,10
0.3664,0.02037,6,W,204,V,0.05082,3
0,0,,W,204,W,0,
1.434,0.05082,13,W,204,Y,0.3945,10
-6.984,-5.558,3,E,205,*,,
-1.232,-0.1565,2,E,205,-,,
-0.5002,-0.04264,12,E,205,A,-0.2818,8
-0.3456,-0.02719,8,E,205,C,-0.5727,5
-0.8105,-0.08153,5,E,205,D,0.06587,2
0,0,,E,205,E,0,
0.2072,0.01241,9,E,205,F,0.02678,7
-0.3748,-0.02994,19,E,205,G,-0.6966,4
-0.9706,-0.1066,4,E,205,H,-2.584,2
-0.4092,-0.03327,5,E,205,I,-0.5341,2
1.909,0.05689,15,E,205,K,-0.101,6
-0.9346,-0.1006,5,E,205,L,0.1916,4
-0.3307,-0.02582,5,E,205,M,-0.1846,3
1.208,0.04676,13,E,205,N,-0.06287,12
-1.507,-0.2239,16,E,205,P,0.02834,12
-1.849,-0.3346,7,E,205,Q,-0.2741,6
-1.111,-0.1319,8,E,205,R,-0.02715,6
-0.1681,-0.01208,9,E,205,S,-0.2098,6
0.6847,0.03298,10,E,205,T,-0.0294,5
0.3146,0.01792,10,E,205,V,0.0638,8
-0.3201,-0.02486,12,E,205,W,-0.4085,8
-0.3311,-0.02586,8,E,205,Y,-0.2673,5
1.466,0.05132,2,P,206,-,,
0.4234,0.02292,9,P,206,A,-0.0553,6
-0.8875,-0.09309,5,P,206,C,-0.08275,3
0.7343,0.03461,11,P,206,D,0.4101,8
-0.3308,-0.02583,10,P,206,E,0.3381,5
0.4092,0.0223,7,P,206,F,-0.01685,6
-1.085,-0.1268,8,P,206,G,-0.1338,4
1.677,0.05428,8,P,206,H,0.5919,5
-0.2053,-0.01504,6,P,206,I,-0.01213,5
-0.6606,-0.06129,13,P,206,K,0.2208,9
0.16,0.009801,10,P,206,L,0.2471,5
0.03871,0.002513,8,P,206,M,0.1617,7
1.083,0.04409,10,P,206,N,-0.1151,8
0,0,,P,206,P,0,
-0.2102,-0.01544,13,P,206,Q,0.06091,9
0.05164,0.003333,12,P,206,R,0.4618,7
0.2386,0.01408,14,P,206,S,-0.4692,4
-0.5791,-0.05146,11,P,206,T,-0.3084,6
-0.7965,-0.07952,12,P,206,V,0.3645,5
0.3264,0.01848,6,P,206,W,0.04525,4
-0.2623,-0.01978,15,P,206,Y,0.0921,8
-14.43,-6.027,1,Q,207,*,-6,1
-1.261,-0.1628,1,Q,207,-,,
-1.383,-0.1913,8,Q,207,A,-0.3546,5
-0.9257,-0.09916,13,Q,207,C,-0.4317,11
-1.888,-0.3496,8,Q,207,D,-0.3322,8
0.1697,0.01035,12,Q,207,E,0.2283,8
-0.2452,-0.01833,14,Q,207,F,-0.4028,9
-1.1,-0.1298,6,Q,207,G,-0.5034,4
-0.566,-0.04995,9,Q,207,H,-0.4242,6
-1.32,-0.1762,13,Q,207,I,-0.09937,10
1.285,0.04824,10,Q,207,K,0.304,7
-1.736,-0.2941,9,Q,207,L,0.2852,7
-1.45,-0.2085,8,Q,207,M,-0.1561,6
-0.7847,-0.07784,9,Q,207,N,-0.1498,6
-1.312,-0.1744,7,Q,207,P,-0.01739,6
0,0,,Q,207,Q,0,
0.6836,0.03295,23,Q,207,R,0.3202,8
-2.606,-0.7298,10,Q,207,S,-0.8596,6
-0.05629,-0.003829,9,Q,207,T,0.04815,6
1.968,0.05746,5,Q,207,V,0.3404,2
-1.272,-0.1652,9,Q,207,W,-0.4267,7
-0.122,-0.008575,14,Q,207,Y,-0.2993,9
-1.309,-0.1736,9,V,208,A,0.19,4
-2.033,-0.4095,14,V,208,C,-0.5061,8
0.4253,0.02301,9,V,208,D,0.0027,6
-0.6207,-0.05639,11,V,208,E,0.2105,5
-0.5146,-0.04421,12,V,208,F,0.06328,9
2.197,0.05939,7,V,208,G,0.2084,5
-0.09119,-0.00631,5,V,208,H,0.02196,3
0.6825,0.03291,6,V,208,I,0.1615,6
1.902,0.05682,6,V,208,K,0.6573,5
-0.2897,-0.02216,9,V,208,L,0.3049,3
-0.1632,-0.0117,16,V,208,M,0.05164,10
1.436,0.05085,6,V,208,N,0.1483,2
2.362,0.06054,6,V,208,P,0.1444,3
1.672,0.05422,7,V,208,Q,-0.1046,5
1.882,0.05662,5,V,208,R,0.3484,4
1.307,0.04866,14,V,208,S,0.4506,9
1.755,0.05523,11,V,208,T,-0.2501,7
0,0,,V,208,V,0,
1.584,0.05306,7,V,208,W,0.2205,5
0.09709,0.006128,10,V,208,Y,0.7403,5
0.639,0.03141,6,P,209,A,0.007551,5
0.8605,0.03843,10,P,209,C,-0.3691,3
-0.1514,-0.01079,12,P,209,D,0.3319,6
-0.8758,-0.09128,11,P,209,E,-0.4462,7
0.4596,0.02448,6,P,209,F,0.1768,5
0.6364,0.03131,7,P,209,G,0.06905,6
-0.847,-0.0869,12,P,209,H,-0.2486,8
-0.5388,-0.04688,11,P,209,I,-0.1667,8
0.5624,0.0286,8,P,209,K,0.06942,6
-0.7412,-0.07181,12,P,209,L,0.04715,7
1.192,0.04643,6,P,209,M,0.2403,5
0.6135,0.03049,8,P,209,N,0.002975,5
0,0,,P,209,P,0,
-0.6065,-0.05469,6,P,209,Q,-0.2661,3
-1.143,-0.1381,12,P,209,R,-0.1667,6
-0.3139,-0.0243,27,P,209,S,-0.007091,7
-0.3552,-0.02809,10,P,209,T,0.01529,7
0.1676,0.01023,6,P,209,V,-0.6034,3
-1.475,-0.2152,13,P,209,W,0.034,7
0.004927,0.0003255,14,P,209,Y,-0.6448,7
-0.9912,-0.1101,7,L,210,A,0.524,5
-2.187,-0.4816,5,L,210,C,-0.0947,2
1.891,0.05671,10,L,210,D,-0.0821,3
-0.05945,-0.00405,12,L,210,E,0.4858,6
1.415,0.05051,13,L,210,F,-0.07215,10
0.748,0.03505,7,L,210,G,1.032,2
-1.872,-0.3434,14,L,210,H,-0.2419,12
-0.583,-0.05191,11,L,210,I,-0.04624,9
0.04658,0.003013,10,L,210,K,0.1074,7
0,0,,L,210,L,0,
-0.1048,-0.007298,9,L,210,M,0.4451,2
0.6101,0.03037,12,L,210,N,-0.2117,7
-0.6129,-0.05544,13,L,210,P,-0.07572,3
2.04,0.05812,5,L,210,Q,-0.5188,3
-0.9754,-0.1074,10,L,210,R,0.2393,7
-0.4113,-0.03348,14,L,210,S,0.1663,9
-1.444,-0.2068,8,L,210,T,-0.1745,2
-0.2151,-0.01583,9,L,210,V,0.1293,7
0.7077,0.03375,1,L,210,W,0.344,1
-0.6062,-0.05465,13,L,210,Y,0.4455,5
-0.986,-0.1092,7,P,211,A,-0.01261,5
-1.613,-0.2546,5,P,211,C,-0.6929,4
-0.5168,-0.04444,14,P,211,D,-0.2236,7
-0.9574,-0.1044,6,P,211,E,-0.3517,3
0.775,0.0359,11,P,211,F,-0.02482,5
-0.3045,-0.02346,7,P,211,G,0.5417,5
-0.4321,-0.03555,12,P,211,H,-0.6318,5
1.178,0.04614,6,P,211,I,-0.7252,3
-0.5663,-0.04998,5,P,211,K,0.693,3
2.831,0.06292,10,P,211,L,0.127,4
1.671,0.05421,15,P,211,M,0.2808,12
0.213,0.01272,9,P,211,N,-0.1431,4
0,0,,P,211,P,0,
-1.453,-0.2093,8,P,211,Q,-0.19,3
-0.2367,-0.01762,17,P,211,R,0.2218,12
-1.711,-0.2858,22,P,211,S,-0.0016,10
-2.031,-0.4087,11,P,211,T,-0.4492,7
1.704,0.05461,13,P,211,V,-0.1801,7
1.233,0.04724,12,P,211,W,0.2337,10
0.02347,0.001535,10,P,211,Y,0.139,5
-0.8011,-0.08018,15,V,212,A,-0.1411,9
-2.237,-0.507,11,V,212,C,-0.7631,7
0.009528,0.0006277,9,V,212,D,-0.2079,5
0.0004522,2.979e-05,7,V,212,E,-0.3367,4
-0.06686,-0.004571,5,V,212,F,-0.01679,4
0.7393,0.03477,11,V,212,G,0.044,6
-0.4437,-0.03672,8,V,212,H,0.3093,5
0.6754,0.03267,8,V,212,I,0.1177,4
-0.6088,-0.05496,7,V,212,K,0.2099,4
-2.173,-0.4743,9,V,212,L,-0.1568,5
0.005701,0.0003767,23,V,212,M,0.1162,8
-0.09568,-0.006635,8,V,212,N,-0.05262,4
0.9542,0.04096,8,V,212,P,-0.1704,7
1.803,0.05578,6,V,212,Q,0.08279,4
1.493,0.05174,8,V,212,R,0.2413,8
0.9377,0.04053,11,V,212,S,0.1777,9
-1.874,-0.3442,6,V,212,T,-0.3842,5
0,0,,V,212,V,0,
0.9644,0.04122,4,V,212,W,-0.04502,3
-2.142,-0.4593,9,V,212,Y,0.21,5
0.7617,0.03548,10,S,213,A,-0.1409,6
-2.905,-0.9604,4,S,213,C,-0.935,2
0.04531,0.002933,4,S,213,D,-0.8835,2
-1.889,-0.3497,3,S,213,E,0.3926,1
-0.8097,-0.08141,11,S,213,F,-0.2199,6
0.08687,0.005511,7,S,213,G,0.03349,5
1.706,0.05464,16,S,213,H,0.2745,11
-1.231,-0.1562,13,S,213,I,-0.3669,8
1.206,0.04671,17,S,213,K,0.08057,12
0.475,0.02512,13,S,213,L,-0.3608,8
-0.4027,-0.03263,5,S,213,M,0.1971,3
0.1303,0.008094,12,S,213,N,0.1668,9
-1.496,-0.2209,12,S,213,P,-0.1462,7
-0.4236,-0.03469,15,S,213,Q,0.4111,9
0.3079,0.01759,8,S,213,R,-0.1738,6
0,0,,S,213,S,0,
-0.2569,-0.01932,13,S,213,T,-0.4453,9
0.4922,0.02583,13,S,213,V,0.109,8
0.8431,0.03793,9,S,213,W,-0.2508,5
-2.029,-0.4076,7,S,213,Y,-0.1308,7
-9.289,-5.977,3,E,214,*,,
-0.2448,-0.0183,6,E,214,A,0.0608,6
-1.916,-0.3606,10,E,214,C,-0.3087,8
-0.9327,-0.1003,10,E,214,D,0.04382,2
0,0,,E,214,E,0,
-1.196,-0.1489,15,E,214,F,-0.006821,8
0.1561,0.009579,24,E,214,G,-0.2639,12
0.4456,0.02388,10,E,214,H,0.04089,3
-2.431,-0.6161,16,E,214,I,-0.6226,12
-0.08314,-0.00573,26,E,214,K,-0.1003,10
-2.389,-0.5907,5,E,214,L,-0.3257,4
-1.269,-0.1646,11,E,214,M,-0.273,6
3.089,0.06382,6,E,214,N,0.2477,2
-0.0768,-0.005277,12,E,214,P,-0.279,7
0.08288,0.005267,12,E,214,Q,0.2076,9
0.2805,0.01623,12,E,214,R,0.1426,10
-0.2639,-0.01992,15,E,214,S,-0.2898,8
1.21,0.04679,6,E,214,T,0.2199,5
-2.273,-0.5259,7,E,214,V,-0.658,5
-2.008,-0.3982,8,E,214,W,-0.2845,6
0.4621,0.02458,9,E,214,Y,-0.136,6
-2.665,-0.771,8,S,215,A,-0.4368,4
-1.985,-0.3887,14,S,215,C,-0.275,10
-0.3178,-0.02465,7,S,215,D,0.2029,4
-0.2306,-0.01711,9,S,215,E,0.5223,4
1.563,0.05277,7,S,215,F,0.0794,4
0.6112,0.03041,15,S,215,G,-0.2299,8
3.174,0.06407,7,S,215,H,1.011,4
-1.085,-0.1269,15,S,215,I,0.01107,9
-1.068,-0.1237,6,S,215,K,-0.1534,6
-1.135,-0.1365,15,S,215,L,0.1845,12
-1.746,-0.2976,11,S,215,M,-0.07459,9
-0.265,-0.02001,30,S,215,N,-0.1419,11
0.05906,0.003797,12,S,215,P,0.2084,8
0.5171,0.02683,6,S,215,Q,0.1118,5
0.1217,0.00759,8,S,215,R,0.4966,4
0,0,,S,215,S,0,
-2.251,-0.514,11,S,215,T,-0.06174,8
0.4493,0.02404,9,S,215,V,0.00525,6
-0.6578,-0.06095,6,S,215,W,0.09013,4
1.179,0.04616,11,S,215,Y,0.2156,5
0.3928,0.02157,10,T,216,A,0.3942,4
-2.531,-0.6789,10,T,216,C,-0.6331,6
-0.5278,-0.04565,7,T,216,D,0.08474,5
-1.817,-0.3229,10,T,216,E,0.04646,9
-1.521,-0.2277,10,T,216,F,-0.6262,7
0.2552,0.01494,8,T,216,G,-0.09674,7
0.1983,0.01193,10,T,216,H,0.5755,7
1.716,0.05477,12,T,216,I,0.1037,7
0.5469,0.028,1,T,216,K,0.2295,1
-2.139,-0.4581,7,T,216,L,-0.1383,5
-1.364,-0.1867,11,T,216,M,0.02095,8
1.577,0.05295,6,T,216,N,0.4312,4
0.908,0.03974,10,T,216,P,-0.5043,5
0.3718,0.02061,12,T,216,Q,0.0114,6
-0.3741,-0.02987,12,T,216,R,0.01243,7
-1.052,-0.1208,9,T,216,S,0.07091,3
0,0,,T,216,T,0,
-0.791,-0.07873,5,T,216,V,0.2282,3
-0.2462,-0.01841,16,T,216,W,0.02585,11
0.6838,0.03295,10,T,216,Y,0.438,4
-8.943,-5.957,3,E,217,*,,
1.082,0.04406,11,E,217,A,0.2924,8
-1.047,-0.1199,11,E,217,C,0.005442,5
-0.2303,-0.01709,6,E,217,D,0.4453,2
0,0,,E,217,E,0,
-0.1646,-0.01182,13,E,217,F,-0.1993,6
-0.2367,-0.01762,12,E,217,G,0.3787,8
0.317,0.01803,8,E,217,H,0.04776,4
2.145,0.05899,5,E,217,I,0.5444,2
-0.1249,-0.008788,24,E,217,K,0.04342,9
0.8566,0.03831,7,E,217,L,0.2024,3
-1.39,-0.1932,9,E,217,M,0.3241,5
0.8264,0.03744,10,E,217,N,-0.1804,7
-0.05277,-0.003583,11,E,217,P,0.403,5
1.135,0.04524,11,E,217,Q,-0.2735,6
1.924,0.05704,7,E,217,R,0.2077,4
0.9375,0.04053,5,E,217,S,0.181,4
0.361,0.02012,10,E,217,T,0.2293,5
1.561,0.05273,12,E,217,V,0.2723,7
0.02331,0.001526,12,E,217,W,0.1113,7
1.088,0.0442,12,E,217,Y,0.178,9
-0.7913,-0.07877,2,T,218,A,,
-1.247,-0.1598,10,T,218,I,-0.4193,1
1.211,0.04681,3,T,218,N,,
-1.152,-0.14,1,T,218,P,,
0,0,,T,218,T,0,
0,0,,L,219,L,0,
0.3741,0.02072,3,L,219,M,,
0.08681,0.005507,5,L,219,P,,
0.899,0.0395,1,V,220,A,0.5047,1
0.7361,0.03467,1,V,220,F,,
-0.9162,-0.09762,7,V,220,I,,
0,0,,V,220,V,0,
0,0,,C,221,C,0,
1.714,0.05474,5,C,221,F,0.7803,1
0.04962,0.003205,1,C,221,G,,
-0.4489,-0.03726,5,C,221,S,0.5856,1
-0.2088,-0.01532,19,C,221,Y,0.01415,4
0,0,,A,222,A,0,
-0.2214,-0.01636,2,A,222,S,-0.4542,1
0.6917,0.03322,4,A,222,T,,
-1.73,-0.2921,2,A,222,V,,
0,0,,L,223,L,0,
-1.627,-0.2588,6,L,223,M,,
-0.4517,-0.03755,21,L,223,P,0.1265,3
0.08426,0.005352,1,L,223,Q,-0.56,1
-1.094,-0.1287,1,L,223,R,,
-0.2992,-0.02299,1,G,224,-,,
-0.843,-0.0863,1,G,224,A,,
2.08,0.05846,1,G,224,C,,
-2.605,-0.7287,10,G,224,D,-0.9823,1
0,0,,G,224,G,0,
0.9946,0.04198,5,G,224,S,0.2778,2
-2.119,-0.4483,1,G,224,V,,
-0.5109,-0.0438,1,L,225,-,,
0.05089,0.003285,4,L,225,F,,
0.3941,0.02163,4,L,225,H,,
0.6366,0.03132,2,L,225,I,,
0,0,,L,225,L,0,
-0.1013,-0.007044,5,L,225,P,,
-4.325,-2.714,1,L,225,R,,
-0.2071,-0.01519,1,A,226,-,,
0,0,,A,226,A,0,
0.5881,0.02956,3,A,226,S,,
0.7966,0.03655,15,A,226,T,1.66,1
1.055,0.04345,15,A,226,V,-0.4191,1
-1.053,-0.121,1,V,227,-,,
-0.5132,-0.04404,3,V,227,E,-1.421,2
-1.954,-0.3756,2,V,227,L,,
-1.255,-0.1615,11,V,227,M,,
0,0,,V,227,V,0,
1.064,0.04365,2,G,228,C,,
-2.067,-0.4246,27,G,228,D,-0.4157,4
0,0,,G,228,G,0,
-0.6511,-0.06011,10,G,228,S,0.4206,2
-1.665,-0.2708,4,G,228,V,,
-1.058,-0.122,1,I,229,-,,
0,0,,I,229,I,0,
-4.373,-2.785,1,I,229,L,,
-0.1426,-0.01013,1,I,229,N,,
-0.5692,-0.05032,1,I,229,T,,
-1.271,-0.165,3,I,229,V,,
-0.4503,-0.0374,1,V,230,-,,
-0.9032,-0.09556,2,V,230,A,-1.157,1
2.318,0.06024,1,V,230,E,,
2.233,0.05966,3,V,230,L,,
0.3971,0.02176,14,V,230,M,0.06478,3
0,0,,V,230,V,0,
-0.3942,-0.0318,2,G,231,-,,
-0.9498,-0.1031,35,G,231,E,-0.1927,6
0,0,,G,231,G,0,
3.543,0.06495,1,G,231,K,,
-7.8,-5.811,13,G,231,R,-6,1
0.6352,0.03127,1,G,231,V,,
-1.256,-0.1616,2,G,231,W,,
0.7685,0.0357,1,I,232,-,,
0,0,,I,232,I,0,
0.6387,0.03139,1,I,232,M,,
-2.454,-0.6302,3,I,232,N,-0.4346,2
-0.8612,-0.08905,2,I,232,T,,
1.371,0.04977,2,I,232,V,1.032,1
0.1441,0.008895,1,V,233,-,,
-0.7131,-0.06805,3,V,233,E,-1.77,1
0.8955,0.0394,4,V,233,L,-3.064,2
-0.462,-0.0386,12,V,233,M,0.2968,1
0,0,,V,233,V,0,
-2.999,-1.043,3,V,234,-,,
0.554,0.02828,4,V,234,A,-0.007863,1
-2.506,-0.6627,4,V,234,D,,
-1.299,-0.1713,1,V,234,G,,
-1.733,-0.2931,7,V,234,I,,
-2.991,-1.036,1,V,234,L,,
0,0,,V,234,V,0,
-0.1892,-0.01375,1,G,235,C,,
-1.55,-0.2358,15,G,235,D,-0.3495,5
0,0,,G,235,G,0,
-1.275,-0.1659,5,G,235,S,-0.3665,2
1.883,0.05663,1,G,235,V,,
1.055,0.04344,3,T,236,A,,
1.262,0.04782,4,T,236,I,,
-0.3903,-0.03143,2,T,236,N,,
0.943,0.04067,1,T,236,P,,
0,0,,T,236,T,0,
-0.5731,-0.05077,1,I,237,F,,
0,0,,I,237,I,0,
-1.145,-0.1385,2,I,237,L,,
-0.669,-0.06236,1,I,237,V,,
0,0,,L,238,L,0,
-0.3127,-0.02419,8,L,238,M,-0.1801,2
-0.0036,-0.0002379,14,L,238,P,-0.9082,3
-3.063,-1.102,2,L,238,Q,,
0.3633,0.02022,1,L,238,R,,
-2.072,-0.4266,1,I,239,-,,
0,0,,I,239,I,0,
-1.175,-0.1446,5,I,239,N,0.04093,1
-0.7538,-0.07353,1,I,239,T,,
0.5931,0.02975,1,I,239,V,0.2499,1
-0.9377,-0.1011,1,I,240,F,,
0,0,,I,240,I,0,
-1.404,-0.1965,1,I,240,L,,
2.591,0.06183,2,I,240,N,,
0.05405,0.003484,4,I,240,T,,
-1.188,-0.1472,8,I,240,V,,
-2.163,-0.4696,1,K,241,*,,
2.02,0.05794,4,K,241,E,,
0,0,,K,241,K,0,
-0.7184,-0.06876,3,K,241,N,,
2.288,0.06004,3,K,241,R,0.7123,1
2.559,0.06167,1,K,241,T,,
-0.6372,-0.05839,1,A,242,-,,
0,0,,A,242,A,0,
-0.05964,-0.004063,1,A,242,D,,
-3.486,-1.554,2,A,242,S,,
0.03006,0.00196,7,A,242,T,-0.04718,1
1.65,0.05394,5,A,242,V,-0.2156,1
0.1479,0.009111,1,M,243,-,,
-0.3468,-0.0273,35,M,243,I,-0.08655,3
-1.701,-0.2824,2,M,243,L,,
0,0,,M,243,M,0,
-3.47,-1.535,3,M,243,T,-0.2736,1
-0.9881,-0.1095,4,M,243,V,,
-9.062,-5.964,2,K,244,*,,
-0.1857,-0.01347,1,K,244,-,,
0.635,0.03126,3,K,244,E,0.1792,1
0.686,0.03303,1,K,244,G,,
0,0,,K,244,K,0,
1.713,0.05473,4,K,244,M,0.7284,1
0.3535,0.01977,2,K,244,R,,
-0.4299,-0.03533,1,M,245,-,,
-0.1372,-0.009714,30,M,245,I,-0.02615,4
-0.6831,-0.06416,3,M,245,K,,
0,0,,M,245,M,0,
-0.08048,-0.005539,1,N,246,-,,
0.176,0.0107,6,N,246,D,-0.754,1
-2.28,-0.5297,1,N,246,H,,
0,0,,N,246,N,0,
-1.054,-0.1211,7,N,246,S,,
-2.401,-0.5978,2,N,246,T,-0.7017,1
0.04673,0.003023,1,N,247,-,,
0.1623,0.009931,1,N,247,D,,
-0.1323,-0.009345,1,N,247,H,,
0.76,0.03543,1,N,247,I,,
0.2079,0.01245,4,N,247,K,0.3222,1
0,0,,N,247,N,0,
0.5472,0.02802,1,N,247,S,,
-0.8234,-0.08341,1,N,247,Y,,
0,0,,A,248,A,0,
-0.5545,-0.04864,2,A,248,D,,
1.19,0.04639,1,A,248,P,0.8981,1
0.4633,0.02463,2,A,248,S,,
0.3533,0.01976,9,A,248,T,-0.6895,1
2.707,0.06239,4,A,248,V,,
-5.084,-3.844,1,R,249,*,,
-1.341,-0.1812,12,R,249,G,-1.181,1
-3.138,-1.175,3,R,249,I,,
-0.6658,-0.06196,13,R,249,K,,
0,0,,R,249,R,0,
-0.661,-0.06134,2,R,249,S,-0.3605,1
-0.1108,-0.007739,2,N,250,D,,
-0.5999,-0.0539,1,N,250,G,,
0.5257,0.02717,2,N,250,H,,
0.3656,0.02033,1,N,250,K,,
0,0,,N,250,N,0,
-14,-6.027,1,Q,251,*,-6,1
-2.736,-0.824,4,Q,251,P,,
0,0,,Q,251,Q,0,
2.611,0.06194,4,Q,251,R,1.131,1
-6.333,-5.187,1,R,252,*,,
-0.2065,-0.01514,4,R,252,G,-6,1
-3.568,-1.654,3,R,252,K,-3.41,2
0,0,,R,252,R,0,
1.601,0.05329,2,G,253,C,2.078,1
-2.91,-0.9643,4,G,253,D,-2.543,1
0,0,,G,253,G,0,
0.377,0.02085,1,G,253,R,,
0.8208,0.03728,10,G,253,S,0.4726,1
0.7103,0.03384,1,G,253,V,,
-0.2252,-0.01666,5,L,254,-,,
0,0,,L,254,L,0,
-2.161,-0.4687,1,L,254,P,,
-0.7321,-0.07059,5,L,255,-,,
0,0,,L,255,L,0,
1.455,0.05116,1,L,255,M,,
-1.149,-0.1393,5,L,255,P,,
-8.658,-5.933,5,G,256,*,-6,1
-0.596,-0.05344,5,G,256,-,,
-3.531,-1.609,32,G,256,E,-1.599,4
0,0,,G,256,G,0,
1.529,0.05227,24,G,256,R,0.6143,5
0.851,0.03815,3,G,256,V,,
-1.195,-0.1486,5,S,257,-,,
-1.534,-0.2315,1,S,257,C,,
-1.935,-0.3679,3,S,257,G,,
-0.1101,-0.007689,6,S,257,N,,
1.755,0.05523,2,S,257,R,0.7882,1
0,0,,S,257,S,0,
-0.201,-0.01469,4,G,258,-,,
1.24,0.04739,2,G,258,C,,
-3.772,-1.917,11,G,258,D,-2.258,1
0,0,,G,258,G,0,
-1.765,-0.3043,1,G,258,R,,
-1.827,-0.3265,9,G,258,S,-1.007,1
-3.4,-1.454,3,G,258,V,,
0.3547,0.01982,4,E,259,-,,
-1.076,-0.1252,1,E,259,A,,
0.6767,0.03271,3,E,259,D,,
0,0,,E,259,E,0,
-0.2399,-0.01788,4,E,259,K,,
-0.5458,-0.04765,1,E,259,V,,
-0.4248,-0.03482,5,G,260,-,,
-5.4,-4.265,6,G,260,C,-4.666,1
-0.2316,-0.01719,8,G,260,D,-0.6262,1
0,0,,G,260,G,0,
-3.394,-1.448,3,G,260,S,-1.905,1
-0.9008,-0.09517,5,R,261,-,,
-2.281,-0.5303,7,R,261,L,,
-3.821,-1.982,13,R,261,P,-2.423,5
-2.605,-0.7285,6,R,261,Q,,
0,0,,R,261,R,0,
-0.3128,-0.0242,3,R,261,W,,
-0.1854,-0.01345,5,G,262,-,,
-5.733,-4.651,2,G,262,C,,
-3.244,-1.283,25,G,262,D,-1.761,6
0,0,,G,262,G,0,
-3.328,-1.373,2,G,262,S,-1.572,1
-4.299,-2.674,1,G,262,V,,
-0.1435,-0.01019,5,S,263,-,,
1.605,0.05334,2,S,263,G,,
-3.102,-1.14,1,S,263,I,,
-0.9064,-0.09606,9,S,263,N,,
-1.036,-0.1179,2,S,263,R,,
0,0,,S,263,S,0,
-0.3544,-0.02801,1,L,264,-,,
0,0,,L,264,L,0,
-0.1524,-0.01087,3,L,264,M,-6,1
-1.679,-0.2753,5,L,264,P,-0.787,1
-2.086,-0.4331,4,L,264,Q,-1.005,1
-0.2858,-0.02181,2,L,264,R,,
-0.4887,-0.04141,1,L,265,-,,
0,0,,L,265,L,0,
0.5682,0.02882,1,L,265,M,,
-0.2454,-0.01835,1,L,265,P,,
0.9254,0.04021,2,L,265,Q,,
-1.792,-0.3135,1,L,265,V,,
-1.775,-0.3077,2,T,266,-,,
-1.519,-0.2272,3,T,266,A,,
-3.572,-1.658,3,T,266,I,,
-1.46,-0.211,2,T,266,N,,
-3.192,-1.229,1,T,266,S,,
0,0,,T,266,T,0,
-10.91,-6.017,2,C,267,*,-6,1
-1.271,-0.1651,2,C,267,-,,
0,0,,C,267,C,0,
-3.473,-1.539,2,C,267,F,,
-2.825,-0.8942,7,C,267,R,-1.686,2
-1.71,-0.2855,2,C,267,S,-0.8378,1
-3.204,-1.241,11,C,267,Y,-2.08,2
-1.587,-0.2468,2,G,268,-,,
-3.801,-1.956,8,G,268,D,-2.295,1
0,0,,G,268,G,0,
-2.827,-0.8955,1,G,268,R,,
-2.297,-0.5391,5,G,268,S,,
-0.2946,-0.02258,1,G,268,V,,
-0.7249,-0.06963,1,D,269,-,,
0,0,,D,269,D,0,
-3.275,-1.316,6,D,269,E,-1.324,1
-1.193,-0.1483,5,D,269,G,-5.678,1
-0.4241,-0.03475,1,D,269,H,,
-2.722,-0.8131,23,D,269,N,-1.49,4
-0.2015,-0.01474,1,V,270,-,,
-1.637,-0.262,1,V,270,E,,
-3.248,-1.288,3,V,270,L,,
-2.846,-0.9107,7,V,270,M,-2.29,2
0,0,,V,270,V,0,
-6.787,-5.465,1,E,271,*,,
-3.178,-1.215,1,E,271,A,,
0,0,,E,271,E,0,
-0.08161,-0.005621,4,E,271,G,-6,1
-1.332,-0.179,17,E,271,K,-0.5351,2
-1.873,-0.3435,1,E,271,V,,
-3.883,-2.068,1,E,272,D,,
0,0,,E,272,E,0,
-0.9179,-0.09789,3,E,272,G,-0.1936,1
-0.2661,-0.02011,72,E,272,K,0.00555,6
-1.802,-0.3174,2,N,273,D,-0.9122,1
-0.8403,-0.0859,1,N,273,G,,
-1.555,-0.2375,2,N,273,H,,
-4.766,-3.381,1,N,273,K,,
0,0,,N,273,N,0,
-2.805,-0.8781,2,N,273,S,,
1.371,0.04977,1,N,273,T,,
-2.155,-0.4656,2,P,274,L,,
0,0,,P,274,P,0,
-2.321,-0.5519,2,P,274,S,,
-2.187,-0.4812,2,P,274,T,,
-5.6,-4.504,2,G,275,C,,
-4.875,-3.544,4,G,275,D,-3.624,1
0,0,,G,275,G,0,
-3.746,-1.882,4,G,275,S,,
-3.813,-1.971,3,G,275,V,,
-0.1638,-0.01175,2,P,276,H,,
0,0,,P,276,P,0,
-2.734,-0.8221,1,P,276,S,,
-2.425,-0.6127,1,P,276,T,,
-0.2256,-0.0167,12,M,277,I,0.2435,1
-1.431,-0.2034,3,M,277,K,,
0,0,,M,277,M,0,
0.3119,0.01778,1,M,277,T,,
-1.863,-0.34,1,M,277,V,,
-0.247,-0.01848,20,G,278,D,0.0777,2
0,0,,G,278,G,0,
-2.56,-0.6983,12,G,278,S,-0.4855,2
1.827,0.05604,1,S,279,P,,
0,0,,S,279,S,0,
0.2531,0.01483,20,G,280,D,-0.12,4
0,0,,G,280,G,0,
0.6167,0.03061,7,G,280,S,0.161,1
0.7357,0.03466,4,R,281,G,,
-0.08562,-0.005908,8,R,281,K,0.3379,2
0,0,,R,281,R,0,
0,0,,I,282,I,0,
0.8219,0.03731,1,I,282,L,,
-2.867,-0.9281,3,I,282,V,,
0,0,,L,283,L,0,
0.5669,0.02877,4,L,283,M,,
-0.7793,-0.07707,1,L,283,P,,
-0.959,-0.1046,1,L,283,Q,-1.108,1
-2.861,-0.9235,1,L,283,R,-0.7246,1
-0.2741,-0.02079,2,G,284,C,,
0.5082,0.02648,7,G,284,D,0.06396,1
0,0,,G,284,G,0,
0.02084,0.001365,17,G,284,S,-0.1255,3
-1.348,-0.1827,3,G,284,V,,
0,0,,A,285,A,0,
2.244,0.05974,1,A,285,D,,
-0.6206,-0.05638,1,A,285,P,,
-0.02146,-0.001434,8,A,285,S,,
-0.3044,-0.02345,23,A,285,T,-0.968,3
0.3684,0.02046,17,A,285,V,0.5423,1
-1.085,-0.1269,1,G,286,C,,
0.9065,0.0397,4,G,286,D,-1.345,1
0,0,,G,286,G,0,
0.7355,0.03465,8,G,286,S,-0.5312,1
0.1805,0.01094,3,G,286,V,-0.3917,1
0,0,,A,287,A,0,
1.052,0.04338,1,A,287,G,0.64,1
0.7083,0.03377,6,A,287,S,,
0.7072,0.03373,14,A,287,T,-0.1734,2
-0.5708,-0.05049,6,A,287,V,0.2742,1
3.453,0.06476,5,V,288,A,-0.7619,1
0.3157,0.01797,1,V,288,E,,
-1.732,-0.293,2,V,288,G,,
1.083,0.04408,9,V,288,L,-0.3474,1
-0.6926,-0.06538,11,V,288,M,-0.4142,2
0,0,,V,288,V,0,
0.1924,0.01161,2,L,289,-,,
0,0,,L,289,L,0,
-1.211,-0.152,12,L,289,P,,
-0.3783,-0.03027,2,L,289,Q,,
0.05884,0.003784,2,V,290,-,,
-1.385,-0.192,3,V,290,A,-0.2793,1
0.9571,0.04104,9,V,290,F,-0.1976,1
2.078,0.05844,18,V,290,I,0.04917,1
-1.706,-0.2842,2,V,290,L,,
0,0,,V,290,V,0,
-0.5596,-0.04921,1,A,291,-,,
0,0,,A,291,A,0,
-1.385,-0.192,2,A,291,D,,
-1.214,-0.1527,1,A,291,P,,
0.2962,0.01701,5,A,291,S,,
0.08301,0.005275,12,A,291,T,,
0.3711,0.02059,6,A,291,V,,
-1.121,-0.1337,1,L,292,-,,
0,0,,L,292,L,0,
-0.0286,-0.001919,1,L,292,M,,
-2.872,-0.9326,9,L,292,P,-1.129,1
-1.019,-0.1149,1,V,293,-,,
1.008,0.04231,1,V,293,A,,
1.902,0.05682,3,V,293,F,,
0.2607,0.01522,9,V,293,I,0.8162,1
0.6456,0.03164,1,V,293,L,,
0,0,,V,293,V,0,
-0.6096,-0.05505,2,V,294,-,,
-1.608,-0.2532,1,V,294,A,,
-0.4058,-0.03294,2,V,294,L,,
-0.8664,-0.08984,13,V,294,M,-0.4764,1
0,0,,V,294,V,0,
-1.186,-0.1468,3,L,295,-,,
-0.367,-0.0292,5,L,295,F,-0.1694,1
3.821,0.06542,3,L,295,H,,
0,0,,L,295,L,0,
-0.299,-0.02297,3,L,295,P,-0.6996,1
-1.283,-0.1678,3,G,296,-,,
0.9466,0.04076,3,G,296,C,,
0.001084,7.192e-05,13,G,296,D,-1.356,2
0,0,,G,296,G,0,
-1.289,-0.169,2,G,296,R,,
0.09672,0.006106,9,G,296,S,,
-3.503,-1.575,4,G,296,V,-1.675,1
1.07,0.04379,3,A,297,-,,
0,0,,A,297,A,0,
0.9083,0.03975,1,A,297,P,,
-0.7924,-0.07893,5,A,297,S,,
-1.195,-0.1487,1,A,297,T,,
-0.3019,-0.02323,8,A,297,V,0.9364,1
0.1719,0.01047,3,R,298,-,,
0.3267,0.0185,10,R,298,C,0.6659,1
-0.6766,-0.06333,8,R,298,H,0.1468,1
-0.5739,-0.05085,9,R,298,L,,
0.2154,0.01285,4,R,298,P,,
0,0,,R,298,R,0,
0.3984,0.02182,6,R,298,S,0.4281,1
0.6535,0.03191,3,L,299,-,,
0,0,,L,299,L,0,
0.1631,0.009976,7,L,299,M,0.3612,1
-0.128,-0.009022,5,L,299,P,,
-0.1617,-0.01159,4,L,299,Q,-0.1152,2
0.2515,0.01475,1,L,299,R,,
-1.581,-0.2451,2,A,300,-,,
0,0,,A,300,A,0,
-0.5692,-0.05031,1,A,300,D,,
-0.6823,-0.06404,2,A,300,P,,
-0.9219,-0.09855,4,A,300,S,,
-0.1598,-0.01144,13,A,300,T,0.3464,4
0.6127,0.03046,21,A,300,V,-0.1517,2
0.167,0.01019,3,G,301,-,,
0.6489,0.03175,4,G,301,C,,
0.2785,0.01612,5,G,301,D,,
0,0,,G,301,G,0,
0.1848,0.01119,2,G,301,R,,
0.4645,0.02469,12,G,301,S,0.451,2
-0.1892,-0.01375,1,G,301,T,,
-0.03569,-0.002403,2,G,301,V,,
-7.154,-5.626,5,G,302,*,,
-1.726,-0.2908,2,G,302,-,,
0.4152,0.02257,12,G,302,A,0.1291,7
-1.114,-0.1324,10,G,302,C,-0.2342,5
-4.575,-3.093,7,G,302,D,-3.084,6
-3.917,-2.115,8,G,302,E,-2.873,3
-2.273,-0.5259,10,G,302,F,-0.4713,6
0,0,,G,302,G,0,
-4.239,-2.583,12,G,302,H,-2.638,7
-4.784,-3.409,13,G,302,I,-3.555,11
-4.783,-3.408,14,G,302,K,-3.549,8
-3.242,-1.281,8,G,302,L,-0.7931,5
-1.17,-0.1436,11,G,302,M,-1.359,3
-2.282,-0.5308,11,G,302,N,-0.5609,6
-2.591,-0.7195,10,G,302,P,-0.672,6
-2.797,-0.8714,9,G,302,Q,-0.8226,6
-4.875,-3.543,29,G,302,R,-3.644,9
0.2137,0.01276,7,G,302,S,-0.08763,6
0.1285,0.00799,13,G,302,T,-0.2082,10
-3.923,-2.124,17,G,302,V,-2.124,7
-6.494,-5.297,8,G,302,W,-4.667,6
-5.267,-4.094,6,G,302,Y,-4.248,6
-5.599,-4.503,4,E,303,*,,
-1.094,-0.1287,3,E,303,-,,
0.5859,0.02948,15,E,303,A,-0.1492,8
1.606,0.05336,8,E,303,C,0.1556,6
-0.6937,-0.06552,14,E,303,D,-0.3276,6
0,0,,E,303,E,0,
-0.9588,-0.1046,11,E,303,F,0.0129,8
-1.471,-0.2141,11,E,303,G,-0.3084,3
2.432,0.06096,5,E,303,H,-0.1522,3
-1.493,-0.2201,12,E,303,I,0.2234,6
-0.3679,-0.02928,33,E,303,K,-0.3273,8
-0.8722,-0.09073,11,E,303,L,0.06909,11
-0.0523,-0.00355,8,E,303,M,0.2935,3
-0.6595,-0.06116,10,E,303,N,0.151,7
-4.884,-3.557,14,E,303,P,-3.337,9
0.7357,0.03466,11,E,303,Q,0.0003,6
-0.4363,-0.03598,14,E,303,R,0.2623,8
-0.8598,-0.08883,12,E,303,S,0.1124,9
-1.804,-0.3178,15,E,303,T,0.2392,10
-0.1829,-0.01325,8,E,303,V,-0.01333,4
1.234,0.04726,8,E,303,W,-0.02362,3
0.6134,0.03049,15,E,303,Y,0.1729,8
-7.531,-5.747,3,E,304,*,-6,1
-0.6832,-0.06416,3,E,304,-,,
1.009,0.04234,11,E,304,A,0.1538,9
-0.9151,-0.09745,14,E,304,C,0.1708,9
-0.6373,-0.05841,11,E,304,D,0.3853,5
0,0,,E,304,E,0,
2.372,0.0606,14,E,304,F,-0.08235,9
-1.871,-0.3428,8,E,304,G,0.05419,5
-0.7203,-0.06901,13,E,304,H,0.1794,10
-1.206,-0.151,14,E,304,I,-0.002455,7
0.2097,0.01254,31,E,304,K,0.4761,9
-0.1159,-0.008123,9,E,304,L,-0.1076,6
0.3935,0.0216,10,E,304,M,0.282,7
-0.9786,-0.1079,11,E,304,N,0.4404,6
-0.7748,-0.07645,12,E,304,P,0.4443,8
-0.4827,-0.04077,18,E,304,Q,-0.0754,14
-1.294,-0.1702,8,E,304,R,-0.122,7
-0.74,-0.07165,8,E,304,S,0.217,4
-1.828,-0.3266,13,E,304,T,-0.05848,7
0.004304,0.0002844,9,E,304,V,0.009275,2
-2.213,-0.4944,10,E,304,W,-0.2931,9
1.135,0.04523,8,E,304,Y,0.0588,6
-2.133,-0.4551,2,T,305,-,,
0.02479,0.001621,17,T,305,A,0.05174,11
-0.9209,-0.09838,13,T,305,C,0.4396,7
-0.6274,-0.0572,10,T,305,D,0.09684,7
-2.113,-0.4455,7,T,305,E,0.3624,5
-0.2144,-0.01578,15,T,305,F,-0.001447,9
-0.2485,-0.01861,9,T,305,G,0.3601,4
-0.3626,-0.02878,10,T,305,H,-0.2884,6
-0.115,-0.008049,12,T,305,I,-0.2016,7
-1.536,-0.2321,6,T,305,K,-0.1398,6
-1.361,-0.1859,9,T,305,L,0.1138,7
-2.069,-0.4256,6,T,305,M,-0.1579,5
-0.8798,-0.0919,4,T,305,N,-0.215,2
-0.09654,-0.006699,13,T,305,P,-0.8931,3
2.209,0.05948,10,T,305,Q,-0.3162,4
-0.3237,-0.02519,17,T,305,R,0.2035,13
0.006199,0.0004094,11,T,305,S,0.5623,6
0,0,,T,305,T,0,
0.9218,0.04011,9,T,305,V,-0.1082,8
0.2073,0.01241,7,T,305,W,0.06876,6
-0.9879,-0.1095,7,T,305,Y,0.02348,5
-5.103,-3.871,2,K,306,*,,
-2.074,-0.4278,2,K,306,-,,
-0.2898,-0.02216,6,K,306,A,-0.03855,4
0.02002,0.001312,9,K,306,C,0.04719,6
1.436,0.05085,6,K,306,D,-0.3037,5
-0.4873,-0.04127,18,K,306,E,-0.08006,8
2.076,0.05843,6,K,306,F,0.9896,5
-0.3733,-0.0298,9,K,306,G,0.3035,5
-0.2024,-0.01481,6,K,306,H,0.03538,6
-0.5994,-0.05384,9,K,306,I,0.0498,6
0,0,,K,306,K,0,
-0.682,-0.06401,13,K,306,L,-0.01615,6
-0.5587,-0.04911,5,K,306,M,-0.8976,1
-0.3619,-0.02871,13,K,306,N,-0.1161,8
-0.4225,-0.03458,9,K,306,P,0.08786,5
-0.5399,-0.04699,10,K,306,Q,0.2928,6
-0.5726,-0.05071,19,K,306,R,0.359,8
-0.00667,-0.0004428,10,K,306,S,-0.18,6
0.1786,0.01084,9,K,306,T,0.1013,3
-0.74,-0.07165,8,K,306,V,-0.1598,4
0.4855,0.02556,7,K,306,W,-0.4751,3
-1.651,-0.2663,16,K,306,Y,-0.1383,9
-1.81,-0.3202,2,G,307,-,,
1.286,0.04826,4,G,307,A,0.3828,3
-1.062,-0.1226,16,G,307,C,0.1566,8
-0.8631,-0.08934,20,G,307,D,-0.2875,11
0.01173,0.0007719,11,G,307,E,-0.1653,6
1.067,0.04373,13,G,307,F,0.09083,12
0,0,,G,307,G,0,
-1.657,-0.2683,15,G,307,H,0.01455,11
1.775,0.05545,9,G,307,I,0.4152,9
-0.6106,-0.05517,9,G,307,K,-0.2783,5
-1.733,-0.2933,12,G,307,L,-0.1,9
-1.926,-0.3643,10,G,307,M,-0.5324,5
2.288,0.06004,14,G,307,N,0.2604,11
-1.593,-0.2487,11,G,307,P,-0.07705,9
-0.1921,-0.01398,12,G,307,Q,-0.9007,7
0.4347,0.02342,14,G,307,R,-0.3657,7
-0.6414,-0.05891,12,G,307,S,0.1747,5
-1.622,-0.2573,4,G,307,T,0.2529,2
-1.47,-0.2139,9,G,307,V,-0.1956,5
0.2357,0.01393,10,G,307,W,-0.3208,7
-0.6867,-0.06462,10,G,307,Y,-0.3799,2
-0.9654,-0.1057,2,F,308,-,,
-3.648,-1.754,9,F,308,A,-1.654,7
-3.407,-1.462,5,F,308,C,-0.9611,2
-5.192,-3.993,7,F,308,D,-4.165,2
-5.761,-4.681,13,F,308,E,-4.708,7
0,0,,F,308,F,0,
-4.39,-2.811,13,F,308,G,-3.211,9
-3.393,-1.447,9,F,308,H,-1.196,4
-0.9184,-0.09797,10,F,308,I,-0.01289,7
-6.848,-5.496,13,F,308,K,-5.431,10
-1.616,-0.2556,25,F,308,L,-0.2328,14
-2.157,-0.4667,14,F,308,M,-0.2459,8
-4.409,-2.84,14,F,308,N,-2.743,7
-5.052,-3.8,9,F,308,P,-3.512,5
-4.648,-3.204,8,F,308,Q,-2.999,5
-5.854,-4.776,10,F,308,R,-4.349,5
-4.785,-3.41,11,F,308,S,-2.832,2
-3.268,-1.309,10,F,308,T,-1.199,6
-1.776,-0.3079,9,F,308,V,0.005567,5
-2.056,-0.4197,8,F,308,W,-0.4964,6
-0.5814,-0.05173,14,F,308,Y,-0.2023,5
-2.749,-0.8337,4,F,309,-,,
-1.437,-0.2051,5,F,309,A,-0.2565,4
-2.157,-0.4665,13,F,309,C,-0.2983,8
-1.796,-0.3152,14,F,309,D,0.2692,6
-1.571,-0.242,12,F,309,E,-0.4094,9
0,0,,F,309,F,0,
-2.846,-0.9108,7,F,309,G,-0.5647,3
-0.03858,-0.002601,6,F,309,H,-0.216,5
-2.405,-0.6004,13,F,309,I,-0.6975,6
-4.291,-2.662,7,F,309,K,-2.539,6
-3.409,-1.464,7,F,309,L,-1.268,4
-2.597,-0.7235,11,F,309,M,-0.4455,7
-2.053,-0.418,14,F,309,N,-0.4326,10
-8.457,-5.913,9,F,309,P,-6,7
-1.749,-0.2987,8,F,309,Q,-0.509,6
-3.351,-1.399,9,F,309,R,-1.381,6
-2.574,-0.7076,9,F,309,S,-0.6098,2
-2.63,-0.7466,10,F,309,T,-1.06,5
-2.543,-0.6869,11,F,309,V,-0.4306,8
-0.3501,-0.02761,6,F,309,W,0.1412,1
0.8924,0.03931,10,F,309,Y,-0.1519,8
-9.957,-6.002,7,Q,310,*,-6,2
-3.082,-1.121,4,Q,310,-,,
-2.943,-0.9931,9,Q,310,A,-0.2061,3
-1.269,-0.1646,13,Q,310,C,0.03743,11
-2.348,-0.5674,9,Q,310,D,-0.6257,5
-0.5759,-0.05109,8,Q,310,E,-0.3772,4
-2.01,-0.3992,14,Q,310,F,-0.2585,11
-3.983,-2.209,10,Q,310,G,-2.066,5
-0.933,-0.1003,19,Q,310,H,-0.06051,7
-1.392,-0.1936,9,Q,310,I,-0.129,7
-4.563,-3.075,8,Q,310,K,-3.294,5
-0.6787,-0.06359,17,Q,310,L,-0.3922,9
-1.536,-0.2321,15,Q,310,M,-0.0138,10
-3.398,-1.452,4,Q,310,N,-1.28,2
-11.18,-6.02,17,Q,310,P,-6,8
0,0,,Q,310,Q,0,
-5.356,-4.209,23,Q,310,R,-3.68,6
-1.774,-0.3074,6,Q,310,S,0.2229,4
1.946,0.05726,11,Q,310,T,-0.65,8
-1.817,-0.3227,12,Q,310,V,0.1687,4
-4.408,-2.839,16,Q,310,W,-2.884,11
-4.384,-2.803,14,Q,310,Y,-2.732,11
-7.628,-5.771,3,E,311,*,,
-2.373,-0.5817,3,E,311,-,,
1.716,0.05476,13,E,311,A,-0.4919,7
-2.826,-0.8946,9,E,311,C,-0.5574,6
-1.707,-0.2844,20,E,311,D,-0.4591,9
0,0,,E,311,E,0,
-2.58,-0.7114,13,E,311,F,-1.385,6
-1.135,-0.1365,10,E,311,G,-0.5463,5
-2.429,-0.6151,13,E,311,H,-0.7888,9
-2.623,-0.7414,9,E,311,I,-0.5572,6
-3.04,-1.081,22,E,311,K,-1.597,8
-3.249,-1.288,10,E,311,L,-1.232,8
-0.05018,-0.003403,16,E,311,M,0.05591,9
-2.702,-0.7986,8,E,311,N,-0.6356,5
-4.192,-2.513,13,E,311,P,-2.325,8
-2.152,-0.4643,9,E,311,Q,-0.2926,4
-2.705,-0.8005,6,E,311,R,-0.7817,3
0.2293,0.01359,16,E,311,S,-0.2307,8
-2.577,-0.7094,11,E,311,T,-0.6249,10
-0.8519,-0.08763,11,E,311,V,0.07888,6
-3.556,-1.639,10,E,311,W,-1.803,8
-2.833,-0.9007,10,E,311,Y,-0.8968,9
-0.4653,-0.03895,2,M,312,-,,
0.1834,0.0111,15,M,312,A,-0.03482,10
-0.6495,-0.05991,9,M,312,C,-0.2171,5
-2.769,-0.8497,9,M,312,D,-1.005,6
-1.454,-0.2096,12,M,312,E,-0.4226,9
-2.493,-0.6547,14,M,312,F,-0.9539,8
-2.366,-0.5774,6,M,312,G,-0.5119,4
-3.281,-1.322,4,M,312,H,-1.563,2
-0.9758,-0.1074,14,M,312,I,-0.3786,7
-4.928,-3.622,11,M,312,K,-3.507,5
-0.6073,-0.05478,10,M,312,L,0.5468,4
0,0,,M,312,M,0,
-2.724,-0.8151,12,M,312,N,-0.9799,6
-8.254,-5.888,7,M,312,P,-6,4
-1.481,-0.2168,7,M,312,Q,-0.6149,4
-4.332,-2.724,13,M,312,R,-2.691,9
-1.817,-0.3228,11,M,312,S,-0.04589,9
-0.05572,-0.003789,15,M,312,T,0.1849,4
-1.049,-0.1203,7,M,312,V,0.4804,3
-2.184,-0.4801,10,M,312,W,-0.9294,6
-2.906,-0.961,13,M,312,Y,-0.903,8
0.3713,0.02059,1,V,313,-,,
-1.794,-0.3145,13,V,313,A,-0.1535,8
-1.972,-0.3832,12,V,313,C,-0.08523,7
-5.165,-3.957,9,V,313,D,-3.66,6
-4.193,-2.515,12,V,313,E,-2.492,8
-2.3,-0.5403,8,V,313,F,-0.7219,3
-4.121,-2.408,13,V,313,G,-2.12,7
-2.728,-0.8179,9,V,313,H,-0.9664,6
-2.613,-0.7341,4,V,313,I,-1.365,2
-3.595,-1.688,15,V,313,K,-1.763,7
-2.106,-0.4425,20,V,313,L,-0.741,10
-1.066,-0.1234,11,V,313,M,0.064,2
-3.034,-1.075,9,V,313,N,-1.322,5
-8.221,-5.883,9,V,313,P,-6,6
-3.489,-1.558,13,V,313,Q,-1.698,11
-4.456,-2.913,11,V,313,R,-2.879,7
-1.765,-0.3042,5,V,313,S,-0.1577,4
-1.278,-0.1667,12,V,313,T,-0.236,7
0,0,,V,313,V,0,
-2.975,-1.021,7,V,313,W,-1.332,4
-2.568,-0.7037,10,V,313,Y,-0.585,5
0.7145,0.03397,1,A,314,-,,
0,0,,A,314,A,0,
1.524,0.0522,5,A,314,C,0.2141,5
-0.658,-0.06097,8,A,314,D,-0.1952,4
-2.152,-0.4644,10,A,314,E,-0.6065,5
-3.071,-1.11,7,A,314,F,-1.493,4
1.306,0.04864,6,A,314,G,0.5018,4
-0.4047,-0.03282,8,A,314,H,0.2165,4
-1.201,-0.1499,8,A,314,I,-0.3409,6
-0.01023,-0.00068,5,A,314,K,0.1794,2
-1.724,-0.2903,13,A,314,L,-0.4344,9
-1.473,-0.2146,7,A,314,M,-0.08659,4
-0.7852,-0.0779,11,A,314,N,0.08103,9
-7.294,-5.676,10,A,314,P,-5.639,6
-1.091,-0.128,11,A,314,Q,0.4042,6
-1.206,-0.1509,13,A,314,R,-0.3036,5
0.01419,0.0009325,15,A,314,S,0.2468,8
0.478,0.02525,26,A,314,T,-0.3623,10
-1.837,-0.33,17,A,314,V,-0.2938,11
-3.135,-1.172,12,A,314,W,-1.105,8
-3.073,-1.112,9,A,314,Y,-1.146,6
-1.952,-0.3749,2,F,315,-,,
-0.1625,-0.01165,7,F,315,A,0.6278,4
-1.867,-0.3413,6,F,315,C,-0.6688,4
-4.958,-3.664,14,F,315,D,-3.497,8
-4.48,-2.948,8,F,315,E,-3.386,5
0,0,,F,315,F,0,
-1.476,-0.2155,8,F,315,G,-0.00525,4
-2.249,-0.5133,11,F,315,H,-0.8183,6
-2.649,-0.7595,14,F,315,I,-1.08,8
-3.605,-1.7,7,F,315,K,-1.643,5
-1.193,-0.1481,11,F,315,L,-0.6049,4
-1.098,-0.1294,5,F,315,M,-0.1215,2
-2.196,-0.4862,10,F,315,N,-1.113,7
-12.06,-6.024,10,F,315,P,-3.798,5
-3.141,-1.178,7,F,315,Q,-1.629,5
-2.588,-0.7172,11,F,315,R,-1.269,6
-0.9481,-0.1028,12,F,315,S,-0.5815,7
-3.213,-1.251,8,F,315,T,-1.304,6
-2.384,-0.5881,6,F,315,V,-1.414,2
-2.73,-0.8195,12,F,315,W,-0.9777,9
-2.253,-0.5153,8,F,315,Y,-0.564,5
-7.667,-5.781,7,E,316,*,,
-1.734,-0.2935,2,E,316,-,,
-3.271,-1.312,17,E,316,A,-1.369,12
-3.893,-2.081,11,E,316,C,-1.914,8
-1.587,-0.2469,20,E,316,D,-0.583,11
0,0,,E,316,E,0,
-4.852,-3.51,18,E,316,F,-3.308,16
-3.956,-2.17,20,E,316,G,-1.784,3
-3.525,-1.602,6,E,316,H,-1.469,5
-4.196,-2.519,15,E,316,I,-2.458,10
-4.085,-2.356,34,E,316,K,-2.513,14
-4.782,-3.406,12,E,316,L,-3.235,8
-4.283,-2.65,10,E,316,M,-2.619,6
-3.781,-1.928,16,E,316,N,-1.897,14
-8.394,-5.906,10,E,316,P,-6,6
-1.977,-0.3852,6,E,316,Q,-0.5808,5
-4.29,-2.66,6,E,316,R,-3.215,1
-2.875,-0.9349,5,E,316,S,-0.5371,3
-2.823,-0.8923,10,E,316,T,-1.156,4
-3.81,-1.968,18,E,316,V,-1.784,10
-5.812,-4.734,13,E,316,W,-4.573,8
-3.947,-2.157,12,E,316,Y,-1.942,9
-0.2103,-0.01545,1,C,317,-,,
-4.649,-3.205,8,C,317,A,-3.276,4
0,0,,C,317,C,0,
-8.32,-5.897,11,C,317,D,-6,8
-7.5,-5.738,6,C,317,E,-6,5
-4.827,-3.473,13,C,317,F,-3.349,6
-7.482,-5.733,6,C,317,G,-5.705,3
-7.646,-5.776,8,C,317,H,-6,4
-3.861,-2.038,6,C,317,I,-1.897,3
-7.722,-5.793,11,C,317,K,-6,5
-4.753,-3.363,11,C,317,L,-3.349,7
-4.584,-3.106,15,C,317,M,-2.956,10
-8.311,-5.895,14,C,317,N,-6,8
-10.76,-6.016,14,C,317,P,-6,8
-8.034,-5.854,8,C,317,Q,-6,7
-8.955,-5.957,19,C,317,R,-6,14
-7.805,-5.812,20,C,317,S,-6,10
-6.166,-5.058,9,C,317,T,-5.277,5
-4.012,-2.249,4,C,317,V,-1.765,3
-7.455,-5.725,8,C,317,W,-5.957,4
-4.931,-3.626,22,C,317,Y,-3.916,4
-0.4047,-0.03282,1,H,318,-,,
-1.55,-0.2359,6,H,318,A,-0.2957,3
-2.484,-0.6487,10,H,318,C,-0.5069,6
-2.277,-0.5283,7,H,318,D,-0.412,6
-1.449,-0.2083,11,H,318,E,-0.08111,7
-2.047,-0.4156,4,H,318,F,-0.3967,4
-3.537,-1.616,16,H,318,G,-1.254,7
0,0,,H,318,H,0,
-1.82,-0.3236,16,H,318,I,-0.3288,8
-0.9896,-0.1098,15,H,318,K,-0.5526,6
-2.112,-0.4454,9,H,318,L,-0.5824,3
-1.955,-0.3763,10,H,318,M,-0.7267,7
-2.314,-0.5482,20,H,318,N,-0.3393,14
-10.91,-6.017,13,H,318,P,-5.338,7
-0.3515,-0.02774,10,H,318,Q,-0.3793,3
-1.251,-0.1607,16,H,318,R,-0.2743,6
-2.024,-0.4053,6,H,318,S,-0.1043,4
-1.78,-0.3094,10,H,318,T,-0.8831,8
-2.632,-0.748,10,H,318,V,-0.7302,6
-1.296,-0.1707,6,H,318,W,-0.32,5
-1.633,-0.2608,8,H,318,Y,-0.3453,4
-7.873,-5.825,1,Y,319,*,,
-0.5972,-0.05357,2,Y,319,-,,
-3.644,-1.749,6,Y,319,A,-1.997,3
-3.273,-1.314,17,Y,319,C,-1.256,9
-4.608,-3.144,7,Y,319,D,-3.685,5
-4.412,-2.845,12,Y,319,E,-2.847,9
-0.5423,-0.04726,14,Y,319,F,-0.3897,7
-3.858,-2.034,13,Y,319,G,-1.76,7
-2.9,-0.9564,14,Y,319,H,-0.7273,6
-2.884,-0.9426,9,Y,319,I,-1.018,6
-3.654,-1.762,12,Y,319,K,-1.491,6
-2.331,-0.5578,13,Y,319,L,-0.5149,11
-1.895,-0.3521,13,Y,319,M,-0.5812,8
-3.714,-1.84,10,Y,319,N,-1.821,5
-4.74,-3.343,4,Y,319,P,-2.845,3
-3.451,-1.513,9,Y,319,Q,-1.776,6
-3.67,-1.783,6,Y,319,R,-1.526,5
-3.331,-1.377,6,Y,319,S,-1.512,5
-3.393,-1.446,9,Y,319,T,-1.444,7
-2.763,-0.8444,6,Y,319,V,-0.8994,2
-2.173,-0.4747,15,Y,319,W,-0.75,10
0,0,,Y,319,Y,0,
-0.1117,-0.007806,1,L,320,-,,
-0.363,-0.02881,8,L,320,A,-0.127,5
-1.359,-0.1855,8,L,320,C,-0.2404,6
1.831,0.05608,10,L,320,D,0.4901,10
0.2128,0.01271,7,L,320,E,0.3636,6
-1.128,-0.1351,4,L,320,F,-0.07878,3
-0.9951,-0.1107,12,L,320,G,-0.2339,4
-0.1613,-0.01156,12,L,320,H,0.2747,8
0.8995,0.03951,13,L,320,I,0.1855,6
-0.688,-0.06478,8,L,320,K,-0.08324,5
0,0,,L,320,L,0,
-0.93,-0.09984,7,L,320,M,-0.5154,5
0.1558,0.009561,11,L,320,N,-0.06024,8
-1.646,-0.2648,20,L,320,P,0.2742,8
0.6055,0.0302,11,L,320,Q,-0.08417,8
-0.8747,-0.09111,19,L,320,R,-0.07225,13
0.9144,0.03991,7,L,320,S,0.4184,2
0.8131,0.03705,13,L,320,T,-0.05582,7
-1.007,-0.1127,13,L,320,V,-0.09694,7
-1.048,-0.12,10,L,320,W,-0.1285,5
-0.7002,-0.06636,12,L,320,Y,0.08318,6
-0.4236,-0.0347,1,N,321,-,,
-2.041,-0.413,13,N,321,A,0.1204,9
-2.73,-0.8196,6,N,321,C,-0.8781,5
-0.6111,-0.05523,10,N,321,D,0.1889,5
-1.399,-0.1953,18,N,321,E,-0.06875,12
-2.599,-0.7246,14,N,321,F,-0.3364,8
-2.179,-0.4773,11,N,321,G,0.1782,7
-1.313,-0.1745,12,N,321,H,-0.4877,7
-3.109,-1.147,10,N,321,I,-1.043,7
-2.382,-0.5868,13,N,321,K,-0.6938,4
-2.37,-0.58,13,N,321,L,-0.5354,8
-2.314,-0.548,12,N,321,M,-0.4333,7
0,0,,N,321,N,0,
0.8887,0.03921,9,N,321,P,0.2335,4
-1.575,-0.2431,13,N,321,Q,-0.3608,10
-2.652,-0.7617,10,N,321,R,-0.5558,8
0.7357,0.03466,13,N,321,S,0.4014,10
-2.4,-0.5973,10,N,321,T,-0.6784,6
-2.7,-0.7973,11,N,321,V,-1.102,4
-2.736,-0.8237,11,N,321,W,-0.553,5
-1.205,-0.1507,5,N,321,Y,-0.3306,2
-7.968,-5.843,2,G,322,*,,
0.3555,0.01986,1,G,322,-,,
1.027,0.04279,13,G,322,A,0.3607,6
-2.891,-0.9482,11,G,322,C,-0.9682,10
0.2125,0.01269,10,G,322,D,-0.0119,5
-1.044,-0.1193,43,G,322,E,-0.2702,11
-1.683,-0.2767,18,G,322,F,-0.05439,12
0,0,,G,322,G,0,
-1.998,-0.3943,6,G,322,H,-0.4521,3
-1.528,-0.2297,15,G,322,I,-0.4849,11
-0.4965,-0.04225,9,G,322,K,0.3877,3
0.004062,0.0002688,9,G,322,L,-0.07755,6
-1.947,-0.373,12,G,322,M,0.2744,8
-0.5806,-0.05163,11,G,322,N,-0.5359,6
-2.85,-0.9144,7,G,322,P,-1.053,5
-1.585,-0.2462,16,G,322,Q,-0.2792,14
-1.062,-0.1227,25,G,322,R,-0.2188,10
-0.05955,-0.004057,7,G,322,S,0.0491,6
-2.635,-0.7498,9,G,322,T,-0.01462,5
-1.256,-0.1616,17,G,322,V,0.02096,11
-1.643,-0.2638,9,G,322,W,0.06423,7
-1.046,-0.1197,7,G,322,Y,0.1418,3
-0.0646,-0.004412,1,T,323,-,,
-0.9947,-0.1107,12,T,323,A,0.5648,5
-2.839,-0.9049,7,T,323,C,-1.09,5
-1.241,-0.1583,12,T,323,D,-0.2167,8
-2.575,-0.7084,13,T,323,E,-0.6625,8
0.1945,0.01172,9,T,323,F,-0.2559,3
-0.7448,-0.0723,9,T,323,G,0.03275,7
-2.253,-0.5155,12,T,323,H,-0.2304,8
-1.416,-0.1996,20,T,323,I,-0.4639,8
-1.782,-0.3102,6,T,323,K,-0.2766,4
-0.5584,-0.04908,11,T,323,L,0.3005,6
0.9161,0.03996,7,T,323,M,0.04605,6
-1.408,-0.1976,6,T,323,N,-0.9324,2
0.3775,0.02087,11,T,323,P,0.0003362,7
-2.169,-0.4728,15,T,323,Q,-0.3826,10
-0.3738,-0.02984,12,T,323,R,-0.3672,7
1.129,0.04511,14,T,323,S,0.1457,10
0,0,,T,323,T,0,
-0.9927,-0.1103,18,T,323,V,-0.09704,10
-2.775,-0.8537,9,T,323,W,-0.7145,5
-1.356,-0.1847,11,T,323,Y,0.5009,4
-7.454,-5.725,6,E,324,*,,
0.03974,0.002579,1,E,324,-,,
-0.6205,-0.05636,11,E,324,A,0.05092,7
-3.284,-1.325,19,E,324,C,-1.371,13
-1.132,-0.136,8,E,324,D,0.1085,4
0,0,,E,324,E,0,
-1.554,-0.2371,8,E,324,F,-0.8553,3
-0.2752,-0.02089,6,E,324,G,-0.4071,2
-0.2542,-0.01909,10,E,324,H,0.173,8
-1.923,-0.3633,11,E,324,I,-0.06779,6
-0.4622,-0.03863,26,E,324,K,-0.2127,10
-2.667,-0.7725,5,E,324,L,-0.865,4
-0.3277,-0.02555,11,E,324,M,-0.1887,5
0.5391,0.0277,19,E,324,N,-0.0929,12
-0.7127,-0.068,16,E,324,P,0.02635,10
0.1485,0.009146,17,E,324,Q,0.2795,8
-1.623,-0.2575,12,E,324,R,-0.3144,8
-0.1538,-0.01098,15,E,324,S,-0.1872,8
-0.4333,-0.03567,11,E,324,T,-0.05742,9
-1.852,-0.3356,7,E,324,V,-0.7423,4
-1.999,-0.3945,11,E,324,W,-0.02791,5
-0.4338,-0.03572,10,E,324,Y,0.0628,6
-10.39,-6.011,33,Q,325,*,-6,4
0.5068,0.02642,1,Q,325,-,,
0.5122,0.02664,13,Q,325,A,0.2882,9
1.256,0.0477,10,Q,325,C,-0.6197,8
-0.3502,-0.02762,10,Q,325,D,-0.4927,4
0.7876,0.03628,8,Q,325,E,-0.05058,6
-0.08297,-0.005719,8,Q,325,F,-0.3312,5
-1.798,-0.3157,7,Q,325,G,-0.4444,4
-0.2386,-0.01778,12,Q,325,H,0.2296,4
-1.549,-0.2356,14,Q,325,I,-0.2639,8
0.06992,0.004472,12,Q,325,K,0.1872,5
-2.504,-0.6613,8,Q,325,L,-0.3182,5
1.376,0.04986,11,Q,325,M,-0.5453,5
-0.06576,-0.004493,10,Q,325,N,0.5397,6
-1.779,-0.309,10,Q,325,P,0.1819,4
0,0,,Q,325,Q,0,
-0.444,-0.03676,19,Q,325,R,0.1482,11
-0.492,-0.04177,14,Q,325,S,0.03035,7
0.1456,0.00898,9,Q,325,T,-0.115,6
-1.504,-0.2229,14,Q,325,V,-0.01142,9
-2.405,-0.6003,13,Q,325,W,-0.7151,8
-0.8351,-0.08513,8,Q,325,Y,0.1057,4
-0.2067,-0.01516,1,V,326,-,,
-1.243,-0.1588,14,V,326,A,-0.4389,8
-3.797,-1.95,14,V,326,C,-1.958,8
-3.826,-1.989,7,V,326,D,-2.115,4
-3.694,-1.814,17,V,326,E,-1.875,8
-0.6424,-0.05903,5,V,326,F,0.00565,4
-0.7645,-0.075,11,V,326,G,-0.1965,8
-1.756,-0.3011,10,V,326,H,-0.1482,7
1.27,0.04795,14,V,326,I,0.311,9
-2.529,-0.6778,11,V,326,K,-0.7036,7
-0.1798,-0.013,7,V,326,L,0.1294,2
0.1652,0.01009,25,V,326,M,0.2255,12
-2.481,-0.6469,10,V,326,N,-0.9361,7
-0.6648,-0.06183,11,V,326,P,0.01864,7
-2.279,-0.5292,12,V,326,Q,0.06797,6
-2.031,-0.4084,5,V,326,R,-0.4178,3
-0.3163,-0.02451,8,V,326,S,0.0746,6
-0.0047,-0.0003113,9,V,326,T,-0.4,7
0,0,,V,326,V,0,
-2.606,-0.7297,12,V,326,W,-0.5252,10
-0.01693,-0.001129,9,V,326,Y,0.08804,6
-0.7275,-0.06997,1,R,327,-,,
-2.738,-0.8255,10,R,327,A,-0.3334,5
-12.24,-6.025,11,R,327,C,-6,9
-3.853,-2.027,15,R,327,D,-2.028,11
-3.557,-1.64,8,R,327,E,-1.886,6
-3.744,-1.879,16,R,327,F,-2.105,11
-3.494,-1.564,10,R,327,G,-1.638,8
0.844,0.03795,12,R,327,H,0.1312,11
-3.33,-1.376,10,R,327,I,-1.141,8
-1.247,-0.1597,8,R,327,K,0.0057,4
-1.416,-0.1996,11,R,327,L,-0.4446,7
-2.931,-0.9824,10,R,327,M,-0.841,8
-1.936,-0.3683,7,R,327,N,-0.4789,6
-22.82,-6.027,15,R,327,P,-5.656,8
-1.287,-0.1685,19,R,327,Q,-0.0061,6
0,0,,R,327,R,0,
-1.675,-0.2741,19,R,327,S,-0.441,11
-2.539,-0.6844,10,R,327,T,-0.5,5
-2.912,-0.9661,13,R,327,V,-0.7584,7
-2.413,-0.6052,24,R,327,W,-0.5079,6
-2.647,-0.7583,6,R,327,Y,-0.2655,3
-7.169,-5.632,2,Y,328,*,,
-0.7876,-0.07825,2,Y,328,-,,
0.1245,0.007755,13,Y,328,A,0.2251,8
-2.737,-0.825,13,Y,328,C,-1.171,4
-5.425,-4.296,11,Y,328,D,-4.143,10
-2.655,-0.7641,8,Y,328,E,-0.3104,7
-1.103,-0.1303,11,Y,328,F,-0.5242,5
3.281,0.06436,9,Y,328,G,0.7534,6
1.808,0.05583,9,Y,328,H,-0.3649,6
2.239,0.0597,7,Y,328,I,-0.1451,5
-0.5381,-0.04679,9,Y,328,K,0.1229,4
1.986,0.05763,8,Y,328,L,0.04013,5
0.8792,0.03895,10,Y,328,M,-0.05305,6
-2.151,-0.4636,12,Y,328,N,-0.6405,6
-4.226,-2.564,6,Y,328,P,-2.645,3
-1.568,-0.2411,7,Y,328,Q,0.1083,3
-2.866,-0.9274,9,Y,328,R,-0.7139,6
-1.68,-0.2757,8,Y,328,S,0.2505,3
0.7078,0.03375,9,Y,328,T,0.09491,3
-1.399,-0.1954,15,Y,328,V,-0.1401,9
1.881,0.0566,13,Y,328,W,0.2606,9
0,0,,Y,328,Y,0,
-1.413,-0.1989,2,L,329,-,,
-0.9325,-0.1003,14,L,329,A,0.3256,11
0.07167,0.00458,8,L,329,C,-0.0926,5
-2.815,-0.8855,4,L,329,D,-0.42,2
-0.2998,-0.02305,6,L,329,E,-0.4396,2
-1.152,-0.14,14,L,329,F,-0.06726,8
-2.33,-0.5569,6,L,329,G,-0.1957,4
-0.7134,-0.0681,11,L,329,H,-0.1957,6
1.036,0.04299,9,L,329,I,0.6784,5
-0.2697,-0.02041,5,L,329,K,-0.8473,2
0,0,,L,329,L,0,
0.4907,0.02577,9,L,329,M,0.1245,6
-0.1914,-0.01392,7,L,329,N,0.04778,5
-9.083,-5.966,22,L,329,P,-6,8
-0.3938,-0.03177,7,L,329,Q,0.6376,5
-1.615,-0.2551,12,L,329,R,-0.04087,9
-1.387,-0.1923,7,L,329,S,0.2769,3
-0.4595,-0.03835,5,L,329,T,0.1935,3
2.448,0.06106,11,L,329,V,0.02291,5
0.2193,0.01306,11,L,329,W,-0.1344,7
-0.7266,-0.06985,10,L,329,Y,0.4099,8
-0.3845,-0.03086,3,V,330,-,,
0.4178,0.02268,13,V,330,A,0.1391,9
-4.341,-2.737,10,V,330,C,-2.835,7
-8.937,-5.956,14,V,330,D,-6,8
-3.751,-1.888,15,V,330,E,-1.921,8
-0.1458,-0.01037,8,V,330,F,0.1234,7
-4.468,-2.93,13,V,330,G,-2.869,9
-4.263,-2.619,17,V,330,H,-2.607,8
1.126,0.04504,15,V,330,I,0.2845,12
-3.055,-1.095,8,V,330,K,-1.361,6
-1.93,-0.3659,15,V,330,L,-0.2141,6
-0.2851,-0.02175,11,V,330,M,-0.4833,4
-4.486,-2.957,12,V,330,N,-2.985,6
-9.687,-5.994,8,V,330,P,-6,6
-3.086,-1.124,12,V,330,Q,-0.5571,8
-3.225,-1.263,15,V,330,R,-1.772,8
-2.627,-0.7439,10,V,330,S,-0.3973,4
-1.64,-0.2629,10,V,330,T,-0.525,9
0,0,,V,330,V,0,
-0.7056,-0.06707,11,V,330,W,0.1336,6
-3.911,-2.107,13,V,330,Y,-2.149,7
-3.238,-1.277,1,K,331,*,,
-5.947,-4.866,4,K,331,-,,
2.539,0.06156,9,K,331,A,0.1554,7
-4.572,-3.088,7,K,331,C,-3.369,4
-3.676,-1.79,10,K,331,D,-2.161,5
-3.122,-1.159,12,K,331,E,-0.8674,5
-2.256,-0.5167,12,K,331,F,-0.4051,10
-2.523,-0.6739,9,K,331,G,-0.8753,5
-1.99,-0.3908,7,K,331,H,-0.2004,6
-3.655,-1.763,6,K,331,I,-1.733,3
0,0,,K,331,K,0,
-2.809,-0.8811,17,K,331,L,-0.5833,12
1.794,0.05567,11,K,331,M,0.01203,6
-1.751,-0.2994,12,K,331,N,-0.6319,5
-8.847,-5.949,11,K,331,P,-6,6
-2.298,-0.5395,10,K,331,Q,-0.4786,6
0.7326,0.03456,11,K,331,R,-0.1914,6
-0.2762,-0.02097,10,K,331,S,0.2002,8
-1.621,-0.2569,14,K,331,T,-0.109,7
-3.786,-1.936,13,K,331,V,-1.943,6
-3.177,-1.214,16,K,331,W,-1.407,8
-0.4749,-0.03995,13,K,331,Y,0.1064,11
-12.26,-6.025,1,Y,332,*,,
-0.7848,-0.07785,3,Y,332,-,,
-4.628,-3.173,8,Y,332,A,-3.33,6
-4.773,-3.392,25,Y,332,C,-3.315,9
-7.279,-5.671,7,Y,332,D,-6,6
-7.597,-5.764,8,Y,332,E,-6,6
-1.736,-0.2942,16,Y,332,F,-0.916,10
-6.378,-5.219,12,Y,332,G,-5.167,8
-3.548,-1.629,11,Y,332,H,-1.679,7
-4.261,-2.617,9,Y,332,I,-2.903,5
-3.462,-1.526,12,Y,332,K,-1.241,6
-3.251,-1.291,9,Y,332,L,-0.9492,6
-3.276,-1.317,15,Y,332,M,-1.376,10
-4.742,-3.345,13,Y,332,N,-3.102,6
-9.825,-5.998,9,Y,332,P,-6,3
-4.572,-3.089,11,Y,332,Q,-3.226,4
-2.975,-1.022,13,Y,332,R,-1.302,4
-5.047,-3.793,10,Y,332,S,-3.605,3
-4.384,-2.803,9,Y,332,T,-2.84,6
-3.336,-1.382,14,Y,332,V,-1.015,10
-2.837,-0.9033,9,Y,332,W,-0.7713,4
0,0,,Y,332,Y,0,
-0.9201,-0.09826,4,I,333,-,,
-0.2041,-0.01494,17,I,333,A,0.04295,10
-0.7999,-0.08,11,I,333,C,-0.1746,5
-5.944,-4.863,15,I,333,D,-4.635,8
-4.404,-2.833,11,I,333,E,-2.663,8
-0.7737,-0.07629,18,I,333,F,-0.389,10
-2.804,-0.8773,13,I,333,G,-0.5983,7
-2.063,-0.4226,9,I,333,H,,
0,0,,I,333,I,0,
-5.574,-4.475,14,I,333,K,-4.476,12
-2.161,-0.4685,12,I,333,L,-0.3721,5
2.349,0.06045,8,I,333,M,0.2878,5
-3.595,-1.688,13,I,333,N,-1.699,9
-11.09,-6.019,15,I,333,P,-6,9
-3.637,-1.741,8,I,333,Q,-1.825,5
-4.851,-3.509,9,I,333,R,-3.7,8
-1.299,-0.1715,8,I,333,S,-0.06549,7
-2.107,-0.4429,10,I,333,T,0.09515,6
-0.9868,-0.1093,13,I,333,V,-0.3468,5
-3.584,-1.673,6,I,333,W,-1.417,4
-1.12,-0.1335,13,I,333,Y,-0.1701,7
-2.036,-0.4106,6,H,334,-,,
-2.411,-0.604,13,H,334,A,-0.6762,11
-1.585,-0.2462,11,H,334,C,-0.1751,9
-5.145,-3.929,13,H,334,D,-4.101,8
-4.811,-3.449,6,H,334,E,-3.06,5
-0.151,-0.01077,9,H,334,F,0.03716,8
-3.056,-1.096,10,H,334,G,-1.158,5
0,0,,H,334,H,0,
-4.296,-2.67,12,H,334,I,-2.578,7
-3.761,-1.902,9,H,334,K,-1.565,5
-3.048,-1.088,13,H,334,L,-1.237,6
-2.052,-0.4176,9,H,334,M,-0.5314,6
1.787,0.0556,10,H,334,N,-0.1688,4
-12.24,-6.025,13,H,334,P,-6,7
-3.392,-1.445,10,H,334,Q,-0.9939,6
-2.342,-0.5641,21,H,334,R,-1.048,6
2.512,0.06142,9,H,334,S,-1.022,4
-2.447,-0.6259,8,H,334,T,-0.6187,7
-3.908,-2.102,11,H,334,V,-2.322,9
-1.443,-0.2066,15,H,334,W,0.1399,5
-1.635,-0.2614,9,H,334,Y,-0.3051,3
-1.901,-0.3546,7,N,335,-,,
-3.316,-1.36,15,N,335,A,-1.417,10
-3.939,-2.146,9,N,335,C,-1.972,5
-3.311,-1.354,22,N,335,D,-1.413,12
-4.145,-2.444,10,N,335,E,-2.076,5
-8.971,-5.958,12,N,335,F,-6,9
-2.009,-0.399,10,N,335,G,0.2,4
-4.631,-3.178,13,N,335,H,-3.265,6
-5.904,-4.825,9,N,335,I,-4.358,6
-5.708,-4.624,14,N,335,K,-4.321,6
-4.386,-2.806,12,N,335,L,-2.886,6
-4.007,-2.242,7,N,335,M,-2.48,3
0,0,,N,335,N,0,
-8.265,-5.889,20,N,335,P,-6,10
-1.399,-0.1953,9,N,335,Q,-0.1185,7
-5.718,-4.635,13,N,335,R,-4.282,9
-3.926,-2.128,8,N,335,S,-2.301,4
-5.526,-4.418,12,N,335,T,-4.59,8
-5.659,-4.571,8,N,335,V,-3.928,3
-9.827,-5.998,10,N,335,W,-6,7
-8.388,-5.905,13,N,335,Y,-6,8
-1.062,-0.1226,7,R,336,-,,
0.7583,0.03538,16,R,336,A,0.1715,11
-2.238,-0.5075,12,R,336,C,-0.5859,10
-2.875,-0.9349,13,R,336,D,-0.559,7
-2.985,-1.03,10,R,336,E,-1.222,6
-2.89,-0.9476,10,R,336,F,-1.057,7
4.416,0.06608,9,R,336,G,0.2843,5
-1.268,-0.1643,13,R,336,H,0.09459,9
-3.68,-1.795,7,R,336,I,-1.858,2
-0.09676,-0.006714,3,R,336,K,-0.1424,3
-2.428,-0.6142,14,R,336,L,-0.6888,10
-0.5083,-0.04352,14,R,336,M,-0.6896,10
-0.5611,-0.04938,16,R,336,N,0.007045,10
-7.055,-5.588,8,R,336,P,-6,6
-0.03442,-0.002316,25,R,336,Q,0.06328,13
0,0,,R,336,R,0,
0.6503,0.0318,13,R,336,S,-0.1638,8
-1.646,-0.2649,14,R,336,T,-0.1508,9
-3.879,-2.063,12,R,336,V,-1.971,10
-3.703,-1.825,22,R,336,W,-1.77,11
-3.936,-2.142,10,R,336,Y,-2.15,8
-9.202,-5.973,13,Q,337,*,,
-4.694,-3.273,7,Q,337,-,,
0.9043,0.03964,7,Q,337,A,0.4819,5
2.271,0.05992,14,Q,337,C,0.2326,8
-1.048,-0.1202,11,Q,337,D,-0.3324,7
-0.7136,-0.06812,9,Q,337,E,0.5811,4
-0.7781,-0.0769,10,Q,337,F,0.08366,6
-0.5267,-0.04552,16,Q,337,G,0.1272,9
-0.3573,-0.02828,13,Q,337,H,0.2066,6
-0.6405,-0.0588,10,Q,337,I,-0.05155,6
-1.566,-0.2407,9,Q,337,K,-0.2808,8
-0.3551,-0.02808,15,Q,337,L,-0.05486,8
-0.6138,-0.05555,10,Q,337,M,0.04428,5
-0.5739,-0.05085,13,Q,337,N,-0.06266,8
-9.081,-5.966,9,Q,337,P,-6,3
0,0,,Q,337,Q,0,
0.03815,0.002478,14,Q,337,R,-0.2354,5
-5.071,-3.826,5,Q,337,S,-4.49,3
-4.825,-3.47,16,Q,337,T,-3.371,9
-1.545,-0.2344,12,Q,337,V,-0.06013,6
-0.4304,-0.03538,13,Q,337,W,-0.3292,7
-2.243,-0.5102,9,Q,337,Y,-0.4264,5
-8.267,-5.89,19,Q,338,*,-6,2
-1.637,-0.262,6,Q,338,-,,
-1.929,-0.3658,4,Q,338,A,-0.3472,3
1.024,0.04269,10,Q,338,C,0.1204,7
-1.861,-0.339,8,Q,338,D,-0.5487,7
-0.8656,-0.08972,16,Q,338,E,0.0759,13
-3.951,-2.162,10,Q,338,F,-2.213,5
-2.816,-0.8869,12,Q,338,G,-0.7469,7
-3.783,-1.931,10,Q,338,H,-1.438,2
-0.5685,-0.05023,20,Q,338,I,0.2192,11
-3.024,-1.066,10,Q,338,K,-1.006,6
-1.126,-0.1347,9,Q,338,L,0.3828,4
-0.203,-0.01486,16,Q,338,M,0.4427,7
-1.995,-0.3929,13,Q,338,N,-0.3553,12
-0.7272,-0.06992,17,Q,338,P,-0.1777,11
0,0,,Q,338,Q,0,
-3.511,-1.585,18,Q,338,R,-1.576,7
-1.772,-0.3068,13,Q,338,S,-0.05323,8
0.2707,0.01573,20,Q,338,T,0.1286,12
1.056,0.04345,10,Q,338,V,-0.2183,6
-5.106,-3.874,7,Q,338,W,-3.846,6
-3.391,-1.444,8,Q,338,Y,-1.495,7
-0.4789,-0.04037,7,D,339,-,,
-1.696,-0.2808,20,D,339,A,0.08702,12
-0.5919,-0.05296,7,D,339,C,0.2961,5
0,0,,D,339,D,0,
-2.133,-0.4552,13,D,339,E,0.04664,7
1.374,0.04984,9,D,339,F,0.1054,8
0.2163,0.0129,7,D,339,G,-0.007164,5
-2.005,-0.3971,11,D,339,H,-0.06316,9
-1.934,-0.3678,6,D,339,I,-0.5436,6
-2.715,-0.8083,10,D,339,K,-1.101,6
1.999,0.05775,13,D,339,L,0.1331,7
1.898,0.05678,7,D,339,M,0.3701,6
0.3759,0.0208,20,D,339,N,-0.1711,8
-4.211,-2.542,14,D,339,P,-2.12,9
1.469,0.05138,7,D,339,Q,0.3723,5
-2.194,-0.4851,6,D,339,R,-0.645,4
0.05783,0.00372,18,D,339,S,0.3675,13
-0.6275,-0.05721,15,D,339,T,-0.06982,10
-0.5775,-0.05128,8,D,339,V,-0.1041,6
0.4808,0.02536,11,D,339,W,-0.7512,7
-0.2462,-0.01841,12,D,339,Y,-0.537,3
-0.7029,-0.06671,7,V,340,-,,
-1.907,-0.357,10,V,340,A,-0.3691,6
-1.252,-0.1609,4,V,340,C,-0.3149,1
-4.742,-3.346,4,V,340,D,-1.927,2
-6.154,-5.048,14,V,340,E,-4.973,10
-1.215,-0.1529,16,V,340,F,-0.7209,6
-4.289,-2.659,11,V,340,G,-2.614,7
-3.196,-1.233,13,V,340,H,-1.276,8
-0.9109,-0.09678,8,V,340,I,-0.3255,6
-3.116,-1.154,7,V,340,K,-1.608,3
-2.641,-0.7541,15,V,340,L,-0.7536,8
-2.032,-0.409,21,V,340,M,-0.8453,4
-4.055,-2.312,9,V,340,N,-2.37,6
-8.285,-5.892,13,V,340,P,-6,5
-4.494,-2.97,6,V,340,Q,-2.96,4
-3.594,-1.686,12,V,340,R,-1.879,8
-3.174,-1.211,18,V,340,S,-0.7031,12
-1.909,-0.3576,9,V,340,T,-0.225,8
0,0,,V,340,V,0,
-0.8327,-0.08477,12,V,340,W,-0.2361,5
-2.936,-0.9871,7,V,340,Y,-1.619,4
-0.4044,-0.0328,6,H,341,-,,
-3.67,-1.782,8,H,341,A,-1.3,5
-2.146,-0.4614,15,H,341,C,-0.8552,10
-8.083,-5.862,8,H,341,D,-5.976,6
0.8566,0.03832,8,H,341,E,-1.232,5
-2.83,-0.898,5,H,341,F,-0.1857,1
-3.734,-1.866,18,H,341,G,-1.82,11
0,0,,H,341,H,0,
-3.163,-1.199,9,H,341,I,-1.206,8
-3.513,-1.586,7,H,341,K,-1.785,6
-1.709,-0.2852,11,H,341,L,-0.4836,5
-2.245,-0.511,7,H,341,M,-0.6606,4
0.2258,0.0134,6,H,341,N,-1.231,3
-9.004,-5.961,10,H,341,P,-6,6
-2.381,-0.5863,17,H,341,Q,-0.8792,10
-3.007,-1.051,9,H,341,R,-1.214,4
-1.754,-0.3003,6,H,341,S,-0.0004581,3
-1.928,-0.3652,9,H,341,T,0.3322,5
-1.929,-0.3657,13,H,341,V,-0.41,9
-2.794,-0.8693,12,H,341,W,-0.4311,8
-2.009,-0.399,24,H,341,Y,-0.5558,7
-9.564,-5.989,3,Y,342,*,,
-0.8527,-0.08776,7,Y,342,-,,
-8.409,-5.907,15,Y,342,A,-6,7
-21.1,-6.027,15,Y,342,C,-4.496,9
-11.83,-6.023,7,Y,342,D,-6,5
-7.816,-5.814,18,Y,342,E,-6,11
-1.074,-0.1249,15,Y,342,F,-0.1056,10
-7.526,-5.745,4,Y,342,G,-6,3
-5.462,-4.342,12,Y,342,H,-4.047,8
-3.273,-1.314,13,Y,342,I,-1.006,7
-8.722,-5.939,8,Y,342,K,-6,4
1.183,0.04624,8,Y,342,L,-0.1898,6
-2.681,-0.7826,9,Y,342,M,-0.6027,7
-13.25,-6.026,14,Y,342,N,-6,7
-8.162,-5.875,7,Y,342,P,-6,4
-8.884,-5.952,5,Y,342,Q,-6,2
-8.226,-5.884,9,Y,342,R,-6,7
-7.158,-5.628,6,Y,342,S,-6,3
-7.304,-5.679,15,Y,342,T,-6,9
-4.464,-2.924,11,Y,342,V,-2.969,6
-2.682,-0.7838,10,Y,342,W,-0.8909,7
0,0,,Y,342,Y,0,
-4.09,-2.363,8,D,343,-,,
-2.539,-0.6844,13,D,343,A,-0.8285,6
-3.194,-1.231,6,D,343,C,-1.178,2
0,0,,D,343,D,0,
-3.227,-1.265,9,D,343,E,-1.763,4
-4.666,-3.231,11,D,343,F,-3.348,6
-4.619,-3.16,23,D,343,G,-3.076,11
-3.35,-1.397,14,D,343,H,-1.23,8
-4.371,-2.782,13,D,343,I,-2.793,12
-5.165,-3.957,13,D,343,K,-3.838,12
-4.084,-2.354,10,D,343,L,-2.439,6
-4.554,-3.061,9,D,343,M,-2.838,6
-1.181,-0.1458,11,D,343,N,-0.04046,5
-14.19,-6.027,12,D,343,P,-6,8
-3.903,-2.096,8,D,343,Q,-2.053,6
-4.192,-2.514,8,D,343,R,-2.593,7
0.179,0.01086,10,D,343,S,0.2878,5
-3.504,-1.575,12,D,343,T,-1.33,11
-4.716,-3.306,7,D,343,V,-2.976,2
-4.672,-3.24,8,D,343,W,-3.237,5
-4.114,-2.398,8,D,343,Y,-2.167,6
-3.862,-2.038,8,S,344,-,,
-3.362,-1.411,7,S,344,A,-1.458,4
-4.06,-2.319,20,S,344,C,-2.154,10
-4.289,-2.659,13,S,344,D,-2.646,8
-4.994,-3.716,5,S,344,E,-4.359,5
-3.774,-1.919,14,S,344,F,-1.937,11
-2.977,-1.023,14,S,344,G,-1.099,10
-3.454,-1.517,5,S,344,H,-1.473,5
-4.435,-2.88,12,S,344,I,-2.99,3
-5.573,-4.473,9,S,344,K,-4.509,6
-4.561,-3.072,9,S,344,L,-3.143,5
-3.748,-1.885,10,S,344,M,-1.768,5
-3.455,-1.517,14,S,344,N,-1.453,10
-3.933,-2.138,6,S,344,P,-2.634,2
-4.378,-2.793,8,S,344,Q,-2.809,7
-4.768,-3.385,18,S,344,R,-3.208,10
0,0,,S,344,S,0,
-2.871,-0.9313,13,S,344,T,-0.5746,8
-3.938,-2.145,10,S,344,V,-2.649,5
-3.852,-2.025,8,S,344,W,-1.769,6
-3.582,-1.671,8,S,344,Y,-1.562,7
-1.564,-0.2401,7,D,345,-,,
-0.6011,-0.05404,9,D,345,A,-0.2584,5
-1.241,-0.1585,14,D,345,C,-0.1269,10
0,0,,D,345,D,0,
0.3054,0.01746,9,D,345,E,0.05319,6
0.05103,0.003294,9,D,345,F,0.1816,7
-0.9231,-0.09874,11,D,345,G,-0.2354,5
-2.575,-0.7086,5,D,345,H,-0.7386,1
-1.976,-0.3848,6,D,345,I,-0.9017,3
-0.1343,-0.009493,9,D,345,K,-0.03059,5
-1.846,-0.3335,8,D,345,L,-0.2841,4
0.173,0.01053,7,D,345,M,0.4754,3
-1.083,-0.1266,16,D,345,N,0.06779,6
-4.904,-3.586,9,D,345,P,-3.78,6
-0.9002,-0.09508,10,D,345,Q,0.4906,5
0.1196,0.007469,16,D,345,R,0.3246,9
-0.9396,-0.1014,14,D,345,S,0.1543,10
-1.181,-0.1457,5,D,345,T,-0.111,4
-0.3733,-0.0298,16,D,345,V,0.2353,10
-0.9825,-0.1086,17,D,345,W,-0.1083,10
-0.4804,-0.04053,11,D,345,Y,0.4536,5
-1.259,-0.1623,8,V,346,-,,
0.1634,0.00999,10,V,346,A,-0.1379,6
-0.7316,-0.07052,13,V,346,C,0.2306,8
-1.081,-0.1261,4,V,346,D,-0.1267,3
-1.548,-0.2353,11,V,346,E,0.098,7
-1.011,-0.1135,12,V,346,F,0.0014,6
-1.542,-0.2338,9,V,346,G,-0.2609,4
0.676,0.03269,6,V,346,H,0.3059,4
0.3747,0.02075,17,V,346,I,-0.5323,11
-1.551,-0.2361,4,V,346,K,-0.2285,4
-0.8387,-0.08566,17,V,346,L,0.01532,5
-0.7252,-0.06966,24,V,346,M,-0.308,11
-0.3146,-0.02437,12,V,346,N,-0.008923,5
-1.365,-0.187,9,V,346,P,-0.4834,3
-2.168,-0.4719,8,V,346,Q,-0.3946,7
-0.8624,-0.08923,10,V,346,R,-0.2695,9
-2.705,-0.8009,14,V,346,S,-0.7051,9
0.4791,0.02529,6,V,346,T,0.1668,6
0,0,,V,346,V,0,
-1.489,-0.2187,12,V,346,W,0.06841,9
-0.9124,-0.09702,9,V,346,Y,0.1574,6
-0.6963,-0.06585,7,G,347,-,,
-0.6268,-0.05712,9,G,347,A,-0.1318,6
-3.026,-1.068,13,G,347,C,-1.216,5
-1.356,-0.1847,11,G,347,D,-0.1309,4
-2.071,-0.4264,14,G,347,E,-0.06035,6
-3.623,-1.723,11,G,347,F,-1.55,6
0,0,,G,347,G,0,
-1.123,-0.1342,13,G,347,H,-0.2968,8
-8.137,-5.871,2,G,347,I,,
-2.676,-0.7794,15,G,347,K,-0.5038,9
-3.125,-1.162,12,G,347,L,-1.056,10
-2.525,-0.6752,9,G,347,M,-0.9373,5
-0.4043,-0.03279,8,G,347,N,0.1276,4
-4.792,-3.421,10,G,347,P,-3.625,7
-1.364,-0.1867,14,G,347,Q,-0.2139,12
-3.04,-1.081,11,G,347,R,-0.3233,5
-1.422,-0.2011,19,G,347,S,-0.2535,3
-3.556,-1.639,10,G,347,T,-1.393,8
-5.017,-3.749,17,G,347,V,-3.556,6
-3.436,-1.495,8,G,347,W,-1.688,4
-3.269,-1.31,4,G,347,Y,-1.077,3
-1.277,-0.1665,7,H,348,-,,
0.3186,0.01811,12,H,348,A,0.1139,7
0.964,0.04121,10,H,348,C,0.5693,5
1.198,0.04656,9,H,348,D,0.4291,8
0.1927,0.01162,13,H,348,E,0.2006,11
0.2757,0.01598,11,H,348,F,-0.002,8
0.02071,0.001357,6,H,348,G,-0.2643,4
0,0,,H,348,H,0,
0.118,0.007372,13,H,348,I,-0.165,10
0.06139,0.003942,11,H,348,K,0.1039,6
0.1746,0.01062,8,H,348,L,-0.05692,3
0.3727,0.02066,18,H,348,M,-0.235,10
-0.7887,-0.0784,12,H,348,N,-0.0152,4
-5.798,-4.719,20,H,348,P,-4.789,11
1.544,0.05249,10,H,348,Q,-0.1184,6
-0.157,-0.01123,23,H,348,R,-0.2614,7
1.072,0.04383,13,H,348,S,-0.08944,9
1.016,0.04251,7,H,348,T,-0.02879,5
2.494,0.06132,12,H,348,V,0.1183,8
-1.787,-0.3118,14,H,348,W,-0.3522,6
0.2192,0.01305,9,H,348,Y,-0.03204,3
-0.9475,-0.1027,6,Y,349,-,,
-3.098,-1.135,8,Y,349,A,-1.446,4
-4.336,-2.729,16,Y,349,C,-2.773,7
-8.236,-5.885,11,Y,349,D,-6,3
-7.258,-5.664,5,Y,349,E,-6,3
0.4607,0.02452,7,Y,349,F,0.4482,4
-7.971,-5.844,9,Y,349,G,-6,6
-3.637,-1.74,13,Y,349,H,-1.638,7
-4.99,-3.711,5,Y,349,I,-2.845,1
-8.363,-5.902,6,Y,349,K,-6,5
-3.902,-2.094,6,Y,349,L,-2.164,3
-1.71,-0.2855,7,Y,349,M,-0.3502,7
-5.423,-4.293,6,Y,349,N,-4.074,4
-9.401,-5.982,3,Y,349,P,-5.047,2
-9.557,-5.989,6,Y,349,Q,-6,3
-8.421,-5.909,8,Y,349,R,-6,7
-5.113,-3.885,14,Y,349,S,-3.639,4
-5.851,-4.773,7,Y,349,T,-4.923,5
-3.992,-2.221,7,Y,349,V,-2.367,4
2.304,0.06015,16,Y,349,W,0.491,11
0,0,,Y,349,Y,0,
-0.5845,-0.05209,5,V,350,-,,
-1.522,-0.228,10,V,350,A,0.2681,5
1.522,0.05217,8,V,350,C,0.1989,5
-3.421,-1.478,8,V,350,D,-1.009,6
-0.7609,-0.07451,9,V,350,E,-0.5983,5
-2.689,-0.7888,10,V,350,F,-0.3244,4
-4.17,-2.48,10,V,350,G,-2.301,6
-1.909,-0.3578,10,V,350,H,-0.296,5
-0.7697,-0.07574,7,V,350,I,-0.3006,5
-1.808,-0.3193,12,V,350,K,0.1226,5
-0.09339,-0.00647,17,V,350,L,-0.1697,8
-1.819,-0.3233,25,V,350,M,-0.1361,10
-1.959,-0.3777,10,V,350,N,-0.4505,6
-8.499,-5.918,9,V,350,P,-6,7
-0.9079,-0.0963,9,V,350,Q,-0.2876,7
-0.4931,-0.04188,7,V,350,R,-0.1178,3
-0.8029,-0.08043,9,V,350,S,-0.299,6
5.404,0.0666,11,V,350,T,0.107,6
0,0,,V,350,V,0,
-3.164,-1.201,10,V,350,W,-1.185,6
-2.38,-0.5856,15,V,350,Y,-0.3124,9
-0.8138,-0.08201,5,A,351,-,,
0,0,,A,351,A,0,
-3.228,-1.266,10,A,351,C,-1.149,7
-3.054,-1.094,16,A,351,D,-1.258,11
-1.828,-0.3267,12,A,351,E,-0.2881,9
-0.4848,-0.041,5,A,351,F,-0.274,3
-0.857,-0.08841,12,A,351,G,-0.2581,9
-1.013,-0.1138,10,A,351,H,0.2071,8
-2.412,-0.6048,11,A,351,I,-0.6807,7
-4.013,-2.251,3,A,351,K,-2.292,2
-4.413,-2.847,8,A,351,L,-3.093,4
-3.188,-1.225,8,A,351,M,-1.502,6
-2.623,-0.7411,4,A,351,N,-0.7001,3
0.1233,0.007684,6,A,351,P,0.9417,3
-2.729,-0.8187,13,A,351,Q,-0.886,7
-4.104,-2.383,9,A,351,R,-2.224,8
-1.07,-0.1241,10,A,351,S,0.07888,7
-3.175,-1.212,23,A,351,T,-1.125,8
-2.941,-0.9916,31,A,351,V,-0.8629,13
0.6227,0.03083,14,A,351,W,0.09927,7
1.74,0.05505,8,A,351,Y,0.7415,6
0.007835,0.0005169,5,D,352,-,,
-3.443,-1.503,18,D,352,A,-1.236,10
-3.356,-1.405,16,D,352,C,-1.823,10
0,0,,D,352,D,0,
-2.443,-0.6234,7,D,352,E,-0.6818,2
-3.964,-2.181,10,D,352,F,-2.041,7
-3.532,-1.61,16,D,352,G,-1.371,8
-3.663,-1.773,10,D,352,H,-2.251,3
-3.543,-1.623,9,D,352,I,-1.377,6
-4.15,-2.451,10,D,352,K,-2.525,4
-1.097,-0.1293,9,D,352,L,-1.003,5
-2.607,-0.7305,7,D,352,M,-1.274,4
-2.403,-0.5994,33,D,352,N,-0.3378,7
-5.832,-4.754,11,D,352,P,-4.155,7
-3.333,-1.379,4,D,352,Q,-1.421,2
-4.596,-3.125,9,D,352,R,-3.136,4
-3.073,-1.112,15,D,352,S,-0.6801,8
-1.284,-0.168,9,D,352,T,-0.3024,5
-3.387,-1.439,10,D,352,V,-1.341,8
-4.608,-3.143,16,D,352,W,-2.908,9
-4.057,-2.315,18,D,352,Y,-2.373,9
-0.3228,-0.0251,6,T,353,-,,
-2.797,-0.8715,21,T,353,A,-0.3411,6
-0.2995,-0.02302,10,T,353,C,-0.5328,5
3.458,0.06477,5,T,353,D,-0.2345,4
-3.011,-1.054,10,T,353,E,-0.7407,3
-4.052,-2.308,13,T,353,F,-2.344,7
-3.041,-1.082,9,T,353,G,-0.9448,6
0.2095,0.01253,16,T,353,H,0.3199,9
-2.801,-0.8743,19,T,353,I,-1.497,5
-3.441,-1.501,12,T,353,K,-1.419,6
-3.064,-1.103,8,T,353,L,-1.014,6
-2.939,-0.9893,9,T,353,M,-0.8609,6
1.065,0.04367,10,T,353,N,0.1473,8
-8.838,-5.949,11,T,353,P,-6,8
-2.532,-0.6797,11,T,353,Q,-0.5537,10
-2.827,-0.8957,8,T,353,R,-0.02268,5
-0.5958,-0.05341,10,T,353,S,0.1626,8
0,0,,T,353,T,0,
-3.233,-1.271,10,T,353,V,-1.155,9
-3.626,-1.727,14,T,353,W,-1.594,8
-3.875,-2.056,12,T,353,Y,-2.117,8
-6.245,-5.121,3,E,354,*,,
-2.089,-0.4343,7,E,354,-,,
-0.06841,-0.004681,14,E,354,A,0.1377,10
-1.489,-0.2188,15,E,354,C,-0.368,6
0.294,0.0169,13,E,354,D,-0.06577,9
0,0,,E,354,E,0,
0.1201,0.007499,15,E,354,F,0.1038,6
-1.133,-0.1361,23,E,354,G,0.03109,15
2.001,0.05777,5,E,354,H,0.6077,3
-0.2812,-0.02141,15,E,354,I,0.3208,9
-0.8774,-0.09152,17,E,354,K,-0.1594,8
1.516,0.05208,4,E,354,L,0.7213,3
-0.7866,-0.0781,8,E,354,M,0.2618,5
-1.14,-0.1376,16,E,354,N,-0.1309,8
-0.4448,-0.03683,11,E,354,P,-0.2212,4
0.3029,0.01734,11,E,354,Q,-0.05142,7
2.143,0.05898,15,E,354,R,0.2757,10
-1.023,-0.1157,16,E,354,S,0.004157,9
-1.734,-0.2936,17,E,354,T,-0.03961,13
0.1777,0.01079,11,E,354,V,0.567,4
-1.174,-0.1443,14,E,354,W,-0.1903,9
-1.06,-0.1223,14,E,354,Y,-0.2184,8
-1.369,-0.188,6,L,355,-,,
-1.437,-0.2051,9,L,355,A,-0.1451,7
0.05571,0.003587,16,L,355,C,0.13,13
-1.094,-0.1286,24,L,355,D,-0.2629,13
-0.6529,-0.06033,7,L,355,E,-0.1695,4
1.092,0.04429,10,L,355,F,0.3661,7
-1.879,-0.3459,8,L,355,G,-0.246,3
-0.8229,-0.08333,13,L,355,H,-0.1608,9
0.3672,0.0204,7,L,355,I,-0.1145,7
-1.53,-0.2304,14,L,355,K,-0.1381,7
0,0,,L,355,L,0,
0.1882,0.01137,14,L,355,M,-0.1765,8
-1.281,-0.1672,13,L,355,N,-0.3007,7
-2.238,-0.5076,11,L,355,P,-0.7876,9
-0.7025,-0.06666,12,L,355,Q,-0.2463,5
-1.607,-0.2529,11,L,355,R,-0.001183,5
-1.481,-0.2166,8,L,355,S,-0.3446,7
-1.654,-0.2672,8,L,355,T,-0.3736,6
-1.062,-0.1226,13,L,355,V,-0.4112,9
0.2532,0.01484,12,L,355,W,0.2363,10
1.428,0.05072,18,L,355,Y,-0.05529,11
-0.3941,-0.03179,6,G,356,-,,
-2.338,-0.5619,13,G,356,A,-0.6782,8
-3.475,-1.542,17,G,356,C,-1.635,9
-8.286,-5.892,37,G,356,D,-6,12
-10.09,-6.005,15,G,356,E,-6,11
-4.013,-2.252,10,G,356,F,-2.309,7
0,0,,G,356,G,0,
-6.682,-5.409,14,G,356,H,-4.627,9
-6.38,-5.22,13,G,356,I,-5.518,9
-5.348,-4.199,9,G,356,K,-4.366,8
-4.262,-2.618,21,G,356,L,-2.27,11
-3.167,-1.204,11,G,356,M,-1.34,8
-4.686,-3.261,12,G,356,N,-3.139,8
-10.46,-6.012,4,G,356,P,-6,2
-13.02,-6.026,13,G,356,Q,-5.399,10
-3.6,-1.694,16,G,356,R,-1.55,12
-3.324,-1.369,19,G,356,S,-1.434,12
-4.272,-2.633,19,G,356,T,-2.805,9
-5.41,-4.278,16,G,356,V,-4.312,8
-4.398,-2.823,11,G,356,W,-2.699,7
-4.488,-2.96,11,G,356,Y,-2.89,10
-5.792,-4.713,2,K,357,*,,
-0.7592,-0.07427,6,K,357,-,,
-0.8577,-0.08851,7,K,357,A,0.02059,5
-2.086,-0.4332,16,K,357,C,0.003069,9
-1.548,-0.2353,14,K,357,D,-0.2482,13
-1.615,-0.2552,8,K,357,E,-0.00933,4
-2.304,-0.5425,10,K,357,F,-0.4169,7
-2.016,-0.4019,13,K,357,G,-0.306,9
-0.4927,-0.04183,10,K,357,H,-0.05565,6
0.6641,0.03228,13,K,357,I,0.06215,4
0,0,,K,357,K,0,
-0.07604,-0.005223,8,K,357,L,-0.1771,4
1.416,0.05053,11,K,357,M,-0.2723,6
0.1666,0.01017,12,K,357,N,-0.1412,7
-6.011,-4.925,10,K,357,P,-4.816,7
-0.1967,-0.01435,20,K,357,Q,0.2517,6
-0.004615,-0.0003055,16,K,357,R,0.1792,5
-1.64,-0.2631,9,K,357,S,-0.2258,6
0.5248,0.02714,15,K,357,T,-0.01567,10
-1.902,-0.3548,13,K,357,V,-0.06998,8
-1.2,-0.1496,14,K,357,W,-0.3869,8
-0.0391,-0.002637,17,K,357,Y,-0.0753,12
-1.066,-0.1235,5,P,358,-,,
1.754,0.05521,8,P,358,A,-0.4127,5
-0.03495,-0.002352,10,P,358,C,-0.3644,8
-0.8821,-0.09225,12,P,358,D,-0.06612,8
-0.7064,-0.06717,10,P,358,E,-0.2908,4
-0.691,-0.06516,9,P,358,F,-0.2083,4
-1.694,-0.2803,6,P,358,G,-0.2103,3
-0.5586,-0.0491,14,P,358,H,0.168,10
-0.1276,-0.008994,9,P,358,I,-0.2763,7
0.3163,0.018,11,P,358,K,0.6509,7
0.8832,0.03906,9,P,358,L,0.7145,3
-1.464,-0.2123,9,P,358,M,-0.3256,8
-0.518,-0.04457,10,P,358,N,-0.2102,7
0,0,,P,358,P,0,
-0.8248,-0.08361,8,P,358,Q,0.1226,7
1.946,0.05725,7,P,358,R,1.055,7
-1.202,-0.1501,15,P,358,S,-0.4814,5
-0.8037,-0.08055,17,P,358,T,-0.04854,9
0.6233,0.03085,15,P,358,V,-0.015,8
0.358,0.01998,8,P,358,W,0.04936,7
-0.3663,-0.02913,7,P,358,Y,0.3425,4
-1.063,-0.1228,5,D,359,-,,
-3.169,-1.206,8,D,359,A,-1.129,4
-2.247,-0.5122,10,D,359,C,-0.8755,7
0,0,,D,359,D,0,
-2.087,-0.4337,8,D,359,E,-0.3953,2
-2.749,-0.8341,17,D,359,F,-0.8947,10
-2.746,-0.832,15,D,359,G,-1.268,9
-2.685,-0.7859,11,D,359,H,-0.9062,5
-2.895,-0.952,9,D,359,I,-0.8654,6
-3.406,-1.461,6,D,359,K,-1.284,6
-2.523,-0.6742,8,D,359,L,-0.7691,8
-2.664,-0.7706,7,D,359,M,-0.8667,6
-1.653,-0.2671,35,D,359,N,-0.04601,7
-2.408,-0.6023,8,D,359,P,-0.6067,7
-1.831,-0.3278,6,D,359,Q,-0.4719,4
-2.833,-0.9,7,D,359,R,-0.4621,5
-2.78,-0.8579,3,D,359,S,-0.9639,1
-2.587,-0.7162,12,D,359,T,-1.06,7
-1.295,-0.1703,17,D,359,V,-0.5264,10
-2.862,-0.9245,17,D,359,W,-0.8084,13
-0.4085,-0.0332,9,D,359,Y,-0.4974,6
-0.101,-0.007026,5,A,360,-,,
0,0,,A,360,A,0,
-2.858,-0.9212,5,A,360,C,-0.7658,3
-5.266,-4.092,14,A,360,D,-3.925,11
-2.195,-0.4856,10,A,360,E,-0.4925,6
-4.995,-3.718,11,A,360,F,-3.878,7
-3.524,-1.601,8,A,360,G,-1.533,7
-4.65,-3.207,17,A,360,H,-3.135,11
-3.577,-1.665,15,A,360,I,-1.608,5
-3.508,-1.581,8,A,360,K,-1.695,3
-4.133,-2.426,4,A,360,L,-2.499,3
-1.107,-0.1312,9,A,360,M,0.1399,6
-4.904,-3.586,4,A,360,N,-3.59,3
-5.588,-4.49,17,A,360,P,-4.524,12
-1.602,-0.2514,10,A,360,Q,-0.1751,8
-2.348,-0.5673,13,A,360,R,-0.3963,11
-1.034,-0.1175,14,A,360,S,0.1247,5
-2.569,-0.7044,10,A,360,T,-0.5662,4
-1.746,-0.2976,33,A,360,V,-0.1834,14
-5.85,-4.772,11,A,360,W,-4.897,6
-5.023,-3.758,9,A,360,Y,-3.557,9
0.06841,0.004379,4,D,361,-,,
-0.2479,-0.01855,12,D,361,A,-0.4091,6
-2.468,-0.6387,17,D,361,C,-0.7962,11
0,0,,D,361,D,0,
-0.1647,-0.01182,15,D,361,E,-0.06604,5
-1.29,-0.1694,10,D,361,F,-0.2537,6
-2.758,-0.8411,15,D,361,G,-0.5095,4
1.507,0.05195,9,D,361,H,0.1959,6
-0.7921,-0.07889,9,D,361,I,-0.5805,4
0.05781,0.003719,18,D,361,K,0.03713,10
0.4151,0.02256,7,D,361,L,-0.07305,4
0.9393,0.04057,7,D,361,M,0.5623,5
-0.918,-0.09792,24,D,361,N,-0.2198,7
-4.682,-3.255,11,D,361,P,-3.097,7
0.2616,0.01527,12,D,361,Q,0.1772,8
0.06974,0.00446,9,D,361,R,-0.2515,6
-0.8359,-0.08524,7,D,361,S,-0.1755,5
-0.9035,-0.0956,14,D,361,T,-0.08629,12
-1.043,-0.1191,10,D,361,V,-0.2605,8
1.645,0.05388,12,D,361,W,0.02063,7
-2.029,-0.4074,15,D,361,Y,0.1886,10
-7.194,-5.641,2,Y,362,*,,
-0.1653,-0.01187,3,Y,362,-,,
-1.111,-0.1318,6,Y,362,A,-0.5851,5
-2.338,-0.5615,11,Y,362,C,-0.6319,5
-2.708,-0.8025,10,Y,362,D,-0.9164,8
-0.5935,-0.05315,11,Y,362,E,-0.7238,7
1.373,0.0498,12,Y,362,F,0.1111,6
-2.476,-0.6436,9,Y,362,G,-0.5242,4
0.7088,0.03379,9,Y,362,H,-0.5779,6
-1.393,-0.1938,10,Y,362,I,0.03102,5
-2.721,-0.8123,6,Y,362,K,-1.022,5
-1.574,-0.2429,8,Y,362,L,-0.4615,4
-0.4235,-0.03469,14,Y,362,M,0.1885,9
-1.019,-0.1149,18,Y,362,N,-0.6574,9
-8.337,-5.899,13,Y,362,P,-5.699,7
-2.445,-0.6246,9,Y,362,Q,-1.357,3
-1.14,-0.1376,12,Y,362,R,-0.02854,7
-1.588,-0.247,13,Y,362,S,-0.5845,6
-2.089,-0.4346,15,Y,362,T,-0.3021,11
-2.144,-0.4605,11,Y,362,V,-0.6253,9
2.337,0.06037,13,Y,362,W,-0.165,8
0,0,,Y,362,Y,0,
-8.703,-5.938,65,W,363,*,-6,11
-0.2054,-0.01505,2,W,363,-,,
-3.311,-1.355,12,W,363,A,-1.541,5
-3.718,-1.845,11,W,363,C,-1.72,4
-10.1,-6.005,8,W,363,D,-6,5
-6.176,-5.066,7,W,363,E,-5.688,6
-2.517,-0.6699,10,W,363,F,-0.843,7
-3.889,-2.076,12,W,363,G,-1.864,9
-3.931,-2.135,7,W,363,H,-2.143,3
-4.233,-2.575,12,W,363,I,-2.592,7
-4.127,-2.418,10,W,363,K,-2.125,5
-3.182,-1.219,13,W,363,L,-1.194,10
-3.094,-1.132,7,W,363,M,-0.9756,5
-5.841,-4.763,9,W,363,N,-4.575,8
-7.647,-5.776,10,W,363,P,-6,6
-4.107,-2.388,19,W,363,Q,-2.238,9
-3.661,-1.771,21,W,363,R,-2.026,8
-5.183,-3.98,9,W,363,S,-3.568,7
-6.736,-5.438,10,W,363,T,-5.056,3
-5.242,-4.06,10,W,363,V,-3.281,7
0,0,,W,363,W,0,
-3.019,-1.061,8,W,363,Y,-1.01,4
-10.92,-6.018,1,N,364,-,-6,1
-4.508,-2.992,11,N,364,A,-3.004,7
-5.58,-4.482,10,N,364,C,-4.159,7
-3.145,-1.182,18,N,364,D,-0.7797,8
-2.324,-0.5539,9,N,364,E,-0.6283,7
-6.055,-4.964,12,N,364,F,-4.649,8
-4.484,-2.954,7,N,364,G,-2.56,5
-4.81,-3.448,9,N,364,H,-3.409,4
-6.108,-5.01,14,N,364,I,-4.739,6
-5.187,-3.986,12,N,364,K,-3.669,6
-5.64,-4.549,7,N,364,L,-4.676,5
-4.496,-2.973,11,N,364,M,-2.805,8
0,0,,N,364,N,0,
-7.591,-5.762,7,N,364,P,-5.893,5
-4.274,-2.636,12,N,364,Q,-2.55,9
-5.433,-4.306,13,N,364,R,-4.069,7
-3.671,-1.784,19,N,364,S,-1.784,15
-4.223,-2.559,9,N,364,T,-2.425,4
-6.117,-5.017,15,N,364,V,-4.865,10
-4.9,-3.58,9,N,364,W,-3.652,7
-5.871,-4.792,21,N,364,Y,-4.842,13
5.456,0.06661,10,S,365,A,-0.7722,5
-2.566,-0.7023,19,S,365,C,-0.2968,11
-1.248,-0.1599,11,S,365,D,-0.07965,7
-0.9133,-0.09716,9,S,365,E,-0.125,6
-1.211,-0.1519,16,S,365,F,-0.227,8
0.3418,0.01922,15,S,365,G,-0.06055,8
-1.479,-0.2163,11,S,365,H,0.5477,5
-1.65,-0.2661,22,S,365,I,-0.04228,11
-0.4767,-0.04014,9,S,365,K,-0.08992,6
0.0641,0.004111,13,S,365,L,-0.09718,7
-0.7595,-0.07432,10,S,365,M,-0.2481,8
-0.6368,-0.05835,20,S,365,N,-0.01745,5
-4.631,-3.178,13,S,365,P,-3.819,5
-1.025,-0.1159,10,S,365,Q,-0.04064,9
-0.5868,-0.05235,12,S,365,R,-0.0277,5
0,0,,S,365,S,0,
-2.346,-0.5663,8,S,365,T,0.02504,5
-1.618,-0.2562,8,S,365,V,0.2069,6
-2.559,-0.6979,17,S,365,W,-0.2128,9
-1.4,-0.1957,17,S,365,Y,-0.511,12
-7.099,-5.605,3,Q,366,*,,
-1.066,-0.1234,5,Q,366,A,-0.1251,3
-0.1834,-0.01329,9,Q,366,C,0.3269,3
-1.337,-0.1801,11,Q,366,D,-0.04007,8
-1.019,-0.1149,10,Q,366,E,0.1408,6
-1.628,-0.2592,11,Q,366,F,-0.1677,9
-1.439,-0.2055,9,Q,366,G,0.2763,5
-1.5,-0.222,14,Q,366,H,-0.4132,9
-2.105,-0.4418,8,Q,366,I,-0.1558,6
-0.2816,-0.02144,10,Q,366,K,-0.471,7
0.5162,0.0268,11,Q,366,L,-0.3272,4
-0.03793,-0.002557,7,Q,366,M,0.2333,5
-0.7847,-0.07784,5,Q,366,N,0.3682,3
-3.652,-1.759,15,Q,366,P,-1.859,7
0,0,,Q,366,Q,0,
1.446,0.05101,15,Q,366,R,0.1378,3
-0.1171,-0.008209,3,Q,366,S,0.5725,1
-0.846,-0.08675,8,Q,366,T,0.1117,5
-1.18,-0.1456,7,Q,366,V,0.2893,5
-3.66,-1.77,4,Q,366,W,-2.024,3
-1.534,-0.2313,11,Q,366,Y,-0.1748,9
-0.4026,-0.03263,11,P,367,A,-0.04029,5
-0.934,-0.1005,13,P,367,C,-0.5539,9
-2.347,-0.5669,11,P,367,D,-0.6175,7
-0.04479,-0.003029,4,P,367,E,-1.154,1
-1.789,-0.3125,12,P,367,F,-0.5076,8
0.2484,0.01459,8,P,367,G,0.1774,4
3.024,0.06361,4,P,367,H,0.044,2
-1.478,-0.2158,11,P,367,I,-0.09225,8
-0.8922,-0.09383,7,P,367,K,-1.505,2
-1.029,-0.1167,15,P,367,L,-0.4275,9
-0.6409,-0.05885,8,P,367,M,-1.107,2
-1.203,-0.1503,6,P,367,N,-0.2337,5
0,0,,P,367,P,0,
-0.08874,-0.006133,10,P,367,Q,-0.2202,4
-1.2,-0.1497,12,P,367,R,0.08982,8
-0.8344,-0.08502,14,P,367,S,-0.3731,4
-1.544,-0.2344,4,P,367,T,0.1633,3
2.665,0.0622,7,P,367,V,0.4326,4
-1.238,-0.1578,8,P,367,W,-0.01305,4
-1.145,-0.1384,9,P,367,Y,-0.4058,7
-7.095,-5.604,4,E,368,*,-6,1
0.6907,0.03318,5,E,368,A,-0.2669,2
-0.8045,-0.08066,7,E,368,C,-0.1941,3
-0.839,-0.08571,13,E,368,D,-0.4103,4
0,0,,E,368,E,0,
-2.269,-0.524,6,E,368,F,-0.3356,6
-1.611,-0.2541,4,E,368,G,0.649,1
-3.014,-1.057,2,E,368,H,-1.053,1
-0.4144,-0.03378,9,E,368,I,0.08112,3
-0.8849,-0.09269,25,E,368,K,-0.0475,8
-1.618,-0.2563,9,E,368,L,-0.1219,5
-1.697,-0.2812,7,E,368,M,-0.1149,5
-1.238,-0.1578,4,E,368,N,-0.2729,2
-1.489,-0.2188,3,E,368,P,-0.4489,2
1.304,0.04859,4,E,368,Q,0.3007,3
1.61,0.05341,4,E,368,R,-0.02098,3
-0.1727,-0.01245,5,E,368,S,0.2665,5
-0.7205,-0.06903,8,E,368,T,-0.1038,6
-1.806,-0.3188,6,E,368,V,-0.02921,5
-0.4461,-0.03697,6,E,368,W,-0.06695,4
-9.107,-5.967,5,E,369,*,,
-2.803,-0.8761,6,E,369,A,-0.6926,5
-1.135,-0.1366,4,E,369,C,-0.03517,3
-1.3,-0.1716,6,E,369,D,-0.4238,4
0,0,,E,369,E,0,
-1.43,-0.2033,6,E,369,F,-0.4821,3
-0.9529,-0.1036,6,E,369,G,-0.02866,2
-0.332,-0.02594,5,E,369,H,-0.6507,3
-3.112,-1.149,6,E,369,I,-0.9356,3
-1.262,-0.1631,76,E,369,K,-0.6738,13
0.2985,0.01712,1,E,369,L,0.06619,1
-2.829,-0.8968,5,E,369,M,-0.7539,3
-2.438,-0.6202,8,E,369,N,-0.5101,6
-1.967,-0.3813,8,E,369,P,-0.4306,8
-2.74,-0.8271,5,E,369,Q,-2.034,2
-2.853,-0.9166,3,E,369,R,-0.6389,2
-1.499,-0.2217,8,E,369,S,-0.5932,5
-2.612,-0.734,6,E,369,T,-0.6558,5
-2.895,-0.9518,3,E,369,V,-0.5003,3
-2.109,-0.4436,5,E,369,W,-0.304,5
-1.779,-0.3092,6,E,369,Y,-0.8058,4
-13.15,-6.026,1,K,370,*,,
2.108,0.05869,7,K,370,A,0.4888,4
-0.8174,-0.08253,9,K,370,C,0.1561,4
-2.156,-0.466,6,K,370,D,-0.176,3
0.02954,0.001927,12,K,370,E,0.2901,3
-1.8,-0.3167,11,K,370,F,-0.3172,9
0.9603,0.04112,7,K,370,G,0.1809,2
-1.609,-0.2533,11,K,370,H,-0.08952,10
-1.449,-0.2082,9,K,370,I,-0.4456,6
0,0,,K,370,K,0,
0.7819,0.03611,5,K,370,L,-0.1421,3
0.03087,0.002012,10,K,370,M,-0.3252,6
0.04842,0.00313,5,K,370,N,-0.1628,2
-0.5896,-0.05268,6,K,370,P,-0.2623,3
-2.64,-0.7536,5,K,370,Q,-0.1937,4
1.199,0.04657,13,K,370,R,-0.1695,6
0.3697,0.02052,13,K,370,S,0.3022,7
1.179,0.04617,7,K,370,T,0.6055,3
-1.614,-0.2548,6,K,370,V,-0.2201,5
-0.8193,-0.0828,10,K,370,W,-0.09468,8
-1.087,-0.1272,6,K,370,Y,-0.3471,4
-8.832,-5.948,9,E,371,*,-5.891,1
0.4558,0.02432,5,E,371,A,-0.04659,3
-1.659,-0.2688,10,E,371,C,-0.2494,7
-0.4934,-0.04191,9,E,371,D,-0.2569,5
0,0,,E,371,E,0,
-1.266,-0.164,11,E,371,F,-0.1253,6
-0.9548,-0.1039,6,E,371,G,-0.0854,4
0.1553,0.009536,11,E,371,H,-0.09738,9
0.2823,0.01632,11,E,371,I,0.1848,7
-0.5853,-0.05218,43,E,371,K,-0.1633,7
-0.2737,-0.02076,7,E,371,L,-0.5809,5
-1.843,-0.3324,7,E,371,M,-0.4068,6
2.508,0.0614,10,E,371,N,0.1097,7
-1.716,-0.2873,6,E,371,P,-0.4084,4
-0.06144,-0.00419,13,E,371,Q,-0.6015,7
-2.948,-0.9976,3,E,371,R,-1.485,2
-1.726,-0.2909,12,E,371,S,-0.1994,7
-2.619,-0.7386,12,E,371,T,-0.5334,8
-0.776,-0.07662,16,E,371,V,-0.3251,8
-2.585,-0.7153,13,E,371,W,-0.8666,7
-2.093,-0.4365,10,E,371,Y,-0.4782,7
-1.912,-0.359,6,R,372,A,-0.4839,2
-2.691,-0.79,5,R,372,C,-0.7244,4
-2.888,-0.9459,12,R,372,D,-0.7231,5
-1.76,-0.3025,9,R,372,E,-0.2839,3
-2.013,-0.4005,9,R,372,F,-0.8139,5
-3.068,-1.107,8,R,372,G,-1.21,3
-2.201,-0.4883,7,R,372,H,-0.4872,3
-2.009,-0.3989,6,R,372,I,-0.5414,3
-0.6835,-0.0642,19,R,372,K,-0.2192,8
-0.7149,-0.06829,22,R,372,L,-0.5191,10
-1.938,-0.3694,9,R,372,M,-0.2035,6
3.633,0.06511,6,R,372,N,-0.8538,5
-3.038,-1.079,12,R,372,P,-0.972,7
-2.91,-0.9647,9,R,372,Q,-0.6809,2
0,0,,R,372,R,0,
-2.11,-0.444,9,R,372,S,-0.7464,5
-1.886,-0.3485,10,R,372,T,-0.502,5
-2.513,-0.6675,10,R,372,V,-0.7939,7
-2.303,-0.542,18,R,372,W,-0.4455,9
-2.758,-0.841,8,R,372,Y,-0.7978,6
-1.285,-0.1682,11,V,373,A,-0.09634,7
-2.592,-0.72,10,V,373,C,-0.5497,7
-2.579,-0.7111,10,V,373,D,-0.3087,5
-1.309,-0.1737,11,V,373,E,0.4047,4
-0.221,-0.01632,15,V,373,F,0.08339,12
-2.514,-0.6681,12,V,373,G,-0.674,9
-2.5,-0.6589,9,V,373,H,-0.1448,4
-0.2421,-0.01807,5,V,373,I,-0.1984,3
-2.789,-0.8652,5,V,373,K,-1.23,2
0.161,0.009859,19,V,373,L,0.06844,3
1.223,0.04706,22,V,373,M,-0.2791,9
-2.629,-0.7457,11,V,373,N,-0.9066,8
-2.465,-0.637,12,V,373,P,-0.7669,7
0.08178,0.0052,3,V,373,Q,0.003867,3
-2.568,-0.7039,12,V,373,R,-0.9231,9
1.02,0.0426,6,V,373,S,0.2669,2
-3.052,-1.093,2,V,373,T,-0.9427,1
0,0,,V,373,V,0,
2.089,0.05853,7,V,373,W,0.689,6
1.009,0.04234,13,V,373,Y,0.512,8
-7.295,-5.676,2,R,374,*,,
-0.6999,-0.06632,7,R,374,A,-0.1412,6
-2.174,-0.4749,8,R,374,C,-0.1454,5
-1.051,-0.1206,6,R,374,D,-0.3807,4
-0.2973,-0.02282,9,R,374,E,-0.3775,3
0.3728,0.02066,11,R,374,F,-0.03553,4
-2.301,-0.5409,13,R,374,G,-0.9978,4
-0.4265,-0.03499,10,R,374,H,-0.128,6
-0.3305,-0.0258,10,R,374,I,0.07817,5
1.552,0.05261,14,R,374,K,0.2106,5
-0.9342,-0.1005,9,R,374,L,0.3439,4
-1.97,-0.3825,6,R,374,M,-0.307,4
0.7199,0.03415,9,R,374,N,-0.3647,5
-1.523,-0.2284,17,R,374,P,-0.174,9
1.078,0.04396,13,R,374,Q,-0.1259,9
0,0,,R,374,R,0,
-0.3044,-0.02345,15,R,374,S,0.02128,10
-1.795,-0.3149,7,R,374,T,0.3079,4
-0.8395,-0.08578,11,R,374,V,-0.3659,8
-0.9416,-0.1017,9,R,374,W,-0.4435,6
-1.058,-0.122,12,R,374,Y,-0.4439,5
0.8641,0.03853,1,A,375,-,,
0,0,,A,375,A,0,
-0.595,-0.05332,10,A,375,C,-0.2845,7
-0.234,-0.01739,5,A,375,D,-0.02161,4
0.5003,0.02616,17,A,375,E,-0.1549,10
-1.769,-0.3057,11,A,375,F,-0.1721,10
-0.6429,-0.05909,9,A,375,G,0.02477,8
-0.8212,-0.08308,6,A,375,H,-0.3287,3
-0.3452,-0.02715,9,A,375,I,0.2298,6
-0.01187,-0.0007901,6,A,375,K,0.8599,3
-0.8612,-0.08905,11,A,375,L,-0.2425,8
-1.854,-0.3363,9,A,375,M,-0.1277,6
-0.2484,-0.0186,10,A,375,N,0.4132,7
-3.255,-1.295,14,A,375,P,-1.288,11
-0.8585,-0.08864,5,A,375,Q,-0.2378,1
0.3502,0.01961,8,A,375,R,-0.6518,4
1.569,0.05284,11,A,375,S,0.01392,6
-0.2673,-0.0202,12,A,375,T,0.3691,7
0.464,0.02466,13,A,375,V,-0.456,4
1.55,0.05258,9,A,375,W,0.1472,7
-2.134,-0.4558,10,A,375,Y,-0.4522,10
-8.201,-5.88,2,E,376,*,,
0.01284,0.0008453,2,E,376,-,,
-1.374,-0.1892,10,E,376,A,-0.4579,2
-2.747,-0.8324,10,E,376,C,-0.4412,6
-0.8961,-0.09443,23,E,376,D,-0.4551,6
0,0,,E,376,E,0,
-2.776,-0.8551,8,E,376,F,-0.8358,5
-2.86,-0.9223,14,E,376,G,-1.277,7
-2.56,-0.6985,12,E,376,H,-0.7278,8
-2.204,-0.4899,11,E,376,I,-0.7153,5
-1.84,-0.3311,23,E,376,K,-1.221,5
-2.749,-0.8338,10,E,376,L,-1.023,5
-1.792,-0.3138,9,E,376,M,-0.8312,6
-2.617,-0.7375,5,E,376,N,-0.5331,5
-3.206,-1.243,8,E,376,P,-1.327,4
-1.903,-0.3555,9,E,376,Q,-1.297,4
-2.337,-0.5612,11,E,376,R,-1.142,5
-2.477,-0.6446,7,E,376,S,-0.631,6
-2.384,-0.5879,11,E,376,T,-0.8229,9
-2.662,-0.7689,11,E,376,V,-0.7606,7
-2.901,-0.9572,10,E,376,W,-1.313,5
-2.682,-0.7838,16,E,376,Y,-0.8231,10
-1.068,-0.1237,1,I,377,-,,
3.701,0.06523,14,I,377,A,0.1137,9
2.196,0.05938,12,I,377,C,-0.0056,10
-3.959,-2.174,7,I,377,D,-2.686,4
1.911,0.05691,7,I,377,E,0.7506,6
-0.4395,-0.0363,11,I,377,F,0.1721,6
-0.8495,-0.08728,8,I,377,G,0.5523,5
-1.533,-0.2311,11,I,377,H,-0.07846,10
0,0,,I,377,I,0,
-2.456,-0.6313,8,I,377,K,-0.2646,5
1.663,0.05411,14,I,377,L,0.418,11
1.645,0.05387,11,I,377,M,0.4613,7
-2.91,-0.9648,7,I,377,N,-0.9566,5
-2.016,-0.4021,10,I,377,P,-0.4469,7
-2.89,-0.9475,5,I,377,Q,-1.027,3
0.9776,0.04156,13,I,377,R,0.2391,6
1.738,0.05503,8,I,377,S,0.4153,5
0.3538,0.01978,16,I,377,T,0.1187,7
-0.7314,-0.0705,14,I,377,V,0.1844,6
2.517,0.06145,6,I,377,W,-0.05248,3
1.202,0.04663,9,I,377,Y,0.2287,6
1.617,0.0535,9,D,378,A,0.2064,6
-1.465,-0.2124,6,D,378,C,-0.2283,5
0,0,,D,378,D,0,
1.109,0.04468,2,D,378,E,0.3897,2
0.6308,0.03112,13,D,378,F,0.2818,8
-0.3843,-0.03085,17,D,378,G,0.1054,5
0.4603,0.02451,7,D,378,H,-0.1415,5
-0.1939,-0.01412,9,D,378,I,0.0525,2
2.002,0.05778,6,D,378,K,0.2217,2
-0.7241,-0.06952,7,D,378,L,0.3661,4
0.7654,0.0356,11,D,378,M,0.3596,7
-0.8346,-0.08505,28,D,378,N,-0.1823,9
-2.209,-0.4923,6,D,378,P,-0.3173,4
0.1035,0.006515,8,D,378,Q,-0.5278,5
-1.672,-0.2729,9,D,378,R,-0.4408,6
1.343,0.04929,9,D,378,S,0.3568,7
-1.206,-0.151,11,D,378,T,-0.2145,10
-0.9686,-0.1062,9,D,378,V,-0.1954,6
-1.981,-0.387,9,D,378,W,-0.1362,6
-0.5834,-0.05196,14,D,378,Y,-0.173,5
-0.3973,-0.0321,20,T,379,A,0.1735,9
-1.435,-0.2044,8,T,379,C,-0.3116,6
-0.2907,-0.02224,3,T,379,D,-1.202,1
2.052,0.05822,8,T,379,E,0.7327,6
-1.917,-0.3608,6,T,379,F,-0.0535,3
0.4538,0.02424,8,T,379,G,0.3714,3
1.311,0.04872,5,T,379,H,0.4824,4
-1.036,-0.1179,14,T,379,I,1.117,3
3.147,0.064,8,T,379,K,0.2995,6
-1.154,-0.1403,11,T,379,L,0.4718,7
-0.191,-0.01389,7,T,379,M,0.6437,4
0.4093,0.02231,7,T,379,N,0.5958,6
-2.069,-0.4251,13,T,379,P,-0.5755,6
0.6667,0.03237,8,T,379,Q,0.1406,6
1.917,0.05697,6,T,379,R,0.5081,2
0.7357,0.03466,9,T,379,S,0.2994,9
0,0,,T,379,T,0,
0.8227,0.03733,1,T,379,V,0.2107,1
-0.8741,-0.09102,15,T,379,W,-0.2786,9
0.8389,0.0378,7,T,379,Y,0.574,4
0.9881,0.04182,12,V,380,A,0.4217,2
1.152,0.04559,10,V,380,C,-0.07053,4
-3.696,-1.817,13,V,380,D,-1.538,6
-0.8331,-0.08483,5,V,380,E,-0.03871,4
-1.291,-0.1696,8,V,380,F,-0.7641,5
-0.5177,-0.04454,12,V,380,G,-0.3695,5
-0.2008,-0.01468,10,V,380,H,0.4826,6
-2.547,-0.6895,10,V,380,I,-0.8575,5
-1.075,-0.125,8,V,380,K,0.1223,5
-2.374,-0.582,5,V,380,L,-0.2896,1
1.986,0.05763,12,V,380,M,-0.2364,5
0.4174,0.02266,6,V,380,N,0.5742,4
-4.484,-2.955,9,V,380,P,-2.859,6
-1.907,-0.3568,11,V,380,Q,-0.3992,5
0.4748,0.02511,5,V,380,R,-0.1074,2
0.09281,0.005871,4,V,380,S,0.1293,3
-1.789,-0.3125,6,V,380,T,-0.2363,6
0,0,,V,380,V,0,
-2.278,-0.5288,7,V,380,W,-0.5929,6
-1.914,-0.3598,8,V,380,Y,0.102,5
-6.977,-5.555,1,C,381,*,,
-4.336,-2.73,8,C,381,A,-2.555,3
0,0,,C,381,C,0,
-7.655,-5.778,6,C,381,D,-6,5
-9.675,-5.993,9,C,381,E,-5.937,8
-4.089,-2.362,15,C,381,F,-2.378,7
-6.376,-5.217,9,C,381,G,-5.522,5
-8.552,-5.923,13,C,381,H,-5.694,10
-3.49,-1.559,7,C,381,I,-1.929,4
-4.732,-3.33,10,C,381,K,-3.38,8
-3.765,-1.907,10,C,381,L,-1.516,6
-3.888,-2.075,8,C,381,M,-2.119,6
-10.21,-6.007,8,C,381,N,-5.117,4
-10.86,-6.017,6,C,381,P,-6,5
-5.26,-4.084,10,C,381,Q,-3.785,4
-6.596,-5.36,9,C,381,R,-4.607,4
-5.513,-4.402,9,C,381,S,-4.216,6
-4.994,-3.717,10,C,381,T,-3.809,6
-3.734,-1.866,8,C,381,V,-1.696,6
-4.852,-3.51,6,C,381,W,-3.57,3
-12.05,-6.024,37,C,381,Y,-4.063,9
-16.7,-6.027,3,R,382,*,-6,1
-1.123,-0.1342,1,R,382,-,,
-2.007,-0.3979,8,R,382,A,-0.08285,5
-1.239,-0.1579,22,R,382,C,-0.06976,15
-1.992,-0.3914,11,R,382,D,-0.3046,7
-1.927,-0.365,10,R,382,E,-0.3351,5
-0.4681,-0.03924,7,R,382,F,0.1385,4
-2.482,-0.6478,13,R,382,G,-0.463,6
-1.369,-0.1879,13,R,382,H,-0.6181,5
-0.1806,-0.01307,15,R,382,I,-0.06515,6
0.6619,0.03221,15,R,382,K,0.0001378,7
-1.903,-0.3554,13,R,382,L,-0.1774,10
-2.571,-0.7058,8,R,382,M,-0.7399,7
-0.4272,-0.03506,14,R,382,N,-0.3044,9
-1.871,-0.3428,8,R,382,P,-0.3355,5
-1.514,-0.2257,8,R,382,Q,-0.5291,3
0,0,,R,382,R,0,
0.6751,0.03266,12,R,382,S,-0.2197,7
-0.9008,-0.09518,8,R,382,T,0.2908,6
-0.9906,-0.11,7,R,382,V,0.3249,3
-1.934,-0.3674,4,R,382,W,-1.569,1
-0.968,-0.1061,10,R,382,Y,-0.5716,6
-2.351,-0.5691,2,H,383,-,,
-2.812,-0.8832,9,H,383,A,-0.8644,9
-2.3,-0.5408,9,H,383,C,-1.093,4
-2.959,-1.008,7,H,383,D,-0.6593,4
-2.667,-0.7724,13,H,383,E,-1.349,8
-2.823,-0.8925,9,H,383,F,-0.7772,4
-0.2032,-0.01487,8,H,383,G,-0.7068,6
0,0,,H,383,H,0,
-2.926,-0.9785,7,H,383,I,-1.153,6
-3.316,-1.36,5,H,383,K,-1.558,3
-3.066,-1.106,9,H,383,L,-0.9206,7
-1.723,-0.2898,7,H,383,M,,
-1.219,-0.1537,9,H,383,N,-0.4884,5
1.55,0.05257,5,H,383,P,-0.4207,2
-2.372,-0.5808,9,H,383,Q,-1.354,6
-1.546,-0.2348,21,H,383,R,-0.7477,9
-2.948,-0.9973,8,H,383,S,-1.204,5
-3.156,-1.192,7,H,383,T,-0.8871,2
-2.312,-0.547,6,H,383,V,-0.7365,3
-0.4224,-0.03458,7,H,383,W,-0.6551,6
-1.03,-0.1168,18,H,383,Y,-0.4824,9
-1.045,-0.1196,2,N,384,-,,
-0.4759,-0.04005,6,N,384,A,-0.998,4
-3.113,-1.15,11,N,384,C,-1.165,8
1.171,0.04599,12,N,384,D,0.06578,6
-4.101,-2.379,11,N,384,E,-2.57,7
-3.548,-1.629,7,N,384,F,-1.566,6
-1.951,-0.3747,13,N,384,G,-0.6597,10
-4,-2.233,17,N,384,H,-2.124,7
-3.562,-1.646,9,N,384,I,-1.899,5
-3.492,-1.561,9,N,384,K,-1.641,6
-3.701,-1.822,11,N,384,L,-2.017,9
-3.681,-1.796,8,N,384,M,-1.535,5
0,0,,N,384,N,0,
-3.389,-1.441,7,N,384,P,-1.149,2
-3.158,-1.195,10,N,384,Q,-1.153,8
-4.599,-3.13,11,N,384,R,-2.95,6
-3.42,-1.477,14,N,384,S,-1.32,3
-3.29,-1.332,7,N,384,T,-1.395,4
-3.595,-1.687,8,N,384,V,-1.861,6
-3.708,-1.832,13,N,384,W,-1.949,8
-4.01,-2.247,7,N,384,Y,-2.445,3
-3.429,-1.488,1,Y,385,*,,
-0.09023,-0.006241,1,Y,385,-,,
-2.46,-0.6336,13,Y,385,A,-1.009,7
-2.7,-0.7972,11,Y,385,C,-0.9252,5
-3.563,-1.647,11,Y,385,D,-1.759,6
-3.043,-1.084,8,Y,385,E,-1.224,6
-0.2951,-0.02263,9,Y,385,F,-0.2084,4
-0.5303,-0.04593,13,Y,385,G,-0.742,8
0.8848,0.03911,3,Y,385,H,-4.576,1
-0.4941,-0.04199,9,Y,385,I,-0.02042,7
-2.893,-0.9505,7,Y,385,K,-0.8095,7
-0.3852,-0.03093,8,Y,385,L,-0.2993,3
-1.548,-0.2355,11,Y,385,M,-0.2846,9
-1.732,-0.2929,9,Y,385,N,-0.4961,3
-3.431,-1.49,15,Y,385,P,-1.8,10
-2.295,-0.5376,7,Y,385,Q,-0.3196,6
-2.353,-0.5703,9,Y,385,R,-0.8617,5
-2.348,-0.5673,13,Y,385,S,-0.4584,9
-2.455,-0.6306,12,Y,385,T,-0.8632,6
-1.372,-0.1887,11,Y,385,V,-0.08132,2
-0.176,-0.01271,10,Y,385,W,-0.0372,6
0,0,,Y,385,Y,0,
-0.8125,-0.08181,1,F,386,-,,
-2.801,-0.8748,9,F,386,A,-1.242,6
-2.976,-1.023,6,F,386,C,-1.166,2
-3.218,-1.256,13,F,386,D,-1.352,7
-2.592,-0.7201,7,F,386,E,-0.6737,5
0,0,,F,386,F,0,
-1.923,-0.3631,5,F,386,G,-1.409,1
-2.802,-0.8757,6,F,386,H,-0.8406,4
-2.732,-0.8207,10,F,386,I,-0.7355,6
-2.782,-0.8597,11,F,386,K,-1.002,6
-3.157,-1.194,13,F,386,L,-1.569,5
-0.3092,-0.02388,13,F,386,M,-0.3127,7
-0.4269,-0.03503,11,F,386,N,-0.4723,8
-2.502,-0.6604,10,F,386,P,-0.7307,6
-2.398,-0.5963,11,F,386,Q,-0.5121,9
-2.693,-0.7914,15,F,386,R,-0.7732,12
-3.731,-1.863,16,F,386,S,-1.911,6
-3.833,-1.999,14,F,386,T,-2.226,10
-2.725,-0.8158,5,F,386,V,-0.9476,4
-2.876,-0.9356,13,F,386,W,-0.9183,10
-1.942,-0.371,17,F,386,Y,-0.9486,8
-0.2925,-0.0224,1,M,387,-,,
-0.3808,-0.03051,4,M,387,A,-0.3069,1
-1.18,-0.1456,6,M,387,C,-0.3517,3
-2.613,-0.7343,9,M,387,D,-0.7707,6
-2.007,-0.3981,6,M,387,E,-0.8395,4
-2.982,-1.028,13,M,387,F,-1.22,4
-3.077,-1.116,4,M,387,G,-1.469,3
-2.38,-0.5859,10,M,387,H,-0.675,5
-2.852,-0.9162,15,M,387,I,-0.3139,7
-2.786,-0.8623,17,M,387,K,-0.8321,9
1.523,0.05219,7,M,387,L,-0.1115,3
0,0,,M,387,M,0,
-3.207,-1.245,11,M,387,N,-1.038,6
-3.071,-1.11,7,M,387,P,-1.182,6
-1.594,-0.2489,13,M,387,Q,-0.4605,9
-2.63,-0.7462,12,M,387,R,-0.7512,11
-1.6,-0.2507,8,M,387,S,-0.1489,6
0.3407,0.01916,8,M,387,T,-0.6425,4
-2.34,-0.5629,10,M,387,V,-0.6084,6
-2.448,-0.6265,8,M,387,W,-0.8834,5
-2.369,-0.5793,7,M,387,Y,-0.8636,4
-3.64,-1.744,2,A,388,-,-1.883,1
0,0,,A,388,A,0,
-1.945,-0.3722,6,A,388,C,-0.7661,4
-2.9,-0.9562,9,A,388,D,-1.255,4
-1.962,-0.3792,6,A,388,E,-0.879,4
-1.031,-0.117,6,A,388,F,-0.721,5
-0.9635,-0.1054,12,A,388,G,-0.2867,9
-0.5766,-0.05116,10,A,388,H,-1.082,5
-2.788,-0.8646,6,A,388,I,-1.101,4
-0.2438,-0.01821,9,A,388,K,-0.4994,2
-1.68,-0.2756,14,A,388,L,-0.8186,7
-0.7486,-0.07283,3,A,388,M,-1.019,1
-2.364,-0.5762,12,A,388,N,-0.9498,8
-2.88,-0.9392,12,A,388,P,-1.033,7
-2.634,-0.7495,8,A,388,Q,-0.8336,4
0.04749,0.003071,17,A,388,R,-0.3552,12
1.01,0.04236,15,A,388,S,-0.4387,10
-0.3225,-0.02507,35,A,388,T,-0.1658,8
-2.764,-0.8453,16,A,388,V,-0.9151,8
-2.779,-0.8574,11,A,388,W,-0.9408,7
-2.433,-0.6171,6,A,388,Y,-0.4293,5
-0.3867,-0.03108,1,S,389,-,,
0.1081,0.006787,12,S,389,A,0.1578,8
-0.7857,-0.07797,11,S,389,C,-0.6459,7
0.5717,0.02895,10,S,389,D,-0.02915,6
-1.305,-0.1727,8,S,389,E,-0.2382,8
-0.8204,-0.08297,6,S,389,F,-0.4978,3
-0.8628,-0.08928,15,S,389,G,-0.3019,8
0.1937,0.01168,9,S,389,H,-0.09896,6
-0.848,-0.08705,7,S,389,I,-0.5885,4
-1.574,-0.243,7,S,389,K,-0.5388,6
-1.503,-0.2227,11,S,389,L,-0.04561,8
-0.5429,-0.04733,7,S,389,M,-0.1052,4
0.04208,0.002728,20,S,389,N,0.1466,9
-2.001,-0.3953,5,S,389,P,-0.1347,5
0.09802,0.006185,9,S,389,Q,-0.3046,7
-0.852,-0.08765,12,S,389,R,-0.3293,5
0,0,,S,389,S,0,
2.311,0.0602,16,S,389,T,0.512,10
-0.6535,-0.06041,4,S,389,V,-0.08069,2
-0.6872,-0.06468,10,S,389,W,0.03992,7
-1.181,-0.1458,11,S,389,Y,0.0647,6
-0.473,-0.03975,2,F,390,-,,
-3.078,-1.116,4,F,390,A,-1.014,3
-1.24,-0.1581,9,F,390,C,-0.7962,3
-2.202,-0.489,10,F,390,D,-0.8273,6
-2.496,-0.6563,7,F,390,E,-0.9143,4
0,0,,F,390,F,0,
0.4208,0.02281,6,F,390,G,-0.4243,4
-2.784,-0.8613,13,F,390,H,-0.9448,8
-0.5403,-0.04704,16,F,390,I,-0.8484,10
0.4081,0.02225,7,F,390,K,-0.3204,5
-1.071,-0.1243,12,F,390,L,-0.2752,3
-2.128,-0.4526,6,F,390,M,-0.1936,5
-2.745,-0.8305,10,F,390,N,-0.6885,6
-3.395,-1.448,4,F,390,P,-0.6735,1
0.7252,0.03432,6,F,390,Q,-0.2708,3
-1.729,-0.2917,12,F,390,R,-1.851,5
-0.4714,-0.03959,7,F,390,S,-1.242,1
-2.457,-0.632,8,F,390,T,-0.4581,8
-2.551,-0.6925,11,F,390,V,-0.5326,6
-0.5576,-0.04899,7,F,390,W,-0.3585,5
-0.843,-0.0863,7,F,390,Y,-0.6495,2
-1.153,-0.14,3,T,391,-,,
-1.946,-0.3727,12,T,391,A,-0.6268,9
0.3544,0.01981,8,T,391,C,-0.6105,3
-2.426,-0.6131,9,T,391,D,-0.8814,5
-2.738,-0.8252,8,T,391,E,-0.6105,5
-0.3853,-0.03094,5,T,391,F,-1.256,3
-3.001,-1.045,6,T,391,G,-1.007,4
-3.022,-1.064,8,T,391,H,-0.8631,5
0.1985,0.01194,16,T,391,I,-0.7355,5
-2.562,-0.6998,6,T,391,K,-1.237,4
-1.599,-0.2504,9,T,391,L,-0.1031,5
-2.853,-0.9166,8,T,391,M,-1.296,5
-2.389,-0.5908,9,T,391,N,-0.6332,6
-2.925,-0.9772,13,T,391,P,-0.5631,7
-2.678,-0.781,11,T,391,Q,-0.906,6
-3.064,-1.103,13,T,391,R,-1.045,10
-2.68,-0.7822,9,T,391,S,-0.9146,6
0,0,,T,391,T,0,
5.107,0.06649,10,T,391,V,-0.5873,6
-2.763,-0.8447,7,T,391,W,-0.937,4
-3.206,-1.244,6,T,391,Y,-1.147,5
-1.26,-0.1626,4,V,392,-,,
-0.06872,-0.004703,15,V,392,A,-1.205,5
-1.873,-0.3438,7,V,392,C,0.03322,3
1.277,0.0481,7,V,392,D,-0.8083,5
-2.719,-0.811,12,V,392,E,-0.7873,9
-2.267,-0.5229,9,V,392,F,-0.6943,7
-2.525,-0.6752,8,V,392,G,-0.5593,3
-2.578,-0.7106,11,V,392,H,-0.7296,6
-0.7369,-0.07123,11,V,392,I,-0.09125,8
-3.088,-1.127,9,V,392,K,-0.8828,7
-0.3351,-0.02622,17,V,392,L,-0.1301,8
-2.818,-0.8884,21,V,392,M,-1.176,6
-2.743,-0.8297,11,V,392,N,-0.9177,7
-3.051,-1.091,8,V,392,P,-0.7772,6
-2.925,-0.9771,5,V,392,Q,-0.7628,2
-1.438,-0.2052,21,V,392,R,-0.9529,10
-2.296,-0.5382,14,V,392,S,-0.9864,9
-1.21,-0.1518,7,V,392,T,0.00525,2
0,0,,V,392,V,0,
-3.057,-1.097,12,V,392,W,-1.054,12
-1.014,-0.1141,9,V,392,Y,-0.4051,4
0.1345,0.008339,4,D,393,-,,
-1.843,-0.3323,9,D,393,A,-0.3197,6
0.1425,0.0088,9,D,393,C,-0.09453,6
0,0,,D,393,D,0,
1.72,0.05482,6,D,393,E,0.2925,4
0.242,0.01426,5,D,393,F,-0.07478,4
-0.3584,-0.02838,11,D,393,G,-0.02435,3
-0.8496,-0.0873,7,D,393,H,0.157,3
-2.653,-0.7629,11,D,393,I,-0.5061,9
-0.6925,-0.06537,7,D,393,K,0.05085,4
-0.7988,-0.07985,7,D,393,L,0.3384,5
0.7416,0.03485,8,D,393,M,0.06642,6
-1.861,-0.339,15,D,393,N,0.09065,7
-2.805,-0.8781,14,D,393,P,-1.056,12
1.872,0.05651,5,D,393,Q,-0.0558,2
-2.403,-0.599,8,D,393,R,-0.4543,5
-1.854,-0.3365,11,D,393,S,-0.4412,3
-2.807,-0.8793,6,D,393,T,-0.9913,5
-2.327,-0.5555,10,D,393,V,-0.8508,6
-0.9245,-0.09896,6,D,393,W,-0.5663,2
-1.089,-0.1276,7,D,393,Y,-0.1707,3
-7.689,-5.786,1,R,394,*,,
-1.726,-0.2909,5,R,394,-,,
-2.289,-0.5346,11,R,394,A,-0.9577,8
-2.226,-0.5012,14,R,394,C,-0.6833,7
-1.836,-0.3296,6,R,394,D,-0.4763,5
-1.191,-0.1478,7,R,394,E,-0.1195,6
-2.714,-0.8074,5,R,394,F,-0.8429,4
-1.245,-0.1592,13,R,394,G,-0.215,3
-0.8225,-0.08327,17,R,394,H,-0.2123,11
-2.385,-0.5888,15,R,394,I,-0.7068,8
1.867,0.05646,8,R,394,K,-0.07252,3
-0.1846,-0.01339,9,R,394,L,-0.3028,4
-2.149,-0.4627,10,R,394,M,-0.524,9
0.7995,0.03664,8,R,394,N,-0.1979,6
-2.352,-0.5697,7,R,394,P,-0.2789,4
0.7095,0.03381,11,R,394,Q,0.2215,9
0,0,,R,394,R,0,
-2.486,-0.6502,9,R,394,S,-0.3074,7
-2.49,-0.6526,14,R,394,T,-0.8663,8
-0.2784,-0.02116,5,R,394,V,-0.3893,2
-2.059,-0.4209,6,R,394,W,-0.2982,5
-1.032,-0.1171,15,R,394,Y,-0.7265,7
-2.35,-0.5686,6,R,395,-,,
0.4901,0.02574,4,R,395,A,-0.1535,2
-0.665,-0.06185,18,R,395,C,-0.1215,8
-0.9133,-0.09716,5,R,395,D,-0.4202,2
-0.9973,-0.1111,2,R,395,E,-0.3745,2
-0.6892,-0.06494,12,R,395,F,-0.6924,8
-2.099,-0.439,5,R,395,G,-0.681,5
2.306,0.06017,10,R,395,H,0.3075,8
-1.813,-0.3214,7,R,395,I,-0.4088,4
-1.722,-0.2895,11,R,395,K,-0.3496,9
1.637,0.05377,11,R,395,L,0.09518,7
2.106,0.05868,12,R,395,M,-0.06169,5
-1.267,-0.1641,13,R,395,N,0.01351,10
-2.943,-0.9928,8,R,395,P,-0.6741,4
0.1586,0.009719,18,R,395,Q,-0.05316,9
0,0,,R,395,R,0,
-2.563,-0.7004,7,R,395,S,-0.5131,6
-2.003,-0.3965,6,R,395,T,-0.3618,6
-0.2967,-0.02277,8,R,395,V,-1.089,4
-0.3503,-0.02762,21,R,395,W,-0.6132,6
-1.915,-0.3602,10,R,395,Y,-0.136,9
-0.05082,-0.003447,6,V,396,-,,
0.08645,0.005485,6,V,396,A,0.26,1
-2.253,-0.5155,6,V,396,C,-0.3722,5
-0.8085,-0.08124,9,V,396,D,-0.4355,7
-1.98,-0.3865,8,V,396,E,-0.7689,7
-0.9386,-0.1012,10,V,396,F,-0.4536,6
-2.292,-0.536,8,V,396,G,0.435,5
-1.612,-0.2542,10,V,396,H,-0.3509,7
0.01905,0.001249,15,V,396,I,-0.378,4
-1.547,-0.2352,9,V,396,K,-0.5308,5
0.4477,0.02397,12,V,396,L,-0.03986,5
-1.602,-0.2513,6,V,396,M,-0.5309,5
-0.8538,-0.08792,12,V,396,N,-0.8266,7
-2.056,-0.4196,7,V,396,P,-0.2228,4
-0.5236,-0.04518,9,V,396,Q,-0.233,7
1.518,0.05211,8,V,396,R,-0.02303,3
-0.9163,-0.09764,10,V,396,S,-0.234,3
-0.635,-0.05812,12,V,396,T,0.478,6
0,0,,V,396,V,0,
-1.611,-0.2539,9,V,396,W,-0.1742,4
-0.4834,-0.04085,14,V,396,Y,0.05549,9
-8.326,-5.897,5,E,397,*,,
0.4021,0.02199,6,E,397,-,,
-0.2127,-0.01564,6,E,397,A,-0.08477,4
0.07795,0.004966,5,E,397,C,0.2001,3
-0.9418,-0.1018,18,E,397,D,-0.2485,10
0,0,,E,397,E,0,
-1.633,-0.2608,9,E,397,F,-0.3863,7
-0.5202,-0.04482,9,E,397,G,-0.6053,4
-1.865,-0.3407,5,E,397,H,-0.4253,3
-1.58,-0.2446,9,E,397,I,0.4143,7
-0.7245,-0.06956,7,E,397,K,-0.08719,1
-2.26,-0.519,6,E,397,L,-0.0024,4
-0.8284,-0.08415,10,E,397,M,-0.2704,7
-1.732,-0.2929,13,E,397,N,0.4619,10
1.956,0.05735,10,E,397,P,0.004486,7
-0.5343,-0.04637,17,E,397,Q,-0.1358,9
0.09425,0.005958,13,E,397,R,-0.01841,8
-1.826,-0.326,8,E,397,S,-0.2711,7
-0.2375,-0.01768,6,E,397,T,-0.2765,3
-0.3623,-0.02875,12,E,397,V,0.3645,3
0.2674,0.01556,8,E,397,W,-0.04397,5
-0.8138,-0.08201,5,E,397,Y,-0.2395,3
-2.931,-0.9831,5,P,398,-,,
-1.289,-0.1691,11,P,398,A,-0.8994,2
-1.383,-0.1912,8,P,398,C,-0.001003,7
-3.915,-2.112,12,P,398,D,-1.708,8
-3.233,-1.272,5,P,398,E,-1.014,3
-1.963,-0.3793,9,P,398,F,-0.3454,6
-0.8599,-0.08885,8,P,398,G,0.0519,4
-1.295,-0.1704,7,P,398,H,-0.6605,4
-3.166,-1.203,6,P,398,I,-1.166,2
-3.946,-2.156,7,P,398,K,-1.713,5
-2.412,-0.6048,8,P,398,L,-0.6789,3
-1.927,-0.3647,10,P,398,M,-0.296,9
-2.763,-0.8443,12,P,398,N,-0.5884,9
0,0,,P,398,P,0,
-2.866,-0.9274,6,P,398,Q,-0.2751,2
-3.998,-2.23,11,P,398,R,-2.01,6
-1.635,-0.2613,17,P,398,S,-0.4501,10
-1.619,-0.2563,10,P,398,T,-0.2505,6
-0.5222,-0.04503,12,P,398,V,0.07244,9
-2.814,-0.8849,14,P,398,W,-0.8115,10
-2.754,-0.8381,6,P,398,Y,-1.197,2
-6.812,-5.477,3,K,399,*,,
-1.983,-0.3877,4,K,399,-,,
-0.08862,-0.006125,7,K,399,A,-0.1573,7
-0.3409,-0.02676,10,K,399,C,-0.0539,6
-1.048,-0.1202,7,K,399,D,-0.5622,3
0.3956,0.0217,16,K,399,E,-0.038,7
-0.4356,-0.0359,13,K,399,F,0.09081,7
-1.792,-0.3139,13,K,399,G,-0.1015,8
0.9235,0.04016,8,K,399,H,-0.0575,2
-0.8989,-0.09488,16,K,399,I,0.09735,12
0,0,,K,399,K,0,
-1.836,-0.3297,9,K,399,L,-0.2191,5
-1.955,-0.3763,6,K,399,M,0.197,3
-0.6793,-0.06367,29,K,399,N,0.09586,13
-3.612,-1.709,7,K,399,P,-1.901,6
-1.05,-0.1205,6,K,399,Q,-0.2787,3
-0.3479,-0.02741,24,K,399,R,0.1891,13
-0.7314,-0.0705,10,K,399,S,0.2164,8
-2.202,-0.4889,13,K,399,T,-0.0951,5
-1.971,-0.3828,7,K,399,V,-0.4394,2
-1.756,-0.301,10,K,399,W,0.1819,5
-0.9769,-0.1076,6,K,399,Y,0.03981,3
-2.152,-0.4642,329,V,400,-,,
1.585,0.05306,6,V,400,A,0.0618,4
-0.4173,-0.03407,8,V,400,C,-0.07182,6
-4.609,-3.145,5,V,400,D,-2.77,3
-3.27,-1.311,6,V,400,E,-1.264,4
-2.17,-0.4729,14,V,400,F,-0.08252,9
-1.304,-0.1724,8,V,400,G,-0.2184,5
-1.347,-0.1825,14,V,400,H,0.1147,9
1.42,0.05059,13,V,400,I,0.04103,9
-3.838,-2.006,7,V,400,K,-1.366,5
0.4352,0.02344,17,V,400,L,-0.1088,9
0.4471,0.02395,20,V,400,M,-0.2202,6
-2.144,-0.4604,8,V,400,N,-0.5001,6
1.114,0.04479,4,V,400,P,-0.8082,1
-1.978,-0.3855,7,V,400,Q,-0.2359,4
-2.618,-0.7382,14,V,400,R,-0.9215,9
0.3729,0.02067,10,V,400,S,-0.3149,7
-0.04322,-0.002921,10,V,400,T,-0.09682,4
0,0,,V,400,V,0,
-6.427,-5.252,5,V,400,W,-6,1
-0.6792,-0.06365,11,V,400,Y,0.2359,7
-0.3089,-0.02385,328,R,401,-,,
0.6583,0.03208,7,R,401,A,0.00218,2
-0.9312,-0.1,10,R,401,C,-0.6015,6
-1.795,-0.3148,11,R,401,D,-0.3798,8
0.0688,0.004403,11,R,401,E,-0.4629,5
-1.795,-0.3149,10,R,401,F,-0.2558,8
-3.31,-1.353,10,R,401,G,-1.646,7
-2.703,-0.7992,11,R,401,H,-0.495,7
-0.5554,-0.04874,12,R,401,I,0.1785,7
0.05239,0.003379,8,R,401,K,0.3005,6
-1.454,-0.2094,8,R,401,L,0.4026,3
-1.833,-0.3284,7,R,401,M,0.005182,5
-1.359,-0.1855,11,R,401,N,-0.4083,8
-6.302,-5.164,7,R,401,P,-4.928,2
0.7281,0.03442,16,R,401,Q,-0.02991,7
0,0,,R,401,R,0,
0.5267,0.02722,7,R,401,S,-0.1942,5
-0.9767,-0.1076,5,R,401,T,0.1022,1
-0.4613,-0.03854,10,R,401,V,-0.2999,4
-0.1426,-0.01012,41,R,401,W,-0.08521,8
-0.3109,-0.02403,12,R,401,Y,-0.1138,6
-0.5457,-0.04765,327,V,402,-,,
1.201,0.04661,9,V,402,A,0.7881,1
-0.9464,-0.1025,8,V,402,C,0.154,4
-4.273,-2.634,9,V,402,D,-2.48,8
-4.007,-2.243,6,V,402,E,-1.968,4
-0.3662,-0.02912,11,V,402,F,-0.06631,10
-1.119,-0.1334,13,V,402,G,-0.06003,11
-2.573,-0.7071,10,V,402,H,-0.5841,5
-0.6557,-0.06069,8,V,402,I,-0.1298,6
-3.645,-1.75,6,V,402,K,-1.315,4
-0.5525,-0.04842,17,V,402,L,-0.02323,7
-0.1437,-0.01021,22,V,402,M,0.08528,10
-2.762,-0.8437,13,V,402,N,-0.614,8
1.317,0.04883,4,V,402,P,0.8623,3
-2.1,-0.4395,13,V,402,Q,-0.2515,8
-3.464,-1.529,9,V,402,R,-1.134,4
2.351,0.06046,12,V,402,S,-0.675,4
0.3818,0.02107,12,V,402,T,0.4537,6
0,0,,V,402,V,0,
-3.199,-1.236,9,V,402,W,-0.9729,5
-2.514,-0.6678,13,V,402,Y,-0.1935,8
-0.4653,-0.03894,327,S,403,-,,
-1.055,-0.1214,8,S,403,A,0.04063,5
-0.4916,-0.04171,13,S,403,C,0.476,9
-0.7245,-0.06957,4,S,403,D,-0.4376,3
-0.08148,-0.005611,5,S,403,E,1.141,2
-0.1907,-0.01387,11,S,403,F,-0.3059,5
-0.8565,-0.08833,9,S,403,G,-0.0167,4
1.114,0.04478,16,S,403,H,0.2393,11
-0.7361,-0.07112,13,S,403,I,-0.3195,8
-2.19,-0.483,9,S,403,K,-0.1587,6
-1.515,-0.2259,7,S,403,L,0.2865,4
0.9898,0.04186,14,S,403,M,0.01918,9
0.5708,0.02891,10,S,403,N,0.2547,7
-0.7811,-0.07733,11,S,403,P,-0.2087,5
0.5677,0.0288,9,S,403,Q,-0.1724,7
-0.3758,-0.03004,20,S,403,R,-0.2653,11
0,0,,S,403,S,0,
-0.03321,-0.002233,5,S,403,T,-0.4833,4
-0.6877,-0.06474,12,S,403,V,-0.2681,8
-1.659,-0.269,7,S,403,W,-0.2359,5
0.4746,0.02511,15,S,403,Y,-0.03997,9
-0.4876,-0.04129,326,P,404,-,,
-0.08408,-0.005798,10,P,404,A,0.3024,6
0.7013,0.03354,12,P,404,C,-0.0205,8
-0.4293,-0.03527,10,P,404,D,0.2379,5
1.138,0.04531,9,P,404,E,-0.5483,7
-0.52,-0.04479,8,P,404,F,-0.2289,5
-0.3431,-0.02696,14,P,404,G,0.07356,10
-0.4261,-0.03495,10,P,404,H,0.3992,4
1.462,0.05126,6,P,404,I,0.2222,4
0.01298,0.0008544,12,P,404,K,-0.01167,7
-0.529,-0.04578,10,P,404,L,0.01515,4
-0.06148,-0.004192,12,P,404,M,0.02195,7
-1.121,-0.1338,10,P,404,N,0.5873,7
0,0,,P,404,P,0,
-0.2324,-0.01726,15,P,404,Q,0.1246,11
1.196,0.04651,6,P,404,R,0.3528,3
-1.585,-0.2462,15,P,404,S,0.01383,5
1.317,0.04884,7,P,404,T,-0.2239,4
-1.964,-0.3801,12,P,404,V,-0.1971,6
1.912,0.05692,5,P,404,W,0.7907,4
-1.405,-0.1969,7,P,404,Y,0.1275,5
-0.6183,-0.0561,326,M,405,-,,
0.01236,0.0008133,7,M,405,A,0.2667,3
0.1341,0.008317,10,M,405,C,0.1942,7
0.6882,0.0331,9,M,405,D,-0.2713,6
-3.124,-1.161,2,M,405,E,-1.829,1
0.5212,0.027,8,M,405,F,0.5548,7
-0.2529,-0.01898,3,M,405,G,-0.3393,1
-0.7578,-0.07408,12,M,405,H,0.3842,4
0.4477,0.02398,24,M,405,I,-0.124,7
0.4695,0.02489,11,M,405,K,0.1257,8
0.692,0.03323,11,M,405,L,-0.3129,3
0,0,,M,405,M,0,
-0.1519,-0.01083,15,M,405,N,0.4917,6
-2.115,-0.4467,9,M,405,P,-0.3601,9
-2.251,-0.5142,8,M,405,Q,0.07369,3
-2.261,-0.5194,11,M,405,R,-0.4444,6
-0.8996,-0.09499,10,M,405,S,0.6458,6
1.172,0.04602,6,M,405,T,-0.0743,4
0.4429,0.02377,16,M,405,V,-0.00195,8
-0.6539,-0.06046,8,M,405,W,-0.2595,4
-0.477,-0.04018,10,M,405,Y,0.153,8
-9.051,-5.964,14,Q,406,*,-6,1
0.03696,0.002402,326,Q,406,-,,
0.009068,0.0005979,8,Q,406,A,0.2733,3
-2.534,-0.6808,10,Q,406,C,-0.4271,8
-0.08005,-0.005509,6,Q,406,D,-0.02278,4
0.1497,0.009211,11,Q,406,E,-0.1031,5
-1.122,-0.134,6,Q,406,F,0.2707,4
0.03094,0.002017,10,Q,406,G,0.5725,5
-1.301,-0.1719,11,Q,406,H,-0.5533,6
-0.462,-0.03861,10,Q,406,I,-0.1947,6
1.097,0.04439,9,Q,406,K,-0.1414,7
1.62,0.05355,18,Q,406,L,-0.3271,6
0.7155,0.034,7,Q,406,M,0.1411,6
1.933,0.05713,8,Q,406,N,0.6919,6
-2.926,-0.9781,5,Q,406,P,-0.9184,3
0,0,,Q,406,Q,0,
-1.912,-0.359,12,Q,406,R,-0.4009,3
2.206,0.05946,6,Q,406,S,0.3566,3
0.2751,0.01595,12,Q,406,T,0.1285,10
-0.9035,-0.09561,13,Q,406,V,-0.1073,10
1.061,0.04359,8,Q,406,W,-0.1326,5
-0.052,-0.003529,10,Q,406,Y,0.2674,7
-1.009,-0.1131,326,S,407,-,,
0.06168,0.003961,9,S,407,A,0.1978,5
-0.5819,-0.05179,8,S,407,C,-0.3154,4
0.4728,0.02503,9,S,407,D,-0.4991,3
-1.879,-0.3459,4,S,407,E,-0.3252,2
1.824,0.05601,4,S,407,F,0.1646,3
-0.7332,-0.07074,7,S,407,G,-0.2321,4
1.709,0.05468,10,S,407,H,-0.02166,8
-0.1112,-0.007774,10,S,407,I,0.3948,2
-0.06607,-0.004516,9,S,407,K,-0.02445,7
-0.7936,-0.0791,13,S,407,L,-0.09485,7
-0.8622,-0.0892,8,S,407,M,0.04086,2
-0.7644,-0.075,19,S,407,N,0.1697,9
1.192,0.04644,11,S,407,P,0.2883,6
-0.03612,-0.002432,21,S,407,Q,0.1722,15
1.724,0.05486,8,S,407,R,-0.0182,6
0,0,,S,407,S,0,
1.424,0.05066,7,S,407,T,0.06806,5
-1.084,-0.1267,9,S,407,V,-0.4435,5
0.4003,0.0219,5,S,407,W,-0.1978,4
0.7317,0.03453,12,S,407,Y,0.3651,7
-0.5375,-0.04673,325,S,408,-,,
1.869,0.05648,8,S,408,A,0.2957,3
-0.8805,-0.09201,12,S,408,C,-0.01707,8
-1.527,-0.2294,5,S,408,D,-0.02239,3
-1.376,-0.1895,5,S,408,E,-0.3143,5
0.4866,0.0256,17,S,408,F,0.3666,7
-0.5821,-0.05181,6,S,408,G,0.07305,4
-0.2139,-0.01574,13,S,408,H,0.03042,8
-0.2304,-0.01709,11,S,408,I,-0.3399,7
-0.9963,-0.111,4,S,408,K,-0.2616,3
-0.8825,-0.09232,13,S,408,L,0.3401,7
0.664,0.03228,16,S,408,M,-0.03048,12
0.0009951,6.611e-05,14,S,408,N,0.1982,11
-1.023,-0.1157,14,S,408,P,-0.02735,8
0.2017,0.01211,9,S,408,Q,0.2492,8
-0.0585,-0.003983,10,S,408,R,-0.2614,6
0,0,,S,408,S,0,
-1.655,-0.2676,6,S,408,T,-0.3604,4
0.02707,0.001768,1,S,408,V,-0.3877,1
-1.396,-0.1947,12,S,408,W,0.1272,11
-0.4852,-0.04104,8,S,408,Y,-0.2044,4
-0.1643,-0.01179,326,S,409,-,,
-0.002738,-0.0001813,10,S,409,A,0.3598,7
-0.0238,-0.001593,6,S,409,C,-0.8627,2
0.7312,0.03451,8,S,409,D,0.1708,5
2.395,0.06074,7,S,409,E,-0.1078,4
-0.2086,-0.01531,17,S,409,F,-0.3407,6
0.5236,0.02709,9,S,409,G,0.549,5
0.392,0.02153,13,S,409,H,0.1187,9
-1.517,-0.2267,9,S,409,I,-0.4867,7
0.02031,0.001331,8,S,409,K,0.4235,4
1.314,0.04877,10,S,409,L,0.08017,5
1.568,0.05283,9,S,409,M,0.3528,7
-0.04386,-0.002965,7,S,409,N,0.13,6
0.001653,0.0001093,13,S,409,P,-0.1996,7
-2.486,-0.6502,1,S,409,Q,-0.7116,1
0.5723,0.02897,10,S,409,R,0.7377,6
0,0,,S,409,S,0,
-0.5105,-0.04376,12,S,409,T,-0.02455,6
1.502,0.05187,4,S,409,V,-0.2624,3
-0.354,-0.02797,9,S,409,W,-0.2722,8
-1.521,-0.2276,10,S,409,Y,-0.3752,5
-0.6884,-0.06484,326,L,410,-,,
0.2003,0.01203,9,L,410,A,0.3277,6
-1.15,-0.1395,8,L,410,C,-0.6463,6
-1.726,-0.2908,7,L,410,D,-0.4554,7
0.5224,0.02704,6,L,410,E,-0.2245,4
-0.9121,-0.09696,8,L,410,F,-0.2323,2
1.841,0.05618,10,L,410,G,-0.2935,7
-0.7581,-0.07413,7,L,410,H,0.37,6
-1.715,-0.2872,11,L,410,I,-0.4843,7
-1.599,-0.2504,13,L,410,K,0.3849,8
0,0,,L,410,L,0,
0.2735,0.01587,12,L,410,M,0.1884,7
1.01,0.04237,10,L,410,N,0.1947,9
0.6018,0.03007,17,L,410,P,0.6535,2
1.329,0.04904,12,L,410,Q,0.1063,7
-1.124,-0.1344,10,L,410,R,-0.3078,4
0.2326,0.01376,13,L,410,S,0.1388,8
-0.7131,-0.06805,7,L,410,T,0.7599,6
-0.6244,-0.05684,11,L,410,V,0.4597,6
-0.3991,-0.03227,11,L,410,W,-0.186,7
2.176,0.05923,13,L,410,Y,0.04462,10
-0.466,-0.03902,326,P,411,-,,
0.434,0.02339,10,P,411,A,0.1179,6
-1.656,-0.2679,9,P,411,C,-0.3512,6
0.02721,0.001777,8,P,411,D,0.4424,6
0.003634,0.0002401,9,P,411,E,0.3417,4
-0.8751,-0.09117,13,P,411,F,-0.006725,10
1.802,0.05576,14,P,411,G,0.4183,9
1.554,0.05264,10,P,411,H,0.5466,6
0.611,0.0304,12,P,411,I,-0.0588,11
-0.2289,-0.01697,10,P,411,K,-0.08684,9
2.464,0.06115,14,P,411,L,0.6418,4
0.1273,0.007921,10,P,411,M,-0.01074,7
-0.9871,-0.1094,6,P,411,N,-0.1481,3
0,0,,P,411,P,0,
0.007514,0.0004955,13,P,411,Q,0.1287,9
0.1803,0.01093,7,P,411,R,0.01043,3
-0.3095,-0.0239,18,P,411,S,0.0356,4
0.1787,0.01085,19,P,411,T,0.4811,9
0.02569,0.001679,9,P,411,V,-0.1738,7
-0.7568,-0.07395,9,P,411,W,0.1213,5
-0.9197,-0.09818,5,P,411,Y,0.03873,3
-8.292,-5.893,9,Q,412,*,-6,1
-0.06021,-0.004103,326,Q,412,-,,
-1.608,-0.2531,15,Q,412,A,-0.3166,10
-0.44,-0.03635,8,Q,412,C,-0.4423,4
0.8794,0.03896,12,Q,412,D,-0.07623,8
-0.7314,-0.07049,17,Q,412,E,0.2273,10
0.4677,0.02482,13,Q,412,F,0.2897,9
1.895,0.05675,4,Q,412,G,-0.6922,2
0.3766,0.02083,18,Q,412,H,-0.2432,5
-0.6722,-0.06276,12,Q,412,I,0.0791,7
0.06232,0.004001,12,Q,412,K,0.05224,8
-0.7534,-0.07347,5,Q,412,L,0.8487,2
-0.3235,-0.02516,10,Q,412,M,-0.259,5
0.02906,0.001896,8,Q,412,N,0.1935,5
-0.3742,-0.02988,12,Q,412,P,0.6126,5
0,0,,Q,412,Q,0,
0.7923,0.03643,16,Q,412,R,-0.4515,6
1.472,0.05141,10,Q,412,S,0.09125,7
-0.684,-0.06427,7,Q,412,T,0.03273,2
0.8952,0.03939,10,Q,412,V,0.001475,6
-1.162,-0.1419,8,Q,412,W,-0.008945,6
2.708,0.0624,6,Q,412,Y,0.078,4
-0.1595,-0.01142,327,T,413,-,,
0.9261,0.04023,11,T,413,A,0.2771,5
-0.391,-0.03149,7,T,413,C,0.3329,3
1.053,0.04339,6,T,413,D,-0.09715,2
-0.4016,-0.03252,11,T,413,E,-0.08505,6
0.0422,0.002736,8,T,413,F,0.07315,4
0.1981,0.01192,1,T,413,G,,
-0.7361,-0.07113,14,T,413,H,0.4185,10
-0.151,-0.01077,18,T,413,I,-0.1679,11
2.512,0.06142,9,T,413,K,0.3972,5
-0.1031,-0.007179,9,T,413,L,-0.2974,6
0.919,0.04004,3,T,413,M,0.01265,3
0.3826,0.02111,8,T,413,N,-0.01407,5
-0.614,-0.05558,9,T,413,P,-0.1686,4
-2.216,-0.4961,8,T,413,Q,-0.8507,6
-1.917,-0.3606,6,T,413,R,-0.7319,2
-0.9981,-0.1113,4,T,413,S,-0.1319,2
0,0,,T,413,T,0,
0.4395,0.02362,9,T,413,V,0.08836,8
-1.208,-0.1514,13,T,413,W,-0.4475,6
0.1755,0.01067,13,T,413,Y,-0.1232,10
-0.02506,-0.001679,327,D,414,-,,
-0.1776,-0.01283,16,D,414,A,0.4624,9
0.2438,0.01435,10,D,414,C,-0.08129,5
0,0,,D,414,D,0,
0.0257,0.00168,9,D,414,E,0.1216,5
0.95,0.04085,5,D,414,F,0.4122,4
0.1256,0.007821,12,D,414,G,0.2466,9
-0.05497,-0.003736,10,D,414,H,0.02859,5
-0.6067,-0.0547,13,D,414,I,0.4561,8
1.632,0.05371,12,D,414,K,0.1549,11
-0.4456,-0.03692,8,D,414,L,-0.2397,3
-0.5325,-0.04617,12,D,414,M,0.009159,9
0.9422,0.04065,9,D,414,N,0.301,3
0.5025,0.02625,5,D,414,P,0.07766,4
0.3646,0.02028,15,D,414,Q,0.6715,7
-0.5071,-0.04339,7,D,414,R,-0.2722,5
-0.0558,-0.003795,7,D,414,S,-0.2039,7
-2.61,-0.7327,9,D,414,T,-0.2734,7
0.2696,0.01568,11,D,414,V,-0.1238,10
0.3466,0.01944,13,D,414,W,0.0669,8
-1.934,-0.3675,7,D,414,Y,-0.5286,5
-0.5404,-0.04705,327,R,415,-,,
0.5513,0.02817,5,R,415,A,0.3195,3
-0.9793,-0.108,12,R,415,C,-0.08817,12
-2.068,-0.4247,14,R,415,D,-0.1593,8
-2.393,-0.5933,9,R,415,E,0.108,5
1.051,0.04335,10,R,415,F,0.2469,8
-1.327,-0.1778,13,R,415,G,0.2113,7
0.68,0.03282,7,R,415,H,0.2202,5
1.656,0.05402,14,R,415,I,-0.278,5
-0.5934,-0.05313,20,R,415,K,0.03786,11
-0.1135,-0.007941,15,R,415,L,0.09129,10
1.322,0.04891,6,R,415,M,0.1102,5
-0.6094,-0.05503,8,R,415,N,-0.2733,7
1.878,0.05658,5,R,415,P,-0.4531,3
1.116,0.04482,7,R,415,Q,0.103,6
0,0,,R,415,R,0,
0.4266,0.02306,9,R,415,S,0.3125,5
-1.87,-0.3427,8,R,415,T,-0.0327,5
2.074,0.05841,11,R,415,V,-0.3701,7
-2.245,-0.5114,8,R,415,W,-0.4551,6
2.377,0.06063,11,R,415,Y,0.035,4
-0.5998,-0.05389,327,L,416,-,,
-2.619,-0.7389,6,L,416,A,-0.4852,4
-2.057,-0.4199,9,L,416,C,-0.08358,8
-4.967,-3.677,11,L,416,D,-3.908,9
-2.225,-0.501,15,L,416,E,-0.6644,10
-1.408,-0.1976,7,L,416,F,0.03121,5
-2.676,-0.7794,13,L,416,G,-0.7467,9
-0.267,-0.02018,8,L,416,H,-0.03095,4
0.6984,0.03344,8,L,416,I,0.2256,6
-1.726,-0.291,10,L,416,K,-0.3853,8
0,0,,L,416,L,0,
-0.4904,-0.04159,6,L,416,M,-0.428,3
-3.231,-1.27,5,L,416,N,-1.344,2
-2.552,-0.693,7,L,416,P,-0.5757,4
-1.023,-0.1157,19,L,416,Q,-0.1739,8
-1.066,-0.1233,15,L,416,R,-0.233,6
-2.662,-0.7694,5,L,416,S,-0.2257,3
0.02794,0.001824,11,L,416,T,0.06328,7
-0.4968,-0.04228,11,L,416,V,0.3186,5
0.6473,0.0317,9,L,416,W,-0.1286,6
-1.633,-0.2607,8,L,416,Y,-0.4567,6
0.05356,0.003453,327,A,417,-,,
0,0,,A,417,A,0,
-2.681,-0.783,7,A,417,C,-0.8766,4
-0.9256,-0.09913,13,A,417,D,-0.02503,11
-2.728,-0.818,10,A,417,E,-0.6355,5
-1.914,-0.3596,5,A,417,F,-0.3619,3
0.6359,0.0313,9,A,417,G,0.3031,4
-1.646,-0.265,10,A,417,H,-0.09952,6
-1.101,-0.13,13,A,417,I,-0.207,9
-1.391,-0.1935,5,A,417,K,0.1535,2
1.506,0.05193,8,A,417,L,0.2061,7
-0.05147,-0.003492,12,A,417,M,-0.07155,8
-1.503,-0.2227,11,A,417,N,-0.09276,10
-0.4042,-0.03278,8,A,417,P,-0.1673,5
-0.9122,-0.09699,11,A,417,Q,-0.4439,7
1.273,0.04803,7,A,417,R,-0.7828,2
-0.327,-0.02548,12,A,417,S,-0.07069,7
-1.381,-0.1908,26,A,417,T,0.0582,4
-0.2314,-0.01718,23,A,417,V,0.2179,8
0.8211,0.03728,8,A,417,W,-0.05495,6
-0.9926,-0.1103,7,A,417,Y,0.01141,5
-13,-6.026,3,C,418,*,-6,2
-0.331,-0.02585,327,C,418,-,,
0.5865,0.0295,7,C,418,A,0.04446,4
0,0,,C,418,C,0,
-8.725,-5.94,17,C,418,D,-6,11
-8.531,-5.921,7,C,418,E,-6,5
-6.121,-5.021,17,C,418,F,-3.496,8
-3.137,-1.174,11,C,418,G,-1.261,9
-7.706,-5.79,10,C,418,H,-6,5
-3.098,-1.136,9,C,418,I,-1.06,4
-7.582,-5.76,9,C,418,K,-6,3
-2.698,-0.7955,9,C,418,L,-0.6371,8
-2.698,-0.7956,7,C,418,M,-0.8055,5
-7.552,-5.752,10,C,418,N,-6,5
-9.684,-5.993,10,C,418,P,-6,5
-6.48,-5.287,8,C,418,Q,-5.13,4
-7.761,-5.802,8,C,418,R,-6,7
-3.449,-1.511,10,C,418,S,-1.361,7
-2.941,-0.9915,14,C,418,T,-1.325,9
-1.241,-0.1584,2,C,418,V,-0.5975,1
-12.67,-6.026,21,C,418,W,-6,13
-8.192,-5.879,18,C,418,Y,-6,9
-6.511,-5.307,2,Y,419,*,,
-0.06866,-0.004699,327,Y,419,-,,
1.091,0.04426,5,Y,419,A,-0.001765,4
0.9796,0.04161,1,Y,419,C,0.5697,1
0.1504,0.009253,9,Y,419,D,-1.192,5
-2.482,-0.6474,7,Y,419,E,-0.6519,3
2.939,0.06332,13,Y,419,F,0.09995,7
-2.914,-0.9679,8,Y,419,G,-0.7308,7
-1.954,-0.3756,7,Y,419,H,-0.5685,2
-2.112,-0.4454,8,Y,419,I,-0.1898,5
0.6867,0.03305,13,Y,419,K,-0.03822,9
-1.42,-0.2007,6,Y,419,L,-0.08821,5
-0.8223,-0.08324,9,Y,419,M,-0.444,3
-8.597,-5.928,9,Y,419,N,-6,3
-3.854,-2.027,12,Y,419,P,-1.994,9
-1.412,-0.1986,12,Y,419,Q,0.04896,9
0.177,0.01075,10,Y,419,R,0.3983,5
-0.6535,-0.06041,10,Y,419,S,-0.443,5
-0.4308,-0.03542,4,Y,419,T,-0.7208,3
1.701,0.05458,6,Y,419,V,0.7039,1
0.04081,0.002648,13,Y,419,W,-0.05146,8
0,0,,Y,419,Y,0,
0.6029,0.03011,327,V,420,-,,
0.5402,0.02774,19,V,420,A,0.0626,10
0.9979,0.04206,10,V,420,C,0.2215,7
-6.493,-5.296,6,V,420,D,-5.335,3
-5.123,-3.899,16,V,420,E,-3.122,7
-2.957,-1.006,10,V,420,F,-0.5574,5
-3.144,-1.181,5,V,420,G,-0.9606,1
-4.431,-2.874,3,V,420,H,-2.62,3
-0.2738,-0.02077,16,V,420,I,0.01175,7
-8.6,-5.928,7,V,420,K,-6,3
-0.2847,-0.02171,16,V,420,L,-1.04,3
-0.9721,-0.1068,28,V,420,M,-0.05531,9
-0.9165,-0.09767,6,V,420,N,-0.7283,5
-3.251,-1.291,10,V,420,P,-0.8498,7
-3.865,-2.043,10,V,420,Q,-1.936,6
-9.339,-5.98,11,V,420,R,-6,6
0.5656,0.02872,7,V,420,S,0.0111,4
-0.3979,-0.03216,6,V,420,T,-0.08853,4
0,0,,V,420,V,0,
-4.977,-3.692,11,V,420,W,-3.564,4
-3.167,-1.204,9,V,420,Y,-1.438,4
-5.191,-3.991,328,T,421,-,,
-1.953,-0.3754,10,T,421,A,0.1281,5
-0.6022,-0.05417,21,T,421,C,0.1582,14
1.515,0.05207,9,T,421,D,-0.6882,4
-0.8963,-0.09447,9,T,421,E,-0.8669,2
0.7597,0.03542,13,T,421,F,-0.2594,9
-2.534,-0.6813,7,T,421,G,-0.363,6
-0.8749,-0.09113,10,T,421,H,0.09448,5
-1.162,-0.1418,27,T,421,I,-0.1637,13
-0.8469,-0.08689,7,T,421,K,0.05011,6
-0.6668,-0.06208,4,T,421,L,,
-1.349,-0.1832,9,T,421,M,-0.01584,9
-2.615,-0.7356,8,T,421,N,0.05537,4
-2.658,-0.7665,10,T,421,P,-0.7378,6
-1.309,-0.1735,9,T,421,Q,0.07864,5
-0.4047,-0.03282,9,T,421,R,-0.2122,4
0.7204,0.03417,13,T,421,S,0.2953,4
0,0,,T,421,T,0,
1.79,0.05563,16,T,421,V,0.1085,8
0.417,0.02265,8,T,421,W,0.2594,4
0.5252,0.02715,12,T,421,Y,0.06131,9
-6.156,-5.05,328,G,422,-,,
-1.456,-0.2099,11,G,422,A,-0.6121,5
-0.5464,-0.04773,17,G,422,C,-0.3305,9
-0.4019,-0.03256,28,G,422,D,0.2553,5
-0.4267,-0.03501,8,G,422,E,-0.002841,3
-0.5194,-0.04473,10,G,422,F,0.2627,9
0,0,,G,422,G,0,
-0.04738,-0.003208,13,G,422,H,0.4438,9
-2.195,-0.4856,10,G,422,I,-0.3972,6
-0.6024,-0.0542,19,G,422,K,0.1299,10
-0.1735,-0.01251,5,G,422,L,0.5654,3
-0.6283,-0.05731,6,G,422,M,,
-1.584,-0.2459,7,G,422,N,-0.2505,6
-2.427,-0.6134,12,G,422,P,0.05286,9
0.0203,0.001331,14,G,422,Q,0.2523,6
1.28,0.04814,12,G,422,R,0.1878,6
0.4633,0.02464,20,G,422,S,-0.1018,10
-2.305,-0.5433,10,G,422,T,-0.3475,5
-2.496,-0.6566,13,G,422,V,-0.3882,5
-1.179,-0.1454,11,G,422,W,-0.3971,7
-2.208,-0.492,8,G,422,Y,-0.3846,6
-0.1007,-0.007003,327,F,423,-,,
1.633,0.05371,11,F,423,A,-0.1114,8
-0.3638,-0.0289,8,F,423,C,-0.5181,4
-3.239,-1.278,4,F,423,D,-1.963,1
-2.872,-0.9326,9,F,423,E,-0.4184,6
0,0,,F,423,F,0,
-1.911,-0.3583,9,F,423,G,-0.4374,7
-1.722,-0.2894,5,F,423,H,-0.4472,3
-2.204,-0.4899,11,F,423,I,-0.3101,5
-4.682,-3.255,3,F,423,K,-3.446,2
-2.322,-0.5529,17,F,423,L,-0.3237,7
0.1732,0.01054,8,F,423,M,-0.1662,7
-2.871,-0.9319,12,F,423,N,-0.8022,6
-3.625,-1.726,5,F,423,P,-1.914,2
-2.14,-0.4585,7,F,423,Q,-0.6887,6
-4.484,-2.954,7,F,423,R,-2.901,7
-0.9285,-0.0996,14,F,423,S,0.1495,5
-0.113,-0.007901,12,F,423,T,0.1087,8
0.03182,0.002074,8,F,423,V,-0.02298,4
-1.605,-0.2523,12,F,423,W,-0.3176,7
-1.957,-0.3769,12,F,423,Y,-0.1877,8
-7.14,-5.621,1,Y,424,*,,
-0.3084,-0.02381,328,Y,424,-,,
-3.006,-1.05,6,Y,424,A,-0.8619,6
-1.88,-0.3465,10,Y,424,C,-0.6236,3
-3.833,-1.998,8,Y,424,D,-1.643,4
-3.767,-1.91,7,Y,424,E,-1.216,1
-0.8302,-0.0844,12,Y,424,F,-0.3083,4
-3.229,-1.267,19,Y,424,G,-1.32,10
0.9663,0.04127,6,Y,424,H,-0.02545,4
-3.434,-1.493,7,Y,424,I,-1.229,3
-4.01,-2.248,13,Y,424,K,-2.229,8
-0.6554,-0.06065,12,Y,424,L,-0.1038,9
-2.323,-0.5532,8,Y,424,M,-0.708,6
-1.5,-0.2218,12,Y,424,N,-0.3735,4
-4.311,-2.691,7,Y,424,P,-2.335,4
-2.157,-0.4668,7,Y,424,Q,-0.1034,5
-2.703,-0.7992,5,Y,424,R,-0.7487,4
-3.615,-1.713,9,Y,424,S,-1.773,5
-3.06,-1.1,8,Y,424,T,-1.219,6
-3.469,-1.534,3,Y,424,V,-1.453,2
-2.716,-0.8091,9,Y,424,W,-0.9814,5
0,0,,Y,424,Y,0,
0.3886,0.02138,328,P,425,-,,
-2.415,-0.6066,9,P,425,A,-0.4657,6
-1.198,-0.1493,18,P,425,C,-0.1636,13
-2.1,-0.4395,10,P,425,D,-0.1941,6
-1.278,-0.1666,8,P,425,E,-0.2016,5
-1.887,-0.3492,13,P,425,F,-0.1559,7
-1.741,-0.2959,7,P,425,G,-0.1686,5
0.6165,0.0306,8,P,425,H,-0.1996,5
-2.073,-0.4272,7,P,425,I,-0.6431,3
-1.605,-0.2521,10,P,425,K,-0.296,6
-1.5,-0.2219,15,P,425,L,-0.5796,4
-1.843,-0.3324,10,P,425,M,-0.526,7
-1.992,-0.3915,8,P,425,N,-0.185,5
0,0,,P,425,P,0,
-1.107,-0.1311,9,P,425,Q,0.1636,7
-2.702,-0.7986,6,P,425,R,-0.2727,5
-2.32,-0.5514,14,P,425,S,-0.5542,7
-1.433,-0.2041,1,P,425,T,-0.4689,1
-2.403,-0.599,14,P,425,V,-0.146,9
-2.308,-0.5448,7,P,425,W,-0.3121,6
-2.32,-0.5516,9,P,425,Y,-0.4518,7
0.06016,0.003866,1,A,426,*,,
-0.4087,-0.03322,328,A,426,-,,
0,0,,A,426,A,0,
1.124,0.045,13,A,426,C,0.2224,6
-1.874,-0.3441,8,A,426,D,-0.3347,4
-2.152,-0.464,8,A,426,E,-0.6761,7
1.659,0.05405,4,A,426,F,-0.6791,1
0.4458,0.02389,13,A,426,G,0.2193,6
0.09955,0.006277,13,A,426,H,0.09808,8
1.833,0.05611,11,A,426,I,0.2298,7
0.5596,0.02849,9,A,426,K,0.0004,4
0.3147,0.01792,11,A,426,L,-0.1883,7
-2.427,-0.6134,3,A,426,M,-0.5735,3
-0.8555,-0.08818,7,A,426,N,-0.355,5
-0.2709,-0.02051,9,A,426,P,0.09105,4
-1.945,-0.3721,7,A,426,Q,-0.3432,5
-2.21,-0.4931,6,A,426,R,-0.5932,4
-0.9935,-0.1105,10,A,426,S,-0.2149,4
0.5141,0.02672,41,A,426,T,0.5131,10
0.1592,0.009752,20,A,426,V,-0.07992,6
-0.3668,-0.02918,8,A,426,W,-0.2785,2
1.575,0.05293,7,A,426,Y,-0.06949,4
-0.552,-0.04836,328,D,427,-,,
0.09119,0.005772,14,D,427,A,0.3721,9
-1.21,-0.1518,8,D,427,C,0.3922,2
0,0,,D,427,D,0,
1.212,0.04684,9,D,427,E,0.1996,5
1.741,0.05507,8,D,427,F,-0.00568,2
-0.5978,-0.05365,8,D,427,G,-0.531,3
-0.1752,-0.01264,10,D,427,H,0.2615,6
-0.7281,-0.07004,9,D,427,I,-0.4162,6
0.7457,0.03498,6,D,427,K,-0.129,3
-0.9804,-0.1082,6,D,427,L,-0.2223,3
0.4943,0.02591,6,D,427,M,0.02697,5
0.3504,0.01962,70,D,427,N,0.3586,14
0.8208,0.03728,5,D,427,P,0.412,5
0.09699,0.006123,5,D,427,Q,0.4718,2
-1.987,-0.3893,13,D,427,R,0.1186,9
-1.228,-0.1557,7,D,427,S,0.04305,4
1.127,0.04507,12,D,427,T,-0.1785,7
0.4927,0.02585,12,D,427,V,0.2296,7
0.632,0.03116,2,D,427,W,0.1392,2
1.883,0.05662,16,D,427,Y,0.06026,7
-0.9766,-0.1076,329,I,428,-,,
-0.4722,-0.03967,9,I,428,A,-0.05236,7
-2.199,-0.4873,9,I,428,C,-0.2078,6
-3.467,-1.532,12,I,428,D,-1.66,9
-3.203,-1.24,8,I,428,E,-1.143,5
-1.003,-0.112,17,I,428,F,-0.1265,12
-0.6027,-0.05423,6,I,428,G,-0.2901,5
-0.5805,-0.05162,6,I,428,H,-0.3446,4
0,0,,I,428,I,0,
-3.302,-1.345,8,I,428,K,-0.738,6
-0.5643,-0.04976,18,I,428,L,0.005965,10
0.734,0.0346,6,I,428,M,0.167,5
-2.106,-0.4423,6,I,428,N,-0.1799,5
-1.097,-0.1292,11,I,428,P,0.1503,6
-1.591,-0.2481,14,I,428,Q,-0.2803,7
-3.054,-1.094,13,I,428,R,-0.5582,5
-1.856,-0.3371,2,I,428,S,,
-0.1201,-0.008431,12,I,428,T,0.0398,6
1.031,0.04287,2,I,428,V,0.168,2
0.09921,0.006256,9,I,428,W,-0.6228,4
-0.2697,-0.02041,7,I,428,Y,-0.6101,2
-7.18,-5.636,7,Q,429,*,,
-0.9475,-0.1027,329,Q,429,-,,
1.309,0.04868,11,Q,429,A,0.4136,5
-0.631,-0.05763,4,Q,429,C,-0.7617,2
0.6023,0.03009,9,Q,429,D,0.0162,5
-2.511,-0.6661,10,Q,429,E,-0.1989,9
1.244,0.04747,11,Q,429,F,0.4772,8
0.4717,0.02498,7,Q,429,G,0.05459,3
-0.4008,-0.03245,18,Q,429,H,0.2323,5
0.8841,0.03909,16,Q,429,I,-0.3024,9
-2.16,-0.4682,13,Q,429,K,-0.1731,5
-0.06987,-0.004784,8,Q,429,L,-0.6904,2
-0.05138,-0.003486,8,Q,429,M,-0.07889,5
-1.557,-0.2381,10,Q,429,N,-0.2982,7
-1.646,-0.2647,13,Q,429,P,-0.4702,4
0,0,,Q,429,Q,0,
-0.2923,-0.02238,11,Q,429,R,0.1434,3
0.3013,0.01726,17,Q,429,S,-0.02337,12
1.773,0.05543,9,Q,429,T,-0.3817,8
-0.1863,-0.01352,7,Q,429,V,0.2767,3
0.8418,0.03789,4,Q,429,W,0.05207,3
-0.6972,-0.06597,9,Q,429,Y,0.036,3
0.6478,0.03171,3,V,430,-,,
-2.338,-0.5618,12,V,430,A,-0.1572,8
-2.508,-0.6639,5,V,430,C,-0.1837,5
-8.252,-5.888,13,V,430,D,-6,8
-10.23,-6.008,9,V,430,E,-6,7
1.56,0.05272,17,V,430,F,-0.1671,11
-3.012,-1.055,9,V,430,G,-0.8787,8
-3.53,-1.608,16,V,430,H,-1.527,14
1.551,0.05259,13,V,430,I,0.1848,7
-5.074,-3.83,6,V,430,K,-3.729,5
0.8276,0.03748,12,V,430,L,0.25,8
-0.7893,-0.07848,21,V,430,M,0.2059,7
-4.126,-2.416,5,V,430,N,-2.506,2
-2.469,-0.6393,13,V,430,P,-0.8162,9
-2.922,-0.9748,9,V,430,Q,-0.7284,5
-5.143,-3.926,13,V,430,R,-3.594,7
-2.448,-0.6262,15,V,430,S,-1.063,10
-0.7548,-0.07367,6,V,430,T,-0.4885,2
0,0,,V,430,V,0,
-0.2406,-0.01794,14,V,430,W,-0.117,11
-0.5631,-0.04961,5,V,430,Y,0.0222,4
-7.238,-5.657,2,K,431,*,,
-1.62,-0.2568,5,K,431,-,,
0.463,0.02462,7,K,431,A,0.03202,3
-0.03794,-0.002557,13,K,431,C,0.07691,9
-1.223,-0.1545,12,K,431,D,0.2141,7
-0.8958,-0.0944,10,K,431,E,0.5131,3
0.2453,0.01443,7,K,431,F,-0.06899,3
1.495,0.05176,7,K,431,G,0.4997,5
2.076,0.05843,12,K,431,H,0.3287,10
-1.874,-0.3441,4,K,431,I,-0.5027,4
0,0,,K,431,K,0,
1.298,0.04849,6,K,431,L,0.4106,3
-0.5189,-0.04467,9,K,431,M,-0.0543,6
0.6297,0.03108,15,K,431,N,0.2787,8
-4.948,-3.65,12,K,431,P,-3.844,7
-2.167,-0.4714,10,K,431,Q,-0.2248,6
0.5034,0.02628,9,K,431,R,-0.0079,2
0.1458,0.008991,6,K,431,S,0.121,2
-1.307,-0.1733,14,K,431,T,0.0687,7
-0.02205,-0.001475,8,K,431,V,-0.4006,4
2.423,0.06091,12,K,431,W,-0.08945,8
-0.9225,-0.09864,9,K,431,Y,0.2217,5
-9.101,-5.967,18,W,432,*,-6,1
-1.481,-0.2167,6,W,432,-,,
-2.74,-0.8274,11,W,432,A,-0.4225,9
-3.735,-1.867,11,W,432,C,-1.334,3
-8.262,-5.889,9,W,432,D,-6,5
-6.649,-5.391,15,W,432,E,-5.336,11
1.853,0.05631,4,W,432,F,0.392,2
-4.204,-2.531,9,W,432,G,-2.199,6
-3.474,-1.54,5,W,432,H,-1.648,3
-0.3797,-0.0304,9,W,432,I,-0.03245,4
-5.046,-3.79,7,W,432,K,-3.387,3
-1.519,-0.2271,12,W,432,L,0.2026,6
-1.908,-0.3574,9,W,432,M,-0.06158,7
-4.791,-3.419,8,W,432,N,-3.024,5
-4.064,-2.325,11,W,432,P,-2.106,6
-3.62,-1.718,5,W,432,Q,-1.632,3
-8.996,-5.96,10,W,432,R,-6,7
-4.445,-2.895,8,W,432,S,-2.96,3
-2.649,-0.76,4,W,432,T,-0.56,3
-2.133,-0.4552,10,W,432,V,-0.433,8
0,0,,W,432,W,0,
-0.9393,-0.1014,11,W,432,Y,-0.02349,7
1.823,0.05599,6,F,433,-,,
-0.5552,-0.04871,9,F,433,A,0.4515,6
-0.6588,-0.06108,6,F,433,C,-0.1308,6
-2.192,-0.4841,8,F,433,D,-0.1256,5
-0.8652,-0.08966,10,F,433,E,0.2546,7
0,0,,F,433,F,0,
-1.455,-0.2097,17,F,433,G,0.01323,11
0.2988,0.01714,7,F,433,H,-0.1011,4
-1.618,-0.2562,13,F,433,I,-0.3757,7
0.03274,0.002132,7,F,433,K,-0.1511,3
2.877,0.0631,12,F,433,L,-0.198,7
0.5893,0.02961,12,F,433,M,0.2039,5
-1.793,-0.3142,12,F,433,N,0.1596,9
-11.26,-6.02,16,F,433,P,-6,9
-1.791,-0.3135,5,F,433,Q,-0.3282,4
-1.142,-0.1379,9,F,433,R,-0.1831,8
-0.6733,-0.06291,9,F,433,S,0.06644,4
1.903,0.05683,9,F,433,T,-0.4149,4
-0.5372,-0.0467,7,F,433,V,0.7879,4
-0.6193,-0.05622,7,F,433,W,0.3348,3
1.895,0.05675,4,F,433,Y,-0.1699,2
-9.666,-5.993,2,K,434,*,,
-1.535,-0.2318,9,K,434,-,,
1.592,0.05317,8,K,434,A,-0.1724,3
0.3098,0.01768,9,K,434,C,-0.2014,7
-1.709,-0.2851,12,K,434,D,-0.02861,5
0.8131,0.03705,7,K,434,E,-0.4887,3
-2.208,-0.492,9,K,434,F,-0.2464,7
0.7586,0.03539,7,K,434,G,0.01681,5
0.8083,0.0369,8,K,434,H,0.1935,2
0.9886,0.04183,3,K,434,I,0.3482,3
0,0,,K,434,K,0,
1.542,0.05246,10,K,434,L,0.3629,8
-0.7858,-0.07798,11,K,434,M,-0.04163,7
-0.932,-0.1002,19,K,434,N,-0.09882,7
-3.351,-1.399,21,K,434,P,-1.332,15
2.011,0.05786,8,K,434,Q,0.1762,5
0.4399,0.02364,24,K,434,R,0.02314,10
0.5909,0.02967,8,K,434,S,-0.2041,5
-0.6012,-0.05405,15,K,434,T,0.04629,7
2.165,0.05915,6,K,434,V,0.03546,3
-0.9474,-0.1027,5,K,434,W,0.6869,2
0.8486,0.03809,6,K,434,Y,0.03033,6
-3.372,-1.423,6,N,435,-,,
0.2554,0.01495,5,N,435,A,-0.03135,4
0.1171,0.007322,8,N,435,C,0.1199,7
-1.124,-0.1343,18,N,435,D,-0.02448,7
-1.513,-0.2255,10,N,435,E,-0.05152,6
1.365,0.04967,7,N,435,F,0.1259,4
-0.5483,-0.04794,5,N,435,G,0.03128,3
-1.998,-0.394,10,N,435,H,-0.1519,5
-0.5805,-0.05162,11,N,435,I,-0.482,6
-0.3646,-0.02897,12,N,435,K,-0.05885,6
-1.334,-0.1795,6,N,435,L,-0.2598,5
-1.726,-0.2909,9,N,435,M,-0.5266,5
0,0,,N,435,N,0,
-3.442,-1.502,11,N,435,P,-1.434,5
1.03,0.04285,5,N,435,Q,0.1837,4
-2.109,-0.4438,9,N,435,R,-0.1636,6
-1.663,-0.2701,7,N,435,S,0.03191,6
0.1196,0.007469,15,N,435,T,0.1458,8
-1.474,-0.2147,10,N,435,V,-0.2829,9
-1.698,-0.2816,12,N,435,W,-0.02291,10
-2.249,-0.5131,8,N,435,Y,-0.3538,4
-0.3652,-0.02903,4,G,436,-,,
-1.932,-0.367,14,G,436,A,-0.58,7
1.889,0.05669,9,G,436,C,-0.3113,2
-0.261,-0.01967,24,G,436,D,0.4877,9
-0.7339,-0.07082,4,G,436,E,0.2309,1
-1.588,-0.2471,8,G,436,F,-0.1905,6
0,0,,G,436,G,0,
-0.1024,-0.007124,8,G,436,H,0.0994,7
0.2013,0.01209,9,G,436,I,-0.1053,7
-1.606,-0.2525,7,G,436,K,-0.4172,4
-0.5179,-0.04457,10,G,436,L,0.6291,5
0.4222,0.02288,15,G,436,M,-0.03137,8
-1.715,-0.2871,9,G,436,N,0.4123,7
-3.451,-1.513,12,G,436,P,-1.582,8
-0.2476,-0.01853,12,G,436,Q,-0.01922,6
-0.6307,-0.0576,10,G,436,R,0.3697,7
0.2045,0.01226,17,G,436,S,-0.2428,4
0.6572,0.03204,9,G,436,T,0.4317,5
-2.109,-0.4436,12,G,436,V,-0.5256,5
0.4953,0.02596,9,G,436,W,0.1307,4
-1.439,-0.2055,10,G,436,Y,0.3025,4
-7.614,-5.768,5,Q,437,*,-6,1
0.3222,0.01828,3,Q,437,-,,
0.1284,0.007983,6,Q,437,A,-0.1489,4
-0.4337,-0.03571,16,Q,437,C,-0.1589,11
-1.329,-0.1783,9,Q,437,D,0.00985,6
-1.335,-0.1797,13,Q,437,E,0.3424,5
-0.8107,-0.08156,6,Q,437,F,-0.1619,3
1.772,0.05543,12,Q,437,G,0.00785,8
-0.5894,-0.05265,11,Q,437,H,0.3979,4
0.1979,0.01191,10,Q,437,I,0.1452,6
-0.1013,-0.007046,21,Q,437,K,0.408,15
0.04593,0.002972,10,Q,437,L,-0.0698,5
-1.727,-0.291,8,Q,437,M,-0.163,4
0.1769,0.01075,9,Q,437,N,-0.111,5
-2.493,-0.6544,14,Q,437,P,-0.974,6
0,0,,Q,437,Q,0,
-0.6782,-0.06353,19,Q,437,R,0.046,10
-1.311,-0.1741,7,Q,437,S,-0.8766,6
-1.522,-0.228,17,Q,437,T,0.3466,11
0.06055,0.00389,5,Q,437,V,1.055,1
-1.759,-0.3022,9,Q,437,W,0.04664,7
-1.946,-0.3724,9,Q,437,Y,-0.3074,6
-7.31,-5.681,4,E,438,*,,
-2.495,-0.6559,5,E,438,-,,
-1.671,-0.2728,13,E,438,A,0.1503,6
-1.289,-0.1691,12,E,438,C,-0.02176,9
-0.5687,-0.05026,15,E,438,D,0.04392,4
0,0,,E,438,E,0,
-1.677,-0.2745,13,E,438,F,-0.2583,9
-1.162,-0.1419,19,E,438,G,0.3279,8
-0.4848,-0.041,12,E,438,H,0.5643,6
-1.096,-0.129,11,E,438,I,0.01256,9
-1.009,-0.1131,21,E,438,K,-0.1163,9
0.5394,0.02771,8,E,438,L,0.3314,5
-0.8254,-0.0837,9,E,438,M,0.1021,5
-1.387,-0.1922,18,E,438,N,0.155,10
-1.685,-0.2771,9,E,438,P,-0.4278,6
6.712,0.06682,5,E,438,Q,-0.4141,4
-1.28,-0.167,8,E,438,R,0.1646,5
-1.006,-0.1127,14,E,438,S,-0.386,6
0.4114,0.0224,4,E,438,T,0.0459,3
-0.9382,-0.1012,14,E,438,V,-0.2835,11
0.3379,0.01903,13,E,438,W,0.2447,8
-0.1574,-0.01126,14,E,438,Y,0.1118,7
-16.23,-6.027,3,E,439,*,,
-2.745,-0.8311,5,E,439,-,,
-0.5136,-0.04409,12,E,439,A,0.2397,6
-1.144,-0.1383,8,E,439,C,-0.04635,5
-0.8441,-0.08647,14,E,439,D,-0.4262,5
0,0,,E,439,E,0,
-0.1689,-0.01215,7,E,439,F,-0.07008,5
0.3999,0.02189,8,E,439,G,-0.6542,5
-1.367,-0.1874,6,E,439,H,-0.2779,4
1.297,0.04846,10,E,439,I,0.3952,7
0.08105,0.005156,41,E,439,K,0.5656,10
3.091,0.06383,11,E,439,L,-0.3653,5
-2.545,-0.6886,10,E,439,M,-0.3791,10
-0.3082,-0.02379,5,E,439,N,-0.5205,4
-0.6915,-0.06524,8,E,439,P,0.3166,2
1.21,0.04679,5,E,439,Q,0.218,5
-1.176,-0.1447,9,E,439,R,-0.2373,6
-0.8953,-0.09431,11,E,439,S,0.3193,7
0.4336,0.02337,11,E,439,T,0.001187,7
0.5928,0.02974,12,E,439,V,0.2155,5
0.8922,0.03931,6,E,439,W,-0.01314,5
1.19,0.04638,7,E,439,Y,-0.825,4
1.658,0.05404,4,T,440,-,,
-0.1984,-0.01449,13,T,440,A,0.1128,7
0.1311,0.008142,11,T,440,C,-0.08204,4
0.4273,0.0231,14,T,440,D,-0.1092,10
0.7206,0.03417,7,T,440,E,-0.6151,4
-0.2768,-0.02103,12,T,440,F,0.2885,8
-1.142,-0.1378,10,T,440,G,0.5735,5
0.7919,0.03641,12,T,440,H,0.5018,4
-0.5324,-0.04616,14,T,440,I,0.115,9
-0.09717,-0.006744,7,T,440,K,-0.05751,4
-1.273,-0.1655,9,T,440,L,-0.644,5
-0.3287,-0.02563,11,T,440,M,0.04335,8
0.5738,0.02903,7,T,440,N,0.4243,3
-1.327,-0.1778,11,T,440,P,-0.01356,3
-0.1791,-0.01295,6,T,440,Q,0.3135,3
-0.563,-0.0496,9,T,440,R,0.1608,3
-0.3312,-0.02587,7,T,440,S,0.3471,3
0,0,,T,440,T,0,
2.453,0.06109,8,T,440,V,-0.2516,5
-0.5065,-0.04333,17,T,440,W,-0.2417,12
-0.8902,-0.09351,11,T,440,Y,0.3683,7
-7.173,-5.633,1,K,441,*,-6,1
0.6262,0.03095,6,K,441,-,,
2.978,0.06346,10,K,441,A,0.2187,7
0.739,0.03477,12,K,441,C,-0.1059,7
0.4135,0.02249,7,K,441,D,0.1259,4
1.046,0.04323,11,K,441,E,-0.1159,5
-1.218,-0.1535,12,K,441,F,-0.04092,7
-0.3395,-0.02663,13,K,441,G,-0.3323,9
0.03619,0.002353,5,K,441,H,0.07201,4
-0.4577,-0.03816,9,K,441,I,0.00657,5
0,0,,K,441,K,0,
-1.276,-0.1662,7,K,441,L,-0.009781,5
-0.7694,-0.07569,15,K,441,M,0.1335,8
-0.3583,-0.02837,18,K,441,N,0.2427,9
0.07094,0.004534,8,K,441,P,0.2188,5
-0.4988,-0.04249,17,K,441,Q,0.1436,2
-0.6683,-0.06226,21,K,441,R,-0.02538,11
0.5607,0.02853,8,K,441,S,0.3246,6
-0.3938,-0.03176,10,K,441,T,-0.6513,3
0.7539,0.03524,7,K,441,V,0.321,3
-1.101,-0.13,13,K,441,W,-0.3035,8
-0.6356,-0.05819,9,K,441,Y,0.1579,6
-1.033,-0.1174,5,H,442,-,,
0.4226,0.02289,12,H,442,A,-0.4454,7
-1.685,-0.2773,9,H,442,C,0.1771,6
0.2482,0.01458,11,H,442,D,-0.1399,8
-0.2283,-0.01692,14,H,442,E,-0.1368,11
0.1197,0.007475,10,H,442,F,0.3144,7
-0.7507,-0.0731,17,H,442,G,-0.2001,13
0,0,,H,442,H,0,
-1.065,-0.1232,8,H,442,I,-0.0992,4
-0.1737,-0.01252,7,H,442,K,0.5428,1
-0.9004,-0.09512,20,H,442,L,0.1464,8
-0.2007,-0.01467,14,H,442,M,-0.07336,8
-0.3001,-0.02307,10,H,442,N,0.1954,5
0.2783,0.01612,11,H,442,P,0.1525,6
1.959,0.05738,5,H,442,Q,0.9057,4
1.539,0.05242,17,H,442,R,0.1402,9
0.6587,0.03209,7,H,442,S,0.2226,6
1.337,0.04919,8,H,442,T,0.05085,7
-0.7016,-0.06655,12,H,442,V,-0.1335,5
-0.5643,-0.04976,6,H,442,W,0.09045,5
-0.3177,-0.02464,36,H,442,Y,0.01958,12
-2.704,-0.7996,8,V,443,-,,
0.7919,0.03641,17,V,443,A,0.2497,11
-0.5978,-0.05364,8,V,443,C,0.1356,5
-0.04708,-0.003188,8,V,443,D,0.0717,6
-1.39,-0.1931,10,V,443,E,-0.1535,6
-1.784,-0.3108,9,V,443,F,-0.06079,4
0.6458,0.03164,9,V,443,G,-0.4511,3
1.304,0.04859,9,V,443,H,0.4493,7
0.9947,0.04199,2,V,443,I,0.2601,2
-1.447,-0.2077,9,V,443,K,-0.003517,5
-0.7756,-0.07655,20,V,443,L,-0.442,6
-0.2638,-0.01991,27,V,443,M,-0.1302,10
-1.503,-0.2227,8,V,443,N,0.7024,3
0.7539,0.03524,5,V,443,P,0.0679,4
0.2425,0.01428,10,V,443,Q,0.4481,3
-0.4371,-0.03605,8,V,443,R,0.7508,5
-0.2605,-0.01962,13,V,443,S,0.06215,8
-0.186,-0.01349,10,V,443,T,0.05632,5
0,0,,V,443,V,0,
0.01663,0.001092,11,V,443,W,0.1073,9
-3.422,-1.479,6,V,444,-,,
0.6181,0.03066,4,V,444,A,0.0334,2
0.6579,0.03207,11,V,444,C,0.1221,8
1.037,0.043,10,V,444,D,0.3478,4
0.1182,0.007385,9,V,444,E,-0.02157,3
-0.4976,-0.04236,8,V,444,F,0.3512,7
-0.4303,-0.03537,11,V,444,G,-0.2893,7
1.851,0.05629,11,V,444,H,0.1974,6
-1.25,-0.1603,11,V,444,I,0.07075,10
-0.2365,-0.0176,9,V,444,K,0.09335,8
-0.2095,-0.01538,12,V,444,L,0.5267,8
-0.7,-0.06633,18,V,444,M,-0.5703,7
0.7637,0.03555,14,V,444,N,0.04996,5
-1.35,-0.1832,7,V,444,P,0.2528,5
-0.3506,-0.02766,10,V,444,Q,-0.5015,4
0.6154,0.03056,13,V,444,R,0.6917,3
-0.3079,-0.02376,6,V,444,S,0.2238,2
0.4458,0.02389,10,V,444,T,0.3378,7
0,0,,V,444,V,0,
0.6579,0.03207,17,V,444,W,-0.1761,8
0.1069,0.006716,11,V,444,Y,0.5484,5
-3.421,-1.478,6,S,445,-,,
0.4167,0.02263,12,S,445,A,0.0557,8
3.976,0.06563,8,S,445,C,0.01453,4
0.07102,0.00454,12,S,445,D,0.06009,5
-0.3015,-0.02319,11,S,445,E,-0.02465,8
-0.8054,-0.08079,9,S,445,F,-0.2827,7
1.054,0.04341,12,S,445,G,-0.1845,4
1.806,0.0558,14,S,445,H,0.09438,12
0.1459,0.008998,9,S,445,I,-0.0191,4
-0.7385,-0.07145,11,S,445,K,0.2253,6
-0.01028,-0.0006836,6,S,445,L,0.4087,5
-0.4101,-0.03336,3,S,445,M,-0.0598,2
0.08223,0.005228,34,S,445,N,0.0571,9
1.325,0.04897,12,S,445,P,0.628,5
-0.1703,-0.01226,8,S,445,Q,0.2272,7
-1.39,-0.1932,19,S,445,R,-0.2283,10
0,0,,S,445,S,0,
-0.8238,-0.08346,5,S,445,T,-0.2022,3
1.112,0.04473,11,S,445,V,0.1559,8
-1.006,-0.1126,20,S,445,W,-0.05148,13
-1.683,-0.2766,11,S,445,Y,0.06789,7
0.3521,0.0197,4,T,446,-,,
-1.04,-0.1186,9,T,446,A,,
-1.339,-0.1808,11,T,446,C,-0.2716,7
1.502,0.05188,8,T,446,D,0.1624,6
-1.342,-0.1814,12,T,446,E,-0.3247,9
-2.062,-0.4221,4,T,446,F,-0.1018,3
-0.4437,-0.03672,11,T,446,G,0.04122,7
-0.01459,-0.0009721,9,T,446,H,0.3296,4
-2.369,-0.5796,13,T,446,I,-0.3796,4
-1.229,-0.1558,15,T,446,K,0.105,11
0.2986,0.01713,7,T,446,L,-0.1088,3
2.231,0.05964,9,T,446,M,-0.04197,5
-1.165,-0.1426,12,T,446,N,-0.1581,7
-1.698,-0.2816,8,T,446,P,-0.3589,6
-1.293,-0.1701,6,T,446,Q,-0.1859,4
-1.385,-0.1917,8,T,446,R,0.03415,6
-0.8249,-0.08362,11,T,446,S,0.04138,9
0,0,,T,446,T,0,
-1.251,-0.1605,8,T,446,V,0.1097,5
-1.259,-0.1623,19,T,446,W,0.0702,14
-0.92,-0.09823,14,T,446,Y,-1.192,3
-0.6396,-0.05869,6,D,447,-,,
2.173,0.05921,9,D,447,A,0.316,4
-0.4635,-0.03876,8,D,447,C,0.03909,5
0,0,,D,447,D,0,
0.5079,0.02647,18,D,447,E,0.1333,11
-1.07,-0.1241,10,D,447,F,0.07316,9
-0.3293,-0.0257,12,D,447,G,0.1018,6
1.953,0.05732,17,D,447,H,-0.1996,6
-1.133,-0.136,9,D,447,I,-0.08341,5
-0.2599,-0.01958,13,D,447,K,0.3795,6
-1.701,-0.2824,17,D,447,L,-0.4391,10
2.285,0.06003,12,D,447,M,0.4462,8
0.6837,0.03295,15,D,447,N,0.295,5
-1.217,-0.1532,20,D,447,P,0.05875,14
0.5488,0.02807,17,D,447,Q,0.1476,11
0.1408,0.008703,14,D,447,R,-0.172,8
0.4873,0.02563,14,D,447,S,0.1836,6
-0.3822,-0.03064,9,D,447,T,0.04704,4
0.8573,0.03833,5,D,447,V,0.3398,3
-0.9219,-0.09855,6,D,447,W,0.1088,3
-1.015,-0.1141,14,D,447,Y,0.2797,5
-2.473,-0.6417,5,V,448,-,,
-0.07599,-0.005218,6,V,448,A,0.6909,3
0.5468,0.028,11,V,448,C,-0.08833,8
-2.277,-0.5282,10,V,448,D,-0.5789,6
-0.4737,-0.03983,5,V,448,E,-0.00677,3
-0.1346,-0.009514,9,V,448,F,-0.1012,3
0.2169,0.01293,9,V,448,G,-0.3446,3
-0.2103,-0.01544,7,V,448,H,-0.007361,3
-0.4931,-0.04188,15,V,448,I,-0.06533,9
-0.4675,-0.03918,7,V,448,K,-0.2004,5
-0.4882,-0.04136,12,V,448,L,-0.07988,7
0.02166,0.001419,16,V,448,M,0.5554,7
1.753,0.0552,5,V,448,N,0.2332,3
-2.284,-0.5317,3,V,448,P,-0.6281,2
-1.715,-0.2871,15,V,448,Q,0.4531,7
-1.006,-0.1126,12,V,448,R,0.1951,6
-1.375,-0.1893,17,V,448,S,-0.4643,11
-0.5405,-0.04706,9,V,448,T,0.3598,3
0,0,,V,448,V,0,
-0.4201,-0.03435,10,V,448,W,0.1972,5
0.1947,0.01173,9,V,448,Y,-0.0364,8
-2.324,-0.5535,5,I,449,-,,
-2.417,-0.6079,5,I,449,A,-0.1921,4
-2.333,-0.559,11,I,449,C,-0.1482,7
-2.074,-0.4274,11,I,449,D,-0.2064,6
0.1306,0.008114,5,I,449,E,-0.0514,3
-1.472,-0.2143,9,I,449,F,-0.6942,5
-1.281,-0.1673,14,I,449,G,-0.1349,8
-0.582,-0.05179,5,I,449,H,-0.7287,3
0,0,,I,449,I,0,
-2.239,-0.508,6,I,449,K,-0.619,5
-0.967,-0.106,10,I,449,L,-0.2084,3
-0.4082,-0.03317,12,I,449,M,-0.1292,8
-0.4794,-0.04042,8,I,449,N,0.0647,3
-3.212,-1.249,6,I,449,P,-1.137,2
-0.5604,-0.04931,10,I,449,Q,-0.05225,8
0.6431,0.03155,5,I,449,R,-0.2848,4
-1.582,-0.2454,13,I,449,S,-0.083,6
0.1262,0.007853,12,I,449,T,-0.1258,6
-1.433,-0.2041,17,I,449,V,-0.3899,5
0.3122,0.0178,15,I,449,W,-0.04302,9
-0.7112,-0.0678,7,I,449,Y,-0.1808,5
-8.019,-5.852,6,Q,450,*,,
-0.6936,-0.0655,4,Q,450,-,,
1.718,0.05479,11,Q,450,A,-0.1677,8
0.3173,0.01804,12,Q,450,C,0.2647,8
-0.4004,-0.03241,7,Q,450,D,-0.1128,2
-1.48,-0.2165,6,Q,450,E,-0.08285,5
-0.7267,-0.06986,5,Q,450,F,-0.6738,3
-1.833,-0.3285,8,Q,450,G,0.1592,5
-0.1919,-0.01396,12,Q,450,H,0.2563,4
-1.185,-0.1466,11,Q,450,I,-0.2077,8
-0.9955,-0.1108,8,Q,450,K,-0.2347,5
0.2401,0.01416,10,Q,450,L,-0.09968,3
-1.676,-0.2744,4,Q,450,N,-0.1892,3
-1.033,-0.1174,26,Q,450,P,-0.1583,9
0,0,,Q,450,Q,0,
3.082,0.0638,9,Q,450,R,-0.1666,3
0.9116,0.03984,11,Q,450,S,0.06837,4
0.9918,0.04192,7,Q,450,T,0.1974,5
-0.304,-0.02341,4,Q,450,V,0.181,2
1.113,0.04477,10,Q,450,W,-0.03569,5
-1.246,-0.1595,12,Q,450,Y,0.247,7
-0.08765,-0.006055,1,N,451,-,,
-0.3571,-0.02826,7,N,451,A,-0.4208,3
1.567,0.05282,3,N,451,C,0.3446,2
1.248,0.04755,2,N,451,D,0.2332,1
2.012,0.05787,7,N,451,E,0.1268,6
-3.406,-1.461,5,N,451,F,-2.248,2
-1.732,-0.2929,8,N,451,G,0.02905,5
-0.3355,-0.02626,11,N,451,H,-1.006,4
-1.965,-0.3804,13,N,451,I,-0.2641,5
-1.747,-0.2978,12,N,451,K,-0.2722,8
0.3821,0.02109,4,N,451,L,0.6391,2
-2.423,-0.6111,4,N,451,M,0.7183,1
0,0,,N,451,N,0,
-2.423,-0.611,13,N,451,P,-1.038,6
0.9939,0.04197,7,N,451,Q,-0.05832,4
-0.2167,-0.01597,4,N,451,R,1.208,1
0.1032,0.006493,9,N,451,S,0.01955,4
-1.012,-0.1138,12,N,451,T,0.1922,5
-1.474,-0.2149,7,N,451,V,-0.00405,2
-4.959,-3.666,6,N,451,W,-4.45,2
-3.931,-2.135,12,N,451,Y,-2.142,5
-1.804,-0.318,1,G,452,-,,
-2.365,-0.5769,6,G,452,A,-0.3342,3
-1.985,-0.3887,16,G,452,C,-0.8324,9
-3.632,-1.734,18,G,452,D,-1.984,7
-3.747,-1.884,15,G,452,E,-1.809,9
-3.26,-1.3,13,G,452,F,-1.328,7
0,0,,G,452,G,0,
-3.038,-1.079,11,G,452,H,-1.03,5
-3.056,-1.096,12,G,452,I,-1.169,10
-2.647,-0.7586,13,G,452,K,-0.8807,5
-4.258,-2.612,6,G,452,L,-2.275,4
-1.999,-0.3944,7,G,452,M,-0.4085,5
-2.792,-0.8676,10,G,452,N,-0.7809,6
-0.8379,-0.08555,11,G,452,P,-0.1073,6
-2.761,-0.8435,13,G,452,Q,-0.9045,10
-2.914,-0.9683,12,G,452,R,-1.099,7
-1.22,-0.1538,12,G,452,S,-0.5161,4
-3.354,-1.402,12,G,452,T,-1.371,10
-3.092,-1.13,13,G,452,V,-1.052,5
-4.306,-2.684,18,G,452,W,-2.753,14
-3.662,-1.773,11,G,452,Y,-1.588,5
-1.85,-0.3348,1,D,453,-,,
-0.5468,-0.04777,2,D,453,A,,
-0.1105,-0.007719,5,D,453,C,0.1521,4
0,0,,D,453,D,0,
-0.4296,-0.0353,6,D,453,E,0.6259,5
-1.872,-0.3432,8,D,453,F,-0.5257,6
0.06908,0.00442,7,D,453,G,-0.0001813,5
-0.8709,-0.09053,12,D,453,H,0.4335,6
-1.779,-0.3091,12,D,453,I,-0.2094,6
0.4375,0.02354,6,D,453,K,0.6113,4
-0.5955,-0.05338,3,D,453,L,-0.8326,1
-1.807,-0.3192,13,D,453,M,-0.5102,6
17.23,0.0669,21,D,453,N,0.8227,4
-2.349,-0.5678,8,D,453,P,-0.7089,5
2.795,0.06277,5,D,453,Q,1.416,1
0.878,0.03892,7,D,453,R,0.3273,6
-3.719,-1.846,7,D,453,S,-1.856,3
-4.023,-2.266,2,D,453,T,-2.379,1
0.2078,0.01244,6,D,453,V,0.3122,4
-3.897,-2.087,1,D,453,W,-1.302,1
-2.142,-0.4593,14,D,453,Y,0.0432,4
-11.04,-6.019,107,W,454,*,-6,15
-1.687,-0.2779,1,W,454,-,,
-3.585,-1.674,7,W,454,A,-1.245,5
-2.533,-0.6802,12,W,454,C,-0.8831,3
-5.016,-3.748,9,W,454,D,-3.865,5
-5.675,-4.588,2,W,454,E,-4.659,2
-0.1052,-0.007332,13,W,454,F,-0.1135,10
-3.52,-1.596,10,W,454,G,-1.374,6
-1.39,-0.193,7,W,454,H,-0.636,5
-2.747,-0.8322,9,W,454,I,-0.9099,7
-7.438,-5.721,10,W,454,K,-5.64,8
-2.823,-0.892,13,W,454,L,-0.658,4
-2.969,-1.016,7,W,454,M,-1.378,5
-3.303,-1.346,4,W,454,N,-0.9423,3
-5.321,-4.164,11,W,454,P,-3.805,7
-4.041,-2.292,12,W,454,Q,-2.299,8
-5.146,-3.93,8,W,454,R,-3.938,6
-3.133,-1.17,10,W,454,S,-0.391,4
-3.77,-1.914,11,W,454,T,-1.944,6
-2.547,-0.6898,6,W,454,V,-1.074,3
0,0,,W,454,W,0,
0.01554,0.001021,15,W,454,Y,-0.1593,8
-0.6285,-0.05733,20,T,455,A,-0.03815,11
-0.5533,-0.0485,8,T,455,C,-0.1201,6
-3.261,-1.301,7,T,455,D,-0.9764,5
-1.125,-0.1346,9,T,455,E,-1.281,2
-1.195,-0.1486,9,T,455,F,0.3296,3
-2.319,-0.5511,6,T,455,G,-0.6673,3
1.268,0.04792,5,T,455,H,0.4107,4
1.35,0.04941,10,T,455,I,0.342,7
1.673,0.05424,12,T,455,K,0.3094,9
0.5691,0.02885,14,T,455,L,0.05901,10
1.492,0.05172,6,T,455,M,0.0794,6
0.5034,0.02629,13,T,455,N,-0.1019,9
-10.19,-6.007,10,T,455,P,-4.333,7
-0.2212,-0.01634,9,T,455,Q,0.03945,6
-0.1749,-0.01262,11,T,455,R,0.3529,6
-1.747,-0.2978,13,T,455,S,-0.1027,11
0,0,,T,455,T,0,
-1.866,-0.3408,16,T,455,V,-0.371,10
-0.6563,-0.06075,5,T,455,W,0.08146,3
-1.268,-0.1643,9,T,455,Y,-0.05346,7
-4.032,-2.279,1,Y,456,*,,
-1.221,-0.154,8,Y,456,A,-0.1987,4
-2.159,-0.4678,10,Y,456,C,-0.09715,4
-2.339,-0.5624,2,Y,456,D,-0.8203,1
-2.436,-0.6191,8,Y,456,E,-0.7601,6
-1.562,-0.2393,8,Y,456,F,-0.2071,5
-1.672,-0.2731,8,Y,456,G,-0.514,6
0.2124,0.01269,13,Y,456,H,-0.4592,5
-3.325,-1.37,9,Y,456,I,-1.774,4
-1.144,-0.1383,9,Y,456,K,-0.7223,6
-0.3004,-0.02309,6,Y,456,L,-0.1963,6
-0.3927,-0.03166,8,Y,456,M,-0.6294,5
-0.2175,-0.01603,6,Y,456,N,0.1418,3
-16.01,-6.027,7,Y,456,P,-6,4
-2.719,-0.8109,3,Y,456,Q,-0.7985,2
1.49,0.05169,10,Y,456,R,0.04259,9
-0.8068,-0.08099,8,Y,456,S,0.3452,5
-2.847,-0.912,5,Y,456,T,0.07232,1
-1.113,-0.1322,5,Y,456,V,-0.5955,2
-2.397,-0.5956,10,Y,456,W,0.01866,7
0,0,,Y,456,Y,0,
-9.872,-5.999,8,Q,457,*,-6,1
1.03,0.04285,5,Q,457,A,-0.06345,2
-1.148,-0.139,16,Q,457,C,0.06009,12
-1.361,-0.186,10,Q,457,D,0.5703,4
0.9442,0.0407,7,Q,457,E,0.171,4
-2.247,-0.5119,11,Q,457,F,-0.6393,7
-0.3515,-0.02774,5,Q,457,G,0.1319,3
-1.053,-0.121,5,Q,457,H,0.064,2
-0.8418,-0.08612,12,Q,457,I,-0.2641,7
-1.864,-0.3403,13,Q,457,K,-0.2385,10
-1.356,-0.1847,8,Q,457,L,-0.224,3
-2.199,-0.4875,8,Q,457,M,0.09705,3
-1.616,-0.2557,9,Q,457,N,0.07191,3
-5.884,-4.805,14,Q,457,P,-4.875,9
0,0,,Q,457,Q,0,
-0.8936,-0.09405,24,Q,457,R,0.1672,9
-1.493,-0.2199,3,Q,457,S,-0.07125,2
-1.471,-0.214,4,Q,457,T,0.5299,1
-2.813,-0.8842,12,Q,457,V,-0.5548,8
-1.802,-0.3174,7,Q,457,W,-0.0221,6
-2.542,-0.6863,7,Q,457,Y,-0.5874,4
-0.6612,-0.06138,12,V,458,A,0.4972,9
1.789,0.05561,7,V,458,C,0.1367,6
-2.34,-0.5627,9,V,458,D,-0.5401,7
1.103,0.04454,8,V,458,E,-0.7856,7
2.192,0.05935,12,V,458,F,0.3019,4
-1.924,-0.3636,11,V,458,G,0.1473,4
-1.81,-0.3203,8,V,458,H,0.2566,5
-0.4037,-0.03273,6,V,458,I,-0.08915,4
0.7429,0.03489,8,V,458,K,-0.8544,5
1.568,0.05283,10,V,458,L,0.1736,3
-0.4272,-0.03506,18,V,458,M,0.1065,9
0.2822,0.01631,9,V,458,N,-0.7188,6
-8.837,-5.949,6,V,458,P,-6,4
0.329,0.01861,6,V,458,Q,-0.0989,2
-1.667,-0.2716,9,V,458,R,0.1366,3
-1.255,-0.1615,10,V,458,S,0.2477,6
4.258,0.06594,7,V,458,T,-0.03065,4
0,0,,V,458,V,0,
0.1433,0.008845,11,V,458,W,0.3167,8
-0.1258,-0.008856,10,V,458,Y,0.09524,8
-1.485,-0.2179,7,L,459,A,-0.3863,4
0.5297,0.02733,10,L,459,C,-0.0891,5
-2.922,-0.9751,15,L,459,D,-0.9357,10
-2.715,-0.8083,3,L,459,E,-0.4275,2
0.4786,0.02527,5,L,459,F,-0.01559,4
-0.2402,-0.01791,10,L,459,G,0.2523,5
0.1917,0.01157,2,L,459,H,-0.542,1
0.5977,0.02992,9,L,459,I,-0.04722,7
-2.609,-0.7315,5,L,459,K,-0.7878,3
0,0,,L,459,L,0,
-0.4627,-0.03867,11,L,459,M,-0.103,5
-0.4232,-0.03466,9,L,459,N,0.1811,5
-4.349,-2.749,8,L,459,P,-2.617,5
-1.349,-0.183,15,L,459,Q,0.2343,8
-2.197,-0.4866,9,L,459,R,-0.5514,6
-0.2294,-0.01701,7,L,459,S,0.2715,3
0.5012,0.0262,7,L,459,T,-0.1308,5
-1.33,-0.1785,10,L,459,V,0.1299,7
-0.2891,-0.0221,7,L,459,W,-0.104,6
-0.4427,-0.03662,10,L,459,Y,-0.8583,7
-1.182,-0.146,7,V,460,A,-0.03293,3
0.6261,0.03095,4,V,460,C,0.1467,4
-2.098,-0.4387,10,V,460,D,-0.03776,8
-2.232,-0.5042,13,V,460,E,-0.3691,9
-2.392,-0.5925,9,V,460,F,-0.3513,7
-1.03,-0.1169,9,V,460,G,-0.02239,9
-1.206,-0.151,9,V,460,H,-0.04625,6
-0.836,-0.08527,8,V,460,I,-0.4546,6
-2.072,-0.4266,8,V,460,K,-0.1813,6
-0.7631,-0.07482,12,V,460,L,-0.2158,6
-0.3559,-0.02815,11,V,460,M,-0.1063,4
-0.7472,-0.07263,4,V,460,N,0.101,3
-4.068,-2.33,7,V,460,P,-2.022,4
-0.114,-0.007982,8,V,460,Q,-0.09623,6
-1.088,-0.1276,11,V,460,R,0.2465,8
-0.6036,-0.05434,3,V,460,S,-0.06558,1
4.454,0.06611,11,V,460,T,0.3291,6
0,0,,V,460,V,0,
-1.244,-0.159,8,V,460,W,0.2024,5
-0.1094,-0.007638,10,V,460,Y,-0.5445,4
-4.467,-2.929,2,M,461,-,,
-0.7743,-0.07637,7,M,461,A,-0.002159,3
-0.477,-0.04017,5,M,461,C,0.01395,4
1.285,0.04825,4,M,461,D,0.2611,3
0.06555,0.004201,12,M,461,E,-0.01123,9
0.638,0.03137,8,M,461,F,-0.3215,5
1.464,0.0513,9,M,461,G,0.3728,6
-1.703,-0.2831,9,M,461,H,-0.1066,6
-0.583,-0.05191,35,M,461,I,-0.489,11
-0.2165,-0.01595,2,M,461,K,-0.07252,2
-2.403,-0.5994,6,M,461,L,-0.5845,5
0,0,,M,461,M,0,
0.4339,0.02338,6,M,461,N,0.03072,3
-1.749,-0.2987,9,M,461,P,-0.5471,6
1.073,0.04386,8,M,461,Q,0.097,6
-1.344,-0.1819,9,M,461,R,-0.07835,4
-2.183,-0.4793,6,M,461,S,-0.3467,3
0.5088,0.0265,6,M,461,T,0.02405,4
-0.6889,-0.0649,11,M,461,V,-0.1153,8
0.7412,0.03484,5,M,461,W,-0.3251,2
-0.1903,-0.01384,9,M,461,Y,0.4423,7
0.9376,0.04053,1,L,462,-,,
-0.244,-0.01823,8,L,462,A,-0.1567,4
-0.7568,-0.07394,7,L,462,C,-0.1068,3
-0.05054,-0.003428,4,L,462,D,-0.017,2
-0.2381,-0.01774,7,L,462,E,0.4638,5
-0.3569,-0.02824,8,L,462,F,-0.5259,3
-2.83,-0.8978,6,L,462,G,-0.4079,4
-0.649,-0.05985,11,L,462,H,0.09631,7
1.758,0.05526,7,L,462,I,-0.168,4
-2.029,-0.4075,9,L,462,K,-0.2775,5
0,0,,L,462,L,0,
-1.646,-0.2649,7,L,462,M,0.2989,5
-4.82,-3.462,3,L,462,N,-3.083,1
-2.724,-0.8153,18,L,462,P,-0.3202,8
-0.006355,-0.0004214,7,L,462,Q,0.3125,4
-1.332,-0.1791,9,L,462,R,-0.1589,5
-0.2222,-0.01642,14,L,462,S,0.1306,8
-1.995,-0.393,5,L,462,T,-0.4321,4
1.403,0.05032,4,L,462,V,-0.1141,2
0.06252,0.004013,11,L,462,W,-0.297,5
0.9656,0.04125,9,L,462,Y,0.1765,4
-10.43,-6.011,3,E,463,*,,
0.6349,0.03126,5,E,463,A,0.5827,4
-1.312,-0.1743,16,E,463,C,-0.1773,10
-0.0549,-0.003731,5,E,463,D,0.368,2
0,0,,E,463,E,0,
-0.4745,-0.03991,9,E,463,F,-0.5576,4
1.263,0.04784,7,E,463,G,0.3824,4
-0.1815,-0.01314,10,E,463,H,0.04416,7
2.535,0.06154,9,E,463,I,0.07625,5
-0.8036,-0.08052,30,E,463,K,-0.1002,5
1.953,0.05732,9,E,463,L,0.2802,8
0.05792,0.003726,10,E,463,M,-0.03209,8
0.479,0.02529,15,E,463,N,0.1922,9
0.8579,0.03835,5,E,463,P,0.3922,2
0.7755,0.03591,8,E,463,Q,-0.01476,6
0.3346,0.01888,13,E,463,R,0.5266,10
-0.9082,-0.09635,14,E,463,S,-0.1927,9
-1.218,-0.1535,9,E,463,T,0.07676,8
1.61,0.05341,7,E,463,V,0.3007,4
-0.4617,-0.03858,8,E,463,W,-0.02943,6
-1.536,-0.232,13,E,463,Y,-0.1347,12
-0.7176,-0.06864,1,S,464,-,,
-1.229,-0.1557,6,S,464,A,-0.2758,6
-0.5286,-0.04573,6,S,464,C,-0.466,3
-0.0651,-0.004447,10,S,464,D,0.1399,8
0.07343,0.004688,8,S,464,E,0.3528,5
-1.506,-0.2235,10,S,464,F,-0.08096,7
0.7026,0.03358,14,S,464,G,0.02174,7
2.235,0.05967,10,S,464,H,0.5967,8
0.9465,0.04076,11,S,464,I,-0.5394,5
1.207,0.04674,9,S,464,K,-0.4313,5
2.331,0.06033,9,S,464,L,-0.1989,4
-1.232,-0.1564,7,S,464,M,0.09775,4
1.328,0.04902,21,S,464,N,0.3334,7
-0.6686,-0.0623,9,S,464,P,0.03431,8
-0.2503,-0.01876,15,S,464,Q,-0.6904,9
0.03918,0.002544,9,S,464,R,0.01676,5
0,0,,S,464,S,0,
1.426,0.05069,6,S,464,T,0.6501,5
2.281,0.06,10,S,464,V,-0.135,9
-0.8902,-0.09351,9,S,464,W,-0.3009,6
-1.712,-0.2861,9,S,464,Y,-0.3952,7
-0.05043,-0.00342,1,T,465,-,,
-0.08066,-0.005553,12,T,465,A,-0.0605,6
-1.739,-0.2953,6,T,465,C,0.02358,4
0.1299,0.008073,5,T,465,D,0.1281,4
-0.241,-0.01797,8,T,465,E,-0.0111,5
-1.027,-0.1163,14,T,465,F,-0.02422,7
-3.298,-1.34,5,T,465,G,-1.378,4
-1.64,-0.2628,10,T,465,H,-0.3871,8
-0.1804,-0.01305,16,T,465,I,0.5204,6
1.293,0.04839,4,T,465,K,0.155,4
1.787,0.05559,8,T,465,L,0.134,3
-1.23,-0.1561,5,T,465,M,-0.645,3
-1.103,-0.1304,6,T,465,N,-0.9063,4
0.2313,0.01369,5,T,465,P,-0.1228,4
0.3592,0.02003,5,T,465,Q,-0.1133,5
0.7026,0.03358,9,T,465,S,0.2928,7
0,0,,T,465,T,0,
-0.9235,-0.0988,6,T,465,V,0.3731,3
0.6453,0.03163,7,T,465,W,0.5412,4
-2.074,-0.4276,5,T,465,Y,-0.1419,3
-0.4685,-0.03928,2,P,466,-,,
-1.323,-0.177,7,P,466,A,-0.3,4
0.1025,0.006454,10,P,466,C,-0.2245,6
-1.997,-0.3938,8,P,466,D,0.03567,4
-0.3173,-0.02461,10,P,466,E,0.06405,5
1.766,0.05536,7,P,466,F,0.0857,2
3.139,0.06397,8,P,466,G,0.1524,4
-0.2922,-0.02237,15,P,466,H,0.04585,7
1.604,0.05333,6,P,466,I,0.05634,3
-1.072,-0.1245,5,P,466,K,-0.5504,2
-0.3211,-0.02495,13,P,466,L,-0.2505,4
-1.97,-0.3826,6,P,466,M,-0.07356,5
-2.542,-0.6862,6,P,466,N,-0.3516,3
0,0,,P,466,P,0,
2.41,0.06083,3,P,466,Q,-0.2168,1
2.122,0.05881,9,P,466,R,-0.4905,6
-0.6768,-0.06334,8,P,466,S,0.03361,5
-0.0793,-0.005456,10,P,466,T,0.03069,8
-1.219,-0.1537,7,P,466,V,0.01467,7
-0.8114,-0.08166,10,P,466,W,-0.4228,6
1.436,0.05084,5,P,466,Y,0.3344,4
-7.673,-5.782,3,Q,467,*,-6,1
-0.8095,-0.08138,1,Q,467,-,,
0.9768,0.04154,14,Q,467,A,0.2068,12
-1.301,-0.1718,13,Q,467,C,-0.2212,9
0.6509,0.03182,7,Q,467,D,0.2746,5
-0.5074,-0.04342,16,Q,467,E,0.3869,8
-1.092,-0.1283,8,Q,467,F,-0.1961,5
-0.7502,-0.07303,8,Q,467,G,-0.1773,5
-1.005,-0.1125,8,Q,467,H,0.1597,5
0.234,0.01384,10,Q,467,I,0.3195,7
-0.9211,-0.09841,10,Q,467,K,0.3564,6
-0.2072,-0.0152,11,Q,467,L,0.01104,4
-1.52,-0.2274,12,Q,467,M,-0.8861,6
-1.616,-0.2554,8,Q,467,N,-0.2342,6
-0.358,-0.02835,4,Q,467,P,0.6606,1
0,0,,Q,467,Q,0,
-0.386,-0.03101,17,Q,467,R,0.4886,5
-0.2947,-0.02259,9,Q,467,S,-0.1223,3
0.3922,0.02154,12,Q,467,T,0.2694,8
0.9458,0.04074,8,Q,467,V,0.08535,6
-1.35,-0.1834,13,Q,467,W,-0.04443,9
-0.03406,-0.002292,14,Q,467,Y,0.1467,10
-1.984,-0.3883,1,H,468,-,,
0.7677,0.03567,9,H,468,A,0.2122,7
-1.048,-0.1201,2,H,468,C,-0.3157,1
1.795,0.05569,6,H,468,D,-0.115,5
-1.24,-0.1582,9,H,468,E,-0.473,7
0.05558,0.003579,6,H,468,F,-0.2775,5
-1.335,-0.1798,6,H,468,G,-0.1385,5
0,0,,H,468,H,0,
0.555,0.02832,6,H,468,I,0.62,2
0.9075,0.03973,11,H,468,K,0.01397,9
-0.3013,-0.02318,12,H,468,L,-0.3842,5
0.1177,0.007355,13,H,468,M,0.2997,8
1.358,0.04956,9,H,468,N,-0.07463,5
-0.5186,-0.04464,12,H,468,P,-0.7291,8
1.129,0.0451,14,H,468,Q,0.2527,11
1.147,0.04549,14,H,468,R,-0.00196,6
2.602,0.06189,6,H,468,S,0.454,3
-2.844,-0.9096,2,H,468,T,-0.9217,2
2.671,0.06223,6,H,468,V,0.2013,3
0.1699,0.01036,7,H,468,W,-0.02305,6
-0.8472,-0.08693,11,H,468,Y,0.4651,5
-1.844,-0.3325,1,G,469,-,,
0.8126,0.03704,6,G,469,A,0.09834,4
-2.44,-0.6212,9,G,469,C,-0.06044,4
0.02429,0.001589,16,G,469,D,0.1926,3
-1.874,-0.3441,5,G,469,E,-0.2781,3
-2.086,-0.4329,3,G,469,F,-0.8877,1
0,0,,G,469,G,0,
-0.5302,-0.04592,8,G,469,H,-0.0912,5
1.109,0.04467,13,G,469,I,0.2158,6
-0.522,-0.04501,7,G,469,K,0.07421,5
-0.3184,-0.0247,9,G,469,L,-0.3465,3
0.1462,0.009016,7,G,469,M,0.01601,3
2.252,0.05979,10,G,469,N,0.1918,7
-0.333,-0.02603,10,G,469,P,-0.1777,5
2.704,0.06238,9,G,469,Q,-0.07695,8
-1.601,-0.2511,11,G,469,R,0.1837,8
-0.8669,-0.08992,13,G,469,S,0.003935,4
-0.8097,-0.0814,10,G,469,T,0.1707,6
-0.1777,-0.01284,14,G,469,V,-0.04816,10
0.9794,0.0416,13,G,469,W,0.2752,8
-0.042,-0.002836,10,G,469,Y,0.03068,5
-2.13,-0.4537,2,D,470,-,,
0.3202,0.01819,12,D,470,A,0.1672,6
-0.5081,-0.04349,7,D,470,C,-0.2538,4
0,0,,D,470,D,0,
1.545,0.05251,13,D,470,E,-0.0978,9
1.099,0.04443,10,D,470,F,0.1437,6
0.3837,0.02116,12,D,470,G,-0.1539,5
1.953,0.05732,9,D,470,H,0.5174,6
-1.8,-0.3166,9,D,470,I,0.1749,7
-0.5838,-0.052,13,D,470,K,0.02733,5
-0.8897,-0.09343,6,D,470,L,0.1281,4
0.4856,0.02556,7,D,470,M,0.007158,3
0.3566,0.01991,19,D,470,N,0.1937,9
-0.8504,-0.08741,9,D,470,P,0.2955,4
2.601,0.06188,9,D,470,Q,0.3062,6
-0.9149,-0.09741,14,D,470,R,0.146,7
0.2742,0.01591,7,D,470,S,0.6111,2
-0.08307,-0.005725,8,D,470,T,0.1102,6
0.8296,0.03754,9,D,470,V,-0.08647,6
2.443,0.06103,14,D,470,W,0.09092,9
-0.7717,-0.07601,8,D,470,Y,0.4162,3
-3.14,-1.177,2,T,471,-,,
-0.4271,-0.03504,15,T,471,A,-0.02439,8
-0.2505,-0.01878,14,T,471,C,-0.2813,8
-1.033,-0.1174,7,T,471,D,-0.6919,3
0.4268,0.02308,5,T,471,E,0.1559,3
-0.02594,-0.001738,2,T,471,F,-0.04786,2
0.07273,0.004646,7,T,471,G,0.1001,3
-1.174,-0.1442,7,T,471,H,-0.1781,6
-0.8182,-0.08265,14,T,471,I,0.1725,6
1.383,0.04998,12,T,471,K,0.31,8
-0.7812,-0.07733,12,T,471,L,-0.01542,7
0.4634,0.02464,9,T,471,M,-0.1649,5
0.8453,0.03799,8,T,471,N,-0.3937,6
-0.5952,-0.05334,10,T,471,P,-0.2822,7
-0.1348,-0.009531,6,T,471,Q,-0.0851,6
-0.6556,-0.06067,11,T,471,R,0.1375,7
-0.8249,-0.08363,5,T,471,S,-0.3339,4
0,0,,T,471,T,0,
0.2708,0.01574,4,T,471,V,-0.7954,1
-0.1581,-0.01131,13,T,471,W,0.2827,7
0.6436,0.03157,10,T,471,Y,0.145,6
-0.6137,-0.05554,1,Y,472,*,,
-2.716,-0.8088,2,Y,472,-,,
-0.397,-0.03207,6,Y,472,A,-0.1259,5
-0.8671,-0.08994,17,Y,472,C,0.236,9
-3.975,-2.197,10,Y,472,D,-1.975,6
-3.506,-1.578,6,Y,472,E,-1.872,3
0.7581,0.03537,10,Y,472,F,0.1378,5
-3.253,-1.292,10,Y,472,G,-1.653,5
-1.856,-0.3371,16,Y,472,H,-0.01996,9
0.2228,0.01324,11,Y,472,I,0.2333,6
-3.06,-1.099,10,Y,472,K,-0.731,7
-1.239,-0.1581,10,Y,472,L,0.2477,5
-1.352,-0.1837,7,Y,472,M,-0.1092,7
-0.09511,-0.006594,3,Y,472,N,-0.5486,1
-2.851,-0.9147,4,Y,472,P,-0.6395,3
-0.935,-0.1007,5,Y,472,Q,-0.5759,2
-2.55,-0.6915,9,Y,472,R,-0.6284,8
0.3826,0.02111,6,Y,472,S,-0.1479,4
-2.418,-0.6084,7,Y,472,T,-0.5209,4
-2.869,-0.9298,7,Y,472,V,-1.537,3
1.546,0.05251,9,Y,472,W,0.2685,5
0,0,,Y,472,Y,0,
-8.75,-5.942,5,E,473,*,,
-2.506,-0.6632,2,E,473,-,,
-0.1,-0.006953,16,E,473,A,0.4728,10
2.136,0.05892,13,E,473,C,0.4156,7
-2.611,-0.7329,14,E,473,D,-0.1608,6
0,0,,E,473,E,0,
-1.567,-0.241,14,E,473,F,-0.07376,7
-0.6384,-0.05854,10,E,473,G,0.3908,5
0.9245,0.04018,3,E,473,H,0.1923,3
1.23,0.04719,10,E,473,I,0.07523,8
2.745,0.06256,6,E,473,K,-0.2381,3
-1.203,-0.1503,15,E,473,L,-0.2519,13
-0.6462,-0.0595,8,E,473,M,-0.4961,5
1.19,0.04639,7,E,473,N,0.1768,5
-5.018,-3.752,14,E,473,P,-3.795,5
0.6744,0.03263,9,E,473,Q,-0.3633,6
-0.9449,-0.1023,8,E,473,R,-0.2327,6
-0.2214,-0.01635,13,E,473,S,0.04875,9
-0.6045,-0.05444,8,E,473,T,0.3144,4
-2.278,-0.5289,10,E,473,V,-0.4401,8
0.5715,0.02894,9,E,473,W,-0.3196,3
1.104,0.04457,13,E,473,Y,-0.2608,8
-1.776,-0.3081,1,C,474,-,,
-2.382,-0.5868,4,C,474,A,-0.5415,2
0,0,,C,474,C,0,
-7.88,-5.827,12,C,474,D,-6,6
-8.611,-5.929,4,C,474,E,-6,1
-3.311,-1.355,9,C,474,F,-1.144,1
-5.361,-4.215,17,C,474,G,-3.698,8
-8.199,-5.88,7,C,474,H,-6,6
-1.266,-0.1639,12,C,474,I,-0.168,9
-8.172,-5.876,5,C,474,K,-6,5
-1.764,-0.3039,11,C,474,L,-0.1453,5
-4.304,-2.682,8,C,474,M,-3.889,6
-14,-6.027,5,C,474,N,-5.1,4
-7.193,-5.641,7,C,474,P,-5.784,4
-8.595,-5.927,7,C,474,Q,-6,5
-11.19,-6.02,8,C,474,R,-6,4
-4.291,-2.662,5,C,474,S,-2.235,3
-3.078,-1.117,9,C,474,T,-1.228,8
-1.121,-0.1339,6,C,474,V,-0.1766,3
-4.738,-3.34,8,C,474,W,-2.929,5
-4.057,-2.315,15,C,474,Y,-1.868,5
0.8689,0.03866,10,H,475,A,-0.03827,6
0.4346,0.02341,10,H,475,C,-0.2294,6
0.3072,0.01755,9,H,475,D,0.01535,6
-1.741,-0.296,6,H,475,E,-0.1774,4
-2.777,-0.8557,7,H,475,F,-0.6317,5
1.582,0.05303,14,H,475,G,0.2307,11
0,0,,H,475,H,0,
2.438,0.061,9,H,475,I,-0.1625,6
0.1224,0.007636,11,H,475,K,-0.2724,9
0.1958,0.01179,8,H,475,L,0.5195,5
1.619,0.05353,11,H,475,M,-0.2598,8
0.2821,0.01631,1,H,475,N,,
-5.381,-4.24,11,H,475,P,-4.196,8
0.3555,0.01986,12,H,475,Q,-0.06123,7
0.79,0.03636,18,H,475,R,0.256,4
-1.397,-0.1949,11,H,475,S,-0.5534,8
0.7665,0.03563,7,H,475,T,0.1633,5
0.5144,0.02673,9,H,475,V,-0.1884,4
0.6184,0.03067,8,H,475,W,-0.07487,4
0.5905,0.02965,14,H,475,Y,-0.5052,8
-1.824,-0.3252,6,V,476,A,0.3811,3
-1.655,-0.2676,10,V,476,C,-0.3485,6
-7.474,-5.731,4,V,476,D,-6,4
-4.665,-3.229,14,V,476,E,-3.111,6
0.2567,0.01502,9,V,476,F,0.3244,6
-1.74,-0.2957,7,V,476,G,-1.027,4
-4.401,-2.828,10,V,476,H,-2.72,6
-0.63,-0.05751,10,V,476,I,0.005867,5
-7.309,-5.681,9,V,476,K,-5.893,6
0.06314,0.004051,12,V,476,L,-0.02706,6
-0.2614,-0.0197,22,V,476,M,0.07159,9
-5.013,-3.744,8,V,476,N,-2.694,7
-2.961,-1.009,13,V,476,P,-1.234,10
-4.507,-2.99,12,V,476,Q,-3.175,6
-8.189,-5.879,7,V,476,R,-6,4
-2.764,-0.8455,6,V,476,S,-0.5323,3
3.695,0.06522,17,V,476,T,0.1312,8
0,0,,V,476,V,0,
-1.782,-0.3101,7,V,476,W,-0.4558,5
-2.541,-0.6853,1,V,476,Y,,
-7.597,-5.764,14,Q,477,*,-6,1
-0.5397,-0.04697,10,Q,477,A,0.4127,4
1.807,0.05582,12,Q,477,C,-0.3201,7
1.951,0.0573,8,Q,477,D,0.5942,6
0.9499,0.04085,15,Q,477,E,0.1181,10
1.459,0.05122,16,Q,477,F,0.2454,8
-0.7767,-0.0767,10,Q,477,G,-0.03195,4
0.6136,0.0305,11,Q,477,H,0.2746,1
0.1827,0.01107,13,Q,477,I,-0.01922,10
-1.032,-0.1173,8,Q,477,K,0.0263,6
1.407,0.05039,8,Q,477,L,0.375,6
-0.5196,-0.04474,17,Q,477,M,0.084,12
-0.8082,-0.08119,3,Q,477,N,,
-2.893,-0.9498,12,Q,477,P,-0.5397,7
0,0,,Q,477,Q,0,
-1.958,-0.3774,15,Q,477,R,0.2945,9
-0.1292,-0.009111,9,Q,477,S,-0.321,5
1.954,0.05733,10,Q,477,T,0.07715,5
2.543,0.06159,14,Q,477,V,-0.0396,9
-1.39,-0.1931,14,Q,477,W,-0.4103,10
-0.6842,-0.0643,9,Q,477,Y,-0.3681,6
-1.317,-0.1754,7,H,478,A,-0.2782,3
-0.8243,-0.08353,15,H,478,C,-0.1816,6
-1.314,-0.1748,4,H,478,D,0.3491,1
-0.7594,-0.0743,9,H,478,E,-2.994,1
-1.722,-0.2896,14,H,478,F,0.03625,8
-0.4808,-0.04057,9,H,478,G,-0.2633,6
0,0,,H,478,H,0,
-2.589,-0.7177,6,H,478,I,-0.6357,5
-0.7852,-0.07791,9,H,478,K,-0.3139,7
-1.27,-0.1649,12,H,478,L,-0.1952,10
-0.8273,-0.08398,8,H,478,M,-0.6675,4
-1.272,-0.1652,14,H,478,N,-0.3373,8
-2.112,-0.4451,8,H,478,P,-0.2716,5
-2.029,-0.4074,11,H,478,Q,-0.2013,9
-1.843,-0.3323,12,H,478,R,0.006674,6
-0.3971,-0.03209,14,H,478,S,0.1722,7
-0.273,-0.0207,13,H,478,T,0.09018,7
0.6053,0.03019,9,H,478,V,-0.1787,7
-0.3305,-0.02581,16,H,478,W,0.4466,8
0.2672,0.01556,16,H,478,Y,-0.327,7
0,0,,A,479,A,0,
0.1166,0.00729,9,A,479,C,-7.117e-05,7
1.559,0.0527,10,A,479,D,0.4244,4
-5.936,-4.855,2,A,479,E,-3.282,2
-0.3651,-0.02901,12,A,479,F,-0.01484,8
-2.397,-0.5957,6,A,479,G,-0.7056,5
-1.718,-0.2883,3,A,479,H,-0.3144,2
-0.7744,-0.07638,12,A,479,I,-0.5986,6
-1.556,-0.2377,13,A,479,K,-0.3942,6
1.35,0.04941,8,A,479,L,0.3439,7
-0.04497,-0.003041,6,A,479,M,-0.455,5
-0.3672,-0.02921,11,A,479,N,0.1679,6
-1.554,-0.237,11,A,479,P,-0.4056,7
-1.247,-0.1596,9,A,479,Q,0.009815,8
1.542,0.05246,6,A,479,R,-0.1487,5
-1.373,-0.1889,19,A,479,S,0.02554,7
-1.15,-0.1395,27,A,479,T,-0.1381,11
0.836,0.03772,13,A,479,V,0.084,7
0.2901,0.01671,12,A,479,W,0.01071,10
-0.4705,-0.03949,15,A,479,Y,-0.1906,12
-0.5356,-0.04651,15,S,480,A,0.249,12
-0.7774,-0.0768,7,S,480,C,0.00458,6
-2.062,-0.4223,2,S,480,D,-0.8876,2
0.6016,0.03006,10,S,480,E,-0.04909,5
-1.777,-0.3083,8,S,480,F,0.1546,4
-0.5607,-0.04934,6,S,480,G,-0.4068,5
-1.296,-0.1708,9,S,480,H,0.2373,6
-1.557,-0.2379,6,S,480,I,-0.08197,5
0.3683,0.02045,5,S,480,K,-0.6155,3
-2.41,-0.6035,4,S,480,L,-0.2759,3
-1.334,-0.1795,9,S,480,M,-0.1365,6
-2.363,-0.5759,2,S,480,N,-0.4146,1
-0.8976,-0.09468,9,S,480,P,0.4963,4
-2.027,-0.4067,9,S,480,Q,-0.4245,5
-2.465,-0.6368,6,S,480,R,-0.453,6
0,0,,S,480,S,0,
-0.0263,-0.001762,13,S,480,T,0.03162,8
-1.965,-0.3803,12,S,480,V,-0.4891,10
-2.806,-0.8783,14,S,480,W,-0.7089,9
-1.002,-0.1119,10,S,480,Y,-0.2523,8
-1.125,-0.1347,8,L,481,A,-0.1844,5
-0.765,-0.07507,11,L,481,C,-0.1984,5
0.7192,0.03413,2,L,481,D,,
-0.9263,-0.09925,5,L,481,E,0.09334,4
0.03278,0.002135,6,L,481,F,0.082,1
-1.125,-0.1346,8,L,481,G,-0.9797,3
-1.202,-0.1501,8,L,481,H,-0.008355,7
-1.437,-0.2051,15,L,481,I,0.4724,9
0.6562,0.03201,5,L,481,K,0.8798,3
0,0,,L,481,L,0,
2.604,0.0619,7,L,481,M,-0.3217,3
-0.7491,-0.07289,5,L,481,N,-0.6535,3
1.127,0.04505,8,L,481,P,0.22,6
-0.1958,-0.01428,5,L,481,Q,0.6895,3
1.338,0.04921,11,L,481,R,0.2048,5
1.273,0.04803,10,L,481,S,-0.5236,6
-2.026,-0.4064,10,L,481,T,-0.3449,5
1.448,0.05105,14,L,481,V,0.2399,9
1.855,0.05634,6,L,481,W,-0.05925,2
-0.7568,-0.07394,8,L,481,Y,-0.04005,2
-1.626,-0.2586,10,K,482,A,-0.02704,8
-0.001975,-0.0001308,12,K,482,C,-0.1812,8
-0.3023,-0.02326,10,K,482,D,-0.2263,5
-1.32,-0.1761,14,K,482,E,-0.2111,6
-1.916,-0.3606,9,K,482,F,0.235,5
0.2431,0.01432,9,K,482,G,0.07592,4
2.506,0.06139,11,K,482,H,-0.4185,8
0.8367,0.03774,10,K,482,I,0.2002,8
0,0,,K,482,K,0,
-0.9392,-0.1013,16,K,482,L,0.5796,8
2.218,0.05955,8,K,482,M,-0.4729,5
1.348,0.04938,15,K,482,N,-0.09621,3
-0.4086,-0.03321,8,K,482,P,-0.2815,7
-0.3202,-0.02487,11,K,482,Q,-0.1696,7
-1.78,-0.3094,22,K,482,R,-0.423,12
0.3136,0.01786,11,K,482,S,-0.2202,6
2.539,0.06157,8,K,482,T,0.5371,5
-0.01202,-0.0007999,7,K,482,V,-0.0302,2
-0.1571,-0.01123,12,K,482,W,0.03799,9
-0.3806,-0.03049,7,K,482,Y,0.2532,4
2.609,0.06192,7,S,483,A,-0.132,6
-0.7298,-0.07027,11,S,483,C,-0.3842,7
-0.2624,-0.01979,5,S,483,D,-0.4625,3
-2.066,-0.4242,5,S,483,E,-0.1485,4
-0.569,-0.05029,17,S,483,F,-0.04729,10
0.1938,0.01168,9,S,483,G,0.5222,3
0.1519,0.00934,8,S,483,H,-0.3379,6
0.698,0.03343,12,S,483,I,-0.2736,6
0.08191,0.005209,7,S,483,K,0.07645,4
0.5849,0.02944,11,S,483,L,-0.3117,6
0.7652,0.03559,3,S,483,M,0.249,3
0.3891,0.0214,15,S,483,N,0.1507,9
-0.5494,-0.04806,3,S,483,P,-0.179,3
1.198,0.04656,5,S,483,Q,0.4065,5
-1.1,-0.1298,16,S,483,R,-0.02858,10
0,0,,S,483,S,0,
-0.766,-0.07522,12,S,483,T,0.2516,5
-0.6924,-0.06535,7,S,483,V,-0.4357,1
-0.6352,-0.05815,4,S,483,W,0.1448,3
0.8434,0.03794,7,S,483,Y,0.1083,5
-0.3661,-0.02911,7,P,484,A,-0.3307,3
2.303,0.06015,10,P,484,C,-0.1167,8
-0.1921,-0.01398,8,P,484,D,0.3768,6
-1.914,-0.3596,6,P,484,E,0.1382,5
0.4739,0.02508,15,P,484,F,-0.1043,12
1.131,0.04516,6,P,484,G,0.2704,3
0.01522,0.001,23,P,484,H,-0.2454,7
-1.903,-0.3554,9,P,484,I,-0.1299,6
3.383,0.06461,12,P,484,K,0.1898,8
-0.2652,-0.02002,12,P,484,L,-0.001125,8
-0.1702,-0.01225,8,P,484,M,0.06454,6
0.8368,0.03775,8,P,484,N,-0.1078,4
0,0,,P,484,P,0,
1.665,0.05413,8,P,484,Q,-0.2409,6
-0.2706,-0.02049,14,P,484,R,-0.07009,10
-0.6181,-0.05607,11,P,484,S,-0.2404,4
-0.63,-0.05751,9,P,484,T,0.0605,2
-0.633,-0.05787,11,P,484,V,-0.08571,4
-0.2893,-0.02212,4,P,484,W,0.7055,1
-2.247,-0.5121,6,P,484,Y,-0.7437,5
-0.2258,-0.01672,1,I,485,-,,
0.2858,0.0165,8,I,485,A,-0.04182,5
-1.566,-0.2407,9,I,485,C,-0.1455,4
0.1168,0.007305,12,I,485,D,0.1821,8
-1.196,-0.1489,7,I,485,E,0.04635,4
-0.7317,-0.07053,9,I,485,F,0.551,3
0.7018,0.03355,5,I,485,G,-0.4632,3
1.709,0.05468,5,I,485,H,0.6329,3
0,0,,I,485,I,0,
1.487,0.05165,12,I,485,K,0.0814,8
0.5755,0.02909,12,I,485,L,-0.4959,6
0.2217,0.01319,13,I,485,M,0.2876,10
-0.19,-0.01381,13,I,485,N,-0.1261,5
2.127,0.05885,6,I,485,P,-0.02782,2
0.2561,0.01499,7,I,485,Q,-0.2799,4
0.0835,0.005305,10,I,485,R,-0.2256,5
-2.877,-0.9371,5,I,485,S,0.025,3
0.267,0.01555,13,I,485,T,-0.2583,7
-0.1259,-0.008866,16,I,485,V,0.08417,3
-1.943,-0.3713,10,I,485,W,-0.1994,7
0.8002,0.03666,12,I,485,Y,-0.0108,6
-0.01592,-0.001061,1,T,486,-,,
-0.8804,-0.092,12,T,486,A,-0.5297,3
1.35,0.04941,9,T,486,C,-0.5377,6
0.03754,0.002439,9,T,486,D,-0.5067,3
1.004,0.04221,4,T,486,E,0.7169,1
0.1345,0.008337,9,T,486,F,0.2189,8
-1.07,-0.1241,7,T,486,G,-0.3641,4
-1.288,-0.1688,6,T,486,H,-0.04525,6
-0.132,-0.00932,16,T,486,I,0.03476,8
1.73,0.05493,7,T,486,K,0.4518,5
-0.4127,-0.03362,11,T,486,L,-0.07285,7
0.4755,0.02515,8,T,486,M,0.08334,5
-1.437,-0.205,9,T,486,N,0.02045,2
-0.1724,-0.01242,7,T,486,P,0.0086,4
-0.7497,-0.07298,7,T,486,Q,0.0886,6
-0.4365,-0.036,8,T,486,R,-0.1955,5
0.8904,0.03926,10,T,486,S,0.09781,5
0,0,,T,486,T,0,
0.9548,0.04098,7,T,486,V,0.2436,4
-0.4041,-0.03277,13,T,486,W,0.04251,10
-0.9845,-0.1089,11,T,486,Y,0.1062,6
-5.432,-4.304,1,Y,487,*,,
-5.496,-4.383,2,Y,487,-,,
-1.323,-0.1769,7,Y,487,A,-0.1606,6
1.395,0.05019,10,Y,487,C,-0.07213,5
0.448,0.02399,6,Y,487,D,-0.1264,2
-0.5789,-0.05143,7,Y,487,E,0.02629,3
-0.4309,-0.03543,8,Y,487,F,0.02585,6
1.878,0.05657,12,Y,487,G,0.2089,10
-0.2229,-0.01647,13,Y,487,H,0.1607,3
1.161,0.04579,13,Y,487,I,0.1077,8
-0.3347,-0.02619,12,Y,487,K,-0.2304,8
0.9178,0.04,9,Y,487,L,0.4102,5
0.2261,0.01342,10,Y,487,M,0.7042,5
-0.275,-0.02087,9,Y,487,N,0.09086,5
-0.5874,-0.05243,9,Y,487,P,-0.4333,5
-0.05671,-0.003858,9,Y,487,Q,0.2552,7
-1.026,-0.1162,13,Y,487,R,-0.09598,10
0.8744,0.03882,4,Y,487,S,0.1613,2
1.61,0.05341,8,Y,487,T,-0.04263,4
-1.082,-0.1263,8,Y,487,V,0.1039,6
-1.435,-0.2046,12,Y,487,W,0.2142,9
0,0,,Y,487,Y,0,
-9.399,-5.982,3,E,488,*,,
-0.719,-0.06883,1,E,488,-,,
-1.229,-0.1559,12,E,488,A,0.07248,7
-0.5956,-0.05339,13,E,488,C,-0.1733,8
1.799,0.05572,8,E,488,D,-0.1434,5
0,0,,E,488,E,0,
0.7104,0.03384,8,E,488,F,-0.1946,4
0.5275,0.02724,11,E,488,G,0.02697,7
1.722,0.05484,14,E,488,H,0.4051,8
-0.7791,-0.07704,20,E,488,I,0.02296,10
-1.403,-0.1963,16,E,488,K,0.1971,8
-0.2371,-0.01765,8,E,488,L,0.08008,5
-2.107,-0.4426,7,E,488,M,-0.594,6
-0.04099,-0.002767,14,E,488,N,-0.2609,8
0.3587,0.02001,8,E,488,P,-0.09324,6
0.7889,0.03632,3,E,488,Q,0.2197,2
0.759,0.0354,9,E,488,R,-0.1193,6
-0.3327,-0.02601,8,E,488,S,0.01444,5
-0.04179,-0.002822,8,E,488,T,0.2017,6
-0.07459,-0.005119,14,E,488,V,-0.07515,8
-2.17,-0.4731,7,E,488,W,-0.1635,4
-1.87,-0.3427,9,E,488,Y,0.1318,6
-9.263,-5.976,25,W,489,*,-6,2
-0.6073,-0.05477,1,W,489,-,,
0.1439,0.008882,5,W,489,A,-0.5025,4
-1.669,-0.272,10,W,489,C,-0.05499,4
-1.753,-0.3,10,W,489,D,0.06813,7
-2.519,-0.6713,7,W,489,E,-0.4398,4
-1.504,-0.223,8,W,489,F,-0.1783,5
-1.736,-0.2941,4,W,489,G,0.3585,1
-2.623,-0.7412,7,W,489,H,-0.8648,4
-1.671,-0.2728,10,W,489,I,-0.4115,8
-1.972,-0.3832,6,W,489,K,-0.5042,3
-1.323,-0.177,11,W,489,L,0.04687,10
-1.84,-0.3312,9,W,489,M,0.286,4
-0.5805,-0.05162,7,W,489,N,-1.204,3
-2.326,-0.555,12,W,489,P,-0.4488,9
-0.2915,-0.02231,11,W,489,Q,-0.7233,3
0.4106,0.02236,5,W,489,R,-0.6134,3
0.9311,0.04036,11,W,489,S,-0.913,6
-0.4264,-0.03497,13,W,489,T,-0.02265,10
-0.238,-0.01772,10,W,489,V,-0.01085,4
0,0,,W,489,W,0,
-0.1258,-0.008853,9,W,489,Y,-0.1434,8
-0.8068,-0.08099,2,V,490,-,,
1.068,0.04373,11,V,490,A,-0.2246,8
2.604,0.0619,9,V,490,C,0.08228,5
-1.322,-0.1767,5,V,490,D,0.2467,4
0.5709,0.02892,6,V,490,E,0.2423,4
-1.392,-0.1937,8,V,490,F,0.06608,5
0.02631,0.001719,8,V,490,G,0.0474,4
0.9343,0.04044,12,V,490,H,0.4653,8
-0.1263,-0.008892,7,V,490,I,-0.0517,5
-2.14,-0.4585,5,V,490,K,-0.2005,5
-1.517,-0.2265,18,V,490,L,-0.3095,9
-0.2663,-0.02012,15,V,490,M,0.01731,3
-0.5383,-0.04681,6,V,490,N,0.1328,4
-0.5025,-0.04289,10,V,490,P,-0.1121,4
0.342,0.01923,6,V,490,Q,-1.223,2
3.271,0.06433,6,V,490,R,0.7468,3
-2.138,-0.4573,7,V,490,S,-0.09405,4
-2.217,-0.4964,13,V,490,T,-0.1544,9
0,0,,V,490,V,0,
0.6478,0.03171,8,V,490,W,0.2299,5
0.09987,0.006296,7,V,490,Y,0.1733,6
-0.5756,-0.05105,2,L,491,-,,
0.008866,0.0005841,9,L,491,A,0.1145,6
0.9141,0.0399,9,L,491,C,0.2402,6
-0.2716,-0.02057,7,L,491,D,0.1255,5
-0.2138,-0.01573,3,L,491,E,-0.1402,2
-1.598,-0.2502,8,L,491,F,-0.06645,7
-2.505,-0.6623,4,L,491,G,-0.2613,1
-0.2327,-0.01728,13,L,491,H,-0.3225,9
-1.162,-0.1419,8,L,491,I,0.1606,5
-0.1158,-0.008114,9,L,491,K,0.09276,7
0,0,,L,491,L,0,
-1.267,-0.1641,7,L,491,M,-0.002599,5
2.569,0.06172,10,L,491,N,0.309,5
-1.828,-0.3269,9,L,491,P,-0.1651,6
0.3102,0.0177,10,L,491,Q,0.1368,6
-0.4125,-0.03359,8,L,491,R,-0.1637,4
-0.06141,-0.004188,9,L,491,S,-0.338,7
-0.1054,-0.007344,8,L,491,T,0.324,6
0.1028,0.006469,9,L,491,V,-0.0777,6
-0.1966,-0.01434,6,L,491,W,-0.03283,6
-2.068,-0.4251,11,L,491,Y,0.2201,7
-0.1999,-0.01461,2,P,492,-,,
0.2341,0.01384,9,P,492,A,0.4048,4
-0.5919,-0.05295,7,P,492,C,-0.1992,3
-1.255,-0.1615,12,P,492,D,-0.04319,10
-2.341,-0.5635,6,P,492,E,-0.6096,4
2.057,0.05826,8,P,492,F,0.2869,7
-1.344,-0.1819,13,P,492,G,-0.07926,10
-0.2417,-0.01803,12,P,492,H,0.1212,7
-1.981,-0.3868,13,P,492,I,-0.01041,10
-1.007,-0.1128,8,P,492,K,0.1536,4
-1.633,-0.2607,8,P,492,L,-0.435,1
0.2225,0.01323,7,P,492,M,0.1887,4
-1.028,-0.1166,5,P,492,N,0.1865,2
0,0,,P,492,P,0,
0.7641,0.03556,13,P,492,Q,0.3311,8
1.002,0.04217,18,P,492,R,-0.003225,14
-0.378,-0.03024,22,P,492,S,-1.021,3
-1.765,-0.3043,11,P,492,T,0.3301,6
-0.2598,-0.01956,6,P,492,V,0.25,5
-0.03737,-0.002517,6,P,492,W,-0.4695,2
0.4777,0.02523,8,P,492,Y,0.02708,6
-0.7709,-0.07589,2,A,493,-,,
0,0,,A,493,A,0,
0.5184,0.02688,5,A,493,C,0.0432,4
0.2034,0.0122,8,A,493,D,0.04322,4
0.4361,0.02348,6,A,493,E,0.02825,2
-0.3306,-0.02581,5,A,493,F,-0.92,2
-0.4493,-0.03729,8,A,493,G,0.05464,3
-0.1192,-0.008367,11,A,493,H,0.1773,7
-0.3071,-0.02369,9,A,493,I,0.106,5
1.284,0.04823,8,A,493,K,0.4421,7
-1.848,-0.3342,10,A,493,L,-0.8271,6
0.5012,0.02619,14,A,493,M,-0.1251,10
0.2306,0.01366,9,A,493,N,-0.03969,6
-1.617,-0.2558,9,A,493,P,-0.08207,6
-0.8422,-0.08619,9,A,493,Q,0.2266,5
1.743,0.05509,7,A,493,R,0.439,6
0.4571,0.02438,7,A,493,S,0.091,2
-0.1138,-0.007966,27,A,493,T,0.3284,7
-0.1921,-0.01398,21,A,493,V,-0.2127,10
1.287,0.04828,8,A,493,W,0.2788,6
-0.3701,-0.02949,7,A,493,Y,-0.008835,4
-0.3359,-0.0263,3,D,494,-,,
0.1115,0.006988,5,D,494,A,-0.1898,3
0.2275,0.01349,9,D,494,C,0.8446,5
0,0,,D,494,D,0,
-1.317,-0.1755,8,D,494,E,-0.2089,7
-1.772,-0.3066,11,D,494,F,-0.2293,8
-0.2187,-0.01613,21,D,494,G,0.1462,10
1.704,0.05461,10,D,494,H,0.5407,6
-1.075,-0.125,14,D,494,I,-0.2999,9
0.2943,0.01692,10,D,494,K,-0.4264,7
0.4419,0.02373,4,D,494,L,-0.03487,4
0.5712,0.02893,4,D,494,M,0.09082,3
-0.3018,-0.02322,23,D,494,N,-0.3832,6
-0.554,-0.04858,9,D,494,P,0.4068,4
0.1063,0.00668,14,D,494,Q,0.5754,10
0.3087,0.01763,10,D,494,R,-0.05204,6
-1.259,-0.1624,9,D,494,S,-0.07726,4
0.009009,0.0005936,7,D,494,T,-0.4978,3
1.492,0.05172,14,D,494,V,-0.03299,11
-1.974,-0.3841,4,D,494,W,-0.6097,4
-1.297,-0.1709,8,D,494,Y,-0.02606,5
-0.936,-0.1008,4,A,495,-,,
0,0,,A,495,A,0,
1.247,0.04752,10,A,495,C,0.1652,5
-2.162,-0.469,11,A,495,D,-0.1488,8
-1.664,-0.2705,5,A,495,E,-0.5186,4
-1.852,-0.3356,10,A,495,F,-0.0793,8
-0.1847,-0.01339,15,A,495,G,-0.001129,11
1.223,0.04706,10,A,495,H,0.06099,5
-0.684,-0.06427,10,A,495,I,-0.01364,7
0.3863,0.02127,9,A,495,K,-0.05875,4
-0.9149,-0.09742,10,A,495,L,-0.05568,7
-0.03433,-0.00231,14,A,495,M,0.05842,9
1.387,0.05005,4,A,495,N,0.5412,4
-0.4017,-0.03254,11,A,495,P,0.0004984,7
-1.134,-0.1364,4,A,495,Q,-0.01647,4
2.193,0.05937,12,A,495,R,-0.0095,10
-1.602,-0.2512,9,A,495,S,-0.4949,5
0.09955,0.006277,19,A,495,T,0.0237,3
-0.1478,-0.01052,14,A,495,V,0.07745,5
-1.068,-0.1237,9,A,495,W,-0.1388,6
0.7129,0.03392,9,A,495,Y,-0.2439,5
-1.86,-0.3387,5,A,496,-,,
0,0,,A,496,A,0,
1.898,0.05678,9,A,496,C,0.4061,8
-0.53,-0.04589,10,A,496,D,-0.2445,4
-2.865,-0.9263,7,A,496,E,-0.675,7
0.06399,0.004105,9,A,496,F,0.6098,5
0.965,0.04124,12,A,496,G,-0.06848,9
1.7,0.05457,9,A,496,H,0.2564,8
-1.65,-0.2661,12,A,496,I,-0.1775,6
1.33,0.04906,9,A,496,K,0.465,8
0.4906,0.02576,10,A,496,L,0.1782,7
0.5074,0.02644,7,A,496,M,0.06535,5
-1.15,-0.1394,16,A,496,N,0.03495,9
-1.985,-0.3885,17,A,496,P,0.1343,10
0.2515,0.01475,11,A,496,Q,-0.1936,9
0.1901,0.01148,14,A,496,R,0.3156,7
1.651,0.05395,14,A,496,S,-0.01254,7
0.1957,0.01179,34,A,496,T,0.08208,14
1.556,0.05266,23,A,496,V,0.1545,12
0.2937,0.01689,5,A,496,W,-0.9806,1
-0.1833,-0.01328,10,A,496,Y,0.5621,4
-3.957,-2.171,3,R,497,*,,
-0.2372,-0.01766,4,R,497,-,,
-1.977,-0.3852,5,R,497,A,-0.1778,4
-0.1116,-0.007802,10,R,497,C,0.1182,6
-2.12,-0.4488,9,R,497,D,-0.465,6
-0.7218,-0.06921,8,R,497,E,-0.4023,4
-0.5283,-0.0457,6,R,497,F,0.03415,4
1.141,0.04537,18,R,497,G,0.0284,4
0.6479,0.03172,9,R,497,H,-0.09959,7
-1.292,-0.1699,8,R,497,I,-0.5647,5
-0.8323,-0.08472,8,R,497,K,0.02871,4
0.361,0.02012,8,R,497,L,-0.2716,5
0.3405,0.01915,8,R,497,M,-1.337,3
0.7556,0.03529,14,R,497,N,0.2162,8
2.703,0.06237,8,R,497,P,0.6979,5
-1.817,-0.3227,13,R,497,Q,-0.07817,7
0,0,,R,497,R,0,
-0.6941,-0.06558,20,R,497,S,0.2803,14
-1.235,-0.1571,7,R,497,T,-0.1407,7
-0.7612,-0.07455,10,R,497,V,-0.312,8
-1.725,-0.2903,14,R,497,W,-0.2457,9
0.2061,0.01235,12,R,497,Y,0.02419,7
-0.04569,-0.003091,4,G,498,-,,
0.1294,0.008039,9,G,498,A,-0.2864,6
-0.5041,-0.04306,6,G,498,C,-0.02793,3
0.1699,0.01035,26,G,498,D,0.3304,6
0.2077,0.01243,12,G,498,E,0.1257,8
-0.976,-0.1075,9,G,498,F,-0.5568,5
0,0,,G,498,G,0,
-0.2198,-0.01622,6,G,498,H,-0.5971,2
1.661,0.05408,3,G,498,I,1.098,1
0.1643,0.01004,15,G,498,K,0.4557,6
1.276,0.04808,11,G,498,L,0.04245,6
-1.24,-0.1583,9,G,498,M,0.1924,7
-0.1995,-0.01457,9,G,498,N,0.04904,6
0.4657,0.02473,16,G,498,P,0.2072,8
0.5171,0.02683,5,G,498,Q,-0.1519,4
-0.7237,-0.06946,8,G,498,R,0.2246,6
-0.02384,-0.001596,17,G,498,S,0.08508,4
-1.564,-0.2401,13,G,498,T,0.1966,10
-1.458,-0.2104,11,G,498,V,-0.1758,6
0.6182,0.03066,13,G,498,W,0.2138,7
2.76,0.06262,8,G,498,Y,0.6937,3
0.01778,0.001166,3,K,499,-,,
0.9228,0.04014,9,K,499,A,-0.2185,5
-0.1377,-0.00975,9,K,499,C,-0.3842,7
-2.005,-0.3974,9,K,499,D,-0.3303,6
0.003282,0.0002169,11,K,499,E,-0.6103,4
0.0285,0.00186,7,K,499,F,-0.3465,4
0.2342,0.01385,9,K,499,G,0.3592,4
0.4842,0.0255,10,K,499,H,-0.2526,6
-1.661,-0.2695,7,K,499,I,-0.643,5
0,0,,K,499,K,0,
-1.112,-0.132,15,K,499,L,-0.5311,9
-0.04842,-0.003281,10,K,499,M,-0.735,4
0.7271,0.03438,18,K,499,N,-0.06318,10
-2.486,-0.6502,6,K,499,P,-0.5532,4
-0.5559,-0.0488,6,K,499,Q,0.05228,3
-1.596,-0.2496,16,K,499,R,-0.2358,6
1.547,0.05253,7,K,499,S,-0.257,5
-0.266,-0.0201,7,K,499,T,-0.2787,4
-1.002,-0.112,13,K,499,V,-0.07894,9
-2.071,-0.4262,8,K,499,W,-0.1839,7
-1.408,-0.1977,12,K,499,Y,0.002935,6
