latent_phenotype_effect,functional_effect,times_seen,wildtype,site,mutant,functional_effect_singlemut,times_seen_singlemut
-8.662,-5.896,6,A,-1(a),*,-6,4
0,0,,A,-1(a),A,0,
1.135,0.03578,5,A,-1(a),C,-0.1773,3
-0.5773,-0.04067,7,A,-1(a),D,0.5532,5
0.3792,0.01659,3,A,-1(a),E,-0.2848,1
0.1033,0.005151,5,A,-1(a),F,0.1938,3
0.8866,0.03098,3,A,-1(a),G,0.3897,3
-1.89,-0.2808,4,A,-1(a),H,-0.2273,1
-3.597,-1.421,5,A,-1(a),I,-1.433,2
-0.5982,-0.04262,6,A,-1(a),K,0.1588,3
-0.1289,-0.007204,1,A,-1(a),L,,
-2.008,-0.3199,10,A,-1(a),M,-0.3624,7
0.004909,0.000257,8,A,-1(a),N,0.2576,6
0.2477,0.01152,7,A,-1(a),P,0.1223,2
-0.5883,-0.04169,10,A,-1(a),Q,-0.6713,9
-1.348,-0.1457,4,A,-1(a),R,-0.4682,2
0.726,0.02718,14,A,-1(a),S,0.1434,4
0.2152,0.01017,18,A,-1(a),T,0.0033,6
-2.597,-0.5876,15,A,-1(a),V,-1.386,6
-3.781,-1.635,8,A,-1(a),W,-1.498,4
-0.4754,-0.03173,7,A,-1(a),Y,-0.1178,3
-8.369,-5.857,3,V,1(a),*,-6,3
-0.624,-0.04508,12,V,1(a),A,-0.2212,5
-0.9392,-0.08057,7,V,1(a),C,-0.1295,4
-1.682,-0.221,4,V,1(a),D,-0.03735,2
-1.754,-0.2405,7,V,1(a),E,-0.2272,3
-2.341,-0.4551,6,V,1(a),F,-0.6031,3
-0.02882,-0.001533,9,V,1(a),G,-0.1933,5
-0.0922,-0.005058,7,V,1(a),H,0.1811,4
-2.03,-0.3278,4,V,1(a),I,-0.2027,1
0.8581,0.03035,9,V,1(a),K,0.2182,7
-0.3032,-0.01851,20,V,1(a),L,-0.2439,9
2.132,0.04656,16,V,1(a),M,-0.405,4
0.8821,0.03088,6,V,1(a),N,0.06501,5
0.5827,0.02324,6,V,1(a),P,-0.3048,3
-0.6831,-0.05094,4,V,1(a),Q,0.2718,3
-2.157,-0.3756,7,V,1(a),R,-0.5494,4
-0.8092,-0.06462,4,V,1(a),S,-0.4796,3
-1.87,-0.2747,8,V,1(a),T,0.03119,5
0,0,,V,1(a),V,0,
-0.5552,-0.03866,6,V,1(a),W,0.052,2
-1.972,-0.3076,8,V,1(a),Y,-0.1603,6
-8.241,-5.836,7,K,2(a),*,-6,4
-1.364,-0.1488,5,K,2(a),A,0.1652,2
1.508,0.0411,5,K,2(a),C,0.1293,4
-0.5085,-0.03455,5,K,2(a),D,-0.1114,3
-0.637,-0.04634,7,K,2(a),E,-0.2755,2
-1.15,-0.1111,3,K,2(a),F,0.2312,1
-2.364,-0.4658,11,K,2(a),G,-0.3722,6
1.968,0.04544,11,K,2(a),H,-0.2539,5
-0.2803,-0.01691,12,K,2(a),I,0.2374,8
0,0,,K,2(a),K,0,
-3.089,-0.9287,10,K,2(a),L,-0.4968,8
0.2045,0.00971,4,K,2(a),M,-0.2223,2
-1.509,-0.179,7,K,2(a),N,0.1294,3
-1.599,-0.2,5,K,2(a),P,-0.007959,3
-1.793,-0.2514,6,K,2(a),Q,-0.4446,3
-0.0645,-0.00349,18,K,2(a),R,0.05949,6
-0.9693,-0.08456,4,K,2(a),S,0.5416,2
-0.1986,-0.01149,10,K,2(a),T,-0.1373,4
-0.03782,-0.002019,5,K,2(a),V,0.4978,4
-3.087,-0.9271,11,K,2(a),W,-0.8841,10
-1.384,-0.1527,5,K,2(a),Y,0.143,2
-8.633,-5.892,11,V,3(a),*,-6,7
-0.229,-0.01346,7,V,3(a),A,0.01559,5
-0.4842,-0.03247,9,V,3(a),C,0.183,4
1.4,0.03976,4,V,3(a),D,0.4691,3
-0.8282,-0.06683,9,V,3(a),E,0.1806,5
-1.325,-0.1414,10,V,3(a),G,0.3352,7
-0.6915,-0.0518,9,V,3(a),H,0.3171,5
0.6156,0.02419,11,V,3(a),I,0.2849,7
-0.566,-0.03964,10,V,3(a),K,0.09071,6
0.8509,0.03019,12,V,3(a),L,-0.02752,3
-0.4715,-0.03142,13,V,3(a),M,0.005175,6
3.887,0.05179,3,V,3(a),N,0.3717,1
0.2486,0.01156,10,V,3(a),P,0.3067,5
0.4287,0.01833,13,V,3(a),Q,-0.3552,8
0.2014,0.009576,11,V,3(a),R,0.122,7
1.276,0.03802,9,V,3(a),S,0.905,3
-1.01,-0.09011,6,V,3(a),T,0.1386,4
0,0,,V,3(a),V,0,
-1.597,-0.1996,6,V,3(a),W,0.4069,3
-0.6216,-0.04485,6,V,3(a),Y,-0.4075,5
-10.58,-5.995,14,G,4(a),*,-6,5
0.1001,0.004997,14,G,4(a),A,-0.05021,9
-1.481,-0.173,6,G,4(a),C,-0.8703,2
-2.289,-0.4315,7,G,4(a),D,0.2939,4
-1.307,-0.1381,11,G,4(a),E,-0.4446,4
-2.118,-0.3604,9,G,4(a),F,-0.2208,6
0,0,,G,4(a),G,0,
1.526,0.04131,8,G,4(a),H,-0.2379,5
-1.881,-0.2779,11,G,4(a),I,-0.215,7
0.1586,0.007697,10,G,4(a),K,0.2573,7
-3.967,-1.871,2,G,4(a),L,-2.024,2
-1.233,-0.1248,7,G,4(a),M,0.5944,2
2.138,0.0466,10,G,4(a),N,0.1484,4
-0.1245,-0.006945,9,G,4(a),P,-0.7292,5
-0.8992,-0.07545,8,G,4(a),Q,-0.5118,3
0.1612,0.007816,14,G,4(a),R,-0.01855,3
-0.1476,-0.008324,9,G,4(a),S,0.09079,4
-0.2441,-0.01446,11,G,4(a),T,0.2149,5
-1.261,-0.1297,11,G,4(a),V,0.4396,1
-0.2675,-0.01603,11,G,4(a),W,-0.42,9
-0.471,-0.03137,3,G,4(a),Y,-0.3861,2
-9.751,-5.973,7,H,5(a),*,-6,5
-1.844,-0.2666,1,H,5(a),-,,
-0.9284,-0.07917,3,H,5(a),A,0.8699,1
-0.3961,-0.02537,7,H,5(a),C,0.02523,5
-0.9612,-0.08347,6,H,5(a),D,-0.5665,2
2.24,0.04721,12,H,5(a),E,-0.08475,6
1.056,0.03438,7,H,5(a),F,0.1468,6
-0.5872,-0.04159,6,H,5(a),G,-0.5184,5
0,0,,H,5(a),H,0,
-1.35,-0.1462,6,H,5(a),I,-0.3549,2
-1.757,-0.2412,8,H,5(a),K,0.05547,6
-0.9057,-0.07627,14,H,5(a),L,0.000565,8
-1.155,-0.1118,6,H,5(a),M,-0.5517,4
-2.237,-0.4085,5,H,5(a),N,-0.5732,5
-1.357,-0.1475,7,H,5(a),P,0.1931,4
0.2411,0.01125,12,H,5(a),Q,-0.2022,6
-0.2151,-0.01256,17,H,5(a),R,-0.5394,2
0.4713,0.01977,7,H,5(a),S,-3.276,2
-0.7036,-0.05305,7,H,5(a),T,-0.1836,3
-1.363,-0.1487,12,H,5(a),V,0.3287,5
-2.476,-0.5214,9,H,5(a),W,-0.3075,4
-0.8376,-0.06793,15,H,5(a),Y,0.2638,10
-8.668,-5.896,9,V,6(a),*,-6,7
-1.825,-0.2609,1,V,6(a),-,,
-1.367,-0.1494,6,V,6(a),A,-0.2439,1
-1.325,-0.1413,13,V,6(a),C,-0.4277,7
-1.185,-0.1167,5,V,6(a),D,-1.049,2
-2.031,-0.3281,12,V,6(a),E,-0.4525,9
-2.298,-0.4354,5,V,6(a),F,-0.5662,3
-2.263,-0.4197,5,V,6(a),G,0.2387,3
-1.486,-0.1741,9,V,6(a),H,0.08943,3
0.6189,0.02429,11,V,6(a),I,0.5323,6
0.511,0.02105,12,V,6(a),K,-0.4018,6
-0.7876,-0.06215,14,V,6(a),L,0.5681,2
0.2136,0.0101,6,V,6(a),M,-0.4746,1
-1.219,-0.1224,8,V,6(a),N,-0.005705,3
-0.2109,-0.01228,2,V,6(a),P,-0.019,2
-1.012,-0.09043,9,V,6(a),Q,-0.1009,2
-1.584,-0.1966,9,V,6(a),R,-0.0326,6
-1.029,-0.09274,6,V,6(a),S,0.03515,4
3.835,0.05173,8,V,6(a),T,-0.4418,7
0,0,,V,6(a),V,0,
-0.612,-0.04393,5,V,6(a),W,-0.2568,4
-1.721,-0.2314,10,V,6(a),Y,0.03499,7
-7.527,-5.663,9,L,7(a),*,-6,5
-0.951,-0.08212,11,L,7(a),A,-0.6551,7
-2.234,-0.4075,4,L,7(a),C,-0.2824,3
-9.041,-5.932,11,L,7(a),D,-6,8
-3.494,-1.309,9,L,7(a),E,-1.054,3
0.5495,0.02224,4,L,7(a),F,0.01121,3
-3.943,-1.84,11,L,7(a),G,-2.062,6
-1.156,-0.1121,5,L,7(a),H,-0.3004,3
-2.733,-0.6696,6,L,7(a),I,-1.058,4
-1.598,-0.1998,4,L,7(a),K,-0.492,1
0,0,,L,7(a),L,0,
1.542,0.04149,6,L,7(a),M,0.385,5
-4,-1.915,8,L,7(a),N,-2.067,5
-15.34,-6.012,13,L,7(a),P,-6,4
-2.426,-0.4962,8,L,7(a),Q,0.09855,3
-4.518,-2.654,12,L,7(a),R,-2.418,2
-2.185,-0.3872,6,L,7(a),S,0.147,5
-3.012,-0.867,7,L,7(a),T,-0.8907,4
-3.032,-0.8827,5,L,7(a),V,-0.8499,5
-2.875,-0.7651,7,L,7(a),W,-0.5477,6
-2.752,-0.6822,5,L,7(a),Y,-0.6881,3
-7.991,-5.788,9,M,8(a),*,-6,7
-1.959,-0.3033,7,M,8(a),A,-0.1761,6
-0.2162,-0.01263,6,M,8(a),C,-0.1802,3
-2.193,-0.3903,13,M,8(a),D,-0.215,7
-2.079,-0.3456,10,M,8(a),E,-0.1702,6
-1.986,-0.3125,7,M,8(a),F,-0.3569,5
-2.122,-0.3619,3,M,8(a),G,-0.09851,3
-0.4354,-0.02846,11,M,8(a),H,0.4428,7
-0.5371,-0.03704,24,M,8(a),I,-0.3196,6
-0.3773,-0.02393,10,M,8(a),K,-0.08486,5
-1.854,-0.2695,12,M,8(a),L,-0.6267,4
0,0,,M,8(a),M,0,
-4.297,-2.328,8,M,8(a),N,-2.436,5
-5.419,-3.981,9,M,8(a),P,-3.712,6
-1.525,-0.1828,8,M,8(a),Q,-0.1375,6
0.9043,0.03136,6,M,8(a),R,0.1845,6
-0.9552,-0.08267,4,M,8(a),S,0.913,2
-0.7025,-0.05294,5,M,8(a),T,0.4723,2
0.2206,0.0104,10,M,8(a),V,-0.9903,2
-1.924,-0.2918,11,M,8(a),W,-0.5387,6
0.1208,0.00597,12,M,8(a),Y,0.03182,6
-8.766,-5.907,38,Q,9(a),*,-6,7
-1.19,-0.1175,6,Q,9(a),A,-0.2837,4
0.04692,0.002404,7,Q,9(a),C,,
-2.909,-0.7894,13,Q,9(a),D,-0.5279,7
-1.915,-0.2889,13,Q,9(a),E,-0.3857,6
-1.19,-0.1175,6,Q,9(a),F,0.294,4
-3.331,-1.144,5,Q,9(a),G,-1.465,2
-3.116,-0.9509,12,Q,9(a),H,-1.326,6
-1.874,-0.2758,8,Q,9(a),I,-0.3503,5
-3.654,-1.485,6,Q,9(a),K,-1.411,4
-0.4814,-0.03224,14,Q,9(a),L,-0.4038,7
0.01138,0.0005933,10,Q,9(a),M,-0.5844,6
-3.777,-1.63,6,Q,9(a),N,-1.491,3
-4.58,-2.747,14,Q,9(a),P,-2.924,10
0,0,,Q,9(a),Q,0,
-4.303,-2.337,20,Q,9(a),R,-2.449,6
-3.462,-1.276,9,Q,9(a),S,-1.137,6
-0.7829,-0.06163,9,Q,9(a),T,0.05374,7
1.251,0.03764,8,Q,9(a),V,0.2022,7
-3.628,-1.456,8,Q,9(a),W,-1.461,5
-3.087,-0.9268,6,Q,9(a),Y,-1.754,5
-7.731,-5.724,7,T,10(a),*,-6,4
-1.851,-0.2689,11,T,10(a),A,-0.6154,1
-0.5399,-0.0373,14,T,10(a),C,-0.1559,9
-2.862,-0.7558,10,T,10(a),D,-0.9797,8
-2.709,-0.6545,5,T,10(a),E,-0.5853,5
-0.3405,-0.02119,9,T,10(a),F,-0.123,7
-2.758,-0.6856,9,T,10(a),G,-0.7996,5
-2.271,-0.4234,3,T,10(a),H,-0.4449,2
0.3736,0.01639,17,T,10(a),I,-0.05835,5
-3.636,-1.464,11,T,10(a),K,-1.621,7
-2.436,-0.5011,7,T,10(a),L,-0.2446,5
2.554,0.04873,12,T,10(a),M,0.1278,7
1.524,0.04128,7,T,10(a),N,-0.3202,5
-6.824,-5.345,11,T,10(a),P,-5.39,5
0.08623,0.004334,9,T,10(a),Q,-0.07042,6
-2.354,-0.4611,8,T,10(a),R,0.1567,2
-2.316,-0.4437,8,T,10(a),S,-0.6762,4
0,0,,T,10(a),T,0,
-1.155,-0.1119,5,T,10(a),V,0.3303,3
-3.103,-0.9401,3,T,10(a),W,-0.9879,2
-0.8924,-0.0746,12,T,10(a),Y,-0.718,7
-8.791,-5.909,10,E,11(a),*,-6,3
-3.912,-1.799,6,E,11(a),A,-1.761,5
-0.0619,-0.003346,12,E,11(a),C,-0.5838,7
-2.808,-0.7191,13,E,11(a),D,-0.3011,5
0,0,,E,11(a),E,0,
-4.329,-2.375,4,E,11(a),F,-1.671,3
-3.241,-1.06,15,E,11(a),G,-0.9146,8
-3.726,-1.569,9,E,11(a),H,-1.626,6
-1.941,-0.2973,7,E,11(a),I,-0.4755,6
-4.92,-3.262,23,E,11(a),K,-3.391,6
-1.744,-0.2377,11,E,11(a),L,-0.06692,8
-3.366,-1.178,2,E,11(a),M,-1.37,2
-2.803,-0.7153,5,E,11(a),N,-0.5833,5
-13.68,-6.012,7,E,11(a),P,-6,5
-2.904,-0.7858,6,E,11(a),Q,-0.9323,4
-4.381,-2.45,10,E,11(a),R,-2.78,8
-3.424,-1.236,7,E,11(a),S,-1.514,5
-3.52,-1.336,12,E,11(a),T,-1.693,7
-0.3675,-0.02319,9,E,11(a),V,-0.2324,6
-4.533,-2.677,5,E,11(a),W,-2.998,3
-4.213,-2.208,4,E,11(a),Y,-2.145,2
-8.474,-5.872,14,F,12(a),*,-6,10
-2.595,-0.5865,12,F,12(a),A,-0.4259,9
-3.573,-1.395,9,F,12(a),C,-1.584,6
-4.78,-3.051,5,F,12(a),D,-2.524,2
-3.321,-1.135,9,F,12(a),E,-1.136,5
0,0,,F,12(a),F,0,
-3.21,-1.032,5,F,12(a),G,-0.7997,4
-1.47,-0.1706,8,F,12(a),H,-1.068,1
-0.7723,-0.06044,13,F,12(a),I,-0.7908,7
-4.311,-2.348,7,F,12(a),K,-2.334,6
-1.52,-0.1815,15,F,12(a),L,-0.2308,8
-0.8853,-0.07371,10,F,12(a),M,-0.1602,3
-4.192,-2.177,5,F,12(a),N,-2.14,4
-10.55,-5.994,5,F,12(a),P,-6,3
-2.901,-0.7835,5,F,12(a),Q,-1.06,3
-4.053,-1.986,11,F,12(a),R,-1.902,6
-2.202,-0.3942,7,F,12(a),S,-0.4308,4
-3.175,-1.001,5,F,12(a),T,-1.541,2
-3.2,-1.024,8,F,12(a),V,-0.9508,4
0.8171,0.02941,3,F,12(a),W,0.002435,3
0.5579,0.0225,11,F,12(a),Y,0.5996,3
-7.847,-5.754,11,Y,13(a),*,-6,7
-1.03,-0.0929,7,Y,13(a),A,-0.2617,4
-2.901,-0.784,15,Y,13(a),C,-0.5858,5
-5.809,-4.47,10,Y,13(a),D,-5.254,3
-4.458,-2.565,10,Y,13(a),E,-2.562,7
0.2544,0.0118,12,Y,13(a),F,-0.1829,2
-4.761,-3.021,5,Y,13(a),G,-3.379,3
-2.318,-0.4446,11,Y,13(a),H,-0.3765,5
-2.636,-0.61,4,Y,13(a),I,-0.8012,1
-4.319,-2.36,7,Y,13(a),K,-2.119,3
-3.335,-1.149,9,Y,13(a),L,-0.9518,4
-0.5144,-0.03505,8,Y,13(a),M,-0.06785,6
-4.136,-2.099,10,Y,13(a),N,-2.332,3
-10.4,-5.992,8,Y,13(a),P,-6,6
-3.781,-1.636,7,Y,13(a),Q,-2.576,1
-3.913,-1.801,6,Y,13(a),R,-1.856,4
-1.84,-0.2655,12,Y,13(a),S,-0.7698,5
-1.925,-0.2919,7,Y,13(a),T,-0.4839,1
-0.8358,-0.06773,6,Y,13(a),V,-0.4939,3
-2.875,-0.7651,4,Y,13(a),W,-0.9021,4
0,0,,Y,13(a),Y,0,
-8.514,-5.877,17,Q,14(a),*,-6,9
0.7757,0.02842,7,Q,14(a),A,0.413,5
-2.069,-0.342,14,Q,14(a),C,-0.5884,6
-2.146,-0.3713,10,Q,14(a),D,0.1427,4
-2.025,-0.3259,9,Q,14(a),E,0.08185,5
-0.1212,-0.006745,8,Q,14(a),F,0.1348,4
-2.324,-0.4471,8,Q,14(a),G,0.0908,6
-1.504,-0.1781,17,Q,14(a),H,0.2567,11
-3.737,-1.583,1,Q,14(a),I,-1.702,1
-4.516,-2.651,5,Q,14(a),K,-1.847,1
-1.571,-0.1934,9,Q,14(a),L,0.05575,6
1.303,0.03842,6,Q,14(a),M,0.3066,4
-2.187,-0.3879,4,Q,14(a),N,-0.6912,3
-8.166,-5.823,12,Q,14(a),P,-6,7
0,0,,Q,14(a),Q,0,
-3.51,-1.326,16,Q,14(a),R,-1.287,5
1.261,0.03781,6,Q,14(a),S,0.09486,3
-0.9673,-0.08429,9,Q,14(a),T,-0.8948,4
-2.466,-0.5166,6,Q,14(a),V,0.224,4
-0.247,-0.01465,15,Q,14(a),W,0.08454,7
1.597,0.0421,7,Q,14(a),Y,-0.3302,5
-8.553,-5.882,8,R,15(a),*,-6,4
-1.162,-0.113,1,R,15(a),-,,
-1.919,-0.2901,8,R,15(a),A,-0.1499,4
-2.467,-0.5168,7,R,15(a),C,-0.5298,4
-2.294,-0.4336,10,R,15(a),D,-0.4544,7
-2.037,-0.3301,6,R,15(a),E,-0.1878,5
-1.673,-0.2187,9,R,15(a),F,-0.3431,7
-2.325,-0.4477,16,R,15(a),G,-0.3819,8
-1.494,-0.1758,6,R,15(a),H,-0.2757,3
-0.02058,-0.00109,10,R,15(a),I,-0.5204,4
0.7479,0.02773,15,R,15(a),K,0.1144,3
1.266,0.03788,10,R,15(a),L,-0.136,7
0.3846,0.01678,11,R,15(a),M,0.00705,6
-2.05,-0.335,6,R,15(a),N,-0.4848,4
-8.392,-5.86,10,R,15(a),P,-6,7
-0.1132,-0.006279,4,R,15(a),Q,,
0,0,,R,15(a),R,0,
-1.514,-0.1803,9,R,15(a),S,-0.4556,4
0.5764,0.02305,5,R,15(a),T,0.08977,3
-1.311,-0.1388,4,R,15(a),V,0.01406,3
-1.693,-0.2239,16,R,15(a),W,-0.6412,7
0.7112,0.0268,12,R,15(a),Y,0.04042,9
-8.907,-5.921,17,D,16(a),*,-6,12
0.5362,0.02184,1,D,16(a),-,,
-1.811,-0.2569,11,D,16(a),A,0.07758,6
2.438,0.04823,6,D,16(a),C,0.0555,2
0,0,,D,16(a),D,0,
1.424,0.04006,8,D,16(a),E,0.357,6
-2.293,-0.4329,9,D,16(a),F,-0.3168,3
-1.396,-0.1552,10,D,16(a),G,-0.5595,5
-0.1987,-0.0115,6,D,16(a),H,0.06731,3
-1.587,-0.1971,6,D,16(a),I,-0.4293,3
-3.663,-1.495,7,D,16(a),K,-2.5,2
-1.593,-0.1985,6,D,16(a),L,0.2768,2
-3.501,-1.316,5,D,16(a),M,-0.6222,3
-3.416,-1.228,17,D,16(a),N,-1.057,6
-5.079,-3.499,8,D,16(a),P,-3.282,6
-1.855,-0.2699,13,D,16(a),Q,-0.3972,5
-3.254,-1.072,5,D,16(a),R,-0.8586,3
1.082,0.03485,9,D,16(a),S,0.1946,5
-2.881,-0.7692,6,D,16(a),T,-0.00838,4
-2.504,-0.536,9,D,16(a),V,-0.5182,6
-1.587,-0.1972,10,D,16(a),W,0.1889,7
-1.436,-0.1633,10,D,16(a),Y,-0.1652,5
-9.006,-5.929,11,E,17(a),*,-6,2
-1.563,-0.1914,2,E,17(a),-,,
1.257,0.03775,14,E,17(a),A,-0.1154,8
-1.301,-0.137,7,E,17(a),C,0.05212,6
-0.4783,-0.03198,16,E,17(a),D,-0.02808,6
0,0,,E,17(a),E,0,
-2.151,-0.3733,12,E,17(a),F,-0.6514,8
-1.637,-0.2094,10,E,17(a),G,-0.6021,5
3.239,0.05079,6,E,17(a),H,0.01424,3
-1.409,-0.1579,6,E,17(a),I,-0.1573,5
-1.62,-0.2052,15,E,17(a),K,0.3324,5
-0.7782,-0.0611,7,E,17(a),L,-0.31,5
-2.014,-0.3223,10,E,17(a),M,-0.5406,8
0.1752,0.008437,7,E,17(a),N,-0.2984,4
-1.641,-0.2104,8,E,17(a),P,-0.4991,3
-2.874,-0.7645,12,E,17(a),Q,-0.4286,6
-2.207,-0.3961,7,E,17(a),R,-0.05209,5
-1.039,-0.0942,7,E,17(a),S,0.2996,4
-1.037,-0.09391,5,E,17(a),T,0.04859,3
-1.465,-0.1694,16,E,17(a),V,-0.1056,8
-2.411,-0.4887,6,E,17(a),W,-0.5791,4
-2.052,-0.3357,7,E,17(a),Y,-0.3291,7
-10.6,-5.995,10,T,18(a),*,-6,5
-1.068,-0.09841,2,T,18(a),-,,
0.1976,0.009413,8,T,18(a),A,0.4963,3
1.233,0.03738,4,T,18(a),C,0.3508,3
0.06185,0.003146,10,T,18(a),D,0.2325,5
0.2234,0.01051,9,T,18(a),E,-0.394,2
3.135,0.05056,13,T,18(a),F,-0.4485,9
-1.14,-0.1095,7,T,18(a),G,-0.3095,5
0.6426,0.02495,19,T,18(a),H,-0.0455,8
0.1406,0.006886,14,T,18(a),I,0.3515,5
0.8107,0.02926,8,T,18(a),K,0.01498,3
-0.05508,-0.002966,9,T,18(a),L,-0.1562,4
-1.207,-0.1204,8,T,18(a),M,0.1454,5
1.6,0.04213,10,T,18(a),N,0.2164,6
-2.106,-0.3558,9,T,18(a),P,-0.3498,4
-0.1228,-0.006839,16,T,18(a),Q,-0.02348,10
-1.865,-0.2729,9,T,18(a),R,-0.09251,5
1.649,0.04265,8,T,18(a),S,-0.3462,4
0,0,,T,18(a),T,0,
-1.803,-0.2544,10,T,18(a),V,-0.09931,7
2.117,0.04647,6,T,18(a),W,0.629,2
-0.3052,-0.01865,7,T,18(a),Y,-0.7116,4
-7.556,-5.672,4,H,19(a),*,-5.379,2
-2.48,-0.5238,3,H,19(a),-,,
0.505,0.02086,7,H,19(a),A,1.071,4
-1.353,-0.1467,8,H,19(a),C,0.05914,6
-0.289,-0.01751,8,H,19(a),D,0.05655,6
0.1523,0.007415,8,H,19(a),E,-0.01926,7
0.07535,0.003807,5,H,19(a),F,0.05364,3
-0.521,-0.03563,4,H,19(a),G,-0.7635,2
0,0,,H,19(a),H,0,
-1.544,-0.187,9,H,19(a),I,0.2253,6
0.349,0.01548,6,H,19(a),K,0.07825,4
0.3251,0.01458,8,H,19(a),L,-1.042,3
-1.763,-0.2429,10,H,19(a),M,-0.2781,7
-1.48,-0.1729,7,H,19(a),N,-0.1253,6
-2.426,-0.4958,7,H,19(a),P,-0.0544,4
0.6543,0.02528,15,H,19(a),Q,-0.2168,7
-0.373,-0.0236,24,H,19(a),R,-0.04747,5
1.442,0.0403,10,H,19(a),S,-0.08113,5
-1.715,-0.2296,6,H,19(a),T,-0.1732,1
1.365,0.03929,8,H,19(a),V,0.3163,4
-0.4963,-0.0335,4,H,19(a),W,0.322,1
-1.275,-0.1322,9,H,19(a),Y,-0.265,3
-0.9126,-0.07714,2,N,20(a),-,,
-2.613,-0.5969,9,N,20(a),A,-1.171,4
-0.766,-0.05974,6,N,20(a),C,-0.07142,4
0.3457,0.01536,21,N,20(a),D,0.94,1
1.226,0.03727,2,N,20(a),E,0.5257,2
-1.144,-0.1101,7,N,20(a),F,-0.2545,4
-1.73,-0.2339,5,N,20(a),G,-0.6317,2
-0.868,-0.07159,20,N,20(a),H,-0.1739,9
1.637,0.04252,7,N,20(a),I,-0.03795,2
-0.1587,-0.009,12,N,20(a),K,0.09504,4
1.755,0.04367,7,N,20(a),L,0.4007,4
3.181,0.05067,6,N,20(a),M,-0.07418,1
0,0,,N,20(a),N,0,
2.443,0.04825,13,N,20(a),P,0.2174,9
-0.08326,-0.004548,7,N,20(a),Q,0.1865,5
-2.237,-0.4088,11,N,20(a),R,-0.3086,8
-0.1617,-0.009184,12,N,20(a),S,-0.2431,4
0.3278,0.01469,9,N,20(a),T,0.1833,5
-2.47,-0.5186,9,N,20(a),V,0.03723,5
-0.8693,-0.07175,10,N,20(a),W,-0.1522,7
-0.7885,-0.06225,7,N,20(a),Y,0.1223,2
-0.6898,-0.05162,2,R,21(a),-,,
0.07089,0.003589,8,R,21(a),A,-0.03997,4
-0.267,-0.016,13,R,21(a),C,-0.4985,5
1.257,0.03775,6,R,21(a),D,-0.1966,3
-0.1171,-0.006507,6,R,21(a),E,0.1565,2
-0.4692,-0.03122,10,R,21(a),F,-0.6846,5
-1.092,-0.102,6,R,21(a),G,0.1157,5
-0.07448,-0.00405,25,R,21(a),H,-0.1367,6
0.541,0.02198,3,R,21(a),I,,
-0.2532,-0.01506,8,R,21(a),K,0.1614,6
0.6653,0.02558,14,R,21(a),L,0.4237,5
0.9639,0.0326,4,R,21(a),M,0.6576,3
-1.715,-0.2297,6,R,21(a),N,-0.06573,5
-3.24,-1.059,7,R,21(a),P,-1.008,4
-1.084,-0.1009,8,R,21(a),Q,0.458,4
0,0,,R,21(a),R,0,
-0.8293,-0.06695,6,R,21(a),S,-0.069,5
-1.227,-0.1238,5,R,21(a),T,-0.6958,3
-0.4759,-0.03178,10,R,21(a),V,-0.2549,2
-0.1495,-0.008443,8,R,21(a),W,-0.4054,5
0.8373,0.02988,10,R,21(a),Y,-0.2781,5
-5.132,-3.576,1,E,22(a),*,,
-0.4714,-0.03141,1,E,22(a),-,,
-1.113,-0.1052,5,E,22(a),A,-0.3248,5
-2.189,-0.3886,4,E,22(a),C,-0.1191,1
1.166,0.0363,9,E,22(a),D,-0.2621,4
0,0,,E,22(a),E,0,
-3.601,-1.425,5,E,22(a),F,-1.02,1
-2.277,-0.4262,18,E,22(a),G,-0.7601,8
-1.19,-0.1175,15,E,22(a),H,-0.9133,7
-1.614,-0.2038,5,E,22(a),I,-0.204,4
-2.851,-0.7482,9,E,22(a),K,-0.498,2
-2.195,-0.3909,9,E,22(a),L,-0.4884,6
-1.011,-0.09023,7,E,22(a),M,-0.6973,4
-2.565,-0.5695,14,E,22(a),N,-0.1612,8
-2.354,-0.461,10,E,22(a),P,-0.6219,5
-1.233,-0.1249,6,E,22(a),Q,-0.372,2
-2.325,-0.4476,7,E,22(a),R,-0.3083,2
-0.6545,-0.04806,9,E,22(a),S,-0.279,6
-1.333,-0.143,8,E,22(a),T,-0.1416,2
-2.583,-0.5795,11,E,22(a),V,-0.7342,7
-3.485,-1.299,8,E,22(a),W,-1.417,4
-2.537,-0.554,5,E,22(a),Y,-0.4419,4
-4.981,-3.353,2,G,23(a),-,,
-2.008,-0.32,14,G,23(a),A,-0.4131,11
-0.726,-0.05541,16,G,23(a),C,0.249,8
-1.284,-0.1337,8,G,23(a),D,-0.2994,2
-1.577,-0.1947,5,G,23(a),E,-0.2007,1
-2.458,-0.512,8,G,23(a),F,-0.2169,3
0,0,,G,23(a),G,0,
1.677,0.04292,12,G,23(a),H,0.5798,7
0.7289,0.02725,4,G,23(a),I,0.042,3
-0.0969,-0.005329,6,G,23(a),K,0.5683,4
-1.121,-0.1065,9,G,23(a),L,-0.1155,6
1.194,0.03677,12,G,23(a),M,0.3792,9
0.5263,0.02153,12,G,23(a),N,0.05755,8
-5.241,-3.733,13,G,23(a),P,-3.574,6
0.889,0.03103,7,G,23(a),Q,0.1545,6
-1.332,-0.1427,11,G,23(a),R,-0.2556,4
-0.6888,-0.05152,9,G,23(a),S,-0.3557,2
1.24,0.03748,16,G,23(a),T,0.4859,10
0.436,0.01858,9,G,23(a),V,0.2706,5
0.4072,0.01758,15,G,23(a),W,-0.227,9
0.5771,0.02307,7,G,23(a),Y,-0.1173,4
-3.295,-1.11,2,G,24(a),-,,
-0.1279,-0.007143,14,G,24(a),A,0.02705,7
-2.435,-0.5003,9,G,24(a),C,-0.9192,3
-3.998,-1.912,20,G,24(a),D,-2.114,3
-4.4,-2.478,11,G,24(a),E,-2.729,6
-2.574,-0.5747,7,G,24(a),F,-0.611,5
0,0,,G,24(a),G,0,
-2.493,-0.5302,7,G,24(a),H,-0.3438,4
-3.351,-1.164,9,G,24(a),I,-1.628,7
-7.868,-5.76,6,G,24(a),K,-6,6
-3.909,-1.796,7,G,24(a),L,-1.587,5
-3.762,-1.613,8,G,24(a),M,-2.247,4
-2.738,-0.673,2,G,24(a),N,-0.4577,1
-1.703,-0.2266,12,G,24(a),P,-0.01956,3
-2.94,-0.8121,9,G,24(a),Q,-0.6661,5
-4.07,-2.01,16,G,24(a),R,-1.904,7
3.499,0.05127,13,G,24(a),S,-0.4355,6
-2.167,-0.3798,5,G,24(a),T,-0.8478,5
-1.255,-0.1287,18,G,24(a),V,-0.7982,8
-3.014,-0.8688,9,G,24(a),W,-0.8222,8
-2.119,-0.3608,11,G,24(a),Y,-0.6062,8
-7.801,-5.743,5,Q,25(a),*,,
-4.129,-2.09,2,Q,25(a),-,,
-2.197,-0.3919,12,Q,25(a),A,-0.84,5
-2.166,-0.3792,10,Q,25(a),C,-0.7302,6
-0.9773,-0.08564,5,Q,25(a),D,-0.113,4
-0.8978,-0.07527,15,Q,25(a),E,0.09314,9
-0.5049,-0.03423,6,Q,25(a),F,-0.4375,2
-1.946,-0.2988,7,Q,25(a),G,-0.4748,3
-0.6116,-0.04388,18,Q,25(a),H,-0.2024,9
-2.399,-0.4825,4,Q,25(a),I,-0.3372,4
-3.283,-1.099,7,Q,25(a),K,-0.9121,2
-1.325,-0.1414,9,Q,25(a),L,0.3389,4
-0.2518,-0.01497,8,Q,25(a),M,-0.2877,5
-1.485,-0.1739,7,Q,25(a),N,-0.2442,6
-15.8,-6.012,9,Q,25(a),P,-6,5
0,0,,Q,25(a),Q,0,
-3.807,-1.667,9,Q,25(a),R,-0.6895,2
2.9,0.04995,5,Q,25(a),S,0.6239,2
-1.948,-0.2995,9,Q,25(a),T,-0.2464,7
-1.253,-0.1283,15,Q,25(a),V,-0.1274,6
-0.8029,-0.0639,8,Q,25(a),W,-0.3271,6
-1.44,-0.1642,9,Q,25(a),Y,-0.2661,5
0.1735,0.00836,1,F,26(a),-,,
-3.539,-1.357,9,F,26(a),A,-1.24,4
-3.457,-1.27,7,F,26(a),C,-1.734,5
-5.421,-3.983,6,F,26(a),D,-5.106,5
-4.712,-2.947,9,F,26(a),E,-3.026,6
0,0,,F,26(a),F,0,
-5.668,-4.302,6,F,26(a),G,-4.407,1
-3.972,-1.878,4,F,26(a),H,-1.549,3
-3.393,-1.205,1,F,26(a),I,-1.014,1
-7.75,-5.729,9,F,26(a),K,-6,5
-3.305,-1.119,8,F,26(a),L,-1.077,4
-1.673,-0.2186,5,F,26(a),M,-0.7953,3
-4.566,-2.726,8,F,26(a),N,-2.593,4
-9.163,-5.941,6,F,26(a),P,-6,4
-3.435,-1.247,8,F,26(a),Q,-1.484,2
-11.34,-6.004,11,F,26(a),R,-6,6
-3.647,-1.477,8,F,26(a),S,-1.516,4
-2.854,-0.7505,11,F,26(a),T,-1.265,6
-3.478,-1.292,9,F,26(a),V,-1.23,6
0.05804,0.002958,8,F,26(a),W,-0.1861,5
-0.8983,-0.07534,6,F,26(a),Y,-0.8919,3
-0.8673,-0.07151,2,M,27(a),-,,
0.6697,0.0257,7,M,27(a),A,0.1079,5
0.4711,0.01976,8,M,27(a),C,-0.05046,5
-2.328,-0.4492,5,M,27(a),D,-0.3661,5
-1.385,-0.1531,8,M,27(a),E,-0.1413,5
0.29,0.01322,9,M,27(a),F,-0.4172,5
-1.788,-0.2502,7,M,27(a),G,-0.4276,6
-0.7049,-0.05318,10,M,27(a),H,-0.1701,7
-0.3481,-0.02175,15,M,27(a),I,0.4739,5
0.6404,0.02489,7,M,27(a),K,0.17,2
-0.01326,-0.0006992,7,M,27(a),L,0.2631,4
0,0,,M,27(a),M,0,
0.9895,0.03311,6,M,27(a),N,-0.6607,3
-6.719,-5.28,6,M,27(a),P,-5.983,5
-0.1579,-0.008955,6,M,27(a),Q,-0.1467,6
-1.233,-0.1248,7,M,27(a),R,-0.06687,5
-0.3612,-0.02272,4,M,27(a),S,0.598,2
-0.9393,-0.08059,15,M,27(a),T,-0.4098,7
1.661,0.04277,21,M,27(a),V,0.3866,9
-1.728,-0.2332,9,M,27(a),W,-0.7238,6
-0.1013,-0.005585,1,M,27(a),Y,,
-1.868,-0.2738,3,F,28(a),-,,
-3.88,-1.759,15,F,28(a),A,-1.935,10
-3.089,-0.9289,11,F,28(a),C,-1.015,8
-2.656,-0.6224,7,F,28(a),D,-0.2958,4
-2.924,-0.8006,4,F,28(a),E,-1.259,3
0,0,,F,28(a),F,0,
-3.982,-1.891,8,F,28(a),G,-1.563,3
-1.379,-0.1517,5,F,28(a),H,0.4277,3
-1.802,-0.2541,2,F,28(a),I,,
-3.474,-1.288,9,F,28(a),K,-1.225,4
0.3366,0.01502,10,F,28(a),L,-0.3,5
1.407,0.03984,8,F,28(a),M,0.2078,3
-0.4216,-0.02737,12,F,28(a),N,-0.5583,8
-5.497,-4.084,11,F,28(a),P,-4.032,5
-0.5463,-0.03786,7,F,28(a),Q,-1.133,2
-3.73,-1.575,2,F,28(a),R,-1.555,2
-3.405,-1.217,11,F,28(a),S,-1.328,4
-3.145,-0.9755,5,F,28(a),T,-1.047,4
-0.4203,-0.02726,9,F,28(a),V,-0.6579,5
-3.727,-1.57,4,F,28(a),W,-1.679,3
-3.47,-1.284,11,F,28(a),Y,-1.096,7
-1.432,-0.1626,3,D,29(a),-,,
-0.1317,-0.007369,6,D,29(a),A,-0.252,3
-0.1039,-0.005733,7,D,29(a),C,-0.251,5
0,0,,D,29(a),D,0,
-0.7835,-0.06169,15,D,29(a),E,0.119,8
-2.394,-0.4802,6,D,29(a),F,0.3237,4
0.09666,0.004834,18,D,29(a),G,-0.08314,7
0.5964,0.02364,7,D,29(a),H,0.3501,5
-1.261,-0.1297,8,D,29(a),I,-0.2697,4
-1.144,-0.1101,10,D,29(a),K,-0.3794,5
-0.09359,-0.005138,14,D,29(a),L,0.04824,9
-0.001577,-8.243e-05,7,D,29(a),M,0.1537,3
0.2716,0.01249,18,D,29(a),N,0.05734,7
-3.954,-1.854,11,D,29(a),P,-1.779,7
-0.07878,-0.004293,7,D,29(a),Q,-0.07608,6
-2.939,-0.8113,8,D,29(a),R,-0.5968,6
0.1164,0.005765,5,D,29(a),S,0.3332,2
1.375,0.03942,10,D,29(a),T,0.1565,8
1.434,0.04019,10,D,29(a),V,-0.07714,7
-2.176,-0.3833,6,D,29(a),W,-0.5855,5
0.2716,0.01249,19,D,29(a),Y,-0.3601,12
0.1299,0.006392,3,F,30(a),-,,
-1.492,-0.1753,9,F,30(a),A,-0.7978,5
-2.968,-0.833,5,F,30(a),C,-1.454,3
-4.048,-1.98,7,F,30(a),D,-1.717,5
-3.707,-1.547,5,F,30(a),E,-1.495,5
0,0,,F,30(a),F,0,
-3.013,-0.868,7,F,30(a),G,-1.157,3
-2.69,-0.6431,8,F,30(a),H,-0.6093,7
-0.9453,-0.08137,8,F,30(a),I,-0.4033,3
-3.848,-1.719,10,F,30(a),K,-1.575,6
-1.942,-0.2976,8,F,30(a),L,-0.0244,2
-1.838,-0.2647,6,F,30(a),M,-0.278,5
-3.684,-1.52,3,F,30(a),N,-2.017,1
-6.331,-4.991,5,F,30(a),P,-5.001,5
-0.177,-0.01013,3,F,30(a),Q,-0.3493,1
-3.914,-1.802,12,F,30(a),R,-2.006,8
-3.212,-1.034,15,F,30(a),S,-1.069,10
-2.979,-0.8419,9,F,30(a),T,-0.8724,7
-2.638,-0.6112,7,F,30(a),V,-0.5986,4
-2.677,-0.6348,17,F,30(a),W,-0.7113,10
-2.477,-0.5218,18,F,30(a),Y,-0.6888,8
-2.686,-0.6402,4,D,31(a),-,,
-2.543,-0.5572,3,D,31(a),A,-0.6711,1
-2.863,-0.7565,8,D,31(a),C,-0.7991,5
0,0,,D,31(a),D,0,
-2.51,-0.5397,7,D,31(a),E,-0.787,6
-3.953,-1.852,11,D,31(a),F,-1.657,6
-1.713,-0.2291,8,D,31(a),G,-0.5421,3
-3.05,-0.8967,16,D,31(a),H,-0.7968,6
-3.552,-1.371,9,D,31(a),I,-1.067,5
-2.538,-0.5543,8,D,31(a),K,-0.8967,6
-3.717,-1.559,8,D,31(a),L,-1.28,5
-2.792,-0.7079,8,D,31(a),M,-0.731,8
-0.4513,-0.02975,16,D,31(a),N,-0.1138,6
-5.523,-4.119,8,D,31(a),P,-3.997,3
-0.4074,-0.02625,15,D,31(a),Q,-0.6848,4
-2.536,-0.5536,12,D,31(a),R,-0.6872,8
-1.218,-0.1222,6,D,31(a),S,-0.2914,4
-1.454,-0.1672,7,D,31(a),T,-0.3892,6
-3.325,-1.139,8,D,31(a),V,-1.498,2
-3.915,-1.803,15,D,31(a),W,-1.636,13
-3.933,-1.827,11,D,31(a),Y,-1.945,5
-2.331,-0.4505,4,G,32(a),-,,
-0.7017,-0.05285,9,G,32(a),A,0.08818,3
-2.448,-0.5073,13,G,32(a),C,-0.4131,4
-1.447,-0.1656,14,G,32(a),D,-0.1796,2
-1.158,-0.1123,7,G,32(a),E,-0.3633,4
1.325,0.03874,6,G,32(a),F,0.3524,3
0,0,,G,32(a),G,0,
1.009,0.0335,4,G,32(a),H,0.1066,4
-2.26,-0.4187,5,G,32(a),I,-0.08106,3
0.3699,0.01625,8,G,32(a),K,0.0347,4
-1.608,-0.2024,10,G,32(a),L,0.2028,4
-1.563,-0.1915,11,G,32(a),M,-0.3309,7
-1.311,-0.1387,13,G,32(a),N,-0.2365,8
-3.373,-1.185,6,G,32(a),P,-0.8982,5
-1.304,-0.1374,7,G,32(a),Q,-0.4063,4
0.002884,0.0001511,7,G,32(a),R,0.2531,4
-2.911,-0.791,4,G,32(a),S,-0.8435,1
-0.02145,-0.001136,8,G,32(a),T,0.3312,6
-2.329,-0.4496,22,G,32(a),V,-0.2367,13
-2.568,-0.5714,7,G,32(a),W,-0.4474,3
-1.467,-0.17,11,G,32(a),Y,-0.1639,6
-4.158,-2.131,4,D,33(a),-,,
-2.723,-0.6637,9,D,33(a),A,-0.7614,5
-2.828,-0.7323,9,D,33(a),C,-0.5474,4
0,0,,D,33(a),D,0,
-0.2798,-0.01688,12,D,33(a),E,-0.1506,7
-2.53,-0.5503,3,D,33(a),F,-0.5321,1
-1.522,-0.1821,14,D,33(a),G,-1.059,6
0.1732,0.008347,10,D,33(a),H,-0.6289,6
-2.231,-0.4062,7,D,33(a),I,-0.6335,5
-3.03,-0.8815,5,D,33(a),K,-1.333,2
-2.961,-0.828,10,D,33(a),L,-1.036,5
-1.57,-0.1931,8,D,33(a),M,-0.06945,4
-1.13,-0.1079,11,D,33(a),N,0.04444,4
-4.206,-2.198,6,D,33(a),P,-2.206,5
-1.969,-0.3066,8,D,33(a),Q,-0.4239,6
-3.678,-1.513,8,D,33(a),R,-1.883,5
0.2047,0.00972,4,D,33(a),S,-0.2253,1
-2.66,-0.6247,10,D,33(a),T,-0.481,7
-3.286,-1.102,13,D,33(a),V,-1.221,5
-3.986,-1.897,10,D,33(a),W,-1.812,6
-3.351,-1.164,15,D,33(a),Y,-1.252,8
-0.8164,-0.06545,1,E,34(a),*,,
-3.23,-1.05,4,E,34(a),-,,
-1.937,-0.2958,6,E,34(a),A,-0.2344,3
-0.8384,-0.06803,6,E,34(a),C,-0.1293,3
-2.416,-0.491,20,E,34(a),D,-0.54,8
0,0,,E,34(a),E,0,
-4.493,-2.617,12,E,34(a),F,-2.352,8
-1.9,-0.2841,13,E,34(a),G,-0.3586,8
-2.815,-0.7237,10,E,34(a),H,-0.3831,9
-0.4888,-0.03286,8,E,34(a),I,0.6194,3
-4.169,-2.145,9,E,34(a),K,-1.342,2
-0.9161,-0.0776,7,E,34(a),L,-0.1261,4
-1.124,-0.107,7,E,34(a),M,-0.5775,2
-2.416,-0.4913,11,E,34(a),N,-0.6562,6
-2.84,-0.7409,12,E,34(a),P,-0.6306,9
-2.432,-0.4988,12,E,34(a),Q,-0.5634,6
-2.852,-0.7493,6,E,34(a),R,-0.9072,2
-0.7992,-0.06348,16,E,34(a),S,-0.7882,8
-1.998,-0.3166,8,E,34(a),T,-0.229,5
-2.473,-0.5199,14,E,34(a),V,-0.08133,6
-4.327,-2.371,10,E,34(a),W,-2.27,9
-3.448,-1.261,10,E,34(a),Y,-1.139,6
-2.087,-0.3486,4,I,35(a),-,,
-2.224,-0.4032,6,I,35(a),A,-0.2372,5
0.7601,0.02804,4,I,35(a),C,0.3105,3
-8.478,-5.872,4,I,35(a),D,-6,3
-3.53,-1.347,11,I,35(a),E,-1.168,2
-3.133,-0.9652,9,I,35(a),F,-1.31,7
-4.827,-3.122,5,I,35(a),G,-2.882,4
-5.213,-3.693,5,I,35(a),H,-3.065,2
0,0,,I,35(a),I,0,
-15.94,-6.012,7,I,35(a),K,-5.55,2
-2.023,-0.3254,9,I,35(a),L,0.4943,4
-1.862,-0.272,11,I,35(a),M,-0.1918,9
-4.547,-2.698,12,I,35(a),N,-2.873,9
-6.306,-4.97,6,I,35(a),P,-4.776,4
-4.192,-2.178,9,I,35(a),Q,-1.994,5
-8.257,-5.839,15,I,35(a),R,-6,12
-3.611,-1.437,6,I,35(a),S,-1.753,2
1.838,0.0444,9,I,35(a),T,-0.611,5
0.527,0.02155,7,I,35(a),V,,
-3.425,-1.238,10,I,35(a),W,-1.082,7
-3.092,-0.9312,11,I,35(a),Y,-1.114,5
-4.11,-2.064,6,F,36(a),-,,
-2.478,-0.5228,2,F,36(a),A,-0.6281,1
-1.406,-0.1573,8,F,36(a),C,-0.2661,5
-3.691,-1.528,6,F,36(a),D,-1.246,3
-4.237,-2.242,10,F,36(a),E,-2.201,5
0,0,,F,36(a),F,0,
-1.271,-0.1315,8,F,36(a),G,-1.109,4
-2.998,-0.8561,8,F,36(a),H,-0.9897,6
-2.85,-0.7479,9,F,36(a),I,-0.3433,3
-4.98,-3.352,14,F,36(a),K,-3.419,10
-0.7683,-0.06,8,F,36(a),L,-0.3052,4
-0.0825,-0.004504,1,F,36(a),M,-0.111,1
-2.792,-0.7083,12,F,36(a),N,-0.7604,8
-8.037,-5.798,6,F,36(a),P,-6,5
-2.495,-0.5316,7,F,36(a),Q,-0.5258,6
-13.67,-6.012,10,F,36(a),R,-6,8
-2.809,-0.7195,11,F,36(a),S,-0.7773,5
-2.966,-0.832,10,F,36(a),T,-0.6466,9
-2.023,-0.3255,10,F,36(a),V,-0.6568,3
-2.153,-0.3741,10,F,36(a),W,-0.6749,7
-1.768,-0.2444,6,F,36(a),Y,-0.4412,4
-9.848,-5.976,1,H,37(a),*,,
-4.768,-3.032,5,H,37(a),-,,
-0.8953,-0.07496,10,H,37(a),A,-0.1543,6
-1.315,-0.1394,4,H,37(a),C,-0.1672,2
-2.457,-0.5115,9,H,37(a),D,-0.4347,4
-2.434,-0.5002,7,H,37(a),E,-0.5993,5
-1.143,-0.1099,8,H,37(a),F,0.02563,3
-3.058,-0.9033,16,H,37(a),G,-1.073,9
0,0,,H,37(a),H,0,
-2.725,-0.6648,19,H,37(a),I,-0.4341,10
-2.577,-0.576,4,H,37(a),K,0.07817,3
-3.516,-1.333,8,H,37(a),L,-1.132,5
-2.564,-0.5689,10,H,37(a),M,-0.1505,4
-1.971,-0.3074,7,H,37(a),N,-0.08682,5
-8.835,-5.914,12,H,37(a),P,-6,6
-2.925,-0.8015,6,H,37(a),Q,-0.2809,3
0.1945,0.009282,25,H,37(a),R,-0.2862,17
-1.979,-0.3101,9,H,37(a),S,-0.5504,4
-0.1181,-0.006565,12,H,37(a),T,-0.2956,8
-2.578,-0.577,13,H,37(a),V,-0.6122,7
-2.69,-0.6428,8,H,37(a),W,-1.092,5
-0.8128,-0.06504,11,H,37(a),Y,0.2747,3
0.2143,0.01013,3,V,38(a),-,,
-1.304,-0.1374,16,V,38(a),A,-0.5374,4
-0.2574,-0.01535,8,V,38(a),C,0.1319,2
-4.166,-2.142,4,V,38(a),D,-1.879,3
-1.997,-0.316,9,V,38(a),E,-0.218,6
-3.738,-1.583,7,V,38(a),F,-1.588,5
-3.788,-1.644,9,V,38(a),G,-1.631,7
-3.031,-0.8824,10,V,38(a),H,-1.093,7
0.9386,0.03209,7,V,38(a),I,-0.04054,3
-5.529,-4.126,13,V,38(a),K,-4.17,8
0.8247,0.02959,14,V,38(a),L,0.02761,7
-0.3593,-0.02258,15,V,38(a),M,-0.4398,7
-3.274,-1.091,5,V,38(a),N,,
-3.705,-1.544,10,V,38(a),P,-1.324,6
-3.064,-0.9081,7,V,38(a),Q,-0.9053,6
-5.071,-3.487,11,V,38(a),R,-3.405,8
-2.548,-0.5601,6,V,38(a),T,-0.9002,3
0,0,,V,38(a),V,0,
-6.957,-5.42,10,V,38(a),W,-5.08,4
-3.282,-1.098,12,V,38(a),Y,-1.188,8
-0.5045,-0.0342,3,D,39(a),-,,
-0.7099,-0.05371,13,D,39(a),A,-0.1232,7
-2.016,-0.323,11,D,39(a),C,-0.3156,10
0,0,,D,39(a),D,0,
-0.1752,-0.01002,7,D,39(a),E,-0.1805,3
-1.302,-0.1371,10,D,39(a),F,-0.1785,7
-1.346,-0.1454,12,D,39(a),G,0.005556,5
2.166,0.04677,6,D,39(a),H,-0.07725,2
-3.095,-0.9339,9,D,39(a),I,-0.731,6
-2.682,-0.638,10,D,39(a),K,-0.804,8
-3.033,-0.8834,10,D,39(a),L,-0.6843,4
-1.998,-0.3166,8,D,39(a),M,-0.1655,4
-0.4652,-0.03089,19,D,39(a),N,-0.2486,3
-2.147,-0.3716,7,D,39(a),P,-1.682,2
0.2418,0.01128,6,D,39(a),Q,0.08392,4
-1.54,-0.1861,8,D,39(a),R,-1.268,2
-1.94,-0.2968,9,D,39(a),S,-0.3286,5
-3.632,-1.46,9,D,39(a),T,-1.366,6
-2.566,-0.5698,8,D,39(a),V,-0.6587,4
-2.926,-0.8017,6,D,39(a),W,-0.3512,5
-3.195,-1.02,12,D,39(a),Y,-0.3587,5
-0.09094,-0.004987,3,L,40(a),-,,
-1.81,-0.2565,7,L,40(a),A,0.00489,6
-2.639,-0.6119,2,L,40(a),C,-0.5537,1
-12.39,-6.01,7,L,40(a),D,-6,4
-6.256,-4.926,15,L,40(a),E,-4.989,6
0.3447,0.01532,8,L,40(a),F,-0.1821,5
-2.409,-0.4876,6,L,40(a),G,-0.4176,3
-3.204,-1.027,7,L,40(a),H,-1.151,5
-1.35,-0.1461,10,L,40(a),I,-0.2299,6
-3.598,-1.422,5,L,40(a),K,-1.566,3
0,0,,L,40(a),L,0,
-1.609,-0.2024,4,L,40(a),M,0.09331,3
-3.205,-1.028,8,L,40(a),N,-1.051,6
-1.865,-0.2729,19,L,40(a),P,-0.5808,7
-2.611,-0.5956,7,L,40(a),Q,-0.5696,4
-4.518,-2.654,7,L,40(a),R,-2.664,5
-3.696,-1.534,4,L,40(a),S,-1.55,4
-3.268,-1.085,7,L,40(a),T,-0.7742,4
-2.256,-0.4167,8,L,40(a),V,-0.9708,5
-24.6,-6.013,4,L,40(a),W,-6,3
-7.759,-5.732,11,L,40(a),Y,-6,4
-8.254,-5.838,6,Q,41(a),*,,
-2.468,-0.5173,4,Q,41(a),-,,
0.4945,0.02052,9,Q,41(a),A,0.08608,8
-2.703,-0.6511,5,Q,41(a),C,-0.715,4
-2.847,-0.7455,7,Q,41(a),D,-0.7071,5
-2.422,-0.494,8,Q,41(a),E,-0.5238,3
-1.666,-0.2169,9,Q,41(a),F,-0.5169,4
-0.5913,-0.04197,11,Q,41(a),G,-0.1176,5
-2.126,-0.3636,14,Q,41(a),H,-0.3654,7
0.5306,0.02166,7,Q,41(a),I,-0.07879,5
0.6795,0.02596,14,Q,41(a),K,-0.07089,8
0.1475,0.007199,10,Q,41(a),L,-0.2271,7
-0.1231,-0.006861,5,Q,41(a),M,-0.2129,5
-5.995,-4.674,12,Q,41(a),N,-4.81,6
-0.3591,-0.02256,14,Q,41(a),P,-0.0005011,9
0,0,,Q,41(a),Q,0,
-0.7735,-0.06057,23,Q,41(a),R,0.1258,11
4.367,0.0522,10,Q,41(a),S,0.1099,6
0.007764,0.0004056,12,Q,41(a),T,0.3411,7
-0.3105,-0.01903,11,Q,41(a),V,0.0301,9
-2.497,-0.5328,9,Q,41(a),W,-0.6597,8
-1.544,-0.1872,5,Q,41(a),Y,-0.4821,2
-5.097,-3.524,1,K,42(a),*,,
-2.29,-0.4317,4,K,42(a),-,,
-2.712,-0.6564,8,K,42(a),A,-0.7533,5
-3.554,-1.373,7,K,42(a),C,-1.27,6
-3.3,-1.115,7,K,42(a),D,-1.316,5
-2.329,-0.4495,9,K,42(a),E,-1.04,3
-2.83,-0.7339,10,K,42(a),F,-1.082,4
-2.261,-0.4192,4,K,42(a),G,-0.5769,4
-1.42,-0.16,6,K,42(a),H,-0.01602,5
-1.95,-0.3004,12,K,42(a),I,-0.2077,7
0,0,,K,42(a),K,0,
-1.516,-0.1806,4,K,42(a),L,-0.3683,2
-0.7649,-0.05962,6,K,42(a),M,0.008135,4
0.4959,0.02057,10,K,42(a),N,0.1378,3
-2.372,-0.4698,12,K,42(a),P,-0.6359,5
-0.1452,-0.008181,9,K,42(a),Q,0.009996,3
-2.04,-0.3314,5,K,42(a),R,0.9733,1
-2.676,-0.6345,3,K,42(a),S,-0.5915,2
-1.719,-0.2309,11,K,42(a),T,-0.4318,5
-2.192,-0.3897,12,K,42(a),V,-0.4411,6
-2.853,-0.7498,6,K,42(a),W,-0.6921,6
-1.416,-0.1592,11,K,42(a),Y,-0.2422,6
-0.4021,-0.02584,3,S,43(a),-,,
1.117,0.03548,9,S,43(a),A,-0.5221,4
-2.297,-0.435,15,S,43(a),C,-0.8667,8
-1.506,-0.1784,7,S,43(a),D,-0.02664,6
-1.589,-0.1976,6,S,43(a),E,-0.3757,5
4.423,0.05224,7,S,43(a),F,0.2806,1
-0.1608,-0.009128,7,S,43(a),G,0.158,6
-3.214,-1.036,3,S,43(a),H,-1.215,2
-1.991,-0.3143,9,S,43(a),I,-0.06628,8
-3.757,-1.607,11,S,43(a),K,-1.606,8
-2.093,-0.3509,11,S,43(a),L,-0.09365,9
-1.269,-0.1312,6,S,43(a),M,0.2113,4
-7.893,-5.766,12,S,43(a),N,-6,6
-0.9341,-0.07992,5,S,43(a),P,-0.421,3
-2.121,-0.3615,8,S,43(a),Q,-0.4917,4
-3.196,-1.02,4,S,43(a),R,-1.211,3
0,0,,S,43(a),S,0,
0.287,0.01311,9,S,43(a),T,-0.2002,7
-0.7305,-0.05588,6,S,43(a),V,-0.4127,2
-7.796,-5.742,6,S,43(a),W,-6,4
-2.463,-0.5147,12,S,43(a),Y,-0.5804,6
-5.158,-3.614,2,E,44(a),*,,
-0.153,-0.008654,3,E,44(a),-,,
-0.1494,-0.008436,10,E,44(a),A,-0.2371,4
-2.156,-0.3752,5,E,44(a),C,-0.5343,4
2.822,0.04971,8,E,44(a),D,-0.2263,2
0,0,,E,44(a),E,0,
-1.479,-0.1725,9,E,44(a),F,-0.2112,6
-1.648,-0.2122,12,E,44(a),G,-0.7211,6
-0.816,-0.0654,8,E,44(a),H,-0.05071,7
-0.9318,-0.07961,3,E,44(a),I,-0.149,2
-0.4961,-0.03349,11,E,44(a),K,0.006899,5
-1.199,-0.119,8,E,44(a),L,-0.2175,5
-2.929,-0.8044,2,E,44(a),M,-1.208,1
1.925,0.04511,6,E,44(a),N,0.2311,3
-4.218,-2.214,7,E,44(a),P,-1.935,4
0.8191,0.02946,18,E,44(a),Q,-0.2444,9
-1.27,-0.1312,8,E,44(a),R,-0.6401,3
0.865,0.0305,9,E,44(a),S,0.2114,6
-0.5446,-0.03771,4,E,44(a),T,-0.0453,2
-0.6172,-0.04442,8,E,44(a),V,0.6379,5
-1.616,-0.2042,8,E,44(a),W,-0.3196,4
-1.461,-0.1686,14,E,44(a),Y,-0.2757,9
-1.815,-0.2581,5,T,45(a),-,,
0.3258,0.01461,16,T,45(a),A,-0.09065,4
-0.1008,-0.005556,15,T,45(a),C,-0.5967,9
1.245,0.03756,11,T,45(a),D,0.1295,6
-2.98,-0.8423,5,T,45(a),E,-0.8374,2
-3.959,-1.861,9,T,45(a),F,-1.911,5
-0.4286,-0.02792,7,T,45(a),G,-0.1764,5
-3.868,-1.744,9,T,45(a),H,-1.599,8
-0.9164,-0.07763,13,T,45(a),I,-1.069,4
-3.496,-1.311,11,T,45(a),K,-1.457,8
-3.064,-0.9081,9,T,45(a),L,-0.9974,4
1.155,0.03612,5,T,45(a),M,-0.991,3
-1.793,-0.2515,9,T,45(a),N,0.03353,7
-0.3245,-0.02003,16,T,45(a),P,-0.03476,10
-3.369,-1.181,7,T,45(a),Q,-1.582,5
-4.6,-2.777,9,T,45(a),R,-2.95,6
-0.8321,-0.06729,11,T,45(a),S,-0.4294,7
0,0,,T,45(a),T,0,
-1.136,-0.1088,11,T,45(a),V,-0.2053,9
-4.259,-2.273,11,T,45(a),W,-2.14,4
-4.176,-2.155,8,T,45(a),Y,-2.255,4
-1.573,-0.1939,4,I,46(a),-,,
-2.789,-0.7061,8,I,46(a),A,-0.7891,7
1.046,0.0342,8,I,46(a),C,0.2001,6
0.8535,0.03025,12,I,46(a),D,0.4665,10
0.8936,0.03113,3,I,46(a),E,0.08019,3
-0.4509,-0.02972,7,I,46(a),F,-0.429,5
-1.238,-0.1256,14,I,46(a),G,-0.6461,10
1.047,0.03422,7,I,46(a),H,0.1497,5
0,0,,I,46(a),I,0,
1.196,0.0368,9,I,46(a),K,0.5177,5
-1.976,-0.309,9,I,46(a),L,-0.09957,6
0.6792,0.02595,7,I,46(a),M,-0.348,4
0.1569,0.00762,7,I,46(a),N,-0.2538,4
-2.85,-0.7478,3,I,46(a),P,-0.9691,3
-0.8477,-0.06914,9,I,46(a),Q,0.5766,4
0.5108,0.02104,12,I,46(a),R,0.2122,7
0.9218,0.03173,5,I,46(a),S,0.0177,2
-0.6825,-0.05088,7,I,46(a),T,-0.06755,3
-0.4046,-0.02603,13,I,46(a),V,-0.05994,7
-1.664,-0.2163,8,I,46(a),W,-0.3206,6
0.03576,0.001842,9,I,46(a),Y,-0.1805,3
-8.676,-5.897,13,W,47(a),*,-6,1
-2.015,-0.3225,5,W,47(a),-,,
-2.024,-0.3258,6,W,47(a),A,-0.6322,5
-0.6536,-0.04797,10,W,47(a),C,-0.7826,5
-2.141,-0.3694,3,W,47(a),D,-0.7626,2
-3.08,-0.9214,6,W,47(a),E,-1.463,3
1.255,0.03771,8,W,47(a),F,0.02935,5
-3.043,-0.8916,4,W,47(a),G,-1.03,2
-3.484,-1.298,8,W,47(a),H,-1.167,6
-2.467,-0.5167,7,W,47(a),I,-0.7962,5
-4.09,-2.036,8,W,47(a),K,-1.93,8
-2.666,-0.6282,14,W,47(a),L,-0.5666,7
-0.02543,-0.00135,9,W,47(a),M,-0.5821,6
-2.907,-0.7878,10,W,47(a),N,-0.8224,4
-2.205,-0.3951,4,W,47(a),P,-0.2973,3
-2.562,-0.5677,8,W,47(a),Q,-0.4839,5
-3.207,-1.03,14,W,47(a),R,-0.9294,10
-2.667,-0.6286,12,W,47(a),S,-0.6987,7
-0.8577,-0.07034,4,W,47(a),T,-1.089,2
0.4429,0.01882,6,W,47(a),V,0.1187,6
0,0,,W,47(a),W,0,
-1.871,-0.275,5,W,47(a),Y,-0.2969,4
-2.739,-0.6736,5,R,48(a),-,,
-0.4615,-0.03059,5,R,48(a),A,0.1679,3
-1.235,-0.1252,9,R,48(a),C,-0.6778,6
-2.744,-0.6771,7,R,48(a),D,-0.6059,3
-2.522,-0.5461,11,R,48(a),E,-0.2104,9
-0.8403,-0.06826,15,R,48(a),F,-0.5898,9
0.02287,0.001186,3,R,48(a),G,0.1585,1
-1.242,-0.1263,16,R,48(a),H,0.2576,10
-2.393,-0.4798,5,R,48(a),I,-0.3974,4
1.605,0.04219,6,R,48(a),K,0.6895,4
-1.212,-0.1212,8,R,48(a),L,-0.1178,4
-0.2504,-0.01488,10,R,48(a),M,0.08019,5
-0.811,-0.06482,6,R,48(a),N,0.176,5
-3.029,-0.8803,9,R,48(a),P,-0.755,5
-1.055,-0.0966,16,R,48(a),Q,-0.1535,7
0,0,,R,48(a),R,0,
0.3098,0.014,11,R,48(a),S,0.3865,5
-1.942,-0.2976,6,R,48(a),T,-0.3463,4
1.079,0.03481,8,R,48(a),V,0.1485,7
-1.396,-0.1553,26,R,48(a),W,-0.125,6
-0.3028,-0.01848,4,R,48(a),Y,-0.5732,3
-0.529,-0.03632,4,L,49(a),-,,
-1.004,-0.08923,8,L,49(a),A,-0.3457,4
-1.106,-0.1042,11,L,49(a),C,0.06796,10
-0.257,-0.01532,9,L,49(a),D,-0.2715,4
-1.78,-0.2478,6,L,49(a),E,-0.2673,5
-2.488,-0.528,7,L,49(a),F,-1.036,5
-3.226,-1.046,8,L,49(a),G,-1.08,6
-2.499,-0.5333,9,L,49(a),H,-0.456,8
-0.7413,-0.05704,11,L,49(a),I,-0.2464,8
1.202,0.03689,3,L,49(a),K,0.2773,3
0,0,,L,49(a),L,0,
0.6925,0.02631,10,L,49(a),M,-0.1594,6
-0.6786,-0.05048,11,L,49(a),N,-0.2483,6
-3.771,-1.624,18,L,49(a),P,-1.474,10
-1.728,-0.2332,10,L,49(a),Q,0.0474,5
0.8357,0.02984,8,L,49(a),R,0.05476,6
-0.6117,-0.0439,5,L,49(a),S,0.1772,2
0.3298,0.01476,7,L,49(a),T,-0.5268,4
2.89,0.04992,4,L,49(a),V,,
-3.322,-1.135,10,L,49(a),W,-1.218,5
-3.804,-1.664,5,L,49(a),Y,-1.642,2
-3.438,-1.251,5,P,50(a),-,,
-0.2945,-0.0179,4,P,50(a),A,0.3275,3
-1.603,-0.201,7,P,50(a),C,-0.1868,5
0.0957,0.004788,8,P,50(a),D,0.07421,5
-2.934,-0.8075,4,P,50(a),E,-0.8233,1
-2.5,-0.5339,8,P,50(a),F,-0.5533,4
-1.192,-0.1178,9,P,50(a),G,0.3595,4
-1.141,-0.1096,8,P,50(a),H,-0.2203,5
-1.891,-0.281,9,P,50(a),I,-0.1737,7
-0.5852,-0.04141,8,P,50(a),K,0.716,5
-0.332,-0.02057,13,P,50(a),L,0.1073,8
1.786,0.04395,8,P,50(a),M,0.6924,4
-0.9673,-0.08429,6,P,50(a),N,0.2602,4
0,0,,P,50(a),P,0,
-1.133,-0.1084,5,P,50(a),R,0.5616,3
-1.275,-0.1321,23,P,50(a),S,-0.3942,5
-2.163,-0.3782,10,P,50(a),T,0.2172,5
-1.706,-0.2273,8,P,50(a),V,-0.1349,4
-2.196,-0.3914,6,P,50(a),W,-0.1665,5
-0.4878,-0.03278,8,P,50(a),Y,-0.01317,6
0.09205,0.004613,4,I,51(a),-,,
0.0454,0.002328,8,I,51(a),A,-0.1874,3
-0.6344,-0.04609,8,I,51(a),C,-0.09172,6
-2.212,-0.3982,9,I,51(a),D,-0.4853,5
1.416,0.03997,10,I,51(a),E,-0.1797,7
0.129,0.006349,18,I,51(a),F,-0.2634,7
-1.368,-0.1497,5,I,51(a),G,-0.4339,2
0.9095,0.03147,7,I,51(a),H,0.04065,4
0,0,,I,51(a),I,0,
-0.8874,-0.07397,6,I,51(a),K,0.0136,3
-0.4083,-0.02632,13,I,51(a),L,-0.2434,5
-0.8306,-0.06711,4,I,51(a),M,0.3496,2
0.8361,0.02985,8,I,51(a),N,-0.07121,5
-1.518,-0.1811,10,I,51(a),P,-0.2449,7
-2.317,-0.4438,6,I,51(a),Q,-0.3723,4
1.302,0.03841,10,I,51(a),R,-0.1036,7
1.507,0.04109,9,I,51(a),S,-0.2431,8
-0.1659,-0.009444,6,I,51(a),T,0.2035,6
0.03677,0.001893,15,I,51(a),V,0.4558,4
0.7134,0.02686,6,I,51(a),W,0.0214,5
0.8307,0.02972,10,I,51(a),Y,-0.01964,7
-0.6846,-0.0511,3,F,52(a),-,,
-0.9044,-0.07611,7,F,52(a),A,-1.398,3
-2.042,-0.3322,10,F,52(a),C,-0.9966,6
-2.708,-0.6542,10,F,52(a),D,-0.7183,7
-2.346,-0.4575,9,F,52(a),E,-0.5076,8
0,0,,F,52(a),F,0,
-2.245,-0.4123,12,F,52(a),G,-0.5093,8
-2.954,-0.8231,4,F,52(a),H,-0.844,4
-2.541,-0.5561,9,F,52(a),I,-0.8057,6
-2.477,-0.5222,11,F,52(a),K,-0.78,7
-2.921,-0.7984,10,F,52(a),L,-0.5726,6
-0.2449,-0.01451,4,F,52(a),M,-0.5761,1
-0.1644,-0.009353,8,F,52(a),N,-0.4053,4
-3.07,-0.9134,6,F,52(a),P,-1.12,3
-2.579,-0.5771,10,F,52(a),Q,-0.6277,8
-2.822,-0.7283,10,F,52(a),R,-0.7358,9
-1.902,-0.2847,15,F,52(a),S,-0.4634,9
-1.084,-0.1008,6,F,52(a),T,-0.494,3
-2.438,-0.5021,12,F,52(a),V,-0.6846,8
-0.07133,-0.003873,11,F,52(a),W,-0.4247,6
-1.357,-0.1476,14,F,52(a),Y,0.1227,6
-4.189,-2.174,3,T,53(a),-,,
0.1821,0.008738,12,T,53(a),A,-0.1769,4
0.1617,0.007837,7,T,53(a),C,-0.4615,4
1.971,0.04546,5,T,53(a),D,-0.1756,1
-0.7155,-0.0543,9,T,53(a),E,-0.00895,6
-1.781,-0.248,2,T,53(a),F,-0.1783,1
1.537,0.04143,9,T,53(a),G,0.1073,7
1.87,0.04467,8,T,53(a),H,0.4572,7
-1.767,-0.2441,18,T,53(a),I,0.08019,9
-1.49,-0.175,9,T,53(a),K,0.04858,4
-0.0726,-0.003944,9,T,53(a),L,0.7452,1
0.905,0.03138,4,T,53(a),M,0.1133,3
-0.154,-0.008712,9,T,53(a),N,-0.2294,2
-1.983,-0.3112,15,T,53(a),P,-0.4469,10
-0.1219,-0.006788,14,T,53(a),Q,0.1171,8
1.006,0.03343,14,T,53(a),R,-0.08633,10
1.722,0.04336,12,T,53(a),S,-0.1068,5
0,0,,T,53(a),T,0,
-1.029,-0.09278,5,T,53(a),V,-0.0549,2
-0.328,-0.02028,11,T,53(a),W,-0.7901,7
-2.432,-0.4992,7,T,53(a),Y,-0.4618,4
-1.226,-0.1236,3,T,54(a),-,,
1.428,0.04012,15,T,54(a),A,-0.3802,6
-0.03386,-0.001804,4,T,54(a),C,0.1168,2
1.191,0.03672,3,T,54(a),D,0.0136,1
-1.419,-0.16,6,T,54(a),E,-0.6707,4
-1.543,-0.1868,9,T,54(a),F,-0.07891,7
-0.3662,-0.02309,10,T,54(a),G,-0.6718,4
0.839,0.02991,7,T,54(a),H,0.3185,4
-1.021,-0.09168,17,T,54(a),I,0.1057,9
1.018,0.03367,7,T,54(a),K,0.4513,6
-0.4347,-0.02841,12,T,54(a),L,-0.3872,7
0.3053,0.01382,7,T,54(a),M,-0.02859,5
-4.995,-3.374,2,T,54(a),N,-6,1
-0.2682,-0.01608,7,T,54(a),P,-1.093,2
1.527,0.04131,11,T,54(a),Q,0.01039,6
-0.142,-0.007988,4,T,54(a),R,0.6567,2
2.928,0.05003,15,T,54(a),S,0.2438,9
0,0,,T,54(a),T,0,
-2.539,-0.5553,8,T,54(a),V,-0.5542,6
-1.343,-0.1448,7,T,54(a),W,-0.4819,4
-2.414,-0.49,6,T,54(a),Y,-0.3417,5
-1.249,-0.1276,2,F,55(a),-,,
-1.907,-0.2863,13,F,55(a),A,-0.4537,9
0.665,0.02557,9,F,55(a),C,-0.1051,4
-1.47,-0.1706,8,F,55(a),D,-0.06356,3
-0.1263,-0.00705,10,F,55(a),E,0.03863,7
0,0,,F,55(a),F,0,
-2.07,-0.3425,10,F,55(a),G,-0.5747,7
0.8308,0.02973,9,F,55(a),H,0.1932,5
0.7464,0.0277,8,F,55(a),I,-0.1135,3
-0.3267,-0.02018,7,F,55(a),K,-0.2157,5
-0.5833,-0.04123,11,F,55(a),L,-0.3278,3
1.225,0.03726,9,F,55(a),M,-0.01562,5
-0.1527,-0.008636,6,F,55(a),N,0.2774,4
-3.572,-1.393,6,F,55(a),P,-1.121,4
-0.3215,-0.01981,13,F,55(a),Q,-0.2865,9
3.378,0.05106,10,F,55(a),R,0.01654,7
0.054,0.002757,10,F,55(a),S,-0.2157,6
-0.8486,-0.06924,9,F,55(a),T,-0.3966,3
0.9969,0.03326,8,F,55(a),V,-0.4341,4
-0.1477,-0.008335,11,F,55(a),W,-0.3077,7
2.38,0.04795,10,F,55(a),Y,0.2716,6
-0.8418,-0.06844,3,T,56(a),-,,
1.652,0.04267,4,T,56(a),A,,
-1.809,-0.2561,11,T,56(a),C,-0.2233,4
-3.34,-1.153,9,T,56(a),D,-1.198,8
-3.081,-0.9226,5,T,56(a),E,-1.104,3
-2.327,-0.4485,2,T,56(a),F,-0.3886,1
-2.284,-0.429,9,T,56(a),G,-0.2427,8
-1.737,-0.2357,2,T,56(a),H,-1.992,1
-1.51,-0.1793,16,T,56(a),I,1.136,3
-1.518,-0.1811,6,T,56(a),K,-0.8189,4
-1.547,-0.1877,10,T,56(a),L,-0.009257,5
-1.074,-0.09934,3,T,56(a),M,-0.769,1
-3.165,-0.9927,11,T,56(a),N,-0.8924,4
-2.297,-0.4348,11,T,56(a),P,-1.129,4
-3.017,-0.8707,14,T,56(a),Q,-0.8469,6
-3.398,-1.21,6,T,56(a),R,-1.13,3
2.085,0.04626,10,T,56(a),S,0.3619,2
0,0,,T,56(a),T,0,
-0.8427,-0.06854,4,T,56(a),V,-0.1847,3
-0.3218,-0.01983,7,T,56(a),W,-0.5367,4
-3.269,-1.086,11,T,56(a),Y,-1.367,6
-1.287,-0.1345,4,S,57(a),-,,
-0.466,-0.03095,9,S,57(a),A,0.3179,7
-0.9044,-0.0761,12,S,57(a),C,-0.2666,6
-1.793,-0.2515,3,S,57(a),D,-0.4359,3
2.652,0.04912,7,S,57(a),E,0.1818,5
-0.7444,-0.05738,12,S,57(a),F,0.06342,7
3.544,0.05134,13,S,57(a),G,-0.639,8
1.029,0.03387,9,S,57(a),H,-0.051,6
0.984,0.03301,13,S,57(a),I,0.1804,8
-2.211,-0.3979,4,S,57(a),K,0.02497,3
-2.913,-0.7921,8,S,57(a),L,-0.3309,7
2.748,0.04947,15,S,57(a),M,-0.08253,7
-1.157,-0.1122,10,S,57(a),N,0.4182,4
-3.6,-1.424,4,S,57(a),P,-1.368,2
-0.9697,-0.08462,10,S,57(a),Q,0.1675,7
0.2896,0.01321,24,S,57(a),R,-0.1326,7
0,0,,S,57(a),S,0,
-0.2002,-0.0116,9,S,57(a),T,0.1308,6
1.134,0.03577,11,S,57(a),V,0.214,8
-0.6369,-0.04633,9,S,57(a),W,0.07881,4
-0.3729,-0.0236,8,S,57(a),Y,0.05543,5
-0.7133,-0.05407,4,F,58(a),-,,
-4.051,-1.984,3,F,58(a),A,-2.028,1
-4.146,-2.113,8,F,58(a),C,-2.187,7
-4.468,-2.58,10,F,58(a),D,-2.209,4
-3.978,-1.885,7,F,58(a),E,-2.463,2
0,0,,F,58(a),F,0,
-4.056,-1.99,5,F,58(a),G,-1.763,5
-3.961,-1.863,6,F,58(a),H,-2.203,3
-3.197,-1.021,10,F,58(a),I,-1.841,3
-4.664,-2.874,11,F,58(a),K,-2.758,6
-2.726,-0.6653,10,F,58(a),L,-1.393,6
-1.398,-0.1556,10,F,58(a),M,-0.3737,6
-2.377,-0.472,6,F,58(a),N,-1.249,2
-4.049,-1.98,9,F,58(a),P,-1.848,6
-4.075,-2.016,7,F,58(a),Q,-2.064,5
-4.445,-2.545,7,F,58(a),R,-2.945,5
-4.139,-2.104,8,F,58(a),S,-2.414,2
-4.194,-2.18,6,F,58(a),T,-1.867,5
-3.556,-1.375,6,F,58(a),V,-1.585,3
-3.429,-1.242,6,F,58(a),W,-1.512,4
-1.313,-0.1392,9,F,58(a),Y,-0.05672,5
-7.205,-5.54,7,E,59(a),*,-5.114,1
-1.272,-0.1316,4,E,59(a),-,,
-1.937,-0.296,12,E,59(a),A,-0.6114,4
-3.318,-1.132,11,E,59(a),C,-1.254,8
0.4084,0.01763,12,E,59(a),D,-0.06696,5
0,0,,E,59(a),E,0,
-2.894,-0.7784,11,E,59(a),F,-0.8482,5
-1.333,-0.1429,16,E,59(a),G,-0.2322,7
-2.723,-0.6634,10,E,59(a),H,-0.5751,9
-1.545,-0.1874,17,E,59(a),I,-0.9674,10
-3.244,-1.063,23,E,59(a),K,-1.387,8
-2.261,-0.4192,2,E,59(a),L,-0.3521,2
2.943,0.05007,6,E,59(a),M,-0.8673,4
-2.328,-0.449,12,E,59(a),N,-0.4647,7
-1.879,-0.2773,5,E,59(a),P,-0.2962,3
-1.486,-0.174,5,E,59(a),Q,-0.2383,5
-3.624,-1.452,6,E,59(a),R,-1.376,5
-2.383,-0.4748,8,E,59(a),S,-0.2676,6
-2.472,-0.5193,8,E,59(a),T,-0.7109,7
-2.035,-0.3294,6,E,59(a),V,-0.3444,3
-2.378,-0.4725,10,E,59(a),W,-0.797,4
-2.007,-0.3196,12,E,59(a),Y,-0.8114,9
-0.5312,-0.03652,4,A,60(a),-,,
0,0,,A,60(a),A,0,
0.1171,0.005798,11,A,60(a),C,0.5546,7
-1.242,-0.1264,13,A,60(a),D,0.4357,6
1.791,0.044,8,A,60(a),E,0.1963,3
-2.682,-0.6377,7,A,60(a),F,-0.9785,3
-0.1486,-0.008385,9,A,60(a),G,-0.08995,4
0.1254,0.006186,9,A,60(a),H,-0.09816,6
1.506,0.04107,9,A,60(a),I,0.502,4
-2.96,-0.8274,16,A,60(a),K,-0.6749,11
-1.402,-0.1564,10,A,60(a),L,0.02866,7
-0.4455,-0.02928,16,A,60(a),M,-0.3438,8
2.517,0.04858,11,A,60(a),N,0.04945,8
2,0.04567,7,A,60(a),P,0.4781,5
-2.001,-0.3177,10,A,60(a),Q,-0.3871,8
-1.039,-0.09425,11,A,60(a),R,-0.7279,7
0.0147,0.000765,5,A,60(a),S,-0.3087,2
-0.1441,-0.008112,19,A,60(a),T,0.1622,7
0.1569,0.00762,14,A,60(a),V,0.01301,7
4.387,0.05222,5,A,60(a),W,-0.1251,1
-3.104,-0.9416,7,A,60(a),Y,-1.12,4
-8.903,-5.92,7,Q,61(a),*,-6,1
-1.507,-0.1787,4,Q,61(a),-,,
-3.206,-1.029,5,Q,61(a),A,-0.7914,5
-3.918,-1.808,12,Q,61(a),C,-1.994,8
-0.5728,-0.04026,7,Q,61(a),D,-0.02865,4
-2.409,-0.4874,14,Q,61(a),E,-0.4891,8
-0.03495,-0.001864,8,Q,61(a),F,0.04298,6
-2.167,-0.3798,6,Q,61(a),G,-0.2448,6
-0.4777,-0.03193,29,Q,61(a),H,-0.03966,14
-1.386,-0.1532,7,Q,61(a),I,0.547,4
-4.872,-3.19,13,Q,61(a),K,-3.183,7
-0.7796,-0.06125,11,Q,61(a),L,-0.07685,4
-0.1644,-0.009354,3,Q,61(a),M,,
-0.6515,-0.04776,10,Q,61(a),N,-0.2976,7
-1.208,-0.1205,14,Q,61(a),P,-0.7386,8
0,0,,Q,61(a),Q,0,
-4.553,-2.706,36,Q,61(a),R,-2.857,15
-2.047,-0.334,9,Q,61(a),S,-0.1303,7
-2.125,-0.3631,8,Q,61(a),T,-0.2105,5
-1.497,-0.1765,14,Q,61(a),V,-0.297,11
-2.922,-0.7991,11,Q,61(a),W,-1.192,4
0.01117,0.0005824,12,Q,61(a),Y,-0.2598,8
-0.3812,-0.02423,4,G,62(a),-,,
-1.41,-0.1581,9,G,62(a),A,-0.1782,7
-1.437,-0.1637,17,G,62(a),C,-0.1691,7
-0.4257,-0.02769,20,G,62(a),D,0.9294,6
1.023,0.03376,5,G,62(a),E,0.3085,3
1.414,0.03994,5,G,62(a),F,0.7225,4
0,0,,G,62(a),G,0,
-0.04788,-0.00257,7,G,62(a),H,1.094,1
-1.602,-0.2008,5,G,62(a),I,0.3086,4
-0.5781,-0.04074,14,G,62(a),K,0.05415,10
-0.1963,-0.01135,8,G,62(a),L,0.5935,5
1.559,0.04168,8,G,62(a),M,-0.2547,3
-0.5358,-0.03692,14,G,62(a),N,0.232,9
-0.08831,-0.004835,10,G,62(a),P,0.313,7
-1.168,-0.114,9,G,62(a),Q,-0.2038,3
-0.9655,-0.08405,5,G,62(a),R,-0.2402,4
2.716,0.04936,11,G,62(a),S,0.0362,4
-0.003778,-0.0001985,4,G,62(a),T,-0.5144,1
1.547,0.04155,17,G,62(a),V,-0.00161,7
0.01916,0.0009946,7,G,62(a),W,0.2828,5
-0.641,-0.04673,12,G,62(a),Y,0.02626,9
-0.249,-0.01478,3,A,63(a),-,,
0,0,,A,63(a),A,0,
1.169,0.03635,11,A,63(a),C,0.2478,8
-4.956,-3.316,13,A,63(a),D,-2.885,3
-4.06,-1.996,12,A,63(a),E,-2.091,9
-4.615,-2.8,9,A,63(a),F,-3.302,7
-0.4109,-0.02652,5,A,63(a),G,-0.5027,3
-4.347,-2.401,11,A,63(a),H,-2.738,5
0.04104,0.002109,10,A,63(a),I,0.2014,7
-6.137,-4.816,13,A,63(a),K,-5.245,9
-3.965,-1.869,11,A,63(a),L,-1.805,9
-1.89,-0.2809,10,A,63(a),M,-0.3437,6
-4.371,-2.436,5,A,63(a),N,-1.808,2
0.9657,0.03264,9,A,63(a),P,-0.172,7
-3.639,-1.468,8,A,63(a),Q,-1.212,4
-5.127,-3.569,9,A,63(a),R,-3.426,5
-1.067,-0.09837,12,A,63(a),S,-0.9037,4
-1.231,-0.1245,17,A,63(a),T,-0.266,7
-1.807,-0.2555,8,A,63(a),V,-0.1384,4
-4.384,-2.456,7,A,63(a),W,-2.506,7
-3.825,-1.69,5,A,63(a),Y,-1.934,4
-9.116,-5.938,4,L,64(a),-,,
-3.335,-1.149,11,L,64(a),A,-0.7982,8
-5.25,-3.746,8,L,64(a),C,-3.831,5
-38.88,-6.013,13,L,64(a),D,-6,5
-3.506,-1.322,7,L,64(a),E,-1.172,5
0.8549,0.03028,5,L,64(a),F,-0.03505,5
-7.4,-5.618,4,L,64(a),G,-6,3
-3.442,-1.255,6,L,64(a),H,-1.272,4
-2.678,-0.6353,6,L,64(a),I,-0.6396,5
-8.082,-5.807,7,L,64(a),K,-6,5
0,0,,L,64(a),L,0,
-1.872,-0.2753,10,L,64(a),M,0.08019,3
-2.572,-0.5734,6,L,64(a),N,-0.9161,3
-3.95,-1.849,13,L,64(a),P,-1.972,4
-2.344,-0.4563,18,L,64(a),Q,-0.6379,4
-7.131,-5.507,5,L,64(a),R,-5.681,4
-6.112,-4.792,11,L,64(a),S,-5.187,6
-4.113,-2.067,5,L,64(a),T,-2.276,2
-2.891,-0.7766,7,L,64(a),V,-0.8606,5
-9.058,-5.933,9,L,64(a),W,-6,6
-1.393,-0.1545,12,L,64(a),Y,-0.1025,8
-8.461,-5.87,19,Q,65(a),*,-6,2
-2.364,-0.4661,5,Q,65(a),-,,
0.8816,0.03087,5,Q,65(a),A,-0.1686,4
-2.61,-0.5952,2,Q,65(a),C,-0.5464,2
-3.558,-1.378,6,Q,65(a),D,-1.325,4
1.523,0.04128,11,Q,65(a),E,-0.1873,5
0.3296,0.01476,12,Q,65(a),F,-0.254,6
0.7958,0.02891,9,Q,65(a),G,0.01461,5
-0.1759,-0.01006,15,Q,65(a),H,0.1231,9
0.09632,0.004818,10,Q,65(a),I,-0.07367,5
0.1732,0.00835,12,Q,65(a),K,-0.5274,5
-0.9762,-0.0855,11,Q,65(a),L,-0.1015,4
-2.725,-0.6644,3,Q,65(a),M,-0.9355,1
-1.706,-0.2273,4,Q,65(a),N,-0.2712,2
-1.71,-0.2284,16,Q,65(a),P,0.1875,6
0,0,,Q,65(a),Q,0,
0.8883,0.03102,12,Q,65(a),R,-0.3715,4
0.8523,0.03022,8,Q,65(a),S,-0.4965,5
-1.174,-0.1149,5,Q,65(a),T,-0.6073,4
-1.742,-0.2371,8,Q,65(a),V,-0.1286,5
-2.043,-0.3325,5,Q,65(a),W,-0.09142,3
-1.233,-0.1247,8,Q,65(a),Y,-0.3673,5
-3.186,-1.011,5,N,66(a),-,,
-3.218,-1.04,16,N,66(a),A,-1.259,9
-1.903,-0.2851,7,N,66(a),C,-0.5643,4
-2.532,-0.5514,6,N,66(a),D,-1.011,1
-3.049,-0.8964,12,N,66(a),E,-1.522,7
-4.211,-2.205,7,N,66(a),F,-1.846,4
-2.595,-0.5863,9,N,66(a),G,-1.087,5
-3.913,-1.801,5,N,66(a),H,-1.869,4
-3.235,-1.055,4,N,66(a),I,-1.541,1
-1.814,-0.2577,9,N,66(a),K,-1.609,2
-3.965,-1.868,11,N,66(a),L,-1.968,7
-3.707,-1.546,12,N,66(a),M,-1.407,9
0,0,,N,66(a),N,0,
-3.801,-1.66,6,N,66(a),P,-1.707,4
-3.806,-1.667,9,N,66(a),Q,-1.682,7
-2.434,-0.5002,14,N,66(a),R,-1.413,6
-1.842,-0.2659,12,N,66(a),S,-0.9703,8
-3.155,-0.9839,14,N,66(a),T,-1.425,6
-3.653,-1.484,14,N,66(a),V,-1.394,9
-4.679,-2.898,9,N,66(a),W,-3.211,5
-3.898,-1.781,11,N,66(a),Y,-1.696,8
-2.531,-0.5507,5,I,67(a),-,,
0.02172,0.001127,7,I,67(a),A,0.2164,6
0.2599,0.01202,7,I,67(a),C,-0.1334,6
-2.489,-0.5281,4,I,67(a),D,-0.9656,3
-2.808,-0.7191,5,I,67(a),E,-1.033,5
-4.221,-2.219,14,I,67(a),F,-2.328,10
-2.428,-0.4969,11,I,67(a),G,-0.3227,9
-1.912,-0.2879,7,I,67(a),H,-1.013,3
0,0,,I,67(a),I,0,
-7.545,-5.668,11,I,67(a),K,-6,8
-0.5667,-0.03971,7,I,67(a),L,0.3524,3
-2.282,-0.4282,12,I,67(a),M,-0.2206,8
-1.727,-0.2329,7,I,67(a),N,0.197,6
-3.285,-1.101,5,I,67(a),P,-0.8799,3
-1.604,-0.2014,14,I,67(a),Q,0.007642,9
-8.135,-5.817,7,I,67(a),R,-6,5
0.3592,0.01586,10,I,67(a),S,-0.2324,4
-3.061,-0.9059,12,I,67(a),T,-0.8317,6
-1.2,-0.1192,10,I,67(a),V,-0.6578,4
-7.925,-5.773,4,I,67(a),W,-6,4
-14.77,-6.012,9,I,67(a),Y,-6,4
-0.3872,-0.02468,4,A,68(a),-,,
0,0,,A,68(a),A,0,
-3.599,-1.423,7,A,68(a),C,-1.38,6
-1.532,-0.1843,8,A,68(a),D,-0.2323,4
0.04958,0.002537,4,A,68(a),E,-1.04,1
-3.044,-0.8926,5,A,68(a),F,-0.8784,4
-2.309,-0.4404,9,A,68(a),G,-0.8984,4
0.7956,0.0289,8,A,68(a),H,-0.303,5
-1.054,-0.09641,10,A,68(a),I,-0.6616,9
-4.556,-2.712,6,A,68(a),K,-2.872,5
-1.687,-0.2223,5,A,68(a),L,-0.6713,2
0.2322,0.01088,3,A,68(a),M,-0.02874,3
-0.462,-0.03063,10,A,68(a),N,-0.1679,9
-0.7728,-0.06049,14,A,68(a),P,-0.09538,8
-0.4494,-0.02959,10,A,68(a),Q,-0.3626,6
-2.335,-0.4522,8,A,68(a),R,-0.7894,4
-6.208,-4.883,8,A,68(a),S,-5.162,5
-7.875,-5.761,32,A,68(a),T,-5.57,10
-0.5888,-0.04174,33,A,68(a),V,-0.3977,9
-2.471,-0.5189,10,A,68(a),W,-0.5643,7
-1.976,-0.3091,5,A,68(a),Y,-0.2639,4
-0.9856,-0.08677,4,V,69(a),-,,
-2.599,-0.5886,8,V,69(a),A,-0.518,4
-1.139,-0.1093,5,V,69(a),C,-0.6534,4
-3.067,-0.911,10,V,69(a),D,-0.7513,9
-1.796,-0.2525,17,V,69(a),E,-0.5987,13
-2.642,-0.6136,5,V,69(a),F,-1.247,1
-3.02,-0.8732,8,V,69(a),G,-0.9197,6
-2.845,-0.744,10,V,69(a),H,-0.5032,6
0.3357,0.01499,7,V,69(a),I,0.3301,3
-2.968,-0.8334,10,V,69(a),K,-1.014,8
-0.9437,-0.08116,13,V,69(a),L,-0.4083,10
-0.7258,-0.05539,17,V,69(a),M,-0.1763,5
-3.456,-1.27,3,V,69(a),N,-1.404,2
-5.021,-3.413,3,V,69(a),P,-3.316,3
0.4431,0.01882,4,V,69(a),Q,0.2054,1
-2.812,-0.7215,9,V,69(a),R,-0.6588,6
-1.638,-0.2098,11,V,69(a),S,-0.7809,8
-2.521,-0.5455,3,V,69(a),T,-0.6673,2
0,0,,V,69(a),V,0,
-3.671,-1.505,9,V,69(a),W,-1.272,7
-2.397,-0.4819,7,V,69(a),Y,-0.5578,3
-0.6328,-0.04593,4,D,70(a),-,,
-2.9,-0.7834,11,D,70(a),A,-0.8718,8
-3.387,-1.2,7,D,70(a),C,-1.139,4
0,0,,D,70(a),D,0,
-1.966,-0.3056,7,D,70(a),E,-0.6205,4
-4.848,-3.154,8,D,70(a),F,-3.241,6
-2.814,-0.7232,3,D,70(a),G,,
-2.54,-0.5559,6,D,70(a),H,-0.7066,2
-2.732,-0.6694,9,D,70(a),I,-1.028,6
-4.199,-2.188,5,D,70(a),K,-1.983,4
-3.28,-1.097,4,D,70(a),L,-1.115,4
-3.493,-1.308,9,D,70(a),M,-1.358,5
0.3096,0.01399,19,D,70(a),N,-0.2163,6
-5.114,-3.549,13,D,70(a),P,-3.587,8
-1.465,-0.1695,10,D,70(a),Q,-0.6439,7
-4.196,-2.184,4,D,70(a),R,-2.093,4
-0.5233,-0.03582,12,D,70(a),S,-0.6921,8
-2.854,-0.7505,4,D,70(a),T,-0.9036,4
-2.148,-0.372,8,D,70(a),V,-0.6881,3
-5.948,-4.624,9,D,70(a),W,-3.961,7
-4.65,-2.854,18,D,70(a),Y,-3.094,9
-0.3295,-0.02039,4,K,71(a),-,,
-0.6043,-0.0432,7,K,71(a),A,-0.3051,4
-1.333,-0.1429,9,K,71(a),C,-0.07196,5
-3.047,-0.8946,8,K,71(a),D,-0.8985,5
-0.5456,-0.0378,9,K,71(a),E,-0.03933,4
-2.561,-0.5674,10,K,71(a),F,-0.7108,7
-2.551,-0.5617,5,K,71(a),G,-0.4838,3
-1.08,-0.1002,13,K,71(a),H,-0.04265,8
-1.191,-0.1176,19,K,71(a),I,-0.4319,9
0,0,,K,71(a),K,0,
0.06136,0.003121,8,K,71(a),L,-0.444,5
-1.316,-0.1397,9,K,71(a),M,-0.5398,5
1.412,0.03991,9,K,71(a),N,-1.362,4
-4.933,-3.281,10,K,71(a),P,-2.851,9
-0.9046,-0.07614,6,K,71(a),Q,-0.06576,4
0.02614,0.001353,9,K,71(a),R,0.2357,5
-0.9625,-0.08365,14,K,71(a),S,0.3101,9
-1.73,-0.2338,17,K,71(a),T,-0.1202,12
-0.965,-0.08398,15,K,71(a),V,-0.2035,12
-2.153,-0.3741,12,K,71(a),W,-0.6903,5
-2.772,-0.6952,10,K,71(a),Y,-0.6171,9
-8.353,-5.854,11,Q,72(a),*,-6,3
-3.904,-1.79,5,Q,72(a),-,,
2.112,0.04643,12,Q,72(a),A,-0.1629,8
-0.4734,-0.03157,9,Q,72(a),C,0.2137,5
-1.34,-0.1443,6,Q,72(a),D,-0.1604,4
-2.605,-0.5924,3,Q,72(a),E,-0.5133,2
-0.4049,-0.02605,11,Q,72(a),F,-0.6248,8
-1.278,-0.1327,9,Q,72(a),G,0.03585,8
1.274,0.038,23,Q,72(a),H,0.208,10
-1.649,-0.2124,6,Q,72(a),I,-0.6191,2
-0.5836,-0.04126,16,Q,72(a),K,0.2398,5
-1.343,-0.1447,9,Q,72(a),L,-0.1247,5
-1.462,-0.1688,9,Q,72(a),M,-0.2473,7
-0.2125,-0.01239,7,Q,72(a),N,-0.00315,6
-2.723,-0.6634,8,Q,72(a),P,-0.2322,4
0,0,,Q,72(a),Q,0,
0.654,0.02527,3,Q,72(a),R,0.4009,1
-0.9209,-0.0782,6,Q,72(a),S,0.3369,4
0.5459,0.02213,10,Q,72(a),T,-0.1389,4
-1.611,-0.2031,11,Q,72(a),V,-0.2738,8
-3.379,-1.192,5,Q,72(a),W,-1.445,3
-2.326,-0.448,7,Q,72(a),Y,-0.3799,5
-3.938,-1.833,5,N,73(a),-,,
-0.6664,-0.04925,4,N,73(a),A,-2.236,2
-2.957,-0.8249,7,N,73(a),C,-0.7117,6
-4.497,-2.623,3,N,73(a),D,-2.617,1
-4.355,-2.412,14,N,73(a),E,-2.784,10
-2.849,-0.7467,6,N,73(a),F,-0.5014,4
-3.266,-1.083,8,N,73(a),G,-1.071,5
-3.198,-1.022,14,N,73(a),H,-0.7274,8
-3.255,-1.073,13,N,73(a),I,-0.9678,11
-3.286,-1.102,14,N,73(a),K,-1.114,8
-3.172,-0.9992,12,N,73(a),L,-1.092,11
-3.672,-1.506,11,N,73(a),M,-1.74,8
0,0,,N,73(a),N,0,
-8.483,-5.873,8,N,73(a),P,-6,5
-3.344,-1.157,8,N,73(a),Q,-1.254,6
-2.977,-0.8398,10,N,73(a),R,-1.196,5
-3.033,-0.8836,11,N,73(a),S,-0.839,5
-3.509,-1.325,11,N,73(a),T,-1.373,8
-3.541,-1.359,6,N,73(a),V,-1.593,4
-3.01,-0.8659,8,N,73(a),W,-0.5902,7
-3.499,-1.314,9,N,73(a),Y,-1.814,5
-2.139,-0.3685,3,M,74(a),-,,
-1.595,-0.1991,6,M,74(a),A,-0.4844,3
-1.581,-0.1957,9,M,74(a),C,-0.1571,8
-3.776,-1.63,8,M,74(a),D,-1.714,6
-3.79,-1.647,6,M,74(a),E,-1.462,2
-2.53,-0.5504,9,M,74(a),F,-0.9103,6
-2.83,-0.734,4,M,74(a),G,-0.6728,2
-3.164,-0.9918,6,M,74(a),H,-1.022,5
-1.244,-0.1267,32,M,74(a),I,-0.1045,7
-4.088,-2.034,8,M,74(a),K,-1.837,6
-1.201,-0.1193,15,M,74(a),L,-0.1811,9
0,0,,M,74(a),M,0,
-0.5696,-0.03997,4,M,74(a),N,0.5246,3
-10.46,-5.993,5,M,74(a),P,-6,2
-2.386,-0.4763,11,M,74(a),Q,-0.8488,8
-3.976,-1.882,6,M,74(a),R,-2.086,4
-2.225,-0.4037,6,M,74(a),S,-0.5377,4
-0.003885,-0.0002043,15,M,74(a),T,0.5011,8
0.1274,0.006275,12,M,74(a),V,0.1444,6
-3.626,-1.453,3,M,74(a),W,-1.306,2
-3.273,-1.09,10,M,74(a),Y,-0.8061,8
-6.451,-5.089,4,E,75(a),*,,
-2.018,-0.3236,3,E,75(a),-,,
0.3447,0.01533,5,E,75(a),A,0.3694,2
-1.512,-0.1797,11,E,75(a),C,-0.2294,7
-1.653,-0.2134,8,E,75(a),D,-0.2463,5
0,0,,E,75(a),E,0,
0.8069,0.02917,5,E,75(a),F,,
-0.8035,-0.06397,9,E,75(a),G,0.4037,2
-1.172,-0.1146,11,E,75(a),H,-0.03503,7
0.1188,0.005879,5,E,75(a),I,0.4845,2
-1.273,-0.1318,53,E,75(a),K,-0.1109,3
1.027,0.03383,2,E,75(a),L,0.8222,2
0.7165,0.02694,1,E,75(a),M,0.4252,1
-1.039,-0.0943,6,E,75(a),N,-0.1099,4
-3.877,-1.755,9,E,75(a),P,-1.895,5
-0.4235,-0.02752,14,E,75(a),Q,0.4868,7
-1.124,-0.107,7,E,75(a),R,0.189,5
-4.901,-3.232,6,E,75(a),S,-3.417,4
-9.079,-5.935,12,E,75(a),T,-6,10
2.286,0.04746,14,E,75(a),V,-0.1524,10
-0.8713,-0.07199,10,E,75(a),W,0.05829,7
0.5133,0.02112,5,E,75(a),Y,-0.1557,4
-2.349,-0.4589,3,I,76(a),-,,
-2.217,-0.4002,4,I,76(a),A,-1.078,3
-1.787,-0.2497,8,I,76(a),C,0.09819,6
-1.93,-0.2936,4,I,76(a),D,-0.07518,1
0.3815,0.01667,5,I,76(a),E,-0.06359,5
-2.742,-0.6755,8,I,76(a),F,-0.8518,3
-2.031,-0.328,9,I,76(a),G,-0.7656,3
-1.173,-0.1148,1,I,76(a),H,,
0,0,,I,76(a),I,0,
-1.265,-0.1305,9,I,76(a),K,0.08994,6
-0.3006,-0.01832,7,I,76(a),L,0.1847,4
-1.844,-0.2665,9,I,76(a),M,-0.1713,4
0.4988,0.02066,16,I,76(a),N,-0.7157,8
-4.298,-2.329,13,I,76(a),P,-2.242,11
-0.7943,-0.06292,6,I,76(a),Q,-0.3303,3
-1.167,-0.1138,10,I,76(a),R,-0.8536,6
-1.209,-0.1208,7,I,76(a),S,0.1068,4
0.5236,0.02144,6,I,76(a),T,0.296,4
0.02943,0.001521,7,I,76(a),V,0.01813,3
-2.162,-0.3776,8,I,76(a),W,-0.5952,5
-0.8701,-0.07185,9,I,76(a),Y,-0.8611,7
-0.4844,-0.03249,2,M,77(a),-,,
-0.732,-0.05605,4,M,77(a),A,-0.05638,3
-2.757,-0.6854,9,M,77(a),C,-0.7557,4
-4.139,-2.103,9,M,77(a),D,-2.123,8
-3.872,-1.748,6,M,77(a),E,-1.988,4
-3.032,-0.8827,9,M,77(a),F,-0.6946,6
-3.398,-1.21,12,M,77(a),G,-1.101,6
-1.083,-0.1007,14,M,77(a),H,-0.6729,10
-1.462,-0.1689,61,M,77(a),I,-0.6186,10
-1.581,-0.1958,12,M,77(a),K,-0.6159,6
-2.725,-0.6646,18,M,77(a),L,-0.4389,7
0,0,,M,77(a),M,0,
-3.23,-1.05,12,M,77(a),N,-0.9978,7
-5.467,-4.045,8,M,77(a),P,-4.095,5
-3.031,-0.8821,11,M,77(a),Q,-0.7516,7
-2.2,-0.3933,6,M,77(a),R,-0.4577,2
-2.628,-0.6053,8,M,77(a),S,-0.6608,7
-2.498,-0.5333,8,M,77(a),T,-0.9658,2
-0.8021,-0.0638,16,M,77(a),V,-0.1372,7
-2.737,-0.6721,5,M,77(a),W,-0.8115,4
-3.235,-1.055,8,M,77(a),Y,-1.03,6
0.08533,0.004291,2,M,78(a),-,,
-1.998,-0.3167,7,M,78(a),A,-0.3283,3
-0.7011,-0.05279,6,M,78(a),C,-0.2249,3
-2.619,-0.6004,9,M,78(a),D,-0.1757,6
-2.776,-0.6979,9,M,78(a),E,-0.3331,5
-2.435,-0.5008,15,M,78(a),F,-0.2081,7
-0.0242,-0.001284,7,M,78(a),G,-0.6787,6
-2.482,-0.5244,7,M,78(a),H,-0.5009,6
-0.04101,-0.002193,176,M,78(a),I,-0.02542,21
0.7297,0.02727,6,M,78(a),K,-0.5888,2
-0.6441,-0.04703,14,M,78(a),L,0.07152,9
0,0,,M,78(a),M,0,
-1.468,-0.1701,4,M,78(a),N,-2.687,2
-4.956,-3.316,7,M,78(a),P,-3.278,3
-0.01197,-0.0006309,10,M,78(a),Q,-0.02915,6
-1.36,-0.1481,8,M,78(a),R,-0.008,4
-1.239,-0.1258,6,M,78(a),S,-0.677,2
-0.09933,-0.005469,14,M,78(a),T,-0.2465,8
-0.9571,-0.08292,12,M,78(a),V,0.05692,8
-1.585,-0.1968,8,M,78(a),W,-0.2631,4
-1.441,-0.1644,6,M,78(a),Y,-0.01137,6
-7.369,-5.607,2,K,79(a),*,,
-0.1027,-0.005666,2,K,79(a),-,,
1.284,0.03814,8,K,79(a),A,-0.04989,6
-0.3832,-0.02438,10,K,79(a),C,0.1264,5
0.3623,0.01597,12,K,79(a),D,-0.0642,7
0.2663,0.01228,13,K,79(a),E,-0.4667,7
-1.844,-0.2666,4,K,79(a),F,-0.2431,4
-2.471,-0.5187,3,K,79(a),G,-0.3025,2
-0.7438,-0.05731,10,K,79(a),H,0.3062,4
-2.276,-0.4257,13,K,79(a),I,-0.489,9
0,0,,K,79(a),K,0,
-1.199,-0.1191,7,K,79(a),L,-0.2064,5
-0.473,-0.03154,7,K,79(a),M,-0.2028,4
-1.478,-0.1723,14,K,79(a),N,-0.2613,11
-3.212,-1.035,14,K,79(a),P,-0.9372,8
0.1489,0.00726,6,K,79(a),Q,0.1144,1
0.8413,0.02997,10,K,79(a),R,-0.1108,5
-1.105,-0.104,9,K,79(a),S,0.2475,7
-0.02724,-0.001447,14,K,79(a),T,0.004578,7
-2.234,-0.4075,8,K,79(a),V,-0.5167,4
-1.688,-0.2225,10,K,79(a),W,-0.8671,7
-1.958,-0.3031,8,K,79(a),Y,-0.1813,5
-7.267,-5.566,4,R,80(a),*,,
-2.572,-0.5734,2,R,80(a),-,,
-3.592,-1.415,11,R,80(a),A,-1.472,8
-4.269,-2.287,10,R,80(a),C,-2.201,6
-4.511,-2.644,8,R,80(a),D,-2.646,5
-4.425,-2.516,6,R,80(a),E,-2.157,2
-3.957,-1.859,18,R,80(a),F,-1.879,14
-4.824,-3.117,9,R,80(a),G,-2.986,4
-4.11,-2.064,16,R,80(a),H,-2.258,8
-3.277,-1.093,12,R,80(a),I,-1.167,5
-3.16,-0.9887,40,R,80(a),K,-1.117,6
-3.866,-1.741,16,R,80(a),L,-1.395,9
-3.721,-1.563,6,R,80(a),M,-1.653,3
-3.57,-1.39,11,R,80(a),N,-1.644,7
-5.515,-4.107,14,R,80(a),P,-4.155,6
-3.838,-1.705,3,R,80(a),Q,-1.456,3
0,0,,R,80(a),R,0,
-4.181,-2.162,7,R,80(a),S,-2.192,3
-3.998,-1.912,15,R,80(a),T,-2.129,10
-3.566,-1.386,8,R,80(a),V,-1.21,5
-4.008,-1.926,11,R,80(a),W,-2.274,8
-3.912,-1.8,8,R,80(a),Y,-1.573,6
-3.256,-1.074,2,S,81(a),-,,
-1.096,-0.1026,7,S,81(a),A,-0.142,5
0.8883,0.03102,2,S,81(a),C,0.3176,2
-1.632,-0.2082,5,S,81(a),D,0.1807,2
-3.097,-0.9356,8,S,81(a),E,-0.8657,7
-2.993,-0.8525,12,S,81(a),F,-0.6709,5
0.2175,0.01026,11,S,81(a),G,-0.0243,7
-2.969,-0.8341,8,S,81(a),H,-0.8559,5
-2.732,-0.6688,7,S,81(a),I,-0.5113,5
-2.626,-0.6044,8,S,81(a),K,-0.4161,3
-1.134,-0.1085,10,S,81(a),L,-0.284,5
1.262,0.03782,7,S,81(a),M,0.06295,2
-2.206,-0.3956,8,S,81(a),N,0.05232,7
-3.478,-1.292,6,S,81(a),P,-1.315,5
-1.832,-0.2629,5,S,81(a),Q,-0.7663,2
-0.9407,-0.08077,12,S,81(a),R,0.3397,6
0,0,,S,81(a),S,0,
1.205,0.03694,10,S,81(a),T,0.1566,6
1.578,0.04189,10,S,81(a),V,-0.2035,6
-2.849,-0.7468,6,S,81(a),W,-0.6842,5
-1.284,-0.1339,10,S,81(a),Y,-0.3905,5
-2.507,-0.5378,2,N,82(a),-,,
0.7721,0.02833,8,N,82(a),A,0.04435,7
2.399,0.04804,6,N,82(a),C,-0.2089,2
-0.3861,-0.0246,10,N,82(a),D,-0.4072,4
-1.227,-0.1238,11,N,82(a),E,-0.5319,7
-0.4547,-0.03003,8,N,82(a),F,-0.1244,6
-0.9801,-0.08602,10,N,82(a),G,0.2011,7
1.46,0.04052,20,N,82(a),H,-0.3218,9
-0.5496,-0.03816,6,N,82(a),I,-0.05291,1
0.5412,0.02199,6,N,82(a),K,1.111,3
-1.048,-0.0956,7,N,82(a),L,-0.1607,4
1.173,0.03642,2,N,82(a),M,0.5117,2
0,0,,N,82(a),N,0,
-1.565,-0.1919,10,N,82(a),P,-0.5881,7
-1.608,-0.2024,7,N,82(a),Q,-0.6332,3
-0.4514,-0.02976,7,N,82(a),R,0.03696,3
-0.3708,-0.02344,6,N,82(a),S,0.1656,5
-1.811,-0.2569,9,N,82(a),T,-0.2851,5
0.5508,0.02228,11,N,82(a),V,-0.01992,7
-1.894,-0.2821,7,N,82(a),W,-0.122,3
-1.462,-0.1688,15,N,82(a),Y,-0.261,4
-9.584,-5.965,2,R,83(a),*,,
-0.3091,-0.01893,1,R,83(a),-,,
-0.8952,-0.07494,5,R,83(a),A,0.6471,2
-2.035,-0.3294,7,R,83(a),C,0.2768,3
-1.418,-0.1596,10,R,83(a),D,-0.08411,9
-1.169,-0.1141,6,R,83(a),E,0.1502,3
-0.3192,-0.01965,2,R,83(a),F,,
-0.5092,-0.0346,15,R,83(a),G,0.1691,5
1.274,0.038,11,R,83(a),H,0.05618,8
-2.237,-0.4088,10,R,83(a),I,-0.3803,3
-0.1372,-0.007697,29,R,83(a),K,0.3211,6
0.511,0.02105,7,R,83(a),L,-0.08604,6
-2.039,-0.331,2,R,83(a),M,,
-1.05,-0.09589,4,R,83(a),N,1.11,1
-3.364,-1.177,8,R,83(a),P,-1.28,6
-1.243,-0.1265,7,R,83(a),Q,-0.05841,3
0,0,,R,83(a),R,0,
-0.8244,-0.06638,10,R,83(a),S,0.09841,5
-1.27,-0.1313,7,R,83(a),T,0.1387,4
0.3547,0.0157,7,R,83(a),V,-0.5512,3
2.146,0.04665,7,R,83(a),W,0.132,3
-1.446,-0.1656,8,R,83(a),Y,-0.1668,6
-0.3221,-0.01986,1,S,84(a),-,,
-1.712,-0.2288,4,S,84(a),A,-0.2423,3
0.112,0.005559,12,S,84(a),C,0.2018,7
0.05409,0.002761,2,S,84(a),D,-0.8601,1
0.1809,0.008687,3,S,84(a),E,-0.1547,3
-0.3369,-0.02092,10,S,84(a),F,-0.3061,5
-0.6394,-0.04657,3,S,84(a),G,-0.2951,1
-2.096,-0.352,2,S,84(a),H,0.383,1
-0.8252,-0.06648,21,S,84(a),I,0.003799,11
-0.5312,-0.03652,12,S,84(a),K,0.06302,9
-0.5001,-0.03382,7,S,84(a),L,0.04335,4
-0.4812,-0.03222,10,S,84(a),M,-0.02419,7
-1.915,-0.2889,10,S,84(a),N,-0.3213,5
-3.53,-1.348,11,S,84(a),P,-1.188,7
0.2748,0.01262,7,S,84(a),Q,0.08034,6
-0.2873,-0.01739,6,S,84(a),R,0.0694,2
0,0,,S,84(a),S,0,
2.884,0.0499,15,S,84(a),T,-0.2751,14
-2.794,-0.7095,4,S,84(a),V,-0.3739,3
-2.45,-0.5082,6,S,84(a),W,-0.2949,3
-1.445,-0.1653,11,S,84(a),Y,-0.1825,6
-6.919,-5.4,4,Q,85(a),*,-2.838,2
-1.885,-0.2792,2,Q,85(a),-,,
-0.5324,-0.03663,4,Q,85(a),A,-0.2681,1
-0.857,-0.07025,2,Q,85(a),E,-0.2289,2
0.5556,0.02243,2,Q,85(a),F,,
-0.3506,-0.02193,1,Q,85(a),G,,
-1.334,-0.1431,25,Q,85(a),H,0.1888,10
-0.1644,-0.009352,9,Q,85(a),I,0.172,6
0.6798,0.02597,5,Q,85(a),K,-0.1852,3
0.2001,0.00952,5,Q,85(a),L,-0.1387,4
-0.4119,-0.0266,13,Q,85(a),M,-0.03488,9
-0.1637,-0.009308,3,Q,85(a),N,-0.04774,3
2.476,0.0484,4,Q,85(a),P,-0.0613,2
0,0,,Q,85(a),Q,0,
1.077,0.03476,4,Q,85(a),R,0.3748,2
-2.44,-0.503,7,Q,85(a),S,-0.4003,3
-2.745,-0.6774,5,Q,85(a),T,0.1616,1
-2.047,-0.3338,2,Q,85(a),V,-0.4197,2
-3.576,-1.397,3,Q,85(a),W,-1.505,1
-1.536,-0.1852,2,Q,85(a),Y,0.7289,1
-11.71,-6.007,5,G,86(a),*,,
-1.938,-0.2964,2,G,86(a),-,,
-1.726,-0.2327,11,G,86(a),A,0.09651,7
-0.8778,-0.07279,6,G,86(a),C,0.5583,3
-0.4373,-0.02862,4,G,86(a),D,-0.06527,4
-1.638,-0.2097,28,G,86(a),E,-0.2946,6
-1.611,-0.2029,16,G,86(a),F,-0.2793,8
0,0,,G,86(a),G,0,
-1.09,-0.1018,9,G,86(a),H,0.2471,6
-0.627,-0.04536,4,G,86(a),I,0.1202,3
-0.9113,-0.07698,5,G,86(a),K,0.6938,2
-2.474,-0.5206,7,G,86(a),L,-0.5846,5
-0.5616,-0.03924,7,G,86(a),M,0.2641,6
-0.1824,-0.01047,10,G,86(a),N,-0.1056,8
-0.1579,-0.008951,8,G,86(a),P,0.1868,6
-1.547,-0.1879,8,G,86(a),Q,-0.2301,3
-1.916,-0.2892,21,G,86(a),R,-0.1547,10
0.03302,0.001704,9,G,86(a),S,0.2513,8
1.459,0.04051,8,G,86(a),T,0.002426,5
-0.9975,-0.0884,14,G,86(a),V,0.007486,5
1.847,0.04448,5,G,86(a),W,-0.3527,2
-2.141,-0.3693,7,G,86(a),Y,-0.1596,2
-0.1678,-0.009561,3,T,87(a),-,,
-0.07864,-0.004286,19,T,87(a),A,0.1135,7
0.8155,0.02937,9,T,87(a),C,-0.008295,8
-0.06567,-0.003556,8,T,87(a),D,0.07364,6
1.32,0.03866,2,T,87(a),E,0.6804,2
-0.3598,-0.02262,12,T,87(a),F,0.4186,8
-1.048,-0.09555,7,T,87(a),G,-0.0075,4
-1.866,-0.2732,11,T,87(a),H,-0.2289,6
-0.2528,-0.01504,20,T,87(a),I,0.2671,9
0.7659,0.02818,13,T,87(a),K,-0.09754,10
2.299,0.04753,6,T,87(a),L,1.301,1
-0.02201,-0.001167,9,T,87(a),M,0.1639,5
1.86,0.04459,14,T,87(a),N,0.3137,4
-1.98,-0.3103,14,T,87(a),P,-0.1898,11
0.63,0.0246,7,T,87(a),Q,0.2182,6
1.313,0.03856,9,T,87(a),R,-0.1004,7
-1.417,-0.1594,8,T,87(a),S,-0.1404,5
0,0,,T,87(a),T,0,
-0.9252,-0.07876,11,T,87(a),W,0.01385,8
-1.566,-0.1921,7,T,87(a),Y,0.02594,3
-0.6107,-0.0438,3,I,88(a),-,,
-0.08829,-0.004834,5,I,88(a),A,0.2432,4
-1.089,-0.1017,5,I,88(a),C,-0.06621,2
-2.034,-0.3293,6,I,88(a),D,-0.3556,5
-0.7574,-0.05879,6,I,88(a),E,-0.06087,6
-1.938,-0.2963,11,I,88(a),F,0.09767,6
-1.86,-0.2714,5,I,88(a),G,-0.5042,3
-0.2989,-0.01821,11,I,88(a),H,0.1269,3
0,0,,I,88(a),I,0,
-0.4259,-0.02771,13,I,88(a),K,-0.1004,7
-0.8472,-0.06908,12,I,88(a),L,-0.03457,10
-1.114,-0.1054,14,I,88(a),M,-0.2047,7
-0.8711,-0.07197,16,I,88(a),N,0.2722,8
-1.078,-0.09994,7,I,88(a),P,-0.3086,5
-1.998,-0.3164,10,I,88(a),Q,-0.4561,8
-1.542,-0.1866,11,I,88(a),R,-0.1535,5
0.06601,0.00335,10,I,88(a),S,-0.2547,2
0.1533,0.007459,7,I,88(a),T,-0.1304,5
0.1107,0.005499,23,I,88(a),V,0.1288,8
-1.892,-0.2815,12,I,88(a),W,0.04334,9
1.626,0.0424,12,I,88(a),Y,0.1289,6
0.1522,0.007411,3,A,89(a),-,,
0,0,,A,89(a),A,0,
1.07,0.03464,8,A,89(a),C,-0.3685,4
1.212,0.03705,14,A,89(a),D,0.1642,6
-2.14,-0.369,7,A,89(a),E,-0.4213,6
0.251,0.01166,10,A,89(a),F,0.0721,8
-1.11,-0.1048,13,A,89(a),G,-0.1196,7
-2.42,-0.493,6,A,89(a),H,-0.5365,5
-0.7254,-0.05534,8,A,89(a),I,0.2881,3
-0.8783,-0.07286,12,A,89(a),K,0.06649,9
-0.8899,-0.07429,9,A,89(a),L,0.1344,5
-0.1954,-0.01129,11,A,89(a),M,-0.109,5
-0.7497,-0.05796,9,A,89(a),N,-0.4713,7
-3.797,-1.655,9,A,89(a),P,-1.556,5
2.684,0.04924,10,A,89(a),Q,0.1903,7
-1.959,-0.3034,10,A,89(a),R,-0.01392,6
-1.343,-0.1449,17,A,89(a),S,-0.3195,6
-0.6533,-0.04794,18,A,89(a),T,-0.1488,7
0.1748,0.00842,18,A,89(a),V,0.0502,8
2.643,0.04909,10,A,89(a),W,0.08019,7
-2.027,-0.3268,5,A,89(a),Y,-0.4143,2
-0.2967,-0.01805,3,P,90(a),-,,
0.473,0.01982,8,P,90(a),A,0.0942,4
2.633,0.04905,10,P,90(a),C,0.1398,7
-1.06,-0.0973,8,P,90(a),D,0.1985,6
-0.527,-0.03615,15,P,90(a),E,-0.1703,11
0.163,0.007894,10,P,90(a),F,0.746,7
-0.9176,-0.07778,10,P,90(a),G,0.1875,6
-0.01877,-0.0009931,15,P,90(a),H,0.06483,8
0.22,0.01037,16,P,90(a),I,-0.1854,11
1.534,0.0414,7,P,90(a),K,0.4035,2
0.7122,0.02682,19,P,90(a),L,0.4804,9
0.9771,0.03287,4,P,90(a),M,0.2382,4
0.9258,0.03182,10,P,90(a),N,0.1143,9
0,0,,P,90(a),P,0,
-0.5759,-0.04055,10,P,90(a),Q,-0.0919,7
0.746,0.02769,8,P,90(a),R,0.6292,5
-1.41,-0.1581,12,P,90(a),S,-0.1906,6
-1.304,-0.1376,9,P,90(a),T,-0.05345,4
-0.8055,-0.06419,13,P,90(a),V,0.1398,9
0.1292,0.006363,6,P,90(a),W,-1.484,2
-0.6283,-0.04549,6,P,90(a),Y,-0.276,4
-5.001,-3.383,4,P,91(a),-,,
2.185,0.04689,11,P,91(a),A,0.2566,6
-2.072,-0.3429,7,P,91(a),C,-0.3673,3
-4.588,-2.76,10,P,91(a),D,-2.871,7
-3.981,-1.89,10,P,91(a),E,-1.854,7
-3.921,-1.811,6,P,91(a),F,-1.382,3
-1.476,-0.1718,8,P,91(a),G,-0.1395,4
-3.99,-1.902,10,P,91(a),H,-1.758,4
-3.7,-1.538,11,P,91(a),I,-1.701,9
-4.416,-2.502,5,P,91(a),K,-2.34,4
-4.323,-2.367,12,P,91(a),L,-2.453,5
-3.556,-1.375,10,P,91(a),M,-0.9942,5
-4.344,-2.396,7,P,91(a),N,-2.675,5
0,0,,P,91(a),P,0,
-3.494,-1.309,8,P,91(a),Q,-1.55,2
-4.302,-2.336,13,P,91(a),R,-2.239,6
-3.435,-1.248,11,P,91(a),S,-1.003,5
-3.446,-1.259,16,P,91(a),T,-1.468,10
-3.049,-0.8962,15,P,91(a),V,-0.7465,10
-4.757,-3.015,8,P,91(a),W,-3.127,4
-4.241,-2.248,13,P,91(a),Y,-2.126,7
-1.092,-0.102,1,E,92(a),*,,
-5.34,-3.872,4,E,92(a),-,,
-0.6468,-0.0473,8,E,92(a),A,0.5504,3
1.241,0.0375,10,E,92(a),C,0.3,8
1.114,0.03541,11,E,92(a),D,0.1699,4
0,0,,E,92(a),E,0,
-2.6,-0.5895,5,E,92(a),F,-0.55,3
0.1058,0.005269,22,E,92(a),G,0.1783,11
-0.3881,-0.02476,12,E,92(a),H,-0.02991,7
-0.07624,-0.00415,12,E,92(a),I,-0.4565,4
0.9134,0.03156,7,E,92(a),K,-0.3122,3
0.2744,0.01261,17,E,92(a),L,0.1854,14
8.243,0.05287,11,E,92(a),M,0.09615,6
0.6058,0.02391,7,E,92(a),N,0.181,2
-3.274,-1.091,8,E,92(a),P,-1.025,2
1.349,0.03907,8,E,92(a),Q,0.5363,5
0.1585,0.007694,8,E,92(a),R,-0.00863,6
2.099,0.04635,1,E,92(a),S,,
-0.79,-0.06242,11,E,92(a),T,0.1984,7
1.601,0.04214,11,E,92(a),V,-0.04941,7
-0.7944,-0.06292,9,E,92(a),W,0.2303,8
-1.21,-0.1208,8,E,92(a),Y,-0.1989,5
-0.527,-0.03615,3,V,93(a),-,,
1.948,0.04528,11,V,93(a),A,0.3254,6
-1.376,-0.1513,13,V,93(a),C,-0.05224,8
-2.293,-0.4332,6,V,93(a),D,-0.2688,4
-2.323,-0.4468,9,V,93(a),E,-0.3357,5
0.5349,0.0218,13,V,93(a),F,-0.147,9
-1.951,-0.3004,10,V,93(a),G,-0.1697,4
-2.346,-0.4576,9,V,93(a),H,-0.2958,5
-0.9274,-0.07904,9,V,93(a),I,0.05602,7
-0.6237,-0.04505,7,V,93(a),K,-0.2073,5
-1.791,-0.251,17,V,93(a),L,-0.3767,12
-0.08853,-0.004848,16,V,93(a),M,-0.06394,8
-0.5628,-0.03935,13,V,93(a),N,-0.06426,10
-0.8139,-0.06516,11,V,93(a),P,0.2727,8
-0.3184,-0.01959,13,V,93(a),Q,-0.1209,7
-1.747,-0.2384,13,V,93(a),R,-0.1378,7
1.077,0.03476,22,V,93(a),S,0.3393,15
0.7518,0.02783,8,V,93(a),T,0.02416,7
0,0,,V,93(a),V,0,
-0.6879,-0.05142,13,V,93(a),W,0.03505,8
-2.036,-0.3298,15,V,93(a),Y,0.2223,11
-0.3845,-0.02448,3,T,94(a),-,,
0.6984,0.02646,16,T,94(a),A,0.02953,8
2.925,0.05002,16,T,94(a),C,0.124,12
1.11,0.03536,10,T,94(a),D,0.18,8
-0.6138,-0.04409,8,T,94(a),E,0.01088,5
2.313,0.04761,15,T,94(a),F,0.1198,8
0.1478,0.007209,8,T,94(a),G,-0.2605,6
-1.488,-0.1746,11,T,94(a),H,-0.4002,8
2.438,0.04823,16,T,94(a),I,-0.4268,3
-0.07675,-0.004179,12,T,94(a),K,-0.009121,9
-1.624,-0.2063,7,T,94(a),L,0.1092,5
-1.013,-0.09054,9,T,94(a),M,0.1323,6
-1.398,-0.1555,11,T,94(a),N,0.07011,6
-3.474,-1.288,11,T,94(a),P,-0.9739,7
-0.06349,-0.003434,8,T,94(a),Q,0.1814,4
0.5344,0.02178,10,T,94(a),R,-0.508,6
0.8475,0.03011,13,T,94(a),S,0.0221,10
0,0,,T,94(a),T,0,
0.105,0.005229,10,T,94(a),V,-0.1059,9
-2.732,-0.6694,9,T,94(a),W,-0.3024,6
0.8659,0.03052,10,T,94(a),Y,0.3647,6
0.007432,0.0003886,4,V,95(a),-,,
-0.3595,-0.02259,19,V,95(a),A,0.004743,13
1.391,0.03964,12,V,95(a),C,0.1356,7
-3.888,-1.769,8,V,95(a),D,-1.633,5
-3.104,-0.941,9,V,95(a),E,-0.4687,4
-1.973,-0.308,14,V,95(a),F,-0.1536,3
-1.303,-0.1372,5,V,95(a),G,0.1299,3
-2.759,-0.6867,15,V,95(a),H,-0.8907,9
-0.4513,-0.02975,16,V,95(a),I,-0.4561,8
-3.744,-1.591,5,V,95(a),K,-1.615,4
0.3018,0.01369,15,V,95(a),L,0.3484,6
-2.463,-0.515,10,V,95(a),M,-0.1522,6
-1.932,-0.2942,3,V,95(a),N,-0.07728,1
-3.223,-1.044,6,V,95(a),P,0.02609,3
-1.574,-0.1942,18,V,95(a),Q,-0.07869,12
-3.389,-1.202,9,V,95(a),R,-0.8907,3
-1.663,-0.216,17,V,95(a),S,0.1104,12
0.002913,0.0001526,15,V,95(a),T,0.1046,10
0,0,,V,95(a),V,0,
-3.799,-1.658,15,V,95(a),W,-1.484,6
-3.518,-1.335,10,V,95(a),Y,-0.9113,4
-0.7513,-0.05813,4,F,96(a),-,,
-0.3246,-0.02004,14,F,96(a),A,0.1984,8
0.07013,0.003552,12,F,96(a),C,0.297,9
-2.446,-0.5061,11,F,96(a),D,-0.5462,4
-1.658,-0.2149,8,F,96(a),E,-0.1045,5
0,0,,F,96(a),F,0,
0.3478,0.01544,13,F,96(a),G,-0.03146,8
-0.7451,-0.05746,13,F,96(a),H,-0.4003,7
0.1558,0.007573,7,F,96(a),I,-0.1526,2
-3.137,-0.9687,14,F,96(a),K,-0.8054,10
0.01942,0.001009,11,F,96(a),L,0.1283,7
1.776,0.04386,6,F,96(a),M,0.6265,2
-1.76,-0.2422,7,F,96(a),N,0.2741,3
-11.91,-6.008,8,F,96(a),P,-6,6
-2.589,-0.583,14,F,96(a),Q,-0.1065,7
-2.029,-0.3276,12,F,96(a),R,-0.7602,8
-1.948,-0.2996,10,F,96(a),S,0.3409,6
-0.2111,-0.01229,9,F,96(a),T,0.2145,6
2.237,0.04719,17,F,96(a),V,0.1057,12
0.172,0.008297,9,F,96(a),W,0.5504,4
1.822,0.04427,11,F,96(a),Y,0.1469,7
-0.3689,-0.0233,4,S,97(a),-,,
1.145,0.03595,4,S,97(a),A,0.0813,2
2.798,0.04963,14,S,97(a),C,0.01168,8
-0.5199,-0.03553,7,S,97(a),D,0.08858,5
1.775,0.04386,11,S,97(a),E,0.0738,6
-0.7443,-0.05738,12,S,97(a),F,0.4716,6
1.084,0.03489,15,S,97(a),G,-0.1345,8
0.6013,0.02378,13,S,97(a),H,-0.1378,6
-1.063,-0.09774,13,S,97(a),I,0.05297,3
1.076,0.03475,8,S,97(a),K,0.16,5
-0.4428,-0.02906,9,S,97(a),L,-0.2661,6
-1.225,-0.1235,10,S,97(a),M,0.2268,8
-1.901,-0.2843,12,S,97(a),N,0.06976,5
0.3636,0.01602,8,S,97(a),P,-0.5854,6
-1.51,-0.1793,9,S,97(a),Q,-0.2528,6
-0.6697,-0.04957,14,S,97(a),R,0.3316,8
0,0,,S,97(a),S,0,
-0.1558,-0.008826,9,S,97(a),T,-0.2775,5
0.8659,0.03052,7,S,97(a),V,0.08575,5
-0.8784,-0.07286,3,S,97(a),W,0.6274,2
1.298,0.03834,11,S,97(a),Y,0.1144,9
-8.517,-5.878,8,E,98(a),*,,
0.417,0.01793,4,E,98(a),-,,
0.7288,0.02725,10,E,98(a),A,0.08457,6
1.503,0.04104,16,E,98(a),C,0.3006,9
-2.115,-0.3595,23,E,98(a),D,-0.3726,9
0,0,,E,98(a),E,0,
-1.174,-0.1149,11,E,98(a),F,0.04415,4
-1.392,-0.1545,10,E,98(a),G,-0.1628,5
2.503,0.04852,8,E,98(a),H,-0.04052,3
-1.009,-0.09006,6,E,98(a),I,0.1072,5
0.03737,0.001924,31,E,98(a),K,0.5519,11
-1.045,-0.09514,8,E,98(a),L,-0.003625,4
-2.083,-0.3472,9,E,98(a),M,-0.4508,8
-0.3567,-0.02239,12,E,98(a),N,0.3203,5
-1.685,-0.2217,10,E,98(a),P,-0.2226,7
0.8352,0.02983,14,E,98(a),Q,0.00615,10
2.6,0.04892,12,E,98(a),R,0.4598,7
0.00192,0.0001009,12,E,98(a),S,0.00862,6
0.9433,0.03218,13,E,98(a),T,-0.06285,11
-0.4682,-0.03114,12,E,98(a),V,-0.2942,5
0.7154,0.02691,11,E,98(a),W,-0.4118,8
-1.645,-0.2115,13,E,98(a),Y,-0.9145,8
-0.7907,-0.06251,4,D,99(a),-,,
-0.7472,-0.05768,15,D,99(a),A,-0.1463,12
0.06204,0.003155,14,D,99(a),C,0.1205,9
0,0,,D,99(a),D,0,
1.382,0.03951,10,D,99(a),E,0.3626,7
-1.949,-0.2999,9,D,99(a),F,0.0289,4
-0.5521,-0.03838,11,D,99(a),G,0.2599,7
4.033,0.05194,12,D,99(a),H,0.07895,6
-0.2334,-0.01375,10,D,99(a),I,0.0057,6
0.3641,0.01604,10,D,99(a),K,0.3945,8
-0.07946,-0.004332,10,D,99(a),L,0.3545,5
0.05013,0.002564,10,D,99(a),M,-0.1227,6
0.158,0.007671,17,D,99(a),N,-0.3058,5
1.297,0.03834,5,D,99(a),P,0.4446,5
0.2586,0.01197,9,D,99(a),Q,-0.0247,4
0.5153,0.02118,11,D,99(a),R,0.1964,5
0.08298,0.004178,8,D,99(a),S,0.48,6
0.6363,0.02478,6,D,99(a),T,0.01668,4
-1.044,-0.09502,11,D,99(a),V,-0.1212,6
-1.219,-0.1224,12,D,99(a),W,-0.1092,8
-0.3712,-0.02347,19,D,99(a),Y,-0.1777,10
-0.5388,-0.0372,4,P,100(a),-,,
1.034,0.03398,11,P,100(a),A,0.118,8
0.09706,0.004853,7,P,100(a),C,0.2192,3
-1.466,-0.1697,16,P,100(a),D,0.1616,11
-0.2463,-0.01461,8,P,100(a),E,-0.2278,4
1.587,0.04199,8,P,100(a),F,0.22,8
-1.567,-0.1924,7,P,100(a),G,-0.1721,4
0.6154,0.02419,8,P,100(a),H,0.1144,6
0.4727,0.01981,8,P,100(a),I,0.6072,5
-1.664,-0.2163,7,P,100(a),K,-0.04192,5
-0.991,-0.0875,9,P,100(a),L,0.1864,1
0.1606,0.00779,6,P,100(a),M,0.1937,4
-0.3398,-0.02113,8,P,100(a),N,0.1033,6
0,0,,P,100(a),P,0,
-0.05418,-0.002917,8,P,100(a),Q,0.04046,5
0.4248,0.0182,15,P,100(a),R,0.2077,8
0.0748,0.00378,20,P,100(a),S,-0.02543,6
-0.2786,-0.01679,13,P,100(a),T,0.329,7
0.7194,0.02701,7,P,100(a),V,-0.2872,6
0.9548,0.03242,7,P,100(a),W,0.218,6
-0.955,-0.08265,5,P,100(a),Y,0.2596,2
-0.4645,-0.03083,4,V,101(a),-,,
2.121,0.04649,10,V,101(a),A,-0.01099,8
-1.343,-0.1448,11,V,101(a),C,-0.1153,7
-0.4897,-0.03294,11,V,101(a),D,-0.006,8
1.289,0.03822,8,V,101(a),E,0.323,5
-0.6992,-0.0526,10,V,101(a),F,0.3541,4
1.832,0.04435,14,V,101(a),G,0.573,9
0.7956,0.0289,11,V,101(a),H,0.6925,6
0.02855,0.001476,9,V,101(a),I,-0.2863,5
0.7422,0.02759,3,V,101(a),K,0.05432,3
0.1898,0.009074,18,V,101(a),L,-0.3316,6
-1.286,-0.1342,15,V,101(a),M,-0.2465,6
1.771,0.04382,8,V,101(a),N,-0.4125,6
-0.2825,-0.01706,10,V,101(a),P,0.2153,5
1.175,0.03646,12,V,101(a),Q,0.232,11
-0.9413,-0.08085,6,V,101(a),R,0.4074,4
-0.2768,-0.01667,9,V,101(a),S,0.33,6
2.396,0.04803,12,V,101(a),T,-0.2726,9
0,0,,V,101(a),V,0,
-1.305,-0.1377,11,V,101(a),W,-0.1263,10
0.05286,0.0027,8,V,101(a),Y,-0.1417,6
-3.728,-1.572,3,E,102(a),*,,
-0.3026,-0.01847,3,E,102(a),-,,
0.6009,0.02377,8,E,102(a),A,0.04049,5
0.6972,0.02643,8,E,102(a),C,-0.2253,7
-2.487,-0.527,6,E,102(a),D,-0.3074,2
0,0,,E,102(a),E,0,
-0.731,-0.05594,7,E,102(a),F,-0.2559,7
-1.098,-0.103,15,E,102(a),G,-0.2445,9
1.764,0.04375,12,E,102(a),H,0.4728,8
0.5754,0.02302,17,E,102(a),I,0.2434,13
0.495,0.02054,35,E,102(a),K,0.3833,9
0.5705,0.02288,10,E,102(a),L,-0.3114,7
-0.08422,-0.004602,6,E,102(a),M,0.154,4
2.628,0.04903,10,E,102(a),N,0.0284,7
-1.304,-0.1374,8,E,102(a),P,0.188,6
0.9348,0.03201,16,E,102(a),Q,0.2689,11
-0.4738,-0.03161,9,E,102(a),R,0.6019,7
1.733,0.04347,11,E,102(a),S,0.546,6
2.561,0.04876,12,E,102(a),T,0.2747,6
-2.056,-0.3372,15,E,102(a),V,-0.1326,10
1.038,0.03405,9,E,102(a),W,0.1601,6
-0.26,-0.01552,9,E,102(a),Y,0.01602,4
-0.2351,-0.01386,4,L,103(a),-,,
2.477,0.04841,7,L,103(a),A,0.1892,4
1.814,0.04419,8,L,103(a),C,-0.1913,7
0.6086,0.02399,7,L,103(a),D,-0.1292,7
-0.3103,-0.01901,12,L,103(a),E,0.1499,9
-0.4225,-0.02744,9,L,103(a),F,-0.4166,6
-1.075,-0.09952,14,L,103(a),G,0.3353,5
-0.5667,-0.0397,17,L,103(a),H,0.252,9
-1.597,-0.1995,7,L,103(a),I,-0.0729,6
0.5651,0.02271,5,L,103(a),K,0.6108,2
0,0,,L,103(a),L,0,
-0.6532,-0.04793,17,L,103(a),M,0.1503,12
0.5832,0.02325,8,L,103(a),N,0.3555,5
-0.8755,-0.0725,14,L,103(a),P,0.284,4
2.121,0.04649,14,L,103(a),Q,0.078,5
0.488,0.02031,14,L,103(a),R,0.4193,9
-1.299,-0.1366,11,L,103(a),S,0.3473,5
-3.135,-0.9675,2,L,103(a),T,-0.9301,2
-1.043,-0.09488,8,L,103(a),V,-0.1853,4
-1.07,-0.09881,11,L,103(a),W,-0.05745,4
-0.1246,-0.006949,8,L,103(a),Y,-0.03222,4
-9.864,-5.977,5,G,104(a),*,,
-0.7551,-0.05855,3,G,104(a),-,,
0.6942,0.02635,9,G,104(a),A,0.2924,4
-0.3865,-0.02463,11,G,104(a),C,0.401,7
-2.182,-0.3856,9,G,104(a),D,-0.2684,8
-1.438,-0.1638,13,G,104(a),E,-0.2016,6
0.9087,0.03146,17,G,104(a),F,0.1502,12
0,0,,G,104(a),G,0,
0.8543,0.03026,11,G,104(a),H,-0.07642,7
-1.69,-0.2232,12,G,104(a),I,0.4264,9
-1.855,-0.2701,15,G,104(a),K,0.5656,9
-0.4404,-0.02887,4,G,104(a),M,0.01037,1
2.032,0.0459,14,G,104(a),N,0.06663,8
-1.419,-0.1598,7,G,104(a),P,-0.5736,1
-2.566,-0.5701,8,G,104(a),Q,-0.08319,5
-0.7545,-0.05848,22,G,104(a),R,0.3176,6
1.72,0.04335,7,G,104(a),S,0.6718,6
-0.7534,-0.05836,9,G,104(a),T,-0.1295,4
-2.848,-0.7464,7,G,104(a),V,0.09245,2
1.184,0.03659,7,G,104(a),W,-0.2836,6
1.243,0.03753,9,G,104(a),Y,-0.03909,6
0.1185,0.005864,3,D,105(a),-,,
-0.9624,-0.08364,10,D,105(a),A,0.1382,4
1.938,0.04521,11,D,105(a),C,0.8159,7
0,0,,D,105(a),D,0,
1.934,0.04518,11,D,105(a),E,-0.1758,6
1.47,0.04064,7,D,105(a),F,0.3325,5
1.63,0.04245,3,D,105(a),G,0.8154,2
0.8291,0.02969,11,D,105(a),H,0.6564,7
1.27,0.03793,5,D,105(a),I,0.09013,3
1.286,0.03818,17,D,105(a),K,0.4394,12
0.3115,0.01407,6,D,105(a),L,0.6619,3
1.811,0.04418,12,D,105(a),M,0.2626,9
0.6958,0.0264,18,D,105(a),N,0.06172,3
4.115,0.05201,9,D,105(a),P,0.955,5
-0.09565,-0.005257,6,D,105(a),Q,0.6181,5
2.658,0.04915,12,D,105(a),R,0.4775,9
0.9684,0.03269,10,D,105(a),S,0.4742,6
-0.6206,-0.04475,8,D,105(a),T,0.219,6
1.227,0.03727,11,D,105(a),V,0.3443,5
-2.915,-0.7939,11,D,105(a),W,-0.2646,7
-0.7093,-0.05365,9,D,105(a),Y,1.002,2
-0.9855,-0.08675,5,P,106(a),-,,
0.1499,0.007305,7,P,106(a),A,-0.7504,4
0.2442,0.01138,9,P,106(a),C,0.9791,4
0.7241,0.02713,12,P,106(a),D,1.128,6
-0.01624,-0.0008575,6,P,106(a),E,0.7025,3
1.787,0.04396,8,P,106(a),F,0.5678,4
-1.17,-0.1143,11,P,106(a),G,0.1285,8
0.04569,0.002342,21,P,106(a),H,0.9314,12
2.306,0.04757,12,P,106(a),I,0.682,9
1.732,0.04346,10,P,106(a),K,0.7179,8
-0.663,-0.04891,13,P,106(a),L,0.463,9
1.363,0.03926,6,P,106(a),M,0.4259,4
1.062,0.0345,8,P,106(a),N,0.9105,5
0,0,,P,106(a),P,0,
1.426,0.04009,4,P,106(a),Q,0.5236,4
2.057,0.04607,8,P,106(a),R,0.667,7
2.542,0.04868,15,P,106(a),S,0.5729,9
0.691,0.02627,13,P,106(a),T,0.6333,6
1.218,0.03713,11,P,106(a),V,0.2283,2
-0.2402,-0.0142,10,P,106(a),W,-0.2213,7
-0.9194,-0.07801,12,P,106(a),Y,-0.2152,9
-0.5119,-0.03484,3,N,107(a),-,,
-1.131,-0.108,4,N,107(a),A,-0.1526,2
-2.259,-0.4181,7,N,107(a),C,-0.1409,6
-1.097,-0.1028,10,N,107(a),D,-0.1562,4
-2.766,-0.6908,7,N,107(a),E,-0.8278,3
1.733,0.04347,5,N,107(a),F,0.9065,2
0.9118,0.03152,7,N,107(a),G,0.238,5
-0.02184,-0.001157,6,N,107(a),H,0.3338,3
-2.245,-0.412,9,N,107(a),I,-0.8293,4
-0.6213,-0.04481,4,N,107(a),K,0.2977,2
-1.033,-0.09339,13,N,107(a),L,-0.6014,9
-2.313,-0.4424,11,N,107(a),M,-0.3417,6
0,0,,N,107(a),N,0,
-1.898,-0.2833,8,N,107(a),P,-0.2795,7
-0.851,-0.06954,16,N,107(a),Q,-0.1364,9
-0.7338,-0.05624,4,N,107(a),R,0.3311,3
-0.3311,-0.02051,13,N,107(a),S,7.5e-05,6
-0.1846,-0.01061,9,N,107(a),T,-0.1808,8
-2.797,-0.7113,14,N,107(a),V,-0.8178,8
1.548,0.04156,13,N,107(a),W,0.3526,9
0.5132,0.02112,9,N,107(a),Y,0.7859,7
-0.5516,-0.03834,2,I,108(a),-,,
1.981,0.04554,12,I,108(a),A,0.5076,8
0.4442,0.01886,7,I,108(a),C,-0.3176,2
4.526,0.0523,11,I,108(a),D,0.7735,7
-1.837,-0.2646,7,I,108(a),E,0.6876,3
0.2846,0.01301,10,I,108(a),F,0.5514,6
-2.315,-0.4431,9,I,108(a),G,0.5933,3
2.001,0.04568,6,I,108(a),H,1.07,5
0,0,,I,108(a),I,0,
-1.559,-0.1905,12,I,108(a),K,0.6217,7
-0.8834,-0.07348,9,I,108(a),L,-0.6475,3
2.905,0.04996,15,I,108(a),M,0.1646,11
-1.562,-0.1912,11,I,108(a),N,0.9538,8
-3.808,-1.668,12,I,108(a),P,-1.873,8
0.5172,0.02124,12,I,108(a),Q,0.6016,7
-0.774,-0.06063,12,I,108(a),R,0.7586,8
-0.3162,-0.01943,11,I,108(a),S,0.7719,7
2.291,0.04749,9,I,108(a),T,0.4283,6
-0.953,-0.08239,16,I,108(a),V,0.1292,12
2.103,0.04638,7,I,108(a),W,0.9682,4
-0.6657,-0.04917,10,I,108(a),Y,0.1813,6
-0.3496,-0.02186,2,L,109(a),-,,
-0.1242,-0.006923,11,L,109(a),A,-0.4774,4
0.6151,0.02418,13,L,109(a),C,-0.2906,7
-5.096,-3.523,9,L,109(a),D,-3.181,9
-3.848,-1.719,6,L,109(a),E,-2.22,3
-1.334,-0.1432,10,L,109(a),F,0.1613,6
-0.5063,-0.03436,8,L,109(a),G,-0.4454,5
-2.485,-0.5263,12,L,109(a),H,-0.4345,6
-1.596,-0.1992,9,L,109(a),I,-0.7052,5
-3.863,-1.737,10,L,109(a),K,-2.066,6
0,0,,L,109(a),L,0,
-0.5833,-0.04123,9,L,109(a),M,0.07676,6
-2.481,-0.5241,10,L,109(a),N,-0.0621,8
-7.796,-5.742,18,L,109(a),P,-6,4
-2.489,-0.5283,8,L,109(a),Q,-0.4468,5
-5.54,-4.14,13,L,109(a),R,-4.082,8
-2.875,-0.7651,7,L,109(a),S,0.01079,3
-7.719,-5.721,15,L,109(a),T,-6,9
0.4488,0.01901,10,L,109(a),V,0.04492,8
-0.8091,-0.06461,10,L,109(a),W,-1.237,7
-2.89,-0.7757,13,L,109(a),Y,-1.013,9
-0.4085,-0.02633,2,I,110(a),-,,
-1.328,-0.142,13,I,110(a),A,-0.2327,10
-1.191,-0.1178,7,I,110(a),C,0.03409,3
-1.729,-0.2337,5,I,110(a),D,0.2241,2
0.5936,0.02356,15,I,110(a),E,-0.3922,9
-0.9518,-0.08223,12,I,110(a),F,-0.161,7
-3.589,-1.412,5,I,110(a),G,-1.139,3
-0.4162,-0.02693,12,I,110(a),H,-0.07261,3
0,0,,I,110(a),I,0,
-1.621,-0.2054,14,I,110(a),K,-0.5868,7
1.536,0.04142,11,I,110(a),L,0.3017,9
0.04691,0.002404,13,I,110(a),M,-0.247,8
-1.484,-0.1736,13,I,110(a),N,-0.1759,11
-6.827,-5.347,12,I,110(a),P,-4.991,10
-0.6778,-0.0504,16,I,110(a),Q,-0.4259,7
-2.782,-0.7012,11,I,110(a),R,-0.339,6
-1.215,-0.1217,15,I,110(a),S,0.07232,12
-0.3831,-0.02437,10,I,110(a),T,-0.538,5
-0.536,-0.03695,14,I,110(a),V,-0.3225,8
-2.08,-0.346,15,I,110(a),W,-0.04021,10
-1.671,-0.2181,14,I,110(a),Y,-0.143,7
-8.739,-5.904,4,C,111(a),*,-6,1
-0.07141,-0.003877,2,C,111(a),-,,
-0.3829,-0.02436,9,C,111(a),A,0.2795,7
0,0,,C,111(a),C,0,
-8.199,-5.829,11,C,111(a),D,-6,5
-6.101,-4.781,14,C,111(a),E,-4.47,7
-2.215,-0.3994,8,C,111(a),F,-0.06605,4
0.07185,0.003636,17,C,111(a),G,0.0217,13
-4.224,-2.224,7,C,111(a),H,-2.303,7
-2.027,-0.3266,13,C,111(a),I,-0.4234,10
-5.726,-4.373,8,C,111(a),K,-4.493,3
-2.221,-0.4019,10,C,111(a),L,-0.2913,6
0.2007,0.009549,5,C,111(a),M,-0.05418,4
-3.928,-1.821,13,C,111(a),N,-1.504,8
-7.296,-5.578,11,C,111(a),P,-6,7
-3.744,-1.591,14,C,111(a),Q,-1.639,12
-8.437,-5.867,11,C,111(a),R,-6,7
-0.1441,-0.008117,15,C,111(a),S,-0.2076,7
-1.878,-0.277,4,C,111(a),T,-0.2367,3
0.8613,0.03042,10,C,111(a),V,0.1764,9
-4.577,-2.743,11,C,111(a),W,-2.733,10
-3.89,-1.772,31,C,111(a),Y,-1.369,12
-8.818,-5.912,6,Y,112(a),*,-6,2
0.3625,0.01598,1,Y,112(a),-,,
-1.69,-0.2231,15,Y,112(a),A,-0.2071,8
-1.092,-0.1021,12,Y,112(a),C,-0.2716,6
-1.361,-0.1482,10,Y,112(a),D,-0.3625,8
-2.589,-0.5828,2,Y,112(a),E,-0.502,1
1.191,0.03672,11,Y,112(a),F,0.2356,9
-3.172,-0.9993,10,Y,112(a),G,-0.4652,4
-1.815,-0.2579,8,Y,112(a),H,0.2592,3
1.951,0.04531,13,Y,112(a),I,0.449,9
-1.617,-0.2044,16,Y,112(a),K,-0.2369,7
-2.476,-0.5213,9,Y,112(a),L,-0.3445,7
0.4928,0.02047,7,Y,112(a),M,-0.03179,6
-2.134,-0.3666,15,Y,112(a),N,-0.2646,10
-4.575,-2.741,13,Y,112(a),P,-2.678,13
-1.555,-0.1897,9,Y,112(a),Q,-0.1433,7
-2.728,-0.6667,12,Y,112(a),R,-0.636,11
-2.498,-0.5329,8,Y,112(a),S,-0.5424,5
-1.661,-0.2155,4,Y,112(a),T,-0.3636,2
0.9445,0.03221,12,Y,112(a),V,-0.03245,8
-0.4662,-0.03098,11,Y,112(a),W,-0.08697,8
0,0,,Y,112(a),Y,0,
-0.2731,-0.01642,1,V,113(a),-,,
0.1058,0.005269,13,V,113(a),A,-0.204,10
-0.004284,-0.0002245,15,V,113(a),C,-0.4854,9
-3.814,-1.677,16,V,113(a),D,-1.904,10
-2.795,-0.7102,20,V,113(a),E,-0.76,9
-1.725,-0.2323,18,V,113(a),F,0.04511,11
0.4096,0.01767,9,V,113(a),G,-0.008178,6
-3.166,-0.9942,11,V,113(a),H,-1.114,7
-0.2789,-0.01681,20,V,113(a),I,0.1751,7
-3.123,-0.9573,6,V,113(a),K,-0.9759,3
-1.68,-0.2203,12,V,113(a),L,0.1331,5
-0.85,-0.06942,12,V,113(a),M,0.1585,8
-0.9323,-0.07968,17,V,113(a),N,0.02933,12
0.1858,0.008902,7,V,113(a),P,0.448,5
-1.234,-0.1249,9,V,113(a),Q,0.4151,4
-6.14,-4.819,5,V,113(a),R,-5.491,4
-0.5008,-0.03388,7,V,113(a),S,-0.1951,4
-0.3972,-0.02546,14,V,113(a),T,-0.2727,9
0,0,,V,113(a),V,0,
-5.427,-3.991,6,V,113(a),W,-3.817,2
-2.656,-0.6223,10,V,113(a),Y,-0.7153,7
-0.7466,-0.05762,1,D,114(a),-,,
0.7998,0.029,8,D,114(a),A,-0.06028,4
1.126,0.03564,12,D,114(a),C,-0.06221,9
0,0,,D,114(a),D,0,
0.9325,0.03196,6,D,114(a),E,0.1565,3
-0.06186,-0.003343,8,D,114(a),F,-0.3631,6
5.941,0.05274,14,D,114(a),G,-0.4535,6
-0.6618,-0.04879,11,D,114(a),H,-0.1727,9
0.1172,0.005805,5,D,114(a),I,,
-2.136,-0.3674,12,D,114(a),K,-0.3967,8
-0.3689,-0.0233,6,D,114(a),L,0.4206,3
0.5796,0.02315,14,D,114(a),M,0.4176,9
0.002318,0.0001215,40,D,114(a),N,0.1266,7
-2.453,-0.5095,5,D,114(a),P,-0.3681,3
-1.135,-0.1087,7,D,114(a),Q,-0.1621,6
-1.616,-0.2042,5,D,114(a),R,-0.2364,4
-0.224,-0.01314,13,D,114(a),S,0.2551,9
-0.834,-0.06752,7,D,114(a),T,0.2561,3
-0.4305,-0.02807,7,D,114(a),V,-0.665,3
-1.913,-0.2881,9,D,114(a),W,0.03608,6
-0.402,-0.02582,16,D,114(a),Y,-0.6199,4
-7.636,-5.697,4,K,115(a),*,-6,1
0.1689,0.008158,1,K,115(a),-,,
-0.2963,-0.01802,11,K,115(a),A,0.006431,7
-1.024,-0.09213,6,K,115(a),C,0.284,5
1.57,0.0418,10,K,115(a),D,-0.01765,8
-0.7799,-0.06129,20,K,115(a),E,0.2556,10
-3.096,-0.9348,20,K,115(a),F,-0.4403,7
-0.5295,-0.03638,13,K,115(a),G,-0.01865,8
1.071,0.03466,16,K,115(a),H,0.3328,11
-3.445,-1.258,13,K,115(a),I,-1.08,8
0,0,,K,115(a),K,0,
1.502,0.04103,6,K,115(a),L,0.1586,5
-0.108,-0.005972,15,K,115(a),M,-0.2739,9
-0.779,-0.06118,14,K,115(a),N,0.00574,11
-5.272,-3.777,11,K,115(a),P,-3.437,7
-0.5677,-0.03979,8,K,115(a),Q,-0.1004,3
-0.5661,-0.03965,13,K,115(a),R,0.1123,7
1.523,0.04127,12,K,115(a),S,-0.07269,8
-2.977,-0.8398,10,K,115(a),T,-0.4152,6
-2.85,-0.7476,8,K,115(a),V,-0.2131,2
-3.617,-1.443,10,K,115(a),W,-1.214,9
-2.081,-0.3463,13,K,115(a),Y,-0.2046,8
-0.193,-0.01114,1,F,116(a),-,,
-3.166,-0.9941,5,F,116(a),A,-1.14,3
-1.135,-0.1087,12,F,116(a),C,0.03402,9
-5.1,-3.53,10,F,116(a),D,-3.338,9
-4.981,-3.353,12,F,116(a),E,-3.282,9
0,0,,F,116(a),F,0,
-2.816,-0.7246,14,F,116(a),G,-0.3741,8
-2.911,-0.7911,12,F,116(a),H,-0.8316,9
-2.069,-0.3419,9,F,116(a),I,,
-9.226,-5.945,10,F,116(a),K,-6,6
-1.511,-0.1796,17,F,116(a),L,0.03282,11
-2.448,-0.507,6,F,116(a),M,-0.3544,4
-2.776,-0.6976,14,F,116(a),N,-1.028,10
-3.6,-1.424,5,F,116(a),P,-1.306,4
-2.622,-0.602,3,F,116(a),Q,-0.5463,1
-8.3,-5.846,10,F,116(a),R,-6,6
-3.48,-1.294,11,F,116(a),S,-1.117,4
-2.993,-0.8521,6,F,116(a),T,-0.9637,4
-1.681,-0.2208,7,F,116(a),V,0.06792,4
-3.96,-1.862,7,F,116(a),W,-1.819,6
-1.267,-0.1307,11,F,116(a),Y,0.04479,7
-9.141,-5.94,14,W,117(a),*,-6,1
-0.2979,-0.01814,1,W,117(a),-,,
-5.093,-3.52,9,W,117(a),A,-3.161,5
-6.212,-4.886,7,W,117(a),C,-5.066,2
-6.966,-5.425,14,W,117(a),D,-4.792,11
-7.884,-5.763,4,W,117(a),E,-6,2
-2.581,-0.5786,8,W,117(a),F,-0.6389,5
-7.257,-5.562,9,W,117(a),G,-5.772,8
-5.008,-3.393,10,W,117(a),H,-3.167,8
-6.72,-5.281,10,W,117(a),I,-4.575,7
-16.19,-6.012,9,W,117(a),K,-6,5
-6.179,-4.856,14,W,117(a),L,-5.612,8
-6.092,-4.772,10,W,117(a),M,-4.97,5
-5.214,-3.694,6,W,117(a),N,-3.337,3
-10.5,-5.994,10,W,117(a),P,-6,5
-6.524,-5.145,11,W,117(a),Q,-5.427,5
-7.831,-5.75,14,W,117(a),R,-6,7
-5.112,-3.547,5,W,117(a),S,-3.761,3
-5.802,-4.461,10,W,117(a),T,-4.43,9
-6.031,-4.711,10,W,117(a),V,-4.767,7
0,0,,W,117(a),W,0,
-1.874,-0.2757,5,W,117(a),Y,-0.3662,4
0.1904,0.009103,1,P,118(a),-,,
-6.217,-4.891,10,P,118(a),A,-4.971,6
-11.55,-6.006,7,P,118(a),C,-5.314,4
-9.323,-5.952,8,P,118(a),D,-6,4
-7.966,-5.782,11,P,118(a),E,-6,5
-5.768,-4.423,9,P,118(a),F,-4.473,9
-5.912,-4.585,7,P,118(a),G,-5.033,5
-7.463,-5.641,6,P,118(a),H,-6,4
-12.95,-6.011,13,P,118(a),I,-4.935,11
-8.151,-5.82,8,P,118(a),K,-6,5
-6.944,-5.413,9,P,118(a),L,-5.238,5
-5.419,-3.981,6,P,118(a),M,-3.87,3
-7.133,-5.508,13,P,118(a),N,-5.691,9
0,0,,P,118(a),P,0,
-6.403,-5.051,3,P,118(a),Q,,
-8.553,-5.882,9,P,118(a),R,-6,6
-6.207,-4.882,16,P,118(a),S,-4.835,4
-8.707,-5.901,7,P,118(a),T,-6,3
-9.892,-5.978,4,P,118(a),V,-5.694,4
-7.376,-5.609,9,P,118(a),W,-5.197,5
-5.854,-4.521,11,P,118(a),Y,-4.33,5
-0.5551,-0.03866,2,S,119(a),-,,
-0.2692,-0.01615,9,S,119(a),A,-0.7083,6
-0.5073,-0.03444,10,S,119(a),C,-0.2695,4
-2.439,-0.5027,7,S,119(a),D,-0.5208,1
-3.646,-1.476,7,S,119(a),E,-1.314,3
-3.866,-1.741,14,S,119(a),F,-1.754,11
-2.112,-0.3582,17,S,119(a),G,-0.06862,9
-3.992,-1.904,4,S,119(a),H,-1.728,3
-2.071,-0.3427,18,S,119(a),I,0.1225,9
-12.12,-6.009,3,S,119(a),K,-3.847,3
-2.59,-0.5837,4,S,119(a),L,-0.05838,3
-2.845,-0.7445,8,S,119(a),M,-0.6705,7
-0.295,-0.01794,15,S,119(a),N,-0.01492,7
1.578,0.04189,9,S,119(a),P,0.138,6
-1.283,-0.1336,6,S,119(a),Q,-0.1686,5
-16.04,-6.012,9,S,119(a),R,-5.22,6
0,0,,S,119(a),S,0,
-2.444,-0.5053,7,S,119(a),T,-0.2883,6
-2.097,-0.3524,11,S,119(a),V,-0.2341,7
-4.683,-2.903,11,S,119(a),W,-2.822,7
-4.149,-2.118,8,S,119(a),Y,-1.894,3
-0.04861,-0.00261,2,V,120(a),-,,
-1.038,-0.09403,15,V,120(a),A,0.07686,6
-1.221,-0.1228,8,V,120(a),C,-0.06401,5
-0.6466,-0.04728,10,V,120(a),D,-0.2831,4
-0.1116,-0.006185,9,V,120(a),E,0.1348,6
-0.8108,-0.06481,9,V,120(a),F,0.2475,5
-0.8001,-0.06357,9,V,120(a),G,-0.1573,4
-0.1623,-0.009223,12,V,120(a),H,-0.1411,7
-0.4771,-0.03188,20,V,120(a),I,0.05645,9
0.5466,0.02216,5,V,120(a),K,0.118,4
-2.111,-0.3576,7,V,120(a),L,-0.2058,3
-1.162,-0.1129,12,V,120(a),M,-0.5103,7
-0.009178,-0.0004834,6,V,120(a),N,0.1043,5
-2.214,-0.3991,11,V,120(a),P,-0.4738,10
0.3022,0.0137,10,V,120(a),Q,0.3004,5
-0.9059,-0.07629,6,V,120(a),R,-0.7573,3
-2.19,-0.3892,8,V,120(a),S,0.1109,5
-0.04051,-0.002166,15,V,120(a),T,0.1691,9
0,0,,V,120(a),V,0,
-1.458,-0.1681,19,V,120(a),W,-0.01627,17
-2.032,-0.3284,9,V,120(a),Y,-0.3693,5
-0.6754,-0.05015,3,I,121(a),-,,
1.288,0.03821,11,I,121(a),A,-0.03202,10
-2.335,-0.4523,3,I,121(a),C,-0.4098,2
-3.029,-0.8801,5,I,121(a),D,-1.043,3
-0.8265,-0.06663,12,I,121(a),E,-0.1559,8
-2.375,-0.4713,11,I,121(a),F,-0.4745,8
-2.392,-0.4791,6,I,121(a),G,-0.3865,3
-2.789,-0.7062,14,I,121(a),H,-0.4081,11
0,0,,I,121(a),I,0,
-2.072,-0.3432,7,I,121(a),K,0.1025,3
-0.1753,-0.01003,9,I,121(a),L,0.3677,5
1.476,0.04071,9,I,121(a),M,0.1114,6
-2.208,-0.3967,9,I,121(a),N,-0.08783,6
-4.001,-1.917,13,I,121(a),P,-1.757,10
-1.581,-0.1957,9,I,121(a),Q,-0.2508,8
-2.347,-0.458,6,I,121(a),R,-0.5773,5
-0.6033,-0.0431,15,I,121(a),S,-0.3405,8
-1.982,-0.3112,10,I,121(a),T,-0.06112,5
0.2358,0.01103,27,I,121(a),V,-0.07649,8
0.8534,0.03024,6,I,121(a),W,0.1276,5
-0.3777,-0.02396,14,I,121(a),Y,-0.116,12
-0.8381,-0.06799,4,T,122(a),-,,
-0.5513,-0.03831,23,T,122(a),A,0.05035,12
0.6575,0.02537,8,T,122(a),C,-0.05251,6
-0.9412,-0.08083,6,T,122(a),D,-0.8899,3
0.2735,0.01257,17,T,122(a),E,-0.2386,11
-1.009,-0.08995,11,T,122(a),F,0.09554,7
0.007946,0.0004147,7,T,122(a),G,0.03882,6
1.331,0.03882,9,T,122(a),H,-0.02879,6
-0.3824,-0.02432,17,T,122(a),I,0.04039,5
1.457,0.04048,6,T,122(a),K,0.4739,3
-1.133,-0.1083,12,T,122(a),L,0.1736,8
0.9789,0.0329,14,T,122(a),M,-0.1511,9
0.01994,0.001035,13,T,122(a),N,0.2228,7
-2.236,-0.4081,10,T,122(a),P,-0.4696,6
0.199,0.009472,15,T,122(a),Q,-0.09847,7
3.323,0.05096,9,T,122(a),R,0.05519,7
-0.8101,-0.06473,11,T,122(a),S,0.236,2
0,0,,T,122(a),T,0,
-0.5789,-0.04083,14,T,122(a),V,-0.5877,5
-0.5507,-0.03825,11,T,122(a),W,-0.05484,8
0.2333,0.01093,5,T,122(a),Y,-0.03559,4
0.1919,0.009167,4,I,123(a),-,,
-1.879,-0.2774,12,I,123(a),A,0.2625,7
-3.736,-1.581,6,I,123(a),C,-1.32,6
-2.492,-0.5297,7,I,123(a),D,0.147,5
-2.227,-0.4045,10,I,123(a),E,-0.5277,5
-1.289,-0.1348,17,I,123(a),F,0.1205,10
-1.725,-0.2323,7,I,123(a),G,-0.2392,5
-1.58,-0.1955,10,I,123(a),H,-0.0932,6
0,0,,I,123(a),I,0,
-1.713,-0.2292,13,I,123(a),K,-0.0782,7
0.4718,0.01978,13,I,123(a),L,0.1503,5
-0.2397,-0.01417,11,I,123(a),M,-0.221,9
-1.548,-0.188,6,I,123(a),N,0.04481,4
-2.141,-0.3694,9,I,123(a),P,-0.2004,6
-1.289,-0.1348,12,I,123(a),Q,0.2648,7
-2.551,-0.5615,5,I,123(a),R,-0.6385,3
-1.566,-0.1922,6,I,123(a),S,0.721,5
-1.825,-0.2608,11,I,123(a),T,-0.3101,5
-1.717,-0.2302,18,I,123(a),V,0.312,4
-2.748,-0.6791,10,I,123(a),W,-0.5397,5
-0.2607,-0.01557,5,I,123(a),Y,0.8529,1
-0.1099,-0.006083,5,T,124(a),-,,
0.1235,0.006096,25,T,124(a),A,0.1794,5
0.5672,0.02278,9,T,124(a),C,-0.01915,9
-1.664,-0.2163,9,T,124(a),D,0.0641,5
0.1315,0.006464,11,T,124(a),E,0.04224,8
0.6301,0.0246,7,T,124(a),F,0.07453,7
0.3603,0.0159,9,T,124(a),G,0.1523,5
-0.3218,-0.01984,13,T,124(a),H,-0.2428,8
-0.8901,-0.07431,16,T,124(a),I,0.236,8
0.009422,0.0004917,9,T,124(a),K,-0.2039,5
2.118,0.04648,11,T,124(a),L,-0.04433,9
-1.082,-0.1006,10,T,124(a),M,-0.1599,6
-0.8926,-0.07462,11,T,124(a),N,-0.1237,7
-3.947,-1.845,14,T,124(a),P,-1.841,6
-0.3872,-0.02469,11,T,124(a),Q,-0.07055,7
1.123,0.03558,10,T,124(a),R,0.02979,7
-1.583,-0.1961,12,T,124(a),S,-0.0767,8
0,0,,T,124(a),T,0,
0.2261,0.01062,8,T,124(a),V,0.1534,6
1.07,0.03465,7,T,124(a),W,-0.04848,6
-1.08,-0.1003,11,T,124(a),Y,0.2256,6
-7.743,-5.727,10,W,125(a),*,-6,1
-3.977,-1.884,6,W,125(a),-,,
-2.759,-0.6868,15,W,125(a),A,-0.6095,12
-5.116,-3.553,14,W,125(a),C,-3.151,6
-7.584,-5.681,8,W,125(a),D,-4.996,6
-5.255,-3.753,10,W,125(a),E,-3.599,6
-1.834,-0.2636,14,W,125(a),F,-0.2032,8
-5.126,-3.567,11,W,125(a),G,-3.239,7
0.2835,0.01297,11,W,125(a),H,0.2227,8
0.01935,0.001005,10,W,125(a),I,-0.5923,6
-5.68,-4.316,6,W,125(a),K,-3.849,4
-1.242,-0.1264,12,W,125(a),L,-0.5682,7
0.5359,0.02183,5,W,125(a),M,-0.0642,5
-2.534,-0.5522,7,W,125(a),N,-0.6856,5
-2.14,-0.3689,8,W,125(a),P,-0.304,4
-2.503,-0.5357,9,W,125(a),Q,-0.1244,9
0.003651,0.0001909,7,W,125(a),R,0.7331,3
-3.371,-1.183,7,W,125(a),S,-1.087,6
-2.286,-0.4301,5,W,125(a),T,-0.3861,4
-0.2902,-0.0176,6,W,125(a),V,-0.08645,3
0,0,,W,125(a),W,0,
-1.625,-0.2065,9,W,125(a),Y,-0.4867,4
-3.17,-0.9974,7,M,126(a),-,,
2.191,0.04692,4,M,126(a),A,0.3208,2
0.404,0.01747,12,M,126(a),C,-0.1656,10
1.631,0.04246,4,M,126(a),D,-0.4098,2
-0.5022,-0.03401,13,M,126(a),E,-0.03733,4
0.9883,0.03309,13,M,126(a),F,-0.2419,6
-1.138,-0.1091,8,M,126(a),G,-0.1945,3
-1.382,-0.1523,8,M,126(a),H,-0.1324,6
-0.08743,-0.004785,61,M,126(a),I,0.1478,12
1.527,0.04132,7,M,126(a),K,-0.241,3
-1.552,-0.189,17,M,126(a),L,-0.3808,6
0,0,,M,126(a),M,0,
0.3043,0.01378,7,M,126(a),N,-0.462,3
-5.283,-3.793,9,M,126(a),P,-3.871,8
-1.498,-0.1767,9,M,126(a),Q,-0.3455,9
-0.9506,-0.08207,13,M,126(a),R,-0.2896,9
0.9922,0.03317,10,M,126(a),S,0.1362,9
0.713,0.02685,16,M,126(a),T,-0.05865,10
1.671,0.04287,14,M,126(a),V,0.2388,12
0.2527,0.01173,10,M,126(a),W,-0.4503,5
0.5436,0.02206,8,M,126(a),Y,-0.1695,6
-9.32,-5.951,2,K,127(a),*,,
-3.209,-1.031,8,K,127(a),-,,
0.5122,0.02109,16,K,127(a),A,-0.4503,11
1.304,0.03843,7,K,127(a),C,0.3252,5
-2.07,-0.3424,14,K,127(a),D,-0.2329,8
-0.2792,-0.01683,14,K,127(a),E,-0.4847,6
-0.201,-0.01165,17,K,127(a),F,0.05615,10
-1.033,-0.09342,15,K,127(a),G,-0.159,13
-1.073,-0.09918,12,K,127(a),H,-0.04515,6
-0.1623,-0.009223,11,K,127(a),I,-0.1351,6
0,0,,K,127(a),K,0,
-1.846,-0.2672,6,K,127(a),L,0.3517,3
0.1846,0.008848,15,K,127(a),M,-0.1745,8
-0.6276,-0.04542,6,K,127(a),N,-0.02874,5
-4.271,-2.291,10,K,127(a),P,-2.007,5
1.742,0.04355,5,K,127(a),Q,-0.3692,2
-0.4092,-0.02639,11,K,127(a),R,-0.07098,6
0.9847,0.03302,7,K,127(a),S,0.2188,5
-0.09614,-0.005285,16,K,127(a),T,0.1173,9
1.836,0.04439,17,K,127(a),V,0.3643,9
0.1477,0.007207,8,K,127(a),W,-0.2162,6
-0.4505,-0.02968,16,K,127(a),Y,-0.01274,14
-0.7162,-0.05437,5,N,128(a),-,,
1.632,0.04247,7,N,128(a),A,0.6229,7
-0.6641,-0.04902,13,N,128(a),C,0.1654,5
0.7557,0.02793,8,N,128(a),D,-0.06505,7
-0.207,-0.01203,14,N,128(a),E,-0.1398,8
0.5947,0.02359,8,N,128(a),F,0.5576,2
-1.487,-0.1743,11,N,128(a),G,-0.1292,8
-2.063,-0.3397,15,N,128(a),H,-0.1607,8
-0.542,-0.03748,9,N,128(a),I,-0.2384,5
-1.652,-0.2131,23,N,128(a),K,0.3232,12
0.5628,0.02265,14,N,128(a),L,0.09042,8
-0.4369,-0.02858,12,N,128(a),M,0.09567,7
0,0,,N,128(a),N,0,
-3.607,-1.432,13,N,128(a),P,-1.309,9
-0.08099,-0.004418,5,N,128(a),Q,0.2526,4
0.7952,0.02889,15,N,128(a),R,-0.2168,11
-1.487,-0.1742,22,N,128(a),S,0.05322,14
-2.238,-0.409,8,N,128(a),T,0.2822,3
1.616,0.0423,18,N,128(a),V,-0.06917,14
-1.795,-0.2522,8,N,128(a),W,-0.2683,6
-0.3707,-0.02343,15,N,128(a),Y,-0.0961,8
-0.1938,-0.01119,5,G,129(a),-,,
-1.204,-0.1198,14,G,129(a),A,0.08019,9
-1.209,-0.1208,17,G,129(a),C,0.1046,12
-0.1684,-0.009599,16,G,129(a),D,-0.3019,7
1.14,0.03587,12,G,129(a),E,0.15,10
-1.791,-0.251,17,G,129(a),F,-0.0642,11
0,0,,G,129(a),G,0,
1.928,0.04514,11,G,129(a),H,0.254,6
2.155,0.0467,10,G,129(a),I,-0.04796,6
1.277,0.03804,6,G,129(a),K,0.4239,3
-0.1248,-0.006962,9,G,129(a),L,0.1675,5
-1.66,-0.2153,8,G,129(a),M,-0.433,3
2.073,0.04618,17,G,129(a),N,0.1004,11
-4.782,-3.053,7,G,129(a),P,-3.231,5
0.008931,0.000466,9,G,129(a),Q,0.2398,7
-0.4973,-0.03358,10,G,129(a),R,-0.117,8
-1.053,-0.09622,13,G,129(a),S,-0.4698,1
0.5752,0.02302,4,G,129(a),T,0.2058,1
-2.636,-0.61,20,G,129(a),V,-0.408,12
-0.2916,-0.0177,10,G,129(a),W,-0.2849,4
1.613,0.04227,10,G,129(a),Y,0.08019,7
-8.636,-5.892,5,Q,130(a),*,,
-0.8512,-0.06956,5,Q,130(a),-,,
-0.2601,-0.01553,14,Q,130(a),A,0.4914,8
1.158,0.03618,16,Q,130(a),C,0.08019,9
-1.181,-0.1161,12,Q,130(a),D,0.1831,10
-1.988,-0.313,10,Q,130(a),E,-0.5071,8
1.092,0.03504,8,Q,130(a),F,0.1719,5
-1.808,-0.2559,6,Q,130(a),G,0.0105,4
-0.9744,-0.08524,12,Q,130(a),H,-0.01915,6
1.665,0.0428,14,Q,130(a),I,0.3005,10
-2.573,-0.5741,9,Q,130(a),K,-0.4429,8
-0.2645,-0.01583,14,Q,130(a),L,0.2835,7
0.9634,0.03259,15,Q,130(a),M,0.03865,12
-0.01158,-0.0006103,11,Q,130(a),N,0.3072,6
-2.73,-0.668,11,Q,130(a),P,-0.745,7
0,0,,Q,130(a),Q,0,
0.9316,0.03194,13,Q,130(a),R,0.07161,6
1.555,0.04164,9,Q,130(a),S,0.5258,6
-1.301,-0.137,12,Q,130(a),T,0.05887,8
0.9247,0.0318,10,Q,130(a),V,0.2201,6
-1.287,-0.1344,11,Q,130(a),W,-0.04365,10
-0.4312,-0.02813,13,Q,130(a),Y,0.2471,7
-7.564,-5.675,7,E,131(a),*,-6,1
0.1234,0.006091,5,E,131(a),-,,
1.637,0.04252,16,E,131(a),A,0.2868,8
0.9492,0.0323,10,E,131(a),C,0.3214,5
-0.8358,-0.06772,13,E,131(a),D,-0.1481,5
0,0,,E,131(a),E,0,
-0.2615,-0.01562,10,E,131(a),F,-0.1729,6
-0.4034,-0.02593,24,E,131(a),G,-0.06092,9
-0.0003282,-1.735e-05,15,E,131(a),H,-0.08178,10
-0.4094,-0.02641,15,E,131(a),I,-0.02577,10
2.565,0.04878,23,E,131(a),K,-0.2118,11
1.235,0.03741,12,E,131(a),L,0.2121,9
-0.2465,-0.01462,22,E,131(a),M,0.01415,15
-0.2607,-0.01557,12,E,131(a),N,0.4314,6
-0.02074,-0.001098,6,E,131(a),P,-0.01233,5
-0.4853,-0.03256,10,E,131(a),Q,-0.0677,8
-0.3089,-0.01891,11,E,131(a),R,0.2155,5
0.4266,0.01826,7,E,131(a),S,0.1694,4
0.617,0.02423,13,E,131(a),T,0.1106,9
2.942,0.05007,9,E,131(a),V,0.2485,5
0.7883,0.02873,6,E,131(a),W,0.2265,4
0.04223,0.002168,13,E,131(a),Y,-0.009751,7
-0.4708,-0.03135,5,V,132(a),-,,
3.431,0.05116,15,V,132(a),A,-0.1098,10
1.437,0.04023,9,V,132(a),C,0.3839,5
-0.3001,-0.01829,9,V,132(a),D,-0.0153,6
0.2247,0.01057,16,V,132(a),E,-0.2065,9
0.8291,0.02969,10,V,132(a),F,-0.1109,8
-0.1266,-0.007066,13,V,132(a),G,0.1229,7
-0.5156,-0.03515,3,V,132(a),H,-0.3328,1
-0.4167,-0.02698,6,V,132(a),I,0.7719,3
1.083,0.03488,7,V,132(a),K,-0.07367,4
-0.3629,-0.02284,15,V,132(a),L,0.09678,7
1.058,0.03441,23,V,132(a),M,0.3537,13
0.3403,0.01516,7,V,132(a),N,-0.0584,6
-1.966,-0.3055,8,V,132(a),P,0.03674,5
-0.7508,-0.05808,12,V,132(a),Q,0.06,8
1.744,0.04357,12,V,132(a),R,0.3441,9
1.53,0.04135,9,V,132(a),S,0.04075,6
-1.032,-0.0932,7,V,132(a),T,-0.2149,5
0,0,,V,132(a),V,0,
0.281,0.01287,11,V,132(a),W,0.1094,6
-1.724,-0.2323,5,V,132(a),Y,-0.6329,5
-0.1471,-0.008297,5,T,133(a),-,,
-0.2191,-0.01281,13,T,133(a),A,-0.8336,2
-1.296,-0.1361,11,T,133(a),C,-0.175,6
-0.9905,-0.08744,11,T,133(a),D,-0.1325,10
-0.8462,-0.06896,11,T,133(a),E,-0.0892,7
-0.7557,-0.05861,9,T,133(a),F,0.004325,4
-0.1396,-0.007846,11,T,133(a),G,0.1112,4
0.2892,0.01319,6,T,133(a),H,-0.2134,5
0.4469,0.01895,15,T,133(a),I,0.2096,8
0.4071,0.01758,15,T,133(a),K,0.1774,10
-1.148,-0.1107,7,T,133(a),L,0.2336,3
0.6137,0.02414,10,T,133(a),M,-0.7364,4
-0.3492,-0.02183,12,T,133(a),N,-0.1117,7
-1.897,-0.2829,10,T,133(a),P,-0.1507,5
-1.327,-0.1418,11,T,133(a),Q,-0.04416,10
1.272,0.03797,11,T,133(a),R,0.2414,5
0.07256,0.003671,12,T,133(a),S,0.1338,6
0,0,,T,133(a),T,0,
-2.067,-0.3414,1,T,133(a),V,-0.5621,1
1.875,0.04471,13,T,133(a),W,0.1895,10
-0.006697,-0.0003518,10,T,133(a),Y,0.32,5
-17.39,-6.013,2,E,134(a),*,,
-3.616,-1.442,5,E,134(a),-,,
1.32,0.03867,9,E,134(a),A,0.244,6
-0.2341,-0.0138,14,E,134(a),C,-0.2436,7
0.2957,0.01345,18,E,134(a),D,0.102,9
0,0,,E,134(a),E,0,
0.6349,0.02474,8,E,134(a),F,0.0978,6
-0.1832,-0.01052,13,E,134(a),G,0.0558,6
0.3285,0.01471,10,E,134(a),H,-0.1691,7
0.2096,0.00993,18,E,134(a),I,0.1153,15
-0.4113,-0.02655,29,E,134(a),K,0.1518,10
0.2421,0.01129,11,E,134(a),L,-0.02003,5
0.3183,0.01433,15,E,134(a),M,0.3232,9
-0.4635,-0.03075,7,E,134(a),N,0.5587,4
0.138,0.006766,11,E,134(a),P,0.1827,7
1.32,0.03866,16,E,134(a),Q,0.05852,15
-1.045,-0.09506,11,E,134(a),R,0.0316,6
-2.302,-0.4372,14,E,134(a),S,0.2686,8
1.719,0.04334,8,E,134(a),T,-0.0125,6
1.479,0.04075,11,E,134(a),V,0.4461,4
-1.335,-0.1434,10,E,134(a),W,-0.0118,8
-0.4211,-0.02733,12,E,134(a),Y,-0.09857,11
-8.304,-5.846,7,G,135(a),*,-6,1
-2.775,-0.6972,5,G,135(a),-,,
-1.672,-0.2183,5,G,135(a),A,-0.00818,4
-0.4936,-0.03327,10,G,135(a),C,-0.5897,4
-0.2529,-0.01504,7,G,135(a),D,-0.2134,3
-0.04661,-0.0025,20,G,135(a),E,-0.2229,6
-0.9789,-0.08586,12,G,135(a),F,0.2336,10
0,0,,G,135(a),G,0,
1.804,0.04411,10,G,135(a),H,0.06898,6
-1.621,-0.2054,13,G,135(a),I,-0.1414,9
1.407,0.03985,11,G,135(a),K,0.3697,7
-0.8565,-0.0702,5,G,135(a),L,0.3317,4
-1.84,-0.2652,17,G,135(a),M,-0.4309,13
-0.6393,-0.04656,14,G,135(a),N,-0.04997,11
-0.3655,-0.02304,14,G,135(a),P,-0.1994,6
-0.04327,-0.002317,13,G,135(a),Q,-0.2169,9
0.3512,0.01557,34,G,135(a),R,-0.03752,11
-1.421,-0.1603,9,G,135(a),S,-0.01133,7
-1.821,-0.2596,14,G,135(a),T,0.1267,7
0.3744,0.01642,12,G,135(a),V,0.02242,8
-1.739,-0.2364,12,G,135(a),W,-0.2921,7
-1.959,-0.3032,5,G,135(a),Y,-0.3223,5
-2.483,-0.5252,5,V,136(a),-,,
-0.8915,-0.07449,14,V,136(a),A,-0.1396,8
-1.45,-0.1663,11,V,136(a),C,0.05412,9
-2.581,-0.5787,6,V,136(a),D,-0.6532,3
-2.164,-0.3784,11,V,136(a),E,-0.3103,6
-0.3883,-0.02477,12,V,136(a),F,-0.4546,6
-1.71,-0.2285,7,V,136(a),G,-0.8608,5
-1.592,-0.1984,11,V,136(a),H,0.05252,9
1.805,0.04412,8,V,136(a),I,0.5108,3
0.6054,0.0239,11,V,136(a),K,-0.04759,10
-1.589,-0.1976,17,V,136(a),L,-0.01061,11
-0.9135,-0.07726,22,V,136(a),M,-0.3242,6
-2.271,-0.4235,7,V,136(a),N,-0.54,6
-0.7287,-0.0557,11,V,136(a),P,0.04488,9
-0.0221,-0.001171,14,V,136(a),Q,-0.2102,4
-1.177,-0.1153,11,V,136(a),R,-0.3205,6
0.3529,0.01563,11,V,136(a),S,-0.0287,6
-0.4757,-0.03176,7,V,136(a),T,-0.5862,2
0,0,,V,136(a),V,0,
-1.831,-0.2626,10,V,136(a),W,-0.07254,5
-1.936,-0.2956,7,V,136(a),Y,-0.3421,4
-2.004,-0.3186,5,S,137(a),-,,
-0.2463,-0.0146,12,S,137(a),A,-0.5954,8
-2.033,-0.329,4,S,137(a),C,0.3833,1
0.8499,0.03016,14,S,137(a),D,0.418,12
2.028,0.04587,8,S,137(a),E,0.3588,5
-2.724,-0.6638,7,S,137(a),F,0.1598,3
-2.193,-0.3904,18,S,137(a),G,-0.641,10
0.6359,0.02477,6,S,137(a),H,0.2543,3
0.4566,0.01928,8,S,137(a),I,0.01207,6
0.6674,0.02563,12,S,137(a),K,0.1384,11
1.521,0.04125,8,S,137(a),L,0.4933,6
3.858,0.05176,14,S,137(a),M,0.4814,8
1.881,0.04476,9,S,137(a),N,0.9783,4
-0.4336,-0.02832,22,S,137(a),P,-0.5513,8
-0.4092,-0.02638,10,S,137(a),Q,0.2884,6
-0.6797,-0.05059,8,S,137(a),R,-0.09147,5
0,0,,S,137(a),S,0,
0.8258,0.02961,13,S,137(a),T,0.2527,6
0.7914,0.0288,16,S,137(a),V,0.2137,11
-1.519,-0.1814,13,S,137(a),W,-0.02463,10
-0.5682,-0.03985,11,S,137(a),Y,-0.3717,4
-10.1,-5.984,6,E,138(a),*,,
-0.1118,-0.006194,4,E,138(a),-,,
2.049,0.04602,14,E,138(a),A,0.2683,11
-0.2543,-0.01514,7,E,138(a),C,0.2271,5
0.1526,0.007429,9,E,138(a),D,-0.1747,3
0,0,,E,138(a),E,0,
1.063,0.0345,11,E,138(a),F,0.166,7
2.825,0.04972,17,E,138(a),G,0.378,8
-0.2724,-0.01637,12,E,138(a),H,0.602,8
0.09185,0.004604,16,E,138(a),I,0.5857,6
-0.4771,-0.03188,37,E,138(a),K,-0.0103,12
-1.343,-0.1447,12,E,138(a),L,-0.6291,7
-0.8265,-0.06663,4,E,138(a),M,0.3957,2
-0.4292,-0.02797,6,E,138(a),N,-0.3758,5
-2.43,-0.4979,8,E,138(a),P,-0.3885,7
0.5637,0.02267,14,E,138(a),Q,0.1454,7
1.277,0.03803,4,E,138(a),R,0.5287,4
-1.771,-0.2451,4,E,138(a),S,0.7601,2
1.483,0.0408,14,E,138(a),T,0.4034,11
1.619,0.04233,9,E,138(a),V,-0.1449,5
1.784,0.04394,10,E,138(a),W,0.522,7
0.2261,0.01063,8,E,138(a),Y,0.7991,5
0.3301,0.01477,4,T,139(a),-,,
-3.144,-0.9748,7,T,139(a),A,-0.8921,1
-2.522,-0.5461,9,T,139(a),C,-0.1543,4
-2.905,-0.7864,17,T,139(a),D,-0.6323,11
-2.064,-0.3401,18,T,139(a),E,-0.1235,14
-2.056,-0.3372,13,T,139(a),F,-0.217,10
-3.055,-0.901,5,T,139(a),G,-0.7775,4
1.073,0.03469,6,T,139(a),H,0.2117,5
-3.194,-1.018,28,T,139(a),I,-0.9164,11
-2.15,-0.3731,11,T,139(a),K,-0.1586,9
-1.36,-0.1481,16,T,139(a),L,-0.0191,10
-2.068,-0.3415,9,T,139(a),M,0.3997,4
-0.9574,-0.08297,8,T,139(a),N,0.2197,5
2.257,0.0473,11,T,139(a),P,-0.217,6
-2.164,-0.3787,12,T,139(a),Q,0.09048,8
-2.41,-0.4883,13,T,139(a),R,-0.3255,12
-2.765,-0.6906,14,T,139(a),S,-0.7731,9
0,0,,T,139(a),T,0,
-2.702,-0.6503,8,T,139(a),V,-0.4689,2
-2.54,-0.5554,8,T,139(a),W,0.1899,4
-2.552,-0.5622,14,T,139(a),Y,-0.06309,9
-0.2051,-0.01191,3,V,140(a),-,,
-2.241,-0.4103,13,V,140(a),A,-0.1522,10
-1.259,-0.1294,10,V,140(a),C,-0.1808,6
-2.063,-0.3398,12,V,140(a),D,-0.4068,8
-1.956,-0.3022,8,V,140(a),E,-0.5953,1
-0.1518,-0.008583,8,V,140(a),F,0.2352,4
-2.212,-0.3982,11,V,140(a),G,-0.7862,8
-1.274,-0.132,8,V,140(a),H,-0.2878,7
-0.01936,-0.001025,16,V,140(a),I,0.1288,9
-1.66,-0.2153,7,V,140(a),K,-0.1588,4
0.7689,0.02826,15,V,140(a),L,-0.3288,6
0.2462,0.01146,31,V,140(a),M,-0.01329,15
0.9271,0.03185,10,V,140(a),N,-0.1086,7
-2.372,-0.4696,10,V,140(a),P,-0.2934,7
1.629,0.04244,8,V,140(a),Q,-0.1365,5
-1.996,-0.3159,4,V,140(a),R,0.1775,2
-1.719,-0.2309,16,V,140(a),S,0.09104,11
0.5431,0.02205,22,V,140(a),T,-0.2552,15
0,0,,V,140(a),V,0,
-2.251,-0.4148,11,V,140(a),W,-0.5394,5
0.9855,0.03303,11,V,140(a),Y,0.3387,6
-0.01083,-0.0005705,3,F,141(a),-,,
-2.387,-0.477,3,F,141(a),A,-0.5998,2
-1.833,-0.2633,11,F,141(a),C,-0.2054,5
-0.9935,-0.08785,16,F,141(a),D,-0.03748,9
-1.071,-0.09897,12,F,141(a),E,0.04158,5
0,0,,F,141(a),F,0,
-1.209,-0.1207,11,F,141(a),G,0.1794,7
-1.7,-0.2256,6,F,141(a),H,-0.2434,4
-1.856,-0.2701,15,F,141(a),I,0.1999,8
-2.342,-0.4556,11,F,141(a),K,-0.1957,5
0.1673,0.008086,7,F,141(a),L,-0.6027,2
1.388,0.0396,7,F,141(a),M,0.05206,6
-1.399,-0.1557,16,F,141(a),N,0.4703,7
1.19,0.0367,10,F,141(a),P,-0.5358,6
0.6518,0.02521,9,F,141(a),Q,-0.1803,7
-2.535,-0.5532,6,F,141(a),R,-0.3874,4
-2.188,-0.388,11,F,141(a),S,-0.1739,7
-2.441,-0.5034,9,F,141(a),T,-0.008825,4
-1.431,-0.1623,9,F,141(a),V,-0.02593,5
0.6823,0.02604,15,F,141(a),W,-0.2301,9
1.803,0.0441,7,F,141(a),Y,-0.03215,6
-4.402,-2.481,1,Y,142(a),*,,
-3.772,-1.625,5,Y,142(a),-,,
-0.9572,-0.08294,7,Y,142(a),A,0.0946,6
-1.447,-0.1657,22,Y,142(a),C,-0.4962,10
-1.799,-0.2532,7,Y,142(a),D,0.4088,2
-2.738,-0.6731,8,Y,142(a),E,-0.8247,5
0.5391,0.02193,10,Y,142(a),F,-0.1853,5
0.8552,0.03028,20,Y,142(a),G,-0.4234,11
-1.818,-0.2588,12,Y,142(a),H,-0.259,7
-2.21,-0.3973,8,Y,142(a),I,-0.292,6
0.1216,0.006007,8,Y,142(a),K,0.1656,4
-0.6714,-0.04975,9,Y,142(a),L,0.3607,5
-2.231,-0.4063,9,Y,142(a),M,-0.315,5
-0.1873,-0.01078,6,Y,142(a),N,-0.1966,4
-2.97,-0.8349,6,Y,142(a),P,-0.407,3
2.018,0.0458,12,Y,142(a),Q,0.1085,9
-0.6502,-0.04763,9,Y,142(a),R,0.1432,5
-0.8667,-0.07143,16,Y,142(a),S,0.1184,7
-0.7074,-0.05345,14,Y,142(a),T,-0.2124,9
-2.882,-0.7702,7,Y,142(a),V,-0.3098,4
1.159,0.03618,4,Y,142(a),W,0.5871,2
0,0,,Y,142(a),Y,0,
-3.519,-1.335,2,R,143(a),*,,
-4.184,-2.167,5,R,143(a),-,,
0.9511,0.03234,9,R,143(a),A,0.2091,8
-0.777,-0.06097,18,R,143(a),C,0.09202,9
-3.242,-1.062,8,R,143(a),D,-1.111,6
-4.094,-2.042,10,R,143(a),E,-2.091,8
-1.199,-0.119,12,R,143(a),F,-0.3203,7
-2.466,-0.5166,16,R,143(a),G,-0.3578,7
-0.105,-0.005796,13,R,143(a),H,0.06561,9
3.077,0.05042,11,R,143(a),I,-0.02618,5
-1.168,-0.114,9,R,143(a),K,-0.8129,5
-0.6232,-0.045,9,R,143(a),L,-0.02471,7
1.133,0.03574,11,R,143(a),M,-0.009216,8
-1.55,-0.1886,11,R,143(a),N,-0.2742,10
-1.241,-0.1261,15,R,143(a),P,-0.1793,10
-1.865,-0.2729,8,R,143(a),Q,-0.1352,5
0,0,,R,143(a),R,0,
-1.525,-0.1828,12,R,143(a),S,-0.2441,8
-0.5138,-0.035,8,R,143(a),T,0.1456,5
-0.2984,-0.01817,16,R,143(a),V,0.2204,12
0.4819,0.02011,10,R,143(a),W,-0.4711,7
-0.3341,-0.02073,13,R,143(a),Y,-0.2782,10
-7.593,-5.684,11,Q,144(a),*,-2.325,1
-0.5468,-0.03791,5,Q,144(a),-,,
1.941,0.04523,11,Q,144(a),A,0.5064,8
-1.491,-0.1751,8,Q,144(a),C,0.4626,4
-0.4542,-0.02999,14,Q,144(a),D,0.03868,5
-0.2867,-0.01736,18,Q,144(a),E,0.1857,12
-0.6806,-0.05068,12,Q,144(a),F,0.00715,7
-0.18,-0.01032,14,Q,144(a),G,-0.03833,9
0.4833,0.02016,8,Q,144(a),H,0.07311,6
1.124,0.03559,14,Q,144(a),I,0.1644,10
-0.161,-0.009142,9,Q,144(a),K,0.2285,4
0.3232,0.01451,12,Q,144(a),L,0.4833,8
-0.6267,-0.04533,11,Q,144(a),M,0.2854,5
0.1188,0.005876,13,Q,144(a),N,-0.03351,7
-2.895,-0.7795,23,Q,144(a),P,-0.9917,12
0,0,,Q,144(a),Q,0,
-0.06658,-0.003607,20,Q,144(a),R,0.3115,9
-0.416,-0.02692,16,Q,144(a),S,-0.1354,12
0.7653,0.02817,4,Q,144(a),T,-0.1635,3
-1.858,-0.2708,20,Q,144(a),V,-0.3062,12
-1.898,-0.2833,4,Q,144(a),W,-0.5159,1
0.06937,0.003515,5,Q,144(a),Y,0.1457,2
0.6068,0.02394,4,A,145(a),-,,
0,0,,A,145(a),A,0,
0.4993,0.02068,14,A,145(a),C,-0.05825,11
1.737,0.04351,15,A,145(a),D,0.2163,11
1.603,0.04216,14,A,145(a),E,0.2241,9
-1.068,-0.09847,13,A,145(a),F,0.03053,10
0.4068,0.01757,5,A,145(a),G,-0.0324,4
-0.1455,-0.008198,15,A,145(a),H,0.129,9
-1.622,-0.2058,10,A,145(a),I,-0.2322,9
0.4689,0.01969,11,A,145(a),K,0.1733,4
0.1089,0.005415,8,A,145(a),L,0.1874,4
-0.7132,-0.05405,16,A,145(a),M,-0.01313,9
1.177,0.03649,9,A,145(a),N,0.3084,4
-0.08007,-0.004367,11,A,145(a),P,-0.2,10
0.6323,0.02467,9,A,145(a),Q,-0.2909,8
0.6226,0.02439,10,A,145(a),R,-0.446,9
-0.0491,-0.002636,15,A,145(a),S,0.3556,6
-0.3589,-0.02255,35,A,145(a),T,-0.2644,7
-0.5753,-0.04049,19,A,145(a),V,0.03521,6
0.9162,0.03162,14,A,145(a),W,0.03165,10
0.7598,0.02803,12,A,145(a),Y,-0.05809,11
-5.041,-3.443,1,D,146(a),*,,
-0.1953,-0.01129,3,D,146(a),-,,
-1.014,-0.09076,14,D,146(a),A,-0.4125,10
-1.863,-0.2722,5,D,146(a),C,-0.5801,4
0,0,,D,146(a),D,0,
-1.318,-0.1401,12,D,146(a),E,0.08738,9
-1.578,-0.195,16,D,146(a),F,-0.3706,7
-0.7747,-0.06071,17,D,146(a),G,0.03738,6
-1.257,-0.129,14,D,146(a),H,-0.9637,5
-2.119,-0.3608,7,D,146(a),I,-0.1213,4
-2.731,-0.6684,11,D,146(a),K,-0.4575,10
-2.536,-0.5532,10,D,146(a),L,-0.5072,9
-1.812,-0.257,7,D,146(a),M,-0.1522,5
0.5757,0.02303,26,D,146(a),N,0.2046,11
-2.542,-0.5568,16,D,146(a),P,-0.5208,11
-1.946,-0.299,10,D,146(a),Q,0.06238,5
-1.164,-0.1133,7,D,146(a),R,-0.09954,4
-0.1449,-0.008162,8,D,146(a),S,-0.2235,8
1.771,0.04381,17,D,146(a),T,-0.1616,10
-2.426,-0.4961,8,D,146(a),V,-0.1411,4
-2.606,-0.5926,11,D,146(a),W,-0.3636,7
0.04837,0.002476,10,D,146(a),Y,-0.8505,8
0.007123,0.000372,3,N,147(a),-,,
-2.499,-0.5334,12,N,147(a),A,-0.3368,9
1.159,0.03619,7,N,147(a),C,0.07176,5
-1.088,-0.1014,18,N,147(a),D,-0.4949,9
-0.4456,-0.02929,8,N,147(a),E,-0.183,5
-1.431,-0.1622,11,N,147(a),G,0.1091,6
-1.448,-0.166,15,N,147(a),H,-0.1036,6
-2.151,-0.3733,6,N,147(a),I,-0.2924,5
-1.602,-0.2008,13,N,147(a),K,-0.6127,6
0.9246,0.03179,5,N,147(a),L,0.2474,5
2.041,0.04596,10,N,147(a),M,0.01762,7
0,0,,N,147(a),N,0,
-2.838,-0.7394,8,N,147(a),P,-0.793,4
-1.907,-0.2862,15,N,147(a),Q,-0.3718,10
-1.903,-0.285,6,N,147(a),R,-0.268,4
-0.1168,-0.006489,8,N,147(a),S,-0.008561,4
-1.277,-0.1325,18,N,147(a),T,-0.3969,7
-0.8606,-0.0707,13,N,147(a),V,-0.106,5
-1.412,-0.1585,16,N,147(a),W,-0.1548,11
-2.063,-0.3399,13,N,147(a),Y,-0.6939,8
-0.6341,-0.04605,2,G,148(a),-,,
0.5207,0.02135,15,G,148(a),A,0.259,7
0.2199,0.01037,12,G,148(a),C,-0.02241,5
0.1091,0.005424,12,G,148(a),D,-0.7651,3
-3.042,-0.8909,4,G,148(a),E,-1.049,2
0.5962,0.02364,14,G,148(a),F,0.2691,8
0,0,,G,148(a),G,0,
0.05025,0.002571,8,G,148(a),H,0.0628,6
-0.8103,-0.06475,8,G,148(a),I,-0.389,5
-1.426,-0.1613,9,G,148(a),K,-0.05885,6
-2.435,-0.5003,10,G,148(a),L,-0.3586,7
-2.196,-0.3917,8,G,148(a),M,-0.5404,7
-0.1422,-0.008001,8,G,148(a),N,0.3085,5
-2.604,-0.5915,15,G,148(a),P,-0.7651,10
0.4524,0.01914,7,G,148(a),Q,0.1665,3
-0.0005417,-2.856e-05,7,G,148(a),R,0.1992,5
-0.06146,-0.003321,14,G,148(a),S,0.1825,8
0.2648,0.01222,6,G,148(a),T,-0.07683,4
-2.308,-0.4399,9,G,148(a),V,-0.2458,7
-0.6375,-0.04638,13,G,148(a),W,0.08699,7
-0.4805,-0.03217,8,G,148(a),Y,-0.5939,4
0.1976,0.009416,1,F,149(a),-,,
-1.378,-0.1517,7,F,149(a),A,-1.113,4
-0.6951,-0.05217,9,F,149(a),C,-0.163,3
-2.379,-0.4729,8,F,149(a),D,-0.2022,5
-2.716,-0.6593,8,F,149(a),E,-0.339,6
0,0,,F,149(a),F,0,
-1.773,-0.2459,16,F,149(a),G,-0.3688,11
-2.14,-0.3688,15,F,149(a),H,-0.1325,12
-2.35,-0.4595,7,F,149(a),I,-0.2901,4
-4.698,-2.926,11,F,149(a),K,-2.591,6
-1.126,-0.1073,10,F,149(a),L,0.03243,6
-1.268,-0.131,7,F,149(a),M,-0.4247,5
-1.96,-0.3035,12,F,149(a),N,-0.2818,9
-3.104,-0.9408,8,F,149(a),P,-1.273,5
-2.464,-0.5152,14,F,149(a),Q,-0.1452,6
-4.75,-3.004,7,F,149(a),R,-2.533,7
-3.598,-1.422,12,F,149(a),S,-1.674,5
-4.077,-2.019,10,F,149(a),T,-1.983,8
-1.885,-0.2792,9,F,149(a),V,-0.3065,4
-1.068,-0.09849,9,F,149(a),W,0.1364,7
0.9466,0.03225,8,F,149(a),Y,-0.6739,3
-7.628,-5.695,1,Y,150(a),*,,
-0.2302,-0.01354,1,Y,150(a),-,,
0.1555,0.007561,14,Y,150(a),A,-0.1986,8
-0.283,-0.0171,17,Y,150(a),C,0.3978,7
0.01912,0.0009931,8,Y,150(a),D,-0.3395,6
0.08683,0.004363,10,Y,150(a),E,-0.03001,6
-1.405,-0.157,15,Y,150(a),F,-0.5764,6
-1.579,-0.1953,11,Y,150(a),G,-0.1717,6
-0.01412,-0.0007455,14,Y,150(a),H,0.2566,11
-1.174,-0.1149,12,Y,150(a),I,0.01671,8
-1.834,-0.2635,15,Y,150(a),K,-0.3329,8
-0.2882,-0.01746,10,Y,150(a),L,0.1264,7
-0.109,-0.006034,17,Y,150(a),M,0.335,7
1.383,0.03953,8,Y,150(a),N,-0.08518,3
-4.943,-3.296,9,Y,150(a),P,-3.276,7
0.2166,0.01023,9,Y,150(a),Q,-0.09521,5
0.1704,0.008224,14,Y,150(a),R,0.1159,6
-1.499,-0.1769,14,Y,150(a),S,-0.1387,2
-1.387,-0.1533,20,Y,150(a),T,0.05245,13
0.4432,0.01883,10,Y,150(a),V,0.2031,5
-2.532,-0.5511,8,Y,150(a),W,-0.1601,4
0,0,,Y,150(a),Y,0,
-11.93,-6.008,3,K,151(a),*,,
-0.1904,-0.01097,1,K,151(a),-,,
-2.509,-0.5388,13,K,151(a),A,-0.4716,9
-1.501,-0.1773,13,K,151(a),C,-0.4602,9
-2.593,-0.5855,8,K,151(a),D,-0.4154,6
-1.652,-0.2133,9,K,151(a),E,-0.1307,3
-2.34,-0.4545,8,K,151(a),F,-0.6406,6
-3.845,-1.714,7,K,151(a),G,-1.754,3
-1.038,-0.09413,12,K,151(a),H,-0.8518,6
-2.418,-0.4919,12,K,151(a),I,-0.07013,9
0,0,,K,151(a),K,0,
-0.5687,-0.03989,9,K,151(a),L,-0.0379,4
-0.9075,-0.0765,11,K,151(a),M,0.187,9
-4.771,-3.036,16,K,151(a),N,-2.662,8
-16.93,-6.013,14,K,151(a),P,-6,9
0.6433,0.02497,12,K,151(a),Q,0.1089,8
0.3046,0.0138,10,K,151(a),R,0.5538,3
-2.173,-0.3823,9,K,151(a),S,-0.4096,7
-0.8083,-0.06451,9,K,151(a),T,-0.00403,6
-0.01716,-0.0009067,10,K,151(a),V,-0.2747,6
-3.218,-1.04,8,K,151(a),W,-0.9962,6
-2.272,-0.4238,9,K,151(a),Y,-0.367,4
-0.19,-0.01095,1,F,152(a),-,,
-2.4,-0.483,12,F,152(a),A,-0.3006,10
-1.205,-0.12,16,F,152(a),C,-0.8134,6
-3.16,-0.9889,6,F,152(a),D,-1.004,2
-2.708,-0.6543,14,F,152(a),E,-0.5071,9
0,0,,F,152(a),F,0,
-2.101,-0.3538,10,F,152(a),G,-0.3905,7
-0.6432,-0.04694,7,F,152(a),H,-0.3328,5
-2.006,-0.3194,6,F,152(a),I,-0.6074,3
-2.685,-0.6401,10,F,152(a),K,-0.4127,5
-0.3637,-0.02291,5,F,152(a),L,0.04095,2
-0.5632,-0.03939,12,F,152(a),M,-0.04155,7
-2.077,-0.3449,5,F,152(a),N,-0.08565,4
-3.212,-1.034,4,F,152(a),P,-1.281,1
-2.218,-0.4006,14,F,152(a),Q,-0.5812,10
-1.063,-0.0977,12,F,152(a),R,-0.2206,8
-2.337,-0.4531,14,F,152(a),S,-0.1755,8
-1.895,-0.2825,10,F,152(a),T,-0.3605,7
-2.145,-0.3711,11,F,152(a),V,-0.4081,8
-1.338,-0.1439,10,F,152(a),W,-0.3165,8
0.001708,8.93e-05,10,F,152(a),Y,-0.00295,8
-4.356,-2.414,2,S,153(a),-,,
0.5909,0.02348,5,S,153(a),A,0.1434,2
-1.066,-0.0981,9,S,153(a),C,0.02572,3
-0.6776,-0.05038,10,S,153(a),D,-0.4336,6
-1.601,-0.2006,11,S,153(a),E,0.235,8
-0.05702,-0.003074,13,S,153(a),F,0.02416,7
0.7125,0.02683,17,S,153(a),G,-0.3011,9
1.267,0.03789,8,S,153(a),H,0.2125,5
2.509,0.04854,7,S,153(a),I,0.6252,4
2.13,0.04655,11,S,153(a),K,0.339,7
0.008651,0.0004519,14,S,153(a),L,0.07018,8
3.079,0.05043,9,S,153(a),M,-0.1008,4
0.4653,0.01957,22,S,153(a),N,0.1887,6
-17.58,-6.013,6,S,153(a),P,-6,4
0.6663,0.0256,7,S,153(a),Q,0.1158,4
0.8483,0.03013,17,S,153(a),R,0.7639,11
0,0,,S,153(a),S,0,
2.137,0.04659,12,S,153(a),T,0.4929,8
0.8402,0.02994,15,S,153(a),V,0.2129,8
-1.689,-0.2228,15,S,153(a),W,-0.05992,11
2.342,0.04776,14,S,153(a),Y,0.209,11
-7.583,-5.681,3,Y,154(a),*,-6,1
0.1914,0.009145,1,Y,154(a),-,,
-0.02998,-0.001595,7,Y,154(a),A,0.2626,4
-1.502,-0.1777,20,Y,154(a),C,-0.03567,11
-1.941,-0.2973,10,Y,154(a),D,-0.01144,5
-0.6066,-0.04342,7,Y,154(a),E,-0.003061,5
1.067,0.03458,11,Y,154(a),F,0.2124,8
1.31,0.03852,11,Y,154(a),G,0.3357,7
0.2896,0.01321,9,Y,154(a),H,0.4532,4
1.671,0.04286,8,Y,154(a),I,0.1813,7
-1.752,-0.2399,17,Y,154(a),K,0.1793,13
-2.21,-0.3971,9,Y,154(a),L,-0.4441,6
-0.8918,-0.07453,10,Y,154(a),M,0.5504,7
-2.5,-0.5343,5,Y,154(a),N,-0.4805,4
-2.079,-0.3458,17,Y,154(a),P,-0.5287,8
-2.003,-0.3181,11,Y,154(a),Q,0.2446,5
2.121,0.04649,8,Y,154(a),R,0.5749,6
-0.9283,-0.07916,14,Y,154(a),S,0.5412,10
0.4175,0.01795,9,Y,154(a),T,0.4173,6
1.119,0.03551,9,Y,154(a),V,0.1142,7
1.572,0.04183,11,Y,154(a),W,0.3061,9
0,0,,Y,154(a),Y,0,
-0.5524,-0.03841,1,L,155(a),-,,
-1.888,-0.2801,5,L,155(a),A,0.2301,3
0.2232,0.0105,16,L,155(a),C,0.1912,9
-4.096,-2.045,7,L,155(a),D,-1.923,5
-2.417,-0.4915,8,L,155(a),E,-0.2163,4
-0.8461,-0.06895,19,L,155(a),F,-0.3404,8
-3.243,-1.062,17,L,155(a),G,-1.245,12
-0.8076,-0.06444,9,L,155(a),H,-0.1098,4
-0.07392,-0.004019,8,L,155(a),I,-0.3698,4
-1.619,-0.205,13,L,155(a),K,0.03809,8
0,0,,L,155(a),L,0,
1.059,0.03444,8,L,155(a),M,0.02474,6
0.2663,0.01228,10,L,155(a),N,0.3455,6
-8.522,-5.878,5,L,155(a),P,-6,2
0.6551,0.0253,11,L,155(a),Q,0.2272,9
-0.1437,-0.008092,7,L,155(a),R,-0.1307,4
-1.257,-0.1289,17,L,155(a),S,0.5517,10
1.173,0.03642,8,L,155(a),T,0.461,5
-0.1484,-0.008373,15,L,155(a),V,-0.1754,8
-1.838,-0.2648,12,L,155(a),W,0.1484,6
-0.7235,-0.05514,10,L,155(a),Y,0.3334,4
-2.759,-0.6867,1,P,156(a),-,,
-1.125,-0.107,10,P,156(a),A,-0.07634,6
-0.112,-0.006207,11,P,156(a),C,0.2549,4
2.372,0.04791,10,P,156(a),D,0.5773,4
1.495,0.04094,11,P,156(a),E,0.7835,9
1.433,0.04017,12,P,156(a),F,0.5484,5
-0.5804,-0.04096,8,P,156(a),G,0.4469,6
2.772,0.04955,11,P,156(a),H,1.134,5
-1.599,-0.2001,9,P,156(a),I,-0.3592,4
1.802,0.04409,7,P,156(a),K,0.9796,4
-1.962,-0.3043,19,P,156(a),L,-0.4169,9
-0.4531,-0.0299,10,P,156(a),M,0.1387,5
0.8249,0.02959,4,P,156(a),N,0.3599,1
0,0,,P,156(a),P,0,
2.327,0.04768,10,P,156(a),Q,0.4657,8
-1.297,-0.1362,11,P,156(a),R,0.6384,4
-0.0142,-0.0007498,31,P,156(a),S,0.3497,9
-0.231,-0.01359,6,P,156(a),T,-0.1026,2
-0.3274,-0.02024,3,P,156(a),V,-0.4781,2
2.044,0.04598,8,P,156(a),W,0.7394,8
2.807,0.04966,7,P,156(a),Y,0.8674,4
-1.72,-0.2312,1,F,157(a),-,,
0.7531,0.02786,6,F,157(a),A,0.0006561,3
-0.1928,-0.01113,8,F,157(a),C,0.4558,4
-1.205,-0.1201,6,F,157(a),D,-0.02198,2
-2.493,-0.5306,10,F,157(a),E,-0.4776,7
0,0,,F,157(a),F,0,
-0.4162,-0.02694,11,F,157(a),G,0.0799,6
-1.686,-0.222,9,F,157(a),H,0.1724,6
0.5323,0.02171,16,F,157(a),I,0.4731,10
-2.868,-0.7601,13,F,157(a),K,-0.1925,7
0.141,0.006902,11,F,157(a),L,0.2293,4
0.1184,0.005859,8,F,157(a),M,0.1219,5
2.974,0.05016,5,F,157(a),N,-0.6653,3
-6.007,-4.687,13,F,157(a),P,-4.176,9
-0.7841,-0.06176,9,F,157(a),Q,0.6698,5
-2.882,-0.7702,6,F,157(a),R,0.1068,3
-0.5187,-0.03543,15,F,157(a),S,0.07282,6
-0.159,-0.00902,9,F,157(a),T,-0.1729,6
0.1332,0.006543,5,F,157(a),V,0.1063,3
-1.554,-0.1893,8,F,157(a),W,-0.1781,7
-0.4765,-0.03183,14,F,157(a),Y,0.202,5
-1.918,-0.2899,1,I,158(a),-,,
1.725,0.04339,14,I,158(a),A,0.3921,12
0.788,0.02872,12,I,158(a),C,0.3054,3
0.4975,0.02062,7,I,158(a),D,0.764,4
-0.06043,-0.003263,7,I,158(a),E,0.2902,4
0.8882,0.03101,18,I,158(a),F,0.09893,9
2.058,0.04608,6,I,158(a),G,0.6835,4
2.5,0.04851,10,I,158(a),H,0.5774,5
0,0,,I,158(a),I,0,
2.321,0.04765,5,I,158(a),K,0.7179,2
2.255,0.04729,6,I,158(a),L,1.042,1
0.5988,0.02371,12,I,158(a),M,0.1827,7
1.336,0.0389,11,I,158(a),N,0.5684,6
-0.8435,-0.06863,15,I,158(a),P,0.0517,6
0.827,0.02964,11,I,158(a),Q,0.5804,7
2.156,0.04671,10,I,158(a),R,1.074,10
3.376,0.05106,10,I,158(a),S,0.5646,9
2.373,0.04791,12,I,158(a),T,0.3673,8
-0.5171,-0.03529,23,I,158(a),V,0.2319,12
-1.44,-0.1641,9,I,158(a),W,0.1086,6
2.219,0.04709,11,I,158(a),Y,0.5081,8
-1.683,-0.2213,1,P,159(a),-,,
-1.878,-0.2769,4,P,159(a),A,-0.8526,2
-2.126,-0.3634,8,P,159(a),C,-0.357,5
-0.4098,-0.02644,9,P,159(a),D,0.2447,7
1.831,0.04435,8,P,159(a),E,0.7628,7
-0.2168,-0.01266,8,P,159(a),F,0.0495,6
0.5366,0.02185,4,P,159(a),G,0.2957,2
-0.2577,-0.01537,13,P,159(a),H,0.0556,7
-1.551,-0.1887,8,P,159(a),I,-0.1222,4
-1.417,-0.1595,10,P,159(a),K,-0.3301,7
1.273,0.03798,16,P,159(a),L,0.149,10
0.03247,0.001676,11,P,159(a),M,-0.4441,7
-1.229,-0.1242,9,P,159(a),N,0.3096,7
0,0,,P,159(a),P,0,
-0.1376,-0.007721,12,P,159(a),Q,0.2929,7
-1.713,-0.2293,13,P,159(a),R,-0.1992,12
1.094,0.03506,16,P,159(a),S,-0.1787,6
-2.264,-0.4204,8,P,159(a),T,-0.4302,7
1.796,0.04405,7,P,159(a),V,0.06591,5
-0.5162,-0.03521,17,P,159(a),W,0.3345,8
0.576,0.02304,11,P,159(a),Y,0.1844,7
-2.188,-0.3882,1,T,160(a),-,,
-0.5594,-0.03904,14,T,160(a),A,0.05503,3
3.264,0.05084,9,T,160(a),C,0.1601,6
-0.3244,-0.02002,5,T,160(a),D,0.4153,2
2.917,0.05,8,T,160(a),E,-0.4235,5
0.5285,0.0216,6,T,160(a),F,-0.4467,1
1.55,0.04158,11,T,160(a),G,-0.2121,7
1.526,0.04131,6,T,160(a),H,0.432,3
1.243,0.03753,16,T,160(a),I,-0.3182,6
-0.2979,-0.01813,10,T,160(a),K,-0.003636,8
-0.5638,-0.03944,13,T,160(a),L,0.0444,10
0.002096,0.0001099,4,T,160(a),M,-0.3229,3
-1.168,-0.1139,10,T,160(a),N,-0.01227,8
-3.007,-0.8628,17,T,160(a),P,-0.5515,8
-0.7948,-0.06297,12,T,160(a),Q,0.1011,5
0.9659,0.03264,10,T,160(a),R,0.3122,6
1.394,0.03968,6,T,160(a),S,-0.3271,2
0,0,,T,160(a),T,0,
0.5417,0.022,5,T,160(a),V,-0.2775,4
0.6298,0.0246,12,T,160(a),W,0.1601,5
0.821,0.0295,16,T,160(a),Y,0.1121,11
-11.51,-6.006,1,R,161(a),*,-6,1
-1.333,-0.1428,2,R,161(a),-,,
0.07452,0.003766,13,R,161(a),A,-0.007648,7
-0.1117,-0.006187,5,R,161(a),C,0.1759,3
-0.2181,-0.01275,11,R,161(a),D,-0.1561,5
-0.7764,-0.0609,14,R,161(a),E,-0.07,10
-0.7993,-0.06349,8,R,161(a),F,0.4101,2
-2.322,-0.4461,12,R,161(a),G,-0.07461,10
-0.84,-0.06822,8,R,161(a),H,0.2428,7
0.005148,0.000269,22,R,161(a),I,0.0531,8
0.1254,0.006185,13,R,161(a),K,0.4514,5
-0.234,-0.01379,10,R,161(a),L,0.1941,6
1.414,0.03994,5,R,161(a),M,-1.186,2
3.624,0.05146,11,R,161(a),N,0.119,9
0.3575,0.0158,11,R,161(a),P,0.09071,6
-0.5159,-0.03518,9,R,161(a),Q,0.2164,5
0,0,,R,161(a),R,0,
0.3503,0.01553,16,R,161(a),S,-0.1458,12
0.1698,0.008197,12,R,161(a),T,0.4074,5
1.905,0.04495,13,R,161(a),V,0.2678,9
-1.023,-0.09201,17,R,161(a),W,-0.04425,13
-0.3618,-0.02276,12,R,161(a),Y,-0.1898,6
1.266,0.03788,1,G,162(a),-,,
2.976,0.05016,17,G,162(a),A,-0.08868,12
-1.218,-0.1222,19,G,162(a),C,-0.08934,7
-0.7416,-0.05708,11,G,162(a),D,0.6019,3
-0.5448,-0.03772,7,G,162(a),E,-0.02534,4
-0.1828,-0.0105,21,G,162(a),F,0.146,14
0,0,,G,162(a),G,0,
0.7183,0.02698,15,G,162(a),H,0.08019,9
-1.866,-0.2732,12,G,162(a),I,0.2942,6
1.246,0.03757,8,G,162(a),K,0.114,7
1.315,0.03859,9,G,162(a),L,0.2631,5
-0.4208,-0.0273,14,G,162(a),M,0.3841,7
-0.4233,-0.0275,9,G,162(a),N,-0.4358,2
1.663,0.04278,10,G,162(a),P,0.3778,6
-0.002563,-0.0001345,9,G,162(a),Q,0.1887,3
0.1495,0.007288,9,G,162(a),R,0.2789,5
0.2821,0.01291,15,G,162(a),S,0.6415,3
0.7896,0.02876,6,G,162(a),T,-0.1658,5
-0.5553,-0.03867,14,G,162(a),V,-0.04102,7
-0.6177,-0.04447,11,G,162(a),W,0.1698,6
-0.8585,-0.07044,9,G,162(a),Y,0.686,6
-5.683,-4.32,1,D,163(a),-,,
1.521,0.04124,14,D,163(a),A,0.162,11
0.2924,0.01332,16,D,163(a),C,0.2184,11
0,0,,D,163(a),D,0,
-1.102,-0.1036,6,D,163(a),E,-0.5461,4
0.4731,0.01982,13,D,163(a),F,0.29,9
-1.091,-0.1019,10,D,163(a),G,-0.07298,7
-0.7296,-0.05579,9,D,163(a),H,-0.2295,7
-1.79,-0.2507,11,D,163(a),I,-0.1554,9
-2.188,-0.3884,8,D,163(a),K,-0.1669,6
-0.2101,-0.01223,13,D,163(a),L,0.1185,4
0.216,0.0102,11,D,163(a),M,0.03946,8
-0.1352,-0.007577,13,D,163(a),N,0.6359,6
0.3432,0.01527,3,D,163(a),P,0.1145,2
0.2614,0.01208,11,D,163(a),Q,-0.1818,8
-1.408,-0.1576,14,D,163(a),R,-0.2052,10
0.2891,0.01319,5,D,163(a),S,,
-1.464,-0.1694,11,D,163(a),T,-0.6089,7
0.004034,0.0002115,11,D,163(a),V,0.04707,7
1.643,0.04258,12,D,163(a),W,-0.3124,8
-1.914,-0.2883,14,D,163(a),Y,0.06643,6
-10.79,-5.998,6,Y,164(a),*,,
-5.334,-3.864,1,Y,164(a),-,,
-1.632,-0.2083,12,Y,164(a),A,-0.0813,10
-1.848,-0.2677,12,Y,164(a),C,-0.1128,5
-0.5067,-0.03439,16,Y,164(a),D,-0.2255,11
-2.703,-0.6508,7,Y,164(a),E,-0.4509,6
1.71,0.04325,14,Y,164(a),F,-0.06804,7
0.5289,0.02161,7,Y,164(a),G,0.1504,6
0.4466,0.01894,14,Y,164(a),H,-0.3578,10
1.804,0.04411,14,Y,164(a),I,0.1903,10
-1.501,-0.1775,7,Y,164(a),K,-0.3773,6
-0.5781,-0.04074,6,Y,164(a),L,-0.08869,5
0.5955,0.02361,5,Y,164(a),M,-0.9219,2
0.03205,0.001654,10,Y,164(a),N,0.1655,5
0.4093,0.01766,6,Y,164(a),P,0.1955,5
1.592,0.04204,11,Y,164(a),Q,0.2298,4
-1.924,-0.2917,9,Y,164(a),R,-0.2526,6
-0.7414,-0.05706,12,Y,164(a),S,0.05745,4
-0.07139,-0.003877,13,Y,164(a),T,0.1781,6
0.8912,0.03108,3,Y,164(a),V,0.1449,3
-1.989,-0.3134,18,Y,164(a),W,-0.3999,12
0,0,,Y,164(a),Y,0,
-5.516,-4.109,1,Y,165(a),-,,
-1.771,-0.2451,11,Y,165(a),A,0.4485,6
0.1035,0.005158,13,Y,165(a),C,-0.4156,4
-5.341,-3.874,12,Y,165(a),D,-3.858,6
-4.021,-1.942,15,Y,165(a),E,-2.006,8
1.847,0.04448,10,Y,165(a),F,-0.01919,6
-3.432,-1.244,9,Y,165(a),G,-1.096,5
-0.2356,-0.0139,11,Y,165(a),H,-0.2252,3
-2.049,-0.3347,7,Y,165(a),I,-0.009506,4
-4.172,-2.15,16,Y,165(a),K,-2.131,10
0.8619,0.03043,12,Y,165(a),L,0.08313,9
-1.502,-0.1776,11,Y,165(a),M,-0.07515,7
-4.99,-3.366,10,Y,165(a),N,-3.251,6
-0.01239,-0.0006529,10,Y,165(a),P,0.123,5
-1.51,-0.1793,10,Y,165(a),Q,-0.1668,7
-2.534,-0.5522,10,Y,165(a),R,-0.6733,6
-3.55,-1.369,7,Y,165(a),S,-1.552,6
-0.7995,-0.06351,7,Y,165(a),T,0.01209,5
-1.316,-0.1397,12,Y,165(a),V,0.09737,6
-0.5167,-0.03525,8,Y,165(a),W,-0.09019,7
0,0,,Y,165(a),Y,0,
-2.458,-0.512,2,D,166(a),A,-0.4061,1
1.333,0.03884,11,D,166(a),C,-0.2001,5
0,0,,D,166(a),D,0,
-1.404,-0.1567,5,D,166(a),E,0.1348,2
0.2366,0.01107,5,D,166(a),F,-0.343,3
-1.966,-0.3057,6,D,166(a),G,-0.2715,6
0.9171,0.03163,5,D,166(a),H,-0.8797,1
0.2306,0.01082,7,D,166(a),I,0.2283,3
0.01578,0.0008214,1,D,166(a),K,-0.3366,1
0.9882,0.03309,4,D,166(a),L,0.1978,4
-0.5787,-0.04081,4,D,166(a),M,0.1876,2
-0.2004,-0.01161,23,D,166(a),N,-0.0917,7
-5.701,-4.342,7,D,166(a),P,-4.279,3
0.3518,0.01559,8,D,166(a),Q,0.004775,8
-0.4787,-0.03201,6,D,166(a),R,-0.1065,3
0.3076,0.01391,1,D,166(a),S,0.06394,1
0.6335,0.0247,5,D,166(a),T,0.1349,4
-0.8164,-0.06545,7,D,166(a),V,-0.2428,4
-0.8962,-0.07508,7,D,166(a),W,-0.3068,1
0.2754,0.01265,6,D,166(a),Y,0.1526,4
-11.35,-6.004,2,C,167(a),*,-6,1
-0.4959,-0.03346,4,C,167(a),A,-1.094,2
0,0,,C,167(a),C,0,
-11.3,-6.004,4,C,167(a),D,-5.697,4
-5.528,-4.125,7,C,167(a),E,-4.425,7
-2.156,-0.3754,9,C,167(a),F,0.2988,3
-3.351,-1.164,9,C,167(a),G,-0.754,4
-4.169,-2.146,8,C,167(a),H,-2.021,4
0.1702,0.008215,3,C,167(a),I,-0.03914,3
-8.128,-5.816,8,C,167(a),K,-6,4
0.7347,0.0274,14,C,167(a),L,-0.4115,9
-1.478,-0.1722,4,C,167(a),M,-0.5188,2
-0.8114,-0.06488,8,C,167(a),N,-0.1115,4
-3.746,-1.593,5,C,167(a),P,-1.2,3
-3.698,-1.536,4,C,167(a),Q,-1.611,3
-8.395,-5.861,12,C,167(a),R,-6,6
-1.403,-0.1567,4,C,167(a),S,0.3075,2
0.3312,0.01482,4,C,167(a),T,0.9258,1
1.148,0.03601,5,C,167(a),V,-0.1095,2
-3.131,-0.9639,8,C,167(a),W,-0.8598,6
-4.055,-1.988,29,C,167(a),Y,-1.68,9
-3.498,-1.313,1,R,168(a),*,,
1.427,0.0401,2,R,168(a),A,0.7783,1
-0.04623,-0.002479,2,R,168(a),C,-0.1527,2
0.771,0.02831,11,R,168(a),E,-0.1373,3
0.8157,0.02938,6,R,168(a),F,0.1801,6
-0.2266,-0.0133,11,R,168(a),G,0.594,1
0.2017,0.009592,1,R,168(a),H,,
0.8056,0.02914,11,R,168(a),I,-0.4366,5
-0.3612,-0.02272,15,R,168(a),K,0.2313,7
1.258,0.03776,4,R,168(a),L,0.252,3
1.05,0.03428,11,R,168(a),M,-0.3065,4
0.5562,0.02245,4,R,168(a),N,-0.07146,3
-4.025,-1.948,8,R,168(a),P,-1.722,6
-2.36,-0.4641,6,R,168(a),Q,-0.4957,3
0,0,,R,168(a),R,0,
-1.717,-0.2303,8,R,168(a),S,0.06597,5
-1.494,-0.1758,11,R,168(a),T,-0.658,4
-0.3736,-0.02365,14,R,168(a),V,0.03518,12
-0.3579,-0.02247,5,R,168(a),W,-0.2047,3
0.9821,0.03297,10,R,168(a),Y,-0.1129,7
-0.8462,-0.06895,16,V,169(a),A,0.2166,9
-1.203,-0.1197,10,V,169(a),C,0.1509,7
-4.961,-3.323,11,V,169(a),D,-2.806,7
-3.953,-1.853,12,V,169(a),E,-1.574,8
-3.84,-1.709,5,V,169(a),F,-0.3157,1
-0.3754,-0.02379,9,V,169(a),G,0.6248,5
-2.735,-0.6708,8,V,169(a),H,-0.2644,4
3.33,0.05097,20,V,169(a),I,-0.01024,14
-5.061,-3.472,5,V,169(a),K,-3.646,3
-1.683,-0.2213,11,V,169(a),L,0.04116,3
-2.213,-0.3985,37,V,169(a),M,-0.1779,21
-2.116,-0.3597,14,V,169(a),N,-0.3195,9
-1.963,-0.3047,10,V,169(a),P,-0.8428,4
-2.827,-0.7316,9,V,169(a),Q,-0.891,7
-4.286,-2.312,15,V,169(a),R,-2.156,12
-1.183,-0.1165,12,V,169(a),S,-0.3407,6
-1.412,-0.1584,6,V,169(a),T,0.2725,3
0,0,,V,169(a),V,0,
-2.798,-0.7119,11,V,169(a),W,-0.4776,8
-1.4,-0.156,12,V,169(a),Y,0.07247,10
-15.19,-6.012,2,E,170(a),*,-6,1
-0.3511,-0.02197,14,E,170(a),A,-0.1794,10
0.6451,0.02502,8,E,170(a),C,0.3786,6
0.3564,0.01576,8,E,170(a),D,0.08019,7
0,0,,E,170(a),E,0,
-0.9905,-0.08743,11,E,170(a),F,-0.2083,7
-1.453,-0.167,9,E,170(a),G,-0.2998,2
-1.05,-0.09583,11,E,170(a),H,-0.5244,7
0.08368,0.004211,7,E,170(a),I,-0.07555,6
-0.5362,-0.03696,57,E,170(a),K,-0.00555,10
1.915,0.04504,5,E,170(a),L,,
1.042,0.03412,6,E,170(a),M,0.009427,5
1.84,0.04442,7,E,170(a),N,0.5612,6
-2.395,-0.4807,10,E,170(a),P,-0.6644,5
-0.6812,-0.05075,4,E,170(a),Q,-0.3226,2
-2.503,-0.5356,8,E,170(a),R,-0.2369,3
-0.2247,-0.01318,8,E,170(a),S,0.1868,3
0.05314,0.002714,10,E,170(a),T,-0.02221,8
-0.8727,-0.07217,8,E,170(a),V,0.2355,5
0.5371,0.02186,10,E,170(a),W,-0.1065,7
-1.517,-0.181,7,E,170(a),Y,-0.262,6
-0.7762,-0.06088,10,H,171(a),A,-0.111,8
-2.211,-0.3979,11,H,171(a),C,-0.208,8
-2.859,-0.7536,11,H,171(a),D,-0.8047,7
-2.916,-0.7947,8,H,171(a),E,-0.3747,6
0.8948,0.03116,8,H,171(a),F,0.1477,7
-2.384,-0.4754,12,H,171(a),G,-0.1459,6
0,0,,H,171(a),H,0,
0.9164,0.03162,8,H,171(a),I,-0.5478,5
-2.961,-0.8277,12,H,171(a),K,-0.6637,9
-2.005,-0.3191,11,H,171(a),L,0.1714,8
0.532,0.02171,13,H,171(a),M,-0.2012,11
-2.704,-0.6514,16,H,171(a),N,-0.5482,9
-1.204,-0.1198,8,H,171(a),P,0.04296,3
-1.793,-0.2515,13,H,171(a),Q,0.1317,8
-0.4636,-0.03076,14,H,171(a),R,-0.04446,7
-1.326,-0.1415,15,H,171(a),S,-0.2626,9
-2.101,-0.3538,6,H,171(a),T,-0.2115,6
-2.304,-0.4383,11,H,171(a),V,-0.24,9
-1.837,-0.2645,11,H,171(a),W,-0.0548,7
-1.736,-0.2353,13,H,171(a),Y,-0.06028,4
-9.017,-5.93,18,W,172(a),*,-6,4
-0.7004,-0.05272,1,W,172(a),-,,
-0.9684,-0.08444,8,W,172(a),A,0.3747,4
-1.036,-0.09382,18,W,172(a),C,0.002889,9
2.908,0.04997,15,W,172(a),D,-0.1044,10
2.039,0.04595,7,W,172(a),E,0.6745,4
2.735,0.04942,7,W,172(a),F,0.3429,3
0.7967,0.02893,7,W,172(a),G,0.09372,7
0.2962,0.01347,9,W,172(a),H,-0.2575,7
1.547,0.04155,4,W,172(a),I,0.4656,3
-1.068,-0.09849,8,W,172(a),K,0.1114,4
-0.1477,-0.008329,17,W,172(a),L,0.2671,6
0.8236,0.02956,11,W,172(a),M,0.2307,6
-0.1678,-0.009561,15,W,172(a),N,0.2854,10
0.2649,0.01222,8,W,172(a),P,0.334,4
-2.044,-0.3328,13,W,172(a),Q,-0.2577,6
-0.5612,-0.0392,19,W,172(a),R,0.506,9
-0.5466,-0.03789,7,W,172(a),S,-0.05761,1
-0.895,-0.07493,9,W,172(a),T,0.6603,5
2.36,0.04785,10,W,172(a),V,0.1814,8
0,0,,W,172(a),W,0,
-1.31,-0.1386,9,W,172(a),Y,0.228,5
-0.1107,-0.00613,1,G,173(a),-,,
1.565,0.04175,9,G,173(a),A,0.1042,7
1.623,0.04237,14,G,173(a),C,0.2894,11
0.7233,0.02711,18,G,173(a),D,-1.083,2
1.091,0.03501,11,G,173(a),E,0.3196,5
-1.29,-0.135,18,G,173(a),F,-0.08844,10
0,0,,G,173(a),G,0,
0.6495,0.02514,11,G,173(a),H,0.5348,6
-0.6257,-0.04524,6,G,173(a),I,-0.1739,4
-0.1978,-0.01144,13,G,173(a),K,-0.2895,12
-1.336,-0.1434,11,G,173(a),L,0.1158,7
1.102,0.03521,9,G,173(a),M,0.008838,7
1.616,0.0423,6,G,173(a),N,-0.06363,4
-0.3812,-0.02423,6,G,173(a),P,0.08351,4
-1.884,-0.279,11,G,173(a),Q,0.151,8
-0.6928,-0.05193,9,G,173(a),R,0.1884,5
-1.249,-0.1275,15,G,173(a),S,-0.08937,8
3.991,0.0519,10,G,173(a),T,0.4354,6
0.02623,0.001357,15,G,173(a),V,0.02795,7
-0.8639,-0.07109,13,G,173(a),W,0.2778,7
-0.3902,-0.02491,15,G,173(a),Y,0.2644,11
-0.3496,-0.02186,4,L,174(a),A,0.5266,2
2.399,0.04804,8,L,174(a),C,-0.1224,7
-1.283,-0.1336,10,L,174(a),D,-0.06011,6
-1.49,-0.1748,12,L,174(a),E,0.09113,10
1.422,0.04004,10,L,174(a),F,0.2591,4
0.7823,0.02858,9,L,174(a),G,0.5291,7
0.5101,0.02102,14,L,174(a),H,-0.1815,11
-1.751,-0.2397,24,L,174(a),I,-0.03499,20
-0.47,-0.03128,10,L,174(a),K,-0.2824,5
0,0,,L,174(a),L,0,
1.527,0.04132,12,L,174(a),M,0.05273,9
-0.3963,-0.02539,5,L,174(a),N,-0.1353,4
-1.425,-0.1611,27,L,174(a),P,0.4107,6
-0.8299,-0.06703,9,L,174(a),Q,0.761,3
0.3398,0.01514,11,L,174(a),R,0.2877,6
0.7164,0.02693,5,L,174(a),S,0.09679,4
0.06037,0.003073,10,L,174(a),T,0.3473,7
-0.5668,-0.03971,11,L,174(a),V,0.03984,7
0.8384,0.0299,8,L,174(a),W,-0.6068,2
0.2238,0.01053,4,L,174(a),Y,0.1048,4
-0.6132,-0.04404,3,P,175(a),A,0.005233,1
0.4959,0.02057,6,P,175(a),C,0.0904,6
0.6128,0.02412,9,P,175(a),D,-0.2757,8
-1.013,-0.09059,15,P,175(a),E,0.05055,11
-2.696,-0.6466,9,P,175(a),F,-0.3417,6
0.3528,0.01562,4,P,175(a),G,0.488,2
-0.09752,-0.005365,11,P,175(a),H,0.557,7
0.4813,0.02009,9,P,175(a),I,0.03238,4
1.894,0.04486,11,P,175(a),K,0.3883,6
1.789,0.04398,13,P,175(a),L,-0.02338,6
0.3825,0.01671,6,P,175(a),M,0.01986,6
0.195,0.009302,12,P,175(a),N,-0.4828,5
0,0,,P,175(a),P,0,
1.338,0.03891,8,P,175(a),Q,-0.4052,3
-0.7812,-0.06144,6,P,175(a),R,-0.3396,2
-0.5509,-0.03827,32,P,175(a),S,0.1944,6
-0.04881,-0.002621,16,P,175(a),T,0.01559,12
0.9305,0.03192,19,P,175(a),V,0.03456,14
-0.978,-0.08573,6,P,175(a),W,-0.1641,3
1.685,0.04301,8,P,175(a),Y,-0.1452,7
-13.01,-6.011,2,E,176(a),*,,
1.119,0.03552,5,E,176(a),A,0.2422,4
1.244,0.03755,7,E,176(a),C,-0.01068,5
1.358,0.03919,7,E,176(a),D,0.352,7
0,0,,E,176(a),E,0,
-0.9974,-0.08839,12,E,176(a),F,-0.2762,8
-0.8063,-0.06429,19,E,176(a),G,0.08516,6
0.1236,0.006101,9,E,176(a),H,0.3922,4
-0.194,-0.0112,9,E,176(a),I,-0.01522,7
-0.3282,-0.0203,40,E,176(a),K,0.1339,5
-2.124,-0.3627,7,E,176(a),L,0.3472,3
-0.7333,-0.05619,12,E,176(a),M,0.7097,7
0.9337,0.03198,15,E,176(a),N,0.4121,8
-2.128,-0.3642,6,E,176(a),P,0.2459,3
-0.3133,-0.01923,13,E,176(a),Q,0.08785,4
1.034,0.03397,9,E,176(a),R,-0.6025,7
-1.104,-0.1039,11,E,176(a),S,0.2309,7
0.6963,0.02641,10,E,176(a),T,-0.1588,4
-2.533,-0.5516,8,E,176(a),V,-0.2193,7
-0.407,-0.02622,15,E,176(a),W,-0.1202,11
-2.585,-0.5807,13,E,176(a),Y,0.7488,4
-0.5265,-0.03611,7,P,177(a),A,-0.4599,4
-1.186,-0.1169,12,P,177(a),C,-0.1506,7
-0.4992,-0.03374,7,P,177(a),D,-0.2046,4
0.7562,0.02794,7,P,177(a),E,0.1316,6
0.9611,0.03255,7,P,177(a),F,-0.01045,6
0.6128,0.02411,3,P,177(a),G,-0.2257,1
1.878,0.04474,12,P,177(a),H,0.124,8
-1.075,-0.09954,15,P,177(a),I,0.3333,6
0.15,0.007313,7,P,177(a),K,0.1292,5
-1.079,-0.1001,9,P,177(a),L,-0.2377,5
-0.6235,-0.04503,10,P,177(a),M,-0.2958,5
-0.6642,-0.04902,11,P,177(a),N,-0.03436,5
0,0,,P,177(a),P,0,
0.2321,0.01088,5,P,177(a),Q,-0.02646,5
1.654,0.0427,6,P,177(a),R,0.3015,3
-0.1035,-0.005713,15,P,177(a),S,0.1331,7
-0.7491,-0.05789,12,P,177(a),T,-0.1532,8
-1.327,-0.1418,8,P,177(a),V,0.2021,4
0.8122,0.02929,9,P,177(a),W,0.05227,7
-0.7056,-0.05325,9,P,177(a),Y,0.3813,4
2.141,0.04662,4,L,178(a),A,0.3615,1
-1.791,-0.251,12,L,178(a),C,-0.0727,7
-0.2047,-0.01188,8,L,178(a),D,0.4843,5
1.316,0.03861,5,L,178(a),E,0.4686,4
-0.4772,-0.03188,2,L,178(a),F,0.09014,1
-1.694,-0.224,8,L,178(a),G,-0.1675,5
0.9748,0.03282,5,L,178(a),H,0.4135,4
-0.8191,-0.06576,4,L,178(a),I,-0.3297,2
0.5069,0.02092,4,L,178(a),K,0.4291,2
0,0,,L,178(a),L,0,
0.9724,0.03277,10,L,178(a),M,0.4148,5
1.334,0.03887,5,L,178(a),N,0.3162,4
-0.4272,-0.02781,24,L,178(a),P,0.4652,8
-0.584,-0.04129,10,L,178(a),Q,0.4312,5
0.6363,0.02478,7,L,178(a),R,-0.04299,5
-2.307,-0.4394,11,L,178(a),S,-0.2271,7
1.242,0.03751,10,L,178(a),T,0.0601,6
2.257,0.0473,7,L,178(a),V,0.00895,2
-0.5806,-0.04098,7,L,178(a),W,0.1067,6
1.702,0.04317,7,L,178(a),Y,0.3607,6
0.9641,0.03261,14,M,179(a),A,-0.1809,10
2.062,0.04611,9,M,179(a),C,0.02869,6
1.025,0.0338,4,M,179(a),D,0.125,4
0.7673,0.02822,2,M,179(a),E,0.1983,1
-0.503,-0.03407,8,M,179(a),F,0.01995,4
0.3072,0.0139,10,M,179(a),G,-0.1767,7
0.166,0.008028,7,M,179(a),H,-0.1704,5
0.9083,0.03145,23,M,179(a),I,0.06495,7
-0.3585,-0.02252,8,M,179(a),K,0.09024,4
-1.157,-0.1121,7,M,179(a),L,0.3256,4
0,0,,M,179(a),M,0,
-2.573,-0.5739,7,M,179(a),N,-0.08065,4
0.1016,0.005068,11,M,179(a),P,-0.171,7
-1.414,-0.1589,9,M,179(a),Q,-0.1646,6
1.879,0.04474,12,M,179(a),R,0.7385,9
0.03774,0.001942,16,M,179(a),S,0.1993,10
0.1037,0.005167,10,M,179(a),T,0.3196,7
0.4444,0.01887,18,M,179(a),V,-0.186,11
-1.093,-0.1023,12,M,179(a),W,0.2286,5
2.93,0.05003,5,M,179(a),Y,0.1445,4
-2.291,-0.4325,1,T,180(a),-,,
-0.4099,-0.02644,12,T,180(a),A,-0.2827,4
-0.242,-0.01432,9,T,180(a),C,0.05571,7
-0.6162,-0.04433,7,T,180(a),D,-0.5401,6
1.432,0.04016,9,T,180(a),E,-0.3456,5
0.9399,0.03211,6,T,180(a),F,0.3761,5
-2.594,-0.5861,3,T,180(a),G,-0.4283,3
0.7841,0.02862,7,T,180(a),H,0.2535,5
0.5462,0.02214,8,T,180(a),I,0.209,4
-1.954,-0.3014,4,T,180(a),K,-0.176,1
0.3687,0.01621,4,T,180(a),L,0.05396,3
-0.7081,-0.05352,20,T,180(a),M,0.008455,4
-0.4483,-0.02951,9,T,180(a),N,0.01311,5
-0.4562,-0.03015,12,T,180(a),P,0.219,7
-0.5896,-0.04182,3,T,180(a),Q,-0.4704,1
-0.5867,-0.04154,7,T,180(a),R,-0.4247,4
-1.841,-0.2658,14,T,180(a),S,-0.338,7
0,0,,T,180(a),T,0,
0.3932,0.01709,9,T,180(a),V,-0.1271,5
0.7922,0.02882,7,T,180(a),W,0.09312,6
0.4087,0.01764,8,T,180(a),Y,-0.02383,5
-2.022,-0.3251,1,H,181(a),-,,
0.009807,0.0005123,10,H,181(a),A,-0.3088,5
-2.35,-0.4592,8,H,181(a),C,-0.316,6
1.948,0.04528,10,H,181(a),D,0.4253,5
-1.528,-0.1834,10,H,181(a),E,-0.1754,8
-1.551,-0.1887,8,H,181(a),F,-0.1258,7
0.9427,0.03217,8,H,181(a),G,0.07458,8
0,0,,H,181(a),H,0,
1.294,0.03829,8,H,181(a),I,0.04435,4
1.042,0.03412,6,H,181(a),K,0.5092,5
-2.305,-0.4386,8,H,181(a),L,-0.2283,4
-0.5141,-0.03503,8,H,181(a),M,0.3878,4
-0.7953,-0.06302,9,H,181(a),N,0.1944,7
-0.8316,-0.06723,7,H,181(a),P,0.4717,4
-0.3022,-0.01844,8,H,181(a),Q,-0.1881,5
-2.384,-0.4754,7,H,181(a),R,-0.2963,3
-0.4726,-0.0315,15,H,181(a),S,-0.1839,9
0.01632,0.0008489,5,H,181(a),T,0.6845,2
1.38,0.03949,8,H,181(a),V,-0.2489,4
0.06202,0.003154,20,H,181(a),W,-0.1299,14
-1.955,-0.3019,10,H,181(a),Y,-0.2143,3
-8.611,-5.889,24,W,182(a),*,-6,6
-0.02525,-0.00134,2,W,182(a),-,,
0.4181,0.01797,7,W,182(a),A,-0.08585,2
-2.364,-0.4659,9,W,182(a),C,0.1792,4
-2.757,-0.6854,12,W,182(a),D,-0.1006,7
-1.933,-0.2947,14,W,182(a),E,-0.3032,9
-0.4045,-0.02602,7,W,182(a),F,-0.05166,6
-2.445,-0.5054,8,W,182(a),G,-0.8075,2
1.008,0.03348,8,W,182(a),H,0.4347,5
0.5422,0.02202,5,W,182(a),I,0.1109,4
-2.205,-0.3952,4,W,182(a),K,-0.408,3
-1.183,-0.1164,12,W,182(a),L,-0.5649,9
0.857,0.03032,11,W,182(a),M,0.1588,6
-1.597,-0.1996,9,W,182(a),N,-0.3157,6
-2.726,-0.6655,5,W,182(a),P,-0.873,1
-1.471,-0.1707,6,W,182(a),Q,-0.5225,3
-2.707,-0.6536,13,W,182(a),R,-0.5655,6
-1.479,-0.1725,12,W,182(a),S,0.2643,8
-1.257,-0.129,14,W,182(a),T,-0.05502,10
0.2198,0.01036,6,W,182(a),V,-0.01832,3
0,0,,W,182(a),W,0,
1.147,0.03599,13,W,182(a),Y,0.3185,10
-6.211,-4.886,3,E,183(a),*,,
-0.9499,-0.08198,2,E,183(a),-,,
-0.4953,-0.03341,11,E,183(a),A,-0.1589,7
-2.356,-0.4621,9,E,183(a),C,-0.2429,5
0.3585,0.01583,5,E,183(a),D,0.1694,2
0,0,,E,183(a),E,0,
0.1539,0.007489,9,E,183(a),F,-0.08228,7
-0.1147,-0.006363,19,E,183(a),G,-0.0561,4
-1.01,-0.09007,4,E,183(a),H,-2.651,2
0.2389,0.01116,4,E,183(a),I,0.3325,1
0.6203,0.02433,16,E,183(a),K,0.0883,8
0.8609,0.03041,5,E,183(a),L,0.402,4
-0.8686,-0.07167,5,E,183(a),M,-0.0534,3
1.979,0.04551,13,E,183(a),N,0.07753,12
-1.649,-0.2124,16,E,183(a),P,0.01342,12
-2.189,-0.3888,8,E,183(a),Q,-0.1336,6
0.7365,0.02745,9,E,183(a),R,0.1299,7
-0.2337,-0.01377,9,E,183(a),S,-0.1197,6
0.7054,0.02665,10,E,183(a),T,-0.06605,5
0.607,0.02395,10,E,183(a),V,0.07947,8
-0.972,-0.08492,11,E,183(a),W,-0.2925,7
-0.2289,-0.01345,8,E,183(a),Y,0.1349,5
1.332,0.03883,2,P,184(a),-,,
0.2543,0.01179,9,P,184(a),A,-0.09628,6
0.1071,0.00533,5,P,184(a),C,-0.197,3
0.4736,0.01984,10,P,184(a),D,0.2445,7
-0.2255,-0.01323,10,P,184(a),E,-0.09029,5
0.4648,0.01955,7,P,184(a),F,0.1345,6
-0.5159,-0.03519,8,P,184(a),G,0.08674,4
1.635,0.0425,8,P,184(a),H,0.4761,5
1.194,0.03676,7,P,184(a),I,0.1267,5
-0.749,-0.05788,13,P,184(a),K,0.009228,9
0.3101,0.01401,10,P,184(a),L,0.318,5
-0.03027,-0.001611,8,P,184(a),M,-0.04137,7
1.181,0.03655,11,P,184(a),N,-0.1284,9
0,0,,P,184(a),P,0,
-0.04908,-0.002636,14,P,184(a),Q,0.06029,10
-0.04251,-0.002276,13,P,184(a),R,0.06624,8
-0.4943,-0.03333,13,P,184(a),S,-0.125,4
-0.7214,-0.05492,13,P,184(a),T,-0.2969,7
-0.9229,-0.07846,12,P,184(a),V,0.3231,5
-0.243,-0.01438,6,P,184(a),W,0.02347,4
-0.6062,-0.04338,14,P,184(a),Y,0.3759,7
-14.39,-6.012,1,Q,185(a),*,-6,1
-2.107,-0.3562,1,Q,185(a),-,,
-0.8409,-0.06833,8,Q,185(a),A,-0.3244,5
-1.256,-0.1288,15,Q,185(a),C,-0.02845,13
-2.296,-0.4345,8,Q,185(a),D,-0.321,8
-0.2915,-0.01769,9,Q,185(a),E,0.03727,5
-0.1762,-0.01008,14,Q,185(a),F,-0.5537,9
-1.242,-0.1263,6,Q,185(a),G,-0.435,4
-0.3937,-0.02519,9,Q,185(a),H,-0.5484,6
1.707,0.04322,13,Q,185(a),I,0.05574,11
1.319,0.03865,9,Q,185(a),K,0.2279,6
-0.7936,-0.06284,9,Q,185(a),L,0.08678,7
-1.576,-0.1946,8,Q,185(a),M,-0.1555,6
-1.731,-0.2341,9,Q,185(a),N,-0.1948,6
-2.069,-0.342,7,Q,185(a),P,-0.2288,6
0,0,,Q,185(a),Q,0,
0.5676,0.02279,24,Q,185(a),R,0.2224,9
-2.711,-0.656,10,Q,185(a),S,-0.8551,6
-1.134,-0.1085,9,Q,185(a),T,0.02839,6
2.657,0.04914,5,Q,185(a),V,0.3876,2
-1.353,-0.1467,9,Q,185(a),W,-0.1561,7
-0.6079,-0.04354,14,Q,185(a),Y,-0.1818,9
-1.309,-0.1384,9,V,186(a),A,0.2647,4
-2.114,-0.3588,13,V,186(a),C,-0.3931,8
-0.7029,-0.05298,9,V,186(a),D,0.0144,6
-0.9531,-0.08239,11,V,186(a),E,0.3187,5
-0.4184,-0.02711,11,V,186(a),F,0.2779,8
1.98,0.04552,7,V,186(a),G,0.2539,5
-0.0731,-0.003973,4,V,186(a),H,0.0828,2
1.399,0.03974,7,V,186(a),I,0.369,7
1.571,0.04182,7,V,186(a),K,0.3104,6
1.482,0.04078,9,V,186(a),L,0.3508,3
-0.5536,-0.03852,16,V,186(a),M,-0.0404,10
0.6814,0.02601,7,V,186(a),N,0.2046,3
2.59,0.04888,6,V,186(a),P,0.01271,3
0.4221,0.0181,7,V,186(a),Q,-0.02758,5
1.516,0.04119,6,V,186(a),R,0.5258,5
0.8719,0.03066,13,V,186(a),S,0.1315,9
1.646,0.04261,10,V,186(a),T,-0.4994,7
0,0,,V,186(a),V,0,
1.205,0.03694,7,V,186(a),W,0.239,5
-0.1658,-0.009438,10,V,186(a),Y,0.5973,5
1.475,0.0407,6,P,187(a),A,0.2415,5
0.9841,0.03301,8,P,187(a),C,-0.5626,2
-0.2675,-0.01604,12,P,187(a),D,0.3439,6
-0.861,-0.07074,11,P,187(a),E,-0.3126,7
0.6152,0.02418,6,P,187(a),F,0.1863,5
0.8144,0.02934,7,P,187(a),G,0.1253,6
-0.8307,-0.06713,13,P,187(a),H,0.1297,8
0.6219,0.02437,11,P,187(a),I,0.07769,8
1.04,0.03408,7,P,187(a),K,-0.0276,6
-0.8235,-0.06628,11,P,187(a),L,0.02891,6
1.226,0.03727,6,P,187(a),M,0.6228,5
1.015,0.03361,9,P,187(a),N,0.1652,6
0,0,,P,187(a),P,0,
-0.2283,-0.01341,6,P,187(a),Q,-0.2731,3
-0.26,-0.01553,13,P,187(a),R,-0.2571,6
-0.1408,-0.007917,26,P,187(a),S,-0.2588,7
-0.1994,-0.01154,11,P,187(a),T,0.5468,8
-2.548,-0.5599,6,P,187(a),V,-1.055,4
-1.618,-0.2048,13,P,187(a),W,-0.04462,7
0.2482,0.01154,13,P,187(a),Y,-0.4118,6
-1.453,-0.167,6,L,188(a),A,0.4743,5
-2.271,-0.4235,5,L,188(a),C,-0.0492,2
-0.2885,-0.01748,10,L,188(a),D,-0.2601,4
-0.2111,-0.0123,12,L,188(a),E,0.3579,6
1.838,0.0444,14,L,188(a),F,-0.2426,10
0.9747,0.03282,7,L,188(a),G,0.8594,2
-1.379,-0.1519,13,L,188(a),H,-0.2034,12
-0.6064,-0.04339,10,L,188(a),I,-0.1483,8
0.1283,0.006318,10,L,188(a),K,0.1078,7
0,0,,L,188(a),L,0,
0.2254,0.0106,9,L,188(a),M,0.6041,2
1.132,0.03573,12,L,188(a),N,-0.07514,7
-0.5831,-0.04121,13,L,188(a),P,-0.2127,3
0.4387,0.01867,5,L,188(a),Q,-0.2604,3
-0.7742,-0.06065,10,L,188(a),R,0.28,7
-0.1537,-0.008694,14,L,188(a),S,0.2173,9
-0.4071,-0.02623,7,L,188(a),T,-0.09687,2
0.6651,0.02557,9,L,188(a),V,0.3027,7
0.9622,0.03257,1,L,188(a),W,0.6876,1
0.04487,0.002301,11,L,188(a),Y,0.4847,5
-0.5701,-0.04001,7,P,189(a),A,-0.07869,5
-1.65,-0.2127,5,P,189(a),C,-0.5818,4
-0.8909,-0.07441,14,P,189(a),D,0.05331,7
-1.129,-0.1077,6,P,189(a),E,-0.2462,3
0.1799,0.008646,10,P,189(a),F,0.02825,4
-0.02254,-0.001194,9,P,189(a),G,0.3546,7
0.4199,0.01803,12,P,189(a),H,-0.2342,5
-2.842,-0.7419,6,P,189(a),I,-0.5962,3
-0.3607,-0.02268,5,P,189(a),K,0.497,3
0.6952,0.02638,10,P,189(a),L,0.2494,4
-1.446,-0.1656,15,P,189(a),M,-0.133,12
3.811,0.0517,8,P,189(a),N,-0.06105,4
0,0,,P,189(a),P,0,
-1.765,-0.2434,7,P,189(a),Q,-0.3479,3
-0.03824,-0.002043,17,P,189(a),R,0.1923,12
-1.783,-0.2487,23,P,189(a),S,0.1694,10
-1.804,-0.2547,10,P,189(a),T,-0.1805,6
-0.8039,-0.06401,13,P,189(a),V,0.06876,8
1.22,0.03717,12,P,189(a),W,0.2124,10
0.4171,0.01793,10,P,189(a),Y,0.2688,5
-0.8223,-0.06613,15,V,190(a),A,-0.08745,9
-2.041,-0.3319,11,V,190(a),C,-0.5678,7
0.09589,0.004797,9,V,190(a),D,-0.1237,5
-0.06476,-0.003505,6,V,190(a),E,-0.07144,3
1.405,0.03982,6,V,190(a),F,-0.08727,4
0.6532,0.02525,11,V,190(a),G,-0.17,6
-0.6024,-0.04302,8,V,190(a),H,0.3788,5
1.014,0.03359,8,V,190(a),I,0.1723,4
0.2043,0.009702,7,V,190(a),K,0.2576,4
-0.8845,-0.07362,8,V,190(a),L,-0.06595,5
-0.2853,-0.01726,24,V,190(a),M,0.1352,7
-0.01595,-0.0008427,8,V,190(a),N,-0.1651,4
0.1403,0.006868,9,V,190(a),P,-0.1483,7
1.966,0.04542,7,V,190(a),Q,-0.2962,5
1.506,0.04107,8,V,190(a),R,0.2288,8
1.323,0.03871,11,V,190(a),S,0.3274,9
-1.051,-0.09603,6,V,190(a),T,-0.01656,5
0,0,,V,190(a),V,0,
1.86,0.04458,4,V,190(a),W,-0.2262,3
-1.891,-0.281,10,V,190(a),Y,0.1719,6
0.8517,0.0302,10,S,191(a),A,-0.3636,6
-2.912,-0.7916,4,S,191(a),C,-0.7471,2
-0.4689,-0.0312,4,S,191(a),D,-0.5253,2
-0.7852,-0.06188,3,S,191(a),E,0.3778,1
-0.8509,-0.06953,10,S,191(a),F,0.06918,5
0.733,0.02736,7,S,191(a),G,0.1751,5
2.157,0.04672,15,S,191(a),H,0.1441,10
-1.149,-0.1108,13,S,191(a),I,-0.3693,8
-0.0648,-0.003506,18,S,191(a),K,0.05006,13
2.405,0.04807,13,S,191(a),L,-0.1865,8
-1.447,-0.1657,6,S,191(a),M,-0.1574,4
-0.678,-0.05042,13,S,191(a),N,-0.1567,10
-0.4242,-0.02757,13,S,191(a),P,-0.2956,7
-0.4084,-0.02632,15,S,191(a),Q,0.3268,9
0.2013,0.009573,7,S,191(a),R,0.0214,6
0,0,,S,191(a),S,0,
-0.01598,-0.0008442,13,S,191(a),T,-0.2548,9
0.7284,0.02724,13,S,191(a),V,0.1474,8
-0.2761,-0.01662,11,S,191(a),W,0.0552,6
-1.935,-0.2954,6,S,191(a),Y,-0.2035,6
-9.802,-5.975,4,E,192(a),*,,
0.5227,0.02142,7,E,192(a),A,0.0952,7
0.5166,0.02122,12,E,192(a),C,-0.4586,9
-1.968,-0.3063,10,E,192(a),D,-0.09685,2
0,0,,E,192(a),E,0,
-1.037,-0.09395,15,E,192(a),F,-0.208,8
-0.2532,-0.01507,22,E,192(a),G,-0.2629,11
0.6787,0.02594,10,E,192(a),H,0.01944,3
-2.86,-0.7545,15,E,192(a),I,-0.6703,12
0.08252,0.004156,24,E,192(a),K,-0.1916,10
-2.647,-0.6168,5,E,192(a),L,-0.1484,4
-1.718,-0.2306,11,E,192(a),M,-0.1684,6
2.824,0.04972,7,E,192(a),N,0.7775,2
0.2856,0.01305,13,E,192(a),P,-0.3927,8
0.5951,0.0236,11,E,192(a),Q,0.4111,8
1.114,0.03541,11,E,192(a),R,0.00414,10
-0.4113,-0.02655,15,E,192(a),S,-0.2961,8
-0.1688,-0.009623,6,E,192(a),T,0.2163,5
-2.406,-0.486,7,E,192(a),V,-0.5315,5
-1.574,-0.194,7,E,192(a),W,-0.204,6
-0.2849,-0.01723,8,E,192(a),Y,-0.1628,5
-0.7736,-0.06059,9,S,193(a),A,-0.001779,5
-2.095,-0.3516,13,S,193(a),C,-0.4296,9
-0.2468,-0.01464,8,S,193(a),D,0.2414,4
-0.1614,-0.009169,9,S,193(a),E,0.4231,4
-0.718,-0.05456,6,S,193(a),F,-0.06983,3
0.137,0.006719,15,S,193(a),G,-0.2771,8
2.987,0.05019,7,S,193(a),H,0.5631,4
-0.9754,-0.08539,13,S,193(a),I,0.0744,8
-0.4384,-0.0287,6,S,193(a),K,-0.06885,6
-0.899,-0.07543,14,S,193(a),L,0.1554,11
-1.783,-0.2486,10,S,193(a),M,-0.1799,9
-0.2055,-0.01193,31,S,193(a),N,-0.01106,12
0.7784,0.02849,14,S,193(a),P,0.2315,9
0.7885,0.02873,6,S,193(a),Q,0.1722,5
0.3568,0.01577,8,S,193(a),R,0.3583,4
0,0,,S,193(a),S,0,
-0.3442,-0.02146,10,S,193(a),T,-0.3216,7
0.4747,0.01988,9,S,193(a),V,-0.00201,6
-1.379,-0.1519,7,S,193(a),W,0.04495,4
1.531,0.04137,11,S,193(a),Y,0.06983,5
0.97,0.03273,11,T,194(a),A,0.229,4
-1.351,-0.1463,10,T,194(a),C,-0.5741,6
-0.8869,-0.07391,7,T,194(a),D,-0.05251,5
-1.782,-0.2485,11,T,194(a),E,0.1948,9
-0.7776,-0.06104,11,T,194(a),F,-0.413,7
0.3487,0.01547,7,T,194(a),G,-0.1483,6
-0.4607,-0.03052,9,T,194(a),H,0.6331,7
2.037,0.04593,14,T,194(a),I,0.01423,7
0.2967,0.01349,1,T,194(a),K,0.1031,1
-2.132,-0.3659,7,T,194(a),L,-0.3749,5
-1.097,-0.1028,11,T,194(a),M,-0.029,8
1.555,0.04163,6,T,194(a),N,0.4246,4
-0.7023,-0.05291,9,T,194(a),P,-0.1978,5
1.326,0.03875,12,T,194(a),Q,-0.03435,6
-0.2124,-0.01238,12,T,194(a),R,-0.1578,7
-0.6413,-0.04676,8,T,194(a),S,0.01865,2
0,0,,T,194(a),T,0,
-0.685,-0.05113,6,T,194(a),V,0.3068,4
0.03032,0.001566,15,T,194(a),W,-0.04298,10
-0.08335,-0.004553,9,T,194(a),Y,0.2318,3
-12.36,-6.01,2,E,195(a),*,,
1.442,0.04029,11,E,195(a),A,0.1866,8
-1.598,-0.1998,12,E,195(a),C,-0.104,6
-0.167,-0.009511,6,E,195(a),D,0.2283,3
0,0,,E,195(a),E,0,
-0.1183,-0.006577,10,E,195(a),F,-0.06357,5
-0.5622,-0.03929,11,E,195(a),G,0.3759,7
0.03148,0.001625,8,E,195(a),H,0.2959,4
0.5977,0.02368,5,E,195(a),I,0.3863,2
-0.6002,-0.04281,24,E,195(a),K,-0.09045,9
0.6964,0.02641,6,E,195(a),L,0.7414,2
-1.707,-0.2276,10,E,195(a),M,0.3611,7
-0.1609,-0.009137,10,E,195(a),N,-0.4734,7
-0.2561,-0.01526,11,E,195(a),P,0.3566,5
-0.2131,-0.01243,12,E,195(a),Q,-0.4215,7
0.3555,0.01572,7,E,195(a),R,0.0559,4
0.377,0.01651,5,E,195(a),S,-0.07204,4
-0.9322,-0.07966,10,E,195(a),T,0.2019,5
1.22,0.03718,14,E,195(a),V,0.1589,9
-1.025,-0.0923,12,E,195(a),W,0.06216,7
0.318,0.01431,12,E,195(a),Y,0.1438,9
-0.632,-0.04585,2,T,196(a),A,,
-1.197,-0.1187,11,T,196(a),I,-0.4272,1
1.197,0.03681,3,T,196(a),N,,
-2.32,-0.4453,1,T,196(a),P,,
0,0,,T,196(a),T,0,
0,0,,L,197(a),L,0,
0.1066,0.005305,3,L,197(a),M,,
0.1496,0.007293,4,L,197(a),P,,
0.8679,0.03057,1,V,198(a),A,0.5851,1
0.7407,0.02755,2,V,198(a),F,,
-1.958,-0.3029,7,V,198(a),I,,
0,0,,V,198(a),V,0,
0,0,,C,199(a),C,0,
2.426,0.04817,5,C,199(a),F,1.055,1
-0.8168,-0.0655,5,C,199(a),S,-0.1756,2
0.2667,0.0123,19,C,199(a),Y,0.08353,4
0,0,,A,200(a),A,0,
0.2116,0.01001,2,A,200(a),S,-0.2288,1
2.078,0.04621,3,A,200(a),T,,
-2.032,-0.3285,2,A,200(a),V,,
0,0,,L,201(a),L,0,
-1.744,-0.2377,6,L,201(a),M,,
-0.5687,-0.03989,21,L,201(a),P,-0.1572,3
-1.403,-0.1567,1,L,201(a),Q,-0.3994,1
-2.742,-0.6758,1,L,201(a),R,,
-1.14,-0.1095,1,G,202(a),-,,
0.6118,0.02409,1,G,202(a),A,,
2.44,0.04824,1,G,202(a),C,,
-3.168,-0.9957,11,G,202(a),D,-0.7192,1
0,0,,G,202(a),G,0,
1.292,0.03827,5,G,202(a),S,0.4749,2
1.017,0.03364,2,G,202(a),V,,
-0.1982,-0.01147,1,L,203(a),-,,
-0.4337,-0.02833,3,L,203(a),F,,
1.053,0.03433,3,L,203(a),H,,
0.4397,0.01871,2,L,203(a),I,,
0,0,,L,203(a),L,0,
-0.1996,-0.01156,4,L,203(a),P,,
-0.2542,-0.01514,1,A,204(a),-,,
0,0,,A,204(a),A,0,
0.107,0.005324,3,A,204(a),S,,
0.08715,0.004378,15,A,204(a),T,0.851,1
1.567,0.04177,15,A,204(a),V,-0.157,1
-0.6531,-0.04792,1,V,205(a),-,,
-0.2115,-0.01232,3,V,205(a),E,-1.065,2
-2.086,-0.3484,2,V,205(a),L,,
-1.1,-0.1032,10,V,205(a),M,,
0,0,,V,205(a),V,0,
1.094,0.03507,2,G,206(a),C,,
-2.371,-0.4692,23,G,206(a),D,-0.4021,3
0,0,,G,206(a),G,0,
0.3754,0.01645,10,G,206(a),S,0.315,2
-2.531,-0.5505,4,G,206(a),V,,
-1.305,-0.1377,1,I,207(a),-,,
0,0,,I,207(a),I,0,
-4.25,-2.26,1,I,207(a),L,,
-1.323,-0.1411,1,I,207(a),N,,
0.2004,0.009533,1,I,207(a),T,,
-0.9774,-0.08566,3,I,207(a),V,,
-1.263,-0.1301,1,V,208(a),-,,
-2.819,-0.7262,1,V,208(a),A,-0.5654,1
1.967,0.04543,1,V,208(a),E,,
2.271,0.04738,3,V,208(a),L,,
0.3674,0.01616,13,V,208(a),M,0.38,2
0,0,,V,208(a),V,0,
-1.382,-0.1524,2,G,209(a),-,,
-1.025,-0.09228,33,G,209(a),E,0.03501,6
0,0,,G,209(a),G,0,
2.757,0.0495,1,G,209(a),K,,
-7.066,-5.476,12,G,209(a),R,-6,1
0.02584,0.001337,1,G,209(a),V,,
-1.225,-0.1234,2,G,209(a),W,,
-0.7746,-0.06069,1,I,210(a),-,,
0,0,,I,210(a),I,0,
0.2514,0.01167,1,I,210(a),M,,
-2.162,-0.3778,2,I,210(a),N,-0.3887,2
-1.125,-0.1071,2,I,210(a),T,,
1.25,0.03764,2,I,210(a),V,1.061,1
-0.2264,-0.01329,1,V,211(a),-,,
-0.1001,-0.005511,3,V,211(a),E,-1.498,1
1.918,0.04505,4,V,211(a),L,-3.119,2
-1.459,-0.1682,13,V,211(a),M,0.5623,1
0,0,,V,211(a),V,0,
-0.7975,-0.06328,2,V,212(a),-,,
0.6124,0.0241,4,V,212(a),A,0.259,1
-3.514,-1.33,4,V,212(a),D,,
-1.115,-0.1055,1,V,212(a),G,,
-0.6842,-0.05105,8,V,212(a),I,,
-4.565,-2.725,1,V,212(a),L,,
0,0,,V,212(a),V,0,
-1.046,-0.09532,16,G,213(a),D,-0.1041,5
0,0,,G,213(a),G,0,
-1.304,-0.1375,5,G,213(a),S,-0.267,2
1.359,0.03921,1,G,213(a),V,,
-0.06516,-0.003527,3,T,214(a),A,,
-0.6862,-0.05126,4,T,214(a),I,,
-0.5215,-0.03567,2,T,214(a),N,,
0.8408,0.02996,1,T,214(a),P,,
0,0,,T,214(a),T,0,
0.9841,0.03301,1,I,215(a),F,,
0,0,,I,215(a),I,0,
-1.026,-0.09236,2,I,215(a),L,,
-0.09429,-0.005179,1,I,215(a),V,,
0,0,,L,216(a),L,0,
-0.02452,-0.001301,7,L,216(a),M,-0.1448,2
-0.7103,-0.05375,14,L,216(a),P,-0.8461,3
-4.872,-3.189,2,L,216(a),Q,,
-0.489,-0.03288,1,L,216(a),R,,
-3.528,-1.345,1,I,217(a),-,,
0,0,,I,217(a),I,0,
-1.228,-0.124,4,I,217(a),N,0.249,1
-0.7678,-0.05994,1,I,217(a),T,,
0.5575,0.02249,1,I,217(a),V,0.1533,1
-0.09574,-0.005262,1,I,218(a),F,,
0,0,,I,218(a),I,0,
-0.7715,-0.06036,1,I,218(a),L,,
2.252,0.04727,2,I,218(a),N,,
-0.1344,-0.007532,4,I,218(a),T,,
0.4691,0.01969,7,I,218(a),V,,
-1.136,-0.1088,1,K,219(a),*,,
-0.991,-0.0875,4,K,219(a),E,,
0,0,,K,219(a),K,0,
-0.5204,-0.03558,3,K,219(a),N,,
2.113,0.04644,3,K,219(a),R,0.8882,1
0.5909,0.02348,1,K,219(a),T,,
-0.4484,-0.02951,1,A,220(a),-,,
0,0,,A,220(a),A,0,
-0.5701,-0.04001,1,A,220(a),D,,
-3.726,-1.569,2,A,220(a),S,,
-0.1215,-0.006763,7,A,220(a),T,0.124,1
0.08252,0.004156,5,A,220(a),V,-0.1751,1
-0.5285,-0.03628,1,M,221(a),-,,
-0.1405,-0.007897,34,M,221(a),I,0.02523,3
-0.381,-0.02421,2,M,221(a),L,,
0,0,,M,221(a),M,0,
-3.907,-1.794,3,M,221(a),T,-0.3815,1
0.82,0.02948,4,M,221(a),V,,
-2.704,-0.6518,2,K,222(a),*,,
-0.2392,-0.01413,1,K,222(a),-,,
-0.5506,-0.03825,3,K,222(a),E,-0.3786,1
1.529,0.04134,1,K,222(a),G,,
0,0,,K,222(a),K,0,
1.749,0.04362,4,K,222(a),M,0.4732,1
0.62,0.02432,2,K,222(a),R,,
-0.1345,-0.007539,1,M,223(a),-,,
0.0193,0.001003,29,M,223(a),I,0.3296,2
-0.7039,-0.05308,3,M,223(a),K,,
0,0,,M,223(a),M,0,
0.05765,0.002938,1,N,224(a),-,,
-0.2537,-0.0151,5,N,224(a),D,-0.6195,1
-2.648,-0.6172,1,N,224(a),H,,
0,0,,N,224(a),N,0,
0.2158,0.01019,6,N,224(a),S,,
-0.2712,-0.01629,2,N,224(a),T,-0.03813,1
-0.004842,-0.0002545,1,N,225(a),-,,
-1.68,-0.2205,2,N,225(a),D,,
0.2457,0.01144,1,N,225(a),H,,
0.3438,0.01529,1,N,225(a),I,,
1.008,0.03348,4,N,225(a),K,0.2136,1
0,0,,N,225(a),N,0,
0.8839,0.03092,2,N,225(a),S,,
-1.821,-0.2597,1,N,225(a),Y,,
0,0,,A,226(a),A,0,
-1.601,-0.2004,2,A,226(a),D,,
1.368,0.03932,1,A,226(a),P,1.114,1
-0.03928,-0.002099,1,A,226(a),S,,
0.5968,0.02365,8,A,226(a),T,-0.5896,1
2.455,0.0483,4,A,226(a),V,,
-3.901,-1.786,1,R,227(a),*,,
-1.003,-0.08915,12,R,227(a),G,-0.6708,1
-2.499,-0.5335,3,R,227(a),I,,
-0.5084,-0.03454,13,R,227(a),K,,
0,0,,R,227(a),R,0,
-1.58,-0.1956,2,R,227(a),S,-0.5242,1
-2.31,-0.4408,2,N,228(a),D,,
-0.8221,-0.06611,1,N,228(a),G,,
0.1625,0.007871,2,N,228(a),H,,
0.2619,0.0121,1,N,228(a),K,,
0,0,,N,228(a),N,0,
-7.064,-5.475,1,Q,229(a),*,-6,1
-1.804,-0.2547,3,Q,229(a),P,,
0,0,,Q,229(a),Q,0,
2.659,0.04915,4,Q,229(a),R,1.064,1
-7.062,-5.474,1,R,230(a),*,,
-7.263,-5.565,3,R,230(a),G,-6,1
-3.792,-1.649,3,R,230(a),K,-3.37,2
0,0,,R,230(a),R,0,
1.132,0.03574,1,G,231(a),C,1.665,1
-3.667,-1.5,4,G,231(a),D,-2.896,1
0,0,,G,231(a),G,0,
0.2985,0.01356,1,G,231(a),R,,
0.8723,0.03067,11,G,231(a),S,0.01535,2
0.9406,0.03213,1,G,231(a),V,,
-1.067,-0.09825,5,L,232(a),-,,
0,0,,L,232(a),L,0,
-2.461,-0.5139,1,L,232(a),P,,
-0.625,-0.04517,5,L,233(a),-,,
0,0,,L,233(a),L,0,
1.685,0.043,1,L,233(a),M,,
-2.019,-0.3239,5,L,233(a),P,,
-8.363,-5.856,5,G,1(T2A),*,-6,1
-0.8863,-0.07384,5,G,1(T2A),-,,
-3.743,-1.589,34,G,1(T2A),E,-1.317,4
0,0,,G,1(T2A),G,0,
2.076,0.0462,23,G,1(T2A),R,0.4643,5
0.4743,0.01986,3,G,1(T2A),V,,
-0.7258,-0.05538,5,S,2(T2A),-,,
-2.401,-0.4838,1,S,2(T2A),C,,
-1.95,-0.3004,3,S,2(T2A),G,,
-0.211,-0.01229,7,S,2(T2A),N,,
3.266,0.05085,2,S,2(T2A),R,0.3333,1
0,0,,S,2(T2A),S,0,
1.289,0.03822,4,G,3(T2A),-,,
-0.1186,-0.006594,2,G,3(T2A),C,,
-3.809,-1.67,11,G,3(T2A),D,-2.002,1
0,0,,G,3(T2A),G,0,
-2.19,-0.3889,1,G,3(T2A),R,,
-1.763,-0.2429,9,G,3(T2A),S,-1.353,1
-3.524,-1.341,3,G,3(T2A),V,,
1.528,0.04132,4,E,4(T2A),-,,
-0.1862,-0.01071,1,E,4(T2A),A,,
3.046,0.05035,3,E,4(T2A),D,,
0,0,,E,4(T2A),E,0,
-0.1017,-0.005607,2,E,4(T2A),K,,
0.2294,0.01076,1,E,4(T2A),V,,
-0.04532,-0.002429,5,G,5(T2A),-,,
-5.311,-3.832,6,G,5(T2A),C,-4.659,1
0.106,0.005275,8,G,5(T2A),D,-0.05324,1
0,0,,G,5(T2A),G,0,
-3.553,-1.372,4,G,5(T2A),S,-1.51,1
0.09477,0.004743,5,R,6(T2A),-,,
-2.304,-0.438,7,R,6(T2A),L,,
-3.894,-1.777,15,R,6(T2A),P,-1.467,5
-2.69,-0.6427,5,R,6(T2A),Q,,
0,0,,R,6(T2A),R,0,
-0.1828,-0.0105,3,R,6(T2A),W,,
-0.08627,-0.004719,5,G,7(T2A),-,,
-4.362,-2.423,2,G,7(T2A),C,,
-3.432,-1.245,24,G,7(T2A),D,-1.89,6
0,0,,G,7(T2A),G,0,
-3.537,-1.354,2,G,7(T2A),S,-1.606,1
-2.161,-0.3773,1,G,7(T2A),V,,
-0.5744,-0.0404,5,S,8(T2A),-,,
2.029,0.04587,2,S,8(T2A),G,,
-1.945,-0.2984,1,S,8(T2A),I,,
-0.4268,-0.02778,9,S,8(T2A),N,,
-1.596,-0.1994,2,S,8(T2A),R,,
0,0,,S,8(T2A),S,0,
-1.393,-0.1546,1,L,9(T2A),-,,
0,0,,L,9(T2A),L,0,
-0.1778,-0.01019,3,L,9(T2A),M,-6,1
-2.075,-0.3441,5,L,9(T2A),P,-0.772,1
-1.449,-0.166,4,L,9(T2A),Q,-0.3744,1
-0.3179,-0.01955,2,L,9(T2A),R,,
-1.235,-0.1252,1,L,10(T2A),-,,
0,0,,L,10(T2A),L,0,
1.015,0.03361,1,L,10(T2A),M,,
-0.5479,-0.03801,1,L,10(T2A),P,,
1,0.03332,2,L,10(T2A),Q,,
0.2897,0.01321,1,L,10(T2A),V,,
-1.629,-0.2075,2,T,11(T2A),-,,
-1.312,-0.1389,3,T,11(T2A),A,,
-3.511,-1.327,4,T,11(T2A),I,,
-0.797,-0.06322,2,T,11(T2A),N,,
-4.005,-1.921,1,T,11(T2A),S,,
0,0,,T,11(T2A),T,0,
-11.52,-6.006,2,C,12(T2A),*,-6,1
-1.026,-0.0924,2,C,12(T2A),-,,
0,0,,C,12(T2A),C,0,
-1.025,-0.09225,2,C,12(T2A),F,,
-3.459,-1.273,7,C,12(T2A),R,-1.614,2
-1.313,-0.1391,2,C,12(T2A),S,-0.9425,1
-3.233,-1.053,11,C,12(T2A),Y,-1.729,2
-1.532,-0.1843,2,G,13(T2A),-,,
-3.781,-1.635,8,G,13(T2A),D,-1.403,1
0,0,,G,13(T2A),G,0,
-2.089,-0.3493,1,G,13(T2A),R,,
-2.869,-0.7608,4,G,13(T2A),S,,
-0.6206,-0.04474,1,G,13(T2A),V,,
-0.2639,-0.01579,1,D,14(T2A),-,,
0,0,,D,14(T2A),D,0,
-3.528,-1.345,6,D,14(T2A),E,-1.164,1
-1.526,-0.183,5,D,14(T2A),G,-5.346,1
-0.5343,-0.0368,1,D,14(T2A),H,,
-3.172,-0.9986,22,D,14(T2A),N,-1.913,5
-0.5604,-0.03913,1,V,15(T2A),-,,
-1.809,-0.256,1,V,15(T2A),E,,
-3.025,-0.8775,3,V,15(T2A),L,,
-2.833,-0.7362,6,V,15(T2A),M,-2.256,2
0,0,,V,15(T2A),V,0,
-10.94,-6,1,E,16(T2A),*,,
-2.797,-0.7115,1,E,16(T2A),A,,
0,0,,E,16(T2A),E,0,
0.4222,0.01811,4,E,16(T2A),G,-6,1
-1.977,-0.3095,14,E,16(T2A),K,-0.4798,2
-1.738,-0.236,1,E,16(T2A),V,,
0,0,,E,17(T2A),E,0,
-0.5479,-0.038,3,E,17(T2A),G,-0.5082,1
-0.461,-0.03054,71,E,17(T2A),K,0.03521,6
-1.192,-0.1179,2,N,18(T2A),D,-0.3451,1
-0.3747,-0.02373,1,N,18(T2A),G,,
-1.242,-0.1263,2,N,18(T2A),H,,
0.1755,0.008448,1,N,18(T2A),K,,
0,0,,N,18(T2A),N,0,
-0.3584,-0.02251,3,N,18(T2A),S,,
1.25,0.03763,1,N,18(T2A),T,,
-2.536,-0.5535,2,P,19(T2A),L,,
0,0,,P,19(T2A),P,0,
-2.227,-0.4045,3,P,19(T2A),S,,
-2.58,-0.5777,2,P,19(T2A),T,,
-0.8805,-0.07312,2,G,20(T2A),C,,
-5.003,-3.385,4,G,20(T2A),D,-3.435,1
0,0,,G,20(T2A),G,0,
-4.277,-2.299,5,G,20(T2A),S,-2.242,1
-4.946,-3.301,3,G,20(T2A),V,,
-0.3205,-0.01974,2,P,21(T2A),H,,
0,0,,P,21(T2A),P,0,
-1.226,-0.1236,1,P,21(T2A),S,,
-1.622,-0.2058,1,P,21(T2A),T,,
-0.3484,-0.02177,11,M,-24(b),I,-0.1641,1
-1.296,-0.136,2,M,-24(b),K,,
0,0,,M,-24(b),M,0,
-1.329,-0.1421,1,M,-24(b),T,,
0.5648,0.02271,1,M,-24(b),V,,
-0.1852,-0.01065,15,G,-23(b),D,0.4884,2
0,0,,G,-23(b),G,0,
-2.729,-0.6673,12,G,-23(b),S,-0.4022,2
0.2386,0.01115,1,S,-22(b),P,,
0,0,,S,-22(b),S,0,
0.4721,0.01979,21,G,-21(b),D,-0.04118,4
0,0,,G,-21(b),G,0,
0.1672,0.00808,7,G,-21(b),S,0.1415,1
1.235,0.0374,4,R,-20(b),G,,
-0.1337,-0.00749,11,R,-20(b),K,0.1756,2
0,0,,R,-20(b),R,0,
0,0,,I,-19(b),I,0,
0.8616,0.03043,1,I,-19(b),L,,
-1.823,-0.2602,3,I,-19(b),V,,
0,0,,L,-18(b),L,0,
-0.1402,-0.007877,4,L,-18(b),M,,
0.09561,0.004784,1,L,-18(b),P,,
-3.302,-1.117,1,L,-18(b),Q,-0.9246,1
0.2563,0.01188,1,L,-18(b),R,-0.4377,1
-0.2732,-0.01642,2,G,-17(b),C,,
0.5887,0.02342,7,G,-17(b),D,-0.4884,1
0,0,,G,-17(b),G,0,
-0.351,-0.02196,17,G,-17(b),S,-0.1706,3
-1.947,-0.2992,3,G,-17(b),V,,
0,0,,A,-16(b),A,0,
-0.1305,-0.0073,1,A,-16(b),D,,
-0.8197,-0.06583,1,A,-16(b),P,,
-1.766,-0.2437,7,A,-16(b),S,,
0.8271,0.02964,22,A,-16(b),T,-0.8877,3
0.7736,0.02837,19,A,-16(b),V,0.3727,1
-0.5728,-0.04027,1,G,-15(b),C,,
-0.8031,-0.06392,4,G,-15(b),D,-0.9861,1
0,0,,G,-15(b),G,0,
1.737,0.04351,8,G,-15(b),S,-0.4269,1
0.1725,0.008319,3,G,-15(b),V,-0.2571,1
0,0,,A,-14(b),A,0,
-1.609,-0.2024,1,A,-14(b),D,,
0.06057,0.003083,1,A,-14(b),G,-0.03903,1
1.284,0.03815,6,A,-14(b),S,,
0.003414,0.000179,14,A,-14(b),T,-0.3946,2
-0.2274,-0.01335,5,A,-14(b),V,0.2188,1
2.542,0.04868,5,V,-13(b),A,-0.7609,1
-2.51,-0.5392,1,V,-13(b),E,,
-1.205,-0.12,2,V,-13(b),G,,
0.1439,0.007035,8,V,-13(b),L,-0.3203,1
-1.08,-0.1002,12,V,-13(b),M,-0.4769,2
0,0,,V,-13(b),V,0,
-0.1636,-0.0093,2,L,-12(b),-,,
0,0,,L,-12(b),L,0,
-1.037,-0.09393,11,L,-12(b),P,,
-0.8945,-0.07486,2,L,-12(b),Q,,
0.3837,0.01675,2,V,-11(b),-,,
-1.764,-0.2434,3,V,-11(b),A,-0.3735,1
0.9369,0.03205,9,V,-11(b),F,-0.2211,1
0.2106,0.009971,16,V,-11(b),I,-0.1366,1
-1.607,-0.202,2,V,-11(b),L,,
0,0,,V,-11(b),V,0,
-1.686,-0.222,1,A,-10(b),-,,
0,0,,A,-10(b),A,0,
-2.241,-0.4106,2,A,-10(b),D,,
1.276,0.03803,1,A,-10(b),P,,
0.5429,0.02204,4,A,-10(b),S,,
-0.1317,-0.007372,12,A,-10(b),T,,
-0.6327,-0.04592,6,A,-10(b),V,,
-1.306,-0.1379,1,L,-9(b),-,,
0,0,,L,-9(b),L,0,
-0.2933,-0.01782,1,L,-9(b),M,,
-2.72,-0.6618,9,L,-9(b),P,-0.8771,1
-1.823,-0.2604,1,V,-8(b),-,,
1.604,0.04218,3,V,-8(b),F,,
0.4653,0.01957,9,V,-8(b),I,1.154,1
0,0,,V,-8(b),V,0,
-0.3742,-0.0237,2,V,-7(b),-,,
-1.11,-0.1049,1,V,-7(b),A,,
-0.8891,-0.07419,2,V,-7(b),L,,
-1.097,-0.1027,13,V,-7(b),M,-0.5519,1
0,0,,V,-7(b),V,0,
-0.02681,-0.001424,3,L,-6(b),-,,
-0.5776,-0.0407,5,L,-6(b),F,-0.1032,1
3.367,0.05104,3,L,-6(b),H,,
0,0,,L,-6(b),L,0,
0.2251,0.01058,2,L,-6(b),P,-0.5983,1
-1.442,-0.1647,3,G,-5(b),-,,
1.192,0.03673,3,G,-5(b),C,,
0.2648,0.01222,14,G,-5(b),D,-0.9487,2
0,0,,G,-5(b),G,0,
-0.3705,-0.02342,2,G,-5(b),R,,
0.3253,0.01459,8,G,-5(b),S,,
-3.64,-1.469,4,G,-5(b),V,-1.646,1
-0.8411,-0.06835,2,A,-4(b),-,,
0,0,,A,-4(b),A,0,
1.372,0.03938,2,A,-4(b),P,0.5682,1
-0.5246,-0.03594,5,A,-4(b),S,,
-1.043,-0.09486,1,A,-4(b),T,,
-0.349,-0.02181,8,A,-4(b),V,0.6227,1
-0.4861,-0.03263,2,R,-3(b),-,,
0.5103,0.02102,10,R,-3(b),C,0.4836,1
-0.9934,-0.08783,8,R,-3(b),H,0.2908,1
-0.5204,-0.03557,7,R,-3(b),L,,
0.02331,0.001209,4,R,-3(b),P,,
0,0,,R,-3(b),R,0,
-0.1472,-0.008301,6,R,-3(b),S,0.4508,1
-1.057,-0.09685,2,L,-2(b),-,,
0,0,,L,-2(b),L,0,
0.2153,0.01017,8,L,-2(b),M,-0.07955,2
0.007337,0.0003836,5,L,-2(b),P,,
-0.3349,-0.02078,5,L,-2(b),Q,-0.1669,2
0.2194,0.01034,1,L,-2(b),R,,
-0.868,-0.0716,2,A,-1(b),-,,
0,0,,A,-1(b),A,0,
-1.471,-0.1708,1,A,-1(b),D,,
-0.05279,-0.00284,2,A,-1(b),P,,
-0.5175,-0.03532,5,A,-1(b),S,,
0.04796,0.002455,13,A,-1(b),T,0.051,4
0.0327,0.001687,20,A,-1(b),V,0.0298,2
0.0784,0.003956,3,G,1(b),-,,
1.231,0.03735,4,G,1(b),C,,
0.2556,0.01185,5,G,1(b),D,,
0,0,,G,1(b),G,0,
-0.2939,-0.01786,2,G,1(b),R,,
0.102,0.005088,13,G,1(b),S,0.2555,2
1.714,0.04329,1,G,1(b),T,,
0.3409,0.01518,2,G,1(b),V,,
-7.274,-5.569,5,G,2(b),*,,
-1.099,-0.1031,2,G,2(b),-,,
-0.1159,-0.006435,12,G,2(b),A,0.2273,7
1.66,0.04276,10,G,2(b),C,-0.2139,6
-4.875,-3.194,5,G,2(b),D,-3.105,5
-3.747,-1.595,7,G,2(b),E,-2.871,3
-2.76,-0.687,11,G,2(b),F,-0.5002,7
0,0,,G,2(b),G,0,
-4.284,-2.31,9,G,2(b),H,-2.435,6
-4.991,-3.368,12,G,2(b),I,-3.32,10
-4.781,-3.051,15,G,2(b),K,-3.069,9
-0.8293,-0.06696,8,G,2(b),L,-0.5867,5
-1.046,-0.09526,11,G,2(b),M,-1.21,3
-2.817,-0.7249,11,G,2(b),N,-0.5701,6
-2.852,-0.749,9,G,2(b),P,-0.8434,6
-2.904,-0.7862,9,G,2(b),Q,-0.8429,6
-5.008,-3.394,30,G,2(b),R,-3.336,10
0.3944,0.01713,7,G,2(b),S,0.0505,6
0.4698,0.01971,13,G,2(b),T,-0.2293,10
-3.992,-1.905,18,G,2(b),V,-1.897,8
-6.45,-5.089,8,G,2(b),W,-4.644,6
-5.316,-3.839,5,G,2(b),Y,-3.975,5
-5.579,-4.191,4,E,3(b),*,,
-1.301,-0.137,3,E,3(b),-,,
0.3911,0.01702,15,E,3(b),A,-0.2674,8
1.275,0.03801,8,E,3(b),C,0.1017,6
-0.8677,-0.07156,14,E,3(b),D,-0.5107,6
0,0,,E,3(b),E,0,
-0.4042,-0.026,12,E,3(b),F,-0.09236,8
-1.46,-0.1684,11,E,3(b),G,-0.05563,3
2.257,0.0473,6,E,3(b),H,-0.04054,4
-1.67,-0.2178,11,E,3(b),I,0.4104,6
0.03833,0.001972,29,E,3(b),K,-0.2846,7
-0.6066,-0.04341,11,E,3(b),L,-0.1273,11
-0.1376,-0.007723,9,E,3(b),M,0.2274,4
-0.644,-0.04702,10,E,3(b),N,-0.1227,7
-5.053,-3.46,14,E,3(b),P,-3.443,9
0.5602,0.02257,11,E,3(b),Q,-0.02974,6
-0.6974,-0.0524,16,E,3(b),R,0.4207,9
-1.518,-0.1811,12,E,3(b),S,0.08019,9
-1.326,-0.1417,14,E,3(b),T,0.06048,10
-0.2796,-0.01686,8,E,3(b),V,-0.2741,4
2.285,0.04746,7,E,3(b),W,-0.2123,3
0.4584,0.01934,15,E,3(b),Y,0.0948,8
-13.14,-6.011,3,E,4(b),*,-6,1
-1.152,-0.1113,3,E,4(b),-,,
1.428,0.04011,12,E,4(b),A,-0.1123,9
-0.6295,-0.0456,14,E,4(b),C,0.08688,9
-0.524,-0.03589,10,E,4(b),D,0.3014,4
0,0,,E,4(b),E,0,
3.848,0.05174,14,E,4(b),F,-0.2717,9
-0.7071,-0.05341,6,E,4(b),G,0.4051,4
1.935,0.04519,12,E,4(b),H,0.3815,9
-0.9137,-0.07729,14,E,4(b),I,0.1824,7
0.1969,0.009382,33,E,4(b),K,0.2153,9
-0.1481,-0.008355,9,E,4(b),L,-0.01789,6
-0.4162,-0.02694,10,E,4(b),M,0.1954,7
-1.345,-0.1452,12,E,4(b),N,0.05483,7
-0.965,-0.08399,13,E,4(b),P,-0.004074,9
0.02247,0.001165,17,E,4(b),Q,0.05402,14
0.2032,0.009655,9,E,4(b),R,-0.0847,7
-0.542,-0.03748,7,E,4(b),S,0.2043,3
0.6529,0.02524,13,E,4(b),T,0.1165,7
-0.1412,-0.007941,8,E,4(b),V,-0.008803,1
-2.206,-0.3955,10,E,4(b),W,-0.3091,9
1.454,0.04045,8,E,4(b),Y,0.3568,6
-0.3405,-0.02119,2,T,5(b),-,,
-0.5937,-0.04219,17,T,5(b),A,0.1179,11
-1.132,-0.1082,14,T,5(b),C,0.332,8
1.041,0.03411,8,T,5(b),D,0.01541,7
-2.672,-0.6317,7,T,5(b),E,0.2603,5
-0.175,-0.01001,14,T,5(b),F,0.0578,8
-0.1257,-0.007015,9,T,5(b),G,-0.9443,4
-0.4137,-0.02674,10,T,5(b),H,-0.3326,6
0.2351,0.011,12,T,5(b),I,-0.5374,7
-1.499,-0.1769,6,T,5(b),K,-0.203,6
-1.138,-0.1091,9,T,5(b),L,-0.02783,7
-2.581,-0.5786,7,T,5(b),M,-0.3205,6
-2.127,-0.3639,4,T,5(b),N,-0.1831,2
-1.686,-0.2221,12,T,5(b),P,-0.8299,3
0.7926,0.02883,10,T,5(b),Q,-0.3583,4
0.05747,0.002929,18,T,5(b),R,0.04179,14
0.3969,0.01722,11,T,5(b),S,0.3404,6
0,0,,T,5(b),T,0,
1.141,0.03588,9,T,5(b),V,-0.1245,8
0.1341,0.006588,7,T,5(b),W,-0.1112,6
-0.1913,-0.01103,6,T,5(b),Y,-0.02278,4
-5.853,-4.52,2,K,6(b),*,,
-0.3169,-0.01949,2,K,6(b),-,,
-0.659,-0.04851,6,K,6(b),A,-0.113,4
0.159,0.007714,9,K,6(b),C,0.08723,6
0.3038,0.01376,6,K,6(b),D,-0.3145,5
-0.539,-0.03721,18,K,6(b),E,-0.09916,8
1.898,0.04489,7,K,6(b),F,0.7144,6
-0.6315,-0.0458,10,K,6(b),G,0.23,5
0.9735,0.0328,6,K,6(b),H,0.3872,6
-0.4216,-0.02736,8,K,6(b),I,0.233,5
0,0,,K,6(b),K,0,
-0.2011,-0.01165,12,K,6(b),L,-0.4372,5
-0.5436,-0.03762,6,K,6(b),M,-0.9532,2
-1.516,-0.1806,13,K,6(b),N,-0.1001,8
-0.3148,-0.01933,9,K,6(b),P,0.058,5
-0.6404,-0.04666,10,K,6(b),Q,0.1342,6
-0.4671,-0.03105,19,K,6(b),R,0.2227,9
0.4905,0.02039,10,K,6(b),S,-0.09129,6
0.6208,0.02434,7,K,6(b),T,0.0366,2
-0.4789,-0.03203,8,K,6(b),V,-0.08521,4
-1.148,-0.1106,6,K,6(b),W,-0.6639,3
-1.646,-0.2117,16,K,6(b),Y,-0.1751,9
-1.475,-0.1717,2,G,7(b),-,,
1.504,0.04105,3,G,7(b),A,0.9358,2
-1.158,-0.1123,18,G,7(b),C,0.0983,9
-0.91,-0.07682,20,G,7(b),D,-0.4626,11
0.05289,0.002702,11,G,7(b),E,-0.3809,6
-0.1918,-0.01106,14,G,7(b),F,0.03277,12
0,0,,G,7(b),G,0,
-1.21,-0.121,15,G,7(b),H,0.1452,11
1.092,0.03503,8,G,7(b),I,0.2933,8
-0.683,-0.05093,9,G,7(b),K,-0.2388,5
-1.892,-0.2814,12,G,7(b),L,-0.04714,9
-2.035,-0.3298,9,G,7(b),M,-0.5216,5
2.3,0.04754,14,G,7(b),N,0.1974,11
1.431,0.04016,9,G,7(b),P,0.3851,8
-0.3821,-0.0243,12,G,7(b),Q,-0.6512,7
0.4471,0.01896,14,G,7(b),R,-0.2824,7
-1.126,-0.1073,11,G,7(b),S,-0.1897,4
0.9149,0.03159,2,G,7(b),T,0.2469,2
-1.27,-0.1314,7,G,7(b),V,0.1358,4
1.387,0.03958,10,G,7(b),W,0.08378,7
-0.6664,-0.04924,10,G,7(b),Y,-0.46,2
-0.7652,-0.05965,2,F,8(b),-,,
-3.823,-1.687,9,F,8(b),A,-1.517,7
-3.776,-1.63,5,F,8(b),C,-0.8791,2
-5.534,-4.133,7,F,8(b),D,-4.061,2
-8.708,-5.901,14,F,8(b),E,-4.675,7
0,0,,F,8(b),F,0,
-4.461,-2.569,14,F,8(b),G,-2.583,10
-3.57,-1.39,8,F,8(b),H,-1.177,4
-0.7785,-0.06113,10,F,8(b),I,0.06974,7
-6.617,-5.212,13,F,8(b),K,-5.108,10
-1.77,-0.245,27,F,8(b),L,-0.3603,16
-2.395,-0.481,14,F,8(b),M,-0.1945,8
-4.614,-2.799,14,F,8(b),N,-2.603,7
-4.992,-3.369,9,F,8(b),P,-3.487,5
-4.661,-2.871,7,F,8(b),Q,-2.963,5
-7.472,-5.644,9,F,8(b),R,-4.368,3
-4.855,-3.164,12,F,8(b),S,-2.699,2
-3.465,-1.278,11,F,8(b),T,-1.178,7
-1.369,-0.1498,9,F,8(b),V,-0.08474,5
-2.575,-0.5749,8,F,8(b),W,-0.5545,6
-0.5305,-0.03646,14,F,8(b),Y,-0.2193,5
-3.021,-0.8742,4,F,9(b),-,,
-2.055,-0.3367,6,F,9(b),A,-0.1608,5
-2.401,-0.4836,13,F,9(b),C,-0.2578,8
-1.907,-0.2863,13,F,9(b),D,0.4887,5
-0.9963,-0.08823,12,F,9(b),E,-0.2247,9
0,0,,F,9(b),F,0,
-3.329,-1.142,7,F,9(b),G,-1.13,3
-0.09725,-0.005349,7,F,9(b),H,-0.1066,5
-2.915,-0.7938,13,F,9(b),I,-0.7808,6
-4.44,-2.537,8,F,9(b),K,-2.537,6
-3.161,-0.9894,8,F,9(b),L,-0.7966,4
-2.721,-0.6623,11,F,9(b),M,-0.4284,7
-2.276,-0.4254,14,F,9(b),N,-0.3762,10
-8.751,-5.905,9,F,9(b),P,-6,7
-1.874,-0.2757,8,F,9(b),Q,-0.4485,6
-3.119,-0.954,8,F,9(b),R,-0.9997,5
-3.126,-0.9598,10,F,9(b),S,-0.9089,2
-3.005,-0.8614,11,F,9(b),T,-0.7485,5
-2.97,-0.8351,11,F,9(b),V,-0.7141,7
-0.9036,-0.07601,5,F,9(b),W,0.3753,1
0.2151,0.01016,10,F,9(b),Y,-0.1973,8
-8.04,-5.798,8,Q,10(b),*,-6,2
-3.41,-1.222,4,Q,10(b),-,,
-2.504,-0.536,10,Q,10(b),A,-0.3311,4
-1.321,-0.1407,13,Q,10(b),C,-0.1395,11
-2.143,-0.3702,8,Q,10(b),D,-0.2238,4
-0.8991,-0.07544,8,Q,10(b),E,-0.271,4
-1.947,-0.2994,13,Q,10(b),F,-0.3702,10
-4.256,-2.269,10,Q,10(b),G,-2.103,5
-0.9858,-0.08679,17,Q,10(b),H,0.02197,5
-1.139,-0.1092,10,Q,10(b),I,-0.05266,7
-4.679,-2.897,8,Q,10(b),K,-3.162,5
-0.8774,-0.07275,18,Q,10(b),L,-0.2552,10
-1.243,-0.1266,15,Q,10(b),M,-0.0909,10
-3.302,-1.117,4,Q,10(b),N,-1.141,2
-12.92,-6.011,17,Q,10(b),P,-6,8
0,0,,Q,10(b),Q,0,
-5.228,-3.715,23,Q,10(b),R,-3.419,7
-1.814,-0.2578,6,Q,10(b),S,0.1937,4
2.304,0.04756,12,Q,10(b),T,-0.5966,9
-2.223,-0.403,11,Q,10(b),V,0.2839,4
-4.562,-2.721,16,Q,10(b),W,-2.629,11
-4.454,-2.559,14,Q,10(b),Y,-2.632,11
-7.457,-5.639,3,E,11(b),*,,
-1.956,-0.3022,3,E,11(b),-,,
-1.498,-0.1768,13,E,11(b),A,-0.4179,7
-2.963,-0.8296,9,E,11(b),C,-0.4814,6
-2.079,-0.3458,19,E,11(b),D,-0.4412,9
0,0,,E,11(b),E,0,
-2.697,-0.6473,13,E,11(b),F,-1.118,6
-2.216,-0.3997,10,E,11(b),G,-0.6207,5
-2.708,-0.6541,12,E,11(b),H,-0.6848,8
-2.465,-0.5159,9,E,11(b),I,-0.3826,6
-3.241,-1.06,20,E,11(b),K,-1.326,8
-3.605,-1.43,12,E,11(b),L,-1.291,10
-0.0745,-0.004052,16,E,11(b),M,0.1214,9
-2.57,-0.5724,8,E,11(b),N,-0.7208,5
-4.461,-2.569,13,E,11(b),P,-2.394,8
-2.306,-0.4391,9,E,11(b),Q,-0.1161,4
-2.354,-0.461,6,E,11(b),R,-0.3073,3
0.03155,0.001629,16,E,11(b),S,-0.1957,8
-2.841,-0.7416,11,E,11(b),T,-0.6673,10
-1.038,-0.09405,11,E,11(b),V,0.0266,6
-3.636,-1.465,11,E,11(b),W,-1.336,9
-3.094,-0.9326,9,E,11(b),Y,-1.198,8
-0.07137,-0.003875,2,M,12(b),-,,
-1.28,-0.1332,15,M,12(b),A,-0.2364,10
-0.648,-0.04741,9,M,12(b),C,-0.3613,4
-2.538,-0.5547,9,M,12(b),D,-0.7957,6
-2.064,-0.3402,12,M,12(b),E,-0.4337,9
-2.969,-0.8341,14,M,12(b),F,-1.167,8
-2.657,-0.6225,6,M,12(b),G,-0.6693,4
-3.203,-1.026,4,M,12(b),H,-1.214,2
-1.409,-0.1579,13,M,12(b),I,-0.4308,6
-5.196,-3.67,11,M,12(b),K,-3.472,5
-0.8531,-0.06979,10,M,12(b),L,0.2243,4
0,0,,M,12(b),M,0,
-2.553,-0.563,13,M,12(b),N,-0.8573,7
-12.56,-6.01,7,M,12(b),P,-6,4
-1.182,-0.1162,7,M,12(b),Q,-0.3048,4
-4.385,-2.457,12,M,12(b),R,-2.77,8
-2.064,-0.3402,10,M,12(b),S,-0.3647,8
-0.3745,-0.02372,17,M,12(b),T,0.01416,5
-0.1566,-0.008874,8,M,12(b),V,0.6603,4
-2.045,-0.3334,10,M,12(b),W,-1.151,6
-3.129,-0.9618,13,M,12(b),Y,-0.8909,8
-0.2348,-0.01384,1,V,13(b),-,,
-1.778,-0.2471,14,V,13(b),A,-0.06071,8
-1.727,-0.2329,12,V,13(b),C,-0.1628,7
-4.69,-2.914,9,V,13(b),D,-3.628,6
-4.326,-2.371,13,V,13(b),E,-2.456,9
-2.465,-0.5159,8,V,13(b),F,-0.416,3
-4.301,-2.334,12,V,13(b),G,-2.151,6
-3.02,-0.873,9,V,13(b),H,-0.9459,6
-0.4461,-0.02933,4,V,13(b),I,-1.509,2
-3.379,-1.191,14,V,13(b),K,-1.345,6
-2.447,-0.5064,19,V,13(b),L,-0.8737,10
-1.422,-0.1606,9,V,13(b),M,-0.2269,2
-3.4,-1.212,9,V,13(b),N,-1.443,5
-12.65,-6.01,9,V,13(b),P,-6,6
-3.725,-1.568,13,V,13(b),Q,-1.815,11
-4.581,-2.749,11,V,13(b),R,-2.703,7
-2.08,-0.346,6,V,13(b),S,0.01047,5
-1.346,-0.1455,12,V,13(b),T,-0.1695,7
0,0,,V,13(b),V,0,
5.965,0.05275,7,V,13(b),W,-1.147,4
-2.885,-0.7721,10,V,13(b),Y,-0.5614,5
0.3138,0.01415,1,A,14(b),-,,
0,0,,A,14(b),A,0,
-0.5355,-0.0369,6,A,14(b),C,0.1973,5
-1.194,-0.1182,8,A,14(b),D,-0.2291,4
-1.75,-0.2392,9,A,14(b),E,-0.3559,5
-3.239,-1.059,7,A,14(b),F,-1.243,4
2.606,0.04895,6,A,14(b),G,0.425,4
-0.5047,-0.03422,10,A,14(b),H,0.127,6
-1.702,-0.2262,8,A,14(b),I,-0.4,6
-0.009656,-0.0005083,5,A,14(b),K,0.3016,2
-2.115,-0.3592,13,A,14(b),L,-0.2184,9
-1.39,-0.1539,7,A,14(b),M,-0.1931,4
-1.022,-0.09184,11,A,14(b),N,-0.02372,9
-10.97,-6.001,10,A,14(b),P,-5.659,6
-1.181,-0.1161,10,A,14(b),Q,0.2438,6
-1.147,-0.1106,13,A,14(b),R,-0.2912,5
0.03371,0.001738,15,A,14(b),S,-0.00065,8
-0.507,-0.03442,26,A,14(b),T,-0.2845,10
-1.875,-0.2761,18,A,14(b),V,-0.2668,12
-3.549,-1.368,12,A,14(b),W,-1.353,8
-3.359,-1.172,9,A,14(b),Y,-1.302,6
-1.225,-0.1235,2,F,15(b),-,,
-1.155,-0.1119,9,F,15(b),A,0.4062,5
-2.014,-0.3221,6,F,15(b),C,-0.5138,4
-4.997,-3.377,14,F,15(b),D,-3.276,8
-4.922,-3.265,9,F,15(b),E,-3.536,6
0,0,,F,15(b),F,0,
-1.914,-0.2883,9,F,15(b),G,0.0077,4
-2.685,-0.6399,11,F,15(b),H,-0.757,6
-2.892,-0.777,13,F,15(b),I,-1.083,8
-3.635,-1.464,7,F,15(b),K,-1.605,6
-0.767,-0.05985,11,F,15(b),L,-0.2244,4
-1.334,-0.143,5,F,15(b),M,-0.08493,2
-1.926,-0.2923,9,F,15(b),N,-1.179,6
-5.383,-3.932,11,F,15(b),P,-3.656,5
-3.068,-0.912,8,F,15(b),Q,-1.252,5
-3.306,-1.121,9,F,15(b),R,-1.305,5
-0.7036,-0.05305,11,F,15(b),S,-0.7708,6
-3.517,-1.333,6,F,15(b),T,-1.466,5
-2.154,-0.3744,5,F,15(b),V,-1.327,2
-2.879,-0.7677,13,F,15(b),W,-1.012,9
-1.479,-0.1725,8,F,15(b),Y,-0.7063,5
-8.252,-5.838,7,E,16(b),*,,
-1.777,-0.247,2,E,16(b),-,,
-3.229,-1.05,18,E,16(b),A,-1.185,12
-4.163,-2.137,11,E,16(b),C,-2.064,8
-1.817,-0.2584,21,E,16(b),D,-0.3834,12
0,0,,E,16(b),E,0,
-4.914,-3.252,18,E,16(b),F,-3.111,16
-4.087,-2.032,19,E,16(b),G,-1.929,4
-3.887,-1.767,6,E,16(b),H,-1.551,5
-4.269,-2.288,14,E,16(b),I,-2.236,9
-4.32,-2.362,32,E,16(b),K,-2.503,13
-4.999,-3.379,12,E,16(b),L,-3.378,8
-4.551,-2.704,9,E,16(b),M,-2.486,5
-4.118,-2.075,16,E,16(b),N,-2.146,14
-8.926,-5.922,10,E,16(b),P,-6,6
-1.99,-0.3138,7,E,16(b),Q,-0.6455,6
-4.658,-2.865,6,E,16(b),R,-3.057,1
-2.846,-0.7452,6,E,16(b),S,-0.2684,3
-3.168,-0.9957,10,E,16(b),T,-1.348,4
-4.079,-2.021,19,E,16(b),V,-1.611,12
-14.17,-6.012,13,E,16(b),W,-4.717,7
-4.119,-2.076,11,E,16(b),Y,-2.05,8
0.3622,0.01597,1,C,17(b),-,,
-4.878,-3.199,8,C,17(b),A,-3.329,4
0,0,,C,17(b),C,0,
-9.428,-5.958,11,C,17(b),D,-6,8
-7.853,-5.756,6,C,17(b),E,-6,5
-5.158,-3.614,13,C,17(b),F,-3.335,6
-11.51,-6.006,6,C,17(b),G,-5.528,3
-7.561,-5.674,8,C,17(b),H,-6,4
-4.182,-2.164,7,C,17(b),I,-2.075,3
-8.424,-5.865,11,C,17(b),K,-6,5
-4.975,-3.344,12,C,17(b),L,-3.252,8
-4.687,-2.909,15,C,17(b),M,-2.854,10
-8.432,-5.866,16,C,17(b),N,-6,9
-8.861,-5.916,14,C,17(b),P,-6,8
-8.323,-5.85,8,C,17(b),Q,-6,7
-8.232,-5.834,19,C,17(b),R,-6,14
-7.911,-5.77,19,C,17(b),S,-6,10
-6.153,-4.832,9,C,17(b),T,-4.589,5
-4.082,-2.025,4,C,17(b),V,-1.778,3
-7.443,-5.634,8,C,17(b),W,-5.938,4
-5.146,-3.597,20,C,17(b),Y,-3.887,3
-0.7221,-0.05499,1,H,18(b),-,,
-1.359,-0.1479,6,H,18(b),A,-0.3365,3
-2.798,-0.712,12,H,18(b),C,-0.6504,8
-2.515,-0.5422,8,H,18(b),D,-0.3232,7
-2.273,-0.4243,12,H,18(b),E,-0.4191,8
-2.264,-0.4204,5,H,18(b),F,-0.2049,5
-3.631,-1.459,16,H,18(b),G,-1.314,7
0,0,,H,18(b),H,0,
-1.184,-0.1165,17,H,18(b),I,0.001278,9
-1.264,-0.1302,14,H,18(b),K,-0.507,5
-2.249,-0.414,9,H,18(b),L,-0.4891,3
-2.279,-0.4268,9,H,18(b),M,-0.6388,6
-2.4,-0.4833,20,H,18(b),N,-0.07955,14
-12.89,-6.011,13,H,18(b),P,-5.033,7
-0.5214,-0.03566,9,H,18(b),Q,0.015,2
-1.085,-0.1009,17,H,18(b),R,-0.3827,7
-1.855,-0.27,6,H,18(b),S,0.2208,4
-2.591,-0.5839,11,H,18(b),T,-0.9595,9
-2.649,-0.6182,10,H,18(b),V,-0.7681,6
-0.8873,-0.07396,6,H,18(b),W,-0.366,5
-1.525,-0.1827,8,H,18(b),Y,-0.1327,4
-6.369,-5.024,1,Y,19(b),*,,
-0.9275,-0.07905,2,Y,19(b),-,,
-3.901,-1.785,6,Y,19(b),A,-1.848,3
-3.502,-1.318,15,Y,19(b),C,-1.343,8
-5.201,-3.675,7,Y,19(b),D,-3.509,4
-4.567,-2.727,12,Y,19(b),E,-2.955,9
-0.7031,-0.053,14,Y,19(b),F,-0.4163,7
-3.837,-1.705,13,Y,19(b),G,-1.468,7
-2.867,-0.7596,13,Y,19(b),H,-0.6629,6
-2.942,-0.8141,9,Y,19(b),I,-0.8664,6
-3.856,-1.728,13,Y,19(b),K,-1.589,7
-2.166,-0.3792,13,Y,19(b),L,-0.2628,11
-2.194,-0.3909,13,Y,19(b),M,-0.4763,8
-3.594,-1.417,11,Y,19(b),N,-1.683,5
-5.193,-3.665,5,Y,19(b),P,-3.355,4
-3.567,-1.387,9,Y,19(b),Q,-1.579,6
-3.623,-1.45,6,Y,19(b),R,-1.459,5
-3.548,-1.366,6,Y,19(b),S,-1.298,5
-3.485,-1.299,9,Y,19(b),T,-1.267,7
-2.887,-0.774,6,Y,19(b),V,-0.8307,2
-2.122,-0.3618,15,Y,19(b),W,-0.7368,9
0,0,,Y,19(b),Y,0,
0.1007,0.005025,1,L,20(b),-,,
-0.4017,-0.02581,8,L,20(b),A,-0.04813,5
-0.5241,-0.0359,7,L,20(b),C,-0.05205,5
1.757,0.04369,11,L,20(b),D,0.3672,11
-0.1346,-0.00754,6,L,20(b),E,0.2339,5
-1.459,-0.1682,4,L,20(b),F,0.1272,3
-0.8981,-0.07532,12,L,20(b),G,-0.1863,4
-0.3616,-0.02275,13,L,20(b),H,0.145,8
1.043,0.03413,12,L,20(b),I,0.2108,6
-1.179,-0.1158,8,L,20(b),K,-0.1542,5
0,0,,L,20(b),L,0,
-0.6564,-0.04824,7,L,20(b),M,-0.2539,5
0.4822,0.02012,11,L,20(b),N,-0.1534,8
-1.631,-0.208,22,L,20(b),P,0.08655,8
1.03,0.03389,11,L,20(b),Q,-0.02177,8
-0.496,-0.03347,20,L,20(b),R,0.09454,14
1.348,0.03906,7,L,20(b),S,0.5168,3
0.7968,0.02893,13,L,20(b),T,-0.2407,7
-0.4117,-0.02659,14,L,20(b),V,-0.231,8
-1.495,-0.176,10,L,20(b),W,-0.01885,5
-1.037,-0.09399,14,L,20(b),Y,0.358,6
0.02912,0.001505,1,N,21(b),-,,
0.09438,0.004725,12,N,21(b),A,-0.01393,9
-2.306,-0.4389,6,N,21(b),C,-0.5682,5
-0.5294,-0.03636,10,N,21(b),D,0.1712,5
-1.557,-0.19,18,N,21(b),E,-0.1696,12
-2.709,-0.6549,14,N,21(b),F,-0.5186,8
-2.132,-0.3659,11,N,21(b),G,0.1033,7
-1.212,-0.1212,11,N,21(b),H,-0.06983,7
-2.88,-0.7688,10,N,21(b),I,-0.8638,8
-2.406,-0.4859,14,N,21(b),K,-0.142,5
-2.742,-0.6757,16,N,21(b),L,-0.6726,9
-2.423,-0.4948,13,N,21(b),M,-0.4315,8
0,0,,N,21(b),N,0,
0.8754,0.03073,10,N,21(b),P,0.3945,4
-1.548,-0.1881,13,N,21(b),Q,-0.1695,10
-2.703,-0.6507,10,N,21(b),R,-0.5072,8
1.458,0.0405,13,N,21(b),S,0.262,10
-2.409,-0.4876,10,N,21(b),T,-0.4494,6
-2.733,-0.6698,11,N,21(b),V,-0.9826,4
-2.876,-0.766,11,N,21(b),W,-0.4426,5
-0.8317,-0.06724,6,N,21(b),Y,-0.3693,2
-0.05575,-0.003004,1,G,22(b),*,,
0.1259,0.006207,1,G,22(b),-,,
-0.2958,-0.01799,12,G,22(b),A,0.2147,6
-3.002,-0.8593,11,G,22(b),C,-0.7667,10
-1.17,-0.1142,10,G,22(b),D,0.1454,5
-1.227,-0.1238,43,G,22(b),E,-0.203,11
-0.7695,-0.06013,17,G,22(b),F,-0.2426,11
0,0,,G,22(b),G,0,
-1.746,-0.2381,6,G,22(b),H,-0.2188,3
-2.088,-0.3492,15,G,22(b),I,-0.5608,11
-0.7832,-0.06166,6,G,22(b),K,0.4361,3
0.4599,0.01939,9,G,22(b),L,-0.0418,6
-2.237,-0.4089,12,G,22(b),M,0.0801,8
-0.5278,-0.03622,11,G,22(b),N,-0.3373,6
-2.448,-0.5071,7,G,22(b),P,-0.8199,5
0.1471,0.007178,17,G,22(b),Q,-0.07831,15
-0.8529,-0.06976,26,G,22(b),R,-0.1084,11
-1.559,-0.1905,7,G,22(b),S,-0.09371,6
-2.875,-0.7652,9,G,22(b),T,0.0219,5
-1.191,-0.1177,17,G,22(b),V,0.1273,11
-0.7188,-0.05465,8,G,22(b),W,0.2593,7
-0.7109,-0.05381,8,G,22(b),Y,0.1663,4
-0.8549,-0.07001,1,T,23(b),-,,
-1.318,-0.1401,11,T,23(b),A,0.4686,5
-3.154,-0.9838,6,T,23(b),C,-1.204,5
-1.254,-0.1284,12,T,23(b),D,-0.1091,8
-2.747,-0.6788,14,T,23(b),E,-0.5114,9
0.4237,0.01816,9,T,23(b),F,-0.1869,3
-0.19,-0.01095,10,T,23(b),G,0.04183,8
-2.507,-0.5378,12,T,23(b),H,-0.3394,8
-1.455,-0.1674,21,T,23(b),I,-0.2922,9
-0.6269,-0.04535,6,T,23(b),K,-0.1444,4
-0.5136,-0.03499,11,T,23(b),L,0.2672,6
1.115,0.03543,7,T,23(b),M,0.0349,6
-1.408,-0.1577,7,T,23(b),N,-0.1343,3
0.1298,0.00639,11,T,23(b),P,0.05334,7
-1.992,-0.3146,15,T,23(b),Q,-0.1394,10
-0.3873,-0.02469,10,T,23(b),R,-0.04231,5
1.567,0.04177,14,T,23(b),S,0.301,10
0,0,,T,23(b),T,0,
-0.9807,-0.0861,17,T,23(b),V,-0.1258,10
-2.941,-0.8127,9,T,23(b),W,-0.5785,4
-1.456,-0.1677,11,T,23(b),Y,0.5822,4
-6.867,-5.37,6,E,24(b),*,,
-0.5941,-0.04224,1,E,24(b),-,,
-1.144,-0.1101,11,E,24(b),A,-0.1647,7
-3.388,-1.2,20,E,24(b),C,-1.242,14
-0.9707,-0.08475,8,E,24(b),D,0.232,4
0,0,,E,24(b),E,0,
-1.756,-0.241,9,E,24(b),F,-1.187,4
-0.06863,-0.003722,7,E,24(b),G,-0.4636,3
-0.2399,-0.01418,10,E,24(b),H,0.0627,8
-2.275,-0.4252,11,E,24(b),I,-0.3288,6
-0.557,-0.03883,25,E,24(b),K,-0.2772,10
-2.628,-0.6056,5,E,24(b),L,-0.734,4
-0.112,-0.006207,10,E,24(b),M,-0.1757,5
0.2209,0.01041,19,E,24(b),N,-0.08662,12
-0.8494,-0.06935,17,E,24(b),P,0.1259,11
1.649,0.04264,18,E,24(b),Q,0.01139,8
-2.099,-0.3532,11,E,24(b),R,-0.06135,8
-0.092,-0.005047,15,E,24(b),S,-0.1351,8
-0.3707,-0.02343,11,E,24(b),T,0.2002,9
-1.377,-0.1515,7,E,24(b),V,-0.7077,4
-2.098,-0.3526,11,E,24(b),W,-0.3951,5
0.1801,0.008654,10,E,24(b),Y,0.2213,6
-19.53,-6.013,33,Q,25(b),*,-6,4
0.04359,0.002237,1,Q,25(b),-,,
0.2338,0.01095,11,Q,25(b),A,0.4648,8
1.271,0.03795,10,Q,25(b),C,-0.5166,7
-0.2863,-0.01732,9,Q,25(b),D,-0.1315,3
0.5774,0.02308,9,Q,25(b),E,-0.42,6
0.7618,0.02808,8,Q,25(b),F,-0.4286,5
-1.929,-0.2933,8,Q,25(b),G,-0.3674,4
-0.09212,-0.005054,12,Q,25(b),H,0.3314,4
-1.959,-0.3033,14,Q,25(b),I,-0.3107,8
0.123,0.006074,13,Q,25(b),K,0.1792,5
-2.836,-0.7383,6,Q,25(b),L,-0.4815,4
0.2102,0.009956,11,Q,25(b),M,-0.5127,5
-0.217,-0.01267,10,Q,25(b),N,0.4633,6
-1.288,-0.1345,11,Q,25(b),P,0.2547,5
0,0,,Q,25(b),Q,0,
-0.6427,-0.04689,19,Q,25(b),R,0.1474,11
-0.8072,-0.06439,13,Q,25(b),S,0.331,6
-0.3024,-0.01845,10,Q,25(b),T,-0.1095,7
0.3819,0.01669,15,Q,25(b),V,0.003911,9
-2.257,-0.4175,13,Q,25(b),W,-0.5065,8
-1.336,-0.1436,8,Q,25(b),Y,-0.008075,4
0.3136,0.01414,1,V,26(b),-,,
-0.5364,-0.03698,12,V,26(b),A,-0.6701,7
-3.746,-1.593,14,V,26(b),C,-1.724,8
-3.918,-1.808,7,V,26(b),D,-1.933,4
-3.862,-1.736,15,V,26(b),E,-1.901,8
-0.8952,-0.07494,6,V,26(b),F,0.2025,5
-1.339,-0.144,11,V,26(b),G,-0.2127,8
0.5364,0.02184,11,V,26(b),H,0.3204,8
1.237,0.03744,13,V,26(b),I,0.5435,9
-2.896,-0.7805,10,V,26(b),K,-0.9164,6
-0.6037,-0.04313,7,V,26(b),L,0.03705,2
0.3714,0.01631,23,V,26(b),M,0.03816,12
-2.629,-0.6059,10,V,26(b),N,-0.8256,7
-0.1281,-0.007154,10,V,26(b),P,-0.1362,6
-2.274,-0.4246,11,V,26(b),Q,0.06096,5
-0.1506,-0.008507,3,V,26(b),R,-0.2205,2
0.319,0.01435,8,V,26(b),S,0.1663,6
-0.1513,-0.008552,9,V,26(b),T,0.0132,7
0,0,,V,26(b),V,0,
-2.888,-0.7746,10,V,26(b),W,-0.7112,8
0.8106,0.02926,8,V,26(b),Y,0.2038,5
-0.3826,-0.02433,1,R,27(b),-,,
-2.252,-0.4153,10,R,27(b),A,-0.5912,5
-8.278,-5.842,10,R,27(b),C,-6,8
-4.071,-2.011,14,R,27(b),D,-2.04,10
-3.661,-1.493,8,R,27(b),E,-1.795,6
-3.828,-1.693,16,R,27(b),F,-1.593,11
-3.531,-1.349,10,R,27(b),G,-1.464,8
0.1219,0.006024,12,R,27(b),H,-0.1117,11
-3.55,-1.369,10,R,27(b),I,-1.385,8
-1.163,-0.1131,7,R,27(b),K,0.007864,3
-1.795,-0.252,12,R,27(b),L,-0.5084,8
-2.992,-0.8513,11,R,27(b),M,-0.7189,8
-2.121,-0.3618,9,R,27(b),N,-0.4052,7
-8.219,-5.832,14,R,27(b),P,-5.775,7
-1.29,-0.135,19,R,27(b),Q,-0.1694,6
0,0,,R,27(b),R,0,
-2.015,-0.3224,19,R,27(b),S,-0.2917,11
-2.821,-0.7279,10,R,27(b),T,-0.889,5
-3.184,-1.01,14,R,27(b),V,-1.145,8
-2.376,-0.4714,23,R,27(b),W,-0.7499,6
-3.171,-0.9983,6,R,27(b),Y,-0.3907,3
-8.138,-5.818,2,Y,28(b),*,,
-1.114,-0.1053,2,Y,28(b),-,,
0.1462,0.007139,13,Y,28(b),A,0.1961,8
-2.734,-0.6702,12,Y,28(b),C,-1.061,4
-5.52,-4.114,11,Y,28(b),D,-4.014,10
-2.447,-0.5068,8,Y,28(b),E,-0.1521,7
-0.7518,-0.05818,11,Y,28(b),F,-0.2312,5
3.327,0.05097,11,Y,28(b),G,0.8533,7
1.826,0.0443,9,Y,28(b),H,-0.2363,6
2.695,0.04928,7,Y,28(b),I,-0.1615,5
-1.089,-0.1016,10,Y,28(b),K,-0.04787,5
0.6071,0.02395,8,Y,28(b),L,0.1077,5
0.5739,0.02298,10,Y,28(b),M,-0.201,6
-1.933,-0.2945,11,Y,28(b),N,-0.6517,5
-4.436,-2.532,6,Y,28(b),P,-2.116,3
-1.909,-0.2867,7,Y,28(b),Q,-0.007891,3
-3.128,-0.961,9,Y,28(b),R,-0.9739,6
-1.767,-0.244,8,Y,28(b),S,0.2716,3
0.8202,0.02948,9,Y,28(b),T,0.3726,3
-1.028,-0.09266,16,Y,28(b),V,-0.04333,9
1.608,0.04221,12,Y,28(b),W,0.4365,8
0,0,,Y,28(b),Y,0,
-0.7466,-0.05762,2,L,29(b),-,,
-0.9467,-0.08156,14,L,29(b),A,0.2382,11
0.02038,0.001058,8,L,29(b),C,-0.03365,5
-3.18,-1.006,3,L,29(b),D,-0.6752,2
-0.4637,-0.03077,5,L,29(b),E,-0.4974,2
-0.9272,-0.07901,14,L,29(b),F,0.1481,8
-1.985,-0.3119,6,L,29(b),G,-0.1287,4
-0.7796,-0.06126,8,L,29(b),H,0.0407,6
0.5704,0.02287,9,L,29(b),I,0.6373,5
-0.1697,-0.00968,5,L,29(b),K,-0.7263,2
0,0,,L,29(b),L,0,
0.1786,0.008586,9,L,29(b),M,0.09814,6
0.2599,0.01202,6,L,29(b),N,0.4395,4
-10.19,-5.987,21,L,29(b),P,-6,7
-0.7054,-0.05324,7,L,29(b),Q,0.1967,5
-1.783,-0.2488,12,L,29(b),R,0.1046,9
-0.3816,-0.02426,6,L,29(b),S,0.1172,3
-1.439,-0.1639,5,L,29(b),T,0.2362,3
0.7351,0.02741,10,L,29(b),V,-0.001375,4
-0.05675,-0.00306,11,L,29(b),W,-0.08027,7
-1.243,-0.1266,11,L,29(b),Y,0.1487,8
-0.7178,-0.05454,3,V,30(b),-,,
0.3459,0.01537,12,V,30(b),A,0.107,9
-4.543,-2.692,11,V,30(b),C,-2.605,8
-8.183,-5.826,14,V,30(b),D,-6,8
-3.867,-1.742,15,V,30(b),E,-1.784,8
-0.4694,-0.03123,8,V,30(b),F,0.0004401,7
-4.471,-2.584,12,V,30(b),G,-2.609,9
-4.319,-2.36,15,V,30(b),H,-2.239,7
1.212,0.03705,14,V,30(b),I,0.1027,12
-3.331,-1.145,8,V,30(b),K,-1.224,6
-1.829,-0.2622,14,V,30(b),L,0.4428,5
-0.3308,-0.02049,11,V,30(b),M,-0.471,4
-4.591,-2.764,12,V,30(b),N,-2.704,6
-29.61,-6.013,8,V,30(b),P,-6,6
-3.118,-0.9531,13,V,30(b),Q,-0.3467,9
-3.673,-1.507,15,V,30(b),R,-1.823,8
-2.831,-0.7345,10,V,30(b),S,-0.6631,5
-1.741,-0.2369,10,V,30(b),T,-0.3559,9
0,0,,V,30(b),V,0,
-1.112,-0.1051,11,V,30(b),W,-0.02815,6
-3.812,-1.674,14,V,30(b),Y,-1.785,7
-3.466,-1.279,1,K,31(b),*,,
-6.088,-4.768,4,K,31(b),-,,
1.241,0.0375,9,K,31(b),A,0.3124,7
-4.8,-3.08,6,K,31(b),C,-3.285,4
-4.033,-1.959,10,K,31(b),D,-1.766,5
-3.046,-0.8939,12,K,31(b),E,-0.5945,5
-2.45,-0.5081,13,K,31(b),F,-0.2919,11
-2.273,-0.4242,9,K,31(b),G,-0.7653,5
-2.078,-0.3455,6,K,31(b),H,-0.2293,5
-3.827,-1.692,6,K,31(b),I,-1.842,3
0,0,,K,31(b),K,0,
-2.903,-0.7854,17,K,31(b),L,-0.6285,12
0.5501,0.02226,11,K,31(b),M,0.0351,6
-2.12,-0.3612,12,K,31(b),N,-0.7141,5
-9.44,-5.958,10,K,31(b),P,-6,5
-2.488,-0.528,10,K,31(b),Q,-0.1727,6
0.6618,0.02548,13,K,31(b),R,-0.1668,8
0.03357,0.001731,10,K,31(b),S,0.1338,8
-1.461,-0.1687,15,K,31(b),T,-0.2193,8
-4.02,-1.941,13,K,31(b),V,-2.192,6
-3.323,-1.137,15,K,31(b),W,-1.117,7
-0.4764,-0.03182,13,K,31(b),Y,0.06831,11
-5.796,-4.454,1,Y,32(b),*,,
-0.5176,-0.03533,3,Y,32(b),-,,
-4.539,-2.686,6,Y,32(b),A,-2.804,4
-4.798,-3.078,26,Y,32(b),C,-3.03,8
-6.965,-5.424,6,Y,32(b),D,-6,5
-8.387,-5.859,8,Y,32(b),E,-6,6
-2.67,-0.6307,16,Y,32(b),F,-1.089,10
-6.183,-4.859,12,Y,32(b),G,-4.827,8
-3.535,-1.353,11,Y,32(b),H,-1.365,7
-4.066,-2.004,8,Y,32(b),I,-2.477,4
-3.68,-1.515,12,Y,32(b),K,-1.407,6
-3.532,-1.349,8,Y,32(b),L,-0.8787,5
-3.421,-1.234,14,Y,32(b),M,-1.427,9
-4.694,-2.92,13,Y,32(b),N,-3.057,6
-11.73,-6.007,10,Y,32(b),P,-6,4
-4.693,-2.918,13,Y,32(b),Q,-3.044,4
-3.301,-1.116,13,Y,32(b),R,-1.411,5
-5.063,-3.475,10,Y,32(b),S,-3.513,3
-4.538,-2.684,9,Y,32(b),T,-2.822,6
-3.386,-1.198,14,Y,32(b),V,-1.035,10
-2.887,-0.7735,7,Y,32(b),W,-0.9074,3
0,0,,Y,32(b),Y,0,
-1.437,-0.1635,4,I,33(b),-,,
0.04793,0.002454,17,I,33(b),A,0.00035,10
-1.071,-0.09897,11,I,33(b),C,-0.2176,5
-6.156,-4.835,16,I,33(b),D,-4.404,9
-4.627,-2.818,10,I,33(b),E,-2.5,7
-0.8966,-0.07512,18,I,33(b),F,-0.2121,10
-2.919,-0.7967,12,I,33(b),G,-0.6039,7
-1.743,-0.2373,9,I,33(b),H,,
0,0,,I,33(b),I,0,
-5.573,-4.182,16,I,33(b),K,-3.971,13
-2.241,-0.4106,12,I,33(b),L,-0.1662,5
2.537,0.04866,9,I,33(b),M,0.1834,6
-3.73,-1.574,11,I,33(b),N,-1.525,7
-8.4,-5.861,15,I,33(b),P,-6,9
-3.8,-1.659,9,I,33(b),Q,-1.709,6
-4.899,-3.23,9,I,33(b),R,-3.487,8
-1.96,-0.3035,8,I,33(b),S,-0.1771,7
-2.454,-0.5102,10,I,33(b),T,-0.2268,6
-0.9002,-0.07558,14,I,33(b),V,-0.3786,5
-3.865,-1.74,7,I,33(b),W,-1.331,4
-1.371,-0.1502,12,I,33(b),Y,-0.1001,6
-1.527,-0.1831,6,H,34(b),-,,
-2.753,-0.6823,11,H,34(b),A,-0.7046,9
-2.009,-0.3203,11,H,34(b),C,-0.246,10
-5.388,-3.938,12,H,34(b),D,-4.041,7
-5.527,-4.124,5,H,34(b),E,-2.984,4
-0.9739,-0.08518,9,H,34(b),F,0.03688,8
-3.187,-1.012,11,H,34(b),G,-0.6136,6
0,0,,H,34(b),H,0,
-4.347,-2.401,11,H,34(b),I,-2.562,6
-4.061,-1.997,9,H,34(b),K,-1.779,5
-3.174,-1.001,12,H,34(b),L,-1.21,5
-2.081,-0.3465,8,H,34(b),M,-0.5748,5
2.682,0.04923,10,H,34(b),N,0.0116,4
-7.849,-5.755,12,H,34(b),P,-6,7
-3.563,-1.383,11,H,34(b),Q,-1.053,6
-2.484,-0.5259,19,H,34(b),R,-1.053,6
3.145,0.05059,9,H,34(b),S,-0.5903,4
-2.719,-0.6607,7,H,34(b),T,-0.6523,6
-4.207,-2.199,11,H,34(b),V,-2.212,9
-1.543,-0.1868,15,H,34(b),W,-0.03566,5
-3.03,-0.8809,9,H,34(b),Y,-0.3245,3
-1.411,-0.1582,7,N,35(b),-,,
-3.393,-1.205,14,N,35(b),A,-1.32,8
-4.002,-1.918,8,N,35(b),C,-1.669,4
-3.499,-1.314,20,N,35(b),D,-1.348,12
-4.186,-2.17,10,N,35(b),E,-1.721,5
-7.523,-5.661,11,N,35(b),F,-5.949,8
-2.372,-0.4695,12,N,35(b),G,0.0008778,5
-4.581,-2.748,12,N,35(b),H,-2.971,5
-5.814,-4.476,9,N,35(b),I,-4.192,6
-5.707,-4.35,14,N,35(b),K,-4.442,6
-4.572,-2.736,12,N,35(b),L,-2.703,6
-4.106,-2.059,6,N,35(b),M,-1.946,3
0,0,,N,35(b),N,0,
-8.467,-5.871,19,N,35(b),P,-6,10
-1.513,-0.18,9,N,35(b),Q,-0.1347,7
-6.135,-4.814,13,N,35(b),R,-4.491,9
-4.195,-2.182,8,N,35(b),S,-2.284,4
-5.728,-4.375,11,N,35(b),T,-4.479,8
-5.868,-4.536,7,N,35(b),V,-4.166,2
-8.469,-5.871,10,N,35(b),W,-6,7
-8.433,-5.866,12,N,35(b),Y,-6,7
-1.268,-0.131,7,R,36(b),-,,
3.347,0.05101,17,R,36(b),A,0.1537,11
-2.781,-0.7009,14,R,36(b),C,-0.6525,11
-2.879,-0.7683,14,R,36(b),D,-0.2491,8
-3.26,-1.078,10,R,36(b),E,-1.014,6
-2.859,-0.7542,10,R,36(b),F,-0.8679,7
2.64,0.04908,9,R,36(b),G,0.2845,5
-0.8405,-0.06828,13,R,36(b),H,0.04331,9
-3.937,-1.831,8,R,36(b),I,-1.608,3
-0.5444,-0.03769,3,R,36(b),K,-0.1099,3
-2.679,-0.6362,14,R,36(b),L,-0.5675,10
-0.1931,-0.01115,13,R,36(b),M,-0.7119,10
-1.37,-0.1501,15,R,36(b),N,-0.09162,10
-7.926,-5.773,9,R,36(b),P,-6,7
0.2475,0.01151,24,R,36(b),Q,-0.1021,13
0,0,,R,36(b),R,0,
0.5048,0.02085,13,R,36(b),S,-0.253,8
-1.407,-0.1574,15,R,36(b),T,-0.2703,9
-4.128,-2.088,13,R,36(b),V,-2.058,11
-3.811,-1.673,21,R,36(b),W,-1.768,11
-3.985,-1.895,9,R,36(b),Y,-1.819,8
-9.856,-5.977,14,Q,37(b),*,,
-5.015,-3.404,7,Q,37(b),-,,
1.346,0.03903,6,Q,37(b),A,0.1712,5
1.017,0.03364,15,Q,37(b),C,0.3692,9
-1.578,-0.1951,12,Q,37(b),D,-0.1615,7
-0.628,-0.04546,8,Q,37(b),E,0.2049,4
-0.3951,-0.02529,10,Q,37(b),F,-0.1065,6
-1.102,-0.1036,15,Q,37(b),G,-0.0401,9
-0.6635,-0.04896,13,Q,37(b),H,0.2248,6
-0.3574,-0.02243,10,Q,37(b),I,0.02905,6
-1.875,-0.2761,9,Q,37(b),K,-0.2564,8
0.8932,0.03112,14,Q,37(b),L,-0.1566,8
-1.143,-0.1099,10,Q,37(b),M,0.03087,5
-0.8399,-0.0682,12,Q,37(b),N,-0.09504,8
-9.226,-5.945,9,Q,37(b),P,-6,3
0,0,,Q,37(b),Q,0,
-0.6955,-0.05221,13,Q,37(b),R,0.2671,4
-4.467,-2.578,4,Q,37(b),S,-3.106,2
-7.933,-5.775,16,Q,37(b),T,-3.268,10
-0.9829,-0.0864,12,Q,37(b),V,-0.003935,6
-0.7496,-0.05795,12,Q,37(b),W,-0.06324,6
-1.997,-0.316,9,Q,37(b),Y,-0.2138,5
-8.255,-5.838,18,Q,38(b),*,-6,2
-1.083,-0.1008,6,Q,38(b),-,,
-1.983,-0.3115,4,Q,38(b),A,-0.2227,3
0.5006,0.02072,10,Q,38(b),C,0.3531,7
-2.358,-0.4628,8,Q,38(b),D,-0.3941,7
-1.16,-0.1127,16,Q,38(b),E,0.03251,13
-4.019,-1.941,10,Q,38(b),F,-2.296,5
-2.947,-0.8174,13,Q,38(b),G,-0.5796,8
-4.049,-1.981,9,Q,38(b),H,-1.046,2
-0.6263,-0.0453,21,Q,38(b),I,0.3097,11
-3.418,-1.23,8,Q,38(b),K,-1.596,4
-0.8094,-0.06464,10,Q,38(b),L,0.6467,4
-0.1754,-0.01004,14,Q,38(b),M,0.09276,6
-2.22,-0.4014,13,Q,38(b),N,-0.3605,12
-0.6708,-0.04969,17,Q,38(b),P,-0.05791,11
0,0,,Q,38(b),Q,0,
-3.694,-1.532,17,Q,38(b),R,-1.324,6
-1.889,-0.2806,13,Q,38(b),S,-0.04357,8
0.2451,0.01142,18,Q,38(b),T,0.08921,10
0.3521,0.0156,11,Q,38(b),V,-0.2201,7
-5.399,-3.953,7,Q,38(b),W,-3.742,6
-3.57,-1.391,9,Q,38(b),Y,-1.369,8
-0.7322,-0.05606,7,D,39(b),-,,
-1.134,-0.1085,21,D,39(b),A,0.1313,13
1.354,0.03915,6,D,39(b),C,0.1858,5
0,0,,D,39(b),D,0,
-2.071,-0.3428,12,D,39(b),E,0.1498,7
1.128,0.03567,9,D,39(b),F,0.08103,8
0.6907,0.02626,7,D,39(b),G,-0.006285,5
-1.959,-0.3033,10,D,39(b),H,-0.01773,8
-2.931,-0.8058,6,D,39(b),I,-0.6223,6
-2.732,-0.6691,9,D,39(b),K,-1.032,5
1.89,0.04483,13,D,39(b),L,0.1193,7
-0.1772,-0.01014,8,D,39(b),M,0.1063,6
0.7088,0.02674,19,D,39(b),N,-0.04577,8
-4.469,-2.582,12,D,39(b),P,-2.482,8
0.7532,0.02787,7,D,39(b),Q,0.4297,5
-2.925,-0.8009,5,D,39(b),R,-0.7301,4
1.088,0.03496,17,D,39(b),S,0.2507,12
-0.5367,-0.03701,15,D,39(b),T,-0.01667,10
0.02668,0.001381,8,D,39(b),V,-0.1354,6
1.151,0.03606,11,D,39(b),W,-0.7244,7
-0.2526,-0.01503,13,D,39(b),Y,-0.5093,4
-0.4139,-0.02676,7,V,40(b),-,,
-2.314,-0.4428,10,V,40(b),A,-0.2428,6
1.246,0.03758,4,V,40(b),C,-0.165,1
-5.222,-3.707,4,V,40(b),D,-2.069,2
-10.13,-5.985,13,V,40(b),E,-4.682,9
-0.6522,-0.04783,16,V,40(b),F,-0.3162,6
-4.256,-2.269,11,V,40(b),G,-2.577,7
-3.337,-1.151,12,V,40(b),H,-1.147,8
-1.187,-0.1171,11,V,40(b),I,-0.2225,8
-3.416,-1.228,7,V,40(b),K,-1.309,3
-2.882,-0.7704,15,V,40(b),L,-0.8873,8
-2.159,-0.3767,19,V,40(b),M,-0.461,2
-4.304,-2.339,10,V,40(b),N,-2.293,6
-7.955,-5.78,13,V,40(b),P,-6,5
-5.152,-3.605,6,V,40(b),Q,-3.038,3
-3.545,-1.363,13,V,40(b),R,-1.7,8
-3.311,-1.125,17,V,40(b),S,-1.109,12
-1.339,-0.1441,9,V,40(b),T,-0.156,8
0,0,,V,40(b),V,0,
-0.6616,-0.04876,12,V,40(b),W,-0.2843,5
-3.212,-1.034,8,V,40(b),Y,-1.581,5
-0.2501,-0.01486,6,H,41(b),-,,
-3.794,-1.652,8,H,41(b),A,-1.03,5
-2.132,-0.3659,15,H,41(b),C,-0.691,10
-8.072,-5.805,8,H,41(b),D,-5.772,6
-3.336,-1.15,8,H,41(b),E,-1.162,5
-2.451,-0.5088,5,H,41(b),F,0.01901,1
-3.807,-1.667,19,H,41(b),G,-1.689,11
0,0,,H,41(b),H,0,
-2.914,-0.7929,8,H,41(b),I,-0.9034,7
-3.631,-1.459,7,H,41(b),K,-1.566,6
-1.937,-0.2961,11,H,41(b),L,-0.1114,5
-2.199,-0.3926,8,H,41(b),M,-0.5904,4
-0.119,-0.006614,6,H,41(b),N,-1.183,3
-9.323,-5.952,9,H,41(b),P,-6,5
-2.862,-0.7557,16,H,41(b),Q,-0.9466,10
-3.349,-1.162,9,H,41(b),R,-1.411,4
-1.893,-0.2819,6,H,41(b),S,0.2512,3
-2.066,-0.3407,9,H,41(b),T,-0.368,5
-2.002,-0.318,13,H,41(b),V,-0.4355,9
-2.738,-0.6733,13,H,41(b),W,-0.5012,8
-1.991,-0.3141,25,H,41(b),Y,0.07458,8
-6.138,-4.817,3,Y,42(b),*,,
-0.3896,-0.02487,7,Y,42(b),-,,
-8.638,-5.893,14,Y,42(b),A,-6,6
-5.66,-4.292,15,Y,42(b),C,-4.323,9
-8.678,-5.897,6,Y,42(b),D,-6,4
-6.89,-5.384,18,Y,42(b),E,-6,11
-1.46,-0.1685,15,Y,42(b),F,-0.02116,10
-9.212,-5.944,4,Y,42(b),G,-6,3
-24.83,-6.013,11,Y,42(b),H,-3.668,8
-3.07,-0.9136,13,Y,42(b),I,-0.8506,7
-8.124,-5.815,7,Y,42(b),K,-6,4
1.088,0.03497,9,Y,42(b),L,-0.08928,6
-2.547,-0.5595,10,Y,42(b),M,-0.4001,7
-9.249,-5.947,16,Y,42(b),N,-6,7
-8.673,-5.897,7,Y,42(b),P,-6,4
-7.915,-5.771,4,Y,42(b),Q,-6,2
-7.977,-5.785,10,Y,42(b),R,-6,8
-13.63,-6.012,6,Y,42(b),S,-6,3
-13.89,-6.012,13,Y,42(b),T,-6,9
-4.631,-2.824,10,Y,42(b),V,-2.598,6
-2.929,-0.8045,10,Y,42(b),W,-0.9114,7
0,0,,Y,42(b),Y,0,
-3.783,-1.638,8,D,43(b),-,,
-2.338,-0.4538,13,D,43(b),A,-0.694,7
-3.242,-1.061,7,D,43(b),C,-0.8305,3
0,0,,D,43(b),D,0,
-3.276,-1.093,9,D,43(b),E,-1.667,4
-4.789,-3.064,10,D,43(b),F,-3.072,6
-4.794,-3.071,23,D,43(b),G,-2.932,11
-3.479,-1.293,14,D,43(b),H,-1.238,8
-4.583,-2.752,13,D,43(b),I,-2.695,12
-5.24,-3.732,12,D,43(b),K,-3.24,11
-4.137,-2.101,9,D,43(b),L,-2.101,5
-4.634,-2.829,10,D,43(b),M,-2.766,7
-0.9762,-0.08548,11,D,43(b),N,-0.1211,5
-17.85,-6.013,12,D,43(b),P,-6,8
-4.19,-2.176,8,D,43(b),Q,-2.069,6
-4.642,-2.841,7,D,43(b),R,-2.695,6
0.112,0.005562,10,D,43(b),S,0.2823,5
-3.686,-1.523,12,D,43(b),T,-1.328,11
-4.565,-2.725,7,D,43(b),V,-2.407,2
-4.788,-3.062,8,D,43(b),W,-2.928,5
-4.173,-2.152,8,D,43(b),Y,-1.952,6
-4.01,-1.928,8,S,44(b),-,,
-3.666,-1.5,6,S,44(b),A,-1.632,4
-4.225,-2.225,18,S,44(b),C,-2.064,10
-4.584,-2.753,12,S,44(b),D,-2.667,8
-11.61,-6.006,5,S,44(b),E,-4.184,5
-3.873,-1.75,14,S,44(b),F,-1.818,11
-2.961,-0.8281,15,S,44(b),G,-0.6669,10
-3.603,-1.428,5,S,44(b),H,-1.616,5
-4.674,-2.889,12,S,44(b),I,-3.056,3
-5.517,-4.111,8,S,44(b),K,-4.312,5
-4.831,-3.127,8,S,44(b),L,-3.216,5
-3.971,-1.876,9,S,44(b),M,-1.656,5
-3.653,-1.484,16,S,44(b),N,-1.458,10
-4.272,-2.293,7,S,44(b),P,-2.042,3
-4.605,-2.785,8,S,44(b),Q,-2.872,7
-4.851,-3.157,18,S,44(b),R,-2.982,10
0,0,,S,44(b),S,0,
-2.858,-0.7531,13,S,44(b),T,-0.6431,9
-4.034,-1.96,10,S,44(b),V,-2.617,5
-4.016,-1.936,8,S,44(b),W,-1.776,6
-3.633,-1.462,9,S,44(b),Y,-1.446,8
-0.3591,-0.02256,7,D,45(b),-,,
-0.6534,-0.04795,9,D,45(b),A,0.1014,5
-0.06394,-0.003459,14,D,45(b),C,-0.1335,10
0,0,,D,45(b),D,0,
0.7686,0.02825,9,D,45(b),E,0.04752,6
0.8693,0.0306,10,D,45(b),F,0.2038,8
-0.6996,-0.05263,11,D,45(b),G,-0.1969,5
-2.038,-0.3306,5,D,45(b),H,-0.591,1
-1.375,-0.1511,6,D,45(b),I,-0.6039,3
0.2549,0.01182,8,D,45(b),K,-0.05266,5
-2.106,-0.3558,9,D,45(b),L,0.1012,5
-0.07859,-0.004283,7,D,45(b),M,0.6477,3
-0.5894,-0.04179,19,D,45(b),N,-0.2724,8
-5.078,-3.497,9,D,45(b),P,-3.579,6
0.7386,0.0275,9,D,45(b),Q,0.5007,4
-0.04483,-0.002403,17,D,45(b),R,0.301,10
-1.464,-0.1693,14,D,45(b),S,0.02488,10
-1.617,-0.2045,5,D,45(b),T,-0.2351,4
-0.05764,-0.003108,16,D,45(b),V,0.2457,10
-1.454,-0.1671,16,D,45(b),W,-0.1915,9
-0.6545,-0.04805,12,D,45(b),Y,0.1157,5
-0.5017,-0.03396,8,V,46(b),-,,
-0.2393,-0.01414,9,V,46(b),A,-0.3587,6
-0.4247,-0.02761,13,V,46(b),C,0.2599,8
-0.2854,-0.01727,4,V,46(b),D,-0.2542,3
-1.688,-0.2224,10,V,46(b),E,0.418,7
-0.9447,-0.0813,12,V,46(b),F,0.08025,6
-1.54,-0.1863,9,V,46(b),G,-0.2775,4
-0.791,-0.06254,6,V,46(b),H,0.178,4
-0.6126,-0.04399,15,V,46(b),I,-0.5037,9
-1.658,-0.2148,4,V,46(b),K,-0.1991,4
-0.01935,-0.001024,17,V,46(b),L,-0.1835,5
-1.241,-0.1261,26,V,46(b),M,-0.244,13
-0.4885,-0.03283,13,V,46(b),N,-0.247,6
-1.526,-0.1829,9,V,46(b),P,-0.5192,3
-0.8203,-0.0659,7,V,46(b),Q,-0.06918,5
-0.7737,-0.0606,10,V,46(b),R,-0.09759,9
-2.59,-0.5834,12,V,46(b),S,-0.2733,7
0.9597,0.03252,6,V,46(b),T,0.00691,6
0,0,,V,46(b),V,0,
-1.222,-0.123,12,V,46(b),W,-0.029,9
-0.6166,-0.04437,9,V,46(b),Y,0.2388,6
-0.9607,-0.08341,7,G,47(b),-,,
-0.2988,-0.0182,9,G,47(b),A,-0.1939,6
-3.175,-1.001,12,G,47(b),C,-1.03,4
-2.243,-0.4111,13,G,47(b),D,-0.3446,4
-2.159,-0.3764,13,G,47(b),E,0.0794,6
-3.714,-1.555,10,G,47(b),F,-1.544,5
0,0,,G,47(b),G,0,
-1.569,-0.193,13,G,47(b),H,-0.4304,8
-4.939,-3.291,3,G,47(b),I,-3.114,1
-2.766,-0.6908,15,G,47(b),K,-0.5706,9
-3.239,-1.059,11,G,47(b),L,-0.9101,9
-3.004,-0.8611,9,G,47(b),M,-1.024,5
-0.298,-0.01815,8,G,47(b),N,-0.05376,3
-4.875,-3.194,8,G,47(b),P,-3.255,5
-1.416,-0.1593,13,G,47(b),Q,-0.09736,11
-3.21,-1.033,11,G,47(b),R,-0.1229,5
-1.445,-0.1653,18,G,47(b),S,-0.4712,4
-3.424,-1.236,12,G,47(b),T,-0.9934,10
-5.098,-3.527,17,G,47(b),V,-3.385,6
-3.412,-1.224,6,G,47(b),W,-1.4,4
-3.487,-1.302,4,G,47(b),Y,-0.489,3
-0.5414,-0.03743,7,H,48(b),-,,
-0.1286,-0.007185,12,H,48(b),A,0.171,7
0.3064,0.01387,10,H,48(b),C,-0.116,5
1.154,0.0361,8,H,48(b),D,0.1979,7
-1.423,-0.1607,13,H,48(b),E,0.05352,11
0.4545,0.01921,11,H,48(b),F,0.2754,8
0.00211,0.0001106,7,H,48(b),G,-0.4944,4
0,0,,H,48(b),H,0,
-0.2259,-0.01326,13,H,48(b),I,-0.1712,10
-0.2181,-0.01275,11,H,48(b),K,0.09835,6
0.9635,0.0326,8,H,48(b),L,-0.2862,3
0.1961,0.009349,17,H,48(b),M,-0.07296,9
-0.1991,-0.01152,11,H,48(b),N,0.05257,4
-7.383,-5.612,19,H,48(b),P,-4.508,11
2.6,0.04892,10,H,48(b),Q,-0.1177,6
0.3343,0.01493,21,H,48(b),R,-0.3989,7
0.3728,0.01636,12,H,48(b),S,-0.06515,8
-0.6921,-0.05186,7,H,48(b),T,-0.05569,5
1.966,0.04542,13,H,48(b),V,0.2107,8
-1.676,-0.2195,16,H,48(b),W,-0.3425,8
0.7439,0.02763,9,H,48(b),Y,0.1454,3
-0.9709,-0.08477,6,Y,49(b),-,,
-3.055,-0.9009,8,Y,49(b),A,-1.209,4
-4.477,-2.593,15,Y,49(b),C,-2.547,7
-7.903,-5.768,11,Y,49(b),D,-6,3
-7.126,-5.505,5,Y,49(b),E,-6,3
0.1354,0.006644,7,Y,49(b),F,0.4251,4
-7.753,-5.73,8,Y,49(b),G,-6,5
-3.802,-1.662,13,Y,49(b),H,-1.658,7
-5.213,-3.693,4,Y,49(b),I,-2.78,1
-9.617,-5.967,6,Y,49(b),K,-6,5
-4.272,-2.292,6,Y,49(b),L,-2.258,3
-1.948,-0.2994,7,Y,49(b),M,-0.2105,7
-5.471,-4.049,6,Y,49(b),N,-3.948,4
-5.546,-4.149,3,Y,49(b),P,-5.097,2
-9.684,-5.97,6,Y,49(b),Q,-6,3
-8.219,-5.832,7,Y,49(b),R,-6,6
-5.18,-3.645,12,Y,49(b),S,-3.504,4
-5.897,-4.569,7,Y,49(b),T,-4.778,5
-4.166,-2.141,7,Y,49(b),V,-2.298,4
2.176,0.04684,17,Y,49(b),W,0.5748,12
0,0,,Y,49(b),Y,0,
0.08577,0.004312,5,V,50(b),-,,
-2.315,-0.4429,11,V,50(b),A,0.06671,5
1.897,0.04489,8,V,50(b),C,0.5466,5
-3.582,-1.404,8,V,50(b),D,-1.135,6
-0.4445,-0.0292,10,V,50(b),E,-0.2379,6
-2.661,-0.6249,10,V,50(b),F,-0.3915,4
-4.382,-2.453,10,V,50(b),G,-2.354,6
-1.9,-0.2839,10,V,50(b),H,-0.2889,5
-0.6703,-0.04964,8,V,50(b),I,-0.3305,5
-2.116,-0.3598,12,V,50(b),K,-0.05379,5
-0.2313,-0.01361,18,V,50(b),L,-0.219,9
-1.332,-0.1427,24,V,50(b),M,-0.08398,10
-2.684,-0.6391,11,V,50(b),N,-0.4547,6
-7.846,-5.754,9,V,50(b),P,-6,7
-0.6882,-0.05146,9,V,50(b),Q,-0.1134,7
-0.8166,-0.06548,7,V,50(b),R,-0.09045,3
1.107,0.03529,8,V,50(b),S,-0.2732,5
4.487,0.05228,13,V,50(b),T,0.1659,7
0,0,,V,50(b),V,0,
-3.316,-1.13,10,V,50(b),W,-1.077,6
-2.542,-0.5568,14,V,50(b),Y,-0.3254,8
-0.4438,-0.02914,5,A,51(b),-,,
0,0,,A,51(b),A,0,
-3.228,-1.049,10,A,51(b),C,-0.6448,7
-3.192,-1.016,18,A,51(b),D,-1.197,11
-2.537,-0.5542,11,A,51(b),E,-0.5773,8
-0.6239,-0.04506,5,A,51(b),F,0.2091,3
-0.7988,-0.06342,13,A,51(b),G,-0.1947,10
-1.498,-0.1766,10,A,51(b),H,-0.1227,8
-2.541,-0.556,11,A,51(b),I,-0.7538,7
-3.103,-0.9406,3,A,51(b),K,-2.174,2
-4.606,-2.787,8,A,51(b),L,-2.943,4
-3.278,-1.094,8,A,51(b),M,-1.448,6
-2.821,-0.7274,4,A,51(b),N,-0.6552,3
0.8002,0.02901,7,A,51(b),P,1.053,3
-2.855,-0.751,14,A,51(b),Q,-0.9239,8
-4.414,-2.5,9,A,51(b),R,-2.292,8
-1.287,-0.1344,9,A,51(b),S,0.2668,7
-3.435,-1.248,19,A,51(b),T,-1.198,5
-3.169,-0.996,32,A,51(b),V,-0.6208,13
1.255,0.03772,14,A,51(b),W,-0.191,7
1.373,0.0394,8,A,51(b),Y,0.4537,6
0.09074,0.004551,5,D,52(b),-,,
-3.698,-1.537,18,D,52(b),A,-1.284,10
-3.352,-1.165,13,D,52(b),C,-1.513,8
0,0,,D,52(b),D,0,
-2.537,-0.5541,7,D,52(b),E,-0.5616,2
-4.06,-1.996,11,D,52(b),F,-2.009,8
-3.543,-1.361,14,D,52(b),G,-1.166,7
-3.904,-1.79,10,D,52(b),H,-2.322,3
-3.772,-1.625,9,D,52(b),I,-1.434,6
-4.275,-2.297,10,D,52(b),K,-2.347,4
-1.359,-0.1478,9,D,52(b),L,-0.5808,4
-2.501,-0.5346,8,D,52(b),M,-1.119,5
-2.634,-0.6089,31,D,52(b),N,-0.4304,7
-5.728,-4.374,11,D,52(b),P,-3.941,7
-3.376,-1.188,3,D,52(b),Q,-1.491,2
-5.036,-3.435,9,D,52(b),R,-3.079,4
-3.092,-0.9313,15,D,52(b),S,-1.002,8
0.2594,0.012,10,D,52(b),T,-0.3921,6
-3.625,-1.452,10,D,52(b),V,-1.385,8
-4.72,-2.959,15,D,52(b),W,-2.898,9
-4.209,-2.202,18,D,52(b),Y,-2.02,9
-0.009927,-0.0005231,5,T,53(b),-,,
-2.833,-0.7359,21,T,53(b),A,-0.5727,6
-0.5664,-0.03967,10,T,53(b),C,-0.6006,5
4.022,0.05193,4,T,53(b),D,0.1453,3
-2.975,-0.8387,10,T,53(b),E,-0.6295,3
-3.915,-1.804,12,T,53(b),F,-2.269,7
-2.981,-0.8429,10,T,53(b),G,-0.6968,7
-0.1815,-0.01042,16,T,53(b),H,0.3832,9
-2.823,-0.7289,19,T,53(b),I,-1.311,5
-3.635,-1.463,11,T,53(b),K,-1.383,6
-3.719,-1.561,11,T,53(b),L,-1.288,7
-2.788,-0.7054,9,T,53(b),M,-0.6041,6
1.771,0.04382,10,T,53(b),N,0.2093,8
-9.764,-5.973,11,T,53(b),P,-6,8
-2.587,-0.5817,11,T,53(b),Q,-0.4684,10
-2.688,-0.6415,8,T,53(b),R,-0.004694,5
-0.7126,-0.05399,11,T,53(b),S,0.4375,8
0,0,,T,53(b),T,0,
-3.296,-1.111,10,T,53(b),V,-1.111,9
-3.818,-1.681,10,T,53(b),W,-1.704,7
-3.994,-1.907,12,T,53(b),Y,-2.003,8
-9.001,-5.929,4,E,54(b),*,,
-0.5832,-0.04122,6,E,54(b),-,,
-0.8239,-0.06633,14,E,54(b),A,0.09058,10
-1.085,-0.101,15,E,54(b),C,-0.3806,6
0.09538,0.004773,13,E,54(b),D,0.07712,10
0,0,,E,54(b),E,0,
0.3735,0.01638,15,E,54(b),F,0.2116,6
-1.33,-0.1423,23,E,54(b),G,-0.1151,15
1.326,0.03875,6,E,54(b),H,0.8301,3
-0.5626,-0.03933,16,E,54(b),I,0.1531,11
-1.852,-0.2691,16,E,54(b),K,-0.2085,8
1.044,0.03416,4,E,54(b),L,0.5037,3
-0.984,-0.08655,7,E,54(b),M,0.2256,4
-0.6356,-0.0462,16,E,54(b),N,-0.0452,8
-0.187,-0.01076,13,E,54(b),P,-0.2747,6
0.2246,0.01056,11,E,54(b),Q,-0.3104,7
1.145,0.03595,16,E,54(b),R,0.3086,11
-0.8349,-0.06762,16,E,54(b),S,0.1718,9
-1.615,-0.2041,17,E,54(b),T,-0.0297,12
0.9002,0.03127,10,E,54(b),V,0.6923,4
-1.05,-0.09587,12,E,54(b),W,-0.1199,7
-1.007,-0.08965,14,E,54(b),Y,-0.2353,8
-0.9662,-0.08414,6,L,55(b),-,,
-1.03,-0.09295,9,L,55(b),A,0.1219,7
0.1196,0.005917,17,L,55(b),C,0.158,13
-1.174,-0.115,24,L,55(b),D,-0.4776,13
-0.3725,-0.02357,7,L,55(b),E,-0.1591,4
1.033,0.03395,10,L,55(b),F,0.09869,7
-1.586,-0.197,8,L,55(b),G,-0.1057,3
-0.08807,-0.004822,14,L,55(b),H,0.002716,9
-2.06,-0.3386,8,L,55(b),I,-0.3915,7
-0.6332,-0.04597,15,L,55(b),K,-0.1541,7
0,0,,L,55(b),L,0,
0.2459,0.01145,15,L,55(b),M,0.1238,8
-1.585,-0.1967,13,L,55(b),N,-0.1978,7
-2.03,-0.3279,11,L,55(b),P,-0.8753,9
-0.6285,-0.04551,13,L,55(b),Q,-0.4459,6
-1.244,-0.1268,11,L,55(b),R,-0.1608,5
-1.833,-0.2633,8,L,55(b),S,-0.1026,7
-2.192,-0.39,8,L,55(b),T,-0.6715,6
-0.4783,-0.03198,13,L,55(b),V,-0.2057,9
-1.07,-0.09875,12,L,55(b),W,-0.06091,10
1.349,0.03907,18,L,55(b),Y,-0.119,12
-1.221,-0.1228,6,G,56(b),-,,
-2.343,-0.4558,14,G,56(b),A,-0.4689,9
-3.642,-1.472,17,G,56(b),C,-1.427,9
-14.25,-6.012,40,G,56(b),D,-6,14
-11.85,-6.008,13,G,56(b),E,-6,10
-4.218,-2.215,9,G,56(b),F,-2.239,6
0,0,,G,56(b),G,0,
-6.028,-4.707,15,G,56(b),H,-4.398,9
-6.78,-5.319,13,G,56(b),I,-5.442,9
-5.433,-3.999,10,G,56(b),K,-3.849,8
-4.405,-2.486,21,G,56(b),L,-2.37,11
-2.931,-0.8054,9,G,56(b),M,-1.325,7
-4.826,-3.12,11,G,56(b),N,-3.032,8
-8.104,-5.811,5,G,56(b),P,-6,3
-5.778,-4.433,11,G,56(b),Q,-4.761,8
-3.859,-1.732,16,G,56(b),R,-1.587,12
-3.356,-1.168,17,G,56(b),S,-1.313,12
-4.362,-2.424,19,G,56(b),T,-2.651,9
-5.274,-3.78,15,G,56(b),V,-3.942,8
-4.315,-2.354,12,G,56(b),W,-2.07,9
-4.546,-2.696,11,G,56(b),Y,-2.78,10
-4.496,-2.622,2,K,57(b),*,,
-0.6627,-0.04887,6,K,57(b),-,,
-1.883,-0.2785,8,K,57(b),A,-0.1972,6
-2.103,-0.3546,16,K,57(b),C,-0.03868,9
-1.533,-0.1846,14,K,57(b),D,-0.217,13
-1.801,-0.2538,8,K,57(b),E,-0.007378,4
-2.54,-0.5555,11,K,57(b),F,-0.3302,8
-1.722,-0.2316,12,K,57(b),G,-0.391,8
-0.5026,-0.03404,11,K,57(b),H,0.4574,7
0.212,0.01003,13,K,57(b),I,0.2478,4
0,0,,K,57(b),K,0,
0.1086,0.005399,9,K,57(b),L,-0.1059,5
1.267,0.03789,10,K,57(b),M,-0.5002,6
-0.6207,-0.04475,11,K,57(b),N,-0.3517,6
-5.734,-4.382,11,K,57(b),P,-4.082,7
0.1084,0.005392,17,K,57(b),Q,0.4643,6
-0.09067,-0.004971,18,K,57(b),R,0.2643,7
-1.8,-0.2537,9,K,57(b),S,-0.3089,6
1.591,0.04203,16,K,57(b),T,0.09096,11
-1.92,-0.2906,13,K,57(b),V,0.07082,8
-2.271,-0.4234,16,K,57(b),W,-0.4578,9
-0.2888,-0.0175,17,K,57(b),Y,-0.1211,12
-1.071,-0.09889,5,P,58(b),-,,
0.3342,0.01493,8,P,58(b),A,-0.2505,5
-0.07315,-0.003976,9,P,58(b),C,-0.2453,7
-1.169,-0.1141,12,P,58(b),D,-0.1043,8
0.8149,0.02936,10,P,58(b),E,-0.3561,4
-0.734,-0.05626,9,P,58(b),F,-0.1725,4
-2.247,-0.4131,6,P,58(b),G,-0.6267,3
-0.4676,-0.03109,14,P,58(b),H,-0.06572,10
1.416,0.03996,8,P,58(b),I,0.2512,7
0.1155,0.005725,11,P,58(b),K,0.3856,7
1.239,0.03748,9,P,58(b),L,0.3312,3
-1.51,-0.1794,9,P,58(b),M,-0.2715,8
-1.739,-0.2362,11,P,58(b),N,-0.1556,7
0,0,,P,58(b),P,0,
-1.403,-0.1566,9,P,58(b),Q,0.08325,8
1.351,0.0391,7,P,58(b),R,0.4851,7
-1.634,-0.2087,15,P,58(b),S,-0.3513,5
-0.6928,-0.05193,17,P,58(b),T,0.01378,9
1.199,0.03685,15,P,58(b),V,-0.2328,8
-1.351,-0.1463,8,P,58(b),W,-0.1536,7
-0.3483,-0.02176,8,P,58(b),Y,0.3707,5
-1.207,-0.1203,5,D,59(b),-,,
-3.289,-1.105,8,D,59(b),A,-1.248,4
-1.14,-0.1094,10,D,59(b),C,-0.6813,7
0,0,,D,59(b),D,0,
-1.949,-0.2999,8,D,59(b),E,-0.3648,2
-2.773,-0.696,16,D,59(b),F,-0.7992,9
-2.877,-0.7663,14,D,59(b),G,-1.179,8
-2.822,-0.7286,10,D,59(b),H,-0.8778,5
-2.711,-0.6559,8,D,59(b),I,-0.6062,5
-3.391,-1.203,6,D,59(b),K,-1.29,6
-2.525,-0.5475,9,D,59(b),L,-0.6502,8
-2.69,-0.643,7,D,59(b),M,-0.8509,6
-1.866,-0.2733,34,D,59(b),N,0.06307,7
-2.741,-0.6752,8,D,59(b),P,-0.6489,7
-2.673,-0.6322,5,D,59(b),Q,-0.7328,4
-3.192,-1.016,7,D,59(b),R,-0.05801,4
-2.641,-0.6133,3,D,59(b),S,-0.7585,1
-2.237,-0.4085,13,D,59(b),T,-0.8709,8
-1.319,-0.1403,17,D,59(b),V,-0.9205,10
-3.096,-0.9346,17,D,59(b),W,-0.8527,13
-1.39,-0.1541,8,D,59(b),Y,-0.4183,5
-0.9227,-0.07843,5,A,60(b),-,,
0,0,,A,60(b),A,0,
-2.631,-0.6075,5,A,60(b),C,-0.8088,3
-5.387,-3.937,13,A,60(b),D,-3.78,10
-2.179,-0.3846,10,A,60(b),E,-0.3776,6
-5.092,-3.518,11,A,60(b),F,-3.686,7
-3.827,-1.692,8,A,60(b),G,-1.779,7
-4.75,-3.005,16,A,60(b),H,-2.995,11
-3.649,-1.48,14,A,60(b),I,-1.522,5
-3.724,-1.567,6,A,60(b),K,-1.53,3
-4.68,-2.899,5,A,60(b),L,-2.726,4
-1.539,-0.186,8,A,60(b),M,0.6515,5
-5.119,-3.558,4,A,60(b),N,-3.611,3
-6.315,-4.978,14,A,60(b),P,-4.332,11
-2.065,-0.3406,9,A,60(b),Q,-0.21,8
-2.23,-0.4059,12,A,60(b),R,-0.2647,10
-1.224,-0.1234,14,A,60(b),S,0.2179,5
-2.587,-0.5817,10,A,60(b),T,-0.4677,4
-1.507,-0.1787,32,A,60(b),V,-0.477,14
-6.444,-5.084,10,A,60(b),W,-4.927,6
-5.04,-3.44,8,A,60(b),Y,-3.283,8
-0.3119,-0.01912,4,D,61(b),-,,
-0.2879,-0.01744,11,D,61(b),A,-0.1644,6
-2.531,-0.5506,17,D,61(b),C,-0.8018,11
0,0,,D,61(b),D,0,
0.1236,0.006101,15,D,61(b),E,-0.6809,5
-0.8381,-0.068,10,D,61(b),F,-0.0289,6
-2.901,-0.7835,16,D,61(b),G,-0.8015,4
1.676,0.04291,10,D,61(b),H,0.118,7
-0.4469,-0.02939,8,D,61(b),I,-0.4375,3
0.3326,0.01487,18,D,61(b),K,-0.01168,10
1.202,0.03689,8,D,61(b),L,0.4603,5
1.026,0.03383,7,D,61(b),M,0.64,5
-0.9587,-0.08314,25,D,61(b),N,-0.134,7
-4.994,-3.373,11,D,61(b),P,-3.178,7
0.8509,0.03018,12,D,61(b),Q,0.09074,8
-0.3518,-0.02202,9,D,61(b),R,-0.02725,6
-0.7043,-0.05313,6,D,61(b),S,-0.3429,4
-1.331,-0.1426,13,D,61(b),T,-0.168,11
-0.7521,-0.05822,11,D,61(b),V,-0.2475,9
-1.599,-0.2002,12,D,61(b),W,-0.1758,7
-1.391,-0.1542,13,D,61(b),Y,-0.05903,9
-17.58,-6.013,2,Y,62(b),*,,
-0.2103,-0.01224,3,Y,62(b),-,,
-0.5679,-0.03982,6,Y,62(b),A,-0.6678,5
-2.425,-0.4958,8,Y,62(b),C,-0.602,4
-3.01,-0.8654,10,Y,62(b),D,-0.7918,8
-1.081,-0.1005,10,Y,62(b),E,-0.7544,6
0.7843,0.02863,11,Y,62(b),F,-0.1113,6
-2.469,-0.5181,10,Y,62(b),G,-0.4844,4
1.302,0.03841,7,Y,62(b),H,-0.6007,5
-1.18,-0.1158,10,Y,62(b),I,0.2248,5
-2.701,-0.6494,6,Y,62(b),K,-0.8766,5
-0.124,-0.00691,7,Y,62(b),L,0.2679,3
-0.3102,-0.019,13,Y,62(b),M,0.2293,9
-1.129,-0.1077,17,Y,62(b),N,-0.673,8
-9.076,-5.935,13,Y,62(b),P,-5.587,7
-2.287,-0.4306,8,Y,62(b),Q,-1.049,3
-0.7925,-0.06271,12,Y,62(b),R,-0.1838,7
-1.427,-0.1616,13,Y,62(b),S,-0.3381,6
-2.199,-0.3928,16,Y,62(b),T,-0.1962,12
-2.554,-0.5634,11,Y,62(b),V,-0.378,9
1.331,0.03882,13,Y,62(b),W,-0.3006,8
0,0,,Y,62(b),Y,0,
-9.317,-5.951,63,W,63(b),*,-6,10
0.5813,0.0232,2,W,63(b),-,,
-3.82,-1.683,11,W,63(b),A,-1.644,5
-3.899,-1.783,11,W,63(b),C,-1.472,4
-8.071,-5.804,8,W,63(b),D,-6,5
-6.928,-5.404,7,W,63(b),E,-5.623,6
-2.534,-0.5523,11,W,63(b),F,-0.7138,8
-4.291,-2.319,12,W,63(b),G,-2.178,9
-4.266,-2.283,7,W,63(b),H,-2.184,3
-4.504,-2.633,12,W,63(b),I,-2.444,7
-4.541,-2.689,9,W,63(b),K,-2.169,5
-3.383,-1.195,13,W,63(b),L,-1.17,10
-3.274,-1.091,7,W,63(b),M,-0.9077,5
-5.941,-4.617,7,W,63(b),N,-4.26,6
-7.438,-5.632,10,W,63(b),P,-6,6
-4.392,-2.467,20,W,63(b),Q,-2.413,10
-3.773,-1.626,21,W,63(b),R,-1.756,8
-5.211,-3.691,10,W,63(b),S,-3.513,8
-7.662,-5.705,11,W,63(b),T,-4.853,3
-5.089,-3.513,10,W,63(b),V,-3.171,6
0,0,,W,63(b),W,0,
-3.104,-0.9416,8,W,63(b),Y,-0.965,4
-15,-6.012,1,N,64(b),-,-6,1
-4.629,-2.822,11,N,64(b),A,-2.781,7
-5.667,-4.3,9,N,64(b),C,-4.136,6
-3.316,-1.13,18,N,64(b),D,-0.6246,8
-2.601,-0.5898,9,N,64(b),E,-0.4473,7
-5.831,-4.494,14,N,64(b),F,-4.374,9
-4.571,-2.733,7,N,64(b),G,-2.556,5
-5.037,-3.436,9,N,64(b),H,-3.321,4
-5.647,-4.276,14,N,64(b),I,-4.277,6
-5.32,-3.844,12,N,64(b),K,-3.671,6
-5.508,-4.099,7,N,64(b),L,-4.472,5
-4.524,-2.664,12,N,64(b),M,-2.604,8
0,0,,N,64(b),N,0,
-11.42,-6.005,5,N,64(b),P,-5.759,3
-4.435,-2.531,12,N,64(b),Q,-2.557,9
-5.33,-3.858,12,N,64(b),R,-3.603,6
-3.67,-1.504,19,N,64(b),S,-1.44,15
-4.376,-2.443,9,N,64(b),T,-2.463,4
-6.351,-5.008,14,N,64(b),V,-4.858,9
-5.035,-3.434,8,N,64(b),W,-3.288,6
-6.3,-4.965,20,N,64(b),Y,-4.568,13
6.559,0.05281,10,S,65(b),A,-0.5184,5
-2.388,-0.4775,18,S,65(b),C,-0.1919,11
0.9121,0.03153,11,S,65(b),D,-0.2519,7
-1.255,-0.1286,9,S,65(b),E,-0.2244,6
1.4,0.03976,17,S,65(b),F,-0.3951,9
0.3477,0.01544,16,S,65(b),G,0.1247,9
-1.397,-0.1553,12,S,65(b),H,0.551,6
-2.047,-0.334,23,S,65(b),I,-0.05569,11
-0.54,-0.0373,9,S,65(b),K,0.01667,6
0.06938,0.003516,13,S,65(b),L,0.00861,7
-0.4554,-0.03008,10,S,65(b),M,-0.318,8
-0.8018,-0.06378,22,S,65(b),N,-0.01885,6
-5.194,-3.667,12,S,65(b),P,-3.679,5
-1.072,-0.09912,11,S,65(b),Q,-0.1322,10
-0.919,-0.07797,11,S,65(b),R,-0.2325,5
0,0,,S,65(b),S,0,
-2.307,-0.4395,8,S,65(b),T,-0.1942,5
-1.597,-0.1995,8,S,65(b),V,0.2608,6
-2.74,-0.6742,17,S,65(b),W,-0.3019,10
-1.309,-0.1384,15,S,65(b),Y,-0.6508,10
-7.589,-5.683,3,Q,66(b),*,,
-0.8322,-0.0673,5,Q,66(b),A,0.04371,3
0.07941,0.004005,11,Q,66(b),C,-0.2407,5
-0.8268,-0.06666,10,Q,66(b),D,0.08883,7
-1.223,-0.1231,8,Q,66(b),E,0.1656,5
-1.199,-0.1191,11,Q,66(b),F,0.008901,9
-1.28,-0.1331,8,Q,66(b),G,-0.2109,5
-1.647,-0.2121,14,Q,66(b),H,-0.3971,9
-2.077,-0.3451,9,Q,66(b),I,-0.2562,7
-0.6219,-0.04487,11,Q,66(b),K,-0.4941,7
0.5675,0.02279,11,Q,66(b),L,-0.395,4
-0.8414,-0.06839,7,Q,66(b),M,0.07064,5
-0.4097,-0.02643,5,Q,66(b),N,0.2877,3
-3.893,-1.776,14,Q,66(b),P,-1.629,7
0,0,,Q,66(b),Q,0,
0.9404,0.03212,14,Q,66(b),R,0.3216,4
0.7606,0.02805,3,Q,66(b),S,0.7755,1
-0.9873,-0.08699,8,Q,66(b),T,0.1464,5
-1.014,-0.09073,7,Q,66(b),V,0.04522,5
-3.509,-1.325,5,Q,66(b),W,-1.477,3
-2.002,-0.3179,11,Q,66(b),Y,-0.1689,9
-0.1993,-0.01154,12,P,67(b),A,-0.08815,6
-1.238,-0.1256,13,P,67(b),C,-0.528,9
-1.556,-0.1899,9,P,67(b),D,-1.015,5
-0.6115,-0.04388,4,P,67(b),E,-1.187,1
-0.9317,-0.0796,11,P,67(b),F,0.07329,7
0.93,0.03191,8,P,67(b),G,0.1896,4
2.679,0.04922,5,P,67(b),H,-0.4212,3
-2.148,-0.3722,13,P,67(b),I,-0.2355,9
-0.3303,-0.02045,6,P,67(b),K,-1.685,2
-1.849,-0.2681,15,P,67(b),L,-0.3589,9
-0.6674,-0.04935,8,P,67(b),M,-0.9881,2
-1.303,-0.1374,6,P,67(b),N,-0.2318,5
0,0,,P,67(b),P,0,
-0.223,-0.01306,8,P,67(b),Q,-0.253,3
-1.484,-0.1735,12,P,67(b),R,0.08138,8
-1.092,-0.1021,12,P,67(b),S,-0.372,4
-2.158,-0.376,5,P,67(b),T,-0.5025,4
1.939,0.04521,7,P,67(b),V,0.4042,4
-1.758,-0.2415,8,P,67(b),W,-0.3123,4
-1.296,-0.136,9,P,67(b),Y,-0.2323,7
-17.09,-6.013,3,E,68(b),*,-6,1
1.144,0.03594,5,E,68(b),A,-0.4553,2
-0.5501,-0.0382,7,E,68(b),C,-0.09065,3
1.645,0.0426,12,E,68(b),D,0.007995,4
0,0,,E,68(b),E,0,
-1.671,-0.218,6,E,68(b),F,-0.1597,6
-1.871,-0.2749,4,E,68(b),G,0.1379,1
-2.938,-0.8106,2,E,68(b),H,-0.8316,1
-1.086,-0.1012,9,E,68(b),I,0.1541,3
-0.8736,-0.07228,25,E,68(b),K,-0.2889,9
-1.9,-0.2841,9,E,68(b),L,-0.1122,5
0.1877,0.008983,7,E,68(b),M,0.02923,5
-1.173,-0.1147,4,E,68(b),N,-0.1446,2
-1.522,-0.1821,3,E,68(b),P,-0.287,2
1.207,0.03696,4,E,68(b),Q,0.2174,3
-1.362,-0.1484,5,E,68(b),R,-0.1665,4
-1.091,-0.1018,6,E,68(b),S,-0.1439,5
-0.3438,-0.02143,7,E,68(b),T,-0.07515,6
-1.926,-0.2922,6,E,68(b),V,0.2201,5
-0.6262,-0.04529,6,E,68(b),W,0.0335,4
-20.43,-6.013,4,E,69(b),*,,
-3.245,-1.064,6,E,69(b),A,-0.8548,5
-1.856,-0.2702,3,E,69(b),C,-0.3044,3
-1.868,-0.2739,6,E,69(b),D,-0.6681,4
0,0,,E,69(b),E,0,
0.1228,0.006064,5,E,69(b),F,-0.2785,3
-0.9222,-0.07837,7,E,69(b),G,-0.2425,2
-0.2353,-0.01387,5,E,69(b),H,-0.9648,3
-2.953,-0.8217,6,E,69(b),I,-0.783,3
-0.9169,-0.07769,72,E,69(b),K,-0.6878,11
0.4164,0.01791,1,E,69(b),L,0.154,1
-3.191,-1.016,5,E,69(b),M,-0.8377,3
-2.587,-0.5821,8,E,69(b),N,-0.555,6
-2.014,-0.3223,8,E,69(b),P,-0.3527,8
-2.867,-0.7593,5,E,69(b),Q,-1.937,2
-2.604,-0.5918,3,E,69(b),R,-0.5227,2
-1.179,-0.1158,8,E,69(b),S,-0.4254,5
-2.748,-0.6795,7,E,69(b),T,-0.8163,5
-2.861,-0.7554,3,E,69(b),V,-1.019,3
-1.722,-0.2317,5,E,69(b),W,0.03863,5
-2.345,-0.4569,6,E,69(b),Y,-0.7788,4
-0.2012,-0.01166,1,K,70(b),*,,
1.753,0.04366,6,K,70(b),A,0.09242,3
-0.6082,-0.04356,10,K,70(b),C,-0.02806,5
-1.796,-0.2523,6,K,70(b),D,0.3123,3
-0.1615,-0.009173,14,K,70(b),E,-0.0315,4
-1.957,-0.3027,10,K,70(b),F,-0.3558,8
0.1552,0.007545,8,K,70(b),G,0.05354,3
-1.636,-0.2093,12,K,70(b),H,-0.1238,11
-1.118,-0.106,11,K,70(b),I,-0.3289,6
0,0,,K,70(b),K,0,
0.8299,0.02971,6,K,70(b),L,0.069,4
-0.1965,-0.01136,9,K,70(b),M,-0.05314,4
-0.5328,-0.03666,5,K,70(b),N,-0.2377,2
-0.9186,-0.07791,7,K,70(b),P,0.07796,4
-2.34,-0.4547,5,K,70(b),Q,-0.03155,4
0.953,0.03238,13,K,70(b),R,-0.2739,6
0.1126,0.005586,14,K,70(b),S,0.1706,7
-0.987,-0.08696,8,K,70(b),T,0.11,2
-0.3787,-0.02403,5,K,70(b),V,0.003425,4
-0.8064,-0.06429,10,K,70(b),W,-0.211,8
-0.9808,-0.08612,6,K,70(b),Y,-0.08663,4
-9.01,-5.929,9,E,71(b),*,-6,1
-0.2718,-0.01633,5,E,71(b),A,0.07369,3
-1.539,-0.186,10,E,71(b),C,-0.1874,7
-1.204,-0.12,9,E,71(b),D,-0.2874,5
0,0,,E,71(b),E,0,
-1.108,-0.1045,11,E,71(b),F,-0.04118,6
-0.1093,-0.006048,6,E,71(b),G,-0.1033,4
-1.146,-0.1104,11,E,71(b),H,-0.213,9
-2.004,-0.3187,11,E,71(b),I,0.0002098,7
-0.7454,-0.05748,43,E,71(b),K,-0.03684,7
-0.3061,-0.01872,8,E,71(b),L,-0.5383,5
-2.07,-0.3422,7,E,71(b),M,-0.5413,6
2.662,0.04916,10,E,71(b),N,0.009724,7
-2.008,-0.3199,6,E,71(b),P,-0.623,4
0.6361,0.02477,13,E,71(b),Q,-0.545,7
-2.91,-0.79,4,E,71(b),R,-1.171,3
0.1969,0.009383,10,E,71(b),S,-0.04073,7
-2.528,-0.549,14,E,71(b),T,-0.1978,10
-0.9912,-0.08753,15,E,71(b),V,-0.1612,7
-1.853,-0.2693,13,E,71(b),W,-0.587,7
-2.119,-0.3609,10,E,71(b),Y,-0.5009,7
-2.209,-0.3967,6,R,72(b),A,-0.3983,2
-2.76,-0.6874,5,R,72(b),C,-0.7087,4
-3.064,-0.9085,11,R,72(b),D,-0.5023,4
-1.867,-0.2737,8,R,72(b),E,-0.3146,2
-2.632,-0.6079,9,R,72(b),F,-1.21,5
-3.213,-1.035,9,R,72(b),G,-1.091,4
-2.187,-0.3879,7,R,72(b),H,-0.6117,3
-2.259,-0.4181,5,R,72(b),I,-0.7911,3
-0.7719,-0.0604,20,R,72(b),K,0.08575,8
-0.8213,-0.06602,20,R,72(b),L,-0.5004,9
-2.267,-0.4215,9,R,72(b),M,0.117,6
3.52,0.0513,5,R,72(b),N,-0.4616,4
-3.108,-0.9447,12,R,72(b),P,-0.789,7
-3.142,-0.9735,9,R,72(b),Q,-0.7244,2
0,0,,R,72(b),R,0,
-1.165,-0.1134,9,R,72(b),S,-0.8317,5
-1.603,-0.2011,10,R,72(b),T,-0.4994,5
-2.843,-0.7426,10,R,72(b),V,-0.745,7
-2.545,-0.5583,19,R,72(b),W,-0.7089,10
-2.992,-0.8517,8,R,72(b),Y,-0.719,6
-1.414,-0.1589,9,V,73(b),A,0.1635,5
-2.652,-0.6197,10,V,73(b),C,-0.386,7
-2.805,-0.7169,11,V,73(b),D,-0.5513,6
-1.297,-0.1362,12,V,73(b),E,0.5812,4
-0.8899,-0.07429,15,V,73(b),F,-0.1405,12
-2.66,-0.6247,12,V,73(b),G,-0.6616,9
-1.929,-0.2932,8,V,73(b),H,0.1289,3
0.6917,0.02629,5,V,73(b),I,-0.137,3
-3.259,-1.077,5,V,73(b),K,-1.261,2
0.2941,0.01338,18,V,73(b),L,0.1802,3
0.7975,0.02895,23,V,73(b),M,-0.04999,10
-2.677,-0.6347,11,V,73(b),N,-0.598,8
-2.5,-0.5341,12,V,73(b),P,-0.8161,7
-2.425,-0.4956,4,V,73(b),Q,-0.5297,4
-2.818,-0.7259,13,V,73(b),R,-0.999,10
-0.6478,-0.0474,6,V,73(b),S,0.1821,2
-0.1869,-0.01075,1,V,73(b),T,,
0,0,,V,73(b),V,0,
1.753,0.04366,6,V,73(b),W,0.3578,5
0.05705,0.002908,11,V,73(b),Y,0.5632,7
-7.183,-5.53,2,R,74(b),*,,
-0.3042,-0.01858,7,R,74(b),A,-0.2582,6
-1.903,-0.2849,8,R,74(b),C,-0.2538,5
-0.7154,-0.05428,5,R,74(b),D,0.05458,3
-0.1799,-0.01032,8,R,74(b),E,0.1345,2
0.6965,0.02641,11,R,74(b),F,0.1442,4
-1.672,-0.2184,13,R,74(b),G,-0.865,3
-0.3637,-0.0229,11,R,74(b),H,-0.05008,6
-1.974,-0.3082,10,R,74(b),I,0.2896,4
2.174,0.04682,14,R,74(b),K,0.3579,5
-1.055,-0.0966,10,R,74(b),L,0.4275,5
-1.562,-0.1913,6,R,74(b),M,-0.1746,4
1.788,0.04397,9,R,74(b),N,-0.4419,5
-0.5239,-0.03588,16,R,74(b),P,-0.3054,9
0.4527,0.01915,13,R,74(b),Q,-0.007936,9
0,0,,R,74(b),R,0,
-0.2119,-0.01235,15,R,74(b),S,0.1086,10
-1.85,-0.2684,7,R,74(b),T,0.3409,4
-0.646,-0.04722,12,R,74(b),V,-0.1922,9
-0.5606,-0.03915,8,R,74(b),W,-0.279,5
-1.719,-0.2309,10,R,74(b),Y,-0.6854,4
-0.4428,-0.02906,1,A,75(b),-,,
0,0,,A,75(b),A,0,
-0.5366,-0.037,9,A,75(b),C,-0.3151,6
-2.509,-0.539,4,A,75(b),D,-0.3289,3
-0.0495,-0.002658,16,A,75(b),E,-0.01312,10
-2.217,-0.4002,11,A,75(b),F,-0.3951,10
-1.288,-0.1345,9,A,75(b),G,0.05256,8
-0.7121,-0.05394,5,A,75(b),H,-0.1114,2
0.3209,0.01443,9,A,75(b),I,0.2407,6
0.2548,0.01182,6,A,75(b),K,0.5201,3
-0.245,-0.01452,11,A,75(b),L,-0.2362,8
-2.156,-0.3753,9,A,75(b),M,-0.1385,6
-0.1452,-0.008179,9,A,75(b),N,0.1327,7
-3.273,-1.09,12,A,75(b),P,-0.9324,9
-0.5503,-0.03822,6,A,75(b),Q,-1.986,2
0.3672,0.01615,8,A,75(b),R,-0.3484,4
2.516,0.04858,10,A,75(b),S,-0.02119,6
-0.6562,-0.04823,12,A,75(b),T,0.2834,6
0.1613,0.007819,12,A,75(b),V,-0.04466,3
1.799,0.04407,8,A,75(b),W,0.5443,6
-1.971,-0.3074,10,A,75(b),Y,-0.09242,9
-7.505,-5.655,2,E,76(b),*,,
-0.8423,-0.06849,2,E,76(b),-,,
-1.646,-0.2117,10,E,76(b),A,-0.659,2
-2.86,-0.7544,10,E,76(b),C,-0.5752,6
-1.333,-0.1429,25,E,76(b),D,-0.7251,6
0,0,,E,76(b),E,0,
-3.088,-0.9277,8,E,76(b),F,-0.7703,5
-1.817,-0.2585,12,E,76(b),G,-0.9056,7
-2.972,-0.8363,12,E,76(b),H,-0.8472,8
-2.47,-0.5182,11,E,76(b),I,-0.9217,5
-1.887,-0.2799,21,E,76(b),K,-1.12,5
-3.147,-0.9774,11,E,76(b),L,-1.222,5
-2.719,-0.6612,9,E,76(b),M,-1.029,6
-3.11,-0.9465,5,E,76(b),N,-1.206,5
-3.343,-1.156,8,E,76(b),P,-1.198,4
-1.957,-0.3026,9,E,76(b),Q,-1.114,4
-2.282,-0.4284,10,E,76(b),R,-0.9967,5
-2.743,-0.6762,8,E,76(b),S,-0.8256,6
-2.856,-0.7518,12,E,76(b),T,-0.9043,10
-2.496,-0.5319,14,E,76(b),V,-0.8123,7
-3.071,-0.9142,10,E,76(b),W,-0.9791,5
-2.523,-0.5465,16,E,76(b),Y,-0.7189,10
-0.2462,-0.0146,1,I,77(b),-,,
1.524,0.04129,13,I,77(b),A,0.3723,8
1.515,0.04117,12,I,77(b),C,0.2386,10
-4.03,-1.954,7,I,77(b),D,-2.365,4
1.499,0.04099,7,I,77(b),E,0.6683,6
-0.885,-0.07368,11,I,77(b),F,0.273,7
-0.6129,-0.04401,8,I,77(b),G,0.5919,6
-1.709,-0.2281,11,I,77(b),H,-0.06512,10
0,0,,I,77(b),I,0,
-2.351,-0.4597,8,I,77(b),K,-0.1673,5
1.661,0.04277,14,I,77(b),L,0.5573,11
1.248,0.03761,12,I,77(b),M,0.4583,7
-2.875,-0.7653,7,I,77(b),N,-0.8537,5
-2.178,-0.3843,12,I,77(b),P,-0.4307,7
-2.579,-0.5773,4,I,77(b),Q,-0.8101,3
0.7995,0.02899,12,I,77(b),R,0.3763,6
1.096,0.03511,8,I,77(b),S,0.3587,5
-0.498,-0.03364,15,I,77(b),T,0.1419,6
-0.5213,-0.03565,14,I,77(b),V,0.2632,6
1.808,0.04415,6,I,77(b),W,-0.0979,3
1.084,0.03489,8,I,77(b),Y,-0.2663,5
1.482,0.04079,9,D,78(b),A,0.03435,6
-1.656,-0.2142,6,D,78(b),C,-0.1299,5
0,0,,D,78(b),D,0,
-1.04,-0.09444,1,D,78(b),E,-0.2807,1
0.7303,0.02729,13,D,78(b),F,0.354,8
-0.5936,-0.04218,16,D,78(b),G,0.1515,4
1.625,0.0424,7,D,78(b),H,0.2275,5
0.4404,0.01873,9,D,78(b),I,0.5912,2
1.634,0.04249,6,D,78(b),K,0.2424,2
-2.01,-0.3206,6,D,78(b),L,0.4113,4
0.1334,0.006553,10,D,78(b),M,0.3947,6
-1.03,-0.09299,28,D,78(b),N,0.1263,8
-2.058,-0.3379,6,D,78(b),P,-0.2265,4
-0.04399,-0.002356,8,D,78(b),Q,-0.4787,5
-1.719,-0.2308,9,D,78(b),R,-0.414,6
1.247,0.03759,9,D,78(b),S,-0.03357,7
-1.218,-0.1222,10,D,78(b),T,-0.1016,9
-1.155,-0.1119,9,D,78(b),V,-0.1776,6
-2.196,-0.3917,9,D,78(b),W,0.027,6
-0.1565,-0.00887,14,D,78(b),Y,0.1021,5
-1.563,-0.1916,21,T,79(b),A,0.3766,9
-0.6985,-0.05252,9,T,79(b),C,-0.2803,6
-0.495,-0.03339,3,T,79(b),D,-1.044,1
0.2439,0.01136,7,T,79(b),E,0.4379,5
-1.736,-0.2353,7,T,79(b),F,0.047,3
2.645,0.0491,7,T,79(b),G,0.3594,2
1.676,0.04292,5,T,79(b),H,0.4544,4
-0.7394,-0.05684,15,T,79(b),I,0.3916,4
2.438,0.04822,8,T,79(b),K,0.1634,6
-1.288,-0.1345,11,T,79(b),L,0.6083,7
-1.716,-0.2301,7,T,79(b),M,0.4124,4
0.3683,0.0162,7,T,79(b),N,0.521,6
-3.021,-0.8742,13,T,79(b),P,-0.5064,6
0.08085,0.004074,9,T,79(b),Q,-0.08602,6
1.335,0.03887,6,T,79(b),R,0.2761,2
0.4468,0.01895,8,T,79(b),S,0.1094,8
0,0,,T,79(b),T,0,
0.7477,0.02773,1,T,79(b),V,0.4817,1
-0.908,-0.07656,15,T,79(b),W,-0.1462,9
0.1363,0.006685,6,T,79(b),Y,0.7672,4
1.31,0.03852,12,V,80(b),A,0.09163,3
0.9398,0.03211,10,V,80(b),C,0.0575,4
-3.919,-1.809,11,V,80(b),D,-1.647,5
0.4433,0.01883,5,V,80(b),E,-0.06504,4
-1.212,-0.1212,8,V,80(b),F,-0.5798,5
-1.18,-0.1159,12,V,80(b),G,-0.4362,5
-0.2049,-0.01189,10,V,80(b),H,0.2727,6
-2.137,-0.3678,11,V,80(b),I,-0.4395,6
-1.283,-0.1336,9,V,80(b),K,0.03974,6
-2.569,-0.5715,6,V,80(b),L,-0.1129,1
4.88,0.05248,13,V,80(b),M,-0.2702,4
1.398,0.03973,6,V,80(b),N,0.7225,4
-4.829,-3.124,9,V,80(b),P,-2.769,6
-2.205,-0.3952,11,V,80(b),Q,-0.09314,5
0.138,0.006763,5,V,80(b),R,0.1097,2
-1.513,-0.1799,4,V,80(b),S,-0.2459,3
-0.7382,-0.05671,6,V,80(b),T,-0.07293,6
0,0,,V,80(b),V,0,
-2.588,-0.5823,7,V,80(b),W,-0.6852,6
-1.98,-0.3103,8,V,80(b),Y,0.07018,5
-8.016,-5.793,1,C,81(b),*,,
-4.501,-2.628,9,C,81(b),A,-2.579,4
0,0,,C,81(b),C,0,
-10.25,-5.988,6,C,81(b),D,-6,5
-7.208,-5.542,9,C,81(b),E,-5.812,8
-4.087,-2.032,15,C,81(b),F,-1.797,6
-6.414,-5.06,9,C,81(b),G,-5.296,5
-6.195,-4.871,13,C,81(b),H,-5.624,10
-3.373,-1.186,7,C,81(b),I,-1.394,4
-4.893,-3.221,10,C,81(b),K,-3.183,8
-3.642,-1.471,10,C,81(b),L,-1.472,6
-3.951,-1.85,8,C,81(b),M,-1.791,6
-10.68,-5.997,6,C,81(b),N,-5.117,3
-8.085,-5.807,6,C,81(b),P,-6,5
-5.471,-4.051,11,C,81(b),Q,-4.063,5
-5.539,-4.139,9,C,81(b),R,-4.425,3
-5.682,-4.319,10,C,81(b),S,-4.134,6
-5.001,-3.383,10,C,81(b),T,-3.583,6
-3.957,-1.858,8,C,81(b),V,-1.611,6
-4.938,-3.289,6,C,81(b),W,-3.26,3
-5.491,-4.076,36,C,81(b),Y,-3.767,9
-21.43,-6.013,3,R,82(b),*,-6,1
-1.788,-0.2499,1,R,82(b),-,,
-2.164,-0.3786,8,R,82(b),A,-0.09805,5
-1.121,-0.1064,21,R,82(b),C,-0.06897,14
-1.861,-0.2719,10,R,82(b),D,-0.2688,6
-1.029,-0.09285,12,R,82(b),E,-0.3793,6
-1.175,-0.1151,8,R,82(b),F,-0.0087,4
-1.966,-0.3057,13,R,82(b),G,-0.5077,6
-1.386,-0.1533,12,R,82(b),H,-0.2028,4
-0.05382,-0.002897,16,R,82(b),I,-0.1273,7
0.3663,0.01612,15,R,82(b),K,-0.1069,7
-1.755,-0.2406,13,R,82(b),L,-0.2122,10
-2.859,-0.7538,8,R,82(b),M,-0.581,7
-0.5212,-0.03564,14,R,82(b),N,-0.3746,9
-1.636,-0.2091,8,R,82(b),P,-0.1455,5
-1.309,-0.1385,9,R,82(b),Q,-0.1755,4
0,0,,R,82(b),R,0,
1.06,0.03445,12,R,82(b),S,0.139,7
-0.8482,-0.0692,7,R,82(b),T,0.1631,6
-0.7582,-0.05888,7,R,82(b),V,0.001549,3
-1.83,-0.2624,4,R,82(b),W,-1.389,1
-0.4851,-0.03255,10,R,82(b),Y,-0.4154,6
-2.268,-0.4222,2,H,83(b),-,,
-3.051,-0.8982,10,H,83(b),A,-0.8632,9
-2.226,-0.4039,9,H,83(b),C,-0.7387,4
-3.27,-1.087,7,H,83(b),D,-0.8583,4
-2.933,-0.807,13,H,83(b),E,-1.194,8
-2.815,-0.7234,8,H,83(b),F,-0.6389,3
-0.00776,-0.0004078,8,H,83(b),G,-0.5676,6
0,0,,H,83(b),H,0,
-3.168,-0.9953,7,H,83(b),I,-0.8562,6
-0.4038,-0.02597,6,H,83(b),K,-1.191,4
-3.322,-1.136,9,H,83(b),L,-1.022,7
-2.079,-0.3457,7,H,83(b),M,,
-2.232,-0.4065,10,H,83(b),N,-0.7608,6
-0.6662,-0.04922,6,H,83(b),P,0.2293,3
-3.276,-1.093,7,H,83(b),Q,-0.9549,5
-1.642,-0.2107,21,H,83(b),R,-0.909,9
-3.19,-1.015,8,H,83(b),S,-1.129,5
-3.398,-1.21,7,H,83(b),T,-1.197,2
-2.414,-0.4902,7,H,83(b),V,-0.3945,4
-1.662,-0.2158,7,H,83(b),W,-0.6817,6
-1.065,-0.09801,17,H,83(b),Y,-0.2801,8
-0.4107,-0.02651,2,N,84(b),-,,
-3.079,-0.9207,5,N,84(b),A,-0.8777,4
-3.047,-0.8949,10,N,84(b),C,-1.088,7
-0.1554,-0.008797,12,N,84(b),D,0.2344,6
-4.311,-2.349,10,N,84(b),E,-2.403,7
-3.719,-1.561,7,N,84(b),F,-1.608,6
-2.336,-0.4525,13,N,84(b),G,-0.6035,10
-4.12,-2.078,18,N,84(b),H,-1.857,8
-3.812,-1.673,10,N,84(b),I,-1.812,5
-3.551,-1.37,9,N,84(b),K,-1.265,6
-3.965,-1.868,10,N,84(b),L,-1.922,9
-3.682,-1.518,8,N,84(b),M,-1.469,5
0,0,,N,84(b),N,0,
-3.362,-1.174,6,N,84(b),P,-0.9521,1
-3.644,-1.474,10,N,84(b),Q,-1.324,8
-4.803,-3.085,9,N,84(b),R,-2.812,6
-3.395,-1.207,13,N,84(b),S,-1.193,3
-3.472,-1.286,7,N,84(b),T,-1.178,4
-3.553,-1.372,6,N,84(b),V,-1.683,4
-3.878,-1.756,13,N,84(b),W,-1.838,8
-4.178,-2.158,7,N,84(b),Y,-2.091,3
-4.591,-2.764,1,Y,85(b),*,,
-0.6868,-0.05132,1,Y,85(b),-,,
-2.354,-0.461,13,Y,85(b),A,-0.8709,7
-2.363,-0.4656,11,Y,85(b),C,-0.6206,5
-3.451,-1.264,10,Y,85(b),D,-1.555,5
-3.256,-1.074,8,Y,85(b),E,-1.178,6
0.001992,0.0001041,8,Y,85(b),F,-0.2874,3
-3.129,-0.9625,13,Y,85(b),G,-0.879,8
0.5364,0.02184,1,Y,85(b),H,,
-0.2015,-0.01168,10,Y,85(b),I,0.174,7
-3.091,-0.9308,8,Y,85(b),K,-0.8026,8
-0.5127,-0.03491,8,Y,85(b),L,-0.04094,3
-1.087,-0.1014,12,Y,85(b),M,-0.3873,10
-1.76,-0.2422,9,Y,85(b),N,-0.6485,4
-3.723,-1.566,16,Y,85(b),P,-1.865,11
-2.471,-0.5189,8,Y,85(b),Q,-0.5576,7
-2.304,-0.4381,10,Y,85(b),R,-0.6684,5
-2.97,-0.8351,13,Y,85(b),S,-0.6348,9
-2.009,-0.3204,11,Y,85(b),T,-0.8775,6
-1.228,-0.124,11,Y,85(b),V,0.1226,2
-0.04245,-0.002272,9,Y,85(b),W,-0.1657,5
0,0,,Y,85(b),Y,0,
0.2461,0.01146,1,F,86(b),-,,
-2.911,-0.7908,10,F,86(b),A,-0.8877,7
-3.26,-1.078,6,F,86(b),C,-1.268,2
-3.435,-1.248,13,F,86(b),D,-1.246,7
-2.441,-0.5036,7,F,86(b),E,-0.9557,4
0,0,,F,86(b),F,0,
-1.971,-0.3074,5,F,86(b),G,-1.4,1
-3.168,-0.9958,5,F,86(b),H,-1.047,3
-2.989,-0.8491,11,F,86(b),I,-0.7178,7
-3.225,-1.046,10,F,86(b),K,-1.047,5
-0.7016,-0.05284,13,F,86(b),L,-1.417,5
-1.407,-0.1574,13,F,86(b),M,-0.2931,7
-0.8093,-0.06463,11,F,86(b),N,-0.539,8
-2.591,-0.5841,10,F,86(b),P,-0.4806,6
-2.659,-0.6241,11,F,86(b),Q,-0.4949,9
-2.736,-0.6718,15,F,86(b),R,-0.6693,12
-3.956,-1.857,15,F,86(b),S,-1.786,6
-3.944,-1.841,14,F,86(b),T,-1.676,10
-2.777,-0.6982,6,F,86(b),V,-0.9747,4
-3.085,-0.9251,13,F,86(b),W,-0.763,10
-2.11,-0.3575,17,F,86(b),Y,-0.9559,8
-0.0848,-0.004636,1,M,87(b),-,,
-0.6415,-0.04677,4,M,87(b),A,0.006822,1
-1.484,-0.1736,6,M,87(b),C,-0.2743,3
-2.936,-0.809,8,M,87(b),D,-0.6487,5
-2.334,-0.4518,6,M,87(b),E,-0.7308,4
-1.979,-0.3101,12,M,87(b),F,-0.8371,3
-3.2,-1.024,3,M,87(b),G,-0.6725,2
-2.094,-0.3513,10,M,87(b),H,-0.5829,5
-3.141,-0.9725,14,M,87(b),I,-1.149,7
-3.022,-0.8749,18,M,87(b),K,-0.7704,10
0.8475,0.03011,7,M,87(b),L,-0.3605,3
0,0,,M,87(b),M,0,
-3.504,-1.32,11,M,87(b),N,-1.158,6
-3.312,-1.127,7,M,87(b),P,-1.356,6
-1.28,-0.1331,14,M,87(b),Q,-0.4734,9
-2.814,-0.7227,11,M,87(b),R,-0.6518,10
-0.5787,-0.0408,8,M,87(b),S,-0.03733,6
0.486,0.02024,8,M,87(b),T,-0.8242,4
-2.333,-0.4514,10,M,87(b),V,-0.5917,6
-2.603,-0.5911,8,M,87(b),W,-0.6949,5
-2.693,-0.6446,9,M,87(b),Y,-0.8082,5
-3.513,-1.329,2,A,88(b),-,-1.432,1
0,0,,A,88(b),A,0,
-1.622,-0.2057,5,A,88(b),C,-0.4416,3
-2.957,-0.8247,9,A,88(b),D,-0.9249,4
-0.9959,-0.08818,6,A,88(b),E,-0.4994,4
-0.6364,-0.04628,7,A,88(b),F,-0.6167,4
-1.625,-0.2064,13,A,88(b),G,-0.3441,10
-0.1321,-0.007396,10,A,88(b),H,-0.6903,5
-3.097,-0.9358,7,A,88(b),I,-1.148,5
-0.1186,-0.006591,8,A,88(b),K,-0.5092,2
-2.185,-0.3872,14,A,88(b),L,-0.7463,7
-0.7886,-0.06227,3,A,88(b),M,-0.7538,1
-2.658,-0.6234,11,A,88(b),N,-0.9404,8
-3.087,-0.9272,12,A,88(b),P,-0.9164,7
-2.73,-0.6679,8,A,88(b),Q,-0.6338,4
0.1779,0.008557,17,A,88(b),R,-0.2495,12
0.4086,0.01763,15,A,88(b),S,-0.04312,10
-0.3947,-0.02526,36,A,88(b),T,-0.2323,8
0.1972,0.009396,16,A,88(b),V,-0.7644,8
-2.946,-0.8165,11,A,88(b),W,-0.8737,7
-1.908,-0.2867,6,A,88(b),Y,-0.3516,5
-0.07321,-0.003979,1,S,89(b),-,,
-0.2164,-0.01264,12,S,89(b),A,0.108,8
-0.7295,-0.05578,11,S,89(b),C,-0.5687,7
1.002,0.03335,11,S,89(b),D,-0.1081,6
1.496,0.04096,7,S,89(b),E,0.3284,7
-0.1186,-0.006596,6,S,89(b),F,-0.4654,3
0.4067,0.01757,15,S,89(b),G,-0.3751,8
0.7065,0.02667,9,S,89(b),H,-0.1191,6
-0.8842,-0.07357,7,S,89(b),I,-0.5234,4
-1.103,-0.1037,7,S,89(b),K,-0.4929,6
-0.1402,-0.007878,10,S,89(b),L,-0.1771,7
-0.03839,-0.002051,7,S,89(b),M,0.2392,4
-0.2883,-0.01746,23,S,89(b),N,0.1025,12
0.1159,0.005743,5,S,89(b),P,-0.1248,5
-0.4045,-0.02602,9,S,89(b),Q,-0.02176,7
-0.9441,-0.08121,13,S,89(b),R,-0.03209,6
0,0,,S,89(b),S,0,
2.54,0.04868,16,S,89(b),T,0.4546,10
-0.9818,-0.08625,4,S,89(b),V,0.04965,2
-1.934,-0.2951,10,S,89(b),W,-0.1373,6
-1.244,-0.1267,12,S,89(b),Y,0.1203,6
-0.3751,-0.02376,2,F,90(b),-,,
-3.358,-1.171,4,F,90(b),A,-1.096,3
-1.137,-0.1089,9,F,90(b),C,-0.9113,3
-2.477,-0.5219,9,F,90(b),D,-0.8226,6
-2.464,-0.5152,7,F,90(b),E,-1.091,4
0,0,,F,90(b),F,0,
-0.2366,-0.01396,6,F,90(b),G,-0.6152,4
-2.331,-0.4502,13,F,90(b),H,-0.6113,8
-0.4144,-0.02679,16,F,90(b),I,-0.8922,10
1.022,0.03374,7,F,90(b),K,-1.096,5
-1.101,-0.1033,11,F,90(b),L,-0.2966,2
-1.915,-0.2887,8,F,90(b),M,-0.5477,6
-2.786,-0.7042,11,F,90(b),N,-0.6628,7
-3.422,-1.235,4,F,90(b),P,-0.4091,1
-0.3481,-0.02174,6,F,90(b),Q,-0.5204,3
-2.221,-0.4019,12,F,90(b),R,-1.699,5
-0.741,-0.05701,7,F,90(b),S,-0.7735,1
-2.685,-0.6396,10,F,90(b),T,-0.5429,9
-2.705,-0.6521,12,F,90(b),V,-0.8095,7
0.5942,0.02358,7,F,90(b),W,0.2934,5
-0.7914,-0.06259,7,F,90(b),Y,-0.5968,2
-0.7771,-0.06097,3,T,91(b),-,,
-2.761,-0.6877,12,T,91(b),A,-0.8873,9
0.2306,0.01082,8,T,91(b),C,-0.6009,3
-2.655,-0.6217,9,T,91(b),D,-0.8936,5
-2.971,-0.8353,7,T,91(b),E,-0.5531,4
-3.45,-1.263,5,T,91(b),F,-1.274,3
-3.55,-1.369,6,T,91(b),G,-1.273,4
-2.903,-0.7851,7,T,91(b),H,-0.7099,4
-1.351,-0.1464,17,T,91(b),I,-0.5256,5
-2.093,-0.3508,6,T,91(b),K,-1.071,4
-0.9273,-0.07903,9,T,91(b),L,-0.4097,5
-3.145,-0.9755,8,T,91(b),M,-0.9598,5
-2.467,-0.5168,9,T,91(b),N,-0.5078,6
-3.079,-0.9209,13,T,91(b),P,-0.8237,8
-2.757,-0.6853,11,T,91(b),Q,-0.7567,6
-3.224,-1.045,15,T,91(b),R,-0.9152,11
-2.759,-0.6862,9,T,91(b),S,-0.735,6
0,0,,T,91(b),T,0,
-2.187,-0.3878,10,T,91(b),V,-0.8203,6
-2.936,-0.8097,8,T,91(b),W,-1.071,4
-3.255,-1.073,7,T,91(b),Y,-1.065,6
-1.654,-0.2138,4,V,92(b),-,,
-0.07187,-0.003903,15,V,92(b),A,-0.9252,5
-2.075,-0.3442,7,V,92(b),C,0.03719,3
1.315,0.03859,8,V,92(b),D,-0.7341,6
-2.753,-0.6827,11,V,92(b),E,-0.8113,8
-2.094,-0.3512,9,V,92(b),F,-0.5133,7
-2.556,-0.5643,7,V,92(b),G,-0.5486,3
-2.705,-0.6521,11,V,92(b),H,-0.9319,6
-1.032,-0.09319,10,V,92(b),I,-0.1536,8
-3.136,-0.9682,9,V,92(b),K,-0.6568,7
-0.4293,-0.02798,17,V,92(b),L,-0.3785,8
-3.191,-1.016,20,V,92(b),M,-0.996,6
-2.653,-0.6205,11,V,92(b),N,-0.6955,7
-2.758,-0.6861,8,V,92(b),P,-0.6017,6
-2.622,-0.6021,5,V,92(b),Q,-0.3994,2
-1.281,-0.1333,22,V,92(b),R,-0.935,11
-2.872,-0.7631,13,V,92(b),S,-0.8919,9
-1.84,-0.2655,7,V,92(b),T,-0.114,2
0,0,,V,92(b),V,0,
-3.227,-1.047,12,V,92(b),W,-1.062,12
-0.9451,-0.08134,9,V,92(b),Y,-0.2589,4
-1.507,-0.1786,4,D,93(b),-,,
-2.057,-0.3374,9,D,93(b),A,-0.4376,6
0.4058,0.01754,9,D,93(b),C,-0.2542,6
0,0,,D,93(b),D,0,
1.609,0.04223,6,D,93(b),E,0.08225,4
-0.4423,-0.02902,6,D,93(b),F,-0.2423,4
-0.5501,-0.0382,10,D,93(b),G,-0.4353,2
-1.062,-0.09751,7,D,93(b),H,0.1053,3
-2.733,-0.6699,10,D,93(b),I,-0.471,8
-1.114,-0.1054,8,D,93(b),K,0.06342,5
-0.5541,-0.03856,6,D,93(b),L,0.2374,4
0.606,0.02392,9,D,93(b),M,-0.1007,7
-1.842,-0.266,15,D,93(b),N,-0.1755,7
-3.004,-0.8608,14,D,93(b),P,-0.8798,12
2.374,0.04792,5,D,93(b),Q,-0.1943,2
-2.213,-0.3986,8,D,93(b),R,-0.4295,5
-1.619,-0.205,10,D,93(b),S,-0.4681,3
-2.821,-0.728,6,D,93(b),T,-0.8612,5
-2.384,-0.4754,10,D,93(b),V,-0.757,5
-0.4334,-0.0283,6,D,93(b),W,-0.5646,2
-1.492,-0.1754,7,D,93(b),Y,-0.1157,3
-6.835,-5.352,1,R,94(b),*,,
-3.224,-1.045,5,R,94(b),-,,
-2.01,-0.3207,10,R,94(b),A,-0.5756,7
-1.996,-0.316,15,R,94(b),C,-0.3907,8
0.1153,0.005714,6,R,94(b),D,-0.538,5
-2.068,-0.3418,7,R,94(b),E,-0.3372,6
-3.082,-0.9234,5,R,94(b),F,-0.9118,3
-1.044,-0.09493,12,R,94(b),G,-0.2519,3
-0.865,-0.07122,18,R,94(b),H,-0.2455,12
-2.187,-0.3878,15,R,94(b),I,-0.2529,8
1.728,0.04342,8,R,94(b),K,0.3208,3
-1.163,-0.1132,8,R,94(b),L,-0.2836,4
-2.321,-0.4457,10,R,94(b),M,-0.4792,8
1.315,0.0386,8,R,94(b),N,-0.1293,6
-3.035,-0.885,7,R,94(b),P,-0.7607,4
1.474,0.0407,12,R,94(b),Q,0.2761,9
0,0,,R,94(b),R,0,
-2.51,-0.5393,8,R,94(b),S,-0.3855,6
-2.711,-0.6558,13,R,94(b),T,-0.8331,8
-0.03553,-0.001895,6,R,94(b),V,-0.2757,2
-2.186,-0.3874,6,R,94(b),W,-0.467,5
-0.6683,-0.04944,15,R,94(b),Y,-0.7639,7
-1.681,-0.2207,6,R,95(b),-,,
-0.4654,-0.0309,4,R,95(b),A,-0.2147,2
-0.7717,-0.06037,17,R,95(b),C,-0.1364,8
-1.181,-0.116,5,R,95(b),D,-0.4413,2
0.4214,0.01808,2,R,95(b),E,0.0706,2
-0.2518,-0.01498,13,R,95(b),F,-0.4543,8
-2.044,-0.333,7,R,95(b),G,-0.2031,6
2.013,0.04576,9,R,95(b),H,0.03702,7
-2.002,-0.3178,8,R,95(b),I,-0.425,5
-1.826,-0.2611,11,R,95(b),K,-0.2501,9
1.585,0.04197,11,R,95(b),L,0.1376,7
3.462,0.05121,12,R,95(b),M,-0.1911,5
-1.753,-0.2403,13,R,95(b),N,-0.2119,10
-2.786,-0.7042,8,R,95(b),P,-0.5684,4
0.2973,0.01351,20,R,95(b),Q,-0.1049,9
0,0,,R,95(b),R,0,
-2.018,-0.3234,8,R,95(b),S,-0.3748,6
-0.908,-0.07656,7,R,95(b),T,-0.3166,7
-2.407,-0.4865,7,R,95(b),V,-1.136,4
-0.1948,-0.01125,20,R,95(b),W,-0.4237,5
-2.088,-0.3491,8,R,95(b),Y,0.008202,7
0.35,0.01552,6,V,96(b),-,,
-0.4539,-0.02996,6,V,96(b),A,0.005476,1
-2.465,-0.5158,6,V,96(b),C,-0.5583,5
-0.7048,-0.05318,10,V,96(b),D,-0.2008,7
-1.771,-0.2452,8,V,96(b),E,-0.5996,7
0.08896,0.004466,9,V,96(b),F,-0.154,5
-2.632,-0.6081,9,V,96(b),G,-0.01698,6
-1.529,-0.1837,9,V,96(b),H,0.2068,6
-0.07302,-0.003968,15,V,96(b),I,0.05269,4
-2.262,-0.4193,9,V,96(b),K,-0.39,5
0.6664,0.02561,12,V,96(b),L,-0.02581,5
-1.465,-0.1695,6,V,96(b),M,-0.4911,5
-1.127,-0.1074,10,V,96(b),N,-0.7678,5
-2.117,-0.3601,7,V,96(b),P,-0.3249,4
1.913,0.04502,8,V,96(b),Q,-0.2195,7
0.8385,0.0299,8,V,96(b),R,0.3303,3
-1.134,-0.1085,9,V,96(b),S,-0.08882,3
2.188,0.0469,11,V,96(b),T,0.6754,6
0,0,,V,96(b),V,0,
-1.126,-0.1073,9,V,96(b),W,-0.21,4
-1.073,-0.09924,14,V,96(b),Y,-0.1091,9
-7.523,-5.661,5,E,97(b),*,,
-0.3133,-0.01922,6,E,97(b),-,,
0.3153,0.01421,6,E,97(b),A,-0.3553,4
0.09705,0.004853,7,E,97(b),C,0.5055,5
-0.6484,-0.04745,19,E,97(b),D,-0.4254,11
0,0,,E,97(b),E,0,
-1.618,-0.2048,8,E,97(b),F,-0.4589,6
0.1335,0.006558,10,E,97(b),G,-0.4877,4
-2.249,-0.414,4,E,97(b),H,-0.4405,3
-1.114,-0.1053,9,E,97(b),I,0.1271,7
-1.027,-0.0925,6,E,97(b),K,0.08019,1
-1.789,-0.2504,6,E,97(b),L,-0.09871,4
-0.05365,-0.002888,10,E,97(b),M,-0.1623,7
-2.009,-0.3203,12,E,97(b),N,0.5045,10
1.54,0.04147,11,E,97(b),P,0.1364,8
-1.818,-0.2587,16,E,97(b),Q,-0.1835,8
-0.3769,-0.0239,13,E,97(b),R,0.05532,8
-1.962,-0.3044,9,E,97(b),S,-0.2316,8
-0.7624,-0.05935,8,E,97(b),T,-0.047,5
-0.2524,-0.01501,12,E,97(b),V,0.2675,3
-0.6038,-0.04315,8,E,97(b),W,-0.1846,5
-1.027,-0.09247,5,E,97(b),Y,-0.2921,3
-3.397,-1.209,5,P,98(b),-,,
-0.9626,-0.08366,10,P,98(b),A,-0.7975,2
0.5892,0.02343,8,P,98(b),C,-0.1763,7
-4.134,-2.097,12,P,98(b),D,-1.662,8
-3.786,-1.642,6,P,98(b),E,-0.9161,3
-2.322,-0.4462,8,P,98(b),F,-0.1699,5
-1.1,-0.1033,8,P,98(b),G,0.1182,4
-1.478,-0.1723,7,P,98(b),H,-0.6575,4
-3.431,-1.243,5,P,98(b),I,-1.202,2
-4.186,-2.17,7,P,98(b),K,-1.884,5
-2.975,-0.8385,8,P,98(b),L,-0.8707,3
-1.998,-0.3167,12,P,98(b),M,-0.1161,9
-3.137,-0.9687,12,P,98(b),N,-0.617,9
0,0,,P,98(b),P,0,
-3.103,-0.9404,5,P,98(b),Q,-0.3883,2
-3.864,-1.738,9,P,98(b),R,-1.722,5
-2.241,-0.4105,18,P,98(b),S,-0.3375,11
-1.457,-0.1677,10,P,98(b),T,-0.2101,6
-2.472,-0.5193,12,P,98(b),V,0.0469,8
-3.178,-1.004,14,P,98(b),W,-0.8864,10
-2.403,-0.4849,6,P,98(b),Y,-0.6029,2
-7.339,-5.595,3,K,99(b),*,,
-1.892,-0.2813,4,K,99(b),-,,
-0.6958,-0.05224,9,K,99(b),A,-0.03927,9
-0.4989,-0.03372,10,K,99(b),C,-0.02015,6
-1.037,-0.09394,7,K,99(b),D,-0.4817,3
0.8046,0.02912,16,K,99(b),E,-0.1014,7
-0.07793,-0.004245,13,K,99(b),F,0.2447,7
-2.036,-0.3299,12,K,99(b),G,-0.2937,7
0.6538,0.02526,11,K,99(b),H,-0.1654,3
-1.412,-0.1584,16,K,99(b),I,-0.1842,12
0,0,,K,99(b),K,0,
-1.588,-0.1975,9,K,99(b),L,0.3145,5
-2.203,-0.3945,6,K,99(b),M,0.1129,3
-0.6031,-0.04308,29,K,99(b),N,0.1423,13
-3.783,-1.638,7,K,99(b),P,-1.592,6
-2.659,-0.6239,7,K,99(b),Q,-0.3699,3
-0.6753,-0.05015,25,K,99(b),R,0.1168,13
-1.59,-0.1978,10,K,99(b),S,0.3085,8
-1.135,-0.1087,12,K,99(b),T,-0.4833,4
-2.295,-0.4342,7,K,99(b),V,-0.3017,2
-1.613,-0.2036,10,K,99(b),W,0.1001,5
-0.1347,-0.00755,6,K,99(b),Y,0.2326,3
-1.854,-0.2697,326,V,100(b),-,,
1.451,0.04041,6,V,100(b),A,-0.063,4
-0.7442,-0.05736,9,V,100(b),C,-0.184,7
-4.692,-2.917,5,V,100(b),D,-2.76,3
-3.193,-1.018,7,V,100(b),E,-0.9294,5
-1.101,-0.1034,14,V,100(b),F,0.02867,10
-0.8091,-0.0646,8,V,100(b),G,-0.1059,5
-1.392,-0.1543,14,V,100(b),H,0.3764,9
1.391,0.03964,13,V,100(b),I,0.4218,9
-3.853,-1.724,7,V,100(b),K,-1.051,5
-0.4163,-0.02695,18,V,100(b),L,-0.3363,10
-0.1649,-0.009383,21,V,100(b),M,0.2128,6
-2.102,-0.3542,8,V,100(b),N,-0.4456,6
-3.403,-1.215,4,V,100(b),P,-0.6503,1
-2.18,-0.3851,7,V,100(b),Q,-0.1137,4
-2.828,-0.7325,13,V,100(b),R,-0.8481,8
0.7797,0.02852,10,V,100(b),S,-0.005207,7
0.3396,0.01513,10,V,100(b),T,-0.3661,4
0,0,,V,100(b),V,0,
-6.478,-5.111,4,V,100(b),W,-6,1
-2.139,-0.3686,11,V,100(b),Y,-0.1364,7
-0.1025,-0.005655,325,R,101(b),-,,
0.975,0.03283,7,R,101(b),A,-0.2549,3
0.2981,0.01354,10,R,101(b),C,-0.321,6
-0.5236,-0.03585,10,R,101(b),D,0.1604,7
-0.3159,-0.01941,11,R,101(b),E,-0.3645,5
-1.718,-0.2306,11,R,101(b),F,-0.2249,8
-3.319,-1.133,10,R,101(b),G,-1.344,7
-2.679,-0.6362,12,R,101(b),H,-0.4834,7
-0.04888,-0.002625,12,R,101(b),I,0.0926,7
-0.2381,-0.01406,8,R,101(b),K,0.5432,6
-1.711,-0.2287,8,R,101(b),L,0.272,3
-2.106,-0.3557,6,R,101(b),M,-0.311,4
-0.1245,-0.006942,10,R,101(b),N,-0.1483,7
-6.793,-5.326,7,R,101(b),P,-4.742,2
0.1027,0.005122,16,R,101(b),Q,0.03374,7
0,0,,R,101(b),R,0,
0.09436,0.004724,7,R,101(b),S,-0.4313,5
1.114,0.03542,5,R,101(b),T,0.02881,1
-0.1812,-0.01039,11,R,101(b),V,-0.4693,4
-0.1548,-0.008762,44,R,101(b),W,-0.1401,10
0.2882,0.01315,11,R,101(b),Y,-0.2364,6
-0.3286,-0.02032,324,V,102(b),-,,
1.727,0.04341,9,V,102(b),A,1.051,1
-1.675,-0.2193,9,V,102(b),C,0.1136,4
-4.576,-2.741,9,V,102(b),D,-2.435,8
-4.041,-1.97,6,V,102(b),E,-1.642,4
-2.036,-0.33,11,V,102(b),F,-0.2429,10
-0.8785,-0.07287,12,V,102(b),G,-0.2017,11
-2.608,-0.5938,10,V,102(b),H,-0.8612,5
-0.251,-0.01492,8,V,102(b),I,-0.1436,6
-3.91,-1.797,7,V,102(b),K,-1.618,5
-0.6955,-0.05221,17,V,102(b),L,0.09289,7
-0.4946,-0.03336,22,V,102(b),M,-0.04277,10
-2.918,-0.7962,13,V,102(b),N,-0.5835,8
1.337,0.03891,4,V,102(b),P,0.9023,3
-2.377,-0.4719,13,V,102(b),Q,-0.1437,8
-3.631,-1.459,9,V,102(b),R,-1.176,4
1.151,0.03605,12,V,102(b),S,-0.6941,4
0.4065,0.01756,11,V,102(b),T,0.006536,5
0,0,,V,102(b),V,0,
-3.341,-1.154,9,V,102(b),W,-1.125,5
-1.354,-0.147,12,V,102(b),Y,-0.0941,8
-0.418,-0.02708,324,S,103(b),-,,
-1.517,-0.1808,8,S,103(b),A,-0.4052,5
0.9899,0.03312,12,S,103(b),C,0.1974,8
-0.6582,-0.04843,4,S,103(b),D,-0.2401,3
0.1593,0.007732,5,S,103(b),E,1.015,2
-0.8251,-0.06647,11,S,103(b),F,0.0718,4
-0.4279,-0.02787,9,S,103(b),G,0.08544,4
1.481,0.04077,17,S,103(b),H,0.4156,12
-1.029,-0.09281,12,S,103(b),I,-0.0633,7
-2.012,-0.3215,9,S,103(b),K,-0.1681,6
1.079,0.0348,7,S,103(b),L,0.2975,4
0.1472,0.007186,14,S,103(b),M,0.002645,9
1.18,0.03654,10,S,103(b),N,0.2943,7
-0.4738,-0.0316,11,S,103(b),P,0.06063,5
0.5425,0.02203,9,S,103(b),Q,-0.3138,7
-0.4874,-0.03275,20,S,103(b),R,-0.08686,11
0,0,,S,103(b),S,0,
1.054,0.03435,5,S,103(b),T,-0.1557,4
-0.8051,-0.06415,12,S,103(b),V,-0.3306,8
-1.199,-0.1191,7,S,103(b),W,-0.1682,5
-0.3528,-0.02209,16,S,103(b),Y,-0.1232,10
-0.2162,-0.01263,323,P,104(b),-,,
-0.3004,-0.01831,11,P,104(b),A,0.1523,7
0.5744,0.02299,12,P,104(b),C,0.02645,8
-0.2801,-0.0169,11,P,104(b),D,0.3979,5
0.8964,0.03119,9,P,104(b),E,-0.1976,7
-2.353,-0.4607,7,P,104(b),F,-0.3069,4
-0.2863,-0.01733,15,P,104(b),G,0.1535,11
-0.3491,-0.02182,9,P,104(b),H,0.246,4
1.973,0.04548,6,P,104(b),I,0.09893,4
0.3404,0.01516,12,P,104(b),K,-0.1105,7
-0.1797,-0.0103,12,P,104(b),L,0.006464,5
-0.4534,-0.02992,14,P,104(b),M,0.01461,9
-1.076,-0.0997,11,P,104(b),N,0.8344,8
0,0,,P,104(b),P,0,
-0.3292,-0.02037,15,P,104(b),Q,0.2106,11
1.33,0.03881,6,P,104(b),R,0.1349,3
1.785,0.04395,15,P,104(b),S,0.1156,5
1.483,0.0408,8,P,104(b),T,-0.408,4
-2.377,-0.4722,12,P,104(b),V,-0.3215,6
1.583,0.04194,6,P,104(b),W,0.5634,5
-2.365,-0.4662,7,P,104(b),Y,-0.1294,5
0.1153,0.005715,323,M,105(b),-,,
-0.7358,-0.05646,9,M,105(b),A,0.07677,5
0.03847,0.001979,10,M,105(b),C,0.06679,7
0.4881,0.02031,8,M,105(b),D,-0.09838,5
-2.431,-0.4984,1,M,105(b),E,,
-0.005344,-0.0002809,7,M,105(b),F,0.4269,6
-0.1493,-0.008432,3,M,105(b),G,-0.1944,1
-0.8235,-0.06628,12,M,105(b),H,0.1824,4
-0.05128,-0.002756,23,M,105(b),I,-0.1318,7
0.08473,0.004262,11,M,105(b),K,0.2207,8
1.886,0.0448,10,M,105(b),L,-0.6882,2
0,0,,M,105(b),M,0,
-0.4434,-0.02911,15,M,105(b),N,0.4022,6
-1.408,-0.1575,8,M,105(b),P,-0.1522,8
-1.453,-0.167,9,M,105(b),Q,0.2114,5
-1.824,-0.2605,11,M,105(b),R,-0.1157,6
-0.9204,-0.07814,10,M,105(b),S,0.6764,6
1.494,0.04093,6,M,105(b),T,-0.0106,4
0.2851,0.01303,15,M,105(b),V,0.06421,7
-0.7895,-0.06237,8,M,105(b),W,-0.1302,4
-0.3932,-0.02514,11,M,105(b),Y,0.4802,9
-7.387,-5.614,13,Q,106(b),*,-6,1
-0.08566,-0.004684,323,Q,106(b),-,,
-0.2042,-0.01185,8,Q,106(b),A,0.4428,3
-2.395,-0.4809,10,Q,106(b),C,-0.3294,8
-0.2953,-0.01795,6,Q,106(b),D,0.08643,4
-0.03223,-0.001716,11,Q,106(b),E,-0.1789,5
0.214,0.01012,6,Q,106(b),F,0.4032,4
-0.1137,-0.006306,10,Q,106(b),G,0.4469,5
-1.433,-0.1628,11,Q,106(b),H,-0.1659,6
0.8329,0.02978,10,Q,106(b),I,-0.015,6
0.6135,0.02413,8,Q,106(b),K,0.1427,6
0.1244,0.00614,17,Q,106(b),L,-0.3714,6
0.2711,0.01247,7,Q,106(b),M,-0.107,6
1.577,0.04188,8,Q,106(b),N,0.4766,6
-3.044,-0.8926,5,Q,106(b),P,-0.6586,3
0,0,,Q,106(b),Q,0,
-1.937,-0.296,12,Q,106(b),R,-0.3808,2
1.866,0.04464,6,Q,106(b),S,0.1623,3
0.4817,0.02011,11,Q,106(b),T,0.1738,9
-0.8005,-0.06363,13,Q,106(b),V,-0.2181,10
0.6244,0.02444,6,Q,106(b),W,-0.02605,4
-0.4564,-0.03017,10,Q,106(b),Y,0.1341,6
-0.1214,-0.006756,323,S,107(b),-,,
-0.4536,-0.02994,9,S,107(b),A,0.08666,5
-1.039,-0.09427,8,S,107(b),C,-0.08421,4
1.077,0.03476,9,S,107(b),D,-0.3823,3
0.02529,0.001309,4,S,107(b),E,0.1066,2
1.474,0.04069,5,S,107(b),F,0.5371,4
-1.099,-0.103,7,S,107(b),G,-0.266,4
1.799,0.04407,9,S,107(b),H,0.04722,7
-0.1443,-0.008127,9,S,107(b),I,0.185,2
-0.1559,-0.008833,7,S,107(b),K,-0.2183,5
-0.8533,-0.06981,13,S,107(b),L,-0.1932,7
-1.242,-0.1264,8,S,107(b),M,0.1636,2
-0.5556,-0.0387,20,S,107(b),N,-0.02345,10
1.057,0.0344,11,S,107(b),P,0.1664,6
-0.6626,-0.04887,19,S,107(b),Q,-0.07364,14
1.029,0.03387,8,S,107(b),R,-0.1211,6
0,0,,S,107(b),S,0,
1.277,0.03804,7,S,107(b),T,0.1519,5
-0.6715,-0.04976,8,S,107(b),V,-0.05305,4
0.1229,0.006069,5,S,107(b),W,-0.139,4
0.9279,0.03186,11,S,107(b),Y,0.5111,7
-0.295,-0.01793,322,S,108(b),-,,
1.962,0.04539,7,S,108(b),A,0.179,3
-1.915,-0.2888,12,S,108(b),C,-0.2583,8
1.465,0.04057,5,S,108(b),D,-0.2376,3
-1.742,-0.2372,5,S,108(b),E,-0.4642,5
0.4473,0.01897,17,S,108(b),F,0.1741,7
-0.3734,-0.02363,6,S,108(b),G,0.145,4
-0.7236,-0.05515,14,S,108(b),H,0.1103,8
0.8994,0.03126,11,S,108(b),I,-0.2294,7
0.411,0.01772,4,S,108(b),K,-0.005323,3
-1.152,-0.1114,13,S,108(b),L,-0.006875,7
0.8097,0.02923,16,S,108(b),M,-0.1213,12
-0.4306,-0.02808,14,S,108(b),N,-0.1319,11
-1.414,-0.1589,15,S,108(b),P,0.02136,9
0.2189,0.01032,9,S,108(b),Q,-0.0461,8
-0.209,-0.01216,10,S,108(b),R,-0.207,6
0,0,,S,108(b),S,0,
-2.154,-0.3747,8,S,108(b),T,-0.5173,5
-0.4384,-0.0287,1,S,108(b),V,-0.3105,1
-1.361,-0.1483,12,S,108(b),W,0.09096,11
-0.8671,-0.07148,8,S,108(b),Y,-0.2127,4
-0.06174,-0.003336,322,S,109(b),-,,
0.4065,0.01756,10,S,109(b),A,0.1417,7
1.127,0.03564,6,S,109(b),C,-0.5475,2
0.3557,0.01573,8,S,109(b),D,0.05302,5
2.029,0.04587,7,S,109(b),E,0.0606,4
-0.07678,-0.00418,16,S,109(b),F,-0.3516,5
-0.4475,-0.02944,9,S,109(b),G,0.1992,5
2.553,0.04873,13,S,109(b),H,0.1006,9
-0.4686,-0.03117,10,S,109(b),I,-0.2112,7
1.681,0.04296,8,S,109(b),K,0.1189,5
0.4942,0.02051,10,S,109(b),L,0.3156,5
1.78,0.0439,9,S,109(b),M,0.5289,6
1.395,0.03969,7,S,109(b),N,0.6532,6
0.1836,0.008805,12,S,109(b),P,-0.121,7
-2.762,-0.6884,2,S,109(b),Q,-0.6865,2
0.8597,0.03038,9,S,109(b),R,0.6777,6
0,0,,S,109(b),S,0,
-0.1967,-0.01137,12,S,109(b),T,0.1034,6
-1.403,-0.1565,3,S,109(b),V,0.0006561,3
1.185,0.03661,9,S,109(b),W,-0.06312,8
-1.936,-0.2957,10,S,109(b),Y,-0.5294,5
-0.4769,-0.03186,322,L,110(b),-,,
0.04785,0.002451,9,L,110(b),A,0.4963,6
-0.1197,-0.006655,8,L,110(b),C,-0.6597,6
-2.019,-0.3239,7,L,110(b),D,-0.3871,7
0.5337,0.02176,5,L,110(b),E,-0.2305,3
-0.4801,-0.03213,9,L,110(b),F,-0.2067,2
2.076,0.04619,10,L,110(b),G,-0.05487,7
-0.7906,-0.0625,9,L,110(b),H,0.21,7
-1.552,-0.1889,10,L,110(b),I,-0.1911,7
-1.689,-0.2228,14,L,110(b),K,0.2848,9
0,0,,L,110(b),L,0,
0.3388,0.0151,12,L,110(b),M,0.1223,7
1.352,0.03911,13,L,110(b),N,0.04326,10
0.3131,0.01412,17,L,110(b),P,0.838,2
0.5346,0.02178,13,L,110(b),Q,0.07849,8
-0.6531,-0.04792,9,L,110(b),R,-0.5559,3
0.09053,0.00454,13,L,110(b),S,0.0939,8
-0.614,-0.04412,8,L,110(b),T,0.3773,7
-0.7363,-0.0565,11,L,110(b),V,0.4619,6
-0.325,-0.02006,11,L,110(b),W,0.06542,7
1.837,0.04439,13,L,110(b),Y,-0.2039,10
-0.07652,-0.004165,322,P,111(b),-,,
0.3463,0.01538,11,P,111(b),A,0.1388,6
-1.588,-0.1975,9,P,111(b),C,-0.2521,6
-0.133,-0.007449,9,P,111(b),D,-0.02448,7
-0.1179,-0.006549,9,P,111(b),E,0.0196,4
-0.9862,-0.08685,13,P,111(b),F,0.00599,10
0.3847,0.01679,14,P,111(b),G,0.02559,9
-1.897,-0.283,9,P,111(b),H,-0.005657,5
0.6382,0.02483,11,P,111(b),I,-0.171,10
-0.3268,-0.02019,10,P,111(b),K,-0.08773,9
2.174,0.04682,14,P,111(b),L,0.3517,4
0.09553,0.00478,10,P,111(b),M,-0.1357,7
-0.8204,-0.06592,6,P,111(b),N,-0.1315,3
0,0,,P,111(b),P,0,
0.005743,0.0003004,13,P,111(b),Q,0.08019,9
-0.3481,-0.02174,7,P,111(b),R,0.342,3
0.9777,0.03288,17,P,111(b),S,-0.1336,4
0.09658,0.00483,20,P,111(b),T,0.1645,9
0.9542,0.03241,9,P,111(b),V,0.09601,7
-0.6844,-0.05107,9,P,111(b),W,0.2808,5
0.7745,0.02839,5,P,111(b),Y,-0.2504,3
-9.272,-5.948,9,Q,112(b),*,-6,1
-1.431,-0.1624,323,Q,112(b),-,,
-1.67,-0.2178,15,Q,112(b),A,-0.4001,10
-0.5382,-0.03714,9,Q,112(b),C,-0.4848,4
0.346,0.01537,12,Q,112(b),D,0.2864,8
-0.02091,-0.001108,18,Q,112(b),E,0.1265,11
1.888,0.04482,15,Q,112(b),F,0.225,11
1.698,0.04314,5,Q,112(b),G,-0.9949,3
1.316,0.03861,17,Q,112(b),H,-0.4397,5
-0.5012,-0.03391,11,Q,112(b),I,-0.2262,6
-0.0996,-0.005485,12,Q,112(b),K,0.01475,8
-0.8515,-0.0696,7,Q,112(b),L,0.6339,3
-0.39,-0.0249,10,Q,112(b),M,0.144,5
-0.4232,-0.02749,8,Q,112(b),N,-0.009456,5
-0.09455,-0.005194,11,Q,112(b),P,0.3207,5
0,0,,Q,112(b),Q,0,
0.7304,0.02729,14,Q,112(b),R,-0.2252,5
1.059,0.03444,10,Q,112(b),S,-0.2022,7
-0.5174,-0.03532,8,Q,112(b),T,0.1032,2
0.6418,0.02493,9,Q,112(b),V,0.06428,5
-0.07354,-0.003998,8,Q,112(b),W,-0.1167,6
2.984,0.05018,6,Q,112(b),Y,-0.03461,4
-1.951,-0.3004,324,T,113(b),-,,
0.5026,0.02078,12,T,113(b),A,0.1127,5
-0.2349,-0.01385,8,T,113(b),C,0.1898,4
2.181,0.04686,6,T,113(b),D,0.2642,3
-0.678,-0.05042,11,T,113(b),E,-0.08855,6
0.04089,0.002102,9,T,113(b),F,-0.2879,5
0.7511,0.02781,1,T,113(b),G,,
-0.7333,-0.05618,14,T,113(b),H,0.4104,10
-0.1882,-0.01083,17,T,113(b),I,-0.1605,10
1.76,0.04371,12,T,113(b),K,0.1493,7
-0.4054,-0.02609,9,T,113(b),L,-0.1787,6
0.9321,0.03195,2,T,113(b),M,0.3423,2
0.6112,0.02407,9,T,113(b),N,0.0537,6
-1.326,-0.1416,9,T,113(b),P,-0.019,4
-2.52,-0.5448,8,T,113(b),Q,-1.105,6
0.5157,0.0212,7,T,113(b),R,-0.6979,2
-0.9029,-0.07592,4,T,113(b),S,-0.09445,2
0,0,,T,113(b),T,0,
0.8003,0.02901,9,T,113(b),V,0.1787,8
-0.9585,-0.08312,13,T,113(b),W,-0.2732,6
0.2253,0.01059,13,T,113(b),Y,-0.2188,10
-0.7929,-0.06276,323,D,114(b),-,,
-0.1213,-0.006755,16,D,114(b),A,0.287,9
-0.2786,-0.01679,10,D,114(b),C,0.01479,5
0,0,,D,114(b),D,0,
0.2451,0.01142,9,D,114(b),E,0.197,5
1.245,0.03756,5,D,114(b),F,-0.2324,4
0.04855,0.002485,13,D,114(b),G,0.3195,9
-0.4361,-0.02852,10,D,114(b),H,-0.1885,5
-0.4261,-0.02772,13,D,114(b),I,0.5178,8
1.642,0.04257,11,D,114(b),K,0.1353,10
0.3618,0.01595,8,D,114(b),L,-0.1659,3
0.08088,0.004076,10,D,114(b),M,0.0526,8
0.07529,0.003804,9,D,114(b),N,0.09119,3
-0.3497,-0.02187,6,D,114(b),P,0.04522,4
0.3706,0.01628,15,D,114(b),Q,0.0564,7
-0.845,-0.06882,6,D,114(b),R,-0.482,4
0.4186,0.01798,6,D,114(b),S,0.05146,6
-2.331,-0.4503,9,D,114(b),T,0.03723,7
0.8926,0.03111,11,D,114(b),V,-0.2547,10
0.3258,0.01461,13,D,114(b),W,0.16,8
-2.197,-0.3919,7,D,114(b),Y,-0.6424,5
-0.6541,-0.04802,323,R,115(b),-,,
0.7323,0.02734,6,R,115(b),A,0.08498,4
-1.669,-0.2175,12,R,115(b),C,-0.07576,12
-0.8184,-0.06569,13,R,115(b),D,-0.1278,7
-2.784,-0.7029,8,R,115(b),E,-0.09093,5
1.542,0.04149,11,R,115(b),F,0.2839,9
0.6049,0.02389,13,R,115(b),G,0.1853,7
0.9285,0.03188,7,R,115(b),H,0.1361,5
0.9956,0.03323,14,R,115(b),I,-0.2327,5
-1.688,-0.2225,21,R,115(b),K,-0.1062,11
-0.4597,-0.03044,13,R,115(b),L,0.2081,8
1.534,0.0414,7,R,115(b),M,0.2174,6
-0.5158,-0.03518,11,R,115(b),N,-0.3559,9
-1.006,-0.08958,6,R,115(b),P,-0.08882,3
1.47,0.04064,7,R,115(b),Q,0.1834,6
0,0,,R,115(b),R,0,
-0.5964,-0.04245,11,R,115(b),S,0.09475,6
-2.188,-0.3882,8,R,115(b),T,-0.1728,5
3.918,0.05182,11,R,115(b),V,-0.4438,7
-2.31,-0.4406,8,R,115(b),W,-0.3206,6
-0.06814,-0.003694,11,R,115(b),Y,-0.09636,4
-0.09848,-0.005421,323,L,116(b),-,,
-3.023,-0.8754,6,L,116(b),A,-0.4311,4
-1.935,-0.2952,9,L,116(b),C,-0.116,8
-5.007,-3.392,11,L,116(b),D,-3.654,9
-2.58,-0.5777,14,L,116(b),E,-0.6296,10
-1.662,-0.2157,7,L,116(b),F,-0.2007,5
-2.795,-0.71,14,L,116(b),G,-0.5457,10
-0.6218,-0.04487,8,L,116(b),H,-0.0361,4
0.898,0.03123,7,L,116(b),I,-0.1143,5
0.3506,0.01554,10,L,116(b),K,-0.2104,8
0,0,,L,116(b),L,0,
-0.4706,-0.03134,6,L,116(b),M,-0.275,3
-3.596,-1.419,5,L,116(b),N,-1.325,2
-2.634,-0.6094,6,L,116(b),P,-0.4733,3
-1.438,-0.1638,17,L,116(b),Q,-0.3374,7
-1.22,-0.1225,15,L,116(b),R,0.0007,6
-2.539,-0.5549,5,L,116(b),S,0.02121,3
-2.543,-0.5575,10,L,116(b),T,-0.2637,7
-0.6951,-0.05216,11,L,116(b),V,0.2149,5
0.3264,0.01463,9,L,116(b),W,-0.162,6
-2.157,-0.3756,9,L,116(b),Y,-0.2322,7
-0.2838,-0.01715,323,A,117(b),-,,
0,0,,A,117(b),A,0,
-2.698,-0.6476,7,A,117(b),C,-0.6271,4
-0.8301,-0.06706,13,A,117(b),D,0.02489,11
-2.902,-0.7846,10,A,117(b),E,-0.5362,5
-1.951,-0.3005,5,A,117(b),F,-0.1636,3
0.7602,0.02804,9,A,117(b),G,0.2965,4
-2.233,-0.4072,10,A,117(b),H,-0.2922,6
-0.5262,-0.03609,13,A,117(b),I,-0.1942,9
-1.269,-0.1311,5,A,117(b),K,-0.02314,2
1.385,0.03955,8,A,117(b),L,0.1408,7
0.1268,0.00625,12,A,117(b),M,-0.4262,8
-1.243,-0.1265,10,A,117(b),N,0.01735,9
-1.084,-0.1009,8,A,117(b),P,0.01797,5
-1.233,-0.1248,10,A,117(b),Q,-0.3144,7
0.4749,0.01988,7,A,117(b),R,-0.6213,2
-0.384,-0.02444,11,A,117(b),S,-0.3299,7
-1.421,-0.1602,25,A,117(b),T,-0.0494,4
-0.2684,-0.0161,22,A,117(b),V,0.1094,8
0.8682,0.03057,8,A,117(b),W,-0.1339,6
-0.07646,-0.004162,8,A,117(b),Y,0.1666,5
-8.789,-5.909,3,C,118(b),*,-6,2
-0.2107,-0.01227,323,C,118(b),-,,
0.3566,0.01576,7,C,118(b),A,-0.3002,4
0,0,,C,118(b),C,0,
-15.04,-6.012,16,C,118(b),D,-6,11
-8.607,-5.889,8,C,118(b),E,-6,5
-5.022,-3.414,16,C,118(b),F,-3.304,7
-3.221,-1.042,12,C,118(b),G,-1.143,10
-8.034,-5.797,9,C,118(b),H,-6,4
-3.096,-0.9345,9,C,118(b),I,-0.7279,4
-8.246,-5.837,9,C,118(b),K,-6,3
-2.802,-0.715,9,C,118(b),L,-0.6275,8
-2.671,-0.631,7,C,118(b),M,-0.5578,5
-7.853,-5.756,8,C,118(b),N,-6,4
-9.059,-5.933,9,C,118(b),P,-6,5
-6.531,-5.15,7,C,118(b),Q,-5.007,4
-7.841,-5.753,8,C,118(b),R,-6,7
-3.562,-1.382,10,C,118(b),S,-1.248,7
-2.86,-0.7543,13,C,118(b),T,-1.128,9
-0.8013,-0.06372,3,C,118(b),V,-0.1031,1
-9.196,-5.943,21,C,118(b),W,-6,13
-8.038,-5.798,18,C,118(b),Y,-6,9
-13.07,-6.011,2,Y,119(b),*,,
-0.4146,-0.02682,323,Y,119(b),-,,
0.1001,0.004996,5,Y,119(b),A,-0.178,4
0.9829,0.03298,1,Y,119(b),C,0.7768,1
0.3408,0.01518,9,Y,119(b),D,-1.113,5
-2.732,-0.6692,8,Y,119(b),E,-0.7133,4
2.89,0.04992,10,Y,119(b),F,0.1669,6
-3.003,-0.8601,7,Y,119(b),G,-0.7553,6
-2.637,-0.6108,6,Y,119(b),H,-0.5011,2
-2.193,-0.3902,9,Y,119(b),I,-0.1276,6
-1.749,-0.2391,12,Y,119(b),K,0.1332,8
-0.2961,-0.01801,7,Y,119(b),L,0.1165,5
-0.6985,-0.05252,9,Y,119(b),M,-0.2274,3
-8.593,-5.887,9,Y,119(b),N,-6,3
-4.048,-1.979,11,Y,119(b),P,-1.865,8
-0.9608,-0.08343,12,Y,119(b),Q,-0.02695,9
0.1176,0.005821,9,Y,119(b),R,0.3583,5
-0.68,-0.05062,9,Y,119(b),S,-0.386,5
-0.2619,-0.01565,4,Y,119(b),T,-0.5795,3
1.486,0.04083,7,Y,119(b),V,-0.01145,2
-0.4169,-0.027,13,Y,119(b),W,0.2081,8
0,0,,Y,119(b),Y,0,
0.1188,0.005879,323,V,120(b),-,,
0.2001,0.009523,19,V,120(b),A,-0.09938,10
-0.05866,-0.003165,10,V,120(b),C,0.2315,7
-6.498,-5.126,6,V,120(b),D,-5.311,3
-4.804,-3.086,16,V,120(b),E,-3.111,7
-3.08,-0.9216,10,V,120(b),F,-0.1455,5
-3.574,-1.395,4,V,120(b),G,,
-4.79,-3.066,3,V,120(b),H,-2.394,3
-0.4559,-0.03013,15,V,120(b),I,0.1895,6
-8.054,-5.801,6,V,120(b),K,-6,3
-0.7091,-0.05362,16,V,120(b),L,-0.8767,3
-0.8326,-0.06734,29,V,120(b),M,-0.2517,10
-0.654,-0.04801,6,V,120(b),N,-0.9061,5
-3.336,-1.149,10,V,120(b),P,-0.7369,7
-4.036,-1.964,10,V,120(b),Q,-1.833,6
-8.916,-5.921,11,V,120(b),R,-6,6
0.8379,0.02989,7,V,120(b),S,0.169,4
-0.1089,-0.006026,6,V,120(b),T,-0.0929,4
0,0,,V,120(b),V,0,
-5.362,-3.902,9,V,120(b),W,-3.595,4
-3.532,-1.349,8,V,120(b),Y,-1.377,3
-4.413,-2.497,324,T,121(b),-,,
-1.796,-0.2524,11,T,121(b),A,0.01813,5
-0.2935,-0.01783,18,T,121(b),C,0.1717,11
1.63,0.04245,10,T,121(b),D,-0.3392,5
-0.9402,-0.0807,9,T,121(b),E,-0.5878,2
-0.4093,-0.02639,14,T,121(b),F,0.06731,10
-2.699,-0.6487,7,T,121(b),G,-0.4153,6
-0.7835,-0.06169,10,T,121(b),H,0.1917,5
-0.4353,-0.02845,27,T,121(b),I,-0.1247,13
-0.4524,-0.02984,7,T,121(b),K,0.09157,6
-0.6479,-0.0474,4,T,121(b),L,,
-1.282,-0.1335,9,T,121(b),M,-0.0951,9
-1.486,-0.1741,8,T,121(b),N,-0.2261,4
-2.45,-0.508,10,T,121(b),P,-0.4693,6
-1.123,-0.1068,10,T,121(b),Q,-0.02752,5
-0.6239,-0.04506,8,T,121(b),R,-0.1788,4
0.7177,0.02697,13,T,121(b),S,0.1067,4
0,0,,T,121(b),T,0,
1.879,0.04474,16,T,121(b),V,-0.06335,8
0.1532,0.007454,8,T,121(b),W,0.3085,4
0.06834,0.003465,12,T,121(b),Y,0.3859,9
-0.7642,-0.05954,324,G,122(b),-,,
-1.311,-0.1388,11,G,122(b),A,-0.6578,5
-0.6536,-0.04797,16,G,122(b),C,-0.2308,8
-0.1762,-0.01008,30,G,122(b),D,0.2293,6
0.9848,0.03302,8,G,122(b),E,0.1392,3
-0.9764,-0.08551,10,G,122(b),F,0.09671,9
0,0,,G,122(b),G,0,
-0.4388,-0.02873,14,G,122(b),H,0.2151,10
-2.053,-0.336,10,G,122(b),I,-0.1206,6
-1.422,-0.1604,18,G,122(b),K,0.1726,10
-0.3399,-0.02114,5,G,122(b),L,0.4266,3
-0.5674,-0.03977,6,G,122(b),M,,
-1.227,-0.1238,8,G,122(b),N,0.05084,6
-2.485,-0.5264,11,G,122(b),P,-0.1017,8
0.7812,0.02856,14,G,122(b),Q,0.1099,6
1.962,0.04539,12,G,122(b),R,0.124,6
-0.5154,-0.03514,22,G,122(b),S,0.0263,10
-2.207,-0.3961,9,G,122(b),T,-0.03095,4
-2.311,-0.4411,12,G,122(b),V,-0.4136,5
-0.9361,-0.08017,11,G,122(b),W,-0.3157,7
-1.289,-0.1348,8,G,122(b),Y,-0.1208,6
0.1881,0.009002,323,F,123(b),-,,
3.34,0.05099,12,F,123(b),A,-0.3089,8
-0.5794,-0.04087,8,F,123(b),C,-0.4903,4
-3.707,-1.547,4,F,123(b),D,-1.812,1
-3.056,-0.9019,9,F,123(b),E,-0.3824,6
0,0,,F,123(b),F,0,
-1.998,-0.3164,10,F,123(b),G,-0.3545,7
-2.042,-0.3321,5,F,123(b),H,-0.2344,3
-1.816,-0.2582,10,F,123(b),I,-0.1483,5
-4.767,-3.031,2,F,123(b),K,-3.067,2
-2.234,-0.4072,17,F,123(b),L,-0.03424,8
0.09192,0.004607,9,F,123(b),M,-0.05177,7
-2.874,-0.7648,12,F,123(b),N,-0.5,6
-3.857,-1.73,5,F,123(b),P,-1.838,2
-1.953,-0.3013,7,F,123(b),Q,-0.4742,6
-4.805,-3.089,6,F,123(b),R,-2.945,6
-1.013,-0.09048,15,F,123(b),S,0.09288,5
-0.2489,-0.01478,12,F,123(b),T,0.1037,8
-0.03491,-0.001861,8,F,123(b),V,-0.1366,4
-1.31,-0.1386,12,F,123(b),W,-0.1677,7
1.39,0.03962,12,F,123(b),Y,-0.1056,8
-7.451,-5.637,1,Y,124(b),*,,
0.3467,0.0154,324,Y,124(b),-,,
-2.668,-0.6296,6,Y,124(b),A,-0.5035,6
-0.8797,-0.07302,9,Y,124(b),C,-1.151,3
-4.276,-2.297,8,Y,124(b),D,-2.123,4
-3.931,-1.824,7,Y,124(b),E,-1.056,1
-1.112,-0.105,12,Y,124(b),F,-0.2561,4
-3.194,-1.019,17,Y,124(b),G,-1.133,8
0.2115,0.01001,5,Y,124(b),H,-0.3177,3
-3.667,-1.5,7,Y,124(b),I,-1.524,3
-4.275,-2.296,12,Y,124(b),K,-2.41,8
-0.2374,-0.01401,12,Y,124(b),L,-0.03376,9
-2.776,-0.6975,7,Y,124(b),M,-0.8129,5
-1.306,-0.1378,11,Y,124(b),N,-0.5082,4
-4.224,-2.223,7,Y,124(b),P,-1.83,3
-2.279,-0.4268,6,Y,124(b),Q,-0.3076,4
-3.301,-1.116,3,Y,124(b),R,-1.09,2
-4.031,-1.956,8,Y,124(b),S,-1.661,4
-3,-0.8579,8,Y,124(b),T,-0.9789,6
-3.732,-1.577,6,Y,124(b),V,-1.659,4
-3.11,-0.9458,9,Y,124(b),W,-1.054,6
0,0,,Y,124(b),Y,0,
-0.1356,-0.007605,324,P,125(b),-,,
-2.699,-0.6482,9,P,125(b),A,-0.5116,6
-1.793,-0.2514,17,P,125(b),C,-0.1098,12
-2.022,-0.3251,10,P,125(b),D,-0.1671,6
-1.243,-0.1265,8,P,125(b),E,-0.3882,5
-2.234,-0.4073,12,P,125(b),F,-0.5274,6
-1.955,-0.302,7,P,125(b),G,-0.1235,5
-1.729,-0.2336,10,P,125(b),H,-0.1355,5
-2.705,-0.6524,7,P,125(b),I,-0.4952,3
-1.573,-0.1937,10,P,125(b),K,-0.1984,6
-1.511,-0.1796,16,P,125(b),L,-0.5408,4
-1.586,-0.1969,10,P,125(b),M,-0.2103,7
-1.663,-0.216,8,P,125(b),N,-0.06944,5
0,0,,P,125(b),P,0,
-0.5756,-0.04052,10,P,125(b),Q,0.1644,7
-3.131,-0.9636,6,P,125(b),R,-0.3439,5
-1.898,-0.2834,14,P,125(b),S,-0.3524,7
-0.7569,-0.05875,1,P,125(b),T,-0.2634,1
-2.569,-0.5715,14,P,125(b),V,-0.3905,9
-2.236,-0.4083,7,P,125(b),W,-0.07874,6
-2.571,-0.5726,8,P,125(b),Y,-0.2551,6
0.01866,0.00097,1,A,126(b),*,,
-0.1019,-0.005618,324,A,126(b),-,,
0,0,,A,126(b),A,0,
1.133,0.03575,12,A,126(b),C,0.08019,6
-2.053,-0.336,9,A,126(b),D,-0.379,5
-2.223,-0.4029,8,A,126(b),E,-0.3106,7
2.421,0.04815,5,A,126(b),F,-0.3677,2
1.008,0.03347,13,A,126(b),G,0.1539,5
-0.7512,-0.05812,13,A,126(b),H,0.2431,8
1.443,0.0403,11,A,126(b),I,0.6055,7
0.2331,0.01092,8,A,126(b),K,0.3295,4
0.3309,0.0148,10,A,126(b),L,-0.00709,6
-2.442,-0.5042,3,A,126(b),M,-0.613,3
0.9749,0.03282,6,A,126(b),N,0.0331,4
-0.2759,-0.01661,9,A,126(b),P,0.1005,4
1.332,0.03883,6,A,126(b),Q,-0.04875,4
-2.045,-0.3332,6,A,126(b),R,-0.5847,4
-1.094,-0.1023,10,A,126(b),S,-0.1694,4
0.4479,0.01899,42,A,126(b),T,0.3329,10
0.07177,0.003633,20,A,126(b),V,-0.4186,6
-0.3576,-0.02245,9,A,126(b),W,-0.03414,3
2.283,0.04745,7,A,126(b),Y,-0.1694,4
-0.1219,-0.006786,324,D,127(b),-,,
-0.05034,-0.002705,13,D,127(b),A,0.305,9
-1.96,-0.3036,9,D,127(b),C,0.03546,3
0,0,,D,127(b),D,0,
0.4111,0.01772,8,D,127(b),E,0.0891,5
0.5264,0.02153,8,D,127(b),F,-0.0134,2
-1.334,-0.143,8,D,127(b),G,-0.6692,3
-0.3106,-0.01903,10,D,127(b),H,0.3563,6
-1.18,-0.1159,9,D,127(b),I,-0.3383,6
0.684,0.02608,6,D,127(b),K,0.2077,3
-0.8036,-0.06398,6,D,127(b),L,-0.3527,3
-1.028,-0.09267,6,D,127(b),M,-0.4855,5
0.4717,0.01978,71,D,127(b),N,0.1592,15
1.219,0.03715,5,D,127(b),P,0.479,5
-0.6261,-0.04527,5,D,127(b),Q,0.217,2
-0.9274,-0.07904,13,D,127(b),R,0.2075,9
-1.255,-0.1287,7,D,127(b),S,-0.05585,4
0.6392,0.02486,11,D,127(b),T,-0.08335,6
1.017,0.03366,12,D,127(b),V,0.09757,7
0.07695,0.003885,2,D,127(b),W,-0.02738,2
0.3591,0.01586,14,D,127(b),Y,0.3276,7
-1.09,-0.1018,325,I,128(b),-,,
-0.1079,-0.005969,9,I,128(b),A,0.1333,7
0.6934,0.02633,8,I,128(b),C,-0.3909,6
-3.546,-1.364,12,I,128(b),D,-1.523,9
-3.272,-1.089,7,I,128(b),E,-0.9644,5
-0.7837,-0.06172,17,I,128(b),F,0.03485,12
-0.3572,-0.02242,6,I,128(b),G,-0.08311,5
-0.3454,-0.02155,6,I,128(b),H,-0.4207,4
0,0,,I,128(b),I,0,
-3.825,-1.69,8,I,128(b),K,-0.8199,7
-0.2327,-0.01371,17,I,128(b),L,0.01026,10
1.354,0.03913,5,I,128(b),M,0.3117,4
-0.3103,-0.01901,6,I,128(b),N,0.1305,5
-0.9028,-0.07591,9,I,128(b),P,0.3106,4
-1.941,-0.2973,13,I,128(b),Q,-0.04205,7
-3.303,-1.118,13,I,128(b),R,-0.8129,5
-2.051,-0.3353,2,I,128(b),S,,
-0.1715,-0.009789,13,I,128(b),T,0.1799,7
0.8537,0.03025,2,I,128(b),V,0.1147,2
-0.3123,-0.01915,10,I,128(b),W,-0.5272,4
-0.592,-0.04204,7,I,128(b),Y,-1.1,2
-7.653,-5.702,6,Q,129(b),*,,
-0.9676,-0.08433,325,Q,129(b),-,,
1.766,0.04377,11,Q,129(b),A,0.185,5
-3.15,-0.9802,4,Q,129(b),C,-1.05,2
0.4262,0.01825,9,Q,129(b),D,-0.1609,5
-1.602,-0.2008,13,Q,129(b),E,-0.3198,11
0.8314,0.02974,11,Q,129(b),F,0.5884,8
-0.268,-0.01607,7,Q,129(b),G,-0.04448,3
-0.2074,-0.01206,16,Q,129(b),H,-0.03884,5
0.9217,0.03173,16,Q,129(b),I,-0.3308,9
1.35,0.03908,11,Q,129(b),K,-0.1323,5
-0.2188,-0.01279,8,Q,129(b),L,-0.6046,2
0.2607,0.01206,8,Q,129(b),M,-0.1308,5
-1.326,-0.1417,9,Q,129(b),N,-0.05707,6
-1.637,-0.2095,14,Q,129(b),P,-0.417,4
0,0,,Q,129(b),Q,0,
-0.7857,-0.06195,11,Q,129(b),R,0.04609,3
-0.01467,-0.0007744,17,Q,129(b),S,-0.0027,12
1.037,0.03403,9,Q,129(b),T,-0.3872,8
-0.2654,-0.01589,8,Q,129(b),V,0.289,3
0.7516,0.02783,4,Q,129(b),W,0.2649,3
-0.7098,-0.05369,9,Q,129(b),Y,-0.01452,3
0.09068,0.004548,2,V,130(b),-,,
-2.321,-0.4458,10,V,130(b),A,-0.1892,8
0.1138,0.005642,4,V,130(b),C,-0.565,4
-7.888,-5.764,14,V,130(b),D,-6,9
-6.992,-5.439,9,V,130(b),E,-5.718,7
-0.8578,-0.07035,18,V,130(b),F,-0.1225,12
-3.148,-0.9781,9,V,130(b),G,-0.9813,8
-3.653,-1.484,16,V,130(b),H,-1.452,14
1.075,0.03473,13,V,130(b),I,0.1219,7
-5.506,-4.096,6,V,130(b),K,-3.311,5
0.8194,0.02946,13,V,130(b),L,0.2435,9
-0.9362,-0.08018,19,V,130(b),M,0.08409,6
-4.217,-2.214,5,V,130(b),N,-2.643,2
-1.744,-0.2375,11,V,130(b),P,-0.4611,7
-2.867,-0.7598,10,V,130(b),Q,-0.4052,5
-5.382,-3.931,12,V,130(b),R,-3.691,6
-2.508,-0.5383,15,V,130(b),S,-0.777,10
-0.6735,-0.04997,6,V,130(b),T,-0.3077,2
0,0,,V,130(b),V,0,
-0.9915,-0.08758,14,V,130(b),W,0.1054,11
-0.3323,-0.02059,5,V,130(b),Y,-0.07953,4
-17.73,-6.013,2,K,131(b),*,,
-1.494,-0.1757,4,K,131(b),-,,
-0.4908,-0.03303,7,K,131(b),A,0.0507,3
0.01548,0.0008055,13,K,131(b),C,-0.1443,9
-1.188,-0.1172,12,K,131(b),D,0.299,7
-0.259,-0.01545,9,K,131(b),E,0.3185,3
1.786,0.04395,8,K,131(b),F,0.3448,4
1.733,0.04347,7,K,131(b),G,0.2888,5
2.09,0.04629,12,K,131(b),H,0.2978,10
0.4451,0.01889,3,K,131(b),I,-0.5537,3
0,0,,K,131(b),K,0,
1.656,0.04272,6,K,131(b),L,1.23,3
0.1018,0.005078,10,K,131(b),M,-0.1446,6
0.6533,0.02525,14,K,131(b),N,0.1194,8
-5.16,-3.616,10,K,131(b),P,-3.75,6
-2.476,-0.5217,10,K,131(b),Q,-0.1561,6
0.6319,0.02465,9,K,131(b),R,-0.1274,2
0.645,0.02502,6,K,131(b),S,0.1124,2
-1.567,-0.1925,16,K,131(b),T,-0.01,7
-0.1568,-0.008887,7,K,131(b),V,-0.2781,3
2.004,0.0457,11,K,131(b),W,0.2533,7
-1.849,-0.2682,10,K,131(b),Y,0.06887,6
-11.23,-6.003,19,W,132(b),*,-6,1
-1.346,-0.1453,5,W,132(b),-,,
-3.032,-0.8826,11,W,132(b),A,-0.4885,9
-3.928,-1.82,11,W,132(b),C,-1.585,3
-7.969,-5.783,9,W,132(b),D,-6,5
-6.727,-5.286,14,W,132(b),E,-5.557,10
2.336,0.04773,4,W,132(b),F,0.1566,2
-4.306,-2.342,7,W,132(b),G,-2.029,5
-3.538,-1.356,5,W,132(b),H,-1.495,3
-0.8336,-0.06746,9,W,132(b),I,-0.3149,4
-5.243,-3.736,7,W,132(b),K,-3.328,3
-1.925,-0.2921,10,W,132(b),L,-0.0119,4
-1.846,-0.2673,9,W,132(b),M,-0.1109,7
-4.866,-3.181,8,W,132(b),N,-2.865,5
-4.313,-2.351,11,W,132(b),P,-1.913,5
-3.918,-1.808,5,W,132(b),Q,-1.215,3
-8.75,-5.905,10,W,132(b),R,-6,7
-4.546,-2.696,7,W,132(b),S,-2.452,3
-3.07,-0.9134,3,W,132(b),T,-0.9281,2
2.968,0.05014,10,W,132(b),V,-0.293,8
0,0,,W,132(b),W,0,
-0.4957,-0.03345,10,W,132(b),Y,-0.1873,7
0.6507,0.02518,5,F,133(b),-,,
-0.4231,-0.02748,9,F,133(b),A,0.142,6
0.3569,0.01578,5,F,133(b),C,-0.06024,5
-2.665,-0.6276,8,F,133(b),D,-0.2146,5
0.1787,0.008589,9,F,133(b),E,0.2777,6
0,0,,F,133(b),F,0,
-1.574,-0.194,17,F,133(b),G,0.1095,11
0.5626,0.02264,7,F,133(b),H,0.02955,4
-1.88,-0.2776,13,F,133(b),I,-0.3412,7
-0.07285,-0.003959,7,F,133(b),K,-5e-05,4
2.891,0.04992,13,F,133(b),L,-0.3451,8
-0.6217,-0.04485,12,F,133(b),M,0.2803,5
-1.779,-0.2474,12,F,133(b),N,0.06061,9
-8.019,-5.794,15,F,133(b),P,-6,8
-1.362,-0.1484,5,F,133(b),Q,-0.07807,4
-1.446,-0.1655,9,F,133(b),R,-0.2699,8
-0.719,-0.05466,9,F,133(b),S,-0.1454,4
1.282,0.03812,11,F,133(b),T,-0.1934,5
-0.56,-0.03909,6,F,133(b),V,0.7205,4
-0.9793,-0.08591,7,F,133(b),W,0.6366,3
2.097,0.04634,4,F,133(b),Y,-0.08363,2
-6.247,-4.918,2,K,134(b),*,,
-1.482,-0.1731,8,K,134(b),-,,
1.22,0.03717,8,K,134(b),A,-0.1552,3
-0.06474,-0.003504,9,K,134(b),C,-0.2318,7
-2.645,-0.6156,11,K,134(b),D,-0.3954,5
-0.4657,-0.03094,7,K,134(b),E,-0.7591,3
-1.371,-0.1502,7,K,134(b),F,-0.01342,5
-0.2559,-0.01525,8,K,134(b),G,-0.008721,6
0.4688,0.01968,8,K,134(b),H,0.1765,2
0.9277,0.03186,3,K,134(b),I,0.4984,3
0,0,,K,134(b),K,0,
1.832,0.04436,10,K,134(b),L,0.3596,8
-0.6137,-0.04409,11,K,134(b),M,-0.1304,7
-0.6522,-0.04783,19,K,134(b),N,-0.2526,7
-3.53,-1.347,21,K,134(b),P,-1.277,15
1.527,0.04132,8,K,134(b),Q,-0.02166,5
0.5792,0.02314,24,K,134(b),R,-0.2185,10
0.7327,0.02735,8,K,134(b),S,-0.06445,5
-0.8831,-0.07344,15,K,134(b),T,-0.1762,7
2.024,0.04584,6,K,134(b),V,0.1385,3
-1.081,-0.1004,5,K,134(b),W,0.4635,2
0.5065,0.0209,6,K,134(b),Y,-0.03386,6
-3.727,-1.57,5,N,135(b),-,,
-0.7764,-0.0609,5,N,135(b),A,0.1566,4
0.03317,0.001711,8,N,135(b),C,0.02776,7
-0.4999,-0.0338,18,N,135(b),D,-0.1877,7
-1.399,-0.1557,10,N,135(b),E,0.1252,6
-1.641,-0.2106,7,N,135(b),F,0.1018,4
-0.4486,-0.02953,4,N,135(b),G,0.3819,2
-1.932,-0.2944,10,N,135(b),H,0.04986,5
-0.7888,-0.0623,11,N,135(b),I,-0.378,6
-1.527,-0.1833,11,N,135(b),K,-0.2455,5
-1.542,-0.1867,6,N,135(b),L,-0.1698,5
-1.563,-0.1916,9,N,135(b),M,-0.5391,5
0,0,,N,135(b),N,0,
-3.645,-1.475,11,N,135(b),P,-1.192,5
0.6793,0.02596,5,N,135(b),Q,-0.017,4
-2.186,-0.3876,8,N,135(b),R,-0.2328,6
-2.052,-0.3357,8,N,135(b),S,0.06848,6
-0.6861,-0.05125,15,N,135(b),T,0.08019,8
-1.119,-0.1062,10,N,135(b),V,-0.3132,9
-1.728,-0.2333,12,N,135(b),W,-0.1372,10
-1.984,-0.3118,9,N,135(b),Y,-0.1074,4
-0.09529,-0.005236,3,G,136(b),-,,
-1.394,-0.1547,12,G,136(b),A,-0.2141,6
1.26,0.03778,9,G,136(b),C,-0.2085,2
-0.4448,-0.02922,20,G,136(b),D,0.3743,8
-0.3286,-0.02033,4,G,136(b),E,-0.02538,1
-1.767,-0.2441,6,G,136(b),F,-0.1834,5
0,0,,G,136(b),G,0,
0.3628,0.01599,7,G,136(b),H,-0.0454,6
0.1363,0.006686,9,G,136(b),I,-0.02845,7
-0.01721,-0.0009096,7,G,136(b),K,-0.2394,4
0.4081,0.01762,9,G,136(b),L,0.6638,5
-0.3061,-0.01872,15,G,136(b),M,0,8
0.3285,0.01471,8,G,136(b),N,0.09722,7
-3.695,-1.532,13,G,136(b),P,-1.635,9
-0.7875,-0.06214,11,G,136(b),Q,-0.0543,6
-0.8038,-0.06399,9,G,136(b),R,0.3712,6
0.02967,0.001533,16,G,136(b),S,-0.104,4
1.393,0.03967,8,G,136(b),T,0.2025,4
-1.254,-0.1285,12,G,136(b),V,-0.5645,5
0.9253,0.03181,11,G,136(b),W,0.07342,5
-0.6018,-0.04296,8,G,136(b),Y,-0.05285,3
-6.939,-5.411,5,Q,137(b),*,-6,1
-0.4206,-0.02728,3,Q,137(b),-,,
1.032,0.03393,6,Q,137(b),A,0.08019,5
-0.005568,-0.0002928,16,Q,137(b),C,-0.09809,11
-1.103,-0.1037,9,Q,137(b),D,0.1284,6
-1.153,-0.1115,13,Q,137(b),E,-0.01092,6
-0.8995,-0.07549,6,Q,137(b),F,0.2002,3
2.135,0.04658,12,Q,137(b),G,0.1984,8
-0.3754,-0.02379,12,Q,137(b),H,-0.01362,4
1.606,0.04219,8,Q,137(b),I,0.285,6
-0.06956,-0.003773,22,Q,137(b),K,0.1588,16
0.06246,0.003176,11,Q,137(b),L,0.1005,5
-2.246,-0.4125,8,Q,137(b),M,-0.3901,4
0.2245,0.01056,9,Q,137(b),N,-0.07048,5
-2.689,-0.6423,15,Q,137(b),P,-0.8134,6
0,0,,Q,137(b),Q,0,
0.5632,0.02266,19,Q,137(b),R,0.1315,10
-1.015,-0.09083,6,Q,137(b),S,-0.5272,5
-1.605,-0.2016,17,Q,137(b),T,0.2225,11
0.9444,0.03221,5,Q,137(b),V,1.271,1
-1.777,-0.247,9,Q,137(b),W,0.06043,7
-1.883,-0.2788,9,Q,137(b),Y,-0.07968,6
-6.849,-5.36,4,E,138(b),*,,
-3.182,-1.008,5,E,138(b),-,,
-1.632,-0.2082,12,E,138(b),A,0.08342,6
-1.636,-0.2091,12,E,138(b),C,-0.03285,9
-0.8562,-0.07016,15,E,138(b),D,0.07428,4
0,0,,E,138(b),E,0,
-2.049,-0.3347,13,E,138(b),F,-0.1938,9
-1.724,-0.2322,19,E,138(b),G,0.3584,8
-1.755,-0.2406,12,E,138(b),H,0.4353,6
-1.97,-0.3068,10,E,138(b),I,0.08008,8
-0.9532,-0.08241,19,E,138(b),K,-0.3234,9
0.116,0.005748,8,E,138(b),L,-0.02825,5
-1.023,-0.09198,9,E,138(b),M,0.07477,5
-1.286,-0.1343,19,E,138(b),N,0.1422,10
-1.443,-0.1649,9,E,138(b),P,-0.3505,6
-2.381,-0.4737,5,E,138(b),Q,-0.3595,4
-2.072,-0.3432,8,E,138(b),R,-0.124,5
-0.9007,-0.07564,14,E,138(b),S,-0.1969,6
-0.2121,-0.01236,5,E,138(b),T,0.1708,4
-1.452,-0.1668,13,E,138(b),V,0.0987,10
0.2191,0.01033,13,E,138(b),W,0.09237,8
-0.9996,-0.08869,14,E,138(b),Y,0.3537,7
-6.403,-5.052,2,E,139(b),*,,
-2.44,-0.5033,5,E,139(b),-,,
-0.976,-0.08546,12,E,139(b),A,0.2105,6
-1.325,-0.1413,9,E,139(b),C,-0.08968,6
-0.7591,-0.05898,15,E,139(b),D,0.07481,6
0,0,,E,139(b),E,0,
-1.514,-0.1803,7,E,139(b),F,-0.0463,5
0.4573,0.0193,8,E,139(b),G,-0.3006,5
-1.554,-0.1894,7,E,139(b),H,-0.1106,5
0.1089,0.005415,9,E,139(b),I,0.2058,6
0.18,0.008647,39,E,139(b),K,0.274,10
2.637,0.04907,11,E,139(b),L,-0.1117,5
-2.475,-0.5211,10,E,139(b),M,-0.4026,10
-0.8106,-0.06478,6,E,139(b),N,-0.6726,4
-0.1813,-0.0104,7,E,139(b),P,0.4078,2
1.157,0.03615,6,E,139(b),Q,0.3697,5
-1.35,-0.1461,9,E,139(b),R,0.04409,6
-0.555,-0.03865,11,E,139(b),S,0.4997,7
1.127,0.03564,11,E,139(b),T,0.1597,7
0.5019,0.02076,12,E,139(b),V,-0.1028,5
1.052,0.0343,6,E,139(b),W,-0.05912,5
0.9676,0.03268,6,E,139(b),Y,-0.6204,3
1.109,0.03534,4,T,140(b),-,,
-0.5429,-0.03756,13,T,140(b),A,-0.1903,7
-0.2633,-0.01575,12,T,140(b),C,0.041,4
0.6185,0.02428,14,T,140(b),D,-0.2102,10
0.9005,0.03128,7,T,140(b),E,-0.4089,4
-0.487,-0.03271,12,T,140(b),F,0.4016,8
-0.8744,-0.07237,10,T,140(b),G,0.4718,5
1.101,0.0352,13,T,140(b),H,0.2872,4
-0.5915,-0.04199,14,T,140(b),I,0.314,9
-0.04298,-0.002301,7,T,140(b),K,-0.04457,4
-0.9259,-0.07884,11,T,140(b),L,-0.469,6
-0.8029,-0.0639,11,T,140(b),M,-0.09737,8
0.6805,0.02599,8,T,140(b),N,-0.1642,3
-1.245,-0.1268,11,T,140(b),P,-0.555,3
-0.3728,-0.02359,6,T,140(b),Q,0.1222,3
-0.4707,-0.03135,9,T,140(b),R,0.2874,3
-0.1698,-0.009685,7,T,140(b),S,-0.1408,3
0,0,,T,140(b),T,0,
0.9118,0.03152,9,T,140(b),V,-0.03022,6
-0.809,-0.06459,17,T,140(b),W,0.0478,12
-1.63,-0.2078,11,T,140(b),Y,0.2414,7
-12.27,-6.009,1,K,141(b),*,-6,1
0.315,0.0142,5,K,141(b),-,,
1.268,0.03791,11,K,141(b),A,0.02313,7
0.9316,0.03194,12,K,141(b),C,0.005372,7
0.4435,0.01884,7,K,141(b),D,0.2585,4
1.179,0.03651,11,K,141(b),E,-0.06904,5
0.6571,0.02535,13,K,141(b),F,0.1443,8
-0.3092,-0.01894,13,K,141(b),G,-0.2899,9
-0.08852,-0.004848,5,K,141(b),H,-0.1011,4
0.0135,0.0007032,9,K,141(b),I,0.2418,5
0,0,,K,141(b),K,0,
-1.14,-0.1094,6,K,141(b),L,0.2491,5
-1.002,-0.08901,15,K,141(b),M,0.2206,9
-0.6024,-0.04302,16,K,141(b),N,0.1502,8
0.1037,0.005167,8,K,141(b),P,0.2221,5
-0.8437,-0.06866,17,K,141(b),Q,-0.03265,2
-0.1501,-0.008475,21,K,141(b),R,0.01158,11
0.5971,0.02366,7,K,141(b),S,0.2849,5
-0.49,-0.03297,10,K,141(b),T,0.1815,3
0.694,0.02635,7,K,141(b),V,0.3256,3
-1.458,-0.1681,13,K,141(b),W,-0.4048,8
-0.03424,-0.001826,9,K,141(b),Y,0.1869,6
-0.7483,-0.05781,4,H,142(b),-,,
0.3268,0.01465,12,H,142(b),A,-0.1686,7
-2.039,-0.331,8,H,142(b),C,0.2415,5
0.503,0.02079,11,H,142(b),D,-0.1972,8
-0.464,-0.03079,14,H,142(b),E,0.2105,11
0.2557,0.01185,11,H,142(b),F,0.1899,7
-0.5873,-0.0416,17,H,142(b),G,0.06619,13
0,0,,H,142(b),H,0,
-1.694,-0.2241,8,H,142(b),I,0.00405,4
-1.576,-0.1947,9,H,142(b),K,0.394,3
-0.06641,-0.003597,18,H,142(b),L,0.0626,7
1.012,0.03355,14,H,142(b),M,0.07495,8
0.6553,0.0253,8,H,142(b),N,0.169,3
0.3136,0.01414,11,H,142(b),P,0.00555,6
1.706,0.04321,5,H,142(b),Q,0.4969,4
1.274,0.03799,17,H,142(b),R,-0.04598,9
1.315,0.0386,8,H,142(b),S,0.1517,6
0.633,0.02469,9,H,142(b),T,-0.00775,8
-0.4847,-0.03252,14,H,142(b),V,-0.0846,6
-0.2189,-0.0128,6,H,142(b),W,0.1209,5
-0.01405,-0.0007419,35,H,142(b),Y,-0.0312,12
-1.343,-0.1447,7,V,143(b),-,,
1.037,0.03403,19,V,143(b),A,0.2539,13
-0.5434,-0.0376,9,V,143(b),C,0.1536,6
-0.3281,-0.02028,8,V,143(b),D,0.01317,6
-1.583,-0.1963,9,V,143(b),E,-0.01089,5
-1.912,-0.2878,9,V,143(b),F,-0.1295,4
1.03,0.0339,9,V,143(b),G,0.1339,3
-0.6292,-0.04558,10,V,143(b),H,0.2153,7
1.003,0.03339,2,V,143(b),I,0.3451,2
-1.825,-0.2608,9,V,143(b),K,-0.0373,5
-0.6894,-0.05158,18,V,143(b),L,-0.3245,6
-0.2181,-0.01275,27,V,143(b),M,-0.07325,10
-1.492,-0.1755,8,V,143(b),N,-0.008161,3
0.9473,0.03227,5,V,143(b),P,0.1504,4
-0.4846,-0.03251,10,V,143(b),Q,0.2448,3
-0.3503,-0.02191,9,V,143(b),R,0.5578,6
0.2429,0.01132,12,V,143(b),S,0.03239,8
-0.5334,-0.03671,10,V,143(b),T,0.001191,5
0,0,,V,143(b),V,0,
-1.329,-0.1421,12,V,143(b),W,0.01753,10
-0.6843,-0.05106,6,V,144(b),-,,
0.4777,0.01998,4,V,144(b),A,-0.0882,2
-0.1642,-0.00934,11,V,144(b),C,0.2988,8
1.249,0.03763,10,V,144(b),D,0.4256,4
-0.1039,-0.005735,9,V,144(b),E,-0.1789,3
-0.8169,-0.06551,8,V,144(b),F,0.2056,6
-0.2808,-0.01695,11,V,144(b),G,-0.2552,7
1.563,0.04172,11,V,144(b),H,0.09874,6
-0.5684,-0.03986,11,V,144(b),I,-0.06138,10
-0.6432,-0.04694,9,V,144(b),K,-0.05409,8
-0.3771,-0.02391,12,V,144(b),L,0.3,8
-0.4131,-0.02669,17,V,144(b),M,-0.403,7
0.8921,0.0311,13,V,144(b),N,0.2032,4
-1.021,-0.09162,7,V,144(b),P,0.2685,5
-0.3757,-0.02381,10,V,144(b),Q,-0.8357,4
0.239,0.01116,12,V,144(b),R,0.1563,3
-0.2373,-0.01401,6,V,144(b),S,0.3239,2
1.054,0.03434,10,V,144(b),T,0.19,7
0,0,,V,144(b),V,0,
0.4167,0.01792,16,V,144(b),W,-0.06936,7
0.4239,0.01817,11,V,144(b),Y,0.9416,5
-0.7305,-0.05588,6,S,145(b),-,,
0.8209,0.0295,11,S,145(b),A,0.1003,8
2.584,0.04886,7,S,145(b),C,0.2143,3
0.2493,0.01159,12,S,145(b),D,0.09432,5
-0.6974,-0.0524,11,S,145(b),E,0.01501,8
-0.1386,-0.007783,9,S,145(b),F,-0.304,7
-1.662,-0.2159,12,S,145(b),G,0.0227,4
3.667,0.05152,14,S,145(b),H,0.1329,12
0.6293,0.02458,9,S,145(b),I,0.1814,4
-0.07482,-0.004069,11,S,145(b),K,0.2689,6
-1.681,-0.2206,6,S,145(b),L,0.01926,5
-0.6605,-0.04865,3,S,145(b),M,-0.0075,2
0.1997,0.009506,33,S,145(b),N,0.1545,9
1.804,0.04411,12,S,145(b),P,0.5699,5
1.147,0.03598,7,S,145(b),Q,0.04923,7
-1.286,-0.1341,20,S,145(b),R,-0.1511,11
0,0,,S,145(b),S,0,
0.08806,0.004423,5,S,145(b),T,-0.2284,3
1.41,0.03988,10,S,145(b),V,0.06503,7
-0.8285,-0.06686,20,S,145(b),W,-0.1271,13
-1.745,-0.2379,11,S,145(b),Y,0.1148,7
0.1383,0.006779,4,T,146(b),-,,
-1.035,-0.0936,10,T,146(b),A,,
-0.7265,-0.05546,10,T,146(b),C,-0.3304,7
1.9,0.04492,8,T,146(b),D,0.4316,6
-1.175,-0.1151,13,T,146(b),E,-0.2645,9
-0.8725,-0.07214,4,T,146(b),F,-0.283,3
-0.1054,-0.00582,11,T,146(b),G,-0.003706,7
0.5708,0.02289,9,T,146(b),H,0.05655,4
-2.539,-0.555,14,T,146(b),I,-0.1494,4
-1.991,-0.3142,16,T,146(b),K,0.02337,12
0.5351,0.0218,7,T,146(b),L,-0.122,3
0.8134,0.02932,9,T,146(b),M,-0.02209,5
-1.665,-0.2165,12,T,146(b),N,-0.2236,6
-2.166,-0.3795,7,T,146(b),P,-0.2706,5
-0.8145,-0.06523,6,T,146(b),Q,-0.1746,4
-0.8314,-0.06721,9,T,146(b),R,-0.1892,6
-0.01325,-0.0006992,11,T,146(b),S,-0.02656,9
0,0,,T,146(b),T,0,
-0.8571,-0.07027,7,T,146(b),V,-0.06895,4
-1.788,-0.25,19,T,146(b),W,-0.01474,14
-0.7078,-0.05349,14,T,146(b),Y,-1.267,3
0.1718,0.008285,6,D,147(b),-,,
1.906,0.04496,9,D,147(b),A,0.2524,4
-0.2522,-0.015,8,D,147(b),C,-0.44,5
0,0,,D,147(b),D,0,
0.8236,0.02956,17,D,147(b),E,0.1873,11
-0.3992,-0.02561,10,D,147(b),F,0.07479,9
-0.4,-0.02567,12,D,147(b),G,0.1027,6
-0.1299,-0.007263,17,D,147(b),H,0.1638,6
-2.001,-0.3177,8,D,147(b),I,-0.1349,5
0.1446,0.007067,14,D,147(b),K,0.325,6
-1.14,-0.1095,17,D,147(b),L,-0.5081,10
2.75,0.04947,11,D,147(b),M,0.1175,7
0.3414,0.0152,14,D,147(b),N,0.2122,4
-1.257,-0.1291,20,D,147(b),P,-0.1933,14
0.7574,0.02797,16,D,147(b),Q,-0.1059,11
0.287,0.01311,13,D,147(b),R,-0.1875,7
0.4979,0.02063,15,D,147(b),S,0.1492,6
-0.4594,-0.03041,10,D,147(b),T,0.219,5
1.114,0.03542,5,D,147(b),V,0.08019,3
-1.302,-0.1371,7,D,147(b),W,-0.0202,4
-0.9779,-0.08572,13,D,147(b),Y,-0.02349,5
-1.964,-0.3048,5,V,148(b),-,,
-0.6658,-0.04919,6,V,148(b),A,0.6011,3
0.15,0.00731,11,V,148(b),C,-0.0186,8
-2.252,-0.4151,8,V,148(b),D,-0.4752,4
-2.82,-0.7268,5,V,148(b),E,-0.1587,3
-0.5632,-0.03939,9,V,148(b),F,-0.02618,3
0.1662,0.008039,9,V,148(b),G,-0.585,3
0.1356,0.006656,8,V,148(b),H,-0.0919,3
-0.5886,-0.04173,15,V,148(b),I,-0.05115,10
-0.7384,-0.05674,7,V,148(b),K,-0.2636,5
-0.612,-0.04393,12,V,148(b),L,-0.1367,7
-0.3146,-0.01932,17,V,148(b),M,0.4932,8
0.8724,0.03067,4,V,148(b),N,0.2666,2
-0.9234,-0.07853,4,V,148(b),P,-0.03475,3
-1.516,-0.1807,15,V,148(b),Q,0.01586,7
-1.104,-0.1039,12,V,148(b),R,0.06774,6
-0.7227,-0.05505,17,V,148(b),S,-0.4567,10
-1.508,-0.1789,11,V,148(b),T,0.008217,3
0,0,,V,148(b),V,0,
-0.3252,-0.02008,10,V,148(b),W,0.1699,5
0.546,0.02214,9,V,148(b),Y,-0.01058,8
-2.704,-0.6518,5,I,149(b),-,,
-2.661,-0.6251,3,I,149(b),A,-0.4922,3
-2.216,-0.3998,9,I,149(b),C,0.2114,6
-0.3257,-0.02011,10,I,149(b),D,-0.3788,6
0.0814,0.004101,5,I,149(b),E,-0.187,3
-1.814,-0.2577,8,I,149(b),F,-0.754,5
-1.383,-0.1525,14,I,149(b),G,-0.4746,8
-0.6642,-0.04902,5,I,149(b),H,-0.6234,3
0,0,,I,149(b),I,0,
-2.383,-0.475,6,I,149(b),K,-0.4905,5
-0.4524,-0.02984,10,I,149(b),L,-0.5203,3
-0.617,-0.0444,12,I,149(b),M,0.01624,8
-0.2057,-0.01195,10,I,149(b),N,0.2562,4
-3.485,-1.299,6,I,149(b),P,-1.143,2
0.3107,0.01403,9,I,149(b),Q,-0.1151,7
0.5803,0.02317,5,I,149(b),R,-0.1081,4
-1.447,-0.1656,13,I,149(b),S,-0.1602,6
0.2183,0.0103,13,I,149(b),T,-0.253,6
-1.5,-0.1772,17,I,149(b),V,-0.6596,5
0.3284,0.01471,15,I,149(b),W,-0.07741,9
0.2575,0.01193,7,I,149(b),Y,-0.158,5
-8.358,-5.855,6,Q,150(b),*,,
-0.893,-0.07468,4,Q,150(b),-,,
2.854,0.04981,11,Q,150(b),A,-0.1396,8
0.9592,0.03251,13,Q,150(b),C,0.2953,9
-0.3245,-0.02003,8,Q,150(b),D,-0.04615,2
-0.8906,-0.07437,5,Q,150(b),E,-0.09535,4
-0.9079,-0.07655,6,Q,150(b),F,-0.6832,4
-1.122,-0.1066,9,Q,150(b),G,0.1783,6
0.09474,0.004742,12,Q,150(b),H,0.5424,4
-1.215,-0.1218,12,Q,150(b),I,-0.2385,9
-0.9639,-0.08384,8,Q,150(b),K,0.1359,5
-0.4781,-0.03197,11,Q,150(b),L,0.0614,3
-1.028,-0.09271,4,Q,150(b),N,-0.1942,3
-0.4663,-0.03098,25,Q,150(b),P,-0.1648,9
0,0,,Q,150(b),Q,0,
1.183,0.03659,10,Q,150(b),R,-0.1466,3
0.2197,0.01036,11,Q,150(b),S,0.005,4
0.5764,0.02305,6,Q,150(b),T,0.2213,4
-0.599,-0.0427,4,Q,150(b),V,-0.0918,2
-1.531,-0.1841,10,Q,150(b),W,-0.06036,5
-1.38,-0.1521,12,Q,150(b),Y,0.2136,7
0.109,0.00542,1,N,151(b),-,,
-0.5668,-0.03971,6,N,151(b),A,0.1211,2
1.308,0.0385,3,N,151(b),C,0.1905,2
-0.03575,-0.001907,2,N,151(b),D,0.3753,1
1.048,0.03423,7,N,151(b),E,0.05484,6
-3.23,-1.051,7,N,151(b),F,-1.22,3
-1.774,-0.246,8,N,151(b),G,0.2311,5
-0.835,-0.06763,11,N,151(b),H,-0.6483,4
-1.837,-0.2645,13,N,151(b),I,0.07011,5
-1.376,-0.1513,12,N,151(b),K,-0.4244,8
0.9357,0.03202,4,N,151(b),L,0.6748,2
-2.525,-0.5475,4,N,151(b),M,0.4501,1
0,0,,N,151(b),N,0,
-2.968,-0.8331,13,N,151(b),P,-0.9701,6
0.2349,0.01099,7,N,151(b),Q,-0.01796,4
-1.27,-0.1313,4,N,151(b),R,0.8495,1
0.2647,0.01222,9,N,151(b),S,-0.1443,4
-1.052,-0.09613,12,N,151(b),T,-0.07196,5
-1.294,-0.1357,7,N,151(b),V,0.2088,2
-5.316,-3.839,6,N,151(b),W,-4.344,2
-4.157,-2.129,12,N,151(b),Y,-2.376,5
-1.305,-0.1377,1,G,152(b),-,,
-2.348,-0.4582,6,G,152(b),A,-0.2294,3
-2.193,-0.3905,16,G,152(b),C,-0.6625,9
-3.879,-1.757,18,G,152(b),D,-1.882,7
-3.853,-1.724,15,G,152(b),E,-1.906,10
-3.398,-1.21,13,G,152(b),F,-1.15,7
0,0,,G,152(b),G,0,
-3.042,-0.8909,11,G,152(b),H,-0.6532,5
-3.253,-1.072,12,G,152(b),I,-1.152,10
-2.945,-0.8158,13,G,152(b),K,-1.239,5
-4.43,-2.523,6,G,152(b),L,-2.289,4
-2.142,-0.3698,7,G,152(b),M,-0.6669,5
-3.477,-1.291,9,G,152(b),N,-1.016,5
-1.064,-0.09789,11,G,152(b),P,-0.01883,6
-2.906,-0.7873,13,G,152(b),Q,-0.7965,10
-3.211,-1.033,12,G,152(b),R,-1.276,7
-1.491,-0.1751,10,G,152(b),S,-0.1095,3
-3.482,-1.296,12,G,152(b),T,-1.3,10
-3.208,-1.031,13,G,152(b),V,-0.9635,5
-4.501,-2.629,18,G,152(b),W,-2.571,14
-3.733,-1.578,11,G,152(b),Y,-1.268,5
-1.58,-0.1955,1,D,153(b),-,,
-0.4796,-0.03209,2,D,153(b),A,,
-0.1252,-0.006984,5,D,153(b),C,0.0211,4
0,0,,D,153(b),D,0,
-0.7711,-0.06031,6,D,153(b),E,0.7079,5
-1.56,-0.1907,8,D,153(b),F,-0.3397,6
-0.3204,-0.01973,8,D,153(b),G,0.1988,5
-0.8403,-0.06826,12,D,153(b),H,0.2878,6
-1.862,-0.2722,12,D,153(b),I,-0.3313,6
0.4264,0.01825,6,D,153(b),K,0.2455,4
-0.7273,-0.05555,4,D,153(b),L,-0.7088,2
-1.724,-0.2323,13,D,153(b),M,-0.5413,6
-1.03,-0.093,21,D,153(b),N,0.5118,4
-2.743,-0.6762,8,D,153(b),P,-0.7595,5
1.761,0.04372,5,D,153(b),Q,1.364,1
1.294,0.03829,8,D,153(b),R,0.2438,7
-3.986,-1.896,7,D,153(b),S,-1.845,3
-4.474,-2.588,2,D,153(b),T,-2.53,1
-0.009035,-0.0004754,6,D,153(b),V,0.1356,4
-0.1629,-0.009259,1,D,153(b),W,-0.9609,1
-2.15,-0.3731,13,D,153(b),Y,-0.1806,4
-11.81,-6.007,102,W,154(b),*,-6,16
-1.091,-0.1019,1,W,154(b),-,,
-3.552,-1.371,7,W,154(b),A,-1.276,5
-2.624,-0.603,13,W,154(b),C,-0.855,3
-5.451,-4.023,10,W,154(b),D,-4.367,6
-6.013,-4.692,2,W,154(b),E,-4.805,2
0.3421,0.01522,12,W,154(b),F,-0.3769,9
-3.716,-1.558,9,W,154(b),G,-1.465,6
-2.179,-0.3846,7,W,154(b),H,-0.4999,5
-2.866,-0.7586,10,W,154(b),I,-0.9382,8
-6.129,-4.808,9,W,154(b),K,-4.851,8
-3.105,-0.9423,13,W,154(b),L,-0.6701,4
-2.93,-0.8047,7,W,154(b),M,-0.7403,5
-3.358,-1.171,4,W,154(b),N,-0.7592,3
-26.96,-6.013,11,W,154(b),P,-4.036,8
-4.084,-2.029,11,W,154(b),Q,-2.094,7
-5.958,-4.634,9,W,154(b),R,-3.663,6
-3.182,-1.008,10,W,154(b),S,-0.4262,4
-3.93,-1.823,11,W,154(b),T,-1.681,6
-3.076,-0.9183,6,W,154(b),V,-1.443,3
0,0,,W,154(b),W,0,
-0.3719,-0.02352,15,W,154(b),Y,0.3056,8
-0.9313,-0.07955,20,T,155(b),A,0.01233,10
-0.361,-0.0227,9,T,155(b),C,-0.2376,7
-2.95,-0.8196,8,T,155(b),D,-0.7056,5
-1.639,-0.2101,8,T,155(b),E,-1.433,2
-1.305,-0.1378,9,T,155(b),F,0.5252,3
-0.2962,-0.01801,6,T,155(b),G,-0.3888,3
1.393,0.03966,5,T,155(b),H,0.3822,4
0.6686,0.02567,10,T,155(b),I,0.1495,7
1.364,0.03928,12,T,155(b),K,0.2506,8
-0.2339,-0.01378,13,T,155(b),L,0.07315,10
1.466,0.04059,6,T,155(b),M,0.221,6
-0.9362,-0.08018,13,T,155(b),N,-0.0183,8
-5.118,-3.556,10,T,155(b),P,-4.16,7
1.011,0.03353,10,T,155(b),Q,-0.2981,7
-0.783,-0.06164,11,T,155(b),R,0.1993,6
0.3668,0.01614,12,T,155(b),S,0.09488,9
0,0,,T,155(b),T,0,
-2.233,-0.407,15,T,155(b),V,-0.2984,10
-1.425,-0.161,7,T,155(b),W,-0.1419,4
-0.9026,-0.07588,9,T,155(b),Y,-0.003024,7
-5.068,-3.482,1,Y,156(b),*,,
-0.9764,-0.08551,8,Y,156(b),A,0.2933,4
-2.157,-0.3758,10,Y,156(b),C,-0.03046,4
-0.5096,-0.03464,2,Y,156(b),D,-0.4991,1
-2.505,-0.5367,8,Y,156(b),E,-0.6008,6
-1.123,-0.1068,8,Y,156(b),F,0.1346,5
-1.835,-0.2638,9,Y,156(b),G,-0.2513,6
-0.3304,-0.02045,13,Y,156(b),H,-0.3595,5
-1.656,-0.2142,10,Y,156(b),I,-1.093,5
-1.191,-0.1177,9,Y,156(b),K,-0.6299,6
-0.5134,-0.03497,6,Y,156(b),L,-0.1502,6
-0.07827,-0.004265,8,Y,156(b),M,-0.6497,5
0.02438,0.001263,6,Y,156(b),N,0.2696,3
-7.056,-5.471,6,Y,156(b),P,-6,4
-2.659,-0.6238,3,Y,156(b),Q,-0.6849,2
1.318,0.03864,9,Y,156(b),R,0.1012,8
-0.7237,-0.05516,9,Y,156(b),S,0.3007,5
-2.428,-0.4968,4,Y,156(b),T,0.08019,1
-0.8073,-0.06441,4,Y,156(b),V,-0.629,2
-2.654,-0.6212,10,Y,156(b),W,-0.124,7
0,0,,Y,156(b),Y,0,
-8.131,-5.816,8,Q,157(b),*,-6,1
1.305,0.03845,5,Q,157(b),A,-0.2288,2
0.6136,0.02414,15,Q,157(b),C,-0.005115,12
-1.713,-0.2293,11,Q,157(b),D,0.338,4
1.729,0.04343,6,Q,157(b),E,0.1981,4
-2.488,-0.5277,10,Q,157(b),F,-0.7655,6
0.9677,0.03268,5,Q,157(b),G,0.3882,3
-0.6486,-0.04747,5,Q,157(b),H,0.09275,2
-1.037,-0.094,13,Q,157(b),I,-0.05493,8
-2.27,-0.4229,14,Q,157(b),K,-0.348,11
-1.231,-0.1245,8,Q,157(b),L,0.167,3
-2.522,-0.5458,8,Q,157(b),M,-0.0007029,3
-1.513,-0.1801,9,Q,157(b),N,0.5163,3
-6.399,-5.048,14,Q,157(b),P,-4.773,9
0,0,,Q,157(b),Q,0,
-1.136,-0.1087,25,Q,157(b),R,0.09246,9
0.1436,0.007019,2,Q,157(b),S,0.1675,1
-1.132,-0.1083,4,Q,157(b),T,0.403,1
-3.011,-0.8662,13,Q,157(b),V,-0.5472,8
-1.137,-0.1089,7,Q,157(b),W,0.04902,6
-2.465,-0.5156,7,Q,157(b),Y,-0.3583,4
-0.2449,-0.01451,11,V,158(b),A,0.154,8
1.774,0.04385,7,V,158(b),C,0.3815,6
-1.869,-0.2741,8,V,158(b),D,-0.4279,6
2.347,0.04778,8,V,158(b),E,-0.4721,7
0.4005,0.01735,11,V,158(b),F,0.5014,3
-0.1482,-0.008362,11,V,158(b),G,0.1736,4
-2.048,-0.3342,9,V,158(b),H,-0.1769,6
-2.032,-0.3285,6,V,158(b),I,-0.2115,4
0.8865,0.03098,9,V,158(b),K,-0.7267,6
2.457,0.04831,10,V,158(b),L,-0.01217,3
-0.3571,-0.02241,18,V,158(b),M,0.07741,9
0.2357,0.01103,9,V,158(b),N,-0.6513,6
-7.709,-5.718,5,V,158(b),P,-6,3
-0.1098,-0.006079,7,V,158(b),Q,-0.2323,3
-1.808,-0.2559,9,V,158(b),R,0.3949,3
-1.251,-0.1279,10,V,158(b),S,0.3471,6
-2.504,-0.5365,7,V,158(b),T,-0.05785,4
0,0,,V,158(b),V,0,
0.5166,0.02122,11,V,158(b),W,-0.01293,8
0.6928,0.02632,10,V,158(b),Y,0.1547,8
0.009932,0.0005184,7,L,159(b),A,-0.2273,4
0.1794,0.008621,10,L,159(b),C,-0.03207,5
-3.084,-0.9247,15,L,159(b),D,-0.9953,10
-2.611,-0.5954,3,L,159(b),E,-0.2892,2
0.5899,0.02345,5,L,159(b),F,0.0652,4
-0.4219,-0.02739,11,L,159(b),G,0.191,6
1.024,0.03378,2,L,159(b),H,0.1133,1
-1.489,-0.1747,8,L,159(b),I,0.0387,7
-3.067,-0.9111,5,L,159(b),K,-0.5907,3
0,0,,L,159(b),L,0,
-1.574,-0.1941,10,L,159(b),M,-0.1112,6
-0.5132,-0.03495,10,L,159(b),N,0.1649,5
-4.432,-2.526,9,L,159(b),P,-2.415,6
-1.409,-0.1578,16,L,159(b),Q,-0.1069,9
-2.957,-0.8253,10,L,159(b),R,-0.434,6
-0.2756,-0.01659,7,L,159(b),S,0.2856,3
0.7165,0.02693,6,L,159(b),T,-0.0665,5
-1.148,-0.1107,11,L,159(b),V,0.003185,8
-0.2295,-0.01349,7,L,159(b),W,-0.0116,6
-1.799,-0.2533,11,L,159(b),Y,-0.6409,7
-1.213,-0.1213,7,V,160(b),A,-0.03656,3
0.9715,0.03276,4,V,160(b),C,0.3243,4
-2.234,-0.4075,10,V,160(b),D,-0.1212,8
-2.799,-0.7129,11,V,160(b),E,-0.6816,8
-2.475,-0.5212,10,V,160(b),F,-0.2303,8
-0.09661,-0.005312,8,V,160(b),G,-0.1138,8
-1.499,-0.1769,9,V,160(b),H,0.06955,6
-0.819,-0.06576,9,V,160(b),I,-0.1915,7
-2.386,-0.4762,8,V,160(b),K,-0.0498,6
-1.493,-0.1756,13,V,160(b),L,-0.272,6
-0.4467,-0.02938,10,V,160(b),M,-0.00372,4
0.3852,0.0168,3,V,160(b),N,0.0865,2
-4.218,-2.215,6,V,160(b),P,-1.353,3
-0.4556,-0.0301,9,V,160(b),Q,-0.2139,7
-1.152,-0.1114,11,V,160(b),R,0.4136,8
-0.6645,-0.04906,3,V,160(b),S,-0.2152,1
1.185,0.03661,12,V,160(b),T,0.2663,6
0,0,,V,160(b),V,0,
-1.716,-0.2299,8,V,160(b),W,0.1875,5
-0.505,-0.03424,10,V,160(b),Y,-0.2899,4
-3.854,-1.725,2,M,161(b),-,,
-0.7172,-0.05447,7,M,161(b),A,-0.1786,3
-0.5522,-0.03839,5,M,161(b),C,0.1483,4
0.7726,0.02834,4,M,161(b),D,0.2849,3
-0.1656,-0.009424,12,M,161(b),E,-0.07765,9
0.4563,0.01927,7,M,161(b),F,-0.1967,5
-0.4224,-0.02743,9,M,161(b),G,0.04442,6
-1.584,-0.1965,8,M,161(b),H,0.04491,6
-0.3839,-0.02443,37,M,161(b),I,-0.469,12
0.8453,0.03006,2,M,161(b),K,0.2861,2
-2.369,-0.4682,6,M,161(b),L,-0.5068,5
0,0,,M,161(b),M,0,
0.6646,0.02556,6,M,161(b),N,0.06472,3
-2.388,-0.4773,9,M,161(b),P,-0.5195,6
0.7077,0.02671,8,M,161(b),Q,-0.01929,6
-1.004,-0.08927,9,M,161(b),R,-0.04255,4
-2.021,-0.3248,6,M,161(b),S,-0.06059,3
0.3056,0.01384,6,M,161(b),T,0.3229,4
-0.844,-0.06869,11,M,161(b),V,-0.1155,8
2.172,0.04681,6,M,161(b),W,-0.2065,2
0.4202,0.01804,9,M,161(b),Y,0.3066,7
0.06567,0.003334,1,L,162(b),-,,
-0.3792,-0.02408,9,L,162(b),A,-0.1485,5
-0.7316,-0.056,7,L,162(b),C,0.4925,3
0.8535,0.03025,4,L,162(b),D,-0.05858,2
0.7619,0.02808,7,L,162(b),E,0.3879,5
-0.2497,-0.01483,6,L,162(b),F,-0.1521,2
-1.943,-0.2978,4,L,162(b),G,-0.446,2
-1.184,-0.1166,11,L,162(b),H,0.3183,7
1.943,0.04525,7,L,162(b),I,-0.0662,4
-2.158,-0.3762,11,L,162(b),K,-0.2198,6
0,0,,L,162(b),L,0,
-1.451,-0.1665,7,L,162(b),M,0.3724,5
-5.25,-3.746,4,L,162(b),N,-3.271,2
-2.777,-0.6985,17,L,162(b),P,-0.1106,8
-0.04145,-0.002218,6,L,162(b),Q,0.3722,4
-1.442,-0.1646,9,L,162(b),R,-0.3395,5
-0.1737,-0.009929,13,L,162(b),S,0.12,8
-2.724,-0.6642,5,L,162(b),T,-0.7554,4
1.124,0.0356,4,L,162(b),V,0.04875,2
-0.1901,-0.01096,11,L,162(b),W,-0.351,5
0.5906,0.02347,9,L,162(b),Y,0.3576,4
-8.544,-5.881,4,E,163(b),*,,
0.06633,0.003367,4,E,163(b),A,0.3826,3
-0.9855,-0.08676,15,E,163(b),C,-0.1625,9
0.5771,0.02307,5,E,163(b),D,0.3102,2
0,0,,E,163(b),E,0,
-1.234,-0.125,9,E,163(b),F,-0.5273,4
-1.519,-0.1814,6,E,163(b),G,0.09536,3
-0.1067,-0.005898,11,E,163(b),H,0.1514,8
2.895,0.04993,9,E,163(b),I,0.03647,5
-1.322,-0.1408,30,E,163(b),K,-0.04035,5
2.077,0.0462,10,E,163(b),L,0.4199,9
-0.06395,-0.00346,10,E,163(b),M,0.151,8
0.4592,0.01936,17,E,163(b),N,0.3821,11
0.7474,0.02772,4,E,163(b),P,0.9131,1
-0.4731,-0.03154,7,E,163(b),Q,-0.02975,5
-0.08328,-0.004549,14,E,163(b),R,0.2249,11
-0.7941,-0.06289,15,E,163(b),S,-0.1251,10
-0.2318,-0.01364,9,E,163(b),T,0.02432,8
2.202,0.04699,6,E,163(b),V,-0.01652,3
-1.118,-0.106,8,E,163(b),W,-0.01412,6
-1.812,-0.2571,12,E,163(b),Y,-0.1316,11
-0.81,-0.06471,1,S,164(b),-,,
0.7443,0.02764,5,S,164(b),A,-0.002504,5
0.09044,0.004536,6,S,164(b),C,0.06322,3
0.3203,0.0144,11,S,164(b),D,0.3206,8
-0.1286,-0.007185,8,S,164(b),E,0.3334,5
-1.679,-0.2202,10,S,164(b),F,-0.2578,7
0.3492,0.01549,14,S,164(b),G,0.1949,7
2.031,0.04589,10,S,164(b),H,0.5764,8
1.824,0.04429,10,S,164(b),I,-0.5686,5
1.231,0.03735,8,S,164(b),K,-0.4669,4
3.477,0.05123,9,S,164(b),L,0.1207,4
-1.018,-0.09133,7,S,164(b),M,0.2059,4
1.672,0.04287,21,S,164(b),N,-0.07645,7
-1.688,-0.2226,10,S,164(b),P,-0.3842,9
-0.2705,-0.01624,15,S,164(b),Q,-0.5198,9
-1.12,-0.1064,8,S,164(b),R,0.1449,5
0,0,,S,164(b),S,0,
1.264,0.03785,6,S,164(b),T,0.8348,5
2.036,0.04592,10,S,164(b),V,-0.1418,9
0.6592,0.02541,8,S,164(b),W,0.1161,5
-1.559,-0.1907,9,S,164(b),Y,0.04098,7
-0.901,-0.07567,1,T,165(b),-,,
-0.03223,-0.001716,12,T,165(b),A,0.063,6
0.4847,0.0202,7,T,165(b),C,-0.0518,4
-0.603,-0.04307,5,T,165(b),D,0.3187,4
-0.2101,-0.01223,8,T,165(b),E,-0.0463,5
-0.4831,-0.03239,13,T,165(b),F,0.003061,7
-3.742,-1.589,5,T,165(b),G,-1.628,4
-1.442,-0.1647,10,T,165(b),H,-0.1759,8
-0.002583,-0.0001352,15,T,165(b),I,0.4244,6
1.485,0.04082,4,T,165(b),K,0.1789,4
1.788,0.04397,9,T,165(b),L,-0.3114,3
-1.033,-0.09345,5,T,165(b),M,-0.6673,3
2.232,0.04716,7,T,165(b),N,-0.1971,5
-0.5882,-0.04169,4,T,165(b),P,-0.2749,4
-2.051,-0.3355,5,T,165(b),Q,-0.4503,5
1.663,0.04278,9,T,165(b),S,0.1318,7
0,0,,T,165(b),T,0,
-0.638,-0.04643,7,T,165(b),V,0.184,4
0.4703,0.01973,7,T,165(b),W,0.4716,4
-2.007,-0.3195,5,T,165(b),Y,0.1452,3
0.05439,0.002776,2,P,166(b),-,,
-1.503,-0.1777,7,P,166(b),A,-0.2987,4
0.01564,0.0008134,10,P,166(b),C,-0.1341,6
-1.4,-0.156,8,P,166(b),D,0.03901,4
0.06653,0.003376,11,P,166(b),E,0.1402,6
0.7418,0.02758,7,P,166(b),F,0.2052,2
2.6,0.04892,8,P,166(b),G,0.2793,4
-0.4011,-0.02576,14,P,166(b),H,-0.113,6
1.782,0.04391,6,P,166(b),I,-0.2951,3
-0.4214,-0.02735,5,P,166(b),K,-0.3215,2
0.06126,0.003116,13,P,166(b),L,-0.1834,4
-2.09,-0.3497,6,P,166(b),M,-0.1196,5
-2.293,-0.433,7,P,166(b),N,-0.1469,4
0,0,,P,166(b),P,0,
1.421,0.04003,3,P,166(b),Q,-0.05981,1
1.809,0.04416,9,P,166(b),R,-0.2471,6
-0.0403,-0.002155,8,P,166(b),S,0.1403,5
-0.06447,-0.003489,10,P,166(b),T,-0.1459,8
-0.4435,-0.02912,7,P,166(b),V,0.1801,7
-2.32,-0.4455,10,P,166(b),W,-0.3802,6
0.9135,0.03156,4,P,166(b),Y,0.09554,3
-8.441,-5.867,3,Q,167(b),*,-6,1
-1.023,-0.09194,1,Q,167(b),-,,
0.5203,0.02134,14,Q,167(b),A,0.4229,11
-1.054,-0.09648,13,Q,167(b),C,-0.1981,9
0.6686,0.02567,7,Q,167(b),D,0.1544,5
0.886,0.03097,16,Q,167(b),E,0.3209,8
-0.5928,-0.04212,8,Q,167(b),F,0.05665,5
0.1114,0.005533,8,Q,167(b),G,0.001928,5
-1.261,-0.1298,8,Q,167(b),H,0.1641,5
0.2832,0.01296,9,Q,167(b),I,0.4502,6
-0.8108,-0.0648,10,Q,167(b),K,0.1684,6
-0.5233,-0.03583,11,Q,167(b),L,-0.1096,4
-1.925,-0.2919,12,Q,167(b),M,-0.7273,6
-1.32,-0.1404,8,Q,167(b),N,-0.06739,6
-0.2806,-0.01693,4,Q,167(b),P,0.5679,1
0,0,,Q,167(b),Q,0,
-0.5638,-0.03944,16,Q,167(b),R,0.4368,5
-0.3163,-0.01944,10,Q,167(b),S,-0.1997,3
0.223,0.0105,11,Q,167(b),T,0.2573,8
1.165,0.03628,8,Q,167(b),V,0.1314,6
0.2567,0.01189,15,Q,167(b),W,-0.06033,10
-0.1832,-0.01052,14,Q,167(b),Y,0.1234,10
-1.681,-0.2207,1,H,168(b),-,,
1.503,0.04104,9,H,168(b),A,0.3413,7
-2.61,-0.5951,2,H,168(b),C,-0.3665,1
1.69,0.04306,6,H,168(b),D,-0.3512,5
-1.773,-0.2458,9,H,168(b),E,-0.2597,7
-0.2122,-0.01237,7,H,168(b),F,-0.2931,6
-0.638,-0.04644,7,H,168(b),G,-0.2604,6
0,0,,H,168(b),H,0,
0.6368,0.02479,6,H,168(b),I,0.5145,3
0.5466,0.02215,10,H,168(b),K,-0.05045,8
-0.6154,-0.04425,11,H,168(b),L,-0.3785,4
0.3148,0.01419,14,H,168(b),M,0.353,9
0.6767,0.02589,9,H,168(b),N,0.1955,5
-0.3718,-0.02351,11,H,168(b),P,-0.7409,8
0.6636,0.02553,13,H,168(b),Q,0.003489,11
2.944,0.05008,14,H,168(b),R,0.09277,6
0.4167,0.01792,6,H,168(b),S,0.3169,3
-3.674,-1.509,1,H,168(b),T,-1.243,1
2.714,0.04935,6,H,168(b),V,-0.1896,3
-1.16,-0.1127,7,H,168(b),W,-0.1204,6
-1.836,-0.2643,11,H,168(b),Y,0.197,5
-1.415,-0.159,1,G,169(b),-,,
1.439,0.04026,7,G,169(b),A,0.005785,5
-2.346,-0.4575,9,G,169(b),C,-0.1028,4
-0.3729,-0.0236,16,G,169(b),D,0.4174,3
-1.808,-0.2559,5,G,169(b),E,-0.3203,3
-1.885,-0.2793,3,G,169(b),F,-0.3942,1
0,0,,G,169(b),G,0,
1.534,0.04139,8,G,169(b),H,0.003358,5
1.881,0.04476,13,G,169(b),I,-0.1047,6
-0.2427,-0.01437,8,G,169(b),K,-0.04735,6
-0.1518,-0.008583,9,G,169(b),L,-0.416,3
-1.669,-0.2176,7,G,169(b),M,-0.2173,3
2.792,0.04961,9,G,169(b),N,-0.01299,6
-0.354,-0.02218,10,G,169(b),P,-0.3483,5
2.724,0.04938,10,G,169(b),Q,-0.02109,9
-0.1778,-0.01018,11,G,169(b),R,0.06671,9
-1.527,-0.1832,14,G,169(b),S,-0.07895,4
-1.587,-0.1971,9,G,169(b),T,-0.08012,6
0.1549,0.007532,12,G,169(b),V,0.4805,8
0.6748,0.02583,13,G,169(b),W,-0.1757,8
-0.302,-0.01842,10,G,169(b),Y,-0.05239,5
-2.861,-0.7551,2,D,170(b),-,,
0.7287,0.02725,12,D,170(b),A,-0.0342,6
-1.941,-0.2973,7,D,170(b),C,-0.6322,4
0,0,,D,170(b),D,0,
1.025,0.0338,13,D,170(b),E,0.0488,9
0.216,0.0102,11,D,170(b),F,0.1203,7
0.6226,0.02439,11,D,170(b),G,0.02363,5
1.736,0.0435,9,D,170(b),H,0.4297,6
-1.95,-0.3003,9,D,170(b),I,-0.02806,7
-0.7198,-0.05475,13,D,170(b),K,-0.1278,5
-0.6551,-0.04812,6,D,170(b),L,0.07776,4
0.1945,0.009278,7,D,170(b),M,0.4611,3
-0.5203,-0.03556,19,D,170(b),N,0.2129,10
-0.4677,-0.0311,9,D,170(b),P,0.0137,4
2.407,0.04808,9,D,170(b),Q,0.2907,5
-0.7052,-0.05322,13,D,170(b),R,0.1696,6
0.4248,0.0182,7,D,170(b),S,0.5439,2
-1.617,-0.2045,8,D,170(b),T,-0.1209,6
1.4,0.03976,9,D,170(b),V,0.0406,6
2.822,0.04971,14,D,170(b),W,0.07511,9
-0.734,-0.05626,8,D,170(b),Y,0.2197,3
-2.308,-0.44,2,T,171(b),-,,
0.01006,0.0005249,16,T,171(b),A,0.04344,9
-0.4142,-0.02678,12,T,171(b),C,0.1495,6
-1.182,-0.1162,8,T,171(b),D,-0.8246,4
0.748,0.02774,4,T,171(b),E,0.02395,2
-0.03639,-0.001942,3,T,171(b),F,-0.1113,3
-0.09284,-0.005096,7,T,171(b),G,0.02518,3
-1.597,-0.1996,7,T,171(b),H,-0.05925,6
-0.01588,-0.0008384,15,T,171(b),I,0.07025,7
0.9807,0.03294,14,T,171(b),K,-0.1333,10
-0.2629,-0.01572,12,T,171(b),L,0.1448,7
0.7972,0.02894,9,T,171(b),M,-0.203,5
1.031,0.03392,8,T,171(b),N,-0.3254,6
-1.044,-0.09495,10,T,171(b),P,-0.0533,7
-1.558,-0.1902,6,T,171(b),Q,-0.1579,6
-1.345,-0.1453,11,T,171(b),R,0.01976,7
0.9413,0.03214,5,T,171(b),S,-0.1704,4
0,0,,T,171(b),T,0,
0.9738,0.0328,5,T,171(b),V,-0.0401,2
-0.6495,-0.04757,14,T,171(b),W,0.1856,8
1.322,0.03869,10,T,171(b),Y,-0.08247,6
-0.5541,-0.03856,1,Y,172(b),*,,
-1.849,-0.2681,2,Y,172(b),-,,
-0.2397,-0.01416,6,Y,172(b),A,0.2296,5
-1.428,-0.1618,16,Y,172(b),C,-0.1353,9
-4.011,-1.93,10,Y,172(b),D,-1.737,6
-3.628,-1.456,6,Y,172(b),E,-1.653,3
1.484,0.04081,10,Y,172(b),F,0.1795,5
-3.409,-1.221,10,Y,172(b),G,-1.591,5
0.749,0.02776,16,Y,172(b),H,-0.1942,9
-1.017,-0.09118,11,Y,172(b),I,0.1037,6
-3.193,-1.018,10,Y,172(b),K,-0.7853,7
-1.336,-0.1436,10,Y,172(b),L,0.2108,5
-0.06413,-0.00347,6,Y,172(b),M,0.09256,6
-0.09272,-0.005089,3,Y,172(b),N,-0.5541,1
-2.855,-0.7509,5,Y,172(b),P,-0.5876,4
-0.791,-0.06254,5,Y,172(b),Q,-0.7882,2
-2.337,-0.4533,9,Y,172(b),R,-0.4432,8
0.2247,0.01057,6,Y,172(b),S,-0.4377,4
-2.525,-0.5474,6,Y,172(b),T,-0.3501,4
-2.996,-0.8549,7,Y,172(b),V,-1.464,3
1.344,0.039,9,Y,172(b),W,0.3937,5
0,0,,Y,172(b),Y,0,
-7.232,-5.552,5,E,173(b),*,,
-1.601,-0.2007,2,E,173(b),-,,
-0.4746,-0.03167,15,E,173(b),A,0.2255,9
2.107,0.0464,13,E,173(b),C,0.3108,7
-2.692,-0.6441,15,E,173(b),D,-0.3263,7
0,0,,E,173(b),E,0,
-0.1471,-0.008294,14,E,173(b),F,0.08019,7
-0.5632,-0.03938,10,E,173(b),G,0.3197,5
1.202,0.03689,3,E,173(b),H,0.4496,3
1.547,0.04154,10,E,173(b),I,-0.0077,8
1.943,0.04525,6,E,173(b),K,-0.2159,3
1.199,0.03683,16,E,173(b),L,0.05978,13
-0.4502,-0.02966,9,E,173(b),M,-0.6198,5
1.212,0.03705,7,E,173(b),N,0.1991,5
-4.961,-3.323,14,E,173(b),P,-3.522,5
0.6666,0.02561,10,E,173(b),Q,-0.2983,6
0.3637,0.01603,8,E,173(b),R,0.01145,6
-0.1609,-0.009138,13,E,173(b),S,0.01529,9
0.3812,0.01666,8,E,173(b),T,0.2761,5
-2.311,-0.4414,11,E,173(b),V,-0.09979,9
0.2277,0.0107,9,E,173(b),W,-0.0979,3
1.334,0.03886,12,E,173(b),Y,-0.2789,8
-1.392,-0.1543,1,C,174(b),-,,
-2.904,-0.7857,3,C,174(b),A,-0.824,2
0,0,,C,174(b),C,0,
-8.745,-5.905,12,C,174(b),D,-6,6
-7.526,-5.662,4,C,174(b),E,-6,1
-3.727,-1.571,9,C,174(b),F,-0.9022,1
-5.267,-3.77,17,C,174(b),G,-3.94,8
-25.75,-6.013,6,C,174(b),H,-6,6
-1.964,-0.3049,12,C,174(b),I,-0.4341,9
-8.368,-5.857,5,C,174(b),K,-6,5
-2.2,-0.393,12,C,174(b),L,-0.1401,5
-4.656,-2.863,8,C,174(b),M,-3.784,6
-5.949,-4.625,4,C,174(b),N,-4.63,3
-7.027,-5.457,7,C,174(b),P,-5.627,4
-7.819,-5.748,7,C,174(b),Q,-6,5
-9.177,-5.942,8,C,174(b),R,-6,4
-4.078,-2.02,4,C,174(b),S,-2.292,2
-3.422,-1.235,9,C,174(b),T,-1.281,8
-1.196,-0.1185,7,C,174(b),V,-0.03145,4
-4.668,-2.88,7,C,174(b),W,-2.654,4
-4.076,-2.017,15,C,174(b),Y,-2.078,5
0.1799,0.008644,10,H,175(b),A,-0.246,5
0.1534,0.007464,10,H,175(b),C,-0.2185,6
0.03029,0.001565,10,H,175(b),D,-0.3619,7
-0.8408,-0.06831,5,H,175(b),E,-0.1113,4
-2.581,-0.5785,7,H,175(b),F,-0.6257,5
1.614,0.04228,16,H,175(b),G,0.3436,12
0,0,,H,175(b),H,0,
1.969,0.04545,10,H,175(b),I,-0.1214,7
-1,-0.08878,11,H,175(b),K,-0.1652,9
0.1365,0.006697,10,H,175(b),L,0.504,7
-0.5639,-0.03945,12,H,175(b),M,-0.1439,9
0.5242,0.02146,1,H,175(b),N,,
-6.868,-5.371,11,H,175(b),P,-3.748,8
0.04645,0.00238,12,H,175(b),Q,-0.3235,6
0.6974,0.02644,18,H,175(b),R,0.4455,4
-1.245,-0.127,9,H,175(b),S,-0.6674,7
1.301,0.03839,8,H,175(b),T,-0.4291,6
0.2762,0.01268,8,H,175(b),V,-0.08434,3
0.3475,0.01543,8,H,175(b),W,0.02589,4
0.3695,0.01624,16,H,175(b),Y,-0.1451,10
-2.321,-0.4458,8,V,176(b),A,0.04595,4
-2.112,-0.3582,10,V,176(b),C,-0.3548,6
-7.583,-5.681,4,V,176(b),D,-5.957,4
-4.925,-3.269,14,V,176(b),E,-3.393,6
0.0003313,1.771e-05,8,V,176(b),F,0.3781,6
-1.688,-0.2225,8,V,176(b),G,-0.9285,5
-4.549,-2.701,11,V,176(b),H,-2.547,7
-0.7035,-0.05304,11,V,176(b),I,-0.06974,5
-7.317,-5.587,8,V,176(b),K,-6,5
0.01313,0.000684,12,V,176(b),L,-0.08578,6
0.09424,0.004718,22,V,176(b),M,0.01148,9
-4.653,-2.858,9,V,176(b),N,-2.669,7
-3.053,-0.8997,12,V,176(b),P,-1.125,9
-4.667,-2.879,12,V,176(b),Q,-3.027,6
-8.502,-5.876,7,V,176(b),R,-6,4
-3.048,-0.8956,6,V,176(b),S,-0.256,3
1.273,0.03797,18,V,176(b),T,0.03817,8
0,0,,V,176(b),V,0,
-1.908,-0.2866,8,V,176(b),W,-0.6059,6
-2.903,-0.7854,2,V,176(b),Y,-1.442,1
-9.028,-5.931,13,Q,177(b),*,-6,1
-0.291,-0.01765,10,Q,177(b),A,0.1891,4
0.2343,0.01097,12,Q,177(b),C,-0.1772,7
2.275,0.0474,9,Q,177(b),D,0.7228,6
0.5615,0.02261,16,Q,177(b),E,0.2748,11
-0.3104,-0.01902,16,Q,177(b),F,-0.01325,8
-0.4082,-0.02631,10,Q,177(b),G,0.0142,4
0.8287,0.02968,11,Q,177(b),H,0.06023,1
0.1106,0.005493,14,Q,177(b),I,-0.01486,10
-0.9719,-0.0849,8,Q,177(b),K,0.1152,6
0.3509,0.01555,8,Q,177(b),L,0.05486,7
-0.7715,-0.06036,17,Q,177(b),M,0.1584,12
-0.7647,-0.0596,3,Q,177(b),N,,
-2.925,-0.8015,12,Q,177(b),P,-0.486,7
0,0,,Q,177(b),Q,0,
-1.215,-0.1218,13,Q,177(b),R,0.4643,7
0.871,0.03064,11,Q,177(b),S,0.3571,5
0.7471,0.02772,10,Q,177(b),T,-0.07475,5
1.098,0.03514,15,Q,177(b),V,0.0141,10
-0.412,-0.0266,13,Q,177(b),W,-0.09148,9
-1.825,-0.2608,9,Q,177(b),Y,-0.326,6
-1.603,-0.2011,7,H,178(b),A,-0.5343,3
-0.9571,-0.08294,15,H,178(b),C,-0.2327,6
0.4069,0.01757,4,H,178(b),D,0.04696,1
-0.669,-0.04951,9,H,178(b),E,-3.148,1
-1.573,-0.1939,15,H,178(b),F,0.156,9
-0.5616,-0.03924,9,H,178(b),G,-0.2424,6
0,0,,H,178(b),H,0,
-2.79,-0.707,6,H,178(b),I,-0.7007,5
-0.6109,-0.04382,9,H,178(b),K,-0.0987,7
-1.859,-0.2713,12,H,178(b),L,-0.3528,10
-0.7566,-0.05871,7,H,178(b),M,-0.9716,3
-1.242,-0.1263,14,H,178(b),N,-0.269,8
-1.884,-0.2791,8,H,178(b),P,-0.4154,5
-1.831,-0.2628,12,H,178(b),Q,-0.09987,10
-1.898,-0.2834,14,H,178(b),R,0.0388,6
-0.4838,-0.03244,14,H,178(b),S,-0.2016,7
1.449,0.04038,13,H,178(b),T,0.05488,7
0.636,0.02477,8,H,178(b),V,-0.2667,6
0.9223,0.03174,17,H,178(b),W,0.1767,9
-0.4143,-0.02679,16,H,178(b),Y,-0.262,7
0,0,,A,179(b),A,0,
1.38,0.03949,8,A,179(b),C,-0.1055,6
0.9123,0.03153,10,A,179(b),D,0.3339,4
-3.484,-1.299,2,A,179(b),E,-3.138,2
-1.032,-0.09319,12,A,179(b),F,-0.07879,8
-2.603,-0.5913,7,A,179(b),G,-0.7705,5
-2.834,-0.7365,3,A,179(b),H,-0.5621,2
-0.6599,-0.0486,13,A,179(b),I,-0.5065,6
-1.94,-0.2969,12,A,179(b),K,-0.3308,6
0.3366,0.01502,7,A,179(b),L,0.06828,6
-1.515,-0.1805,6,A,179(b),M,-0.3222,5
-0.3803,-0.02416,14,A,179(b),N,0.2434,8
-0.9411,-0.08082,12,A,179(b),P,-0.2418,8
-1.507,-0.1787,8,A,179(b),Q,0.1288,7
2.039,0.04595,6,A,179(b),R,0.214,5
-1.447,-0.1657,18,A,179(b),S,0.2563,6
-0.8096,-0.06466,25,A,179(b),T,0.03356,9
1.084,0.03489,13,A,179(b),V,0.1182,7
0.9103,0.03149,12,A,179(b),W,0.213,10
-0.2417,-0.0143,15,A,179(b),Y,-0.2505,12
-0.6543,-0.04804,16,S,180(b),A,0.02259,13
-1.91,-0.2871,7,S,180(b),C,-0.2019,6
-2.395,-0.4806,3,S,180(b),D,-0.3086,3
1.008,0.03348,9,S,180(b),E,0.1064,5
-2.022,-0.3248,8,S,180(b),F,0.0563,4
0.1298,0.006387,6,S,180(b),G,-0.342,5
0.03947,0.00203,8,S,180(b),H,-0.06266,6
-1.338,-0.1439,7,S,180(b),I,-0.04418,5
-0.9986,-0.08855,6,S,180(b),K,-0.6019,3
-2.603,-0.591,5,S,180(b),L,-0.6946,4
-1.072,-0.099,8,S,180(b),M,-0.2801,5
-1.539,-0.1859,2,S,180(b),N,-0.3658,1
0.5825,0.02323,10,S,180(b),P,0.4758,4
-2.145,-0.371,9,S,180(b),Q,-0.4052,5
-2.177,-0.3836,5,S,180(b),R,-0.1784,5
0,0,,S,180(b),S,0,
0.2495,0.0116,11,S,180(b),T,-0.1765,6
-2.16,-0.3768,12,S,180(b),V,-0.3405,10
-3.053,-0.8992,13,S,180(b),W,-0.6204,8
-0.7003,-0.05271,10,S,180(b),Y,-0.1046,8
-1.174,-0.1149,8,L,181(b),A,-0.3408,5
-0.3152,-0.01936,12,L,181(b),C,0.1523,5
1.902,0.04493,3,L,181(b),D,,
1.379,0.03947,5,L,181(b),E,-1e-05,4
-3.152,-0.9814,7,L,181(b),F,-0.04377,1
-1.099,-0.1032,9,L,181(b),G,-0.576,3
-1.418,-0.1597,8,L,181(b),H,-0.1693,7
-1.912,-0.2878,16,L,181(b),I,0.4177,9
1.248,0.0376,5,L,181(b),K,1.433,2
0,0,,L,181(b),L,0,
3.291,0.0509,8,L,181(b),M,-0.4072,4
0.4012,0.01737,6,L,181(b),N,-0.4295,3
1.002,0.03336,9,L,181(b),P,0.4203,6
-0.1561,-0.008842,4,L,181(b),Q,0.901,2
1.203,0.0369,10,L,181(b),R,0.0216,5
1.775,0.04385,9,L,181(b),S,-0.5646,5
-1.662,-0.2158,10,L,181(b),T,-0.4555,5
1.75,0.04363,13,L,181(b),V,-0.02304,8
1.012,0.03356,6,L,181(b),W,-0.4075,3
-0.6759,-0.0502,8,L,181(b),Y,-0.0092,2
-2.048,-0.3344,12,K,182(b),A,-0.06455,9
0.1643,0.007951,10,K,182(b),C,0.4001,6
0.306,0.01385,9,K,182(b),D,-0.2337,4
-1.646,-0.2117,15,K,182(b),E,0.01181,6
-0.9959,-0.08817,9,K,182(b),F,0.2264,5
0.4321,0.01845,9,K,182(b),G,-0.03973,4
2.038,0.04594,11,K,182(b),H,-0.3197,8
0.8692,0.0306,10,K,182(b),I,0.2748,8
0,0,,K,182(b),K,0,
-1.024,-0.09203,16,K,182(b),L,0.3719,8
1.987,0.04558,8,K,182(b),M,-0.3797,5
1.426,0.04009,14,K,182(b),N,0.03355,3
0.07467,0.003774,8,K,182(b),P,-0.4476,7
-0.2497,-0.01483,11,K,182(b),Q,0.0124,7
-0.942,-0.08094,21,K,182(b),R,-0.3538,12
0.3083,0.01394,10,K,182(b),S,-0.1462,5
2.523,0.04861,8,K,182(b),T,0.5502,5
0.07598,0.003838,8,K,182(b),V,-0.329,3
-0.1544,-0.008738,13,K,182(b),W,0.04475,10
-0.8175,-0.06558,7,K,182(b),Y,0.3514,4
-0.2515,-0.01495,7,S,183(b),A,-0.2064,6
-0.7364,-0.05652,10,S,183(b),C,-0.2961,6
0.05431,0.002773,5,S,183(b),D,-0.08849,3
-2.958,-0.8255,5,S,183(b),E,-0.6235,4
-0.4056,-0.02611,16,S,183(b),F,-0.0259,9
0.1386,0.006791,9,S,183(b),G,0.2797,3
1.553,0.04161,9,S,183(b),H,-0.2667,7
-1.596,-0.1994,13,S,183(b),I,-0.2841,6
0.4735,0.01984,7,S,183(b),K,0.0623,4
0.09278,0.004649,12,S,183(b),L,-0.319,7
-1.376,-0.1512,4,S,183(b),M,-0.2205,4
0.5451,0.02211,15,S,183(b),N,0.06967,9
0.1491,0.007271,3,S,183(b),P,0.1114,3
0.05289,0.002702,6,S,183(b),Q,0.1391,6
-0.958,-0.08305,16,S,183(b),R,-0.06626,10
0,0,,S,183(b),S,0,
-0.6192,-0.04461,12,S,183(b),T,0.2672,5
-0.5698,-0.03999,8,S,183(b),V,-0.6805,2
-0.4224,-0.02743,4,S,183(b),W,0.2897,3
1.104,0.03525,7,S,183(b),Y,0.2224,5
1.348,0.03906,7,P,184(b),A,-0.5347,3
0.4944,0.02052,11,P,184(b),C,-0.04798,8
-0.1433,-0.008066,9,P,184(b),D,0.4654,7
-2.607,-0.5934,6,P,184(b),E,0.01809,5
0.1209,0.005974,14,P,184(b),F,-0.1282,11
-1.057,-0.0969,6,P,184(b),G,0.117,3
-0.1069,-0.005906,23,P,184(b),H,-0.008889,7
-0.1016,-0.0056,9,P,184(b),I,-0.03446,6
3.122,0.05053,12,P,184(b),K,0.2626,8
0.4382,0.01866,13,P,184(b),L,-0.09816,8
-1.048,-0.09556,9,P,184(b),M,-0.00195,7
0.7411,0.02756,8,P,184(b),N,-0.05299,4
0,0,,P,184(b),P,0,
1.792,0.044,9,P,184(b),Q,-0.3956,7
0.06817,0.003457,14,P,184(b),R,0.03912,10
-0.5427,-0.03754,11,P,184(b),S,-0.2217,4
-0.6661,-0.04922,9,P,184(b),T,0.01535,2
-0.8805,-0.07313,9,P,184(b),V,-0.05255,4
-0.1349,-0.007562,5,P,184(b),W,-0.02923,2
2.259,0.04731,7,P,184(b),Y,-0.9496,4
-0.3301,-0.02043,1,I,185(b),-,,
-0.005393,-0.0002838,8,I,185(b),A,0.06054,5
-1.789,-0.2503,9,I,185(b),C,-0.1784,4
-1.278,-0.1328,13,I,185(b),D,0.383,8
-1.109,-0.1047,7,I,185(b),E,-0.09202,4
-0.3813,-0.02423,7,I,185(b),F,1.137,2
1.026,0.03382,5,I,185(b),G,-0.1359,3
1.496,0.04095,5,I,185(b),H,0.6206,3
0,0,,I,185(b),I,0,
1.433,0.04018,12,I,185(b),K,-0.254,7
0.2276,0.01069,13,I,185(b),L,-0.5,6
0.2298,0.01078,11,I,185(b),M,0.1919,8
-0.3242,-0.02,13,I,185(b),N,-0.005112,5
1.67,0.04286,6,I,185(b),P,0.07867,2
-1.837,-0.2646,7,I,185(b),Q,-0.4457,4
-0.0005191,-2.711e-05,10,I,185(b),R,0.09823,5
-3.118,-0.9529,5,I,185(b),S,-0.3975,3
0.2902,0.01323,13,I,185(b),T,-0.05926,7
-0.4488,-0.02955,15,I,185(b),V,0.05374,3
-1.298,-0.1364,11,I,185(b),W,0.2091,8
-2.181,-0.3853,12,I,185(b),Y,-0.2549,7
-0.8906,-0.07438,1,T,186(b),-,,
-0.9415,-0.08087,12,T,186(b),A,-0.2736,2
1.548,0.04156,9,T,186(b),C,-0.4277,6
0.002835,0.0001482,9,T,186(b),D,0.545,3
0.4225,0.01812,7,T,186(b),E,-0.0078,4
-2.429,-0.4976,10,T,186(b),F,-0.08645,9
-1.595,-0.1991,8,T,186(b),G,-0.522,4
-2.147,-0.3718,7,T,186(b),H,-0.5642,7
-1.007,-0.08965,15,T,186(b),I,-0.02386,8
1.674,0.04289,7,T,186(b),K,0.2913,5
-0.2692,-0.01615,10,T,186(b),L,-0.01938,6
0.8711,0.03064,7,T,186(b),M,-0.1625,5
-1.086,-0.1011,9,T,186(b),N,0.09495,2
-0.5111,-0.03477,7,T,186(b),P,-0.1446,4
-1.245,-0.1269,8,T,186(b),Q,0.08019,7
-0.01776,-0.0009392,8,T,186(b),R,0.03097,5
-0.3001,-0.01829,10,T,186(b),S,-0.04696,5
0,0,,T,186(b),T,0,
0.5114,0.02106,7,T,186(b),V,0.06175,4
-0.3031,-0.0185,13,T,186(b),W,-0.1312,10
-0.7899,-0.06242,9,T,186(b),Y,0.1304,6
-8.564,-5.884,1,Y,187(b),*,,
-5.292,-3.805,2,Y,187(b),-,,
0.7502,0.02779,7,Y,187(b),A,-0.2116,6
1.531,0.04136,9,Y,187(b),C,0.02045,5
0.653,0.02524,6,Y,187(b),D,-0.2576,2
-0.5357,-0.03692,6,Y,187(b),E,0.008715,3
-1.634,-0.2086,8,Y,187(b),F,0.2398,6
1.354,0.03914,11,Y,187(b),G,-0.07528,9
-0.09142,-0.005014,14,Y,187(b),H,0.2881,4
-1.59,-0.1979,13,Y,187(b),I,0.1069,8
-0.1606,-0.009118,11,Y,187(b),K,-0.07032,7
0.1083,0.005383,8,Y,187(b),L,-0.05702,4
1.954,0.04533,8,Y,187(b),M,0.3568,5
-0.3858,-0.02458,10,Y,187(b),N,0.0424,5
-0.2387,-0.0141,9,Y,187(b),P,-0.3919,5
0.1862,0.008919,9,Y,187(b),Q,0.3329,7
-0.7914,-0.06259,13,Y,187(b),R,0.0065,10
0.9505,0.03233,4,Y,187(b),S,0.2418,2
1.64,0.04255,7,Y,187(b),T,0.04786,4
-0.8419,-0.06844,8,Y,187(b),V,0.2653,6
1.705,0.0432,11,Y,187(b),W,0.2677,9
0,0,,Y,187(b),Y,0,
-8.717,-5.902,2,E,188(b),*,,
-0.6222,-0.04491,1,E,188(b),-,,
-1.363,-0.1487,11,E,188(b),A,-0.004694,7
0.32,0.01439,13,E,188(b),C,-0.2195,8
0.4634,0.0195,7,E,188(b),D,-0.3537,4
0,0,,E,188(b),E,0,
-1.16,-0.1126,9,E,188(b),F,-0.3193,5
0.6351,0.02474,11,E,188(b),G,-0.04325,7
1.574,0.04184,14,E,188(b),H,0.3994,8
-1.006,-0.08958,20,E,188(b),I,-0.04185,10
-1.052,-0.09613,15,E,188(b),K,0.1605,8
0.1883,0.00901,8,E,188(b),L,-0.06617,5
-2.018,-0.3235,7,E,188(b),M,-0.1529,6
-0.1488,-0.008399,13,E,188(b),N,-0.00666,7
1.445,0.04033,8,E,188(b),P,0.05495,6
0.7933,0.02885,3,E,188(b),Q,0.2838,2
0.3869,0.01687,9,E,188(b),R,-0.1044,6
0.02108,0.001094,8,E,188(b),S,-0.08827,5
-0.0009678,-5.061e-05,8,E,188(b),T,0.2312,6
-0.2671,-0.016,14,E,188(b),V,-0.208,8
-2.415,-0.4907,8,E,188(b),W,-0.5737,5
-1.996,-0.3158,8,E,188(b),Y,-0.004834,6
-8.845,-5.915,24,W,189(b),*,-6,2
-0.1847,-0.01062,1,W,189(b),-,,
2.295,0.04751,5,W,189(b),A,-0.5474,4
-2.425,-0.4955,9,W,189(b),C,-0.1241,4
-1.7,-0.2258,10,W,189(b),D,0.01559,7
-2.53,-0.5504,7,W,189(b),E,-0.5003,4
-2.017,-0.3232,8,W,189(b),F,-0.25,5
-1.506,-0.1785,4,W,189(b),G,0.3462,1
-2.284,-0.4292,7,W,189(b),H,-0.2918,4
-1.062,-0.0976,12,W,189(b),I,-0.4545,8
-2.067,-0.3414,6,W,189(b),K,-0.1855,3
-1.696,-0.2246,11,W,189(b),L,-0.1443,10
-1.631,-0.208,8,W,189(b),M,0.02048,4
-0.546,-0.03784,6,W,189(b),N,-1.069,3
-1.881,-0.2781,12,W,189(b),P,-0.4123,9
-0.7761,-0.06087,12,W,189(b),Q,-0.3364,3
0.4296,0.01836,5,W,189(b),R,-0.1846,3
0.1355,0.006652,10,W,189(b),S,-0.319,5
0.09811,0.004903,13,W,189(b),T,0.00928,10
-0.503,-0.03407,10,W,189(b),V,-0.00955,4
0,0,,W,189(b),W,0,
-0.6881,-0.05145,10,W,189(b),Y,-0.1779,8
-0.3023,-0.01844,2,V,190(b),-,,
0.4316,0.01843,14,V,190(b),A,-0.04628,10
2.894,0.04993,9,V,190(b),C,-0.2261,5
-1.635,-0.2089,5,V,190(b),D,0.0874,4
0.8023,0.02906,6,V,190(b),E,0.1875,4
-1.404,-0.1568,8,V,190(b),F,0.04222,4
0.3077,0.01392,7,V,190(b),G,-0.1436,4
0.3811,0.01666,12,V,190(b),H,0.1474,8
0.8446,0.03004,7,V,190(b),I,-0.01903,5
-2.278,-0.4265,5,V,190(b),K,-0.3472,5
-1.302,-0.1372,17,V,190(b),L,-0.07376,8
-0.3088,-0.01891,15,V,190(b),M,-0.2483,3
-1.914,-0.2885,6,V,190(b),N,0.2874,4
0.5604,0.02258,11,V,190(b),P,-0.3054,5
0.3137,0.01415,6,V,190(b),Q,-1.266,2
3.241,0.05079,6,V,190(b),R,0.5668,3
-2.169,-0.3807,7,V,190(b),S,-0.1366,5
-2.191,-0.3894,13,V,190(b),T,-0.0764,9
0,0,,V,190(b),V,0,
0.5921,0.02351,7,V,190(b),W,0.04,4
0.5155,0.02119,7,V,190(b),Y,0.05319,6
-0.9102,-0.07683,2,L,191(b),-,,
-0.03359,-0.00179,9,L,191(b),A,-0.01115,6
1.706,0.04321,9,L,191(b),C,0.1014,6
-0.256,-0.01526,7,L,191(b),D,-0.1031,5
-0.2074,-0.01206,3,L,191(b),E,-0.2236,2
-1.548,-0.1881,10,L,191(b),F,0.01951,9
-2.496,-0.5319,5,L,191(b),G,0.09538,1
-0.2066,-0.012,13,L,191(b),H,-0.205,9
-1.879,-0.2774,8,L,191(b),I,-0.1425,5
-1.001,-0.0889,10,L,191(b),K,0.08019,7
0,0,,L,191(b),L,0,
-1.518,-0.1812,6,L,191(b),M,-0.0432,4
2.276,0.04741,9,L,191(b),N,0.3376,5
-2.041,-0.3318,9,L,191(b),P,-0.1119,6
0.9859,0.03304,10,L,191(b),Q,0.08627,6
-0.5124,-0.03488,10,L,191(b),R,-0.1429,4
-0.1871,-0.01076,9,L,191(b),S,-0.4112,7
0.1762,0.008483,9,L,191(b),T,0.1737,7
0.244,0.01137,9,L,191(b),V,-0.00305,6
-0.4584,-0.03033,7,L,191(b),W,0.141,7
0.6977,0.02644,11,L,191(b),Y,0.1862,7
-0.6371,-0.04635,2,P,192(b),-,,
-0.07329,-0.003983,10,P,192(b),A,0.3537,4
-0.5433,-0.0376,7,P,192(b),C,-0.3127,3
-0.2295,-0.01349,12,P,192(b),D,-0.07258,10
-2.342,-0.4555,6,P,192(b),E,-0.3791,4
1.861,0.0446,8,P,192(b),F,0.3987,7
-1.512,-0.1798,13,P,192(b),G,-0.06214,10
-0.1063,-0.005874,11,P,192(b),H,-0.01026,6
-1.675,-0.2193,13,P,192(b),I,0.03674,10
-1.647,-0.2119,7,P,192(b),K,-0.151,3
-1.423,-0.1607,7,P,192(b),L,-0.5308,1
0.3846,0.01678,8,P,192(b),M,0.1737,4
-1.692,-0.2236,5,P,192(b),N,0.07505,2
0,0,,P,192(b),P,0,
1.221,0.03719,13,P,192(b),Q,0.3863,8
0.9265,0.03183,18,P,192(b),R,-0.06946,14
-0.461,-0.03054,20,P,192(b),S,-0.6824,2
-1.689,-0.2228,11,P,192(b),T,0.09445,6
0.6497,0.02515,5,P,192(b),V,-0.09184,5
0.6623,0.0255,6,P,192(b),W,-0.3301,2
0.02034,0.001056,8,P,192(b),Y,-0.01554,6
-0.2192,-0.01282,2,A,193(b),-,,
0,0,,A,193(b),A,0,
0.7002,0.02651,6,A,193(b),C,0.1662,5
0.07232,0.00366,8,A,193(b),D,-0.2424,4
-0.0006094,-3.145e-05,8,A,193(b),E,0.297,3
-0.1655,-0.009423,5,A,193(b),F,-0.9546,2
-0.6034,-0.04311,8,A,193(b),G,-0.05388,3
-1.031,-0.09308,11,A,193(b),H,0.08019,7
-0.4412,-0.02893,8,A,193(b),I,0.2743,5
1.245,0.03755,8,A,193(b),K,0.141,7
-1.406,-0.1572,10,A,193(b),L,-0.6568,5
0.4221,0.01811,14,A,193(b),M,0.01763,10
-0.04564,-0.002447,8,A,193(b),N,-0.02772,5
-1.7,-0.2256,9,A,193(b),P,-0.1374,6
-1.457,-0.1679,9,A,193(b),Q,0.1079,4
1.368,0.03933,6,A,193(b),R,0.523,5
0.5199,0.02133,6,A,193(b),S,0.2546,2
-0.1397,-0.007847,28,A,193(b),T,0.0638,7
-0.01182,-0.0006233,21,A,193(b),V,0.2042,10
-0.7739,-0.06062,9,A,193(b),W,0.2426,6
0.2469,0.01149,8,A,193(b),Y,-0.07394,4
-0.7134,-0.05407,3,D,194(b),-,,
0.548,0.0222,5,D,194(b),A,0.3485,3
0.3732,0.01637,9,D,194(b),C,0.6579,5
0,0,,D,194(b),D,0,
-2.109,-0.3569,8,D,194(b),E,-0.4775,7
-1.899,-0.2838,11,D,194(b),F,-0.2503,7
-1.013,-0.09053,23,D,194(b),G,0.1538,12
1.66,0.04275,9,D,194(b),H,0.497,5
-0.5323,-0.03662,14,D,194(b),I,0.1666,9
0.9715,0.03276,10,D,194(b),K,-0.2315,7
1.49,0.04088,5,D,194(b),L,-0.02257,4
0.7576,0.02798,4,D,194(b),M,0.05125,3
-0.01629,-0.0008604,25,D,194(b),N,-0.357,7
-0.5426,-0.03753,8,D,194(b),P,0.5046,4
0.3844,0.01678,14,D,194(b),Q,0.4828,10
0.756,0.02794,11,D,194(b),R,0.05408,7
-1.339,-0.1441,9,D,194(b),S,-0.03829,4
0.0601,0.003059,8,D,194(b),T,-0.4491,3
1.834,0.04437,13,D,194(b),V,-0.1027,10
-2.608,-0.5939,4,D,194(b),W,-0.7741,3
0.2482,0.01154,8,D,194(b),Y,-0.2724,6
0.1363,0.006687,4,A,195(b),-,,
0,0,,A,195(b),A,0,
1.474,0.04068,10,A,195(b),C,0.04813,5
0.7811,0.02855,13,A,195(b),D,-0.009264,9
0.366,0.01611,5,A,195(b),E,-0.1476,4
-0.9247,-0.0787,9,A,195(b),F,0.1016,8
-0.265,-0.01586,14,A,195(b),G,-0.02442,10
0.7507,0.02781,11,A,195(b),H,0.03651,6
-0.8136,-0.06513,10,A,195(b),I,0.1702,7
-0.1571,-0.008906,9,A,195(b),K,0.0353,4
0.6296,0.02459,10,A,195(b),L,-0.04684,7
-0.07112,-0.003861,14,A,195(b),M,0.09308,9
0.7717,0.02832,3,A,195(b),N,0.2846,3
-0.1649,-0.009383,11,A,195(b),P,0.08573,7
-1.958,-0.3028,4,A,195(b),Q,-0.2786,4
1.911,0.045,13,A,195(b),R,-0.146,10
-1.306,-0.1378,9,A,195(b),S,-0.3485,5
-0.03342,-0.001781,20,A,195(b),T,-0.2265,4
-0.5506,-0.03825,15,A,195(b),V,0.126,6
0.1273,0.006274,9,A,195(b),W,-0.1228,6
0.4184,0.01798,9,A,195(b),Y,-0.2168,5
-1.669,-0.2176,5,A,196(b),-,,
0,0,,A,196(b),A,0,
1.825,0.0443,9,A,196(b),C,0.6461,8
-0.4655,-0.03091,9,A,196(b),D,-0.2,3
-2.672,-0.6319,7,A,196(b),E,-0.8053,7
0.583,0.02325,9,A,196(b),F,0.7165,5
0.165,0.007984,12,A,196(b),G,-0.221,9
1.297,0.03833,10,A,196(b),H,0.2275,9
-1.531,-0.1841,11,A,196(b),I,-0.05217,5
0.83,0.02971,9,A,196(b),K,0.3626,8
0.7616,0.02807,10,A,196(b),L,0.2578,7
2.256,0.0473,6,A,196(b),M,-0.04666,3
-0.6745,-0.05007,16,A,196(b),N,0.1369,9
-2.052,-0.3357,17,A,196(b),P,-0.09803,10
-0.08932,-0.004894,10,A,196(b),Q,-0.1496,9
0.092,0.004612,14,A,196(b),R,0.1865,7
1.983,0.04554,14,A,196(b),S,-0.1594,7
0.09695,0.004848,33,A,196(b),T,0.0837,14
1.359,0.03921,21,A,196(b),V,0.1476,10
0.679,0.02595,5,A,196(b),W,-0.8783,1
0.9519,0.03236,9,A,196(b),Y,0.512,4
-3.132,-0.9644,4,R,197(b),*,,
-0.4014,-0.02578,4,R,197(b),-,,
-1.364,-0.1489,5,R,197(b),A,-0.1869,4
0.1885,0.009018,10,R,197(b),C,0.1372,6
-2.562,-0.5678,9,R,197(b),D,-0.752,6
-0.9743,-0.08523,9,R,197(b),E,-0.3347,4
-0.6406,-0.04669,6,R,197(b),F,-0.0668,4
2.307,0.04758,17,R,197(b),G,-0.01337,4
0.1251,0.006173,10,R,197(b),H,-0.2111,7
-1.799,-0.2532,8,R,197(b),I,-0.4383,5
-0.3976,-0.02548,8,R,197(b),K,-0.153,4
0.9391,0.0321,8,R,197(b),L,0.2223,5
0.5946,0.02359,7,R,197(b),M,-3.037,2
0.918,0.03165,13,R,197(b),N,0.0217,7
2.475,0.0484,8,R,197(b),P,0.1358,5
2.858,0.04982,13,R,197(b),Q,-0.01883,7
0,0,,R,197(b),R,0,
-0.4384,-0.02871,19,R,197(b),S,0.2172,14
-1.649,-0.2124,7,R,197(b),T,-0.01663,7
-0.2017,-0.01169,13,R,197(b),V,-0.287,8
-1.95,-0.3002,14,R,197(b),W,-0.2134,9
0.4376,0.01864,11,R,197(b),Y,0.1815,6
-0.7775,-0.06102,4,G,198(b),-,,
-0.4272,-0.02781,9,G,198(b),A,-0.2198,6
-0.5346,-0.03682,7,G,198(b),C,-0.2008,3
0.2627,0.01213,26,G,198(b),D,0.03904,6
0.5588,0.02253,12,G,198(b),E,0.02657,8
-0.06339,-0.003428,8,G,198(b),F,-0.2633,4
0,0,,G,198(b),G,0,
0.1424,0.006966,6,G,198(b),H,-0.5713,2
-0.1253,-0.006992,4,G,198(b),I,0.7753,1
0.6761,0.02587,14,G,198(b),K,0.4727,7
1.24,0.03748,11,G,198(b),L,0.0018,6
-1.234,-0.125,9,G,198(b),M,-0.03791,7
-0.2666,-0.01597,11,G,198(b),N,0.2661,8
0.4958,0.02056,16,G,198(b),P,0.1808,8
0.2067,0.009806,5,G,198(b),Q,-0.3736,4
-1.417,-0.1595,9,G,198(b),R,-0.2334,7
0.2546,0.01181,17,G,198(b),S,-0.05206,4
-1.408,-0.1577,13,G,198(b),T,0.136,10
-1.302,-0.1371,10,G,198(b),V,-0.3048,5
1.323,0.0387,13,G,198(b),W,0.08019,7
1.925,0.04511,7,G,198(b),Y,0.7471,3
-0.4057,-0.02612,3,K,199(b),-,,
0.3957,0.01718,9,K,199(b),A,0.08019,5
-0.2231,-0.01307,8,K,199(b),C,-0.4269,6
-1.585,-0.1968,10,K,199(b),D,-0.6979,6
-1.87,-0.2744,10,K,199(b),E,-0.88,4
0.4522,0.01913,6,K,199(b),F,-0.1426,4
0.1264,0.006232,9,K,199(b),G,0.507,4
0.1857,0.008898,10,K,199(b),H,-0.1081,6
-2.093,-0.351,7,K,199(b),I,-0.7546,5
0,0,,K,199(b),K,0,
-1.791,-0.2511,15,K,199(b),L,-0.3135,9
-0.1591,-0.009028,9,K,199(b),M,-0.1145,3
0.9595,0.03251,19,K,199(b),N,0.03013,11
-2.253,-0.4154,6,K,199(b),P,-0.3936,5
-0.6474,-0.04735,6,K,199(b),Q,-0.1954,3
-1.94,-0.2969,16,K,199(b),R,-0.2094,6
2.57,0.0488,6,K,199(b),S,-0.2734,5
-0.1945,-0.01124,6,K,199(b),T,-0.1324,3
0.4277,0.0183,12,K,199(b),V,-0.07372,8
-2.348,-0.4581,7,K,199(b),W,-0.4347,6
-0.6144,-0.04416,12,K,199(b),Y,0.04792,6
