latent_phenotype_effect,functional_effect,times_seen,wildtype,site,mutant,functional_effect_singlemut,times_seen_singlemut
-6.83,-5.685,5,A,-1(a),*,-6,4
0,0,,A,-1(a),A,0,
0.129,0.01239,4,A,-1(a),C,0.8689,3
0.8666,0.05984,1,A,-1(a),D,,
-1.39,-0.2932,6,A,-1(a),E,0.07548,5
-0.159,-0.01757,2,A,-1(a),F,-0.05865,2
-0.2389,-0.02746,3,A,-1(a),G,0.4011,2
-1.62,-0.3877,3,A,-1(a),H,-0.4158,3
-3.611,-2.289,2,A,-1(a),I,-2.363,1
-1.036,-0.1803,9,A,-1(a),K,-0.1198,5
-0.791,-0.1208,4,A,-1(a),M,-0.2347,2
1.438,0.07898,2,A,-1(a),N,0.5758,2
-1.154,-0.2141,7,A,-1(a),P,0.09788,4
-0.06619,-0.006987,9,A,-1(a),Q,-0.4132,3
1.264,0.07425,6,A,-1(a),R,0.3038,4
0.5672,0.04458,7,A,-1(a),S,0.3913,3
1.515,0.08081,20,A,-1(a),T,0.0197,8
-2.588,-1.041,17,A,-1(a),V,-1.298,9
-2.353,-0.8378,6,A,-1(a),W,-1.359,3
-0.3085,-0.03671,6,A,-1(a),Y,0.09952,2
-7.313,-5.819,7,V,1(a),*,-6,2
-0.7833,-0.1191,17,V,1(a),A,-0.04517,5
-1.662,-0.407,6,V,1(a),C,0.1077,3
-1.945,-0.5561,7,V,1(a),D,0.4809,4
0.6154,0.04735,2,V,1(a),E,0.1355,2
-0.9717,-0.1633,7,V,1(a),F,-0.08763,5
-0.9861,-0.1671,6,V,1(a),G,0.03905,3
0.6622,0.04991,2,V,1(a),H,0.1576,2
-1.361,-0.2825,9,V,1(a),I,-0.6715,6
0.06857,0.006782,7,V,1(a),K,-0.09037,5
1.465,0.07962,5,V,1(a),L,,
0.6484,0.04917,17,V,1(a),M,-0.2977,6
-1.334,-0.2731,5,V,1(a),N,-0.2787,4
0.528,0.04223,7,V,1(a),P,0.1739,3
-0.9262,-0.152,2,V,1(a),Q,0.2782,1
-2.175,-0.7047,7,V,1(a),R,-0.8175,4
-2.168,-0.6995,2,V,1(a),S,-0.3831,1
-0.3178,-0.03799,8,V,1(a),T,0.4053,5
0,0,,V,1(a),V,0,
-1.399,-0.2964,6,V,1(a),W,-1.509,2
-0.6783,-0.09761,7,V,1(a),Y,0.4587,6
-8.163,-5.949,15,K,2(a),*,-6,6
0.123,0.01185,8,K,2(a),A,-0.2002,4
-0.05152,-0.005399,10,K,2(a),C,-0.2103,3
2.62,0.09629,8,K,2(a),D,0.9262,2
0.5139,0.04136,9,K,2(a),E,-0.344,6
0.5299,0.04234,5,K,2(a),F,0.4904,4
-2.153,-0.6895,7,K,2(a),G,-0.4773,6
-0.00356,-0.0003642,10,K,2(a),H,-0.4101,7
-1.187,-0.224,10,K,2(a),I,-0.08445,6
0,0,,K,2(a),K,0,
-1.899,-0.5295,10,K,2(a),L,0.03369,8
-1.012,-0.1738,9,K,2(a),M,-0.0159,3
-0.04127,-0.004304,9,K,2(a),N,0.1287,3
1.251,0.07386,10,K,2(a),P,-0.2871,7
-0.6168,-0.08596,13,K,2(a),Q,-0.1849,9
0.4877,0.03971,20,K,2(a),R,-0.1867,11
-0.551,-0.07421,10,K,2(a),S,-0.4621,4
-0.04299,-0.004487,10,K,2(a),T,0.6269,4
-1.564,-0.3628,9,K,2(a),V,-0.3992,6
-2.856,-1.312,8,K,2(a),W,-1.258,6
-0.388,-0.04807,10,K,2(a),Y,0.4356,8
-14.8,-6.049,9,V,3(a),*,-6,6
-1.531,-0.3491,1,V,3(a),-,,
0.454,0.03753,16,V,3(a),A,0.2558,7
-1.049,-0.1839,8,V,3(a),C,0.3782,5
-0.9361,-0.1544,14,V,3(a),D,0.2668,7
-0.6019,-0.08324,12,V,3(a),E,-0.4212,5
-0.8838,-0.1418,8,V,3(a),G,0.1028,5
2.195,0.09222,9,V,3(a),H,0.2896,3
-0.03864,-0.004025,11,V,3(a),I,0.4823,7
-0.3511,-0.04269,8,V,3(a),K,0.1099,2
0.833,0.05834,11,V,3(a),L,-0.2198,4
0.5819,0.04544,14,V,3(a),M,-0.09883,8
0.6432,0.04889,4,V,3(a),P,0.2551,3
-0.6158,-0.08576,9,V,3(a),Q,-0.5612,5
0.1784,0.01675,12,V,3(a),R,0.2682,8
1.63,0.08332,6,V,3(a),S,0.8252,4
-1.195,-0.2266,11,V,3(a),T,-0.2916,5
0,0,,V,3(a),V,0,
-1.524,-0.3461,6,V,3(a),W,-0.8319,4
-0.2005,-0.02262,10,V,3(a),Y,0.4888,6
-8.106,-5.943,10,G,4(a),*,-6,5
-0.1318,-0.01436,10,G,4(a),A,-0.5701,4
0.1776,0.01668,9,G,4(a),C,0.2093,4
-0.5519,-0.07437,8,G,4(a),D,0.355,4
-1.027,-0.1779,12,G,4(a),E,0.3856,5
-1.472,-0.3247,13,G,4(a),F,-0.1854,8
0,0,,G,4(a),G,0,
-0.9293,-0.1527,6,G,4(a),H,0.4781,2
-0.781,-0.1186,4,G,4(a),I,0.001665,1
-2.875,-1.333,5,G,4(a),K,-0.9913,3
-2.193,-0.7176,9,G,4(a),L,-0.1955,4
1.95,0.08897,7,G,4(a),M,0.3553,4
0.3928,0.03338,5,G,4(a),N,0.156,2
-1.426,-0.3068,6,G,4(a),P,-0.2893,3
-1.703,-0.4268,8,G,4(a),Q,-0.01131,5
-1.064,-0.188,18,G,4(a),R,0.266,3
-0.03589,-0.003733,8,G,4(a),S,-0.3263,6
-0.2609,-0.03032,13,G,4(a),T,0.4895,6
-0.4096,-0.0513,20,G,4(a),V,-0.322,9
-2.246,-0.7558,10,G,4(a),W,-0.7876,3
-0.9348,-0.1541,17,G,4(a),Y,-0.01591,8
-10.33,-6.038,13,H,5(a),*,-6,9
-1.126,-0.2057,1,H,5(a),-,,
-0.6478,-0.09175,12,H,5(a),A,0.09925,8
1.237,0.07342,2,H,5(a),C,0.4346,2
-0.8648,-0.1373,8,H,5(a),D,0.04875,4
-1.526,-0.347,7,H,5(a),E,-0.04458,4
-1.071,-0.1899,12,H,5(a),F,0.2116,5
-1.925,-0.5444,6,H,5(a),G,0.06318,3
0,0,,H,5(a),H,0,
-1.101,-0.1984,8,H,5(a),I,-0.05843,5
0.3127,0.02757,9,H,5(a),K,-0.3919,4
-0.4798,-0.06229,10,H,5(a),L,-0.15,6
-0.06159,-0.006486,4,H,5(a),M,-0.2551,1
-1.05,-0.1842,5,H,5(a),N,0.2486,5
-0.3836,-0.04742,10,H,5(a),P,0.5503,2
-1.434,-0.3099,5,H,5(a),Q,-0.2073,4
-0.5913,-0.08131,22,H,5(a),R,0.2765,8
1.906,0.0883,9,H,5(a),S,0.6779,5
-0.5857,-0.08032,8,H,5(a),T,0.4811,3
-1.436,-0.3107,9,H,5(a),V,-0.3026,5
-0.9146,-0.1491,8,H,5(a),W,-0.3542,4
-0.8495,-0.1338,18,H,5(a),Y,-0.2874,8
-7.573,-5.87,10,V,6(a),*,-6,3
-1.543,-0.354,1,V,6(a),-,,
-1.247,-0.2433,9,V,6(a),A,-0.3297,5
-0.2147,-0.02438,8,V,6(a),C,0.1119,4
-2.357,-0.8412,9,V,6(a),D,-0.4124,5
-1.456,-0.3183,6,V,6(a),E,-0.4647,4
-1.163,-0.2168,13,V,6(a),F,-0.3218,9
-2.057,-0.6255,7,V,6(a),G,1.137,1
-0.7162,-0.1051,3,V,6(a),H,0.02033,1
-1.146,-0.2117,5,V,6(a),I,-0.1812,4
-1.06,-0.1868,9,V,6(a),K,0.3073,5
-0.476,-0.06167,6,V,6(a),L,0.239,2
-0.8023,-0.1232,12,V,6(a),M,-0.3363,5
-0.6979,-0.1015,9,V,6(a),N,-0.2831,6
-2.744,-1.193,8,V,6(a),P,-1.071,5
1.583,0.08234,6,V,6(a),Q,0.9169,3
-0.8748,-0.1396,10,V,6(a),R,0.2852,3
-0.898,-0.1451,6,V,6(a),S,-0.07174,5
-1.785,-0.4679,9,V,6(a),T,0.05695,4
0,0,,V,6(a),V,0,
-0.4597,-0.05908,7,V,6(a),W,0.3948,4
-0.6393,-0.09013,4,V,6(a),Y,-0.06435,1
-7.915,-5.921,7,L,7(a),*,-6,4
-0.8637,-0.1371,8,L,7(a),A,-0.7747,5
-1.859,-0.5073,5,L,7(a),C,-0.5489,5
-6.25,-5.428,5,L,7(a),D,-5.084,1
-3.032,-1.513,7,L,7(a),E,-1.58,5
0.2671,0.02406,6,L,7(a),F,0.4397,3
-2.412,-0.8857,9,L,7(a),G,-0.9025,7
-0.7111,-0.1041,6,L,7(a),H,-0.7232,2
-2.076,-0.6375,6,L,7(a),I,-0.6562,6
-2.817,-1.271,8,L,7(a),K,-0.793,4
0,0,,L,7(a),L,0,
0.2428,0.02212,9,L,7(a),M,-0.3994,2
-2.505,-0.9655,8,L,7(a),N,-1.093,6
-8.341,-5.965,8,L,7(a),P,-6,2
-1.749,-0.4492,11,L,7(a),Q,-0.9588,9
-3.642,-2.334,10,L,7(a),R,-2.201,7
-0.9506,-0.158,5,L,7(a),S,0.1047,2
-2.093,-0.649,21,L,7(a),T,-1.037,10
-2.457,-0.9243,7,L,7(a),V,-0.6228,5
-1.956,-0.5631,13,L,7(a),W,-0.9313,6
-1.781,-0.4657,7,L,7(a),Y,-1.176,3
-7.407,-5.839,8,M,8(a),*,-6,2
-0.6004,-0.08296,9,M,8(a),A,-0.1202,5
-0.7675,-0.1157,13,M,8(a),C,0.03472,7
-1.838,-0.4957,10,M,8(a),D,-0.6383,9
-0.4478,-0.05719,9,M,8(a),E,-0.5839,6
1.916,0.08845,14,M,8(a),F,0.2952,6
-1.366,-0.2844,11,M,8(a),G,-0.4769,6
-1.386,-0.2919,13,M,8(a),H,-0.2043,6
0.08554,0.008392,34,M,8(a),I,0.2715,8
1.386,0.07763,6,M,8(a),K,0.1799,5
-0.494,-0.06461,15,M,8(a),L,0.1442,8
0,0,,M,8(a),M,0,
-3.62,-2.302,13,M,8(a),N,-2.03,7
-4.602,-3.781,7,M,8(a),P,-3.129,2
-0.1023,-0.011,8,M,8(a),Q,-0.03325,4
0.1278,0.01229,8,M,8(a),R,0.1508,3
1.394,0.07784,17,M,8(a),S,-0.08505,7
1.107,0.06922,8,M,8(a),T,-0.5447,2
-0.1477,-0.01623,17,M,8(a),V,0.02467,9
-1.231,-0.2382,7,M,8(a),W,-0.642,2
0.1367,0.01309,5,M,8(a),Y,-0.163,4
-14.74,-6.049,34,Q,9(a),*,-6,8
-0.321,-0.03845,1,Q,9(a),-,,
-2.15,-0.6874,12,Q,9(a),A,-0.1309,5
-1.399,-0.2966,8,Q,9(a),C,-0.3739,6
-2.189,-0.7149,8,Q,9(a),D,-0.482,7
-1.781,-0.4659,5,Q,9(a),E,-0.2688,3
0.7813,0.05594,13,Q,9(a),F,0.5773,8
-2.822,-1.275,4,Q,9(a),G,-1.669,3
-1.32,-0.2681,13,Q,9(a),H,-0.9689,4
-2.205,-0.7261,9,Q,9(a),I,-0.6189,4
-2.795,-1.247,5,Q,9(a),K,-1.246,1
-1.779,-0.4647,11,Q,9(a),L,-0.5041,2
-0.8139,-0.1258,13,Q,9(a),M,-0.463,9
-3.101,-1.596,13,Q,9(a),N,-1.611,8
-4.012,-2.893,13,Q,9(a),P,-2.558,5
0,0,,Q,9(a),Q,0,
-3.901,-2.723,22,Q,9(a),R,-2.788,11
-2.108,-0.6588,14,Q,9(a),S,-1.166,5
0.5134,0.04132,8,Q,9(a),T,-0.5707,5
0.4075,0.03441,6,Q,9(a),V,-0.3223,3
-3.057,-1.543,11,Q,9(a),W,-1.573,5
-2.579,-1.033,3,Q,9(a),Y,-1.226,3
-7.077,-5.761,10,T,10(a),*,-6,7
-0.7031,-0.1025,2,T,10(a),-,,
-1.021,-0.1762,12,T,10(a),A,0.1311,4
1.244,0.07364,5,T,10(a),C,-0.2513,4
-1.851,-0.5028,9,T,10(a),D,-0.1871,3
-1.87,-0.5134,8,T,10(a),E,-0.2118,5
-1.271,-0.2514,9,T,10(a),F,-0.05351,6
-2.155,-0.6908,14,T,10(a),G,-0.5544,9
-2.493,-0.9554,6,T,10(a),H,-1.19,3
-0.3635,-0.04447,9,T,10(a),I,-0.05666,5
-2.388,-0.8665,13,T,10(a),K,-0.8156,12
-0.4091,-0.05124,18,T,10(a),L,-0.3387,6
-0.2223,-0.02534,11,T,10(a),M,-0.09985,7
0.5907,0.04594,4,T,10(a),N,0.07606,3
-6.084,-5.329,12,T,10(a),P,-5.777,9
-1.631,-0.3926,13,T,10(a),Q,-0.1736,8
-2.236,-0.7481,14,T,10(a),R,-0.4322,9
0.1282,0.01232,9,T,10(a),S,-0.594,4
0,0,,T,10(a),T,0,
-0.2474,-0.02856,13,T,10(a),V,-0.1742,8
-2.116,-0.6641,10,T,10(a),W,-0.988,4
-0.6697,-0.09594,12,T,10(a),Y,-0.2862,9
-8.594,-5.984,17,E,11(a),*,-6,8
-0.5051,-0.06644,2,E,11(a),-,,
-3.084,-1.576,5,E,11(a),A,-1.631,4
-2.058,-0.6259,17,E,11(a),C,-0.2427,10
-1.616,-0.3858,12,E,11(a),D,-0.9093,5
0,0,,E,11(a),E,0,
-3.767,-2.52,8,E,11(a),F,-2.854,4
-2.561,-1.017,20,E,11(a),G,-0.8391,8
-2.256,-0.7635,14,E,11(a),H,-1.428,9
2.043,0.09029,6,E,11(a),I,-0.2645,4
-4.784,-4.036,22,E,11(a),K,-4.202,6
-0.1654,-0.01833,4,E,11(a),L,0.1445,2
-3.412,-2.005,10,E,11(a),M,-1.715,7
-2.083,-0.642,10,E,11(a),N,-0.8948,8
-10.21,-6.036,6,E,11(a),P,-5.559,5
-2.863,-1.319,8,E,11(a),Q,-1.72,3
-3.678,-2.386,4,E,11(a),R,-2.198,2
-2.763,-1.213,6,E,11(a),S,-1.578,5
-2.938,-1.404,8,E,11(a),T,-1.758,5
0.03611,0.003628,15,E,11(a),V,-0.1781,8
-4.221,-3.214,13,E,11(a),W,-3.072,10
-4.039,-2.935,10,E,11(a),Y,-2.726,6
-9.726,-6.028,6,F,12(a),*,-6,5
-1.305,-0.2628,2,F,12(a),-,,
-2.268,-0.7721,10,F,12(a),A,-0.3353,4
-1.818,-0.485,10,F,12(a),C,-0.4673,6
-3.678,-2.387,9,F,12(a),D,-2.432,7
-3.174,-1.688,11,F,12(a),E,-1.456,2
0,0,,F,12(a),F,0,
-3.385,-1.967,6,F,12(a),G,-1.012,3
-1.508,-0.3392,7,F,12(a),H,-0.4927,6
-2.06,-0.6273,12,F,12(a),I,-0.7066,7
-3.67,-2.375,13,F,12(a),K,-2.34,7
-1.493,-0.3332,18,F,12(a),L,-0.6153,7
-1.459,-0.3198,7,F,12(a),M,-0.1029,4
-2.313,-0.8063,6,F,12(a),N,-0.9712,4
-6.848,-5.691,8,F,12(a),P,-6,5
-1.736,-0.4426,13,F,12(a),Q,-0.7,8
-3.088,-1.58,10,F,12(a),R,-1.511,8
-2.336,-0.8244,9,F,12(a),S,-0.81,8
-1.888,-0.5233,9,F,12(a),T,-0.3253,5
-2.053,-0.6225,11,F,12(a),V,-0.902,7
-0.6277,-0.08797,4,F,12(a),W,0.1718,2
1.362,0.077,12,F,12(a),Y,0.05505,10
-7.085,-5.763,8,Y,13(a),*,-6,5
-0.1243,-0.0135,1,Y,13(a),-,,
-1.163,-0.2168,5,Y,13(a),A,-0.414,3
-2.156,-0.6914,14,Y,13(a),C,-1.369,4
-12.27,-6.048,3,Y,13(a),D,,
-3.945,-2.79,10,Y,13(a),E,-3.026,4
-2.69,-1.139,3,Y,13(a),F,-1.31,1
-4.588,-3.761,5,Y,13(a),G,-3.64,3
-1.322,-0.2688,12,Y,13(a),H,-0.1394,9
-2.017,-0.5999,7,Y,13(a),I,-0.5252,6
-3.482,-2.102,4,Y,13(a),K,-2.062,2
-2.542,-0.9985,8,Y,13(a),L,-0.8149,4
-1.488,-0.3313,9,Y,13(a),M,0.2847,4
-3.32,-1.879,14,Y,13(a),N,-2.02,10
-7.411,-5.84,12,Y,13(a),P,-6,7
-2.712,-1.161,10,Y,13(a),Q,-0.7651,7
-2.724,-1.174,6,Y,13(a),R,-1.466,4
-2.443,-0.9118,5,Y,13(a),S,-0.6045,4
-1.535,-0.3508,10,Y,13(a),T,-0.4085,6
-1.63,-0.3923,8,Y,13(a),V,-0.3471,4
-1.537,-0.3516,7,Y,13(a),W,-0.2667,3
0,0,,Y,13(a),Y,0,
-7.936,-5.924,14,Q,14(a),*,-6,7
-1.586,-0.3727,2,Q,14(a),-,,
-0.001017,-0.0001042,9,Q,14(a),A,-0.3294,7
-2.068,-0.6323,8,Q,14(a),C,-0.9275,5
-1.509,-0.34,8,Q,14(a),D,-0.1667,4
-0.8146,-0.1259,10,Q,14(a),E,-0.05247,7
0.2258,0.02073,5,Q,14(a),F,-0.9156,3
-2.085,-0.6433,7,Q,14(a),G,-0.864,4
-1.172,-0.2197,22,Q,14(a),H,0.06395,7
-2.38,-0.8599,6,Q,14(a),I,-0.6807,3
-3.189,-1.707,14,Q,14(a),K,-1.705,8
0.3301,0.02888,9,Q,14(a),L,-0.5932,3
-0.1406,-0.0154,9,Q,14(a),M,0.3554,4
-0.9569,-0.1596,1,Q,14(a),N,-0.254,1
-7.277,-5.811,13,Q,14(a),P,-6,5
0,0,,Q,14(a),Q,0,
-2.787,-1.238,11,Q,14(a),R,-0.8714,4
-0.1029,-0.01106,4,Q,14(a),S,0.4657,1
-1.276,-0.2531,6,Q,14(a),T,-0.5171,4
-2.013,-0.5975,5,Q,14(a),V,-0.3778,4
0.5309,0.0424,10,Q,14(a),W,-0.1443,6
0.1713,0.01613,11,Q,14(a),Y,0.00696,3
-9.443,-6.021,6,R,15(a),*,-6,4
-4.302,-3.339,3,R,15(a),-,,
-0.7955,-0.1218,9,R,15(a),A,-0.05404,6
-1.809,-0.4801,9,R,15(a),C,-0.4566,5
-1.581,-0.3706,8,R,15(a),D,-0.1176,4
-2.282,-0.7827,11,R,15(a),E,-0.4382,6
-1.202,-0.2289,12,R,15(a),F,-0.2386,8
-2.328,-0.8184,9,R,15(a),G,-0.0304,1
-1.214,-0.2326,8,R,15(a),H,0.1128,5
-0.9254,-0.1518,8,R,15(a),I,-0.04042,6
0.5003,0.04051,14,R,15(a),K,-0.2871,4
-0.919,-0.1502,8,R,15(a),L,-0.1844,3
0.1117,0.01082,13,R,15(a),M,-0.545,5
-0.449,-0.05739,7,R,15(a),N,-0.03635,6
-7.067,-5.758,6,R,15(a),P,-6,4
-1.727,-0.4386,15,R,15(a),Q,-0.4209,13
0,0,,R,15(a),R,0,
-1.098,-0.1976,9,R,15(a),S,0.1291,5
-0.6319,-0.08875,7,R,15(a),T,-0.06957,4
-1.108,-0.2004,12,R,15(a),V,0.1916,5
-1.35,-0.2788,14,R,15(a),W,-0.59,6
-1.891,-0.5252,15,R,15(a),Y,-0.4201,13
-9.092,-6.009,12,D,16(a),*,-6,7
-1.814,-0.4831,3,D,16(a),-,,
-1.618,-0.387,8,D,16(a),A,0.09899,7
0.2378,0.02171,10,D,16(a),C,0.2707,6
0,0,,D,16(a),D,0,
0.2257,0.02072,16,D,16(a),E,0.2369,6
0.6889,0.05132,5,D,16(a),F,-0.8593,1
-2.104,-0.6563,14,D,16(a),G,-0.3761,7
-0.5968,-0.08231,8,D,16(a),H,0.4557,4
-1.195,-0.2266,7,D,16(a),I,-0.156,6
-3.05,-1.534,7,D,16(a),K,-1.273,4
-1.259,-0.2472,6,D,16(a),L,-0.7148,3
-1.288,-0.2571,10,D,16(a),M,-0.6015,5
-2.936,-1.402,18,D,16(a),N,-0.9652,6
-4.065,-2.974,14,D,16(a),P,-3.14,9
-0.44,-0.05598,7,D,16(a),Q,-0.2173,3
-2.531,-0.9888,6,D,16(a),R,-0.9302,4
-0.7929,-0.1212,13,D,16(a),S,0.09409,5
1.452,0.07931,9,D,16(a),T,0.02761,6
-1.099,-0.198,8,D,16(a),V,0.1697,5
-0.998,-0.1702,10,D,16(a),W,0.03008,7
-1.107,-0.2002,15,D,16(a),Y,-0.4727,6
-7.507,-5.859,10,E,17(a),*,-6,7
-0.6521,-0.09256,1,E,17(a),-,,
-1.146,-0.2116,15,E,17(a),A,0.3746,7
-1.036,-0.1802,7,E,17(a),C,-0.4709,6
-0.1393,-0.01524,14,E,17(a),D,-0.08738,5
0,0,,E,17(a),E,0,
-0.419,-0.05274,9,E,17(a),F,-0.07066,8
-0.9206,-0.1506,11,E,17(a),G,-0.2012,7
-1.41,-0.3008,9,E,17(a),H,-0.1643,4
-0.6704,-0.09608,14,E,17(a),I,-0.05463,7
-1.749,-0.4495,15,E,17(a),K,0.1057,5
0.05201,0.005185,13,E,17(a),L,0.05516,9
-1.151,-0.2132,16,E,17(a),M,-0.4159,8
1.285,0.07487,7,E,17(a),N,0.2775,6
-1.809,-0.4801,6,E,17(a),P,-0.1238,3
-2.351,-0.8361,3,E,17(a),Q,-0.9083,2
-1.168,-0.2182,12,E,17(a),R,-0.2986,9
-0.2828,-0.03323,9,E,17(a),S,-0.1029,4
-0.8173,-0.1265,6,E,17(a),T,-0.2115,4
-0.866,-0.1376,12,E,17(a),V,0.1121,7
-0.9357,-0.1543,7,E,17(a),W,0.7053,1
0.886,0.06068,9,E,17(a),Y,-0.2624,5
-6.855,-5.694,4,T,18(a),*,-6,3
0.1921,0.01792,1,T,18(a),-,,
-1.451,-0.3164,14,T,18(a),A,-0.2972,7
-0.3818,-0.04715,8,T,18(a),C,-0.1211,5
1.65,0.08374,7,T,18(a),D,0.08807,5
-1.116,-0.2027,7,T,18(a),E,0.02164,4
0.5882,0.0458,8,T,18(a),F,-0.1875,4
-0.1187,-0.01286,12,T,18(a),G,-0.1531,6
-0.07188,-0.007609,8,T,18(a),H,0.01219,5
-0.05647,-0.005933,19,T,18(a),I,-0.1564,11
-0.4713,-0.06092,14,T,18(a),K,0.3519,5
-0.7261,-0.1071,10,T,18(a),L,-0.03181,9
-1.16,-0.216,7,T,18(a),M,-1.002,3
1.804,0.08661,10,T,18(a),N,-0.0299,6
0.408,0.03444,13,T,18(a),P,-0.5191,9
1.125,0.06985,11,T,18(a),Q,0.3419,5
-0.4029,-0.0503,6,T,18(a),R,-0.4713,4
0.5957,0.04623,10,T,18(a),S,-0.3438,5
0,0,,T,18(a),T,0,
0.06499,0.006438,9,T,18(a),V,0.5083,5
-0.1682,-0.01866,7,T,18(a),W,-0.1735,3
-0.3128,-0.0373,7,T,18(a),Y,-0.0386,2
-6.884,-5.703,6,H,19(a),*,-6,5
0.05567,0.00554,1,H,19(a),-,,
-1.006,-0.1723,13,H,19(a),A,0.04035,6
-1.853,-0.5038,14,H,19(a),C,-0.4192,10
-0.1346,-0.01469,11,H,19(a),D,-0.1099,6
0.11,0.01067,16,H,19(a),E,-0.09055,10
-0.0699,-0.007392,10,H,19(a),F,-0.2208,3
-1.864,-0.5103,5,H,19(a),G,-0.6838,4
0,0,,H,19(a),H,0,
-1.033,-0.1795,13,H,19(a),I,-0.1196,8
-1.598,-0.3778,2,H,19(a),K,-0.6315,1
-1.218,-0.2339,5,H,19(a),L,-0.1573,4
1.394,0.07785,3,H,19(a),M,0.4005,3
4.21,0.1024,12,H,19(a),N,-0.7016,6
-1.513,-0.3413,17,H,19(a),P,-0.6495,8
-1.018,-0.1755,6,H,19(a),Q,-0.03149,3
-0.5338,-0.07125,17,H,19(a),R,-0.0575,4
0.6416,0.0488,4,H,19(a),S,0.1285,4
0.7607,0.05495,5,H,19(a),T,-0.09394,3
-1.459,-0.3195,7,H,19(a),V,-0.2335,5
-1.656,-0.4043,4,H,19(a),W,-0.1887,3
-0.003879,-0.0003976,16,H,19(a),Y,-0.5335,7
-3.834,-2.62,2,N,20(a),-,,
-0.5688,-0.07731,5,N,20(a),A,-0.3476,1
-1.157,-0.2149,8,N,20(a),C,-0.0223,5
0.6624,0.04992,19,N,20(a),D,-0.2031,8
0.3139,0.02766,11,N,20(a),E,-0.5182,5
2.208,0.09237,11,N,20(a),F,0.2349,5
-2.239,-0.7509,10,N,20(a),G,-0.7785,7
0.1722,0.01621,8,N,20(a),H,0.00773,4
-0.9409,-0.1556,7,N,20(a),I,0.5151,2
1.569,0.08202,8,N,20(a),K,0.9076,2
-1.37,-0.2858,15,N,20(a),L,0.1618,8
-2.607,-1.059,5,N,20(a),M,-0.9351,4
0,0,,N,20(a),N,0,
-0.4725,-0.06112,7,N,20(a),P,0.01323,6
1.363,0.07704,5,N,20(a),Q,0.1854,4
-1.187,-0.2242,7,N,20(a),R,0.02647,4
-1.048,-0.1835,18,N,20(a),S,-0.2713,8
-0.5478,-0.07366,9,N,20(a),T,0.1566,3
-0.9118,-0.1484,11,N,20(a),V,-0.1752,9
-0.4152,-0.05215,9,N,20(a),W,-0.3814,5
-0.3871,-0.04793,3,N,20(a),Y,0.08396,1
-0.7318,-0.1083,1,R,21(a),-,,
-1.222,-0.2352,11,R,21(a),A,-0.1083,8
0.08343,0.008194,17,R,21(a),C,-0.1799,6
-2.044,-0.6171,6,R,21(a),D,-0.549,5
-0.3674,-0.04505,6,R,21(a),E,-0.6626,2
-0.4982,-0.06529,11,R,21(a),F,-0.221,7
-0.7861,-0.1197,11,R,21(a),G,0.1864,7
-0.706,-0.1031,23,R,21(a),H,0.09393,8
-1.042,-0.1818,9,R,21(a),I,-0.5102,3
-1.111,-0.2015,15,R,21(a),K,-0.175,10
-0.736,-0.1092,16,R,21(a),L,0.2439,7
-0.413,-0.05183,3,R,21(a),M,-0.2169,2
-0.8517,-0.1343,10,R,21(a),N,-0.04865,6
-2.402,-0.8781,6,R,21(a),P,-0.6559,6
-2.129,-0.6728,5,R,21(a),Q,-0.7935,2
0,0,,R,21(a),R,0,
1.467,0.07969,13,R,21(a),S,-0.5174,8
-0.9272,-0.1522,6,R,21(a),T,-0.3631,2
2.034,0.09018,8,R,21(a),V,-0.334,5
0.05277,0.005259,11,R,21(a),W,-0.209,8
-0.7318,-0.1083,13,R,21(a),Y,0.03355,8
-9.342,-6.018,6,E,22(a),*,-5.849,2
-0.0676,-0.007141,1,E,22(a),-,,
-1.231,-0.2382,6,E,22(a),A,0.1409,2
-2.449,-0.9175,6,E,22(a),C,-0.7609,5
-0.8035,-0.1235,12,E,22(a),D,-0.1142,2
0,0,,E,22(a),E,0,
-1.014,-0.1744,11,E,22(a),F,-0.621,6
-1.774,-0.4621,15,E,22(a),G,-0.3448,4
-2.235,-0.7474,9,E,22(a),H,-0.9752,9
-0.1454,-0.01596,7,E,22(a),I,-0.3844,3
-2.652,-1.102,7,E,22(a),K,-1.32,2
-1.45,-0.316,3,E,22(a),L,-0.08445,2
-1.505,-0.3382,11,E,22(a),M,-0.5214,8
-2.004,-0.592,8,E,22(a),N,-0.2502,5
-2.508,-0.9688,11,E,22(a),P,-0.574,6
-2.067,-0.6319,7,E,22(a),Q,-0.1598,5
-1.838,-0.4959,9,E,22(a),R,-0.5626,6
-0.4855,-0.06322,10,E,22(a),S,-0.5138,6
-1.635,-0.3946,11,E,22(a),T,-0.0865,7
-1.334,-0.2728,6,E,22(a),V,-0.6008,1
-2.594,-1.047,11,E,22(a),W,-0.9248,5
-1.216,-0.2331,7,E,22(a),Y,-0.5907,3
-0.3064,-0.03643,1,G,23(a),-,,
-0.7902,-0.1206,9,G,23(a),A,-0.09619,4
-0.5448,-0.07314,16,G,23(a),C,0.02651,9
0.646,0.04904,10,G,23(a),D,0.122,1
0.03916,0.003928,12,G,23(a),E,-0.6208,4
-1.016,-0.1749,9,G,23(a),F,-0.2702,4
0,0,,G,23(a),G,0,
-1.099,-0.1978,9,G,23(a),H,0.3046,6
2.452,0.09488,11,G,23(a),I,0.4228,7
-0.2717,-0.03175,10,G,23(a),K,0.1055,6
-0.605,-0.08379,11,G,23(a),L,0.1795,9
1.742,0.0855,9,G,23(a),M,0.272,5
-1.024,-0.177,9,G,23(a),N,-0.2376,5
-4.299,-3.333,13,G,23(a),P,-3.456,8
0.9318,0.0626,7,G,23(a),Q,-0.04206,4
-0.9582,-0.1599,10,G,23(a),R,0.3027,5
-0.2658,-0.03096,11,G,23(a),S,-0.5084,6
1.517,0.08086,7,G,23(a),T,0.2323,7
-0.5047,-0.06638,10,G,23(a),V,0.1865,7
-1.826,-0.4895,9,G,23(a),W,-0.4244,7
1.301,0.0753,5,G,23(a),Y,0.1482,4
-0.2969,-0.03513,1,G,24(a),-,,
-1.241,-0.2414,11,G,24(a),A,-0.5045,5
-1.876,-0.5168,13,G,24(a),C,-0.5919,7
-3.142,-1.648,36,G,24(a),D,-1.335,8
-3.129,-1.631,6,G,24(a),E,-2.173,5
-1.758,-0.4541,6,G,24(a),F,-0.6213,3
0,0,,G,24(a),G,0,
-0.7779,-0.118,12,G,24(a),H,-0.7485,6
-2.487,-0.9502,14,G,24(a),I,-1.144,7
-7.442,-5.846,4,G,24(a),K,-6,2
-3.215,-1.74,14,G,24(a),L,-1.845,10
-3.243,-1.776,5,G,24(a),M,-1.785,3
-1.486,-0.3303,9,G,24(a),N,-0.6632,4
-2.117,-0.6646,7,G,24(a),P,-0.5257,3
-0.3979,-0.04954,6,G,24(a),Q,-0.5493,4
-3.097,-1.592,11,G,24(a),R,-2.022,6
-0.3199,-0.03829,19,G,24(a),S,-0.2588,5
-1.567,-0.3644,7,G,24(a),T,-0.665,3
-1.366,-0.2846,18,G,24(a),V,-0.9282,7
-2.13,-0.6737,13,G,24(a),W,-0.5916,5
-2.374,-0.855,6,G,24(a),Y,-0.7009,3
-9.365,-6.019,7,Q,25(a),*,,
-0.2208,-0.02515,1,Q,25(a),-,,
-1.459,-0.3199,8,Q,25(a),A,0.1414,7
-0.6693,-0.09586,10,Q,25(a),C,0.1128,7
-2.253,-0.7613,5,Q,25(a),D,-0.838,4
-0.9424,-0.156,6,Q,25(a),E,0.6004,4
-0.4214,-0.0531,3,Q,25(a),F,,
-0.0607,-0.006391,6,Q,25(a),G,0.1038,4
-1.966,-0.5686,15,Q,25(a),H,-0.5335,6
-1.454,-0.3179,13,Q,25(a),I,-0.02822,10
-2.741,-1.191,7,Q,25(a),K,-1.179,3
-0.6034,-0.0835,12,Q,25(a),L,-0.03469,6
-1.114,-0.2023,8,Q,25(a),M,-0.3245,5
0.3961,0.03362,10,Q,25(a),N,-0.4688,7
-7.606,-5.876,10,Q,25(a),P,-6,5
0,0,,Q,25(a),Q,0,
-2.422,-0.894,5,Q,25(a),R,-0.831,2
0.01276,0.001295,11,Q,25(a),S,0.03037,6
-1.61,-0.3831,9,Q,25(a),T,0.00975,5
-0.9024,-0.1462,9,Q,25(a),V,-0.3543,6
-0.4563,-0.05853,6,Q,25(a),W,-0.1254,3
-1.222,-0.2351,12,Q,25(a),Y,-0.4626,7
0.09411,0.009195,1,F,26(a),-,,
-3.118,-1.618,5,F,26(a),A,-2.323,2
-2.665,-1.115,11,F,26(a),C,-1.5,7
-8.993,-6.005,3,F,26(a),D,,
-4.192,-3.17,4,F,26(a),E,-3.095,2
0,0,,F,26(a),F,0,
-4.615,-3.799,5,F,26(a),G,-3.363,1
-2.667,-1.117,6,F,26(a),H,-0.8896,4
-1.553,-0.3584,1,F,26(a),I,,
-6.038,-5.299,7,F,26(a),K,-5.447,4
-2.058,-0.6261,11,F,26(a),L,-0.5151,3
-2.12,-0.6668,10,F,26(a),M,-0.8238,6
-4.14,-3.09,9,F,26(a),N,-3.088,6
-11.23,-6.044,8,F,26(a),P,-6,5
-3.242,-1.776,11,F,26(a),Q,-1.19,6
-7.718,-5.894,9,F,26(a),R,-6,5
-3.15,-1.658,16,F,26(a),S,-1.93,5
-3.174,-1.688,8,F,26(a),T,-1.448,7
-2.838,-1.293,8,F,26(a),V,-1.312,5
0.426,0.03567,6,F,26(a),W,0.1473,2
-2.251,-0.7596,13,F,26(a),Y,-1.385,4
-1.114,-0.2023,2,M,27(a),-,,
-0.8858,-0.1422,11,M,27(a),A,-0.04961,9
-0.8677,-0.138,8,M,27(a),C,0.07591,4
0.808,0.05719,7,M,27(a),D,-0.004405,4
-0.8704,-0.1386,7,M,27(a),E,0.03915,4
-0.767,-0.1156,13,M,27(a),F,0.2065,10
-1.977,-0.5755,4,M,27(a),G,-0.5919,4
1.765,0.08593,10,M,27(a),H,-0.09251,6
-0.9175,-0.1498,13,M,27(a),I,-0.04024,5
-1.406,-0.2992,8,M,27(a),K,-0.7471,2
-0.1841,-0.02059,11,M,27(a),L,0.0495,3
0,0,,M,27(a),M,0,
0.4812,0.0393,9,M,27(a),N,0.3533,4
-8.558,-5.981,10,M,27(a),P,-6,7
-0.5668,-0.07696,10,M,27(a),Q,-0.1071,7
1.542,0.08144,5,M,27(a),R,0.2737,4
1.376,0.07737,9,M,27(a),S,0.2963,5
-1.677,-0.4141,9,M,27(a),T,-0.4319,6
-1.027,-0.1779,14,M,27(a),V,-0.3214,5
-1.042,-0.182,9,M,27(a),W,-0.2213,5
0.07785,0.007666,5,M,27(a),Y,0.2763,4
-0.8844,-0.1419,2,F,28(a),-,,
-2.174,-0.7042,7,F,28(a),A,-1.45,4
-1.948,-0.5581,12,F,28(a),C,-0.9097,9
-2.418,-0.8911,8,F,28(a),D,-0.5618,4
-0.7422,-0.1105,8,F,28(a),E,-0.5297,4
0,0,,F,28(a),F,0,
-2.94,-1.406,7,F,28(a),G,-1.709,5
-0.891,-0.1435,6,F,28(a),H,-0.2753,3
-1.018,-0.1755,9,F,28(a),I,-0.6134,5
-2.815,-1.268,8,F,28(a),K,-1.014,7
-2.042,-0.6155,16,F,28(a),L,-0.7353,9
-1.322,-0.2688,7,F,28(a),M,-0.3124,4
-2.251,-0.7597,10,F,28(a),N,-0.9173,7
-5.081,-4.415,13,F,28(a),P,-4.406,9
-1.294,-0.259,4,F,28(a),Q,-0.00445,2
-3.869,-2.674,7,F,28(a),R,-2.365,6
-1.736,-0.443,10,F,28(a),S,-0.5936,6
-2.469,-0.9346,3,F,28(a),T,-1.256,2
-1.332,-0.2723,5,F,28(a),V,-0.9561,2
-1.615,-0.3853,10,F,28(a),W,-1.703,3
-2.374,-0.8546,10,F,28(a),Y,-0.8938,6
-1.319,-0.2678,3,D,29(a),-,,
-0.0887,-0.009466,8,D,29(a),A,-0.9805,4
-1.757,-0.4534,8,D,29(a),C,-0.3354,3
0,0,,D,29(a),D,0,
-0.129,-0.01404,12,D,29(a),E,-0.2441,8
1.45,0.07926,7,D,29(a),F,0.2874,6
1.185,0.07182,5,D,29(a),G,0.01409,2
1.03,0.06643,14,D,29(a),H,-0.1724,8
1.366,0.07712,7,D,29(a),I,0.2599,4
-0.3895,-0.04829,8,D,29(a),K,0.154,4
-1.241,-0.2414,8,D,29(a),L,-0.3511,2
-0.7242,-0.1067,11,D,29(a),M,0.2629,6
0.1283,0.01234,23,D,29(a),N,-0.09103,5
-3.488,-2.111,6,D,29(a),P,-1.407,1
-0.6122,-0.0851,10,D,29(a),Q,-0.06831,7
-1.04,-0.1813,15,D,29(a),R,-0.6947,8
1.173,0.07142,4,D,29(a),S,0.1316,4
1.746,0.08558,13,D,29(a),T,0.0445,7
-0.2139,-0.02428,12,D,29(a),V,0.02148,7
-0.9913,-0.1684,17,D,29(a),W,-0.00095,8
-0.9442,-0.1564,18,D,29(a),Y,0.2473,7
-2.44,-0.9093,4,F,30(a),-,,
-2.198,-0.7211,14,F,30(a),A,-0.8185,10
-0.325,-0.039,7,F,30(a),C,-0.4826,5
-3.24,-1.773,6,F,30(a),D,-1.441,2
-2.705,-1.154,7,F,30(a),E,-0.9272,3
0,0,,F,30(a),F,0,
-2.482,-0.9456,11,F,30(a),G,-0.9789,7
-1.349,-0.2782,8,F,30(a),H,-1.234,3
-1.548,-0.356,12,F,30(a),I,-0.3753,6
-1.47,-0.324,9,F,30(a),K,-1.167,1
-1.771,-0.4607,17,F,30(a),L,-0.6051,8
-1.765,-0.4575,14,F,30(a),M,-0.9526,5
-2.824,-1.278,9,F,30(a),N,-0.7058,3
-16.38,-6.049,9,F,30(a),P,-5.797,3
-2.791,-1.243,9,F,30(a),Q,-1.223,5
-2.609,-1.06,5,F,30(a),R,-1.011,5
-2.766,-1.217,8,F,30(a),S,-1.154,5
-1.551,-0.3572,10,F,30(a),T,-0.5846,4
-1.837,-0.4952,11,F,30(a),V,-0.6544,5
-1.457,-0.3188,19,F,30(a),W,-0.3407,12
-1.316,-0.2667,10,F,30(a),Y,-0.8909,5
-2.837,-1.291,5,D,31(a),-,,
-2.123,-0.6688,9,D,31(a),A,-0.3339,5
-2.046,-0.6182,10,D,31(a),C,-0.4874,7
0,0,,D,31(a),D,0,
-2.853,-1.309,2,D,31(a),E,-0.6829,1
-2.986,-1.459,9,D,31(a),F,-1.248,8
-1.076,-0.1915,17,D,31(a),G,-0.4263,5
-2.546,-1.003,11,D,31(a),H,-0.7027,6
-2.579,-1.032,8,D,31(a),I,-1.247,4
-2.549,-1.005,7,D,31(a),K,-0.7265,3
-2.704,-1.153,13,D,31(a),L,-1.275,10
-2.298,-0.7947,10,D,31(a),M,-0.9751,6
-0.6575,-0.0936,28,D,31(a),N,0.06124,11
-4.379,-3.454,6,D,31(a),P,-4.139,2
-1.306,-0.2632,17,D,31(a),Q,-0.4559,8
-1.699,-0.4246,12,D,31(a),R,-0.848,7
-1.772,-0.4609,6,D,31(a),S,-0.02085,3
-1.626,-0.3907,5,D,31(a),T,-0.04484,3
-2.144,-0.6829,9,D,31(a),V,-0.8621,4
-3.211,-1.735,5,D,31(a),W,-1.866,4
-2.819,-1.272,15,D,31(a),Y,-1.324,10
-2.972,-1.443,4,G,32(a),-,,
-0.804,-0.1236,7,G,32(a),A,0.4174,5
-0.5248,-0.06973,20,G,32(a),C,0.1052,10
0.4001,0.0339,25,G,32(a),D,0.06498,6
-1.659,-0.4056,8,G,32(a),E,-0.2279,7
0.6667,0.05015,9,G,32(a),F,0.3652,5
0,0,,G,32(a),G,0,
-0.3724,-0.04577,9,G,32(a),H,0.4554,6
-0.9471,-0.1571,8,G,32(a),I,-0.00729,6
-1.654,-0.4032,5,G,32(a),K,-0.3832,4
-1.38,-0.2894,8,G,32(a),L,-0.2707,4
-1.054,-0.1852,4,G,32(a),M,-0.2316,3
0.09897,0.009647,11,G,32(a),N,0.1647,4
-1.711,-0.4305,6,G,32(a),P,-0.7478,4
-0.5598,-0.07575,6,G,32(a),Q,-0.3528,4
-0.1151,-0.01244,15,G,32(a),R,0.1789,7
-0.646,-0.09141,7,G,32(a),S,0.1765,3
-1.103,-0.1989,9,G,32(a),T,-0.09202,5
-2.244,-0.7546,8,G,32(a),V,-0.4293,4
-1.464,-0.3216,6,G,32(a),W,-0.3428,5
-1.353,-0.2798,9,G,32(a),Y,0.1076,4
-0.3422,-0.04142,1,D,33(a),-,,
-2.111,-0.6606,10,D,33(a),A,-0.5059,6
-0.4893,-0.06383,8,D,33(a),C,-0.8013,3
0,0,,D,33(a),D,0,
0.3534,0.03059,11,D,33(a),E,-0.1542,6
-2.006,-0.593,10,D,33(a),F,-0.8847,6
-1.746,-0.4476,9,D,33(a),G,-0.03771,2
-2.082,-0.6417,8,D,33(a),H,-1.083,6
-0.1842,-0.0206,9,D,33(a),I,-0.7559,5
-2.535,-0.9926,10,D,33(a),K,-1.41,5
-2.376,-0.8562,9,D,33(a),L,-0.3957,5
-2.537,-0.9943,6,D,33(a),M,-0.9285,4
-0.8992,-0.1454,22,D,33(a),N,-0.3033,6
-3.642,-2.334,6,D,33(a),P,-1.917,5
-0.9504,-0.158,10,D,33(a),Q,-0.2651,7
-3.24,-1.773,15,D,33(a),R,-1.543,9
-0.9479,-0.1573,6,D,33(a),S,-0.3601,5
-1.74,-0.4447,7,D,33(a),T,-0.9774,3
-2.792,-1.244,21,D,33(a),V,-1.837,9
-3.166,-1.678,21,D,33(a),W,-1.875,8
-2.703,-1.152,10,D,33(a),Y,-0.7152,3
-6.923,-5.716,3,E,34(a),*,,
-0.4888,-0.06375,1,E,34(a),-,,
-1.17,-0.219,13,E,34(a),A,-0.1679,9
-0.2771,-0.03246,6,E,34(a),C,0.196,4
-2.256,-0.7635,15,E,34(a),D,-0.8927,4
0,0,,E,34(a),E,0,
-3.579,-2.242,8,E,34(a),F,-2.192,7
-2.745,-1.195,16,E,34(a),G,-0.5155,5
-2.083,-0.6421,4,E,34(a),H,-0.5425,2
-1.186,-0.2239,5,E,34(a),I,-0.3596,3
-2.335,-0.8238,19,E,34(a),K,-0.4667,7
1.246,0.07369,15,E,34(a),L,-0.4519,10
-0.4569,-0.05863,5,E,34(a),M,-0.1674,3
-1.947,-0.5576,6,E,34(a),N,-0.496,4
-1.956,-0.5627,9,E,34(a),P,-0.73,5
-2.188,-0.7141,16,E,34(a),Q,-0.8752,8
-1.722,-0.4361,5,E,34(a),R,-1.095,3
-1.394,-0.2946,13,E,34(a),S,-0.1643,10
-1.942,-0.5543,6,E,34(a),T,-0.4399,2
-1.712,-0.431,16,E,34(a),V,-0.7716,6
-3.684,-2.396,12,E,34(a),W,-2.403,8
-3.047,-1.53,10,E,34(a),Y,-1.349,6
-8.81,-5.996,2,I,35(a),-,,
-1.96,-0.5649,5,I,35(a),A,-0.7152,2
0.6776,0.05073,10,I,35(a),C,0.06203,8
-15.31,-6.049,8,I,35(a),D,-5.748,5
-2.758,-1.209,8,I,35(a),E,-1.106,5
-1.591,-0.3748,4,I,35(a),F,-0.5479,1
-4.346,-3.404,10,I,35(a),G,-3.205,4
-4.26,-3.275,15,I,35(a),H,-3.262,11
0,0,,I,35(a),I,0,
-6.857,-5.694,3,I,35(a),K,,
1.882,0.08792,12,I,35(a),L,-0.1841,5
-2.138,-0.6789,8,I,35(a),M,-0.5784,7
-3.937,-2.778,11,I,35(a),N,-2.734,9
-4.724,-3.953,11,I,35(a),P,-3.949,7
-3.626,-2.31,11,I,35(a),Q,-2.062,8
-7.05,-5.754,9,I,35(a),R,-6,7
-3.087,-1.58,9,I,35(a),S,-1.349,7
-1.903,-0.5321,6,I,35(a),T,-0.2465,5
-0.6745,-0.09687,14,I,35(a),V,-0.3169,7
-2.836,-1.29,6,I,35(a),W,-0.9882,3
-2.534,-0.9917,10,I,35(a),Y,-1.347,8
-0.6813,-0.09818,1,F,36(a),-,,
-3.009,-1.486,3,F,36(a),A,-1.182,2
-1.247,-0.2434,12,F,36(a),C,-0.4764,5
-3.061,-1.548,3,F,36(a),D,-1.427,2
-3.53,-2.171,7,F,36(a),E,-2.037,4
0,0,,F,36(a),F,0,
-2.346,-0.8324,6,F,36(a),G,-1.162,3
-2.259,-0.7658,9,F,36(a),H,-1.222,6
-2.046,-0.6182,13,F,36(a),I,-1.256,6
-4.327,-3.375,9,F,36(a),K,-3.397,6
1.657,0.08387,14,F,36(a),L,-0.08186,5
-1.16,-0.2158,11,F,36(a),M,-0.488,6
-2.386,-0.8651,9,F,36(a),N,-0.5455,4
-9.009,-6.006,4,F,36(a),P,-6,3
-2.67,-1.12,3,F,36(a),Q,-0.9702,2
-7.586,-5.873,8,F,36(a),R,-6,5
-2.152,-0.6886,12,F,36(a),S,-1.103,7
-1.676,-0.4136,5,F,36(a),T,-1.05,3
-2.247,-0.7566,8,F,36(a),V,-0.6922,6
-0.2506,-0.02898,9,F,36(a),W,-0.2221,5
-1.527,-0.3475,7,F,36(a),Y,-0.2221,4
-0.7209,-0.1061,1,H,37(a),-,,
-2.552,-1.008,9,H,37(a),A,-2.434,5
-1.756,-0.4531,8,H,37(a),C,-0.329,6
-1.456,-0.3183,4,H,37(a),D,-0.3208,2
-1.684,-0.4176,7,H,37(a),E,-0.5649,5
-1.505,-0.3382,15,H,37(a),F,-0.3304,10
-2.897,-1.357,12,H,37(a),G,-1.456,7
0,0,,H,37(a),H,0,
-1.229,-0.2375,7,H,37(a),I,-0.4129,5
-0.7673,-0.1157,16,H,37(a),K,-0.1074,7
-2.515,-0.9747,10,H,37(a),L,-1.437,5
-2.026,-0.6059,8,H,37(a),M,-0.4288,7
-1.187,-0.224,12,H,37(a),N,-0.2613,3
-6.768,-5.663,7,H,37(a),P,-6,3
-0.3131,-0.03735,14,H,37(a),Q,-0.9027,8
-1.725,-0.4372,15,H,37(a),R,-0.6121,5
-0.7796,-0.1183,6,H,37(a),S,-0.92,3
-2.078,-0.639,5,H,37(a),T,-0.6092,3
-1.71,-0.4301,5,H,37(a),V,-0.9224,1
-1.809,-0.4803,14,H,37(a),W,-0.2103,8
-1.551,-0.3573,22,H,37(a),Y,-0.4265,12
-0.8496,-0.1338,1,V,38(a),-,,
-1.078,-0.1918,14,V,38(a),A,-0.08586,5
0.6046,0.04674,7,V,38(a),C,0.05875,4
-3.802,-2.572,8,V,38(a),D,-2.493,5
-2.203,-0.7246,14,V,38(a),E,-0.4843,8
-3.256,-1.794,9,V,38(a),F,-1.908,7
-3.087,-1.58,11,V,38(a),G,-1.491,5
-2.808,-1.26,14,V,38(a),H,-1.346,9
-0.6151,-0.08563,5,V,38(a),I,-0.1983,1
-5.344,-4.711,7,V,38(a),K,-4.25,5
0.1574,0.01493,17,V,38(a),L,0.5671,8
-0.2262,-0.02584,19,V,38(a),M,-0.09554,10
-2.322,-0.8138,10,V,38(a),N,-0.7941,7
-2.213,-0.7315,10,V,38(a),P,-1.052,8
-2.136,-0.678,7,V,38(a),Q,-0.4413,4
-4.814,-4.075,9,V,38(a),R,-4.502,6
-0.3997,-0.04982,1,V,38(a),S,-0.146,1
-1.457,-0.3187,8,V,38(a),T,-0.05404,5
0,0,,V,38(a),V,0,
-8.455,-5.974,11,V,38(a),W,-6,5
-1.084,-0.1936,6,V,38(a),Y,-1.095,3
0.09153,0.008954,1,D,39(a),-,,
-1.239,-0.2408,8,D,39(a),A,-0.5479,3
-1.028,-0.178,7,D,39(a),C,0.03801,5
0,0,,D,39(a),D,0,
-2.274,-0.7767,6,D,39(a),E,-0.8997,5
-2.185,-0.7118,9,D,39(a),F,-0.2501,3
-0.9612,-0.1607,10,D,39(a),G,-0.1837,6
-1.426,-0.3069,13,D,39(a),H,0.06896,7
-1.567,-0.3643,11,D,39(a),I,-0.5333,7
-0.2783,-0.03262,6,D,39(a),K,-0.4947,2
-1.215,-0.2329,8,D,39(a),L,-0.7097,2
-1.136,-0.2087,14,D,39(a),M,-0.8078,6
-0.05218,-0.005471,15,D,39(a),N,0.3907,4
-3.976,-2.838,8,D,39(a),P,-2.857,6
-1.082,-0.193,8,D,39(a),Q,-0.6411,4
-0.1462,-0.01605,11,D,39(a),R,-0.5681,5
0.639,0.04865,3,D,39(a),S,,
-3.056,-1.542,8,D,39(a),T,-1.627,6
-2.045,-0.6179,11,D,39(a),V,-0.6449,9
-2.259,-0.7658,12,D,39(a),W,-0.5006,7
-1.843,-0.4987,10,D,39(a),Y,-1.418,2
-0.5756,-0.07852,1,L,40(a),-,,
-0.3929,-0.0488,6,L,40(a),A,-0.1577,3
-1.972,-0.5723,8,L,40(a),C,-0.7141,5
-7.48,-5.854,11,L,40(a),D,-6,10
-5.719,-5.062,12,L,40(a),E,-5.031,7
-0.1471,-0.01616,11,L,40(a),F,-0.07909,6
-1.765,-0.4577,10,L,40(a),G,-0.2338,6
-2.862,-1.319,9,L,40(a),H,-1.484,5
-2.213,-0.7315,9,L,40(a),I,-1.159,4
-1.673,-0.4125,9,L,40(a),K,-0.2113,5
0,0,,L,40(a),L,0,
-1.338,-0.2743,10,L,40(a),M,-0.3355,6
-2.952,-1.419,4,L,40(a),N,-1.573,3
-0.901,-0.1459,15,L,40(a),P,,
-2.492,-0.9545,9,L,40(a),Q,-1.544,5
-3.547,-2.195,10,L,40(a),R,-2.219,4
-3.177,-1.692,9,L,40(a),S,-1.466,7
-1.712,-0.4308,5,L,40(a),T,-0.2797,2
-0.8962,-0.1447,8,L,40(a),V,-0.6908,3
-7.084,-5.763,5,L,40(a),W,-6,3
-10.1,-6.035,8,L,40(a),Y,-6,5
-19.1,-6.049,11,Q,41(a),*,-6,2
-0.2267,-0.0259,1,Q,41(a),-,,
0.5736,0.04495,9,Q,41(a),A,0.3798,6
-1.847,-0.5008,8,Q,41(a),C,-0.7266,4
-2.681,-1.13,8,Q,41(a),D,-0.8913,5
-1.105,-0.1995,11,Q,41(a),E,0.05547,7
-1.675,-0.4131,12,Q,41(a),F,-0.1667,9
-0.5814,-0.07954,11,Q,41(a),G,-0.00995,8
-0.711,-0.1041,16,Q,41(a),H,-0.5791,6
0.4417,0.03672,7,Q,41(a),I,-0.06134,6
-1.44,-0.3124,7,Q,41(a),K,-0.4617,4
-1.023,-0.1769,4,Q,41(a),L,-0.1011,3
-0.9343,-0.1539,2,Q,41(a),M,0.08323,1
-15.68,-6.049,6,Q,41(a),N,-5.828,4
1.757,0.08578,11,Q,41(a),P,0.06789,6
0,0,,Q,41(a),Q,0,
0.1204,0.01162,19,Q,41(a),R,-0.3104,8
-1.2,-0.2283,4,Q,41(a),S,-0.3185,2
-0.6603,-0.09413,7,Q,41(a),T,-0.3519,4
-2.053,-0.6225,7,Q,41(a),V,-0.4217,4
-1.323,-0.2691,9,Q,41(a),W,-0.3089,6
-0.6323,-0.08882,12,Q,41(a),Y,0.04692,8
-3.2,-1.722,1,K,42(a),*,,
-0.1722,-0.01915,2,K,42(a),-,,
-1.659,-0.4059,8,K,42(a),A,-0.4815,3
-2.693,-1.142,8,K,42(a),C,-1.364,7
-2.479,-0.9433,9,K,42(a),D,-1.409,4
-2.54,-0.9967,11,K,42(a),E,-0.7886,7
-1.094,-0.1965,22,K,42(a),F,-0.6409,11
-1.076,-0.1914,8,K,42(a),G,-0.5518,4
0.6324,0.04829,4,K,42(a),H,0.4902,2
-1.117,-0.203,16,K,42(a),I,-0.1833,11
0,0,,K,42(a),K,0,
-1.414,-0.3021,11,K,42(a),L,-0.01998,7
-0.6848,-0.09888,15,K,42(a),M,-0.2433,11
-1.637,-0.3954,14,K,42(a),N,-0.4702,5
-2.628,-1.079,15,K,42(a),P,-1.423,8
-1.348,-0.2781,8,K,42(a),Q,-0.4934,6
0.3114,0.02748,8,K,42(a),R,0.3189,4
-1.268,-0.2503,11,K,42(a),S,-0.8597,4
0.9933,0.06506,10,K,42(a),T,-0.4309,6
-1.28,-0.2541,4,K,42(a),V,-0.2008,4
-1.896,-0.5278,6,K,42(a),W,-0.7725,4
-1.431,-0.3088,10,K,42(a),Y,-0.4031,7
-0.5677,-0.07713,2,S,43(a),-,,
1.1,0.06896,8,S,43(a),A,0.03629,3
-1.993,-0.585,4,S,43(a),C,-0.5958,4
-1.353,-0.2798,7,S,43(a),D,-0.1741,3
-1.767,-0.4587,8,S,43(a),E,-1.35,3
-1.848,-0.5013,11,S,43(a),F,-0.3379,5
0.05402,0.005381,4,S,43(a),G,-0.1789,2
-3.261,-1.8,5,S,43(a),H,-1.918,1
-1.221,-0.235,7,S,43(a),I,0.0704,2
-3.051,-1.536,14,S,43(a),K,-1.596,7
-1.126,-0.2056,7,S,43(a),L,-0.4647,5
-0.6393,-0.09014,5,S,43(a),M,0.0189,3
-7.467,-5.851,11,S,43(a),N,-6,4
-2.232,-0.7453,10,S,43(a),P,-0.6479,8
-1.931,-0.548,4,S,43(a),Q,-0.2082,3
-2.905,-1.366,12,S,43(a),R,-1.63,7
0,0,,S,43(a),S,0,
-0.4675,-0.06032,8,S,43(a),T,-0.07858,6
-0.3133,-0.03737,5,S,43(a),V,0.2729,3
-6.849,-5.692,8,S,43(a),W,-6,7
-0.6773,-0.09742,11,S,43(a),Y,-0.4111,6
-9.774,-6.029,7,E,44(a),*,-6,1
-0.2088,-0.02365,2,E,44(a),-,,
-1.149,-0.2127,16,E,44(a),A,-0.08914,7
-1.626,-0.3906,7,E,44(a),C,-0.8065,4
-0.4282,-0.05414,11,E,44(a),D,-0.04156,6
0,0,,E,44(a),E,0,
0.6396,0.04869,8,E,44(a),F,0.2019,2
-0.9583,-0.16,25,E,44(a),G,-0.4069,13
-0.4454,-0.05682,15,E,44(a),H,-0.07962,8
-0.6204,-0.08662,9,E,44(a),I,0.1274,7
0.03356,0.003376,14,E,44(a),K,-0.3264,2
-2.043,-0.6165,1,E,44(a),L,-0.75,1
0.5158,0.04148,13,E,44(a),M,0.1988,8
-0.9065,-0.1472,6,E,44(a),N,-0.1489,4
-4.049,-2.951,10,E,44(a),P,-3.039,7
-2.008,-0.5942,5,E,44(a),Q,-0.1045,3
0.18,0.01688,8,E,44(a),R,0.0809,4
-1.527,-0.3473,6,E,44(a),S,-0.3374,5
0.1309,0.01257,12,E,44(a),T,0.3098,9
0.1128,0.01093,14,E,44(a),V,-0.1405,7
-0.03965,-0.004132,6,E,44(a),W,-0.1617,4
-0.6527,-0.09267,8,E,44(a),Y,-0.07409,7
-0.9159,-0.1494,3,T,45(a),-,,
-0.5436,-0.07293,14,T,45(a),A,-0.1702,3
-1.548,-0.356,13,T,45(a),C,-0.0002246,9
-0.204,-0.02305,11,T,45(a),D,-0.02172,7
-2.046,-0.6186,8,T,45(a),E,-0.6884,6
-3.39,-1.975,16,T,45(a),F,-2.082,9
-2.247,-0.7565,4,T,45(a),G,-0.5538,3
-3.057,-1.543,4,T,45(a),H,-1.961,2
-0.974,-0.164,9,T,45(a),I,-0.1009,5
-3.001,-1.476,12,T,45(a),K,-1.597,5
-2.178,-0.707,14,T,45(a),L,-1.2,11
-2.127,-0.6718,12,T,45(a),M,-1.016,8
0.6268,0.04798,10,T,45(a),N,-0.04605,8
1.985,0.08948,15,T,45(a),P,-0.07518,12
-3.097,-1.591,6,T,45(a),Q,-1.447,4
-2.856,-1.312,9,T,45(a),R,-1.899,2
-0.2643,-0.03076,8,T,45(a),S,0.7246,4
0,0,,T,45(a),T,0,
-2.477,-0.9417,7,T,45(a),V,-1.173,5
-3.949,-2.796,10,T,45(a),W,-2.741,7
-3.608,-2.284,6,T,45(a),Y,-1.901,5
-1.12,-0.204,3,I,46(a),-,,
-0.2832,-0.03329,7,I,46(a),A,0.09904,5
-0.2243,-0.02559,15,I,46(a),C,0.4161,8
-1.51,-0.3402,20,I,46(a),D,-0.4062,13
1.514,0.0808,4,I,46(a),E,0.577,3
-0.5167,-0.06838,10,I,46(a),F,0.5318,2
-0.06532,-0.006893,7,I,46(a),G,0.4029,5
-0.1112,-0.012,9,I,46(a),H,0.6149,6
0,0,,I,46(a),I,0,
1.71,0.08491,7,I,46(a),K,0.55,5
-0.7063,-0.1031,7,I,46(a),L,-0.2233,4
0.4424,0.03676,10,I,46(a),M,-0.0144,2
0.8029,0.05695,9,I,46(a),N,-0.05325,4
-3.124,-1.625,10,I,46(a),P,-1.222,8
-0.5968,-0.08232,5,I,46(a),Q,0.4605,2
-0.7623,-0.1146,8,I,46(a),R,0.2724,4
0.4539,0.03753,10,I,46(a),S,-0.2817,4
0.04933,0.004924,8,I,46(a),T,-0.278,3
-0.1449,-0.01589,24,I,46(a),V,0.1646,5
-1.443,-0.3133,6,I,46(a),W,0.1694,2
0.4893,0.03982,10,I,46(a),Y,0.1405,6
-8.866,-5.999,13,W,47(a),*,-6,3
-1.015,-0.1746,2,W,47(a),-,,
-1.898,-0.5289,2,W,47(a),A,,
-1.556,-0.3598,7,W,47(a),C,-0.0865,4
-2.632,-1.083,11,W,47(a),D,-0.9081,6
-1.545,-0.3551,6,W,47(a),E,-0.5102,3
0.1078,0.01046,7,W,47(a),F,0.3794,4
-2.206,-0.727,6,W,47(a),G,-1.163,3
-2.231,-0.745,8,W,47(a),H,-0.6607,4
-3.01,-1.487,6,W,47(a),I,-1.835,3
-3.002,-1.477,9,W,47(a),K,-1.595,6
-1.448,-0.3154,12,W,47(a),L,-0.322,6
0.6089,0.04698,12,W,47(a),M,-0.04137,4
-2.346,-0.8325,6,W,47(a),N,-0.5259,5
-0.8588,-0.1359,9,W,47(a),P,-0.2715,5
-1.03,-0.1787,7,W,47(a),Q,-0.2803,4
-2.551,-1.007,8,W,47(a),R,-1.176,3
-1.515,-0.3424,7,W,47(a),S,-0.5403,3
-1.49,-0.3321,4,W,47(a),T,-0.258,2
-1.833,-0.4931,10,W,47(a),V,-0.5266,7
0,0,,W,47(a),W,0,
-0.9548,-0.1591,4,W,47(a),Y,-0.3017,3
-0.4265,-0.05389,2,R,48(a),-,,
-0.06681,-0.007054,5,R,48(a),A,-0.4336,3
-1.136,-0.2088,4,R,48(a),C,-0.3643,4
1.088,0.06856,6,R,48(a),D,0.07357,4
-1.883,-0.5208,6,R,48(a),E,-0.00846,4
-2.175,-0.7046,10,R,48(a),F,-0.8241,6
0.02562,0.002587,7,R,48(a),G,0.2747,4
1.81,0.08671,8,R,48(a),H,0.2801,5
-1.167,-0.218,14,R,48(a),I,-0.02736,11
2.298,0.09337,6,R,48(a),K,1.187,6
-1.396,-0.2953,8,R,48(a),L,0.122,4
-0.6309,-0.08857,11,R,48(a),M,-0.08329,5
0.3808,0.03255,10,R,48(a),N,0.1995,8
-2.733,-1.183,4,R,48(a),P,-0.9814,3
-0.252,-0.02915,15,R,48(a),Q,-0.4718,6
0,0,,R,48(a),R,0,
-1.395,-0.2952,6,R,48(a),S,0.2705,3
-1.427,-0.3073,7,R,48(a),T,-0.1883,7
-1.218,-0.234,6,R,48(a),V,-0.1616,1
-1.018,-0.1754,32,R,48(a),W,0.1709,6
-1.255,-0.246,8,R,48(a),Y,-0.4356,5
-7.518,-5.861,1,L,49(a),*,-6,1
0.06111,0.006065,1,L,49(a),-,,
-2.376,-0.8566,8,L,49(a),A,-0.6636,6
0.896,0.0611,3,L,49(a),C,0.3917,3
-0.05326,-0.005587,9,L,49(a),D,-0.5277,4
-0.06273,-0.00661,8,L,49(a),E,-0.5131,7
-2.722,-1.172,7,L,49(a),F,-1.161,6
-2.962,-1.431,12,L,49(a),G,-1.397,8
-1.098,-0.1977,12,L,49(a),H,-0.0059,6
0.9456,0.06317,9,L,49(a),I,0.2354,6
0.9433,0.06307,5,L,49(a),K,-0.2473,2
0,0,,L,49(a),L,0,
-0.4038,-0.05043,7,L,49(a),M,-0.4186,6
-1.22,-0.2344,13,L,49(a),N,0.08612,8
-3.678,-2.386,8,L,49(a),P,-3.024,3
-0.8502,-0.134,10,L,49(a),Q,-0.3314,5
-1.137,-0.2091,5,L,49(a),R,-0.2064,3
-0.4483,-0.05728,11,L,49(a),S,0.02145,6
-0.754,-0.1129,7,L,49(a),T,-0.3769,4
1.887,0.08799,5,L,49(a),V,0.7438,3
-2.542,-0.9985,13,L,49(a),W,-1.407,8
-2.321,-0.8124,11,L,49(a),Y,-0.8782,8
-2.036,-0.6117,2,P,50(a),-,,
2.305,0.09344,8,P,50(a),A,-0.006056,5
-2.063,-0.6292,6,P,50(a),C,-0.6486,4
-0.5528,-0.07452,15,P,50(a),D,0.1523,10
-1.469,-0.3236,9,P,50(a),E,-0.1112,6
-1.038,-0.1808,5,P,50(a),F,0.07749,4
0.1153,0.01115,12,P,50(a),G,0.2363,7
0.3591,0.031,9,P,50(a),H,0.05328,7
-1.807,-0.4794,10,P,50(a),I,-0.1788,6
-0.6374,-0.08979,9,P,50(a),K,0.5508,2
-1.815,-0.4834,15,P,50(a),L,-0.2601,4
-1.457,-0.3189,11,P,50(a),M,-0.147,8
-0.4257,-0.05376,6,P,50(a),N,-0.0939,6
0,0,,P,50(a),P,0,
-2.429,-0.9002,1,P,50(a),Q,,
-1.531,-0.3489,8,P,50(a),R,-0.3477,4
-1.318,-0.2672,28,P,50(a),S,-0.4395,8
-1.047,-0.1833,9,P,50(a),T,0.309,6
-1.053,-0.1849,10,P,50(a),V,-0.5166,5
-3.015,-1.493,8,P,50(a),W,-1.458,5
0.6411,0.04877,4,P,50(a),Y,0.1244,4
-1.887,-0.5232,3,I,51(a),-,,
-1.064,-0.1879,6,I,51(a),A,-0.2133,4
-1.172,-0.2195,10,I,51(a),C,-0.3118,7
-1.018,-0.1755,3,I,51(a),D,0.3033,1
0.8933,0.06099,8,I,51(a),E,0.09315,4
-1.687,-0.4187,12,I,51(a),F,-0.4183,6
-1.151,-0.2131,14,I,51(a),G,-0.3493,10
0.6748,0.05058,3,I,51(a),H,0.6801,1
0,0,,I,51(a),I,0,
0.04277,0.004282,12,I,51(a),K,0.3541,6
-0.07021,-0.007425,11,I,51(a),L,0.2835,3
1.315,0.07572,11,I,51(a),M,0.104,7
0.9848,0.06473,13,I,51(a),N,0.6724,4
-0.8084,-0.1246,7,I,51(a),P,-0.1879,5
-0.992,-0.1686,9,I,51(a),Q,-0.08761,6
-1.479,-0.3275,10,I,51(a),R,-0.3137,9
-0.1492,-0.0164,14,I,51(a),S,0.2431,7
-0.6073,-0.08421,19,I,51(a),T,0.2276,9
0.2352,0.0215,18,I,51(a),V,0.02599,6
-0.1414,-0.01549,10,I,51(a),W,0.03655,10
1.506,0.08062,6,I,51(a),Y,0.3313,4
-9.367,-6.019,1,F,52(a),*,-6,1
0.4246,0.03557,6,F,52(a),-,,
-2.403,-0.879,7,F,52(a),A,-0.7232,6
-2.621,-1.072,5,F,52(a),C,-1.688,2
0.2711,0.02437,5,F,52(a),D,0.1645,2
-2.493,-0.9551,7,F,52(a),E,-0.6393,2
0,0,,F,52(a),F,0,
-3.203,-1.725,6,F,52(a),G,-1.768,2
-1.207,-0.2304,9,F,52(a),H,-0.3732,4
-1.529,-0.3483,10,F,52(a),I,-0.487,6
-1.004,-0.1717,10,F,52(a),K,-0.3166,8
-2.05,-0.621,15,F,52(a),L,-0.7543,8
0.2473,0.02248,11,F,52(a),M,-0.4888,4
-1.93,-0.5473,5,F,52(a),N,-0.7296,2
-2.758,-1.208,8,F,52(a),P,-1.38,7
-2.373,-0.8541,6,F,52(a),Q,-0.8395,3
-2.028,-0.6071,11,F,52(a),R,-0.8153,7
-1.924,-0.5441,6,F,52(a),S,-0.6618,4
-1.131,-0.2073,7,F,52(a),T,-1.09,1
-2.732,-1.181,8,F,52(a),V,-1.178,6
-1.434,-0.3097,16,F,52(a),W,-0.4146,10
-0.583,-0.07983,18,F,52(a),Y,0.1703,9
-2.422,-0.8942,5,T,53(a),-,,
-1.855,-0.505,14,T,53(a),A,-0.4435,4
-0.3621,-0.04428,11,T,53(a),C,-0.1543,4
-0.3186,-0.03811,14,T,53(a),D,-0.3142,11
-1.722,-0.4359,8,T,53(a),E,-0.0415,4
-2.045,-0.6173,12,T,53(a),F,-0.6379,9
0.9354,0.06275,6,T,53(a),G,-0.09715,2
-1.058,-0.1864,10,T,53(a),H,0.1112,7
-0.651,-0.09236,9,T,53(a),I,-0.2732,3
0.7924,0.05646,9,T,53(a),K,0.5307,5
1.825,0.08697,7,T,53(a),L,0.462,7
0.2032,0.01886,9,T,53(a),M,0.04598,3
-1.015,-0.1746,8,T,53(a),N,-0.3883,4
-0.08606,-0.009173,8,T,53(a),P,-0.836,1
-0.2355,-0.02702,6,T,53(a),Q,-0.09184,5
-0.09627,-0.01031,15,T,53(a),R,0.2727,10
0.8135,0.05745,5,T,53(a),S,0.2696,2
0,0,,T,53(a),T,0,
-0.3484,-0.04231,12,T,53(a),V,0.2213,7
1.326,0.07602,8,T,53(a),W,-0.5558,7
-1.375,-0.2877,3,T,53(a),Y,-0.3174,3
-0.5072,-0.06679,4,T,54(a),-,,
-1.045,-0.1826,24,T,54(a),A,-0.02038,8
-2.018,-0.6008,7,T,54(a),C,-0.3592,3
-0.7299,-0.1079,5,T,54(a),D,-0.09076,4
-1.518,-0.3437,11,T,54(a),E,-0.2542,10
-1.585,-0.372,5,T,54(a),F,-0.0009074,3
-2.131,-0.6742,9,T,54(a),G,-0.6741,7
-1.353,-0.2796,10,T,54(a),H,-0.1765,8
-1.129,-0.2065,16,T,54(a),I,-0.268,7
1.837,0.08717,13,T,54(a),K,0.2589,11
-1.86,-0.5076,11,T,54(a),L,-0.8505,7
0.2993,0.02656,14,T,54(a),M,-0.3417,10
0.04154,0.004162,9,T,54(a),N,0.2256,5
-1.316,-0.2668,12,T,54(a),P,-0.5796,6
-0.2032,-0.02294,11,T,54(a),Q,-0.005864,7
-0.6183,-0.08624,7,T,54(a),R,0.05705,2
0.7928,0.05648,8,T,54(a),S,0.1457,7
0,0,,T,54(a),T,0,
-1.399,-0.2968,8,T,54(a),V,-0.1786,3
-1.965,-0.5682,16,T,54(a),W,-0.5076,12
-1.155,-0.2143,7,T,54(a),Y,-0.6431,4
-1.434,-0.3099,3,F,55(a),-,,
-0.6348,-0.08929,13,F,55(a),A,-0.3826,10
-0.6957,-0.101,11,F,55(a),C,-0.09765,6
-0.9566,-0.1595,7,F,55(a),D,0.1055,3
-1.209,-0.231,5,F,55(a),E,-0.2171,3
0,0,,F,55(a),F,0,
-2.244,-0.7546,14,F,55(a),G,-0.8415,10
3.047,0.09896,11,F,55(a),H,0.5861,7
-0.1486,-0.01634,13,F,55(a),I,0.2172,5
-0.7682,-0.1159,11,F,55(a),K,0.07435,7
-0.5759,-0.07857,16,F,55(a),L,-0.3491,7
-0.4749,-0.0615,5,F,55(a),M,-0.1436,3
0.03392,0.00341,5,F,55(a),N,-0.01984,5
-3.073,-1.562,3,F,55(a),P,-2.598,1
-1.035,-0.1801,12,F,55(a),Q,-0.2109,10
-0.8843,-0.1419,7,F,55(a),R,0.04071,5
-0.404,-0.05046,14,F,55(a),S,0.00176,6
-1.633,-0.3937,4,F,55(a),T,0.158,2
-0.6135,-0.08534,12,F,55(a),V,-0.2868,7
-1.479,-0.3278,8,F,55(a),W,-0.2622,6
-1.442,-0.3132,8,F,55(a),Y,0.3748,5
-1.003,-0.1716,3,T,56(a),-,,
-0.04635,-0.004846,18,T,56(a),A,-0.09724,9
0.05749,0.005717,5,T,56(a),C,-0.1174,2
-2.584,-1.037,8,T,56(a),D,-1.08,5
-2.815,-1.268,4,T,56(a),E,-1.137,3
-0.1942,-0.02183,7,T,56(a),F,-0.8142,1
-0.6513,-0.09242,12,T,56(a),G,-0.672,8
-2.507,-0.9674,1,T,56(a),H,-2.169,1
-0.5827,-0.07978,15,T,56(a),I,-0.5573,6
-3.287,-1.835,5,T,56(a),K,-1.865,2
-0.06096,-0.006419,13,T,56(a),L,-0.2653,5
-2.747,-1.196,5,T,56(a),M,-0.5561,3
-1.652,-0.4022,7,T,56(a),N,-0.5114,5
-1.251,-0.2447,16,T,56(a),P,-0.8229,4
-2.587,-1.04,11,T,56(a),Q,-1.109,6
-3.315,-1.872,8,T,56(a),R,-1.733,5
-0.2439,-0.02811,10,T,56(a),S,-0.2285,1
0,0,,T,56(a),T,0,
-0.6581,-0.09371,16,T,56(a),V,-0.5012,11
-2.239,-0.7505,8,T,56(a),W,-0.9668,6
-2.471,-0.9362,8,T,56(a),Y,-1.2,5
-1.213,-0.2324,3,S,57(a),-,,
-0.6088,-0.08449,6,S,57(a),A,-0.1941,5
-2.193,-0.717,12,S,57(a),C,-0.6644,8
-0.6045,-0.0837,7,S,57(a),D,-0.1092,6
0.9038,0.06144,6,S,57(a),E,0.5119,4
-1.362,-0.2829,20,S,57(a),F,-0.4369,12
-1.626,-0.3906,8,S,57(a),G,-0.6179,2
1.02,0.06608,7,S,57(a),H,0.306,4
-1.096,-0.1971,10,S,57(a),I,-0.05375,6
-0.9729,-0.1637,7,S,57(a),K,0.2494,3
2.051,0.0904,6,S,57(a),L,-0.09475,4
-0.3654,-0.04475,10,S,57(a),M,0.3118,4
-1.079,-0.1921,16,S,57(a),N,-0.6463,6
-3.048,-1.532,3,S,57(a),P,-1.705,2
-0.1671,-0.01853,13,S,57(a),Q,-0.4296,8
-0.5608,-0.07591,20,S,57(a),R,0.0591,4
0,0,,S,57(a),S,0,
0.4809,0.03928,7,S,57(a),T,-0.01251,4
-1.521,-0.345,10,S,57(a),V,-0.4244,9
-0.806,-0.124,8,S,57(a),W,0.1106,4
-1.22,-0.2346,3,S,57(a),Y,0.527,1
-1.513,-0.3416,3,F,58(a),-,,
-3.34,-1.905,9,F,58(a),A,-1.797,6
-3.074,-1.564,6,F,58(a),C,-1.448,2
-3.596,-2.267,12,F,58(a),D,-2.512,7
-3.859,-2.659,8,F,58(a),E,-2.367,4
0,0,,F,58(a),F,0,
-2.077,-0.6384,4,F,58(a),G,-0.8408,1
-3.142,-1.647,11,F,58(a),H,-1.813,7
-1.853,-0.5038,11,F,58(a),I,-1.483,3
-4.103,-3.033,11,F,58(a),K,-2.773,3
-3.045,-1.528,13,F,58(a),L,-1.126,9
-2.175,-0.7049,8,F,58(a),M,-0.7548,5
-3.345,-1.912,8,F,58(a),N,-1.895,5
-3.596,-2.266,8,F,58(a),P,-2.293,5
-3.723,-2.454,10,F,58(a),Q,-2.423,7
-4.572,-3.739,5,F,58(a),R,-3.625,2
-3.277,-1.821,12,F,58(a),S,-2.088,6
-3.068,-1.556,7,F,58(a),T,-1.829,4
-2.969,-1.439,18,F,58(a),V,-1.448,16
-2.087,-0.6445,6,F,58(a),W,-1.077,3
-0.9504,-0.158,6,F,58(a),Y,-0.8171,2
-5.57,-4.933,3,E,59(a),*,,
-1.302,-0.2619,3,E,59(a),-,,
-1.646,-0.3995,10,E,59(a),A,-0.6039,6
-1.945,-0.5566,8,E,59(a),C,-1.294,4
0.0318,0.003201,18,E,59(a),D,0.343,6
0,0,,E,59(a),E,0,
-1.262,-0.2481,14,E,59(a),F,-0.4002,8
-1.026,-0.1775,15,E,59(a),G,-0.00855,6
-0.6684,-0.09569,6,E,59(a),H,-0.4156,4
-2.008,-0.5942,10,E,59(a),I,-0.6599,8
-1.702,-0.4263,27,E,59(a),K,-1.111,8
-1.558,-0.3606,9,E,59(a),L,-0.8566,3
-1.929,-0.5468,13,E,59(a),M,-0.5355,10
-1.693,-0.422,13,E,59(a),N,-0.4363,9
-1.097,-0.1974,4,E,59(a),P,-1.968,1
-1.434,-0.31,7,E,59(a),Q,-0.1042,4
-2.374,-0.855,5,E,59(a),R,-1.134,2
-1.675,-0.413,12,E,59(a),S,-0.4127,6
-2.539,-0.9963,14,E,59(a),T,-0.9776,8
-1.645,-0.3992,13,E,59(a),V,-0.6236,10
-2.683,-1.132,8,E,59(a),W,-1.034,5
-2.589,-1.042,10,E,59(a),Y,-0.9689,8
-1.353,-0.2798,3,A,60(a),-,,
0,0,,A,60(a),A,0,
1.098,0.06889,8,A,60(a),C,0.4409,4
1.961,0.08913,7,A,60(a),D,0.2355,4
-0.8145,-0.1259,10,A,60(a),E,-0.04107,8
-2.674,-1.123,10,A,60(a),F,-1.124,7
-1.048,-0.1835,15,A,60(a),G,-0.1626,13
-1.168,-0.2183,14,A,60(a),H,-0.6463,11
-1.032,-0.1792,15,A,60(a),I,-0.0876,12
-0.7968,-0.122,5,A,60(a),K,-0.943,3
0.9929,0.06504,1,A,60(a),L,0.5382,1
-0.4496,-0.05749,8,A,60(a),M,-0.1944,5
0.1811,0.01698,17,A,60(a),N,-0.1147,11
-0.4316,-0.05467,5,A,60(a),P,-0.04995,2
0.43,0.03593,12,A,60(a),Q,-0.2329,7
-0.4928,-0.06441,8,A,60(a),R,-0.4935,5
0.01736,0.001759,10,A,60(a),S,-1.029,1
0.5447,0.04324,20,A,60(a),T,0.02896,5
-0.8488,-0.1336,8,A,60(a),V,0.3887,2
-0.8619,-0.1367,9,A,60(a),W,0.284,3
-2.405,-0.8804,9,A,60(a),Y,-0.9099,7
-7.624,-5.879,9,Q,61(a),*,-6,1
-0.2541,-0.02943,2,Q,61(a),-,,
-0.6595,-0.09398,12,Q,61(a),A,-0.6254,7
-3.411,-2.003,12,Q,61(a),C,-2.115,6
-1.626,-0.3906,15,Q,61(a),D,-1.184,7
-2.706,-1.155,7,Q,61(a),E,-1.344,5
-0.4161,-0.0523,11,Q,61(a),F,-0.1527,6
-0.3649,-0.04468,9,Q,61(a),G,-0.175,8
0.5622,0.04428,14,Q,61(a),H,0.2753,6
1.481,0.08002,9,Q,61(a),I,-0.1396,5
-4.052,-2.954,11,Q,61(a),K,-2.894,10
-0.6997,-0.1018,11,Q,61(a),L,-0.1937,4
-0.5229,-0.06942,10,Q,61(a),M,0.07384,7
-2.036,-0.6116,11,Q,61(a),N,-0.6434,9
-1.088,-0.1946,19,Q,61(a),P,-0.3071,9
0,0,,Q,61(a),Q,0,
-3.801,-2.572,26,Q,61(a),R,-2.841,6
-0.3553,-0.04329,7,Q,61(a),S,0.03681,3
-1.62,-0.3876,11,Q,61(a),T,-0.3662,7
-0.2018,-0.02277,7,Q,61(a),V,0.2718,3
-1.185,-0.2236,9,Q,61(a),W,-0.802,6
-2.082,-0.6417,7,Q,61(a),Y,-0.6366,7
-2.215,-0.7335,3,G,62(a),-,,
-0.02731,-0.002829,3,G,62(a),A,-0.07501,3
-0.6807,-0.09807,19,G,62(a),C,0.4512,10
0.02742,0.002766,14,G,62(a),D,0.06172,5
2.335,0.09376,7,G,62(a),E,0.383,5
1.733,0.08534,7,G,62(a),F,-0.3018,4
0,0,,G,62(a),G,0,
0.08195,0.008054,14,G,62(a),H,0.4801,8
1.516,0.08084,8,G,62(a),I,-0.09851,4
-1.553,-0.3581,10,G,62(a),K,-0.551,7
0.2542,0.02303,11,G,62(a),L,-0.1265,4
-0.5526,-0.07448,10,G,62(a),M,0.1529,3
0.09661,0.009429,9,G,62(a),N,-0.07534,4
0.3722,0.03194,12,G,62(a),P,0.1061,9
1.055,0.06739,15,G,62(a),Q,0.3747,10
0.04679,0.004676,4,G,62(a),R,0.02861,3
1.062,0.06762,11,G,62(a),S,0.5857,4
0.6068,0.04686,11,G,62(a),T,0.3785,7
0.3293,0.02882,16,G,62(a),V,0.1479,7
-0.7912,-0.1208,14,G,62(a),W,0.016,9
-0.2127,-0.02414,8,G,62(a),Y,-0.1014,4
-0.04495,-0.004696,2,A,63(a),-,,
0,0,,A,63(a),A,0,
2.418,0.09457,10,A,63(a),C,0.5579,6
-4.436,-3.539,15,A,63(a),D,-3.687,13
-3.422,-2.018,13,A,63(a),E,-2.019,8
-3.869,-2.675,15,A,63(a),F,-2.929,8
1.688,0.08448,11,A,63(a),G,-0.3386,8
-3.623,-2.306,4,A,63(a),H,-1.907,2
0.2345,0.02144,7,A,63(a),I,0.5785,6
-6.309,-5.46,8,A,63(a),K,-4.611,4
-3.386,-1.969,6,A,63(a),L,-1.994,4
-1.912,-0.5374,7,A,63(a),M,-0.4569,5
-3.026,-1.506,9,A,63(a),N,-1.601,6
-0.9064,-0.1472,7,A,63(a),P,-0.1602,5
-2.807,-1.259,11,A,63(a),Q,-1.494,6
-4.613,-3.797,9,A,63(a),R,-4.024,6
-0.2131,-0.02419,10,A,63(a),S,0.3821,2
-0.2079,-0.02353,14,A,63(a),T,0.2396,7
-0.2777,-0.03254,14,A,63(a),V,-0.04745,2
-3.795,-2.562,7,A,63(a),W,-2.885,4
-3.916,-2.747,3,A,63(a),Y,-2.586,3
-1.668,-0.41,2,L,64(a),-,,
-2.51,-0.9704,9,L,64(a),A,-0.738,5
-4.058,-2.964,11,L,64(a),C,-2.931,7
-6.987,-5.735,5,L,64(a),D,-6,4
-3.121,-1.621,9,L,64(a),E,-1.439,5
-1.182,-0.2225,10,L,64(a),F,-0.2659,7
-6.938,-5.72,5,L,64(a),G,-6,2
-2.055,-0.6239,6,L,64(a),H,-0.5762,3
-1.977,-0.5755,12,L,64(a),I,-0.882,9
-9.175,-6.012,12,L,64(a),K,-6,8
0,0,,L,64(a),L,0,
-0.2172,-0.02469,10,L,64(a),M,-0.4946,4
-2.47,-0.9351,7,L,64(a),N,-0.538,7
-3.807,-2.58,19,L,64(a),P,-2.983,5
-1.962,-0.5663,15,L,64(a),Q,-0.8802,8
-7.986,-5.93,15,L,64(a),R,-6,8
-5.466,-4.834,13,L,64(a),S,-5.084,10
-3.559,-2.213,10,L,64(a),T,-2.004,7
-2.595,-1.047,11,L,64(a),V,-0.8124,6
-7.668,-5.886,8,L,64(a),W,-6,2
-1.909,-0.5354,6,L,64(a),Y,-0.09985,3
-7.526,-5.862,11,Q,65(a),*,-6,1
-1.648,-0.4005,5,Q,65(a),-,,
0.02433,0.002458,16,Q,65(a),A,-0.0059,8
-2.073,-0.6353,10,Q,65(a),C,-0.98,2
-2.744,-1.194,12,Q,65(a),D,-0.8735,7
-1.686,-0.4187,7,Q,65(a),E,-0.06099,5
0.6091,0.04699,11,Q,65(a),F,-0.2167,6
-1.026,-0.1776,6,Q,65(a),G,-0.2631,5
-0.5708,-0.07767,12,Q,65(a),H,-0.2396,3
-0.2422,-0.02789,12,Q,65(a),I,0.06685,8
-1.325,-0.2698,11,Q,65(a),K,-0.2466,4
-0.3201,-0.03831,13,Q,65(a),L,0.1553,6
0.7835,0.05604,8,Q,65(a),M,0.0822,8
-2.988,-1.461,4,Q,65(a),N,-1.72,3
1.272,0.07446,14,Q,65(a),P,-0.3216,7
0,0,,Q,65(a),Q,0,
-0.07773,-0.008251,11,Q,65(a),R,-0.05031,5
0.2902,0.02585,6,Q,65(a),S,-0.4536,4
-0.6943,-0.1008,6,Q,65(a),T,-0.8531,3
-0.6697,-0.09593,10,Q,65(a),V,-0.09462,5
0.05223,0.005207,3,Q,65(a),W,-0.04415,2
0.1342,0.01286,5,Q,65(a),Y,-0.2465,2
-2.569,-1.024,6,N,66(a),-,,
-2.682,-1.131,13,N,66(a),A,-1.227,8
-2.594,-1.047,20,N,66(a),C,-1.092,15
-2.773,-1.223,11,N,66(a),D,-1.094,4
-2.425,-0.8966,13,N,66(a),E,-1.071,8
-3.333,-1.897,12,N,66(a),F,-2.282,9
-3.015,-1.493,9,N,66(a),G,-1.601,6
-2.907,-1.368,13,N,66(a),H,-1.942,5
-3.134,-1.638,10,N,66(a),I,-1.315,5
-2.321,-0.8128,11,N,66(a),K,-0.9985,9
-3.422,-2.018,5,N,66(a),L,-2.599,2
-2.92,-1.383,12,N,66(a),M,-1.541,10
0,0,,N,66(a),N,0,
-2.807,-1.26,10,N,66(a),P,-1.36,5
-2.684,-1.134,7,N,66(a),Q,-1.079,4
-2.906,-1.367,11,N,66(a),R,-1.43,7
-1.488,-0.3314,15,N,66(a),S,-1.883,3
-3.055,-1.54,16,N,66(a),T,-1.33,11
-3.123,-1.623,8,N,66(a),V,-1.404,3
-3.822,-2.603,7,N,66(a),W,-2.722,5
-3.372,-1.949,9,N,66(a),Y,-1.699,2
-2.919,-1.382,6,I,67(a),-,,
-0.6323,-0.08883,11,I,67(a),A,-0.0599,4
-0.5625,-0.07621,7,I,67(a),C,-0.1814,6
-2.318,-0.8105,6,I,67(a),D,-0.6717,5
-2.182,-0.7098,4,I,67(a),E,-0.763,3
-3.725,-2.457,13,I,67(a),F,-2.191,7
-1.903,-0.5318,4,I,67(a),G,-0.5433,1
-2.919,-1.382,11,I,67(a),H,-1.31,8
0,0,,I,67(a),I,0,
-7.028,-5.747,5,I,67(a),K,-6,4
-0.4903,-0.06401,10,I,67(a),L,-0.2941,3
-1.765,-0.4573,8,I,67(a),M,0.06836,3
-1.98,-0.5775,13,I,67(a),N,-0.5645,11
-2.022,-0.6029,8,I,67(a),P,-0.7373,6
0.8475,0.05899,16,I,67(a),Q,0.2532,12
-7.613,-5.877,8,I,67(a),R,-6,6
-1.453,-0.3171,7,I,67(a),S,-0.6859,4
-1.867,-0.5118,12,I,67(a),T,-0.8014,8
-0.1972,-0.0222,15,I,67(a),V,0.2432,6
-7.65,-5.883,8,I,67(a),W,-6,4
-7.253,-5.806,4,I,67(a),Y,-6,2
-1.211,-0.2318,5,A,68(a),-,,
0,0,,A,68(a),A,0,
-2.757,-1.207,11,A,68(a),C,-1.415,5
-1.163,-0.2166,8,A,68(a),D,-0.5107,3
-0.8039,-0.1236,8,A,68(a),E,-0.06248,3
-1.637,-0.3954,8,A,68(a),F,-0.5384,6
-1.759,-0.4543,9,A,68(a),G,-1.014,5
-0.9439,-0.1563,4,A,68(a),H,-0.5274,3
-2.36,-0.8435,4,A,68(a),I,-1.268,3
-3.486,-2.108,2,A,68(a),K,-2.553,1
-2.535,-0.9928,5,A,68(a),L,-1.492,4
-1.349,-0.2782,7,A,68(a),M,-0.4434,6
-0.977,-0.1647,7,A,68(a),N,-0.1544,6
0.9174,0.06201,6,A,68(a),P,0.2879,3
-0.7081,-0.1035,11,A,68(a),Q,-0.3147,7
-0.8367,-0.1309,5,A,68(a),R,-1.274,2
-12.84,-6.048,7,A,68(a),S,-5.877,6
-5.399,-4.768,22,A,68(a),T,-4.268,14
-0.2162,-0.02457,22,A,68(a),V,-0.1693,2
-2.3,-0.7965,8,A,68(a),W,-0.9338,6
-2.495,-0.957,4,A,68(a),Y,-0.9184,3
-1.108,-0.2004,5,V,69(a),-,,
-1.855,-0.5051,12,V,69(a),A,-1.167,5
-1.67,-0.4107,12,V,69(a),C,-0.3546,6
-0.2518,-0.02914,7,V,69(a),D,-0.8764,1
-1.711,-0.4305,11,V,69(a),E,-0.322,4
-2.041,-0.615,7,V,69(a),F,-0.6159,5
-1.779,-0.4648,16,V,69(a),G,-0.6897,9
-2.554,-1.01,7,V,69(a),H,-1.367,4
1.549,0.08158,6,V,69(a),I,0.1345,5
-0.8102,-0.125,6,V,69(a),K,-1.334,2
-1.388,-0.2927,17,V,69(a),L,-0.2188,8
-0.4605,-0.05921,24,V,69(a),M,-0.2102,10
-2.725,-1.175,14,V,69(a),N,-0.8401,10
-4.129,-3.073,6,V,69(a),P,-3.195,5
1.612,0.08295,7,V,69(a),Q,0.3351,7
-1.43,-0.3084,14,V,69(a),R,-0.8645,7
-1.219,-0.2342,8,V,69(a),S,-0.4131,5
-0.1683,-0.01868,9,V,69(a),T,0.2389,3
0,0,,V,69(a),V,0,
-1.745,-0.4476,8,V,69(a),W,-0.529,5
-2.432,-0.9025,10,V,69(a),Y,-0.7943,8
-0.4932,-0.06448,3,D,70(a),-,,
-2.405,-0.8807,11,D,70(a),A,-0.7238,8
-2.215,-0.733,3,D,70(a),C,-0.8607,3
0,0,,D,70(a),D,0,
-1.291,-0.2579,11,D,70(a),E,-0.1665,9
-4.32,-3.365,12,D,70(a),F,-3.617,11
-2.176,-0.7051,10,D,70(a),G,-0.8797,7
-1.863,-0.5096,12,D,70(a),H,-0.717,4
-2.7,-1.149,11,D,70(a),I,-1.157,8
-3.805,-2.577,12,D,70(a),K,-2.878,6
-2.451,-0.9189,12,D,70(a),L,-0.8183,9
-2.815,-1.268,10,D,70(a),M,-1.454,7
-0.9747,-0.1641,37,D,70(a),N,-0.3586,13
-4.219,-3.212,15,D,70(a),P,-3.431,8
-1.977,-0.5753,13,D,70(a),Q,-0.9111,9
-3.619,-2.3,8,D,70(a),R,-2.325,4
-2.666,-1.116,6,D,70(a),S,-1.43,5
-2.045,-0.6174,8,D,70(a),T,-0.8709,6
-2.218,-0.7355,13,D,70(a),V,-0.9005,8
-4.948,-4.251,14,D,70(a),W,-4.388,8
-3.831,-2.616,11,D,70(a),Y,-2.622,6
-0.9869,-0.1673,4,K,71(a),-,,
-1.143,-0.2109,5,K,71(a),A,-0.7877,3
0.1036,0.01008,12,K,71(a),C,0.1362,7
-2.353,-0.8383,12,K,71(a),D,-0.8359,8
-0.641,-0.09046,11,K,71(a),E,0.06759,7
-0.5731,-0.07807,10,K,71(a),F,-0.6031,6
-2.218,-0.7354,4,K,71(a),G,-0.4515,3
-1.02,-0.1759,6,K,71(a),H,-0.2656,6
-2.232,-0.7453,10,K,71(a),I,-0.7816,8
0,0,,K,71(a),K,0,
-1.44,-0.3121,6,K,71(a),L,-0.7482,4
-0.8252,-0.1283,12,K,71(a),M,0.1231,7
-1.871,-0.514,15,K,71(a),N,-0.6865,6
-4.321,-3.367,10,K,71(a),P,-3.243,8
-1.002,-0.1712,11,K,71(a),Q,0.09096,8
-0.4109,-0.05151,7,K,71(a),R,0.2191,5
-0.7128,-0.1044,10,K,71(a),S,0.02964,8
-1.603,-0.3801,11,K,71(a),T,-0.1694,2
0.622,0.04772,8,K,71(a),V,0.1434,6
-1.846,-0.5,12,K,71(a),W,-0.4622,7
-1.629,-0.3916,9,K,71(a),Y,-0.805,3
-11.14,-6.044,25,Q,72(a),*,-6,5
-2.887,-1.346,2,Q,72(a),-,,
-1.264,-0.249,17,Q,72(a),A,0.1228,11
-1.562,-0.362,9,Q,72(a),C,0.1355,7
3.527,0.1009,6,Q,72(a),D,0.4753,3
0.1766,0.01659,10,Q,72(a),E,-0.1388,6
-1.154,-0.2139,10,Q,72(a),F,-0.2774,7
0.1585,0.01502,6,Q,72(a),G,-0.22,4
-0.28,-0.03285,19,Q,72(a),H,-0.5571,5
-0.9265,-0.152,7,Q,72(a),I,0.05549,6
0.0632,0.006266,9,Q,72(a),K,-0.2288,6
-0.1083,-0.01167,13,Q,72(a),L,0.02066,8
3.357,0.1003,8,Q,72(a),M,0.1229,7
2.218,0.09249,6,Q,72(a),N,0.5746,3
-2.861,-1.318,8,Q,72(a),P,,
0,0,,Q,72(a),Q,0,
-1.58,-0.3701,8,Q,72(a),R,0.08561,5
0.2449,0.02228,8,Q,72(a),S,0.3903,5
1.462,0.07957,5,Q,72(a),T,0.1641,4
-0.4705,-0.0608,5,Q,72(a),V,0.1585,4
-1.946,-0.5569,9,Q,72(a),W,-1.065,7
-0.8867,-0.1425,8,Q,72(a),Y,0.1793,5
-2.353,-0.8383,2,N,73(a),-,,
-2.082,-0.6415,14,N,73(a),A,-0.8014,10
-2.889,-1.348,12,N,73(a),C,-1.087,8
-3.52,-2.156,9,N,73(a),D,-1.643,4
-3.974,-2.835,8,N,73(a),E,-2.8,6
-2.397,-0.874,16,N,73(a),F,-1.019,11
-2.287,-0.7865,8,N,73(a),G,-1.386,5
-2.186,-0.7123,17,N,73(a),H,-1.252,8
-1.316,-0.2665,12,N,73(a),I,-1.068,1
-2.715,-1.164,10,N,73(a),K,-1.2,6
-1.911,-0.5364,10,N,73(a),L,-0.7996,8
-2.918,-1.381,7,N,73(a),M,-1.057,3
0,0,,N,73(a),N,0,
-7.071,-5.76,10,N,73(a),P,-6,8
-2.855,-1.311,11,N,73(a),Q,-1.441,7
-2.377,-0.8574,7,N,73(a),R,-0.6104,5
-2.466,-0.9314,14,N,73(a),S,-1.333,6
-2.672,-1.122,9,N,73(a),T,-1.211,6
-3.148,-1.655,9,N,73(a),V,-1.617,5
-2.912,-1.374,3,N,73(a),W,-1.243,3
-2.191,-0.7159,12,N,73(a),Y,-1.028,3
-0.6766,-0.09727,1,M,74(a),-,,
-1.231,-0.2381,4,M,74(a),A,-0.5606,1
-1.188,-0.2243,9,M,74(a),C,-0.3397,6
-3.163,-1.674,10,M,74(a),D,-1.762,6
-3.154,-1.662,6,M,74(a),E,-1.747,6
-0.3862,-0.0478,5,M,74(a),F,-0.4642,4
-2.606,-1.058,11,M,74(a),G,-0.7892,9
-2.153,-0.6896,6,M,74(a),H,-0.6793,5
-0.8681,-0.1381,43,M,74(a),I,0.03397,14
-3.105,-1.602,8,M,74(a),K,-1.887,5
-1.116,-0.2027,16,M,74(a),L,-0.5855,7
0,0,,M,74(a),M,0,
-1.586,-0.3727,9,M,74(a),N,-0.5191,4
-7.032,-5.748,6,M,74(a),P,-6,4
7.372,0.1039,4,M,74(a),Q,-0.9267,2
-3.199,-1.72,8,M,74(a),R,-1.96,3
1.152,0.07072,2,M,74(a),S,0.4653,2
-1.242,-0.2416,12,M,74(a),T,0.05527,5
-1.318,-0.2674,12,M,74(a),V,-0.2696,5
-2.215,-0.733,6,M,74(a),W,-0.982,4
-2.165,-0.6979,7,M,74(a),Y,-0.9318,4
-6.704,-5.639,3,E,75(a),*,,
-3.796,-2.564,2,E,75(a),-,,
-0.403,-0.05032,10,E,75(a),A,0.1725,4
1.196,0.07216,7,E,75(a),C,-0.2519,4
1.178,0.0716,15,E,75(a),D,-0.251,5
0,0,,E,75(a),E,0,
-1.863,-0.5097,14,E,75(a),F,-0.4316,10
-1.168,-0.2182,10,E,75(a),G,-0.1447,7
1.304,0.07541,9,E,75(a),H,0.1394,5
-0.7675,-0.1157,6,E,75(a),I,-0.04434,1
-1.037,-0.1807,68,E,75(a),K,-0.1343,15
0.7775,0.05575,10,E,75(a),L,0.07438,8
-1.231,-0.2381,8,E,75(a),M,-0.2242,5
-0.6214,-0.0868,12,E,75(a),N,0.1633,5
-2.802,-1.255,13,E,75(a),P,-1.302,9
-1.52,-0.3443,8,E,75(a),Q,0.1317,4
-1.12,-0.2041,6,E,75(a),R,-0.1696,5
-5.797,-5.126,8,E,75(a),S,-5.743,5
-7.507,-5.859,7,E,75(a),T,-6,3
-0.6813,-0.0982,13,E,75(a),V,-0.05647,9
-0.7052,-0.1029,10,E,75(a),W,0.109,4
-2.232,-0.7456,7,E,75(a),Y,-0.7279,6
-3.463,-2.076,4,I,76(a),-,,
-0.4091,-0.05123,4,I,76(a),A,-0.3211,3
-1.358,-0.2815,7,I,76(a),C,-0.168,5
-2.268,-0.7724,5,I,76(a),D,-1.134,1
-0.8298,-0.1293,11,I,76(a),E,-0.2894,7
-2.497,-0.9584,11,I,76(a),F,-1.169,5
-2.25,-0.7589,14,I,76(a),G,-0.4392,8
-2.11,-0.6602,8,I,76(a),H,-0.2637,4
0,0,,I,76(a),I,0,
-1.088,-0.1947,8,I,76(a),K,-0.4107,4
1.322,0.0759,8,I,76(a),L,0.5918,3
-3.241,-1.774,2,I,76(a),M,,
-2.362,-0.845,9,I,76(a),N,-1.047,6
-3.554,-2.206,10,I,76(a),P,-2.209,5
-1.001,-0.1709,3,I,76(a),Q,0.01655,1
-2.579,-1.033,9,I,76(a),R,-0.8368,6
-2.642,-1.092,11,I,76(a),S,-1.197,5
1.285,0.07486,10,I,76(a),T,-0.03335,8
-0.5729,-0.07804,9,I,76(a),V,-0.1532,8
-2.524,-0.9829,11,I,76(a),W,-0.9226,8
-1.349,-0.2784,8,I,76(a),Y,-0.9977,4
-3.037,-1.52,4,M,77(a),-,,
-0.7575,-0.1136,9,M,77(a),A,-0.5113,7
-1.313,-0.2655,7,M,77(a),C,-0.336,4
-2.629,-1.08,3,M,77(a),D,-1.419,2
-3.353,-1.923,10,M,77(a),E,-1.772,4
-2.263,-0.7684,9,M,77(a),F,-0.5801,5
-2.592,-1.045,5,M,77(a),G,-1.224,3
-2.125,-0.6699,13,M,77(a),H,-0.6582,9
-1.485,-0.3299,70,M,77(a),I,-0.5948,13
-1.952,-0.5607,7,M,77(a),K,-0.8177,3
-1.647,-0.4001,18,M,77(a),L,-0.7175,8
0,0,,M,77(a),M,0,
-2.384,-0.863,13,M,77(a),N,-0.9546,7
-5.593,-4.953,7,M,77(a),P,-4.648,1
-0.5,-0.0656,7,M,77(a),Q,-1.386,2
-2.665,-1.115,5,M,77(a),R,-0.9593,4
-1.275,-0.2525,8,M,77(a),S,-0.5197,5
-2.146,-0.6845,9,M,77(a),T,-0.9588,5
-1.114,-0.2022,13,M,77(a),V,-0.6338,4
-3.224,-1.753,4,M,77(a),W,-1.825,2
-2.484,-0.9473,10,M,77(a),Y,-0.7064,3
-2.665,-1.115,4,M,78(a),-,,
-0.08701,-0.009278,8,M,78(a),A,0.0616,6
-0.3654,-0.04476,6,M,78(a),C,-0.3724,5
-2.487,-0.9501,12,M,78(a),D,-1.099,5
-1.516,-0.3428,7,M,78(a),E,-0.3799,3
1.012,0.06579,7,M,78(a),F,-0.0176,4
1.016,0.06591,4,M,78(a),G,0.06091,3
-1.928,-0.5462,8,M,78(a),H,-0.1593,2
-0.4192,-0.05277,212,M,78(a),I,-0.01492,30
-1.663,-0.4077,5,M,78(a),K,-0.3089,4
-0.5707,-0.07765,14,M,78(a),L,0.1676,7
0,0,,M,78(a),M,0,
-0.8078,-0.1244,6,M,78(a),N,-0.2301,5
-5.091,-4.427,7,M,78(a),P,-4.18,4
-0.5084,-0.06698,7,M,78(a),Q,0.7727,5
1.082,0.06834,6,M,78(a),R,-0.01576,3
0.3392,0.02955,10,M,78(a),S,0.351,8
-0.8736,-0.1394,18,M,78(a),T,-0.1949,10
-1.184,-0.2233,15,M,78(a),V,-0.0708,11
-2.431,-0.902,5,M,78(a),W,-0.6621,4
-1.429,-0.3079,8,M,78(a),Y,-0.3506,4
-16.97,-6.049,2,K,79(a),*,,
-2.104,-0.6563,4,K,79(a),-,,
-0.1552,-0.01712,15,K,79(a),A,-0.04259,7
-1.357,-0.2812,15,K,79(a),C,-0.08045,10
-0.6891,-0.09972,17,K,79(a),D,-0.2651,12
-1.511,-0.3405,13,K,79(a),E,-0.4989,9
-0.01767,-0.001822,12,K,79(a),F,-0.1904,3
-2.002,-0.5907,5,K,79(a),G,-0.5227,4
0.7053,0.05217,9,K,79(a),H,0.3625,6
-0.5912,-0.08129,8,K,79(a),I,-0.8037,2
0,0,,K,79(a),K,0,
-0.4313,-0.05463,12,K,79(a),L,-0.3242,5
-2.113,-0.6619,5,K,79(a),M,-0.5093,1
-0.3677,-0.04509,14,K,79(a),N,0.4255,4
-2.824,-1.278,16,K,79(a),P,-1.398,8
1.131,0.07005,8,K,79(a),Q,-0.4515,6
0.8332,0.05835,11,K,79(a),R,0.07946,3
-1.143,-0.2106,9,K,79(a),S,-0.1166,7
-1.075,-0.1912,12,K,79(a),T,-0.2469,7
0.156,0.0148,15,K,79(a),V,-0.4065,6
-0.06756,-0.007136,7,K,79(a),W,-0.2737,5
0.8972,0.06116,7,K,79(a),Y,-0.2013,4
-11.98,-6.047,4,R,80(a),*,-6,1
-0.7264,-0.1072,3,R,80(a),-,,
-3.413,-2.005,13,R,80(a),A,-2.055,9
-3.416,-2.01,12,R,80(a),C,-2.332,5
-3.937,-2.778,14,R,80(a),D,-2.58,10
-3.848,-2.642,13,R,80(a),E,-2.539,6
-3.427,-2.025,9,R,80(a),F,-1.586,4
-4.032,-2.924,21,R,80(a),G,-2.78,10
-3.151,-1.658,7,R,80(a),H,-1.553,5
-3.36,-1.933,22,R,80(a),I,-1.891,10
-2.336,-0.8248,50,R,80(a),K,-0.9268,13
-2.993,-1.467,9,R,80(a),L,-1.303,8
-3.413,-2.006,9,R,80(a),M,-2.294,4
-3.177,-1.691,5,R,80(a),N,-1.842,3
-5.564,-4.927,14,R,80(a),P,-4.731,6
-3.265,-1.806,6,R,80(a),Q,-1.709,5
0,0,,R,80(a),R,0,
-3.46,-2.071,12,R,80(a),S,-2.148,8
-3.551,-2.201,8,R,80(a),T,-2.405,4
-3.068,-1.557,8,R,80(a),V,-1.77,5
-3.422,-2.018,10,R,80(a),W,-2.265,4
-3.421,-2.017,4,R,80(a),Y,-2.125,3
-0.7649,-0.1152,3,S,81(a),-,,
2.324,0.09364,10,S,81(a),A,0.2589,8
-1.383,-0.2906,7,S,81(a),C,0.1056,5
-0.1854,-0.02075,13,S,81(a),D,-0.0642,8
-1.221,-0.2348,13,S,81(a),E,-0.951,6
-2.573,-1.027,10,S,81(a),F,-0.819,5
0.2456,0.02235,13,S,81(a),G,0.0974,8
-1.582,-0.3707,8,S,81(a),H,-0.6614,5
-1.721,-0.4356,7,S,81(a),I,-0.2364,4
-0.5788,-0.07909,4,S,81(a),K,-0.7582,1
-1.8,-0.4758,13,S,81(a),L,-0.41,11
-1.332,-0.2723,7,S,81(a),M,-0.08461,4
-0.9309,-0.1531,3,S,81(a),N,0.2261,1
-2.751,-1.201,8,S,81(a),P,-1.091,7
-0.2216,-0.02526,5,S,81(a),Q,0.07905,3
-0.7204,-0.106,13,S,81(a),R,-0.02071,8
0,0,,S,81(a),S,0,
0.07503,0.007398,9,S,81(a),T,0.1227,4
-0.9509,-0.1581,16,S,81(a),V,0.131,11
-2.322,-0.8139,7,S,81(a),W,-0.8531,4
-0.7319,-0.1083,14,S,81(a),Y,-0.1698,10
-1.173,-0.2198,3,N,82(a),-,,
0.6137,0.04725,4,N,82(a),A,0.2717,2
-0.568,-0.07717,8,N,82(a),C,-0.01854,5
-0.9475,-0.1572,15,N,82(a),D,0.08434,8
0.195,0.01817,8,N,82(a),E,-0.0348,4
-1.957,-0.5636,5,N,82(a),F,-0.5303,4
-1.126,-0.2056,6,N,82(a),G,-0.06948,3
1.533,0.08122,9,N,82(a),H,0.2394,3
-1.785,-0.4676,4,N,82(a),I,-0.6356,2
0.5532,0.04375,12,N,82(a),K,-0.4082,7
-0.4348,-0.05517,8,N,82(a),L,-0.09985,5
-0.9772,-0.1648,10,N,82(a),M,0.255,5
0,0,,N,82(a),N,0,
-2.082,-0.6418,8,N,82(a),P,-0.6386,5
0.3951,0.03355,15,N,82(a),Q,-0.07718,10
0.14,0.01339,8,N,82(a),R,-0.3517,4
-0.6939,-0.1007,15,N,82(a),S,-0.21,10
-0.613,-0.08525,14,N,82(a),T,-0.1021,5
-1.256,-0.2464,13,N,82(a),V,-0.1569,10
-1.341,-0.2755,8,N,82(a),W,-0.1869,6
-0.9765,-0.1646,10,N,82(a),Y,0.03,4
-0.1079,-0.01163,1,R,83(a),-,,
-2.169,-0.7002,3,R,83(a),A,-0.4304,2
-1.099,-0.1979,10,R,83(a),C,0.2209,7
-1.905,-0.5333,5,R,83(a),D,0.5716,2
-1.418,-0.3037,11,R,83(a),E,-0.08361,7
-0.2908,-0.0343,10,R,83(a),F,-0.3274,8
-1.732,-0.4409,18,R,83(a),G,-0.1175,6
0.2314,0.02119,3,R,83(a),H,-0.3694,1
-1.869,-0.513,7,R,83(a),I,-0.6623,3
-0.4034,-0.05038,42,R,83(a),K,0.1287,12
-1.36,-0.2822,3,R,83(a),L,-0.5248,2
-0.8821,-0.1414,2,R,83(a),M,-0.1753,1
-0.6094,-0.0846,12,R,83(a),N,-0.1714,6
-2.861,-1.317,7,R,83(a),P,-1.033,7
0.01836,0.001861,5,R,83(a),Q,-0.4253,4
0,0,,R,83(a),R,0,
-0.2599,-0.03019,10,R,83(a),S,-0.7187,5
-1.118,-0.2035,8,R,83(a),T,-0.5721,3
-0.7581,-0.1138,8,R,83(a),V,0.03814,6
-1.629,-0.3917,6,R,83(a),W,-0.5653,2
-0.9288,-0.1526,4,R,83(a),Y,0.07725,2
-2.483,-0.9463,1,S,84(a),-,,
0.07711,0.007596,5,S,84(a),A,-0.1206,2
-1.333,-0.2727,9,S,84(a),C,-0.3306,8
-2.293,-0.7908,4,S,84(a),D,0.2479,2
-0.1789,-0.01996,2,S,84(a),E,,
-1.018,-0.1753,22,S,84(a),F,-0.2327,11
-1.065,-0.1884,6,S,84(a),G,-0.1071,2
-0.6555,-0.09322,2,S,84(a),H,-0.1341,2
-0.7464,-0.1113,22,S,84(a),I,0.04956,7
-0.2869,-0.03378,9,S,84(a),K,-0.1033,6
-0.5624,-0.07619,15,S,84(a),L,-0.106,10
0.382,0.03263,15,S,84(a),M,0.3335,9
-0.5446,-0.0731,16,S,84(a),N,-0.04725,10
-3.217,-1.743,10,S,84(a),P,-1.645,8
-0.2428,-0.02796,10,S,84(a),Q,-0.3185,6
-1.67,-0.4107,17,S,84(a),R,-0.1142,9
0,0,,S,84(a),S,0,
-0.9131,-0.1488,19,S,84(a),T,0.07384,14
0.4652,0.03826,8,S,84(a),V,-0.0432,4
-1.301,-0.2615,7,S,84(a),W,-0.2309,3
0.1995,0.01855,19,S,84(a),Y,0.02846,8
-9.191,-6.013,9,Q,85(a),*,-6,1
-2.533,-0.9911,1,Q,85(a),-,,
1.365,0.07709,3,Q,85(a),A,0.2755,3
1.594,0.08258,2,Q,85(a),C,0.7858,2
1.14,0.07034,4,Q,85(a),D,-0.3428,1
-1.06,-0.1869,3,Q,85(a),E,0.5656,2
1.258,0.07406,9,Q,85(a),F,0.2302,6
-0.3155,-0.03769,6,Q,85(a),G,0.1205,6
0.2938,0.02614,13,Q,85(a),H,-0.9202,4
0.002182,0.0002226,6,Q,85(a),I,0.7495,3
-1.204,-0.2296,13,Q,85(a),K,0.05275,6
-2.43,-0.9013,2,Q,85(a),L,,
0.5469,0.04337,9,Q,85(a),M,0.2843,6
-1.995,-0.5861,6,Q,85(a),N,-0.0325,4
-1.189,-0.2247,5,Q,85(a),P,0.4987,1
0,0,,Q,85(a),Q,0,
0.3347,0.02922,9,Q,85(a),R,-0.1762,4
-0.1608,-0.01778,9,Q,85(a),S,0.2148,7
0.2088,0.01932,11,Q,85(a),T,0.6854,7
0.8221,0.05784,2,Q,85(a),V,0.2303,2
-0.07272,-0.0077,2,Q,85(a),W,-0.1606,1
1.422,0.07856,3,Q,85(a),Y,-0.213,2
-6.465,-5.538,5,G,86(a),*,,
-2.481,-0.9447,1,G,86(a),-,,
0.1435,0.01369,11,G,86(a),A,0.5989,3
-2.135,-0.6772,5,G,86(a),C,-0.6136,2
-0.1085,-0.01169,3,G,86(a),D,0.3856,2
-0.7684,-0.1159,31,G,86(a),E,0.05438,10
-2.288,-0.7877,4,G,86(a),F,-0.3716,2
0,0,,G,86(a),G,0,
-1.419,-0.3043,14,G,86(a),H,-0.1243,7
-1.61,-0.3832,5,G,86(a),I,-1.032,3
-0.9502,-0.1579,9,G,86(a),K,-0.027,6
-2.83,-1.284,6,G,86(a),L,-1.225,3
-0.6283,-0.08809,13,G,86(a),M,0.1303,7
-1.751,-0.4505,5,G,86(a),N,-0.3171,2
-1.946,-0.5567,4,G,86(a),P,0.1144,2
-1.495,-0.3341,10,G,86(a),Q,-0.01466,5
-2.231,-0.7449,33,G,86(a),R,-0.3146,11
1.908,0.08832,3,G,86(a),S,0.2707,1
-0.3377,-0.04079,9,G,86(a),T,-0.03679,3
-1.027,-0.1779,13,G,86(a),V,-0.1277,4
0.1945,0.01812,6,G,86(a),W,0.3704,5
-1.043,-0.1823,16,G,86(a),Y,-0.1387,9
0.0419,0.004198,15,T,87(a),A,0.1866,8
-0.7481,-0.1117,10,T,87(a),C,0.2756,6
-0.688,-0.09951,14,T,87(a),D,-0.4283,10
0.1531,0.01454,5,T,87(a),E,0.0824,3
0.1503,0.0143,9,T,87(a),F,-0.06256,7
-0.2381,-0.02735,15,T,87(a),G,0.004444,9
0.5403,0.04297,13,T,87(a),H,0.475,9
0.2867,0.02559,19,T,87(a),I,-0.00685,8
0.0004734,4.841e-05,11,T,87(a),K,0.1076,4
-1.028,-0.1782,11,T,87(a),L,-0.01602,7
0.9159,0.06194,9,T,87(a),M,0.07221,8
-0.8593,-0.136,14,T,87(a),N,0.4925,5
-0.8107,-0.1251,14,T,87(a),P,-0.4139,7
-1.101,-0.1984,13,T,87(a),Q,-0.3328,9
-0.6336,-0.08908,13,T,87(a),R,0.3044,8
0.5015,0.04058,9,T,87(a),S,-0.4817,2
0,0,,T,87(a),T,0,
-2.107,-0.6581,1,T,87(a),V,-0.7778,1
-0.2972,-0.03517,17,T,87(a),W,-0.04094,10
-0.2369,-0.0272,12,T,87(a),Y,-0.1321,7
-2.156,-0.6914,1,I,88(a),-,,
-1.9,-0.5304,14,I,88(a),A,-0.3709,8
-1.357,-0.2811,10,I,88(a),C,0.2425,4
-1.192,-0.2257,14,I,88(a),D,0.09763,12
-1.708,-0.429,6,I,88(a),E,-0.1084,3
-0.3931,-0.04883,17,I,88(a),F,0.1393,12
-1.406,-0.2991,7,I,88(a),G,-0.6716,5
-0.6371,-0.08973,13,I,88(a),H,0.08652,8
0,0,,I,88(a),I,0,
1.035,0.06665,7,I,88(a),K,0.1477,6
0.5705,0.04477,16,I,88(a),L,-0.03487,10
0.06284,0.006232,7,I,88(a),M,-0.1958,5
-0.3178,-0.038,11,I,88(a),N,-0.07478,7
-1.914,-0.538,11,I,88(a),P,-0.2553,7
-1.191,-0.2255,5,I,88(a),Q,-0.5489,2
-0.3326,-0.04007,9,I,88(a),R,0.3478,5
0.3003,0.02663,14,I,88(a),S,0.2275,9
-1.341,-0.2752,10,I,88(a),T,0.1503,4
-0.3634,-0.04447,37,I,88(a),V,0.405,10
-0.8327,-0.13,20,I,88(a),W,-0.1192,13
2.742,0.09717,7,I,88(a),Y,-0.2596,2
-3.875,-2.683,2,A,89(a),-,,
0,0,,A,89(a),A,0,
-0.1767,-0.01969,12,A,89(a),C,-0.03618,7
0.3855,0.03287,16,A,89(a),D,0.01955,6
-0.8742,-0.1395,10,A,89(a),E,-0.2823,7
-0.732,-0.1084,9,A,89(a),F,-0.1543,8
-1.201,-0.2284,8,A,89(a),G,-0.2574,4
-0.3818,-0.04715,11,A,89(a),H,0.2495,7
2.402,0.09442,14,A,89(a),I,0.2228,9
-1.924,-0.5443,13,A,89(a),K,-0.5014,9
1.985,0.08948,13,A,89(a),L,-0.3064,8
-0.9324,-0.1535,10,A,89(a),M,-0.02094,7
-1.303,-0.2621,12,A,89(a),N,0.2894,6
-3.295,-1.845,10,A,89(a),P,-1.917,8
1.079,0.06823,5,A,89(a),Q,0.3659,5
-1.302,-0.2617,18,A,89(a),R,-0.1221,14
0.211,0.01951,18,A,89(a),S,-0.1084,5
-1.136,-0.2088,20,A,89(a),T,-0.3058,6
-0.5677,-0.07712,18,A,89(a),V,0.2172,9
2.169,0.09191,11,A,89(a),W,0.2215,10
-1.482,-0.3289,7,A,89(a),Y,0.1641,4
-2.015,-0.5987,1,P,90(a),-,,
0.4307,0.03599,8,P,90(a),A,0.0746,6
0.7038,0.0521,18,P,90(a),C,0.0544,9
-0.8457,-0.1329,9,P,90(a),D,-0.01234,3
-0.3101,-0.03694,6,P,90(a),E,-0.1213,4
-0.2879,-0.03391,10,P,90(a),F,-0.05535,6
-1.123,-0.2049,10,P,90(a),G,-0.04629,9
3.28,0.1,17,P,90(a),H,0.311,10
1.46,0.07952,13,P,90(a),I,0.1891,8
-0.5427,-0.07278,11,P,90(a),K,0.1124,7
0.7406,0.05396,7,P,90(a),L,0.3503,4
-0.05548,-0.005825,15,P,90(a),M,0.05644,11
0.6158,0.04737,12,P,90(a),N,0.1328,9
0,0,,P,90(a),P,0,
0.8281,0.05812,9,P,90(a),Q,0.01951,7
-0.3651,-0.04471,11,P,90(a),R,0.2638,6
-0.5131,-0.06777,19,P,90(a),S,-0.07589,9
-0.4086,-0.05116,11,P,90(a),T,-0.5692,4
1.639,0.08351,8,P,90(a),V,0.424,4
-0.8132,-0.1256,11,P,90(a),W,-0.05197,5
-1.831,-0.4922,12,P,90(a),Y,-0.3519,7
-1.698,-0.4244,1,P,91(a),-,,
-1.612,-0.3842,10,P,91(a),A,0.1099,7
-1.705,-0.4278,9,P,91(a),C,0.0945,4
-4.1,-3.029,16,P,91(a),D,-3.216,10
-3.647,-2.342,14,P,91(a),E,-2.312,10
-3.735,-2.472,5,P,91(a),F,-2.335,5
-1.794,-0.4726,10,P,91(a),G,-0.5049,7
-3.637,-2.326,10,P,91(a),H,-2.097,5
-2.915,-1.377,13,P,91(a),I,-1.226,8
-3.855,-2.653,7,P,91(a),K,-2.383,2
-3.553,-2.204,16,P,91(a),L,-1.872,7
-2.994,-1.468,13,P,91(a),M,-0.727,6
-3.65,-2.346,13,P,91(a),N,-2.383,8
0,0,,P,91(a),P,0,
-3.412,-2.004,17,P,91(a),Q,-1.922,11
-3.411,-2.003,18,P,91(a),R,-2.088,12
-3.032,-1.513,16,P,91(a),S,-1.291,9
-3.307,-1.862,12,P,91(a),T,-1.608,7
-0.9413,-0.1557,11,P,91(a),V,-0.3555,6
-4.061,-2.969,9,P,91(a),W,-2.72,6
-3.217,-1.744,10,P,91(a),Y,-1.963,6
-11.89,-6.047,9,E,92(a),*,,
-1.92,-0.5416,4,E,92(a),A,-0.7945,3
-0.4376,-0.0556,11,E,92(a),C,0.6129,6
-0.08564,-0.009127,9,E,92(a),D,0.06079,4
0,0,,E,92(a),E,0,
-0.7778,-0.1179,10,E,92(a),F,-0.3124,2
-0.07651,-0.008117,18,E,92(a),G,0.3606,9
-0.473,-0.0612,6,E,92(a),H,-0.03397,3
0.1799,0.01688,10,E,92(a),I,0.279,9
1.108,0.06926,19,E,92(a),K,0.4106,5
-0.8526,-0.1345,9,E,92(a),L,0.04423,6
0.148,0.01409,4,E,92(a),M,-0.393,2
-0.5414,-0.07256,6,E,92(a),N,-0.1582,2
-2.437,-0.9073,7,E,92(a),P,-1.032,4
-0.3052,-0.03627,8,E,92(a),Q,0.3487,4
-0.8921,-0.1437,15,E,92(a),R,0.3367,7
-0.451,-0.05771,5,E,92(a),T,0.2581,1
0.5086,0.04103,7,E,92(a),V,0.005055,3
0.2024,0.01879,9,E,92(a),W,0.1732,5
-1.281,-0.2545,10,E,92(a),Y,0.3296,5
-0.4775,-0.06192,1,V,93(a),-,,
0.3542,0.03064,14,V,93(a),A,0.3841,10
-0.3332,-0.04015,8,V,93(a),C,0.3394,2
-2.393,-0.8703,6,V,93(a),D,-0.5398,3
-1.184,-0.2232,13,V,93(a),E,-0.6766,8
2.408,0.09448,14,V,93(a),F,-0.1433,9
-1.284,-0.2556,8,V,93(a),G,-0.5093,3
-0.5282,-0.07031,11,V,93(a),H,-0.1993,6
-0.3001,-0.03557,12,V,93(a),I,0.109,7
0.03437,0.003456,8,V,93(a),K,0.0943,5
-2.062,-0.6286,15,V,93(a),L,-0.2306,8
0.9441,0.0631,13,V,93(a),M,0.435,6
-0.5465,-0.07343,13,V,93(a),N,0.04485,8
-0.9352,-0.1542,16,V,93(a),P,-0.424,9
-1.356,-0.2809,10,V,93(a),Q,-0.2289,9
1.275,0.07458,7,V,93(a),R,0.4733,5
-1.111,-0.2014,9,V,93(a),S,-0.05063,7
0.4255,0.03563,11,V,93(a),T,0.008475,6
0,0,,V,93(a),V,0,
-2.244,-0.7545,10,V,93(a),W,-0.2956,7
-0.8483,-0.1335,15,V,93(a),Y,-0.2524,13
-0.3439,-0.04167,2,T,94(a),-,,
1.116,0.06952,18,T,94(a),A,0.4047,7
0.9849,0.06473,8,T,94(a),C,0.07901,5
-0.9301,-0.1529,18,T,94(a),D,0.2863,12
1.598,0.08265,12,T,94(a),E,0.01094,10
-0.4453,-0.05681,7,T,94(a),F,-0.142,3
-0.1004,-0.01078,10,T,94(a),G,-0.1874,7
-1.327,-0.2703,10,T,94(a),H,-0.3716,7
0.1303,0.01251,20,T,94(a),I,0.07728,7
1.612,0.08296,15,T,94(a),K,0.1544,6
-1.844,-0.499,8,T,94(a),L,-0.4935,5
-0.03504,-0.003643,13,T,94(a),M,0.07113,7
0.2556,0.02314,11,T,94(a),N,0.237,10
-3.252,-1.789,6,T,94(a),P,-1.855,2
0.7831,0.05602,9,T,94(a),Q,-0.2932,5
1.157,0.07089,11,T,94(a),R,0.104,10
-0.1297,-0.01412,10,T,94(a),S,0.08282,8
0,0,,T,94(a),T,0,
0.4934,0.04007,7,T,94(a),V,0.149,5
-0.1765,-0.01967,10,T,94(a),W,0.7066,4
2.363,0.09403,7,T,94(a),Y,0.615,3
-0.3922,-0.04869,2,V,95(a),-,,
-0.3375,-0.04076,13,V,95(a),A,-0.1025,7
-1.778,-0.4641,17,V,95(a),C,0.1686,12
-3.495,-2.121,16,V,95(a),D,-1.746,9
-2.557,-1.012,11,V,95(a),E,-0.9963,10
-1.996,-0.5871,13,V,95(a),F,-0.4309,7
-2.138,-0.6792,10,V,95(a),G,-0.3676,7
-2.266,-0.7706,10,V,95(a),H,-0.7632,7
0.02688,0.002712,15,V,95(a),I,-0.2445,7
-3.918,-2.75,2,V,95(a),K,-2.857,2
-0.1576,-0.0174,13,V,95(a),L,0.06032,8
0.5045,0.04077,12,V,95(a),M,0.3509,11
1.22,0.07292,5,V,95(a),N,-0.5454,2
-1.919,-0.5412,12,V,95(a),P,-0.04459,7
-1.833,-0.4929,10,V,95(a),Q,-0.1733,7
-2.151,-0.6881,6,V,95(a),R,-1.216,5
-0.9548,-0.1591,6,V,95(a),S,-0.4807,2
-0.7383,-0.1096,7,V,95(a),T,-0.03609,5
0,0,,V,95(a),V,0,
-3.834,-2.621,7,V,95(a),W,-2.225,5
-2.773,-1.224,10,V,95(a),Y,-0.6297,5
-0.4007,-0.04997,2,F,96(a),-,,
0.9064,0.06155,7,F,96(a),A,0.3592,4
-0.513,-0.06775,13,F,96(a),C,-0.1995,10
-1.97,-0.5709,14,F,96(a),D,0.2755,8
-1.076,-0.1914,17,F,96(a),E,0.2313,11
0,0,,F,96(a),F,0,
-1.414,-0.3023,8,F,96(a),G,-0.07365,6
-1.323,-0.269,13,F,96(a),H,0.2819,6
-0.6282,-0.08807,8,F,96(a),I,-0.2823,5
-2.601,-1.053,14,F,96(a),K,-0.3458,7
-0.3083,-0.03668,11,F,96(a),L,0.3285,3
0.7351,0.05368,5,F,96(a),M,0.1673,2
-2.038,-0.613,12,F,96(a),N,-0.1749,8
-7.745,-5.898,13,F,96(a),P,-6,11
0.6777,0.05074,10,F,96(a),Q,0.3235,8
-2.55,-1.006,14,F,96(a),R,-1.226,8
1.03,0.06645,10,F,96(a),S,0.2952,6
-1.551,-0.3573,12,F,96(a),T,-0.3562,6
1.492,0.08029,16,F,96(a),V,0.1411,11
-1.403,-0.2981,12,F,96(a),W,-0.0284,8
-1.624,-0.3896,14,F,96(a),Y,-0.2175,7
-0.05273,-0.00553,2,S,97(a),-,,
0.7912,0.05641,8,S,97(a),A,0.00838,6
-0.4722,-0.06106,14,S,97(a),C,0.01605,6
1.568,0.082,10,S,97(a),D,0.2812,9
5.319,0.1035,9,S,97(a),E,0.3258,6
-0.3224,-0.03864,13,S,97(a),F,0.2482,10
0.06251,0.006201,18,S,97(a),G,0.5229,4
0.4695,0.03855,13,S,97(a),H,0.1567,11
-0.9981,-0.1702,20,S,97(a),I,-0.2865,7
-0.8796,-0.1408,10,S,97(a),K,0.6795,7
0.7806,0.0559,7,S,97(a),L,0.4168,5
-0.1568,-0.0173,11,S,97(a),M,0.1217,5
-0.159,-0.01757,14,S,97(a),N,0.5091,6
0.2543,0.02304,11,S,97(a),P,0.1221,7
-0.7819,-0.1188,14,S,97(a),Q,0.1936,8
0.2711,0.02437,3,S,97(a),R,-0.05305,3
0,0,,S,97(a),S,0,
1.594,0.08257,9,S,97(a),T,-0.4234,4
1.094,0.06877,7,S,97(a),V,-0.09365,4
-1.284,-0.2557,12,S,97(a),W,0.4131,6
-1.924,-0.544,10,S,97(a),Y,-0.3049,6
-7.188,-5.79,6,E,98(a),*,-6,1
-0.02878,-0.002983,2,E,98(a),-,,
-0.5743,-0.07829,14,E,98(a),A,0.2749,9
-1.39,-0.2932,9,E,98(a),C,-0.3754,5
-0.9346,-0.154,17,E,98(a),D,-0.1574,7
0,0,,E,98(a),E,0,
-1.673,-0.4125,8,E,98(a),F,-0.8342,6
1.338,0.07635,14,E,98(a),G,0.2021,7
1.834,0.08712,5,E,98(a),H,0.4946,2
0.3786,0.03239,13,E,98(a),I,-0.1423,6
0.3343,0.02918,16,E,98(a),K,0.6916,5
-1.405,-0.2988,13,E,98(a),L,-0.2245,5
0.6278,0.04804,7,E,98(a),M,0.2096,5
-2.539,-0.9958,10,E,98(a),N,-1.131,5
-2.052,-0.622,10,E,98(a),P,-0.4491,5
-1.507,-0.339,13,E,98(a),Q,-0.2302,6
2.583,0.096,10,E,98(a),R,1.019,8
-0.8292,-0.1292,13,E,98(a),S,-0.1511,9
1.572,0.08209,7,E,98(a),T,0.3924,6
0.3891,0.03313,16,E,98(a),V,0.1027,11
-1.859,-0.5072,10,E,98(a),W,-0.2978,8
-1.484,-0.3295,13,E,98(a),Y,-0.7075,7
0.03627,0.003643,2,D,99(a),-,,
2.038,0.09022,12,D,99(a),A,0.2249,8
-0.8525,-0.1345,10,D,99(a),C,-0.1586,7
0,0,,D,99(a),D,0,
0.1606,0.01521,8,D,99(a),E,-0.4074,7
0.1878,0.01756,6,D,99(a),F,0.3893,2
1.567,0.08198,5,D,99(a),G,0.2109,3
0.1246,0.012,7,D,99(a),H,0.00315,6
-0.9886,-0.1677,10,D,99(a),I,0.1915,4
-0.4052,-0.05064,12,D,99(a),K,0.7541,10
-1.685,-0.4181,5,D,99(a),L,-0.4252,3
-0.01192,-0.001225,12,D,99(a),M,-0.0889,6
0.03987,0.003998,23,D,99(a),N,0.3816,10
-0.3177,-0.03798,12,D,99(a),P,0.6098,8
-1.379,-0.289,10,D,99(a),Q,0.3419,8
2.03,0.09012,10,D,99(a),R,0.5961,5
0.6803,0.05087,14,D,99(a),S,0.3468,9
-0.4695,-0.06064,13,D,99(a),T,-0.09155,6
-1.837,-0.4955,6,D,99(a),V,-0.4888,3
2.265,0.09301,8,D,99(a),W,-0.4824,5
-1.064,-0.188,16,D,99(a),Y,-0.612,7
-0.3067,-0.03647,2,P,100(a),-,,
0.2398,0.02187,8,P,100(a),A,0.1388,6
-1.269,-0.2504,10,P,100(a),C,-0.0632,6
-0.3998,-0.04983,10,P,100(a),D,-0.08628,7
0.358,0.03092,15,P,100(a),E,-0.09805,9
-0.1726,-0.0192,15,P,100(a),F,0.01452,9
-0.6159,-0.08579,9,P,100(a),G,0.202,4
-0.6318,-0.08874,7,P,100(a),H,-0.0094,6
-1.828,-0.4907,11,P,100(a),I,-0.1041,8
-1.421,-0.3051,6,P,100(a),K,-0.07952,5
0.7721,0.0555,15,P,100(a),L,0.3816,9
2.444,0.09481,16,P,100(a),M,0.1982,14
-0.1583,-0.01748,8,P,100(a),N,-0.2636,4
0,0,,P,100(a),P,0,
1.806,0.08666,10,P,100(a),Q,-0.4271,4
3.682,0.1013,16,P,100(a),R,0.2164,12
0.2052,0.01902,15,P,100(a),S,-0.2829,6
-0.04588,-0.004795,14,P,100(a),T,0.3559,6
0.76,0.05491,10,P,100(a),V,-0.0986,7
-0.01352,-0.00139,20,P,100(a),W,-0.007311,14
-0.3462,-0.042,11,P,100(a),Y,0.3954,8
-0.1539,-0.01696,4,V,101(a),-,,
-0.6624,-0.09452,18,V,101(a),A,-0.08948,8
0.08441,0.008286,23,V,101(a),C,0.08732,16
0.7099,0.05241,19,V,101(a),D,-0.0009266,11
-0.2611,-0.03034,12,V,101(a),E,0.513,5
-0.9251,-0.1517,10,V,101(a),F,0.3253,4
0.6763,0.05066,7,V,101(a),G,0.481,5
0.6647,0.05005,7,V,101(a),H,-0.2782,5
-0.9665,-0.162,11,V,101(a),I,-0.1801,8
2.301,0.0934,6,V,101(a),K,0.5576,4
0.2273,0.02085,19,V,101(a),L,-0.3166,8
-0.6321,-0.08878,14,V,101(a),M,0.1597,4
1.863,0.0876,5,V,101(a),N,0.6535,3
0.6825,0.05099,12,V,101(a),P,-0.09298,7
0.301,0.02668,10,V,101(a),Q,0.1133,5
1.407,0.07818,4,V,101(a),R,0.9662,1
-1.003,-0.1715,12,V,101(a),S,-0.0157,8
-0.07248,-0.007674,8,V,101(a),T,-0.277,4
0,0,,V,101(a),V,0,
2.117,0.09127,10,V,101(a),W,0.3036,6
-1.085,-0.1939,12,V,101(a),Y,-0.05349,7
-7.509,-5.859,3,E,102(a),*,,
-0.06824,-0.007211,4,E,102(a),-,,
0.6507,0.0493,7,E,102(a),A,0.3437,3
1.307,0.07548,12,E,102(a),C,0.6062,7
0.2856,0.02551,12,E,102(a),D,0.02092,8
0,0,,E,102(a),E,0,
1.375,0.07737,10,E,102(a),F,0.3375,7
-0.6425,-0.09074,10,E,102(a),G,0.6241,6
1.443,0.0791,6,E,102(a),H,0.1953,5
1.22,0.07292,11,E,102(a),I,0.5327,8
0.1213,0.0117,37,E,102(a),K,0.5387,14
0.611,0.0471,13,E,102(a),L,0.4108,8
0.8121,0.05738,16,E,102(a),M,0.8157,12
0.6385,0.04863,11,E,102(a),N,0.248,8
1.722,0.08513,6,E,102(a),P,0.4421,4
1.127,0.0699,6,E,102(a),Q,0.439,5
0.08056,0.007922,10,E,102(a),R,0.307,8
-0.6746,-0.09688,11,E,102(a),S,0.006481,9
-0.9794,-0.1653,12,E,102(a),T,0.07457,9
1.575,0.08216,13,E,102(a),V,0.1937,11
0.6396,0.04869,10,E,102(a),W,0.2298,4
0.6712,0.05039,9,E,102(a),Y,0.184,8
-1.114,-0.2023,6,L,103(a),-,-0.3175,1
0.1366,0.01308,13,L,103(a),A,0.3284,9
-0.481,-0.06249,12,L,103(a),C,0.1796,6
0.3508,0.0304,16,L,103(a),D,0.4681,8
-0.8122,-0.1254,5,L,103(a),E,-0.5364,3
0.395,0.03354,8,L,103(a),F,0.3423,5
-0.03311,-0.00344,14,L,103(a),G,0.4543,8
-0.625,-0.08747,15,L,103(a),H,0.4937,8
1.217,0.07281,10,L,103(a),I,0.01889,3
2.136,0.09151,10,L,103(a),K,0.2564,9
0,0,,L,103(a),L,0,
-0.8155,-0.1261,13,L,103(a),M,0.1323,7
0.9853,0.06475,10,L,103(a),N,0.1792,5
0.158,0.01497,23,L,103(a),P,0.1512,11
0.773,0.05554,8,L,103(a),Q,0.4238,2
4.847,0.1031,9,L,103(a),R,0.1914,7
0.3728,0.03198,9,L,103(a),S,0.1682,4
-0.1226,-0.0133,15,L,103(a),T,-0.1423,11
-0.1648,-0.01825,13,L,103(a),V,-0.08332,12
4.26,0.1025,7,L,103(a),W,-0.3351,4
-1.432,-0.309,10,L,103(a),Y,-0.433,6
-6.777,-5.667,3,G,104(a),*,,
-0.9525,-0.1585,6,G,104(a),-,,
0.1123,0.01088,10,G,104(a),A,-0.09773,7
0.8944,0.06104,11,G,104(a),C,0.1709,7
-1.449,-0.3158,13,G,104(a),D,-0.4285,10
0.02752,0.002776,18,G,104(a),E,0.185,8
1.911,0.08837,15,G,104(a),F,0.1964,12
0,0,,G,104(a),G,0,
1.78,0.08619,11,G,104(a),H,0.4446,7
-0.5764,-0.07866,7,G,104(a),I,-0.187,6
1.397,0.07793,12,G,104(a),K,0.3466,8
-0.3652,-0.04472,6,G,104(a),M,0.6406,3
0.9841,0.0647,9,G,104(a),N,0.2353,4
0.6727,0.05047,14,G,104(a),P,-0.2893,6
0.6218,0.0477,8,G,104(a),Q,0.4815,4
2.091,0.09094,20,G,104(a),R,1.041,5
-0.7288,-0.1077,8,G,104(a),S,0.00595,4
-0.2803,-0.03289,12,G,104(a),T,0.4194,8
2.284,0.09322,2,G,104(a),V,-1.076,1
-0.6025,-0.08335,9,G,104(a),W,-0.0091,6
-0.4216,-0.05314,15,G,104(a),Y,0.08434,11
-1.064,-0.1879,6,D,105(a),-,,
-0.1468,-0.01612,11,D,105(a),A,0.3835,5
-0.3965,-0.04933,5,D,105(a),C,0.7093,2
0,0,,D,105(a),D,0,
-1.265,-0.2493,9,D,105(a),E,-0.4538,7
2.078,0.09076,11,D,105(a),F,0.7924,8
0.5519,0.04367,12,D,105(a),G,0.09958,9
0.4994,0.04045,19,D,105(a),H,0.9746,6
1.588,0.08244,11,D,105(a),I,0.2627,8
0.5211,0.0418,14,D,105(a),K,0.7837,7
2.791,0.09749,14,D,105(a),L,0.4125,8
0.3617,0.03119,12,D,105(a),M,0.5289,7
-0.01432,-0.001474,19,D,105(a),N,0.5132,7
0.6412,0.04878,10,D,105(a),P,0.3251,7
-0.01845,-0.001903,15,D,105(a),Q,0.3876,9
2.641,0.09645,8,D,105(a),R,0.6865,6
0.6888,0.05132,9,D,105(a),S,0.6603,8
-0.8476,-0.1334,9,D,105(a),T,0.155,8
0.004919,0.0005014,12,D,105(a),V,-0.01255,9
-0.1394,-0.01525,15,D,105(a),W,0.04659,10
0.2297,0.02105,18,D,105(a),Y,0.5209,10
-1.8,-0.4754,8,P,106(a),-,,
2.102,0.09108,11,P,106(a),A,0.02558,7
1.495,0.08035,15,P,106(a),C,0.544,8
0.6763,0.05067,10,P,106(a),D,1.672,6
2.324,0.09364,10,P,106(a),E,1.44,7
-1.551,-0.3575,13,P,106(a),F,-0.4957,6
-0.3363,-0.0406,16,P,106(a),G,0.5676,9
3.255,0.0999,18,P,106(a),H,0.7428,13
2.215,0.09246,8,P,106(a),I,1.198,5
1.971,0.08928,7,P,106(a),K,0.7553,5
2.525,0.09552,13,P,106(a),L,0.6816,6
2.064,0.09059,14,P,106(a),M,0.9564,9
2.409,0.09448,9,P,106(a),N,0.5774,6
0,0,,P,106(a),P,0,
-0.5844,-0.08008,7,P,106(a),Q,0.8704,4
1.148,0.07062,13,P,106(a),R,0.7558,8
0.6565,0.0496,25,P,106(a),S,0.8765,9
3.41,0.1005,10,P,106(a),T,0.4667,4
-0.7889,-0.1203,13,P,106(a),V,0.4036,5
-1.375,-0.2876,14,P,106(a),W,-0.2509,8
0.861,0.05959,14,P,106(a),Y,-0.4316,7
-1.551,-0.3573,8,N,107(a),-,,
-1.815,-0.4837,16,N,107(a),A,-0.5724,9
-1.008,-0.1729,10,N,107(a),C,0.0638,6
-1.493,-0.3332,9,N,107(a),D,0.6076,2
-0.5547,-0.07486,12,N,107(a),E,0.0473,5
2.038,0.09023,13,N,107(a),F,0.7621,9
-0.1412,-0.01546,17,N,107(a),G,-0.2937,8
2.147,0.09165,8,N,107(a),H,0.6015,3
-1.992,-0.5846,15,N,107(a),I,-0.4799,9
-0.7265,-0.1072,9,N,107(a),K,-0.1863,7
-1.805,-0.4782,11,N,107(a),L,-0.3028,5
0.9163,0.06196,6,N,107(a),M,0.04121,5
0,0,,N,107(a),N,0,
-1.995,-0.5861,8,N,107(a),P,0.8508,4
-0.6332,-0.089,9,N,107(a),Q,-0.0063,6
0.09239,0.009035,8,N,107(a),R,0.1783,5
-1.095,-0.1967,10,N,107(a),S,-0.2644,8
-1.096,-0.1971,11,N,107(a),T,-0.3256,6
1.99,0.08955,8,N,107(a),V,-0.2757,4
-0.8886,-0.1429,16,N,107(a),W,1.132,9
-0.7688,-0.116,12,N,107(a),Y,1.03,9
-0.8937,-0.1441,6,I,108(a),-,,
2.098,0.09103,3,I,108(a),A,0.3312,1
2.478,0.09512,11,I,108(a),C,0.3542,9
2.512,0.09541,10,I,108(a),D,0.899,10
1.889,0.08802,8,I,108(a),E,0.3413,5
-0.5913,-0.08132,12,I,108(a),F,0.3977,8
2.624,0.09632,16,I,108(a),G,0.7869,14
2.689,0.0968,9,I,108(a),H,1.347,5
0,0,,I,108(a),I,0,
0.3685,0.03167,4,I,108(a),K,1.23,2
0.05702,0.005671,7,I,108(a),L,0.1244,5
0.9749,0.06434,8,I,108(a),M,0.5863,7
2.449,0.09486,16,I,108(a),N,0.882,13
-3.057,-1.543,10,I,108(a),P,-1.325,4
0.2549,0.02308,6,I,108(a),Q,0.9967,4
-0.5919,-0.08143,8,I,108(a),R,1.11,4
1.504,0.08056,7,I,108(a),S,0.6257,4
0.785,0.05611,10,I,108(a),T,0.4948,4
0.3633,0.0313,9,I,108(a),V,0.6107,5
1.328,0.07607,7,I,108(a),W,0.8594,2
1.508,0.08066,13,I,108(a),Y,0.7667,10
-0.2029,-0.02291,5,L,109(a),-,,
0.5175,0.04158,11,L,109(a),A,0.1829,3
-0.3671,-0.04501,7,L,109(a),C,0.328,3
-4.064,-2.973,10,L,109(a),D,-2.693,5
-2.937,-1.403,12,L,109(a),E,-1.068,8
-2.281,-0.7822,11,L,109(a),F,-0.5589,8
-1.427,-0.3073,13,L,109(a),G,0.01545,7
-2.435,-0.9055,9,L,109(a),H,-0.6591,4
-0.7028,-0.1024,12,L,109(a),I,0.1164,8
-4.669,-3.877,6,L,109(a),K,-2.626,3
0,0,,L,109(a),L,0,
0.4947,0.04016,12,L,109(a),M,0.1659,6
-0.8802,-0.1409,15,L,109(a),N,-0.09042,9
-7.927,-5.923,19,L,109(a),P,-6,4
-1.293,-0.2587,9,L,109(a),Q,-0.317,5
-4.774,-4.022,14,L,109(a),R,-3.767,7
-2.428,-0.8993,7,L,109(a),S,-0.6708,4
-6.971,-5.731,8,L,109(a),T,-6,5
-1.37,-0.286,16,L,109(a),V,-0.1123,12
-2.808,-1.26,10,L,109(a),W,-1.208,7
-2.731,-1.181,13,L,109(a),Y,-1.602,7
-0.3494,-0.04245,5,I,110(a),-,,
-0.7869,-0.1199,10,I,110(a),A,-0.4653,6
-0.43,-0.05443,16,I,110(a),C,-0.1382,10
-1.352,-0.2792,9,I,110(a),D,-0.3422,6
-1.659,-0.4057,8,I,110(a),E,-0.2119,6
-0.9777,-0.1649,18,I,110(a),F,-0.03331,14
-1.931,-0.5482,13,I,110(a),G,-0.2764,8
-1.555,-0.3589,7,I,110(a),H,-0.1602,7
0,0,,I,110(a),I,0,
-2.002,-0.5907,11,I,110(a),K,-0.4904,10
-0.2263,-0.02585,12,I,110(a),L,0.04616,7
-1.052,-0.1846,11,I,110(a),M,-0.2847,7
-0.8258,-0.1284,11,I,110(a),N,-0.2874,10
-7.19,-5.791,9,I,110(a),P,-5.906,5
-1.307,-0.2634,11,I,110(a),Q,-0.2013,4
-1.837,-0.4951,6,I,110(a),R,-0.5693,4
-1.34,-0.275,11,I,110(a),S,0.007648,7
-1.801,-0.4763,7,I,110(a),T,-0.4667,6
0.6929,0.05153,15,I,110(a),V,0.1279,9
-2.037,-0.6124,9,I,110(a),W,-0.74,6
-0.8798,-0.1408,7,I,110(a),Y,-0.6747,4
-10.29,-6.037,2,C,111(a),*,,
-1.194,-0.2264,5,C,111(a),-,,
-0.1526,-0.0168,10,C,111(a),A,-0.06252,10
0,0,,C,111(a),C,0,
-7.533,-5.863,22,C,111(a),D,-6,14
-6.623,-5.607,7,C,111(a),E,-4.27,4
-2.771,-1.221,11,C,111(a),F,-1.248,6
-2.061,-0.6277,9,C,111(a),G,-0.04932,5
-3.541,-2.187,7,C,111(a),H,-2.252,6
-0.9493,-0.1577,12,C,111(a),I,-0.1669,7
-4.93,-4.228,12,C,111(a),K,-4.103,6
0.5749,0.04503,14,C,111(a),L,0.1542,4
0.5933,0.04609,8,C,111(a),M,-0.2389,4
-2.959,-1.428,16,C,111(a),N,-1.128,10
-8.24,-5.956,18,C,111(a),P,-6,9
-3.324,-1.884,15,C,111(a),Q,-1.797,9
-6.755,-5.658,10,C,111(a),R,-6,4
-1.107,-0.2001,12,C,111(a),S,0.4271,4
0.9414,0.063,12,C,111(a),T,-0.3229,7
0.6051,0.04677,16,C,111(a),V,0.00245,12
-4.108,-3.041,9,C,111(a),W,-2.809,7
-3.468,-2.083,37,C,111(a),Y,-1.679,7
-7.32,-5.821,3,Y,112(a),*,,
-3.996,-2.869,6,Y,112(a),-,,
0.702,0.052,10,Y,112(a),A,0.01085,8
0.523,0.04192,14,Y,112(a),C,-0.2454,10
0.292,0.026,8,Y,112(a),D,-0.7247,4
-1.126,-0.2057,9,Y,112(a),E,-0.2799,5
0.04507,0.004508,17,Y,112(a),F,0.03326,10
-1.71,-0.4299,11,Y,112(a),G,-0.09426,6
0.9472,0.06323,8,Y,112(a),H,0.2024,7
-0.9179,-0.1499,11,Y,112(a),I,-0.06252,8
-1.607,-0.3819,8,Y,112(a),K,-0.558,5
0.9241,0.06228,9,Y,112(a),L,0.1233,7
-1.342,-0.2758,13,Y,112(a),M,0.07575,8
-0.9035,-0.1465,8,Y,112(a),N,0.1021,4
-5.595,-4.956,13,Y,112(a),P,-3.997,6
-0.785,-0.1195,7,Y,112(a),Q,-0.5225,3
-1.684,-0.4177,15,Y,112(a),R,-0.2526,7
-0.09604,-0.01029,8,Y,112(a),S,0.1546,4
-1.623,-0.3891,15,Y,112(a),T,-0.3864,9
2.181,0.09206,18,Y,112(a),V,0.1219,11
8.392,0.104,12,Y,112(a),W,0.07015,7
0,0,,Y,112(a),Y,0,
-4.291,-3.322,7,V,113(a),-,,
-0.005609,-0.0005747,18,V,113(a),A,0.1325,7
1.244,0.07365,11,V,113(a),C,-0.4835,5
-3.579,-2.242,15,V,113(a),D,-2.199,8
-2.531,-0.9889,14,V,113(a),E,-0.7062,11
-1.831,-0.4921,20,V,113(a),F,-0.1865,10
-1.135,-0.2084,11,V,113(a),G,0.5975,5
-2.58,-1.034,17,V,113(a),H,-0.788,11
-0.09532,-0.01021,14,V,113(a),I,-0.185,6
-1.965,-0.5684,10,V,113(a),K,-0.3384,8
0.4212,0.03534,18,V,113(a),L,0.2893,14
1.882,0.08791,9,V,113(a),M,0.3,6
-0.9111,-0.1483,11,V,113(a),N,-0.3192,5
0.2691,0.02422,16,V,113(a),P,0.008876,9
-0.8873,-0.1426,5,V,113(a),Q,-0.09891,3
-7.977,-5.929,5,V,113(a),R,-6,4
1.783,0.08625,10,V,113(a),S,0.4862,7
0.8574,0.05943,13,V,113(a),T,0.2976,9
0,0,,V,113(a),V,0,
-4.475,-3.597,6,V,113(a),W,-3.493,4
-2.015,-0.5987,10,V,113(a),Y,-0.5232,7
-0.1945,-0.02187,3,D,114(a),-,,
1.898,0.08816,14,D,114(a),A,-0.1855,9
-1.54,-0.3527,11,D,114(a),C,-0.2605,7
0,0,,D,114(a),D,0,
1.739,0.08546,10,D,114(a),E,-0.2031,4
0.251,0.02277,16,D,114(a),F,0.3886,9
0.4934,0.04007,15,D,114(a),G,0.05474,12
-1.136,-0.2086,11,D,114(a),H,0.1381,7
-2.279,-0.7809,7,D,114(a),I,-0.506,4
-2.11,-0.6602,7,D,114(a),K,-0.391,4
0.9298,0.06252,16,D,114(a),L,0.1863,14
0.3871,0.03299,12,D,114(a),M,0.2288,10
0.9834,0.06467,51,D,114(a),N,0.1436,9
-1.7,-0.425,6,D,114(a),P,-0.5317,3
0.7844,0.05608,8,D,114(a),Q,0.4843,4
-0.1325,-0.01445,10,D,114(a),R,0.2348,4
-0.6198,-0.08651,14,D,114(a),S,0.2346,11
-1.476,-0.3265,7,D,114(a),T,-0.4491,5
-2.031,-0.6088,6,D,114(a),V,-0.6416,4
0.3843,0.03279,9,D,114(a),W,0.2399,7
0.101,0.009834,12,D,114(a),Y,0.4399,5
-10.53,-6.04,2,K,115(a),*,,
0.2452,0.02231,3,K,115(a),-,,
-1.004,-0.1716,10,K,115(a),A,0.02264,4
-0.9316,-0.1533,12,K,115(a),C,0.02726,6
-1.142,-0.2105,6,K,115(a),D,-0.03113,5
-0.6688,-0.09576,18,K,115(a),E,0.1232,7
-1.933,-0.5494,14,K,115(a),F,-0.4464,8
0.8456,0.05891,9,K,115(a),G,0.03345,8
-1.864,-0.5103,13,K,115(a),H,-0.453,8
-2.961,-1.43,9,K,115(a),I,-1.283,7
0,0,,K,115(a),K,0,
-1.158,-0.2153,14,K,115(a),L,0.2587,7
-1.463,-0.3212,17,K,115(a),M,-0.2761,13
-1.446,-0.3146,9,K,115(a),N,0.371,2
-5.049,-4.377,20,K,115(a),P,-4.633,10
-0.9416,-0.1558,16,K,115(a),Q,0.02439,9
-0.9282,-0.1525,17,K,115(a),R,-0.3274,12
-1.529,-0.3481,10,K,115(a),S,-0.07495,5
-1.88,-0.5188,13,K,115(a),T,0.0574,7
-1.524,-0.3461,16,K,115(a),V,-0.152,12
-2.841,-1.296,11,K,115(a),W,-1.24,5
-2.121,-0.6678,12,K,115(a),Y,0.1754,6
-0.8944,-0.1443,2,F,116(a),-,,
-2.134,-0.6765,8,F,116(a),A,-0.7437,6
-2.162,-0.6956,12,F,116(a),C,-0.4319,7
-4.458,-3.572,10,F,116(a),D,-3.827,7
-3.748,-2.491,10,F,116(a),E,-2.319,6
0,0,,F,116(a),F,0,
-2.848,-1.304,9,F,116(a),G,-0.8788,6
-2.221,-0.7372,14,F,116(a),H,-0.7835,13
-0.8444,-0.1326,12,F,116(a),I,0.06084,7
-7.819,-5.909,8,F,116(a),K,-5.686,5
-0.1625,-0.01798,16,F,116(a),L,0.1562,11
-0.3705,-0.0455,12,F,116(a),M,0.08981,8
-3.196,-1.715,8,F,116(a),N,-1.735,2
-3.234,-1.765,5,F,116(a),P,-1.913,3
-2.786,-1.237,8,F,116(a),Q,-1.045,5
-6.937,-5.72,14,F,116(a),R,-6,10
-2.875,-1.333,15,F,116(a),S,-1.386,5
-2.505,-0.9656,11,F,116(a),T,-0.7409,10
-1.656,-0.4045,9,F,116(a),V,-0.1043,4
-2.844,-1.3,6,F,116(a),W,-1.41,3
-0.672,-0.09638,10,F,116(a),Y,-0.08393,8
-11.49,-6.046,17,W,117(a),*,-6,1
-11.67,-6.046,3,W,117(a),-,,
-4.425,-3.523,5,W,117(a),A,-3.688,3
-4.602,-3.782,17,W,117(a),C,-3.666,11
-5.672,-5.023,16,W,117(a),D,-4.433,8
-5.621,-4.978,8,W,117(a),E,-5.012,6
-1.557,-0.3599,13,W,117(a),F,-0.3015,9
-19.37,-6.049,11,W,117(a),G,-5.641,6
-4.327,-3.376,13,W,117(a),H,-3.224,8
-5.858,-5.172,12,W,117(a),I,-4.805,6
-11.22,-6.044,4,W,117(a),K,-6,2
-6.187,-5.392,13,W,117(a),L,-5.358,4
-5.021,-4.342,7,W,117(a),M,-4.238,3
-4.608,-3.79,14,W,117(a),N,-3.512,9
-10.21,-6.036,14,W,117(a),P,-6,9
-10.37,-6.038,9,W,117(a),Q,-4.957,6
-10.1,-6.035,16,W,117(a),R,-6,11
-4.419,-3.514,10,W,117(a),S,-2.851,6
-5.793,-5.122,14,W,117(a),T,-4.303,10
-5.368,-4.736,9,W,117(a),V,-4.366,4
0,0,,W,117(a),W,0,
-1.454,-0.3178,6,W,117(a),Y,0.3863,5
-0.3288,-0.03954,2,P,118(a),-,,
-11.3,-6.045,8,P,118(a),A,-4.681,6
-6.173,-5.384,13,P,118(a),C,-6,10
-9.245,-6.015,13,P,118(a),D,-6,9
-5.87,-5.181,10,P,118(a),E,-6,3
-5.823,-5.146,10,P,118(a),F,-5.213,5
-5.779,-5.111,8,P,118(a),G,-4.737,3
-6.235,-5.42,12,P,118(a),H,-5.222,7
-5.971,-5.254,12,P,118(a),I,-5.125,6
-7.492,-5.856,8,P,118(a),K,-6,4
-6.344,-5.479,13,P,118(a),L,-5.923,8
-5.775,-5.108,8,P,118(a),M,-4.874,6
-7.336,-5.824,8,P,118(a),N,-6,6
0,0,,P,118(a),P,0,
-7.085,-5.763,6,P,118(a),Q,-5.427,3
-9.785,-6.029,6,P,118(a),R,-6,5
-6.449,-5.531,16,P,118(a),S,-5.601,7
-28.61,-6.049,9,P,118(a),T,-6,6
-21.4,-6.049,5,P,118(a),V,-6,3
-4.78,-4.03,11,P,118(a),W,-4.383,7
-9.012,-6.006,7,P,118(a),Y,-5.288,5
-3.862,-2.664,4,S,119(a),-,,
-0.5532,-0.0746,17,S,119(a),A,-0.09005,6
-1.155,-0.2142,18,S,119(a),C,0.09015,10
-2.034,-0.611,7,S,119(a),D,-0.63,6
-3.081,-1.572,17,S,119(a),E,-1.246,10
-3.215,-1.741,12,S,119(a),F,-1.738,9
-1.552,-0.358,13,S,119(a),G,-0.1667,7
-2.434,-0.9049,13,S,119(a),H,-0.9065,7
-2.145,-0.6839,17,S,119(a),I,-0.5604,8
-4.836,-4.106,12,S,119(a),K,-4.247,8
-1.515,-0.3424,9,S,119(a),L,-0.0087,6
-1.684,-0.4177,17,S,119(a),M,-0.5179,11
-1.64,-0.397,15,S,119(a),N,-0.4285,9
-0.5945,-0.08189,9,S,119(a),P,-0.1638,8
-2.274,-0.7767,12,S,119(a),Q,-1.016,9
-5.407,-4.776,13,S,119(a),R,-4.615,6
0,0,,S,119(a),S,0,
0.4259,0.03566,5,S,119(a),T,-0.1465,3
-1.431,-0.3086,14,S,119(a),V,-0.2696,11
-4.002,-2.878,13,S,119(a),W,-2.751,10
-2.92,-1.383,18,S,119(a),Y,-1.216,12
-3.948,-2.794,4,V,120(a),-,,
1.208,0.07254,8,V,120(a),A,-0.6581,4
-1.073,-0.1904,12,V,120(a),C,0.1649,9
-0.2395,-0.02753,11,V,120(a),D,-0.1037,4
-0.609,-0.08453,12,V,120(a),E,-0.281,5
-0.4874,-0.06352,16,V,120(a),F,0.4731,7
-0.5353,-0.07151,11,V,120(a),G,0.2238,8
-1.222,-0.2351,13,V,120(a),H,0.2532,9
0.06619,0.006554,17,V,120(a),I,0.3371,5
0.07826,0.007705,13,V,120(a),K,-0.1304,6
-0.5714,-0.07777,10,V,120(a),L,-0.04755,4
-0.3389,-0.04096,12,V,120(a),M,-0.2411,9
0.7879,0.05625,6,V,120(a),N,0.3572,3
-1.203,-0.2291,12,V,120(a),P,-0.8445,7
-0.9845,-0.1666,4,V,120(a),Q,0.5155,1
0.9852,0.06474,6,V,120(a),R,0.0941,4
-1.589,-0.3739,13,V,120(a),S,-0.3385,10
-0.5069,-0.06673,16,V,120(a),T,0.02419,13
0,0,,V,120(a),V,0,
-0.5701,-0.07755,17,V,120(a),W,0.1678,12
-0.1646,-0.01824,16,V,120(a),Y,-0.4559,9
-2.127,-0.6714,4,I,121(a),-,,
-1.186,-0.2238,11,I,121(a),A,0.09637,7
0.3833,0.03273,17,I,121(a),C,0.3039,12
-2.047,-0.6186,9,I,121(a),D,-0.5702,8
-1.523,-0.3458,19,I,121(a),E,0.1314,11
-2.446,-0.9148,11,I,121(a),F,-0.7183,4
1.007,0.06558,6,I,121(a),G,-0.08639,4
-2.701,-1.151,9,I,121(a),H,-0.5819,6
0,0,,I,121(a),I,0,
-1.016,-0.1749,17,I,121(a),K,-0.05285,13
2.465,0.095,14,I,121(a),L,-0.2151,4
0.129,0.01239,17,I,121(a),M,0.317,12
-1.193,-0.2261,19,I,121(a),N,-0.08738,10
-3.076,-1.566,14,I,121(a),P,-1.508,10
-1.706,-0.4282,5,I,121(a),Q,0.3278,4
-1.168,-0.2183,16,I,121(a),R,-0.2049,8
-0.8204,-0.1272,17,I,121(a),S,-0.7008,7
-0.4103,-0.05141,15,I,121(a),T,0.44,4
-0.252,-0.02916,27,I,121(a),V,0.2753,6
-2.305,-0.8005,9,I,121(a),W,-0.3799,6
-2.397,-0.8737,9,I,121(a),Y,-0.5972,6
-1.778,-0.4644,5,T,122(a),-,,
-1.067,-0.1887,14,T,122(a),A,-0.2773,3
0.9077,0.0616,13,T,122(a),C,0.001737,9
-1.727,-0.4383,13,T,122(a),D,-0.3279,9
-0.3646,-0.04464,7,T,122(a),E,-0.5182,4
1.414,0.07836,11,T,122(a),F,-0.2272,7
1.232,0.07329,14,T,122(a),G,-0.04935,11
-0.5758,-0.07855,10,T,122(a),H,0.1472,5
-0.843,-0.1323,20,T,122(a),I,-0.02926,9
1.059,0.0675,11,T,122(a),K,0.1732,8
0.1935,0.01804,13,T,122(a),L,-0.03753,9
-1.3,-0.261,15,T,122(a),M,-0.02101,11
-1.367,-0.2847,17,T,122(a),N,0.05548,10
-2.396,-0.873,15,T,122(a),P,-0.2478,9
0.1233,0.01188,5,T,122(a),Q,-0.2082,2
0.6604,0.04981,13,T,122(a),R,0.1356,7
-0.5901,-0.08111,4,T,122(a),S,0.276,1
0,0,,T,122(a),T,0,
0.8995,0.06125,9,T,122(a),V,-0.03772,7
-1.568,-0.3646,8,T,122(a),W,0.08487,4
-1.323,-0.2691,10,T,122(a),Y,0.4599,7
-2.443,-0.9125,5,I,123(a),-,,
-0.1039,-0.01117,6,I,123(a),A,0.391,5
-2.665,-1.115,10,I,123(a),C,-1.035,6
-2.881,-1.339,4,I,123(a),D,-1.79,1
-0.6911,-0.1001,15,I,123(a),E,-0.0852,9
2.757,0.09727,19,I,123(a),F,-0.09298,8
-0.8852,-0.1421,18,I,123(a),G,-0.2252,12
1.894,0.08811,8,I,123(a),H,0.4656,6
0,0,,I,123(a),I,0,
-1.099,-0.1979,17,I,123(a),K,-0.04519,9
-1.012,-0.1739,13,I,123(a),L,-0.1612,4
0.1057,0.01027,11,I,123(a),M,-0.05563,6
-2.116,-0.6641,11,I,123(a),N,-0.244,8
-1.853,-0.5039,10,I,123(a),P,-0.334,9
-1.13,-0.2069,8,I,123(a),Q,0.04031,5
2.745,0.09719,12,I,123(a),R,0.2873,5
-1.272,-0.2516,11,I,123(a),S,-0.1105,9
-0.9366,-0.1545,14,I,123(a),T,0.3528,4
-0.6651,-0.09505,29,I,123(a),V,0.3051,11
-0.6848,-0.09888,13,I,123(a),W,0.5496,8
-0.9843,-0.1666,7,I,123(a),Y,-0.09616,5
-0.453,-0.05801,3,T,124(a),-,,
0.7195,0.0529,12,T,124(a),A,0.371,5
-0.4656,-0.06001,19,T,124(a),C,0.09708,15
-0.1552,-0.01712,9,T,124(a),D,0.1337,7
-0.7669,-0.1156,10,T,124(a),E,-0.06111,6
1.638,0.0835,4,T,124(a),F,0.4855,4
0.7403,0.05394,12,T,124(a),G,0.5522,6
-0.8195,-0.127,10,T,124(a),H,-0.04292,9
-0.3405,-0.04118,17,T,124(a),I,0.2165,8
1.158,0.07094,11,T,124(a),K,0.7924,7
-0.09004,-0.009616,7,T,124(a),L,-0.0734,2
0.2766,0.02481,6,T,124(a),M,0.1794,2
-1.173,-0.2198,9,T,124(a),N,-0.2577,5
-3.182,-1.698,13,T,124(a),P,-1.085,4
-0.26,-0.03021,17,T,124(a),Q,0.03445,13
0.7587,0.05485,4,T,124(a),R,0.03575,2
-0.8168,-0.1264,11,T,124(a),S,0.2484,7
0,0,,T,124(a),T,0,
1.854,0.08746,15,T,124(a),V,0.3869,8
0.5422,0.04309,12,T,124(a),W,-0.1034,7
1.102,0.06906,8,T,124(a),Y,-0.00765,4
-6.959,-5.727,20,W,125(a),*,-6,4
-3.685,-2.397,5,W,125(a),-,,
-2.765,-1.216,13,W,125(a),A,-0.527,9
-4.408,-3.497,8,W,125(a),C,-3.19,5
-13.34,-6.049,4,W,125(a),D,-4.94,3
-4.404,-3.491,12,W,125(a),E,-2.97,6
0.9317,0.0626,5,W,125(a),F,0.6836,3
-4.262,-3.277,10,W,125(a),G,-3.205,9
1.243,0.07362,8,W,125(a),H,0.0963,4
-1.289,-0.2574,10,W,125(a),I,-0.5046,3
-3.82,-2.6,6,W,125(a),K,-2.53,3
-1.181,-0.2224,16,W,125(a),L,-0.2469,7
-0.4285,-0.0542,7,W,125(a),M,-0.0614,2
-2.205,-0.7261,14,W,125(a),N,-0.9661,8
-2.13,-0.6734,5,W,125(a),P,-0.5055,2
-1.069,-0.1894,8,W,125(a),Q,-0.551,4
-2.128,-0.672,8,W,125(a),R,-0.01047,3
-3.427,-2.025,9,W,125(a),S,-1.766,8
-2.469,-0.9346,8,W,125(a),T,-0.3437,3
-1.064,-0.1879,10,W,125(a),V,-0.294,7
0,0,,W,125(a),W,0,
-1.791,-0.4708,11,W,125(a),Y,-0.1889,4
-0.1084,-0.01168,4,M,126(a),-,,
1.909,0.08835,12,M,126(a),A,0.121,10
-1.142,-0.2104,12,M,126(a),C,-0.2554,11
0.0592,0.005881,7,M,126(a),D,0.3012,5
-0.5091,-0.06711,7,M,126(a),E,-0.2638,4
-1.534,-0.3501,13,M,126(a),F,-0.4551,9
-0.0902,-0.009633,7,M,126(a),G,0.1649,4
-0.6075,-0.08426,11,M,126(a),H,0.09796,10
0.09951,0.009698,46,M,126(a),I,-0.09739,13
-0.2293,-0.02623,13,M,126(a),K,-0.6882,4
-0.511,-0.06742,9,M,126(a),L,0.09368,7
0,0,,M,126(a),M,0,
1.406,0.07816,7,M,126(a),N,0.4428,4
-4.895,-4.182,10,M,126(a),P,-3.887,6
-0.2214,-0.02523,12,M,126(a),Q,-0.3185,8
-0.1778,-0.01982,10,M,126(a),R,0.3595,6
-0.2139,-0.02428,13,M,126(a),S,-0.2374,8
-0.5331,-0.07114,19,M,126(a),T,-0.1895,10
-0.324,-0.03886,20,M,126(a),V,-0.1013,10
0.3238,0.02841,5,M,126(a),W,0.1623,3
-0.2472,-0.02853,11,M,126(a),Y,-0.1865,9
-0.3556,-0.04334,5,K,127(a),-,,
-2.434,-0.9049,7,K,127(a),A,-0.8955,3
0.8383,0.05858,11,K,127(a),C,-0.1773,7
1.06,0.06754,8,K,127(a),D,-0.2972,6
-1.425,-0.3065,13,K,127(a),E,0.09052,7
1.953,0.08901,13,K,127(a),F,-0.1081,6
-1.5,-0.3363,13,K,127(a),G,-0.1543,9
-1.289,-0.2574,11,K,127(a),H,-0.3258,8
-0.2153,-0.02446,9,K,127(a),I,0.3641,6
0,0,,K,127(a),K,0,
-0.8923,-0.1438,10,K,127(a),L,0.1467,8
-0.4291,-0.05429,13,K,127(a),M,0.1306,7
-1.55,-0.3571,12,K,127(a),N,-0.4067,7
-3.53,-2.172,13,K,127(a),P,-2.16,8
-0.5375,-0.07189,12,K,127(a),Q,0.1255,6
-0.3767,-0.04641,15,K,127(a),R,0.2533,8
-0.9452,-0.1567,6,K,127(a),S,-0.05205,4
0.3764,0.03224,9,K,127(a),T,0.1997,6
-1.091,-0.1956,14,K,127(a),V,-0.01475,10
-1.994,-0.5858,10,K,127(a),W,-0.2862,9
-1.158,-0.2154,18,K,127(a),Y,0.07189,11
-0.4574,-0.05871,5,N,128(a),-,,
0.1228,0.01184,9,N,128(a),A,-0.1572,3
-1.376,-0.2882,14,N,128(a),C,0.3424,5
-0.9515,-0.1582,10,N,128(a),D,0.0023,6
0.06299,0.006247,18,N,128(a),E,-0.1908,12
0.5812,0.0454,10,N,128(a),F,-0.126,7
-1.243,-0.242,13,N,128(a),G,-0.1299,11
-0.1685,-0.01871,10,N,128(a),H,-0.2774,5
1.219,0.07289,10,N,128(a),I,0.3056,8
1.646,0.08366,12,N,128(a),K,0.2381,8
-1.719,-0.4343,10,N,128(a),L,0.07436,5
1.846,0.08732,14,N,128(a),M,0.3564,6
0,0,,N,128(a),N,0,
-2.895,-1.356,15,N,128(a),P,-1.101,10
-0.6762,-0.0972,11,N,128(a),Q,-0.2462,7
1.799,0.08653,11,N,128(a),R,-0.1903,5
0.04777,0.004772,11,N,128(a),S,-0.3608,4
-1.045,-0.1828,16,N,128(a),T,-0.08708,11
-0.163,-0.01804,15,N,128(a),V,-0.1246,8
-1.719,-0.4347,10,N,128(a),W,-0.04823,7
0.1629,0.01541,8,N,128(a),Y,0.1249,5
-0.3201,-0.03832,5,G,129(a),-,,
0.631,0.04821,11,G,129(a),A,-0.2764,6
-1.018,-0.1755,18,G,129(a),C,0.2473,7
-0.3024,-0.03587,31,G,129(a),D,0.1432,11
-1.732,-0.4408,7,G,129(a),E,0.1577,5
-0.1798,-0.02007,9,G,129(a),F,-0.1525,4
0,0,,G,129(a),G,0,
1.917,0.08847,8,G,129(a),H,0.3469,3
-2.388,-0.8664,8,G,129(a),I,-0.3751,4
-0.4977,-0.06522,7,G,129(a),K,-0.00866,4
-1.177,-0.2209,8,G,129(a),L,0.00385,6
0.9752,0.06435,7,G,129(a),M,0.3854,1
0.02442,0.002468,4,G,129(a),N,0.2603,2
-3.877,-2.686,10,G,129(a),P,-2.529,9
-0.09876,-0.01059,12,G,129(a),Q,-0.09397,9
2.2,0.09229,12,G,129(a),R,0.1976,8
-0.7673,-0.1157,11,G,129(a),S,-0.02795,5
-0.8808,-0.1411,8,G,129(a),T,-0.1026,8
-0.9703,-0.163,22,G,129(a),V,-0.09439,14
-0.1586,-0.01752,9,G,129(a),W,-0.1749,6
1.561,0.08186,5,G,129(a),Y,0.3449,4
-7.691,-5.89,5,Q,130(a),*,-6,2
-0.6787,-0.09769,5,Q,130(a),-,,
-0.04394,-0.004588,13,Q,130(a),A,-0.06307,7
0.2418,0.02204,8,Q,130(a),C,0.1169,6
-0.7288,-0.1077,10,Q,130(a),D,-0.2023,6
-1.93,-0.5473,8,Q,130(a),E,-0.07759,5
0.9558,0.06358,4,Q,130(a),F,-0.7659,2
-0.3299,-0.03969,12,Q,130(a),G,0.3258,9
-0.1104,-0.01191,19,Q,130(a),H,-0.4243,11
1.286,0.07489,14,Q,130(a),I,0.4355,12
0.6255,0.04791,15,Q,130(a),K,0.1964,12
0.6774,0.05072,13,Q,130(a),L,0.5376,8
-0.07513,-0.007965,11,Q,130(a),M,0.4493,7
-0.6353,-0.08938,6,Q,130(a),N,-0.4455,4
-1.317,-0.2671,14,Q,130(a),P,-0.1247,3
0,0,,Q,130(a),Q,0,
0.3953,0.03356,9,Q,130(a),R,0.3996,5
2.565,0.09585,18,Q,130(a),S,0.2852,12
1.395,0.07789,11,Q,130(a),T,0.1726,9
0.3801,0.0325,21,Q,130(a),V,0.3632,12
3.203,0.09968,14,Q,130(a),W,-0.3496,9
0.544,0.04319,16,Q,130(a),Y,-0.1416,7
-7.427,-5.843,3,E,131(a),*,-6,1
-0.7606,-0.1143,5,E,131(a),-,,
1.696,0.08464,6,E,131(a),A,0.7398,3
0.6381,0.04861,13,E,131(a),C,0.0082,12
1.683,0.08439,20,E,131(a),D,0.202,10
0,0,,E,131(a),E,0,
-1.736,-0.4427,12,E,131(a),F,0.07911,8
0.2228,0.02049,21,E,131(a),G,-0.2468,9
0.0848,0.008322,18,E,131(a),H,-0.1081,10
1.647,0.08368,12,E,131(a),I,0.1068,10
-0.297,-0.03515,18,E,131(a),K,-0.2456,7
0.2044,0.01896,12,E,131(a),L,0.3229,7
-0.5333,-0.07117,12,E,131(a),M,-0.2745,11
0.1156,0.01118,8,E,131(a),N,0.1315,5
-0.5786,-0.07905,13,E,131(a),P,-0.1084,6
1.648,0.0837,16,E,131(a),Q,0.3662,12
-0.2432,-0.02801,13,E,131(a),R,0.3934,9
1.045,0.06702,9,E,131(a),S,0.1499,7
-0.6508,-0.09232,12,E,131(a),T,0.07786,7
1.746,0.08557,12,E,131(a),V,0.4909,8
-0.0005882,-6.015e-05,9,E,131(a),W,0.07518,6
-0.2998,-0.03553,8,E,131(a),Y,-0.2769,5
-0.6541,-0.09294,5,V,132(a),-,,
-0.4296,-0.05436,12,V,132(a),A,-0.5358,7
-0.06361,-0.006706,13,V,132(a),C,-0.2215,8
0.9579,0.06366,14,V,132(a),D,0.1886,8
-0.661,-0.09426,11,V,132(a),E,0.1247,8
0.8607,0.05958,6,V,132(a),F,0.1505,5
-1.415,-0.3025,10,V,132(a),G,-0.5062,8
2.339,0.09379,21,V,132(a),H,0.07112,11
-0.2799,-0.03284,12,V,132(a),I,0.07618,5
1.947,0.08892,10,V,132(a),K,0.1103,6
-0.6307,-0.08853,12,V,132(a),L,0.1036,5
-1.122,-0.2044,20,V,132(a),M,-0.6308,4
-0.6378,-0.08986,10,V,132(a),N,-0.04423,5
-1.236,-0.2399,10,V,132(a),P,-0.2927,5
1.98,0.08942,10,V,132(a),Q,0.8185,9
-0.2352,-0.02698,11,V,132(a),R,0.4211,9
1.061,0.0676,3,V,132(a),S,-0.1265,1
0.558,0.04404,13,V,132(a),T,0.1444,8
0,0,,V,132(a),V,0,
1.746,0.08559,12,V,132(a),W,0.009779,9
-1.045,-0.1827,7,V,132(a),Y,0.138,3
0.03303,0.003322,6,T,133(a),-,,
1.242,0.07359,19,T,133(a),A,-0.1559,13
0.8655,0.05979,16,T,133(a),C,-0.2144,8
1.522,0.08097,11,T,133(a),D,0.4183,8
-1.289,-0.2572,16,T,133(a),E,-0.325,12
-1.153,-0.2136,11,T,133(a),F,-0.2204,10
1.353,0.07677,9,T,133(a),G,0.05333,6
0.7682,0.05531,8,T,133(a),H,-0.02793,4
-1.519,-0.3438,20,T,133(a),I,-0.4622,11
1.917,0.08847,17,T,133(a),K,0.1888,12
-1.631,-0.3926,9,T,133(a),L,-0.4178,4
0.2141,0.01976,11,T,133(a),M,0.1659,7
0.2229,0.0205,14,T,133(a),N,0.2893,10
-1.077,-0.1917,15,T,133(a),P,-0.1606,12
-1.319,-0.2676,11,T,133(a),Q,-0.2524,9
0.05041,0.005029,10,T,133(a),R,0.2096,5
2.321,0.09361,10,T,133(a),S,0.4038,5
0,0,,T,133(a),T,0,
2.643,0.09646,4,T,133(a),V,0.1313,3
0.01331,0.001352,13,T,133(a),W,-0.1255,7
-0.2332,-0.02673,13,T,133(a),Y,-0.4442,9
-7.76,-5.9,2,E,134(a),*,,
-0.05721,-0.006012,10,E,134(a),-,,
0.4244,0.03556,10,E,134(a),A,0.03718,6
-0.2417,-0.02782,9,E,134(a),C,0.1825,4
-0.8959,-0.1446,17,E,134(a),D,-0.2257,9
0,0,,E,134(a),E,0,
-0.05743,-0.006036,13,E,134(a),F,-0.08343,7
-0.8183,-0.1268,19,E,134(a),G,-0.06781,9
-0.1989,-0.02241,9,E,134(a),H,-0.2092,6
-0.01853,-0.001911,24,E,134(a),I,-0.1663,19
-0.1305,-0.01421,34,E,134(a),K,0.2487,16
-0.1001,-0.01074,16,E,134(a),L,-0.02581,11
-1.221,-0.235,13,E,134(a),M,-0.4137,9
-1.491,-0.3323,15,E,134(a),N,-0.08495,11
0.2803,0.02509,7,E,134(a),P,0.2767,2
0.1381,0.01322,18,E,134(a),Q,0.1306,10
1.271,0.07445,3,E,134(a),R,-0.3992,1
0.9742,0.06431,11,E,134(a),S,0.1661,9
-0.5425,-0.07274,13,E,134(a),T,-0.3106,7
2.912,0.09823,13,E,134(a),V,0.4943,9
-1.765,-0.4574,12,E,134(a),W,-0.2861,6
0.1095,0.01062,11,E,134(a),Y,0.2451,8
-7.264,-5.808,7,G,135(a),*,,
-0.6511,-0.09237,10,G,135(a),-,,
1.026,0.0663,7,G,135(a),A,-0.8698,3
-0.09277,-0.009921,12,G,135(a),C,-0.4718,5
-0.217,-0.02468,7,G,135(a),D,0.3649,5
-0.2978,-0.03525,24,G,135(a),E,0.01535,7
-1.46,-0.3199,10,G,135(a),F,-0.2926,7
0,0,,G,135(a),G,0,
-1.449,-0.3157,8,G,135(a),H,-0.7213,6
2.586,0.09603,10,G,135(a),I,-0.2071,4
-0.2547,-0.0295,16,G,135(a),K,0.03752,11
-0.4899,-0.06393,10,G,135(a),L,-0.1766,8
-0.7648,-0.1152,14,G,135(a),M,-0.3556,8
0.6939,0.05158,15,G,135(a),N,0.3157,7
-1.546,-0.3552,10,G,135(a),P,-0.4229,8
2.241,0.09275,8,G,135(a),Q,-0.2428,6
-0.4711,-0.06089,30,G,135(a),R,-0.166,11
-0.4737,-0.06131,8,G,135(a),S,-0.4507,6
-0.2015,-0.02274,16,G,135(a),T,-0.1953,10
-0.08335,-0.008873,14,G,135(a),V,-0.1504,10
-1.323,-0.2689,14,G,135(a),W,-0.6988,9
-1.393,-0.2944,15,G,135(a),Y,-0.6526,8
-0.8396,-0.1315,11,V,136(a),-,,
-0.07403,-0.007844,10,V,136(a),A,0.2533,6
0.2297,0.02105,8,V,136(a),C,0.4505,5
-2.177,-0.7059,6,V,136(a),D,-0.9791,2
-1.307,-0.2635,7,V,136(a),E,-0.3152,4
-1.891,-0.5253,17,V,136(a),F,-0.3779,12
0.03452,0.00347,10,V,136(a),G,-0.7403,7
-0.4553,-0.05838,13,V,136(a),H,-0.4819,6
-0.8784,-0.1405,6,V,136(a),I,-0.07114,6
0.6834,0.05104,6,V,136(a),K,0.3006,4
0.3815,0.0326,15,V,136(a),L,-0.113,5
-0.1029,-0.01106,22,V,136(a),M,0.07248,7
-1.249,-0.2441,9,V,136(a),N,-0.3934,8
-1.424,-0.3062,10,V,136(a),P,-0.1575,9
-0.6157,-0.08575,12,V,136(a),Q,-0.1545,9
-0.8929,-0.1439,6,V,136(a),R,-0.08067,3
0.4767,0.03901,10,V,136(a),S,-0.4189,5
-0.9322,-0.1534,11,V,136(a),T,-0.376,6
0,0,,V,136(a),V,0,
-0.2154,-0.02447,10,V,136(a),W,-0.2586,4
-1.036,-0.1803,20,V,136(a),Y,-0.8162,14
-1.994,-0.5856,11,S,137(a),-,,
0.3533,0.03058,11,S,137(a),A,-0.5485,7
-1.242,-0.2416,13,S,137(a),C,-0.4324,9
2.35,0.09391,12,S,137(a),D,0.5879,9
2.311,0.09351,9,S,137(a),E,0.6487,4
-1.259,-0.2472,11,S,137(a),F,-0.1603,2
-1.973,-0.5728,7,S,137(a),G,-0.4178,5
-0.1427,-0.01564,12,S,137(a),H,-0.02797,10
2.028,0.09009,6,S,137(a),I,0.8626,5
0.4362,0.03635,8,S,137(a),K,0.3426,3
1.9,0.08819,10,S,137(a),L,0.5249,7
1.032,0.06654,7,S,137(a),M,1.003,2
3.251,0.09988,10,S,137(a),N,1.104,5
-1.239,-0.2407,11,S,137(a),P,-0.461,5
0.2977,0.02644,11,S,137(a),Q,0.4147,7
-1.659,-0.4057,9,S,137(a),R,-0.4312,5
0,0,,S,137(a),S,0,
2.184,0.0921,12,S,137(a),T,0.8398,7
0.2344,0.02143,10,S,137(a),V,0.2903,6
0.4666,0.03836,12,S,137(a),W,0.407,6
-0.09737,-0.01044,9,S,137(a),Y,-0.2292,5
-7.11,-5.77,3,E,138(a),*,,
-0.6922,-0.1003,12,E,138(a),-,,
-0.9491,-0.1576,10,E,138(a),A,0.6851,7
-0.4113,-0.05156,16,E,138(a),C,0.3288,10
-0.04135,-0.004312,11,E,138(a),D,0.2792,7
0,0,,E,138(a),E,0,
-0.8862,-0.1423,15,E,138(a),F,0.1016,8
0.3254,0.02853,17,E,138(a),G,0.3605,6
0.3516,0.03045,18,E,138(a),H,-0.1396,9
0.3995,0.03386,14,E,138(a),I,0.1836,10
-0.1429,-0.01566,19,E,138(a),K,0.2317,3
-0.4598,-0.05909,16,E,138(a),L,0.1366,6
-0.4391,-0.05583,10,E,138(a),M,0.1083,5
1.556,0.08175,9,E,138(a),N,-0.02678,5
-1.508,-0.3395,11,E,138(a),P,-0.234,8
0.7375,0.0538,10,E,138(a),Q,-0.08746,7
1.042,0.06689,4,E,138(a),R,-0.1862,3
-0.9251,-0.1517,10,E,138(a),S,0.5798,4
1.075,0.06811,11,E,138(a),T,0.6502,7
0.5148,0.04142,13,E,138(a),V,0.729,8
-0.7886,-0.1203,16,E,138(a),W,0.2177,12
1.687,0.08447,15,E,138(a),Y,0.3612,9
-1.576,-0.3682,13,T,139(a),-,,
-2.558,-1.013,13,T,139(a),A,-0.873,8
-2.386,-0.8648,13,T,139(a),C,-0.5657,6
-1.341,-0.2753,15,T,139(a),D,-0.3448,7
-2.194,-0.7183,7,T,139(a),E,0.1281,1
-2.453,-0.9205,13,T,139(a),F,-0.3892,10
-0.9031,-0.1464,10,T,139(a),G,-0.526,7
-0.4957,-0.06489,12,T,139(a),H,0.2467,5
-2.674,-1.124,26,T,139(a),I,-1.007,8
-1.046,-0.183,7,T,139(a),K,-0.5253,3
-1.353,-0.2797,13,T,139(a),L,-0.1229,11
-0.3027,-0.03592,11,T,139(a),M,0.4481,8
0.3445,0.02994,13,T,139(a),N,0.02747,7
-1.033,-0.1794,14,T,139(a),P,-0.156,10
-1.799,-0.4753,10,T,139(a),Q,-0.03949,8
-1.754,-0.4517,10,T,139(a),R,-0.03944,5
-0.6996,-0.1018,12,T,139(a),S,-0.3186,5
0,0,,T,139(a),T,0,
-1.722,-0.436,12,T,139(a),V,-0.3753,10
-1.101,-0.1984,9,T,139(a),W,0.7053,5
-1.932,-0.5485,17,T,139(a),Y,0.09102,8
-0.6504,-0.09223,12,V,140(a),-,,
-1.269,-0.2507,12,V,140(a),A,-0.3578,7
-0.7213,-0.1062,13,V,140(a),C,-0.1909,7
-1.788,-0.4694,11,V,140(a),D,-0.04499,5
-1.521,-0.3447,20,V,140(a),E,-0.301,12
0.6498,0.04924,17,V,140(a),F,-0.3677,13
-2.212,-0.7309,13,V,140(a),G,-0.6411,10
-1.664,-0.4078,19,V,140(a),H,-0.6882,12
1.252,0.0739,8,V,140(a),I,-0.192,7
1.58,0.08226,12,V,140(a),K,0.02776,9
-0.1793,-0.02,16,V,140(a),L,-0.1816,11
-0.6255,-0.08757,33,V,140(a),M,-0.1367,7
0.7628,0.05505,11,V,140(a),N,0.04795,5
-1.335,-0.2735,10,V,140(a),P,-0.5031,7
0.4305,0.03597,13,V,140(a),Q,0.2232,6
-0.9488,-0.1576,16,V,140(a),R,-0.4545,11
-1.38,-0.2896,8,V,140(a),S,-0.3489,7
-1.109,-0.2006,17,V,140(a),T,0.1412,10
0,0,,V,140(a),V,0,
-1.305,-0.2629,9,V,140(a),W,-0.2889,7
-0.3464,-0.04202,10,V,140(a),Y,-0.07854,4
-1.627,-0.3911,13,F,141(a),-,,
-1.918,-0.5403,7,F,141(a),A,-0.2254,4
1.045,0.067,11,F,141(a),C,0.04131,9
-2.306,-0.8012,4,F,141(a),D,-0.5739,2
-1.337,-0.274,16,F,141(a),E,-0.0528,11
0,0,,F,141(a),F,0,
-1.419,-0.3043,16,F,141(a),G,-0.02924,8
-1.517,-0.343,11,F,141(a),H,-0.163,5
1.322,0.0759,13,F,141(a),I,0.6176,8
-1.328,-0.271,14,F,141(a),K,-0.01075,8
-0.8989,-0.1454,12,F,141(a),L,0.2771,5
0.8691,0.05994,13,F,141(a),M,0.2085,11
-0.06995,-0.007397,16,F,141(a),N,0.4248,8
-1.41,-0.3007,11,F,141(a),P,0.08936,8
-1.862,-0.5091,11,F,141(a),Q,-0.4891,8
-3.159,-1.668,7,F,141(a),R,-0.2277,2
-1.291,-0.258,5,F,141(a),S,-0.07447,4
-0.5723,-0.07794,13,F,141(a),T,-0.08099,12
-1.727,-0.4386,15,F,141(a),V,-0.3471,9
-0.8096,-0.1248,14,F,141(a),W,-0.6364,7
-0.2273,-0.02597,14,F,141(a),Y,0.1984,5
-3.258,-1.796,1,Y,142(a),*,,
-2.035,-0.6114,14,Y,142(a),-,,
-0.875,-0.1397,7,Y,142(a),A,-0.0204,4
-1.142,-0.2104,20,Y,142(a),C,0.4904,3
-2.125,-0.6704,14,Y,142(a),D,-0.4146,8
-1.628,-0.3912,19,Y,142(a),E,-0.0311,10
-0.9326,-0.1535,10,Y,142(a),F,-0.04649,5
-0.3382,-0.04086,12,Y,142(a),G,0.1908,9
-0.5195,-0.06884,14,Y,142(a),H,-0.2315,8
0.2183,0.02012,9,Y,142(a),I,0.01535,6
0.1644,0.01554,11,Y,142(a),K,0.2183,7
-0.5437,-0.07295,13,Y,142(a),L,-0.1104,9
-0.05797,-0.006095,10,Y,142(a),M,0.1795,7
1.763,0.08588,4,Y,142(a),N,0.4341,2
-2.571,-1.025,6,Y,142(a),P,-0.3765,4
-0.8326,-0.13,11,Y,142(a),Q,-0.4525,7
0.5654,0.04447,7,Y,142(a),R,-0.112,5
-1.408,-0.2999,11,Y,142(a),S,0.2258,5
-1.481,-0.3286,16,Y,142(a),T,-0.3576,8
-0.8357,-0.1307,12,Y,142(a),V,-0.3321,8
1.556,0.08175,14,Y,142(a),W,0.4657,9
0,0,,Y,142(a),Y,0,
-7.27,-5.81,2,R,143(a),*,-6,1
-1.911,-0.5365,16,R,143(a),-,,
-0.1313,-0.01431,14,R,143(a),A,-0.1142,8
-1.21,-0.2312,15,R,143(a),C,0.2412,9
-2.675,-1.124,14,R,143(a),D,-1.11,9
-3.588,-2.255,9,R,143(a),E,-2.346,7
-0.7445,-0.1109,13,R,143(a),F,0.2338,11
-0.9439,-0.1563,18,R,143(a),G,-0.1406,13
-0.1871,-0.02096,6,R,143(a),H,-0.3866,4
-0.6908,-0.1001,10,R,143(a),I,-0.247,5
-0.5155,-0.06816,13,R,143(a),K,0.00167,6
0.02909,0.002932,15,R,143(a),L,-0.06748,7
-0.9497,-0.1578,13,R,143(a),M,0.3654,5
-1.236,-0.2398,9,R,143(a),N,0.03099,5
-2.591,-1.044,6,R,143(a),P,-1.041,5
-1.866,-0.5111,11,R,143(a),Q,-0.5694,9
0,0,,R,143(a),R,0,
-1.007,-0.1724,17,R,143(a),S,-0.2271,10
-0.5828,-0.0798,16,R,143(a),T,0.1485,7
-0.404,-0.05046,20,R,143(a),V,0.00986,14
-0.6699,-0.09599,13,R,143(a),W,0.04109,9
-1.466,-0.3222,10,R,143(a),Y,-0.2969,7
-9.843,-6.03,9,Q,144(a),*,-6,2
-2.033,-0.61,16,Q,144(a),-,,
-0.7931,-0.1212,9,Q,144(a),A,0.06498,9
-0.7527,-0.1126,9,Q,144(a),C,0.2746,6
0.08542,0.008381,10,Q,144(a),D,0.2136,8
-0.4036,-0.0504,14,Q,144(a),E,0.04113,6
-1.468,-0.3233,5,Q,144(a),F,-0.5041,2
-0.5713,-0.07775,12,Q,144(a),G,0.114,8
0.2739,0.02459,14,Q,144(a),H,-0.1389,4
-0.8821,-0.1414,11,Q,144(a),I,-0.5432,4
-0.3047,-0.0362,13,Q,144(a),K,-0.03512,5
1.499,0.08045,11,Q,144(a),L,0.2558,6
-0.198,-0.0223,9,Q,144(a),M,-0.1393,4
2.081,0.09081,14,Q,144(a),N,0.3167,9
-2.427,-0.8984,14,Q,144(a),P,-1.222,9
0,0,,Q,144(a),Q,0,
1.115,0.0695,15,Q,144(a),R,-0.09056,7
-0.2672,-0.03116,18,Q,144(a),S,0.2664,14
0.9301,0.06253,9,Q,144(a),T,0.02775,7
-0.8134,-0.1257,13,Q,144(a),V,-0.3299,7
0.6842,0.05108,8,Q,144(a),W,-0.2257,5
-1.778,-0.4641,12,Q,144(a),Y,-0.4438,9
-0.7353,-0.109,17,A,145(a),-,,
0,0,,A,145(a),A,0,
2.146,0.09163,7,A,145(a),C,0.5682,3
0.505,0.04081,21,A,145(a),D,-0.01025,13
1.901,0.08822,10,A,145(a),E,0.6676,5
2.448,0.09484,17,A,145(a),F,0.01267,10
1.399,0.07797,9,A,145(a),G,0.1024,7
-0.08849,-0.009443,19,A,145(a),H,-0.257,11
-0.1668,-0.0185,7,A,145(a),I,-0.3345,2
-0.5533,-0.07461,7,A,145(a),K,0.1816,4
-0.3425,-0.04147,14,A,145(a),L,-0.3461,10
0.08561,0.008399,13,A,145(a),M,0.2287,8
1.728,0.08524,10,A,145(a),N,0.3755,5
0.2197,0.02023,10,A,145(a),P,-0.09626,5
1.851,0.08741,12,A,145(a),Q,-0.2548,7
-0.3815,-0.04711,13,A,145(a),R,-0.1666,8
0.1813,0.017,14,A,145(a),S,0.1682,7
0.07051,0.006967,17,A,145(a),T,0.1015,7
0.3087,0.02728,32,A,145(a),V,-0.3908,15
-0.3284,-0.03948,14,A,145(a),W,-0.07925,6
-0.5128,-0.06771,10,A,145(a),Y,-0.1076,7
-0.9714,-0.1633,12,D,146(a),-,,
-1.614,-0.385,10,D,146(a),A,-0.3977,7
-0.856,-0.1353,15,D,146(a),C,-0.08073,11
0,0,,D,146(a),D,0,
0.5843,0.04558,12,D,146(a),E,0.217,7
-0.8466,-0.1331,11,D,146(a),F,-0.3778,7
-0.9601,-0.1604,21,D,146(a),G,-0.3254,8
-1.676,-0.4139,15,D,146(a),H,0.09745,8
-1.63,-0.3922,17,D,146(a),I,-0.1769,12
-1.261,-0.2478,11,D,146(a),K,0.1777,7
-1.613,-0.3844,15,D,146(a),L,-0.3672,13
-0.5423,-0.07272,9,D,146(a),M,-0.01118,5
-0.09671,-0.01036,25,D,146(a),N,0.124,5
-1.384,-0.291,14,D,146(a),P,-0.1163,7
-1.355,-0.2806,10,D,146(a),Q,0.1394,7
-2,-0.5895,14,D,146(a),R,-0.2859,10
0.7016,0.05198,10,D,146(a),S,-0.1205,7
-1.482,-0.3289,14,D,146(a),T,-0.3756,9
-2.168,-0.7,9,D,146(a),V,-0.7642,9
-1.401,-0.2975,12,D,146(a),W,-0.07375,10
-1.205,-0.2299,15,D,146(a),Y,-0.0693,7
0.004434,0.0004522,13,N,147(a),-,,
-1.75,-0.45,10,N,147(a),A,-0.4764,7
-0.02971,-0.003082,12,N,147(a),C,0.09024,9
-0.6864,-0.09919,15,N,147(a),D,0.03685,6
-0.9459,-0.1568,15,N,147(a),E,-0.03537,10
0.3152,0.02776,3,N,147(a),F,-0.04425,2
-0.8485,-0.1336,10,N,147(a),G,0.0585,8
0.2169,0.02,16,N,147(a),H,0.4331,6
-2.198,-0.7211,11,N,147(a),I,-0.07968,3
-2.198,-0.7212,9,N,147(a),K,-0.8431,3
-1.376,-0.288,13,N,147(a),L,-0.08951,9
-0.9342,-0.1539,7,N,147(a),M,-0.6509,5
0,0,,N,147(a),N,0,
-2.834,-1.288,9,N,147(a),P,-1.391,6
-1.655,-0.4037,17,N,147(a),Q,-0.3795,8
-1.992,-0.5846,17,N,147(a),R,-0.5916,13
-0.7214,-0.1062,13,N,147(a),S,0.03647,4
-1.6,-0.3786,14,N,147(a),T,-0.633,10
-2.31,-0.8043,12,N,147(a),V,-0.5172,6
-0.9645,-0.1615,12,N,147(a),W,-0.1842,9
-0.8522,-0.1344,10,N,147(a),Y,-0.2272,7
-0.9612,-0.1607,12,G,148(a),-,,
-1.145,-0.2113,10,G,148(a),A,-0.2445,8
-0.2292,-0.02622,23,G,148(a),C,-0.216,14
-0.8282,-0.129,14,G,148(a),D,0.1748,3
-0.8809,-0.1411,16,G,148(a),E,-0.3387,9
-1.433,-0.3096,10,G,148(a),F,-0.6227,9
0,0,,G,148(a),G,0,
1.437,0.07895,8,G,148(a),H,0.3896,4
0.906,0.06153,6,G,148(a),I,0.3421,3
1.469,0.07974,9,G,148(a),K,0.2141,7
-0.3064,-0.03643,8,G,148(a),L,-0.107,4
0.5529,0.04373,5,G,148(a),M,0.1694,3
0.6479,0.04914,9,G,148(a),N,0.4556,4
-2.247,-0.7565,15,G,148(a),P,-0.6864,9
0.05824,0.005789,8,G,148(a),Q,-0.1238,7
0.3367,0.02937,9,G,148(a),R,-0.1251,7
-1.39,-0.2932,16,G,148(a),S,-0.5764,7
-1.337,-0.2741,11,G,148(a),T,0.1601,5
-2.167,-0.6991,16,G,148(a),V,-0.5518,8
-0.9471,-0.1571,12,G,148(a),W,0.01202,10
0.0911,0.008914,14,G,148(a),Y,0.0184,8
-12.39,-6.048,1,F,149(a),*,-6,1
-4.22,-3.213,13,F,149(a),-,-3.309,1
-1.98,-0.5772,12,F,149(a),A,-0.21,7
-0.7364,-0.1092,9,F,149(a),C,0.1274,5
-1.7,-0.4253,7,F,149(a),D,-0.3842,3
-2.843,-1.298,4,F,149(a),E,-1.071,3
0,0,,F,149(a),F,0,
-1.864,-0.5099,10,F,149(a),G,-0.184,5
-0.2279,-0.02606,6,F,149(a),H,-0.7096,3
-1.32,-0.268,13,F,149(a),I,-0.3851,7
-4.044,-2.943,5,F,149(a),K,-3.452,2
-0.6811,-0.09815,11,F,149(a),L,-0.4394,5
0.8191,0.0577,13,F,149(a),M,0.0763,6
-1.337,-0.274,10,F,149(a),N,-0.264,6
-2.254,-0.7615,9,F,149(a),P,-0.6613,6
-1.621,-0.3884,11,F,149(a),Q,-0.2384,8
-4.208,-3.195,13,F,149(a),R,-3.194,10
-2.805,-1.258,17,F,149(a),S,-0.8841,8
-3.115,-1.614,5,F,149(a),T,-1.872,3
-1.635,-0.3947,16,F,149(a),V,-0.3604,10
-0.9252,-0.1517,8,F,149(a),W,0.5032,6
-2.319,-0.8112,7,F,149(a),Y,-0.314,3
-7.272,-5.81,2,Y,150(a),*,-6,2
-0.8571,-0.1355,11,Y,150(a),-,,
0.1452,0.01385,15,Y,150(a),A,-0.176,8
1.496,0.08038,17,Y,150(a),C,-0.02101,6
-1.141,-0.21,18,Y,150(a),D,-0.08151,11
0.453,0.03747,9,Y,150(a),E,-0.1206,5
-0.1469,-0.01613,12,Y,150(a),F,-0.0567,8
-1.763,-0.4565,8,Y,150(a),G,-0.255,7
-0.3506,-0.04263,16,Y,150(a),H,0.1308,8
-0.329,-0.03957,11,Y,150(a),I,0.01435,8
-1.168,-0.2182,10,Y,150(a),K,-0.1787,4
0.5834,0.04552,13,Y,150(a),L,0.0134,8
-0.9781,-0.165,16,Y,150(a),M,0.1389,12
0.2559,0.02317,14,Y,150(a),N,0.3681,10
-4.209,-3.196,6,Y,150(a),P,-2.947,4
-0.4229,-0.05333,8,Y,150(a),Q,-0.4072,4
-1.462,-0.3208,8,Y,150(a),R,-0.3289,5
-0.7166,-0.1052,8,Y,150(a),S,0.1871,3
0.3884,0.03308,11,Y,150(a),T,-0.3045,5
0.9546,0.06353,16,Y,150(a),V,-0.07706,12
-1.127,-0.206,12,Y,150(a),W,-0.1557,7
0,0,,Y,150(a),Y,0,
-9.278,-6.016,1,K,151(a),*,,
-0.5867,-0.08048,10,K,151(a),-,,
-2.204,-0.7253,11,K,151(a),A,-1.043,4
-1.294,-0.2589,18,K,151(a),C,-0.4159,13
-2.176,-0.7054,16,K,151(a),D,-0.1964,11
-1.28,-0.2541,6,K,151(a),E,-0.7339,3
-1.781,-0.4659,8,K,151(a),F,-0.2826,6
-2.609,-1.061,8,K,151(a),G,-1.165,6
-1.65,-0.4014,9,K,151(a),H,-0.371,9
-1.49,-0.332,9,K,151(a),I,-0.678,6
0,0,,K,151(a),K,0,
-1.741,-0.4454,11,K,151(a),L,-0.1951,5
-0.9729,-0.1637,11,K,151(a),M,0.4209,6
-4.038,-2.934,16,K,151(a),N,-2.692,9
-7.737,-5.897,11,K,151(a),P,-6,8
-1.044,-0.1824,10,K,151(a),Q,0.03878,5
1.354,0.07678,13,K,151(a),R,0.1032,8
-1.027,-0.1779,18,K,151(a),S,-0.09791,11
-1.568,-0.3646,7,K,151(a),T,-0.06772,3
-1.452,-0.3168,9,K,151(a),V,0.09831,5
-2.867,-1.324,13,K,151(a),W,-1.333,10
-1.414,-0.3024,9,K,151(a),Y,-0.4281,5
-0.4705,-0.0608,11,F,152(a),-,,
-1.6,-0.3786,8,F,152(a),A,-0.291,4
0.5112,0.04119,8,F,152(a),C,0.01967,6
-2.933,-1.397,9,F,152(a),D,-1.324,7
-2.135,-0.677,10,F,152(a),E,-0.6082,8
0,0,,F,152(a),F,0,
-2.9,-1.361,7,F,152(a),G,-0.8696,5
-1.84,-0.4968,17,F,152(a),H,-0.39,12
-0.7037,-0.1026,12,F,152(a),I,-0.1786,8
-2.12,-0.6669,10,F,152(a),K,-0.3959,8
-1.06,-0.1868,13,F,152(a),L,-0.1804,6
-0.09934,-0.01066,8,F,152(a),M,-0.2046,4
-1.358,-0.2817,9,F,152(a),N,-0.42,5
-2.608,-1.06,9,F,152(a),P,-0.7082,5
-1.6,-0.3787,8,F,152(a),Q,-0.1604,6
-2.424,-0.8957,7,F,152(a),R,-0.627,4
-1.604,-0.3805,11,F,152(a),S,-0.4345,4
0.7452,0.05419,4,F,152(a),T,0.4329,2
-1.556,-0.3594,6,F,152(a),V,-0.3488,4
0.01193,0.001213,10,F,152(a),W,-0.1406,6
0.9343,0.06271,12,F,152(a),Y,0.06984,8
-0.3429,-0.04152,11,S,153(a),-,,
0.3255,0.02853,6,S,153(a),A,0.1223,3
-1.17,-0.2189,10,S,153(a),C,-0.03569,5
-1.456,-0.3184,8,S,153(a),D,-0.6144,5
0.1504,0.01431,17,S,153(a),E,-0.2679,10
-0.3607,-0.04408,13,S,153(a),F,-0.2786,9
-0.2164,-0.02459,20,S,153(a),G,-0.7249,8
-0.2792,-0.03274,6,S,153(a),H,0.4695,1
-0.1828,-0.02043,19,S,153(a),I,0.03469,10
-0.1575,-0.01739,9,S,153(a),K,0.4753,5
-0.3759,-0.04628,13,S,153(a),L,-0.07482,9
-0.8317,-0.1298,11,S,153(a),M,-0.2179,7
0.6374,0.04857,17,S,153(a),N,-0.1102,10
-7.09,-5.765,8,S,153(a),P,-6,4
-0.6204,-0.08661,13,S,153(a),Q,0.08719,11
0.06318,0.006265,21,S,153(a),R,0.52,9
0,0,,S,153(a),S,0,
1.115,0.06948,9,S,153(a),T,-0.2347,5
-0.2122,-0.02407,16,S,153(a),V,0.3418,4
-0.4369,-0.0555,10,S,153(a),W,0.04196,8
0.9123,0.0618,4,S,153(a),Y,0.2254,2
-7.036,-5.75,5,Y,154(a),*,-6,1
-6.249,-5.427,12,Y,154(a),-,,
-0.8603,-0.1363,12,Y,154(a),A,0.2908,8
-1.87,-0.5132,11,Y,154(a),C,-0.1006,5
-2.112,-0.6616,17,Y,154(a),D,-0.4907,13
-0.5694,-0.07741,11,Y,154(a),E,0.06314,8
0.212,0.01959,15,Y,154(a),F,-0.3358,11
-1.236,-0.2398,8,Y,154(a),G,0.2724,4
-0.7344,-0.1088,18,Y,154(a),H,0.4921,10
1.9,0.08819,14,Y,154(a),I,0.07073,10
0.7655,0.05517,7,Y,154(a),K,0.665,5
-1.455,-0.3179,15,Y,154(a),L,-0.3349,8
2.718,0.09701,15,Y,154(a),M,0.3517,9
-0.6249,-0.08745,9,Y,154(a),N,0.7706,5
-2.415,-0.8884,14,Y,154(a),P,-0.7468,9
-1.461,-0.3203,9,Y,154(a),Q,0.2487,6
2.445,0.09482,10,Y,154(a),R,0.7539,8
-0.1451,-0.01592,15,Y,154(a),S,1.159,8
0.7447,0.05416,15,Y,154(a),T,0.6887,9
-0.7971,-0.1221,8,Y,154(a),V,0.2349,6
-0.6286,-0.08814,11,Y,154(a),W,0.1512,9
0,0,,Y,154(a),Y,0,
-0.387,-0.04793,9,L,155(a),-,,
-1.278,-0.2537,9,L,155(a),A,-0.1484,6
5.451,0.1035,11,L,155(a),C,0.08267,5
-3.389,-1.973,8,L,155(a),D,-2.56,3
-1.948,-0.5583,9,L,155(a),E,-0.2485,7
-0.8284,-0.129,17,L,155(a),F,-0.128,8
-2.333,-0.8224,9,L,155(a),G,-0.4142,5
-1.252,-0.2451,5,L,155(a),H,-0.5292,3
-0.6707,-0.09613,20,L,155(a),I,-0.2745,4
-0.7776,-0.1179,9,L,155(a),K,0.6251,4
0,0,,L,155(a),L,0,
-0.9909,-0.1683,14,L,155(a),M,0.1466,9
0.1474,0.01404,17,L,155(a),N,0.07177,13
-7.835,-5.911,12,L,155(a),P,-6,8
-1.234,-0.2391,9,L,155(a),Q,-0.004655,4
-0.5846,-0.08012,13,L,155(a),R,0.4456,9
-1.406,-0.2993,14,L,155(a),S,-0.02669,11
0.0007332,7.519e-05,11,L,155(a),T,-0.5341,6
2.161,0.09182,13,L,155(a),V,0.08142,6
-2.093,-0.6488,8,L,155(a),W,-0.4441,7
-0.3516,-0.04277,10,L,155(a),Y,-0.4756,5
-0.5365,-0.07172,9,P,156(a),-,,
-0.7344,-0.1088,9,P,156(a),A,-0.2969,6
0.1362,0.01305,7,P,156(a),C,0.1055,4
0.8759,0.06024,17,P,156(a),D,0.7785,10
2.076,0.09074,12,P,156(a),E,0.8628,8
1.543,0.08146,12,P,156(a),F,0.4352,8
0.2989,0.02653,12,P,156(a),G,0.5613,6
2.893,0.09813,16,P,156(a),H,1.049,12
-0.495,-0.06477,11,P,156(a),I,-0.4255,7
0.372,0.03193,7,P,156(a),K,1.167,5
-1.539,-0.3522,22,P,156(a),L,-0.5291,12
-1.043,-0.1822,8,P,156(a),M,-0.2786,6
2.183,0.09208,9,P,156(a),N,1.304,6
0,0,,P,156(a),P,0,
-0.4069,-0.05089,9,P,156(a),Q,0.8748,4
2.506,0.09536,8,P,156(a),R,1.348,7
1.866,0.08766,23,P,156(a),S,0.3354,6
-0.4296,-0.05436,9,P,156(a),T,-0.5253,5
-2.012,-0.5966,13,P,156(a),V,-0.4963,8
0.6012,0.04654,10,P,156(a),W,0.9135,6
0.8702,0.05999,16,P,156(a),Y,0.6494,10
-0.2136,-0.02425,8,F,157(a),-,,
0.4393,0.03656,19,F,157(a),A,0.2446,9
1.201,0.0723,6,F,157(a),C,0.5144,3
-0.009918,-0.001018,13,F,157(a),D,-0.1201,10
-0.2034,-0.02297,10,F,157(a),E,0.04585,3
0,0,,F,157(a),F,0,
-1.601,-0.379,13,F,157(a),G,-0.4143,8
1.729,0.08526,9,F,157(a),H,0.2559,7
-1.384,-0.2909,6,F,157(a),I,-0.8201,5
-1.794,-0.4725,3,F,157(a),K,-0.7521,3
-1.461,-0.3205,8,F,157(a),L,-0.3627,4
0.7734,0.05556,12,F,157(a),M,0.1281,11
1.72,0.08509,7,F,157(a),N,0.4123,6
-5.439,-4.808,13,F,157(a),P,-4.792,9
-0.5959,-0.08214,6,F,157(a),Q,-0.01878,4
-1.117,-0.203,10,F,157(a),R,-0.1429,6
-0.246,-0.02837,11,F,157(a),S,-0.09417,7
0.3865,0.03295,8,F,157(a),T,0.03339,8
0.7038,0.05209,8,F,157(a),V,0.02769,6
0.3693,0.03173,10,F,157(a),W,-0.4532,6
0.2505,0.02274,26,F,157(a),Y,0.1049,18
-2.508,-0.9689,8,I,158(a),-,,
2.552,0.09575,9,I,158(a),A,1,8
2.431,0.09469,12,I,158(a),C,0.4303,11
0.3628,0.03126,11,I,158(a),D,0.6982,6
2.134,0.09149,10,I,158(a),E,0.5662,2
0.4049,0.03423,13,I,158(a),F,0.0211,6
1.774,0.08609,9,I,158(a),G,0.2421,7
-0.0132,-0.001358,9,I,158(a),H,1.039,8
0,0,,I,158(a),I,0,
3.77,0.1015,10,I,158(a),K,1.214,7
0.4338,0.03619,15,I,158(a),L,-0.00974,8
0.3533,0.03058,14,I,158(a),M,0.2966,9
1.882,0.08791,13,I,158(a),N,0.6544,8
1.008,0.06561,4,I,158(a),P,0.2989,3
0.05249,0.005231,14,I,158(a),Q,0.4674,5
2.04,0.09026,9,I,158(a),R,0.4341,5
3.079,0.09912,17,I,158(a),S,0.5948,12
1.896,0.08814,13,I,158(a),T,0.2685,7
0.1301,0.01249,20,I,158(a),V,0.4049,9
-1.708,-0.4292,8,I,158(a),W,-0.007525,5
2.389,0.09429,9,I,158(a),Y,0.4764,5
-0.6286,-0.08813,8,P,159(a),-,,
-1.305,-0.2626,12,P,159(a),A,-0.2282,8
-0.4454,-0.05682,17,P,159(a),C,0.05396,12
-1.756,-0.4531,8,P,159(a),D,-0.1716,4
-1.886,-0.5221,18,P,159(a),E,-0.7344,8
1.983,0.08946,12,P,159(a),F,0.1891,7
0.01001,0.001018,7,P,159(a),G,0.1538,2
-0.9336,-0.1538,15,P,159(a),H,0.3157,8
1.662,0.08397,4,P,159(a),I,0.5803,4
-0.3631,-0.04443,8,P,159(a),K,0.006874,6
-1.262,-0.2483,15,P,159(a),L,-0.3444,7
-0.1194,-0.01294,20,P,159(a),M,-0.02919,12
0.01527,0.00155,9,P,159(a),N,-0.01066,7
0,0,,P,159(a),P,0,
-0.5194,-0.06883,9,P,159(a),Q,-0.2172,6
-0.5077,-0.06688,9,P,159(a),R,0.01735,4
-0.2222,-0.02533,22,P,159(a),S,-0.1089,6
0.5982,0.04638,11,P,159(a),T,0.3918,6
1.923,0.08856,7,P,159(a),V,0.7079,5
0.5345,0.04262,16,P,159(a),W,-0.1094,10
-0.9749,-0.1642,11,P,159(a),Y,0.09249,9
-0.9169,-0.1497,7,T,160(a),-,,
0.1259,0.01212,23,T,160(a),A,-0.2005,13
0.06663,0.006596,9,T,160(a),C,1.101,1
-0.007554,-0.0007753,9,T,160(a),D,0.1672,6
-0.2764,-0.03237,9,T,160(a),E,-0.1651,4
1.503,0.08054,10,T,160(a),F,-0.00895,8
0.835,0.05843,10,T,160(a),G,0.1102,9
1.207,0.07251,3,T,160(a),H,0.1305,1
3.123,0.09933,13,T,160(a),I,0.09368,7
0.3169,0.02789,7,T,160(a),K,-0.02539,4
-0.6399,-0.09026,8,T,160(a),L,0.485,4
2.517,0.09546,12,T,160(a),M,-0.1093,8
-0.2061,-0.0233,19,T,160(a),N,0.06212,13
-2.628,-1.079,17,T,160(a),P,-0.8275,8
-0.3937,-0.04892,19,T,160(a),Q,-0.1507,11
-0.2737,-0.03201,14,T,160(a),R,-0.01362,9
-0.5351,-0.07147,10,T,160(a),S,0.3307,6
0,0,,T,160(a),T,0,
-1.076,-0.1914,15,T,160(a),V,0.07111,13
-0.6164,-0.08588,13,T,160(a),W,-0.02701,9
0.002432,0.0002483,12,T,160(a),Y,-0.1469,8
-4.545,-3.699,1,R,161(a),*,,
-0.4682,-0.06043,3,R,161(a),-,,
-0.259,-0.03007,13,R,161(a),A,0.1245,9
0.06285,0.006233,11,R,161(a),C,0.0252,4
-0.1701,-0.01889,19,R,161(a),D,-0.126,8
0.0419,0.004197,12,R,161(a),E,-0.0461,6
-1.645,-0.399,9,R,161(a),F,0.149,3
-0.5206,-0.06903,15,R,161(a),G,-0.1505,5
0.3,0.02661,13,R,161(a),H,-0.0342,10
-0.2759,-0.03231,16,R,161(a),I,-0.2085,10
-1.425,-0.3064,10,R,161(a),K,0.3814,7
-1.274,-0.2524,8,R,161(a),L,0.491,3
0.3693,0.03173,7,R,161(a),M,0.2316,5
-0.4826,-0.06275,10,R,161(a),N,-0.2166,7
0.5777,0.04519,11,R,161(a),P,-0.03423,9
-0.5962,-0.0822,11,R,161(a),Q,0.3882,7
0,0,,R,161(a),R,0,
1.449,0.07925,7,R,161(a),S,0.02419,5
-1.349,-0.2784,15,R,161(a),T,-0.07143,11
-1.534,-0.3502,12,R,161(a),V,-0.1735,10
0.6029,0.04664,15,R,161(a),W,-0.08122,8
-1.184,-0.2233,11,R,161(a),Y,-0.2952,10
-0.4189,-0.05272,3,G,162(a),-,,
0.3079,0.02721,13,G,162(a),A,0.312,5
0.1874,0.01752,14,G,162(a),C,-0.1419,8
-1.325,-0.2698,13,G,162(a),D,-0.1681,7
2.027,0.09007,7,G,162(a),E,-0.4274,5
0.3175,0.02794,16,G,162(a),F,-0.00155,8
0,0,,G,162(a),G,0,
2.122,0.09134,15,G,162(a),H,0.2113,11
-0.6154,-0.0857,15,G,162(a),I,0.009077,9
1.533,0.08123,13,G,162(a),K,0.1461,9
-0.5142,-0.06795,16,G,162(a),L,0.2172,10
2.603,0.09615,12,G,162(a),M,-0.1183,8
-1.15,-0.2128,16,G,162(a),N,0.01166,8
0.1803,0.01691,5,G,162(a),P,-0.2351,3
-0.9545,-0.159,5,G,162(a),Q,-0.0785,4
2.001,0.08972,6,G,162(a),R,-0.02733,3
0.2829,0.0253,19,G,162(a),S,-0.1037,7
-0.1935,-0.02175,10,G,162(a),T,-0.756,1
0.3035,0.02688,15,G,162(a),V,0.1173,11
-0.3255,-0.03907,15,G,162(a),W,0.1138,8
0.8941,0.06102,18,G,162(a),Y,0.1063,10
-0.806,-0.124,3,D,163(a),-,,
0.1636,0.01546,11,D,163(a),A,-0.08421,4
2.899,0.09816,8,D,163(a),C,0.2077,6
0,0,,D,163(a),D,0,
0.1199,0.01157,19,D,163(a),E,-0.3278,13
-0.4101,-0.05138,9,D,163(a),F,0.5687,8
0.4306,0.03598,14,D,163(a),G,0.02518,8
-0.2043,-0.02308,9,D,163(a),H,-0.02008,5
-0.9213,-0.1508,9,D,163(a),I,-0.6289,5
-0.3923,-0.04871,17,D,163(a),K,0.1578,15
-0.3753,-0.0462,11,D,163(a),L,0.02511,8
0.5655,0.04447,7,D,163(a),M,0.4937,3
7.321,0.1039,15,D,163(a),N,0.5521,3
-0.228,-0.02606,5,D,163(a),P,0.5063,4
-2.161,-0.6946,6,D,163(a),Q,-0.607,5
-0.7891,-0.1204,11,D,163(a),R,-0.1402,10
0.2905,0.02588,7,D,163(a),S,0.4967,6
1.521,0.08097,11,D,163(a),T,-0.2598,7
0.8567,0.0594,6,D,163(a),V,-0.2871,2
1.1,0.06897,13,D,163(a),W,-0.3478,7
-0.4942,-0.06464,16,D,163(a),Y,0.347,5
-12.41,-6.048,5,Y,164(a),*,,
0.1912,0.01785,2,Y,164(a),-,,
2.224,0.09255,9,Y,164(a),A,0.07465,7
-0.3362,-0.04058,18,Y,164(a),C,0.1831,8
-0.6615,-0.09437,11,Y,164(a),D,-0.01895,9
0.4374,0.03643,9,Y,164(a),E,-0.05206,7
-0.06981,-0.007382,12,Y,164(a),F,-0.2996,6
3.179,0.09958,9,Y,164(a),G,0.4156,6
-0.5606,-0.07588,15,Y,164(a),H,-0.00126,9
-0.7407,-0.1101,9,Y,164(a),I,0.3025,5
-1.556,-0.3595,6,Y,164(a),K,-0.3124,5
1.121,0.06971,10,Y,164(a),L,0.1316,6
1.94,0.08882,21,Y,164(a),M,0.2056,18
0.03281,0.003301,9,Y,164(a),N,0.1654,7
-0.05073,-0.005315,15,Y,164(a),P,0.2157,9
1.419,0.07849,16,Y,164(a),Q,0.3029,12
1.995,0.08962,7,Y,164(a),R,-0.05272,5
0.2751,0.02468,13,Y,164(a),S,0.2585,6
-1.035,-0.1801,8,Y,164(a),T,-0.3791,5
0.3186,0.02802,15,Y,164(a),V,0.2128,10
1.333,0.0762,12,Y,164(a),W,0.1015,8
0,0,,Y,164(a),Y,0,
-0.177,-0.01973,2,Y,165(a),-,,
-0.3087,-0.03675,16,Y,165(a),A,0.04385,12
-2.009,-0.5949,24,Y,165(a),C,-0.2135,8
-9.982,-6.033,14,Y,165(a),D,-3.924,11
-3.669,-2.373,11,Y,165(a),E,-2.475,6
0.2609,0.02357,10,Y,165(a),F,0.1729,7
-2.787,-1.238,7,Y,165(a),G,-1.137,2
-0.06871,-0.007261,11,Y,165(a),H,0.001385,5
4.393,0.1027,14,Y,165(a),I,0.05344,8
-3.578,-2.241,16,Y,165(a),K,-2.225,13
-1.06,-0.1869,11,Y,165(a),L,-0.252,8
-0.6889,-0.09969,5,Y,165(a),M,-0.1074,4
-4.574,-3.741,11,Y,165(a),N,-3.553,8
-2.167,-0.6993,10,Y,165(a),P,-0.561,6
-1.856,-0.5056,9,Y,165(a),Q,-0.2264,5
-2.178,-0.7068,13,Y,165(a),R,-0.677,9
-1.934,-0.5502,6,Y,165(a),S,-0.1309,3
-0.8481,-0.1335,16,Y,165(a),T,-0.1448,11
-2.013,-0.5973,14,Y,165(a),V,-0.4652,9
0.05532,0.005506,13,Y,165(a),W,-0.06282,8
0,0,,Y,165(a),Y,0,
-3.87,-2.677,3,D,166(a),-,,
0.4944,0.04014,7,D,166(a),A,0.09816,5
-1.168,-0.2183,4,D,166(a),C,0.1632,2
0,0,,D,166(a),D,0,
-0.5579,-0.0754,13,D,166(a),E,0.1926,8
0.5848,0.04561,9,D,166(a),F,0.36,6
0.1875,0.01753,3,D,166(a),G,0.3846,2
0.8066,0.05713,7,D,166(a),H,-0.1083,2
-1.178,-0.2212,6,D,166(a),I,-0.3825,5
1.343,0.07648,3,D,166(a),K,0.6061,2
0.5962,0.04626,9,D,166(a),L,0.07544,8
1.29,0.07501,6,D,166(a),M,0.2356,3
-0.8868,-0.1425,15,D,166(a),N,-0.2819,5
-9.945,-6.032,10,D,166(a),P,-3.768,6
-0.244,-0.02811,6,D,166(a),Q,0.3682,2
-0.2568,-0.02978,14,D,166(a),R,-0.1569,8
-1.377,-0.2883,7,D,166(a),S,-0.4037,6
0.2875,0.02565,11,D,166(a),T,-0.1863,7
-0.5032,-0.06613,4,D,166(a),V,0.4899,3
-1.536,-0.3512,12,D,166(a),W,-0.3241,8
-0.4511,-0.05771,7,D,166(a),Y,-0.4416,3
-6.067,-5.318,3,C,167(a),*,-6,1
-3.302,-1.854,2,C,167(a),-,,
-1.605,-0.3808,5,C,167(a),A,-0.03847,3
0,0,,C,167(a),C,0,
-6.922,-5.716,8,C,167(a),D,-5.892,5
-13.75,-6.049,11,C,167(a),E,-5.245,10
-2.383,-0.8626,14,C,167(a),F,-0.6032,4
-2.869,-1.326,11,C,167(a),G,-0.9693,7
-3.506,-2.137,7,C,167(a),H,-2.093,5
-1.838,-0.4961,6,C,167(a),I,-0.5069,6
-7.142,-5.778,13,C,167(a),K,-6,9
-0.8943,-0.1442,9,C,167(a),L,-0.109,5
-1.658,-0.4052,8,C,167(a),M,0.09559,6
-1.464,-0.3215,4,C,167(a),N,0.2492,2
-3.722,-2.452,4,C,167(a),P,-1.588,2
-3.458,-2.068,6,C,167(a),Q,-1.927,4
-7.547,-5.866,9,C,167(a),R,-6,8
-0.7487,-0.1118,9,C,167(a),S,-0.05006,3
-1.957,-0.5636,5,C,167(a),T,0.1008,3
-0.3581,-0.0437,5,C,167(a),V,0.02653,3
-2.045,-0.6179,10,C,167(a),W,-0.6172,6
-3.383,-1.964,44,C,167(a),Y,-1.349,13
0.2915,0.02596,2,R,168(a),A,,
-1.887,-0.523,4,R,168(a),C,-0.058,2
-1.542,-0.3535,4,R,168(a),D,0.3558,2
0.4022,0.03404,9,R,168(a),E,-0.5784,7
-0.5687,-0.07729,8,R,168(a),F,0.4879,3
-0.1569,-0.01731,17,R,168(a),G,-0.2116,4
-1.626,-0.3907,1,R,168(a),H,,
-0.0001911,-1.981e-05,9,R,168(a),I,-0.09752,4
-0.8922,-0.1438,12,R,168(a),K,0.2694,7
-0.14,-0.01532,9,R,168(a),L,-0.2878,2
0.0399,0.004001,23,R,168(a),M,0.05824,12
-1.474,-0.3254,9,R,168(a),N,-0.7108,5
-3.004,-1.48,3,R,168(a),P,-1.483,2
2.099,0.09104,4,R,168(a),Q,-0.4586,2
0,0,,R,168(a),R,0,
-0.6942,-0.1007,5,R,168(a),S,-0.6239,3
0.08749,0.008576,9,R,168(a),T,0.02185,4
0.257,0.02326,20,R,168(a),V,0.02103,10
-0.4813,-0.06253,6,R,168(a),W,-0.8905,1
-0.3438,-0.04165,7,R,168(a),Y,0.1978,4
-7.877,-5.916,1,V,169(a),-,,
-0.287,-0.03379,10,V,169(a),A,-0.369,5
0.6109,0.04709,9,V,169(a),C,-0.2784,8
-4.51,-3.649,13,V,169(a),D,-3.579,8
-3.372,-1.949,12,V,169(a),E,-1.692,8
-2.711,-1.16,12,V,169(a),F,-0.8303,8
-0.5863,-0.08043,15,V,169(a),G,0.0954,9
-2.608,-1.06,9,V,169(a),H,-0.958,5
-0.8569,-0.1355,20,V,169(a),I,-0.4809,10
-4.228,-3.225,18,V,169(a),K,-3.097,15
-0.5541,-0.07475,13,V,169(a),L,0.3194,8
-1.885,-0.5216,29,V,169(a),M,-0.2063,15
1.065,0.06774,12,V,169(a),N,0.2182,11
-1.357,-0.2811,14,V,169(a),P,-0.6272,10
-1.961,-0.5657,16,V,169(a),Q,-0.2202,11
-3.87,-2.676,13,V,169(a),R,-1.936,5
-1.802,-0.4768,13,V,169(a),S,-0.005125,7
-1.621,-0.3883,10,V,169(a),T,-0.2652,5
0,0,,V,169(a),V,0,
-2.141,-0.6811,10,V,169(a),W,-0.6355,8
-0.8039,-0.1236,13,V,169(a),Y,0.1915,10
-6.786,-5.67,4,E,170(a),*,,
0.02383,0.002409,1,E,170(a),-,,
-0.1271,-0.01382,11,E,170(a),A,-0.1006,8
0.2925,0.02604,7,E,170(a),C,-0.4453,6
2.013,0.08989,6,E,170(a),D,0.6938,3
0,0,,E,170(a),E,0,
-0.9745,-0.1641,15,E,170(a),F,-0.209,10
0.03393,0.003412,16,E,170(a),G,-0.03544,7
1.406,0.07815,7,E,170(a),H,0.2829,6
-2.29,-0.7889,5,E,170(a),I,-0.7524,5
-0.2359,-0.02707,44,E,170(a),K,-0.09098,11
-0.412,-0.05167,8,E,170(a),L,-0.02375,5
0.6759,0.05064,6,E,170(a),M,0.2203,6
-0.693,-0.1005,9,E,170(a),N,-0.342,7
0.0516,0.005145,7,E,170(a),P,0.05464,5
-0.9381,-0.1549,5,E,170(a),Q,-0.3316,3
0.4783,0.03911,10,E,170(a),R,0.2902,7
2.404,0.09443,7,E,170(a),S,0.2117,4
-0.4131,-0.05184,17,E,170(a),T,-0.1219,8
-1.708,-0.4289,10,E,170(a),V,-0.4619,7
-0.7903,-0.1206,11,E,170(a),W,0.1339,4
-0.8402,-0.1317,9,E,170(a),Y,-0.05076,7
0.8708,0.06002,1,H,171(a),-,,
-0.4272,-0.05399,10,H,171(a),A,-0.04387,7
-1.035,-0.1799,8,H,171(a),C,0.02582,5
-1.829,-0.4909,6,H,171(a),D,-0.3664,5
-1.377,-0.2886,14,H,171(a),E,-0.4824,10
1.103,0.06908,11,H,171(a),F,0.2174,8
-1.142,-0.2104,6,H,171(a),G,0.9669,3
0,0,,H,171(a),H,0,
-1.961,-0.5656,15,H,171(a),I,-0.3278,12
-1.924,-0.5442,12,H,171(a),K,-0.5345,8
0.2131,0.01968,12,H,171(a),L,-0.09655,9
0.08587,0.008423,13,H,171(a),M,0.1788,11
-1.496,-0.3344,14,H,171(a),N,-0.2553,9
0.1653,0.01561,12,H,171(a),P,0.4606,7
0.676,0.05064,6,H,171(a),Q,-0.09548,5
-0.5656,-0.07676,9,H,171(a),R,-0.03209,7
0.02443,0.002468,7,H,171(a),S,-0.4909,4
-1.694,-0.4223,15,H,171(a),T,-0.3839,12
-1.535,-0.3507,7,H,171(a),V,-0.1844,5
0.2471,0.02246,7,H,171(a),W,0.5747,5
-0.5063,-0.06664,18,H,171(a),Y,0.2077,6
-8.812,-5.996,15,W,172(a),*,-6,1
0.5647,0.04443,1,W,172(a),-,,
0.5941,0.04614,9,W,172(a),A,0.1631,5
-1.248,-0.2436,16,W,172(a),C,0.101,10
-1.103,-0.1991,12,W,172(a),D,0.5093,10
-0.6337,-0.08909,9,W,172(a),E,-0.06627,8
-0.4903,-0.064,10,W,172(a),F,0.0132,4
-0.5404,-0.07239,9,W,172(a),G,-0.2336,4
-0.562,-0.07613,14,W,172(a),H,-0.1043,9
0.335,0.02924,6,W,172(a),I,0.1232,3
-0.269,-0.03138,12,W,172(a),K,-0.01902,8
0.5082,0.041,16,W,172(a),L,0.2522,7
0.8501,0.05911,11,W,172(a),M,-0.04576,9
0.6937,0.05157,3,W,172(a),N,-0.5928,2
-0.2002,-0.02258,15,W,172(a),P,-0.01137,13
-0.133,-0.01451,9,W,172(a),Q,0.1212,8
-0.07881,-0.00837,20,W,172(a),R,-0.01476,8
-1.453,-0.3172,10,W,172(a),S,-0.1341,4
-0.4274,-0.05403,6,W,172(a),T,-0.1315,4
1.373,0.07729,7,W,172(a),V,0.1521,4
0,0,,W,172(a),W,0,
6.932,0.1039,11,W,172(a),Y,0.07975,8
0.0764,0.007528,1,G,173(a),-,,
1.702,0.08476,7,G,173(a),A,0.6573,3
1.9,0.0882,13,G,173(a),C,0.4756,8
-1.223,-0.2355,15,G,173(a),D,0.3564,6
-1.06,-0.1867,7,G,173(a),E,0.3141,2
1.851,0.08741,19,G,173(a),F,0.387,15
0,0,,G,173(a),G,0,
1.292,0.07505,4,G,173(a),H,0.3823,4
-0.7957,-0.1218,5,G,173(a),I,-0.09577,4
0.2587,0.02339,8,G,173(a),K,0.5752,3
-1.517,-0.3433,8,G,173(a),L,-0.1512,5
-0.2359,-0.02707,8,G,173(a),M,0.321,5
-0.5947,-0.08193,10,G,173(a),N,0.5602,7
0.892,0.06093,13,G,173(a),P,-0.1558,11
-1.558,-0.3603,9,G,173(a),Q,0.5768,4
-0.1861,-0.02084,8,G,173(a),R,0.5844,5
-1.724,-0.4369,15,G,173(a),S,0.03361,5
0.6348,0.04842,12,G,173(a),T,-0.3814,7
-0.4162,-0.05231,16,G,173(a),V,0.5003,8
-0.9659,-0.1619,6,G,173(a),W,0.3193,3
-0.3379,-0.04081,9,G,173(a),Y,0.3134,5
0.2258,0.02073,1,L,174(a),-,,
1.891,0.08806,10,L,174(a),A,0.9718,8
-1.031,-0.1789,8,L,174(a),C,0.4046,5
1.225,0.07308,17,L,174(a),D,0.1788,9
0.7859,0.05615,5,L,174(a),E,0.3147,2
0.5489,0.04349,9,L,174(a),F,0.2014,7
-0.6108,-0.08485,8,L,174(a),G,-0.1841,5
0.3794,0.03245,8,L,174(a),H,0.3028,1
-0.9111,-0.1483,12,L,174(a),I,-0.3309,5
-0.4289,-0.05426,13,L,174(a),K,-0.07725,8
0,0,,L,174(a),L,0,
-1.165,-0.2173,14,L,174(a),M,-0.1336,7
-0.8213,-0.1274,7,L,174(a),N,-0.0639,5
-0.964,-0.1614,20,L,174(a),P,0.09878,9
2.777,0.09741,13,L,174(a),Q,-0.1019,6
1.248,0.07375,13,L,174(a),R,0.2238,8
0.8495,0.05908,12,L,174(a),S,-0.22,9
-0.7777,-0.1179,8,L,174(a),T,-0.2738,6
-1.896,-0.528,4,L,174(a),V,-0.4294,2
-0.8773,-0.1402,6,L,174(a),W,-0.1117,4
1.604,0.08279,8,L,174(a),Y,0.03859,6
0.05031,0.005019,1,P,175(a),-,,
0.4446,0.03691,14,P,175(a),A,0.1654,9
-0.8569,-0.1355,9,P,175(a),C,-0.2961,8
0.468,0.03845,6,P,175(a),D,-0.08093,2
-1.403,-0.298,8,P,175(a),E,-0.3139,5
0.2227,0.02048,5,P,175(a),F,0.3335,5
-0.493,-0.06444,10,P,175(a),G,0.3096,6
0.8635,0.0597,15,P,175(a),H,-0.05443,10
-0.5791,-0.07914,13,P,175(a),I,0.1844,10
0.1228,0.01184,12,P,175(a),K,-0.1053,9
0.1665,0.01572,11,P,175(a),L,0.2085,4
-0.1026,-0.01103,12,P,175(a),M,0.4145,7
0.5421,0.04308,7,P,175(a),N,-0.3279,1
0,0,,P,175(a),P,0,
1.473,0.07983,6,P,175(a),Q,0.1888,4
-0.6835,-0.09862,7,P,175(a),R,0.2918,3
-0.9378,-0.1548,19,P,175(a),S,0.0554,4
-0.6252,-0.08751,14,P,175(a),T,-0.1369,8
-1.226,-0.2365,11,P,175(a),V,-0.291,7
-0.6346,-0.08927,11,P,175(a),W,-0.365,9
0.5212,0.04181,6,P,175(a),Y,0.09023,4
-8.169,-5.949,3,E,176(a),*,,
0.2481,0.02254,16,E,176(a),A,0.06329,9
0.2759,0.02475,9,E,176(a),C,0.03044,7
-0.9374,-0.1547,8,E,176(a),D,-0.5738,4
0,0,,E,176(a),E,0,
-0.8493,-0.1337,6,E,176(a),F,-0.1896,4
0.4655,0.03829,21,E,176(a),G,0.1353,11
-0.02521,-0.002608,13,E,176(a),H,-0.1334,8
-0.3831,-0.04735,11,E,176(a),I,0.2904,6
0.02475,0.0025,44,E,176(a),K,-0.1511,14
0.904,0.06145,7,E,176(a),L,-0.3795,5
1.185,0.07182,7,E,176(a),M,-0.06621,4
2.464,0.095,12,E,176(a),N,0.3387,10
1.945,0.08889,8,E,176(a),P,-0.2296,5
0.1562,0.01482,13,E,176(a),Q,0.2194,5
-0.5273,-0.07015,7,E,176(a),R,-0.4747,5
-1.02,-0.176,7,E,176(a),S,0.0502,4
1.234,0.07335,9,E,176(a),T,0.2227,4
-0.7833,-0.1191,10,E,176(a),V,-0.3174,8
0.3233,0.02837,4,E,176(a),W,0.3521,3
-0.1956,-0.022,11,E,176(a),Y,0.008242,7
0.6994,0.05187,7,P,177(a),A,0.5069,4
-0.02844,-0.002948,9,P,177(a),C,-0.04492,4
1.113,0.06944,5,P,177(a),D,-0.2471,3
-0.3631,-0.04442,9,P,177(a),E,0.1984,5
1.515,0.08082,6,P,177(a),F,-0.5206,3
1.938,0.08879,7,P,177(a),G,0.6627,6
1.777,0.08614,11,P,177(a),H,-0.1335,7
0.4008,0.03394,9,P,177(a),I,0.4852,7
0.7305,0.05345,15,P,177(a),K,0.2155,13
-0.05256,-0.005512,9,P,177(a),L,-0.1185,5
-0.6377,-0.08985,11,P,177(a),M,-0.3475,5
-0.8763,-0.14,16,P,177(a),N,-0.09943,8
0,0,,P,177(a),P,0,
-1.017,-0.1753,16,P,177(a),Q,-0.3015,10
-0.08262,-0.008792,11,P,177(a),R,0.1732,5
1.215,0.07274,24,P,177(a),S,0.08405,13
1.741,0.08548,19,P,177(a),T,-0.07719,14
-0.4872,-0.0635,13,P,177(a),V,0.2531,8
0.3381,0.02947,15,P,177(a),W,-0.1471,11
0.7178,0.05281,12,P,177(a),Y,0.04356,9
-0.979,-0.1652,7,L,178(a),A,0.1709,4
-0.9072,-0.1473,7,L,178(a),C,0.1275,7
0.1262,0.01214,7,L,178(a),D,0.009384,3
-0.2979,-0.03527,9,L,178(a),E,-0.05001,6
-0.4001,-0.04988,11,L,178(a),F,0.4037,6
-0.7436,-0.1107,15,L,178(a),G,-0.009854,7
-0.1089,-0.01173,11,L,178(a),H,-0.164,7
-1.619,-0.3873,10,L,178(a),I,0.0682,6
0.04766,0.004762,9,L,178(a),K,0.002531,5
0,0,,L,178(a),L,0,
0.1442,0.01376,13,L,178(a),M,0.627,9
1.743,0.08552,8,L,178(a),N,0.6407,6
-0.576,-0.07859,20,L,178(a),P,-0.01203,7
-0.839,-0.1314,9,L,178(a),Q,-0.1877,4
0.5322,0.04248,10,L,178(a),R,0.2924,3
-1.223,-0.2354,6,L,178(a),S,0.1224,6
-0.1974,-0.02223,11,L,178(a),T,0.06722,7
1.27,0.07441,6,L,178(a),V,0.3207,6
2.308,0.09347,13,L,178(a),W,0.2551,7
1.671,0.08415,5,L,178(a),Y,0.9208,2
1.639,0.0835,8,M,179(a),A,-0.0164,6
-0.7969,-0.1221,11,M,179(a),C,-0.3017,8
0.1883,0.0176,14,M,179(a),D,0.1707,8
-1.163,-0.2168,5,M,179(a),E,-0.4072,2
-1.05,-0.1841,8,M,179(a),F,0.1351,6
0.4434,0.03683,14,M,179(a),G,0.1623,8
-1.111,-0.2012,5,M,179(a),H,-0.3946,4
-0.8866,-0.1424,21,M,179(a),I,-0.2802,7
0.2673,0.02408,9,M,179(a),K,-0.002197,5
1.413,0.07834,11,M,179(a),L,0.1571,11
0,0,,M,179(a),M,0,
-0.1307,-0.01424,8,M,179(a),N,0.04868,6
-0.5773,-0.07882,14,M,179(a),P,0.3084,10
-0.1061,-0.01142,10,M,179(a),Q,0.1078,6
0.7476,0.0543,7,M,179(a),R,0.08561,5
1.716,0.08503,8,M,179(a),S,0.1692,5
0.1697,0.016,13,M,179(a),T,0.1523,9
-0.6097,-0.08466,10,M,179(a),V,-0.05767,3
-0.8374,-0.1311,7,M,179(a),W,-0.2466,6
-0.7847,-0.1194,5,M,179(a),Y,0.07228,5
-1.616,-0.3862,13,T,180(a),A,-0.1608,6
-2.102,-0.6549,8,T,180(a),C,-0.5224,6
-0.5531,-0.07458,11,T,180(a),D,0.09583,5
1.87,0.08772,11,T,180(a),E,0.3414,6
-0.2839,-0.03338,17,T,180(a),F,-0.1425,9
1.523,0.081,3,T,180(a),G,-0.3978,1
-0.4766,-0.06177,9,T,180(a),H,0.3453,5
-0.3468,-0.04208,15,T,180(a),I,-0.3084,10
0.09419,0.009203,10,T,180(a),K,0.2867,5
0.8859,0.06067,13,T,180(a),L,0.1328,12
-0.668,-0.0956,18,T,180(a),M,-0.2186,3
-1.618,-0.3869,9,T,180(a),N,-0.2581,6
2.298,0.09337,14,T,180(a),P,0.1083,10
1.496,0.08038,5,T,180(a),Q,-0.291,3
-1.08,-0.1923,13,T,180(a),R,-0.6466,10
-0.3899,-0.04836,13,T,180(a),S,0.3892,5
0,0,,T,180(a),T,0,
0.03249,0.003269,13,T,180(a),V,0.1853,7
-1.382,-0.2903,16,T,180(a),W,-0.2424,12
0.8216,0.05782,6,T,180(a),Y,0.6251,3
0.8397,0.05864,4,H,181(a),A,,
-0.5596,-0.07571,3,H,181(a),C,-0.3904,2
-0.5259,-0.06992,16,H,181(a),D,-0.06556,11
0.9486,0.06329,6,H,181(a),E,0.1812,6
-1.316,-0.2666,7,H,181(a),F,-0.6272,3
-0.4653,-0.05996,13,H,181(a),G,-0.3084,7
0,0,,H,181(a),H,0,
-0.3084,-0.0367,13,H,181(a),I,-0.0671,8
0.03523,0.003541,8,H,181(a),K,0.3662,5
-0.4676,-0.06033,14,H,181(a),L,0.0816,9
-1.418,-0.3038,7,H,181(a),M,-0.1531,4
-0.3962,-0.04929,11,H,181(a),N,-0.4628,6
1.226,0.07309,6,H,181(a),P,0.06075,2
3.873,0.1018,5,H,181(a),Q,-0.3606,1
-1.181,-0.2222,9,H,181(a),R,0.2205,2
0.5957,0.04623,11,H,181(a),S,0.176,6
-0.9072,-0.1473,7,H,181(a),T,-0.1337,4
-1.009,-0.1731,14,H,181(a),V,0.2001,8
-0.241,-0.02773,17,H,181(a),W,-0.5213,8
-0.5515,-0.0743,12,H,181(a),Y,0.3365,4
-8.237,-5.956,18,W,182(a),*,-0.4569,1
1.006,0.06555,15,W,182(a),A,-0.6029,8
-1.557,-0.36,14,W,182(a),C,-0.07793,7
-1.537,-0.3517,9,W,182(a),D,-0.4623,5
-1.021,-0.1762,9,W,182(a),E,-0.6102,4
-1.287,-0.2566,8,W,182(a),F,0.4893,5
-2.002,-0.5909,4,W,182(a),G,-1.015,1
-0.9301,-0.1529,11,W,182(a),H,-0.4086,8
1.593,0.08256,6,W,182(a),I,0.5743,6
-0.5598,-0.07574,3,W,182(a),K,0.3318,2
-0.733,-0.1085,9,W,182(a),L,-0.32,3
-0.1715,-0.01907,15,W,182(a),M,0.4467,8
0.2658,0.02395,8,W,182(a),N,-0.2933,6
-2.318,-0.8107,9,W,182(a),P,-0.9553,7
-0.9899,-0.1681,9,W,182(a),Q,-0.4525,7
-2.38,-0.8599,31,W,182(a),R,-1.129,13
2.306,0.09346,12,W,182(a),S,-0.2034,9
-1.646,-0.3995,9,W,182(a),T,-0.1575,7
-0.9759,-0.1644,16,W,182(a),V,-0.124,12
0,0,,W,182(a),W,0,
-0.9302,-0.153,9,W,182(a),Y,-0.06345,7
-0.7388,-0.1097,9,E,183(a),A,0.1759,6
-1.018,-0.1754,16,E,183(a),C,0.15,9
1.907,0.0883,14,E,183(a),D,0.3801,7
0,0,,E,183(a),E,0,
-0.7109,-0.1041,15,E,183(a),F,0.05358,12
1.456,0.07941,9,E,183(a),G,0.3624,5
1.235,0.07337,9,E,183(a),H,0.2988,4
1.398,0.07796,8,E,183(a),I,0.2789,5
0.4506,0.03731,17,E,183(a),K,0.2541,8
0.688,0.05128,12,E,183(a),L,0.1422,6
0.8815,0.06048,12,E,183(a),M,0.3504,11
0.6763,0.05066,5,E,183(a),N,0.1686,4
-2.001,-0.5902,6,E,183(a),P,-0.3097,4
3.012,0.09878,8,E,183(a),Q,0.0998,5
-0.5057,-0.06654,14,E,183(a),R,0.1375,10
0.3738,0.03205,14,E,183(a),S,-0.3004,8
0.7554,0.05468,5,E,183(a),T,0.1201,5
-1.389,-0.2928,13,E,183(a),V,0.1064,8
-0.7924,-0.1211,11,E,183(a),W,-0.1024,7
1.092,0.06868,6,E,183(a),Y,0.3811,4
0.6674,0.05019,7,P,184(a),A,0.598,3
-1.826,-0.4894,9,P,184(a),C,-0.1414,6
0.5796,0.0453,10,P,184(a),D,0.1818,7
-0.4751,-0.06153,13,P,184(a),E,0.09653,8
-0.1631,-0.01806,7,P,184(a),F,-0.0109,4
3.31,0.1001,11,P,184(a),G,0.1809,5
0.1827,0.01712,10,P,184(a),H,0.02775,9
-0.6571,-0.09351,13,P,184(a),I,-0.2457,8
0.1477,0.01407,11,P,184(a),K,0.3275,9
-0.2752,-0.03221,12,P,184(a),L,-0.2763,5
0.9202,0.06212,12,P,184(a),M,0.2236,8
-1.519,-0.344,7,P,184(a),N,-0.4538,3
0,0,,P,184(a),P,0,
1.206,0.07247,20,P,184(a),Q,-0.04866,11
-0.1229,-0.01334,12,P,184(a),R,-0.05046,6
0.514,0.04137,19,P,184(a),S,-0.02729,7
-0.8062,-0.1241,16,P,184(a),T,-0.5744,13
0.3982,0.03376,9,P,184(a),V,0.08705,6
-0.2833,-0.03329,10,P,184(a),W,-0.1135,7
-0.3441,-0.0417,8,P,184(a),Y,0.07344,3
-6.14,-5.364,1,Q,185(a),*,,
-0.247,-0.0285,9,Q,185(a),A,-0.1203,5
2.203,0.09232,6,Q,185(a),C,0.09097,3
-1.925,-0.5445,9,Q,185(a),D,-0.3585,6
-0.751,-0.1123,10,Q,185(a),E,0.03385,7
-0.2759,-0.0323,14,Q,185(a),F,-0.4084,9
0.6252,0.04789,8,Q,185(a),G,0.5544,5
-0.04069,-0.004243,15,Q,185(a),H,-0.00915,6
0.04203,0.00421,12,Q,185(a),I,0.0842,9
0.119,0.01149,6,Q,185(a),K,0.2245,3
-0.09517,-0.01019,13,Q,185(a),L,-0.3587,8
-0.3041,-0.03611,19,Q,185(a),M,-0.1958,10
-0.236,-0.02709,11,Q,185(a),N,-0.09378,10
0.3186,0.02802,8,Q,185(a),P,0.112,6
0,0,,Q,185(a),Q,0,
0.5395,0.04292,31,Q,185(a),R,0.1054,10
1.234,0.07336,13,Q,185(a),S,-0.3823,9
-0.6286,-0.08814,8,Q,185(a),T,0.04075,4
0.7568,0.05476,12,Q,185(a),V,0.2357,6
-0.4715,-0.06095,7,Q,185(a),W,0.2573,3
1.235,0.07336,10,Q,185(a),Y,-0.1843,7
0.7994,0.05679,6,V,186(a),A,0.2305,5
-1.939,-0.553,5,V,186(a),C,-0.9357,4
-1.588,-0.3736,5,V,186(a),D,-0.158,5
0.2496,0.02266,16,V,186(a),E,0.2088,10
1.489,0.08021,11,V,186(a),F,0.05101,7
-1.073,-0.1904,8,V,186(a),G,0.2671,6
1.283,0.07479,7,V,186(a),H,0.2023,4
-0.1082,-0.01165,6,V,186(a),I,-0.2084,4
1.076,0.06812,9,V,186(a),K,0.1422,8
0.4104,0.03461,12,V,186(a),L,0.1259,6
1.886,0.08797,16,V,186(a),M,0.2006,13
0.4031,0.03411,11,V,186(a),N,-0.02477,10
-0.7026,-0.1024,10,V,186(a),P,-0.183,7
0.5105,0.04115,9,V,186(a),Q,-0.03768,4
0.02002,0.002027,7,V,186(a),R,0.7859,4
-0.2222,-0.02533,4,V,186(a),S,1.035,1
0.6403,0.04873,9,V,186(a),T,0.4863,7
0,0,,V,186(a),V,0,
-1.456,-0.3186,10,V,186(a),W,0.0263,5
0.02292,0.002317,5,V,186(a),Y,0.0356,4
1.443,0.0791,9,P,187(a),A,0.2322,7
-0.7225,-0.1064,5,P,187(a),C,-0.7952,2
-0.32,-0.0383,8,P,187(a),D,0.07928,5
-0.8664,-0.1377,14,P,187(a),E,0.1492,10
-0.7288,-0.1077,11,P,187(a),F,-0.2883,6
-0.5406,-0.07243,7,P,187(a),G,-0.0285,4
-0.7154,-0.105,7,P,187(a),H,-0.0304,5
0.274,0.0246,11,P,187(a),I,0.098,7
-0.0766,-0.008127,6,P,187(a),K,-0.2432,4
1.914,0.08842,10,P,187(a),L,-0.3924,7
-0.7774,-0.1178,14,P,187(a),M,-0.1215,12
-0.7026,-0.1024,5,P,187(a),N,0.515,3
0,0,,P,187(a),P,0,
0.1749,0.01645,13,P,187(a),Q,-0.4111,10
-1.358,-0.2814,4,P,187(a),R,-0.279,4
-0.2821,-0.03313,24,P,187(a),S,-0.1057,9
-0.06745,-0.007124,13,P,187(a),T,0.4068,6
-1.31,-0.2647,9,P,187(a),V,-0.1771,5
2.251,0.09286,8,P,187(a),W,0.08628,6
-0.3581,-0.0437,12,P,187(a),Y,-0.6003,9
0.85,0.0591,12,L,188(a),A,0.2182,6
-0.4285,-0.05419,14,L,188(a),C,-0.1816,12
1.666,0.08406,11,L,188(a),D,0.5143,9
1.499,0.08044,5,L,188(a),E,0.1818,4
2.966,0.09853,12,L,188(a),F,0.208,10
-0.7955,-0.1218,13,L,188(a),G,0.2574,8
1.683,0.0844,8,L,188(a),H,0.1651,8
0.4349,0.03627,14,L,188(a),I,-0.1076,8
-0.1799,-0.02008,6,L,188(a),K,0.08997,4
0,0,,L,188(a),L,0,
0.4054,0.03426,13,L,188(a),M,0.0327,4
0.005014,0.0005113,14,L,188(a),N,-0.05912,6
-0.4782,-0.06203,12,L,188(a),P,0.1579,6
2.332,0.09372,5,L,188(a),Q,-0.1676,3
-0.1299,-0.01414,10,L,188(a),R,0.2938,7
1.657,0.08387,13,L,188(a),S,0.2918,10
-1.203,-0.2291,7,L,188(a),T,0.6488,3
1.384,0.07758,12,L,188(a),V,0.3104,6
-0.0989,-0.01061,1,L,188(a),W,-0.4318,1
-0.5326,-0.07105,16,L,188(a),Y,-0.3579,9
1.172,0.07139,1,P,189(a),-,,
-0.7637,-0.115,11,P,189(a),A,-0.1146,10
-1.205,-0.2299,8,P,189(a),C,0.01096,4
1.319,0.07582,15,P,189(a),D,-0.06859,10
-1.964,-0.5676,9,P,189(a),E,-0.4646,6
-1.268,-0.2504,15,P,189(a),F,-0.1728,9
-0.3316,-0.03992,7,P,189(a),G,-0.002335,4
-0.3837,-0.04744,9,P,189(a),H,-0.4365,3
2.817,0.09766,11,P,189(a),I,0.3404,9
0.6183,0.04751,10,P,189(a),K,0.2157,8
-1.881,-0.5195,10,P,189(a),L,-0.7644,5
-0.4415,-0.05621,12,P,189(a),M,-0.5038,9
-1.249,-0.2441,10,P,189(a),N,-0.08914,7
0,0,,P,189(a),P,0,
1.27,0.07442,9,P,189(a),Q,-0.1538,7
0.343,0.02983,18,P,189(a),R,0.2746,15
0.7702,0.0554,16,P,189(a),S,-0.2199,11
0.2063,0.01912,12,P,189(a),T,-0.03517,7
0.4016,0.034,10,P,189(a),V,-0.0692,6
-2.35,-0.8355,10,P,189(a),W,-1.022,8
-0.6816,-0.09826,13,P,189(a),Y,-0.2432,5
1.159,0.07098,1,V,190(a),-,,
0.5379,0.04283,10,V,190(a),A,-0.1478,5
-2.131,-0.6745,8,V,190(a),C,-0.9478,4
-1.035,-0.18,11,V,190(a),D,-0.1449,9
0.08307,0.008159,12,V,190(a),E,-0.07291,4
-1.161,-0.2161,12,V,190(a),F,0.1064,9
0.2986,0.02651,6,V,190(a),G,-0.104,6
0.5576,0.04401,13,V,190(a),H,-0.1467,8
-1.798,-0.4747,7,V,190(a),I,0.2049,5
0.7614,0.05498,7,V,190(a),K,-0.007722,5
-0.9538,-0.1588,14,V,190(a),L,0.003642,11
-0.1078,-0.01161,24,V,190(a),M,-0.09755,8
-1.635,-0.3948,11,V,190(a),N,-0.3369,9
-0.6431,-0.09086,10,V,190(a),P,0.3075,8
0.9641,0.06391,11,V,190(a),Q,-0.1885,9
-1.62,-0.3876,6,V,190(a),R,-0.4907,6
-0.9018,-0.146,5,V,190(a),S,-0.2228,4
0.5313,0.04242,9,V,190(a),T,-0.1346,5
0,0,,V,190(a),V,0,
-1.201,-0.2286,8,V,190(a),W,-0.6101,7
-0.6965,-0.1012,7,V,190(a),Y,0.05275,4
-0.3071,-0.03652,9,S,191(a),A,0.3828,5
-0.35,-0.04254,10,S,191(a),C,-0.6104,5
1.837,0.08718,8,S,191(a),D,0.4762,5
1.607,0.08285,4,S,191(a),E,0.5291,2
0.6545,0.0495,13,S,191(a),F,-0.602,8
-0.9982,-0.1702,18,S,191(a),G,-0.3116,14
-0.7515,-0.1124,11,S,191(a),H,-0.2034,7
-1.158,-0.2152,11,S,191(a),I,-0.09885,9
-0.03805,-0.003962,14,S,191(a),K,0.0816,8
-1.422,-0.3055,8,S,191(a),L,0.4992,4
0.1706,0.01607,9,S,191(a),M,0.08165,4
-0.7279,-0.1075,10,S,191(a),N,-0.07056,7
0.8858,0.06067,12,S,191(a),P,0.4171,3
0.4533,0.03749,13,S,191(a),Q,0.5479,8
0.4704,0.03861,9,S,191(a),R,-0.4688,5
0,0,,S,191(a),S,0,
3.397,0.1004,13,S,191(a),T,0.6416,5
0.584,0.04556,10,S,191(a),V,-0.3011,5
0.1524,0.01449,11,S,191(a),W,-0.2177,7
-0.07863,-0.00835,17,S,191(a),Y,-0.1164,10
-6.356,-5.485,1,E,192(a),*,,
1.651,0.08376,11,E,192(a),A,0.05333,8
-2.118,-0.6657,6,E,192(a),C,0.08228,3
0.3047,0.02697,17,E,192(a),D,0.428,10
0,0,,E,192(a),E,0,
-1.896,-0.528,10,E,192(a),F,-0.801,7
-0.07258,-0.007686,20,E,192(a),G,-0.162,7
0.6679,0.05022,6,E,192(a),H,0.1887,2
-1.43,-0.3085,17,E,192(a),I,-0.5815,13
0.3155,0.02778,28,E,192(a),K,0.142,9
-0.73,-0.1079,7,E,192(a),L,-0.6584,4
-1.254,-0.2457,9,E,192(a),M,-0.1006,4
0.08632,0.008465,5,E,192(a),N,0.3944,2
0.4239,0.03552,6,E,192(a),P,0.6493,1
0.3057,0.02705,10,E,192(a),Q,0.4008,3
-0.4959,-0.06492,13,E,192(a),R,0.4252,9
-0.9595,-0.1602,11,E,192(a),S,-0.2129,7
0.773,0.05554,11,E,192(a),T,-0.103,8
-0.258,-0.02994,14,E,192(a),V,-0.2434,8
-0.3101,-0.03694,10,E,192(a),W,-0.1426,7
-1.781,-0.4655,6,E,192(a),Y,-0.2697,5
-0.1235,-0.0134,16,S,193(a),A,0.1108,13
-1.098,-0.1976,10,S,193(a),C,-0.4385,5
-0.1685,-0.0187,13,S,193(a),D,0.4031,7
-1.288,-0.2569,12,S,193(a),E,0.04425,8
-0.664,-0.09484,5,S,193(a),F,0.0138,2
-0.3199,-0.03829,14,S,193(a),G,-0.07244,5
1.164,0.07113,7,S,193(a),H,0.2605,3
0.273,0.02452,16,S,193(a),I,-0.0689,8
-1.027,-0.1779,10,S,193(a),K,-0.1666,8
-0.3482,-0.04227,9,S,193(a),L,-0.3227,5
-1.025,-0.1772,14,S,193(a),M,0.293,10
-0.5521,-0.07441,23,S,193(a),N,-0.04167,10
1.797,0.0865,12,S,193(a),P,0.2008,7
1.96,0.08912,9,S,193(a),Q,0.4121,9
1.845,0.08731,10,S,193(a),R,0.5466,4
0,0,,S,193(a),S,0,
0.3631,0.03129,15,S,193(a),T,-0.234,7
0.018,0.001825,7,S,193(a),V,0.3047,4
-0.8835,-0.1417,12,S,193(a),W,-0.422,6
-0.238,-0.02734,8,S,193(a),Y,-0.15,4
0.2312,0.02117,11,T,194(a),A,-0.1929,6
-1.924,-0.5443,8,T,194(a),C,-0.5028,3
0.7126,0.05255,12,T,194(a),D,0.06309,6
0.7676,0.05528,11,T,194(a),E,0.0349,7
0.5272,0.04218,13,T,194(a),F,-0.15,9
-1.116,-0.2029,21,T,194(a),G,-0.3668,12
0.1622,0.01535,6,T,194(a),H,-0.08205,4
0.04077,0.004086,18,T,194(a),I,0.1342,4
1.149,0.07063,2,T,194(a),K,0.3755,2
-0.277,-0.03245,16,T,194(a),L,-0.303,10
-0.6222,-0.08696,5,T,194(a),M,0.0042,4
0.95,0.06335,13,T,194(a),N,0.205,6
1.879,0.08786,11,T,194(a),P,0.3692,6
-0.5698,-0.0775,16,T,194(a),Q,0.01404,12
0.8446,0.05886,11,T,194(a),R,0.5167,7
1.92,0.08851,13,T,194(a),S,0.4439,8
0,0,,T,194(a),T,0,
-1.948,-0.5582,10,T,194(a),V,-0.1142,6
-0.9042,-0.1466,5,T,194(a),W,-0.2918,4
0.288,0.02569,10,T,194(a),Y,0.1589,8
-24.01,-6.049,4,E,195(a),*,-6,1
0.7928,0.05648,12,E,195(a),A,0.03926,7
0.8773,0.0603,13,E,195(a),C,-0.5396,7
1.357,0.07687,7,E,195(a),D,0.283,5
0,0,,E,195(a),E,0,
0.005365,0.0005468,8,E,195(a),F,0.2775,6
-0.554,-0.07473,8,E,195(a),G,-0.1066,5
-0.719,-0.1057,10,E,195(a),H,0.08592,5
0.4227,0.03545,13,E,195(a),I,-0.03081,4
-0.101,-0.01084,34,E,195(a),K,0.3322,11
-0.658,-0.09368,12,E,195(a),L,-0.01344,9
1.178,0.07159,10,E,195(a),M,0.2749,7
-0.2392,-0.0275,24,E,195(a),N,-0.05719,15
-0.5845,-0.08011,8,E,195(a),P,0.07641,3
1.857,0.08751,3,E,195(a),Q,0.5358,2
-1.238,-0.2402,9,E,195(a),R,0.5597,5
-1.591,-0.3747,8,E,195(a),S,0.1779,3
0.0055,0.0005608,11,E,195(a),T,-0.05177,6
-1.155,-0.2145,11,E,195(a),V,-0.7233,5
0.5993,0.04644,7,E,195(a),W,0.2427,5
0.8036,0.05699,10,E,195(a),Y,0.1483,8
-0.04837,-0.005061,1,T,196(a),-,,
1.307,0.07549,3,T,196(a),A,,
-0.1602,-0.01771,9,T,196(a),I,,
2.416,0.09455,3,T,196(a),N,,
-2.338,-0.8263,1,T,196(a),S,,
0,0,,T,196(a),T,0,
-0.5082,-0.06695,1,L,197(a),-,,
0,0,,L,197(a),L,0,
-0.09983,-0.01071,1,L,197(a),M,-0.05825,1
1.209,0.07258,4,L,197(a),P,,
-0.8906,-0.1434,2,V,198(a),-,,
1.533,0.08122,1,V,198(a),A,,
-1.698,-0.424,1,V,198(a),D,,
-0.1817,-0.0203,7,V,198(a),I,,
0,0,,V,198(a),V,0,
-0.164,-0.01817,1,C,199(a),-,,
0,0,,C,199(a),C,0,
-0.5568,-0.07521,4,C,199(a),F,,
0.512,0.04124,1,C,199(a),G,0.193,1
-0.2432,-0.02801,5,C,199(a),R,0.2155,2
0.5624,0.04429,4,C,199(a),S,,
0.8937,0.06101,8,C,199(a),Y,0.6321,2
-0.3921,-0.04868,1,A,200(a),-,,
0,0,,A,200(a),A,0,
2.145,0.09162,1,A,200(a),D,,
-4.928,-4.225,3,A,200(a),S,,
-0.3144,-0.03754,2,A,200(a),T,,
-3.045,-1.528,4,A,200(a),V,-3.273,2
-0.1324,-0.01443,1,L,201(a),-,,
0,0,,L,201(a),L,0,
-0.1338,-0.0146,10,L,201(a),M,-0.9003,1
0.3964,0.03364,16,L,201(a),P,,
-1.552,-0.358,1,L,201(a),Q,,
-0.2767,-0.03242,1,G,202(a),-,,
-1.358,-0.2814,3,G,202(a),C,,
-1.585,-0.3722,12,G,202(a),D,-0.8037,2
0,0,,G,202(a),G,0,
-2.732,-1.181,1,G,202(a),R,,
-1.418,-0.3038,7,G,202(a),S,0.1201,1
-1.033,-0.1796,3,G,202(a),V,,
-0.07768,-0.008246,1,L,203(a),-,,
-0.3763,-0.04635,2,L,203(a),F,,
2.205,0.09233,4,L,203(a),I,0.2753,1
0,0,,L,203(a),L,0,
2.099,0.09104,1,L,203(a),P,,
-0.4335,-0.05496,1,A,204(a),-,,
0,0,,A,204(a),A,0,
0.4012,0.03397,1,A,204(a),P,,
1.178,0.07158,2,A,204(a),S,,
0.6033,0.04667,12,A,204(a),T,-3.696,1
0.07848,0.007726,19,A,204(a),V,0.1183,3
-1.085,-0.194,2,V,205(a),-,,
0.4735,0.0388,2,V,205(a),A,,
-5.567,-4.93,3,V,205(a),E,,
-0.199,-0.02242,3,V,205(a),L,,
-0.6573,-0.09355,7,V,205(a),M,-0.8147,1
0,0,,V,205(a),V,0,
-1.436,-0.3109,2,G,206(a),-,,
-1.381,-0.2898,21,G,206(a),D,-0.2128,2
0,0,,G,206(a),G,0,
-10.71,-6.041,1,G,206(a),R,,
0.5053,0.04082,6,G,206(a),S,-0.8627,1
-0.1687,-0.01873,4,G,206(a),V,,
-0.519,-0.06876,2,I,207(a),-,,
0,0,,I,207(a),I,0,
0.4911,0.03993,1,I,207(a),N,,
-2.666,-1.115,1,I,207(a),T,,
-2.096,-0.6505,5,I,207(a),V,,
-0.5256,-0.06986,1,V,208(a),-,,
0.4745,0.03887,3,V,208(a),A,0.564,1
0.6755,0.05062,2,V,208(a),L,,
-1.301,-0.2614,11,V,208(a),M,0.07946,3
0,0,,V,208(a),V,0,
-0.1873,-0.02098,1,G,209(a),-,,
-0.8179,-0.1267,33,G,209(a),E,-0.3664,9
0,0,,G,209(a),G,0,
-5.566,-4.929,9,G,209(a),R,,
-0.1806,-0.02016,2,G,209(a),V,,
0.3407,0.02966,2,G,209(a),W,0.3133,1
0,0,,I,210(a),I,0,
-1.112,-0.2016,1,I,210(a),L,,
-1.978,-0.576,1,I,210(a),N,,
0.8492,0.05907,1,V,211(a),A,,
-3.156,-1.665,3,V,211(a),E,-1.782,1
0.3303,0.02889,6,V,211(a),M,-0.1287,2
0,0,,V,211(a),V,0,
-1.641,-0.3974,3,V,212(a),D,,
-2.066,-0.6308,2,V,212(a),F,-0.4368,1
1.302,0.07533,8,V,212(a),I,0.3114,1
0,0,,V,212(a),V,0,
-0.8104,-0.125,2,G,213(a),C,,
1.79,0.08637,16,G,213(a),D,0.4403,2
0,0,,G,213(a),G,0,
-0.6053,-0.08386,1,G,213(a),N,,
-4.558,-3.718,1,G,213(a),R,,
-0.6159,-0.08578,8,G,213(a),S,,
0.5844,0.04558,1,G,213(a),V,,
0.991,0.06497,5,T,214(a),A,,
0.5813,0.0454,4,T,214(a),I,,
0.5175,0.04158,1,T,214(a),S,0.1899,1
0,0,,T,214(a),T,0,
0,0,,I,215(a),I,0,
1.243,0.07362,2,I,215(a),L,,
-0.4222,-0.05322,1,I,215(a),N,,
0.4769,0.03902,1,I,215(a),T,,
0.1052,0.01022,9,I,215(a),V,,
-2.107,-0.658,1,L,216(a),K,-0.4952,1
0,0,,L,216(a),L,0,
0.139,0.0133,3,L,216(a),M,-0.1902,1
-0.8357,-0.1307,10,L,216(a),P,-0.05909,1
0.6551,0.04953,2,L,216(a),Q,,
0.1102,0.01068,2,I,217(a),F,,
0,0,,I,217(a),I,0,
0.9526,0.06345,1,I,217(a),L,,
-0.7199,-0.1059,7,I,217(a),N,,
-0.2794,-0.03278,4,I,217(a),T,,
-2.898,-1.359,1,I,217(a),V,,
0,0,,I,218(a),I,0,
-0.1056,-0.01137,2,I,218(a),M,0.1012,1
-0.2048,-0.02315,2,I,218(a),N,-0.298,1
0.5362,0.04272,3,I,218(a),T,0.3045,1
0.1049,0.0102,3,I,218(a),V,,
-0.4632,-0.05963,6,K,219(a),E,,
0,0,,K,219(a),K,0,
-1.875,-0.516,2,K,219(a),M,,
2.814,0.09764,3,K,219(a),N,,
-0.7263,-0.1072,14,K,219(a),R,-0.4807,1
0,0,,A,220(a),A,0,
0.1042,0.01013,1,A,220(a),D,,
-0.7151,-0.1049,8,A,220(a),T,0.1635,1
-1.116,-0.2028,3,A,220(a),V,0.107,1
0.4895,0.03983,49,M,221(a),I,0.6095,6
-0.8729,-0.1392,2,M,221(a),L,,
0,0,,M,221(a),M,0,
-0.04379,-0.004572,2,M,221(a),T,,
0.8231,0.05789,2,M,221(a),V,,
-7.001,-5.74,4,K,222(a),*,-6,2
0.2705,0.02432,1,K,222(a),-,,
0.6967,0.05173,7,K,222(a),E,0.5551,1
0,0,,K,222(a),K,0,
-0.2045,-0.02311,1,K,222(a),N,,
2.212,0.09242,6,K,222(a),R,-0.08762,1
0.374,0.03206,1,M,223(a),-,,
0.09653,0.00942,33,M,223(a),I,-0.4396,2
-1.793,-0.472,1,M,223(a),K,,
-0.9516,-0.1583,2,M,223(a),L,,
0,0,,M,223(a),M,0,
-0.3866,-0.04786,1,N,224(a),-,,
-4.613,-3.798,6,N,224(a),D,,
-1.201,-0.2284,1,N,224(a),K,,
0,0,,N,224(a),N,0,
-0.7235,-0.1066,5,N,224(a),S,,
-0.737,-0.1094,2,N,224(a),T,,
3.645,0.1012,2,N,224(a),Y,,
0.0868,0.008511,1,N,225(a),-,,
-0.2283,-0.02611,1,N,225(a),D,,
-0.1445,-0.01585,2,N,225(a),G,,
-0.3496,-0.04248,1,N,225(a),H,,
-2.666,-1.116,1,N,225(a),I,,
0.7011,0.05196,3,N,225(a),K,0.4529,1
0,0,,N,225(a),N,0,
1.568,0.08201,3,N,225(a),S,1.371,2
-0.6692,-0.09584,1,N,225(a),Y,,
0.4277,0.03578,1,A,226(a),-,,
0,0,,A,226(a),A,0,
-2.737,-1.187,1,A,226(a),D,-1.212,1
0.1915,0.01787,1,A,226(a),G,,
1.281,0.07475,3,A,226(a),S,,
-0.2808,-0.03295,11,A,226(a),T,-0.1726,2
1.527,0.08109,2,A,226(a),V,,
0.3275,0.02869,1,R,227(a),-,,
-0.8951,-0.1445,12,R,227(a),G,-0.4821,3
-2.161,-0.6951,1,R,227(a),I,,
-0.3495,-0.04247,6,R,227(a),K,0.1647,2
0,0,,R,227(a),R,0,
-1.076,-0.1912,2,R,227(a),S,,
0.162,0.01533,1,N,228(a),-,,
-2.882,-1.341,4,N,228(a),D,,
0.6573,0.04965,1,N,228(a),K,0.2833,1
0,0,,N,228(a),N,0,
-0.3476,-0.0422,1,N,228(a),T,,
-11.72,-6.046,2,Q,229(a),*,-6,1
-0.01995,-0.002059,1,Q,229(a),-,,
1.525,0.08105,1,Q,229(a),H,,
1.657,0.08388,1,Q,229(a),L,,
1.839,0.08721,2,Q,229(a),P,,
0,0,,Q,229(a),Q,0,
0.4379,0.03647,3,Q,229(a),R,,
-19.01,-6.049,2,R,230(a),*,-6,1
-0.1759,-0.0196,1,R,230(a),-,,
-1.532,-0.3495,8,R,230(a),G,,
-2.117,-0.6648,1,R,230(a),I,,
0.0354,0.003558,12,R,230(a),K,-0.4377,2
0,0,,R,230(a),R,0,
-1.542,-0.3535,1,R,230(a),S,,
-0.7991,-0.1225,2,G,231(a),-,,
1.743,0.08553,2,G,231(a),A,,
-7.909,-5.92,1,G,231(a),C,,
-2.789,-1.241,10,G,231(a),D,,
0,0,,G,231(a),G,0,
0.5368,0.04276,9,G,231(a),S,,
-0.8788,-0.1406,2,L,232(a),-,,
0,0,,L,232(a),L,0,
-1.013,-0.174,1,L,232(a),M,,
-3.535,-2.178,5,L,232(a),P,-2.023,1
-0.3328,-0.04009,2,L,233(a),-,,
0,0,,L,233(a),L,0,
-3.387,-1.97,7,L,233(a),P,-2.052,1
-1.506,-0.3385,2,L,233(a),Q,,
-7.7,-5.891,4,G,1(T2A),*,-6,1
-0.2279,-0.02605,2,G,1(T2A),-,,
-1.998,-0.5885,35,G,1(T2A),E,-1.538,3
0,0,,G,1(T2A),G,0,
2.918,0.09827,1,G,1(T2A),K,,
1.357,0.07686,29,G,1(T2A),R,0.9854,5
2.009,0.08983,4,G,1(T2A),V,1.305,1
-1.505,-0.3383,3,S,2(T2A),-,,
1.073,0.06802,4,S,2(T2A),G,,
-0.4242,-0.05354,7,S,2(T2A),N,,
1.739,0.08545,1,S,2(T2A),R,,
0,0,,S,2(T2A),S,0,
-0.1703,-0.01892,2,G,3(T2A),-,,
-1.361,-0.2825,1,G,3(T2A),C,,
-1.682,-0.4167,13,G,3(T2A),D,-1.138,1
0,0,,G,3(T2A),G,0,
-0.2505,-0.02896,6,G,3(T2A),S,0.5808,1
-1.957,-0.5636,4,G,3(T2A),V,,
0.4695,0.03854,2,E,4(T2A),-,,
1.425,0.07864,1,E,4(T2A),A,,
-0.3446,-0.04176,6,E,4(T2A),D,,
0,0,,E,4(T2A),E,0,
1.599,0.08267,5,E,4(T2A),G,0.4258,1
-0.07292,-0.007723,7,E,4(T2A),K,0.4883,1
0.5055,0.04083,2,G,5(T2A),-,,
-3.276,-1.82,1,G,5(T2A),A,,
-1.289,-0.2572,15,G,5(T2A),D,-1.835,2
0,0,,G,5(T2A),G,0,
-3.134,-1.638,2,G,5(T2A),R,-1.359,2
-3.064,-1.552,5,G,5(T2A),S,,
0.3784,0.03238,1,R,6(T2A),-,,
-3.574,-2.234,5,R,6(T2A),L,,
-2.839,-1.294,25,R,6(T2A),P,-1.909,5
-2.927,-1.391,9,R,6(T2A),Q,-1.566,1
0,0,,R,6(T2A),R,0,
-0.02956,-0.003065,8,R,6(T2A),W,-1.174,1
-0.04314,-0.004503,1,G,7(T2A),-,,
-3.175,-1.69,1,G,7(T2A),C,,
-2.217,-0.7344,24,G,7(T2A),D,-1.091,2
0,0,,G,7(T2A),G,0,
-1.7,-0.4253,2,G,7(T2A),S,,
0.3226,0.02832,1,S,8(T2A),-,,
-1.421,-0.3049,4,S,8(T2A),G,,
3.099,0.09921,2,S,8(T2A),I,,
-2.075,-0.637,7,S,8(T2A),N,-0.5128,1
-1.233,-0.2388,3,S,8(T2A),R,-0.847,1
0,0,,S,8(T2A),S,0,
0.7738,0.05558,2,L,9(T2A),-,,
0,0,,L,9(T2A),L,0,
-1.904,-0.5325,1,L,9(T2A),M,-0.4216,1
-2.757,-1.207,5,L,9(T2A),P,-2.333,2
-1.855,-0.5053,1,L,9(T2A),Q,,
-0.3348,-0.04038,3,L,10(T2A),-,,
0,0,,L,10(T2A),L,0,
0.7381,0.05383,1,L,10(T2A),M,,
-1.213,-0.2323,2,L,10(T2A),Q,,
1.694,0.0846,1,L,10(T2A),V,,
-0.3994,-0.04977,3,T,11(T2A),-,,
-1.024,-0.177,4,T,11(T2A),A,,
-2.783,-1.234,6,T,11(T2A),I,-4.129,2
-2.677,-1.126,2,T,11(T2A),N,-0.8758,1
-1.933,-0.5494,1,T,11(T2A),S,,
0,0,,T,11(T2A),T,0,
-7.58,-5.872,3,C,12(T2A),*,,
-0.848,-0.1334,3,C,12(T2A),-,,
0,0,,C,12(T2A),C,0,
-4.506,-3.642,2,C,12(T2A),F,-4.133,1
-1.043,-0.1822,20,C,12(T2A),R,-1.695,3
-0.9709,-0.1632,2,C,12(T2A),S,-0.2301,1
-2.072,-0.6348,10,C,12(T2A),Y,-1.684,1
-0.3587,-0.04379,4,G,13(T2A),-,,
-0.5838,-0.07997,1,G,13(T2A),C,,
-2.304,-0.7995,4,G,13(T2A),D,-1.563,1
0,0,,G,13(T2A),G,0,
-2.97,-1.44,5,G,13(T2A),S,,
-2.707,-1.157,1,G,13(T2A),V,,
-0.4884,-0.06369,3,D,14(T2A),-,,
-2.734,-1.184,1,D,14(T2A),A,,
0,0,,D,14(T2A),D,0,
-2.907,-1.368,8,D,14(T2A),E,-1.808,1
-2.906,-1.367,1,D,14(T2A),G,,
-3.126,-1.627,3,D,14(T2A),H,-1.428,1
-1.556,-0.3596,31,D,14(T2A),N,-1.089,4
0.002601,0.0002652,3,V,15(T2A),-,,
-3.033,-1.514,6,V,15(T2A),L,-2.217,1
-2.71,-1.16,10,V,15(T2A),M,-2.234,1
0,0,,V,15(T2A),V,0,
-10.22,-6.036,1,E,16(T2A),*,,
-0.8444,-0.1326,3,E,16(T2A),-,,
-2.373,-0.854,1,E,16(T2A),D,,
0,0,,E,16(T2A),E,0,
-0.794,-0.1214,2,E,16(T2A),G,,
-2.137,-0.6785,17,E,16(T2A),K,-1.239,1
-3.228,-1.757,2,E,16(T2A),V,,
-0.4607,-0.05924,1,E,17(T2A),*,,
0.7075,0.05229,3,E,17(T2A),-,,
0.6689,0.05027,1,E,17(T2A),A,,
-3.456,-2.066,2,E,17(T2A),D,-2.017,1
0,0,,E,17(T2A),E,0,
-1.533,-0.3497,2,E,17(T2A),G,,
-0.4884,-0.06369,77,E,17(T2A),K,-0.1439,10
-0.6169,-0.08597,2,N,18(T2A),-,,
-0.3634,-0.04447,2,N,18(T2A),D,,
2.126,0.09138,3,N,18(T2A),G,,
-1.093,-0.1963,3,N,18(T2A),H,-1.056,1
-0.2065,-0.02336,2,N,18(T2A),K,,
0,0,,N,18(T2A),N,0,
-2.433,-0.9034,6,N,18(T2A),S,,
-2.913,-1.375,3,N,18(T2A),T,,
-0.3227,-0.03868,1,P,19(T2A),-,,
0,0,,P,19(T2A),P,0,
-0.9592,-0.1602,1,P,19(T2A),R,,
-1.765,-0.4574,3,P,19(T2A),S,-2.746,1
0.2532,0.02295,1,G,20(T2A),-,,
-4.631,-3.824,1,G,20(T2A),C,-2.962,1
-3.41,-2.002,4,G,20(T2A),D,,
0,0,,G,20(T2A),G,0,
-2.924,-1.388,4,G,20(T2A),S,-1.975,1
0.6205,0.04763,1,P,21(T2A),-,,
-0.6024,-0.08333,2,P,21(T2A),H,,
0.1528,0.01452,1,P,21(T2A),L,,
0,0,,P,21(T2A),P,0,
-2.242,-0.753,2,P,21(T2A),S,,
-0.6279,-0.08801,1,P,21(T2A),T,,
0.303,0.02684,1,M,-24(b),-,,
0.05113,0.005099,14,M,-24(b),I,-1.147,2
1.539,0.08136,3,M,-24(b),K,,
0,0,,M,-24(b),M,0,
1.528,0.08112,3,M,-24(b),T,-0.3138,1
-0.4526,-0.05795,1,G,-23(b),-,,
-0.1384,-0.01514,2,G,-23(b),C,,
-0.167,-0.01852,38,G,-23(b),D,0.08737,7
0,0,,G,-23(b),G,0,
-0.2939,-0.03472,10,G,-23(b),S,0.8846,1
0.304,0.02692,2,G,-23(b),V,,
-0.326,-0.03914,1,S,-22(b),-,,
0.05235,0.005218,4,S,-22(b),F,,
-0.4327,-0.05485,1,S,-22(b),P,,
0,0,,S,-22(b),S,0,
0.288,0.02569,2,S,-22(b),T,,
-3.092,-1.586,2,S,-22(b),Y,-2.013,1
-0.1606,-0.01776,1,G,-21(b),-,,
1.72,0.0851,17,G,-21(b),D,-0.2441,1
0,0,,G,-21(b),G,0,
1.497,0.0804,6,G,-21(b),S,0.1008,3
0.7612,0.05497,2,G,-21(b),V,,
-0.4913,-0.06417,1,R,-20(b),-,,
0.1311,0.01258,8,R,-20(b),G,,
-0.7146,-0.1048,1,R,-20(b),I,,
-0.8708,-0.1387,16,R,-20(b),K,,
0,0,,R,-20(b),R,0,
0.6113,0.04712,1,R,-20(b),S,0.253,1
-0.5195,-0.06884,1,I,-19(b),-,,
0,0,,I,-19(b),I,0,
-0.9327,-0.1536,5,I,-19(b),N,,
0.06399,0.006343,2,I,-19(b),V,,
0.1567,0.01486,1,L,-18(b),-,,
0,0,,L,-18(b),L,0,
-1.387,-0.2921,2,L,-18(b),M,-0.2691,1
0.4078,0.03443,5,L,-18(b),P,0.2257,1
-1.159,-0.2157,2,L,-18(b),Q,-1.427,1
-0.204,-0.02305,1,G,-17(b),-,,
-0.5385,-0.07206,4,G,-17(b),C,,
-3.086,-1.578,3,G,-17(b),D,,
0,0,,G,-17(b),G,0,
-0.6794,-0.09782,6,G,-17(b),S,-0.05545,3
-1.643,-0.3982,5,G,-17(b),V,,
-1.216,-0.2333,2,A,-16(b),-,,
0,0,,A,-16(b),A,0,
0.8098,0.05727,2,A,-16(b),P,,
4.631,0.1029,7,A,-16(b),S,-0.1928,1
-0.002311,-0.0002366,14,A,-16(b),T,0.1459,2
0.3389,0.02953,21,A,-16(b),V,0.214,4
-0.5978,-0.08249,2,G,-15(b),-,,
-0.1409,-0.01543,6,G,-15(b),C,,
0.32,0.02812,9,G,-15(b),D,-0.1653,2
0,0,,G,-15(b),G,0,
0.6169,0.04743,1,G,-15(b),R,,
0.8877,0.06075,15,G,-15(b),S,,
-0.7111,-0.1041,2,G,-15(b),V,,
-0.987,-0.1673,2,A,-14(b),-,,
0,0,,A,-14(b),A,0,
0.2757,0.02473,4,A,-14(b),S,,
-0.05687,-0.005976,11,A,-14(b),T,0.2689,1
-5.512,-4.879,4,A,-14(b),V,,
-0.4969,-0.06509,1,V,-13(b),-,,
-3.704,-2.425,4,V,-13(b),A,-0.7416,1
0.2024,0.01879,3,V,-13(b),E,-1.695,1
0.4961,0.04024,11,V,-13(b),L,,
-0.3187,-0.03813,13,V,-13(b),M,-0.03695,2
0,0,,V,-13(b),V,0,
0.5615,0.04424,3,L,-12(b),-,,
0,0,,L,-12(b),L,0,
1.328,0.07608,1,L,-12(b),M,,
-1.624,-0.3897,13,L,-12(b),P,-1.454,4
-2.231,-0.7451,2,L,-12(b),R,-0.5842,1
0.4451,0.03695,3,V,-11(b),-,,
-0.2627,-0.03055,4,V,-11(b),A,,
0.4324,0.0361,3,V,-11(b),F,0.1533,1
2.085,0.09087,6,V,-11(b),I,0.007315,3
0.3445,0.02994,1,V,-11(b),L,,
0,0,,V,-11(b),V,0,
0.4495,0.03724,3,A,-10(b),-,,
0,0,,A,-10(b),A,0,
-3.45,-2.057,2,A,-10(b),D,,
0.6897,0.05137,8,A,-10(b),S,,
1.057,0.06745,12,A,-10(b),T,-0.8648,1
1.42,0.07851,6,A,-10(b),V,,
0.459,0.03786,3,L,-9(b),-,,
0,0,,L,-9(b),L,0,
0.3613,0.03116,4,L,-9(b),M,,
-3.126,-1.627,19,L,-9(b),P,-1.479,5
0.499,0.04043,3,V,-8(b),-,,
0.5994,0.04644,6,V,-8(b),A,,
0.4223,0.03541,7,V,-8(b),F,,
-1.073,-0.1904,6,V,-8(b),I,,
-2.831,-1.286,1,V,-8(b),L,,
0,0,,V,-8(b),V,0,
0.9885,0.06487,5,V,-7(b),-,,
0.3709,0.03184,2,V,-7(b),A,,
0.3842,0.03279,8,V,-7(b),L,,
-1.177,-0.2212,10,V,-7(b),M,-0.2782,2
0,0,,V,-7(b),V,0,
-0.7185,-0.1056,6,L,-6(b),-,,
0.7231,0.05308,7,L,-6(b),F,0.0741,2
-1.063,-0.1878,2,L,-6(b),H,,
0.6365,0.04852,2,L,-6(b),I,,
0,0,,L,-6(b),L,0,
-0.3997,-0.04981,2,L,-6(b),P,-6,1
-0.7829,-0.119,5,G,-5(b),-,,
0.9309,0.06257,5,G,-5(b),C,0.8444,1
-1.733,-0.4416,8,G,-5(b),D,,
0,0,,G,-5(b),G,0,
0.4995,0.04046,1,G,-5(b),R,,
-0.3253,-0.03905,11,G,-5(b),S,-0.0233,2
-0.1197,-0.01297,5,G,-5(b),V,,
-0.2215,-0.02524,5,A,-4(b),-,,
0,0,,A,-4(b),A,0,
-0.9076,-0.1474,3,A,-4(b),D,-0.03969,1
0.007343,0.0007482,1,A,-4(b),P,,
0.06248,0.006198,5,A,-4(b),S,,
-0.8588,-0.1359,7,A,-4(b),T,0.5231,1
-0.1839,-0.02057,16,A,-4(b),V,-0.4541,1
-0.1927,-0.02165,4,R,-3(b),-,,
0.1684,0.01588,9,R,-3(b),C,,
-0.06065,-0.006385,22,R,-3(b),H,0.3579,2
-0.4133,-0.05186,6,R,-3(b),L,,
0,0,,R,-3(b),R,0,
1.056,0.06743,9,R,-3(b),S,0.6405,1
0.08722,0.008551,4,L,-2(b),-,,
-2.173,-0.7029,1,L,-2(b),K,-0.7492,1
0,0,,L,-2(b),L,0,
-0.3108,-0.03703,6,L,-2(b),M,,
-0.2498,-0.02886,8,L,-2(b),P,,
-0.8302,-0.1294,6,L,-2(b),Q,,
-0.5687,-0.07729,1,L,-2(b),R,,
0.0006997,7.152e-05,4,A,-1(b),-,,
0,0,,A,-1(b),A,0,
-0.2879,-0.03392,8,A,-1(b),S,,
-0.5597,-0.07571,14,A,-1(b),T,-0.2626,3
0.4994,0.04046,19,A,-1(b),V,-0.3387,2
-2.345,-0.8317,6,G,1(b),-,,
-2.267,-0.7713,3,G,1(b),A,-0.7569,2
-0.38,-0.0469,7,G,1(b),C,-0.4164,1
-0.1535,-0.01691,7,G,1(b),D,0.2411,3
0,0,,G,1(b),G,0,
-0.4836,-0.06292,14,G,1(b),S,1.238,1
1.428,0.07873,7,G,1(b),V,-0.01322,1
-5.227,-4.584,2,G,2(b),*,,
1.714,0.08498,6,G,2(b),-,,
1.94,0.08881,11,G,2(b),A,0.3955,8
0.02844,0.002868,7,G,2(b),C,-0.3657,6
-4.208,-3.195,9,G,2(b),D,-3.717,4
-3.918,-2.749,18,G,2(b),E,-2.954,7
-2.437,-0.9069,14,G,2(b),F,-1.098,6
0,0,,G,2(b),G,0,
-3.832,-2.618,13,G,2(b),H,-2.617,10
-4.367,-3.436,8,G,2(b),I,-3.408,3
-4.355,-3.418,6,G,2(b),K,-3.193,5
-0.6937,-0.1006,11,G,2(b),L,-0.824,5
-1.861,-0.5083,15,G,2(b),M,-0.5757,8
-1.605,-0.3811,8,G,2(b),N,-0.5315,5
0.1502,0.01429,8,G,2(b),P,-0.7629,3
-1.857,-0.5064,12,G,2(b),Q,-0.6297,8
-4.227,-3.224,28,G,2(b),R,-3.399,10
-0.2317,-0.02654,14,G,2(b),S,-0.1603,6
0.2755,0.02472,12,G,2(b),T,0.00295,10
-2.972,-1.442,25,G,2(b),V,-1.573,16
-5.097,-4.435,10,G,2(b),W,-4.564,7
-4.501,-3.635,18,G,2(b),Y,-3.852,9
-8.955,-6.003,2,E,3(b),*,,
-4.805,-4.064,5,E,3(b),-,,
-0.5289,-0.07042,12,E,3(b),A,0.09011,8
-0.4238,-0.05347,12,E,3(b),C,0.2031,10
1.487,0.08017,8,E,3(b),D,0.09043,6
0,0,,E,3(b),E,0,
0.3008,0.02667,12,E,3(b),F,-0.2525,5
-0.6399,-0.09025,20,E,3(b),G,-0.8327,6
-1.499,-0.3358,9,E,3(b),H,-0.5416,4
-1.236,-0.2397,18,E,3(b),I,-0.1999,11
0.3298,0.02885,35,E,3(b),K,-0.006556,9
0.5254,0.04207,15,E,3(b),L,0.1852,8
-0.3108,-0.03703,15,E,3(b),M,-0.2987,5
0.3215,0.02824,18,E,3(b),N,-0.1175,9
-3.982,-2.847,12,E,3(b),P,-2.843,10
-0.85,-0.1339,11,E,3(b),Q,0.2318,4
-1.173,-0.2197,10,E,3(b),R,-0.2674,9
-0.4553,-0.05837,8,E,3(b),S,-0.1581,6
1.454,0.07936,8,E,3(b),T,0.2467,6
0.9689,0.0641,7,E,3(b),V,-0.1066,5
-0.9855,-0.1669,15,E,3(b),W,-0.3479,8
-1.324,-0.2696,18,E,3(b),Y,-0.4421,13
-7.071,-5.759,5,E,4(b),*,,
-0.2974,-0.0352,4,E,4(b),-,,
-0.3881,-0.04809,15,E,4(b),A,-0.3031,11
0.3578,0.0309,12,E,4(b),C,0.1243,7
0.002652,0.000271,18,E,4(b),D,0.2749,11
0,0,,E,4(b),E,0,
-1.02,-0.1759,13,E,4(b),F,-0.01704,9
-0.6347,-0.08928,14,E,4(b),G,0.2955,7
0.88,0.06042,10,E,4(b),H,0.5145,4
0.03767,0.003781,19,E,4(b),I,-0.05664,13
-0.7931,-0.1212,32,E,4(b),K,-0.3164,14
-0.736,-0.1092,12,E,4(b),L,-0.03889,8
-0.5338,-0.07126,17,E,4(b),M,-0.04379,10
-1.219,-0.2341,13,E,4(b),N,-0.1807,11
3.108,0.09925,7,E,4(b),P,0.2361,5
-0.3798,-0.04686,17,E,4(b),Q,-0.1174,5
0.115,0.01113,10,E,4(b),R,0.2196,6
0.2187,0.02015,11,E,4(b),S,-0.1748,6
0.5305,0.04238,8,E,4(b),T,0.1916,6
0.06608,0.006543,14,E,4(b),V,-0.06183,7
-0.2082,-0.02357,11,E,4(b),W,-0.4388,7
0.5827,0.04548,13,E,4(b),Y,-0.3557,8
-0.5252,-0.06979,4,T,5(b),-,,
0.2578,0.02332,15,T,5(b),A,0.2351,6
-0.9937,-0.169,11,T,5(b),C,-0.1426,9
1.166,0.0712,10,T,5(b),D,0.2541,5
-0.4177,-0.05253,8,T,5(b),E,0.8968,3
-1.128,-0.2063,7,T,5(b),F,-0.05403,4
0.9999,0.06531,11,T,5(b),G,0.07114,7
-1.4,-0.297,11,T,5(b),H,-0.04062,8
0.2736,0.02457,20,T,5(b),I,0.3358,8
0.9699,0.06414,7,T,5(b),K,0.5866,5
0.06468,0.006409,20,T,5(b),L,0.01391,12
-1.421,-0.3049,6,T,5(b),M,-0.2988,3
-0.4627,-0.05956,15,T,5(b),N,0.1193,9
-0.5485,-0.07377,11,T,5(b),P,-0.5052,4
-0.8044,-0.1237,12,T,5(b),Q,-0.1704,10
-0.6407,-0.09041,11,T,5(b),R,-0.4108,7
0.1838,0.01721,13,T,5(b),S,0.1993,6
0,0,,T,5(b),T,0,
-1.364,-0.2836,9,T,5(b),V,-0.53,7
2.144,0.09161,11,T,5(b),W,0.2278,9
-0.218,-0.0248,4,T,5(b),Y,-0.07635,1
-0.1803,-0.02012,4,K,6(b),-,,
-0.4473,-0.05711,10,K,6(b),A,-0.7212,4
1.455,0.07939,11,K,6(b),C,0.1261,8
-1.662,-0.4072,8,K,6(b),D,-0.5893,5
-0.4443,-0.05664,16,K,6(b),E,-0.06667,7
-1.287,-0.2567,10,K,6(b),F,-0.1105,8
-0.5376,-0.07191,13,K,6(b),G,0.1063,8
-0.7913,-0.1208,11,K,6(b),H,-1.009,5
0.2364,0.02159,11,K,6(b),I,-0.06714,8
0,0,,K,6(b),K,0,
-0.1148,-0.01241,15,K,6(b),L,-0.1341,10
-0.4479,-0.05721,13,K,6(b),M,-0.1505,8
2.385,0.09426,17,K,6(b),N,0.2191,11
-0.1478,-0.01624,17,K,6(b),P,0.09737,12
-0.747,-0.1114,14,K,6(b),Q,-0.2054,8
0.08062,0.007928,20,K,6(b),R,0.4907,6
-0.3608,-0.04409,15,K,6(b),S,0.09899,6
0.01368,0.00139,14,K,6(b),T,-0.0555,8
0.5077,0.04098,13,K,6(b),V,-0.4289,7
-1.238,-0.2405,9,K,6(b),W,-0.3107,5
0.5793,0.04529,12,K,6(b),Y,0.1378,8
-0.1164,-0.01259,3,G,7(b),-,,
-1.297,-0.26,14,G,7(b),A,0.07636,8
-1.588,-0.3733,17,G,7(b),C,-0.3989,7
-0.6989,-0.1017,32,G,7(b),D,0.03388,9
-1.001,-0.1709,13,G,7(b),E,-0.4096,6
-1.009,-0.1731,11,G,7(b),F,-0.119,5
0,0,,G,7(b),G,0,
-0.7997,-0.1227,15,G,7(b),H,-0.4754,8
0.2318,0.02122,10,G,7(b),I,0.1211,6
-0.1044,-0.01123,7,G,7(b),K,-0.5397,5
-1.542,-0.3535,12,G,7(b),L,-0.6053,8
-0.716,-0.1051,11,G,7(b),M,0.1178,9
-0.1973,-0.02222,6,G,7(b),N,-0.1074,4
-0.9357,-0.1543,17,G,7(b),P,-0.2959,13
-0.0868,-0.009254,11,G,7(b),Q,-0.3898,7
-1.109,-0.2007,15,G,7(b),R,-0.01808,11
-0.4333,-0.05493,16,G,7(b),S,-0.1057,9
-1.045,-0.1828,9,G,7(b),T,0.9316,3
-0.183,-0.02045,9,G,7(b),V,0.312,3
0.3787,0.0324,10,G,7(b),W,0.3645,7
-0.06593,-0.006959,16,G,7(b),Y,0.3437,8
0.2572,0.02327,3,F,8(b),-,,
-2.93,-1.395,12,F,8(b),A,-1.32,8
-1.288,-0.2569,12,F,8(b),C,-0.3258,7
-25.28,-6.049,8,F,8(b),D,-4.622,3
-4.625,-3.814,11,F,8(b),E,-3.646,7
0,0,,F,8(b),F,0,
-3.849,-2.643,14,F,8(b),G,-2.504,10
-2.852,-1.308,20,F,8(b),H,-1.372,15
-1.398,-0.2963,19,F,8(b),I,-0.2711,12
-5.45,-4.818,16,F,8(b),K,-4.103,12
-1.909,-0.5352,28,F,8(b),L,-0.2003,8
-2.46,-0.9263,8,F,8(b),M,-0.3889,4
-4.049,-2.95,17,F,8(b),N,-2.999,13
-4.137,-3.085,6,F,8(b),P,-3.03,4
-4.009,-2.889,11,F,8(b),Q,-2.796,6
-5.025,-4.347,9,F,8(b),R,-4.732,6
-3.276,-1.82,17,F,8(b),S,-1.83,11
-2.752,-1.202,9,F,8(b),T,-1.184,7
-2.473,-0.9375,15,F,8(b),V,-0.5489,8
-2.415,-0.8889,7,F,8(b),W,-0.5864,5
4.927,0.1032,15,F,8(b),Y,-0.6208,3
0.0598,0.00594,3,F,9(b),-,,
1.375,0.07735,9,F,9(b),A,-0.03741,7
-2.627,-1.078,17,F,9(b),C,-0.6898,7
-2.031,-0.6089,12,F,9(b),D,-0.3004,7
-2.03,-0.6082,9,F,9(b),E,-0.5137,8
0,0,,F,9(b),F,0,
-2.431,-0.9021,15,F,9(b),G,-0.6289,12
-1.062,-0.1875,11,F,9(b),H,0.2111,7
-1.824,-0.4884,10,F,9(b),I,-0.4099,4
-3.803,-2.574,12,F,9(b),K,-2.535,6
-2.521,-0.9801,14,F,9(b),L,-0.5198,5
-1.441,-0.3125,12,F,9(b),M,-0.5269,10
0.1894,0.01769,8,F,9(b),N,-0.09568,4
-7.785,-5.904,11,F,9(b),P,-6,6
2.082,0.09081,11,F,9(b),Q,0.2793,8
-3.095,-1.589,13,F,9(b),R,-1.346,9
-1.237,-0.2401,7,F,9(b),S,0.1145,4
-1.501,-0.3365,6,F,9(b),T,0.04485,4
-2.549,-1.005,16,F,9(b),V,-0.8644,11
-0.3924,-0.04873,16,F,9(b),W,0.01821,9
-0.7575,-0.1136,9,F,9(b),Y,-0.1795,5
-11.27,-6.045,7,Q,10(b),*,-6,3
-0.6746,-0.09688,1,Q,10(b),-,,
-0.7269,-0.1073,13,Q,10(b),A,0.3506,7
-1.907,-0.5342,14,Q,10(b),C,-0.4892,8
-1.694,-0.4225,8,Q,10(b),D,-0.6313,7
-1.445,-0.3142,15,Q,10(b),E,0.06748,10
-2.167,-0.699,8,Q,10(b),F,-0.3317,2
-3.607,-2.282,13,Q,10(b),G,-1.816,6
-0.7708,-0.1164,14,Q,10(b),H,-0.4215,9
-1.027,-0.1779,9,Q,10(b),I,-0.2583,6
-3.928,-2.764,10,Q,10(b),K,-2.754,8
-1.547,-0.3559,17,Q,10(b),L,-0.4897,10
0.129,0.0124,10,Q,10(b),M,-0.2725,5
-1.912,-0.5371,16,Q,10(b),N,-0.4673,11
-7.755,-5.899,17,Q,10(b),P,-6,10
0,0,,Q,10(b),Q,0,
-4.505,-3.641,28,Q,10(b),R,-3.327,5
-1.11,-0.2011,12,Q,10(b),S,-0.00511,9
-1.153,-0.2137,9,Q,10(b),T,0.1526,5
-1.818,-0.4853,9,Q,10(b),V,-0.2347,8
-3.9,-2.721,14,Q,10(b),W,-2.542,10
-3.854,-2.651,11,Q,10(b),Y,-2.764,7
-5.896,-5.2,5,E,11(b),*,,
-0.4724,-0.0611,1,E,11(b),-,,
-0.9875,-0.1674,12,E,11(b),A,-0.2101,9
-0.9459,-0.1568,11,E,11(b),C,-0.7718,6
-1.145,-0.2112,23,E,11(b),D,-0.9858,9
0,0,,E,11(b),E,0,
-1.873,-0.5149,11,E,11(b),F,-0.4391,8
-1.628,-0.3912,7,E,11(b),G,-0.5843,5
-0.3967,-0.04937,11,E,11(b),H,-0.5417,6
-2.262,-0.7676,11,E,11(b),I,-0.5455,9
-2.869,-1.326,22,E,11(b),K,-1.399,13
-2.29,-0.7887,16,E,11(b),L,-1.195,9
-1.577,-0.3686,12,E,11(b),M,-0.1986,8
-2.243,-0.7535,16,E,11(b),N,-1.42,8
-3.781,-2.541,8,E,11(b),P,-2.739,7
0.5363,0.04273,19,E,11(b),Q,0.2752,13
-2.525,-0.9835,6,E,11(b),R,-1.129,5
-1.453,-0.3172,10,E,11(b),S,0.2521,5
-1.408,-0.3001,14,E,11(b),T,-0.2545,9
-1.154,-0.2141,8,E,11(b),V,-0.4117,6
-3.224,-1.752,11,E,11(b),W,-1.892,7
-2.738,-1.187,6,E,11(b),Y,-0.8886,3
-4.492,-3.621,2,M,12(b),-,,
-0.9414,-0.1557,8,M,12(b),A,0.2479,4
-0.8694,-0.1384,16,M,12(b),C,-0.1131,12
-2.5,-0.9614,15,M,12(b),D,-1.049,8
-0.6127,-0.08521,12,M,12(b),E,-0.4305,9
-2.692,-1.141,14,M,12(b),F,-1.154,9
-2.116,-0.664,10,M,12(b),G,-0.7912,5
-2.497,-0.9591,10,M,12(b),H,-0.7864,5
-1.799,-0.4749,19,M,12(b),I,-0.3656,4
-5.068,-4.399,7,M,12(b),K,-4.852,3
-1.005,-0.1721,12,M,12(b),L,-0.2608,8
0,0,,M,12(b),M,0,
-3.377,-1.957,8,M,12(b),N,-1.688,5
-7.979,-5.929,11,M,12(b),P,-6,10
1.585,0.08238,11,M,12(b),Q,0.00915,8
-4.232,-3.231,9,M,12(b),R,-3.499,5
-1.919,-0.5413,7,M,12(b),S,-0.3408,4
-0.5429,-0.07281,9,M,12(b),T,0.3917,3
-0.5253,-0.06981,5,M,12(b),V,0.982,3
-2.414,-0.8879,9,M,12(b),W,-0.7673,7
-2.313,-0.8064,8,M,12(b),Y,-0.6902,7
-4.044,-2.942,2,V,13(b),-,,
-1.211,-0.2318,12,V,13(b),A,-0.1842,10
-0.2242,-0.02559,9,V,13(b),C,0.04785,6
-4.788,-4.04,18,V,13(b),D,-3.873,14
-3.706,-2.428,13,V,13(b),E,-2.569,10
-1.899,-0.5299,9,V,13(b),F,-0.7963,5
-3.894,-2.712,10,V,13(b),G,-2.678,6
-2.762,-1.212,9,V,13(b),H,-1.523,5
-0.7501,-0.1121,9,V,13(b),I,-0.8122,6
-3.185,-1.702,17,V,13(b),K,-1.696,9
-2.616,-1.068,18,V,13(b),L,-1.009,8
-1.893,-0.5265,12,V,13(b),M,-0.4438,5
-3.014,-1.491,6,V,13(b),N,-1.586,4
-7.288,-5.814,7,V,13(b),P,-6,4
-3.127,-1.628,10,V,13(b),Q,-1.466,7
-3.715,-2.441,12,V,13(b),R,-2.523,7
-0.9101,-0.148,6,V,13(b),S,-0.2986,5
-0.5505,-0.07412,12,V,13(b),T,-0.05634,11
0,0,,V,13(b),V,0,
-2.609,-1.061,10,V,13(b),W,-0.9984,9
-2.291,-0.79,13,V,13(b),Y,-0.8081,10
-1.442,-0.3131,2,A,14(b),-,,
0,0,,A,14(b),A,0,
1.479,0.07997,5,A,14(b),C,0.03134,1
-0.4917,-0.06423,17,A,14(b),D,-0.4456,13
-1.643,-0.3981,3,A,14(b),E,,
-2.308,-0.803,9,A,14(b),F,-0.7263,7
0.8716,0.06006,7,A,14(b),G,-0.1053,4
-1.134,-0.208,17,A,14(b),H,0.01105,12
-0.4608,-0.05925,12,A,14(b),I,-0.7696,8
2.357,0.09397,13,A,14(b),K,-0.2444,9
-0.785,-0.1195,14,A,14(b),L,-0.5714,6
-1.485,-0.3299,13,A,14(b),M,-0.3049,6
-0.6052,-0.08383,14,A,14(b),N,0.4816,7
-5.608,-4.967,14,A,14(b),P,-4.512,9
-2.155,-0.6905,9,A,14(b),Q,-0.5221,7
-0.8085,-0.1246,15,A,14(b),R,-0.1449,10
-0.1877,-0.02104,19,A,14(b),S,0.2448,6
0.92,0.06211,14,A,14(b),T,0.0437,5
0.6388,0.04865,15,A,14(b),V,0.1462,5
-2.519,-0.978,11,A,14(b),W,-1.336,5
-2.096,-0.6509,11,A,14(b),Y,-0.6784,9
-1.571,-0.3659,2,F,15(b),-,,
0.7919,0.05644,4,F,15(b),A,0.4284,1
-1.625,-0.39,16,F,15(b),C,-0.6542,12
-4.909,-4.2,5,F,15(b),D,-3.911,3
-3.775,-2.531,9,F,15(b),E,-2.471,8
0,0,,F,15(b),F,0,
0.9608,0.06378,9,F,15(b),G,0.3196,6
-1.806,-0.4786,5,F,15(b),H,-0.4321,3
-2.213,-0.7317,10,F,15(b),I,-1.061,5
-3.181,-1.697,8,F,15(b),K,-1.831,6
-1.091,-0.1955,12,F,15(b),L,-0.3402,5
-1.509,-0.3398,12,F,15(b),M,-0.5712,6
-3.442,-2.046,9,F,15(b),N,-1.783,5
-4.286,-3.313,15,F,15(b),P,-3.404,11
-3.405,-1.995,11,F,15(b),Q,-1.944,8
-3.078,-1.569,14,F,15(b),R,-1.422,12
-2.212,-0.731,16,F,15(b),S,-0.7145,10
-2.732,-1.182,9,F,15(b),T,-1.076,5
-2.589,-1.042,9,F,15(b),V,-0.8975,7
-2.672,-1.122,13,F,15(b),W,-0.9542,11
-2.25,-0.7587,15,F,15(b),Y,-0.5915,8
-10.75,-6.042,5,E,16(b),*,,
-1.945,-0.5562,2,E,16(b),-,,
-2.485,-0.9483,20,E,16(b),A,-1.063,11
-3.025,-1.505,12,E,16(b),C,-1.716,8
-2.315,-0.8082,19,E,16(b),D,-0.4466,9
0,0,,E,16(b),E,0,
-4.285,-3.313,10,E,16(b),F,-3.258,6
-3.27,-1.812,24,E,16(b),G,-2.102,6
-2.995,-1.469,20,E,16(b),H,-1.897,8
-3.589,-2.255,12,E,16(b),I,-2.244,7
-3.722,-2.452,45,E,16(b),K,-1.972,7
-4.431,-3.532,11,E,16(b),L,-3.658,7
-3.663,-2.365,12,E,16(b),M,-2.438,8
-3.423,-2.02,4,E,16(b),N,-2.276,3
-7.94,-5.924,19,E,16(b),P,-6,16
-2.066,-0.6312,15,E,16(b),Q,-0.734,6
-3.797,-2.565,13,E,16(b),R,-2.458,6
-2.366,-0.8485,11,E,16(b),S,-0.497,7
-1.907,-0.5344,9,E,16(b),T,-0.7826,5
-3.507,-2.138,21,E,16(b),V,-2.181,10
-5.63,-4.987,11,E,16(b),W,-4.679,6
-3.506,-2.137,16,E,16(b),Y,-2.236,10
-4.721,-3.949,1,C,17(b),*,,
-1.815,-0.4837,2,C,17(b),-,,
-4.327,-3.376,8,C,17(b),A,-3.378,4
0,0,,C,17(b),C,0,
-8.142,-5.947,11,C,17(b),D,-6,7
-13.05,-6.048,8,C,17(b),E,-6,6
-4.251,-3.26,16,C,17(b),F,-3.575,5
-7.315,-5.82,10,C,17(b),G,-6,7
-11.37,-6.045,15,C,17(b),H,-6,6
-3.298,-1.85,13,C,17(b),I,-1.799,7
-8.116,-5.944,15,C,17(b),K,-6,11
-3.866,-2.67,20,C,17(b),L,-2.588,12
-3.639,-2.329,10,C,17(b),M,-2.946,5
-8.316,-5.963,11,C,17(b),N,-6,8
-8.053,-5.937,10,C,17(b),P,-6,3
-7.424,-5.843,9,C,17(b),Q,-6,6
-6.328,-5.47,10,C,17(b),R,-6,5
-12.11,-6.047,10,C,17(b),S,-6,6
-5.104,-4.443,16,C,17(b),T,-4.211,10
-3.496,-2.122,12,C,17(b),V,-2.093,7
-8.911,-6.001,6,C,17(b),W,-5.589,4
-6.083,-5.328,35,C,17(b),Y,-4.647,9
-1.909,-0.5356,2,H,18(b),-,,
-2.153,-0.6895,8,H,18(b),A,-0.7514,5
-1.622,-0.3888,16,H,18(b),C,-0.483,10
-0.8611,-0.1365,20,H,18(b),D,-0.4182,16
-2.005,-0.5927,10,H,18(b),E,-0.2588,3
-0.477,-0.06185,6,H,18(b),F,-0.672,5
-2.507,-0.9675,15,H,18(b),G,-1.015,10
0,0,,H,18(b),H,0,
-1.249,-0.2439,10,H,18(b),I,-0.2029,9
-1.79,-0.4701,15,H,18(b),K,-0.351,12
-1.877,-0.5172,11,H,18(b),L,-0.5409,7
-0.6966,-0.1012,11,H,18(b),M,-0.2043,7
-1.808,-0.4799,10,H,18(b),N,-0.524,5
-8.522,-5.979,15,H,18(b),P,-6,8
-0.7822,-0.1189,10,H,18(b),Q,-0.1105,6
-0.7353,-0.109,16,H,18(b),R,-0.01408,5
-1.904,-0.5325,6,H,18(b),S,-0.3492,2
-2.389,-0.8669,10,H,18(b),T,-1.103,5
-2.65,-1.1,4,H,18(b),V,-0.7788,4
-1.139,-0.2096,13,H,18(b),W,-0.2062,6
0.08871,0.00869,7,H,18(b),Y,-0.07911,3
-2.083,-0.6421,1,Y,19(b),*,,
-2.239,-0.751,2,Y,19(b),-,,
-2.739,-1.189,9,Y,19(b),A,-1.255,7
-2.788,-1.24,21,Y,19(b),C,-1.213,9
-4.294,-3.325,6,Y,19(b),D,-3.772,2
-3.654,-2.352,12,Y,19(b),E,-2.26,8
0.4915,0.03995,13,Y,19(b),F,-0.5971,4
-3.248,-1.783,14,Y,19(b),G,-1.485,4
-2.335,-0.8241,13,Y,19(b),H,-0.498,6
-2.314,-0.8075,10,Y,19(b),I,-0.8771,9
-2.981,-1.454,10,Y,19(b),K,-1.597,9
-2.013,-0.5975,16,Y,19(b),L,-0.3509,7
-2.414,-0.8881,15,Y,19(b),M,-0.5895,9
-2.877,-1.335,14,Y,19(b),N,-1.625,7
-4.411,-3.502,10,Y,19(b),P,-2.998,7
-2.776,-1.227,9,Y,19(b),Q,-1.415,6
-3.451,-2.058,7,Y,19(b),R,-2.044,5
-3.008,-1.484,5,Y,19(b),S,-1.694,3
-2.905,-1.367,13,Y,19(b),T,-1.104,7
-2.646,-1.097,14,Y,19(b),V,-0.9668,10
-1.779,-0.4648,11,Y,19(b),W,-0.6955,7
0,0,,Y,19(b),Y,0,
-1.972,-0.5725,2,L,20(b),-,,
-0.6383,-0.08996,7,L,20(b),A,-0.3631,5
-0.8811,-0.1411,12,L,20(b),C,0.1232,3
-0.659,-0.09388,12,L,20(b),D,-0.1817,10
-0.6658,-0.09518,8,L,20(b),E,-0.07304,7
-0.9414,-0.1557,9,L,20(b),F,0.295,3
-1.742,-0.4461,11,L,20(b),G,-0.4555,9
0.685,0.05112,9,L,20(b),H,0.02965,6
3.347,0.1003,12,L,20(b),I,-0.2112,7
-0.9398,-0.1553,9,L,20(b),K,-0.06765,4
0,0,,L,20(b),L,0,
-0.4431,-0.05647,14,L,20(b),M,-0.1074,7
-0.1589,-0.01755,11,L,20(b),N,0.1351,6
-0.6192,-0.0864,14,L,20(b),P,0.2715,4
-0.5508,-0.07417,15,L,20(b),Q,0.0223,12
0.3771,0.03229,8,L,20(b),R,0.4166,5
-0.9385,-0.155,7,L,20(b),S,-0.2868,6
-1.108,-0.2003,17,L,20(b),T,-0.1679,13
-0.7267,-0.1073,16,L,20(b),V,-0.1962,10
0.06752,0.006681,10,L,20(b),W,0.04135,8
-0.8548,-0.135,10,L,20(b),Y,-0.09555,6
-0.7371,-0.1094,1,N,21(b),-,,
-2.327,-0.8176,6,N,21(b),A,-1.251,2
-1.767,-0.4585,17,N,21(b),C,-0.3957,11
0.1892,0.01767,19,N,21(b),D,-0.06166,11
-0.8166,-0.1264,9,N,21(b),E,0.3118,6
-2.189,-0.7146,13,N,21(b),F,-0.3765,8
-1.555,-0.3593,17,N,21(b),G,0.08116,11
-1.586,-0.3724,17,N,21(b),H,-0.3755,12
-2.211,-0.73,13,N,21(b),I,-0.5873,7
-1.315,-0.2661,12,N,21(b),K,-0.6889,5
-1.902,-0.5314,11,N,21(b),L,-0.3375,7
-0.7735,-0.117,8,N,21(b),M,-0.0896,3
0,0,,N,21(b),N,0,
1.227,0.07313,5,N,21(b),P,0.3039,4
-0.8472,-0.1333,26,N,21(b),Q,-0.01686,18
-1.523,-0.3456,10,N,21(b),R,-0.3177,7
-1.098,-0.1974,21,N,21(b),S,-0.2696,11
-1.352,-0.2793,14,N,21(b),T,-0.3802,8
-1.128,-0.2063,6,N,21(b),V,-0.7534,4
-2.283,-0.7839,13,N,21(b),W,-0.3803,6
-2.186,-0.7127,12,N,21(b),Y,-0.8239,4
-7.004,-5.74,4,G,22(b),*,-6,1
-0.6949,-0.1009,1,G,22(b),-,,
0.6404,0.04873,10,G,22(b),A,-0.2633,4
-1.892,-0.5256,12,G,22(b),C,-0.4027,7
-0.901,-0.1459,14,G,22(b),D,-0.08929,9
-0.7248,-0.1069,33,G,22(b),E,-0.2263,8
-1.912,-0.5369,21,G,22(b),F,-0.1377,14
0,0,,G,22(b),G,0,
-1.088,-0.1948,17,G,22(b),H,-0.1856,13
-1.693,-0.4216,9,G,22(b),I,-0.349,6
0.2172,0.02002,5,G,22(b),K,-0.1012,5
-1.657,-0.4046,7,G,22(b),L,0.1057,4
1.186,0.07185,13,G,22(b),M,0.09451,10
1.636,0.08344,9,G,22(b),N,0.1185,6
-2.582,-1.036,7,G,22(b),P,-0.9338,4
0.3526,0.03052,13,G,22(b),Q,-0.1398,7
-0.913,-0.1487,34,G,22(b),R,-0.006477,12
-1.635,-0.3945,10,G,22(b),S,-0.555,6
0.6589,0.04973,12,G,22(b),T,0.1636,10
-1.661,-0.4067,15,G,22(b),V,-0.149,8
-1.732,-0.4411,11,G,22(b),W,-0.3617,4
-1.253,-0.2452,13,G,22(b),Y,-0.5966,8
-0.1245,-0.01353,2,T,23(b),-,,
-0.8293,-0.1292,20,T,23(b),A,-0.05481,9
-2.453,-0.9205,12,T,23(b),C,-0.8105,10
-0.5815,-0.07956,7,T,23(b),D,0.1274,4
-0.9868,-0.1673,14,T,23(b),E,-0.7019,7
-2.805,-1.257,12,T,23(b),F,-1.394,5
-0.8545,-0.1349,12,T,23(b),G,-0.3136,8
-1.816,-0.4842,14,T,23(b),H,-0.1631,8
-0.7648,-0.1152,22,T,23(b),I,0.1535,9
-0.9177,-0.1499,8,T,23(b),K,-0.0427,4
0.2606,0.02354,16,T,23(b),L,-0.3037,12
-1.981,-0.5778,11,T,23(b),M,-0.6967,7
-1.59,-0.3746,13,T,23(b),N,-0.1578,10
-0.8102,-0.125,9,T,23(b),P,0.09566,6
1.743,0.08553,10,T,23(b),Q,-0.2406,6
-0.6101,-0.08472,16,T,23(b),R,-0.2594,11
0.5783,0.04523,12,T,23(b),S,0.1884,6
0,0,,T,23(b),T,0,
-0.5091,-0.0671,6,T,23(b),V,0.003811,5
-1.49,-0.3323,8,T,23(b),W,-0.1314,5
-0.6691,-0.09582,7,T,23(b),Y,0.165,4
-4.904,-4.194,5,E,24(b),*,,
-0.339,-0.04097,1,E,24(b),-,,
-0.7243,-0.1068,8,E,24(b),A,0.1084,6
-2.707,-1.156,11,E,24(b),C,-1.26,7
-0.02587,-0.002678,20,E,24(b),D,-0.1416,8
0,0,,E,24(b),E,0,
-1.581,-0.3705,14,E,24(b),F,-0.2723,9
-0.5911,-0.08128,15,E,24(b),G,0.02123,11
0.3055,0.02703,8,E,24(b),H,-0.1096,5
-0.968,-0.1624,9,E,24(b),I,0.03772,5
-0.9632,-0.1612,21,E,24(b),K,-0.3576,5
-1.108,-0.2006,8,E,24(b),L,-0.06169,5
1.141,0.07039,18,E,24(b),M,0.009463,14
-1.536,-0.351,10,E,24(b),N,-0.05266,4
-0.462,-0.05944,9,E,24(b),P,0.6753,2
-0.6416,-0.09056,13,E,24(b),Q,-0.1572,8
-0.7207,-0.106,9,E,24(b),R,0.06502,6
-0.4498,-0.05751,10,E,24(b),S,0.7152,5
0.03907,0.00392,9,E,24(b),T,0.505,4
-1.707,-0.4288,9,E,24(b),V,-0.5089,5
-1.542,-0.3538,17,E,24(b),W,-0.7176,7
-0.9211,-0.1507,12,E,24(b),Y,0.01723,10
-13.11,-6.048,32,Q,25(b),*,-6,5
-6.07,-5.32,3,Q,25(b),-,,
-0.1969,-0.02217,15,Q,25(b),A,-0.1089,7
-0.3657,-0.0448,10,Q,25(b),C,0.1387,7
0.5989,0.04642,14,Q,25(b),D,-0.1627,4
-1.139,-0.2095,15,Q,25(b),E,-0.2041,9
-1.378,-0.2889,16,Q,25(b),F,-0.2545,13
-0.2437,-0.02808,11,Q,25(b),G,-0.1411,7
0.2492,0.02263,15,Q,25(b),H,-0.4008,9
-1.524,-0.346,9,Q,25(b),I,-0.2025,7
-0.7296,-0.1078,11,Q,25(b),K,-0.5375,3
-0.5993,-0.08276,9,Q,25(b),L,-0.8827,5
0.8905,0.06087,11,Q,25(b),M,-0.5613,6
1.166,0.07121,13,Q,25(b),N,0.2879,8
-1.17,-0.2188,9,Q,25(b),P,0.3751,4
0,0,,Q,25(b),Q,0,
-0.1915,-0.0215,20,Q,25(b),R,-0.1332,6
0.1076,0.01045,15,Q,25(b),S,0.5216,7
-0.1323,-0.01442,8,Q,25(b),T,-0.0409,4
-0.822,-0.1276,16,Q,25(b),V,0.06236,14
-0.6308,-0.08854,5,Q,25(b),W,0.2272,4
-1.036,-0.1803,21,Q,25(b),Y,-0.06743,17
-0.8855,-0.1422,1,V,26(b),-,,
-0.5345,-0.07139,11,V,26(b),A,-0.1972,6
-3.009,-1.486,15,V,26(b),C,-1.231,9
-2.802,-1.254,12,V,26(b),D,-1.062,9
-3.174,-1.688,13,V,26(b),E,-1.72,8
0.467,0.03838,13,V,26(b),F,-0.2257,9
-2.132,-0.6749,10,V,26(b),G,-0.5601,8
-0.1597,-0.01765,8,V,26(b),H,-0.1481,7
1.31,0.07557,14,V,26(b),I,0.1826,7
-2.923,-1.386,9,V,26(b),K,-1.393,6
-0.6545,-0.09302,13,V,26(b),L,-0.03334,7
0.3007,0.02667,18,V,26(b),M,0.1363,9
-1.668,-0.41,8,V,26(b),N,-0.3854,7
0.1199,0.01157,5,V,26(b),P,0.5877,3
-1.112,-0.2017,12,V,26(b),Q,0.3287,6
-1.972,-0.5726,8,V,26(b),R,-0.6055,7
-1.48,-0.3282,12,V,26(b),S,-0.4793,5
1.24,0.07353,12,V,26(b),T,0.001617,7
0,0,,V,26(b),V,0,
-2.309,-0.8037,13,V,26(b),W,-0.6366,10
-0.7896,-0.1205,7,V,26(b),Y,0.2028,3
-0.7474,-0.1115,1,R,27(b),-,,
-2.564,-1.019,10,R,27(b),A,-1.027,7
-7.845,-5.912,12,R,27(b),C,-6,5
-3.657,-2.355,13,R,27(b),D,-2.2,7
-2.705,-1.155,10,R,27(b),E,-0.9822,7
-3.103,-1.599,13,R,27(b),F,-1.533,7
-2.771,-1.222,9,R,27(b),G,-1.193,6
0.06142,0.006096,17,R,27(b),H,-0.2353,9
-2.012,-0.5969,10,R,27(b),I,-0.7558,6
-0.9789,-0.1652,7,R,27(b),K,-0.1386,3
-1.748,-0.449,15,R,27(b),L,-0.204,10
-2.087,-0.6448,14,R,27(b),M,-0.7039,9
-1.88,-0.5188,7,R,27(b),N,-0.8733,6
-5.876,-5.186,10,R,27(b),P,-5.463,6
-0.4995,-0.06551,18,R,27(b),Q,0.03495,9
0,0,,R,27(b),R,0,
-1.573,-0.3671,16,R,27(b),S,-0.2183,12
-2.194,-0.7182,13,R,27(b),T,-0.5039,8
-2.489,-0.9516,15,R,27(b),V,-0.9861,8
-1.445,-0.3141,35,R,27(b),W,-0.3515,7
-2.53,-0.9879,9,R,27(b),Y,-0.8189,7
-12.92,-6.048,1,Y,28(b),*,-6,1
-0.4195,-0.05281,1,Y,28(b),-,,
-0.1623,-0.01795,7,Y,28(b),A,0.2036,1
-3.01,-1.486,19,Y,28(b),C,-1.152,5
-4.893,-4.181,12,Y,28(b),D,-4.373,9
-1.47,-0.3239,14,Y,28(b),E,-0.7466,8
-0.06235,-0.00657,12,Y,28(b),F,-0.2118,7
0.9689,0.0641,9,Y,28(b),G,0.1404,4
-0.5906,-0.08118,13,Y,28(b),H,-0.2967,6
-0.1415,-0.0155,14,Y,28(b),I,0.01239,8
-0.5492,-0.0739,15,Y,28(b),K,0.1646,12
-0.9256,-0.1518,12,Y,28(b),L,0.698,8
0.2263,0.02077,7,Y,28(b),M,-0.1499,5
-2.16,-0.6939,19,Y,28(b),N,-0.6436,9
-3.38,-1.961,10,Y,28(b),P,-1.991,6
-1.752,-0.4509,9,Y,28(b),Q,-0.4648,7
-2.49,-0.9526,15,Y,28(b),R,-0.9536,10
1.113,0.06943,15,Y,28(b),S,0.0112,6
-0.8562,-0.1353,13,Y,28(b),T,-0.00269,10
0.8618,0.05962,8,Y,28(b),V,-0.008087,5
1.94,0.08881,11,Y,28(b),W,0.4523,8
0,0,,Y,28(b),Y,0,
-1.383,-0.2906,1,L,29(b),-,,
2.767,0.09734,13,L,29(b),A,0.2296,10
-0.6501,-0.09218,7,L,29(b),C,-0.3057,5
-2.093,-0.6487,6,L,29(b),D,0.3243,3
-1.306,-0.2631,6,L,29(b),E,-0.2564,3
-0.137,-0.01497,15,L,29(b),F,-0.1374,10
-1.996,-0.5872,13,L,29(b),G,-0.7713,8
3.464,0.1007,27,L,29(b),H,0.2586,20
0.5025,0.04064,20,L,29(b),I,0.2143,13
-0.11,-0.01186,10,L,29(b),K,0.2322,7
0,0,,L,29(b),L,0,
0.08546,0.008385,9,L,29(b),M,0.3496,3
1.439,0.07899,8,L,29(b),N,-0.1359,4
-7.676,-5.888,23,L,29(b),P,-6,7
-0.9455,-0.1567,22,L,29(b),Q,-0.4209,14
0.4879,0.03973,12,L,29(b),R,0.05984,7
1.361,0.07697,10,L,29(b),S,0.1715,7
-0.5734,-0.07812,10,L,29(b),T,-0.07115,8
-0.33,-0.0397,11,L,29(b),V,-0.06576,9
-0.9289,-0.1526,17,L,29(b),W,0.1872,13
-1.117,-0.2031,12,L,29(b),Y,0.319,7
-0.3191,-0.03818,1,V,30(b),-,,
-0.9817,-0.1659,9,V,30(b),A,0.206,6
-3.886,-2.7,13,V,30(b),C,-2.586,10
-7.328,-5.823,9,V,30(b),D,-6,7
-3.517,-2.152,11,V,30(b),E,-1.806,6
-1.876,-0.517,16,V,30(b),F,0.08793,12
-3.872,-2.679,10,V,30(b),G,-2.881,5
-3.721,-2.451,11,V,30(b),H,-2.329,4
1.389,0.07771,15,V,30(b),I,-0.0891,10
-3.612,-2.29,10,V,30(b),K,-1.922,6
-1.002,-0.1711,17,V,30(b),L,0.01744,7
-1.526,-0.347,25,V,30(b),M,-0.2859,10
-3.932,-2.771,6,V,30(b),N,-2.41,3
-11.6,-6.046,14,V,30(b),P,-6,9
-1.343,-0.2761,18,V,30(b),Q,-0.5865,11
-2.671,-1.121,8,V,30(b),R,-1.182,3
-1.158,-0.2153,11,V,30(b),S,-0.3779,9
-0.8523,-0.1344,14,V,30(b),T,0.2833,8
0,0,,V,30(b),V,0,
0.3329,0.02908,19,V,30(b),W,0.4399,9
-3.014,-1.492,12,V,30(b),Y,-1.408,7
-0.1818,-0.02031,1,K,31(b),-,,
-1.321,-0.2683,15,K,31(b),A,0.06004,11
-4.113,-3.049,16,K,31(b),C,-3.019,7
-3.208,-1.731,15,K,31(b),D,-1.399,12
-2.8,-1.252,24,K,31(b),E,-1.092,10
-1.893,-0.5264,24,K,31(b),F,-0.3858,13
-2.657,-1.107,14,K,31(b),G,-1.114,9
-0.8561,-0.1353,8,K,31(b),H,-0.6847,5
-3.109,-1.606,18,K,31(b),I,-1.737,11
0,0,,K,31(b),K,0,
-2.249,-0.7583,18,K,31(b),L,-0.5872,14
-1.42,-0.3044,12,K,31(b),M,-0.1563,8
-0.8439,-0.1325,19,K,31(b),N,0.07618,12
-8.175,-5.95,16,K,31(b),P,-6,11
-0.7603,-0.1142,9,K,31(b),Q,0.2423,5
-0.0452,-0.004722,15,K,31(b),R,-0.2518,5
-1.172,-0.2196,4,K,31(b),S,0.375,1
-1.657,-0.4046,11,K,31(b),T,-0.06344,5
-3.216,-1.742,11,K,31(b),V,-1.931,9
-2.612,-1.064,16,K,31(b),W,-1.137,11
-0.2348,-0.02693,7,K,31(b),Y,-0.1684,5
-11.05,-6.044,3,Y,32(b),*,-6,1
-0.3066,-0.03645,1,Y,32(b),-,,
-3.975,-2.837,11,Y,32(b),A,-2.956,9
-4.047,-2.947,23,Y,32(b),C,-2.949,7
-7.346,-5.827,16,Y,32(b),D,-6,11
-8.432,-5.972,8,Y,32(b),E,-6,4
-2.21,-0.7295,12,Y,32(b),F,-1.118,9
-7.094,-5.766,9,Y,32(b),G,-5.333,8
-2.371,-0.8525,15,Y,32(b),H,-0.6261,2
-2.8,-1.252,7,Y,32(b),I,-1.148,6
-3.155,-1.664,10,Y,32(b),K,-1.785,6
-3.057,-1.544,12,Y,32(b),L,-1.44,9
-2.579,-1.033,17,Y,32(b),M,-0.9766,8
-4.096,-3.022,17,Y,32(b),N,-3.13,12
-7.191,-5.791,10,Y,32(b),P,-6,7
-3.822,-2.604,20,Y,32(b),Q,-2.611,15
-2.936,-1.401,11,Y,32(b),R,-1.761,5
-4.235,-3.236,8,Y,32(b),S,-3.352,3
-3.934,-2.774,8,Y,32(b),T,-3.103,5
-3.104,-1.6,11,Y,32(b),V,-1.907,6
-2.623,-1.074,9,Y,32(b),W,-1.196,6
0,0,,Y,32(b),Y,0,
-2.385,-0.8636,2,I,33(b),-,,
-1.804,-0.4777,10,I,33(b),A,-0.6357,7
-0.4207,-0.053,11,I,33(b),C,-0.05622,8
-6.876,-5.701,12,I,33(b),D,-5.167,7
-3.967,-2.824,6,I,33(b),E,-2.655,6
-0.8459,-0.133,12,I,33(b),F,0.2153,7
-2.511,-0.9708,10,I,33(b),G,-0.7419,6
-2.562,-1.017,7,I,33(b),H,-1.21,6
0,0,,I,33(b),I,0,
-4.716,-3.942,13,I,33(b),K,-4.157,11
-1.824,-0.4881,13,I,33(b),L,0.000785,8
-1.121,-0.2044,9,I,33(b),M,0.03068,5
-1.307,-0.2636,5,I,33(b),N,-0.7932,2
-6.755,-5.659,7,I,33(b),P,-6,4
-2.79,-1.242,10,I,33(b),Q,-1.834,5
-4.457,-3.57,17,I,33(b),R,-3.558,13
0.2752,0.02469,10,I,33(b),S,0.233,8
-1.733,-0.4416,14,I,33(b),T,-0.1883,8
-1.006,-0.1722,17,I,33(b),V,0.1432,3
-1.393,-0.2942,10,I,33(b),W,-0.1748,7
0.8737,0.06015,6,I,33(b),Y,0.3083,4
-2.249,-0.7582,2,H,34(b),-,,
-1.505,-0.3381,16,H,34(b),A,-0.5407,10
-0.6118,-0.08504,11,H,34(b),C,-0.4002,7
-4.986,-4.299,12,H,34(b),D,-3.956,9
-4.022,-2.909,9,H,34(b),E,-2.958,5
1.237,0.07342,11,H,34(b),F,-0.1722,6
-1.631,-0.3929,6,H,34(b),G,-0.225,4
0,0,,H,34(b),H,0,
-3.653,-2.35,11,H,34(b),I,-2.391,7
-3.797,-2.565,8,H,34(b),K,-2.586,4
-2.489,-0.9515,17,H,34(b),L,-1.316,10
-1.553,-0.3583,9,H,34(b),M,-0.4336,5
0.05785,0.005751,17,H,34(b),N,-0.02371,10
-11.54,-6.046,12,H,34(b),P,-6,7
-2.868,-1.325,17,H,34(b),Q,-1.254,13
-2.627,-1.078,17,H,34(b),R,-1.042,5
-1.195,-0.2265,17,H,34(b),S,-0.3889,10
-1.381,-0.2898,16,H,34(b),T,-0.3741,8
-3.485,-2.106,15,H,34(b),V,-2.039,10
-1.269,-0.2506,24,H,34(b),W,-0.8599,13
-0.04842,-0.005067,15,H,34(b),Y,-0.07011,9
-0.7868,-0.1199,1,N,35(b),-,,
-2.854,-1.31,11,N,35(b),A,-1.401,9
-3.364,-1.938,10,N,35(b),C,-1.783,5
-2.765,-1.215,15,N,35(b),D,-0.9988,10
-3.686,-2.398,11,N,35(b),E,-2.283,9
-7.953,-5.926,6,N,35(b),F,-6,4
-0.4762,-0.06172,6,N,35(b),G,-1.067,1
-3.809,-2.583,16,N,35(b),H,-2.46,12
-5.417,-4.786,17,N,35(b),I,-4.962,13
-4.569,-3.734,12,N,35(b),K,-3.837,10
-4.23,-3.228,14,N,35(b),L,-3.308,8
-3.408,-1.999,8,N,35(b),M,-1.536,3
0,0,,N,35(b),N,0,
-7.379,-5.834,10,N,35(b),P,-6,5
-0.5703,-0.07757,8,N,35(b),Q,0.05942,6
-4.561,-3.722,14,N,35(b),R,-3.664,12
-3.16,-1.671,18,N,35(b),S,-1.508,4
-4.809,-4.069,20,N,35(b),T,-3.87,8
-5.692,-5.04,9,N,35(b),V,-5.147,4
-15.48,-6.049,17,N,35(b),W,-6,7
-7.699,-5.891,12,N,35(b),Y,-6,6
-0.8818,-0.1413,1,R,36(b),-,,
-0.9096,-0.1479,13,R,36(b),A,-0.2622,9
-2.043,-0.6163,9,R,36(b),C,-0.2519,5
-1.426,-0.3069,12,R,36(b),D,-0.3078,10
-2.96,-1.428,7,R,36(b),E,-1.468,6
-2.551,-1.007,14,R,36(b),F,-1.091,10
0.1123,0.01087,7,R,36(b),G,0.5083,5
-1.292,-0.2582,14,R,36(b),H,-0.08524,8
-3.762,-2.512,8,R,36(b),I,-2.452,7
0.3111,0.02746,10,R,36(b),K,0.5612,5
-2.797,-1.249,11,R,36(b),L,-0.7951,5
-2.077,-0.6386,12,R,36(b),M,-0.6099,7
-0.7186,-0.1056,19,R,36(b),N,0.09621,11
-8.092,-5.942,15,R,36(b),P,-6,8
-0.9133,-0.1488,22,R,36(b),Q,0.03292,11
0,0,,R,36(b),R,0,
-0.6676,-0.09553,12,R,36(b),S,-0.133,8
-1.795,-0.4728,10,R,36(b),T,-0.02843,4
-3.464,-2.077,13,R,36(b),V,-1.499,5
-3.249,-1.785,15,R,36(b),W,-1.849,10
-2.822,-1.276,9,R,36(b),Y,-1.345,7
-12.16,-6.047,6,Q,37(b),*,,
2.563,0.09584,11,Q,37(b),A,0.06475,5
-1.619,-0.3875,18,Q,37(b),C,-0.1384,12
-0.7882,-0.1202,9,Q,37(b),D,0.3484,7
0.1071,0.0104,12,Q,37(b),E,0.305,10
0.2195,0.02021,13,Q,37(b),F,0.2313,9
2.454,0.0949,13,Q,37(b),G,-0.1102,7
-0.6392,-0.09013,18,Q,37(b),H,-0.4157,5
1.274,0.07455,8,Q,37(b),I,0.1807,6
-0.6408,-0.09042,9,Q,37(b),K,-0.09719,5
-1.567,-0.3645,16,Q,37(b),L,-0.1874,8
-0.4589,-0.05895,11,Q,37(b),M,0.1878,7
-0.4573,-0.05869,12,Q,37(b),N,-0.1503,8
-12.38,-6.048,10,Q,37(b),P,-6,5
0,0,,Q,37(b),Q,0,
-0.7647,-0.1152,19,Q,37(b),R,-0.1701,10
-4.114,-3.051,13,Q,37(b),S,-3.01,10
-4.426,-3.524,12,Q,37(b),T,-3.869,6
-0.3234,-0.03878,15,Q,37(b),V,0.2762,8
-1.799,-0.475,15,Q,37(b),W,-0.2913,9
-1.584,-0.3718,23,Q,37(b),Y,-0.3895,18
-7.868,-5.915,14,Q,38(b),*,-6,2
-1.832,-0.4926,3,Q,38(b),A,-0.3756,2
0.9445,0.06312,10,Q,38(b),C,0.007384,5
-1.768,-0.4591,8,Q,38(b),D,-0.1443,6
-1.36,-0.2824,10,Q,38(b),E,0.2453,6
-3.014,-1.491,17,Q,38(b),F,-1.571,11
-2.563,-1.018,10,Q,38(b),G,-0.985,5
-3.048,-1.533,19,Q,38(b),H,-1.126,11
1.756,0.08576,13,Q,38(b),I,-0.02191,10
-3.031,-1.512,13,Q,38(b),K,-1.78,8
-0.3111,-0.03707,15,Q,38(b),L,-0.006,8
-0.7727,-0.1168,17,Q,38(b),M,-0.01637,13
-1.476,-0.3263,14,Q,38(b),N,-0.12,10
-2.264,-0.7692,14,Q,38(b),P,-0.225,6
0,0,,Q,38(b),Q,0,
-3.048,-1.532,27,Q,38(b),R,-1.333,11
-0.03087,-0.003203,9,Q,38(b),S,0.02174,6
1.193,0.07207,13,Q,38(b),T,0.2016,10
-1.232,-0.2383,12,Q,38(b),V,-0.2421,9
-4.306,-3.344,6,Q,38(b),W,-3.333,4
-3.323,-1.884,12,Q,38(b),Y,-2.025,5
-0.2202,-0.02507,15,D,39(b),A,0.3249,9
0.884,0.06059,9,D,39(b),C,-0.9627,4
0,0,,D,39(b),D,0,
-1.138,-0.2094,10,D,39(b),E,-0.782,6
-0.01472,-0.001515,10,D,39(b),F,0.6387,5
-1.817,-0.4848,17,D,39(b),G,-0.2863,8
0.7824,0.05599,17,D,39(b),H,0.1842,14
1.975,0.08934,18,D,39(b),I,-0.06366,13
-2.435,-0.905,13,D,39(b),K,-0.9555,12
-0.0879,-0.009377,12,D,39(b),L,-0.3862,10
-0.9361,-0.1544,11,D,39(b),M,-0.3146,10
0.9737,0.06429,11,D,39(b),N,-0.1247,3
-3.772,-2.528,13,D,39(b),P,-2.41,10
0.09797,0.009554,15,D,39(b),Q,-0.0151,7
-2.023,-0.6035,6,D,39(b),R,-0.6927,4
-0.02683,-0.002779,7,D,39(b),S,-0.01325,4
-1.316,-0.2667,6,D,39(b),T,-0.3018,4
1.228,0.07316,15,D,39(b),V,-0.31,9
-2.408,-0.8829,11,D,39(b),W,-0.6989,8
-1.381,-0.2899,13,D,39(b),Y,-0.5109,6
-5.667,-5.019,3,V,40(b),-,,
-1.886,-0.5221,19,V,40(b),A,-0.1362,8
-2.241,-0.7524,12,V,40(b),C,-0.4871,9
-6.623,-5.607,10,V,40(b),D,-5.364,6
-5.585,-4.947,12,V,40(b),E,-4.854,7
-0.4777,-0.06195,16,V,40(b),F,-0.2058,9
-3.886,-2.701,16,V,40(b),G,-2.465,9
-2.93,-1.394,14,V,40(b),H,-1.383,10
-0.8048,-0.1238,11,V,40(b),I,0.1132,9
-2.086,-0.6445,6,V,40(b),K,-0.6947,5
0.1449,0.01382,10,V,40(b),L,-0.6348,4
-1.434,-0.31,28,V,40(b),M,-0.7392,8
-3.356,-1.928,6,V,40(b),N,-2.075,4
-8.196,-5.952,12,V,40(b),P,-6,5
-3.835,-2.622,11,V,40(b),Q,-1.846,7
-2.675,-1.125,11,V,40(b),R,-1.151,6
-2.893,-1.352,4,V,40(b),S,-0.9915,2
-1.854,-0.5044,17,V,40(b),T,-0.5811,13
0,0,,V,40(b),V,0,
0.5708,0.04479,12,V,40(b),W,-0.04146,11
-1.379,-0.2891,10,V,40(b),Y,-0.9894,5
-3.205,-1.728,3,H,41(b),-,,
-3.007,-1.484,8,H,41(b),A,-1.325,6
-2.372,-0.8536,12,H,41(b),C,-0.812,8
-7.021,-5.745,14,H,41(b),D,-6,6
-2.824,-1.278,17,H,41(b),E,-1.249,13
-1.149,-0.2124,13,H,41(b),F,0.0208,11
-3.108,-1.605,8,H,41(b),G,-1.841,6
0,0,,H,41(b),H,0,
-1.39,-0.2932,11,H,41(b),I,-0.6115,7
-2.808,-1.26,10,H,41(b),K,-1.236,7
-3.133,-1.636,11,H,41(b),L,-0.7302,5
-0.2667,-0.03109,6,H,41(b),M,0.1443,3
-2.91,-1.372,9,H,41(b),N,-1.467,4
-14.43,-6.049,12,H,41(b),P,-6,6
-1.929,-0.547,15,H,41(b),Q,-0.214,9
-3.465,-2.079,11,H,41(b),R,-1.997,3
1.932,0.08869,6,H,41(b),S,0.4979,5
-1.848,-0.5016,10,H,41(b),T,-0.09796,6
-1.751,-0.4505,11,H,41(b),V,-0.232,6
-2.052,-0.6223,11,H,41(b),W,-0.8126,4
-1.53,-0.3487,38,H,41(b),Y,-0.2434,14
-6.514,-5.561,2,Y,42(b),*,,
-1.56,-0.3614,1,Y,42(b),-,,
-12.79,-6.048,12,Y,42(b),A,-6,8
-4.667,-3.874,15,Y,42(b),C,-4.024,6
-9.885,-6.031,5,Y,42(b),D,-6,2
-7.918,-5.922,17,Y,42(b),E,-6,10
-0.843,-0.1323,14,Y,42(b),F,0.001483,9
-8.002,-5.932,6,Y,42(b),G,-6,5
-7.945,-5.925,7,Y,42(b),H,-4.581,3
-1.978,-0.576,17,Y,42(b),I,-0.4696,13
-9.123,-6.01,6,Y,42(b),K,-6,4
-1.807,-0.4792,15,Y,42(b),L,-0.1634,7
-2.172,-0.7023,11,Y,42(b),M,-0.4479,7
-7.335,-5.824,14,Y,42(b),N,-6,6
-8.752,-5.993,8,Y,42(b),P,-6,4
-6.808,-5.677,7,Y,42(b),Q,-6,6
-6.526,-5.566,9,Y,42(b),R,-6,6
-7.634,-5.881,11,Y,42(b),S,-6,6
-7.679,-5.888,11,Y,42(b),T,-6,5
-4.244,-3.25,15,Y,42(b),V,-3.424,9
-1.612,-0.3841,12,Y,42(b),W,-0.4534,7
0,0,,Y,42(b),Y,0,
-1.807,-0.4791,2,D,43(b),-,,
-2.668,-1.118,8,D,43(b),A,-0.8229,3
-2.324,-0.8151,10,D,43(b),C,-0.809,7
0,0,,D,43(b),D,0,
-2.357,-0.8411,17,D,43(b),E,-0.8357,9
-3.938,-2.78,17,D,43(b),F,-2.963,7
-4.183,-3.157,21,D,43(b),G,-3.526,11
-2.996,-1.47,20,D,43(b),H,-1.442,14
-3.971,-2.83,10,D,43(b),I,-2.697,4
-4.58,-3.749,5,D,43(b),K,-3.661,3
-3.852,-2.648,14,D,43(b),L,-2.659,8
-3.837,-2.626,9,D,43(b),M,-2.72,9
-1.553,-0.3582,16,D,43(b),N,0.3482,7
-6.723,-5.647,7,D,43(b),P,-6,7
-3.953,-2.802,5,D,43(b),Q,-2.528,1
-3.815,-2.593,15,D,43(b),R,-2.627,10
-1.788,-0.4695,5,D,43(b),S,-0.6747,5
-1.691,-0.4209,12,D,43(b),T,-0.8451,6
-3.817,-2.596,15,D,43(b),V,-2.653,9
-3.969,-2.827,8,D,43(b),W,-2.694,3
-3.655,-2.353,19,D,43(b),Y,-2.328,9
-7.982,-5.929,5,S,44(b),-,-6,3
-3.029,-1.51,8,S,44(b),A,-1.403,4
-3.556,-2.209,14,S,44(b),C,-2.183,8
-3.166,-1.678,9,S,44(b),D,-1.796,5
-4.326,-3.374,11,S,44(b),E,-3.397,6
-3.203,-1.725,9,S,44(b),F,-1.652,7
-1.823,-0.4877,22,S,44(b),G,-0.6713,7
-3.688,-2.401,13,S,44(b),H,-2.424,9
-4.01,-2.89,14,S,44(b),I,-3.1,9
-4.654,-3.855,8,S,44(b),K,-3.661,5
-3.962,-2.817,12,S,44(b),L,-3.027,3
-3.408,-2,11,S,44(b),M,-2.171,10
-2.731,-1.181,17,S,44(b),N,-1.507,5
-3.507,-2.138,10,S,44(b),P,-2.043,7
-3.739,-2.478,12,S,44(b),Q,-2.605,6
-4.065,-2.976,17,S,44(b),R,-3,10
0,0,,S,44(b),S,0,
-1.53,-0.3484,14,S,44(b),T,-0.5882,8
-3.396,-1.982,12,S,44(b),V,-1.932,9
-3.013,-1.491,7,S,44(b),W,-1.709,5
-2.932,-1.397,8,S,44(b),Y,-1.086,4
0.1442,0.01375,1,D,45(b),*,,
-0.2172,-0.0247,3,D,45(b),-,,
1.393,0.07782,10,D,45(b),A,-0.121,9
-1.324,-0.2696,10,D,45(b),C,-0.06483,7
0,0,,D,45(b),D,0,
-0.5514,-0.07428,16,D,45(b),E,0.04667,9
0.006398,0.0006517,16,D,45(b),F,-0.08646,11
-1.289,-0.2575,20,D,45(b),G,0.1212,8
0.2575,0.0233,15,D,45(b),H,-0.04145,10
1.9,0.08819,5,D,45(b),I,0.2212,4
1.64,0.08353,11,D,45(b),K,-0.1545,6
-0.3037,-0.03606,13,D,45(b),L,-0.1445,9
-0.2995,-0.03549,10,D,45(b),M,0.08925,8
0.5129,0.04129,15,D,45(b),N,-0.1308,8
-4.3,-3.334,13,D,45(b),P,-3.007,7
-0.968,-0.1624,14,D,45(b),Q,-0.4183,6
0.8583,0.05947,5,D,45(b),R,0.04206,5
2.776,0.0974,10,D,45(b),S,0.09337,5
-1.148,-0.2122,17,D,45(b),T,0.08889,11
-0.9187,-0.1501,13,D,45(b),V,-0.09053,5
0.8815,0.06048,16,D,45(b),W,-0.06744,10
-1.307,-0.2634,9,D,45(b),Y,-0.6739,4
-1.119,-0.2037,4,V,46(b),-,,
-0.02978,-0.003088,8,V,46(b),A,0.1403,5
-0.8554,-0.1352,20,V,46(b),C,0.04713,10
-1.193,-0.226,8,V,46(b),D,-0.1703,6
0.9551,0.06355,13,V,46(b),E,0.27,4
-1.488,-0.3311,15,V,46(b),F,-0.08616,8
-2.059,-0.6266,12,V,46(b),G,-0.7899,9
-1.196,-0.2269,9,V,46(b),H,-0.4784,6
0.5807,0.04537,15,V,46(b),I,0.2608,10
-0.7284,-0.1076,9,V,46(b),K,-0.3251,8
-1.521,-0.3448,15,V,46(b),L,-0.3838,9
-0.9615,-0.1608,16,V,46(b),M,-0.6205,3
-1.704,-0.4271,16,V,46(b),N,-0.1196,11
-2.072,-0.6351,10,V,46(b),P,-0.3082,7
0.1452,0.01384,8,V,46(b),Q,-0.1438,5
-0.8471,-0.1332,13,V,46(b),R,-0.3538,6
-0.9925,-0.1687,10,V,46(b),S,-0.5027,8
-0.9877,-0.1675,8,V,46(b),T,-0.5948,5
0,0,,V,46(b),V,0,
0.06514,0.006453,16,V,46(b),W,-0.6657,10
-1.637,-0.3954,17,V,46(b),Y,-0.5299,10
-1.472,-0.3249,4,G,47(b),-,,
-1.685,-0.4178,11,G,47(b),A,-0.5624,8
-2.669,-1.119,11,G,47(b),C,-1.055,8
-0.9485,-0.1575,13,G,47(b),D,0.1562,6
1.633,0.08339,12,G,47(b),E,-0.269,6
-2.305,-0.8008,12,G,47(b),F,-0.7504,8
0,0,,G,47(b),G,0,
-1.511,-0.3408,12,G,47(b),H,-0.4599,6
-4.495,-3.627,11,G,47(b),I,-3.766,6
-2.015,-0.5986,12,G,47(b),K,-0.4587,9
-1.203,-0.229,10,G,47(b),L,-0.2427,6
-1.689,-0.4201,10,G,47(b),M,-0.2108,7
-1.651,-0.402,14,G,47(b),N,-0.5163,11
-4.2,-3.182,10,G,47(b),P,-3.148,8
-1.15,-0.2129,11,G,47(b),Q,0.1427,5
-2.386,-0.8647,14,G,47(b),R,-0.1736,6
-1.552,-0.3578,29,G,47(b),S,-0.5649,13
-2.937,-1.403,10,G,47(b),T,-1.31,7
-4.24,-3.243,16,G,47(b),V,-3.046,5
-3.485,-2.107,7,G,47(b),W,-2.021,5
-2.907,-1.369,13,G,47(b),Y,-1.607,11
-2.229,-0.7436,5,H,48(b),-,,
-1.289,-0.2573,11,H,48(b),A,-0.2721,8
-0.004041,-0.0004141,17,H,48(b),C,0.1271,10
0.02819,0.002843,12,H,48(b),D,-0.1788,8
0.2896,0.02582,12,H,48(b),E,0.1642,7
0.8389,0.05861,11,H,48(b),F,-0.1398,5
2.642,0.09646,8,H,48(b),G,-0.09109,5
0,0,,H,48(b),H,0,
-1.26,-0.2475,13,H,48(b),I,-0.5016,7
0.5624,0.04429,14,H,48(b),K,0.07136,10
0.3118,0.0275,12,H,48(b),L,0.2416,8
-0.08199,-0.008722,14,H,48(b),M,-0.07605,10
0.3973,0.0337,11,H,48(b),N,0.2416,7
-6.485,-5.547,18,H,48(b),P,-5.88,5
0.02461,0.002486,7,H,48(b),Q,-0.1835,6
-1.225,-0.2362,13,H,48(b),R,0.3725,8
-0.5259,-0.06992,8,H,48(b),S,-0.3551,7
1.003,0.06541,7,H,48(b),T,0.1687,5
1.408,0.07823,12,H,48(b),V,0.08336,8
-0.866,-0.1376,16,H,48(b),W,-0.3842,8
0.3868,0.03297,17,H,48(b),Y,-0.3712,9
-8.236,-5.956,2,Y,49(b),*,,
-0.7075,-0.1034,3,Y,49(b),-,,
-3.57,-2.229,12,Y,49(b),A,-1.987,8
-4.023,-2.911,23,Y,49(b),C,-2.756,6
-8.65,-5.987,3,Y,49(b),D,-6,3
-7.85,-5.913,13,Y,49(b),E,-6,6
1.281,0.07475,12,Y,49(b),F,0.09347,6
-8.087,-5.941,14,Y,49(b),G,-6,9
-2.755,-1.205,14,Y,49(b),H,-1.077,5
-3.45,-2.057,11,Y,49(b),I,-1.794,7
-7.682,-5.889,9,Y,49(b),K,-6,6
-3.448,-2.055,14,Y,49(b),L,-1.791,11
-1.981,-0.5778,14,Y,49(b),M,-0.4935,9
-5.735,-5.076,15,Y,49(b),N,-4.188,8
-5.218,-4.575,18,Y,49(b),P,-4.492,10
-8.701,-5.99,9,Y,49(b),Q,-6,7
-8.043,-5.936,7,Y,49(b),R,-6,4
-5.745,-5.084,19,Y,49(b),S,-5.022,6
-4.676,-3.887,11,Y,49(b),T,-4.504,5
-3.432,-2.033,7,Y,49(b),V,-2.01,5
1.95,0.08897,12,Y,49(b),W,-0.07627,9
0,0,,Y,49(b),Y,0,
-0.5997,-0.08284,2,V,50(b),-,,
-1.697,-0.4238,11,V,50(b),A,-0.6098,9
-1.147,-0.2118,13,V,50(b),C,0.2079,8
-2.692,-1.142,8,V,50(b),D,-0.692,5
-0.8342,-0.1303,8,V,50(b),E,-0.1279,4
-0.7925,-0.1211,12,V,50(b),F,-0.5669,9
-3.569,-2.227,6,V,50(b),G,-1.821,3
-2.282,-0.7831,6,V,50(b),H,-0.7982,3
0.6954,0.05166,10,V,50(b),I,0.08243,6
-1.674,-0.4129,9,V,50(b),K,-0.2013,6
-1.638,-0.396,26,V,50(b),L,-0.2689,12
-0.4208,-0.05302,17,V,50(b),M,-0.06871,10
-1.248,-0.2435,10,V,50(b),N,-0.7271,4
-8.035,-5.935,9,V,50(b),P,-6,7
-0.7237,-0.1067,10,V,50(b),Q,0.03868,6
-1.908,-0.5349,7,V,50(b),R,-0.5526,6
-1.172,-0.2194,13,V,50(b),S,0.1629,9
-0.7226,-0.1064,9,V,50(b),T,0.3436,5
0,0,,V,50(b),V,0,
-2.577,-1.031,11,V,50(b),W,-0.5627,7
-1.282,-0.255,15,V,50(b),Y,0.00562,10
-0.699,-0.1017,3,A,51(b),-,,
0,0,,A,51(b),A,0,
-1.819,-0.4856,14,A,51(b),C,-0.5035,8
-2.157,-0.6923,14,A,51(b),D,-0.7443,9
-2.238,-0.7499,7,A,51(b),E,-0.09515,2
-1.092,-0.1959,7,A,51(b),F,-0.3578,4
-0.5482,-0.07373,12,A,51(b),G,0.1132,11
-0.3604,-0.04403,13,A,51(b),H,0.383,4
-2.77,-1.221,16,A,51(b),I,-1.216,12
-3.031,-1.512,12,A,51(b),K,-1.927,5
-4.03,-2.922,12,A,51(b),L,-2.928,9
-2.488,-0.9505,12,A,51(b),M,-1.149,9
-2.526,-0.9849,12,A,51(b),N,-0.3637,7
-0.3087,-0.03675,6,A,51(b),P,0.1785,2
-2.42,-0.8931,13,A,51(b),Q,-0.9626,7
-3.613,-2.29,10,A,51(b),R,-1.92,6
-0.6875,-0.0994,10,A,51(b),S,-0.1181,6
-2.641,-1.092,28,A,51(b),T,-0.8572,12
-2.419,-0.892,22,A,51(b),V,-1.091,8
0.4236,0.03551,21,A,51(b),W,-0.02802,15
-0.4353,-0.05524,12,A,51(b),Y,0.3413,7
-0.0426,-0.004446,2,D,52(b),-,,
-2.81,-1.262,11,D,52(b),A,-1.482,7
-3.142,-1.647,15,D,52(b),C,-1.712,9
0,0,,D,52(b),D,0,
-2.526,-0.9847,9,D,52(b),E,-0.792,6
-3.511,-2.143,16,D,52(b),F,-1.992,11
-2.916,-1.379,7,D,52(b),G,-1.02,2
-3.261,-1.8,14,D,52(b),H,-1.676,10
-3.272,-1.814,9,D,52(b),I,-1.658,7
-3.282,-1.828,9,D,52(b),K,-2.087,7
-2.07,-0.634,11,D,52(b),L,-0.6083,9
-2.669,-1.119,21,D,52(b),M,-1.03,15
-1.765,-0.4575,36,D,52(b),N,-0.5663,17
-6.121,-5.352,4,D,52(b),P,-5.053,2
-2.519,-0.9782,8,D,52(b),Q,-1.009,7
-3.913,-2.741,15,D,52(b),R,-3.096,9
-2.228,-0.7424,21,D,52(b),S,-0.8332,11
0.8631,0.05968,7,D,52(b),T,-0.2456,5
-2.813,-1.266,14,D,52(b),V,-1.679,5
-4.185,-3.159,16,D,52(b),W,-2.938,12
-3.225,-1.753,18,D,52(b),Y,-1.954,8
-0.4807,-0.06243,2,T,53(b),-,,
-2.069,-0.6328,27,T,53(b),A,-0.6201,13
-2.037,-0.6127,12,T,53(b),C,-0.1424,6
-1.893,-0.5262,8,T,53(b),D,-0.268,7
-2.401,-0.8772,9,T,53(b),E,-0.8516,9
-3.603,-2.276,15,T,53(b),F,-2.439,6
-1.843,-0.4987,17,T,53(b),G,-0.2561,13
1.313,0.07565,15,T,53(b),H,0.573,11
-2.857,-1.313,28,T,53(b),I,-1.45,10
-2.976,-1.447,16,T,53(b),K,-1.362,13
-2.76,-1.21,13,T,53(b),L,-0.8536,7
-2.688,-1.137,15,T,53(b),M,-0.9914,8
-1.118,-0.2034,13,T,53(b),N,-0.00852,10
-7.481,-5.854,17,T,53(b),P,-6,7
-1.036,-0.1802,11,T,53(b),Q,-0.0795,6
-2.318,-0.8106,16,T,53(b),R,-0.7397,11
0.2756,0.02472,10,T,53(b),S,0.3383,4
0,0,,T,53(b),T,0,
-3.126,-1.628,8,T,53(b),V,-1.252,5
-3.315,-1.872,12,T,53(b),W,-1.789,9
-2.526,-0.9846,7,T,53(b),Y,-1.635,2
-4.518,-3.66,3,E,54(b),*,,
-1.978,-0.5759,3,E,54(b),-,,
-0.4581,-0.05882,13,E,54(b),A,0.0433,8
-0.6816,-0.09825,18,E,54(b),C,-0.06148,11
0.05103,0.00509,21,E,54(b),D,0.1398,10
0,0,,E,54(b),E,0,
-0.9491,-0.1576,16,E,54(b),F,-0.1943,6
-1.176,-0.2208,19,E,54(b),G,0.1225,9
1.363,0.07704,9,E,54(b),H,0.1176,6
-0.2154,-0.02447,25,E,54(b),I,-0.1067,15
-0.1495,-0.01644,16,E,54(b),K,0.1492,6
-0.5974,-0.08242,11,E,54(b),L,0.1317,8
-1.463,-0.3214,19,E,54(b),M,-0.3748,12
-0.153,-0.01685,13,E,54(b),N,0.4124,7
-0.3295,-0.03963,13,E,54(b),P,0.0057,9
0.6308,0.0482,10,E,54(b),Q,0.1661,5
-0.2185,-0.02486,14,E,54(b),R,0.1428,9
-0.9575,-0.1597,16,E,54(b),S,0.2897,8
1.023,0.06618,11,E,54(b),T,0.293,8
-0.5986,-0.08263,11,E,54(b),V,-0.1767,7
0.346,0.03005,12,E,54(b),W,0.137,7
-0.5584,-0.07549,6,E,54(b),Y,0.404,3
-5.458,-4.827,4,L,55(b),-,,
-1.666,-0.4091,14,L,55(b),A,-0.4748,7
-2.264,-0.7691,10,L,55(b),C,-0.508,6
-0.5186,-0.06869,10,L,55(b),D,-0.2693,7
-1.024,-0.177,12,L,55(b),E,0.104,5
0.3457,0.03002,15,L,55(b),F,0.4567,10
-0.7267,-0.1073,13,L,55(b),G,-0.0331,5
1.346,0.07656,16,L,55(b),H,0.1581,10
-1.126,-0.2057,11,L,55(b),I,-0.3941,10
-0.6056,-0.0839,13,L,55(b),K,-0.6024,7
0,0,,L,55(b),L,0,
-1.072,-0.1903,17,L,55(b),M,-0.1801,13
-0.6062,-0.08402,13,L,55(b),N,0.4383,5
-1.874,-0.5156,12,L,55(b),P,-0.4722,11
-0.8235,-0.1279,19,L,55(b),Q,0.1285,6
-0.2069,-0.0234,6,L,55(b),R,0.3261,4
-1.42,-0.3047,10,L,55(b),S,-0.2134,5
-1.218,-0.234,8,L,55(b),T,-0.4562,5
-0.9858,-0.167,13,L,55(b),V,-0.02728,6
-1.511,-0.3408,9,L,55(b),W,-0.02739,5
2.333,0.09374,16,L,55(b),Y,0.6657,11
-2.199,-0.7218,3,G,56(b),-,,
-2.59,-1.043,9,G,56(b),A,-0.7592,1
-2.779,-1.23,20,G,56(b),C,-1.114,14
-8.993,-6.005,30,G,56(b),D,-6,9
-6.093,-5.334,9,G,56(b),E,-6,3
-3.409,-2.001,12,G,56(b),F,-1.792,10
0,0,,G,56(b),G,0,
-5.15,-4.497,17,G,56(b),H,-4.571,11
-7.038,-5.75,22,G,56(b),I,-5.071,18
-4.918,-4.213,14,G,56(b),K,-4.052,8
-3.526,-2.166,24,G,56(b),L,-2.007,20
-2.651,-1.101,16,G,56(b),M,-1.414,6
-4.488,-3.616,16,G,56(b),N,-3.481,10
-8.326,-5.964,10,G,56(b),P,-6,6
-5.693,-5.041,4,G,56(b),Q,-4.197,2
-3.299,-1.851,16,G,56(b),R,-1.783,11
-2.638,-1.088,18,G,56(b),S,-1.288,7
-3.774,-2.531,7,G,56(b),T,-2.356,5
-4.505,-3.641,21,G,56(b),V,-3.402,7
-3.965,-2.821,11,G,56(b),W,-2.513,5
-3.705,-2.427,20,G,56(b),Y,-2.487,11
-6.167,-5.38,2,K,57(b),*,,
-0.2685,-0.03133,2,K,57(b),-,,
-0.6701,-0.09602,11,K,57(b),A,0.3017,8
-1.523,-0.3458,13,K,57(b),C,0.1642,9
-1.083,-0.1934,12,K,57(b),D,-0.1957,8
-0.3852,-0.04765,13,K,57(b),E,-0.05112,6
-0.8123,-0.1254,16,K,57(b),F,0.1015,11
-1.675,-0.4134,17,K,57(b),G,-0.4205,12
-0.9825,-0.1661,15,K,57(b),H,-0.1762,13
1.551,0.08164,12,K,57(b),I,0.2187,10
0,0,,K,57(b),K,0,
-2.136,-0.6776,11,K,57(b),L,-0.8211,7
-0.01274,-0.00131,18,K,57(b),M,0.009695,8
-1.571,-0.3661,8,K,57(b),N,-0.3211,6
-4.62,-3.808,13,K,57(b),P,-3.999,8
-0.1513,-0.01665,14,K,57(b),Q,-0.8706,3
-0.6514,-0.09243,21,K,57(b),R,0.04327,12
-1.723,-0.4362,11,K,57(b),S,0.1231,7
1.094,0.06876,16,K,57(b),T,0.1573,10
-0.02956,-0.003065,10,K,57(b),V,0.1631,8
-0.5849,-0.08017,14,K,57(b),W,-0.08414,12
-1.015,-0.1746,11,K,57(b),Y,0.01045,7
-2.457,-0.9237,3,P,58(b),-,,
-1.346,-0.2773,7,P,58(b),A,-0.9537,5
-0.281,-0.03298,12,P,58(b),C,0.5592,8
-1.149,-0.2125,10,P,58(b),D,-0.2176,5
-0.68,-0.09795,7,P,58(b),E,-0.3743,5
-0.8517,-0.1343,14,P,58(b),F,-0.2149,8
-1.327,-0.2705,10,P,58(b),G,-0.302,8
-0.05388,-0.005653,9,P,58(b),H,-0.2342,5
0.05153,0.005139,18,P,58(b),I,0.2083,7
-0.3604,-0.04404,17,P,58(b),K,-0.06764,10
-0.492,-0.06428,12,P,58(b),L,0.03835,6
1.269,0.07438,11,P,58(b),M,-0.2544,9
0.5428,0.04312,13,P,58(b),N,0.2134,9
0,0,,P,58(b),P,0,
-0.02514,-0.002602,9,P,58(b),Q,-0.1094,6
1.45,0.07926,8,P,58(b),R,0.4838,4
0.9596,0.06373,22,P,58(b),S,0.0866,11
-0.8346,-0.1304,11,P,58(b),T,0.3039,7
2.131,0.09144,5,P,58(b),V,1.01,2
-0.263,-0.0306,14,P,58(b),W,-0.002497,7
2.321,0.09361,13,P,58(b),Y,0.234,10
-2.659,-1.109,4,D,59(b),-,,
-1.966,-0.5688,11,D,59(b),A,-0.8114,7
-1.849,-0.5018,10,D,59(b),C,-1.264,4
0,0,,D,59(b),D,0,
-2.529,-0.9869,8,D,59(b),E,-0.9613,7
-2.494,-0.956,12,D,59(b),F,-1.296,6
-2.403,-0.8789,20,D,59(b),G,-0.6551,9
-2.238,-0.75,13,D,59(b),H,-0.6097,9
-2.405,-0.8804,7,D,59(b),I,-1.095,6
-2.202,-0.7238,8,D,59(b),K,-1.147,3
-2.86,-1.317,5,D,59(b),L,-1.202,4
-1.051,-0.1843,13,D,59(b),M,-1.161,7
-1.957,-0.5632,23,D,59(b),N,-0.458,5
-2.391,-0.8685,9,D,59(b),P,-0.933,3
-1.32,-0.2681,9,D,59(b),Q,-1.403,4
-2.148,-0.6861,11,D,59(b),R,-0.8291,8
-1.016,-0.1748,12,D,59(b),S,-0.7961,8
-2.216,-0.7336,13,D,59(b),T,-0.7631,9
-2.479,-0.943,9,D,59(b),V,-1.147,4
-1.815,-0.4835,12,D,59(b),W,-0.8445,7
-1.983,-0.5792,17,D,59(b),Y,-1.068,11
-0.9327,-0.1536,3,A,60(b),-,,
0,0,,A,60(b),A,0,
-0.6995,-0.1018,15,A,60(b),C,-0.1939,9
-4.554,-3.713,11,A,60(b),D,-3.845,4
-1.468,-0.3234,11,A,60(b),E,-0.2502,8
-4.415,-3.508,15,A,60(b),F,-3.481,10
-3.237,-1.769,10,A,60(b),G,-1.778,7
-4.417,-3.511,12,A,60(b),H,-3.935,7
-2.683,-1.133,10,A,60(b),I,-1.2,7
-3.116,-1.615,6,A,60(b),K,-1.879,5
-3.773,-2.529,15,A,60(b),L,-2.366,9
-0.7436,-0.1107,14,A,60(b),M,-0.009007,11
-4.507,-3.643,9,A,60(b),N,-3.597,6
-5.371,-4.739,19,A,60(b),P,-4.782,10
-1.804,-0.4776,16,A,60(b),Q,-0.4468,8
-1.991,-0.5837,10,A,60(b),R,-0.9876,4
-1.912,-0.5371,15,A,60(b),S,-0.3514,7
-1.209,-0.2311,15,A,60(b),T,-0.8429,8
-1.256,-0.2464,31,A,60(b),V,0.08648,13
-5.336,-4.702,12,A,60(b),W,-4.215,9
-4.351,-3.411,9,A,60(b),Y,-4.148,5
0.1293,0.01242,3,D,61(b),-,,
2.244,0.09279,12,D,61(b),A,-0.1097,8
-1.653,-0.403,13,D,61(b),C,-0.6026,10
0,0,,D,61(b),D,0,
-0.0992,-0.01064,16,D,61(b),E,-0.05824,9
-0.9963,-0.1697,12,D,61(b),F,-0.1067,5
-1.91,-0.5362,14,D,61(b),G,-1.669,6
-0.833,-0.1301,17,D,61(b),H,-0.3261,8
1.306,0.07545,16,D,61(b),I,-0.08413,10
-1.01,-0.1734,10,D,61(b),K,0.2429,5
-0.4402,-0.05601,13,D,61(b),L,0.2326,7
0.06095,0.00605,10,D,61(b),M,-1.236,5
-1.101,-0.1984,31,D,61(b),N,0.2341,11
-4.354,-3.417,8,D,61(b),P,-3.12,4
-1.421,-0.3049,16,D,61(b),Q,-0.2691,9
-1.392,-0.2942,10,D,61(b),R,0.02085,6
-0.01592,-0.001639,7,D,61(b),S,-0.08561,5
1.606,0.08283,9,D,61(b),T,0.2299,8
-1.007,-0.1724,7,D,61(b),V,0.0803,5
-1.119,-0.2035,16,D,61(b),W,-0.2052,11
-0.5175,-0.06851,14,D,61(b),Y,-0.1837,8
-5.737,-5.077,3,Y,62(b),*,,
-0.8093,-0.1248,3,Y,62(b),-,,
-1.709,-0.4297,7,Y,62(b),A,-0.3576,4
-1.64,-0.3969,15,Y,62(b),C,-0.6679,8
-2.088,-0.6455,10,Y,62(b),D,-0.6638,7
-2.356,-0.8402,8,Y,62(b),E,-0.3525,4
-0.3971,-0.04942,19,Y,62(b),F,0.3676,13
-1.42,-0.3047,12,Y,62(b),G,-0.5773,8
-0.6022,-0.08328,16,Y,62(b),H,0.04414,7
-1.423,-0.3058,6,Y,62(b),I,-0.044,4
-0.6848,-0.09888,8,Y,62(b),K,-0.5845,3
-0.5091,-0.06709,12,Y,62(b),L,-0.1535,7
-0.83,-0.1294,20,Y,62(b),M,-0.1704,15
-1.608,-0.3823,18,Y,62(b),N,-0.698,11
-5.967,-5.251,14,Y,62(b),P,-5.394,12
-1.299,-0.2608,11,Y,62(b),Q,-0.0029,6
-0.6926,-0.1004,9,Y,62(b),R,-0.403,6
-2.098,-0.6523,13,Y,62(b),S,-0.2084,5
-1.222,-0.2351,10,Y,62(b),T,-0.2965,7
-1.749,-0.4494,12,Y,62(b),V,-0.2178,10
2.263,0.09299,14,Y,62(b),W,0.08363,8
0,0,,Y,62(b),Y,0,
-7.865,-5.915,57,W,63(b),*,-6,6
-0.1374,-0.01502,3,W,63(b),-,,
-2.933,-1.398,17,W,63(b),A,-1.465,11
-3.727,-2.459,26,W,63(b),C,-2.325,8
-6.83,-5.685,16,W,63(b),D,-6,13
-7.089,-5.764,20,W,63(b),E,-6,13
-2.192,-0.7164,15,W,63(b),F,-0.6877,11
-4.21,-3.197,8,W,63(b),G,-2.829,3
-3.431,-2.031,11,W,63(b),H,-2.031,9
-3.789,-2.553,10,W,63(b),I,-2.505,9
-3.583,-2.247,4,W,63(b),K,-1.996,3
-2.072,-0.6352,18,W,63(b),L,-0.8302,7
-3.146,-1.653,7,W,63(b),M,-1.122,4
-6.205,-5.403,9,W,63(b),N,-5.409,6
-7.681,-5.888,16,W,63(b),P,-6,10
-3.709,-2.434,8,W,63(b),Q,-2.382,7
-3.31,-1.866,24,W,63(b),R,-1.754,13
-4.102,-3.032,11,W,63(b),S,-2.649,5
-5.767,-5.101,13,W,63(b),T,-5.248,11
-4.013,-2.895,13,W,63(b),V,-2.963,8
0,0,,W,63(b),W,0,
-2.379,-0.8592,7,W,63(b),Y,-0.7775,4
-0.284,-0.03339,2,N,64(b),-,,
-3.954,-2.804,17,N,64(b),A,-2.95,12
-4.782,-4.033,4,N,64(b),C,-4.104,4
-2.101,-0.6539,11,N,64(b),D,-0.5651,7
-1.281,-0.2546,12,N,64(b),E,-0.3957,4
-4.851,-4.125,10,N,64(b),F,-4.19,7
-4,-2.875,9,N,64(b),G,-3.007,7
-4.224,-3.218,7,N,64(b),H,-3.176,6
-10.97,-6.043,8,N,64(b),I,-4.508,4
-4.85,-4.124,20,N,64(b),K,-4.046,14
-4.444,-3.55,19,N,64(b),L,-3.546,11
-3.932,-2.771,14,N,64(b),M,-2.72,10
0,0,,N,64(b),N,0,
-9.437,-6.021,12,N,64(b),P,-6,10
-4.069,-2.981,10,N,64(b),Q,-3.01,6
-4.503,-3.638,9,N,64(b),R,-3.515,6
-2.936,-1.401,23,N,64(b),S,-1.267,9
-4.009,-2.888,7,N,64(b),T,-3.006,4
-6.175,-5.385,8,N,64(b),V,-4.707,7
-5.362,-4.73,10,N,64(b),W,-3.716,5
-5.126,-4.469,18,N,64(b),Y,-4.59,10
0.301,0.02669,9,S,65(b),A,-0.04002,5
-1.453,-0.3173,16,S,65(b),C,-0.2248,12
-0.8203,-0.1272,9,S,65(b),D,0.002443,7
-0.1524,-0.01679,13,S,65(b),E,-0.3286,6
-2.102,-0.6549,12,S,65(b),F,-0.3031,10
-0.2004,-0.02259,21,S,65(b),G,0.2596,11
-0.4633,-0.05964,5,S,65(b),H,-0.3624,3
-2.435,-0.9051,13,S,65(b),I,-0.8884,5
-0.9245,-0.1515,11,S,65(b),K,-0.04614,6
-1.525,-0.3465,24,S,65(b),L,-0.0285,17
-0.4992,-0.06546,12,S,65(b),M,0.05869,5
-0.3288,-0.03954,24,S,65(b),N,-0.02761,3
-4.017,-2.901,12,S,65(b),P,-3.001,7
-1.603,-0.3801,11,S,65(b),Q,-0.1372,5
-0.6225,-0.08702,26,S,65(b),R,0.2122,14
0,0,,S,65(b),S,0,
-0.9138,-0.1489,15,S,65(b),T,0.009918,9
-1.708,-0.4289,14,S,65(b),V,-0.4154,7
-2.416,-0.8896,12,S,65(b),W,-0.9324,7
-1.886,-0.5221,30,S,65(b),Y,-0.4276,15
-11.97,-6.047,5,Q,66(b),*,,
-0.613,-0.08526,10,Q,66(b),A,-0.3626,6
-1.845,-0.4997,11,Q,66(b),C,-0.4275,6
-0.783,-0.1191,3,Q,66(b),D,,
-0.6765,-0.09726,9,Q,66(b),E,-0.0007779,5
0.09039,0.008848,16,Q,66(b),F,0.01424,9
-1.409,-0.3003,7,Q,66(b),G,-0.4081,2
0.5569,0.04397,20,Q,66(b),H,0.05,6
-0.03678,-0.003827,15,Q,66(b),I,-0.1873,10
0.03849,0.003862,22,Q,66(b),K,0.187,14
0.7955,0.05661,17,Q,66(b),L,0.2109,7
-0.5099,-0.06724,13,Q,66(b),M,0.05261,11
-0.1364,-0.01491,13,Q,66(b),N,0.01387,8
-3.496,-2.122,19,Q,66(b),P,-2.047,14
0,0,,Q,66(b),Q,0,
0.1765,0.01658,8,Q,66(b),R,-0.1549,4
0.7345,0.05365,14,Q,66(b),S,-0.4373,11
-1.956,-0.5627,9,Q,66(b),T,-0.5987,9
-0.5371,-0.07181,10,Q,66(b),V,-0.4339,6
0.3727,0.03198,16,Q,66(b),W,0.3887,8
-2.07,-0.6334,11,Q,66(b),Y,-0.2678,6
-1.131,-0.2072,4,P,67(b),A,-0.291,2
-1.785,-0.4678,9,P,67(b),C,-0.1742,4
-1.306,-0.2632,8,P,67(b),D,0.1944,3
-1.651,-0.4018,5,P,67(b),E,-0.1164,3
-0.1209,-0.01311,12,P,67(b),F,-0.4154,6
-2.142,-0.6819,9,P,67(b),G,-0.4184,8
-0.5897,-0.08103,7,P,67(b),H,0.4139,5
-1.308,-0.2639,13,P,67(b),I,-0.8583,7
-0.4301,-0.05444,10,P,67(b),K,-0.5481,4
-1.143,-0.2107,6,P,67(b),L,-0.8318,4
-1.232,-0.2383,8,P,67(b),M,-0.4753,7
-0.8464,-0.1331,6,P,67(b),N,0.1659,4
0,0,,P,67(b),P,0,
-1.177,-0.2211,13,P,67(b),Q,-0.2347,9
-1.231,-0.238,9,P,67(b),R,-0.5029,3
-0.2912,-0.03436,12,P,67(b),S,-0.05269,4
-0.7223,-0.1064,7,P,67(b),T,-0.3095,3
-0.01996,-0.002061,7,P,67(b),V,-0.1723,3
-2.393,-0.8704,15,P,67(b),W,-0.9006,11
0.2232,0.02052,5,P,67(b),Y,0.2275,4
-10.63,-6.041,3,E,68(b),*,,
0.2621,0.02366,1,E,68(b),-,,
0.6825,0.05099,6,E,68(b),A,-0.4914,2
0.5144,0.04139,1,E,68(b),C,,
0.2548,0.02308,14,E,68(b),D,0.2309,3
0,0,,E,68(b),E,0,
0.2712,0.02438,7,E,68(b),F,-0.2602,5
-0.2887,-0.03402,12,E,68(b),G,0.6826,3
0.7147,0.05265,4,E,68(b),H,-0.1938,3
-0.6441,-0.09104,9,E,68(b),I,-0.4615,4
-0.5394,-0.07221,26,E,68(b),K,0.4036,8
1.145,0.0705,5,E,68(b),L,-0.1958,4
0.1551,0.01472,9,E,68(b),M,0.008718,5
-1.258,-0.2471,6,E,68(b),N,-0.3629,3
-1.959,-0.5648,2,E,68(b),P,-0.6873,1
0.4962,0.04025,5,E,68(b),Q,0.1391,2
-1.791,-0.4708,5,E,68(b),R,-0.3914,3
-1.321,-0.2683,6,E,68(b),S,-0.3806,4
1.979,0.08939,10,E,68(b),T,0.02525,8
-0.8658,-0.1375,14,E,68(b),V,-0.5826,7
4.131,0.1023,7,E,68(b),W,-0.2773,3
2.777,0.0974,6,E,68(b),Y,0.2759,2
-19.69,-6.049,6,E,69(b),*,,
-0.4177,-0.05253,1,E,69(b),-,,
-2.168,-0.6999,6,E,69(b),A,-0.6534,2
-2.147,-0.6853,11,E,69(b),C,-0.4935,7
-1.415,-0.3026,14,E,69(b),D,-0.662,10
0,0,,E,69(b),E,0,
-1.282,-0.2549,4,E,69(b),F,-0.09795,3
0.5862,0.04568,9,E,69(b),G,-0.5765,8
-2.401,-0.8767,5,E,69(b),H,-0.9924,3
-0.5209,-0.06907,10,E,69(b),I,-0.5381,4
-1.478,-0.3271,88,E,69(b),K,-0.7926,12
-1.778,-0.4641,7,E,69(b),L,-0.3214,4
-1.117,-0.2031,4,E,69(b),M,-0.5174,4
-1.536,-0.3512,10,E,69(b),N,-0.3551,8
-3.064,-1.552,5,E,69(b),P,-1.627,4
-1.617,-0.3862,4,E,69(b),Q,-0.5978,4
-2.194,-0.7178,4,E,69(b),R,-0.6528,3
-1.971,-0.5718,4,E,69(b),S,-0.8738,3
-1.868,-0.5123,5,E,69(b),T,-0.8133,1
-1.511,-0.3405,9,E,69(b),V,-0.2165,4
-1.906,-0.5336,10,E,69(b),W,-0.4614,10
-0.01086,-0.001116,10,E,69(b),Y,-0.07111,8
-4.035,-2.929,1,K,70(b),*,,
0.1602,0.01517,1,K,70(b),-,,
1.542,0.08143,9,K,70(b),A,0.2521,7
-0.8384,-0.1313,7,K,70(b),C,-0.2708,2
-1.844,-0.4992,7,K,70(b),D,-0.5928,6
-0.343,-0.04154,13,K,70(b),E,0.2898,6
-1.92,-0.5418,5,K,70(b),F,-0.5135,5
-0.3105,-0.03699,14,K,70(b),G,0.1246,7
-0.4238,-0.05346,8,K,70(b),H,0.4667,5
-1.419,-0.3041,9,K,70(b),I,-0.2257,6
0,0,,K,70(b),K,0,
-1.908,-0.5346,10,K,70(b),L,-0.7482,7
-1.848,-0.5013,8,K,70(b),M,-0.442,4
-1.155,-0.2142,9,K,70(b),N,-0.4268,7
0.3251,0.02851,10,K,70(b),P,0.06997,6
0.295,0.02622,15,K,70(b),Q,-0.2428,11
-1.334,-0.2729,12,K,70(b),R,0.1685,8
2.573,0.09592,12,K,70(b),S,-0.4393,7
-0.6833,-0.09859,14,K,70(b),T,-0.1525,8
1.131,0.07003,4,K,70(b),V,-0.2717,1
-0.7174,-0.1054,8,K,70(b),W,0.2744,5
-0.3237,-0.03883,9,K,70(b),Y,0.02565,6
-8.101,-5.943,11,E,71(b),*,-6,1
-0.4288,-0.05423,1,E,71(b),-,,
-0.3523,-0.04286,16,E,71(b),A,-0.3632,9
-1.571,-0.366,15,E,71(b),C,-0.2036,10
0.002946,0.0003007,11,E,71(b),D,0.256,6
0,0,,E,71(b),E,0,
-1.553,-0.3581,8,E,71(b),F,-0.5312,4
-0.5415,-0.07257,13,E,71(b),G,0.09865,6
-0.8654,-0.1375,9,E,71(b),H,-0.6463,7
-1.765,-0.4575,9,E,71(b),I,-0.7552,5
-0.7369,-0.1093,51,E,71(b),K,0.1245,13
-1.734,-0.4419,11,E,71(b),L,-0.3889,7
-0.5807,-0.07942,16,E,71(b),M,-0.4233,9
-1.311,-0.2649,8,E,71(b),N,-0.1395,3
-1.284,-0.2556,7,E,71(b),P,-0.1013,6
-0.7948,-0.1216,9,E,71(b),Q,0.6755,5
0.08935,0.00875,9,E,71(b),R,-0.1591,7
-1.653,-0.4031,7,E,71(b),S,-0.4799,7
0.02059,0.002084,12,E,71(b),T,0.09432,8
-1.32,-0.2679,13,E,71(b),V,-0.1381,4
-0.7767,-0.1177,11,E,71(b),W,-0.08559,8
-1.054,-0.1853,10,E,71(b),Y,-0.0322,6
-3.446,-2.052,1,R,72(b),*,,
-0.5555,-0.07499,1,R,72(b),-,,
-1.422,-0.3051,7,R,72(b),A,-0.4399,5
-2.749,-1.199,10,R,72(b),C,-0.6379,6
-2.205,-0.7262,13,R,72(b),D,-0.4815,7
-1.444,-0.3136,5,R,72(b),E,-0.461,1
-2.838,-1.293,6,R,72(b),F,-1.408,3
-2.515,-0.9743,9,R,72(b),G,-0.8101,4
-1.735,-0.4422,12,R,72(b),H,-0.5351,8
-2.339,-0.8272,16,R,72(b),I,-0.706,9
-0.2679,-0.03124,11,R,72(b),K,-0.4254,6
-2.013,-0.5974,15,R,72(b),L,-0.4432,11
-2.271,-0.7743,7,R,72(b),M,-0.6305,5
-2.159,-0.6932,6,R,72(b),N,-1.066,4
-2.213,-0.7317,6,R,72(b),P,-1.13,2
-1.846,-0.5004,21,R,72(b),Q,-0.1546,7
0,0,,R,72(b),R,0,
-1.75,-0.4501,7,R,72(b),S,-0.3928,6
-3.239,-1.771,4,R,72(b),T,-0.9023,2
-2.328,-0.8183,3,R,72(b),V,-3.322,2
-2.482,-0.9458,19,R,72(b),W,-1.214,8
-1.869,-0.5128,9,R,72(b),Y,-0.898,7
-0.7377,-0.1095,1,V,73(b),-,,
-0.7422,-0.1104,19,V,73(b),A,-0.1819,16
-1.3,-0.2611,12,V,73(b),C,-0.433,5
0.1006,0.009801,15,V,73(b),D,-0.8316,9
2.261,0.09297,7,V,73(b),E,-0.1166,4
1.721,0.08511,7,V,73(b),F,0.5327,6
-1.979,-0.5769,9,V,73(b),G,-0.4163,4
2.763,0.09731,16,V,73(b),H,0.2031,11
-0.3008,-0.03567,14,V,73(b),I,0.315,12
-2.664,-1.113,8,V,73(b),K,-1.518,5
-0.5245,-0.06968,15,V,73(b),L,-0.663,9
1.013,0.0658,10,V,73(b),M,0.2692,5
-2.113,-0.6623,11,V,73(b),N,-0.5234,9
-2.495,-0.9569,22,V,73(b),P,-0.7796,18
-0.8858,-0.1422,7,V,73(b),Q,-0.2686,5
-2.225,-0.7403,10,V,73(b),R,-1.242,8
-1.878,-0.5178,16,V,73(b),S,-0.4813,13
1.853,0.08745,11,V,73(b),T,0.5897,7
0,0,,V,73(b),V,0,
0.1523,0.01447,6,V,73(b),W,0.8645,4
1.44,0.07901,5,V,73(b),Y,0.2631,4
-7.943,-5.925,3,R,74(b),*,,
-0.2727,-0.03187,2,R,74(b),-,,
1.406,0.07816,5,R,74(b),A,0.00045,2
-1.048,-0.1835,8,R,74(b),C,0.2427,6
-1.605,-0.3808,7,R,74(b),D,-0.5737,5
0.6682,0.05023,9,R,74(b),E,-0.1636,7
-1.11,-0.2012,11,R,74(b),F,-0.3104,9
-0.562,-0.07612,7,R,74(b),G,-0.4683,3
-0.282,-0.03312,17,R,74(b),H,-0.132,13
0.2948,0.02621,14,R,74(b),I,-0.006975,8
0.397,0.03368,15,R,74(b),K,-0.8725,6
-0.9435,-0.1562,19,R,74(b),L,-0.1151,9
0.5275,0.04219,12,R,74(b),M,0.5717,7
-1.561,-0.3618,12,R,74(b),N,-0.1991,8
-1.987,-0.5817,17,R,74(b),P,-0.4369,10
1.923,0.08857,10,R,74(b),Q,0.114,8
0,0,,R,74(b),R,0,
-0.5144,-0.06799,14,R,74(b),S,-0.0437,8
-0.2802,-0.03288,10,R,74(b),T,0.2554,7
-1.054,-0.1853,10,R,74(b),V,0.00175,6
0.3848,0.03283,10,R,74(b),W,-0.1815,7
-0.4891,-0.0638,18,R,74(b),Y,-0.09424,13
-0.3354,-0.04047,3,A,75(b),-,,
0,0,,A,75(b),A,0,
-0.6675,-0.09551,15,A,75(b),C,-0.09625,8
1.056,0.06741,4,A,75(b),D,0.09645,4
0.2052,0.01902,11,A,75(b),E,0.4099,8
-0.8514,-0.1342,12,A,75(b),F,0.1227,8
1.735,0.08537,12,A,75(b),G,0.6715,9
0.637,0.04855,16,A,75(b),H,-0.1157,9
0.2667,0.02403,5,A,75(b),I,0.02064,5
-0.7263,-0.1072,9,A,75(b),K,-0.7857,2
0.6115,0.04713,9,A,75(b),L,-0.2,6
1.264,0.07424,6,A,75(b),M,0.4266,3
-2.015,-0.5988,10,A,75(b),N,-0.3525,8
-2.468,-0.9331,17,A,75(b),P,-1.05,8
0.6356,0.04847,9,A,75(b),Q,0.4294,6
-0.3578,-0.04366,7,A,75(b),R,-0.5944,4
0.3829,0.03269,19,A,75(b),S,-0.3013,8
-0.5973,-0.0824,14,A,75(b),T,0.2054,7
-0.661,-0.09425,19,A,75(b),V,0.007492,5
-0.7123,-0.1044,10,A,75(b),W,0.3481,4
1.481,0.08001,9,A,75(b),Y,0.4281,7
-7.952,-5.926,4,E,76(b),*,,
-0.318,-0.03803,4,E,76(b),-,,
-2.204,-0.7252,15,E,76(b),A,-0.7595,8
-2.445,-0.914,8,E,76(b),C,-0.8164,4
-1.847,-0.5005,21,E,76(b),D,-0.7019,10
0,0,,E,76(b),E,0,
-1.891,-0.5252,9,E,76(b),F,-0.7651,6
-1.719,-0.4344,10,E,76(b),G,-0.6512,5
-1.517,-0.3431,13,E,76(b),H,-0.5045,6
-3.117,-1.617,9,E,76(b),I,-1.6,8
-2.87,-1.327,24,E,76(b),K,-0.9625,8
-2.87,-1.328,11,E,76(b),L,-1.234,10
-2.931,-1.396,10,E,76(b),M,-1.638,7
-2.194,-0.7184,13,E,76(b),N,-0.9496,9
-3.242,-1.775,9,E,76(b),P,-2.106,6
-2.467,-0.9331,16,E,76(b),Q,-1.162,10
-1.739,-0.4442,6,E,76(b),R,-0.9223,4
-1.639,-0.3963,10,E,76(b),S,-0.4345,6
-2.837,-1.291,6,E,76(b),T,-1.637,4
-2.452,-0.9194,11,E,76(b),V,-0.8644,7
-2.736,-1.186,16,E,76(b),W,-1.061,7
-2.815,-1.268,9,E,76(b),Y,-1.189,6
0.02582,0.002607,5,I,77(b),-,,
0.295,0.02622,17,I,77(b),A,0.1811,7
0.0688,0.006804,15,I,77(b),C,0.3125,10
-3.389,-1.972,11,I,77(b),D,-1.997,9
1.56,0.08184,16,I,77(b),E,0.05382,11
0.3155,0.02779,13,I,77(b),F,0.4005,8
1.742,0.08551,12,I,77(b),G,0.3591,7
1.36,0.07696,6,I,77(b),H,-0.3468,3
0,0,,I,77(b),I,0,
-0.704,-0.1027,9,I,77(b),K,0.1403,9
2.519,0.09548,12,I,77(b),L,0.4993,9
-1.573,-0.3668,5,I,77(b),M,-0.3153,4
-2.757,-1.208,17,I,77(b),N,-1.149,9
-2.329,-0.8188,9,I,77(b),P,-0.7773,7
2.443,0.0948,9,I,77(b),Q,0.1448,7
0.4358,0.03633,10,I,77(b),R,0.0067,8
1.242,0.07357,6,I,77(b),S,0.202,4
1.255,0.07398,14,I,77(b),T,0.4978,8
0.8391,0.05861,12,I,77(b),V,-0.306,4
2.084,0.09085,11,I,77(b),W,0.7328,9
2.296,0.09335,3,I,77(b),Y,-6,1
0.401,0.03396,4,D,78(b),-,,
-0.01028,-0.001057,12,D,78(b),A,0.1616,2
-0.8013,-0.123,8,D,78(b),C,-0.1126,6
0,0,,D,78(b),D,0,
0.9149,0.0619,6,D,78(b),E,-0.332,3
0.552,0.04367,11,D,78(b),F,0.2414,7
-0.6464,-0.09148,16,D,78(b),G,0.1323,3
-0.9974,-0.17,14,D,78(b),H,0.06952,10
0.6988,0.05184,9,D,78(b),I,-0.1601,6
-1.254,-0.2456,13,D,78(b),K,-0.05892,8
-0.2301,-0.02633,9,D,78(b),L,0.0473,6
0.1535,0.01458,6,D,78(b),M,0.101,3
-0.3,-0.03555,26,D,78(b),N,0.3932,9
-1.689,-0.4201,7,D,78(b),P,-0.2035,3
1.863,0.0876,13,D,78(b),Q,0.2283,10
0.311,0.02744,5,D,78(b),R,0.5666,3
-0.3394,-0.04103,12,D,78(b),S,-0.05578,5
0.15,0.01427,15,D,78(b),T,0.09254,9
1.084,0.0684,9,D,78(b),V,0.1875,6
-0.6948,-0.1009,9,D,78(b),W,0.5174,7
1.026,0.06628,15,D,78(b),Y,0.3295,10
-0.8019,-0.1231,3,T,79(b),-,,
1.658,0.08389,11,T,79(b),A,0.7577,2
-0.8737,-0.1394,10,T,79(b),C,0.06272,6
1.933,0.08872,8,T,79(b),D,-0.6666,5
0.7922,0.05645,13,T,79(b),E,0.1164,10
1.871,0.08774,8,T,79(b),F,0.1858,5
1.757,0.08577,6,T,79(b),G,0.2238,4
-0.3258,-0.03911,10,T,79(b),H,0.4622,6
-0.8518,-0.1343,14,T,79(b),I,0.2346,6
1.175,0.0715,14,T,79(b),K,0.2514,10
0.7566,0.05474,10,T,79(b),L,0.1427,6
-1.692,-0.4211,9,T,79(b),M,0.04234,4
-0.4339,-0.05503,8,T,79(b),N,-0.1911,5
-2.313,-0.807,12,T,79(b),P,-0.5024,9
-0.2546,-0.02949,12,T,79(b),Q,0.177,8
0.5417,0.04306,14,T,79(b),R,0.04869,8
0.4788,0.03914,11,T,79(b),S,-0.09484,8
0,0,,T,79(b),T,0,
-0.005616,-0.0005754,13,T,79(b),V,-0.02431,5
-1.117,-0.2032,12,T,79(b),W,-0.05406,8
7.055,0.1039,8,T,79(b),Y,-0.03411,6
-1.316,-0.2666,3,V,80(b),-,,
1.804,0.08661,14,V,80(b),A,0.394,10
-1.47,-0.3242,7,V,80(b),C,-0.04095,6
-3.426,-2.024,12,V,80(b),D,-2.054,6
-2.287,-0.7864,7,V,80(b),E,-0.4179,4
-0.4647,-0.05987,6,V,80(b),F,-0.4475,3
-0.9917,-0.1685,10,V,80(b),G,-0.1361,4
2.524,0.09552,15,V,80(b),H,0.4982,12
-1.83,-0.4914,8,V,80(b),I,-0.3049,6
0.2405,0.02193,10,V,80(b),K,0.04117,6
-1.301,-0.2613,18,V,80(b),L,-0.339,4
-0.6801,-0.09797,26,V,80(b),M,-0.7023,9
0.1088,0.01055,15,V,80(b),N,0.5589,9
-3.767,-2.52,14,V,80(b),P,-2.329,11
-1.247,-0.2432,13,V,80(b),Q,-0.06157,8
2.21,0.0924,11,V,80(b),R,0.3395,4
-0.1666,-0.01847,11,V,80(b),S,0.1315,9
-1.154,-0.214,10,V,80(b),T,-0.2013,6
0,0,,V,80(b),V,0,
-1.484,-0.3296,10,V,80(b),W,-0.7068,7
-2.032,-0.6091,11,V,80(b),Y,-0.6481,9
-3.383,-1.964,3,C,81(b),-,,
-4.153,-3.111,13,C,81(b),A,-2.713,9
0,0,,C,81(b),C,0,
-11.27,-6.045,15,C,81(b),D,-6,10
-7.5,-5.857,8,C,81(b),E,-6,7
-3.466,-2.079,18,C,81(b),F,-2.202,9
-5.791,-5.12,9,C,81(b),G,-5.192,6
-5.139,-4.485,9,C,81(b),H,-3.818,5
-2.874,-1.332,9,C,81(b),I,-1.484,6
-4.818,-4.081,16,C,81(b),K,-3.818,9
-3.161,-1.672,11,C,81(b),L,-1.633,8
-2.691,-1.14,3,C,81(b),M,-0.8251,2
-5.083,-4.418,6,C,81(b),N,-4.506,3
-7.502,-5.858,13,C,81(b),P,-6,8
-4.89,-4.176,9,C,81(b),Q,-4.263,6
-4.596,-3.773,8,C,81(b),R,-4.316,5
-4.297,-3.33,10,C,81(b),S,-3.406,7
-4.354,-3.416,9,C,81(b),T,-3.285,7
-3.626,-2.311,5,C,81(b),V,-1.998,1
-19.9,-6.049,6,C,81(b),W,-3.752,3
-4.995,-4.31,45,C,81(b),Y,-4.163,12
-7.218,-5.797,1,R,82(b),*,,
-1.074,-0.1909,2,R,82(b),-,,
-0.87,-0.1385,12,R,82(b),A,0.1423,8
-1.802,-0.4768,13,R,82(b),C,-0.2919,6
-2.659,-1.109,9,R,82(b),D,-0.9623,8
-2.344,-0.8305,18,R,82(b),E,-0.7968,13
-1.584,-0.3718,15,R,82(b),F,-0.5357,13
-1.948,-0.5583,13,R,82(b),G,-0.3469,6
-0.8883,-0.1428,14,R,82(b),H,-0.3751,10
-0.3287,-0.03952,20,R,82(b),I,0.1284,10
0.1748,0.01644,13,R,82(b),K,0.194,6
-1.694,-0.4222,11,R,82(b),L,-0.3108,5
-1.574,-0.3672,6,R,82(b),M,-0.4386,6
0.6894,0.05135,12,R,82(b),N,0.2383,10
-0.2901,-0.0342,11,R,82(b),P,0.5689,4
-0.2077,-0.02351,2,R,82(b),Q,-0.06855,2
0,0,,R,82(b),R,0,
-0.3517,-0.04277,7,R,82(b),S,0.07504,3
-0.397,-0.04941,17,R,82(b),T,0.0039,8
0.3377,0.02944,9,R,82(b),V,0.1366,6
-2.286,-0.7856,14,R,82(b),W,-0.843,11
-0.3248,-0.03897,9,R,82(b),Y,-0.1833,6
-0.6217,-0.08685,1,H,83(b),-,,
-1.437,-0.3111,11,H,83(b),A,-0.4602,2
-2.495,-0.9572,12,H,83(b),C,-0.9194,8
-0.9484,-0.1575,5,H,83(b),D,-0.3841,1
-1.989,-0.5827,9,H,83(b),E,-0.9316,6
-0.2507,-0.02899,4,H,83(b),F,-0.1721,1
-2.474,-0.9384,13,H,83(b),G,-0.9403,8
0,0,,H,83(b),H,0,
-2.751,-1.201,7,H,83(b),I,-1.254,5
-2.262,-0.7679,9,H,83(b),K,-1.182,7
-2.497,-0.9586,13,H,83(b),L,-1.099,9
-1.633,-0.3937,8,H,83(b),M,-0.5282,5
-1.01,-0.1732,12,H,83(b),N,-0.2707,4
-0.7211,-0.1061,13,H,83(b),P,-0.09475,9
-2.727,-1.177,10,H,83(b),Q,-0.8867,4
-1.003,-0.1714,22,H,83(b),R,-0.6902,4
-0.5676,-0.0771,8,H,83(b),S,-1.042,3
-2.227,-0.7422,16,H,83(b),T,-0.4729,8
-1.966,-0.5687,12,H,83(b),V,-0.6899,7
-0.4131,-0.05184,12,H,83(b),W,-0.4797,8
-0.8413,-0.1319,17,H,83(b),Y,-0.3607,6
-2.473,-0.9382,2,N,84(b),-,,
-2.595,-1.048,10,N,84(b),A,-0.9878,7
-3.078,-1.568,5,N,84(b),C,-1.191,3
-0.9464,-0.157,13,N,84(b),D,0.2902,6
-3.155,-1.664,11,N,84(b),E,-2.292,5
-2.862,-1.319,10,N,84(b),F,-1.339,6
-1.961,-0.5657,8,N,84(b),G,-1.288,5
-2.876,-1.334,15,N,84(b),H,-1.672,7
-3.462,-2.075,17,N,84(b),I,-1.994,12
-2.895,-1.355,13,N,84(b),K,-1.642,7
-2.744,-1.193,11,N,84(b),L,-1.074,7
-3.299,-1.85,10,N,84(b),M,-1.966,8
0,0,,N,84(b),N,0,
-2.677,-1.126,15,N,84(b),P,-1.274,12
-3.276,-1.821,10,N,84(b),Q,-1.899,4
-4.061,-2.969,15,N,84(b),R,-3.066,8
-2.749,-1.198,13,N,84(b),S,-1.094,6
-3.205,-1.727,9,N,84(b),T,-1.639,7
-3.593,-2.261,4,N,84(b),V,-2.019,3
-3.454,-2.062,9,N,84(b),W,-2.051,6
-3.526,-2.165,9,N,84(b),Y,-2.168,7
-0.723,-0.1065,3,Y,85(b),-,,
-2.15,-0.6873,8,Y,85(b),A,-0.5536,5
-2.294,-0.7918,16,Y,85(b),C,-0.906,11
-2.061,-0.6276,10,Y,85(b),D,-0.9237,5
-2.127,-0.6716,17,Y,85(b),E,-0.7977,12
-0.006203,-0.000636,17,Y,85(b),F,0.1816,7
-0.7049,-0.1029,11,Y,85(b),G,-0.3599,7
-1.29,-0.2577,11,Y,85(b),H,-0.1769,4
-1.541,-0.3532,8,Y,85(b),I,-0.291,6
-1.518,-0.3436,8,Y,85(b),K,-0.9425,5
-1.973,-0.5728,6,Y,85(b),L,-0.562,5
-0.8467,-0.1332,15,Y,85(b),M,-0.1004,11
-2.235,-0.7477,13,Y,85(b),N,-0.4935,7
-2.797,-1.248,12,Y,85(b),P,-1.417,6
-2.016,-0.5991,10,Y,85(b),Q,-0.6358,7
-1.973,-0.5731,12,Y,85(b),R,-0.7064,8
-1.315,-0.2664,11,Y,85(b),S,-0.6593,6
-1.657,-0.4048,11,Y,85(b),T,-0.882,5
-1.727,-0.4385,13,Y,85(b),V,-0.453,8
0.4663,0.03834,11,Y,85(b),W,0.2065,5
0,0,,Y,85(b),Y,0,
0.2395,0.02185,1,F,86(b),-,,
-2.417,-0.8905,13,F,86(b),A,-0.8578,9
-2.577,-1.031,10,F,86(b),C,-1.335,6
-2.255,-0.7628,11,F,86(b),D,-0.9341,8
-2.828,-1.282,7,F,86(b),E,-1.409,4
0,0,,F,86(b),F,0,
-2.181,-0.7091,5,F,86(b),G,-1.163,4
-2.096,-0.651,13,F,86(b),H,-0.7874,8
-2.403,-0.8784,16,F,86(b),I,-0.8188,12
2.441,0.09479,12,F,86(b),K,-0.7576,7
-2.39,-0.8681,11,F,86(b),L,-1.146,5
-2.201,-0.7228,8,F,86(b),M,-0.9302,5
-2.409,-0.8839,14,F,86(b),N,-1.192,8
-1.992,-0.5846,13,F,86(b),P,-0.8357,12
-2.366,-0.8482,11,F,86(b),Q,-0.8487,8
-2.74,-1.19,3,F,86(b),R,-0.9989,2
-3.452,-2.06,13,F,86(b),S,-1.878,7
-3.465,-2.078,16,F,86(b),T,-1.974,10
-2.611,-1.063,4,F,86(b),V,-1.091,4
-2.816,-1.269,15,F,86(b),W,-1.217,10
-2.633,-1.084,9,F,86(b),Y,-1.288,5
0.1643,0.01553,1,M,87(b),-,,
1.572,0.0821,9,M,87(b),A,-0.0877,4
-0.1198,-0.01298,10,M,87(b),C,-0.1555,5
-2.715,-1.165,13,M,87(b),D,-1.129,10
-1.942,-0.5548,7,M,87(b),E,-0.6409,6
-1.716,-0.4332,14,M,87(b),F,-0.8646,7
-2.092,-0.6478,5,M,87(b),G,-0.3514,4
-0.9,-0.1456,16,M,87(b),H,-0.5442,11
-1.273,-0.2518,25,M,87(b),I,-0.6335,8
-2.914,-1.377,9,M,87(b),K,-1.434,6
1.029,0.06641,9,M,87(b),L,0.0768,5
0,0,,M,87(b),M,0,
-2.609,-1.061,15,M,87(b),N,-1.009,8
-2.507,-0.9674,9,M,87(b),P,-0.9122,6
-2.39,-0.8683,11,M,87(b),Q,-0.7421,8
-1.954,-0.5616,12,M,87(b),R,-1.044,7
-0.2981,-0.03529,9,M,87(b),S,-0.8689,5
-2.54,-0.9975,8,M,87(b),T,-0.3649,3
-1.928,-0.5462,18,M,87(b),V,-0.7258,10
-2.259,-0.7656,10,M,87(b),W,-0.8435,5
-2.346,-0.8324,8,M,87(b),Y,-0.7117,6
-0.08294,-0.008828,1,A,88(b),-,,
0,0,,A,88(b),A,0,
-1.364,-0.2837,15,A,88(b),C,-0.1662,11
-2.482,-0.946,20,A,88(b),D,-0.9114,13
-1.32,-0.268,15,A,88(b),E,-0.6637,7
-2.591,-1.044,9,A,88(b),F,-0.9109,7
-1.135,-0.2083,10,A,88(b),G,-0.468,6
-0.8029,-0.1234,7,A,88(b),H,-0.02861,3
-1.876,-0.517,13,A,88(b),I,-0.7188,5
-0.9858,-0.167,9,A,88(b),K,0.07742,7
-1.903,-0.5322,17,A,88(b),L,-0.745,10
-2.554,-1.01,6,A,88(b),M,-0.9915,3
-1.48,-0.3282,11,A,88(b),N,-0.9249,4
-2.69,-1.14,12,A,88(b),P,-1.059,9
-1.874,-0.5158,9,A,88(b),Q,-0.9441,4
-1.895,-0.5272,10,A,88(b),R,-0.5671,7
-1.292,-0.2582,22,A,88(b),S,-0.005614,11
-0.4865,-0.06339,41,A,88(b),T,0.2861,12
-1.266,-0.2495,30,A,88(b),V,-0.7858,10
-1.988,-0.5824,10,A,88(b),W,-0.9178,6
-2.599,-1.051,11,A,88(b),Y,-1.116,7
0.1547,0.01469,1,S,89(b),-,,
1.43,0.07876,11,S,89(b),A,0.1123,6
-1.255,-0.2459,7,S,89(b),C,0.1475,6
-1.268,-0.2502,7,S,89(b),D,0.09617,1
-1.501,-0.3366,10,S,89(b),E,-0.02771,6
-0.8058,-0.124,10,S,89(b),F,0.135,6
-0.4168,-0.05239,13,S,89(b),G,-0.2086,8
-1.501,-0.3364,7,S,89(b),H,-0.4223,2
-0.5976,-0.08246,15,S,89(b),I,0.3715,4
0.1966,0.0183,11,S,89(b),K,-0.2003,7
-1.743,-0.4462,13,S,89(b),L,-0.4989,6
-0.4627,-0.05955,12,S,89(b),M,-0.1681,8
0.363,0.03128,21,S,89(b),N,0.1172,11
1.176,0.07152,15,S,89(b),P,-0.2257,10
-0.8683,-0.1381,8,S,89(b),Q,0.0648,6
2.966,0.09854,15,S,89(b),R,0.05197,10
0,0,,S,89(b),S,0,
0.2091,0.01935,20,S,89(b),T,-0.2238,11
-0.4234,-0.05341,9,S,89(b),V,-0.08353,5
-1.73,-0.4399,11,S,89(b),W,-0.2069,8
1.783,0.08625,9,S,89(b),Y,0.628,8
-2.11,-0.6601,2,F,90(b),-,,
-2.307,-0.8016,5,F,90(b),A,-0.7686,2
-1.596,-0.377,7,F,90(b),C,-0.7749,5
-2.804,-1.256,7,F,90(b),D,-0.9152,5
-2.639,-1.089,12,F,90(b),E,-0.8781,10
0,0,,F,90(b),F,0,
-2.245,-0.7552,11,F,90(b),G,-1.169,8
-1.968,-0.5698,9,F,90(b),H,-0.5087,7
-2.336,-0.8243,12,F,90(b),I,-0.8805,6
0.08927,0.008742,9,F,90(b),K,-0.376,4
-1.34,-0.2752,18,F,90(b),L,-0.8382,5
-1.26,-0.2475,7,F,90(b),M,-0.2876,3
-2.357,-0.8412,12,F,90(b),N,-0.8731,10
-2.298,-0.795,15,F,90(b),P,-0.7639,10
-2.406,-0.8813,10,F,90(b),Q,-0.8352,5
-1.417,-0.3036,7,F,90(b),R,-1.152,5
-2.114,-0.6625,18,F,90(b),S,-0.9967,9
-2.559,-1.015,4,F,90(b),T,-1.086,4
-2.153,-0.6894,15,F,90(b),V,-0.616,10
-0.5704,-0.0776,9,F,90(b),W,0.1422,5
-2.513,-0.9733,9,F,90(b),Y,-0.7824,3
-1.75,-0.4496,2,T,91(b),-,,
-0.327,-0.03928,9,T,91(b),A,-0.6259,4
-0.2446,-0.02819,12,T,91(b),C,-0.3883,6
-2.86,-1.316,5,T,91(b),D,-1.19,4
-2.186,-0.7121,10,T,91(b),E,-0.6235,6
-1.653,-0.4028,4,T,91(b),F,-0.6613,4
-2.617,-1.068,9,T,91(b),G,-1.225,6
-2.27,-0.7734,6,T,91(b),H,-1.562,1
-1.923,-0.5436,16,T,91(b),I,-0.6083,6
-2.878,-1.336,5,T,91(b),K,-1.194,4
-0.7365,-0.1093,9,T,91(b),L,-0.6582,6
-2.835,-1.289,4,T,91(b),M,-1.449,2
-0.3551,-0.04327,12,T,91(b),N,-0.5887,7
-2.372,-0.8537,20,T,91(b),P,-0.9845,10
-2.929,-1.393,6,T,91(b),Q,-1.512,4
-2.324,-0.8151,16,T,91(b),R,-0.8597,8
-2.646,-1.096,9,T,91(b),S,-1.008,5
0,0,,T,91(b),T,0,
-1.882,-0.5202,10,T,91(b),V,-0.7521,8
-2.579,-1.033,7,T,91(b),W,-1.354,4
-1.775,-0.4626,5,T,91(b),Y,-0.9526,2
-0.817,-0.1265,1,V,92(b),-,,
-1.201,-0.2285,14,V,92(b),A,-0.8313,7
-1.808,-0.4797,6,V,92(b),C,-0.5483,3
-0.8462,-0.133,7,V,92(b),D,-1.123,3
-2.368,-0.8499,8,V,92(b),E,-0.6909,5
-1.926,-0.5454,11,V,92(b),F,-0.6534,6
-2.306,-0.8009,7,V,92(b),G,-0.9752,7
-2.327,-0.8173,8,V,92(b),H,-0.6948,6
-0.06705,-0.007081,7,V,92(b),I,0.2186,4
-2.224,-0.7393,12,V,92(b),K,-0.7443,5
-0.05594,-0.005875,13,V,92(b),L,-0.3034,5
-0.7455,-0.1111,30,V,92(b),M,-0.59,11
-2.116,-0.6639,10,V,92(b),N,-0.9557,5
-2.713,-1.162,7,V,92(b),P,-1.027,5
-2.118,-0.6657,8,V,92(b),Q,-0.8345,6
-2.206,-0.7268,12,V,92(b),R,-0.7484,8
-2.017,-0.6003,11,V,92(b),S,-1.097,8
-1.559,-0.3608,11,V,92(b),T,-0.4166,10
0,0,,V,92(b),V,0,
-1.573,-0.367,14,V,92(b),W,-0.9914,6
-2.468,-0.9333,9,V,92(b),Y,-0.7921,8
-0.02028,-0.002093,2,D,93(b),-,,
-1.123,-0.2047,10,D,93(b),A,-0.5278,7
-1.675,-0.413,8,D,93(b),C,-0.3858,6
0,0,,D,93(b),D,0,
-1.102,-0.1986,9,D,93(b),E,-0.6957,6
1.543,0.08146,9,D,93(b),F,0.07513,7
-0.1308,-0.01425,18,D,93(b),G,-0.2267,8
-1.418,-0.3039,10,D,93(b),H,-0.3219,6
-2.321,-0.813,5,D,93(b),I,-1.047,4
-1.08,-0.1925,10,D,93(b),K,-0.3597,5
-0.3046,-0.03618,11,D,93(b),L,-0.3453,8
1.163,0.0711,8,D,93(b),M,0.1586,3
-0.6901,-0.09991,23,D,93(b),N,0.07613,5
-2.208,-0.7283,8,D,93(b),P,-0.7633,4
-0.8747,-0.1396,14,D,93(b),Q,-0.4125,7
0.237,0.02165,12,D,93(b),R,-0.3957,9
0.1838,0.01721,9,D,93(b),S,-0.1816,5
-0.8184,-0.1268,13,D,93(b),T,-0.5902,7
-1.994,-0.5855,14,D,93(b),V,-0.6788,10
-1.288,-0.257,8,D,93(b),W,-0.1581,3
-0.9762,-0.1645,16,D,93(b),Y,-0.4961,8
-6.677,-5.629,3,R,94(b),*,,
-0.2822,-0.03314,2,R,94(b),-,,
-1.692,-0.4212,14,R,94(b),A,-0.6573,8
-1.393,-0.2943,9,R,94(b),C,-0.5398,6
-1.578,-0.369,10,R,94(b),D,-0.193,8
-1.108,-0.2004,6,R,94(b),E,-0.03675,4
-2.492,-0.9545,8,R,94(b),F,-1.03,6
-1.179,-0.2217,20,R,94(b),G,-0.3548,10
-1.514,-0.3417,11,R,94(b),H,-0.2817,9
-1.167,-0.218,12,R,94(b),I,-0.3057,6
0.7646,0.05514,15,R,94(b),K,0.07515,6
-2.055,-0.6238,6,R,94(b),L,-0.6649,6
-0.4893,-0.06384,6,R,94(b),M,-0.6401,4
-0.7907,-0.1207,16,R,94(b),N,-0.2168,9
-2.492,-0.9545,13,R,94(b),P,-0.8236,7
-1.313,-0.2654,8,R,94(b),Q,-0.08535,7
0,0,,R,94(b),R,0,
0.859,0.0595,5,R,94(b),S,-0.3415,2
-0.2741,-0.03206,12,R,94(b),T,-0.3301,6
-1.101,-0.1985,6,R,94(b),V,-0.7439,5
-1.635,-0.3947,9,R,94(b),W,-0.5592,6
-1.214,-0.2325,7,R,94(b),Y,-0.4354,5
-0.9773,-0.1648,3,R,95(b),-,,
-0.142,-0.01556,9,R,95(b),A,0.1296,8
-0.544,-0.07301,11,R,95(b),C,-0.3183,8
-1.411,-0.3011,11,R,95(b),D,-0.1634,9
-1.077,-0.1915,14,R,95(b),E,0.1705,9
-0.7876,-0.12,9,R,95(b),F,0.1604,5
-1.184,-0.2231,8,R,95(b),G,-0.1039,5
-1.016,-0.1748,14,R,95(b),H,-0.308,12
0.1579,0.01497,18,R,95(b),I,0.1069,13
-0.004077,-0.0004174,11,R,95(b),K,-0.03705,4
-0.09789,-0.01049,24,R,95(b),L,0.01769,11
-0.9315,-0.1533,12,R,95(b),M,0.05176,6
0.5432,0.04315,13,R,95(b),N,-0.5028,6
-0.6785,-0.09764,4,R,95(b),P,-0.7986,1
-1.23,-0.2379,16,R,95(b),Q,-0.5155,6
0,0,,R,95(b),R,0,
-1.023,-0.1768,10,R,95(b),S,-0.4613,6
-1.569,-0.3653,11,R,95(b),T,-0.4859,8
-0.3002,-0.03557,6,R,95(b),V,0.3986,4
1.118,0.06958,13,R,95(b),W,-0.1403,3
1.357,0.07688,9,R,95(b),Y,-0.4199,6
-0.1392,-0.01522,5,V,96(b),-,,
-1.485,-0.3302,14,V,96(b),A,-0.1835,8
0.2035,0.01888,12,V,96(b),C,-0.7398,8
-1.172,-0.2196,13,V,96(b),D,-0.2602,11
-1.411,-0.301,12,V,96(b),E,-0.1856,8
0.271,0.02436,19,V,96(b),F,-0.17,12
-0.8293,-0.1292,8,V,96(b),G,-0.4639,5
0.05671,0.005641,9,V,96(b),H,-0.08485,2
0.4257,0.03564,20,V,96(b),I,-0.05464,10
0.2036,0.01889,11,V,96(b),K,0.3619,3
-0.04947,-0.00518,9,V,96(b),L,-0.1266,3
-0.6616,-0.09437,12,V,96(b),M,-0.5077,3
-2.071,-0.6343,8,V,96(b),N,-0.6653,5
-1.275,-0.2526,8,V,96(b),P,-0.2097,3
0.5312,0.04242,16,V,96(b),Q,-0.1636,12
1.183,0.07175,13,V,96(b),R,0.2032,10
-0.3849,-0.04761,11,V,96(b),S,-0.4683,9
-1.01,-0.1733,11,V,96(b),T,-0.6671,9
0,0,,V,96(b),V,0,
0.1846,0.01728,12,V,96(b),W,-0.2383,7
0.06362,0.006308,5,V,96(b),Y,-0.1527,2
-6.704,-5.64,2,E,97(b),*,,
-0.9743,-0.164,4,E,97(b),-,,
-1.988,-0.582,12,E,97(b),A,-0.3284,6
-0.2257,-0.02578,18,E,97(b),C,0.02081,10
-0.289,-0.03406,17,E,97(b),D,0.04423,12
0,0,,E,97(b),E,0,
-0.2043,-0.02308,7,E,97(b),F,0.3474,5
0.4162,0.03501,9,E,97(b),G,0.1315,5
-0.3349,-0.0404,10,E,97(b),H,-0.4393,7
-0.8208,-0.1273,7,E,97(b),I,0.8032,5
0.1843,0.01725,22,E,97(b),K,0.01707,11
-0.7819,-0.1188,10,E,97(b),L,-0.1384,6
1.221,0.07294,12,E,97(b),M,-0.3993,5
2.097,0.09102,5,E,97(b),N,0.07025,2
-1.035,-0.1799,8,E,97(b),P,-0.3225,5
2.449,0.09486,13,E,97(b),Q,0.2016,6
1.54,0.08139,11,E,97(b),R,-0.1601,7
-0.6031,-0.08346,13,E,97(b),S,-0.1676,12
0.7263,0.05324,9,E,97(b),T,-0.05354,5
-1.013,-0.1741,11,E,97(b),V,-0.1255,8
0.6868,0.05121,7,E,97(b),W,-0.7319,4
-1.257,-0.2466,9,E,97(b),Y,-0.3621,7
-4.011,-2.892,3,P,98(b),-,,
-1.198,-0.2275,11,P,98(b),A,0.05435,4
1.474,0.07986,9,P,98(b),C,0.03385,6
-3.455,-2.064,8,P,98(b),D,-1.094,3
-2.402,-0.8779,18,P,98(b),E,-0.6971,13
-0.8839,-0.1418,5,P,98(b),F,-0.4167,1
-0.9371,-0.1547,10,P,98(b),G,0.07101,8
-1.939,-0.5529,11,P,98(b),H,-0.5848,7
-2.43,-0.9012,10,P,98(b),I,-1.139,6
-3.023,-1.503,11,P,98(b),K,-1.432,7
-2.189,-0.7142,9,P,98(b),L,-1.141,4
-1.132,-0.2073,7,P,98(b),M,-0.244,5
-2.653,-1.103,8,P,98(b),N,-0.5582,4
0,0,,P,98(b),P,0,
-2.376,-0.8562,13,P,98(b),Q,-0.2671,8
-3.37,-1.947,17,P,98(b),R,-1.765,9
-0.6608,-0.09423,19,P,98(b),S,-0.08329,7
-1.778,-0.4641,12,P,98(b),T,-0.3612,7
-1.13,-0.2068,13,P,98(b),V,0.1057,9
-2.714,-1.163,9,P,98(b),W,-1.182,7
-1.479,-0.3274,10,P,98(b),Y,-0.2104,9
-1.033,-0.1794,1,K,99(b),-,,
-1.114,-0.2022,7,K,99(b),A,-0.8014,4
-1.325,-0.2697,13,K,99(b),C,-0.2907,6
-1.952,-0.5607,3,K,99(b),D,-0.5422,1
-1.47,-0.324,12,K,99(b),E,-0.3756,4
-1.254,-0.2455,20,K,99(b),F,-0.5117,13
-0.5058,-0.06655,10,K,99(b),G,-0.2358,8
1.144,0.07047,11,K,99(b),H,-0.3819,6
-1.426,-0.3069,18,K,99(b),I,-0.4344,13
0,0,,K,99(b),K,0,
-0.2022,-0.02282,9,K,99(b),L,-0.298,7
-0.5612,-0.07598,12,K,99(b),M,-0.2997,3
-0.3034,-0.03601,20,K,99(b),N,-0.08078,9
-3.182,-1.698,10,K,99(b),P,-1.474,5
-1.28,-0.2541,10,K,99(b),Q,0.3303,5
-0.5077,-0.06687,22,K,99(b),R,0.08074,7
0.6937,0.05158,12,K,99(b),S,-0.172,9
-0.06746,-0.007126,14,K,99(b),T,0.2865,8
-1.731,-0.4406,12,K,99(b),V,-0.2372,8
-0.2048,-0.02314,7,K,99(b),W,-0.3261,6
-1.225,-0.236,15,K,99(b),Y,0.1604,9
-3.58,-2.243,421,V,100(b),-,-2.235,1
-0.6306,-0.08851,6,V,100(b),A,0.07165,4
-1.584,-0.3717,17,V,100(b),C,-0.181,11
-4.27,-3.289,12,V,100(b),D,-3.092,6
-2.354,-0.8386,7,V,100(b),E,-1.118,6
-1.331,-0.272,13,V,100(b),F,-0.211,7
-2.036,-0.6119,7,V,100(b),G,-0.5351,3
-1.349,-0.2781,14,V,100(b),H,-0.05025,8
2.023,0.09002,13,V,100(b),I,-0.06718,8
-2.592,-1.045,7,V,100(b),K,-1.354,5
0.1841,0.01723,17,V,100(b),L,0.1219,11
-0.3399,-0.0411,21,V,100(b),M,-0.09294,13
-0.5402,-0.07236,10,V,100(b),N,-0.1032,6
-0.6802,-0.09798,4,V,100(b),P,-0.08045,2
-0.04671,-0.004884,4,V,100(b),Q,-0.1692,3
-2.322,-0.8134,14,V,100(b),R,-0.7639,9
-1.638,-0.396,12,V,100(b),S,-0.3095,6
0.1865,0.01744,9,V,100(b),T,-0.1325,8
0,0,,V,100(b),V,0,
-2.991,-1.464,5,V,100(b),W,,
-1.25,-0.2445,8,V,100(b),Y,0.1155,6
-1.104,-0.1993,421,R,101(b),-,,
2.234,0.09267,5,R,101(b),A,0.2919,3
1.117,0.06958,11,R,101(b),C,-0.02989,7
-1.673,-0.4121,8,R,101(b),D,-0.1939,7
-1.073,-0.1904,11,R,101(b),E,-0.4265,11
0.8438,0.05882,7,R,101(b),F,-0.0604,5
-0.5333,-0.07118,11,R,101(b),G,0.1574,5
-0.2384,-0.0274,13,R,101(b),H,-0.3275,10
1.147,0.07056,14,R,101(b),I,-0.06132,10
-2.047,-0.6187,5,R,101(b),K,-0.2515,4
-1.631,-0.3926,16,R,101(b),L,-0.4741,5
0.2842,0.02539,12,R,101(b),M,0.02879,7
-0.001048,-0.0001071,13,R,101(b),N,-0.3701,7
-4.694,-3.911,8,R,101(b),P,-2.927,2
-0.02722,-0.00282,13,R,101(b),Q,-0.4448,2
0,0,,R,101(b),R,0,
0.1355,0.01298,11,R,101(b),S,0.08534,8
0.2019,0.01875,10,R,101(b),T,0.1269,4
1.168,0.07128,11,R,101(b),V,0.3029,8
0.1631,0.01542,49,R,101(b),W,-0.01243,14
-0.5248,-0.06973,15,R,101(b),Y,0.2878,8
0.2425,0.02209,422,V,102(b),-,,
0.2029,0.01883,13,V,102(b),A,-0.1331,5
0.32,0.02812,13,V,102(b),C,-0.1051,7
-3.98,-2.844,12,V,102(b),D,-2.926,9
-3.218,-1.745,10,V,102(b),E,-1.676,5
-1.636,-0.3953,13,V,102(b),F,-0.1144,8
-0.7589,-0.1139,10,V,102(b),G,-0.0265,5
-1.941,-0.5539,11,V,102(b),H,-0.2648,7
-1.421,-0.3047,5,V,102(b),I,-0.191,4
-4.134,-3.082,5,V,102(b),K,-2.192,2
-1.123,-0.2047,14,V,102(b),L,-0.5422,2
-0.3087,-0.03674,15,V,102(b),M,0.04341,5
-2.693,-1.142,12,V,102(b),N,-0.7231,9
-0.2627,-0.03056,9,V,102(b),P,-0.705,6
-2.557,-1.013,8,V,102(b),Q,-0.6237,5
-2.521,-0.9803,9,V,102(b),R,-1.036,7
-2.21,-0.7299,10,V,102(b),S,-0.6335,4
-0.9979,-0.1701,7,V,102(b),T,-0.07015,4
0,0,,V,102(b),V,0,
-2.251,-0.7597,13,V,102(b),W,-0.5119,9
-1.816,-0.4839,10,V,102(b),Y,-0.2636,7
-0.3979,-0.04955,421,S,103(b),-,,
1.763,0.08588,8,S,103(b),A,0.09376,7
-0.4265,-0.05389,19,S,103(b),C,0.1305,13
-1.061,-0.1871,14,S,103(b),D,0.03306,11
1.132,0.07008,11,S,103(b),E,0.2913,10
1.524,0.08103,23,S,103(b),F,-0.0559,8
-1.034,-0.1798,11,S,103(b),G,0.2354,7
1.55,0.08161,11,S,103(b),H,0.2106,5
-0.5214,-0.06916,15,S,103(b),I,0.1169,11
-0.4468,-0.05704,17,S,103(b),K,0.1032,8
-0.5033,-0.06614,4,S,103(b),L,,
-0.4,-0.04986,9,S,103(b),M,1.214,4
0.3152,0.02776,10,S,103(b),N,0.3793,5
-0.7581,-0.1138,20,S,103(b),P,-0.08447,11
0.8551,0.05933,9,S,103(b),Q,0.05561,6
-0.4248,-0.05362,10,S,103(b),R,-0.1084,6
0,0,,S,103(b),S,0,
-0.5842,-0.08005,7,S,103(b),T,0.3928,2
3.036,0.0989,20,S,103(b),V,0.1482,14
-0.6813,-0.09819,7,S,103(b),W,0.3259,4
1.036,0.06668,11,S,103(b),Y,-0.1231,7
-0.6849,-0.09891,421,P,104(b),-,,
-1.166,-0.2178,7,P,104(b),A,-0.14,5
-1.219,-0.2342,13,P,104(b),C,-0.1,8
-1.257,-0.2467,10,P,104(b),D,0.2155,5
-0.6302,-0.08844,12,P,104(b),E,0.3282,6
0.2644,0.02384,14,P,104(b),F,-0.4711,8
-0.8861,-0.1423,12,P,104(b),G,-0.1891,7
0.7641,0.05511,15,P,104(b),H,0.3801,7
0.8866,0.06071,10,P,104(b),I,-0.05845,6
1.576,0.08218,16,P,104(b),K,0.02299,10
0.03392,0.003411,14,P,104(b),L,0.1587,8
0.5684,0.04465,10,P,104(b),M,-0.1183,6
-0.8999,-0.1456,9,P,104(b),N,-0.1502,7
0,0,,P,104(b),P,0,
0.2776,0.02488,13,P,104(b),Q,0.09778,7
0.04363,0.004367,6,P,104(b),R,0.1364,3
-0.02995,-0.003106,19,P,104(b),S,0.142,5
-0.1271,-0.01382,10,P,104(b),T,0.004846,9
1.814,0.08679,9,P,104(b),V,0.1437,5
-0.267,-0.03113,9,P,104(b),W,0.4289,7
1.11,0.0693,5,P,104(b),Y,0.3407,4
-0.4895,-0.06387,421,M,105(b),-,,
0.4373,0.03643,9,M,105(b),A,0.1319,6
0.7022,0.05202,12,M,105(b),C,0.1237,8
0.04117,0.004125,11,M,105(b),D,0.2291,6
1.192,0.07204,8,M,105(b),E,0.3555,5
-0.7101,-0.1039,9,M,105(b),F,0.1127,8
0.05565,0.005538,10,M,105(b),G,-0.1647,7
2.631,0.09637,8,M,105(b),H,-0.001723,5
0.2516,0.02282,40,M,105(b),I,0.1611,18
-0.8905,-0.1434,10,M,105(b),K,-0.1016,7
-0.1372,-0.01499,11,M,105(b),L,-0.1523,5
0,0,,M,105(b),M,0,
-0.8741,-0.1395,9,M,105(b),N,-0.5209,4
3.37,0.1003,14,M,105(b),P,0.09859,10
-1.567,-0.3645,9,M,105(b),Q,-0.617,6
0.2736,0.02457,9,M,105(b),R,-0.07814,5
0.1182,0.01142,17,M,105(b),S,0.02615,10
0.0343,0.003448,16,M,105(b),T,0.2107,8
-0.4617,-0.0594,16,M,105(b),V,0.046,8
-0.0261,-0.002702,15,M,105(b),W,0.1152,10
-2.797,-1.249,3,M,105(b),Y,-1.375,2
-7.638,-5.881,20,Q,106(b),*,-6,3
-0.1002,-0.01076,420,Q,106(b),-,,
3.386,0.1004,10,Q,106(b),A,0.1714,6
1.202,0.07234,9,Q,106(b),C,0.1471,8
-0.08362,-0.008902,12,Q,106(b),D,0.0142,4
-0.00451,-0.0004621,11,Q,106(b),E,0.1444,8
-1.576,-0.368,6,Q,106(b),F,-3.175,2
1.047,0.06709,7,Q,106(b),G,0.1805,6
-0.3394,-0.04103,27,Q,106(b),H,-0.2203,8
0.3536,0.0306,9,Q,106(b),I,0.4629,6
-1.33,-0.2716,10,Q,106(b),K,0.09997,6
5.789,0.1037,17,Q,106(b),L,-0.1708,12
1.311,0.0756,11,Q,106(b),M,0.1382,8
-0.2582,-0.02997,20,Q,106(b),N,0.1397,13
0.4744,0.03886,9,Q,106(b),P,-0.4261,4
0,0,,Q,106(b),Q,0,
0.7385,0.05385,13,Q,106(b),R,0.07827,8
-0.7761,-0.1176,11,Q,106(b),S,-0.0818,8
-0.4539,-0.05816,11,Q,106(b),T,0.1535,8
0.196,0.01825,10,Q,106(b),V,0.3079,5
0.2539,0.02301,10,Q,106(b),W,-0.3078,5
-1.899,-0.53,10,Q,106(b),Y,-0.7202,6
0.03642,0.003658,420,S,107(b),-,,
1.761,0.08585,14,S,107(b),A,0.07457,9
-1.48,-0.3282,11,S,107(b),C,-0.5629,7
0.6293,0.04812,9,S,107(b),D,0.4607,2
-0.4637,-0.05972,13,S,107(b),E,0.1643,8
-0.2284,-0.02612,11,S,107(b),F,-0.05637,7
-0.2205,-0.02512,7,S,107(b),G,0.0047,4
0.8865,0.0607,13,S,107(b),H,0.2574,11
-0.2804,-0.03291,15,S,107(b),I,-0.03181,9
-0.02053,-0.002119,12,S,107(b),K,-0.1857,6
0.1493,0.01421,14,S,107(b),L,0.1948,8
-0.5536,-0.07466,12,S,107(b),M,0.1721,5
0.7485,0.05435,18,S,107(b),N,0.1689,5
-0.04027,-0.004198,10,S,107(b),P,0.9795,5
1.37,0.07723,16,S,107(b),Q,0.2279,9
-0.3779,-0.04657,10,S,107(b),R,0.3988,5
0,0,,S,107(b),S,0,
-0.8426,-0.1322,9,S,107(b),T,-0.08077,5
1.895,0.08812,7,S,107(b),V,-0.1202,5
-0.06923,-0.007319,5,S,107(b),W,-0.02955,4
-0.9923,-0.1687,10,S,107(b),Y,-0.279,6
2.025,0.09004,422,S,108(b),-,,
-0.09538,-0.01021,6,S,108(b),A,0.4028,4
-1.702,-0.4261,12,S,108(b),C,-0.3797,5
1.715,0.085,12,S,108(b),D,0.06084,7
1.77,0.08602,13,S,108(b),E,-0.09335,9
-0.3,-0.03555,17,S,108(b),F,-0.04534,6
-0.7934,-0.1213,8,S,108(b),G,-0.5246,4
-0.6612,-0.0943,16,S,108(b),H,-0.1052,12
-0.3382,-0.04086,12,S,108(b),I,0.08908,7
1.599,0.08268,11,S,108(b),K,0.2466,8
1.032,0.06651,8,S,108(b),L,0.06955,6
-0.3127,-0.0373,9,S,108(b),M,-0.303,5
0.7874,0.05623,13,S,108(b),N,-0.2353,8
0.1749,0.01645,22,S,108(b),P,-0.05586,7
-1.695,-0.423,9,S,108(b),Q,0.04522,6
0.0463,0.004629,15,S,108(b),R,0.1137,7
0,0,,S,108(b),S,0,
-0.3345,-0.04034,18,S,108(b),T,-0.03517,11
0.9253,0.06234,7,S,108(b),V,0.08461,5
-0.4851,-0.06316,14,S,108(b),W,-0.0169,12
-0.7305,-0.108,6,S,108(b),Y,0.06555,4
1.422,0.07856,421,S,109(b),-,,
0.9815,0.0646,14,S,109(b),A,0.1007,8
-1.925,-0.5444,6,S,109(b),C,-0.3235,5
-0.6578,-0.09365,17,S,109(b),D,0.1442,14
0.9171,0.062,6,S,109(b),E,0.4667,5
-0.1931,-0.0217,19,S,109(b),F,0.2773,7
1.589,0.08247,9,S,109(b),G,0.2882,8
0.1932,0.01802,10,S,109(b),H,0.1244,7
1.416,0.07842,10,S,109(b),I,0.4607,8
1.099,0.06893,12,S,109(b),K,0.1788,8
-1.291,-0.2581,7,S,109(b),L,0.2023,4
0.07894,0.007769,11,S,109(b),M,0.1414,4
-0.3808,-0.04701,12,S,109(b),N,0.2589,7
0.2328,0.0213,12,S,109(b),P,0.2433,4
2.17,0.09193,9,S,109(b),Q,0.5041,7
-1.045,-0.1826,15,S,109(b),R,-0.03316,8
0,0,,S,109(b),S,0,
-0.4816,-0.06259,11,S,109(b),T,-0.63,7
-0.2389,-0.02746,11,S,109(b),V,-0.2255,5
-0.5814,-0.07954,10,S,109(b),W,0.188,8
-0.9377,-0.1548,18,S,109(b),Y,-0.4026,13
0.09139,0.008942,422,L,110(b),-,,
0.4638,0.03817,14,L,110(b),A,0.441,6
-0.1251,-0.0136,8,L,110(b),C,-0.2801,3
0.7969,0.05667,8,L,110(b),D,-0.3061,6
-1.616,-0.3859,13,L,110(b),E,-0.8086,7
-0.05401,-0.005668,10,L,110(b),F,-0.6026,5
0.9622,0.06384,5,L,110(b),G,0.7629,1
0.8506,0.05913,12,L,110(b),H,-0.2834,5
0.6988,0.05184,11,L,110(b),I,0.3538,7
-0.832,-0.1298,11,L,110(b),K,0.1508,8
0,0,,L,110(b),L,0,
-0.8963,-0.1447,10,L,110(b),M,-0.1269,6
-1.767,-0.4585,5,L,110(b),N,-0.9197,3
-1.373,-0.2869,13,L,110(b),P,-0.3375,5
0.3189,0.02804,11,L,110(b),Q,-0.1718,8
-0.1937,-0.02177,8,L,110(b),R,-0.2563,7
0.2561,0.02319,8,L,110(b),S,0.01689,6
-0.675,-0.09697,13,L,110(b),T,-0.2447,8
-0.03205,-0.003328,4,L,110(b),V,0.3514,1
-0.2415,-0.0278,14,L,110(b),W,-0.2072,7
0.8178,0.05765,5,L,110(b),Y,0.2916,3
0.4565,0.0377,423,P,111(b),-,,
-1.913,-0.538,8,P,111(b),A,-0.1568,6
-0.6205,-0.08663,10,P,111(b),C,-0.2678,5
-0.4911,-0.06414,9,P,111(b),D,0.2149,6
-0.3269,-0.03927,14,P,111(b),E,0.3652,10
0.07774,0.007656,8,P,111(b),F,-0.04185,4
0.1632,0.01543,10,P,111(b),G,-0.1283,5
1.347,0.07661,9,P,111(b),H,0.3283,8
-0.7961,-0.1219,14,P,111(b),I,-0.0734,10
-0.28,-0.03285,13,P,111(b),K,0.009612,7
-0.5833,-0.07988,11,P,111(b),L,-0.1387,7
-0.6365,-0.08961,12,P,111(b),M,-0.1341,6
-0.1548,-0.01706,8,P,111(b),N,-0.5676,5
0,0,,P,111(b),P,0,
-0.4153,-0.05218,9,P,111(b),Q,-0.1358,7
-0.2016,-0.02274,6,P,111(b),R,0.07799,2
0.5766,0.04513,19,P,111(b),S,-0.6281,3
0.6824,0.05098,14,P,111(b),T,0.1216,7
3.299,0.1001,11,P,111(b),V,-0.3881,8
0.8684,0.05991,9,P,111(b),W,-0.003295,5
0.2847,0.02543,11,P,111(b),Y,0.2121,8
-8.083,-5.941,3,Q,112(b),*,-6,1
0.9169,0.06199,424,Q,112(b),-,,
1.597,0.08264,9,Q,112(b),A,0.03004,8
-1.504,-0.3378,10,Q,112(b),C,-0.1899,7
-0.7816,-0.1187,7,Q,112(b),D,0.2192,5
-0.3998,-0.04983,9,Q,112(b),E,-0.003536,5
-0.01263,-0.001298,10,Q,112(b),F,-0.7239,7
0.3792,0.03243,9,Q,112(b),G,0.1253,8
0.006564,0.0006686,16,Q,112(b),H,-0.4613,10
1.505,0.0806,5,Q,112(b),I,0.01879,3
-1.95,-0.559,9,Q,112(b),K,-0.6049,7
0.4372,0.03642,15,Q,112(b),L,-0.1717,8
0.7992,0.05678,12,Q,112(b),M,0.0785,9
0.2309,0.02115,14,Q,112(b),N,0.1787,8
0.3881,0.03306,16,Q,112(b),P,0.2311,4
0,0,,Q,112(b),Q,0,
0.146,0.01392,19,Q,112(b),R,0.2848,9
-0.83,-0.1294,15,Q,112(b),S,-0.3991,8
-1.094,-0.1963,11,Q,112(b),T,-0.1476,10
1.494,0.08033,8,Q,112(b),V,-0.3543,5
-0.7178,-0.1055,11,Q,112(b),W,0.08815,6
0.4079,0.03444,15,Q,112(b),Y,-0.01034,9
-1.073,-0.1904,424,T,113(b),-,,
-0.7185,-0.1056,15,T,113(b),A,-0.3399,7
-1.197,-0.2273,14,T,113(b),C,-0.2268,9
0.7138,0.05261,8,T,113(b),D,0.2331,5
-0.4203,-0.05293,13,T,113(b),E,0.2203,8
1.103,0.06908,6,T,113(b),F,-0.2956,1
-0.3611,-0.04414,1,T,113(b),G,,
1.376,0.07739,9,T,113(b),H,0.1434,6
-0.3673,-0.04503,14,T,113(b),I,-0.1197,6
0.154,0.01462,11,T,113(b),K,-0.216,4
-1.205,-0.2299,10,T,113(b),L,-0.267,9
0.1179,0.01139,15,T,113(b),M,0.1511,15
0.1343,0.01287,8,T,113(b),N,0.3777,5
-0.4981,-0.06528,12,T,113(b),P,0.3293,8
0.9722,0.06423,12,T,113(b),Q,0.5303,8
0.6445,0.04896,6,T,113(b),R,0.3252,4
-1.077,-0.1917,11,T,113(b),S,-0.2813,6
0,0,,T,113(b),T,0,
-0.6896,-0.09983,10,T,113(b),V,-0.3,5
-0.6914,-0.1002,7,T,113(b),W,0.1052,5
-1.402,-0.2979,9,T,113(b),Y,0.02282,7
-2.382,-0.8617,423,D,114(b),-,,
0.322,0.02827,16,D,114(b),A,0.411,7
-0.4623,-0.05949,17,D,114(b),C,0.04959,12
0,0,,D,114(b),D,0,
0.4568,0.03772,8,D,114(b),E,0.5948,6
0.7547,0.05465,12,D,114(b),F,0.2808,7
0.196,0.01825,9,D,114(b),G,0.1538,3
-0.5513,-0.07426,9,D,114(b),H,0.415,5
-0.2093,-0.02371,7,D,114(b),I,-0.135,4
0.8335,0.05836,10,D,114(b),K,0.2805,6
0.4679,0.03844,8,D,114(b),L,-0.3529,4
-0.725,-0.1069,14,D,114(b),M,-0.2524,8
2,0.08971,18,D,114(b),N,0.2826,10
0.1929,0.01799,14,D,114(b),P,-0.4918,5
0.5762,0.0451,5,D,114(b),Q,0.4355,2
0.06124,0.006078,14,D,114(b),R,0.01998,7
-0.2368,-0.02719,7,D,114(b),S,0.0141,6
-0.6185,-0.08626,8,D,114(b),T,-0.2385,4
1.683,0.0844,13,D,114(b),V,-0.2264,7
-0.3051,-0.03626,6,D,114(b),W,0.3066,3
0.6852,0.05113,5,D,114(b),Y,0.1016,2
-2.017,-0.6003,424,R,115(b),-,,
-0.4855,-0.06322,5,R,115(b),A,0.4158,2
-0.9804,-0.1656,13,R,115(b),C,-0.03323,7
-1.035,-0.1801,12,R,115(b),D,0.2227,10
-1.195,-0.2267,7,R,115(b),E,-0.2426,5
-1.406,-0.2991,11,R,115(b),F,-0.714,7
-0.6245,-0.08738,13,R,115(b),G,-0.5429,4
0.4142,0.03487,9,R,115(b),H,0.06066,9
-0.3231,-0.03874,13,R,115(b),I,0.02818,7
0.2762,0.02477,25,R,115(b),K,0.04136,8
-0.9751,-0.1642,17,R,115(b),L,0.2497,13
0.07437,0.007336,9,R,115(b),M,0.2791,7
-1.216,-0.2331,15,R,115(b),N,0.1268,10
0.4242,0.03555,8,R,115(b),P,-0.1832,5
-0.0734,-0.007776,11,R,115(b),Q,0.09045,6
0,0,,R,115(b),R,0,
-0.356,-0.04339,9,R,115(b),S,-0.2583,3
-0.6292,-0.08826,11,R,115(b),T,-0.1798,5
-0.7079,-0.1035,13,R,115(b),V,-0.2205,8
-1.017,-0.1751,11,R,115(b),W,-0.03212,7
2.343,0.09384,11,R,115(b),Y,-0.1619,3
-2.318,-0.8104,424,L,116(b),-,,
-1.263,-0.2485,11,L,116(b),A,-0.1741,9
-1.15,-0.2129,13,L,116(b),C,-0.1735,6
-4.141,-3.092,7,L,116(b),D,-2.995,5
-1.176,-0.2209,10,L,116(b),E,-0.5,8
1.078,0.06819,7,L,116(b),F,0.1232,5
-1.416,-0.303,8,L,116(b),G,-0.2414,3
-0.8039,-0.1236,13,L,116(b),H,-0.3138,9
0.2755,0.02471,11,L,116(b),I,-0.3635,7
-0.6044,-0.08369,11,L,116(b),K,-0.1039,6
0,0,,L,116(b),L,0,
-0.5406,-0.07243,7,L,116(b),M,-0.533,3
-2.09,-0.647,8,L,116(b),N,-0.4745,5
-1.843,-0.4988,13,L,116(b),P,-0.1389,6
-1.925,-0.5445,9,L,116(b),Q,-0.251,5
-1.003,-0.1714,12,L,116(b),R,-0.2278,10
-2.426,-0.8975,5,L,116(b),S,-0.0412,2
-1.81,-0.4807,6,L,116(b),T,0.1226,3
0.7067,0.05225,7,L,116(b),V,0.1078,5
-0.4735,-0.06129,13,L,116(b),W,0.1155,8
-1.803,-0.4772,5,L,116(b),Y,0.1755,3
-2.023,-0.6035,424,A,117(b),-,,
0,0,,A,117(b),A,0,
-0.05614,-0.005897,11,A,117(b),C,0.1701,7
-1.01,-0.1733,12,A,117(b),D,-0.3219,9
2.614,0.09625,8,A,117(b),E,0.1423,5
-0.2739,-0.03204,9,A,117(b),F,-0.1539,5
0.7178,0.05281,10,A,117(b),G,-0.3408,6
1.332,0.07618,10,A,117(b),H,0.2782,4
-0.1837,-0.02055,18,A,117(b),I,-0.2752,10
-0.4018,-0.05014,12,A,117(b),K,-0.08848,6
0.988,0.06485,7,A,117(b),L,0.1118,4
-1.384,-0.2912,8,A,117(b),M,-0.1201,7
-0.845,-0.1328,20,A,117(b),N,-0.06653,15
-0.9537,-0.1588,8,A,117(b),P,0.1185,4
0.07786,0.007666,16,A,117(b),Q,-0.3179,13
-1.294,-0.2589,8,A,117(b),R,-0.04606,8
-0.6489,-0.09196,16,A,117(b),S,-0.3479,8
-0.008751,-0.0008982,31,A,117(b),T,-0.4112,11
-0.745,-0.111,21,A,117(b),V,-0.02061,9
-1.693,-0.422,16,A,117(b),W,-0.4173,11
1.458,0.07946,14,A,117(b),Y,0.1328,10
-7.489,-5.855,5,C,118(b),*,,
-0.6083,-0.0844,423,C,118(b),-,,
-0.7698,-0.1162,11,C,118(b),A,-0.5027,6
0,0,,C,118(b),C,0,
-15.04,-6.049,13,C,118(b),D,-6,8
-7.303,-5.817,11,C,118(b),E,-6,5
-3.968,-2.825,23,C,118(b),F,-2.791,14
-2.697,-1.146,9,C,118(b),G,-0.8439,5
-8.71,-5.991,23,C,118(b),H,-6,16
-2.741,-1.191,17,C,118(b),I,-1.026,12
-7.342,-5.826,4,C,118(b),K,-6,4
-2.182,-0.7093,9,C,118(b),L,-0.6392,5
-2.728,-1.177,5,C,118(b),M,-0.7146,1
-6.628,-5.609,11,C,118(b),N,-5.47,8
-11.06,-6.044,11,C,118(b),P,-6,8
-6.676,-5.629,6,C,118(b),Q,-5.737,4
-7.457,-5.849,12,C,118(b),R,-6,7
-2.873,-1.331,12,C,118(b),S,-1.095,4
-2.086,-0.6442,13,C,118(b),T,-0.523,9
3.604,0.1011,13,C,118(b),V,-0.08525,10
-7.335,-5.824,10,C,118(b),W,-6,9
-7.706,-5.892,32,C,118(b),Y,-6,17
-7.278,-5.812,4,Y,119(b),*,-6,2
0.2664,0.024,424,Y,119(b),-,,
0.616,0.04738,6,Y,119(b),A,-0.4714,3
-1.15,-0.213,19,Y,119(b),C,-0.1559,7
-2.758,-1.209,11,Y,119(b),D,-0.8411,9
-2.687,-1.136,17,Y,119(b),E,-1.158,8
0.6648,0.05005,12,Y,119(b),F,0.08826,9
-1.948,-0.558,8,Y,119(b),G,-0.2077,4
-0.7751,-0.1174,9,Y,119(b),H,-0.3368,5
0.9528,0.06346,11,Y,119(b),I,0.07873,7
1.277,0.07462,10,Y,119(b),K,0.2584,5
2.614,0.09624,9,Y,119(b),L,-0.4519,7
0.02237,0.002263,12,Y,119(b),M,0.1194,5
-6.937,-5.72,12,Y,119(b),N,-5.998,6
-3.548,-2.197,5,Y,119(b),P,-2.169,3
-1.548,-0.3564,11,Y,119(b),Q,-0.3196,10
0.5097,0.0411,10,Y,119(b),R,-0.02509,6
-0.2957,-0.03497,9,Y,119(b),S,-0.09937,4
0.4963,0.04026,13,Y,119(b),T,0.1206,10
-1.28,-0.2543,6,Y,119(b),V,-0.2617,4
-0.02307,-0.002385,15,Y,119(b),W,0.07329,12
0,0,,Y,119(b),Y,0,
-0.4393,-0.05587,424,V,120(b),-,,
3.574,0.101,21,V,120(b),A,0.2649,12
1.389,0.07772,17,V,120(b),C,-0.153,12
-5.899,-5.202,17,V,120(b),D,-4.929,12
-4.866,-4.144,15,V,120(b),E,-2.991,4
-1.695,-0.4228,14,V,120(b),F,-0.3742,10
-2.422,-0.8942,7,V,120(b),G,-0.2418,1
-3.692,-2.407,5,V,120(b),H,-2.426,4
0.01653,0.001676,17,V,120(b),I,0.0739,11
-7.721,-5.895,9,V,120(b),K,-6,7
0.001016,0.0001034,13,V,120(b),L,-0.562,7
-0.5582,-0.07546,19,V,120(b),M,-0.2065,3
-1.816,-0.4838,10,V,120(b),N,-0.2937,7
-2.752,-1.202,10,V,120(b),P,-0.7758,6
-3.5,-2.128,9,V,120(b),Q,-1.865,5
-6.817,-5.681,13,V,120(b),R,-6,8
0.5101,0.04112,12,V,120(b),S,-0.2356,7
0.4347,0.03625,15,V,120(b),T,-0.051,9
0,0,,V,120(b),V,0,
-4.533,-3.682,13,V,120(b),W,-3.551,6
-3.163,-1.675,5,V,120(b),Y,-1.709,4
-0.3373,-0.04074,425,T,121(b),-,,
0.4334,0.03617,20,T,121(b),A,0.2288,7
-0.8834,-0.1417,19,T,121(b),C,-0.07517,11
-1.172,-0.2195,10,T,121(b),D,-0.2469,7
0.06068,0.006024,14,T,121(b),E,-0.2251,9
1.734,0.08536,5,T,121(b),F,0.6497,3
-1.169,-0.2185,9,T,121(b),G,-0.7111,6
0.9536,0.06349,9,T,121(b),H,-0.3317,3
-0.813,-0.1256,30,T,121(b),I,-0.3591,9
-0.2396,-0.02756,16,T,121(b),K,-0.08551,9
-1.624,-0.3897,5,T,121(b),L,-0.3335,4
-0.07463,-0.007911,9,T,121(b),M,0.1138,7
-0.4052,-0.05065,13,T,121(b),N,0.2572,8
-2.539,-0.9965,15,T,121(b),P,-0.9858,7
0.7821,0.05598,10,T,121(b),Q,-0.1457,4
0.3332,0.0291,10,T,121(b),R,0.1892,7
0.09428,0.009211,14,T,121(b),S,-0.4194,5
0,0,,T,121(b),T,0,
0.4869,0.03966,12,T,121(b),V,-0.0768,8
1.944,0.08888,10,T,121(b),W,0.3967,4
-0.1066,-0.01148,14,T,121(b),Y,0.2212,10
-0.2909,-0.03431,426,G,122(b),-,,
-0.8542,-0.1349,14,G,122(b),A,0.09843,6
-0.4015,-0.05008,17,G,122(b),C,-0.2125,11
-0.5724,-0.07796,31,G,122(b),D,-0.4418,6
-1.268,-0.2503,6,G,122(b),E,-0.004664,5
0.5954,0.04621,12,G,122(b),F,-0.3825,7
0,0,,G,122(b),G,0,
1.387,0.07766,12,G,122(b),H,0.7047,9
-2.496,-0.958,15,G,122(b),I,-0.6188,9
-0.4571,-0.05867,13,G,122(b),K,-0.02469,8
-0.8161,-0.1263,6,G,122(b),L,0.1227,5
2.908,0.09821,8,G,122(b),M,-0.02501,4
-1.082,-0.1929,7,G,122(b),N,-0.0021,4
-1.155,-0.2142,9,G,122(b),P,-0.401,5
-1.805,-0.4781,7,G,122(b),Q,0.4623,5
1.067,0.06781,15,G,122(b),R,0.1646,10
-0.651,-0.09235,20,G,122(b),S,-0.04134,9
-0.07169,-0.007588,9,G,122(b),T,-0.5139,3
-2.427,-0.8986,12,G,122(b),V,-0.7708,7
-1.129,-0.2065,13,G,122(b),W,0.03649,9
-0.3953,-0.04916,4,G,122(b),Y,0.123,2
-6.126,-5.355,428,F,123(b),-,,
-0.7269,-0.1073,8,F,123(b),A,-0.0264,4
-1.77,-0.4598,9,F,123(b),C,-0.0254,8
-2.934,-1.399,9,F,123(b),D,-1.437,6
-2.047,-0.6191,6,F,123(b),E,-0.9879,5
0,0,,F,123(b),F,0,
-1.946,-0.5568,8,F,123(b),G,-0.07815,5
0.9913,0.06498,6,F,123(b),H,0.08772,3
1.365,0.07708,12,F,123(b),I,0.08034,10
-4.56,-3.722,8,F,123(b),K,-3.481,5
-1.489,-0.3315,29,F,123(b),L,0.06109,12
0.4868,0.03966,6,F,123(b),M,0.9692,1
-1.687,-0.4191,5,F,123(b),N,-0.4124,5
-3.277,-1.822,13,F,123(b),P,-1.838,10
-1.576,-0.3684,11,F,123(b),Q,0.1803,5
-4.156,-3.115,8,F,123(b),R,-2.375,1
-1.982,-0.5782,6,F,123(b),S,-0.2618,4
-0.8631,-0.1369,6,F,123(b),T,-0.07752,4
-1.061,-0.1872,9,F,123(b),V,0.1177,6
-0.2585,-0.03,12,F,123(b),W,0.06853,8
-0.8038,-0.1236,12,F,123(b),Y,-0.003085,6
-6.514,-5.561,2,Y,124(b),*,-6,1
-1.124,-0.205,427,Y,124(b),-,,
-2.368,-0.8499,8,Y,124(b),A,-0.6341,4
-1.877,-0.517,14,Y,124(b),C,-0.6607,7
-3.633,-2.32,10,Y,124(b),D,-2.08,6
-3.569,-2.227,7,Y,124(b),E,-2.43,5
0.6179,0.04748,13,Y,124(b),F,-0.5147,8
-2.625,-1.076,5,Y,124(b),G,-1.36,3
-1.045,-0.1828,14,Y,124(b),H,-0.2346,6
-2.881,-1.34,5,Y,124(b),I,-1.52,3
-3.37,-1.946,13,Y,124(b),K,-2.077,10
-1.26,-0.2477,13,Y,124(b),L,-0.215,6
-1.375,-0.2877,11,Y,124(b),M,-0.3409,5
-1.983,-0.5791,13,Y,124(b),N,-0.5014,7
-4.241,-3.245,9,Y,124(b),P,-2.968,3
-1.197,-0.2274,18,Y,124(b),Q,-0.7381,9
-2.398,-0.8747,7,Y,124(b),R,-0.967,4
-2.192,-0.717,14,Y,124(b),S,-1.117,4
-2.292,-0.7903,13,Y,124(b),T,-0.815,10
-2.604,-1.056,5,Y,124(b),V,-1.245,4
-2.368,-0.8504,10,Y,124(b),W,-0.8307,6
0,0,,Y,124(b),Y,0,
-0.8647,-0.1373,428,P,125(b),-,,
-1.349,-0.2783,15,P,125(b),A,-0.4852,8
-1.324,-0.2694,14,P,125(b),C,-0.08179,7
-1.289,-0.2574,9,P,125(b),D,-0.1924,8
1.068,0.06783,7,P,125(b),E,0.3519,6
-2.077,-0.6383,13,P,125(b),F,-0.7363,10
-1.879,-0.5182,10,P,125(b),G,-0.2288,6
0.3069,0.02713,15,P,125(b),H,0.03869,13
-2.046,-0.618,12,P,125(b),I,-0.2872,7
-1.618,-0.3868,7,P,125(b),K,0.1174,5
-1.357,-0.2812,16,P,125(b),L,-0.4716,8
0.5985,0.04639,3,P,125(b),M,0.02732,3
0.0745,0.007348,6,P,125(b),N,0.001264,3
0,0,,P,125(b),P,0,
1.688,0.08449,7,P,125(b),Q,0.3826,6
-1.343,-0.2762,6,P,125(b),R,0.00725,4
-1.994,-0.5857,13,P,125(b),S,-0.3418,3
-1.426,-0.3068,13,P,125(b),T,-0.6446,9
-1.375,-0.2878,13,P,125(b),V,0.01357,10
-1.209,-0.2311,9,P,125(b),W,-0.4479,6
-1.357,-0.2813,10,P,125(b),Y,-0.3272,8
-5.209,-4.565,429,A,126(b),-,,
0,0,,A,126(b),A,0,
-0.255,-0.02954,6,A,126(b),C,-0.5101,5
-0.04008,-0.004178,17,A,126(b),D,-0.1079,11
-0.772,-0.1167,9,A,126(b),E,0.07886,7
0.6182,0.04751,5,A,126(b),F,0.3003,4
-1.118,-0.2033,6,A,126(b),G,-0.5862,4
-0.6069,-0.08414,4,A,126(b),H,-0.2497,3
-0.3937,-0.04893,11,A,126(b),I,-0.0002041,5
-0.5641,-0.0765,8,A,126(b),K,0.2143,6
-0.5177,-0.06853,13,A,126(b),L,0.1158,9
0.5825,0.04547,7,A,126(b),M,0.2447,6
-0.9525,-0.1585,11,A,126(b),N,0.07572,11
0.4811,0.03929,8,A,126(b),P,-0.3358,5
-0.7574,-0.1136,9,A,126(b),Q,-0.2681,6
0.2344,0.02144,7,A,126(b),R,0.3195,4
0.107,0.01039,13,A,126(b),S,0.3317,6
-0.2343,-0.02687,40,A,126(b),T,-0.02373,16
-0.4126,-0.05177,20,A,126(b),V,0.1525,10
1.967,0.08921,16,A,126(b),W,0.1391,13
-1.825,-0.489,5,A,126(b),Y,0.00284,4
-2.754,-1.204,428,D,127(b),-,,
-0.5244,-0.06966,14,D,127(b),A,-0.07409,9
1.298,0.07522,10,D,127(b),C,0.2629,8
0,0,,D,127(b),D,0,
0.3014,0.02671,11,D,127(b),E,0.008398,7
0.7696,0.05537,7,D,127(b),F,-0.8148,3
-0.5166,-0.06835,10,D,127(b),G,0.06239,7
0.1542,0.01464,15,D,127(b),H,-0.0912,11
0.6505,0.04928,13,D,127(b),I,-0.07765,4
0.1622,0.01535,11,D,127(b),K,0.168,7
0.9606,0.06377,10,D,127(b),L,-0.08385,4
-0.736,-0.1092,9,D,127(b),M,-0.4736,7
-0.0739,-0.00783,65,D,127(b),N,-0.4135,10
0.646,0.04904,8,D,127(b),P,0.3096,5
-2.657,-1.106,4,D,127(b),Q,-1.365,2
-0.9971,-0.1699,12,D,127(b),R,-0.3082,9
0.2952,0.02624,7,D,127(b),S,0.2373,4
2.228,0.0926,9,D,127(b),T,-0.2509,4
-0.07442,-0.007888,10,D,127(b),V,0.1691,4
-0.2908,-0.03431,8,D,127(b),W,-0.1969,5
-1.509,-0.3398,11,D,127(b),Y,0.05995,6
-1.181,-0.2223,427,I,128(b),-,,
0.9365,0.06279,9,I,128(b),A,0.0807,8
-1.27,-0.2508,14,I,128(b),C,-0.4153,11
-3.342,-1.909,14,I,128(b),D,-1.377,8
-2.723,-1.173,14,I,128(b),E,-1.024,9
-1.018,-0.1755,9,I,128(b),F,0.1752,4
-0.6833,-0.09858,6,I,128(b),G,0.7098,3
0.1013,0.00986,9,I,128(b),H,0.1876,5
0,0,,I,128(b),I,0,
-2.967,-1.437,14,I,128(b),K,-1.806,9
0.1706,0.01608,8,I,128(b),L,-0.02173,5
-0.6469,-0.09158,12,I,128(b),M,0.2387,7
-1.806,-0.4785,9,I,128(b),N,-0.1077,5
-1.268,-0.2503,9,I,128(b),P,-0.2998,4
-1.073,-0.1904,20,I,128(b),Q,-0.4634,11
-1.968,-0.5698,18,I,128(b),R,-0.7299,12
-1.717,-0.4333,9,I,128(b),S,-0.2132,4
-1.743,-0.4464,13,I,128(b),T,-0.3097,6
-0.3607,-0.04407,15,I,128(b),V,0.2124,6
-0.2025,-0.02286,13,I,128(b),W,0.08147,7
-0.102,-0.01096,12,I,128(b),Y,0.03526,10
-5.084,-4.419,5,Q,129(b),*,-4.283,2
-2.196,-0.7193,430,Q,129(b),-,,
-0.3705,-0.04549,13,Q,129(b),A,0.2381,4
-0.6588,-0.09384,14,Q,129(b),C,-0.05102,6
1.966,0.0892,7,Q,129(b),D,0.1337,4
-0.5108,-0.06739,9,Q,129(b),E,-0.5371,3
-0.2048,-0.02315,10,Q,129(b),F,0.3072,6
-1.664,-0.4081,7,Q,129(b),G,0.1784,4
-0.6345,-0.08923,18,Q,129(b),H,-0.7972,6
0.4905,0.03989,16,Q,129(b),I,-0.2176,12
-1.285,-0.2559,24,Q,129(b),K,-0.1687,10
0.5893,0.04586,18,Q,129(b),L,0.2036,6
-0.6673,-0.09548,11,Q,129(b),M,-0.5975,4
-0.8264,-0.1286,11,Q,129(b),N,-0.1764,8
-2.632,-1.083,23,Q,129(b),P,-0.9494,12
0,0,,Q,129(b),Q,0,
-0.8982,-0.1452,25,Q,129(b),R,-0.1844,12
-0.9015,-0.146,13,Q,129(b),S,-0.1009,9
0.2896,0.02581,12,Q,129(b),T,-0.1588,7
-0.1955,-0.02199,13,Q,129(b),V,-0.1408,5
1.522,0.08099,5,Q,129(b),W,0.5242,3
0.5428,0.04312,10,Q,129(b),Y,-0.376,4
-2.615,-1.067,10,V,130(b),-,,
0.04997,0.004986,14,V,130(b),A,-0.09694,7
-1.406,-0.2991,6,V,130(b),C,-0.02429,5
-8.049,-5.937,14,V,130(b),D,-6,11
-6.802,-5.675,20,V,130(b),E,-5.484,9
-0.978,-0.165,19,V,130(b),F,-0.03293,10
-2.709,-1.158,13,V,130(b),G,-0.6362,7
-3.075,-1.565,6,V,130(b),H,-1.663,5
1.457,0.07944,12,V,130(b),I,-0.4467,7
-5.079,-4.413,9,V,130(b),K,-3.967,5
-0.8712,-0.1388,22,V,130(b),L,-0.03947,9
-1.123,-0.2049,25,V,130(b),M,-0.3465,4
-3.657,-2.355,16,V,130(b),N,-2.036,12
-1.503,-0.3372,13,V,130(b),P,-1.19,7
-2.309,-0.8032,9,V,130(b),Q,-0.8211,7
-5.046,-4.374,8,V,130(b),R,-3.882,4
-2.492,-0.9541,10,V,130(b),S,-0.8522,7
-2.27,-0.7734,8,V,130(b),T,-0.3815,4
0,0,,V,130(b),V,0,
-2.129,-0.6729,9,V,130(b),W,-0.5906,5
-1.387,-0.2922,9,V,130(b),Y,-0.2029,8
-6.579,-5.589,2,K,131(b),*,,
-2.455,-0.9225,9,K,131(b),-,,
0.6739,0.05053,9,K,131(b),A,-0.1948,7
-1.246,-0.2431,9,K,131(b),C,-0.2284,5
2.517,0.09545,13,K,131(b),D,0.09947,9
-1.091,-0.1957,21,K,131(b),E,0.07622,11
2.122,0.09134,6,K,131(b),F,0.4579,5
-1.138,-0.2093,8,K,131(b),G,-0.1527,3
-0.9324,-0.1535,14,K,131(b),H,-0.2367,8
-0.4726,-0.06114,12,K,131(b),I,0.004048,9
0,0,,K,131(b),K,0,
0.1328,0.01274,9,K,131(b),L,-0.3372,4
-0.6006,-0.083,11,K,131(b),M,0.3398,6
-0.1329,-0.01449,15,K,131(b),N,-0.1302,9
-4.512,-3.652,14,K,131(b),P,-3.935,9
1.192,0.07204,10,K,131(b),Q,0.3428,6
1.176,0.07153,9,K,131(b),R,0.2233,4
0.1723,0.01622,15,K,131(b),S,-0.1961,8
-0.9239,-0.1514,9,K,131(b),T,0.1148,3
-0.9079,-0.1475,12,K,131(b),V,0.2039,9
0.2706,0.02433,13,K,131(b),W,0.04437,9
-0.2534,-0.02934,12,K,131(b),Y,0.2577,10
-5.86,-5.173,15,W,132(b),*,-6,1
-2.027,-0.6065,9,W,132(b),-,,
-1.638,-0.3961,9,W,132(b),A,-0.5416,6
-3.919,-2.75,10,W,132(b),C,-2.597,6
-16.8,-6.049,10,W,132(b),D,-6,7
-5.43,-4.799,11,W,132(b),E,-4.799,9
0.2759,0.02474,16,W,132(b),F,-0.01061,13
-4.368,-3.438,6,W,132(b),G,-2.573,2
-2.842,-1.296,7,W,132(b),H,-1.342,4
-0.868,-0.1381,10,W,132(b),I,-0.1452,8
-21.79,-6.049,5,W,132(b),K,-5.052,3
-0.008428,-0.0008656,15,W,132(b),L,0.4596,6
-0.4459,-0.0569,10,W,132(b),M,-0.4412,4
-4.453,-3.565,1,W,132(b),N,-3.942,1
-3.672,-2.379,10,W,132(b),P,-2.321,6
-2.995,-1.47,7,W,132(b),Q,-1.34,5
-7.545,-5.866,9,W,132(b),R,-6,5
-4.04,-2.937,8,W,132(b),S,-2.81,6
-2.363,-0.8465,9,W,132(b),T,-0.7001,6
-1.729,-0.4392,10,W,132(b),V,-0.4157,7
0,0,,W,132(b),W,0,
-0.8921,-0.1437,12,W,132(b),Y,0.2234,7
-0.1327,-0.01447,8,F,133(b),-,,
-0.6323,-0.08883,4,F,133(b),A,0.3569,2
-0.3522,-0.04285,9,F,133(b),C,-0.1498,6
-1.07,-0.1896,9,F,133(b),D,-0.1182,4
2.811,0.09762,8,F,133(b),E,-0.1829,3
0,0,,F,133(b),F,0,
-1.279,-0.2538,11,F,133(b),G,-0.3458,7
-0.9693,-0.1627,7,F,133(b),H,0.07946,3
0.694,0.05159,14,F,133(b),I,0.2218,8
-0.6974,-0.1014,16,F,133(b),K,-0.2244,11
1.363,0.07703,6,F,133(b),L,-0.276,2
-1.797,-0.474,11,F,133(b),M,-0.1783,6
1.315,0.07572,8,F,133(b),N,-0.009005,4
-6.676,-5.629,13,F,133(b),P,-6,8
-1.285,-0.2561,12,F,133(b),Q,0.2882,10
-0.5783,-0.07899,13,F,133(b),R,0.2001,8
0.8203,0.05776,5,F,133(b),S,-6,1
1.335,0.07628,8,F,133(b),T,0.1598,3
0.2207,0.02032,10,F,133(b),V,-0.1729,4
0.08167,0.008027,8,F,133(b),W,0.03587,5
-0.5195,-0.06884,6,F,133(b),Y,-0.02709,3
-0.2019,-0.02279,7,K,134(b),-,,
-0.1506,-0.01656,13,K,134(b),A,0.01841,6
-0.403,-0.05031,8,K,134(b),C,-0.1672,6
-2.153,-0.6896,12,K,134(b),D,-0.54,5
0.138,0.01321,15,K,134(b),E,-0.1185,8
1.476,0.0799,12,K,134(b),F,-0.0657,6
-1.591,-0.3746,18,K,134(b),G,-0.1683,11
-1.106,-0.1998,12,K,134(b),H,-0.162,9
1.01,0.06571,6,K,134(b),I,0.07396,5
0,0,,K,134(b),K,0,
-0.4136,-0.05191,8,K,134(b),L,-0.0303,7
-1.712,-0.431,12,K,134(b),M,-0.5627,8
-0.4645,-0.05984,12,K,134(b),N,-0.7137,8
-3.023,-1.503,15,K,134(b),P,-1.208,10
0.581,0.04538,10,K,134(b),Q,0.1815,7
0.355,0.0307,17,K,134(b),R,0.2831,9
-1.224,-0.236,13,K,134(b),S,-0.1727,4
-0.314,-0.03748,16,K,134(b),T,0.08174,10
0.603,0.04664,7,K,134(b),V,0.3491,6
-1.475,-0.3262,8,K,134(b),W,-0.3731,5
-1.837,-0.4954,6,K,134(b),Y,-0.5203,5
-0.2869,-0.03378,7,N,135(b),-,,
-0.8521,-0.1344,7,N,135(b),A,-0.2455,5
-0.7266,-0.1072,8,N,135(b),C,-0.06963,2
0.4287,0.03585,14,N,135(b),D,0.284,6
1.823,0.08694,11,N,135(b),E,0.1604,5
-0.4015,-0.05009,12,N,135(b),F,-0.1917,9
-0.1342,-0.01464,14,N,135(b),G,-0.2712,8
-0.8079,-0.1245,10,N,135(b),H,-0.05985,6
-2.292,-0.7903,5,N,135(b),I,0.01563,1
2.513,0.09542,21,N,135(b),K,-0.01545,12
-0.2028,-0.0229,10,N,135(b),L,0.3096,4
0.5404,0.04298,12,N,135(b),M,-0.00555,8
0,0,,N,135(b),N,0,
-3.214,-1.739,10,N,135(b),P,-1.766,6
-1.127,-0.206,7,N,135(b),Q,0.00301,3
0.2082,0.01927,13,N,135(b),R,0.01293,9
-0.6044,-0.08369,7,N,135(b),S,-0.8489,2
-0.5377,-0.07192,17,N,135(b),T,-0.2187,9
-1.659,-0.4058,9,N,135(b),V,-0.3959,8
-1.696,-0.4235,7,N,135(b),W,-0.2106,3
-1.676,-0.4136,13,N,135(b),Y,-0.4405,6
-0.2296,-0.02627,6,G,136(b),-,,
-0.8752,-0.1397,12,G,136(b),A,0.1741,6
-0.2076,-0.02349,23,G,136(b),C,-0.0496,4
-0.7208,-0.1061,16,G,136(b),D,-0.1843,5
0.3913,0.03328,8,G,136(b),E,0.1975,3
-0.4432,-0.05647,8,G,136(b),F,-0.05815,5
0,0,,G,136(b),G,0,
1.554,0.0817,7,G,136(b),H,0.3883,7
-0.1794,-0.02002,9,G,136(b),I,0.00033,6
0.1173,0.01134,12,G,136(b),K,0.137,3
0.3596,0.03103,9,G,136(b),L,0.0818,6
-0.7524,-0.1126,9,G,136(b),M,-0.179,8
-0.5888,-0.08087,14,G,136(b),N,-0.08719,10
-3.042,-1.526,14,G,136(b),P,-1.161,11
-1.32,-0.268,10,G,136(b),Q,-0.6059,7
3.06,0.09902,6,G,136(b),R,-0.1404,4
-0.09384,-0.01004,22,G,136(b),S,0.1583,9
-0.6333,-0.08902,7,G,136(b),T,-0.2959,5
-2.141,-0.6809,17,G,136(b),V,-0.3324,9
1.578,0.08222,14,G,136(b),W,0.2741,10
-0.834,-0.1303,16,G,136(b),Y,-0.06987,10
-7.306,-5.818,7,Q,137(b),*,,
-0.7239,-0.1067,5,Q,137(b),-,,
-0.1008,-0.01082,13,Q,137(b),A,-0.06093,6
-0.4717,-0.06099,13,Q,137(b),C,-0.1784,6
-0.6161,-0.08583,15,Q,137(b),D,-0.2949,9
2.278,0.09316,10,Q,137(b),E,-0.4065,7
-0.5204,-0.069,12,Q,137(b),F,-0.4694,8
-0.9179,-0.1499,9,Q,137(b),G,-0.2381,5
0.264,0.02381,26,Q,137(b),H,-0.2203,16
-0.9073,-0.1474,9,Q,137(b),I,0.1999,7
0.001147,0.000117,18,Q,137(b),K,-0.2061,10
0.7399,0.05392,16,Q,137(b),L,0.1044,12
0.06751,0.006681,9,Q,137(b),M,0.2026,6
0.7361,0.05373,9,Q,137(b),N,0.03383,7
-2.269,-0.7733,19,Q,137(b),P,-0.1442,6
0,0,,Q,137(b),Q,0,
0.3486,0.03024,14,Q,137(b),R,-0.4952,5
-0.4647,-0.05987,12,Q,137(b),S,-0.0342,9
-1.077,-0.1915,18,Q,137(b),T,-0.3536,12
0.3516,0.03045,16,Q,137(b),V,0.2668,9
-0.6252,-0.08752,20,Q,137(b),W,-0.1022,11
-0.581,-0.07948,14,Q,137(b),Y,-0.363,12
-7.277,-5.811,9,E,138(b),*,,
-0.711,-0.1041,6,E,138(b),-,,
-0.5343,-0.07135,13,E,138(b),A,-0.002744,7
-1.772,-0.4611,9,E,138(b),C,-0.4115,6
2.563,0.09584,10,E,138(b),D,0.1672,7
0,0,,E,138(b),E,0,
-0.3598,-0.04395,9,E,138(b),F,0.06055,7
0.6642,0.05002,25,E,138(b),G,0.06548,10
-0.6266,-0.08776,11,E,138(b),H,-0.08882,9
-1.197,-0.2273,16,E,138(b),I,0.05046,7
-1.139,-0.2095,22,E,138(b),K,-0.1562,4
-0.03272,-0.003398,15,E,138(b),L,-0.09137,7
-0.9331,-0.1537,9,E,138(b),M,0.05397,7
-1.663,-0.4075,10,E,138(b),N,0.5327,8
-0.656,-0.09331,11,E,138(b),P,0.05933,7
0.5922,0.04603,9,E,138(b),Q,0.1228,7
0.02395,0.002421,6,E,138(b),R,0.037,5
-0.4056,-0.0507,11,E,138(b),S,-0.3036,8
-0.752,-0.1125,11,E,138(b),T,0.4456,6
0.2622,0.02367,10,E,138(b),V,-0.04345,6
0.7835,0.05604,10,E,138(b),W,0.2081,8
-0.6486,-0.09189,17,E,138(b),Y,-0.2194,11
-6.414,-5.514,6,E,139(b),*,,
-0.4944,-0.06467,3,E,139(b),-,,
0.7784,0.0558,12,E,139(b),A,0.1357,8
1.428,0.07871,13,E,139(b),C,0.1753,10
0.8624,0.05965,12,E,139(b),D,-0.4095,6
0,0,,E,139(b),E,0,
-0.8185,-0.1268,12,E,139(b),F,-0.01874,8
-1.622,-0.3888,9,E,139(b),G,0.0511,4
-0.6706,-0.09611,13,E,139(b),H,0.1135,10
0.3495,0.0303,10,E,139(b),I,0.3469,5
-0.4876,-0.06357,73,E,139(b),K,-0.09305,12
1.46,0.07952,11,E,139(b),L,0.4877,6
0.6346,0.04841,2,E,139(b),M,0.1495,2
-1.872,-0.5144,8,E,139(b),N,-0.2649,4
-2.091,-0.6478,8,E,139(b),P,-0.5801,4
0.2888,0.02575,15,E,139(b),Q,0.139,11
0.322,0.02827,6,E,139(b),R,0.451,5
1.577,0.0822,8,E,139(b),S,0.2351,7
-0.8132,-0.1256,9,E,139(b),T,-0.4814,5
0.6014,0.04655,14,E,139(b),V,0.09535,9
-0.9557,-0.1593,14,E,139(b),W,-0.5046,8
-0.2531,-0.0293,7,E,139(b),Y,0.08275,4
0.3431,0.02984,3,T,140(b),-,,
-0.05627,-0.005912,9,T,140(b),A,0.4593,4
-0.9114,-0.1484,11,T,140(b),C,-0.2324,8
-0.213,-0.02416,10,T,140(b),D,-0.2737,7
1.298,0.07524,6,T,140(b),E,0.2649,6
-0.154,-0.01697,20,T,140(b),F,-0.03021,12
0.1272,0.01224,10,T,140(b),G,0.1551,7
0.1389,0.01328,12,T,140(b),H,-0.5478,9
0.1108,0.01074,13,T,140(b),I,0.0291,5
-0.1222,-0.01326,13,T,140(b),K,-0.1153,11
-0.3381,-0.04085,8,T,140(b),L,-0.4537,1
1.55,0.08161,10,T,140(b),M,0.1265,8
0.06762,0.006691,10,T,140(b),N,-0.06594,5
0.7423,0.05404,11,T,140(b),P,0.0673,6
0.8323,0.05831,14,T,140(b),Q,0.091,9
-1.146,-0.2115,7,T,140(b),R,0.0791,3
0.3332,0.0291,12,T,140(b),S,0.1062,8
0,0,,T,140(b),T,0,
0.4505,0.0373,14,T,140(b),V,0.3149,12
0.2224,0.02046,9,T,140(b),W,0.1217,5
-0.6689,-0.09579,9,T,140(b),Y,-0.0146,8
-7.475,-5.853,1,K,141(b),*,,
-0.2898,-0.03417,3,K,141(b),-,,
2.293,0.09332,11,K,141(b),A,0.09882,6
0.08597,0.008433,10,K,141(b),C,0.2545,6
-0.7133,-0.1045,7,K,141(b),D,-0.01542,5
0.3339,0.02915,20,K,141(b),E,-0.2685,10
-1.779,-0.4646,15,K,141(b),F,0.1185,12
-0.7031,-0.1025,17,K,141(b),G,-0.02747,13
-0.4088,-0.05119,10,K,141(b),H,0.1703,6
0.2217,0.02039,17,K,141(b),I,0.1972,11
0,0,,K,141(b),K,0,
1.657,0.08388,5,K,141(b),L,0.1201,3
0.4668,0.03837,8,K,141(b),M,0.1258,5
-0.549,-0.07387,17,K,141(b),N,-0.4693,7
-0.5502,-0.07407,16,K,141(b),P,0.01305,7
-0.5782,-0.07898,16,K,141(b),Q,-0.2812,9
0.03836,0.00385,20,K,141(b),R,0.2336,9
-1.1,-0.1982,7,K,141(b),S,0.4241,2
-0.4416,-0.05622,6,K,141(b),T,0.3435,3
0.6181,0.0475,10,K,141(b),V,-0.0614,9
0.4009,0.03395,11,K,141(b),W,0.1787,9
0.1542,0.01464,12,K,141(b),Y,0.3314,5
0.1914,0.01786,2,H,142(b),-,,
-1.179,-0.2216,7,H,142(b),A,-0.1514,6
1.822,0.08692,13,H,142(b),C,0.0734,8
-0.8313,-0.1297,10,H,142(b),D,0.3985,7
0.6886,0.05131,7,H,142(b),E,-0.3487,4
-0.5667,-0.07695,11,H,142(b),F,-0.1677,10
0.851,0.05915,17,H,142(b),G,-0.269,11
0,0,,H,142(b),H,0,
-1.067,-0.1888,11,H,142(b),I,0.366,8
-1.052,-0.1846,6,H,142(b),K,-0.3086,3
-0.01616,-0.001665,13,H,142(b),L,0.1011,8
-0.8232,-0.1278,16,H,142(b),M,-0.2636,9
-0.291,-0.03433,18,H,142(b),N,-0.06168,9
-0.5499,-0.07402,16,H,142(b),P,0.1686,10
-1.238,-0.2403,11,H,142(b),Q,-0.4143,7
-0.2336,-0.02678,16,H,142(b),R,0.1162,8
-0.01108,-0.001139,8,H,142(b),S,0.1654,5
2.24,0.09274,15,H,142(b),T,0.122,11
-0.3582,-0.04372,14,H,142(b),V,0.2733,8
-0.7291,-0.1077,7,H,142(b),W,-0.1054,5
0.2567,0.02323,45,H,142(b),Y,0.1487,13
-0.9317,-0.1533,3,V,143(b),-,,
-0.2264,-0.02586,2,V,143(b),A,-0.096,2
-1.353,-0.2798,10,V,143(b),C,-0.04348,8
-2.075,-0.6371,12,V,143(b),D,-1.03,6
-0.9958,-0.1696,10,V,143(b),E,-0.01015,6
-0.7991,-0.1225,6,V,143(b),F,0.3797,4
-0.7183,-0.1056,15,V,143(b),G,0.07234,7
-0.5292,-0.07048,10,V,143(b),H,0.007734,9
-0.6749,-0.09695,13,V,143(b),I,-0.09559,11
-1.011,-0.1736,11,V,143(b),K,0.1992,4
-0.5398,-0.07229,13,V,143(b),L,-0.1056,5
-0.6676,-0.09553,18,V,143(b),M,0.4998,7
-1.46,-0.3201,13,V,143(b),N,-0.05338,10
-0.3483,-0.04229,11,V,143(b),P,0.2159,7
0.3628,0.03126,4,V,143(b),Q,0.7087,2
2.242,0.09276,9,V,143(b),R,0.2821,5
0.464,0.03819,16,V,143(b),S,-0.1021,9
-0.8198,-0.1271,12,V,143(b),T,-0.2845,8
0,0,,V,143(b),V,0,
0.7253,0.05319,13,V,143(b),W,0.2132,11
-2.055,-0.6237,3,V,144(b),-,,
-0.5858,-0.08033,14,V,144(b),A,0.0717,8
-1.207,-0.2304,11,V,144(b),C,-0.3278,8
3.878,0.1018,9,V,144(b),D,0.3588,5
0.1373,0.01314,13,V,144(b),E,0.3277,6
-0.4043,-0.05051,11,V,144(b),F,0.09258,7
0.2223,0.02044,10,V,144(b),G,-0.3593,6
0.3394,0.02957,18,V,144(b),H,-0.09896,12
-0.4305,-0.0545,9,V,144(b),I,-0.04606,7
-0.1866,-0.0209,13,V,144(b),K,-0.4308,9
-1.18,-0.2221,11,V,144(b),L,-0.3988,7
0.113,0.01094,19,V,144(b),M,-0.03202,9
-0.6251,-0.08749,14,V,144(b),N,0.02598,5
-1.101,-0.1986,8,V,144(b),P,-0.6729,4
-0.4056,-0.05071,10,V,144(b),Q,0.2661,7
0.4831,0.03942,10,V,144(b),R,-0.3025,7
0.279,0.02499,18,V,144(b),S,0.113,9
-0.1456,-0.01598,11,V,144(b),T,-0.1657,8
0,0,,V,144(b),V,0,
-0.01979,-0.002042,12,V,144(b),W,0.04978,9
0.8359,0.05847,7,V,144(b),Y,0.3047,5
-0.7648,-0.1152,4,S,145(b),-,,
0.09374,0.009161,10,S,145(b),A,0.1265,6
-1.01,-0.1732,13,S,145(b),C,0.159,9
-1.788,-0.4693,8,S,145(b),D,0.1323,4
-1.028,-0.1782,4,S,145(b),E,-0.256,3
-0.1525,-0.01679,14,S,145(b),F,-0.07011,9
-0.491,-0.06412,15,S,145(b),G,-0.1925,5
-0.08573,-0.009136,15,S,145(b),H,0.1528,11
-0.2494,-0.02881,20,S,145(b),I,0.3538,11
-0.5499,-0.07402,8,S,145(b),K,-0.2804,7
-0.2663,-0.03103,10,S,145(b),L,0.3716,4
1.942,0.08885,13,S,145(b),M,0.2153,13
-0.295,-0.03487,22,S,145(b),N,-0.3661,6
0.7082,0.05233,4,S,145(b),P,0.3611,3
0.3218,0.02826,15,S,145(b),Q,-0.1045,9
-0.8709,-0.1387,16,S,145(b),R,0.06677,14
0,0,,S,145(b),S,0,
-0.4461,-0.05693,9,S,145(b),T,-0.3153,2
1.126,0.06988,9,S,145(b),V,0.5033,4
-0.6821,-0.09834,9,S,145(b),W,-0.06153,4
-0.3104,-0.03697,9,S,145(b),Y,-0.02895,8
-0.2049,-0.02316,4,T,146(b),-,,
-1.077,-0.1918,17,T,146(b),A,0.0137,6
0.456,0.03766,13,T,146(b),C,0.1961,9
-2.028,-0.6071,4,T,146(b),D,0.1633,3
-1.018,-0.1756,18,T,146(b),E,-0.1589,11
-1.152,-0.2136,10,T,146(b),F,-0.01171,9
0.653,0.04942,12,T,146(b),G,-0.0213,6
-0.06625,-0.006993,12,T,146(b),H,-0.2162,6
-0.7081,-0.1035,20,T,146(b),I,-0.5203,11
-0.9034,-0.1464,19,T,146(b),K,-0.2615,11
0.07682,0.007568,7,T,146(b),L,0.3429,4
-0.7632,-0.1148,12,T,146(b),M,0.1436,8
-0.3367,-0.04065,19,T,146(b),N,0.004348,12
-0.7241,-0.1067,18,T,146(b),P,0.05898,6
-1.794,-0.4724,14,T,146(b),Q,-0.2966,9
2.641,0.09645,13,T,146(b),R,0.194,7
0.4541,0.03754,8,T,146(b),S,-0.4638,5
0,0,,T,146(b),T,0,
-1.035,-0.1801,15,T,146(b),V,-0.009425,12
-0.8634,-0.137,14,T,146(b),W,0.1067,7
-0.6856,-0.09904,12,T,146(b),Y,-0.1929,6
-0.1724,-0.01917,11,D,147(b),A,0.3551,5
-1.148,-0.2122,12,D,147(b),C,0.07404,9
0,0,,D,147(b),D,0,
0.5737,0.04496,15,D,147(b),E,0.2225,7
-0.1336,-0.01457,9,D,147(b),F,0.2964,6
0.4022,0.03404,22,D,147(b),G,0.2036,13
1.105,0.06913,13,D,147(b),H,0.07376,8
1.734,0.08535,10,D,147(b),I,0.1863,8
-0.1828,-0.02044,11,D,147(b),K,0.4104,6
-0.2045,-0.0231,7,D,147(b),L,-0.1373,4
1.423,0.07859,8,D,147(b),M,0.2952,4
-0.1093,-0.01178,21,D,147(b),N,-0.005355,4
-1.252,-0.2448,17,D,147(b),P,-0.2488,11
0.6879,0.05127,11,D,147(b),Q,-0.02468,5
2.643,0.09646,14,D,147(b),R,0.1149,7
-1.088,-0.1947,18,D,147(b),S,0.1608,6
-1.262,-0.2481,6,D,147(b),T,-0.5172,5
0.4052,0.03425,16,D,147(b),V,-0.5014,4
-0.3288,-0.03953,12,D,147(b),W,-0.6357,7
-0.3079,-0.03663,15,D,147(b),Y,0.7167,5
-1.799,-0.4748,1,V,148(b),-,-0.6409,1
-1.018,-0.1755,11,V,148(b),A,-0.02998,9
-0.3279,-0.0394,14,V,148(b),C,-0.14,7
0.701,0.05195,10,V,148(b),D,-0.5329,5
-1.371,-0.2862,15,V,148(b),E,-0.1413,11
-1.343,-0.2763,15,V,148(b),F,-0.05282,10
-0.05408,-0.005674,13,V,148(b),G,0.4645,8
-0.7071,-0.1033,8,V,148(b),H,0.06409,2
-0.7121,-0.1043,10,V,148(b),I,0.1676,5
-0.389,-0.04821,7,V,148(b),K,0.06672,4
-0.3255,-0.03907,19,V,148(b),L,0.1167,11
-0.8512,-0.1342,21,V,148(b),M,0.4223,7
-1.283,-0.2554,16,V,148(b),N,0.001815,14
-0.0294,-0.003049,10,V,148(b),P,-0.2082,6
-1.385,-0.2913,18,V,148(b),Q,0.01655,4
-1.511,-0.3407,16,V,148(b),R,0.1321,12
-0.3451,-0.04184,10,V,148(b),S,-0.00545,6
1.303,0.07538,7,V,148(b),T,0.1368,2
0,0,,V,148(b),V,0,
0.9692,0.06411,10,V,148(b),W,-0.3631,4
-1.618,-0.3867,9,V,148(b),Y,-0.2047,5
-1.312,-0.2654,8,I,149(b),A,0.09515,5
-1.243,-0.2421,14,I,149(b),C,-0.2718,5
-1.885,-0.5218,14,I,149(b),D,-0.518,8
-1.223,-0.2356,8,I,149(b),E,-0.0455,4
-1.963,-0.5669,9,I,149(b),F,-0.2631,3
1.19,0.07197,10,I,149(b),G,-0.1242,6
0.06333,0.00628,10,I,149(b),H,0.556,4
0,0,,I,149(b),I,0,
-1.404,-0.2984,5,I,149(b),K,0.3439,3
-1.431,-0.3087,28,I,149(b),L,-0.3951,14
-0.07668,-0.008135,12,I,149(b),M,-0.01875,7
-1.838,-0.496,15,I,149(b),N,-0.3384,6
-3.186,-1.703,14,I,149(b),P,-2.051,10
-0.8204,-0.1272,8,I,149(b),Q,-0.07751,4
-0.2628,-0.03057,10,I,149(b),R,-0.2296,7
1.391,0.07776,8,I,149(b),S,-0.126,5
-1.837,-0.4955,12,I,149(b),T,-0.3676,8
-1.059,-0.1867,12,I,149(b),V,-0.09675,8
-1.38,-0.2897,9,I,149(b),W,0.01461,5
-0.371,-0.04557,11,I,149(b),Y,-0.3918,7
-6.278,-5.444,2,Q,150(b),*,,
1.107,0.0692,6,Q,150(b),A,-0.01261,4
0.6117,0.04714,12,Q,150(b),C,0.2966,8
1.909,0.08834,11,Q,150(b),D,0.04588,8
0.1346,0.0129,11,Q,150(b),E,0.2099,7
-0.3156,-0.0377,13,Q,150(b),F,-0.0007809,9
-0.5021,-0.06594,11,Q,150(b),G,0.2108,5
1.004,0.06546,28,Q,150(b),H,-0.0014,13
-0.03879,-0.00404,11,Q,150(b),I,0.3984,6
1.122,0.06974,6,Q,150(b),K,0.6406,3
-1.272,-0.2515,14,Q,150(b),L,-0.2836,5
0.5909,0.04596,8,Q,150(b),N,-0.5231,3
-0.1004,-0.01078,28,Q,150(b),P,-0.1887,12
0,0,,Q,150(b),Q,0,
-0.418,-0.05259,24,Q,150(b),R,-0.04188,7
1.869,0.08771,11,Q,150(b),S,0.2334,8
0.6353,0.04845,10,Q,150(b),T,0.1504,5
-1.175,-0.2203,14,Q,150(b),V,0.1928,10
2.024,0.09004,7,Q,150(b),W,-0.009335,4
-0.5002,-0.06562,11,Q,150(b),Y,0.1382,7
-1.504,-0.3379,6,N,151(b),A,-0.4028,1
0.4941,0.04012,9,N,151(b),C,0.2043,8
-1.94,-0.5531,14,N,151(b),D,-0.02356,7
1.438,0.07898,9,N,151(b),E,0.1818,2
-2.53,-0.9881,14,N,151(b),F,-0.9671,8
1.117,0.06957,7,N,151(b),G,0.3588,4
-0.8934,-0.144,14,N,151(b),H,0.3453,5
-1.896,-0.5283,4,N,151(b),I,-0.145,3
0.03922,0.003933,8,N,151(b),K,-0.277,6
-0.463,-0.0596,3,N,151(b),L,0.1411,2
-0.9321,-0.1534,4,N,151(b),M,-0.346,1
0,0,,N,151(b),N,0,
-2.297,-0.7943,6,N,151(b),P,-0.538,5
1.267,0.07434,7,N,151(b),Q,0.245,5
1.281,0.07475,8,N,151(b),R,0.3681,5
-1.797,-0.4739,10,N,151(b),S,-0.628,5
-0.1019,-0.01095,5,N,151(b),T,-0.3843,2
-1.791,-0.4707,5,N,151(b),V,-0.3516,5
-3.887,-2.701,4,N,151(b),W,-2.51,3
-3.137,-1.641,9,N,151(b),Y,-2.569,3
-0.5527,-0.0745,10,G,152(b),A,0.3356,4
-1.74,-0.445,9,G,152(b),C,-0.4993,4
-3.644,-2.337,16,G,152(b),D,-2.043,3
-3.298,-1.849,9,G,152(b),E,-1.965,5
-3.072,-1.561,18,G,152(b),F,-1.708,12
0,0,,G,152(b),G,0,
-2.143,-0.6825,8,G,152(b),H,-0.5296,3
-2.723,-1.173,12,G,152(b),I,-1.081,7
-2.2,-0.7221,10,G,152(b),K,-0.7184,9
-3.695,-2.412,8,G,152(b),L,-2.197,6
-1.256,-0.2462,11,G,152(b),M,-0.2113,4
-2.716,-1.165,9,G,152(b),N,-1.033,6
-0.9454,-0.1567,11,G,152(b),P,0.3167,8
-1.83,-0.4914,12,G,152(b),Q,-0.8295,6
-2.876,-1.334,11,G,152(b),R,-1.803,4
-0.672,-0.09639,12,G,152(b),S,-0.1238,3
-2.772,-1.223,10,G,152(b),T,-1.485,6
-3.019,-1.497,15,G,152(b),V,-1.195,6
-3.926,-2.761,14,G,152(b),W,-2.894,9
-3.175,-1.689,11,G,152(b),Y,-1.737,8
-3.889,-2.705,2,D,153(b),-,,
-1.18,-0.222,10,D,153(b),A,0.3101,7
-0.581,-0.07947,5,D,153(b),C,0.2738,4
0,0,,D,153(b),D,0,
-0.1833,-0.02049,9,D,153(b),E,0.2196,3
-1.999,-0.589,6,D,153(b),F,-0.6984,4
-0.8083,-0.1246,4,D,153(b),G,-2.364,2
0.209,0.01934,6,D,153(b),H,,
-1.343,-0.2762,9,D,153(b),I,0.251,5
-0.7027,-0.1024,9,D,153(b),K,0.7669,6
-1.961,-0.5656,10,D,153(b),L,-0.5316,4
0.2903,0.02587,9,D,153(b),M,-0.08396,4
0.5876,0.04576,23,D,153(b),N,1.403,5
0.09459,0.00924,7,D,153(b),P,-0.2483,2
10.32,0.104,11,D,153(b),Q,1.131,7
-0.026,-0.002692,9,D,153(b),R,0.6136,4
-3.09,-1.583,5,D,153(b),S,-2.265,4
-4.545,-3.699,8,D,153(b),T,-2.994,5
-1.355,-0.2805,2,D,153(b),V,-0.425,2
-0.5529,-0.07453,9,D,153(b),W,0.06761,6
-0.782,-0.1188,10,D,153(b),Y,-0.1806,5
-11.34,-6.045,125,W,154(b),*,-6,18
-1.366,-0.2846,1,W,154(b),-,,
-2.926,-1.39,10,W,154(b),A,-1.3,8
-1.252,-0.2451,16,W,154(b),C,-0.08746,6
-5.732,-5.073,8,W,154(b),D,-4.868,3
-9.088,-6.009,5,W,154(b),E,-4.687,4
-1.053,-0.185,8,W,154(b),F,-0.382,4
-2.57,-1.025,5,W,154(b),G,-1.291,2
-2.006,-0.593,12,W,154(b),H,-0.3075,10
-2.291,-0.79,11,W,154(b),I,-1.147,6
-5.383,-4.751,13,W,154(b),K,-4.569,8
-2.539,-0.9964,8,W,154(b),L,-0.9621,4
-2.766,-1.216,6,W,154(b),M,-1.341,4
-2.79,-1.242,8,W,154(b),N,-1.433,5
-5.389,-4.758,12,W,154(b),P,-5.157,8
-3.257,-1.795,8,W,154(b),Q,-1.941,7
-4.439,-3.543,11,W,154(b),R,-3.609,9
-2.86,-1.317,10,W,154(b),S,-1.73,4
-2.909,-1.371,7,W,154(b),T,-1.28,3
-2.148,-0.6861,6,W,154(b),V,-1.436,3
0,0,,W,154(b),W,0,
-1.729,-0.4392,8,W,154(b),Y,-0.5657,4
-1.161,-0.2162,1,T,155(b),-,,
0.2302,0.02109,18,T,155(b),A,-0.09466,13
-0.01797,-0.001853,11,T,155(b),C,-0.1926,9
-1.579,-0.3694,8,T,155(b),D,-0.3306,6
-1.685,-0.418,16,T,155(b),E,-0.524,12
-0.7297,-0.1079,7,T,155(b),F,0.3494,5
-1.235,-0.2394,10,T,155(b),G,-0.1779,8
1.398,0.07795,8,T,155(b),H,0.9509,4
-1.314,-0.266,12,T,155(b),I,-0.06115,5
0.9532,0.06347,8,T,155(b),K,-0.1159,4
-0.3203,-0.03834,12,T,155(b),L,-0.06753,8
-1.274,-0.2521,12,T,155(b),M,0.1263,8
-1.44,-0.3122,14,T,155(b),N,0.1376,6
-5.554,-4.918,9,T,155(b),P,-4.546,4
-0.3653,-0.04474,13,T,155(b),Q,-0.3135,8
-0.04889,-0.005118,7,T,155(b),R,0.1262,6
-1.194,-0.2264,6,T,155(b),S,0.01729,4
0,0,,T,155(b),T,0,
-1.612,-0.384,13,T,155(b),V,0.2009,6
-0.6589,-0.09387,10,T,155(b),W,-0.2936,7
1.505,0.08058,13,T,155(b),Y,0.2069,12
-14.1,-6.049,1,Y,156(b),*,,
-1.803,-0.4772,1,Y,156(b),-,,
-0.6417,-0.09059,5,Y,156(b),A,0.1715,3
-1.601,-0.3791,12,Y,156(b),C,-0.03454,2
-2.149,-0.6868,7,Y,156(b),D,-1.087,1
-2.205,-0.7262,6,Y,156(b),E,-0.5444,4
-1.219,-0.2342,16,Y,156(b),F,-0.258,11
-1.278,-0.2536,5,Y,156(b),G,-0.3223,3
0.896,0.06111,21,Y,156(b),H,-0.02146,10
-1.896,-0.5279,11,Y,156(b),I,-0.7504,7
-0.9552,-0.1592,8,Y,156(b),K,0.138,4
-2.023,-0.6037,8,Y,156(b),L,-0.5849,5
-1.868,-0.5125,7,Y,156(b),M,-0.8328,3
-1.457,-0.319,7,Y,156(b),N,-0.2713,5
-4.576,-3.745,12,Y,156(b),P,-3.907,10
-1.432,-0.3092,12,Y,156(b),Q,-0.4713,7
-0.9956,-0.1695,8,Y,156(b),R,0.1218,5
-1.555,-0.3593,16,Y,156(b),S,-0.03957,11
-1.238,-0.2404,14,Y,156(b),T,0.115,7
-2.033,-0.6102,4,Y,156(b),V,-0.1718,2
-0.9571,-0.1597,12,Y,156(b),W,0.09186,7
0,0,,Y,156(b),Y,0,
-7.635,-5.881,9,Q,157(b),*,-6,1
-1.739,-0.4443,1,Q,157(b),-,,
0.03057,0.003079,9,Q,157(b),A,-0.1663,7
-0.2895,-0.03413,14,Q,157(b),C,-0.3942,8
-0.7493,-0.1119,8,Q,157(b),D,-0.3894,5
-1.462,-0.321,8,Q,157(b),E,-0.06219,2
-1.945,-0.5561,9,Q,157(b),F,-0.3527,5
-0.5254,-0.06984,11,Q,157(b),G,-0.4847,6
-1.175,-0.2204,7,Q,157(b),H,0.3209,3
-1.901,-0.531,6,Q,157(b),I,-0.4051,5
-2.159,-0.6933,9,Q,157(b),K,-0.06579,5
-1.722,-0.436,6,Q,157(b),L,-0.1511,4
-1.381,-0.2898,17,Q,157(b),M,-0.3608,9
-0.696,-0.1011,5,Q,157(b),N,0.09918,5
-7,-5.739,11,Q,157(b),P,-6,3
0,0,,Q,157(b),Q,0,
-0.4221,-0.05322,28,Q,157(b),R,-0.2289,9
1.956,0.08905,9,Q,157(b),S,0.7801,8
-1.429,-0.3079,13,Q,157(b),T,-0.0004236,9
-2.017,-0.6002,10,Q,157(b),V,-0.6113,8
-0.6266,-0.08777,15,Q,157(b),W,0.122,11
5.97,0.1037,9,Q,157(b),Y,-0.04425,5
-1.54,-0.3526,1,V,158(b),-,,
2.292,0.09331,11,V,158(b),A,0.2542,6
-0.9907,-0.1682,9,V,158(b),C,-0.6997,6
-2.08,-0.6399,9,V,158(b),D,-0.5355,5
-1.636,-0.3948,10,V,158(b),E,-0.371,6
-1.379,-0.2891,10,V,158(b),F,-0.4289,9
-0.501,-0.06575,7,V,158(b),G,-0.3738,3
-0.8575,-0.1356,7,V,158(b),H,0.006568,6
0.6226,0.04775,14,V,158(b),I,0.05078,12
-0.6725,-0.09648,12,V,158(b),K,-0.01532,8
-1.609,-0.3828,9,V,158(b),L,-0.2849,2
-0.8539,-0.1348,15,V,158(b),M,0.03576,9
-1.659,-0.4055,6,V,158(b),N,-0.5147,4
-15.55,-6.049,10,V,158(b),P,-6,7
0.2006,0.01864,13,V,158(b),Q,-0.01505,10
0.301,0.02669,14,V,158(b),R,-0.2947,11
-1.18,-0.2219,17,V,158(b),S,-0.1651,14
-0.5412,-0.07252,8,V,158(b),T,-0.4456,6
0,0,,V,158(b),V,0,
-0.9858,-0.167,9,V,158(b),W,-0.08087,7
-0.7234,-0.1066,8,V,158(b),Y,0.6171,4
-2.255,-0.7622,1,L,159(b),-,,
-0.6,-0.08289,7,L,159(b),A,0.4491,5
-0.8608,-0.1364,12,L,159(b),C,-0.3235,8
-1.739,-0.4443,10,L,159(b),D,-0.8516,8
-1.84,-0.4968,14,L,159(b),E,-0.457,9
0.1471,0.01402,5,L,159(b),F,0.3881,2
-0.02407,-0.002489,6,L,159(b),G,-0.03194,5
-0.08609,-0.009177,9,L,159(b),H,-0.2481,3
0.4493,0.03722,10,L,159(b),I,-0.05579,6
-1.928,-0.5466,8,L,159(b),K,-0.3655,6
0,0,,L,159(b),L,0,
-1.024,-0.1772,15,L,159(b),M,0.08492,7
-0.7889,-0.1203,7,L,159(b),N,0.4,3
-4.145,-3.097,16,L,159(b),P,-3.429,7
0.4898,0.03985,21,L,159(b),Q,-0.04637,10
-2.059,-0.6263,6,L,159(b),R,-0.2244,4
0.9378,0.06285,4,L,159(b),S,0.2672,4
0.3898,0.03318,14,L,159(b),T,-0.4183,7
-1.063,-0.1877,9,L,159(b),V,-0.4393,7
-1.898,-0.5294,12,L,159(b),W,-0.4808,7
1.338,0.07636,7,L,159(b),Y,0.082,7
-1.739,-0.4441,1,V,160(b),-,,
-0.1962,-0.02208,7,V,160(b),A,-0.5657,1
-1.39,-0.2934,9,V,160(b),C,-0.6657,4
-1.69,-0.4202,8,V,160(b),D,-0.3286,6
-1.727,-0.4385,8,V,160(b),E,-0.5314,7
-0.6919,-0.1003,6,V,160(b),F,0.1148,3
1.452,0.07932,7,V,160(b),G,0.3086,6
-0.7424,-0.1105,12,V,160(b),H,-0.1873,10
1.296,0.07517,4,V,160(b),I,0.2084,3
2.647,0.09649,6,V,160(b),K,0.2408,2
-0.5224,-0.06932,10,V,160(b),L,-0.2855,8
-1.498,-0.3351,13,V,160(b),M,-0.1286,7
-0.03719,-0.00387,9,V,160(b),N,0.0066,6
-3.072,-1.561,9,V,160(b),P,-1.561,7
-1.408,-0.2999,4,V,160(b),Q,,
-1.131,-0.2072,10,V,160(b),R,-0.1436,7
-1.51,-0.3403,6,V,160(b),S,-1.093,2
1.603,0.08276,11,V,160(b),T,-0.03152,8
0,0,,V,160(b),V,0,
-1.078,-0.192,11,V,160(b),W,-0.4055,9
-0.3521,-0.04284,5,V,160(b),Y,-0.6105,2
-1.417,-0.3035,1,M,161(b),-,,
-0.05514,-0.005789,12,M,161(b),A,0.0685,6
0.1539,0.01462,7,M,161(b),C,0.1512,5
-0.6278,-0.08798,10,M,161(b),D,-0.1344,8
-1.521,-0.3449,10,M,161(b),E,-0.2218,6
0.3184,0.02801,8,M,161(b),F,0.04155,4
0.6169,0.04743,8,M,161(b),G,0.244,4
0.9379,0.06285,9,M,161(b),H,0.4249,8
-0.4271,-0.05399,30,M,161(b),I,-0.07779,14
-0.4013,-0.05005,9,M,161(b),K,0.282,6
0.2695,0.02424,8,M,161(b),L,0.2696,4
0,0,,M,161(b),M,0,
-0.5023,-0.06598,8,M,161(b),N,0.6412,5
-0.6846,-0.09884,14,M,161(b),P,-0.05702,9
-0.03848,-0.004008,8,M,161(b),Q,-0.04341,3
1.628,0.08329,5,M,161(b),R,0.1724,2
-0.4755,-0.06161,5,M,161(b),S,-0.01831,4
-0.007405,-0.0007599,8,M,161(b),T,0.1116,6
0.3589,0.03099,7,M,161(b),V,0.691,4
1.857,0.08751,6,M,161(b),W,0.2266,4
0.2735,0.02456,8,M,161(b),Y,0.4385,5
-1.063,-0.1876,8,L,162(b),A,-0.02547,4
-2.083,-0.6424,16,L,162(b),C,0.0174,8
-0.7662,-0.1155,9,L,162(b),D,-0.6129,3
-1.153,-0.2138,10,L,162(b),E,-0.3885,5
0.1522,0.01447,14,L,162(b),F,0.3523,7
2.745,0.09719,6,L,162(b),G,-0.1011,4
0.4619,0.03805,8,L,162(b),H,0.1788,6
0.1784,0.01675,6,L,162(b),I,-0.2991,4
-1.532,-0.3494,7,L,162(b),K,0.2486,3
0,0,,L,162(b),L,0,
1.813,0.08677,12,L,162(b),M,-0.1035,8
-3.983,-2.85,9,L,162(b),N,-2.52,4
-2.253,-0.7613,21,L,162(b),P,-0.2905,8
-1.283,-0.2552,12,L,162(b),Q,-0.2506,8
-1.551,-0.3576,15,L,162(b),R,-0.5199,9
1.451,0.07929,10,L,162(b),S,0.1662,6
1.797,0.0865,6,L,162(b),T,0.1847,4
-0.4779,-0.06198,10,L,162(b),V,0.05862,8
-0.7573,-0.1136,10,L,162(b),W,0.2007,6
0.4697,0.03856,9,L,162(b),Y,0.3741,6
-5.881,-5.189,1,E,163(b),*,,
0.2685,0.02417,5,E,163(b),A,-0.1236,5
-1.845,-0.4994,13,E,163(b),C,-0.2763,11
2.112,0.09121,11,E,163(b),D,0.0552,8
0,0,,E,163(b),E,0,
-0.301,-0.0357,12,E,163(b),F,0.1426,8
0.7527,0.05455,16,E,163(b),G,0.007046,7
1.326,0.07601,10,E,163(b),H,0.1714,9
0.8794,0.06039,16,E,163(b),I,0.02578,11
-0.1598,-0.01767,42,E,163(b),K,0.2236,10
-1.139,-0.2095,7,E,163(b),L,-0.3555,6
-1.947,-0.5578,13,E,163(b),M,-0.3115,8
-0.2188,-0.0249,9,E,163(b),N,0.4914,4
-0.0619,-0.00652,11,E,163(b),P,0.09991,7
-1.589,-0.374,8,E,163(b),Q,-0.4406,2
0.8791,0.06038,7,E,163(b),R,0.244,4
1.66,0.08393,15,E,163(b),S,0.1606,15
1.184,0.07178,7,E,163(b),T,0.3054,4
0.6339,0.04837,10,E,163(b),V,0.2231,7
1.386,0.07765,14,E,163(b),W,0.08306,8
1.364,0.07707,11,E,163(b),Y,0.02358,8
-0.6069,-0.08414,6,S,164(b),A,-0.2044,4
0.4018,0.03401,10,S,164(b),C,0.2517,4
-1.541,-0.3533,7,S,164(b),D,-0.1778,6
1.481,0.08003,7,S,164(b),E,0.2876,5
0.8537,0.05927,11,S,164(b),F,-0.3092,6
-0.5123,-0.06764,25,S,164(b),G,-0.03537,15
-0.6978,-0.1014,15,S,164(b),H,0.2892,7
-0.8153,-0.1261,12,S,164(b),I,-0.4182,9
-0.2669,-0.03111,11,S,164(b),K,-0.1403,5
-0.2006,-0.02262,20,S,164(b),L,-0.04715,17
0.8254,0.058,15,S,164(b),M,-0.002605,9
-1.108,-0.2003,27,S,164(b),N,0.1147,9
-0.3874,-0.04798,6,S,164(b),P,-0.09955,2
-0.3745,-0.04608,10,S,164(b),Q,0.1861,6
-0.7813,-0.1187,10,S,164(b),R,-0.06565,4
0,0,,S,164(b),S,0,
-0.4216,-0.05313,11,S,164(b),T,-0.4346,6
-0.7162,-0.1051,15,S,164(b),V,0.04808,13
-0.9355,-0.1542,13,S,164(b),W,-0.1618,7
-0.4053,-0.05067,11,S,164(b),Y,-0.1694,6
-1.408,-0.3001,10,T,165(b),A,-0.3558,4
0.5005,0.04052,9,T,165(b),C,-0.2331,3
-0.7938,-0.1214,3,T,165(b),D,-0.5658,1
-1.218,-0.2341,4,T,165(b),E,0.2742,3
0.7733,0.05555,7,T,165(b),F,-0.08215,5
-1.254,-0.2457,11,T,165(b),G,0.1251,10
1.43,0.07876,12,T,165(b),H,0.1987,8
1.746,0.08559,15,T,165(b),I,-0.4468,9
1.824,0.08696,8,T,165(b),K,0.3489,5
-0.7887,-0.1203,13,T,165(b),L,-0.3036,10
10.64,0.104,7,T,165(b),M,0.1251,4
1.653,0.0838,6,T,165(b),N,0.0751,4
-0.173,-0.01925,11,T,165(b),P,0.2854,5
-1.373,-0.2869,9,T,165(b),Q,-0.2124,4
-0.6003,-0.08294,7,T,165(b),R,-0.08493,4
0.269,0.0242,10,T,165(b),S,-0.2203,8
0,0,,T,165(b),T,0,
-0.3935,-0.04888,13,T,165(b),V,-0.3564,6
1.565,0.08195,3,T,165(b),W,-0.1129,1
-0.679,-0.09774,17,T,165(b),Y,-0.06476,11
-0.2536,-0.02937,14,P,166(b),A,0.3216,9
-0.3416,-0.04134,11,P,166(b),C,0.03655,8
-0.116,-0.01255,6,P,166(b),D,0.4776,4
-1.093,-0.1961,8,P,166(b),E,-0.283,6
-1.022,-0.1766,10,P,166(b),F,0.04804,8
0.5751,0.04504,10,P,166(b),G,0.02115,4
-0.524,-0.0696,13,P,166(b),H,-0.1446,4
2.295,0.09334,6,P,166(b),I,0.3283,4
-0.4661,-0.0601,7,P,166(b),K,-0.1578,6
0.9551,0.06355,8,P,166(b),L,0.5281,4
-0.5378,-0.07195,8,P,166(b),M,0.2087,6
0.7598,0.0549,4,P,166(b),N,0.1822,4
0,0,,P,166(b),P,0,
-1.694,-0.4222,11,P,166(b),Q,-0.2487,7
-0.76,-0.1142,10,P,166(b),R,-0.6049,8
1.496,0.08039,17,P,166(b),S,-0.3344,14
-0.9998,-0.1706,9,P,166(b),T,0.04654,6
-0.2416,-0.02781,12,P,166(b),V,-0.1903,8
-0.7524,-0.1126,7,P,166(b),W,-0.05702,7
0.6919,0.05148,11,P,166(b),Y,0.2001,6
-7.803,-5.906,6,Q,167(b),*,-6,2
-0.5839,-0.07999,1,Q,167(b),-,,
0.2367,0.02163,15,Q,167(b),A,0.1089,8
-2.481,-0.9444,4,Q,167(b),C,-0.5589,2
-0.6601,-0.09408,8,Q,167(b),D,0.2224,3
-0.3526,-0.04292,6,Q,167(b),E,-0.2584,3
-1.514,-0.3417,2,Q,167(b),F,-0.3028,2
0.3364,0.02934,10,Q,167(b),G,0.0285,9
-0.0418,-0.00436,9,Q,167(b),H,0.3388,5
-0.4791,-0.06218,7,Q,167(b),I,-0.4953,6
0.1414,0.0135,16,Q,167(b),K,0.1892,9
-0.6476,-0.09171,9,Q,167(b),L,0.09974,5
0.06136,0.00609,7,Q,167(b),M,0.2137,4
2.117,0.09127,7,Q,167(b),N,0.1537,5
1.113,0.06941,2,Q,167(b),P,0.3948,2
0,0,,Q,167(b),Q,0,
0.2724,0.02447,23,Q,167(b),R,0.1722,11
-1.569,-0.3653,11,Q,167(b),S,-0.1976,8
0.3884,0.03308,16,Q,167(b),T,0.1983,9
-1.741,-0.4453,11,Q,167(b),V,0.02599,7
-0.1904,-0.02136,20,Q,167(b),W,0.00395,12
0.7088,0.05235,13,Q,167(b),Y,-0.03241,9
-1.162,-0.2164,1,H,168(b),-,,
-1.295,-0.2592,8,H,168(b),A,-0.7588,5
0.857,0.05941,6,H,168(b),C,0.0279,2
-2.083,-0.6421,11,H,168(b),D,-0.3317,6
-0.3902,-0.04839,8,H,168(b),E,0.056,4
1.95,0.08897,12,H,168(b),F,-0.08509,10
-0.5407,-0.07243,7,H,168(b),G,-0.1519,5
0,0,,H,168(b),H,0,
1.611,0.08293,9,H,168(b),I,0.4704,6
1.487,0.08017,12,H,168(b),K,-0.01805,9
0.545,0.04326,5,H,168(b),L,0.7415,4
-0.319,-0.03817,6,H,168(b),M,0.3734,5
-0.8534,-0.1347,9,H,168(b),N,-0.4762,7
-1.508,-0.3395,6,H,168(b),P,-0.1694,6
-1.5,-0.336,16,H,168(b),Q,-0.2308,8
-0.4744,-0.06143,20,H,168(b),R,-0.1637,9
0.6058,0.04681,12,H,168(b),S,0.3634,10
-1.4,-0.2971,12,H,168(b),T,-0.1781,9
1.009,0.06565,10,H,168(b),V,0.2922,10
-1.367,-0.2847,8,H,168(b),W,0.2939,3
0.9347,0.06272,18,H,168(b),Y,0.2081,8
-1.376,-0.2881,2,G,169(b),-,,
-1.351,-0.2789,6,G,169(b),A,-0.0557,4
-1.052,-0.1847,11,G,169(b),C,-0.1402,6
-0.184,-0.02058,21,G,169(b),D,-0.224,5
-0.7511,-0.1123,4,G,169(b),E,-0.8367,3
-0.81,-0.1249,11,G,169(b),F,0.41,5
0,0,,G,169(b),G,0,
0.4034,0.03412,11,G,169(b),H,0.184,7
3.844,0.1017,7,G,169(b),I,0.034,4
-1.177,-0.2211,13,G,169(b),K,-0.07485,9
-0.8193,-0.127,12,G,169(b),L,0.05105,8
-0.2441,-0.02812,6,G,169(b),M,0.4304,4
1.076,0.06813,7,G,169(b),N,-0.2244,4
-0.03362,-0.003493,11,G,169(b),P,0.405,9
0.3471,0.03012,7,G,169(b),Q,-0.09495,4
-1.419,-0.304,6,G,169(b),R,0.2559,4
0.5227,0.0419,17,G,169(b),S,0.2119,6
-1.605,-0.3812,11,G,169(b),T,-0.4055,7
-0.8499,-0.1339,13,G,169(b),V,-0.2683,2
1.447,0.0792,12,G,169(b),W,0.1266,10
1.181,0.07169,9,G,169(b),Y,0.5526,3
-1.726,-0.438,3,D,170(b),-,,
-0.694,-0.1007,10,D,170(b),A,-0.1743,6
-1.041,-0.1816,18,D,170(b),C,-0.008668,9
0,0,,D,170(b),D,0,
-0.0769,-0.00816,9,D,170(b),E,-0.06421,3
1.818,0.08685,8,D,170(b),F,0.1553,6
-1.84,-0.497,11,D,170(b),G,-0.07373,5
0.2803,0.02509,11,D,170(b),H,0.3855,9
1.812,0.08675,8,D,170(b),I,0.0118,4
0.3539,0.03062,7,D,170(b),K,0.09137,6
-0.09406,-0.01006,12,D,170(b),L,-0.06789,10
0.1042,0.01013,8,D,170(b),M,-0.03915,4
0.5641,0.0444,19,D,170(b),N,0.4848,9
0.03851,0.003863,11,D,170(b),P,-0.1612,6
-1.25,-0.2443,7,D,170(b),Q,-0.2113,4
1.683,0.08438,10,D,170(b),R,0.1668,4
0.8233,0.0579,9,D,170(b),S,-0.05435,6
-0.002679,-0.0002743,9,D,170(b),T,-0.09768,8
-1.095,-0.1969,4,D,170(b),V,-0.1898,4
-1.176,-0.2207,14,D,170(b),W,0.06075,8
-0.3004,-0.03561,12,D,170(b),Y,0.6189,5
-1.135,-0.2084,5,T,171(b),-,,
1.905,0.08828,10,T,171(b),A,-0.2249,5
0.5527,0.04372,5,T,171(b),C,-0.05645,2
0.1294,0.01243,7,T,171(b),D,-0.0973,5
8.953,0.104,7,T,171(b),E,-0.1673,5
-0.3317,-0.03994,4,T,171(b),F,0.1986,3
0.9196,0.0621,16,T,171(b),G,-0.1753,5
-0.2413,-0.02776,7,T,171(b),H,-0.1102,5
-0.2261,-0.02582,18,T,171(b),I,0.1809,10
-2.175,-0.705,6,T,171(b),K,-0.02968,5
-0.4209,-0.05303,13,T,171(b),L,0.01645,6
-0.6165,-0.0859,6,T,171(b),M,0.01502,3
-0.9055,-0.1469,14,T,171(b),N,0.2176,9
-0.8789,-0.1406,8,T,171(b),P,-0.633,4
-1.311,-0.2647,7,T,171(b),Q,-0.4103,5
0.4915,0.03996,15,T,171(b),R,0.00965,8
0.7016,0.05198,7,T,171(b),S,0.299,2
0,0,,T,171(b),T,0,
0.06691,0.006623,11,T,171(b),V,-0.1548,7
0.4498,0.03725,14,T,171(b),W,-0.08376,9
0.01623,0.001646,16,T,171(b),Y,0.02708,9
-1.559,-0.3609,5,Y,172(b),-,,
-1.725,-0.4374,9,Y,172(b),A,-0.4414,7
-0.2504,-0.02894,15,Y,172(b),C,-0.0511,2
-3.024,-1.504,6,Y,172(b),D,-1.393,4
-3.245,-1.779,9,Y,172(b),E,-1.625,5
1.542,0.08143,8,Y,172(b),F,-0.02827,7
-2.958,-1.426,8,Y,172(b),G,-1.446,6
-1.302,-0.2617,27,Y,172(b),H,-0.1161,14
0.2613,0.0236,14,Y,172(b),I,-0.1556,9
-2.727,-1.177,7,Y,172(b),K,-0.8873,4
-0.1342,-0.01465,4,Y,172(b),L,0.3789,2
-0.01517,-0.001562,10,Y,172(b),M,-0.05421,7
-1.793,-0.4722,10,Y,172(b),N,-0.63,6
-0.6893,-0.09977,8,Y,172(b),P,-1.491,3
-0.6259,-0.08763,5,Y,172(b),Q,0.09291,3
-2.211,-0.73,13,Y,172(b),R,-0.3231,6
-1.795,-0.4728,4,Y,172(b),S,-0.3061,1
-1.066,-0.1885,7,Y,172(b),T,-0.436,4
-1.156,-0.2147,10,Y,172(b),V,-0.6648,5
2.035,0.09018,10,Y,172(b),W,0.6731,5
0,0,,Y,172(b),Y,0,
-9.711,-6.028,5,E,173(b),*,-6,1
-0.2014,-0.02272,8,E,173(b),-,,
2.111,0.09119,13,E,173(b),A,0.3367,6
0.3783,0.03237,13,E,173(b),C,0.6048,10
-0.8443,-0.1326,12,E,173(b),D,-0.1108,6
0,0,,E,173(b),E,0,
-0.8029,-0.1234,11,E,173(b),F,-0.3053,6
0.859,0.0595,11,E,173(b),G,-0.8616,4
-1.826,-0.4895,9,E,173(b),H,-0.02251,6
-0.07187,-0.007608,12,E,173(b),I,0.2361,8
-1.107,-0.2002,11,E,173(b),K,0.01032,9
-0.7802,-0.1185,15,E,173(b),L,-0.02766,11
0.3189,0.02804,10,E,173(b),M,0.1397,6
-1.053,-0.185,14,E,173(b),N,0.0006718,13
-5.864,-5.176,18,E,173(b),P,-3.808,14
-0.7523,-0.1125,7,E,173(b),Q,-0.0524,6
0.6112,0.04711,6,E,173(b),R,-0.1409,2
-1.027,-0.1778,9,E,173(b),S,-0.2889,3
0.6034,0.04667,4,E,173(b),T,-0.5578,3
-0.9133,-0.1488,9,E,173(b),V,-0.4794,7
-0.3386,-0.04092,7,E,173(b),W,-0.7543,2
-0.322,-0.03858,16,E,173(b),Y,-0.1136,13
0.1274,0.01225,8,C,174(b),-,,
-0.8284,-0.129,11,C,174(b),A,-0.7028,4
0,0,,C,174(b),C,0,
-7.779,-5.903,10,C,174(b),D,-6,7
-8.297,-5.961,8,C,174(b),E,-6,4
-3.029,-1.509,11,C,174(b),F,-1.244,7
-4.649,-3.849,5,C,174(b),G,-3.355,2
-8.597,-5.984,9,C,174(b),H,-6,6
-2.155,-0.6907,7,C,174(b),I,-0.3255,4
-6.959,-5.727,7,C,174(b),K,-6,6
-0.9853,-0.1669,9,C,174(b),L,-0.05091,3
-1.585,-0.3721,7,C,174(b),M,-0.1461,4
-5.445,-4.814,3,C,174(b),N,-4.943,2
-5.516,-4.882,4,C,174(b),P,-4.901,3
-6.977,-5.733,6,C,174(b),Q,-5.526,2
-18.94,-6.049,16,C,174(b),R,-6,9
-3.702,-2.422,14,C,174(b),S,-2.597,8
-2.463,-0.9291,6,C,174(b),T,-0.756,5
-2.098,-0.6523,8,C,174(b),V,-0.8729,3
-4.492,-3.622,11,C,174(b),W,-3.35,5
-4.276,-3.298,9,C,174(b),Y,-2.937,4
1.059,0.06751,7,H,175(b),-,,
-0.695,-0.1009,11,H,175(b),A,-0.08117,6
3.091,0.09917,13,H,175(b),C,-0.1328,7
-0.4612,-0.05931,8,H,175(b),D,0.2349,5
0.07967,0.007838,6,H,175(b),E,0.1405,3
-0.7986,-0.1224,14,H,175(b),F,-0.1279,8
0.7911,0.0564,10,H,175(b),G,0.4672,5
0,0,,H,175(b),H,0,
-0.4433,-0.05649,10,H,175(b),I,0.1615,8
-0.07353,-0.007789,10,H,175(b),K,-0.1921,7
0.537,0.04277,5,H,175(b),L,0.1191,2
-1.767,-0.4586,10,H,175(b),M,-0.003704,7
1.417,0.07845,8,H,175(b),N,-0.117,3
-4.847,-4.12,13,H,175(b),P,-4.12,9
-0.07541,-0.007996,13,H,175(b),Q,0.2141,11
-1.327,-0.2705,20,H,175(b),R,0.004549,7
0.2261,0.02076,13,H,175(b),S,-0.07973,8
0.8842,0.0606,10,H,175(b),T,0.2475,6
-0.4761,-0.0617,13,H,175(b),V,0.1604,7
0.1941,0.01809,14,H,175(b),W,0.04523,7
-0.3637,-0.04451,14,H,175(b),Y,-0.4466,8
-1.86,-0.508,6,V,176(b),-,,
0.07113,0.007026,18,V,176(b),A,-0.01338,8
-0.3258,-0.03911,15,V,176(b),C,-0.1314,5
-7.673,-5.887,10,V,176(b),D,-6,5
-4.214,-3.203,17,V,176(b),E,-3.319,11
-1.18,-0.2221,8,V,176(b),F,-0.5963,6
-2.263,-0.7686,12,V,176(b),G,-0.8003,7
-3.621,-2.303,11,V,176(b),H,-2.441,7
-1.013,-0.1741,9,V,176(b),I,-0.5682,3
-8.798,-5.996,14,V,176(b),K,-6,10
-0.9218,-0.1509,12,V,176(b),L,-0.2183,6
-0.5574,-0.07532,21,V,176(b),M,-0.2607,9
-3.609,-2.285,10,V,176(b),N,-2.21,8
-2.549,-1.006,11,V,176(b),P,-0.8347,7
-4.055,-2.96,8,V,176(b),Q,-2.72,4
-5.69,-5.038,8,V,176(b),R,-5.46,5
-1.318,-0.2674,10,V,176(b),S,-0.6521,5
0.9145,0.06189,17,V,176(b),T,-0.0025,8
0,0,,V,176(b),V,0,
-2.62,-1.071,12,V,176(b),W,-1.22,10
-1.92,-0.5418,4,V,176(b),Y,-0.7728,1
-9.237,-6.015,17,Q,177(b),*,,
-0.9504,-0.158,6,Q,177(b),-,,
-0.5672,-0.07703,12,Q,177(b),A,-0.5484,11
-1.332,-0.2722,6,Q,177(b),C,-0.1166,5
1.857,0.0875,8,Q,177(b),D,-0.8516,5
0.7533,0.05458,13,Q,177(b),E,-0.1432,8
0.6143,0.04728,10,Q,177(b),F,0.2905,10
0.7925,0.05647,14,Q,177(b),G,0.1355,7
0.4988,0.04042,10,Q,177(b),H,0.2643,5
2.075,0.09073,8,Q,177(b),I,-0.08485,6
2.811,0.09762,10,Q,177(b),K,0.006057,9
-0.4352,-0.05522,11,Q,177(b),L,0.4995,7
-0.6422,-0.09068,13,Q,177(b),M,0.06479,7
-1.1,-0.1981,16,Q,177(b),N,-0.1872,9
-2.486,-0.9489,14,Q,177(b),P,-0.7395,8
0,0,,Q,177(b),Q,0,
1.295,0.07514,13,Q,177(b),R,0.4238,6
-1.01,-0.1734,10,Q,177(b),S,-0.3947,4
-0.8528,-0.1345,13,Q,177(b),T,-0.1438,9
2.319,0.09359,7,Q,177(b),V,0.0105,4
0.1539,0.01461,9,Q,177(b),W,-0.3337,5
-0.09529,-0.0102,18,Q,177(b),Y,-0.07057,12
-2.33,-0.8196,6,H,178(b),-,,
0.919,0.06207,7,H,178(b),A,0.3295,2
-0.5447,-0.07312,8,H,178(b),C,-0.09099,7
-1.177,-0.221,5,H,178(b),D,-0.2369,3
-1.104,-0.1992,4,H,178(b),E,-0.3664,2
-1.972,-0.5726,8,H,178(b),F,-0.3344,5
0.4048,0.03422,10,H,178(b),G,0.08808,6
0,0,,H,178(b),H,0,
-1.632,-0.3932,11,H,178(b),I,-0.3966,9
-1.901,-0.5311,11,H,178(b),K,-0.4141,6
0.6115,0.04712,14,H,178(b),L,-0.1389,7
0.709,0.05236,12,H,178(b),M,-0.1694,7
-0.9396,-0.1553,11,H,178(b),N,-0.3822,7
-1.246,-0.2429,12,H,178(b),P,-0.2239,11
-0.4229,-0.05333,18,H,178(b),Q,0.00746,8
-1.406,-0.2993,20,H,178(b),R,0.2488,12
-0.4628,-0.05957,11,H,178(b),S,-0.3693,9
-0.4979,-0.06524,9,H,178(b),T,0.3482,8
-1.281,-0.2546,17,H,178(b),V,-0.09042,11
1.167,0.07122,10,H,178(b),W,0.07652,8
-0.753,-0.1127,23,H,178(b),Y,0.2541,9
-1.206,-0.2301,6,A,179(b),-,,
0,0,,A,179(b),A,0,
-0.5346,-0.0714,15,A,179(b),C,-0.1051,11
0.6549,0.04952,11,A,179(b),D,-0.1425,6
-0.4212,-0.05307,9,A,179(b),E,0.0124,4
-0.8925,-0.1438,13,A,179(b),F,-0.07281,8
-1.475,-0.326,3,A,179(b),G,0.08825,3
0.629,0.0481,3,A,179(b),H,0.2414,3
0.1474,0.01404,14,A,179(b),I,0.3521,6
0.5134,0.04133,12,A,179(b),K,0.02207,8
0.5818,0.04543,8,A,179(b),L,0.3353,3
-1.792,-0.4713,11,A,179(b),M,-0.07878,5
-0.2918,-0.03444,13,A,179(b),N,0.385,7
0.182,0.01706,13,A,179(b),P,-0.1455,6
-1.707,-0.4284,7,A,179(b),Q,-0.4037,6
-0.02844,-0.002948,9,A,179(b),R,-0.03815,6
0.2417,0.02203,16,A,179(b),S,-0.1321,10
-0.1722,-0.01914,24,A,179(b),T,-0.1733,12
0.01098,0.001116,16,A,179(b),V,-0.0315,8
-0.8416,-0.132,12,A,179(b),W,0.07536,7
-0.3532,-0.043,15,A,179(b),Y,0.3298,9
-2.142,-0.682,6,S,180(b),-,,
0.1238,0.01193,11,S,180(b),A,-0.1024,5
0.4706,0.03861,14,S,180(b),C,-0.2658,10
1.462,0.07955,10,S,180(b),D,-0.08261,6
-0.00275,-0.0002813,10,S,180(b),E,-0.1033,8
-1.421,-0.3048,13,S,180(b),F,-0.1888,8
-0.5733,-0.07811,10,S,180(b),G,0.09603,6
1.155,0.07083,9,S,180(b),H,0.1954,7
-0.7234,-0.1066,9,S,180(b),I,-0.2383,3
-0.7601,-0.1142,11,S,180(b),K,0.1748,5
-1.991,-0.5841,4,S,180(b),L,-0.1812,3
-1.194,-0.2262,15,S,180(b),M,-0.09424,13
0.3362,0.02933,14,S,180(b),N,0.1987,10
-0.2981,-0.0353,21,S,180(b),P,-0.3465,9
-0.2347,-0.02692,5,S,180(b),Q,0.275,4
0.2208,0.02032,5,S,180(b),R,-0.2054,3
0,0,,S,180(b),S,0,
-0.6957,-0.101,11,S,180(b),T,0.2105,5
-0.3503,-0.04258,12,S,180(b),V,-0.2213,8
-1.947,-0.5575,8,S,180(b),W,-0.2049,4
-1.252,-0.2449,10,S,180(b),Y,0.1586,5
-1.514,-0.342,6,L,181(b),-,,
0.4835,0.03945,8,L,181(b),A,-0.6512,4
0.7444,0.05415,15,L,181(b),C,-0.1551,8
2.554,0.09577,11,L,181(b),D,0.1501,6
0.4507,0.03732,15,L,181(b),E,0.08432,12
0.3895,0.03316,10,L,181(b),F,-0.3829,5
-0.1634,-0.01809,5,L,181(b),G,0.2496,3
-0.2243,-0.02559,14,L,181(b),H,0.3457,6
-2.108,-0.6589,11,L,181(b),I,-0.469,7
1.599,0.08268,7,L,181(b),K,0.1196,7
0,0,,L,181(b),L,0,
-0.4035,-0.05038,10,L,181(b),M,0.239,6
-0.6653,-0.0951,13,L,181(b),N,-0.4935,6
-2.046,-0.6183,15,L,181(b),P,-0.6619,8
0.5345,0.04262,6,L,181(b),Q,-0.01292,3
-0.1945,-0.02187,8,L,181(b),R,0.1536,6
1.634,0.0834,12,L,181(b),S,0.2768,7
0.7466,0.05425,8,L,181(b),T,0.1359,2
-0.5452,-0.07321,14,L,181(b),V,-0.1705,9
1.094,0.06875,7,L,181(b),W,0.05041,7
-0.9139,-0.149,6,L,181(b),Y,-0.1688,6
-4.137,-3.085,1,K,182(b),*,,
-0.278,-0.03258,4,K,182(b),-,,
-0.3665,-0.04492,10,K,182(b),A,-0.01386,7
-1.724,-0.4367,10,K,182(b),C,-0.1397,7
-1.611,-0.3835,8,K,182(b),D,-0.1628,7
-0.3262,-0.03917,13,K,182(b),E,-0.09126,6
-0.3524,-0.04288,12,K,182(b),F,-0.1275,5
-1.475,-0.3262,11,K,182(b),G,-0.2657,4
-0.5965,-0.08225,6,K,182(b),H,-0.6849,3
1.53,0.08117,5,K,182(b),I,0.403,5
0,0,,K,182(b),K,0,
-1.223,-0.2354,11,K,182(b),L,-0.0292,7
-0.332,-0.03999,11,K,182(b),M,0.07111,8
-0.2304,-0.02637,17,K,182(b),N,-0.2436,9
1.847,0.08734,10,K,182(b),P,0.9071,5
-0.2637,-0.03069,13,K,182(b),Q,0.06302,7
-0.9628,-0.1611,15,K,182(b),R,-0.1337,10
-0.9826,-0.1661,7,K,182(b),S,0.166,5
1.936,0.08875,8,K,182(b),T,0.5233,5
-0.003892,-0.0003983,10,K,182(b),V,0.2396,8
-0.8662,-0.1377,10,K,182(b),W,0.4218,7
-0.453,-0.05802,12,K,182(b),Y,-0.08521,10
-0.6168,-0.08596,4,S,183(b),-,,
0.1077,0.01045,9,S,183(b),A,0.08872,5
-1.096,-0.1969,15,S,183(b),C,-0.04709,6
0.2166,0.01997,9,S,183(b),D,0.09456,8
0.5259,0.0421,10,S,183(b),E,0.0536,6
-1.073,-0.1905,14,S,183(b),F,0.3416,9
-0.2481,-0.02864,16,S,183(b),G,0.1829,8
-0.4103,-0.05141,17,S,183(b),H,-0.1971,7
0.4293,0.03589,13,S,183(b),I,-0.1725,9
1.45,0.07927,10,S,183(b),K,0.1975,8
-0.7331,-0.1086,12,S,183(b),L,-0.01561,7
2.125,0.09138,12,S,183(b),M,0.294,4
-0.1243,-0.0135,19,S,183(b),N,-0.2172,10
-0.3431,-0.04156,8,S,183(b),P,-0.0338,3
-0.9697,-0.1629,13,S,183(b),Q,-0.1753,7
0.0987,0.009623,12,S,183(b),R,0.3811,9
0,0,,S,183(b),S,0,
-0.7346,-0.1089,12,S,183(b),T,-0.03875,7
1.717,0.08504,10,S,183(b),V,0.0331,4
-0.1223,-0.01327,9,S,183(b),W,0.03166,6
-0.3049,-0.03622,11,S,183(b),Y,-0.1773,10
-0.756,-0.1133,4,P,184(b),-,,
-1.006,-0.1722,6,P,184(b),A,-0.21,4
-1.212,-0.2322,5,P,184(b),C,-0.1292,4
-0.4977,-0.06522,3,P,184(b),D,0.8135,1
-0.0786,-0.008347,8,P,184(b),E,-0.2239,3
-0.5138,-0.06788,9,P,184(b),F,-0.5221,6
-0.5562,-0.07512,19,P,184(b),G,0.1848,16
-0.3661,-0.04486,25,P,184(b),H,-0.05583,7
0.162,0.01533,8,P,184(b),I,0.1609,6
0.1016,0.009894,6,P,184(b),K,0.2171,3
-0.1759,-0.0196,15,P,184(b),L,0.5954,5
0.7609,0.05495,9,P,184(b),M,0.2176,7
-1.107,-0.2,9,P,184(b),N,-0.5361,8
0,0,,P,184(b),P,0,
2.389,0.0943,11,P,184(b),Q,-0.5787,6
-0.6283,-0.08809,18,P,184(b),R,0.07824,13
-0.547,-0.07352,13,P,184(b),S,0.4478,7
-1.364,-0.2836,10,P,184(b),T,-0.3735,4
-0.3666,-0.04493,7,P,184(b),V,-0.1728,3
-0.7572,-0.1136,5,P,184(b),W,-0.04946,3
0.1021,0.009941,11,P,184(b),Y,0.1778,10
-0.758,-0.1137,4,I,185(b),-,,
0.4441,0.03688,10,I,185(b),A,-0.2058,8
-0.4602,-0.05916,7,I,185(b),C,-0.1411,5
-0.8062,-0.1241,10,I,185(b),D,-0.2172,4
1.874,0.08779,11,I,185(b),E,-0.1961,7
-0.8877,-0.1427,7,I,185(b),F,-0.412,5
-0.1855,-0.02076,12,I,185(b),G,0.1876,7
0.07163,0.007074,12,I,185(b),H,0.08347,7
0,0,,I,185(b),I,0,
0.2972,0.0264,11,I,185(b),K,0.2268,8
0.5122,0.04125,8,I,185(b),L,0.2559,5
0.953,0.06347,14,I,185(b),M,-0.4687,10
0.6983,0.05181,17,I,185(b),N,-0.3436,7
-0.7565,-0.1134,10,I,185(b),P,-0.1656,6
0.06965,0.006885,15,I,185(b),Q,0.4244,7
-0.01769,-0.001824,7,I,185(b),R,-0.1084,6
1.773,0.08608,14,I,185(b),S,0.1589,11
-0.8345,-0.1304,3,I,185(b),T,-1.095,1
-1.12,-0.204,17,I,185(b),V,-0.1923,7
-0.6466,-0.09153,13,I,185(b),W,0.023,8
0.5747,0.04501,15,I,185(b),Y,-0.1339,11
0.4438,0.03686,2,T,186(b),-,,
-0.5439,-0.07298,17,T,186(b),A,-0.01168,9
0.1656,0.01564,14,T,186(b),C,-0.07264,12
1.866,0.08765,13,T,186(b),D,-0.05001,7
-1.109,-0.2008,11,T,186(b),E,-0.4512,8
-0.6288,-0.08818,9,T,186(b),F,-0.1848,6
-0.2096,-0.02374,5,T,186(b),G,0.026,4
-0.6476,-0.09171,13,T,186(b),H,-0.0102,6
-0.5182,-0.06862,21,T,186(b),I,-0.2704,13
2.461,0.09496,6,T,186(b),K,0.1482,3
0.3609,0.03112,12,T,186(b),L,-0.125,7
0.9295,0.06251,10,T,186(b),M,-0.04982,7
-0.5615,-0.07604,13,T,186(b),N,-0.193,5
-2.012,-0.5967,9,T,186(b),P,0.3602,6
-0.5208,-0.06906,9,T,186(b),Q,0.1723,7
-0.7532,-0.1127,4,T,186(b),R,-0.632,4
2.251,0.09286,13,T,186(b),S,0.2512,10
0,0,,T,186(b),T,0,
-1.199,-0.2278,8,T,186(b),V,-0.5774,2
0.211,0.01951,14,T,186(b),W,-0.2331,8
-0.2272,-0.02597,16,T,186(b),Y,-0.08861,10
-6.367,-5.491,5,Y,187(b),*,,
0.09523,0.009299,2,Y,187(b),-,,
-0.2754,-0.03224,8,Y,187(b),A,0.572,5
2.719,0.09701,14,Y,187(b),C,0.2591,6
0.9631,0.06387,9,Y,187(b),D,0.1625,6
-1.169,-0.2186,12,Y,187(b),E,-0.627,7
1.954,0.08903,2,Y,187(b),F,-0.5837,1
2.138,0.09153,11,Y,187(b),G,0.1169,8
0.5058,0.04086,22,Y,187(b),H,0.5722,7
0.2921,0.026,9,Y,187(b),I,0.1577,4
0.5492,0.04351,12,Y,187(b),K,-0.04022,5
4.833,0.1031,10,Y,187(b),L,-0.06854,6
0.161,0.01524,10,Y,187(b),M,-0.1326,5
-0.8419,-0.1321,20,Y,187(b),N,0.04746,14
-0.0001262,-1.284e-05,6,Y,187(b),P,-0.9982,2
0.8232,0.05789,8,Y,187(b),Q,-0.2123,4
0.05313,0.005294,14,Y,187(b),R,0.2554,5
-0.5878,-0.08069,8,Y,187(b),S,-0.7072,5
-0.207,-0.02342,7,Y,187(b),T,0.1586,3
0.5644,0.04441,11,Y,187(b),V,-0.5955,6
-0.7069,-0.1033,22,Y,187(b),W,-0.0721,13
0,0,,Y,187(b),Y,0,
-7.462,-5.85,3,E,188(b),*,,
-0.6106,-0.08482,2,E,188(b),-,,
-1.017,-0.1751,16,E,188(b),A,-0.1629,10
-1.049,-0.1839,9,E,188(b),C,-0.0745,6
-0.08493,-0.009047,14,E,188(b),D,-0.2661,5
0,0,,E,188(b),E,0,
0.7106,0.05245,6,E,188(b),F,-0.1672,3
1.714,0.08499,16,E,188(b),G,0.214,12
-0.5453,-0.07323,11,E,188(b),H,-0.2681,8
-0.8765,-0.1401,9,E,188(b),I,0.03294,7
0.3297,0.02884,18,E,188(b),K,-0.1257,9
0.7558,0.05471,14,E,188(b),L,0.1426,9
-1.262,-0.2481,8,E,188(b),M,0.4245,4
0.9224,0.06222,9,E,188(b),N,0.5969,5
-0.3526,-0.04291,15,E,188(b),P,-0.1987,9
0.1198,0.01156,13,E,188(b),Q,-0.03286,8
0.3658,0.03148,9,E,188(b),R,0.03388,6
1.443,0.07911,10,E,188(b),S,-0.06843,7
1.205,0.07245,11,E,188(b),T,0.1732,7
-1.743,-0.4466,12,E,188(b),V,-0.1048,7
-1.11,-0.2009,10,E,188(b),W,0.1449,6
0.2479,0.02252,8,E,188(b),Y,-0.1479,4
-7.282,-5.812,29,W,189(b),*,-6,4
0.2927,0.02605,2,W,189(b),-,,
1.806,0.08664,11,W,189(b),A,-0.1921,6
-0.7323,-0.1084,14,W,189(b),C,-0.1273,4
-1.074,-0.1909,5,W,189(b),D,-0.1956,5
-1.13,-0.2068,10,W,189(b),E,-0.3442,6
-0.4061,-0.05077,6,W,189(b),F,0.06375,3
-1.934,-0.55,5,W,189(b),G,-0.09249,1
0.8774,0.06031,9,W,189(b),H,0.1747,7
-0.8865,-0.1424,13,W,189(b),I,-0.1481,9
-1.583,-0.3715,13,W,189(b),K,-0.3972,10
-0.7351,-0.109,11,W,189(b),L,-0.3785,5
-1.36,-0.2824,14,W,189(b),M,-0.1132,11
-1.048,-0.1834,9,W,189(b),N,-0.6366,5
0.8354,0.05845,8,W,189(b),P,-0.1121,5
-2.318,-0.8107,12,W,189(b),Q,-0.4857,8
-1.373,-0.287,12,W,189(b),R,-0.2535,7
-1.828,-0.4904,11,W,189(b),S,-0.4265,9
-1.906,-0.5338,14,W,189(b),T,-0.702,5
-1.005,-0.172,7,W,189(b),V,0.6593,4
0,0,,W,189(b),W,0,
0.08277,0.00813,9,W,189(b),Y,-0.02785,5
-0.2571,-0.02983,3,V,190(b),-,,
-1.014,-0.1744,16,V,190(b),A,-0.1128,10
-0.5528,-0.07452,15,V,190(b),C,-0.1974,10
-0.6531,-0.09276,11,V,190(b),D,-0.2311,6
-0.2819,-0.03311,10,V,190(b),E,-0.0209,8
0.5007,0.04053,14,V,190(b),F,0.5575,6
-0.4042,-0.05049,9,V,190(b),G,-0.2171,7
0.4542,0.03755,11,V,190(b),H,-0.5669,5
-0.9763,-0.1645,8,V,190(b),I,-0.2347,6
1.068,0.06785,8,V,190(b),K,-0.08658,4
0.4131,0.03479,13,V,190(b),L,-0.08165,6
0.5351,0.04266,17,V,190(b),M,-0.1307,9
-1.557,-0.36,12,V,190(b),N,-0.3404,7
-1.432,-0.3093,12,V,190(b),P,0.1474,7
0.8062,0.05711,11,V,190(b),Q,-0.1642,7
0.1605,0.0152,8,V,190(b),R,0.2582,6
0.2243,0.02061,8,V,190(b),S,0.1836,5
1.915,0.08843,7,V,190(b),T,0.4404,5
0,0,,V,190(b),V,0,
-0.8663,-0.1377,6,V,190(b),W,-0.08323,3
-0.2129,-0.02416,11,V,190(b),Y,-0.2072,6
-0.1996,-0.0225,4,L,191(b),-,,
0.5437,0.04318,6,L,191(b),A,-0.6229,3
1.738,0.08544,4,L,191(b),C,0.1456,3
-0.1298,-0.01413,7,L,191(b),D,-0.6176,3
0.1495,0.01423,7,L,191(b),E,0.08622,6
-0.6832,-0.09856,4,L,191(b),F,-0.3988,1
3.024,0.09884,11,L,191(b),G,0.5583,8
-0.07653,-0.008119,11,L,191(b),H,-0.1484,7
0.4095,0.03454,6,L,191(b),I,-0.1171,4
0.1176,0.01136,13,L,191(b),K,0.001223,11
0,0,,L,191(b),L,0,
-0.3276,-0.03936,16,L,191(b),M,0.05061,7
-0.1888,-0.02117,12,L,191(b),N,-0.07126,8
0.4178,0.03511,11,L,191(b),P,-0.5163,6
-0.07795,-0.008276,10,L,191(b),Q,0.3334,7
0.7931,0.05649,10,L,191(b),R,-0.1869,5
-0.2033,-0.02296,5,L,191(b),S,0.3255,3
0.6675,0.05019,11,L,191(b),T,0.0482,7
0.1136,0.011,9,L,191(b),V,0.5866,6
-0.5914,-0.08133,5,L,191(b),W,-0.378,2
2.105,0.09112,9,L,191(b),Y,0.3087,7
-1,-0.1707,4,P,192(b),-,,
1.637,0.08346,15,P,192(b),A,0.04995,8
-1.234,-0.2391,12,P,192(b),C,-0.487,8
-1.85,-0.5022,12,P,192(b),D,-0.09338,8
-1.034,-0.1798,13,P,192(b),E,-0.1643,8
0.01626,0.001649,18,P,192(b),F,-0.4962,11
-0.668,-0.09561,7,P,192(b),G,-0.2944,3
-0.5408,-0.07246,11,P,192(b),H,-0.01736,5
0.6224,0.04774,5,P,192(b),I,0.05151,5
-0.3046,-0.03619,16,P,192(b),K,0.1566,8
-0.2982,-0.03531,12,P,192(b),L,-0.02426,5
-0.9157,-0.1494,12,P,192(b),M,-0.4733,5
0.1498,0.01425,3,P,192(b),N,0.361,2
0,0,,P,192(b),P,0,
-0.6668,-0.09537,12,P,192(b),Q,-0.2378,8
-0.3949,-0.0491,10,P,192(b),R,-0.391,5
-0.1231,-0.01336,19,P,192(b),S,-0.5935,5
-0.3028,-0.03593,15,P,192(b),T,-0.422,9
0.2388,0.02179,11,P,192(b),V,0.185,7
-1.057,-0.1861,12,P,192(b),W,-0.2524,11
-1.267,-0.2499,7,P,192(b),Y,-0.3869,1
-1.11,-0.2011,6,A,193(b),-,,
0,0,,A,193(b),A,0,
-0.04484,-0.004685,13,A,193(b),C,-0.09727,8
-0.5273,-0.07015,9,A,193(b),D,-0.0252,2
0.6135,0.04724,7,A,193(b),E,0.05598,5
-0.3754,-0.04622,13,A,193(b),F,0.07376,4
-0.1358,-0.01483,12,A,193(b),G,0.07715,6
0.4698,0.03856,11,A,193(b),H,0.1034,7
-0.4847,-0.06308,11,A,193(b),I,-0.1729,7
-0.2839,-0.03338,15,A,193(b),K,0.07893,7
1.395,0.07788,15,A,193(b),L,0.09562,14
0.1731,0.01629,4,A,193(b),M,0.6052,3
-0.1044,-0.01123,11,A,193(b),N,0.3469,7
-1.225,-0.2361,9,A,193(b),P,-0.264,6
0.2534,0.02297,7,A,193(b),Q,-0.311,5
0.2368,0.02163,10,A,193(b),R,0.4926,6
-0.1692,-0.01878,15,A,193(b),S,-0.07155,8
-0.2213,-0.02521,27,A,193(b),T,-0.13,8
0.3223,0.0283,30,A,193(b),V,0.03658,13
0.6584,0.04971,9,A,193(b),W,0.2061,4
-2.51,-0.9703,7,A,193(b),Y,-0.4256,4
-1.122,-0.2047,6,D,194(b),-,,
0.5882,0.0458,10,D,194(b),A,0.4328,5
-2.45,-0.9182,8,D,194(b),C,-1.141,6
0,0,,D,194(b),D,0,
1.272,0.07448,13,D,194(b),E,-0.07589,9
-0.7836,-0.1192,9,D,194(b),F,-0.377,5
0.5795,0.0453,18,D,194(b),G,-0.007855,9
0.713,0.05257,10,D,194(b),H,-0.3066,7
-1.914,-0.5382,10,D,194(b),I,-0.3462,5
0.9466,0.06321,6,D,194(b),K,0.366,5
-0.5464,-0.07341,6,D,194(b),L,0.7675,3
-0.8545,-0.1349,7,D,194(b),M,-0.3023,5
-0.5971,-0.08237,27,D,194(b),N,0.293,8
1.488,0.08019,9,D,194(b),P,0.1345,7
-0.2881,-0.03394,10,D,194(b),Q,-0.1315,4
1.359,0.07693,6,D,194(b),R,0.1685,3
0.6312,0.04822,9,D,194(b),S,0.0423,7
0.6237,0.04781,8,D,194(b),T,0.2424,5
1.143,0.07045,12,D,194(b),V,0.433,6
-0.7357,-0.1091,16,D,194(b),W,0.1675,9
-0.3246,-0.03895,11,D,194(b),Y,0.06063,5
-0.656,-0.0933,7,A,195(b),-,,
0,0,,A,195(b),A,0,
-0.1083,-0.01167,21,A,195(b),C,-0.1785,13
1.562,0.08188,9,A,195(b),D,-0.1734,4
-0.1656,-0.01835,7,A,195(b),E,0.1118,3
-1.659,-0.4057,11,A,195(b),F,-0.3158,6
0.2406,0.02194,6,A,195(b),G,-0.324,4
-0.005913,-0.0006059,12,A,195(b),H,-0.161,8
1.875,0.0878,5,A,195(b),I,0.2557,3
-0.6176,-0.0861,9,A,195(b),K,0.1369,6
0.07438,0.007337,15,A,195(b),L,0.2499,9
-0.9629,-0.1611,6,A,195(b),M,-0.1091,6
-0.316,-0.03776,8,A,195(b),N,0.00955,4
-0.1659,-0.01839,19,A,195(b),P,0.1111,9
-1.072,-0.1901,10,A,195(b),Q,-0.1063,7
2.034,0.09017,12,A,195(b),R,0.6058,8
-0.01071,-0.001101,22,A,195(b),S,-0.01005,14
-0.2894,-0.03412,21,A,195(b),T,0.1699,8
-0.3006,-0.03563,13,A,195(b),V,-0.1054,7
-0.3546,-0.0432,11,A,195(b),W,-0.3561,7
-0.7577,-0.1137,12,A,195(b),Y,-0.3584,7
-0.1135,-0.01226,8,A,196(b),-,,
0,0,,A,196(b),A,0,
-0.2423,-0.02789,22,A,196(b),C,-0.05359,12
-0.2401,-0.02762,13,A,196(b),D,0.1207,7
-0.2895,-0.03413,16,A,196(b),E,-0.05318,9
-1.275,-0.2528,5,A,196(b),F,0.1576,4
0.3283,0.02874,11,A,196(b),G,0.1113,8
7.642,0.1039,16,A,196(b),H,0.1914,11
1.833,0.08712,9,A,196(b),I,0.05582,6
0.336,0.02932,14,A,196(b),K,-0.1267,10
-0.5975,-0.08243,9,A,196(b),L,-0.03544,7
-0.7922,-0.121,12,A,196(b),M,-0.3184,8
-0.4374,-0.05557,6,A,196(b),N,-0.2361,3
0.8109,0.05733,10,A,196(b),P,0.1969,6
-0.2921,-0.03448,18,A,196(b),Q,-0.1507,11
-0.4477,-0.05719,18,A,196(b),R,-0.1144,16
-0.1824,-0.02038,19,A,196(b),S,-0.1322,9
0.427,0.03574,25,A,196(b),T,0.04039,10
0.2088,0.01933,15,A,196(b),V,0.3661,5
0.2029,0.01883,8,A,196(b),W,0.252,5
0.4565,0.0377,9,A,196(b),Y,0.1435,3
-3.384,-1.966,2,R,197(b),*,,
-0.5006,-0.06569,7,R,197(b),-,,
0.3314,0.02898,10,R,197(b),A,0.1144,6
-1.848,-0.5013,12,R,197(b),C,-0.7152,9
0.3313,0.02896,6,R,197(b),D,-0.7984,3
0.04117,0.004126,13,R,197(b),E,-0.06971,7
-0.8622,-0.1367,15,R,197(b),F,-0.1117,11
-0.145,-0.01591,23,R,197(b),G,-0.1796,5
-0.8511,-0.1342,4,R,197(b),H,-0.06501,2
0.3401,0.02962,16,R,197(b),I,-0.03343,5
0.787,0.0562,11,R,197(b),K,0.3159,4
-1.136,-0.2087,13,R,197(b),L,-0.5752,9
-1.623,-0.3892,11,R,197(b),M,-0.1842,7
0.6766,0.05068,14,R,197(b),N,0.1678,12
-0.3646,-0.04464,9,R,197(b),P,0.1274,6
-1.124,-0.2053,7,R,197(b),Q,-0.3233,5
0,0,,R,197(b),R,0,
2.821,0.09769,9,R,197(b),S,0.09688,8
-0.07489,-0.007939,9,R,197(b),T,0.1665,5
-0.2587,-0.03002,13,R,197(b),V,-0.06215,10
-0.004237,-0.0004339,11,R,197(b),W,-0.03699,8
-0.3568,-0.04351,8,R,197(b),Y,-0.2764,5
-1.325,-0.2696,7,G,198(b),-,,
0.2065,0.01913,21,G,198(b),A,0.004774,17
0.6913,0.05145,12,G,198(b),C,-0.4609,5
0.6196,0.04758,24,G,198(b),D,0.04932,7
0.3565,0.03081,15,G,198(b),E,-0.1228,6
-0.6757,-0.09709,7,G,198(b),F,-0.07571,6
0,0,,G,198(b),G,0,
-0.8982,-0.1452,8,G,198(b),H,-0.1215,6
0.09471,0.009251,5,G,198(b),I,0.1554,3
-0.1201,-0.01302,19,G,198(b),K,0.2762,13
-0.6416,-0.09058,13,G,198(b),L,-0.2093,11
0.3251,0.0285,19,G,198(b),M,-0.1457,14
0.5538,0.04378,11,G,198(b),N,0.4022,6
-0.488,-0.06362,7,G,198(b),P,0.3679,6
0.06343,0.006289,9,G,198(b),Q,-0.05437,6
2.456,0.09492,7,G,198(b),R,-0.5487,4
-0.4597,-0.05907,17,G,198(b),S,0.0006563,9
-0.07944,-0.008441,13,G,198(b),T,-0.409,6
-0.6653,-0.0951,8,G,198(b),V,0.06648,3
0.06784,0.006713,10,G,198(b),W,-0.5322,8
-0.2843,-0.03343,9,G,198(b),Y,0.3695,6
-1.931,-0.5478,3,K,199(b),*,,
-2.017,-0.6003,7,K,199(b),-,,
-1.923,-0.5437,9,K,199(b),A,-0.6526,8
-1.801,-0.4761,7,K,199(b),C,-0.4694,6
-1.184,-0.2233,13,K,199(b),D,-0.4329,7
-0.4412,-0.05616,14,K,199(b),E,-0.01234,3
-2.241,-0.7525,10,K,199(b),F,-0.7331,10
-0.5063,-0.06664,14,K,199(b),G,-0.0137,6
1.145,0.07049,7,K,199(b),H,0.1742,6
-0.4487,-0.05734,10,K,199(b),I,-0.2191,6
0,0,,K,199(b),K,0,
-2.198,-0.7208,8,K,199(b),L,-0.7989,2
-1.233,-0.2386,9,K,199(b),M,-0.1751,3
-1.641,-0.3974,12,K,199(b),N,-0.1596,6
-1.138,-0.2093,9,K,199(b),P,-0.00424,6
-0.3461,-0.04199,11,K,199(b),Q,-0.4559,6
-0.0957,-0.01025,19,K,199(b),R,0.2984,9
0.8566,0.0594,8,K,199(b),S,0.3904,5
-0.7101,-0.1039,12,K,199(b),T,-0.4215,5
-1.092,-0.1957,7,K,199(b),V,-0.4934,4
0.5102,0.04113,10,K,199(b),W,0.1438,7
0.1868,0.01747,19,K,199(b),Y,-0.123,12
