latent_phenotype_effect,functional_effect,times_seen,wildtype,site,mutant,functional_effect_singlemut,times_seen_singlemut
-7.462,-5.804,4,A,22,*,-6,3
0,0,,A,22,A,0,
1.369,0.06024,3,A,22,C,0.5468,3
0.7768,0.04351,2,A,22,D,,
-1.142,-0.1659,6,A,22,E,-0.005469,5
0.5892,0.03582,2,A,22,F,0.1578,2
-1.046,-0.1441,3,A,22,G,0.5201,2
0.7662,0.04311,3,A,22,H,0.05694,3
-3.613,-1.954,3,A,22,I,-1.905,2
-0.8155,-0.09916,8,A,22,K,0.2862,4
-1.384,-0.23,4,A,22,M,0.2387,2
1.39,0.06066,2,A,22,N,0.5772,2
-1.324,-0.213,7,A,22,P,0.04949,4
-0.1578,-0.01364,9,A,22,Q,0.2772,3
1.25,0.05761,6,A,22,R,0.4723,4
0.01798,0.001425,7,A,22,S,-0.03702,3
0.2215,0.01594,19,A,22,T,0.2413,8
-2.768,-0.9972,16,A,22,V,-1.083,9
-2.067,-0.5061,6,A,22,W,-0.8845,3
-0.1126,-0.009522,6,A,22,Y,0.0611,2
-7.655,-5.847,7,V,23,*,-6,2
-0.8234,-0.1005,16,V,23,A,0.0421,4
-1.919,-0.4317,6,V,23,C,-0.5201,3
-2.042,-0.493,7,V,23,D,0.1316,4
-0.2499,-0.02263,2,V,23,E,-0.05865,2
0.8831,0.04728,7,V,23,F,0.08872,5
-1.207,-0.1817,6,V,23,G,-0.4033,3
-0.9589,-0.126,3,V,23,H,-0.1201,2
-1.488,-0.2623,9,V,23,I,-0.5811,6
0.1006,0.007666,6,V,23,K,0.1391,4
0.9504,0.04946,5,V,23,L,,
0.8715,0.04689,17,V,23,M,-0.3144,7
0.4854,0.03091,5,V,23,N,0.106,4
2.334,0.0731,6,V,23,P,0.02355,4
0.2803,0.01961,2,V,23,Q,0.5433,1
-2.379,-0.6937,7,V,23,R,-0.849,4
-2.452,-0.7443,2,V,23,S,-0.315,1
-0.3587,-0.03431,8,V,23,T,0.3707,5
0,0,,V,23,V,0,
-1.541,-0.2799,6,V,23,W,-1.153,2
-1.204,-0.1811,6,V,23,Y,-0.08702,5
-8.321,-5.947,15,K,24,*,-6,6
-0.001137,-9.146e-05,8,K,24,A,-0.04554,4
-0.2318,-0.0208,10,K,24,C,-0.02206,3
0.5684,0.03488,9,K,24,D,0.354,3
-0.05087,-0.004171,9,K,24,E,-0.1026,6
0.7969,0.04425,5,K,24,F,0.7429,4
-2.218,-0.5912,7,K,24,G,-0.286,6
0.002875,0.0002294,10,K,24,H,-0.4253,7
-0.863,-0.1076,10,K,24,I,-0.03329,5
0,0,,K,24,K,0,
-1.623,-0.3087,10,K,24,L,-0.06161,8
-1.032,-0.1411,9,K,24,M,0.1087,3
-0.2814,-0.02588,8,K,24,N,0.4563,2
2.453,0.07399,10,K,24,P,0.1231,8
-0.8253,-0.1009,12,K,24,Q,-0.2271,9
0.4472,0.02898,20,K,24,R,-0.1911,11
-0.01,-0.0008038,11,K,24,S,-0.1947,4
-0.7887,-0.09452,10,K,24,T,0.1339,4
-1.352,-0.2209,9,K,24,V,-0.06276,6
-3.032,-1.252,8,K,24,W,-1.246,6
-0.01866,-0.001507,10,K,24,Y,0.5097,8
-8.729,-5.984,9,V,25,*,-6,6
-1.282,-0.2012,1,V,25,-,,
-0.06018,-0.004957,16,V,25,A,0.03838,7
-1.117,-0.16,9,V,25,C,0.4779,6
-0.7731,-0.09188,13,V,25,D,0.2847,7
-0.6823,-0.07727,12,V,25,E,-0.01801,5
-1.084,-0.1526,6,V,25,G,-0.263,4
2.255,0.07245,8,V,25,H,0.4272,3
-0.3789,-0.03663,11,V,25,I,0.4691,7
0.09234,0.007064,7,V,25,K,-0.3129,2
0.07955,0.006122,10,V,25,L,-0.1925,3
-0.2919,-0.02699,13,V,25,M,-0.07601,8
-1.407,-0.237,6,V,25,P,-0.1973,4
-0.3933,-0.0383,8,V,25,Q,-0.3972,4
-0.338,-0.03199,11,V,25,R,0.02195,7
1.437,0.0616,6,V,25,S,0.5112,4
-1.245,-0.1916,11,V,25,T,-0.2859,5
0,0,,V,25,V,0,
-1.908,-0.4266,5,V,25,W,-0.2863,3
-0.3092,-0.02884,10,V,25,Y,0.3393,6
-8.936,-5.997,9,G,26,*,-6,4
-0.1713,-0.01491,11,G,26,A,-0.3661,5
-2.253,-0.6121,8,G,26,C,0.3957,4
-0.5377,-0.05643,9,G,26,D,0.3613,5
-0.7649,-0.0905,13,G,26,E,0.128,5
-1.521,-0.2733,13,G,26,F,0.2204,7
0,0,,G,26,G,0,
-0.3042,-0.02831,6,G,26,H,-0.04965,2
-1.203,-0.1809,4,G,26,I,-0.1764,1
-2.819,-1.043,4,G,26,K,-0.4617,3
-1.943,-0.4433,9,G,26,L,-0.06908,4
1.443,0.0617,8,G,26,M,0.276,5
0.1793,0.01316,6,G,26,N,-0.0154,2
-0.5741,-0.0614,6,G,26,P,0.4538,3
-1.639,-0.3147,10,G,26,Q,-0.13,6
-0.7912,-0.09495,18,G,26,R,0.2171,3
1.628,0.06497,9,G,26,S,-0.0937,6
-0.2492,-0.02255,13,G,26,T,0.651,6
-0.5723,-0.06115,19,G,26,V,0.2722,7
-2.224,-0.5948,9,G,26,W,-0.2438,3
-0.9472,-0.1237,16,G,26,Y,-0.02642,7
-11.84,-6.054,14,H,27,*,-6,10
-1.406,-0.2367,1,H,27,-,,
-0.5336,-0.05587,12,H,27,A,0.0115,8
0.6891,0.04009,1,H,27,C,0.3143,1
-0.5152,-0.05343,9,H,27,D,0.2996,4
1.373,0.06031,6,H,27,E,0.1955,4
-1.094,-0.1549,12,H,27,F,-0.02925,5
-2.074,-0.5098,5,H,27,G,-0.131,3
0,0,,H,27,H,0,
2.273,0.07261,7,H,27,I,-0.01218,4
0.1953,0.01423,9,H,27,K,-0.4366,4
-0.02453,-0.001986,11,H,27,L,-0.4836,6
0.4145,0.02727,4,H,27,M,-0.3207,1
0.4315,0.02816,4,H,27,N,0.2534,4
-0.6053,-0.0658,10,H,27,P,0.5025,2
-1.77,-0.3658,4,H,27,Q,-0.2474,4
-0.3254,-0.0306,24,H,27,R,0.2385,8
0.3007,0.02084,9,H,27,S,0.05095,5
0.08694,0.006667,7,H,27,T,0.3728,3
-2.13,-0.54,10,H,27,V,-0.5583,6
-1.168,-0.1721,8,H,27,W,-0.3427,4
-1.367,-0.2252,17,H,27,Y,-0.3322,7
-9.68,-6.028,8,V,28,*,-6,3
-1.835,-0.3936,1,V,28,-,,
-0.945,-0.1232,7,V,28,A,-0.2904,4
-0.7699,-0.09134,7,V,28,C,-0.2948,4
-2.567,-0.8301,10,V,28,D,-0.4221,6
-1.969,-0.4561,6,V,28,E,-0.4345,4
-1.283,-0.2017,12,V,28,F,-0.13,8
-2.012,-0.4774,7,V,28,G,0.2112,1
-1.41,-0.238,3,V,28,H,-0.09781,1
0.00404,0.000322,5,V,28,I,0.01795,4
-0.6268,-0.06892,9,V,28,K,0.1951,5
-0.9981,-0.134,6,V,28,L,-0.0087,2
-0.5966,-0.06456,12,V,28,M,0.2915,5
-1.507,-0.2687,8,V,28,N,0.1156,5
-2.785,-1.012,7,V,28,P,-1.428,5
-0.08559,-0.007139,6,V,28,Q,0.4061,3
0.1613,0.01194,11,V,28,R,-0.0965,4
-1.347,-0.2194,6,V,28,S,-0.3455,5
-1.106,-0.1575,8,V,28,T,0.1527,3
0,0,,V,28,V,0,
-0.635,-0.07013,7,V,28,W,0.5098,4
-0.6349,-0.07011,4,V,28,Y,-0.1136,1
-8.204,-5.934,8,L,29,*,-6,4
-0.4896,-0.0501,7,L,29,A,-0.4037,4
-2.538,-0.8075,6,L,29,C,-0.5701,5
-5.59,-4.718,4,L,29,D,-4.963,1
-3.258,-1.504,8,L,29,E,-1.408,6
1.09,0.05357,5,L,29,F,0.1239,3
-2.673,-0.9158,8,L,29,G,-0.9692,6
-0.8505,-0.1054,6,L,29,H,-0.4137,2
-2.13,-0.54,5,L,29,I,-0.6598,5
-2.795,-1.022,7,L,29,K,-0.6146,4
0,0,,L,29,L,0,
-0.2287,-0.02048,9,L,29,M,-0.4638,2
-2.502,-0.7811,7,L,29,N,-0.8756,5
-8.797,-5.988,9,L,29,P,-6,3
-2.205,-0.5832,11,L,29,Q,-0.9414,9
-3.818,-2.242,10,L,29,R,-2.151,8
-0.8593,-0.107,5,L,29,S,-0.1707,2
-2.448,-0.7419,21,L,29,T,-1.262,10
-2.636,-0.8853,7,L,29,V,-0.8898,5
-1.095,-0.155,12,L,29,W,-0.6158,5
-1.198,-0.1795,8,L,29,Y,-1.335,3
-7.173,-5.724,7,M,30,*,-6,2
-0.4423,-0.04417,8,M,30,A,-0.01109,4
-0.4716,-0.04781,13,M,30,C,-0.1417,7
-2.33,-0.6609,10,M,30,D,-0.6713,9
0.519,0.03256,9,M,30,E,-0.2584,6
-0.2986,-0.02771,12,M,30,F,-0.009472,7
-1.139,-0.1652,11,M,30,G,-0.3625,6
-1.996,-0.4694,13,M,30,H,-0.3305,6
-0.8597,-0.107,32,M,30,I,0.4508,7
1.395,0.06076,6,M,30,K,0.3633,5
-0.7161,-0.08256,17,M,30,L,-0.1145,8
0,0,,M,30,M,0,
-4.008,-2.522,11,M,30,N,-2.349,7
-4.445,-3.19,7,M,30,P,-2.796,2
-0.3053,-0.02843,8,M,30,Q,-0.1777,4
2.786,0.07599,8,M,30,R,0.1157,4
0.707,0.04082,17,M,30,S,0.191,7
0.6581,0.03881,8,M,30,T,-0.3545,3
0.2794,0.01956,16,M,30,V,-0.0882,9
-1.542,-0.2802,6,M,30,W,-0.5719,1
-0.4838,-0.04936,5,M,30,Y,-0.09335,4
-15.75,-6.057,33,Q,31,*,-6,8
-0.3901,-0.03793,1,Q,31,-,,
-2.091,-0.5187,11,Q,31,A,-0.4074,4
-2.02,-0.4813,7,Q,31,C,-0.6951,5
-1.969,-0.4558,7,Q,31,D,-0.04882,6
-2.094,-0.5205,6,Q,31,E,-0.4515,3
0.5719,0.03504,13,Q,31,F,0.3246,8
-3.452,-1.742,4,Q,31,G,-2.14,3
-0.7743,-0.09209,11,Q,31,H,-0.818,2
-2.406,-0.7123,10,Q,31,I,-1.053,5
-3.548,-1.867,6,Q,31,K,-1.051,1
-1.6,-0.3006,10,Q,31,L,-0.3349,2
-0.8943,-0.1135,13,Q,31,M,-0.511,9
-3.21,-1.448,13,Q,31,N,-1.662,8
-4.294,-2.957,13,Q,31,P,-2.6,4
0,0,,Q,31,Q,0,
-4.097,-2.656,22,Q,31,R,-2.727,11
-1.985,-0.4638,14,Q,31,S,-1.068,5
0.5597,0.03448,8,Q,31,T,0.08575,5
0.9531,0.04955,6,Q,31,V,-0.3735,3
-3.244,-1.487,12,Q,31,W,-1.597,5
-3.183,-1.416,3,Q,31,Y,-1.422,3
-7.189,-5.729,12,T,32,*,-6,7
-0.6849,-0.07766,2,T,32,-,,
-1.306,-0.2079,12,T,32,A,0.02575,4
-0.6752,-0.07617,5,T,32,C,-0.394,4
-1.786,-0.3726,9,T,32,D,-0.6581,3
-2.417,-0.72,8,T,32,E,-0.6148,4
-1.459,-0.2531,9,T,32,F,0.0299,6
-2.317,-0.6524,13,T,32,G,-0.3233,9
-2.49,-0.7717,6,T,32,H,-0.9451,3
0.006513,0.0005195,8,T,32,I,0.3533,4
-2.511,-0.7877,13,T,32,K,-0.9126,12
-0.1897,-0.01666,16,T,32,L,0.0521,4
0.5512,0.03408,9,T,32,M,0.07784,6
0.5352,0.03333,4,T,32,N,0.2179,3
-6.926,-5.637,9,T,32,P,-5.934,6
-1.64,-0.3152,13,T,32,Q,0.5258,8
-1.896,-0.4214,13,T,32,R,-0.3374,8
1.08,0.0533,8,T,32,S,0.4758,3
0,0,,T,32,T,0,
0.02905,0.002291,14,T,32,V,-0.00125,8
-1.803,-0.3799,9,T,32,W,-1.035,4
-0.6638,-0.07442,12,T,32,Y,-0.187,9
-9.901,-6.034,17,E,33,*,-6,8
-0.4871,-0.04978,2,E,33,-,,
-3.116,-1.342,4,E,33,A,-1.398,3
-0.7095,-0.08151,14,E,33,C,-0.3506,9
-1.42,-0.2408,12,E,33,D,-0.9165,5
0,0,,E,33,E,0,
-4.02,-2.541,8,E,33,F,-2.683,4
-2.293,-0.6372,20,E,33,G,-0.6143,8
-2.33,-0.6609,14,E,33,H,-1.348,9
0.9546,0.0496,6,E,33,I,-0.3559,4
-4.894,-3.853,19,E,33,K,-3.926,4
-0.6094,-0.0664,4,E,33,L,0.05196,2
-3.755,-2.152,9,E,33,M,-2.042,6
-2.467,-0.7555,12,E,33,N,-0.5778,9
-11.08,-6.05,6,E,33,P,-5.802,5
-3.137,-1.366,8,E,33,Q,-1.66,3
-3.523,-1.833,3,E,33,R,-1.062,1
0.3709,0.02489,4,E,33,S,-0.9138,3
-3.306,-1.561,8,E,33,T,-1.755,5
0.192,0.01401,14,E,33,V,0.1061,7
-4.326,-3.006,13,E,33,W,-2.779,10
-4.246,-2.884,10,E,33,Y,-2.78,6
-8.882,-5.994,7,F,34,*,-6,5
-1.245,-0.1915,2,F,34,-,,
-2.784,-1.012,10,F,34,A,-0.6823,4
-1.849,-0.4001,8,F,34,C,-0.5696,5
-3.732,-2.119,8,F,34,D,-2.324,7
-3.078,-1.301,11,F,34,E,-0.8304,2
0,0,,F,34,F,0,
-3.438,-1.724,6,F,34,G,-1.53,3
-1.235,-0.1889,7,F,34,H,-0.07669,6
-1.851,-0.4007,12,F,34,I,-0.498,7
-3.924,-2.397,10,F,34,K,-2.311,6
-1.654,-0.3203,19,F,34,L,-0.3483,8
-1.402,-0.2354,6,F,34,M,-0.09774,4
-1.88,-0.4139,6,F,34,N,-0.6688,4
-7.198,-5.732,8,F,34,P,-6,5
-2.36,-0.6808,15,F,34,Q,-0.816,9
-3.274,-1.522,10,F,34,R,-1.712,8
-2.075,-0.5102,8,F,34,S,-0.3169,7
-2.467,-0.7555,8,F,34,T,-0.6581,5
-2.088,-0.5172,11,F,34,V,-0.3948,7
1.04,0.05215,4,F,34,W,0.5757,2
1.311,0.05899,11,F,34,Y,-0.02927,10
-7.332,-5.771,8,Y,35,*,-6,5
-0.1884,-0.01654,1,Y,35,-,,
-1.523,-0.2737,7,Y,35,A,-0.3639,4
-2.072,-0.5087,15,Y,35,C,-1.129,5
-15.36,-6.057,2,Y,35,D,,
-4.23,-2.859,10,Y,35,E,-3.216,4
-2.724,-0.9584,2,Y,35,F,-1.007,1
-4.656,-3.508,4,Y,35,G,-3.576,3
-1.28,-0.2008,12,Y,35,H,-0.174,9
-2.469,-0.7569,7,Y,35,I,-0.8842,6
-3.344,-1.607,4,Y,35,K,-1.665,2
-3.208,-1.445,8,Y,35,L,-1.329,4
-1.204,-0.181,9,Y,35,M,0.2609,4
-3.481,-1.779,14,Y,35,N,-1.759,10
-7.757,-5.867,12,Y,35,P,-6,7
-2.698,-0.9361,9,Y,35,Q,-0.4107,6
-3.181,-1.415,6,Y,35,R,-1.487,4
-2.717,-0.9524,5,Y,35,S,-0.8136,4
-1.515,-0.2711,10,Y,35,T,-0.4867,6
-1.97,-0.4564,7,Y,35,V,-0.5888,4
-1.37,-0.2261,7,Y,35,W,-0.1111,3
0,0,,Y,35,Y,0,
-8.106,-5.922,13,Q,36,*,-6,7
-2.006,-0.4742,2,Q,36,-,,
0.3404,0.02316,8,Q,36,A,0.0529,6
0.4192,0.02751,7,Q,36,C,-0.179,4
-1.434,-0.2453,9,Q,36,D,-0.2838,5
-1.87,-0.4093,12,Q,36,E,-0.4556,8
-1.276,-0.1997,7,Q,36,F,-0.5417,4
-2.478,-0.7631,7,Q,36,G,-0.4367,4
-1.025,-0.1396,23,Q,36,H,-0.07076,7
-2.877,-1.098,5,Q,36,I,-0.5533,3
-3.531,-1.844,12,Q,36,K,-1.768,6
-0.4562,-0.04589,7,Q,36,L,-3.004,2
-0.1773,-0.01548,11,Q,36,M,0.3454,4
-2.276,-0.6266,2,Q,36,N,-0.01761,1
-8.421,-5.958,12,Q,36,P,-6,4
0,0,,Q,36,Q,0,
-2.836,-1.059,10,Q,36,R,-1.102,4
-1.093,-0.1547,4,Q,36,S,-0.02994,1
-1.338,-0.2167,6,Q,36,T,-0.2581,4
-1.931,-0.4375,4,Q,36,V,-0.2466,3
-1.833,-0.3928,7,Q,36,W,-0.1847,3
0.1409,0.01053,10,Q,36,Y,0.7853,2
-11.77,-6.053,5,R,37,*,-6,3
-4.569,-3.378,3,R,37,-,,
-0.6648,-0.07458,7,R,37,A,0.0681,5
-1.437,-0.2461,9,R,37,C,-0.3089,5
-1.925,-0.4347,8,R,37,D,-0.3587,4
-2.237,-0.6024,10,R,37,E,-0.1396,5
-1.304,-0.2074,12,R,37,F,-0.2032,8
-2.515,-0.7903,10,R,37,G,-0.7757,2
-1.896,-0.4212,9,R,37,H,-0.1368,5
-1.479,-0.2593,8,R,37,I,-0.1934,6
0.2533,0.01795,15,R,37,K,-0.3,5
-1.44,-0.2471,10,R,37,L,-0.05941,3
-0.09769,-0.008197,11,R,37,M,-0.1129,4
-0.424,-0.04194,7,R,37,N,-0.1138,6
-7.697,-5.855,6,R,37,P,-6,4
-1.864,-0.4066,15,R,37,Q,-0.4031,13
0,0,,R,37,R,0,
-0.639,-0.07072,10,R,37,S,-0.1935,5
-1.172,-0.173,7,R,37,T,-0.00175,4
-0.6695,-0.0753,11,R,37,V,-0.2035,5
-0.9415,-0.1225,16,R,37,W,-0.4655,6
-1.735,-0.3516,13,R,37,Y,-0.3931,11
-9.629,-6.027,11,D,38,*,-6,6
-2.529,-0.8013,3,D,38,-,,
-1.976,-0.4591,9,D,38,A,-0.129,7
-0.6375,-0.0705,10,D,38,C,-0.05624,6
0,0,,D,38,D,0,
1.535,0.06341,15,D,38,E,-0.0199,7
1.188,0.05611,4,D,38,F,-0.4914,1
-2.528,-0.8,15,D,38,G,-0.5382,7
-0.5694,-0.06074,7,D,38,H,0.2598,3
-0.8806,-0.1109,7,D,38,I,0.2624,6
-3.599,-1.936,7,D,38,K,-1.753,4
-1.557,-0.2855,6,D,38,L,-0.82,3
-0.09192,-0.007691,10,D,38,M,-0.5021,5
-2.948,-1.167,18,D,38,N,-1.144,6
-4.272,-2.923,14,D,38,P,-2.857,9
-0.5207,-0.05416,7,D,38,Q,-0.2482,3
-3.111,-1.337,6,D,38,R,-1.14,4
-0.8769,-0.1102,14,D,38,S,0.0429,6
1.573,0.06406,9,D,38,T,0.3582,6
-1.455,-0.2517,8,D,38,V,-0.2793,5
-1.173,-0.1735,8,D,38,W,-0.4101,7
-1.303,-0.207,13,D,38,Y,-0.265,5
-7.321,-5.768,12,E,39,*,-6,9
-0.7261,-0.08416,1,E,39,-,,
-1.447,-0.2491,17,E,39,A,-0.2509,8
-0.5589,-0.0593,7,E,39,C,-0.0134,6
0.1742,0.01281,14,E,39,D,0.1488,5
0,0,,E,39,E,0,
-0.6243,-0.06856,10,E,39,F,-0.3269,9
-0.9988,-0.1341,11,E,39,G,-0.001244,7
-1.338,-0.2167,10,E,39,H,0.171,4
-1.267,-0.1973,14,E,39,I,0.004428,7
-1.922,-0.4332,15,E,39,K,-0.07368,6
1.987,0.06982,13,E,39,L,-0.09294,9
-0.6525,-0.07272,16,E,39,M,-0.2894,8
-0.672,-0.07568,6,E,39,N,0.1129,5
-2.113,-0.5306,6,E,39,P,-0.1673,4
-2.462,-0.7513,3,E,39,Q,-0.7677,2
0.9839,0.0505,11,E,39,R,0.2067,8
0.535,0.03332,10,E,39,S,0.09589,5
-0.594,-0.06419,6,E,39,T,-0.209,4
-0.04988,-0.004088,13,E,39,V,-0.1825,7
-1.315,-0.2105,7,E,39,W,0.6467,1
-1.031,-0.141,9,E,39,Y,-0.3113,5
-7.117,-5.706,4,T,40,*,-6,3
0.1251,0.009417,1,T,40,-,,
-1.734,-0.3513,13,T,40,A,-0.1214,6
-0.2137,-0.01899,9,T,40,C,0.3617,6
1.414,0.06114,7,T,40,D,0.08304,5
-1.116,-0.1598,7,T,40,E,0.0947,4
0.9645,0.0499,8,T,40,F,-0.1401,4
-0.1024,-0.008611,12,T,40,G,0.1132,6
-0.1121,-0.009477,7,T,40,H,0.5481,4
-0.4232,-0.04184,21,T,40,I,-0.04711,12
1.147,0.05507,13,T,40,K,0.193,5
-0.7885,-0.09449,11,T,40,L,-0.1171,10
-1.479,-0.2595,7,T,40,M,-0.6342,3
2.031,0.0703,11,T,40,N,-0.1411,6
0.3292,0.02252,13,T,40,P,-0.2624,9
1.5,0.06279,11,T,40,Q,0.5779,5
1.203,0.05648,5,T,40,R,0.7386,3
0.02521,0.001991,12,T,40,S,-0.04642,5
0,0,,T,40,T,0,
0.01442,0.001145,8,T,40,V,0.3968,4
0.181,0.01327,7,T,40,W,0.1531,4
0.1328,0.009965,7,T,40,Y,0.0394,2
-7.132,-5.711,6,H,41,*,-6,5
-0.01556,-0.001254,1,H,41,-,,
-1.007,-0.1359,13,H,41,A,-0.05215,6
-1.372,-0.2267,13,H,41,C,0.1849,9
0.0566,0.004404,11,H,41,D,-0.2502,6
0.4705,0.03017,16,H,41,E,0.003685,10
0.1963,0.01429,10,H,41,F,0.07966,3
-0.5897,-0.06359,5,H,41,G,-0.4209,4
0,0,,H,41,H,0,
-1.315,-0.2104,12,H,41,I,-0.1577,8
-1.818,-0.3865,2,H,41,K,-0.4036,1
-0.9695,-0.1281,5,H,41,L,-0.03146,4
1.786,0.06732,4,H,41,M,1.025,4
1.242,0.05742,9,H,41,N,-0.448,4
-1.863,-0.4059,16,H,41,P,-0.2846,8
-1.546,-0.2815,6,H,41,Q,-0.4327,3
-0.4014,-0.03925,17,H,41,R,0.3741,4
1.277,0.05824,4,H,41,S,0.317,4
0.8412,0.04584,5,H,41,T,-0.9349,3
-1.134,-0.164,7,H,41,V,0.0299,5
-1.001,-0.1346,5,H,41,W,-0.0355,3
-0.235,-0.02112,15,H,41,Y,-0.2528,5
-4.237,-2.87,2,N,42,-,,
-1.302,-0.2069,5,N,42,A,-0.1584,1
-0.6002,-0.06508,7,N,42,C,-0.4726,5
0.5937,0.03602,19,N,42,D,-0.1389,8
0.2352,0.01681,10,N,42,E,-0.2374,4
1.928,0.06913,12,N,42,F,0.00354,6
-2.235,-0.6016,9,N,42,G,-0.5322,6
-0.09498,-0.007959,8,N,42,H,0.3228,4
-0.04431,-0.003622,8,N,42,I,0.2983,2
2.422,0.07377,9,N,42,K,0.5487,3
-0.8682,-0.1086,14,N,42,L,-0.1735,8
-2.716,-0.9518,4,N,42,M,-0.9423,4
0,0,,N,42,N,0,
-1.514,-0.2708,7,N,42,P,-0.4339,6
-0.4326,-0.04298,6,N,42,Q,-0.06433,5
-1.377,-0.2279,7,N,42,R,0.05747,4
-1.178,-0.1746,17,N,42,S,-0.2867,8
-0.4153,-0.0409,8,N,42,T,0.08026,4
-0.8264,-0.1011,11,N,42,V,0.1355,9
-0.6271,-0.06896,9,N,42,W,-0.3631,5
-0.1468,-0.01262,3,N,42,Y,-0.4089,1
-0.7999,-0.09645,1,R,43,-,,
-1.174,-0.1737,10,R,43,A,-0.03222,7
-0.04625,-0.003784,17,R,43,C,-0.2009,6
-2.114,-0.5312,7,R,43,D,-0.2527,6
-0.3606,-0.03453,6,R,43,E,0.02856,1
0.8258,0.0453,10,R,43,F,-0.04222,6
-1.007,-0.1357,11,R,43,G,0.1649,7
-0.5643,-0.06004,22,R,43,H,0.08935,7
-0.9393,-0.1221,9,R,43,I,-0.3127,3
-1.904,-0.4249,12,R,43,K,-0.3005,9
-0.9081,-0.1161,16,R,43,L,0.05378,7
-0.4165,-0.04104,4,R,43,M,-0.05179,3
-1.327,-0.2137,10,R,43,N,-0.5655,6
-2.571,-0.8331,6,R,43,P,-0.7379,6
-2.154,-0.5538,4,R,43,Q,-1.148,1
0,0,,R,43,R,0,
3.237,0.07783,12,R,43,S,-0.3236,7
-1.733,-0.3511,5,R,43,T,-0.6853,2
1.384,0.06055,9,R,43,V,0.3616,6
-0.06472,-0.005344,11,R,43,W,-0.4381,8
-0.1046,-0.008808,13,R,43,Y,0.3163,7
-10.17,-6.039,6,E,44,*,-5.688,2
-0.1431,-0.01228,1,E,44,-,,
-1.564,-0.2877,6,E,44,A,-0.1766,2
-2.723,-0.9577,6,E,44,C,-0.9555,5
-1.011,-0.1368,13,E,44,D,-0.3605,2
0,0,,E,44,E,0,
-1.325,-0.2132,11,E,44,F,-0.3796,6
-1.733,-0.3509,14,E,44,G,-0.3839,4
-2.151,-0.5519,11,E,44,H,-0.6002,10
-0.5145,-0.05334,7,E,44,I,-0.8956,3
-3.087,-1.311,6,E,44,K,-1.356,2
-2.085,-0.5153,3,E,44,L,-0.2576,2
-1.131,-0.1634,11,E,44,M,-0.3956,8
-1.901,-0.4235,9,E,44,N,-0.3055,6
-2.106,-0.5267,11,E,44,P,-0.353,6
-2.396,-0.7055,7,E,44,Q,-0.1404,5
-1.53,-0.2761,9,E,44,R,-0.3781,6
-0.6623,-0.0742,10,E,44,S,-0.3326,6
-1.353,-0.2211,8,E,44,T,-0.08923,5
-1.337,-0.2165,6,E,44,V,-0.6967,1
-2.634,-0.8831,11,E,44,W,-0.5277,5
-1.431,-0.2444,6,E,44,Y,-1.318,2
-0.377,-0.03641,1,G,45,-,,
0.5346,0.0333,8,G,45,A,0.01179,4
-0.5875,-0.06327,15,G,45,C,0.03959,8
1.188,0.0561,11,G,45,D,-0.5317,1
-0.3638,-0.03489,11,G,45,E,-0.54,4
-0.7318,-0.08507,9,G,45,F,-0.2139,4
0,0,,G,45,G,0,
-0.9275,-0.1198,9,G,45,H,0.08425,6
2.772,0.07592,11,G,45,I,0.1685,7
-0.665,-0.07462,10,G,45,K,0.0206,6
0.22,0.01583,10,G,45,L,0.6206,8
1.324,0.05927,7,G,45,M,-0.001955,4
-0.1673,-0.01454,9,G,45,N,-0.5167,5
-4.442,-3.184,12,G,45,P,-3.616,7
-0.313,-0.02925,7,G,45,Q,0.0651,4
-1.204,-0.181,10,G,45,R,0.1252,5
-0.1348,-0.01152,9,G,45,S,0.2414,4
-1.181,-0.1754,5,G,45,T,0.2224,5
1.219,0.05687,6,G,45,V,-0.0985,4
-1.87,-0.4091,10,G,45,W,-0.7154,8
1.258,0.05778,5,G,45,Y,-0.008339,4
-0.3749,-0.03616,1,G,46,-,,
-1.267,-0.1974,9,G,46,A,-0.1214,3
-1.562,-0.2873,14,G,46,C,-0.5677,7
-3.478,-1.776,36,G,46,D,-1.808,8
-3.332,-1.591,6,G,46,E,-1.989,5
-1.648,-0.318,6,G,46,F,-1.016,3
0,0,,G,46,G,0,
-0.7801,-0.09306,12,G,46,H,-0.4157,6
-2.789,-1.016,13,G,46,I,-0.8864,7
-7.177,-5.725,4,G,46,K,-6,2
-3.556,-1.878,13,G,46,L,-1.809,10
-3.756,-2.153,6,G,46,M,-1.834,3
-2.157,-0.5552,8,G,46,N,-0.984,3
-2.28,-0.6292,8,G,46,P,-0.7084,4
-1.269,-0.1978,5,G,46,Q,-0.3864,4
-3.607,-1.946,12,G,46,R,-2.109,6
-0.09004,-0.007527,18,G,46,S,-0.3833,4
-1.461,-0.2536,7,G,46,T,-0.4095,3
-1.445,-0.2487,19,G,46,V,-0.3483,7
-1.737,-0.3527,12,G,46,W,-0.9321,5
-2.714,-0.9505,6,G,46,Y,-0.6938,3
-6.857,-5.61,7,Q,47,*,,
-0.2842,-0.02618,1,Q,47,-,,
-1.682,-0.3307,8,Q,47,A,-0.07725,7
-0.948,-0.1238,8,Q,47,C,0.06033,5
-1.719,-0.3452,4,Q,47,D,-0.3932,3
-1.12,-0.1607,6,Q,47,E,0.6562,4
-0.712,-0.0819,4,Q,47,F,0.9418,1
-0.1604,-0.01388,6,Q,47,G,-0.2018,4
-1.998,-0.4704,16,Q,47,H,-0.7245,6
-0.9114,-0.1167,13,Q,47,I,-0.03357,9
-2.471,-0.7584,5,Q,47,K,-0.4078,2
-1.667,-0.3252,12,Q,47,L,-0.03408,6
-0.7821,-0.0934,7,Q,47,M,-0.04436,5
0.5294,0.03306,9,Q,47,N,-0.517,6
-7.255,-5.749,8,Q,47,P,-6,4
0,0,,Q,47,Q,0,
-2.715,-0.9506,4,Q,47,R,-0.9603,2
0.07045,0.005446,11,Q,47,S,0.2351,6
-2.246,-0.6078,8,Q,47,T,-0.7569,4
-0.702,-0.08032,9,Q,47,V,0.02469,6
-0.7194,-0.08308,6,Q,47,W,-0.2682,3
-1.464,-0.2545,12,Q,47,Y,-0.9317,7
0.02377,0.001879,1,F,48,-,,
-3.422,-1.704,8,F,48,A,-2.336,3
-3.002,-1.221,10,F,48,C,-1.337,6
-8.661,-5.978,3,F,48,D,,
-4.227,-2.855,4,F,48,E,-3.032,2
0,0,,F,48,F,0,
-5.17,-4.227,5,F,48,G,-3.753,1
-2.908,-1.127,5,F,48,H,-1.131,4
-1.635,-0.3131,2,F,48,I,,
-5.645,-4.774,6,F,48,K,-4.931,4
-2.153,-0.5533,11,F,48,L,-0.8963,4
-1.562,-0.2871,10,F,48,M,-0.6972,6
-4.527,-3.313,7,F,48,N,-3.609,4
-12.55,-6.055,8,F,48,P,-6,5
-3.419,-1.7,11,F,48,Q,-1.506,6
-7.922,-5.895,9,F,48,R,-6,4
-3.5,-1.803,16,F,48,S,-1.603,5
-3.589,-1.922,8,F,48,T,-1.543,6
-3.276,-1.524,8,F,48,V,-1.463,5
1.089,0.05354,7,F,48,W,0.01365,3
-2.537,-0.807,14,F,48,Y,-0.9569,4
-1.387,-0.2311,2,M,49,-,,
-1.036,-0.142,11,M,49,A,-0.2173,9
-0.7195,-0.08309,9,M,49,C,0.3608,5
-1.97,-0.4566,7,M,49,D,0.2445,4
-1.56,-0.2865,6,M,49,E,0.0112,4
-0.5096,-0.0527,9,M,49,F,0.1222,7
-1.991,-0.4668,2,M,49,G,-0.4725,2
0.4214,0.02763,9,M,49,H,-0.1471,6
-0.6986,-0.07979,11,M,49,I,0.4643,4
-1.37,-0.226,6,M,49,K,0.3783,1
0.3988,0.02642,11,M,49,L,0.1402,3
0,0,,M,49,M,0,
-0.1743,-0.01519,8,M,49,N,0.2717,3
-11.58,-6.053,9,M,49,P,-6,6
-0.9619,-0.1266,10,M,49,Q,-0.1242,7
1.351,0.05985,5,M,49,R,0.2904,4
-1.335,-0.216,9,M,49,S,0.008235,5
-1.962,-0.4527,11,M,49,T,-0.1888,7
-0.7734,-0.09193,15,M,49,V,0.02357,5
-1.894,-0.4202,9,M,49,W,-0.2707,5
-0.6503,-0.0724,5,M,49,Y,0.2111,4
-1.06,-0.1471,2,F,50,-,,
-2.145,-0.5488,8,F,50,A,-1.199,5
-1.75,-0.3579,12,F,50,C,-0.8407,9
-2.404,-0.7107,8,F,50,D,-0.7449,4
-1.035,-0.1418,7,F,50,E,-0.6522,3
0,0,,F,50,F,0,
-3.23,-1.47,8,F,50,G,-1.589,5
-1.297,-0.2054,6,F,50,H,0.04225,3
-0.8594,-0.107,10,F,50,I,-0.1299,6
-3.018,-1.238,8,F,50,K,-0.7417,7
-2.159,-0.5565,16,F,50,L,-0.7027,9
-0.5989,-0.0649,7,F,50,M,-0.3465,4
-2.563,-0.8271,9,F,50,N,-0.8875,6
-5.162,-4.217,13,F,50,P,-4.365,9
-0.3527,-0.03364,4,F,50,Q,0.5131,2
-3.782,-2.191,7,F,50,R,-2.311,5
-1.802,-0.3795,9,F,50,S,-0.7179,5
-3.065,-1.287,4,F,50,T,-1.578,3
-2.31,-0.6482,5,F,50,V,-1.037,2
-1.685,-0.3321,10,F,50,W,-1.385,3
-2.464,-0.7528,10,F,50,Y,-0.8556,6
-1.751,-0.3582,3,D,51,-,,
-0.5351,-0.05607,8,D,51,A,-0.9542,4
-0.678,-0.07659,8,D,51,C,0.01343,3
0,0,,D,51,D,0,
-0.1106,-0.009337,11,D,51,E,-0.3253,7
0.75,0.0425,8,D,51,F,-0.09227,7
1.843,0.06807,4,D,51,G,-0.09567,2
0.009309,0.0007409,15,D,51,H,-0.1371,8
1.251,0.05763,7,D,51,I,0.48,4
-0.6619,-0.07415,9,D,51,K,0.2346,5
-1.041,-0.1431,10,D,51,L,-0.7237,2
-0.8538,-0.106,11,D,51,M,-0.08073,6
-0.1381,-0.01183,21,D,51,N,-0.1055,5
-3.698,-2.071,6,D,51,P,-1.405,1
-1.227,-0.1868,10,D,51,Q,-0.3717,7
-0.7538,-0.08867,14,D,51,R,-0.5036,8
0.7929,0.04411,4,D,51,S,0.1895,4
2.083,0.07084,12,D,51,T,0.2557,6
-0.4938,-0.05064,12,D,51,V,0.3521,7
-1.037,-0.1422,17,D,51,W,-0.08752,8
-1.127,-0.1625,21,D,51,Y,0.3839,7
-1.957,-0.4502,3,F,52,-,,
-1.981,-0.462,12,F,52,A,-0.9654,8
-1.438,-0.2466,8,F,52,C,-0.5046,5
-3.364,-1.631,7,F,52,D,-1.746,1
-2.894,-1.114,8,F,52,E,-0.7027,3
0,0,,F,52,F,0,
-2.584,-0.8435,11,F,52,G,-0.7163,7
-1.176,-0.1741,9,F,52,H,-0.7807,3
-1.901,-0.4234,13,F,52,I,-0.2491,6
-1.762,-0.3626,9,F,52,K,-1.141,2
-2.274,-0.6255,16,F,52,L,-0.5785,7
-1.39,-0.2318,14,F,52,M,-0.8197,5
-2.523,-0.7968,7,F,52,N,-0.6501,3
-17.87,-6.057,9,F,52,P,-5.467,3
-3.06,-1.282,9,F,52,Q,-1.324,5
-3.27,-1.517,5,F,52,R,-1.41,5
-2.829,-1.053,9,F,52,S,-1.011,5
-1.538,-0.2788,10,F,52,T,-0.7433,4
-2.406,-0.7121,10,F,52,V,-0.9429,4
-1.387,-0.231,19,F,52,W,-0.5071,12
-1.045,-0.1439,10,F,52,Y,-0.6294,5
-2.438,-0.7348,4,D,53,-,,
-2.647,-0.8936,8,D,53,A,-0.3145,5
-2.484,-0.7674,10,D,53,C,-0.907,7
0,0,,D,53,D,0,
-2.678,-0.9196,2,D,53,E,-0.8511,1
-3.257,-1.502,9,D,53,F,-1.332,8
-1.329,-0.2143,14,D,53,G,-0.02015,4
-3.233,-1.474,10,D,53,H,-1.191,6
-3.179,-1.412,8,D,53,I,-1.615,4
-2.843,-1.066,8,D,53,K,-1.148,4
-3.133,-1.361,14,D,53,L,-1.347,11
-2.667,-0.9105,10,D,53,M,-0.8119,6
-0.4088,-0.04012,28,D,53,N,0.08607,10
-5.022,-4.032,6,D,53,P,-4.362,2
-1.549,-0.2827,18,D,53,Q,-0.5183,9
-1.04,-0.1428,11,D,53,R,-0.8885,7
-1.862,-0.4059,6,D,53,S,0.1274,3
-1.775,-0.368,4,D,53,T,-0.2196,3
-2.999,-1.218,11,D,53,V,-1.116,5
-3.277,-1.525,5,D,53,W,-1.697,4
-3.29,-1.541,15,D,53,Y,-1.34,10
-2.576,-0.8369,3,G,54,-,,
-0.6783,-0.07665,6,G,54,A,0.3615,4
-0.7742,-0.09206,20,G,54,C,-0.0661,10
0.6121,0.03684,23,G,54,D,0.08486,5
-1.264,-0.1965,8,G,54,E,-0.01758,7
2.558,0.0747,10,G,54,F,0.0425,6
0,0,,G,54,G,0,
0.1197,0.009038,9,G,54,H,0.4277,6
-1.255,-0.1941,9,G,54,I,-0.411,6
-1.372,-0.2267,5,G,54,K,-0.105,4
-1.315,-0.2104,8,G,54,L,-0.2943,4
-1.755,-0.36,3,G,54,M,-0.299,3
2.383,0.07348,11,G,54,N,0.2844,4
-1.571,-0.2903,6,G,54,P,0.0041,4
-1.511,-0.2697,5,G,54,Q,-0.05016,4
-0.6799,-0.07689,15,G,54,R,0.009134,7
-1.325,-0.2131,7,G,54,S,-0.5331,3
-1.417,-0.2399,9,G,54,T,-0.07984,4
-2.558,-0.8231,8,G,54,V,-0.2524,4
-1.353,-0.221,6,G,54,W,-0.1737,5
-1.625,-0.3095,8,G,54,Y,-0.1538,4
-0.5869,-0.06319,1,D,55,-,,
-2.226,-0.5959,9,D,55,A,0.04876,5
-2.038,-0.4906,8,D,55,C,-0.8404,3
0,0,,D,55,D,0,
0.5076,0.03201,9,D,55,E,0.8108,4
-2.267,-0.6207,10,D,55,F,-0.9591,6
-1.416,-0.2398,9,D,55,G,-0.09013,2
-2.047,-0.4953,7,D,55,H,-1.149,5
-0.3778,-0.0365,10,D,55,I,-0.4738,6
-3.112,-1.338,10,D,55,K,-1.49,5
-2.111,-0.5294,8,D,55,L,-0.3015,4
-2.884,-1.105,6,D,55,M,-0.7415,4
-0.6352,-0.07016,21,D,55,N,-0.5226,6
-3.872,-2.321,5,D,55,P,-2.163,4
-0.5845,-0.06286,10,D,55,Q,0.06687,7
-3.494,-1.796,15,D,55,R,-1.533,9
-1.067,-0.1488,6,D,55,S,-0.7162,5
-2.147,-0.5498,8,D,55,T,-0.646,4
-3.059,-1.281,21,D,55,V,-1.648,9
-3.347,-1.61,19,D,55,W,-1.732,8
-2.993,-1.212,10,D,55,Y,-0.93,3
-7.867,-5.886,3,E,56,*,,
-0.7,-0.08001,1,E,56,-,,
-1.113,-0.1592,13,E,56,A,-0.0994,9
1.643,0.06521,6,E,56,C,0.02145,4
-2.554,-0.8198,12,E,56,D,-1.353,2
0,0,,E,56,E,0,
-3.515,-1.823,9,E,56,F,-1.751,7
-2.744,-0.9759,17,E,56,G,-0.8048,5
-3.134,-1.362,3,E,56,H,-0.9288,2
-0.8538,-0.106,5,E,56,I,-0.2255,3
-2.791,-1.017,17,E,56,K,-0.8438,6
-1.864,-0.4066,16,E,56,L,-0.5369,10
-0.04472,-0.003656,5,E,56,M,-0.1309,3
-2.635,-0.8841,6,E,56,N,-0.804,4
-1.992,-0.4674,9,E,56,P,-0.6029,5
-2.315,-0.6515,15,E,56,Q,-0.3435,8
-1.983,-0.4629,5,E,56,R,-0.4294,3
-1.369,-0.2256,12,E,56,S,-0.1393,9
-1.67,-0.3264,5,E,56,T,-0.4611,2
-1.849,-0.3997,14,E,56,V,-0.7954,6
-3.862,-2.306,12,E,56,W,-2.412,8
-3.396,-1.67,9,E,56,Y,-1.419,5
-8.186,-5.932,2,I,57,-,,
-2.679,-0.9201,5,I,57,A,-0.8855,2
0.2339,0.01672,11,I,57,C,0.05489,9
-16.14,-6.057,7,I,57,D,-5.396,5
-2.663,-0.9073,7,I,57,E,-0.9248,5
-1.469,-0.2562,4,I,57,F,-0.1169,1
-4.145,-2.73,10,I,57,G,-2.437,4
-4.41,-3.135,15,I,57,H,-3.254,11
0,0,,I,57,I,0,
-6.407,-5.383,3,I,57,K,,
2.16,0.07159,12,I,57,L,-0.4778,5
-2.053,-0.4982,8,I,57,M,-0.2861,7
-4.264,-2.912,12,I,57,N,-2.507,8
-5.018,-4.026,10,I,57,P,-3.837,7
-3.713,-2.093,10,I,57,Q,-1.797,7
-7.409,-5.791,10,I,57,R,-6,8
-3.009,-1.228,8,I,57,S,-1.4,6
-2.029,-0.4861,7,I,57,T,-0.4993,6
-0.5965,-0.06455,14,I,57,V,-0.09585,7
-2.736,-0.9694,7,I,57,W,-1.109,4
-2.523,-0.7963,9,I,57,Y,-1.212,8
-0.911,-0.1166,1,F,58,-,,
-2.86,-1.081,3,F,58,A,-0.8928,2
-0.8001,-0.09648,12,F,58,C,-0.6656,5
-2.869,-1.09,4,F,58,D,-1.011,2
-3.885,-2.34,6,F,58,E,-2.372,3
0,0,,F,58,F,0,
-1.011,-0.1367,6,F,58,G,-0.6137,3
-2.577,-0.838,7,F,58,H,-1.025,5
-1.687,-0.3327,12,F,58,I,-1.025,6
-4.54,-3.334,10,F,58,K,-3.209,7
1.511,0.06299,14,F,58,L,0.1441,4
-1.318,-0.2113,11,F,58,M,-0.2997,6
-2.44,-0.7355,10,F,58,N,-0.4287,4
-9.718,-6.029,4,F,58,P,-6,3
-2.782,-1.009,3,F,58,Q,-0.7393,2
-10.63,-6.046,6,F,58,R,-6,5
-2.39,-0.7013,11,F,58,S,-1.137,7
-1.105,-0.1574,5,F,58,T,-1.196,3
-2.453,-0.7451,9,F,58,V,-0.6393,7
-0.4137,-0.04071,9,F,58,W,0.3075,5
-0.3709,-0.0357,7,F,58,Y,-0.2865,4
-0.9298,-0.1203,1,H,59,-,,
-2.054,-0.499,9,H,59,A,-0.5047,5
-1.93,-0.437,8,H,59,C,-0.2969,6
-1.509,-0.2691,3,H,59,D,0.04265,2
-1.95,-0.4468,8,H,59,E,-0.4969,6
-1.868,-0.4084,14,H,59,F,-0.4552,9
-3.089,-1.312,13,H,59,G,-1.45,6
0,0,,H,59,H,0,
-1.037,-0.1421,7,H,59,I,-0.3385,5
-1.313,-0.2098,17,H,59,K,-0.2706,8
-3.085,-1.309,11,H,59,L,-1.483,6
-1.742,-0.3547,6,H,59,M,-0.4257,5
-1.053,-0.1457,13,H,59,N,-0.3484,3
-6.973,-5.655,7,H,59,P,-6,3
-0.6668,-0.07489,14,H,59,Q,-1.167,8
-1.142,-0.1659,15,H,59,R,-0.1196,5
0.6187,0.03713,6,H,59,S,-0.5694,3
-2.297,-0.6398,5,H,59,T,-0.5617,4
-1.499,-0.266,5,H,59,V,-0.7336,2
-2.02,-0.4814,14,H,59,W,-0.6321,8
-0.1415,-0.01213,22,H,59,Y,-0.1909,13
-1.089,-0.1537,1,V,60,-,,
-1.246,-0.1918,14,V,60,A,-0.2951,5
0.1372,0.01027,7,V,60,C,0.1211,4
-3.882,-2.335,7,V,60,D,-2.433,5
-2.118,-0.5333,12,V,60,E,-0.383,7
-3.492,-1.794,9,V,60,F,-1.977,7
-3.153,-1.383,11,V,60,G,-1.206,5
-2.81,-1.035,12,V,60,H,-1.362,9
-0.5832,-0.06267,7,V,60,I,-1.801,2
-5.429,-4.541,8,V,60,K,-4.519,5
0.317,0.0218,17,V,60,L,0.3604,8
-0.3159,-0.02957,19,V,60,M,0.06476,10
-2.685,-0.9255,9,V,60,N,-1.014,6
-2.678,-0.9196,10,V,60,P,-1.198,8
-2.242,-0.6057,7,V,60,Q,-0.5257,4
-5.403,-4.511,7,V,60,R,-3.706,5
-1.113,-0.1591,1,V,60,S,-0.2756,1
-2.28,-0.6293,7,V,60,T,-0.7972,5
0,0,,V,60,V,0,
-11.47,-6.052,12,V,60,W,-5.987,6
0.0889,0.006811,6,V,60,Y,-1.198,3
-0.1245,-0.01059,1,D,61,-,,
-1.117,-0.1601,9,D,61,A,-0.439,4
-0.8473,-0.1048,6,D,61,C,-0.05976,4
0,0,,D,61,D,0,
-1.527,-0.2751,6,D,61,E,-0.159,5
-1.445,-0.2486,7,D,61,F,-0.452,3
-0.665,-0.07461,10,D,61,G,-0.3046,6
-1.859,-0.4041,11,D,61,H,-0.009541,7
-2.09,-0.5183,11,D,61,I,-0.637,7
-0.8071,-0.09769,7,D,61,K,-0.707,2
-1.186,-0.1765,8,D,61,L,-0.8737,2
-0.9603,-0.1263,14,D,61,M,-0.6263,6
0.1515,0.01127,16,D,61,N,-0.007026,5
-3.784,-2.194,7,D,61,P,-1.817,5
-1.697,-0.3367,7,D,61,Q,-0.05188,4
0.07014,0.005423,11,D,61,R,-0.7136,5
0.3674,0.02469,4,D,61,S,-0.7765,1
-3.46,-1.752,9,D,61,T,-1.856,7
-1.562,-0.2871,12,D,61,V,-0.2948,9
-2.146,-0.5492,12,D,61,W,-0.3309,7
-2.577,-0.8383,10,D,61,Y,-1.088,2
-0.867,-0.1084,1,L,62,-,,
-0.9797,-0.1302,5,L,62,A,-0.162,2
-1.559,-0.2861,7,L,62,C,-0.4268,5
-8.021,-5.91,10,L,62,D,-6,9
-6.802,-5.586,13,L,62,E,-5.857,8
-0.04324,-0.003533,12,L,62,F,-0.4592,7
-2.024,-0.4833,9,L,62,G,-0.3558,6
-2.397,-0.7057,8,L,62,H,-1.544,4
-0.6904,-0.07851,9,L,62,I,-0.5258,4
-2.057,-0.5004,9,L,62,K,-0.7635,5
0,0,,L,62,L,0,
-0.5921,-0.06393,9,L,62,M,-0.02108,5
-2.969,-1.188,4,L,62,N,-1.145,3
-1.489,-0.2627,15,L,62,P,,
-3.074,-1.297,9,L,62,Q,-1.495,5
-3.656,-2.014,9,L,62,R,-2.145,3
-3.335,-1.595,8,L,62,S,-1.407,6
-1.733,-0.3511,6,L,62,T,-0.5331,2
-0.6959,-0.07937,8,L,62,V,-0.5581,3
-7.229,-5.741,6,L,62,W,-6,4
-12.4,-6.055,6,L,62,Y,-5.984,4
-16.55,-6.057,10,Q,63,*,-6,2
-0.4412,-0.04404,1,Q,63,-,,
0.9711,0.05011,9,Q,63,A,0.2374,7
-2.185,-0.5713,7,Q,63,C,-0.8455,3
-2.597,-0.8536,7,Q,63,D,-0.9676,4
-1.128,-0.1626,10,Q,63,E,-0.2511,7
-1.836,-0.3942,11,Q,63,F,-0.4351,8
0.1344,0.01008,12,Q,63,G,-0.1035,9
-0.2863,-0.02639,16,Q,63,H,-0.3057,6
1.079,0.05327,7,Q,63,I,0.1297,6
-1.244,-0.1914,9,Q,63,K,-0.1203,6
0.406,0.02681,5,Q,63,L,-0.1787,4
-1.074,-0.1502,2,Q,63,M,0.7052,1
-18.87,-6.057,6,Q,63,N,-6,4
1.961,0.06952,10,Q,63,P,0.6123,6
0,0,,Q,63,Q,0,
0.694,0.04029,16,Q,63,R,-0.188,6
-0.2903,-0.02682,3,Q,63,S,-0.1155,2
-0.6717,-0.07564,8,Q,63,T,-0.4027,5
-1.982,-0.4623,7,Q,63,V,-0.4655,4
-1.293,-0.2044,9,Q,63,W,-0.2819,6
-1.647,-0.3178,12,Q,63,Y,-0.1245,9
-3.212,-1.45,1,K,64,*,,
-0.4003,-0.03911,2,K,64,-,,
-1.6,-0.3005,8,K,64,A,-0.3256,3
-3.018,-1.238,8,K,64,C,-1.112,7
-2.042,-0.4927,9,K,64,D,-1.29,4
-2.766,-0.9951,11,K,64,E,-0.9314,7
-1.3,-0.2063,23,K,64,F,-0.4596,12
-1.009,-0.1363,8,K,64,G,-0.7147,4
-0.02368,-0.001917,6,K,64,H,0.2076,3
-0.3913,-0.03806,17,K,64,I,0.02318,12
0,0,,K,64,K,0,
-1.358,-0.2224,10,K,64,L,-0.1809,6
-0.1054,-0.008881,16,K,64,M,-0.2142,11
-0.5072,-0.05238,14,K,64,N,-0.8623,5
-2.085,-0.5155,14,K,64,P,-0.9598,7
1.05,0.05246,9,K,64,Q,-0.2282,7
1.331,0.05944,9,K,64,R,0.03234,5
-1.255,-0.1941,12,K,64,S,-1.193,5
0.9233,0.0486,9,K,64,T,-0.2369,5
-1.555,-0.2848,4,K,64,V,-0.3101,4
-0.4318,-0.04288,6,K,64,W,-0.5932,4
-2.031,-0.4872,10,K,64,Y,-0.6477,7
-0.8195,-0.09985,2,S,65,-,,
0.4446,0.02885,9,S,65,A,-0.1274,4
-2.87,-1.091,4,S,65,C,-1.049,4
-1.244,-0.1912,7,S,65,D,0.1145,3
-1.38,-0.2289,7,S,65,E,-1.587,3
-1.773,-0.3673,11,S,65,F,-0.1327,5
-0.08911,-0.007445,4,S,65,G,-0.0103,2
-3.403,-1.679,5,S,65,H,-1.74,1
-0.841,-0.1037,7,S,65,I,-0.4254,3
-3.211,-1.449,12,S,65,K,-1.74,6
-1.289,-0.2033,8,S,65,L,-0.5651,6
-0.0521,-0.004275,5,S,65,M,0.0406,3
-8.251,-5.939,12,S,65,N,-6,4
-2.376,-0.6918,9,S,65,P,-0.4759,7
0.07952,0.006119,4,S,65,Q,0.2054,3
-3.184,-1.418,12,S,65,R,-1.808,7
0,0,,S,65,S,0,
-0.1071,-0.009029,8,S,65,T,-0.157,6
0.05734,0.00446,4,S,65,V,0.328,3
-7.749,-5.865,8,S,65,W,-6,7
0.9133,0.04828,10,S,65,Y,-0.573,6
-11.39,-6.052,9,E,66,*,-6,1
-0.4358,-0.04337,2,E,66,-,,
-1.805,-0.3807,14,E,66,A,-0.2893,6
-2.154,-0.554,6,E,66,C,-0.6696,3
-0.7118,-0.08187,11,E,66,D,-0.02804,6
0,0,,E,66,E,0,
0.5111,0.03217,8,E,66,F,0.07448,2
-1.115,-0.1596,25,E,66,G,-0.6915,14
-0.1414,-0.01212,12,E,66,H,-0.1804,6
0.09105,0.006968,9,E,66,I,-0.2384,7
-0.24,-0.02161,12,E,66,K,-0.1828,2
-1.636,-0.3137,2,E,66,L,-0.4613,2
0.4781,0.03055,13,E,66,M,0.2597,8
-1.436,-0.2458,6,E,66,N,0.06405,4
-3.859,-2.302,10,E,66,P,-1.97,7
-2.264,-0.6194,4,E,66,Q,0.22,2
0.3502,0.02373,7,E,66,R,0.7522,3
-0.7396,-0.08634,6,E,66,S,-0.3157,5
0.7297,0.04171,13,E,66,T,-0.08834,9
0.256,0.01812,14,E,66,V,0.07966,7
0.4403,0.02862,6,E,66,W,-0.3071,4
-1.306,-0.2078,7,E,66,Y,0.1103,6
-1.103,-0.1567,3,T,67,-,,
-0.7642,-0.09039,14,T,67,A,-0.115,3
-1.76,-0.3619,12,T,67,C,0.0016,8
0.04469,0.003498,13,T,67,D,-0.223,9
-2.851,-1.073,9,T,67,E,-0.97,7
-3.546,-1.864,16,T,67,F,-1.919,9
-1.926,-0.4353,5,T,67,G,-0.334,4
-3.679,-2.046,4,T,67,H,-2.018,2
-1.032,-0.1412,8,T,67,I,-0.3518,4
-2.996,-1.215,13,T,67,K,-1.819,5
-2.233,-0.6001,15,T,67,L,-0.9418,12
-2.179,-0.5679,12,T,67,M,-0.9046,8
-0.8438,-0.1042,10,T,67,N,-0.2953,8
-0.2782,-0.02555,16,T,67,P,-0.08205,12
-3.205,-1.442,7,T,67,Q,-1.563,4
-3.188,-1.422,9,T,67,R,-3.747,2
-0.8081,-0.09786,8,T,67,S,0.3348,4
0,0,,T,67,T,0,
-2.59,-0.8483,8,T,67,V,-0.721,6
-4.152,-2.74,13,T,67,W,-2.735,10
-3.331,-1.591,7,T,67,Y,-2.038,5
-1.301,-0.2064,3,I,68,-,,
-0.5426,-0.05708,7,I,68,A,0.009308,5
-0.05496,-0.004515,15,I,68,C,0.3377,8
-1.696,-0.3361,19,I,68,D,-0.1447,12
1.629,0.06498,4,I,68,E,0.6036,3
-0.7029,-0.08047,8,I,68,F,0.5016,2
-2.1,-0.5237,8,I,68,G,-0.04811,6
0.1198,0.009044,9,I,68,H,1.058,6
0,0,,I,68,I,0,
0.6817,0.03979,7,I,68,K,0.2806,5
-0.6231,-0.06838,7,I,68,L,-0.1403,4
0.4753,0.03041,10,I,68,M,-0.02259,3
0.7437,0.04226,9,I,68,N,0.04755,4
-3.36,-1.625,10,I,68,P,-1.319,8
-0.8779,-0.1104,5,I,68,Q,0.2903,2
-0.7422,-0.08676,8,I,68,R,-0.1432,4
-0.4814,-0.04905,9,I,68,S,-0.1006,4
0.5669,0.03481,9,I,68,T,-0.2456,3
0.1,0.00762,23,I,68,V,0.04431,4
-0.3691,-0.0355,6,I,68,W,-0.3524,2
-0.01502,-0.001211,12,I,68,Y,-0.1779,6
-9.614,-6.026,14,W,69,*,-6,3
-0.9871,-0.1317,2,W,69,-,,
-1.234,-0.1887,2,W,69,A,,
-1.452,-0.2509,7,W,69,C,-0.3305,4
-2.903,-1.123,11,W,69,D,-1.027,5
-1.738,-0.353,5,W,69,E,-0.4033,2
-0.6117,-0.06672,7,W,69,F,0.901,4
-1.884,-0.4158,6,W,69,G,-1.199,3
-2.446,-0.7401,9,W,69,H,-0.9106,5
-2.583,-0.8425,5,W,69,I,-1.954,2
-3.124,-1.351,9,W,69,K,-1.611,6
-1.701,-0.3382,11,W,69,L,-0.7197,5
0.3439,0.02337,11,W,69,M,0.3226,4
-2.36,-0.681,6,W,69,N,-0.9654,5
-0.3213,-0.03015,9,W,69,P,-0.5796,5
-1.148,-0.1674,7,W,69,Q,-0.2018,4
-2.416,-0.7194,7,W,69,R,-0.6327,3
-1.832,-0.3924,7,W,69,S,-0.1251,3
-1.445,-0.2486,5,W,69,T,-0.5323,3
-1.338,-0.2169,9,W,69,V,-0.02626,6
0,0,,W,69,W,0,
0.451,0.02918,4,W,69,Y,0.01375,3
-0.4146,-0.04081,2,R,70,-,,
-1.183,-0.1759,7,R,70,A,-0.229,5
-1.919,-0.4319,5,R,70,C,-0.5229,5
1.236,0.05729,5,R,70,D,0.3517,4
-2,-0.4715,6,R,70,E,-0.07576,4
-1.972,-0.4574,12,R,70,F,-0.523,8
0.2751,0.0193,9,R,70,G,0.06098,5
-0.7221,-0.08352,8,R,70,H,-0.0565,5
-1.172,-0.173,13,R,70,I,-0.1224,10
2.304,0.07286,6,R,70,K,1.069,6
-1.746,-0.3563,7,R,70,L,-0.5653,3
-0.5047,-0.05206,10,R,70,M,0.4975,4
-0.5325,-0.05573,10,R,70,N,-0.03467,8
-2.626,-0.8772,4,R,70,P,-0.5364,3
-0.4316,-0.04287,15,R,70,Q,-0.1433,5
0,0,,R,70,R,0,
-2.373,-0.6897,6,R,70,S,-0.2985,3
-1.647,-0.3175,7,R,70,T,-0.3085,7
-1.339,-0.217,5,R,70,V,-0.2887,1
-0.8519,-0.1056,33,R,70,W,-0.1496,7
-1.304,-0.2074,8,R,70,Y,-0.5025,5
-8.318,-5.947,1,L,71,*,-6,1
0.05306,0.004135,1,L,71,-,,
-2.503,-0.7813,8,L,71,A,-0.6056,6
-1.54,-0.2796,4,L,71,C,-0.06731,4
0.07453,0.00575,8,L,71,D,-0.4352,2
-0.3211,-0.03014,9,L,71,E,-0.3226,8
-2.905,-1.124,7,L,71,F,-1.023,6
-3.209,-1.446,12,L,71,G,-1.585,8
-1.341,-0.2177,12,L,71,H,0.362,6
1.804,0.06756,9,L,71,I,0.1978,6
0.6257,0.03743,6,L,71,K,-0.2812,2
0,0,,L,71,L,0,
0.239,0.01705,5,L,71,M,-0.313,3
-1.003,-0.135,12,L,71,N,-0.3154,8
-3.741,-2.132,7,L,71,P,-1.824,2
-0.4389,-0.04375,10,L,71,Q,-0.1777,5
-0.9363,-0.1215,5,L,71,R,0.6196,3
-0.8337,-0.1024,11,L,71,S,-0.03776,6
0.6135,0.0369,7,L,71,T,0.1705,4
-0.8763,-0.1101,5,L,71,V,0.3574,3
-2.504,-0.782,12,L,71,W,-1.39,7
-2.486,-0.7691,11,L,71,Y,-0.7109,9
-1.859,-0.4042,2,P,72,-,,
2.258,0.07247,8,P,72,A,0.9024,5
0.1657,0.01224,4,P,72,C,-0.3154,2
-0.634,-0.06998,15,P,72,D,0.01952,10
-1.17,-0.1727,8,P,72,E,0.4964,5
-1.047,-0.1443,5,P,72,F,0.001655,4
0.3035,0.02101,11,P,72,G,0.4527,6
0.1005,0.007658,8,P,72,H,-0.05505,6
-1.701,-0.3382,11,P,72,I,-0.207,7
-0.755,-0.08887,9,P,72,K,0.7688,2
-1.616,-0.3062,14,P,72,L,-0.2581,4
-1.289,-0.2033,11,P,72,M,-0.003379,8
0.3769,0.02522,5,P,72,N,0.2552,5
0,0,,P,72,P,0,
-2.775,-1.004,1,P,72,Q,,
-1.844,-0.3975,9,P,72,R,-0.1538,4
-1.724,-0.3475,26,P,72,S,-0.4608,9
-0.9882,-0.1319,9,P,72,T,-0.1897,6
-0.09975,-0.008378,8,P,72,V,-0.1922,4
-2.577,-0.8382,6,P,72,W,-0.6414,4
-1.473,-0.2575,7,P,72,Y,-0.1252,6
-1.818,-0.3865,3,I,73,-,,
0.7575,0.04278,8,I,73,A,0.1856,5
-0.9673,-0.1277,11,I,73,C,-0.1368,7
-1.447,-0.2494,3,I,73,D,-0.09386,1
0.655,0.03868,8,I,73,E,0.1525,4
-2.061,-0.5028,12,I,73,F,-0.8439,6
-1.005,-0.1353,14,I,73,G,-0.3479,10
-0.05535,-0.004548,4,I,73,H,-0.00175,2
0,0,,I,73,I,0,
0.8822,0.04725,12,I,73,K,0.2086,6
-0.8395,-0.1034,11,I,73,L,0.1728,3
1.646,0.06525,11,I,73,M,0.03474,7
1.525,0.06324,13,I,73,N,1.036,4
3.206,0.07773,7,I,73,P,0.02176,5
-0.4435,-0.04432,9,I,73,Q,-0.1004,6
-1.574,-0.2913,10,I,73,R,-0.06803,9
-0.01949,-0.001574,15,I,73,S,0.05844,8
-0.1637,-0.01419,17,I,73,T,0.1243,7
-0.2463,-0.02226,17,I,73,V,0.01702,6
-0.9179,-0.118,9,I,73,W,0.04479,9
1.384,0.06055,6,I,73,Y,0.2374,4
-10.35,-6.042,1,F,74,*,-6,1
-0.1872,-0.01642,6,F,74,-,,
-2.063,-0.5036,4,F,74,A,-0.4551,3
-2.427,-0.7266,5,F,74,C,-0.6246,2
-0.4964,-0.05098,5,F,74,D,-0.07275,2
-2.453,-0.7451,7,F,74,E,-0.2893,3
0,0,,F,74,F,0,
-3.134,-1.362,5,F,74,G,-1.227,2
-1.73,-0.3498,9,F,74,H,-0.296,4
-2.034,-0.4888,10,F,74,I,-0.6191,6
-2.178,-0.5674,9,F,74,K,-0.4828,8
-2.325,-0.6581,14,F,74,L,-0.944,8
-0.05822,-0.004792,11,F,74,M,-0.2899,4
-2.283,-0.6307,4,F,74,N,-0.6541,2
-2.446,-0.7401,5,F,74,P,-0.7375,4
-2.717,-0.9529,6,F,74,Q,-0.8326,3
-1.449,-0.2498,11,F,74,R,-0.5233,7
-2.089,-0.5176,6,F,74,S,-0.5672,4
-0.6442,-0.07148,7,F,74,T,-1.273,1
-2.748,-0.98,9,F,74,V,-1.01,6
-1.426,-0.2428,15,F,74,W,-0.1363,9
-1.378,-0.2285,16,F,74,Y,-0.3483,8
-1.8,-0.3785,5,T,75,-,,
-1.789,-0.3738,14,T,75,A,-0.5209,4
-0.3114,-0.02908,11,T,75,C,-0.1045,4
-0.4605,-0.04642,13,T,75,D,-0.1548,10
-1.057,-0.1466,9,T,75,E,0.4496,5
-2.512,-0.7886,13,T,75,F,-0.7314,10
-0.6449,-0.07159,5,T,75,G,-0.1006,2
2.237,0.0723,9,T,75,H,0.2253,7
-0.8668,-0.1083,9,T,75,I,-0.3462,3
1.639,0.06515,9,T,75,K,0.4734,5
1.507,0.0629,7,T,75,L,0.6572,6
0.1806,0.01325,8,T,75,M,0.3047,2
-1.912,-0.4286,9,T,75,N,-0.3729,5
-0.06419,-0.005298,10,T,75,P,0.01566,1
-1.968,-0.4556,6,T,75,Q,-0.3623,5
-0.0292,-0.00237,15,T,75,R,0.05,10
1.143,0.05498,6,T,75,S,0.2135,3
0,0,,T,75,T,0,
-0.1096,-0.009253,11,T,75,V,-0.2391,7
0.7418,0.04218,8,T,75,W,-0.5737,7
-2.25,-0.6103,3,T,75,Y,-0.3455,3
-0.08963,-0.007491,4,T,76,-,,
-0.758,-0.08936,22,T,76,A,-0.1959,8
-2.199,-0.5799,7,T,76,C,-0.6115,3
-1.089,-0.1537,5,T,76,D,-0.1247,4
-1.24,-0.1902,10,T,76,E,0.1072,9
-2.261,-0.6174,6,T,76,F,-0.2222,3
-2.13,-0.5404,9,T,76,G,-0.5056,7
-1.327,-0.2138,11,T,76,H,-0.05696,9
-1.111,-0.1586,14,T,76,I,0.07977,6
1.728,0.0665,14,T,76,K,0.1271,11
-1.727,-0.3484,12,T,76,L,-0.0637,8
-0.8381,-0.1031,14,T,76,M,-0.3898,9
-0.2378,-0.02139,8,T,76,N,0.2093,5
-2.364,-0.6838,12,T,76,P,-0.6181,6
0.6113,0.0368,12,T,76,Q,-0.07459,7
-0.8019,-0.09679,7,T,76,R,0.384,2
0.5354,0.03334,8,T,76,S,-0.2018,7
0,0,,T,76,T,0,
0.3714,0.02492,9,T,76,V,0.0564,3
-1.16,-0.1703,15,T,76,W,-0.1661,11
-0.6408,-0.07099,7,T,76,Y,-0.6794,4
-1.472,-0.2572,3,F,77,-,,
-0.2591,-0.02357,11,F,77,A,0.331,9
0.2666,0.01877,10,F,77,C,0.2131,5
-1.326,-0.2134,8,F,77,D,0.117,3
-0.9036,-0.1152,4,F,77,E,0.1022,2
0,0,,F,77,F,0,
-2.585,-0.8443,12,F,77,G,-1.043,9
2.643,0.07522,11,F,77,H,0.6046,7
-0.763,-0.09019,13,F,77,I,0.1064,5
-0.129,-0.01099,10,F,77,K,0.02628,6
-0.8256,-0.1009,15,F,77,L,-0.3403,7
-0.4441,-0.04439,5,F,77,M,0.1936,3
0.9957,0.05086,5,F,77,N,0.5538,5
-0.6435,-0.07138,1,F,77,P,,
-0.1902,-0.01671,11,F,77,Q,-0.003548,9
3.446,0.07844,7,F,77,R,-0.2659,5
0.02595,0.002049,15,F,77,S,-0.1474,7
-2.145,-0.5483,5,F,77,T,-0.411,3
-0.7655,-0.0906,13,F,77,V,-0.3979,9
-1.672,-0.3269,7,F,77,W,-0.2418,5
-0.9669,-0.1276,10,F,77,Y,0.4338,6
-1.069,-0.1492,3,T,78,-,,
-0.06611,-0.005462,19,T,78,A,-0.2611,9
0.5088,0.03207,5,T,78,C,0.2296,2
-2.953,-1.171,8,T,78,D,-1.353,4
-2.776,-1.005,3,T,78,E,-0.921,2
-0.2268,-0.0203,7,T,78,F,-0.3058,2
-0.9199,-0.1183,11,T,78,G,-0.671,7
-2.815,-1.04,2,T,78,H,-1.396,2
-0.4845,-0.04945,14,T,78,I,-0.2787,6
-3.38,-1.651,5,T,78,K,-1.53,2
-0.2662,-0.0243,12,T,78,L,-0.2689,5
-2.953,-1.172,6,T,78,M,-0.6079,4
-2.39,-0.7011,7,T,78,N,-0.4589,5
-0.4967,-0.05101,15,T,78,P,-0.1083,3
-1.828,-0.3905,11,T,78,Q,-0.7316,6
-3.335,-1.596,7,T,78,R,-1.471,4
-0.3392,-0.03213,9,T,78,S,-0.688,2
0,0,,T,78,T,0,
-0.3967,-0.0387,16,T,78,V,-0.2857,11
-2.415,-0.7185,6,T,78,W,-0.7048,5
-2.832,-1.056,7,T,78,Y,-1.111,4
-1.281,-0.2011,3,S,79,-,,
0.5605,0.03451,7,S,79,A,0.1728,6
-2.283,-0.6308,12,S,79,C,-0.3627,8
0.4066,0.02684,9,S,79,D,0.03535,8
-0.1767,-0.01542,6,S,79,E,0.1161,4
-1.244,-0.1912,18,S,79,F,-0.4586,10
-1.337,-0.2165,9,S,79,G,-0.4387,3
-0.4737,-0.04808,10,S,79,H,0.03415,6
-1.369,-0.2258,9,S,79,I,-0.1696,5
-0.9137,-0.1172,8,S,79,K,-0.04052,3
0.9056,0.04803,6,S,79,L,-0.2257,4
-0.09149,-0.007653,9,S,79,M,0.4808,4
-1.007,-0.1359,17,S,79,N,-0.3926,7
-2.579,-0.8395,3,S,79,P,-1.161,2
-0.7538,-0.08866,13,S,79,Q,-0.1445,8
-0.859,-0.1069,20,S,79,R,0.03918,4
0,0,,S,79,S,0,
0.5783,0.03533,6,S,79,T,0.03658,3
-1.091,-0.1541,9,S,79,V,-0.07641,8
-0.9971,-0.1338,7,S,79,W,-0.03196,4
-1.045,-0.144,3,S,79,Y,0.4652,1
-1.579,-0.2931,3,F,80,-,,
-3.66,-2.019,7,F,80,A,-1.893,5
-3.366,-1.634,8,F,80,C,-1.959,2
-3.874,-2.324,14,F,80,D,-2.5,8
-4.08,-2.631,7,F,80,E,-2.361,4
0,0,,F,80,F,0,
-1.752,-0.3585,3,F,80,G,-0.5927,1
-3.168,-1.399,11,F,80,H,-1.485,7
-1.94,-0.4417,11,F,80,I,-1.266,3
-4.496,-3.267,11,F,80,K,-3.161,3
-3.364,-1.631,15,F,80,L,-1.478,10
-1.967,-0.455,7,F,80,M,-0.7089,5
-3.708,-2.086,6,F,80,N,-2.324,4
-3.604,-1.942,8,F,80,P,-1.795,5
-3.909,-2.375,10,F,80,Q,-2.408,7
-4.677,-3.54,7,F,80,R,-3.503,4
-3.367,-1.635,12,F,80,S,-1.96,6
-3.316,-1.572,7,F,80,T,-1.764,4
-3.113,-1.338,15,F,80,V,-1.455,13
-2.146,-0.5491,8,F,80,W,-0.6872,4
-0.7858,-0.09404,6,F,80,Y,-0.8825,2
-5.554,-4.68,3,E,81,*,,
-1.368,-0.2255,3,E,81,-,,
-1.877,-0.4126,9,E,81,A,-0.4886,4
-2.367,-0.6858,8,E,81,C,-0.9953,4
0.4566,0.02946,18,E,81,D,0.4456,6
0,0,,E,81,E,0,
-1.88,-0.4136,15,E,81,F,-0.5834,8
-1.336,-0.2162,15,E,81,G,0.1493,6
-0.6912,-0.07864,5,E,81,H,-0.6225,4
-2.182,-0.5697,9,E,81,I,-0.6763,8
-2.164,-0.5595,29,E,81,K,-1.411,9
-1.75,-0.358,9,E,81,L,-0.9644,3
-2.038,-0.4909,13,E,81,M,-0.6874,10
-2.028,-0.4853,14,E,81,N,-0.1441,10
-1.464,-0.2546,5,E,81,P,-1.769,2
-2.017,-0.4797,7,E,81,Q,-0.184,4
-2.86,-1.082,5,E,81,R,-1.756,2
-2.113,-0.5309,14,E,81,S,-0.4533,7
-2.719,-0.9547,14,E,81,T,-0.7611,8
-2.147,-0.5496,13,E,81,V,-0.3943,10
-2.973,-1.192,8,E,81,W,-1.056,5
-2.331,-0.6616,11,E,81,Y,-0.8911,8
-1.416,-0.2398,3,A,82,-,,
0,0,,A,82,A,0,
1.759,0.06695,9,A,82,C,0.2328,4
2.075,0.07076,6,A,82,D,0.4779,4
-0.4969,-0.05105,11,A,82,E,0.2707,7
-2.971,-1.189,10,A,82,F,-1.076,7
-1.162,-0.1708,15,A,82,G,-0.1562,13
-1.571,-0.2901,12,A,82,H,-0.5797,9
-1.118,-0.1604,13,A,82,I,-0.03475,11
-1.412,-0.2384,6,A,82,K,-0.608,4
0.03774,0.002964,1,A,82,L,0.008545,1
-0.5097,-0.05271,8,A,82,M,0.01704,5
-0.8463,-0.1046,17,A,82,N,0.02233,11
-0.1476,-0.01269,5,A,82,P,0.1417,3
0.9437,0.04925,12,A,82,Q,0.118,7
-0.4232,-0.04185,8,A,82,R,-0.5726,5
0.2976,0.02065,10,A,82,S,-0.7272,2
0.0475,0.003712,18,A,82,T,0.0838,4
-1.038,-0.1423,10,A,82,V,0.1587,3
-0.9566,-0.1255,7,A,82,W,0.931,2
-2.913,-1.133,10,A,82,Y,-1.003,8
-7.628,-5.842,10,Q,83,*,-6,1
-0.2859,-0.02635,2,Q,83,-,,
-0.7622,-0.09006,12,Q,83,A,-0.7027,7
-3.678,-2.044,11,Q,83,C,-2.078,7
-1.278,-0.2003,15,Q,83,D,-0.04257,8
-2.443,-0.7382,6,Q,83,E,-0.9693,4
1.222,0.05695,12,Q,83,F,-0.5593,7
-0.4604,-0.04641,9,Q,83,G,-0.1045,8
-0.4003,-0.03912,13,Q,83,H,0.2355,6
1.952,0.06941,8,Q,83,I,0.4793,4
-4.385,-3.098,10,Q,83,K,-2.886,9
-0.2931,-0.02711,11,Q,83,L,0.2845,4
-0.6336,-0.06991,11,Q,83,M,-0.1503,7
-2.08,-0.5129,11,Q,83,N,-0.4012,9
-1.356,-0.2218,19,Q,83,P,-0.246,8
0,0,,Q,83,Q,0,
-4.345,-3.036,24,Q,83,R,-3.206,7
-0.4826,-0.04921,7,Q,83,S,-0.2247,3
-2.408,-0.7132,11,Q,83,T,-0.5754,7
-1.013,-0.1371,6,Q,83,V,0.0354,2
-0.7014,-0.08023,9,Q,83,W,-0.6878,6
-2.431,-0.7295,6,Q,83,Y,-0.7874,6
-2.846,-1.068,3,G,84,-,,
-1.825,-0.3893,3,G,84,A,-0.4376,3
-0.9458,-0.1234,20,G,84,C,0.4681,10
0.8619,0.04656,13,G,84,D,0.4624,5
1.834,0.06796,7,G,84,E,0.3865,5
0.4954,0.03141,6,G,84,F,-0.4424,4
0,0,,G,84,G,0,
0.4506,0.02915,14,G,84,H,0.6159,8
2.333,0.07309,9,G,84,I,0.237,4
-1.556,-0.285,11,G,84,K,-0.44,8
-1.995,-0.4686,8,G,84,L,-0.7136,3
-0.5794,-0.06214,10,G,84,M,0.4654,4
0.6129,0.03687,8,G,84,N,0.3617,4
0.3755,0.02514,10,G,84,P,0.3913,8
0.08259,0.006346,14,G,84,Q,0.4109,9
1.31,0.05897,4,G,84,R,0.3381,3
1.055,0.05259,10,G,84,S,0.4046,4
0.8707,0.04686,11,G,84,T,0.1701,6
-0.3111,-0.02905,14,G,84,V,0.2407,5
-1.146,-0.1669,14,G,84,W,0.1444,9
0.09308,0.007117,8,G,84,Y,-0.09484,4
-0.065,-0.005368,2,A,85,-,,
0,0,,A,85,A,0,
1.949,0.06938,11,A,85,C,0.3094,7
-4.677,-3.539,15,A,85,D,-3.434,13
-3.681,-2.048,12,A,85,E,-1.879,7
-4.217,-2.839,14,A,85,F,-3.247,8
0.1398,0.01045,11,A,85,G,0.122,8
-3.885,-2.34,4,A,85,H,-1.978,2
0.3379,0.02302,7,A,85,I,0.3379,6
-6.086,-5.165,7,A,85,K,-4.626,4
-3.827,-2.255,6,A,85,L,-2.285,4
-1.876,-0.4118,7,A,85,M,-0.9116,5
-2.849,-1.071,9,A,85,N,-1.359,6
-1.172,-0.1732,9,A,85,P,-0.09054,5
-3.1,-1.325,10,A,85,Q,-1.55,6
-4.633,-3.474,9,A,85,R,-3.625,6
-0.5479,-0.0578,6,A,85,S,0.4439,1
-0.6786,-0.07668,14,A,85,T,0.05192,7
-0.3631,-0.03482,17,A,85,V,-0.0854,2
-4.029,-2.554,7,A,85,W,-3.059,4
-4.021,-2.542,3,A,85,Y,-2.475,3
-1.418,-0.2405,2,L,86,-,,
-3.048,-1.27,9,L,86,A,-1.355,5
-4.406,-3.129,11,L,86,C,-3.328,7
-7.771,-5.869,6,L,86,D,-6,5
-3.429,-1.712,8,L,86,E,-1.494,4
-1.019,-0.1383,10,L,86,F,-0.003898,7
-7.773,-5.87,5,L,86,G,-6,2
-2.711,-0.9478,6,L,86,H,-0.7515,3
-2.462,-0.7519,11,L,86,I,-1.09,8
-8.802,-5.989,11,L,86,K,-6,7
0,0,,L,86,L,0,
-0.2171,-0.01933,11,L,86,M,-0.3583,5
-3.043,-1.264,9,L,86,N,-0.929,7
-3.92,-2.391,19,L,86,P,-2.457,5
-2.6,-0.8558,14,L,86,Q,-0.9915,8
-8.876,-5.994,15,L,86,R,-6,8
-6.117,-5.189,14,L,86,S,-4.878,11
-3.772,-2.177,10,L,86,T,-2.031,7
-2.752,-0.9835,10,L,86,V,-0.6401,6
-8.554,-5.97,10,L,86,W,-6,4
-2.094,-0.5202,6,L,86,Y,-0.3635,3
-10.24,-6.041,11,Q,87,*,-6,1
-1.349,-0.22,5,Q,87,-,,
-0.04625,-0.003784,16,Q,87,A,0.05772,8
-2.923,-1.142,10,Q,87,C,-1.399,2
-2.862,-1.083,12,Q,87,D,-1.154,7
-1.879,-0.4134,7,Q,87,E,-0.318,5
0.1502,0.01117,11,Q,87,F,-0.00595,6
-1.662,-0.3234,6,Q,87,G,-0.4238,5
-0.8143,-0.09894,12,Q,87,H,-0.5238,4
-0.5252,-0.05475,12,Q,87,I,-0.1003,8
-0.9905,-0.1324,11,Q,87,K,-0.5623,4
-0.03379,-0.002748,13,Q,87,L,0.1123,6
0.8813,0.04722,8,Q,87,M,0.09073,8
-2.51,-0.7865,5,Q,87,N,-1.141,4
0.3623,0.0244,15,Q,87,P,-0.231,8
0,0,,Q,87,Q,0,
-0.1614,-0.01398,10,Q,87,R,-0.1772,5
0.735,0.04192,8,Q,87,S,-0.5623,5
-2.029,-0.4858,6,Q,87,T,-0.6683,3
-0.6728,-0.07579,10,Q,87,V,0.01416,5
-0.2036,-0.01801,4,Q,87,W,-0.2349,2
0.7644,0.04305,5,Q,87,Y,-0.5447,2
-2.183,-0.5705,6,N,88,-,,
-2.667,-0.9106,12,N,88,A,-1.408,7
-2.844,-1.067,18,N,88,C,-1.211,13
-2.987,-1.206,11,N,88,D,-1.337,4
-2.81,-1.035,11,N,88,E,-1.236,7
-3.403,-1.679,11,N,88,F,-1.772,8
-2.432,-0.7301,8,N,88,G,-1.627,4
-2.372,-0.6887,12,N,88,H,-1.26,4
-3.327,-1.585,11,N,88,I,-1.433,5
-2.149,-0.5509,12,N,88,K,-1.017,9
-3.856,-2.297,5,N,88,L,-2.623,2
-3.253,-1.497,12,N,88,M,-1.327,10
0,0,,N,88,N,0,
-3.096,-1.32,10,N,88,P,-1.435,5
-1.941,-0.4422,6,N,88,Q,-0.054,3
-3.291,-1.542,9,N,88,R,-1.627,6
-1.43,-0.2439,11,N,88,S,-1.674,1
-3.082,-1.306,14,N,88,T,-1.337,10
-2.777,-1.006,9,N,88,V,-1.46,3
-4.174,-2.774,7,N,88,W,-2.783,5
-3.617,-1.96,9,N,88,Y,-1.786,2
-2.646,-0.8932,6,I,89,-,,
-0.6341,-0.06999,10,I,89,A,-0.4468,4
-0.2525,-0.02289,6,I,89,C,-0.08483,5
-2.447,-0.7408,6,I,89,D,-0.6821,5
-1.23,-0.1876,4,I,89,E,-0.596,3
-3.853,-2.293,13,I,89,F,-2.18,7
-1.518,-0.272,4,I,89,G,0.06645,1
-3.112,-1.338,12,I,89,H,-1.257,9
0,0,,I,89,I,0,
-8.204,-5.934,5,I,89,K,-6,4
-0.9906,-0.1324,9,I,89,L,-0.6203,3
-1.704,-0.3396,9,I,89,M,0.3676,4
-2.012,-0.4774,12,I,89,N,-0.3271,10
-2.385,-0.6978,8,I,89,P,-0.761,6
0.8557,0.04634,15,I,89,Q,0.3114,12
-7.303,-5.763,8,I,89,R,-6,6
-1.504,-0.2677,7,I,89,S,-0.835,4
-2.069,-0.5071,10,I,89,T,-0.9987,7
0.01853,0.001469,15,I,89,V,-0.06239,6
-7.975,-5.903,8,I,89,W,-6,4
-7.402,-5.789,5,I,89,Y,-6,3
-1.131,-0.1633,5,A,90,-,,
0,0,,A,90,A,0,
-3.287,-1.538,9,A,90,C,-1.71,5
-1.136,-0.1644,9,A,90,D,0.08773,3
-0.9134,-0.1171,8,A,90,E,-0.1029,3
-0.7021,-0.08033,8,A,90,F,-0.4005,6
-0.9225,-0.1188,8,A,90,G,-0.4091,4
-1.724,-0.3475,4,A,90,H,-0.721,3
-2.571,-0.8332,4,A,90,I,-0.7969,3
-3.899,-2.361,3,A,90,K,-2.434,2
-0.6823,-0.07726,5,A,90,L,-1.039,3
-0.6228,-0.06834,7,A,90,M,-0.2915,6
-0.9619,-0.1266,8,A,90,N,-0.5537,6
0.1838,0.01346,7,A,90,P,-0.2172,4
-0.668,-0.07507,13,A,90,Q,-0.2595,9
-0.9796,-0.1302,5,A,90,R,-0.4093,2
-9.966,-6.035,8,A,90,S,-6,7
-6.259,-5.289,21,A,90,T,-4.593,13
-0.3886,-0.03774,22,A,90,V,-0.3872,2
-0.0523,-0.004291,8,A,90,W,-0.4718,5
-2.409,-0.714,5,A,90,Y,-0.7355,4
-1.006,-0.1357,5,V,91,-,,
-1.761,-0.3623,12,V,91,A,-1.171,5
-0.8844,-0.1116,12,V,91,C,0.0248,7
-0.3054,-0.02843,8,V,91,D,-1.429,2
-1.812,-0.3838,11,V,91,E,-0.2282,4
-2.601,-0.8565,5,V,91,F,-0.6481,4
-2.264,-0.6193,16,V,91,G,-0.5638,9
-3.024,-1.244,6,V,91,H,-1.184,4
2.303,0.07285,6,V,91,I,0.3947,5
-2.225,-0.5952,7,V,91,K,-1.129,3
-1.563,-0.2874,16,V,91,L,-0.2852,7
-0.611,-0.06663,24,V,91,M,-0.3927,10
-3.084,-1.308,14,V,91,N,-1.137,10
-4.402,-3.122,4,V,91,P,-3.09,3
1.588,0.06432,8,V,91,Q,-0.01557,7
-1.657,-0.3216,14,V,91,R,-0.9913,7
-1.806,-0.3813,8,V,91,S,-0.6991,5
1.244,0.05747,9,V,91,T,0.9994,3
0,0,,V,91,V,0,
-1.601,-0.301,8,V,91,W,-0.4415,5
-2.641,-0.8893,10,V,91,Y,-0.7162,8
-0.4568,-0.04596,3,D,92,-,,
-2.666,-0.9095,10,D,92,A,-0.9518,7
-2.217,-0.5902,3,D,92,C,-0.3256,3
0,0,,D,92,D,0,
0.1894,0.01383,10,D,92,E,-0.1835,8
-4.428,-3.162,12,D,92,F,-3.232,11
-2.275,-0.6259,10,D,92,G,-0.6852,7
-1.335,-0.216,12,D,92,H,-0.3676,4
-2.639,-0.8877,10,D,92,I,-0.8723,8
-3.936,-2.415,12,D,92,K,-2.194,6
-2.427,-0.7264,10,D,92,L,-0.9948,7
-3.074,-1.296,8,D,92,M,-1.443,5
-0.2089,-0.01853,36,D,92,N,-0.3355,13
-4.582,-3.397,15,D,92,P,-3.388,8
-1.706,-0.3402,12,D,92,Q,-0.7487,8
-3.691,-2.062,9,D,92,R,-1.983,4
-2.425,-0.7253,6,D,92,S,-1.068,5
-2.079,-0.5121,8,D,92,T,-0.7807,6
-2.517,-0.7918,13,D,92,V,-1.036,8
-4.957,-3.943,15,D,92,W,-3.837,8
-4.185,-2.79,11,D,92,Y,-2.817,6
-0.9948,-0.1333,4,K,93,-,,
-0.887,-0.1121,5,K,93,A,-0.5962,3
0.1387,0.01038,13,K,93,C,0.084,7
-1.755,-0.3597,10,K,93,D,-0.3847,6
-0.4031,-0.03945,11,K,93,E,0.09475,7
-0.555,-0.05877,10,K,93,F,-0.6746,6
-2.035,-0.489,4,K,93,G,-0.03898,3
-1.643,-0.3163,6,K,93,H,-0.4345,6
-1.414,-0.2392,10,K,93,I,-0.6182,8
0,0,,K,93,K,0,
-1.422,-0.2415,6,K,93,L,-0.03444,4
-1.457,-0.2525,12,K,93,M,0.1044,7
-2.208,-0.5849,14,K,93,N,-0.4811,6
-4.477,-3.238,9,K,93,P,-3.189,7
-0.5787,-0.06205,12,K,93,Q,-0.05955,8
-0.528,-0.05513,7,K,93,R,0.1351,5
0.397,0.02632,9,K,93,S,-0.191,7
-1.592,-0.2977,11,K,93,T,0.3914,2
-0.2687,-0.02456,9,K,93,V,-0.03186,7
-2.386,-0.6983,12,K,93,W,-0.567,8
-1.363,-0.2239,9,K,93,Y,-0.817,3
-12.15,-6.055,23,Q,94,*,-6,5
-3.132,-1.36,2,Q,94,-,,
-1.52,-0.2727,17,Q,94,A,-0.1776,11
-1.699,-0.3373,7,Q,94,C,-0.3972,5
-0.5039,-0.05195,7,Q,94,D,0.8101,3
-0.6636,-0.07441,10,Q,94,E,-0.3109,6
-1.721,-0.3461,12,Q,94,F,-0.3691,9
-0.1365,-0.01167,6,Q,94,G,0.1491,4
-0.06458,-0.005332,21,Q,94,H,-0.1038,5
1.075,0.05315,8,Q,94,I,0.4365,7
-0.1452,-0.01247,9,Q,94,K,-0.3035,6
-0.196,-0.01727,13,Q,94,L,-0.1724,8
2.001,0.06997,7,Q,94,M,-0.1426,6
2.05,0.07049,6,Q,94,N,0.223,3
-2.615,-0.8682,7,Q,94,P,,
0,0,,Q,94,Q,0,
-1.928,-0.436,8,Q,94,R,0.128,5
-0.01306,-0.001051,9,Q,94,S,0.03558,5
0.5293,0.03305,5,Q,94,T,0.0571,4
-1.526,-0.2749,5,Q,94,V,-0.2468,4
-2.283,-0.6312,11,Q,94,W,-0.9438,9
-1.739,-0.3535,8,Q,94,Y,-0.07985,5
-2.472,-0.7591,2,N,95,-,,
-1.929,-0.4368,13,N,95,A,-0.8429,9
-3.036,-1.256,13,N,95,C,-1.189,8
-3.79,-2.202,9,N,95,D,-2.079,4
-4.155,-2.745,8,N,95,E,-2.646,6
-2.169,-0.5625,14,N,95,F,-0.9286,10
-2.527,-0.7998,8,N,95,G,-1.03,5
-1.792,-0.3753,16,N,95,H,-1.037,7
-2.094,-0.5202,11,N,95,I,-1.262,1
-2.619,-0.8709,11,N,95,K,-0.8396,6
-2.49,-0.7722,10,N,95,L,-0.935,8
-2.498,-0.7781,7,N,95,M,-1.318,3
0,0,,N,95,N,0,
-7.49,-5.811,10,N,95,P,-6,8
-2.973,-1.192,11,N,95,Q,-1.641,7
-2.694,-0.933,7,N,95,R,-0.6699,5
-2.839,-1.062,14,N,95,S,-1.378,6
-2.553,-0.8196,8,N,95,T,-0.7885,5
-3.494,-1.796,7,N,95,V,-2.04,4
-3.024,-1.244,3,N,95,W,-1.148,3
-2.327,-0.6593,11,N,95,Y,-1.285,3
-0.6901,-0.07847,1,M,96,-,,
-1.185,-0.1763,4,M,96,A,-0.3295,1
-1.474,-0.2578,7,M,96,C,-0.2579,5
-3.024,-1.244,10,M,96,D,-1.176,6
-3.216,-1.454,6,M,96,E,-1.466,6
-1.699,-0.3374,5,M,96,F,-0.3683,4
-2.632,-0.8819,11,M,96,G,-0.7251,9
-3.008,-1.228,5,M,96,H,-1.214,4
-0.5805,-0.06229,45,M,96,I,0.05353,14
-3.573,-1.9,9,M,96,K,-1.862,6
-1.584,-0.2947,17,M,96,L,-0.639,8
0,0,,M,96,M,0,
-1.515,-0.2711,10,M,96,N,-0.1074,5
-7.373,-5.782,6,M,96,P,-6,4
-3.016,-1.236,3,M,96,Q,-0.7192,2
-3.53,-1.844,8,M,96,R,-1.901,3
0.7638,0.04302,3,M,96,S,0.1208,3
-1.725,-0.3479,13,M,96,T,-0.0176,5
-0.692,-0.07876,13,M,96,V,-0.1649,5
-2.171,-0.5633,6,M,96,W,-0.6603,4
-2.973,-1.192,8,M,96,Y,-1.01,5
-11.74,-6.053,2,E,97,*,,
-3.478,-1.774,2,E,97,-,,
0.4202,0.02757,11,E,97,A,-0.1925,4
-0.09442,-0.00791,7,E,97,C,-0.05101,4
1.624,0.0649,14,E,97,D,-0.1207,5
0,0,,E,97,E,0,
-1.735,-0.3518,13,E,97,F,-0.4481,9
-1.465,-0.255,11,E,97,G,0.01215,8
1.111,0.05412,9,E,97,H,0.1886,6
-1.196,-0.1791,7,E,97,I,0.2959,1
-0.9055,-0.1156,66,E,97,K,0.08719,14
0.7435,0.04225,11,E,97,L,0.1809,8
-0.8648,-0.108,6,E,97,M,-0.1153,3
-0.8024,-0.09687,12,E,97,N,0.1528,5
-2.968,-1.186,13,E,97,P,-1.216,9
-1.395,-0.2334,8,E,97,Q,0.3846,4
-1.634,-0.3128,6,E,97,R,-0.2858,5
-5.547,-4.672,6,E,97,S,-4.88,4
-9.801,-6.032,7,E,97,T,-6,3
-0.5395,-0.05667,13,E,97,V,-0.2445,9
-0.6112,-0.06665,10,E,97,W,0.1185,4
-2.444,-0.7386,7,E,97,Y,-0.8704,6
-3.581,-1.911,4,I,98,-,,
-1.554,-0.2842,5,I,98,A,-0.5935,4
-1.203,-0.1808,7,I,98,C,-0.08102,5
-2.072,-0.5086,5,I,98,D,-1.188,1
-1.067,-0.1488,10,I,98,E,-0.5942,6
-1.853,-0.4018,10,I,98,F,-0.7839,5
-2.308,-0.6465,15,I,98,G,-0.6514,9
-1.9,-0.423,8,I,98,H,-0.08302,4
0,0,,I,98,I,0,
-1.149,-0.1676,8,I,98,K,-0.664,4
-0.4456,-0.04458,8,I,98,L,-0.1693,3
-2.331,-0.6617,2,I,98,M,,
-1.538,-0.2789,9,I,98,N,-0.7456,6
-3.743,-2.135,11,I,98,P,-2.125,6
-0.86,-0.1071,4,I,98,Q,0.7004,1
-3.08,-1.303,7,I,98,R,-0.9401,5
-2.795,-1.021,11,I,98,S,-1.135,5
1.145,0.05502,10,I,98,T,-0.217,8
-0.3301,-0.03112,9,I,98,V,-0.4162,8
-2.679,-0.9208,9,I,98,W,-0.6264,7
-1.901,-0.4236,8,I,98,Y,-1.104,4
-4.947,-3.928,4,M,99,-,,
-1.45,-0.2503,8,M,99,A,-0.2015,5
-0.5456,-0.05749,7,M,99,C,-0.0919,4
-1.205,-0.1813,3,M,99,D,-1.183,2
-3.483,-1.782,10,M,99,E,-1.494,4
-2.16,-0.5571,8,M,99,F,-0.5867,5
-2.215,-0.5894,5,M,99,G,-0.5118,3
-2.624,-0.8752,10,M,99,H,-0.9333,8
-1.736,-0.3521,69,M,99,I,-0.7712,14
-2.635,-0.8841,8,M,99,K,-0.8027,3
-1.468,-0.256,16,M,99,L,-0.749,6
0,0,,M,99,M,0,
-2.097,-0.5221,11,M,99,N,-0.7638,5
-5.615,-4.743,6,M,99,P,-4.7,1
-1.803,-0.3799,7,M,99,Q,-0.6903,3
-2.251,-0.6111,5,M,99,R,-0.5573,4
-0.9323,-0.1207,8,M,99,S,-0.736,5
-2.261,-0.6172,8,M,99,T,-0.6903,5
-0.9827,-0.1308,12,M,99,V,-0.2443,4
-3.016,-1.236,4,M,99,W,-1.55,2
-2.477,-0.7628,11,M,99,Y,-0.682,4
-2.75,-0.9815,4,M,100,-,,
0.8648,0.04666,8,M,100,A,0.2813,6
-1.725,-0.3479,5,M,100,C,-0.3013,5
-2.477,-0.7626,12,M,100,D,-0.5242,5
-1.659,-0.3222,7,M,100,E,-0.963,3
1.193,0.05625,7,M,100,F,0.5605,4
0.07014,0.005422,4,M,100,G,-0.1823,3
-1.74,-0.3537,8,M,100,H,0.1903,2
-0.398,-0.03885,202,M,100,I,-0.05611,29
-1.878,-0.4131,6,M,100,K,-0.2789,5
0.6852,0.03993,14,M,100,L,0.2707,7
0,0,,M,100,M,0,
-1.711,-0.3421,6,M,100,N,-0.4837,5
-4.679,-3.542,7,M,100,P,-3.61,4
-0.4445,-0.04443,6,M,100,Q,0.3462,5
0.95,0.04945,7,M,100,R,0.04755,4
-1.164,-0.1711,8,M,100,S,-0.2001,7
-0.4457,-0.04459,18,M,100,T,-0.2686,10
-1.256,-0.1943,15,M,100,V,-0.08111,12
-2.788,-1.015,5,M,100,W,-0.3963,4
-1.31,-0.2091,7,M,100,Y,-0.2745,4
-16.27,-6.057,2,K,101,*,,
-2.152,-0.5523,4,K,101,-,,
-0.4027,-0.0394,15,K,101,A,-0.2648,7
-1.272,-0.1987,13,K,101,C,0.175,9
-1.503,-0.2672,17,K,101,D,-0.2926,12
-0.9589,-0.126,12,K,101,E,-0.1673,8
0.3149,0.02168,11,K,101,F,-0.3387,3
-1.492,-0.2635,4,K,101,G,-0.1165,3
-1.352,-0.2208,9,K,101,H,0.07034,6
0.08333,0.006401,8,K,101,I,-0.8841,2
0,0,,K,101,K,0,
-2.218,-0.5914,12,K,101,L,-0.6464,5
-2.658,-0.9027,5,K,101,M,-0.968,1
-0.452,-0.04536,13,K,101,N,-0.2921,3
-3.054,-1.275,15,K,101,P,-1.29,8
1.549,0.06365,7,K,101,Q,0.05065,4
1.181,0.05594,11,K,101,R,-0.5155,3
-1.318,-0.2113,8,K,101,S,-0.1212,6
-1.322,-0.2122,11,K,101,T,-0.3057,7
0.08664,0.006645,13,K,101,V,0.05398,5
-0.08836,-0.007381,7,K,101,W,-0.039,5
0.8338,0.04558,7,K,101,Y,-0.1657,4
-13.86,-6.057,4,R,102,*,-6,1
-0.8379,-0.1031,3,R,102,-,,
-3.707,-2.084,13,R,102,A,-2.059,9
-3.413,-1.692,10,R,102,C,-2.08,4
-4.092,-2.648,13,R,102,D,-2.633,9
-4.072,-2.619,12,R,102,E,-2.528,5
-4.042,-2.573,9,R,102,F,-1.946,4
-4.136,-2.716,21,R,102,G,-2.504,10
-3.318,-1.574,6,R,102,H,-1.176,4
-3.681,-2.048,21,R,102,I,-1.766,10
-2.781,-1.009,48,R,102,K,-1.089,12
-3.165,-1.396,8,R,102,L,-1.382,7
-3.581,-1.911,8,R,102,M,-1.889,4
-2.774,-1.003,4,R,102,N,-1.587,2
-5.449,-4.564,12,R,102,P,-4.464,5
-3.525,-1.837,6,R,102,Q,-1.782,5
0,0,,R,102,R,0,
-3.593,-1.927,14,R,102,S,-2.125,10
-3.548,-1.867,7,R,102,T,-1.922,4
-3.105,-1.33,8,R,102,V,-1.583,5
-3.438,-1.724,10,R,102,W,-1.8,4
-3.772,-2.176,4,R,102,Y,-1.915,3
-0.8901,-0.1127,3,S,103,-,,
1.818,0.06775,10,S,103,A,0.4502,8
-0.8563,-0.1064,8,S,103,C,0.0419,6
-0.4329,-0.04302,11,S,103,D,-0.308,7
-2.098,-0.5226,14,S,103,E,-0.8018,6
-2.798,-1.024,10,S,103,F,-0.951,5
0.09846,0.007509,12,S,103,G,0.007284,7
-2.285,-0.6323,7,S,103,H,-0.4297,4
-1.929,-0.4367,4,S,103,I,-0.6157,4
-0.8574,-0.1066,5,S,103,K,-1.053,1
-1.568,-0.2891,13,S,103,L,-0.3156,11
-1.924,-0.4341,7,S,103,M,-0.1093,4
-1.511,-0.2698,4,S,103,N,0.2216,1
-2.633,-0.8829,8,S,103,P,-0.9206,7
1.538,0.06346,7,S,103,Q,0.08123,4
-1.559,-0.2861,12,S,103,R,-0.315,7
0,0,,S,103,S,0,
0.559,0.03445,9,S,103,T,0.1823,4
-1.3,-0.2062,16,S,103,V,-0.1217,11
-2.898,-1.118,8,S,103,W,-0.9212,5
-0.1591,-0.01376,16,S,103,Y,-0.08725,12
-1.28,-0.2009,3,N,104,-,,
-0.7336,-0.08536,3,N,104,A,-0.05077,1
-0.8507,-0.1054,8,N,104,C,0.1316,5
-0.4601,-0.04637,18,N,104,D,0.08432,10
-1.4,-0.2349,7,N,104,E,0.2012,4
-2.203,-0.5819,5,N,104,F,-0.4786,4
-1.146,-0.1668,6,N,104,G,0.2764,3
-0.07046,-0.005834,12,N,104,H,-0.2827,4
-2.301,-0.6421,4,N,104,I,-0.6405,2
0.4943,0.03136,11,N,104,K,-0.271,6
-0.4177,-0.04119,9,N,104,L,-0.08266,6
-1.252,-0.1934,10,N,104,M,0.2746,5
0,0,,N,104,N,0,
-2.216,-0.5896,8,N,104,P,-0.5631,5
-1.176,-0.1742,12,N,104,Q,-0.2202,8
0.8443,0.04595,6,N,104,R,-0.5096,3
-0.8918,-0.113,14,N,104,S,-0.06202,9
-0.7857,-0.09402,16,N,104,T,-0.189,6
-0.5529,-0.05848,12,N,104,V,-0.4245,9
-1.595,-0.2986,8,N,104,W,-0.3301,6
-1.371,-0.2264,10,N,104,Y,-0.196,4
0.09371,0.007163,1,R,105,-,,
0.6316,0.03769,2,R,105,A,0.172,2
-0.6447,-0.07156,10,R,105,C,-0.02563,7
-1.364,-0.2241,4,R,105,D,0.3602,2
-1.422,-0.2415,11,R,105,E,0.03219,7
-0.7094,-0.08149,12,R,105,F,-0.2395,9
-1.359,-0.2228,15,R,105,G,0.2287,4
0.1651,0.0122,3,R,105,H,-0.01567,1
-1.936,-0.4398,7,R,105,I,-0.7568,3
-0.359,-0.03435,37,R,105,K,0.4744,10
-0.371,-0.03571,4,R,105,L,-0.3536,2
-1.395,-0.2334,2,R,105,M,-0.3685,1
-1.01,-0.1366,12,R,105,N,-0.131,6
-2.919,-1.138,7,R,105,P,-1.096,7
1.647,0.06527,5,R,105,Q,0.01409,4
0,0,,R,105,R,0,
-0.5136,-0.05323,8,R,105,S,-0.792,4
-1.206,-0.1817,8,R,105,T,-0.1332,3
-1.517,-0.2718,7,R,105,V,-0.2437,5
0.7921,0.04408,6,R,105,W,-0.2363,3
-0.001206,-9.695e-05,4,R,105,Y,0.746,2
-2.472,-0.7589,1,S,106,-,,
0.432,0.02819,5,S,106,A,0.1661,2
-2.335,-0.6642,12,S,106,C,-0.4431,10
-0.6462,-0.07179,3,S,106,D,0.1701,2
-1.014,-0.1372,2,S,106,E,,
-0.6098,-0.06646,22,S,106,F,-0.5074,11
-1.119,-0.1606,6,S,106,G,0.1454,2
0.2357,0.01684,2,S,106,H,0.03583,2
-0.08683,-0.007247,22,S,106,I,0.06026,8
-0.2943,-0.02725,9,S,106,K,-0.09451,6
-0.6714,-0.07559,15,S,106,L,-0.06418,10
0.6467,0.03833,15,S,106,M,0.2381,9
-0.5151,-0.05342,14,S,106,N,0.06948,9
-3.501,-1.805,8,S,106,P,-1.752,6
-0.6664,-0.07482,10,S,106,Q,-0.1915,6
1.218,0.05686,15,S,106,R,-0.1334,9
0,0,,S,106,S,0,
-0.9801,-0.1303,17,S,106,T,0.1409,12
-1.685,-0.3321,8,S,106,V,-0.1215,4
-1.396,-0.2338,7,S,106,W,-0.07612,3
0.2,0.01453,18,S,106,Y,0.1207,7
-10.13,-6.039,9,Q,107,*,-6,1
-2.526,-0.7988,1,Q,107,-,,
0.6762,0.03956,3,Q,107,A,0.08423,3
1.083,0.05336,2,Q,107,C,0.3068,2
-1.142,-0.1658,4,Q,107,D,-0.148,1
-0.9639,-0.127,3,Q,107,E,0.1978,2
-1.27,-0.1981,9,Q,107,F,-0.05707,6
-1.126,-0.1621,6,Q,107,G,-0.05065,6
0.3896,0.02592,12,Q,107,H,0.5052,3
-0.6343,-0.07002,5,Q,107,I,0.4901,2
-1.225,-0.1864,12,Q,107,K,0.5474,6
-2.118,-0.5336,2,Q,107,L,,
0.664,0.03906,9,Q,107,M,0.182,7
-2.422,-0.7234,7,Q,107,N,-0.3937,5
-1.388,-0.2312,4,Q,107,P,-0.1418,1
0,0,,Q,107,Q,0,
0.7796,0.04362,8,Q,107,R,0.2882,3
-0.2667,-0.02435,9,Q,107,S,0.2772,7
-0.1536,-0.01325,11,Q,107,T,0.7664,7
-0.5304,-0.05545,2,Q,107,V,-0.1154,2
0.612,0.03683,2,Q,107,W,0.2029,1
2.043,0.07043,3,Q,107,Y,-0.3715,2
-8.154,-5.928,5,G,108,*,,
-2.471,-0.7583,1,G,108,-,,
-0.7838,-0.09369,11,G,108,A,0.2739,3
-1.351,-0.2204,5,G,108,C,0.03495,2
1.917,0.06899,4,G,108,D,0.011,2
-0.9312,-0.1205,27,G,108,E,0.00188,12
-1.375,-0.2276,5,G,108,F,-0.4843,2
0,0,,G,108,G,0,
-1.383,-0.2298,16,G,108,H,0.2605,9
-1.415,-0.2393,4,G,108,I,-0.6937,2
-0.6669,-0.0749,9,G,108,K,-0.1363,6
-2.575,-0.8364,4,G,108,L,-1.073,2
-0.5628,-0.05984,13,G,108,M,0.09809,7
-2.135,-0.5428,5,G,108,N,-0.7358,2
-2.471,-0.7581,5,G,108,P,-0.1895,3
-1.4,-0.2348,10,G,108,Q,0.04021,5
-2.28,-0.6291,29,G,108,R,-0.3723,9
0.6095,0.03672,3,G,108,S,0.2259,1
-0.5707,-0.06093,9,G,108,T,-0.1249,3
-0.6193,-0.06782,13,G,108,V,-0.3392,4
1.52,0.06314,6,G,108,W,0.5226,5
-0.9811,-0.1305,17,G,108,Y,0.2537,9
0.2668,0.01879,16,T,109,A,0.1282,9
-1.604,-0.3018,10,T,109,C,0.0839,6
-0.6171,-0.06751,13,T,109,D,-0.4725,10
0.0247,0.001952,6,T,109,E,0.00313,4
0.4348,0.02833,9,T,109,F,-0.1592,7
-0.3216,-0.03019,16,T,109,G,-0.1159,10
0.3143,0.02165,13,T,109,H,0.366,9
-0.2761,-0.02532,16,T,109,I,-0.2532,6
-0.111,-0.009378,11,T,109,K,0.234,4
-0.02792,-0.002264,11,T,109,L,0.03901,7
0.1261,0.009491,9,T,109,M,-0.1031,8
-1.012,-0.1368,14,T,109,N,0.1521,5
-0.9293,-0.1202,14,T,109,P,-0.4389,7
-0.5925,-0.06399,13,T,109,Q,-0.3007,9
-0.2348,-0.02109,14,T,109,R,0.02923,8
0.5864,0.03569,9,T,109,S,0.0077,2
0,0,,T,109,T,0,
-2.746,-0.9775,1,T,109,V,-1.039,1
0.3129,0.02156,16,T,109,W,-0.1223,9
-0.5624,-0.05978,12,T,109,Y,-0.3894,7
-2.31,-0.6483,1,I,110,-,,
-1.703,-0.3389,11,I,110,A,-0.368,7
-1.434,-0.2453,10,I,110,C,0.004095,4
-1.48,-0.2596,14,I,110,D,-0.1089,12
-0.1072,-0.009041,5,I,110,E,-0.281,3
-0.5265,-0.05493,17,I,110,F,-0.3024,12
-0.8456,-0.1045,8,I,110,G,-0.07706,5
-0.8375,-0.103,12,I,110,H,0.2586,8
0,0,,I,110,I,0,
0.9697,0.05007,7,I,110,K,0.07463,6
0.31,0.0214,16,I,110,L,0.161,11
0.4366,0.02843,7,I,110,M,-0.04069,5
-0.0451,-0.003688,11,I,110,N,0.1138,7
-2.305,-0.6447,12,I,110,P,-0.5257,7
-1.347,-0.2193,6,I,110,Q,0.04087,3
-1.346,-0.2192,9,I,110,R,0.3277,5
0.8936,0.04763,14,I,110,S,-0.01243,10
-2.316,-0.6521,9,I,110,T,0.2651,4
-0.563,-0.05986,38,I,110,V,0.6181,12
-0.9827,-0.1308,20,I,110,W,-0.1067,12
3.049,0.07716,6,I,110,Y,-0.3819,1
-4.473,-3.232,2,A,111,-,,
0,0,,A,111,A,0,
-0.1543,-0.01332,12,A,111,C,0.1402,7
1.328,0.05937,15,A,111,D,0.09706,6
-0.79,-0.09475,10,A,111,E,-0.1999,7
-0.4534,-0.04553,11,A,111,F,-0.1788,10
-1.081,-0.1518,9,A,111,G,0.1502,5
-0.3075,-0.02866,11,A,111,H,0.01685,7
1.665,0.06555,14,A,111,I,0.1476,9
-1.76,-0.3618,12,A,111,K,-0.531,9
0.6542,0.03865,11,A,111,L,0.3507,7
-0.9079,-0.116,9,A,111,M,-0.09388,6
-1.522,-0.2736,12,A,111,N,0.09191,6
-3.343,-1.606,10,A,111,P,-1.524,7
1.663,0.06552,5,A,111,Q,0.6313,5
-0.08482,-0.007072,16,A,111,R,-0.2253,12
0.2133,0.0154,17,A,111,S,0.2081,5
-1.267,-0.1973,20,A,111,T,-0.06309,7
0.1008,0.007679,17,A,111,V,0.07037,9
0.8187,0.04504,10,A,111,W,0.3211,9
-1.104,-0.1572,7,A,111,Y,-0.04045,4
-2.469,-0.757,1,P,112,-,,
2.817,0.07615,9,P,112,A,0.02745,6
-0.5807,-0.06233,19,P,112,C,0.0323,10
-1.573,-0.2909,9,P,112,D,0.1951,3
-0.6364,-0.07033,6,P,112,E,0.08855,4
-0.7728,-0.09184,9,P,112,F,0.1148,5
0.4313,0.02815,9,P,112,G,-0.03532,9
1.528,0.06328,13,P,112,H,0.2208,9
1.292,0.05857,12,P,112,I,0.5524,7
2.432,0.07385,11,P,112,K,0.1831,7
-0.02217,-0.001793,8,P,112,L,0.539,4
-0.4953,-0.05084,15,P,112,M,0.1749,11
0.6852,0.03993,10,P,112,N,0.1303,8
0,0,,P,112,P,0,
-1.17,-0.1726,8,P,112,Q,0.1894,7
-0.1051,-0.00885,10,P,112,R,0.04442,5
-0.3617,-0.03466,18,P,112,S,-0.08373,8
-0.01706,-0.001376,8,P,112,T,-0.05329,1
0.568,0.03486,9,P,112,V,0.5915,5
-0.9274,-0.1198,11,P,112,W,0.1466,5
-1.726,-0.3483,10,P,112,Y,-0.02625,6
-2.113,-0.5306,1,P,113,-,,
-2.048,-0.496,10,P,113,A,-0.04223,7
-1.975,-0.4587,10,P,113,C,-0.1711,4
-4.241,-2.876,16,P,113,D,-3.002,9
-3.89,-2.346,13,P,113,E,-2.434,10
-3.973,-2.47,6,P,113,F,-2.397,6
-1.273,-0.1988,11,P,113,G,-0.2741,8
-3.761,-2.161,10,P,113,H,-1.88,5
-2.938,-1.156,13,P,113,I,-1.124,8
-3.962,-2.454,7,P,113,K,-2.236,2
-3.872,-2.32,15,P,113,L,-1.971,6
-3.134,-1.362,13,P,113,M,-0.8133,7
-3.731,-2.118,13,P,113,N,-2.063,8
0,0,,P,113,P,0,
-3.517,-1.827,17,P,113,Q,-1.605,11
-3.748,-2.142,16,P,113,R,-2.213,11
-3.279,-1.528,15,P,113,S,-1.164,8
-3.329,-1.589,9,P,113,T,-1.612,5
-1.224,-0.1861,11,P,113,V,-0.653,6
-4.311,-2.983,10,P,113,W,-2.571,6
-3.441,-1.727,10,P,113,Y,-1.81,6
-14.06,-6.057,8,E,114,*,,
-2.816,-1.04,4,E,114,A,-1.16,3
-0.1912,-0.01681,11,E,114,C,0.5126,6
3.218,0.07776,8,E,114,D,0.8486,3
0,0,,E,114,E,0,
-0.6658,-0.07473,9,E,114,F,-0.2404,2
-0.2435,-0.02197,19,E,114,G,0.08547,10
-0.6038,-0.0656,6,E,114,H,-0.1599,3
-0.3888,-0.03777,10,E,114,I,0.06344,9
1.048,0.0524,18,E,114,K,0.3835,5
-0.5937,-0.06415,8,E,114,L,0.07887,5
1.126,0.05452,4,E,114,M,-0.03091,3
-1.209,-0.1824,7,E,114,N,-0.3304,3
-2.723,-0.9575,7,E,114,P,-1.177,4
-0.3923,-0.03818,8,E,114,Q,0.07134,4
-0.7376,-0.08602,14,E,114,R,-0.1926,8
-0.7055,-0.08087,4,E,114,T,0.5809,1
1.133,0.05472,6,E,114,V,0.2131,2
1.471,0.06225,9,E,114,W,0.1762,5
-1.251,-0.1931,9,E,114,Y,-0.2146,4
-0.7124,-0.08197,1,V,115,-,,
0.3732,0.02502,13,V,115,A,0.03289,9
-0.08378,-0.006982,8,V,115,C,0.7001,3
-2.589,-0.8471,5,V,115,D,-0.04104,3
-1.42,-0.241,14,V,115,E,-0.419,7
0.4963,0.03145,13,V,115,F,-0.2701,7
-1.109,-0.1582,9,V,115,G,-0.06504,4
0.1536,0.01141,10,V,115,H,0.1466,6
-0.105,-0.008842,12,V,115,I,0.4877,7
0.5441,0.03375,8,V,115,K,0.007625,5
-1.853,-0.4017,14,V,115,L,-0.2692,8
0.5285,0.03301,13,V,115,M,0.3098,6
-0.2928,-0.02709,13,V,115,N,0.1253,8
-0.5202,-0.05409,18,V,115,P,-0.2626,11
0.5019,0.03173,10,V,115,Q,0.2626,8
0.9185,0.04844,7,V,115,R,0.2348,5
1.543,0.06355,9,V,115,S,0.4505,7
-0.3758,-0.03626,11,V,115,T,-0.03814,6
0,0,,V,115,V,0,
-2.567,-0.8305,10,V,115,W,-0.5151,6
-0.6136,-0.067,15,V,115,Y,-0.1118,13
-0.5633,-0.0599,2,T,116,-,,
1.624,0.06491,17,T,116,A,0.221,7
0.03098,0.002441,11,T,116,C,0.09351,6
-1.002,-0.1348,17,T,116,D,-0.07917,11
0.8098,0.04472,12,T,116,E,-0.07989,10
-0.5473,-0.05772,7,T,116,F,-0.001878,3
0.03239,0.00255,9,T,116,G,-0.1146,6
1.564,0.06391,7,T,116,H,-0.07515,5
-0.009694,-0.0007796,21,T,116,I,0.01795,7
2.434,0.07386,14,T,116,K,0.3723,6
-2,-0.4714,8,T,116,L,-0.3309,5
0.02368,0.001872,12,T,116,M,0.1865,6
2.531,0.07453,10,T,116,N,0.2205,9
-2.266,-0.6206,7,T,116,P,-1.533,2
1.243,0.05746,9,T,116,Q,-0.5103,5
1.411,0.06108,11,T,116,R,0.2633,10
-0.01882,-0.001519,10,T,116,S,0.03223,8
0,0,,T,116,T,0,
1.485,0.0625,7,T,116,V,0.3995,5
-0.9314,-0.1206,11,T,116,W,0.1605,5
2.764,0.07588,6,T,116,Y,0.6755,2
-0.6065,-0.06597,2,V,117,-,,
-0.2613,-0.02379,12,V,117,A,0.1064,7
-1.807,-0.3816,18,V,117,C,0.2228,13
-3.713,-2.093,15,V,117,D,-1.914,8
-2.62,-0.8721,10,V,117,E,-0.5849,9
-2.145,-0.5486,11,V,117,F,-0.3198,6
-2.374,-0.6899,10,V,117,G,-0.407,7
-2.624,-0.8751,9,V,117,H,-0.8489,6
-0.1441,-0.01237,15,V,117,I,-0.1094,7
-3.229,-1.47,1,V,117,K,-1.487,1
0.8404,0.04581,13,V,117,L,0.1032,8
-0.266,-0.02428,13,V,117,M,0.1583,12
-1.23,-0.1876,5,V,117,N,-0.4315,2
-2.109,-0.5283,11,V,117,P,-0.1881,7
-2.211,-0.5868,10,V,117,Q,-0.6042,7
-2.828,-1.052,6,V,117,R,-1.215,5
-1.493,-0.264,5,V,117,S,-0.07195,2
-0.5006,-0.05152,7,V,117,T,-0.1045,5
0,0,,V,117,V,0,
-3.816,-2.239,8,V,117,W,-2.051,6
-3.061,-1.282,10,V,117,Y,-1.13,5
-0.5971,-0.06464,2,F,118,-,,
1.687,0.06588,7,F,118,A,0.1295,5
-0.8069,-0.09765,11,F,118,C,-0.1597,9
-1.126,-0.1623,13,F,118,D,0.3113,8
-1.127,-0.1623,17,F,118,E,0.4147,11
0,0,,F,118,F,0,
0.9412,0.04917,7,F,118,G,0.4309,5
-1.908,-0.4267,13,F,118,H,-0.05461,6
-0.3638,-0.0349,8,F,118,I,-0.2266,5
-2.988,-1.207,12,F,118,K,-0.4287,6
-0.2723,-0.02493,11,F,118,L,0.294,3
0.6966,0.0404,6,F,118,M,0.358,3
-2.088,-0.5171,11,F,118,N,0.1252,8
-8.05,-5.914,13,F,118,P,-6,10
1.634,0.06507,9,F,118,Q,0.2526,7
-2.671,-0.9138,14,F,118,R,-0.6398,8
-0.3823,-0.03701,9,F,118,S,0.0194,6
-2.275,-0.6258,10,F,118,T,-0.5904,5
-0.2418,-0.0218,17,F,118,V,0.04683,12
-1.433,-0.2451,11,F,118,W,0.1177,8
-1.944,-0.4437,13,F,118,Y,0.05364,8
-0.2639,-0.02405,2,S,119,-,,
0.7623,0.04297,7,S,119,A,-0.09537,5
-0.5943,-0.06424,14,S,119,C,0.1876,6
1.843,0.06808,11,S,119,D,0.2401,9
6.311,0.0809,9,S,119,E,0.4712,6
-0.2457,-0.0222,14,S,119,F,0.08158,10
0.1228,0.009259,14,S,119,G,0.3055,4
0.2434,0.01733,13,S,119,H,0.07725,11
-1.233,-0.1885,21,S,119,I,-0.1832,8
-0.2398,-0.0216,9,S,119,K,0.4657,6
0.7324,0.04182,7,S,119,L,0.2948,5
-0.1756,-0.01532,11,S,119,M,0.1863,5
0.2669,0.01879,13,S,119,N,0.2052,6
0.1918,0.01399,13,S,119,P,-0.1366,9
-0.6345,-0.07005,13,S,119,Q,0.249,7
-1.595,-0.2988,4,S,119,R,-0.2303,4
0,0,,S,119,S,0,
1.368,0.06022,10,S,119,T,-0.02361,4
1.865,0.06835,7,S,119,V,0.03472,4
-1.248,-0.1924,13,S,119,W,0.1137,6
0.678,0.03964,8,S,119,Y,0.1488,5
-6.708,-5.544,4,E,120,*,,
-0.2397,-0.02159,2,E,120,-,,
-0.7876,-0.09433,13,E,120,A,0.00045,8
-1.784,-0.372,8,E,120,C,-0.3759,4
-0.7126,-0.08199,16,E,120,D,-0.009102,7
0,0,,E,120,E,0,
-1.46,-0.2533,8,E,120,F,-0.5653,6
0.8949,0.04767,14,E,120,G,0.3759,7
1.492,0.06264,4,E,120,H,0.8672,2
0.07374,0.005691,13,E,120,I,-0.115,6
0.1483,0.01104,15,E,120,K,0.5542,5
-1.55,-0.2831,13,E,120,L,-0.01857,5
0.7667,0.04313,7,E,120,M,0.4338,5
-1.893,-0.4198,9,E,120,N,-0.3344,5
-1.81,-0.383,12,E,120,P,-0.4056,6
-0.3857,-0.03741,13,E,120,Q,-0.1604,6
2.206,0.07202,9,E,120,R,0.6413,8
-1.219,-0.1849,14,E,120,S,-0.2246,10
1.243,0.05746,7,E,120,T,0.2624,6
0.147,0.01095,16,E,120,V,0.01514,12
-2.224,-0.5949,10,E,120,W,-0.4174,8
-1.479,-0.2594,12,E,120,Y,-0.8135,6
-0.17,-0.01478,2,D,121,-,,
2.52,0.07445,12,D,121,A,-0.1734,8
-1.019,-0.1385,11,D,121,C,0.0956,8
0,0,,D,121,D,0,
0.2667,0.01878,8,D,121,E,0.2539,7
0.7072,0.04082,6,D,121,F,0.2363,2
3.444,0.07843,5,D,121,G,0.06635,4
-0.626,-0.0688,7,D,121,H,0.04679,6
-0.2806,-0.0258,11,D,121,I,0.4571,5
-0.6892,-0.07832,12,D,121,K,0.2674,10
-1.376,-0.2278,7,D,121,L,-0.1185,3
0.2554,0.01808,13,D,121,M,0.21,7
0.137,0.01026,24,D,121,N,0.242,10
-0.5479,-0.0578,13,D,121,P,0.4788,8
1.253,0.05768,8,D,121,Q,0.1426,6
1.738,0.06664,9,D,121,R,0.4849,4
0.7364,0.04197,13,D,121,S,0.2923,8
-0.4872,-0.0498,14,D,121,T,-0.1928,6
-1.219,-0.1848,7,D,121,V,0.2881,4
1.905,0.06885,8,D,121,W,-0.4283,5
-0.6832,-0.07739,17,D,121,Y,-0.5286,8
-0.511,-0.05288,2,P,122,-,,
2.791,0.07602,8,P,122,A,0.646,6
-1.94,-0.4416,9,P,122,C,-0.2396,5
-0.02225,-0.001799,9,P,122,D,0.1267,6
-0.4986,-0.05127,13,P,122,E,-0.02913,8
-0.2425,-0.02187,15,P,122,F,0.2151,9
-0.02297,-0.001858,9,P,122,G,0.03683,4
-1.03,-0.1406,7,P,122,H,-0.3522,7
-2.019,-0.4811,10,P,122,I,0.03938,7
-0.2265,-0.02026,6,P,122,K,0.008908,5
1.223,0.05697,16,P,122,L,0.4045,10
2.381,0.07347,15,P,122,M,0.1477,13
-0.01214,-0.0009776,8,P,122,N,-0.283,4
0,0,,P,122,P,0,
2.049,0.07049,10,P,122,Q,-0.09795,4
1.521,0.06316,17,P,122,R,0.3697,12
-0.1527,-0.01317,16,P,122,S,0.03131,6
0.01104,0.0008784,12,P,122,T,0.4941,5
0.9347,0.04896,10,P,122,V,0.2111,7
1.067,0.05293,19,P,122,W,-0.1249,14
1.099,0.0538,10,P,122,Y,0.1875,8
-0.2517,-0.0228,4,V,123,-,,
-0.3898,-0.03789,18,V,123,A,-0.1333,8
-0.9382,-0.1219,21,V,123,C,-0.185,14
0.4065,0.02683,18,V,123,D,-0.08497,11
-0.8554,-0.1063,12,V,123,E,0.5038,5
-1.081,-0.1519,11,V,123,F,0.282,6
-0.2017,-0.01782,7,V,123,G,0.3082,5
-0.1262,-0.01074,7,V,123,H,0.05374,5
1.819,0.06776,12,V,123,I,-0.2984,8
2.676,0.0754,7,V,123,K,0.6015,5
0.4132,0.02719,19,V,123,L,-0.06255,7
0.2335,0.0167,14,V,123,M,0.1596,5
1.636,0.06509,5,V,123,N,0.6076,3
0.6308,0.03765,11,V,123,P,0.05685,5
0.313,0.02157,10,V,123,Q,-0.3181,5
0.9722,0.05014,4,V,123,R,0.501,1
-0.8829,-0.1113,12,V,123,S,0.145,8
-0.06455,-0.005329,9,V,123,T,-0.1218,4
0,0,,V,123,V,0,
2.222,0.07216,10,V,123,W,0.1177,6
-0.3546,-0.03385,12,V,123,Y,0.2395,7
-9.052,-6.004,3,E,124,*,,
-0.2913,-0.02692,4,E,124,-,,
-0.09565,-0.008018,8,E,124,A,-0.1118,3
1.111,0.05412,13,E,124,C,0.5634,8
1.296,0.05865,12,E,124,D,0.1211,8
0,0,,E,124,E,0,
0.1061,0.008063,10,E,124,F,0.2841,7
0.937,0.04904,9,E,124,G,0.4282,6
-0.6072,-0.06608,7,E,124,H,0.1932,5
2.37,0.07338,10,E,124,I,0.2917,8
-0.1994,-0.0176,39,E,124,K,0.3099,15
0.6573,0.03878,13,E,124,L,0.1896,8
0.5024,0.03175,18,E,124,M,0.3818,12
2.238,0.0723,11,E,124,N,0.7103,8
1.632,0.06503,6,E,124,P,0.5306,4
1.274,0.05816,6,E,124,Q,0.5209,5
0.07746,0.005967,10,E,124,R,0.7162,8
0.5778,0.03531,10,E,124,S,0.1714,8
-0.6785,-0.07667,12,E,124,T,0.0038,10
1.853,0.0682,12,E,124,V,0.3373,10
0.3244,0.02224,10,E,124,W,0.1559,4
0.05565,0.004333,8,E,124,Y,-0.09419,7
0.1145,0.008664,6,L,125,-,0.009222,1
0.1075,0.00816,12,L,125,A,0.1205,8
-0.2137,-0.019,13,L,125,C,0.1564,6
-0.09237,-0.00773,16,L,125,D,0.2714,8
0.9799,0.05038,5,L,125,E,-0.3846,3
0.1446,0.01079,9,L,125,F,0.2246,5
-0.2018,-0.01783,13,L,125,G,0.06657,8
-0.8712,-0.1091,14,L,125,H,0.3046,8
1.506,0.0629,10,L,125,I,-0.1193,3
1.974,0.06966,11,L,125,K,0.3223,10
0,0,,L,125,L,0,
-0.3445,-0.03272,17,L,125,M,-0.1026,10
0.1015,0.00773,11,L,125,N,0.3124,6
0.3977,0.02636,23,L,125,P,0.003406,11
1.212,0.0567,7,L,125,Q,1.242,2
7.335,0.081,9,L,125,R,0.146,7
0.03826,0.003003,9,L,125,S,-0.1459,4
-0.08083,-0.006726,12,L,125,T,0.07718,8
2.94,0.07671,12,L,125,V,-0.05341,11
4.249,0.07988,7,L,125,W,-0.4111,4
-1.534,-0.2777,10,L,125,Y,-0.5622,6
-7.929,-5.896,4,G,126,*,,
-1.256,-0.1945,6,G,126,-,,
0.4321,0.02819,11,G,126,A,0.042,8
1.02,0.05158,9,G,126,C,-0.03427,5
0.543,0.0337,12,G,126,D,0.007055,9
-0.3727,-0.03591,16,G,126,E,0.07891,7
1.659,0.06545,15,G,126,F,0.2323,12
0,0,,G,126,G,0,
-1.063,-0.1478,11,G,126,H,0.3659,7
-0.949,-0.124,9,G,126,I,-0.1486,8
1.43,0.06145,12,G,126,K,0.2388,9
0.5798,0.0354,6,G,126,M,0.3388,3
1.591,0.06437,8,G,126,N,0.6187,3
0.9009,0.04787,14,G,126,P,-0.4133,6
3.074,0.07726,6,G,126,Q,0.1916,3
1.499,0.06276,20,G,126,R,0.7251,4
-0.4007,-0.03917,7,G,126,S,0.067,3
-0.0848,-0.00707,12,G,126,T,0.4418,8
2.388,0.07352,2,G,126,V,-0.6565,1
0.1681,0.0124,7,G,126,W,-0.0442,6
0.03392,0.002669,15,G,126,Y,-0.1947,11
-1.292,-0.204,6,D,127,-,,
-0.2404,-0.02166,11,D,127,A,0.3133,5
-0.03196,-0.002597,5,D,127,C,-0.3708,2
0,0,,D,127,D,0,
-1.484,-0.2611,9,D,127,E,-0.4579,7
2.166,0.07165,12,D,127,F,0.517,9
0.46,0.02964,12,D,127,G,0.1786,8
0.9788,0.05034,18,D,127,H,0.7515,5
1.309,0.05894,10,D,127,I,0.5624,7
0.4512,0.02918,15,D,127,K,0.85,7
2.53,0.07451,13,D,127,L,0.2455,7
0.3177,0.02185,13,D,127,M,0.6085,7
-0.1459,-0.01254,21,D,127,N,0.561,7
0.7213,0.04138,6,D,127,P,0.2977,3
-0.218,-0.01942,14,D,127,Q,0.6205,9
2.251,0.07242,8,D,127,R,0.6215,6
0.4874,0.03101,8,D,127,S,0.4694,7
1.338,0.05957,8,D,127,T,0.09173,8
0.08584,0.006586,11,D,127,V,0.1784,8
0.4503,0.02914,13,D,127,W,0.2979,9
0.5134,0.03229,19,D,127,Y,0.3078,10
-1.638,-0.3144,8,P,128,-,,
0.3334,0.02276,11,P,128,A,-0.2135,7
0.7128,0.04105,14,P,128,C,0.1103,7
1.096,0.05372,10,P,128,D,1.658,5
2.217,0.07212,10,P,128,E,1.534,7
-1.047,-0.1443,13,P,128,F,-0.1332,6
-0.4263,-0.04222,17,P,128,G,0.3436,10
2.607,0.075,17,P,128,H,0.6091,11
2.003,0.06999,7,P,128,I,1.282,4
2.139,0.07139,7,P,128,K,0.6928,4
0.9374,0.04905,15,P,128,L,0.602,6
1.688,0.06591,14,P,128,M,0.433,9
-0.5764,-0.06172,10,P,128,N,0.6517,7
0,0,,P,128,P,0,
-0.2273,-0.02035,6,P,128,Q,0.5627,4
1.159,0.05539,13,P,128,R,0.6625,8
0.3122,0.02153,23,P,128,S,1.109,8
3.124,0.07744,11,P,128,T,0.252,4
-1.179,-0.1748,14,P,128,V,0.3804,6
-1.416,-0.2397,14,P,128,W,-0.08398,8
-1.208,-0.1821,14,P,128,Y,-0.4167,7
-1.363,-0.224,8,N,129,-,,
-1.47,-0.2567,16,N,129,A,-0.09768,9
0.08326,0.006396,11,N,129,C,0.4269,6
-1.774,-0.3677,9,N,129,D,-0.06095,3
-1.418,-0.2405,13,N,129,E,-0.3018,5
1.758,0.06692,12,N,129,F,0.5921,9
0.06844,0.005296,17,N,129,G,-0.02198,8
2.077,0.07078,8,N,129,H,0.4202,3
-1.643,-0.3162,14,N,129,I,-0.1066,9
0.08672,0.006651,9,N,129,K,0.06777,7
-2.092,-0.5192,11,N,129,L,-0.3596,6
1.905,0.06886,7,N,129,M,-0.0088,6
0,0,,N,129,N,0,
-2.032,-0.4874,7,N,129,P,0.3314,4
-0.9259,-0.1195,9,N,129,Q,-0.1275,6
0.1434,0.0107,7,N,129,R,0.2607,5
-0.8055,-0.09742,8,N,129,S,-0.07004,6
-1.525,-0.2746,12,N,129,T,-0.4858,7
-2.49,-0.7723,7,N,129,V,-0.3311,3
-0.9248,-0.1193,16,N,129,W,0.7686,9
-1.543,-0.2806,12,N,129,Y,0.7662,9
-1.232,-0.1882,7,I,130,-,,
1.339,0.05959,3,I,130,A,0.2467,1
2.243,0.07235,11,I,130,C,0.2277,9
2.319,0.07298,10,I,130,D,0.8197,10
1.89,0.06866,7,I,130,E,0.4813,4
-0.5912,-0.0638,11,I,130,F,0.4516,7
2.565,0.07474,14,I,130,G,0.733,13
1.964,0.06956,11,I,130,H,0.7974,6
0,0,,I,130,I,0,
0.07406,0.005715,4,I,130,K,1.038,2
1.623,0.06488,10,I,130,L,0.3273,7
1.264,0.05793,7,I,130,M,0.6121,6
1.301,0.05878,17,I,130,N,0.4795,13
-3.423,-1.704,10,I,130,P,-1.401,4
1.217,0.05681,5,I,130,Q,0.9304,4
-0.5081,-0.0525,9,I,130,R,0.7469,5
2.926,0.07665,7,I,130,S,0.622,4
1.017,0.05149,9,I,130,T,0.3051,3
-1.577,-0.2925,10,I,130,V,0.2857,6
1.496,0.06272,7,I,130,W,1.158,2
1.246,0.05752,13,I,130,Y,0.8643,10
-0.4506,-0.04519,6,L,131,-,,
-0.2861,-0.02638,8,L,131,A,0.1159,1
-0.05019,-0.004114,7,L,131,C,-0.1667,3
-4.207,-2.824,10,L,131,D,-2.483,5
-3.088,-1.311,12,L,131,E,-0.866,8
-2.346,-0.6717,11,L,131,F,-0.3625,8
-1.265,-0.1967,12,L,131,G,0.01276,7
-2.519,-0.7933,9,L,131,H,-0.2859,4
2.377,0.07344,11,L,131,I,0.2076,7
-4.532,-3.321,6,L,131,K,-1.979,3
0,0,,L,131,L,0,
0.2779,0.01947,12,L,131,M,0.2558,6
-0.5296,-0.05534,13,L,131,N,-0.1096,9
-8.422,-5.958,20,L,131,P,-6,5
-1.017,-0.1379,8,L,131,Q,-0.2154,5
-5.302,-4.392,16,L,131,R,-3.804,8
-2.867,-1.088,8,L,131,S,-0.4224,4
-6.836,-5.601,6,L,131,T,-6,4
-1.536,-0.2781,15,L,131,V,-0.2237,11
-2.988,-1.207,10,L,131,W,-1.502,7
-2.767,-0.9965,13,L,131,Y,-1.402,7
-0.5932,-0.06409,6,I,132,-,,
-1.019,-0.1384,9,I,132,A,-0.1033,5
-0.6963,-0.07943,14,I,132,C,-0.2623,9
-1.285,-0.2023,9,I,132,D,-0.04946,6
-1.773,-0.3673,8,I,132,E,-0.1711,6
-0.9148,-0.1174,18,I,132,F,-0.2703,14
-2.078,-0.5116,12,I,132,G,-0.1234,8
-1.656,-0.3211,7,I,132,H,-0.423,7
0,0,,I,132,I,0,
-2.172,-0.5641,11,I,132,K,-0.6842,10
0.01605,0.001274,12,I,132,L,-0.1593,7
-1.276,-0.1998,10,I,132,M,0.08064,6
-1.508,-0.2688,10,I,132,N,-0.07578,9
-6.656,-5.519,9,I,132,P,-5.644,5
-1.126,-0.1622,12,I,132,Q,-0.2421,5
-2.077,-0.5114,4,I,132,R,-0.5629,2
-1.955,-0.4488,10,I,132,S,-0.1577,7
-1.68,-0.3303,6,I,132,T,-0.2233,5
-0.1343,-0.01147,14,I,132,V,0.5125,8
-2.187,-0.5726,8,I,132,W,-0.6,6
0.7046,0.04072,7,I,132,Y,-0.3778,4
-6.123,-5.193,2,C,133,*,,
-1.385,-0.2305,6,C,133,-,,
-0.895,-0.1136,11,C,133,A,-0.07168,10
0,0,,C,133,C,0,
-7.543,-5.823,21,C,133,D,-6,14
-7.52,-5.818,6,C,133,E,-4.29,4
-2.618,-0.8705,10,C,133,F,-0.7528,6
-2.117,-0.5328,9,C,133,G,-0.1138,5
-3.89,-2.347,8,C,133,H,-2.377,7
-0.8112,-0.0984,12,C,133,I,-0.3681,7
-4.974,-3.966,11,C,133,K,-3.672,5
-0.04974,-0.004076,14,C,133,L,0.06476,4
0.68,0.03972,8,C,133,M,0.04403,4
-2.859,-1.08,14,C,133,N,-0.9493,9
-10.3,-6.042,17,C,133,P,-6,9
-3.342,-1.604,15,C,133,Q,-1.764,9
-8.797,-5.988,10,C,133,R,-6,4
-1.23,-0.1876,12,C,133,S,0.3848,4
-0.4485,-0.04493,12,C,133,T,-0.4435,8
2.014,0.07012,15,C,133,V,-0.08103,12
-4.184,-2.788,8,C,133,W,-2.489,6
-3.499,-1.803,39,C,133,Y,-0.9988,7
-6.784,-5.578,3,Y,134,*,,
-3.626,-1.973,7,Y,134,-,,
0.8202,0.0451,11,Y,134,A,0.04886,9
0.9763,0.05027,12,Y,134,C,0.05993,9
-0.1448,-0.01244,8,Y,134,D,-0.4626,4
-1.318,-0.2112,11,Y,134,E,-0.3452,6
-0.1407,-0.01206,16,Y,134,F,0.1556,9
-2.069,-0.5069,13,Y,134,G,-0.4056,7
1.478,0.06238,9,Y,134,H,0.02288,7
-1.299,-0.2059,11,Y,134,I,-0.1293,8
-1.433,-0.2449,8,Y,134,K,-0.7027,5
-0.5759,-0.06165,9,Y,134,L,0.009724,7
-1.358,-0.2224,13,Y,134,M,0.1016,8
-1.373,-0.227,8,Y,134,N,0.2692,4
-5.153,-4.206,12,Y,134,P,-3.251,5
1.539,0.06348,6,Y,134,Q,-0.7669,3
-2.008,-0.4752,15,Y,134,R,-0.3771,8
0.561,0.03454,8,Y,134,S,0.1449,4
-2.007,-0.475,16,Y,134,T,-0.4256,9
0.259,0.01831,18,Y,134,V,0.2101,11
0.8793,0.04715,13,Y,134,W,0.03063,7
0,0,,Y,134,Y,0,
-4.467,-3.223,8,V,135,-,,
-0.174,-0.01516,19,V,135,A,0.436,8
1.194,0.05626,11,V,135,C,-0.0798,5
-3.665,-2.025,14,V,135,D,-2.024,7
-2.425,-0.725,12,V,135,E,-0.4255,9
-2.045,-0.4942,20,V,135,F,-0.0258,11
-1.394,-0.2331,12,V,135,G,0.428,6
-2.882,-1.103,17,V,135,H,-0.8213,11
0.07265,0.00561,13,V,135,I,0.208,5
-2.422,-0.7234,9,V,135,K,-0.2514,7
0.04435,0.003472,18,V,135,L,0.3382,14
1.957,0.06947,8,V,135,M,0.7178,6
-1.004,-0.1352,10,V,135,N,-0.07684,5
-0.186,-0.01631,14,V,135,P,0.3692,9
-1.788,-0.3737,6,V,135,Q,-0.3336,4
-9.565,-6.025,5,V,135,R,-6,4
1.439,0.06163,10,V,135,S,0.4049,7
0.9241,0.04863,14,V,135,T,0.338,10
0,0,,V,135,V,0,
-4.58,-3.394,6,V,135,W,-3.589,4
-2.1,-0.5238,12,V,135,Y,-0.4783,8
-0.4247,-0.04203,4,D,136,-,,
2.014,0.07011,13,D,136,A,0.2545,8
-0.9866,-0.1316,11,D,136,C,-0.172,7
0,0,,D,136,D,0,
1.6,0.06451,9,D,136,E,-0.04874,4
-0.4116,-0.04046,18,D,136,F,0.1923,10
-1.399,-0.2347,14,D,136,G,-0.1776,12
-1.329,-0.2143,11,D,136,H,0.04468,7
-1.747,-0.3567,6,D,136,I,-0.9987,3
-1.842,-0.397,8,D,136,K,-0.1659,4
1.828,0.06788,15,D,136,L,0.2662,13
-1.687,-0.3329,12,D,136,M,-0.01622,10
1.167,0.05558,49,D,136,N,0.2509,9
-1.333,-0.2155,6,D,136,P,-0.7406,3
-0.4349,-0.04327,10,D,136,Q,-0.06026,5
-0.434,-0.04316,10,D,136,R,-0.05605,4
-0.05597,-0.004601,13,D,136,S,-0.024,11
-0.7485,-0.0878,8,D,136,T,-0.3747,6
-1.55,-0.2831,6,D,136,V,0.07605,4
-0.9801,-0.1303,9,D,136,W,-0.01335,7
-0.2841,-0.02617,12,D,136,Y,0.587,5
-12.28,-6.055,2,K,137,*,,
0.2398,0.0171,3,K,137,-,,
-1.285,-0.2022,10,K,137,A,0.03437,4
-1.41,-0.2379,11,K,137,C,0.08516,5
-1.215,-0.1838,5,K,137,D,0.1228,4
-0.8037,-0.0971,18,K,137,E,0.2487,7
-2.135,-0.5428,15,K,137,F,-0.6653,9
1.192,0.05623,9,K,137,G,0.06444,8
-2.452,-0.7448,14,K,137,H,-0.2818,8
-3.162,-1.393,10,K,137,I,-1.329,7
0,0,,K,137,K,0,
-1.304,-0.2072,15,K,137,L,0.05806,8
-0.935,-0.1213,16,K,137,M,0.0552,12
-1.763,-0.363,11,K,137,N,-0.1176,3
-5.191,-4.254,20,K,137,P,-4.287,10
-1.02,-0.1386,16,K,137,Q,-0.1473,9
0.9281,0.04876,16,K,137,R,-0.09006,12
-0.4759,-0.04836,9,K,137,S,0.3767,4
-1.077,-0.1509,12,K,137,T,0.0827,8
-2.128,-0.5393,14,K,137,V,-0.3345,10
-2.841,-1.064,10,K,137,W,-1.131,5
-2.172,-0.5642,12,K,137,Y,0.09548,7
-0.9151,-0.1174,2,F,138,-,,
-2.519,-0.7936,9,F,138,A,-0.7689,7
-2.398,-0.7069,13,F,138,C,-0.3284,7
-4.683,-3.548,12,F,138,D,-3.724,8
-4.029,-2.554,9,F,138,E,-2.564,5
0,0,,F,138,F,0,
-3.01,-1.229,10,F,138,G,-0.7687,7
-2.378,-0.6927,15,F,138,H,-0.6808,14
-1.486,-0.2616,11,F,138,I,-0.08983,7
-6.495,-5.434,6,F,138,K,-5.823,5
-0.3479,-0.0331,16,F,138,L,0.2052,11
-0.7769,-0.09252,11,F,138,M,0.2168,8
-3.483,-1.781,8,F,138,N,-1.735,2
-3.691,-2.062,5,F,138,P,-1.833,3
-2.69,-0.93,8,F,138,Q,-0.9671,5
-7.036,-5.678,15,F,138,R,-6,11
-2.408,-0.7137,13,F,138,S,-1.022,5
-2.269,-0.6224,11,F,138,T,-0.4688,10
-1.22,-0.1851,11,F,138,V,-0.06784,5
-3.145,-1.374,6,F,138,W,-1.267,3
-1.468,-0.2559,12,F,138,Y,-0.467,9
-9.675,-6.028,18,W,139,*,-6,1
-11.4,-6.052,3,W,139,-,,
-4.355,-3.051,7,W,139,A,-3.058,4
-4.49,-3.257,17,W,139,C,-3.427,11
-5.159,-4.213,16,W,139,D,-4.655,8
-5.6,-4.728,7,W,139,E,-4.975,5
-2.101,-0.5242,12,W,139,F,-0.6389,8
-10.31,-6.042,12,W,139,G,-4.59,7
-4.625,-3.462,14,W,139,H,-3.504,8
-5.62,-4.749,12,W,139,I,-4.646,6
-12.75,-6.056,4,W,139,K,-6,2
-6.394,-5.376,11,W,139,L,-5.371,4
-5.715,-4.844,7,W,139,M,-4.479,3
-4.636,-3.479,12,W,139,N,-3.519,8
-11.88,-6.054,13,W,139,P,-6,9
-10.76,-6.047,10,W,139,Q,-4.77,7
-7.112,-5.704,19,W,139,R,-6,11
-4.534,-3.325,9,W,139,S,-3.179,5
-5.858,-4.977,13,W,139,T,-3.775,10
-5.362,-4.463,7,W,139,V,-4.094,4
0,0,,W,139,W,0,
-1.733,-0.3509,6,W,139,Y,0.2038,5
-0.3302,-0.03113,2,P,140,-,,
-10.56,-6.045,8,P,140,A,-4.043,6
-6.805,-5.588,13,P,140,C,-6,10
-7.636,-5.843,11,P,140,D,-6,9
-6.191,-5.243,10,P,140,E,-6,3
-6.136,-5.203,10,P,140,F,-5.044,5
-5.97,-5.073,8,P,140,G,-4.475,3
-5.923,-5.033,12,P,140,H,-4.701,6
-6.357,-5.352,12,P,140,I,-5.02,6
-7.405,-5.79,9,P,140,K,-6,4
-5.988,-5.088,13,P,140,L,-5.74,8
-6.14,-5.206,9,P,140,M,-4.882,7
-7.16,-5.72,7,P,140,N,-5.955,6
0,0,,P,140,P,0,
-10.26,-6.041,5,P,140,Q,-5.468,3
-10.26,-6.041,6,P,140,R,-6,5
-6.424,-5.393,14,P,140,S,-5.336,5
-34.51,-6.057,8,P,140,T,-6,5
-22.99,-6.057,5,P,140,V,-6,3
-5.118,-4.16,11,P,140,W,-4.375,7
-10.32,-6.042,7,P,140,Y,-5.117,5
-3.49,-1.791,4,S,141,-,,
-0.5156,-0.05349,17,S,141,A,0.1103,6
-1.506,-0.2683,17,S,141,C,-0.1432,10
-2.379,-0.6935,9,S,141,D,-0.6135,7
-3.098,-1.322,16,S,141,E,-0.936,9
-3.37,-1.638,13,S,141,F,-1.647,9
-1.787,-0.373,13,S,141,G,-0.4995,7
-2.658,-0.903,13,S,141,H,-0.9126,7
-2.571,-0.8333,16,S,141,I,-0.3795,7
-4.998,-3.999,12,S,141,K,-3.958,8
-1.646,-0.3174,9,S,141,L,-0.05365,6
-2.094,-0.5205,18,S,141,M,-0.381,12
-2.32,-0.6547,15,S,141,N,-0.6895,9
-0.1689,-0.01468,8,S,141,P,-0.1028,6
-2.591,-0.8487,12,S,141,Q,-0.5951,9
-5.626,-4.755,12,S,141,R,-4.729,6
0,0,,S,141,S,0,
-1.28,-0.2008,5,S,141,T,-0.09863,3
-1.469,-0.2561,16,S,141,V,-0.1699,12
-4.244,-2.881,13,S,141,W,-2.726,10
-2.96,-1.179,19,S,141,Y,-1.05,12
-3.711,-2.09,4,V,142,-,,
-0.5416,-0.05695,8,V,142,A,-0.3011,4
-1.303,-0.2071,12,V,142,C,0.2267,9
0.5536,0.03419,10,V,142,D,0.1411,3
-0.3068,-0.02859,12,V,142,E,-0.02221,5
-0.5232,-0.05449,16,V,142,F,0.2956,7
-0.3275,-0.03083,10,V,142,G,0.2277,7
-1.112,-0.1589,13,V,142,H,0.1343,9
0.2583,0.01826,19,V,142,I,0.2721,5
-0.5089,-0.0526,13,V,142,K,-0.05176,6
-1.277,-0.1999,10,V,142,L,-0.7478,3
-1.291,-0.2039,12,V,142,M,-0.2741,9
1.06,0.05272,6,V,142,N,0.1458,3
-1.282,-0.2013,10,V,142,P,-0.3665,5
-0.07994,-0.006649,4,V,142,Q,0.1768,1
0.3718,0.02494,6,V,142,R,0.0178,4
-0.8687,-0.1087,10,V,142,S,0.276,7
-0.7191,-0.08304,16,V,142,T,-0.06507,13
0,0,,V,142,V,0,
-1.228,-0.1871,17,V,142,W,-0.075,12
-0.02612,-0.002116,16,V,142,Y,-0.141,8
-1.935,-0.4393,4,I,143,-,,
-1.327,-0.2138,11,I,143,A,-0.02852,7
-0.09952,-0.008358,17,I,143,C,0.3212,12
-2.287,-0.6334,9,I,143,D,-0.3569,8
-1.521,-0.2732,20,I,143,E,-0.2091,11
-2.448,-0.7417,9,I,143,F,-0.2255,3
0.1803,0.01322,6,I,143,G,0.03031,4
-2.873,-1.094,8,I,143,H,-0.7763,5
0,0,,I,143,I,0,
-1.795,-0.3766,17,I,143,K,-0.1341,13
1.65,0.06532,14,I,143,L,-0.5112,4
0.01605,0.001274,17,I,143,M,0.06469,12
-1.603,-0.3017,19,I,143,N,-0.2846,10
-3.159,-1.39,14,I,143,P,-1.376,10
-1.925,-0.4349,5,I,143,Q,0.159,4
-2.145,-0.5483,15,I,143,R,-0.314,8
-1.059,-0.1471,17,I,143,S,-0.4025,7
-0.3032,-0.02819,14,I,143,T,0.3977,4
0.6368,0.03791,28,I,143,V,0.3073,6
-2.43,-0.7289,9,I,143,W,-0.5668,6
-2.661,-0.9052,10,I,143,Y,-0.8168,7
-1.544,-0.281,5,T,144,-,,
-0.4165,-0.04104,12,T,144,A,-0.1556,2
1.397,0.06081,12,T,144,C,0.03182,9
-1.592,-0.2975,13,T,144,D,-0.03352,8
-0.4609,-0.04648,7,T,144,E,-0.9641,4
2.237,0.0723,7,T,144,F,0.1606,4
0.4403,0.02862,12,T,144,G,0.04918,11
-1.346,-0.2192,10,T,144,H,0.04712,5
-0.9167,-0.1177,18,T,144,I,-0.2964,8
1.566,0.06394,11,T,144,K,0.3064,8
-0.2174,-0.01936,12,T,144,L,-0.3353,9
-1.151,-0.1682,14,T,144,M,0.254,11
0.902,0.04791,16,T,144,N,0.5106,9
-2.501,-0.7798,14,T,144,P,-0.3446,9
-0.1232,-0.01047,5,T,144,Q,0.41,2
0.744,0.04227,14,T,144,R,0.2385,8
-1.011,-0.1367,7,T,144,S,0.1066,2
0,0,,T,144,T,0,
1.47,0.06222,9,T,144,V,0.1888,7
-1.648,-0.318,8,T,144,W,-0.01182,4
-1.561,-0.2869,10,T,144,Y,-0.06847,7
-3.099,-1.323,5,I,145,-,,
-0.07252,-0.00601,6,I,145,A,0.6942,5
-2.99,-1.209,10,I,145,C,-1.323,6
-3.315,-1.571,4,I,145,D,-1.605,1
-0.7568,-0.08916,15,I,145,E,-0.1116,9
0.348,0.0236,20,I,145,F,-0.05652,9
-0.7257,-0.08408,16,I,145,G,-0.04743,12
1.572,0.06405,8,I,145,H,0.1497,6
0,0,,I,145,I,0,
-1.187,-0.1767,16,I,145,K,0.1082,9
-0.4439,-0.04436,13,I,145,L,-0.2317,4
-0.7443,-0.08711,12,I,145,M,-0.01621,7
-2.174,-0.5654,11,I,145,N,-0.07804,8
-2.21,-0.586,10,I,145,P,-0.3117,9
-0.04631,-0.003789,8,I,145,Q,-0.08436,6
2.288,0.07273,13,I,145,R,0.4294,6
-1.261,-0.1956,11,I,145,S,0.1746,9
-0.7971,-0.09596,14,I,145,T,0.2674,4
-0.7918,-0.09505,28,I,145,V,0.0384,11
0.02274,0.001798,13,I,145,W,0.2787,8
0.8268,0.04533,6,I,145,Y,0.2649,5
-0.482,-0.04913,3,T,146,-,,
0.9589,0.04973,13,T,146,A,-0.09923,5
-0.4072,-0.03993,20,T,146,C,0.1035,16
-0.0009686,-7.793e-05,9,T,146,D,-0.06274,7
-0.7535,-0.08861,11,T,146,E,-0.01368,7
1.016,0.05147,3,T,146,F,0.02348,3
-0.4649,-0.04697,11,T,146,G,0.2723,5
1.352,0.05987,10,T,146,H,0.1269,9
-0.4317,-0.04288,17,T,146,I,0.03876,8
2.18,0.07178,11,T,146,K,0.1235,7
-0.1766,-0.01541,7,T,146,L,-0.04095,2
1.68,0.06578,6,T,146,M,-0.1958,3
-1.996,-0.4692,9,T,146,N,-0.5569,5
-3.456,-1.747,13,T,146,P,-1.482,4
-0.1561,-0.01348,15,T,146,Q,0.0495,11
1.727,0.06648,4,T,146,R,-0.2237,2
0.3337,0.02278,12,T,146,S,0.5058,8
0,0,,T,146,T,0,
0.8204,0.0451,15,T,146,V,0.1043,8
-0.06213,-0.005123,13,T,146,W,-0.003268,7
-0.3375,-0.03194,8,T,146,Y,-0.2808,4
-7.176,-5.725,17,W,147,*,-6,3
-3.428,-1.711,5,W,147,-,,
-3.043,-1.263,13,W,147,A,-0.5997,9
-4.399,-3.119,7,W,147,C,-3.153,4
-14.99,-6.057,4,W,147,D,-4.898,3
-4.348,-3.04,10,W,147,E,-2.767,6
1.4,0.06085,5,W,147,F,0.7673,3
-4.423,-3.155,8,W,147,G,-2.951,7
0.88,0.04717,8,W,147,H,0.03862,4
-0.4771,-0.04851,9,W,147,I,-0.1966,3
-4.275,-2.928,6,W,147,K,-2.707,3
-1.48,-0.2596,14,W,147,L,-0.5178,7
0.6402,0.03805,7,W,147,M,0.0052,2
-1.754,-0.3595,13,W,147,N,-0.6778,7
-2.639,-0.8877,5,W,147,P,-0.6386,2
-1.676,-0.3285,7,W,147,Q,-0.5085,4
-2.224,-0.5947,8,W,147,R,0.1422,3
-3.632,-1.981,10,W,147,S,-1.775,9
-1.779,-0.3698,10,W,147,T,-0.8127,5
-0.5509,-0.0582,9,W,147,V,-0.3705,6
0,0,,W,147,W,0,
-1.678,-0.3294,11,W,147,Y,-0.1945,4
-0.1217,-0.01034,4,M,148,-,,
1.558,0.06381,11,M,148,A,0.1018,9
-1.104,-0.1571,12,M,148,C,-0.2942,11
0.3597,0.02426,7,M,148,D,0.2572,5
-0.4457,-0.04458,7,M,148,E,-0.3078,4
-1.597,-0.2993,13,M,148,F,-0.3131,9
0.1054,0.00801,7,M,148,G,-0.0129,4
-0.1602,-0.01386,11,M,148,H,-0.0325,10
-0.04384,-0.003583,47,M,148,I,0.02784,12
-0.7634,-0.09026,13,M,148,K,-0.5276,4
-1.011,-0.1367,10,M,148,L,-0.1662,9
0,0,,M,148,M,0,
0.7941,0.04415,8,M,148,N,0.457,5
-4.81,-3.734,11,M,148,P,-3.481,7
0.08575,0.00658,10,M,148,Q,-0.1861,6
-0.4651,-0.04699,10,M,148,R,0.4108,6
1.144,0.05499,12,M,148,S,-0.05763,8
-0.2956,-0.02738,18,M,148,T,-0.37,9
-0.02177,-0.001759,19,M,148,V,0.1625,9
1.181,0.05595,5,M,148,W,0.02037,3
-0.6724,-0.07573,11,M,148,Y,-0.102,9
-0.3876,-0.03763,5,K,149,-,,
-2.296,-0.6395,7,K,149,A,-0.5445,3
-0.3192,-0.02993,11,K,149,C,-0.5536,7
-0.1223,-0.01038,8,K,149,D,-0.3356,6
-1.723,-0.3469,14,K,149,E,-0.06587,8
0.8539,0.04628,14,K,149,F,0.01498,7
-1.63,-0.3114,13,K,149,G,-0.433,9
1.744,0.06673,10,K,149,H,-0.2714,7
-0.3353,-0.0317,9,K,149,I,0.08101,5
0,0,,K,149,K,0,
-0.9026,-0.115,10,K,149,L,0.09305,8
-0.8803,-0.1108,13,K,149,M,0.03508,7
-1.596,-0.2991,14,K,149,N,-0.6892,7
-3.918,-2.388,15,K,149,P,-2.262,9
-0.5455,-0.05748,12,K,149,Q,-0.07665,6
-0.01889,-0.001525,15,K,149,R,0.2492,8
-1.801,-0.3789,6,K,149,S,-0.2993,5
0.4358,0.02839,8,K,149,T,-0.05124,5
-1.043,-0.1435,12,K,149,V,-0.256,10
-1.998,-0.4704,11,K,149,W,-0.4653,10
-0.3766,-0.03636,17,K,149,Y,0.1171,11
-0.4834,-0.04931,5,N,150,-,,
0.2424,0.01727,10,N,150,A,0.2628,3
-1.909,-0.4273,14,N,150,C,0.03422,5
0.4086,0.02695,10,N,150,D,0.1811,6
0.6587,0.03884,17,N,150,E,-0.1251,11
-0.974,-0.129,10,N,150,F,-0.0154,7
-1.687,-0.3329,13,N,150,G,-0.0857,11
0.02634,0.00208,9,N,150,H,0.1422,5
-0.9417,-0.1226,9,N,150,I,0.1409,7
-0.1954,-0.01721,12,N,150,K,0.1754,8
-2.113,-0.5307,9,N,150,L,-0.1328,4
2.132,0.07133,13,N,150,M,0.8635,5
0,0,,N,150,N,0,
-3.043,-1.264,13,N,150,P,-1.269,9
-1.546,-0.2815,10,N,150,Q,-0.2528,7
1.398,0.06083,10,N,150,R,-0.1571,4
-0.3443,-0.0327,10,N,150,S,-0.3209,4
-0.9129,-0.117,16,N,150,T,-0.1596,11
0.05248,0.004092,15,N,150,V,0.3257,8
-0.8892,-0.1125,10,N,150,W,0.5236,7
1.3,0.05874,8,N,150,Y,0.02463,5
-0.3202,-0.03004,5,G,151,-,,
-2.205,-0.5831,10,G,151,A,-0.1783,6
-0.7918,-0.09504,17,G,151,C,0.5524,6
-0.1592,-0.01377,30,G,151,D,0.4598,9
-0.2889,-0.02667,6,G,151,E,0.5263,4
-0.1755,-0.0153,8,G,151,F,-0.243,3
0,0,,G,151,G,0,
1.643,0.06522,8,G,151,H,0.2825,3
-1.951,-0.4473,8,G,151,I,-0.01735,4
-0.5417,-0.05696,5,G,151,K,0.2851,4
-1.444,-0.2483,8,G,151,L,-0.1598,6
-1.169,-0.1724,7,G,151,M,0.2214,1
0.1258,0.009468,5,G,151,N,0.3355,3
-4.3,-2.967,11,G,151,P,-2.476,8
-0.1364,-0.01167,13,G,151,Q,0.1898,9
5.93,0.08083,12,G,151,R,-0.03777,8
-0.8091,-0.09804,13,G,151,S,-0.2935,7
-0.005104,-0.0004098,8,G,151,T,0.1326,7
-1.52,-0.2727,22,G,151,V,0.2581,14
-1.852e-05,-1.464e-06,8,G,151,W,0.3887,5
2.52,0.07445,6,G,151,Y,0.4271,5
-8.2,-5.933,5,Q,152,*,-6,2
-0.7314,-0.085,5,Q,152,-,,
1.639,0.06515,12,Q,152,A,0.2237,7
-0.2589,-0.02355,8,Q,152,C,0.1812,5
-0.1323,-0.01129,9,Q,152,D,0.5629,5
-2.057,-0.5007,7,Q,152,E,-0.01816,4
-0.1101,-0.009293,4,Q,152,F,-0.4878,2
0.1345,0.01009,12,Q,152,G,0.2308,9
0.05298,0.00413,19,Q,152,H,0.08375,11
0.6025,0.03641,13,Q,152,I,0.1379,11
0.1285,0.009658,14,Q,152,K,0.2866,12
1.027,0.05178,15,Q,152,L,0.3773,9
-0.5802,-0.06225,13,Q,152,M,0.299,8
-0.7298,-0.08475,6,Q,152,N,-0.3186,4
-1.609,-0.3037,15,Q,152,P,-0.5478,5
0,0,,Q,152,Q,0,
0.4862,0.03096,9,Q,152,R,0.119,6
2.622,0.07509,18,Q,152,S,0.2725,12
1.399,0.06085,9,Q,152,T,0.4056,8
0.02324,0.001838,22,Q,152,V,0.4188,13
3.092,0.07733,13,Q,152,W,0.06199,8
0.1442,0.01076,17,Q,152,Y,-0.0248,8
-8.112,-5.922,3,E,153,*,-6,1
-0.7698,-0.09133,5,E,153,-,,
1.093,0.05365,6,E,153,A,-0.07148,3
-0.2214,-0.01975,13,E,153,C,0.2873,12
0.0208,0.001647,20,E,153,D,0.1538,10
0,0,,E,153,E,0,
-2.196,-0.5778,12,E,153,F,-0.02846,8
-0.5536,-0.05858,19,E,153,G,-0.3317,8
0.4747,0.03038,14,E,153,H,-0.1349,8
-0.06229,-0.005137,12,E,153,I,0.08255,10
-0.539,-0.05659,18,E,153,K,0.0842,7
0.5038,0.03182,12,E,153,L,-0.08012,7
-0.298,-0.02764,12,E,153,M,-0.09799,11
0.2939,0.02044,11,E,153,N,0.3199,7
0.1471,0.01096,13,E,153,P,-0.2229,6
0.2523,0.01789,18,E,153,Q,-0.0075,14
0.04018,0.003151,14,E,153,R,0.2243,10
-0.2424,-0.02186,9,E,153,S,0.11,7
0.5122,0.03223,10,E,153,T,0.06589,5
1.076,0.05318,14,E,153,V,0.3804,10
1.305,0.05887,12,E,153,W,0.2702,8
0.2085,0.01509,8,E,153,Y,0.1875,5
-0.7102,-0.08162,5,V,154,-,,
-0.2502,-0.02265,9,V,154,A,0.07537,5
-0.4904,-0.0502,13,V,154,C,-0.3316,8
1.336,0.05952,14,V,154,D,-0.3633,9
-0.6014,-0.06525,10,V,154,E,0.1675,8
0.5899,0.03585,6,V,154,F,-0.1839,5
1.39,0.06066,7,V,154,G,0.151,6
0.803,0.04448,20,V,154,H,0.02509,10
-0.09471,-0.007935,11,V,154,I,0.1016,4
2.004,0.07,9,V,154,K,0.3717,5
-0.8586,-0.1069,11,V,154,L,-0.1201,5
-0.4362,-0.04342,19,V,154,M,-0.5774,3
-0.878,-0.1104,10,V,154,N,0.3272,5
-0.7483,-0.08776,9,V,154,P,0.07225,4
1.107,0.05401,10,V,154,Q,0.0748,9
-0.004374,-0.0003505,10,V,154,R,0.5713,8
2.507,0.07437,3,V,154,S,0.1806,1
0.3842,0.02562,13,V,154,T,0.185,8
0,0,,V,154,V,0,
1.327,0.05934,11,V,154,W,0.1442,8
-0.6699,-0.07536,8,V,154,Y,0.281,3
0.00875,0.0006969,6,T,155,-,,
-0.1073,-0.009049,19,T,155,A,0.1297,13
1.605,0.06459,15,T,155,C,-0.02143,7
1.205,0.05653,13,T,155,D,0.2535,8
-1.341,-0.2177,15,T,155,E,0.04107,11
0.2555,0.01809,10,T,155,F,0.2513,9
1.791,0.06738,9,T,155,G,0.2711,6
0.9582,0.04971,7,T,155,H,-0.006575,4
-1.921,-0.4329,20,T,155,I,-0.4112,12
0.3255,0.0223,17,T,155,K,0.3101,12
-1.795,-0.3763,6,T,155,L,0.0602,2
0.2264,0.01625,12,T,155,M,-0.113,8
0.3106,0.02143,14,T,155,N,0.1164,10
0.2811,0.01966,16,T,155,P,-0.2322,13
-0.6775,-0.07653,13,T,155,Q,0.09175,9
0.1595,0.01182,11,T,155,R,0.3221,6
1.839,0.06803,10,T,155,S,0.1841,5
0,0,,T,155,T,0,
1.415,0.06117,4,T,155,V,0.4665,3
-1.121,-0.1609,12,T,155,W,-0.476,6
0.09235,0.007064,11,T,155,Y,-0.1044,7
-9.381,-6.019,2,E,156,*,,
-0.1055,-0.008888,10,E,156,-,,
0.5244,0.03282,9,E,156,A,0.108,6
-0.5512,-0.05826,9,E,156,C,-0.1107,4
-0.208,-0.01844,17,E,156,D,-0.3421,9
0,0,,E,156,E,0,
0.07574,0.005839,12,E,156,F,-0.274,6
-0.608,-0.0662,18,E,156,G,-0.0164,8
-0.4188,-0.04132,9,E,156,H,-0.09403,6
0.5817,0.03548,21,E,156,I,0.002389,17
-0.3936,-0.03833,32,E,156,K,0.1384,14
-0.008124,-0.0006527,15,E,156,L,-0.1763,10
-1.107,-0.1577,14,E,156,M,-0.2734,10
0.1842,0.01348,16,E,156,N,-0.05197,11
-0.2324,-0.02085,6,E,156,P,0.1618,2
-0.2922,-0.02702,18,E,156,Q,0.05688,11
1.174,0.05578,3,E,156,R,-0.8164,1
0.3913,0.02601,12,E,156,S,0.1469,10
-0.6142,-0.06709,14,E,156,T,-0.1537,8
3,0.07696,13,E,156,V,0.4068,10
-2.461,-0.7509,11,E,156,W,-0.5676,6
-0.2329,-0.0209,12,E,156,Y,0.2452,9
-6.023,-5.116,6,G,157,*,,
-0.6715,-0.0756,10,G,157,-,,
1.504,0.06286,6,G,157,A,0.0215,2
-1.256,-0.1944,13,G,157,C,-0.5392,5
-0.4114,-0.04044,7,G,157,D,0.2211,5
0.1641,0.01213,21,G,157,E,0.5439,6
-0.7422,-0.08677,10,G,157,F,-0.2326,6
0,0,,G,157,G,0,
-1.377,-0.2281,9,G,157,H,-0.2227,7
1.925,0.0691,10,G,157,I,0.0082,4
0.0356,0.002798,16,G,157,K,0.6704,11
-0.1241,-0.01055,11,G,157,L,-0.03476,8
-1.123,-0.1616,13,G,157,M,-0.2911,7
1.216,0.0568,14,G,157,N,0.1555,7
-1.428,-0.2434,10,G,157,P,-0.385,8
2.626,0.07512,8,G,157,Q,0.09169,6
-0.2021,-0.01786,27,G,157,R,-0.1976,10
0.5976,0.0362,10,G,157,S,-0.2773,6
-0.3134,-0.0293,14,G,157,T,-0.3882,8
-0.07184,-0.005952,14,G,157,V,0.07666,10
-2.272,-0.6241,13,G,157,W,-0.8074,9
-0.5366,-0.05627,15,G,157,Y,-0.401,8
-0.8928,-0.1132,11,V,158,-,,
-0.4302,-0.0427,11,V,158,A,0.01882,5
-0.6485,-0.07213,8,V,158,C,0.2749,5
-1.769,-0.3657,6,V,158,D,-0.812,2
-1.479,-0.2595,6,V,158,E,-0.5131,4
-2.084,-0.5149,17,V,158,F,-0.2412,11
-0.1033,-0.00869,11,V,158,G,-0.6328,7
-0.8243,-0.1007,15,V,158,H,-0.7674,6
0.4568,0.02947,7,V,158,I,0.01573,7
-1.374,-0.2271,8,V,158,K,0.3214,5
0.6181,0.0371,16,V,158,L,0.253,5
-0.1206,-0.01024,22,V,158,M,-0.3055,7
-2.05,-0.4968,7,V,158,N,-0.3259,7
-1.34,-0.2174,10,V,158,P,-0.2189,9
-1.154,-0.1689,12,V,158,Q,-0.3858,10
-0.9195,-0.1183,7,V,158,R,-0.1378,3
0.3438,0.02336,9,V,158,S,-0.2371,5
1.222,0.05694,13,V,158,T,-0.1758,8
0,0,,V,158,V,0,
-0.9099,-0.1164,12,V,158,W,-0.3921,6
-1.877,-0.4124,17,V,158,Y,-0.6834,13
-2.694,-0.9333,11,S,159,-,,
0.8964,0.04772,12,S,159,A,-0.7478,7
-1.673,-0.3274,12,S,159,C,-0.1292,8
0.5702,0.03496,12,S,159,D,0.609,9
2.023,0.07021,9,S,159,E,0.5389,4
-0.9241,-0.1192,10,S,159,F,-1.231,2
-2.546,-0.8138,10,S,159,G,-0.8528,7
0.2131,0.01539,12,S,159,H,0.05312,10
2.001,0.06997,6,S,159,I,0.6884,6
-0.8359,-0.1028,7,S,159,K,0.5054,3
2.053,0.07052,8,S,159,L,0.5397,6
2.15,0.0715,6,S,159,M,1.003,2
2.163,0.07163,9,S,159,N,1.073,5
-1.593,-0.2979,12,S,159,P,-0.7628,6
0.7292,0.04169,11,S,159,Q,0.3819,7
-0.525,-0.05473,6,S,159,R,-0.1413,4
0,0,,S,159,S,0,
1.675,0.0657,11,S,159,T,0.7296,7
0.8986,0.04779,10,S,159,V,0.51,6
1.669,0.06561,10,S,159,W,0.378,6
-0.5189,-0.05392,9,S,159,Y,0.0118,5
-6.93,-5.639,3,E,160,*,,
-0.773,-0.09187,12,E,160,-,,
-1.141,-0.1657,10,E,160,A,0.8446,7
-0.1596,-0.01381,13,E,160,C,0.5134,9
0.01745,0.001383,10,E,160,D,0.2903,6
0,0,,E,160,E,0,
-0.5987,-0.06486,15,E,160,F,0.03013,9
0.54,0.03356,15,E,160,G,0.4986,6
0.1434,0.0107,20,E,160,H,0.183,10
0.08544,0.006556,14,E,160,I,0.3561,11
-0.2528,-0.02291,18,E,160,K,0.8293,4
-0.1489,-0.01282,16,E,160,L,0.3361,6
-1.293,-0.2042,9,E,160,M,0.06921,5
1.362,0.06009,9,E,160,N,0.09957,5
-1.577,-0.2923,11,E,160,P,0.01809,8
1.394,0.06075,10,E,160,Q,-0.1764,7
0.8264,0.04532,2,E,160,R,-0.4053,1
-0.9834,-0.131,10,E,160,S,0.4407,4
1.95,0.06939,12,E,160,T,0.5077,8
0.1479,0.01101,12,E,160,V,0.5468,7
-1.09,-0.1539,16,E,160,W,0.03088,12
1.712,0.06626,14,E,160,Y,0.3432,9
-1.584,-0.2949,13,T,161,-,,
-2.805,-1.03,12,T,161,A,-1.033,7
-2.717,-0.953,13,T,161,C,-0.7585,6
-1.073,-0.1501,13,T,161,D,-0.056,6
-2.617,-0.8694,8,T,161,E,0.1048,2
-2.59,-0.8485,14,T,161,F,-0.4087,11
-0.835,-0.1026,10,T,161,G,-0.4244,7
2.393,0.07356,12,T,161,H,0.1376,5
-3.019,-1.239,25,T,161,I,-1.048,8
-0.7743,-0.09208,8,T,161,K,-0.4048,3
-1.434,-0.2453,14,T,161,L,-0.1565,12
1.897,0.06875,10,T,161,M,0.4249,7
-1.12,-0.1607,12,T,161,N,0.2138,6
-1.471,-0.257,14,T,161,P,-0.1873,10
-0.9732,-0.1289,10,T,161,Q,-0.2488,9
-1.966,-0.4545,9,T,161,R,0.00745,4
-0.4454,-0.04454,11,T,161,S,-0.5484,5
0,0,,T,161,T,0,
-1.542,-0.2803,11,T,161,V,-0.3331,9
-1.713,-0.3431,11,T,161,W,0.2001,6
-2.26,-0.6169,18,T,161,Y,0.01539,9
-0.7319,-0.08509,12,V,162,-,,
-1.026,-0.1399,12,V,162,A,-0.1805,7
-0.964,-0.127,14,V,162,C,-0.01431,8
-1.645,-0.3168,12,V,162,D,-0.1535,6
-1.73,-0.3497,20,V,162,E,-0.4412,12
-0.9419,-0.1226,17,V,162,F,-0.188,13
-2.73,-0.9642,13,V,162,G,-0.9831,10
-1.377,-0.2281,18,V,162,H,-0.2935,11
1.936,0.06922,8,V,162,I,0.5099,8
1.552,0.0637,12,V,162,K,0.1516,9
0.727,0.04161,16,V,162,L,-0.2043,10
-0.5511,-0.05824,31,V,162,M,-0.1347,7
0.4109,0.02707,12,V,162,N,0.02858,6
-1.033,-0.1414,9,V,162,P,-0.3463,6
0.2991,0.02075,13,V,162,Q,0.4247,6
-1.255,-0.1943,18,V,162,R,-0.1231,13
-0.3789,-0.03662,8,V,162,S,-0.3355,7
-1.119,-0.1604,17,V,162,T,-0.111,10
0,0,,V,162,V,0,
-0.6458,-0.07173,9,V,162,W,-0.2802,7
0.5395,0.03353,10,V,162,Y,-0.04839,5
-1.107,-0.1579,13,F,163,-,,
-2.174,-0.5653,7,F,163,A,-0.6302,4
0.7184,0.04127,13,F,163,C,0.06928,11
-2.321,-0.6552,4,F,163,D,-0.5479,2
-1.501,-0.2666,16,F,163,E,-0.09041,11
0,0,,F,163,F,0,
-1.673,-0.3275,16,F,163,G,-0.1481,9
-1.189,-0.1773,11,F,163,H,-0.1441,5
1.125,0.05451,12,F,163,I,0.5083,7
-1.177,-0.1744,13,F,163,K,-0.2252,7
-0.3519,-0.03355,11,F,163,L,0.4602,5
0.9515,0.0495,13,F,163,M,0.04797,11
-0.3068,-0.02858,18,F,163,N,-0.07651,9
-1.64,-0.315,11,F,163,P,0.00368,8
-1.625,-0.3094,10,F,163,Q,-0.2306,7
-3.392,-1.666,7,F,163,R,-0.4637,2
0.001519,0.0001211,6,F,163,S,0.221,4
-0.4464,-0.04467,13,F,163,T,-0.00663,12
-1.722,-0.3466,15,F,163,V,-0.5326,9
-0.8223,-0.1003,16,F,163,W,-0.4613,8
0.1252,0.00943,14,F,163,Y,0.1634,5
-2.604,-0.8591,1,Y,164,*,,
-1.53,-0.2763,14,Y,164,-,,
-1.947,-0.4453,6,Y,164,A,-0.2424,3
-1.358,-0.2226,20,Y,164,C,0.2095,3
-2.54,-0.8095,14,Y,164,D,-0.4835,8
-1.705,-0.3399,17,Y,164,E,-0.02299,9
-2.376,-0.6917,10,Y,164,F,0.1716,5
-0.3479,-0.0331,11,Y,164,G,-0.1087,8
-0.436,-0.0434,14,Y,164,H,-0.4357,7
-0.1684,-0.01464,9,Y,164,I,0.05325,6
-0.1619,-0.01403,11,Y,164,K,-0.02967,7
-1.132,-0.1636,14,Y,164,L,-0.2324,10
0.1721,0.01267,8,Y,164,M,0.13,5
-2.021,-0.4819,5,Y,164,N,0.5961,2
-2.326,-0.6584,3,Y,164,P,-0.393,3
-0.5706,-0.06091,11,Y,164,Q,-0.3974,7
0.07364,0.005683,7,Y,164,R,-0.3117,5
-1.539,-0.2793,12,Y,164,S,-0.01284,5
-1.638,-0.3143,16,Y,164,T,-0.3649,8
-0.1288,-0.01098,11,Y,164,V,-0.3709,8
1.858,0.06827,15,Y,164,W,0.5439,10
0,0,,Y,164,Y,0,
-6.724,-5.551,1,R,165,*,-6,1
-1.285,-0.2021,15,R,165,-,,
-0.3317,-0.0313,14,R,165,A,-0.04588,8
-1.119,-0.1605,16,R,165,C,0.2967,10
-2.743,-0.9753,13,R,165,D,-0.9446,8
-3.793,-2.207,9,R,165,E,-2.21,7
-1.062,-0.1476,13,R,165,F,0.01864,11
-1.159,-0.17,18,R,165,G,-0.1696,13
0.4701,0.03015,7,R,165,H,0.1221,4
-1.695,-0.3361,9,R,165,I,-0.5065,4
-0.5207,-0.05416,14,R,165,K,-0.1623,6
-0.2483,-0.02246,15,R,165,L,0.3293,7
-0.9469,-0.1236,13,R,165,M,0.4008,6
-0.9415,-0.1225,8,R,165,N,-0.3379,4
-2.652,-0.8981,4,R,165,P,-1.09,3
-1.838,-0.3952,10,R,165,Q,-0.2952,8
0,0,,R,165,R,0,
-1.126,-0.1622,18,R,165,S,-0.2506,11
-0.672,-0.07568,15,R,165,T,0.02281,8
1.292,0.05857,20,R,165,V,-0.08995,14
-0.7826,-0.09349,14,R,165,W,0.07741,10
-0.9771,-0.1297,10,R,165,Y,-0.435,7
-10.35,-6.042,9,Q,166,*,-6,2
-1.508,-0.2689,15,Q,166,-,,
1.145,0.05502,9,Q,166,A,0.02219,8
-1.251,-0.1931,9,Q,166,C,0.3186,6
0.8521,0.04622,9,Q,166,D,-0.09285,7
-0.3675,-0.03532,12,Q,166,E,0.1698,6
-1.715,-0.3439,6,Q,166,F,-0.5279,2
-0.4771,-0.04851,10,Q,166,G,0.2704,7
0.3965,0.0263,14,Q,166,H,0.1881,4
-1.148,-0.1674,10,Q,166,I,-0.0331,4
-0.3185,-0.02985,14,Q,166,K,0.05927,5
1.031,0.05189,11,Q,166,L,0.2147,6
-0.1517,-0.01308,7,Q,166,M,0.4546,2
1.717,0.06633,15,Q,166,N,0.2083,10
-2.852,-1.074,12,Q,166,P,-1.041,7
0,0,,Q,166,Q,0,
2.815,0.07614,11,Q,166,R,0.2208,4
0.6673,0.0392,17,Q,166,S,0.3621,13
-0.4481,-0.04489,9,Q,166,T,-0.1507,7
1,0.05099,13,Q,166,V,-0.3312,7
-0.8787,-0.1105,9,Q,166,W,-0.3692,5
-1.729,-0.3493,13,Q,166,Y,-0.3185,9
-2.209,-0.5855,16,A,167,-,,
0,0,,A,167,A,0,
2.07,0.0707,7,A,167,C,0.4455,3
0.1094,0.008298,21,A,167,D,-0.008316,13
-0.8549,-0.1062,10,A,167,E,0.4977,5
2.456,0.07402,13,A,167,F,0.07262,9
1.675,0.06571,9,A,167,G,0.02925,6
-0.00512,-0.0004105,17,A,167,H,-0.188,9
0.1315,0.009873,8,A,167,I,0.154,2
-0.2573,-0.02338,7,A,167,K,0.2577,4
-1.336,-0.2163,14,A,167,L,-0.4334,10
0.7662,0.04311,12,A,167,M,-0.1599,8
1.398,0.06082,10,A,167,N,0.4903,5
-0.1265,-0.01076,9,A,167,P,-0.45,4
-0.5129,-0.05313,12,A,167,Q,-0.2293,7
-0.6245,-0.06859,13,A,167,R,-0.03165,8
0.07077,0.00547,13,A,167,S,0.2255,7
-0.08762,-0.007315,18,A,167,T,0.1361,7
0.2608,0.01842,30,A,167,V,-0.1002,15
0.06438,0.004991,14,A,167,W,-0.05098,6
-0.6126,-0.06685,11,A,167,Y,0.07512,8
-0.983,-0.1309,11,D,168,-,,
0.08289,0.006368,8,D,168,A,0.01243,5
-0.8505,-0.1054,16,D,168,C,0.02593,12
0,0,,D,168,D,0,
-0.8266,-0.1011,12,D,168,E,-0.2341,7
-2.213,-0.5878,9,D,168,F,-0.4274,6
-0.9833,-0.1309,20,D,168,G,-0.175,8
-1.504,-0.2676,15,D,168,H,0.01315,8
-1.773,-0.3674,17,D,168,I,-0.193,12
-1.736,-0.3522,11,D,168,K,-0.1254,7
-1.901,-0.4235,15,D,168,L,-0.35,13
-1.32,-0.2116,7,D,168,M,0.01237,5
-0.3182,-0.02982,22,D,168,N,-0.05813,5
-1.327,-0.2137,12,D,168,P,-0.1407,6
-1.686,-0.3326,10,D,168,Q,-0.2472,7
-1.752,-0.3588,13,D,168,R,-0.3175,9
0.9929,0.05077,9,D,168,S,0.06746,7
-1.596,-0.299,14,D,168,T,-0.3247,9
-1.566,-0.2885,9,D,168,V,-0.03616,9
-1.468,-0.2558,12,D,168,W,0.1962,10
-1.197,-0.1793,16,D,168,Y,0.1297,8
-1.431,-0.2442,12,N,169,-,,
-2.027,-0.4851,10,N,169,A,-0.5122,7
-0.4937,-0.05063,11,N,169,C,0.06997,8
-0.8438,-0.1042,17,N,169,D,0.05463,6
-1.537,-0.2784,16,N,169,E,-0.2043,11
0.006773,0.00054,3,N,169,F,0.1199,2
0.802,0.04444,10,N,169,G,0.1008,8
-0.5099,-0.05273,17,N,169,H,0.345,7
-2.435,-0.7324,12,N,169,I,-0.3297,4
-2.249,-0.6098,7,N,169,K,-0.643,3
-1.422,-0.2417,12,N,169,L,0.03714,7
-1.319,-0.2115,7,N,169,M,-0.6908,5
0,0,,N,169,N,0,
-2.758,-0.9883,9,N,169,P,-1.17,5
-2.112,-0.5301,16,N,169,Q,-0.5087,8
-1.896,-0.4214,17,N,169,R,-0.503,13
-0.7103,-0.08163,13,N,169,S,0.05121,4
-1.36,-0.2231,14,N,169,T,-0.5369,10
-2.581,-0.8412,11,N,169,V,-0.8584,6
-1.531,-0.2765,12,N,169,W,-0.3917,9
-1.268,-0.1976,9,N,169,Y,-0.2753,6
-0.9778,-0.1298,11,G,170,-,,
-1.607,-0.3032,9,G,170,A,-0.07987,8
0.9993,0.05096,21,G,170,C,0.0305,13
-0.3169,-0.02967,13,G,170,D,0.1747,3
-0.6732,-0.07586,16,G,170,E,-0.2338,9
-1.568,-0.2892,10,G,170,F,-0.2127,9
0,0,,G,170,G,0,
-0.8013,-0.09668,8,G,170,H,-0.1643,4
1.202,0.05646,5,G,170,I,0.392,3
0.2659,0.01873,7,G,170,K,0.1786,6
-1.341,-0.2177,8,G,170,L,-0.2198,4
-1.642,-0.3159,5,G,170,M,-0.4026,3
0.1347,0.01009,9,G,170,N,-0.7638,4
-2.537,-0.8071,14,G,170,P,-0.745,8
-0.3492,-0.03324,8,G,170,Q,-0.029,7
3.228,0.0778,8,G,170,R,-0.08429,6
-1.303,-0.2069,15,G,170,S,-0.233,7
-1.559,-0.2862,10,G,170,T,-0.3697,5
-2.373,-0.6896,16,G,170,V,-0.5441,8
-1.246,-0.1917,10,G,170,W,-0.1986,8
0.09664,0.007377,13,G,170,Y,0.1745,7
-13.24,-6.056,1,F,171,*,-6,1
-3.824,-2.25,12,F,171,-,-2.303,1
-2.149,-0.5507,12,F,171,A,-0.1861,7
-0.4463,-0.04466,10,F,171,C,0.09813,6
1.451,0.06187,7,F,171,D,-0.09973,3
-2.704,-0.9414,4,F,171,E,-1.116,3
0,0,,F,171,F,0,
-2.105,-0.5264,10,F,171,G,-0.2429,5
-0.4005,-0.03915,6,F,171,H,-1.244,3
-1.308,-0.2084,12,F,171,I,-0.5174,6
-4.379,-3.088,6,F,171,K,-3.418,3
-0.4189,-0.04133,11,F,171,L,-0.3473,5
1.933,0.06918,13,F,171,M,-0.09199,6
-1.676,-0.3288,11,F,171,N,-0.3347,6
-2.594,-0.8516,10,F,171,P,-0.8925,6
-1.923,-0.4338,9,F,171,Q,-0.1032,6
-4.527,-3.313,12,F,171,R,-3.175,9
-3.024,-1.244,17,F,171,S,-0.8142,8
-3.423,-1.704,4,F,171,T,-2.022,2
-1.706,-0.3401,16,F,171,V,-0.3741,10
-1.051,-0.1453,9,F,171,W,0.2744,7
-1.854,-0.4021,6,F,171,Y,-0.2627,4
-7.562,-5.827,2,Y,172,*,-6,2
-0.8736,-0.1096,10,Y,172,-,,
0.1195,0.009022,15,Y,172,A,-0.1186,8
0.3047,0.02108,16,Y,172,C,-0.04592,5
-1.271,-0.1985,17,Y,172,D,-0.08208,9
0.6974,0.04043,11,Y,172,E,0.2964,5
-0.309,-0.02882,12,Y,172,F,-0.375,8
-1.882,-0.4148,9,Y,172,G,-0.5689,8
-1.308,-0.2084,15,Y,172,H,0.03849,7
-1.47,-0.2564,12,Y,172,I,-0.07927,9
-1.408,-0.2373,10,Y,172,K,-0.1138,4
-0.1722,-0.015,13,Y,172,L,0.1284,8
0.8158,0.04494,14,Y,172,M,0.02206,12
-0.3107,-0.029,14,Y,172,N,-0.1042,10
-4.286,-2.946,6,Y,172,P,-2.91,4
0.1686,0.01244,8,Y,172,Q,-0.06467,4
4.66,0.08028,7,Y,172,R,0.1483,4
-0.001227,-9.841e-05,8,Y,172,S,0.1577,2
0.4176,0.02743,9,Y,172,T,-0.6177,4
0.01643,0.001303,17,Y,172,V,0.1148,12
-1.803,-0.38,11,Y,172,W,-0.3135,6
0,0,,Y,172,Y,0,
-5.007,-4.011,1,K,173,*,,
-0.6849,-0.07765,10,K,173,-,,
-2.111,-0.5299,11,K,173,A,-0.8622,3
-1.239,-0.1899,18,K,173,C,-0.542,13
-2.428,-0.7274,15,K,173,D,-0.2697,10
-1.606,-0.3025,6,K,173,E,-0.5139,3
-1.587,-0.296,9,K,173,F,-0.2013,7
-2.686,-0.9267,8,K,173,G,-0.8301,6
0.7597,0.04287,7,K,173,H,0.01838,7
-1.88,-0.4137,8,K,173,I,-0.7109,5
0,0,,K,173,K,0,
-2.357,-0.6786,12,K,173,L,-0.2748,5
-0.93,-0.1203,11,K,173,M,0.2281,6
-4.097,-2.656,13,K,173,N,-2.583,9
-7.616,-5.839,12,K,173,P,-6,8
-1.414,-0.2392,11,K,173,Q,-0.1645,6
1.498,0.06275,12,K,173,R,0.04459,7
-1.704,-0.3395,19,K,173,S,-0.4565,11
-2.166,-0.5606,7,K,173,T,-0.484,3
-1.755,-0.3597,9,K,173,V,-0.006888,5
-3.094,-1.319,13,K,173,W,-1.119,10
-1.621,-0.3082,9,K,173,Y,-0.6065,4
-0.5497,-0.05805,11,F,174,-,,
-1.282,-0.2013,8,F,174,A,0.1482,4
-0.7823,-0.09343,8,F,174,C,-0.2802,6
-3.15,-1.38,11,F,174,D,-1.3,8
-2.239,-0.604,9,F,174,E,-0.1863,7
0,0,,F,174,F,0,
-2.843,-1.066,7,F,174,G,-0.4571,5
-2.113,-0.5308,17,F,174,H,-0.524,12
-2.09,-0.5181,10,F,174,I,-0.5069,7
-2.091,-0.5188,8,F,174,K,-0.1051,7
-1.13,-0.1632,16,F,174,L,-0.5469,9
-0.2009,-0.01775,7,F,174,M,0.03653,3
-1.828,-0.3907,9,F,174,N,-0.4456,5
-2.915,-1.134,9,F,174,P,-1.262,5
-1.825,-0.3892,8,F,174,Q,-0.2462,6
-2.322,-0.6561,6,F,174,R,-0.6139,4
-1.569,-0.2895,11,F,174,S,-0.4465,4
0.6718,0.03938,4,F,174,T,0.4567,2
-1.286,-0.2023,6,F,174,V,-0.371,4
1.588,0.06432,9,F,174,W,0.2821,6
0.991,0.05071,12,F,174,Y,-0.05591,8
-0.429,-0.04255,11,S,175,-,,
0.5448,0.03379,8,S,175,A,-0.1634,4
-0.5752,-0.06155,9,S,175,C,-0.2307,5
-1.801,-0.379,8,S,175,D,-0.6433,5
1.092,0.05361,17,S,175,E,-0.1701,10
-0.3858,-0.03743,12,S,175,F,-0.2173,9
-0.493,-0.05055,20,S,175,G,-0.3659,8
0.01766,0.0014,7,S,175,H,0.7821,1
-0.01239,-0.0009966,19,S,175,I,0.1351,10
-0.02242,-0.001813,9,S,175,K,0.8684,5
-0.1978,-0.01745,13,S,175,L,0.1899,9
-1.355,-0.2217,10,S,175,M,-0.0334,8
-1.418,-0.2404,18,S,175,N,-0.504,9
-7.786,-5.872,9,S,175,P,-6,5
-0.2857,-0.02634,12,S,175,Q,0.2188,10
0.3151,0.02169,19,S,175,R,0.6098,9
0,0,,S,175,S,0,
1.8,0.06751,9,S,175,T,0.09578,5
0.003533,0.0002821,15,S,175,V,0.2195,4
-0.1671,-0.01451,9,S,175,W,-0.0219,7
0.2219,0.01596,4,S,175,Y,0.2697,2
-7.089,-5.697,5,Y,176,*,-6,1
-5.515,-4.637,12,Y,176,-,,
-0.1004,-0.008434,12,Y,176,A,0.1652,8
-1.877,-0.4126,12,Y,176,C,-0.4452,6
-0.1681,-0.0146,17,Y,176,D,0.07966,13
-1.318,-0.2113,13,Y,176,E,-0.00486,8
0.2522,0.01788,15,Y,176,F,0.03105,11
-1.7,-0.3379,8,Y,176,G,0.6297,5
-0.8055,-0.09741,17,Y,176,H,0.2427,10
1.036,0.05204,14,Y,176,I,0.07994,11
1.432,0.0615,8,Y,176,K,0.4941,6
-1.647,-0.3175,15,Y,176,L,-0.4426,8
2.449,0.07397,14,Y,176,M,-0.007065,10
-0.07668,-0.006368,9,Y,176,N,0.8689,5
-2.447,-0.7407,13,Y,176,P,-0.524,9
-1.205,-0.1814,10,Y,176,Q,0.2659,7
2.316,0.07296,13,Y,176,R,0.589,9
-0.5897,-0.06359,15,Y,176,S,0.6129,9
1.19,0.05615,15,Y,176,T,0.5472,9
-0.9945,-0.1332,8,Y,176,V,0.3926,6
0.2013,0.01462,11,Y,176,W,0.1939,9
0,0,,Y,176,Y,0,
-0.4533,-0.04553,9,L,177,-,,
-1.469,-0.2564,9,L,177,A,-0.4906,6
5.202,0.0806,12,L,177,C,0.09938,5
-2.927,-1.146,6,L,177,D,-1.939,2
-1.669,-0.326,12,L,177,E,-0.4098,9
-1.153,-0.1684,18,L,177,F,-0.3327,9
-2.569,-0.8318,7,L,177,G,-0.5431,5
-1.57,-0.2898,7,L,177,H,-0.1084,4
-0.05251,-0.004309,18,L,177,I,0.049,4
-0.3338,-0.03153,9,L,177,K,0.2758,4
0,0,,L,177,L,0,
-0.4984,-0.05124,13,L,177,M,-0.1953,9
0.1958,0.01426,17,L,177,N,-0.03306,13
-9.538,-6.024,12,L,177,P,-6,8
-1.349,-0.2199,9,L,177,Q,-0.05918,4
-0.9255,-0.1194,11,L,177,R,0.3013,7
-1.782,-0.3711,14,L,177,S,-0.04044,11
-0.4818,-0.0491,11,L,177,T,-0.1634,6
0.4612,0.0297,12,L,177,V,0.1461,5
-2.218,-0.5911,8,L,177,W,-0.1157,7
-0.5693,-0.06073,9,L,177,Y,-0.7272,5
-0.6244,-0.06857,9,P,178,-,,
-1.205,-0.1813,12,P,178,A,-0.1793,7
0.3217,0.02208,7,P,178,C,0.3221,4
1.405,0.06097,17,P,178,D,0.5876,10
0.9102,0.04818,11,P,178,E,0.6497,7
1.791,0.06738,12,P,178,F,0.556,8
-0.09102,-0.007612,11,P,178,G,0.5025,6
1.808,0.06762,16,P,178,H,0.7806,12
-0.0538,-0.004418,11,P,178,I,-0.7215,6
-0.6246,-0.0686,7,P,178,K,0.9513,5
-1.889,-0.4179,21,P,178,L,-0.5083,11
-0.7621,-0.09004,7,P,178,M,-0.06768,5
1.964,0.06955,8,P,178,N,0.9898,5
0,0,,P,178,P,0,
2.258,0.07248,8,P,178,Q,0.6618,4
2.321,0.073,8,P,178,R,1.101,7
2.497,0.07429,23,P,178,S,0.5607,5
0.1674,0.01235,8,P,178,T,-0.08135,4
-2.109,-0.5287,13,P,178,V,-0.5454,8
1.727,0.06648,9,P,178,W,0.7929,5
0.9525,0.04953,16,P,178,Y,0.4616,11
-0.2778,-0.02551,8,F,179,-,,
0.2152,0.01552,20,F,179,A,-0.02126,10
1.244,0.05747,4,F,179,C,0.6227,2
-0.653,-0.0728,12,F,179,D,-0.1764,9
0.5777,0.0353,9,F,179,E,-0.009238,3
0,0,,F,179,F,0,
-2.054,-0.4991,13,F,179,G,-0.4522,8
1.895,0.06873,9,F,179,H,0.139,7
-1.986,-0.4643,6,F,179,I,-0.752,5
-2.017,-0.4797,3,F,179,K,-0.4001,3
-0.08418,-0.007017,6,F,179,L,-0.003935,4
1.594,0.06442,10,F,179,M,0.23,10
0.5663,0.03478,7,F,179,N,0.1771,6
-5.168,-4.225,13,F,179,P,-4.443,9
0.4693,0.03011,6,F,179,Q,0.06892,4
-0.6812,-0.0771,10,F,179,R,-0.1942,6
-1.317,-0.211,8,F,179,S,-0.1714,6
1.316,0.05909,9,F,179,T,0.2258,9
1.382,0.06051,7,F,179,V,0.5877,5
-0.551,-0.05822,11,F,179,W,-0.1716,7
-0.1012,-0.008509,27,F,179,Y,0.2218,18
-2.127,-0.5385,8,I,180,-,,
1.977,0.0697,9,I,180,A,0.5736,8
2.22,0.07214,12,I,180,C,0.3939,11
0.2819,0.01971,13,I,180,D,0.7101,7
1.422,0.0613,10,I,180,E,0.5958,2
0.2697,0.01896,12,I,180,F,0.2053,6
1.654,0.06538,9,I,180,G,0.4622,7
-0.18,-0.01573,9,I,180,H,0.7407,8
0,0,,I,180,I,0,
3.904,0.0794,10,I,180,K,1.089,7
0.005531,0.0004409,15,I,180,L,0.3688,8
0.7071,0.04082,14,I,180,M,0.3494,9
0.8299,0.04544,14,I,180,N,0.6817,10
0.5898,0.03585,5,I,180,P,0.07315,3
0.6687,0.03925,14,I,180,Q,0.3795,5
1.956,0.06946,6,I,180,R,0.4572,4
2.615,0.07505,16,I,180,S,0.5342,12
0.3622,0.0244,12,I,180,T,-0.09216,7
0.01435,0.001139,19,I,180,V,0.05055,8
-2.105,-0.5262,8,I,180,W,-0.3175,4
2.286,0.07271,8,I,180,Y,0.2633,4
-0.5199,-0.05405,8,P,181,-,,
-1.564,-0.2879,10,P,181,A,-0.3285,6
-0.7225,-0.08358,16,P,181,C,0.03935,12
-1.916,-0.4307,7,P,181,D,-0.2053,4
-1.78,-0.3702,18,P,181,E,-0.6093,8
2.186,0.07183,11,P,181,F,0.4618,7
-1.514,-0.271,8,P,181,G,0.06265,3
-1.335,-0.216,15,P,181,H,0.0169,8
0.8049,0.04454,4,P,181,I,0.01711,4
-0.01711,-0.001381,8,P,181,K,0.09952,6
-1.579,-0.2932,15,P,181,L,0.0658,7
0.3007,0.02084,19,P,181,M,0.1375,11
-0.5338,-0.0559,8,P,181,N,0.0863,6
0,0,,P,181,P,0,
-0.4918,-0.05039,10,P,181,Q,-0.07421,7
-0.5986,-0.06485,9,P,181,R,0.00925,4
-0.03312,-0.002693,21,P,181,S,-0.2118,5
0.2634,0.01858,13,P,181,T,0.4427,8
1.711,0.06625,7,P,181,V,0.4164,5
0.5388,0.0335,16,P,181,W,0.0537,10
-1.075,-0.1505,11,P,181,Y,-0.1871,9
-2.677,-0.9185,6,T,182,-,,
-0.2309,-0.02071,22,T,182,A,0.01088,12
1.007,0.05119,9,T,182,C,0.4423,1
0.4276,0.02795,9,T,182,D,0.2989,7
-0.3563,-0.03404,9,T,182,E,-0.3837,4
0.771,0.0433,8,T,182,F,0.08835,6
1.193,0.05625,11,T,182,G,0.2135,8
0.8941,0.04764,3,T,182,H,0.2143,1
2.163,0.07162,13,T,182,I,0.4501,7
0.3755,0.02514,7,T,182,K,0.06905,4
-0.6235,-0.06844,7,T,182,L,0.8797,4
2.95,0.07676,13,T,182,M,-0.4197,9
0.5272,0.03295,19,T,182,N,-0.01386,13
-2.484,-0.7673,18,T,182,P,-0.6059,9
-0.06503,-0.005369,20,T,182,Q,-0.08706,12
0.2623,0.01851,14,T,182,R,-0.3869,9
-0.4924,-0.05047,9,T,182,S,0.1078,6
0,0,,T,182,T,0,
-0.8881,-0.1123,14,T,182,V,0.2056,13
0.2078,0.01504,13,T,182,W,0.03953,9
-0.1488,-0.0128,12,T,182,Y,-0.09141,8
-4.618,-3.451,1,R,183,*,,
-0.4887,-0.04999,3,R,183,-,,
-0.5413,-0.05691,12,R,183,A,0.03615,8
-0.4437,-0.04434,10,R,183,C,-0.1208,4
-0.1139,-0.009634,20,R,183,D,0.01832,9
0.3415,0.02323,11,R,183,E,-0.4588,5
2.622,0.07509,9,R,183,F,0.0788,4
-0.4408,-0.04399,17,R,183,G,0.1925,5
-1.049,-0.1449,14,R,183,H,-0.1333,11
-0.3199,-0.03001,17,R,183,I,-0.08468,11
-1.413,-0.2388,10,R,183,K,0.5841,7
-1.046,-0.1442,7,R,183,L,0.2682,3
0.8636,0.04662,7,R,183,M,0.08004,5
0.03516,0.002765,10,R,183,N,0.1657,7
0.6304,0.03763,12,R,183,P,-0.06905,10
-0.1748,-0.01524,11,R,183,Q,0.1331,7
0,0,,R,183,R,0,
-0.4444,-0.04443,8,R,183,S,0.1722,5
-0.8367,-0.1029,14,R,183,T,0.2744,10
-1.659,-0.3222,11,R,183,V,-0.08383,10
2.429,0.07382,13,R,183,W,-0.06408,6
-1.276,-0.1997,11,R,183,Y,-0.1795,10
-0.4307,-0.04275,3,G,184,-,,
0.4853,0.03091,12,G,184,A,0.3178,4
-0.09693,-0.00813,10,G,184,C,0.1748,5
-1.629,-0.3109,11,G,184,D,-0.2102,7
2.294,0.07278,7,G,184,E,-0.5123,5
-0.5774,-0.06186,14,G,184,F,0.3321,7
0,0,,G,184,G,0,
1.728,0.0665,15,G,184,H,0.3661,11
-0.8401,-0.1035,16,G,184,I,-0.04491,10
1.268,0.05803,13,G,184,K,0.2272,9
-0.1456,-0.01251,15,G,184,L,-0.04144,9
3.392,0.07829,10,G,184,M,0.3374,7
0.2834,0.0198,15,G,184,N,0.4319,8
0.9069,0.04807,6,G,184,P,0.3729,3
-2.124,-0.5371,4,G,184,Q,-0.4362,3
3.094,0.07733,6,G,184,R,1.101,3
0.007323,0.0005835,18,G,184,S,0.2636,6
0.02072,0.00164,10,G,184,T,-0.7191,1
1.628,0.06497,14,G,184,V,-0.0826,10
-0.4726,-0.04794,13,G,184,W,0.2161,8
1.417,0.0612,17,G,184,Y,0.01247,9
-0.8069,-0.09766,3,D,185,-,,
0.5067,0.03196,11,D,185,A,0.2051,4
2.907,0.07657,8,D,185,C,0.05879,6
0,0,,D,185,D,0,
0.005487,0.0004376,18,D,185,E,0.0637,11
0.9421,0.0492,8,D,185,F,0.2504,8
0.3573,0.02413,14,D,185,G,-0.1042,8
0.1571,0.01165,8,D,185,H,-0.3361,4
-1.254,-0.1939,8,D,185,I,-0.1649,5
-0.3943,-0.03841,16,D,185,K,0.3594,14
-1.469,-0.2561,11,D,185,L,-0.1467,8
-0.2331,-0.02092,7,D,185,M,0.6414,3
1.387,0.06059,15,D,185,N,0.2182,4
0.1274,0.009582,4,D,185,P,0.06118,3
-1.246,-0.1918,5,D,185,Q,-0.1722,5
0.2865,0.01999,10,D,185,R,-0.1354,10
1.477,0.06236,7,D,185,S,0.2928,6
-0.119,-0.01009,11,D,185,T,0.1298,7
-0.1201,-0.01019,5,D,185,V,-0.7836,1
0.9967,0.05089,12,D,185,W,-0.3252,7
-0.2265,-0.02027,15,D,185,Y,0.4665,5
-11.12,-6.05,4,Y,186,*,,
0.1781,0.01307,2,Y,186,-,,
2.282,0.07268,9,Y,186,A,0.3629,7
-0.7853,-0.09394,20,Y,186,C,0.3246,8
-1.546,-0.2815,11,Y,186,D,-0.2247,9
-0.1037,-0.008726,9,Y,186,E,-0.064,6
0.5424,0.03367,13,Y,186,F,0.2061,6
5.1,0.08055,8,Y,186,G,0.04796,6
-1.202,-0.1806,15,Y,186,H,-0.06015,9
2.269,0.07257,8,Y,186,I,0.6928,5
-1.609,-0.3039,7,Y,186,K,-0.5138,5
0.5591,0.03445,9,Y,186,L,0.152,6
-0.4236,-0.04189,21,Y,186,M,0.03125,18
0.3603,0.0243,9,Y,186,N,0.3335,8
-0.3453,-0.03281,15,Y,186,P,0.1683,9
0.4944,0.03136,16,Y,186,Q,0.108,12
0.8436,0.04592,6,Y,186,R,0.1361,4
0.07691,0.005926,14,Y,186,S,0.5425,6
-1.712,-0.3426,7,Y,186,T,-0.1401,4
-0.1083,-0.009139,15,Y,186,V,0.114,10
1.305,0.05886,12,Y,186,W,0.01455,8
0,0,,Y,186,Y,0,
-0.1852,-0.01623,2,Y,187,-,,
-0.8865,-0.112,15,Y,187,A,0.09583,11
-1.994,-0.4681,24,Y,187,C,-0.2339,8
-12.42,-6.055,15,Y,187,D,-3.718,11
-3.792,-2.205,13,Y,187,E,-2.414,7
0.007582,0.000604,11,Y,187,F,-0.008769,7
-3.221,-1.46,7,Y,187,G,-1.123,2
-1.282,-0.2014,12,Y,187,H,-0.0186,6
6.283,0.0809,15,Y,187,I,0.2806,7
-3.804,-2.222,15,Y,187,K,-2.112,13
-0.5317,-0.05561,11,Y,187,L,0.2104,8
-0.0004354,-3.512e-05,6,Y,187,M,-0.2581,5
-4.728,-3.615,12,Y,187,N,-3.22,8
-2.1,-0.5235,11,Y,187,P,-0.4235,7
-1.965,-0.454,10,Y,187,Q,-0.068,6
-2.355,-0.6778,14,Y,187,R,-0.6154,10
-2.17,-0.5626,6,Y,187,S,0.04327,3
-0.807,-0.09768,17,Y,187,T,-0.2932,12
-1.473,-0.2576,14,Y,187,V,-0.1397,9
1.686,0.06588,11,Y,187,W,0.2275,6
0,0,,Y,187,Y,0,
-0.7808,-0.09318,2,D,188,-,,
0.7086,0.04088,9,D,188,A,-0.2303,7
0.4863,0.03096,4,D,188,C,0.2718,2
0,0,,D,188,D,0,
-0.8823,-0.1112,12,D,188,E,-0.09578,7
-0.5027,-0.0518,10,D,188,F,0.1044,7
-0.01859,-0.0015,4,D,188,G,0.5458,3
0.1133,0.008581,7,D,188,H,0.1106,2
-0.465,-0.04698,7,D,188,I,-0.2717,6
0.7348,0.04191,3,D,188,K,0.1745,2
1.183,0.056,9,D,188,L,0.02458,8
0.08329,0.006398,7,D,188,M,0.2054,4
-0.2149,-0.01912,15,D,188,N,-0.0829,6
-8.239,-5.938,10,D,188,P,-3.405,6
-0.07854,-0.006528,7,D,188,Q,0.02838,3
-0.2715,-0.02484,15,D,188,R,-0.2032,9
-0.8533,-0.1059,6,D,188,S,-0.001295,5
0.4249,0.02782,10,D,188,T,-0.2154,6
-0.8863,-0.112,4,D,188,V,0.03987,3
-1.335,-0.2159,12,D,188,W,-0.2408,8
0.9662,0.04996,7,D,188,Y,0.1818,3
-10.05,-6.037,3,C,189,*,-6,1
-0.3113,-0.02907,1,C,189,-,,
-1.502,-0.267,4,C,189,A,-0.01379,3
0,0,,C,189,C,0,
-6.677,-5.529,6,C,189,D,-5.559,4
-13.69,-6.056,10,C,189,E,-5.053,9
-2.66,-0.9043,15,C,189,F,-0.6521,5
-2.9,-1.12,10,C,189,G,-0.9884,6
-3.668,-2.03,7,C,189,H,-1.864,5
-2.055,-0.4996,7,C,189,I,-0.3484,6
-7.107,-5.703,12,C,189,K,-6,8
-1.193,-0.1784,9,C,189,L,-0.1784,5
-1.816,-0.3853,7,C,189,M,0.3882,5
-1.515,-0.271,4,C,189,N,-0.1555,2
-3.676,-2.041,5,C,189,P,-1.548,3
-3.831,-2.262,6,C,189,Q,-2.152,4
-8.305,-5.946,9,C,189,R,-6,7
-0.8145,-0.09897,9,C,189,S,0.06349,4
-2.162,-0.5583,4,C,189,T,-0.09002,2
-1.293,-0.2043,6,C,189,V,0.171,4
-1.827,-0.3901,11,C,189,W,-0.142,7
-3.623,-1.968,44,C,189,Y,-1.698,13
-10.69,-6.047,1,R,190,*,,
0.1911,0.01394,4,R,190,A,0.01777,1
-1.933,-0.4384,4,R,190,C,-0.02105,2
-0.5688,-0.06067,4,R,190,D,0.5083,2
-1.088,-0.1534,9,R,190,E,-0.4797,7
-1.665,-0.3246,8,R,190,F,0.1907,3
-0.3012,-0.02799,17,R,190,G,-0.1657,5
2.116,0.07117,1,R,190,H,,
0.4079,0.02691,9,R,190,I,0.02185,3
0.3682,0.02474,12,R,190,K,0.1041,6
-1.259,-0.1952,7,R,190,L,0.0053,2
0.3692,0.02479,21,R,190,M,-0.02745,11
-1.392,-0.2326,7,R,190,N,-0.07104,3
-3.599,-1.935,3,R,190,P,-1.744,2
1.041,0.05219,5,R,190,Q,-0.5615,2
0,0,,R,190,R,0,
-1.514,-0.2707,4,R,190,S,-0.11,2
0.5895,0.03583,9,R,190,T,0.4455,4
-0.03666,-0.002985,19,R,190,V,0.05256,9
-0.08075,-0.00672,6,R,190,W,-0.306,1
-0.7373,-0.08597,6,R,190,Y,0.2501,3
-6.35,-5.348,1,V,191,-,,
-0.3329,-0.03143,10,V,191,A,-0.07158,5
0.6483,0.0384,9,V,191,C,-0.2954,8
-4.642,-3.487,10,V,191,D,-3.303,6
-3.714,-2.095,10,V,191,E,-1.857,6
-2.98,-1.199,12,V,191,F,-1.107,8
-0.835,-0.1026,15,V,191,G,0.04471,9
-2.6,-0.8562,10,V,191,H,-0.6243,6
-0.6968,-0.07952,20,V,191,I,-0.01736,9
-4.324,-3.004,19,V,191,K,-2.864,16
-0.9691,-0.128,13,V,191,L,-0.04371,8
-2.405,-0.7116,26,V,191,M,-0.3928,13
-0.6937,-0.07903,13,V,191,N,0.1958,11
-1.47,-0.2567,13,V,191,P,-0.5908,9
-1.976,-0.4594,15,V,191,Q,-0.2407,11
-3.667,-2.028,13,V,191,R,-1.482,5
-2.195,-0.5772,15,V,191,S,0.01427,9
0.3418,0.02325,11,V,191,T,-0.01641,6
0,0,,V,191,V,0,
-2.258,-0.6154,9,V,191,W,-0.4778,8
-1.018,-0.1381,12,V,191,Y,0.1327,9
-6.929,-5.639,4,E,192,*,,
0.235,0.01679,1,E,192,-,,
0.4733,0.03031,11,E,192,A,-0.1587,8
-0.1202,-0.0102,6,E,192,C,-0.5193,5
1.546,0.0636,6,E,192,D,0.4039,3
0,0,,E,192,E,0,
-0.9311,-0.1205,14,E,192,F,0.02218,9
0.7696,0.04324,16,E,192,G,-0.3566,8
0.9871,0.0506,7,E,192,H,0.204,6
-2.293,-0.6373,6,E,192,I,-0.6857,6
-0.2557,-0.02322,41,E,192,K,0.162,11
-0.398,-0.03885,8,E,192,L,0.117,4
0.3466,0.02352,6,E,192,M,0.2103,6
-1.509,-0.2692,9,E,192,N,-0.2755,7
0.2267,0.01626,7,E,192,P,-0.09993,5
-0.5709,-0.06096,5,E,192,Q,-0.256,3
-0.4665,-0.04717,10,E,192,R,0.2776,7
0.79,0.044,7,E,192,S,-0.07473,4
-0.2034,-0.01799,16,E,192,T,-0.04673,7
-1.007,-0.1358,9,E,192,V,-0.5109,6
-0.6287,-0.0692,12,E,192,W,0.5526,5
-1.427,-0.2431,11,E,192,Y,-0.1444,7
0.233,0.01667,1,H,193,-,,
-0.7122,-0.08194,10,H,193,A,-0.4074,7
-0.549,-0.05795,8,H,193,C,-0.204,5
-2.497,-0.7774,6,H,193,D,-0.9176,5
-1.753,-0.3589,13,H,193,E,-0.4226,10
0.948,0.04939,12,H,193,F,0.1411,9
-1.233,-0.1883,6,H,193,G,0.637,3
0,0,,H,193,H,0,
-2.217,-0.5905,13,H,193,I,-0.1068,10
-1.999,-0.4706,13,H,193,K,-0.6985,8
-0.5223,-0.05437,10,H,193,L,-0.1573,7
2.46,0.07404,14,H,193,M,0.2841,11
-1.83,-0.3917,14,H,193,N,-0.4621,9
-0.4729,-0.04798,12,H,193,P,0.431,7
-1.407,-0.237,7,H,193,Q,-0.2117,5
-0.1033,-0.008691,9,H,193,R,0.08192,7
-0.2504,-0.02267,7,H,193,S,-0.2148,4
-2.05,-0.497,14,H,193,T,-0.1605,11
0.3869,0.02577,8,H,193,V,0.03324,6
-0.6445,-0.07153,7,H,193,W,0.3947,5
-1.084,-0.1526,18,H,193,Y,0.1216,6
-9.289,-6.015,17,W,194,*,-6,1
-0.01149,-0.0009241,1,W,194,-,,
-0.02427,-0.001965,9,W,194,A,0.08265,5
-1.588,-0.2962,15,W,194,C,0.1957,9
-1.155,-0.1691,12,W,194,D,0.07864,10
-0.03347,-0.002721,9,W,194,E,-0.01366,8
-0.4053,-0.03972,11,W,194,F,0.3475,5
-0.4211,-0.04159,9,W,194,G,0.2556,4
-1.296,-0.2053,15,W,194,H,0.06439,10
0.7699,0.04325,6,W,194,I,0.1544,3
-0.5614,-0.05964,10,W,194,K,0.0129,6
0.8119,0.0448,16,W,194,L,0.5228,7
1.961,0.06952,10,W,194,M,0.5128,8
0.4406,0.02864,2,W,194,N,0.2803,1
-0.2171,-0.01933,14,W,194,P,-0.02535,12
-0.363,-0.0348,9,W,194,Q,0.09627,8
0.3032,0.02099,21,W,194,R,-0.003105,8
-0.9128,-0.117,9,W,194,S,-0.03423,4
0.7337,0.04187,7,W,194,T,-0.3249,4
1.502,0.06282,7,W,194,V,0.3674,4
0,0,,W,194,W,0,
-0.4994,-0.05137,11,W,194,Y,0.1362,8
-0.1771,-0.01545,1,G,195,-,,
2.036,0.07035,7,G,195,A,0.8091,3
1.637,0.06511,13,G,195,C,0.3084,8
-1.545,-0.2813,14,G,195,D,0.1916,6
-1.344,-0.2186,8,G,195,E,0.07324,3
0.1162,0.008788,20,G,195,F,0.176,15
0,0,,G,195,G,0,
-0.371,-0.03572,4,G,195,H,-0.03259,4
-0.9187,-0.1181,5,G,195,I,0.0362,4
-0.0346,-0.002815,9,G,195,K,0.338,4
-1.157,-0.1695,8,G,195,L,-0.104,6
-0.1782,-0.01556,8,G,195,M,0.06333,5
-0.8707,-0.1091,9,G,195,N,0.1729,6
-0.9658,-0.1274,14,G,195,P,-0.1523,11
1.456,0.06197,6,G,195,Q,0.6353,2
0.1437,0.01073,8,G,195,R,-0.0223,6
-1.241,-0.1906,16,G,195,S,0.034,6
2.106,0.07107,13,G,195,T,0.3866,8
0.09024,0.006909,16,G,195,V,0.4354,8
1.226,0.05705,5,G,195,W,0.7545,3
-0.03119,-0.002534,9,G,195,Y,0.2719,5
0.9879,0.05062,1,L,196,-,,
2.296,0.07279,9,L,196,A,0.9578,8
-1.074,-0.1504,8,L,196,C,0.05361,5
2.327,0.07305,18,L,196,D,-0.04485,10
0.04541,0.003553,5,L,196,E,0.3568,2
0.9405,0.04915,10,L,196,F,-0.08955,8
-1.115,-0.1596,8,L,196,G,-0.1605,5
0.7197,0.04132,8,L,196,H,0.2105,1
-0.1748,-0.01524,11,L,196,I,0.2241,4
0.1985,0.01443,12,L,196,K,-0.1376,8
0,0,,L,196,L,0,
-0.8287,-0.1015,14,L,196,M,0.08245,6
0.6113,0.0368,7,L,196,N,0.3222,5
-0.5575,-0.05911,21,L,196,P,-0.1025,9
0.8488,0.0461,14,L,196,Q,0.3962,7
2.195,0.07192,11,L,196,R,0.2705,6
-0.1589,-0.01374,12,L,196,S,-0.09256,9
0.9438,0.04925,8,L,196,T,-0.1325,6
-1.767,-0.3648,3,L,196,V,-0.5379,2
-1.622,-0.3084,7,L,196,W,0.1845,5
1.265,0.05796,8,L,196,Y,0.05032,6
0.6,0.0363,1,P,197,-,,
-0.5181,-0.05381,12,P,197,A,0.385,8
0.8258,0.04529,8,P,197,C,0.3081,7
1.029,0.05183,5,P,197,D,0.0204,2
-1.026,-0.1399,7,P,197,E,-0.2569,4
0.8511,0.04618,5,P,197,F,0.3561,5
-0.07631,-0.006335,9,P,197,G,0.3601,6
-0.9379,-0.1218,15,P,197,H,-0.07614,9
-0.04374,-0.003574,12,P,197,I,0.004617,9
-0.01999,-0.001614,11,P,197,K,0.141,8
-0.2727,-0.02497,11,P,197,L,0.3116,4
-0.2554,-0.02319,14,P,197,M,-0.02832,8
-0.1466,-0.0126,6,P,197,N,0.3321,1
0,0,,P,197,P,0,
1.315,0.05907,7,P,197,Q,0.01034,5
0.03025,0.002384,8,P,197,R,0.4281,4
-0.9803,-0.1303,21,P,197,S,0.2855,5
2.184,0.07182,13,P,197,T,-0.1492,8
-1.687,-0.3328,11,P,197,V,-0.4047,7
-0.03261,-0.00265,10,P,197,W,-0.3146,8
0.466,0.02994,6,P,197,Y,0.08872,4
-5.341,-4.438,2,E,198,*,,
0.4397,0.02859,15,E,198,A,0.06758,8
0.6983,0.04047,10,E,198,C,-0.1336,7
0.165,0.01219,9,E,198,D,-0.1321,5
0,0,,E,198,E,0,
0.8663,0.04671,5,E,198,F,0.4653,3
0.4027,0.02663,21,E,198,G,-0.1374,10
-0.6593,-0.07375,13,E,198,H,0.126,8
0.3127,0.02155,12,E,198,I,0.3596,8
0.07133,0.005511,49,E,198,K,0.03557,14
-0.176,-0.01535,6,E,198,L,-0.6001,4
1.263,0.05792,7,E,198,M,0.3553,5
1.629,0.06498,13,E,198,N,0.4159,11
2.386,0.0735,8,E,198,P,0.097,5
0.3935,0.02613,11,E,198,Q,0.1911,5
1.342,0.05965,8,E,198,R,-0.1214,5
-1.507,-0.2686,7,E,198,S,0.3611,4
0.633,0.03775,9,E,198,T,-0.1543,4
0.7183,0.04126,10,E,198,V,0.2026,8
2.077,0.07078,3,E,198,W,0.2089,2
-0.5563,-0.05894,15,E,198,Y,-0.2128,10
0.6399,0.03804,7,P,199,A,0.6036,4
1.261,0.05786,11,P,199,C,-0.002077,5
1.639,0.06514,5,P,199,D,-0.2088,3
-0.306,-0.0285,9,P,199,E,0.07865,5
0.3244,0.02224,6,P,199,F,-0.1868,3
1.454,0.06192,7,P,199,G,0.1606,6
1.409,0.06104,10,P,199,H,0.5018,7
0.2405,0.01714,9,P,199,I,0.1302,7
0.241,0.01718,14,P,199,K,0.2533,12
3.116,0.07741,7,P,199,L,-0.1366,5
-0.6982,-0.07974,10,P,199,M,-0.08965,4
-1.245,-0.1914,15,P,199,N,-0.08821,8
0,0,,P,199,P,0,
-0.3244,-0.03049,16,P,199,Q,-0.223,10
0.2213,0.01592,10,P,199,R,0.1916,5
1.314,0.05906,23,P,199,S,0.04304,13
1.951,0.0694,18,P,199,T,0.08709,13
-0.6588,-0.07368,13,P,199,V,0.184,8
0.8611,0.04653,15,P,199,W,-0.05103,10
0.7838,0.04377,12,P,199,Y,0.1581,9
-0.6545,-0.07304,6,L,200,A,-0.06854,4
0.619,0.03714,7,L,200,C,-0.01817,7
0.3715,0.02492,7,L,200,D,0.01418,3
0.3558,0.02404,10,L,200,E,0.06111,7
-0.3747,-0.03615,11,L,200,F,0.3033,6
-0.1067,-0.008996,14,L,200,G,0.205,7
0.5794,0.03538,11,L,200,H,-0.044,8
-1.493,-0.2639,10,L,200,I,0.1163,6
-0.07485,-0.00621,7,L,200,K,-0.1048,4
0,0,,L,200,L,0,
0.04189,0.003283,14,L,200,M,0.4008,9
1.655,0.0654,8,L,200,N,0.5021,6
-0.468,-0.04736,17,L,200,P,0.0949,6
-0.6575,-0.07348,8,L,200,Q,-0.2512,4
-0.2419,-0.02181,9,L,200,R,0.2045,3
-2.222,-0.5935,5,L,200,S,-0.05685,5
-0.3518,-0.03354,11,L,200,T,0.1896,7
1.283,0.05838,6,L,200,V,0.2082,5
-1.75,-0.3579,13,L,200,W,0.2326,7
1.537,0.06344,7,L,200,Y,0.7336,3
1.827,0.06787,8,M,201,A,0.4925,6
-1.094,-0.1547,12,M,201,C,-0.5009,8
0.15,0.01116,12,M,201,D,0.4324,7
-0.06304,-0.0052,6,M,201,E,-0.09392,3
-0.9507,-0.1244,7,M,201,F,-0.1689,5
1.895,0.06873,14,M,201,G,-0.1731,9
0.1079,0.008194,6,M,201,H,0.2593,4
-1.496,-0.2648,23,M,201,I,-0.09499,7
0.1278,0.009609,7,M,201,K,-0.09716,4
0.3444,0.02339,13,M,201,L,0.08848,13
0,0,,M,201,M,0,
-1.876,-0.412,8,M,201,N,-0.2342,6
-0.4572,-0.04601,13,M,201,P,0.2778,9
-0.6296,-0.06933,11,M,201,Q,0.2131,6
0.7049,0.04073,7,M,201,R,0.006611,5
1.633,0.06506,9,M,201,S,-0.2936,5
0.09571,0.007309,11,M,201,T,0.6605,7
0.07309,0.005643,10,M,201,V,0.07688,3
-1.506,-0.2682,9,M,201,W,-0.3627,8
-1.603,-0.3015,5,M,201,Y,-0.132,5
-0.8604,-0.1072,12,T,202,A,-0.1729,6
-1.996,-0.4691,8,T,202,C,-0.1895,6
-0.5549,-0.05876,11,T,202,D,0.06707,5
-0.7735,-0.09195,10,T,202,E,0.1754,5
-0.3765,-0.03635,14,T,202,F,0.03799,8
0.1424,0.01063,3,T,202,G,0.5094,1
0.8249,0.04526,7,T,202,H,0.2355,4
2.412,0.0737,13,T,202,I,-0.308,9
-0.566,-0.06028,10,T,202,K,0.07497,5
1.353,0.05989,10,T,202,L,0.4104,9
-1.114,-0.1594,19,T,202,M,-0.04202,3
-1.256,-0.1943,8,T,202,N,0.183,5
1.984,0.06977,15,T,202,P,0.1197,11
0.847,0.04604,5,T,202,Q,-0.3106,3
-1.561,-0.2868,13,T,202,R,-0.5766,10
-0.2838,-0.02613,13,T,202,S,0.2347,4
0,0,,T,202,T,0,
-0.09927,-0.008336,12,T,202,V,0.1567,7
-0.9803,-0.1303,16,T,202,W,-0.23,11
0.8399,0.04579,6,T,202,Y,0.2666,3
-0.7716,-0.09163,3,H,203,A,,
-2.336,-0.6652,3,H,203,C,-0.7871,2
-0.4941,-0.05069,13,H,203,D,0.02635,10
1.025,0.05173,7,H,203,E,0.1698,6
-2.354,-0.6767,7,H,203,F,-0.3797,3
-0.6157,-0.0673,12,H,203,G,0.189,6
0,0,,H,203,H,0,
0.8882,0.04745,12,H,203,I,0.2177,7
-0.4087,-0.04011,7,H,203,K,0.2538,5
-0.4643,-0.0469,14,H,203,L,0.05933,9
-0.09208,-0.007704,6,H,203,M,0.00605,4
-0.1011,-0.008501,9,H,203,N,-0.4605,5
1.052,0.0525,7,H,203,P,-0.02431,2
0.1468,0.01094,6,H,203,Q,-0.1577,2
-0.8919,-0.113,9,H,203,R,0.716,3
0.6756,0.03954,11,H,203,S,0.2118,6
0.6712,0.03936,6,H,203,T,0.3027,3
-1.062,-0.1476,14,H,203,V,0.02139,8
-0.5355,-0.05613,16,H,203,W,-0.2719,8
-0.4192,-0.04136,11,H,203,Y,0.1367,3
-7.828,-5.879,17,W,204,*,-1.103,1
-1.351,-0.2206,17,W,204,A,-0.6457,9
-1.789,-0.3741,13,W,204,C,-0.1743,6
-0.1724,-0.01501,7,W,204,D,0.0336,4
-1.87,-0.4094,8,W,204,E,-0.4745,5
-1.413,-0.2388,9,W,204,F,0.4006,6
-2.451,-0.7439,4,W,204,G,-1.056,1
-0.9381,-0.1219,9,W,204,H,-0.2591,6
1.859,0.06827,7,W,204,I,0.4404,6
-0.6793,-0.0768,3,W,204,K,0.1894,2
-1.069,-0.1492,7,W,204,L,0.2855,3
-0.08278,-0.006896,15,W,204,M,0.4223,9
0.1538,0.01142,7,W,204,N,0.2571,6
-2.667,-0.9106,9,W,204,P,-1.021,7
-0.8721,-0.1093,9,W,204,Q,-0.4416,7
-2.617,-0.8697,27,W,204,R,-0.7882,11
1.089,0.05354,10,W,204,S,-0.07367,8
-1.564,-0.2877,8,W,204,T,-0.1074,7
-1.195,-0.1787,16,W,204,V,-0.2334,12
0,0,,W,204,W,0,
-0.983,-0.1309,9,W,204,Y,0.09833,7
-0.9483,-0.1239,8,E,205,A,0.147,5
0.429,0.02803,13,E,205,C,-0.08934,9
1.886,0.06863,13,E,205,D,0.2249,7
0,0,,E,205,E,0,
0.1929,0.01406,15,E,205,F,-0.1805,11
0.4174,0.02741,10,E,205,G,0.1694,5
1.62,0.06484,9,E,205,H,0.1318,4
0.557,0.03435,8,E,205,I,0.1447,5
0.2969,0.02062,16,E,205,K,0.2021,8
0.9601,0.04977,11,E,205,L,0.1425,5
0.3527,0.02387,12,E,205,M,0.1382,11
1.269,0.05805,5,E,205,N,0.452,4
-0.7094,-0.08149,6,E,205,P,-0.807,3
2.4,0.07361,7,E,205,Q,-0.2452,4
-0.1035,-0.008705,12,E,205,R,0.1172,10
0.9655,0.04993,14,E,205,S,-0.2461,8
1.711,0.06625,5,E,205,T,0.3613,5
-0.9973,-0.1338,12,E,205,V,0.1457,7
-0.6721,-0.07569,10,E,205,W,-0.1951,6
1.042,0.05223,6,E,205,Y,0.3382,4
1.22,0.05689,7,P,206,A,0.2506,3
-2.242,-0.6057,9,P,206,C,0.03137,6
0.7462,0.04235,10,P,206,D,0.02491,7
-0.05814,-0.004784,14,P,206,E,-0.0002421,9
1.604,0.06457,8,P,206,F,0.08315,4
6.877,0.08097,11,P,206,G,-0.1654,5
0.111,0.008416,9,P,206,H,-0.1458,8
-0.6631,-0.07432,13,P,206,I,-0.0427,8
0.6645,0.03908,10,P,206,K,0.1103,9
-0.1597,-0.01382,12,P,206,L,-0.1829,5
1.032,0.05194,11,P,206,M,0.02464,7
-0.1247,-0.0106,6,P,206,N,-0.1348,2
0,0,,P,206,P,0,
0.2126,0.01536,19,P,206,Q,0.07085,10
-0.2105,-0.01868,12,P,206,R,-0.04225,6
0.7362,0.04197,21,P,206,S,0.2074,7
-1.771,-0.3663,13,P,206,T,-0.3582,11
0.239,0.01705,9,P,206,V,-0.2415,6
0.188,0.01374,9,P,206,W,0.1304,7
-0.4744,-0.04816,8,P,206,Y,0.1395,3
-0.9211,-0.1186,1,Q,207,*,,
-0.6884,-0.07821,6,Q,207,A,0.6332,3
2.109,0.0711,6,Q,207,C,0.06314,3
0.5706,0.03498,9,Q,207,D,0.1714,6
-0.8753,-0.1099,10,Q,207,E,-0.02826,7
-0.2176,-0.01938,14,Q,207,F,0.02983,9
-0.9226,-0.1189,8,Q,207,G,0.04476,5
0.1746,0.01284,16,Q,207,H,-0.07136,7
-0.427,-0.04231,11,Q,207,I,0.2341,8
-0.5114,-0.05293,6,Q,207,K,0.4793,3
-0.1985,-0.01751,12,Q,207,L,-0.2751,7
0.4589,0.02958,18,Q,207,M,0.243,9
-0.4704,-0.04766,10,Q,207,N,-0.05138,9
0.3214,0.02206,9,Q,207,P,0.1198,6
0,0,,Q,207,Q,0,
-1.143,-0.1662,31,Q,207,R,-0.3029,10
-0.8137,-0.09884,14,Q,207,S,-0.1652,10
-0.349,-0.03322,9,Q,207,T,-0.08542,5
0.07337,0.005663,14,Q,207,V,-0.09802,8
-0.3416,-0.0324,7,Q,207,W,-0.2995,3
1.165,0.05554,9,Q,207,Y,0.08191,6
1.536,0.06342,6,V,208,A,0.354,5
-2.516,-0.7909,3,V,208,C,-1.056,3
0.02022,0.001601,6,V,208,D,-0.2796,5
0.2762,0.01936,17,V,208,E,-0.06461,10
1.05,0.05245,11,V,208,F,-0.08113,7
-1.208,-0.1821,8,V,208,G,0.06898,6
1.29,0.05852,7,V,208,H,0.3257,4
-0.07368,-0.006109,4,V,208,I,0.0373,3
0.7246,0.04151,9,V,208,K,0.1402,8
-1.244,-0.1912,11,V,208,L,0.2622,6
1.137,0.05482,15,V,208,M,0.1715,12
-0.1408,-0.01207,10,V,208,N,0.3745,9
-1.699,-0.3374,8,V,208,P,-0.3402,5
0.5353,0.03333,9,V,208,Q,0.2577,5
0.01909,0.001513,7,V,208,R,0.6741,3
1.221,0.05693,4,V,208,S,0.6013,1
-0.5977,-0.06472,9,V,208,T,0.1597,7
0,0,,V,208,V,0,
-1.488,-0.2623,10,V,208,W,-0.212,5
0.7996,0.04435,6,V,208,Y,0.0758,4
1.815,0.06771,8,P,209,A,0.1079,7
-0.3021,-0.02807,5,P,209,C,-0.8009,2
-0.3179,-0.02979,8,P,209,D,0.09672,5
1.329,0.05938,13,P,209,E,-0.07471,9
-0.112,-0.009465,10,P,209,F,-0.4039,6
-0.4559,-0.04584,7,P,209,G,-0.01875,4
-0.7638,-0.09032,6,P,209,H,0.0551,4
-0.7575,-0.08928,12,P,209,I,-0.03686,7
0.5615,0.03456,5,P,209,K,0.0649,4
2.567,0.07476,10,P,209,L,0.02158,7
-1.092,-0.1544,14,P,209,M,-0.127,12
-0.5265,-0.05492,4,P,209,N,0.3944,2
0,0,,P,209,P,0,
-1.221,-0.1853,13,P,209,Q,-0.2019,10
0.7495,0.04248,4,P,209,R,0.3361,4
-0.6306,-0.06948,24,P,209,S,0.06261,9
0.197,0.01433,13,P,209,T,0.172,6
-1.244,-0.1913,9,P,209,V,-0.2214,5
1.329,0.05937,8,P,209,W,-0.1573,6
0.1528,0.01136,11,P,209,Y,-0.2982,8
1.023,0.05168,11,L,210,A,-0.08396,6
-0.6646,-0.07455,14,L,210,C,-0.1922,12
1.817,0.06774,11,L,210,D,0.7045,9
1.623,0.06489,4,L,210,E,0.2197,3
0.2155,0.01555,12,L,210,F,0.1198,10
-0.732,-0.08512,12,L,210,G,0.221,8
1.182,0.05597,8,L,210,H,0.008423,8
-0.5712,-0.061,13,L,210,I,-0.02392,7
-0.7987,-0.09624,8,L,210,K,0.1188,6
0,0,,L,210,L,0,
0.5517,0.0341,12,L,210,M,0.2504,4
-0.5064,-0.05228,10,L,210,N,0.01145,6
-0.5413,-0.05691,11,L,210,P,0.4163,7
2.789,0.07601,5,L,210,Q,-0.06826,3
0.1467,0.01094,10,L,210,R,0.5173,7
1.486,0.06253,11,L,210,S,0.2387,9
-1.212,-0.1831,7,L,210,T,0.3277,4
0.4807,0.03068,10,L,210,V,0.1511,6
-1.785,-0.3722,1,L,210,W,-0.4958,1
-1.086,-0.1529,16,L,210,Y,0.09606,9
0.973,0.05017,1,P,211,-,,
1.281,0.05832,11,P,211,A,0.1623,10
-1.193,-0.1783,9,P,211,C,-0.1309,4
-0.8929,-0.1132,14,P,211,D,-0.2294,10
-1.783,-0.3717,9,P,211,E,-0.1717,6
0.3365,0.02294,13,P,211,F,-0.0305,8
0.9912,0.05072,7,P,211,G,-0.01537,3
-0.6031,-0.06549,10,P,211,H,-0.2645,3
3.686,0.07899,9,P,211,I,0.4324,7
0.1946,0.01418,10,P,211,K,0.4097,8
-1.88,-0.4137,10,P,211,L,-0.2865,5
0.07762,0.005979,11,P,211,M,-0.4485,9
-1.665,-0.3244,10,P,211,N,-0.4139,7
0,0,,P,211,P,0,
1.25,0.05762,9,P,211,Q,0.2416,7
-0.3133,-0.02929,16,P,211,R,0.2573,15
0.1298,0.009752,16,P,211,S,0.06013,11
-0.0691,-0.005717,11,P,211,T,0.03717,6
0.7766,0.0435,10,P,211,V,-0.03037,6
-1.838,-0.3951,8,P,211,W,-0.4329,6
-0.1045,-0.008798,13,P,211,Y,-0.1758,5
0.7015,0.04059,1,V,212,-,,
-0.3187,-0.02987,11,V,212,A,-0.09744,5
-2.314,-0.6505,8,V,212,C,-0.9133,4
-0.8026,-0.09692,9,V,212,D,-0.07292,8
0.1479,0.01102,13,V,212,E,0.1173,5
1.701,0.0661,12,V,212,F,0.1259,9
-0.2094,-0.01858,6,V,212,G,-0.0479,6
0.1522,0.01132,12,V,212,H,0.3633,7
-1.81,-0.383,7,V,212,I,-0.09933,5
1.622,0.06488,6,V,212,K,0.4299,4
-1.434,-0.2452,13,V,212,L,-0.1526,10
-0.4689,-0.04747,20,V,212,M,-0.06394,7
-1.496,-0.265,11,V,212,N,-0.1606,8
-0.8197,-0.09988,8,V,212,P,0.1383,6
-0.4378,-0.04361,10,V,212,Q,0.1195,8
1.272,0.05811,3,V,212,R,0.3766,3
-0.1675,-0.01455,5,V,212,S,-0.1311,4
0.2992,0.02075,7,V,212,T,0.1305,4
0,0,,V,212,V,0,
0.6792,0.03969,7,V,212,W,-0.09061,6
-0.4838,-0.04936,7,V,212,Y,0.02155,4
-0.2432,-0.02194,9,S,213,A,0.6414,4
-0.453,-0.04549,10,S,213,C,-0.2302,5
-0.3344,-0.0316,9,S,213,D,0.05796,5
0.4863,0.03096,4,S,213,E,0.5928,2
-0.5069,-0.05234,13,S,213,F,0.04767,8
-0.6356,-0.07022,18,S,213,G,-0.04406,13
-0.3526,-0.03363,10,S,213,H,-0.08634,6
-1.562,-0.2872,11,S,213,I,-0.2633,9
-0.2704,-0.02473,13,S,213,K,-0.1101,8
-0.332,-0.03133,7,S,213,L,0.319,4
0.5177,0.03249,9,S,213,M,0.0048,4
-0.6063,-0.06595,10,S,213,N,0.2467,7
1.152,0.05522,12,S,213,P,-0.01338,3
1.295,0.05863,12,S,213,Q,0.2255,8
-0.4165,-0.04104,10,S,213,R,0.4563,5
0,0,,S,213,S,0,
0.4157,0.02732,11,S,213,T,-0.05857,6
-0.05397,-0.004432,9,S,213,V,-0.09839,4
0.8636,0.04661,12,S,213,W,-0.1243,8
0.3262,0.02234,16,S,213,Y,-0.1311,9
-6.096,-5.173,1,E,214,*,,
1.736,0.0666,10,E,214,A,0.06202,8
-0.2511,-0.02274,6,E,214,C,-0.8658,4
0.4174,0.02742,16,E,214,D,0.301,9
0,0,,E,214,E,0,
-1.232,-0.1881,9,E,214,F,0.03637,6
-1.446,-0.2489,20,E,214,G,-0.3357,7
1.107,0.05403,6,E,214,H,0.08,2
-1.277,-0.1999,18,E,214,I,-0.3023,13
0.2462,0.0175,28,E,214,K,0.05985,10
0.06947,0.005372,7,E,214,L,-0.7005,4
-0.3394,-0.03216,8,E,214,M,-0.01815,4
-0.07624,-0.006331,5,E,214,N,0.458,2
0.4552,0.02939,6,E,214,P,0.7016,1
0.558,0.0344,8,E,214,Q,0.3679,3
-0.9588,-0.126,13,E,214,R,-0.06679,9
-1.084,-0.1526,13,E,214,S,-0.1593,7
0.5791,0.03537,11,E,214,T,-0.07514,8
-0.2955,-0.02738,14,E,214,V,-0.4311,8
0.202,0.01467,10,E,214,W,-0.1676,7
-1.435,-0.2457,6,E,214,Y,-0.003046,4
0.3821,0.02551,16,S,215,A,0.2883,13
-1.68,-0.33,9,S,215,C,-0.3995,5
-0.4505,-0.04518,13,S,215,D,0.1124,7
-0.9495,-0.1241,12,S,215,E,0.328,8
-0.6456,-0.0717,5,S,215,F,-0.0468,2
-0.2591,-0.02357,13,S,215,G,0.1012,5
0.9251,0.04866,6,S,215,H,0.5018,2
1.047,0.05235,14,S,215,I,-0.1038,7
-1.445,-0.2486,11,S,215,K,-0.4906,9
0.1967,0.01431,9,S,215,L,-0.0557,4
-1.05,-0.1451,14,S,215,M,0.06046,10
-0.2995,-0.0278,23,S,215,N,-0.06022,10
3.091,0.07732,11,S,215,P,0.2468,6
1.855,0.06823,10,S,215,Q,0.3414,10
0.95,0.04945,10,S,215,R,0.2937,5
0,0,,S,215,S,0,
0.4356,0.02837,15,S,215,T,-0.1614,7
-1.11,-0.1584,6,S,215,V,0.3204,3
0.09692,0.007397,11,S,215,W,0.1923,5
0.5143,0.03233,6,S,215,Y,-0.3157,2
0.6016,0.03637,11,T,216,A,-0.185,6
-2.103,-0.5255,6,T,216,C,-0.306,2
1.221,0.05693,13,T,216,D,0.03213,6
1.545,0.06358,10,T,216,E,0.05448,7
-0.1177,-0.009974,15,T,216,F,-0.3305,11
-0.7027,-0.08043,18,T,216,G,-0.2477,11
-1.308,-0.2084,6,T,216,H,-0.02669,4
0.4295,0.02806,17,T,216,I,-0.1679,4
0.4076,0.0269,2,T,216,K,0.09574,2
-0.6506,-0.07244,16,T,216,L,-0.352,10
-0.8692,-0.1088,6,T,216,M,0.005635,5
0.2058,0.01492,13,T,216,N,0.1709,6
2.132,0.07133,11,T,216,P,0.3604,6
-1.524,-0.2743,14,T,216,Q,-0.0547,10
1.441,0.06168,11,T,216,R,0.4587,7
1.055,0.0526,12,T,216,S,0.1821,7
0,0,,T,216,T,0,
-1.952,-0.4476,10,T,216,V,-0.4939,6
1.051,0.05247,5,T,216,W,-0.163,3
-0.1081,-0.009114,10,T,216,Y,0.1051,8
-8.682,-5.98,4,E,217,*,-6,1
0.6885,0.04007,12,E,217,A,-0.1475,7
-1.949,-0.4463,13,E,217,C,-0.4743,7
0.2255,0.01619,8,E,217,D,0.6009,6
0,0,,E,217,E,0,
1.095,0.05369,9,E,217,F,-0.006466,7
-0.02725,-0.002209,7,E,217,G,-0.3268,5
-1.268,-0.1975,11,E,217,H,-0.1999,5
0.9927,0.05077,13,E,217,I,0.09599,4
-0.6099,-0.06647,31,E,217,K,0.1423,11
1.401,0.06088,12,E,217,L,0.4476,9
1.753,0.06686,10,E,217,M,0.1983,7
-0.2069,-0.01833,24,E,217,N,-0.1236,15
-0.5227,-0.05442,9,E,217,P,0.3391,3
0.9155,0.04835,3,E,217,Q,0.1882,2
1.043,0.05224,8,E,217,R,0.5268,5
-1.666,-0.3248,8,E,217,S,-0.1856,3
-0.5041,-0.05198,11,E,217,T,-0.02739,6
0.1798,0.01319,10,E,217,V,-0.2988,5
1.266,0.05798,7,E,217,W,0.123,5
0.05508,0.004289,9,E,217,Y,0.1626,7
-0.167,-0.01451,1,T,218,-,,
1.079,0.05325,3,T,218,A,,
-0.2634,-0.02401,7,T,218,I,,
-2.024,-0.4834,4,T,218,N,,
0.4826,0.03078,1,T,218,S,,
0,0,,T,218,T,0,
0.01285,0.001021,1,L,219,-,,
0,0,,L,219,L,0,
-0.9196,-0.1183,1,L,219,M,-0.2266,1
1.771,0.06711,4,L,219,P,,
-0.9596,-0.1261,2,V,220,-,,
1.256,0.05775,1,V,220,A,,
-0.04302,-0.003514,1,V,220,D,,
0.7507,0.04253,7,V,220,I,,
0,0,,V,220,V,0,
0.07527,0.005805,1,C,221,-,,
0,0,,C,221,C,0,
-0.2645,-0.02412,4,C,221,F,,
0.3669,0.02466,1,C,221,G,0.1444,1
-0.2559,-0.02324,4,C,221,R,0.02672,2
1.015,0.05142,4,C,221,S,,
0.9201,0.0485,6,C,221,Y,0.4391,2
-0.4589,-0.04622,1,A,222,-,,
0,0,,A,222,A,0,
2.022,0.0702,1,A,222,D,,
-4.223,-2.849,2,A,222,S,,
-0.009266,-0.0007445,2,A,222,T,,
-2.802,-1.028,4,A,222,V,-3.153,2
-0.4342,-0.04318,1,L,223,-,,
0,0,,L,223,L,0,
0.4273,0.02794,10,L,223,M,-0.5064,1
-0.2957,-0.0274,15,L,223,P,,
0.4512,0.02918,1,L,223,Q,,
0.3057,0.02114,1,G,224,-,,
0.004215,0.0003362,3,G,224,C,,
-0.9912,-0.1326,9,G,224,D,-0.7916,2
0,0,,G,224,G,0,
-2.212,-0.5874,1,G,224,R,,
-1.429,-0.2437,9,G,224,S,-0.08971,2
1.598,0.06449,3,G,224,V,,
-0.4338,-0.04313,1,L,225,-,,
-1.718,-0.3449,2,L,225,F,,
1.171,0.0557,2,L,225,I,0.3044,1
0,0,,L,225,L,0,
0.809,0.04469,1,L,225,P,,
-0.3818,-0.03696,1,A,226,-,,
0,0,,A,226,A,0,
0.2104,0.01521,1,A,226,P,,
0.8567,0.04638,2,A,226,S,,
0.7531,0.04261,10,A,226,T,,
-0.3555,-0.03395,19,A,226,V,0.3686,3
-1.687,-0.3327,2,V,227,-,,
0.3258,0.02232,2,V,227,A,,
-6.818,-5.593,3,V,227,E,,
0.04619,0.003612,3,V,227,L,,
-1.148,-0.1674,6,V,227,M,-0.53,1
0,0,,V,227,V,0,
-1.861,-0.4053,2,G,228,-,,
-1.219,-0.1848,21,G,228,D,-0.1584,2
0,0,,G,228,G,0,
-4.487,-3.253,1,G,228,R,,
0.3567,0.02409,6,G,228,S,-1.147,1
-0.6981,-0.07972,4,G,228,V,,
-1.672,-0.3272,2,I,229,-,,
0,0,,I,229,I,0,
1.637,0.06512,1,I,229,N,,
-0.2072,-0.01836,1,I,229,T,,
-1.61,-0.3041,5,I,229,V,,
0.2137,0.01543,1,V,230,-,,
0.38,0.02539,3,V,230,A,-0.2723,1
2.113,0.07114,2,V,230,L,,
0.4895,0.03112,12,V,230,M,0.4475,3
0,0,,V,230,V,0,
0.416,0.02734,1,G,231,-,,
-0.7361,-0.08578,32,G,231,E,-0.08544,7
0,0,,G,231,G,0,
0.15,0.01116,1,G,231,K,,
-4.946,-3.927,11,G,231,R,0.8685,1
0.05625,0.004378,2,G,231,V,,
0.4737,0.03033,2,G,231,W,0.5198,1
0,0,,I,232,I,0,
-0.09932,-0.008341,1,I,232,L,,
-2.359,-0.68,1,I,232,N,,
1.124,0.05448,1,V,233,A,,
-3.15,-1.379,3,V,233,E,-1.399,1
-0.02629,-0.00213,6,V,233,M,-0.1857,2
0,0,,V,233,V,0,
-0.6838,-0.07748,3,V,234,D,,
-1.914,-0.4296,2,V,234,F,-0.0452,1
3.02,0.07705,8,V,234,I,0.5302,1
0,0,,V,234,V,0,
-1.119,-0.1605,2,G,235,C,,
2.486,0.07423,15,G,235,D,0.1236,2
0,0,,G,235,G,0,
-0.4503,-0.04516,1,G,235,N,,
-0.7643,-0.09041,1,G,235,R,,
-0.4267,-0.04227,8,G,235,S,,
0.7741,0.04341,1,G,235,V,,
1.564,0.06392,5,T,236,A,,
-0.215,-0.01912,4,T,236,I,,
1.32,0.0592,1,T,236,S,1.084,1
0,0,,T,236,T,0,
0,0,,I,237,I,0,
0.9709,0.0501,2,I,237,L,,
-0.07259,-0.006016,1,I,237,N,,
0.3969,0.02631,1,I,237,T,,
-0.1081,-0.009117,10,I,237,V,,
-0.3176,-0.02976,1,L,238,K,-0.1286,1
0,0,,L,238,L,0,
0.6469,0.03834,3,L,238,M,-0.07702,1
-1.432,-0.2447,10,L,238,P,-0.546,1
-2.361,-0.6818,2,L,238,Q,,
0.4448,0.02886,2,I,239,F,,
0,0,,I,239,I,0,
1.748,0.06678,1,I,239,L,,
-0.2797,-0.02571,7,I,239,N,,
-0.2776,-0.02549,4,I,239,T,,
-3.073,-1.296,1,I,239,V,,
0,0,,I,240,I,0,
1.153,0.05524,2,I,240,M,0.582,1
0.141,0.01054,3,I,240,N,-0.2917,1
-0.1822,-0.01595,3,I,240,T,0.7652,1
0.7772,0.04352,3,I,240,V,,
-1.014,-0.1373,5,K,241,E,,
0,0,,K,241,K,0,
-1.373,-0.2269,2,K,241,M,,
0.07891,0.006075,3,K,241,N,,
-1.061,-0.1475,13,K,241,R,-0.08281,1
0,0,,A,242,A,0,
-2.611,-0.865,2,A,242,D,,
-0.06093,-0.005021,8,A,242,T,-0.1622,1
-0.5246,-0.05468,4,A,242,V,0.411,1
0.1286,0.009663,47,M,243,I,0.4228,6
0.05695,0.004431,2,M,243,L,,
0,0,,M,243,M,0,
0.2422,0.01725,2,M,243,T,,
0.5644,0.0347,3,M,243,V,,
-12.32,-6.055,3,K,244,*,-6,1
-0.0241,-0.00195,1,K,244,-,,
2.193,0.0719,7,K,244,E,0.1958,1
0,0,,K,244,K,0,
-0.4097,-0.04023,3,K,244,N,,
0.3026,0.02095,6,K,244,R,-0.115,1
-0.4846,-0.04946,1,M,245,-,,
-0.3867,-0.03752,35,M,245,I,-0.6046,2
-1.216,-0.184,1,M,245,K,,
-0.8673,-0.1084,2,M,245,L,,
0,0,,M,245,M,0,
0.04689,0.003666,1,N,246,-,,
-3.459,-1.751,5,N,246,D,,
-0.6145,-0.06714,1,N,246,K,,
0,0,,N,246,N,0,
-0.05434,-0.004463,6,N,246,S,,
-0.4914,-0.05033,2,N,246,T,,
1.374,0.06034,2,N,246,Y,,
-0.05976,-0.004922,1,N,247,-,,
-0.5576,-0.05912,1,N,247,D,,
-0.07738,-0.006428,2,N,247,G,,
-2.644,-0.8911,1,N,247,I,,
0.9962,0.05087,3,N,247,K,-0.03814,1
0,0,,N,247,N,0,
1.33,0.0594,3,N,247,S,0.546,2
-0.8528,-0.1058,1,N,247,Y,,
-0.2382,-0.02144,1,A,248,-,,
0,0,,A,248,A,0,
-2.729,-0.9628,1,A,248,D,-1.195,1
-0.3087,-0.02878,1,A,248,G,,
-0.6915,-0.07868,3,A,248,S,,
-0.402,-0.03933,10,A,248,T,-0.1536,2
0.6864,0.03998,2,A,248,V,,
0.3005,0.02083,1,R,249,-,,
-0.6461,-0.07178,11,R,249,G,-0.02615,2
-2.918,-1.138,1,R,249,I,,
-0.2802,-0.02576,6,R,249,K,0.123,2
0,0,,R,249,R,0,
-0.5631,-0.05988,2,R,249,S,,
-0.4265,-0.04224,1,N,250,-,,
-1.527,-0.275,4,N,250,D,,
1.058,0.05267,1,N,250,K,0.8476,1
0,0,,N,250,N,0,
-0.443,-0.04425,1,N,250,T,,
-8.095,-5.92,2,Q,251,*,-6,1
0.7197,0.04132,1,Q,251,-,,
1.404,0.06095,1,Q,251,H,,
0.9652,0.04992,1,Q,251,L,,
1.673,0.06568,2,Q,251,P,,
0,0,,Q,251,Q,0,
0.5433,0.03371,3,Q,251,R,,
-7.871,-5.887,2,R,252,*,-6,1
0.09114,0.006975,1,R,252,-,,
-1.67,-0.3262,8,R,252,G,,
-2.809,-1.035,1,R,252,I,,
0.1773,0.01302,12,R,252,K,-0.4567,2
0,0,,R,252,R,0,
-0.99,-0.1323,1,R,252,S,,
-0.7147,-0.08233,2,G,253,-,,
1.613,0.06473,2,G,253,A,,
-3.806,-2.225,1,G,253,C,,
-2.704,-0.9417,9,G,253,D,,
0,0,,G,253,G,0,
1.672,0.06567,9,G,253,S,,
-0.1478,-0.01271,2,L,254,-,,
0,0,,L,254,L,0,
-0.5996,-0.06499,1,L,254,M,,
-3.226,-1.466,6,L,254,P,-2.1,1
-0.3899,-0.0379,2,L,255,-,,
0,0,,L,255,L,0,
-3.491,-1.792,7,L,255,P,-2.685,1
-2.22,-0.5921,2,L,255,Q,,
-13.31,-6.056,4,G,256,*,-6,1
-0.08417,-0.007016,2,G,256,-,,
-2.208,-0.5852,37,G,256,E,-0.1615,4
0,0,,G,256,G,0,
2.589,0.07489,1,G,256,K,,
0.9405,0.04915,28,G,256,R,0.6107,4
2.103,0.07104,5,G,256,V,0.8632,1
-2.377,-0.6921,3,S,257,-,,
-0.2067,-0.01831,4,S,257,G,,
0.4695,0.03012,6,S,257,N,,
0.9453,0.0493,2,S,257,R,,
0,0,,S,257,S,0,
0.5656,0.03475,2,G,258,-,,
-2.203,-0.5821,1,G,258,C,,
-1.731,-0.3502,12,G,258,D,-1.138,1
0,0,,G,258,G,0,
-0.09722,-0.008156,6,G,258,S,,
-2.206,-0.584,4,G,258,V,,
1.164,0.05552,3,E,259,-,,
2.398,0.07359,1,E,259,A,,
-0.3143,-0.0294,6,E,259,D,,
0,0,,E,259,E,0,
1.564,0.06391,6,E,259,G,0.3302,1
0.5398,0.03355,6,E,259,K,0.1014,1
0.5317,0.03316,2,G,260,-,,
-1.235,-0.1889,12,G,260,D,-1.473,2
0,0,,G,260,G,0,
-2.224,-0.5945,1,G,260,R,-1.196,1
-3.702,-2.077,5,G,260,S,,
0.2902,0.02021,1,R,261,-,,
-3.327,-1.585,5,R,261,L,,
-2.56,-0.8246,25,R,261,P,-1.302,5
-3.319,-1.575,9,R,261,Q,-1.495,1
0,0,,R,261,R,0,
-2.055,-0.4997,8,R,261,W,-1.218,1
-0.1365,-0.01167,1,G,262,-,,
-3.403,-1.679,1,G,262,C,,
-2.099,-0.5232,23,G,262,D,-1.671,2
0,0,,G,262,G,0,
-1.847,-0.3991,2,G,262,S,,
0.2344,0.01676,1,S,263,-,,
-1.135,-0.1643,4,S,263,G,,
-0.6396,-0.07081,2,S,263,I,,
-0.9692,-0.1281,8,S,263,N,-0.6832,1
-3.208,-1.445,3,S,263,R,-1.143,1
0,0,,S,263,S,0,
0.6295,0.03759,2,L,264,-,,
0,0,,L,264,L,0,
0.4954,0.03141,1,L,264,M,0.1819,1
-3.259,-1.504,5,L,264,P,-2.572,2
-1.766,-0.3646,1,L,264,Q,,
-0.4454,-0.04456,3,L,265,-,,
0,0,,L,265,L,0,
0.4805,0.03067,1,L,265,M,,
-2.078,-0.5117,1,L,265,Q,,
2.512,0.0744,1,L,265,V,,
-0.5084,-0.05253,3,T,266,-,,
-1.423,-0.2417,3,T,266,A,,
-3.252,-1.496,6,T,266,I,-3.981,2
-3.25,-1.494,2,T,266,N,-1.566,1
-1.956,-0.4495,2,T,266,S,,
0,0,,T,266,T,0,
-8.025,-5.91,3,C,267,*,,
-0.9479,-0.1238,3,C,267,-,,
0,0,,C,267,C,0,
-5.066,-4.09,2,C,267,F,-4.204,1
-1.253,-0.1935,19,C,267,R,-1.568,3
-1.984,-0.4633,2,C,267,S,0.002467,1
-3.559,-1.882,12,C,267,Y,-2.179,2
-0.2976,-0.0276,4,G,268,-,,
-0.7638,-0.09033,1,G,268,C,,
-1.634,-0.3129,4,G,268,D,-1.811,1
0,0,,G,268,G,0,
-2.048,-0.4956,5,G,268,S,,
-2.983,-1.202,1,G,268,V,,
-0.469,-0.04749,3,D,269,-,,
-2.835,-1.059,1,D,269,A,,
0,0,,D,269,D,0,
-3.034,-1.254,7,D,269,E,-1.682,1
-1.679,-0.3296,1,D,269,G,,
-3.716,-2.097,3,D,269,H,-1.635,1
-2.317,-0.6528,33,D,269,N,-0.7607,4
0.03201,0.002521,3,V,270,-,,
-2.894,-1.114,6,V,270,L,-0.6899,1
-2.926,-1.145,10,V,270,M,-1.977,1
0,0,,V,270,V,0,
-11.06,-6.05,1,E,271,*,,
-0.8103,-0.09825,3,E,271,-,,
-3.125,-1.352,1,E,271,D,,
0,0,,E,271,E,0,
-1.689,-0.3336,2,E,271,G,,
-2.428,-0.7274,16,E,271,K,-1.463,1
-2.107,-0.5273,2,E,271,V,,
-0.4804,-0.04893,1,E,272,*,,
0.7351,0.04192,3,E,272,-,,
-0.004414,-0.0003541,1,E,272,A,,
-3.639,-1.99,2,E,272,D,-1.514,1
0,0,,E,272,E,0,
-1.647,-0.3176,2,E,272,G,,
-0.3567,-0.03408,75,E,272,K,-0.09913,8
-0.5106,-0.05282,2,N,273,-,,
-0.3524,-0.0336,2,N,273,D,,
1.072,0.05306,3,N,273,G,,
-0.8931,-0.1132,3,N,273,H,-0.8549,1
-0.06672,-0.005513,2,N,273,K,,
0,0,,N,273,N,0,
-2.903,-1.123,6,N,273,S,,
-3.529,-1.842,2,N,273,T,,
0.0317,0.002497,1,P,274,-,,
0,0,,P,274,P,0,
-1.235,-0.1889,3,P,274,S,-3.234,1
0.6214,0.03724,1,G,275,-,,
-4.263,-2.91,1,G,275,C,-2.735,1
-4.122,-2.694,2,G,275,D,,
0,0,,G,275,G,0,
-2.809,-1.034,5,G,275,S,-1.738,1
0.2087,0.0151,1,P,276,-,,
-0.7664,-0.09076,2,P,276,H,,
0,0,,P,276,P,0,
-1.64,-0.3151,2,P,276,S,,
-0.5007,-0.05154,1,P,276,T,,
0.2616,0.01847,1,M,277,-,,
0.04522,0.003537,16,M,277,I,-0.3394,2
0.6604,0.03891,3,M,277,K,,
0,0,,M,277,M,0,
1.201,0.05644,3,M,277,T,-0.1011,1
-0.2568,-0.02332,1,G,278,-,,
-0.1404,-0.01203,2,G,278,C,,
-0.3598,-0.03444,40,G,278,D,-0.08382,7
0,0,,G,278,G,0,
-0.4226,-0.04177,9,G,278,S,0.7937,1
-0.02018,-0.00163,2,G,278,V,,
-0.1582,-0.01368,1,S,279,-,,
0.4606,0.02966,4,S,279,F,,
-1.255,-0.1941,1,S,279,P,,
0,0,,S,279,S,0,
0.3255,0.0223,2,S,279,T,,
-2.85,-1.072,2,S,279,Y,-1.397,1
-0.01107,-0.0008898,1,G,280,-,,
2.036,0.07034,19,G,280,D,0.3017,1
0,0,,G,280,G,0,
1.152,0.0552,6,G,280,S,-0.315,2
1.49,0.06259,2,G,280,V,,
-0.4799,-0.04887,1,R,281,-,,
-0.1853,-0.01624,8,R,281,G,,
-0.9808,-0.1304,2,R,281,I,,
-0.4498,-0.04509,17,R,281,K,,
0,0,,R,281,R,0,
1.194,0.05625,1,R,281,S,0.812,1
0.2621,0.0185,1,I,282,-,,
0.1079,0.008192,1,I,282,F,,
0,0,,I,282,I,0,
-0.5142,-0.0533,5,I,282,N,,
-0.1833,-0.01605,2,I,282,V,,
-0.2635,-0.02401,1,L,283,-,,
0,0,,L,283,L,0,
-2.255,-0.6134,2,L,283,M,-0.4016,1
0.8403,0.04581,6,L,283,P,0.7707,1
-2.363,-0.6826,2,L,283,Q,-1.661,1
0.3559,0.02404,1,G,284,-,,
-0.7726,-0.0918,3,G,284,C,,
-1.818,-0.3862,2,G,284,D,,
0,0,,G,284,G,0,
1.127,0.05456,5,G,284,S,0.3044,3
-0.6365,-0.07035,4,G,284,V,,
-1,-0.1345,2,A,285,-,,
0,0,,A,285,A,0,
-1.55,-0.2831,1,A,285,D,,
0.5288,0.03303,2,A,285,P,,
2.955,0.07678,7,A,285,S,-0.07441,1
-0.1463,-0.01257,14,A,285,T,0.0837,2
0.7933,0.04412,19,A,285,V,-0.3002,4
-0.3751,-0.03619,2,G,286,-,,
-0.5857,-0.06302,6,G,286,C,,
-0.3179,-0.02979,9,G,286,D,-0.2136,2
0,0,,G,286,G,0,
1.151,0.05517,1,G,286,R,,
0.2076,0.01503,14,G,286,S,,
-1.179,-0.1748,2,G,286,V,,
-0.7627,-0.09014,2,A,287,-,,
0,0,,A,287,A,0,
0.03129,0.002464,3,A,287,S,,
-0.01493,-0.001203,11,A,287,T,0.0672,1
-4.473,-3.231,4,A,287,V,,
-0.4426,-0.0442,1,V,288,-,,
-3.589,-1.922,4,V,288,A,-1.131,1
0.05387,0.004197,3,V,288,E,-2.034,1
0.0105,0.0008356,11,V,288,L,,
-0.0747,-0.006197,14,V,288,M,-0.07165,2
0,0,,V,288,V,0,
0.3517,0.02381,3,L,289,-,,
0,0,,L,289,L,0,
1.372,0.06028,1,L,289,M,,
-1.602,-0.3014,12,L,289,P,-1.533,4
-2.058,-0.501,2,L,289,R,-0.0923,1
0.4949,0.03138,2,V,290,-,,
-0.4777,-0.04858,4,V,290,A,,
0.1873,0.01369,3,V,290,F,-0.1908,1
1.91,0.06891,6,V,290,I,-0.03574,3
1.638,0.06513,1,V,290,L,,
0,0,,V,290,V,0,
0.5002,0.03165,2,A,291,-,,
0,0,,A,291,A,0,
-3.653,-2.009,1,A,291,D,,
1.057,0.05264,8,A,291,S,,
-0.1674,-0.01454,13,A,291,T,-0.227,1
-0.3856,-0.0374,6,A,291,V,,
0.5095,0.0321,2,L,292,-,,
0,0,,L,292,L,0,
0.2959,0.02056,4,L,292,M,,
-3.165,-1.396,16,L,292,P,-1.179,5
0.5503,0.03404,2,V,293,-,,
1.275,0.05818,6,V,293,A,,
1.304,0.05883,6,V,293,F,,
-0.5509,-0.05821,7,V,293,I,,
-2.234,-0.6008,1,V,293,L,,
0,0,,V,293,V,0,
1.134,0.05475,4,V,294,-,,
0.3845,0.02564,2,V,294,A,,
0.04949,0.003864,7,V,294,L,,
-2.924,-1.143,10,V,294,M,-0.8253,1
0,0,,V,294,V,0,
-0.5121,-0.05303,5,L,295,-,,
2.41,0.07369,6,L,295,F,0.7037,2
-0.553,-0.05849,2,L,295,H,,
1.046,0.05234,2,L,295,I,,
0,0,,L,295,L,0,
-7.426,-5.795,2,L,295,P,-6,1
-0.9435,-0.1229,4,G,296,-,,
-0.09954,-0.00836,5,G,296,C,0.7498,1
-2.848,-1.071,7,G,296,D,,
0,0,,G,296,G,0,
-0.5793,-0.06213,1,G,296,R,,
-0.4375,-0.04358,11,G,296,S,-0.1389,2
-0.1535,-0.01324,5,G,296,V,,
-0.5448,-0.05738,4,A,297,-,,
0,0,,A,297,A,0,
0.1549,0.0115,2,A,297,D,-0.1117,1
-0.005452,-0.0004376,1,A,297,P,,
-0.3693,-0.03552,5,A,297,S,,
-1.163,-0.1709,7,A,297,T,0.2345,1
-0.07166,-0.005936,16,A,297,V,-0.7283,2
-0.4831,-0.04928,3,R,298,-,,
0.2548,0.01804,8,R,298,C,,
-0.1812,-0.01585,22,R,298,H,0.1763,3
-0.3352,-0.03169,6,R,298,L,,
0,0,,R,298,R,0,
0.441,0.02866,9,R,298,S,1.002,1
-0.1979,-0.01746,3,L,299,-,,
-2.663,-0.9071,1,L,299,K,-0.83,1
0,0,,L,299,L,0,
-0.005821,-0.0004668,6,L,299,M,,
-0.3725,-0.03589,8,L,299,P,-0.7153,1
-0.8886,-0.1124,7,L,299,Q,,
-0.6856,-0.07777,1,L,299,R,,
-0.2858,-0.02635,3,A,300,-,,
0,0,,A,300,A,0,
-0.2362,-0.02124,7,A,300,S,,
-1.205,-0.1812,11,A,300,T,0.00385,2
0.07621,0.005874,17,A,300,V,-0.1771,2
-2.601,-0.8571,5,G,301,-,,
-2.65,-0.8966,2,G,301,A,-0.8516,2
-0.1901,-0.0167,7,G,301,C,-0.6755,1
-0.4157,-0.04095,9,G,301,D,-0.04554,3
0,0,,G,301,G,0,
-0.6386,-0.07065,11,G,301,S,1.271,1
1.561,0.06385,7,G,301,V,0.1655,1
-6.483,-5.427,2,G,302,*,,
2.126,0.07127,4,G,302,-,,
1.335,0.05951,11,G,302,A,0.2653,8
-2.207,-0.5842,6,G,302,C,-0.3304,5
-4.669,-3.528,9,G,302,D,-3.506,4
-4.135,-2.715,18,G,302,E,-2.808,7
-2.737,-0.9703,14,G,302,F,-1.311,7
0,0,,G,302,G,0,
-3.827,-2.255,13,G,302,H,-2.35,10
-4.466,-3.221,8,G,302,I,-3.154,3
-4.54,-3.333,7,G,302,K,-3.159,6
-2.482,-0.7659,12,G,302,L,-0.7261,5
-2.305,-0.645,13,G,302,M,-0.8589,6
-2.086,-0.5162,8,G,302,N,-0.5249,5
0.6286,0.03756,8,G,302,P,-0.5315,3
-2.247,-0.6084,13,G,302,Q,-0.8037,9
-4.39,-3.105,28,G,302,R,-3.036,11
0.07744,0.005966,13,G,302,S,-0.2527,5
1.117,0.0543,13,G,302,T,0.3018,11
-3.234,-1.475,26,G,302,V,-1.708,16
-5.375,-4.479,11,G,302,W,-4.779,7
-4.707,-3.584,16,G,302,Y,-3.779,8
-9.439,-6.021,2,E,303,*,,
-0.8023,-0.09687,3,E,303,-,,
2.511,0.07439,10,E,303,A,-0.03495,8
-0.9509,-0.1244,12,E,303,C,0.06077,10
0.4063,0.02683,9,E,303,D,0.05441,6
0,0,,E,303,E,0,
0.3394,0.02311,12,E,303,F,-0.2994,5
-1.044,-0.1437,20,E,303,G,-0.9178,6
-2.274,-0.6256,9,E,303,H,-0.535,4
1.153,0.05522,17,E,303,I,-0.02965,9
0.2863,0.01998,36,E,303,K,-0.1749,8
0.3179,0.02186,14,E,303,L,0.06646,7
-0.4353,-0.04332,15,E,303,M,-0.2362,5
0.2903,0.02022,19,E,303,N,-0.04944,10
-4.265,-2.913,13,E,303,P,-3.008,10
-1.543,-0.2807,11,E,303,Q,0.04669,4
-1.185,-0.1763,11,E,303,R,-0.0951,10
-0.7381,-0.08609,8,E,303,S,0.2159,6
1.94,0.06928,9,E,303,T,0.6753,7
-0.8241,-0.1007,7,E,303,V,-0.2483,5
-1.037,-0.1423,13,E,303,W,-0.3709,6
-1.069,-0.1493,17,E,303,Y,0.06668,12
-8.517,-5.967,5,E,304,*,,
-0.5857,-0.06302,3,E,304,-,,
-1.515,-0.2712,13,E,304,A,-0.6416,9
-1.345,-0.2189,11,E,304,C,0.02148,7
0.0172,0.001365,16,E,304,D,-0.06363,9
0,0,,E,304,E,0,
-0.9259,-0.1195,11,E,304,F,0.1646,8
-0.7412,-0.0866,14,E,304,G,-0.074,8
1.036,0.05205,10,E,304,H,0.1767,5
0.09889,0.007541,19,E,304,I,0.2892,13
-0.5515,-0.0583,31,E,304,K,-0.2736,13
-0.7893,-0.09462,12,E,304,L,0.03734,8
0.1829,0.0134,16,E,304,M,0.05136,10
-1.365,-0.2247,14,E,304,N,-0.4155,11
2.614,0.07504,7,E,304,P,0.421,5
-0.5076,-0.05243,17,E,304,Q,0.4766,5
0.2724,0.01913,10,E,304,R,-0.08872,6
-0.7272,-0.08434,13,E,304,S,-0.1858,8
-0.6504,-0.07241,8,E,304,T,-0.2662,6
0.3786,0.02531,13,E,304,V,0.2237,7
-0.9294,-0.1202,9,E,304,W,-0.2836,6
0.342,0.02326,14,E,304,Y,-0.3214,9
-0.8221,-0.1003,3,T,305,-,,
0.06858,0.005306,14,T,305,A,-0.05387,5
-1.606,-0.3027,10,T,305,C,-0.3891,8
0.7036,0.04068,9,T,305,D,-0.01246,5
-0.2609,-0.02375,7,T,305,E,0.6939,2
-1.21,-0.1826,8,T,305,F,0.09949,5
1.254,0.05769,10,T,305,G,0.1141,7
-1.505,-0.2679,9,T,305,H,-0.1032,8
0.387,0.02578,20,T,305,I,0.1378,9
-0.1505,-0.01296,6,T,305,K,0.3247,4
-0.2828,-0.02603,19,T,305,L,-0.006295,12
-0.0616,-0.005077,6,T,305,M,-0.008003,3
-0.6232,-0.06839,14,T,305,N,0.03208,8
1.664,0.06554,10,T,305,P,0.03703,3
0.8427,0.04589,12,T,305,Q,0.02522,10
-0.7872,-0.09427,11,T,305,R,-0.3066,7
-0.2451,-0.02214,15,T,305,S,0.172,7
0,0,,T,305,T,0,
1.387,0.06061,10,T,305,V,0.2464,8
2.715,0.07562,12,T,305,W,0.2181,9
-1.715,-0.3437,3,T,305,Y,0.6444,1
-0.4709,-0.04772,3,K,306,-,,
-1.575,-0.2918,11,K,306,A,-0.3606,4
1.45,0.06184,9,K,306,C,0.0149,6
-1.019,-0.1383,8,K,306,D,-0.7124,5
-0.9815,-0.1306,16,K,306,E,-0.2087,7
-0.5201,-0.05407,9,K,306,F,-0.03725,8
-0.4872,-0.0498,13,K,306,G,-0.2487,8
-0.5694,-0.06075,10,K,306,H,-0.4972,4
1.726,0.06646,12,K,306,I,0.245,9
0,0,,K,306,K,0,
0.4825,0.03077,15,K,306,L,0.05985,10
-0.4831,-0.04927,12,K,306,M,0.07539,7
-0.1025,-0.008625,18,K,306,N,0.0773,11
-0.4419,-0.04412,18,K,306,P,-0.003695,12
0.5761,0.03523,15,K,306,Q,-0.02098,9
0.1186,0.008956,19,K,306,R,0.1634,6
-0.7504,-0.08811,15,K,306,S,-0.07751,7
-0.1113,-0.009398,14,K,306,T,-0.1272,8
0.7921,0.04408,13,K,306,V,0.02855,8
-1.84,-0.3961,10,K,306,W,-0.2599,5
-0.01678,-0.001353,12,K,306,Y,-0.1404,8
-0.7172,-0.08274,3,G,307,-,,
-0.7782,-0.09274,13,G,307,A,-0.1291,8
-1.642,-0.3158,18,G,307,C,-0.6161,8
-0.8415,-0.1038,30,G,307,D,0.3848,8
-0.9907,-0.1325,13,G,307,E,-0.24,6
-1.29,-0.2036,11,G,307,F,-0.1782,5
0,0,,G,307,G,0,
-0.7072,-0.08114,15,G,307,H,-0.4011,8
-0.4503,-0.04515,8,G,307,I,0.3548,4
-1.197,-0.1794,7,G,307,K,-0.4298,5
-1.208,-0.1821,12,G,307,L,-0.2503,8
-1.282,-0.2013,11,G,307,M,0.002368,9
-1.389,-0.2315,7,G,307,N,-0.3494,4
-1.394,-0.233,17,G,307,P,-0.1309,12
-0.1948,-0.01715,9,G,307,Q,0.06545,5
-0.6825,-0.07729,14,G,307,R,-0.2092,11
-0.3531,-0.03369,17,G,307,S,0.05144,10
-0.8942,-0.1134,10,G,307,T,0.204,4
1.419,0.06124,9,G,307,V,-0.216,3
-0.2729,-0.02499,9,G,307,W,0.3206,6
-1.305,-0.2075,17,G,307,Y,-0.06731,9
-0.3437,-0.03263,3,F,308,-,,
-3.051,-1.272,12,F,308,A,-1.212,8
-1.537,-0.2787,14,F,308,C,-0.2529,8
-23.59,-6.057,8,F,308,D,-4.285,3
-4.868,-3.818,10,F,308,E,-3.907,6
0,0,,F,308,F,0,
-3.879,-2.332,14,F,308,G,-2.295,11
-3,-1.22,20,F,308,H,-1.375,15
-1.596,-0.2992,19,F,308,I,-0.06093,13
-4.635,-3.476,15,F,308,K,-3.774,12
-1.855,-0.4027,29,F,308,L,-0.4917,9
-2.442,-0.7376,8,F,308,M,-0.1932,4
-4.351,-3.044,17,F,308,N,-2.971,13
-4.202,-2.816,6,F,308,P,-2.827,4
-4.35,-3.044,12,F,308,Q,-3.109,7
-5.816,-4.939,9,F,308,R,-4.376,6
-3.632,-1.981,18,F,308,S,-2.051,12
-3.15,-1.38,7,F,308,T,-1.426,6
-2.69,-0.9297,17,F,308,V,-0.5951,9
-2.373,-0.6896,7,F,308,W,-0.4853,5
0.4084,0.02694,16,F,308,Y,-0.0174,4
-0.5428,-0.05711,3,F,309,-,,
-0.7015,-0.08025,8,F,309,A,-0.5854,6
-2.555,-0.8208,16,F,309,C,-0.3222,6
-1.92,-0.4323,11,F,309,D,0.06845,6
-1.413,-0.2389,10,F,309,E,-0.4887,8
0,0,,F,309,F,0,
-2.72,-0.9553,14,F,309,G,-0.6799,12
-0.7462,-0.08742,11,F,309,H,-0.3062,7
-2.174,-0.5653,10,F,309,I,-0.4704,4
-3.992,-2.499,11,F,309,K,-2.473,5
-2.582,-0.8418,11,F,309,L,-0.5568,5
-1.641,-0.3153,12,F,309,M,-0.2727,10
-0.4569,-0.04597,8,F,309,N,-0.09,5
-8.863,-5.993,11,F,309,P,-6,6
2.116,0.07117,11,F,309,Q,0.3674,8
-3.161,-1.392,12,F,309,R,-1.113,8
-1.11,-0.1584,8,F,309,S,-0.3406,5
-1.39,-0.2318,5,F,309,T,0.006715,3
-2.521,-0.7949,16,F,309,V,-0.8063,11
-0.811,-0.09836,15,F,309,W,0.122,8
-0.2726,-0.02497,9,F,309,Y,-0.2622,5
-10.93,-6.049,6,Q,310,*,-6,3
-0.8573,-0.1066,1,Q,310,-,,
-1.589,-0.2967,13,Q,310,A,0.1209,7
-2.209,-0.5859,13,Q,310,C,-0.8005,8
-1.641,-0.3153,9,Q,310,D,-0.5401,8
-1.182,-0.1755,15,Q,310,E,0.1627,9
-2.24,-0.6045,6,Q,310,F,-0.5875,2
-3.892,-2.351,11,Q,310,G,-1.958,5
0.6776,0.03962,11,Q,310,H,-0.2573,7
-1.827,-0.3901,9,Q,310,I,-0.2637,6
-4.162,-2.756,10,Q,310,K,-2.719,8
-1.842,-0.3968,16,Q,310,L,-0.3089,9
-0.7164,-0.08261,10,Q,310,M,-0.1614,5
-2.072,-0.5086,16,Q,310,N,-0.1242,11
-8.432,-5.959,16,Q,310,P,-6,10
0,0,,Q,310,Q,0,
-4.076,-2.625,29,Q,310,R,-2.519,5
-1.258,-0.1949,12,Q,310,S,-0.2973,9
-1.317,-0.211,9,Q,310,T,0.1748,5
-1.655,-0.3206,8,Q,310,V,-0.432,7
-4.056,-2.595,12,Q,310,W,-2.442,8
-4.004,-2.516,10,Q,310,Y,-1.952,7
-6.173,-5.229,5,E,311,*,,
-0.6573,-0.07344,1,E,311,-,,
1.13,0.05462,12,E,311,A,-0.1565,9
-1.165,-0.1715,15,E,311,C,-0.9851,9
-1.15,-0.1679,22,E,311,D,-0.7734,8
0,0,,E,311,E,0,
-2.192,-0.5756,10,E,311,F,-0.5164,8
-2.088,-0.5173,8,E,311,G,-0.8283,6
-0.612,-0.06678,11,E,311,H,-0.6063,6
-2.365,-0.6845,10,E,311,I,-0.8583,9
-3.05,-1.271,20,E,311,K,-1.462,11
-2.509,-0.7858,14,E,311,L,-1.112,8
-1.008,-0.1361,11,E,311,M,-0.1565,8
-0.9414,-0.1225,16,E,311,N,-0.8752,8
-4.015,-2.533,6,E,311,P,-2.751,5
0.4247,0.0278,20,E,311,Q,0.1233,14
-2.847,-1.069,6,E,311,R,-1.012,5
-1.724,-0.3475,10,E,311,S,0.03267,5
-1.535,-0.2778,14,E,311,T,-0.4225,9
1.281,0.05832,9,E,311,V,0.5617,7
-3.376,-1.645,12,E,311,W,-1.597,8
-2.845,-1.067,6,E,311,Y,-1.117,3
-3.934,-2.412,2,M,312,-,,
-1.187,-0.1769,8,M,312,A,0.04666,5
-0.6676,-0.07501,16,M,312,C,-0.3406,12
-2.594,-0.8509,15,M,312,D,-0.6789,8
-1.344,-0.2184,11,M,312,E,-0.2996,8
-2.591,-0.8487,14,M,312,F,-0.6954,9
-1.761,-0.3624,9,M,312,G,-0.3245,5
-2.977,-1.196,9,M,312,H,-1.273,5
-1.918,-0.4316,18,M,312,I,-0.4214,4
-4.564,-3.37,6,M,312,K,-3.236,2
-1.483,-0.2608,11,M,312,L,-0.2158,8
0,0,,M,312,M,0,
-3.53,-1.844,6,M,312,N,-1.018,3
-8.984,-6,11,M,312,P,-6,10
-0.27,-0.0247,10,M,312,Q,-0.03597,7
-4.309,-2.981,9,M,312,R,-2.953,5
-1.877,-0.4125,7,M,312,S,0.1253,4
-0.4522,-0.04538,9,M,312,T,0.5226,3
0.5896,0.03584,5,M,312,V,0.8128,3
-2.136,-0.5438,10,M,312,W,-1.23,7
-2.345,-0.6712,8,M,312,Y,-0.622,7
-3.359,-1.624,2,V,313,-,,
-1.61,-0.3042,12,V,313,A,-0.277,10
-1.306,-0.2078,9,V,313,C,-0.3034,6
-4.896,-3.857,19,V,313,D,-3.79,15
-3.749,-2.144,11,V,313,E,-2.156,8
-0.804,-0.09715,6,V,313,F,-0.1818,3
-4.201,-2.814,10,V,313,G,-2.861,6
-2.823,-1.047,9,V,313,H,-1.103,5
-2.605,-0.8597,9,V,313,I,-0.8275,6
-3.269,-1.516,17,V,313,K,-1.545,9
-2.76,-0.9898,18,V,313,L,-1.265,8
-2.436,-0.733,12,V,313,M,-0.9891,5
-2.795,-1.021,6,V,313,N,-1.578,5
-8.144,-5.927,8,V,313,P,-6,4
-3.19,-1.424,10,V,313,Q,-1.461,7
-3.863,-2.307,11,V,313,R,-2.342,7
-2.073,-0.5091,8,V,313,S,-0.00167,5
-0.674,-0.07598,12,V,313,T,-0.1186,11
0,0,,V,313,V,0,
-2.911,-1.131,9,V,313,W,-1.055,8
-1.956,-0.4494,12,V,313,Y,-0.6637,9
-1.481,-0.26,2,A,314,-,,
0,0,,A,314,A,0,
-0.1005,-0.008448,5,A,314,C,0.03093,1
-0.7174,-0.08276,17,A,314,D,-0.6109,13
-1.483,-0.2609,3,A,314,E,,
-2.35,-0.6739,8,A,314,F,-0.5798,6
1.494,0.06268,8,A,314,G,-0.2578,5
-0.9537,-0.125,17,A,314,H,-0.006213,13
-0.9274,-0.1198,12,A,314,I,-0.4452,8
0.4301,0.02809,13,A,314,K,-0.3154,9
-0.6965,-0.07946,16,A,314,L,-0.6039,6
-0.9867,-0.1316,13,A,314,M,0.02976,8
1.393,0.06072,12,A,314,N,0.209,7
-5.879,-4.996,14,A,314,P,-4.406,9
1.553,0.06372,9,A,314,Q,0.1205,7
-1.236,-0.1893,16,A,314,R,0.2964,10
-0.1734,-0.01511,18,A,314,S,0.1046,6
1.259,0.05781,14,A,314,T,0.05131,5
0.2704,0.01901,13,A,314,V,0.2168,4
-2.753,-0.9837,11,A,314,W,-1.308,5
-2.22,-0.5925,10,A,314,Y,-0.5211,8
-1.637,-0.314,2,F,315,-,,
0.703,0.04065,4,F,315,A,0.4799,1
-1.319,-0.2115,16,F,315,C,-0.2825,12
-5.518,-4.64,6,F,315,D,-4.62,4
-3.956,-2.445,10,F,315,E,-2.461,9
0,0,,F,315,F,0,
0.8608,0.04652,8,F,315,G,-0.2443,5
-1.864,-0.4065,5,F,315,H,-0.4256,3
-1.942,-0.4426,11,F,315,I,-0.5728,5
-3.522,-1.832,8,F,315,K,-1.6,6
-1.514,-0.2708,12,F,315,L,0.2247,5
-1.98,-0.461,11,F,315,M,-0.3661,6
-3.441,-1.728,8,F,315,N,-1.495,4
-4.566,-3.373,15,F,315,P,-3.207,10
-3.501,-1.805,12,F,315,Q,-1.632,9
-3.069,-1.291,14,F,315,R,-1.345,11
-2.402,-0.709,16,F,315,S,-0.7888,10
-2.734,-0.9673,7,F,315,T,-1.126,5
-1.664,-0.3241,10,F,315,V,-0.7342,7
-2.985,-1.204,11,F,315,W,-1.195,9
-2.348,-0.6729,16,F,315,Y,-0.2844,8
-11.37,-6.052,5,E,316,*,,
-1.945,-0.4444,2,E,316,-,,
-2.665,-0.9085,20,E,316,A,-0.9616,11
-3.031,-1.251,12,E,316,C,-1.479,9
-2.415,-0.7183,19,E,316,D,-0.1423,9
0,0,,E,316,E,0,
-4.703,-3.577,11,E,316,F,-3.479,8
-3.397,-1.672,22,E,316,G,-1.927,5
-2.837,-1.06,18,E,316,H,-1.201,7
-3.723,-2.106,11,E,316,I,-2.332,7
-3.741,-2.133,42,E,316,K,-1.693,7
-4.472,-3.23,10,E,316,L,-3.114,7
-3.71,-2.088,12,E,316,M,-2.21,8
-3.699,-2.074,5,E,316,N,-2.098,4
-8.291,-5.944,19,E,316,P,-6,16
-1.961,-0.4519,14,E,316,Q,-0.4341,5
-3.926,-2.401,11,E,316,R,-2.421,5
-2.273,-0.6248,10,E,316,S,-0.1585,7
-1.205,-0.1813,9,E,316,T,-0.5812,5
-3.735,-2.124,20,E,316,V,-2.18,10
-6.625,-5.503,10,E,316,W,-4.498,5
-3.573,-1.9,16,E,316,Y,-1.907,10
-4.991,-3.99,1,C,317,*,,
-1.813,-0.384,2,C,317,-,,
-4.494,-3.264,9,C,317,A,-2.872,5
0,0,,C,317,C,0,
-8.174,-5.93,9,C,317,D,-6,5
-12.39,-6.055,8,C,317,E,-6,6
-4.542,-3.337,16,C,317,F,-3.482,6
-7.786,-5.872,9,C,317,G,-6,6
-14.42,-6.057,15,C,317,H,-6,7
-3.349,-1.612,13,C,317,I,-1.57,7
-8.667,-5.979,15,C,317,K,-6,11
-4.181,-2.784,20,C,317,L,-2.725,12
-3.956,-2.444,10,C,317,M,-2.736,5
-8.565,-5.971,10,C,317,N,-6,7
-8.931,-5.997,10,C,317,P,-6,3
-7.616,-5.839,10,C,317,Q,-6,6
-8.697,-5.981,8,C,317,R,-6,4
-13.85,-6.056,10,C,317,S,-5.835,6
-4.934,-3.911,15,C,317,T,-3.855,10
-3.312,-1.568,11,C,317,V,-1.742,6
-8.01,-5.908,7,C,317,W,-5.51,4
-5.266,-4.348,36,C,317,Y,-4.721,8
-1.931,-0.4374,2,H,318,-,,
-1.899,-0.4224,8,H,318,A,-0.4876,5
-1.928,-0.4359,16,H,318,C,-0.603,10
-1.078,-0.1511,20,H,318,D,-0.201,16
-1.797,-0.3776,6,H,318,E,1.396,1
-0.1214,-0.0103,5,H,318,F,-0.7331,4
-2.61,-0.8643,15,H,318,G,-0.8767,10
0,0,,H,318,H,0,
-1.001,-0.1346,10,H,318,I,-0.3336,9
-1.786,-0.3728,15,H,318,K,-0.1311,13
-2.006,-0.4741,13,H,318,L,-0.5953,8
-1.236,-0.1893,11,H,318,M,-0.4727,7
-2.023,-0.4829,11,H,318,N,-0.2016,5
-9.259,-6.014,14,H,318,P,-6,8
-0.8463,-0.1046,9,H,318,Q,-0.08193,6
-0.3081,-0.02872,13,H,318,R,0.00876,4
-2.373,-0.6899,6,H,318,S,-0.03225,2
-2.743,-0.9754,10,H,318,T,-0.7971,5
-1.084,-0.1526,4,H,318,V,-0.3316,4
-1.511,-0.2698,13,H,318,W,-0.3885,6
-0.3483,-0.03314,8,H,318,Y,-0.244,4
-1.79,-0.3745,1,Y,319,*,,
-2.266,-0.6202,2,Y,319,-,,
-3.519,-1.829,9,Y,319,A,-1.114,7
-2.894,-1.114,22,Y,319,C,-1.233,10
-4.746,-3.64,4,Y,319,D,-3.891,2
-3.82,-2.245,12,Y,319,E,-2.2,8
1.018,0.05151,13,Y,319,F,-0.9982,4
-3.618,-1.961,14,Y,319,G,-1.752,4
-2.367,-0.6854,13,Y,319,H,-0.6397,6
-2.247,-0.6086,9,Y,319,I,-0.9666,8
-3.108,-1.334,9,Y,319,K,-1.299,9
-2.052,-0.498,15,Y,319,L,-0.5711,7
-2.193,-0.5762,15,Y,319,M,-0.4602,9
-2.991,-1.21,14,Y,319,N,-1.341,7
-4.37,-3.073,9,Y,319,P,-2.865,6
-3.226,-1.465,8,Y,319,Q,-1.703,5
-3.575,-1.903,7,Y,319,R,-2.061,5
-3.682,-2.049,7,Y,319,S,-1.779,4
-3.107,-1.332,13,Y,319,T,-1.229,7
-2.792,-1.019,14,Y,319,V,-0.9729,10
-2.238,-0.6034,11,Y,319,W,-0.6833,7
0,0,,Y,319,Y,0,
-1.999,-0.4709,2,L,320,-,,
-0.3105,-0.02899,7,L,320,A,-0.195,5
-1.129,-0.1629,10,L,320,C,0.0573,2
-0.5894,-0.06355,12,L,320,D,-0.1573,10
-1.011,-0.1367,8,L,320,E,-0.1885,7
-0.9837,-0.131,9,L,320,F,0.6506,3
-1.76,-0.362,10,L,320,G,-0.2444,9
0.008346,0.0006648,8,L,320,H,0.01773,6
4.432,0.08008,12,L,320,I,-0.1036,7
-1.01,-0.1364,9,L,320,K,-0.1638,4
0,0,,L,320,L,0,
-0.5528,-0.05846,13,L,320,M,-0.07091,7
0.4498,0.02911,12,L,320,N,0.1132,7
-0.9154,-0.1175,16,L,320,P,0.3344,4
-0.2591,-0.02357,15,L,320,Q,0.244,12
0.4905,0.03117,7,L,320,R,-0.1328,4
-0.9063,-0.1157,7,L,320,S,-0.2075,6
-1.653,-0.32,16,L,320,T,-0.2663,12
-0.8393,-0.1034,17,L,320,V,-0.4548,10
0.783,0.04374,10,L,320,W,0.1951,8
-0.9204,-0.1184,9,L,320,Y,-0.3608,5
-0.9601,-0.1262,1,N,321,-,,
-0.675,-0.07614,6,N,321,A,-0.5889,2
-1.562,-0.287,15,N,321,C,-0.2906,11
0.05967,0.004637,19,N,321,D,0.1101,11
-1.029,-0.1405,9,N,321,E,0.1698,6
-2.456,-0.7472,13,N,321,F,-0.4353,8
-1.458,-0.2529,16,N,321,G,-0.04452,9
-1.393,-0.2329,16,N,321,H,-0.1896,12
-2.971,-1.189,15,N,321,I,-0.872,7
-1.693,-0.3352,11,N,321,K,-0.5074,5
-2.376,-0.6916,11,N,321,L,-0.3707,7
-1.218,-0.1846,9,N,321,M,-0.4108,4
0,0,,N,321,N,0,
1.121,0.0544,5,N,321,P,0.5273,4
-1.269,-0.198,27,N,321,Q,0.1472,19
-1.548,-0.2824,10,N,321,R,-0.3048,7
0.1876,0.01371,19,N,321,S,-0.1877,11
-1.398,-0.2344,14,N,321,T,-0.02922,8
-1.139,-0.1652,7,N,321,V,-0.7878,4
-2.399,-0.7072,13,N,321,W,-0.4381,6
-1.955,-0.4489,10,N,321,Y,-0.8289,3
-7.279,-5.756,4,G,322,*,,
-0.8985,-0.1143,1,G,322,-,,
0.09818,0.007488,9,G,322,A,-0.2918,3
-1.993,-0.4677,13,G,322,C,-0.6758,7
-1.075,-0.1505,14,G,322,D,0.1227,9
-0.2575,-0.0234,31,G,322,E,-0.1661,8
-1.72,-0.3457,19,G,322,F,-0.2076,12
0,0,,G,322,G,0,
-1.584,-0.2947,15,G,322,H,-0.1608,12
-1.157,-0.1695,10,G,322,I,-0.1899,7
1.056,0.05263,6,G,322,K,0.1252,4
-2.022,-0.4826,7,G,322,L,-0.1803,4
0.3306,0.0226,14,G,322,M,0.1561,11
-1.059,-0.1469,10,G,322,N,0.6441,6
-2.258,-0.6156,5,G,322,P,-0.8053,3
-0.8149,-0.09905,14,G,322,Q,-0.07963,8
-0.8832,-0.1114,32,G,322,R,-0.02742,12
-1.629,-0.3112,8,G,322,S,-0.1476,5
-1.146,-0.1669,12,G,322,T,0.07228,8
-1.675,-0.3282,16,G,322,V,0.3511,8
-2.352,-0.6757,11,G,322,W,-0.5357,4
-1.925,-0.4346,13,G,322,Y,-0.8282,8
-1.414,-0.2392,2,T,323,-,,
-0.804,-0.09714,20,T,323,A,-0.1541,9
-2.688,-0.9279,11,T,323,C,-0.6332,9
-1.567,-0.2888,7,T,323,D,0.1355,5
-0.4459,-0.04461,12,T,323,E,-0.1318,5
-1.985,-0.4635,9,T,323,F,-0.9595,3
-0.08447,-0.007042,13,T,323,G,-0.4202,8
-1.757,-0.3606,13,T,323,H,-0.1206,7
-0.9852,-0.1313,21,T,323,I,0.1347,8
0.3204,0.022,9,T,323,K,-0.629,4
0.6018,0.03638,15,T,323,L,-0.2443,11
-2.274,-0.6256,12,T,323,M,-0.6741,7
-1.024,-0.1393,12,T,323,N,-0.2033,9
-1.266,-0.1972,11,T,323,P,0.03342,8
1.084,0.05339,10,T,323,Q,-0.007348,6
-0.727,-0.0843,14,T,323,R,-0.124,9
1.208,0.05661,13,T,323,S,-0.09796,7
0,0,,T,323,T,0,
0.828,0.04537,6,T,323,V,0.351,5
-2.115,-0.5318,9,T,323,W,-0.5344,6
-1.047,-0.1444,8,T,323,Y,-0.1484,5
-6.71,-5.545,5,E,324,*,,
-0.5594,-0.05937,1,E,324,-,,
-0.6916,-0.07871,8,E,324,A,0.3138,6
-2.889,-1.109,10,E,324,C,-0.9666,6
-0.07864,-0.006537,18,E,324,D,0.2027,8
0,0,,E,324,E,0,
-1.622,-0.3086,14,E,324,F,-0.2453,8
-0.5214,-0.05425,16,E,324,G,-0.2188,11
0.5648,0.03471,9,E,324,H,-0.1043,5
-1.33,-0.2144,10,E,324,I,0.0573,5
-0.7176,-0.08279,21,E,324,K,0.03336,5
-1.226,-0.1866,7,E,324,L,-0.1535,4
1.028,0.05182,16,E,324,M,0.04731,12
-1.451,-0.2504,9,E,324,N,0.2345,4
0.3953,0.02623,8,E,324,P,0.5571,2
-0.3354,-0.03171,11,E,324,Q,-0.05835,8
-0.8003,-0.09651,9,E,324,R,-0.2808,6
-0.2609,-0.02375,11,E,324,S,0.4035,6
0.6485,0.03841,9,E,324,T,0.3357,4
-1.449,-0.25,9,E,324,V,-0.3019,5
-1.834,-0.3932,16,E,324,W,-0.5598,7
-1.028,-0.1402,12,E,324,Y,0.1008,10
-14.18,-6.057,32,Q,325,*,-6,5
-3.961,-2.453,3,Q,325,-,,
-0.4433,-0.04429,13,Q,325,A,0.002445,6
-0.1537,-0.01326,11,Q,325,C,-0.03806,8
1.177,0.05585,14,Q,325,D,-0.03485,4
-0.04449,-0.003637,15,Q,325,E,0.1482,8
-1.436,-0.2459,17,Q,325,F,-0.3089,13
0.8582,0.04643,10,Q,325,G,0.02718,7
0.2793,0.01955,13,Q,325,H,-0.1631,7
-1.566,-0.2884,10,Q,325,I,-0.2572,8
-0.39,-0.03791,14,Q,325,K,-0.02394,4
-0.4175,-0.04117,9,Q,325,L,-0.363,5
1.326,0.05931,10,Q,325,M,-0.4073,6
0.5475,0.03391,13,Q,325,N,0.3051,8
-1.146,-0.167,8,Q,325,P,0.2222,3
0,0,,Q,325,Q,0,
0.5277,0.03297,19,Q,325,R,-0.3499,6
-0.4694,-0.04754,12,Q,325,S,0.1606,5
-0.1285,-0.01095,7,Q,325,T,0.1267,3
-0.6863,-0.07787,16,Q,325,V,0.01737,14
-0.6794,-0.07681,4,Q,325,W,0.1803,3
-0.2109,-0.01872,19,Q,325,Y,0.08396,16
-1.073,-0.1501,1,V,326,-,,
-0.8455,-0.1045,11,V,326,A,0.09927,6
-2.974,-1.193,14,V,326,C,-1.052,9
-3.057,-1.279,11,V,326,D,-1.196,9
-3.401,-1.677,11,V,326,E,-1.684,6
0.5054,0.0319,11,V,326,F,0.1004,9
-2.276,-0.6263,9,V,326,G,-0.4497,7
0.6714,0.03937,8,V,326,H,0.2635,7
0.9626,0.04984,14,V,326,I,-0.09858,7
-3.312,-1.567,9,V,326,K,-1.325,6
-0.6157,-0.0673,12,V,326,L,0.3693,7
0.4825,0.03077,17,V,326,M,-0.00266,8
-1.699,-0.3376,7,V,326,N,-0.4273,6
2.337,0.07313,4,V,326,P,0.03188,3
-1.514,-0.2707,13,V,326,Q,-0.1389,7
-2.284,-0.6316,9,V,326,R,-0.3156,8
-0.9136,-0.1171,11,V,326,S,-0.5376,4
1.095,0.05369,11,V,326,T,-0.0318,6
0,0,,V,326,V,0,
-1.76,-0.3621,10,V,326,W,-0.2748,7
-0.6189,-0.06777,7,V,326,Y,0.1558,3
-0.9691,-0.128,1,R,327,-,,
-2.404,-0.7108,10,R,327,A,-0.4574,7
-8.474,-5.963,10,R,327,C,-6,4
-3.57,-1.896,12,R,327,D,-1.82,6
-2.989,-1.208,9,R,327,E,-1.307,6
-3.305,-1.56,14,R,327,F,-1.662,7
-3.05,-1.271,10,R,327,G,-1.332,8
0.1642,0.01214,17,R,327,H,0.03462,9
-2.079,-0.5121,10,R,327,I,-0.4318,6
-0.8453,-0.1044,7,R,327,K,0.1065,3
-2.073,-0.5091,15,R,327,L,-0.4109,10
-2.329,-0.6606,14,R,327,M,-0.6853,10
-2.372,-0.6887,7,R,327,N,-1.078,6
-6.215,-5.259,10,R,327,P,-5.506,6
-0.9539,-0.125,19,R,327,Q,0.3927,9
0,0,,R,327,R,0,
-1.26,-0.1955,17,R,327,S,-0.4419,12
-2.203,-0.5824,12,R,327,T,-0.4354,8
-2.804,-1.029,16,R,327,V,-1.183,9
-1.85,-0.4006,36,R,327,W,0.01548,7
-2.553,-0.819,9,R,327,Y,-0.8384,7
-11.5,-6.052,1,Y,328,*,-6,1
-0.5979,-0.06474,1,Y,328,-,,
-0.6062,-0.06594,7,Y,328,A,0.698,1
-3.008,-1.227,18,Y,328,C,-1.048,4
-5.511,-4.633,12,Y,328,D,-4.119,9
-1.466,-0.2554,14,Y,328,E,-0.7541,8
0.03369,0.002651,12,Y,328,F,0.07981,7
2.055,0.07055,9,Y,328,G,0.6666,4
-0.2448,-0.0221,13,Y,328,H,0.1006,6
0.8903,0.04752,14,Y,328,I,0.3833,9
-0.8225,-0.1004,16,Y,328,K,-0.2263,12
-0.697,-0.07954,12,Y,328,L,0.6015,8
-0.8077,-0.0978,7,Y,328,M,-0.08064,5
-1.948,-0.4457,19,Y,328,N,-0.4035,9
-3.545,-1.863,10,Y,328,P,-1.884,6
-1.829,-0.3912,9,Y,328,Q,-0.3121,7
-2.713,-0.9495,15,Y,328,R,-0.9732,10
0.3207,0.02202,15,Y,328,S,0.2515,6
-1.511,-0.2698,13,Y,328,T,-0.2062,10
2.207,0.07203,8,Y,328,V,0.4777,5
1.52,0.06314,11,Y,328,W,0.1322,8
0,0,,Y,328,Y,0,
-1.576,-0.2921,1,L,329,-,,
2.688,0.07547,13,L,329,A,0.2166,10
-0.355,-0.0339,7,L,329,C,0.08046,5
-2.189,-0.574,6,L,329,D,0.275,3
-1.083,-0.1524,6,L,329,E,-0.103,3
2.533,0.07453,15,L,329,F,0.04222,10
-2.117,-0.5331,12,L,329,G,-0.3951,7
2.272,0.0726,25,L,329,H,-0.07753,20
0.7774,0.04353,20,L,329,I,0.07125,13
0.4968,0.03148,10,L,329,K,0.2097,7
0,0,,L,329,L,0,
0.396,0.02626,8,L,329,M,0.01207,3
3.677,0.07898,8,L,329,N,-0.07049,4
-8.409,-5.956,23,L,329,P,-6,8
-0.7813,-0.09326,22,L,329,Q,-0.2065,14
1.012,0.05135,10,L,329,R,0.4098,5
0.9615,0.04981,10,L,329,S,0.2695,7
-0.6093,-0.06639,10,L,329,T,-0.2669,8
-0.6057,-0.06587,10,L,329,V,-0.1354,8
0.7004,0.04055,16,L,329,W,0.4358,13
-0.4069,-0.0399,11,L,329,Y,0.3775,7
-0.5363,-0.05624,1,V,330,-,,
-1.038,-0.1424,7,V,330,A,0.1465,5
-4.078,-2.627,13,V,330,C,-2.52,9
-8.461,-5.961,7,V,330,D,-6,5
-3.5,-1.804,11,V,330,E,-1.748,6
-1.705,-0.3397,15,V,330,F,0.04367,11
-4.312,-2.985,7,V,330,G,-2.87,3
-3.79,-2.201,12,V,330,H,-2.346,5
2.682,0.07544,14,V,330,I,0.09499,9
-3.666,-2.027,7,V,330,K,-1.697,4
-1.002,-0.1348,15,V,330,L,-0.1372,6
-1.615,-0.3058,26,V,330,M,0.2611,11
-4.056,-2.595,6,V,330,N,-2.486,3
-8.408,-5.956,13,V,330,P,-6,9
-1.705,-0.3397,18,V,330,Q,-0.3903,11
-3.334,-1.594,5,V,330,R,-1.211,3
-1.805,-0.3808,12,V,330,S,-0.5867,9
-1.678,-0.3293,13,V,330,T,-0.2417,8
0,0,,V,330,V,0,
0.4078,0.0269,20,V,330,W,0.3894,10
-3.116,-1.342,12,V,330,Y,-1.293,7
-0.3785,-0.03657,1,K,331,-,,
-1.319,-0.2114,16,K,331,A,-0.07165,11
-4.357,-3.055,16,K,331,C,-2.736,7
-3.47,-1.765,15,K,331,D,-1.579,12
-2.9,-1.12,25,K,331,E,-0.9445,10
-2.024,-0.4833,23,K,331,F,-0.2243,12
-2.288,-0.6342,13,K,331,G,-0.6937,8
-1.544,-0.281,7,K,331,H,-0.384,4
-3.407,-1.684,17,K,331,I,-1.554,11
0,0,,K,331,K,0,
-2.479,-0.7639,18,K,331,L,-0.6738,14
-1.57,-0.29,10,K,331,M,-0.2139,6
-0.5571,-0.05905,17,K,331,N,0.1381,10
-8.235,-5.938,12,K,331,P,-6,7
-0.8188,-0.09973,8,K,331,Q,0.0594,4
0.7938,0.04414,15,K,331,R,0.05655,6
-1.346,-0.2192,4,K,331,S,0.1364,1
-1.661,-0.3229,13,K,331,T,-0.5805,5
-3.716,-2.097,10,K,331,V,-2.12,8
-1.976,-0.4593,15,K,331,W,-1.031,9
-0.944,-0.123,7,K,331,Y,-0.04368,5
-11.45,-6.052,3,Y,332,*,-6,1
-0.5286,-0.05521,1,Y,332,-,,
-4.272,-2.924,11,Y,332,A,-3.09,8
-4.153,-2.742,22,Y,332,C,-2.694,7
-7.679,-5.852,16,Y,332,D,-6,11
-8.142,-5.926,8,Y,332,E,-6,4
-1.801,-0.379,12,Y,332,F,-0.9493,8
-7.096,-5.699,10,Y,332,G,-5.254,9
-2.623,-0.8743,14,Y,332,H,-0.7954,2
-2.766,-0.9953,7,Y,332,I,-0.8516,6
-2.575,-0.8365,10,Y,332,K,-1.073,6
-3.494,-1.796,11,Y,332,L,-1.706,9
-2.711,-0.9475,16,Y,332,M,-0.8842,7
-4.392,-3.108,13,Y,332,N,-3.273,9
-8.048,-5.914,10,Y,332,P,-6,7
-3.911,-2.377,19,Y,332,Q,-2.437,16
-2.679,-0.92,9,Y,332,R,-1.387,4
-4.607,-3.435,10,Y,332,S,-3.289,5
-4.111,-2.678,8,Y,332,T,-2.759,5
-3.431,-1.715,11,Y,332,V,-1.987,6
-3.077,-1.3,11,Y,332,W,-1.146,7
0,0,,Y,332,Y,0,
-4.638,-3.481,2,I,333,-,,
-2.108,-0.528,10,I,333,A,-0.6456,7
-0.5191,-0.05394,10,I,333,C,-0.1901,7
-6.632,-5.507,12,I,333,D,-4.572,7
-4.015,-2.533,6,I,333,E,-2.415,6
-0.5121,-0.05302,9,I,333,F,0.2115,7
-2.72,-0.955,10,I,333,G,-0.628,6
-1.557,-0.2855,6,I,333,H,-0.02177,5
0,0,,I,333,I,0,
-4.749,-3.645,12,I,333,K,-3.654,11
-1.997,-0.4695,14,I,333,L,0.008025,9
-1.225,-0.1865,9,I,333,M,-0.1513,5
-2.11,-0.5288,5,I,333,N,-0.8393,2
-7.111,-5.704,8,I,333,P,-6,5
-2.977,-1.195,10,I,333,Q,-1.846,5
-4.669,-3.528,18,I,333,R,-3.588,13
-0.3575,-0.03417,9,I,333,S,-0.1638,7
-1.903,-0.4245,14,I,333,T,-0.1712,8
-1.012,-0.1369,17,I,333,V,0.5125,3
-1.956,-0.4495,10,I,333,W,-0.2003,7
0.8878,0.04743,6,I,333,Y,0.2944,4
-4.363,-3.063,2,H,334,-,,
-1.787,-0.3732,15,H,334,A,-0.3659,9
-0.805,-0.09733,10,H,334,C,-0.1499,6
-5.064,-4.088,12,H,334,D,-4.044,9
-3.803,-2.221,9,H,334,E,-2.417,5
-1.121,-0.1609,11,H,334,F,0.0889,6
-1.689,-0.3335,5,H,334,G,-0.2145,3
0,0,,H,334,H,0,
-3.726,-2.112,11,H,334,I,-2.432,7
-4.137,-2.718,8,H,334,K,-2.688,4
-2.614,-0.8668,16,H,334,L,-1.248,10
-2.396,-0.7052,9,H,334,M,-0.451,5
0.3968,0.02631,16,H,334,N,-0.4224,9
-13.65,-6.056,11,H,334,P,-6,7
-2.796,-1.023,14,H,334,Q,-0.6975,10
-2.573,-0.8348,16,H,334,R,-0.7486,5
-1.435,-0.2455,16,H,334,S,-0.5125,10
-1.841,-0.3965,16,H,334,T,-0.5797,8
-3.495,-1.798,15,H,334,V,-1.857,10
-0.751,-0.08821,24,H,334,W,-0.5125,13
4.009,0.07956,13,H,334,Y,-0.06541,7
-1.002,-0.1348,1,N,335,-,,
-2.992,-1.211,10,N,335,A,-1.243,8
-3.442,-1.728,11,N,335,C,-1.503,6
-2.854,-1.076,15,N,335,D,-0.7542,10
-3.891,-2.349,12,N,335,E,-2.005,10
-7.674,-5.851,6,N,335,F,-6,4
2.567,0.07475,7,N,335,G,-0.5657,1
-3.971,-2.467,16,N,335,H,-2.389,12
-5.976,-5.078,16,N,335,I,-4.879,12
-4.837,-3.772,12,N,335,K,-3.785,10
-4.375,-3.082,14,N,335,L,-2.7,8
-3.613,-1.954,8,N,335,M,-1.616,3
0,0,,N,335,N,0,
-7.667,-5.85,12,N,335,P,-6,7
-0.8314,-0.102,8,N,335,Q,-0.2051,6
-4.808,-3.731,14,N,335,R,-3.555,12
-3.426,-1.708,17,N,335,S,-1.575,4
-4.736,-3.627,20,N,335,T,-3.484,8
-5.863,-4.981,9,N,335,V,-5.085,4
-14.8,-6.057,18,N,335,W,-6,8
-7.163,-5.721,11,N,335,Y,-6,5
-1.018,-0.1382,1,R,336,-,,
-1.798,-0.3779,14,R,336,A,-0.3514,10
-2.459,-0.7493,8,R,336,C,-0.8503,4
-1.525,-0.2745,13,R,336,D,-0.1871,11
-2.918,-1.137,7,R,336,E,-1.167,6
-2.606,-0.8605,15,R,336,F,-0.6577,11
0.306,0.02116,8,R,336,G,-0.06559,6
-1.731,-0.35,13,R,336,H,-0.4329,8
-3.85,-2.289,9,R,336,I,-2.186,8
-0.08353,-0.00696,10,R,336,K,0.5898,5
-3.13,-1.358,12,R,336,L,-0.9248,5
-2.246,-0.6078,14,R,336,M,-0.5137,8
0.01877,0.001488,16,R,336,N,-0.09083,9
-7.53,-5.82,14,R,336,P,-6,7
-0.7753,-0.09225,20,R,336,Q,0.02984,10
0,0,,R,336,R,0,
-0.8152,-0.0991,12,R,336,S,-0.2399,8
-2.126,-0.5377,10,R,336,T,-0.2395,4
-3.582,-1.913,12,R,336,V,-1.811,4
-3.415,-1.694,15,R,336,W,-1.804,10
-2.965,-1.184,8,R,336,Y,-1.452,7
-15.65,-6.057,6,Q,337,*,,
2.936,0.0767,11,Q,337,A,-0.252,5
-1.451,-0.2505,18,Q,337,C,0.1015,11
-1.031,-0.1408,10,Q,337,D,0.3107,7
-1.166,-0.1717,14,Q,337,E,0.1503,11
1.378,0.06041,13,Q,337,F,-0.08705,9
1.55,0.06367,10,Q,337,G,0.2262,6
-0.6472,-0.07193,16,Q,337,H,-0.2403,5
0.8605,0.04651,10,Q,337,I,0.2803,6
2.196,0.07193,10,Q,337,K,0.2248,6
-0.9716,-0.1285,15,Q,337,L,0.05647,7
-0.7455,-0.0873,12,Q,337,M,0.06946,7
-0.8836,-0.1115,12,Q,337,N,-0.3153,7
-12.45,-6.055,8,Q,337,P,-6,5
0,0,,Q,337,Q,0,
-0.5071,-0.05237,18,Q,337,R,-0.1076,9
-4.22,-2.845,13,Q,337,S,-2.819,10
-4.677,-3.539,11,Q,337,T,-3.619,6
-0.3745,-0.03612,16,Q,337,V,0.07765,8
-1.887,-0.4171,15,Q,337,W,-0.2027,9
-1.675,-0.328,24,Q,337,Y,-0.435,18
-8.019,-5.91,14,Q,338,*,-6,3
-2.117,-0.5327,2,Q,338,A,-0.03228,1
-1.415,-0.2395,12,Q,338,C,-0.145,6
-1.92,-0.4322,9,Q,338,D,-0.0798,6
-1.528,-0.2755,8,Q,338,E,0.02234,5
-3.259,-1.505,17,Q,338,F,-1.531,11
-2.424,-0.7245,9,Q,338,G,-0.71,4
-3.308,-1.562,16,Q,338,H,-1.432,9
1.003,0.05108,12,Q,338,I,0.0143,9
-3.427,-1.71,14,Q,338,K,-1.63,9
-0.3417,-0.03241,16,Q,338,L,-0.1746,9
-0.9111,-0.1166,15,Q,338,M,0.06454,11
0.9236,0.04861,14,Q,338,N,-0.1882,11
-2.445,-0.7393,14,Q,338,P,0.07435,6
0,0,,Q,338,Q,0,
-3.163,-1.394,28,Q,338,R,-1.015,11
-0.9538,-0.125,10,Q,338,S,0.1007,7
1.35,0.05984,14,Q,338,T,0.03675,10
-1.499,-0.266,12,Q,338,V,-0.4006,9
-4.557,-3.359,7,Q,338,W,-3.282,5
-3.412,-1.691,10,Q,338,Y,-1.83,4
-0.2418,-0.0218,14,D,339,A,0.1311,8
0.6309,0.03765,10,D,339,C,-0.8387,5
0,0,,D,339,D,0,
-0.2022,-0.01787,12,D,339,E,-0.2592,6
-0.4987,-0.05128,10,D,339,F,0.6887,5
-2.257,-0.6146,16,D,339,G,-0.3946,7
0.9248,0.04865,18,D,339,H,0.02584,15
1.888,0.06864,17,D,339,I,-0.3162,13
-2.729,-0.9627,12,D,339,K,-0.8118,11
-0.608,-0.0662,12,D,339,L,-0.2224,10
-1.167,-0.172,9,D,339,M,-0.2696,8
0.3893,0.0259,11,D,339,N,0.1237,3
-4.067,-2.611,11,D,339,P,-2.324,9
0.04061,0.003184,17,D,339,Q,-0.04185,9
-2.482,-0.7661,6,D,339,R,-0.6687,4
0.7852,0.04382,7,D,339,S,0.01125,4
0.1166,0.008814,5,D,339,T,-0.04848,3
1.431,0.06148,16,D,339,V,-0.1953,10
-2.865,-1.086,10,D,339,W,-1.066,7
-2.149,-0.5509,13,D,339,Y,-0.8224,6
-6.013,-5.109,3,V,340,-,,
-2.028,-0.4857,19,V,340,A,0.00635,8
-2.442,-0.7373,13,V,340,C,-0.6488,10
-5.751,-4.879,9,V,340,D,-4.828,5
-5.376,-4.48,12,V,340,E,-4.128,7
1.764,0.067,15,V,340,F,0.04202,8
-3.905,-2.37,16,V,340,G,-2.464,9
-3.202,-1.438,14,V,340,H,-1.175,10
-0.6542,-0.07299,11,V,340,I,0.09071,9
-2.433,-0.731,6,V,340,K,-0.6795,5
0.4879,0.03104,12,V,340,L,-0.6491,5
-1.228,-0.1872,26,V,340,M,-0.9209,7
-3.116,-1.342,6,V,340,N,-1.841,4
-8.716,-5.983,11,V,340,P,-6,5
-4.006,-2.519,11,V,340,Q,-1.935,7
-2.934,-1.153,11,V,340,R,-1.166,5
-3.15,-1.379,5,V,340,S,-1.076,3
-1.896,-0.421,17,V,340,T,-0.1904,13
0,0,,V,340,V,0,
0.8652,0.04667,13,V,340,W,-0.0516,12
-1.947,-0.445,10,V,340,Y,-0.8433,5
-3.326,-1.585,3,H,341,-,,
-2.341,-0.6683,8,H,341,A,-0.9351,6
-2.713,-0.9494,13,H,341,C,-1.115,8
-7.768,-5.869,11,H,341,D,-6,4
-2.911,-1.13,19,H,341,E,-1.123,15
-1.605,-0.3023,12,H,341,F,-0.4739,11
-2.996,-1.215,8,H,341,G,-1.345,6
0,0,,H,341,H,0,
-1.181,-0.1754,11,H,341,I,-0.5582,8
-3.189,-1.424,9,H,341,K,-1.24,6
-3.24,-1.482,10,H,341,L,-0.4698,4
-0.8791,-0.1106,6,H,341,M,-0.211,3
-3.15,-1.38,8,H,341,N,-1.328,3
-16.07,-6.057,9,H,341,P,-6,5
-2.422,-0.7233,14,H,341,Q,-0.2984,9
-3.528,-1.84,11,H,341,R,-1.117,3
2.342,0.07317,5,H,341,S,-0.0407,4
-2.183,-0.5705,10,H,341,T,-0.01205,6
-0.8409,-0.1037,11,H,341,V,-0.05352,6
-1.974,-0.4586,11,H,341,W,-0.9656,4
-1.771,-0.3666,35,H,341,Y,-0.2858,12
-7.044,-5.681,2,Y,342,*,,
-1.646,-0.3172,1,Y,342,-,,
-12.67,-6.056,13,Y,342,A,-6,7
-4.969,-3.959,14,Y,342,C,-3.835,6
-8.931,-5.997,4,Y,342,D,-6,1
-7.879,-5.888,16,Y,342,E,-6,10
-0.4624,-0.04666,14,Y,342,F,-0.1443,9
-8.89,-5.994,7,Y,342,G,-6,5
-7.75,-5.866,7,Y,342,H,-4.722,3
-2.034,-0.4886,16,Y,342,I,-0.507,13
-10.11,-6.038,6,Y,342,K,-6,4
-1.77,-0.3662,14,Y,342,L,-0.2225,6
-2.296,-0.6393,11,Y,342,M,-0.2903,7
-7.433,-5.797,13,Y,342,N,-6,5
-9.5,-6.023,8,Y,342,P,-6,4
-6.786,-5.579,8,Y,342,Q,-6,7
-6.491,-5.432,8,Y,342,R,-5.944,5
-8.267,-5.941,11,Y,342,S,-6,6
-8.437,-5.959,11,Y,342,T,-6,5
-4.368,-3.071,12,Y,342,V,-3.254,7
-1.82,-0.3873,11,Y,342,W,-0.3994,6
0,0,,Y,342,Y,0,
-1.885,-0.4162,2,D,343,-,,
-2.482,-0.7662,8,D,343,A,-0.4521,3
-2.655,-0.9007,9,D,343,C,-0.8108,6
0,0,,D,343,D,0,
-2.348,-0.673,17,D,343,E,-0.5839,9
-4.164,-2.759,14,D,343,F,-2.94,7
-4.401,-3.122,18,D,343,G,-3.242,7
-2.824,-1.048,19,D,343,H,-0.9534,13
-4.328,-3.009,10,D,343,I,-2.829,4
-4.72,-3.603,6,D,343,K,-3.792,4
-3.998,-2.507,13,D,343,L,-2.598,7
-4.351,-3.045,8,D,343,M,-3.015,8
-1.597,-0.2994,17,D,343,N,0.4886,8
-7.469,-5.806,6,D,343,P,-6,6
-4.196,-2.807,5,D,343,Q,-2.452,1
-3.742,-2.133,14,D,343,R,-2.012,9
-2.296,-0.639,4,D,343,S,-0.562,4
-2.389,-0.7002,11,D,343,T,-0.9744,6
-3.925,-2.398,14,D,343,V,-2.237,8
-4.156,-2.746,9,D,343,W,-2.47,3
-3.925,-2.398,17,D,343,Y,-2.444,7
-9.396,-6.019,5,S,344,-,-6,3
-3.274,-1.523,8,S,344,A,-1.459,4
-3.801,-2.218,14,S,344,C,-2.182,8
-3.52,-1.83,9,S,344,D,-1.878,5
-4.48,-3.243,11,S,344,E,-3.226,6
-3.459,-1.751,10,S,344,F,-1.695,8
-1.727,-0.3487,21,S,344,G,-0.2819,6
-3.801,-2.218,13,S,344,H,-2.216,9
-4.145,-2.73,14,S,344,I,-2.609,8
-4.8,-3.719,8,S,344,K,-3.6,5
-3.982,-2.483,11,S,344,L,-2.704,3
-3.599,-1.936,10,S,344,M,-1.755,9
-2.868,-1.089,18,S,344,N,-1.603,5
-3.8,-2.216,10,S,344,P,-2.208,7
-4.099,-2.66,12,S,344,Q,-2.764,6
-4.32,-2.997,17,S,344,R,-2.939,10
0,0,,S,344,S,0,
-1.969,-0.4557,13,S,344,T,-1.014,7
-3.732,-2.119,11,S,344,V,-2.097,9
-3.442,-1.729,6,S,344,W,-1.531,5
-2.59,-0.8482,6,S,344,Y,-0.9855,2
0.1226,0.009241,1,D,345,*,,
-0.2127,-0.0189,3,D,345,-,,
0.21,0.01519,11,D,345,A,0.2659,9
-1.212,-0.1831,10,D,345,C,-0.08413,7
0,0,,D,345,D,0,
0.5349,0.03332,15,D,345,E,0.2191,8
-0.074,-0.006137,17,D,345,F,0.07753,11
-1.652,-0.3195,21,D,345,G,0.0462,9
0.3075,0.02125,15,D,345,H,0.3589,10
0.7969,0.04425,5,D,345,I,-0.2194,4
0.5328,0.03322,11,D,345,K,-0.09965,6
-0.6269,-0.06893,13,D,345,L,-0.03575,9
-0.6767,-0.0764,10,D,345,M,-0.04355,8
1.959,0.0695,13,D,345,N,-0.1716,6
-4.352,-3.047,11,D,345,P,-2.904,6
-1.091,-0.1542,14,D,345,Q,-0.4917,6
-1.28,-0.2009,6,D,345,R,-0.1176,6
2.418,0.07375,9,D,345,S,0.23,4
-1.183,-0.1758,16,D,345,T,-0.03935,11
-0.9868,-0.1317,11,D,345,V,-0.3563,4
0.4665,0.02997,14,D,345,W,0.03507,9
-1.423,-0.242,9,D,345,Y,-0.321,4
-1.001,-0.1346,4,V,346,-,,
-0.1522,-0.01312,9,V,346,A,0.5485,5
-0.9886,-0.132,19,V,346,C,0.1626,9
-1.438,-0.2464,9,V,346,D,0.1652,7
1.599,0.0645,12,V,346,E,0.8643,4
-1.339,-0.2172,14,V,346,F,-0.5846,7
-2.457,-0.7478,12,V,346,G,-0.7598,10
-1.217,-0.1843,8,V,346,H,-0.02025,5
0.8518,0.04621,15,V,346,I,0.2077,10
-0.168,-0.01459,10,V,346,K,-0.2879,8
-1.345,-0.2188,15,V,346,L,0.006692,9
-0.7614,-0.08993,16,V,346,M,-0.3044,4
-1.889,-0.4179,16,V,346,N,-0.03945,11
-2.702,-0.94,9,V,346,P,-0.4294,6
0.5677,0.03485,8,V,346,Q,0.04839,5
-0.08127,-0.006764,13,V,346,R,-0.2223,6
-0.8208,-0.1001,10,V,346,S,-0.2798,8
-0.1352,-0.01156,7,V,346,T,-0.0555,4
0,0,,V,346,V,0,
1.087,0.05349,15,V,346,W,-0.3286,11
-0.5923,-0.06395,16,V,346,Y,-0.3473,9
-1.375,-0.2276,4,G,347,-,,
-1.972,-0.4576,9,G,347,A,-0.3298,6
-2.881,-1.101,12,G,347,C,-1.297,9
-0.4603,-0.0464,13,G,347,D,-0.09183,7
-0.3253,-0.03059,12,G,347,E,0.07165,6
-2.745,-0.9766,13,G,347,F,-0.7207,9
0,0,,G,347,G,0,
-1.121,-0.1611,12,G,347,H,-0.5332,6
-4.603,-3.428,8,G,347,I,-3.603,5
-1.876,-0.4121,14,G,347,K,-0.5448,10
-1.582,-0.2941,10,G,347,L,-0.1524,6
-1.54,-0.2795,11,G,347,M,-0.3313,8
-1.621,-0.3081,14,G,347,N,-0.4648,11
-4.534,-3.325,7,G,347,P,-2.804,5
-1.654,-0.3203,11,G,347,Q,0.5791,5
-2.483,-0.7666,13,G,347,R,-0.5324,6
-1.792,-0.3754,30,G,347,S,-0.6982,13
-3.029,-1.25,9,G,347,T,-1.308,6
-4.251,-2.891,15,G,347,V,-3.085,5
-3.513,-1.821,7,G,347,W,-1.674,5
-2.955,-1.174,12,G,347,Y,-1.37,10
-3.193,-1.427,5,H,348,-,,
0.8633,0.0466,10,H,348,A,0.03345,8
-0.2304,-0.02066,16,H,348,C,-0.2565,8
-0.7392,-0.08627,13,H,348,D,-0.1781,7
-0.4023,-0.03936,12,H,348,E,-0.2214,7
0.9699,0.05007,11,H,348,F,0.1601,5
2.713,0.07561,8,H,348,G,-0.4221,5
0,0,,H,348,H,0,
-2.061,-0.5029,11,H,348,I,-0.1625,7
3.152,0.07754,12,H,348,K,0.2213,9
0.672,0.03939,11,H,348,L,0.1188,8
-0.2429,-0.02191,14,H,348,M,0.2101,10
-0.8973,-0.114,12,H,348,N,0.3855,7
-9.408,-6.02,17,H,348,P,-5.946,4
-1.701,-0.3383,7,H,348,Q,-0.3036,6
-1.693,-0.3352,15,H,348,R,-0.06982,7
1.292,0.05857,8,H,348,S,0.3236,7
0.4682,0.03005,7,H,348,T,0.01191,5
0.7573,0.04277,11,H,348,V,0.1456,8
-0.6106,-0.06656,15,H,348,W,-0.2457,8
1.329,0.05939,18,H,348,Y,-0.5446,9
-8.443,-5.96,2,Y,349,*,,
-0.6335,-0.06991,3,Y,349,-,,
-3.735,-2.123,12,Y,349,A,-2.145,8
-4.273,-2.925,22,Y,349,C,-2.891,6
-9.4,-6.019,3,Y,349,D,-6,3
-8.826,-5.99,13,Y,349,E,-6,6
1.599,0.0645,13,Y,349,F,0.03701,7
-9.088,-6.006,13,Y,349,G,-6,8
-3.067,-1.289,13,Y,349,H,-1.143,5
-3.619,-1.962,12,Y,349,I,-2.029,8
-8.856,-5.992,9,Y,349,K,-6,6
-3.534,-1.848,13,Y,349,L,-1.734,10
-1.975,-0.4587,14,Y,349,M,-0.6362,9
-4.917,-3.886,15,Y,349,N,-3.297,8
-5.455,-4.571,17,Y,349,P,-4.375,11
-10.59,-6.045,8,Y,349,Q,-6,6
-7.562,-5.827,7,Y,349,R,-6,4
-6.028,-5.12,19,Y,349,S,-4.639,6
-5.052,-4.072,10,Y,349,T,-4.285,5
-3.533,-1.847,7,Y,349,V,-1.843,5
2.209,0.07204,12,Y,349,W,0.1623,9
0,0,,Y,349,Y,0,
-0.6122,-0.06681,2,V,350,-,,
-1.85,-0.4005,11,V,350,A,-0.3462,9
-1.971,-0.4569,13,V,350,C,0.06857,8
-3.003,-1.223,8,V,350,D,-0.8575,5
-1.435,-0.2454,8,V,350,E,0.1037,4
-0.7801,-0.09306,12,V,350,F,-0.4117,9
-3.721,-2.103,6,V,350,G,-2.301,3
-2.699,-0.9376,4,V,350,H,-0.8958,1
0.1507,0.01121,10,V,350,I,-0.1716,6
-0.1945,-0.01712,6,V,350,K,-0.03828,5
-1.767,-0.3648,24,V,350,L,-0.05532,12
-0.2353,-0.02115,17,V,350,M,0.002145,10
-0.9999,-0.1344,10,V,350,N,-0.7355,4
-8.924,-5.996,10,V,350,P,-6,8
-0.03844,-0.003134,10,V,350,Q,0.4179,6
-1.885,-0.4162,6,V,350,R,0.1204,5
-0.9887,-0.132,13,V,350,S,-0.1559,9
-1.05,-0.1449,9,V,350,T,0.2883,6
0,0,,V,350,V,0,
-2.83,-1.053,11,V,350,W,-0.8264,7
-0.9028,-0.1151,15,V,350,Y,-0.06355,10
-0.7778,-0.09267,3,A,351,-,,
0,0,,A,351,A,0,
-1.864,-0.4066,13,A,351,C,-0.5022,7
-2.507,-0.7847,13,A,351,D,-0.8285,8
-2.129,-0.5394,8,A,351,E,-0.2136,3
-0.4656,-0.04706,7,A,351,F,-0.3915,3
-0.6826,-0.0773,12,A,351,G,0.01915,11
-0.603,-0.06548,14,A,351,H,0.4161,5
-3.157,-1.387,16,A,351,I,-1.204,11
-3.157,-1.387,12,A,351,K,-1.721,5
-4.274,-2.927,13,A,351,L,-2.839,9
-2.894,-1.114,10,A,351,M,-1.064,8
-2.728,-0.9624,9,A,351,N,-0.1088,5
0.8592,0.04646,6,A,351,P,0.01275,2
-2.103,-0.5254,14,A,351,Q,-0.669,8
-3.776,-2.182,10,A,351,R,-1.975,6
-0.5251,-0.05474,11,A,351,S,0.1099,6
-2.549,-0.8159,27,A,351,T,-0.7531,11
-2.535,-0.8055,20,A,351,V,-0.8135,7
0.392,0.02605,20,A,351,W,0.07282,13
-0.6396,-0.0708,12,A,351,Y,-0.004775,7
-0.06068,-0.005,2,D,352,-,,
-3.207,-1.444,12,D,352,A,-1.51,7
-3.07,-1.292,14,D,352,C,-1.173,9
0,0,,D,352,D,0,
-2.489,-0.7711,8,D,352,E,-0.3812,5
-3.66,-2.018,16,D,352,F,-1.84,11
-3.214,-1.452,7,D,352,G,-1.112,2
-3.402,-1.678,12,D,352,H,-1.574,9
-3.403,-1.679,9,D,352,I,-1.541,7
-3.471,-1.767,7,D,352,K,-2.128,6
-2.19,-0.5748,11,D,352,L,-0.4982,9
-2.627,-0.8776,21,D,352,M,-0.7587,14
-1.825,-0.3895,37,D,352,N,-0.3599,18
-8.777,-5.987,4,D,352,P,-5.256,2
-2.481,-0.765,8,D,352,Q,-0.8584,7
-4.096,-2.655,14,D,352,R,-2.74,8
-2.641,-0.889,19,D,352,S,-0.9516,11
0.6791,0.03968,7,D,352,T,0.2939,5
-2.938,-1.157,13,D,352,V,-1.364,5
-4.338,-3.025,13,D,352,W,-3.048,10
-3.37,-1.639,16,D,352,Y,-1.696,8
-0.5108,-0.05285,2,T,353,-,,
-2.177,-0.5671,26,T,353,A,-0.4369,13
-2.054,-0.4988,13,T,353,C,0.0406,7
-2.097,-0.5222,7,T,353,D,-0.4734,6
-2.772,-1.001,9,T,353,E,-0.8677,9
-3.727,-2.112,15,T,353,F,-1.944,6
-1.826,-0.39,16,T,353,G,-0.3068,12
3.675,0.07897,13,T,353,H,0.2314,10
-3.055,-1.276,25,T,353,I,-1.132,11
-3.402,-1.678,17,T,353,K,-1.462,14
-2.755,-0.9854,12,T,353,L,-0.8133,6
-2.718,-0.9534,14,T,353,M,-0.8888,7
-0.8588,-0.1069,12,T,353,N,0.1778,9
-7.855,-5.884,16,T,353,P,-6,7
-0.8264,-0.1011,11,T,353,Q,-0.03424,6
-2.285,-0.6321,16,T,353,R,-0.3469,10
0.04076,0.003196,9,T,353,S,0.4584,4
0,0,,T,353,T,0,
-3.395,-1.67,9,T,353,V,-1.322,5
-3.432,-1.716,10,T,353,W,-1.761,7
-2.826,-1.05,7,T,353,Y,-1.801,2
-3.384,-1.656,3,E,354,*,,
-1.49,-0.2628,3,E,354,-,,
-0.08304,-0.006917,13,E,354,A,0.05594,8
-0.8679,-0.1085,16,E,354,C,-0.2186,9
-0.02792,-0.002264,20,E,354,D,0.2948,8
0,0,,E,354,E,0,
-1.044,-0.1438,17,E,354,F,-0.01457,6
-1.254,-0.1938,17,E,354,G,6.75e-05,8
0.47,0.03014,10,E,354,H,0.5928,6
-0.3826,-0.03705,22,E,354,I,0.1453,13
0.352,0.02383,15,E,354,K,0.2409,6
-0.597,-0.06463,10,E,354,L,0.1255,7
-1.102,-0.1565,17,E,354,M,-0.1258,10
-0.4347,-0.04324,12,E,354,N,-0.1104,6
-1.144,-0.1665,13,E,354,P,-0.09612,9
1.213,0.05674,11,E,354,Q,0.1323,6
-0.4603,-0.0464,12,E,354,R,-0.0757,8
-1.181,-0.1754,17,E,354,S,0.1164,9
1.175,0.0558,12,E,354,T,0.3961,9
0.4136,0.02721,10,E,354,V,0.1707,7
-0.428,-0.04243,13,E,354,W,0.02547,8
-0.9007,-0.1147,10,E,354,Y,0.1155,4
-4.334,-3.019,4,L,355,-,,
-1.763,-0.363,13,L,355,A,-0.4183,6
-2.267,-0.6207,10,L,355,C,-0.6274,6
0.4591,0.02959,11,L,355,D,-0.248,8
-1.356,-0.2219,11,L,355,E,-0.00778,5
0.1505,0.0112,16,L,355,F,0.1946,10
-0.3991,-0.03898,12,L,355,G,0.359,5
1.845,0.0681,16,L,355,H,0.2016,10
-0.5919,-0.06389,10,L,355,I,-0.03299,9
-0.3768,-0.03639,13,L,355,K,-0.1159,7
0,0,,L,355,L,0,
-0.8509,-0.1055,17,L,355,M,-0.1435,13
-0.8106,-0.0983,14,L,355,N,0.07384,6
-2.405,-0.7112,13,L,355,P,-0.5193,11
-0.8203,-0.1,19,L,355,Q,-0.3207,6
0.6083,0.03667,5,L,355,R,0.351,3
-1.252,-0.1934,11,L,355,S,-0.3887,6
-1.373,-0.2269,7,L,355,T,-0.866,4
-0.8345,-0.1025,12,L,355,V,-0.2379,6
-1.659,-0.3221,7,L,355,W,0.3287,4
2.017,0.07015,15,L,355,Y,0.6564,11
-1.702,-0.3386,3,G,356,-,,
-2.745,-0.977,9,G,356,A,-0.2482,1
-2.952,-1.17,20,G,356,C,-1.106,15
-9.262,-6.014,30,G,356,D,-6,9
-7.78,-5.871,8,G,356,E,-6,3
-3.822,-2.248,11,G,356,F,-2.147,9
0,0,,G,356,G,0,
-4.879,-3.833,18,G,356,H,-4.428,10
-7.129,-5.71,22,G,356,I,-4.931,18
-7.619,-5.84,15,G,356,K,-3.83,9
-3.582,-1.913,22,G,356,L,-1.837,18
-2.856,-1.078,16,G,356,M,-1.369,6
-4.398,-3.117,16,G,356,N,-2.858,10
-8.037,-5.912,9,G,356,P,-6,6
-5.383,-4.488,4,G,356,Q,-4.031,2
-3.238,-1.479,17,G,356,R,-1.598,12
-2.694,-0.9329,17,G,356,S,-1.212,7
-3.673,-2.037,7,G,356,T,-2.063,5
-4.424,-3.156,21,G,356,V,-2.8,7
-4.264,-2.911,11,G,356,W,-2.324,5
-3.847,-2.284,19,G,356,Y,-2.423,11
-6.397,-5.377,2,K,357,*,,
-0.2895,-0.02674,2,K,357,-,,
-0.06178,-0.005093,12,K,357,A,0.2301,9
-1.359,-0.2228,13,K,357,C,0.03833,9
-1.391,-0.2322,13,K,357,D,0.06491,9
-0.1719,-0.01497,14,K,357,E,-0.225,6
-0.9704,-0.1283,17,K,357,F,-0.2083,12
-1.818,-0.3864,15,K,357,G,-0.7273,10
-0.6059,-0.0659,15,K,357,H,-0.02881,13
1.608,0.06465,12,K,357,I,0.1347,10
0,0,,K,357,K,0,
-1.107,-0.1577,11,K,357,L,-0.2997,7
0.003929,0.0003135,16,K,357,M,-0.03231,7
-1.712,-0.3427,8,K,357,N,-0.313,6
-4.726,-3.611,11,K,357,P,-4.01,7
0.1085,0.008236,14,K,357,Q,-0.6672,3
-0.561,-0.0596,18,K,357,R,0.05061,11
-1.978,-0.4601,11,K,357,S,0.1897,7
0.1601,0.01186,16,K,357,T,-0.0883,10
-0.1343,-0.01147,10,K,357,V,0.3105,8
0.9233,0.0486,13,K,357,W,0.162,11
-1.131,-0.1634,11,K,357,Y,0.2744,7
-3.797,-2.212,3,P,358,-,,
-1.583,-0.2944,6,P,358,A,-0.6191,4
1.197,0.05635,10,P,358,C,0.6674,7
-0.5904,-0.06369,10,P,358,D,-0.4098,5
-2.208,-0.585,6,P,358,E,-0.1735,5
0.1997,0.01451,16,P,358,F,-0.1244,10
-2.099,-0.523,12,P,358,G,-0.1279,9
-0.289,-0.02669,9,P,358,H,-0.02921,5
0.4417,0.02869,17,P,358,I,0.1703,6
-0.6498,-0.07232,17,P,358,K,-0.1069,10
-0.01018,-0.0008188,12,P,358,L,-0.0514,7
0.5168,0.03245,11,P,358,M,-0.02492,8
-0.4627,-0.04669,13,P,358,N,0.1801,9
0,0,,P,358,P,0,
0.2094,0.01515,11,P,358,Q,-0.253,7
2.099,0.071,9,P,358,R,0.4947,5
1.285,0.05841,21,P,358,S,0.1273,10
-0.6365,-0.07034,12,P,358,T,-0.02622,8
1.806,0.06759,5,P,358,V,0.6142,2
-0.9986,-0.1341,14,P,358,W,0.1358,8
3.265,0.07792,13,P,358,Y,0.277,10
-3.771,-2.174,3,D,359,-,,
-2.395,-0.7049,11,D,359,A,-0.7316,7
-2.026,-0.4847,10,D,359,C,-0.7419,4
0,0,,D,359,D,0,
-2.51,-0.7865,7,D,359,E,-0.5621,6
0.2033,0.01475,11,D,359,F,-0.1858,5
-2.549,-0.8161,19,D,359,G,-0.7792,9
-2.638,-0.8866,14,D,359,H,-0.8152,10
-2.534,-0.805,6,D,359,I,-0.7773,6
-2.627,-0.8774,7,D,359,K,-0.9959,3
-2.857,-1.078,5,D,359,L,-0.9583,4
-2.041,-0.4921,14,D,359,M,-0.9284,9
-1.917,-0.4309,23,D,359,N,-0.4785,4
-3.109,-1.334,10,D,359,P,-1.347,4
-1.89,-0.4185,8,D,359,Q,-0.9869,3
-2.431,-0.7298,11,D,359,R,-0.8412,8
-0.8433,-0.1041,10,D,359,S,-0.6988,6
-1.885,-0.4162,10,D,359,T,-0.1348,6
-2.872,-1.093,9,D,359,V,-1.053,4
-1.952,-0.4478,12,D,359,W,-0.9861,7
-2.096,-0.5216,17,D,359,Y,-0.9645,11
-0.7236,-0.08375,2,A,360,-,,
0,0,,A,360,A,0,
-1.629,-0.311,15,A,360,C,-0.1568,9
-4.6,-3.423,10,A,360,D,-3.449,3
-1.416,-0.2398,11,A,360,E,-0.183,8
-4.682,-3.547,14,A,360,F,-3.545,10
-3.224,-1.463,9,A,360,G,-1.47,6
-4.787,-3.701,11,A,360,H,-4,6
-2.717,-0.9531,11,A,360,I,-1.186,8
-3.186,-1.42,6,A,360,K,-1.311,5
-4.099,-2.66,13,A,360,L,-2.496,8
1.327,0.05933,14,A,360,M,0.2215,11
-4.729,-3.617,9,A,360,N,-3.411,6
-5.518,-4.64,19,A,360,P,-4.438,10
-1.956,-0.4497,16,A,360,Q,-0.4591,8
-1.959,-0.4508,10,A,360,R,-0.9242,3
-2.161,-0.558,14,A,360,S,-0.684,7
-2.208,-0.5851,13,A,360,T,-0.6905,7
-0.9233,-0.119,31,A,360,V,-0.1322,13
-5.155,-4.208,12,A,360,W,-4.162,8
-4.321,-2.999,9,A,360,Y,-3.536,5
0.3752,0.02512,2,D,361,-,,
1.319,0.05916,12,D,361,A,0.2013,8
-1.865,-0.4069,11,D,361,C,-0.5651,9
0,0,,D,361,D,0,
-0.2761,-0.02533,16,D,361,E,-0.0168,9
-1.542,-0.2803,11,D,361,F,-0.001371,5
-2.369,-0.687,16,D,361,G,-1.29,7
-1.113,-0.1592,17,D,361,H,0.0883,8
1.107,0.05402,15,D,361,I,-0.2957,9
-0.5384,-0.05652,10,D,361,K,0.04793,5
-0.532,-0.05566,13,D,361,L,-0.2204,8
0.7638,0.04302,9,D,361,M,-0.3728,4
-1.263,-0.1963,30,D,361,N,0.1605,10
-4.429,-3.164,7,D,361,P,-2.816,3
-0.9425,-0.1227,14,D,361,Q,0.2158,9
-1.523,-0.2739,8,D,361,R,0.1944,5
-0.5528,-0.05847,7,D,361,S,-0.04716,5
-0.276,-0.02532,10,D,361,T,0.1939,7
-1.765,-0.364,6,D,361,V,0.2514,5
-1.428,-0.2434,17,D,361,W,-0.06378,12
-0.3957,-0.03858,13,D,361,Y,0.003163,7
-6.204,-5.252,2,Y,362,*,,
-0.5586,-0.05926,2,Y,362,-,,
-0.3045,-0.02834,6,Y,362,A,-0.5289,4
-1.255,-0.1943,15,Y,362,C,-0.6827,8
-2.362,-0.682,10,Y,362,D,-0.9072,7
-2.567,-0.8305,7,Y,362,E,0.2092,3
-0.7882,-0.09444,19,Y,362,F,0.27,13
-1.273,-0.199,11,Y,362,G,-0.4781,7
-0.8315,-0.102,17,Y,362,H,-0.257,8
-1.922,-0.4333,6,Y,362,I,-0.0485,4
0.7997,0.04436,8,Y,362,K,0.2292,3
-0.634,-0.06998,11,Y,362,L,0.07399,7
-0.8307,-0.1018,20,Y,362,M,-0.179,16
-1.661,-0.3228,17,Y,362,N,-0.7027,11
-5.67,-4.8,11,Y,362,P,-4.454,9
-1.24,-0.1904,10,Y,362,Q,-0.06053,5
-1.217,-0.1845,10,Y,362,R,-0.5144,7
-1.926,-0.4351,15,Y,362,S,-0.3559,5
-1.739,-0.3534,9,Y,362,T,-0.4717,7
-1.972,-0.4575,15,Y,362,V,-0.4198,11
-0.4376,-0.04359,13,Y,362,W,0.01565,8
0,0,,Y,362,Y,0,
-9.057,-6.004,59,W,363,*,-6,8
0.1238,0.009325,2,W,363,-,,
-3.086,-1.309,16,W,363,A,-1.56,10
-3.729,-2.115,23,W,363,C,-1.927,8
-6.995,-5.664,15,W,363,D,-6,12
-7.164,-5.721,21,W,363,E,-6,13
-2.298,-0.6407,16,W,363,F,-0.5,11
-4.284,-2.942,8,W,363,G,-2.454,3
-3.538,-1.853,10,W,363,H,-1.665,8
-3.85,-2.288,12,W,363,I,-2.274,11
-3.96,-2.45,4,W,363,K,-2.45,3
-2.314,-0.6509,17,W,363,L,-1.09,7
-3.167,-1.399,8,W,363,M,-0.9493,4
-6.576,-5.478,9,W,363,N,-5.398,6
-7.847,-5.883,14,W,363,P,-6,9
-4.104,-2.667,8,W,363,Q,-2.698,7
-3.473,-1.769,22,W,363,R,-1.467,13
-4.302,-2.97,10,W,363,S,-3.005,6
-6.021,-5.114,12,W,363,T,-5.067,10
-4.397,-3.115,12,W,363,V,-2.851,7
0,0,,W,363,W,0,
-2.57,-0.8327,6,W,363,Y,-0.7927,4
-0.2976,-0.0276,2,N,364,-,,
-3.949,-2.434,16,N,364,A,-2.384,11
-5.187,-4.249,3,N,364,C,-3.866,3
-2.172,-0.5642,10,N,364,D,-0.5532,7
-1.426,-0.2429,11,N,364,E,-0.04195,4
-5.195,-4.259,9,N,364,F,-4.257,6
-4.11,-2.676,9,N,364,G,-2.439,7
-4.643,-3.488,8,N,364,H,-3.522,7
-12.46,-6.055,8,N,364,I,-4.508,4
-4.875,-3.828,19,N,364,K,-3.914,14
-4.617,-3.449,18,N,364,L,-3.25,11
-4.157,-2.748,13,N,364,M,-2.636,10
0,0,,N,364,N,0,
-10.29,-6.041,11,N,364,P,-6,9
-4.187,-2.793,11,N,364,Q,-2.785,7
-4.911,-3.877,9,N,364,R,-3.707,5
-2.9,-1.12,22,N,364,S,-1.21,8
-4.044,-2.576,7,N,364,T,-2.697,4
-5.191,-4.253,6,N,364,V,-4.521,6
-4.666,-3.523,10,N,364,W,-2.815,5
-5.146,-4.196,19,N,364,Y,-4.249,10
0.2704,0.01901,9,S,365,A,-0.07271,5
-1.555,-0.2847,16,S,365,C,-0.2936,12
-1.707,-0.3405,9,S,365,D,-0.3631,7
-0.8042,-0.09719,14,S,365,E,-0.5577,6
-1.543,-0.2808,13,S,365,F,-0.2761,10
0.1222,0.009211,21,S,365,G,-0.06642,11
-1.671,-0.3265,5,S,365,H,-0.07398,3
-2.529,-0.8012,11,S,365,I,-0.7221,3
-0.7617,-0.08997,12,S,365,K,0.09221,6
-1.632,-0.312,24,S,365,L,-0.3253,17
-0.1937,-0.01705,11,S,365,M,0.1783,4
-0.5237,-0.05455,21,S,365,N,-0.007181,3
-4.37,-3.074,11,S,365,P,-3.142,7
-1.683,-0.3313,10,S,365,Q,0.1011,5
-0.6533,-0.07285,26,S,365,R,0.1756,13
0,0,,S,365,S,0,
-1.531,-0.2764,16,S,365,T,-0.1567,10
-1.605,-0.3021,14,S,365,V,-0.3469,7
-2.745,-0.977,11,S,365,W,-1.282,5
-1.909,-0.427,31,S,365,Y,-0.3784,17
-14.01,-6.057,5,Q,366,*,,
-1.378,-0.2284,10,Q,366,A,-0.2386,6
4.857,0.08041,11,Q,366,C,-0.5701,6
-0.4589,-0.04622,3,Q,366,D,,
-0.4097,-0.04023,9,Q,366,E,0.1007,5
-0.1907,-0.01676,17,Q,366,F,-0.08713,10
-1.556,-0.2852,7,Q,366,G,-0.552,2
0.298,0.02068,18,Q,366,H,-0.05403,6
0.3128,0.02156,15,Q,366,I,-0.00547,10
-0.3151,-0.02949,19,Q,366,K,-0.1238,12
0.8882,0.04745,15,Q,366,L,-0.06385,6
0.3206,0.02202,13,Q,366,M,-0.04878,10
-0.5422,-0.05702,13,Q,366,N,-0.1203,8
-3.704,-2.079,20,Q,366,P,-2.054,15
0,0,,Q,366,Q,0,
-0.4138,-0.04072,10,Q,366,R,-0.7213,5
0.7054,0.04075,13,Q,366,S,-0.38,10
-2.047,-0.4952,8,Q,366,T,-0.3572,8
0.3123,0.02153,8,Q,366,V,-0.4279,5
0.3971,0.02633,15,Q,366,W,0.1033,8
-2.223,-0.5941,11,Q,366,Y,-0.4034,6
-1.507,-0.2685,6,P,367,A,-0.5805,3
-1.45,-0.2502,9,P,367,C,-0.471,4
-1.701,-0.3384,8,P,367,D,-0.005542,3
-1.497,-0.2652,5,P,367,E,-0.4033,3
-0.227,-0.02031,11,P,367,F,-0.2001,6
-2.062,-0.5034,9,P,367,G,-0.2996,8
-0.5599,-0.05944,7,P,367,H,-0.4099,5
-1.177,-0.1742,13,P,367,I,-0.5179,7
-0.2362,-0.02123,9,P,367,K,-0.5519,4
-0.9848,-0.1312,6,P,367,L,-0.5242,4
-1.424,-0.242,8,P,367,M,-0.4662,7
-0.7997,-0.0964,6,P,367,N,0.01131,4
0,0,,P,367,P,0,
-1.067,-0.1488,13,P,367,Q,-0.3161,9
-1.358,-0.2225,9,P,367,R,-0.5519,3
-0.1413,-0.01212,12,P,367,S,-0.2958,4
-1.39,-0.2319,6,P,367,T,-0.1925,3
-0.7257,-0.0841,5,P,367,V,-0.3995,2
-2.444,-0.7387,14,P,367,W,-0.8556,10
-1.448,-0.2496,5,P,367,Y,0.00715,4
-8.937,-5.997,4,E,368,*,,
0.2513,0.01783,1,E,368,-,,
0.6886,0.04007,6,E,368,A,-0.4984,2
0.2123,0.01534,1,E,368,C,,
-0.8705,-0.109,12,E,368,D,0.4583,3
0,0,,E,368,E,0,
0.2708,0.01903,7,E,368,F,0.03422,5
1.47,0.06222,12,E,368,G,0.1062,3
0.6752,0.03952,5,E,368,H,0.1397,3
-0.7593,-0.08958,8,E,368,I,-0.6068,3
0.2741,0.01924,24,E,368,K,0.5622,8
-1.055,-0.1462,6,E,368,L,-0.4417,5
0.2141,0.01545,9,E,368,M,0.1022,5
-1.115,-0.1597,6,E,368,N,-0.2964,3
-2.32,-0.6543,2,E,368,P,-0.7153,1
-0.1891,-0.0166,6,E,368,Q,-0.09115,2
-1.396,-0.2336,5,E,368,R,-0.13,3
-1.389,-0.2315,6,E,368,S,-0.2826,4
1.203,0.05649,10,E,368,T,0.2881,8
-0.8242,-0.1007,13,E,368,V,-0.4432,6
3.05,0.07717,6,E,368,W,-0.1622,2
2.234,0.07226,6,E,368,Y,0.086,2
-21.18,-6.057,5,E,369,*,,
-0.4407,-0.04397,1,E,369,-,,
-2.686,-0.9265,7,E,369,A,-0.711,2
-1.69,-0.3341,9,E,369,C,-0.4835,6
-0.9568,-0.1256,13,E,369,D,-0.2809,9
0,0,,E,369,E,0,
-1.065,-0.1483,4,E,369,F,-0.07388,3
-2.07,-0.5073,9,E,369,G,-0.7779,8
-2.708,-0.9451,5,E,369,H,-0.9908,3
0.878,0.0471,9,E,369,I,-0.2473,4
-1.423,-0.2418,84,E,369,K,-0.7974,11
-1.904,-0.4251,6,E,369,L,-0.6858,3
-2.693,-0.9324,4,E,369,M,-0.9377,4
-1.582,-0.2942,11,E,369,N,-0.2658,9
-3.242,-1.485,5,E,369,P,-1.466,4
-2.524,-0.7974,4,E,369,Q,-0.8488,4
-2.003,-0.4726,4,E,369,R,-0.3698,2
-1.45,-0.2504,4,E,369,S,-0.6367,3
-1.235,-0.1889,5,E,369,T,-0.5948,1
-1.366,-0.2247,8,E,369,V,-0.1812,4
-2.207,-0.5845,10,E,369,W,-0.3639,9
0.4222,0.02767,10,E,369,Y,-0.3184,8
-3.93,-2.406,1,K,370,*,,
0.1487,0.01107,1,K,370,-,,
-0.0369,-0.003005,9,K,370,A,0.2929,7
-1.23,-0.1876,7,K,370,C,-0.4076,2
-1.833,-0.3931,7,K,370,D,-0.314,6
-0.3472,-0.03301,14,K,370,E,0.1472,8
-1.88,-0.4138,6,K,370,F,-0.1606,6
-0.9893,-0.1322,14,K,370,G,-0.243,7
-0.8579,-0.1067,8,K,370,H,0.1152,5
-2.163,-0.5588,9,K,370,I,-0.3903,6
0,0,,K,370,K,0,
-2.167,-0.5609,10,K,370,L,-0.7165,7
-1.597,-0.2994,8,K,370,M,0.2416,4
-1.795,-0.3765,8,K,370,N,-0.317,6
-0.8165,-0.09933,10,K,370,P,0.2524,6
-1.605,-0.3022,15,K,370,Q,-0.3919,11
-1.413,-0.2387,12,K,370,R,0.1487,8
0.8297,0.04543,11,K,370,S,-0.07211,6
-0.2247,-0.02009,14,K,370,T,-0.08428,8
-0.5161,-0.05355,6,K,370,V,-0.4616,1
-2.169,-0.5622,8,K,370,W,-0.9857,5
0.2048,0.01485,9,K,370,Y,0.1063,6
-7.567,-5.828,10,E,371,*,-6,1
-0.4601,-0.04637,1,E,371,-,,
-0.6096,-0.06643,18,E,371,A,-0.5093,11
-2.07,-0.5072,14,E,371,C,-0.1938,10
-0.7236,-0.08376,10,E,371,D,0.3281,6
0,0,,E,371,E,0,
-1.943,-0.4433,8,E,371,F,-0.3228,4
-0.7395,-0.08633,13,E,371,G,0.0886,6
-1.082,-0.1522,9,E,371,H,-0.3012,7
-1.372,-0.2267,8,E,371,I,-0.1986,4
-0.9061,-0.1157,53,E,371,K,-0.2556,14
-1.901,-0.4236,11,E,371,L,-0.2678,7
0.1368,0.01024,15,E,371,M,-0.298,9
-1.603,-0.3017,8,E,371,N,0.06904,3
-1.66,-0.3226,7,E,371,P,-0.3716,6
-1.274,-0.1992,8,E,371,Q,0.3604,5
-1.006,-0.1357,9,E,371,R,-0.1784,7
-1.5,-0.2663,8,E,371,S,-0.2742,8
-0.5674,-0.06047,11,E,371,T,-0.1956,8
-1.776,-0.3686,13,E,371,V,-0.5559,4
-0.9673,-0.1277,10,E,371,W,-0.1531,7
-0.8941,-0.1134,9,E,371,Y,-0.4663,5
-3.647,-2.001,1,R,372,*,,
-0.5808,-0.06234,1,R,372,-,,
-2.145,-0.5489,8,R,372,A,-0.3787,6
-3.009,-1.229,10,R,372,C,-0.7612,6
-1.852,-0.4013,11,R,372,D,-0.6029,7
-1.834,-0.3933,4,R,372,E,-1.103,1
1.788,0.06734,6,R,372,F,-0.4175,3
-2.719,-0.9547,9,R,372,G,-0.8162,4
-2.072,-0.5088,11,R,372,H,-0.2734,8
-2.49,-0.772,15,R,372,I,-1.019,8
-0.2991,-0.02775,10,R,372,K,-0.1821,5
-2.116,-0.5322,16,R,372,L,-0.2106,11
-2.389,-0.7006,5,R,372,M,-0.5965,4
-2.344,-0.67,6,R,372,N,-0.9132,4
-2.406,-0.712,5,R,372,P,-1.132,2
-1.976,-0.4595,21,R,372,Q,-0.5131,6
0,0,,R,372,R,0,
-2.206,-0.5838,7,R,372,S,-0.6091,6
-3.346,-1.609,4,R,372,T,-0.3336,2
-2.892,-1.112,2,R,372,V,-1.604,1
-2.638,-0.8865,20,R,372,W,-0.9631,8
-0.7205,-0.08325,8,R,372,Y,-0.6098,6
-0.7719,-0.09169,1,V,373,-,,
-0.8233,-0.1005,18,V,373,A,-0.2204,14
-2.156,-0.5546,10,V,373,C,-0.5096,5
0.1293,0.009716,16,V,373,D,-0.6399,10
1.851,0.06818,6,V,373,E,0.2955,3
0.4186,0.02748,7,V,373,F,0.506,6
-2.224,-0.5949,9,V,373,G,-0.3669,4
1.359,0.06002,16,V,373,H,0.2108,11
1.184,0.05601,14,V,373,I,0.1648,11
-2.692,-0.9318,8,V,373,K,-1.622,5
1.208,0.05662,14,V,373,L,-0.3832,8
2.667,0.07535,10,V,373,M,0.2097,6
-2.415,-0.7184,10,V,373,N,-0.5985,8
-2.673,-0.9153,22,V,373,P,-0.7658,18
-0.8122,-0.09857,7,V,373,Q,-0.03786,5
-2.272,-0.6239,9,V,373,R,-1.065,7
-2.057,-0.5007,16,V,373,S,-0.5775,13
-1.018,-0.1381,15,V,373,T,0.2028,8
0,0,,V,373,V,0,
0.1183,0.008934,5,V,373,W,0.4964,4
1.383,0.06051,5,V,373,Y,0.2407,4
-8.037,-5.912,3,R,374,*,,
0.236,0.01686,2,R,374,-,,
-0.771,-0.09152,6,R,374,A,0.0431,2
-1.01,-0.1364,9,R,374,C,0.2398,7
-1.913,-0.429,7,R,374,D,-0.5331,5
0.829,0.04541,9,R,374,E,0.1583,7
-0.8152,-0.09911,10,R,374,F,-0.1694,8
-1.085,-0.1528,8,R,374,G,-0.5722,3
-0.3854,-0.03738,16,R,374,H,0.1536,13
-0.01536,-0.001237,15,R,374,I,0.1152,8
0.7024,0.04063,15,R,374,K,-0.4713,6
-0.9496,-0.1241,18,R,374,L,-0.1172,9
-0.2,-0.01766,13,R,374,M,0.4059,8
-1.865,-0.407,13,R,374,N,0.1166,8
-1.969,-0.4558,18,R,374,P,-0.4358,11
1.533,0.06338,10,R,374,Q,-0.1574,7
0,0,,R,374,R,0,
-0.7549,-0.08885,15,R,374,S,-0.04031,8
-0.1219,-0.01035,9,R,374,T,0.2591,6
-1.3,-0.2062,12,R,374,V,-0.09892,8
-0.3505,-0.03339,9,R,374,W,0.9481,6
-0.5043,-0.052,18,R,374,Y,0.09372,13
0.1246,0.009387,3,A,375,-,,
0,0,,A,375,A,0,
-0.2096,-0.0186,14,A,375,C,0.2611,7
1.275,0.05819,4,A,375,D,0.1189,4
-0.5317,-0.05562,12,A,375,E,-0.04837,8
-1.297,-0.2053,12,A,375,F,0.02195,9
1.451,0.06186,12,A,375,G,0.2549,9
0.4314,0.02816,17,A,375,H,-0.1291,10
0.8822,0.04725,5,A,375,I,-0.12,5
-0.3496,-0.03329,8,A,375,K,-0.674,2
1.154,0.05525,8,A,375,L,-0.1436,5
-0.8232,-0.1005,7,A,375,M,0.3692,4
-1.407,-0.2371,10,A,375,N,0.2662,9
-2.946,-1.165,16,A,375,P,-1.177,7
0.2684,0.01889,8,A,375,Q,0.2699,5
-1.541,-0.2801,7,A,375,R,0.1462,4
0.7625,0.04297,19,A,375,S,-0.1258,8
-0.144,-0.01237,16,A,375,T,0.4527,7
0.0997,0.007599,21,A,375,V,0.5145,5
-1.372,-0.2265,9,A,375,W,0.0359,4
1.747,0.06677,9,A,375,Y,0.4478,7
-8.707,-5.982,4,E,376,*,,
-0.5811,-0.06238,4,E,376,-,,
-2.491,-0.7725,15,E,376,A,-0.9857,8
-2.588,-0.8464,9,E,376,C,-1.035,4
-1.744,-0.3555,21,E,376,D,-0.5279,10
0,0,,E,376,E,0,
-2.285,-0.632,9,E,376,F,-0.7634,6
-2.031,-0.4869,10,E,376,G,-0.1031,5
-1.704,-0.3393,13,E,376,H,-0.4878,6
-3.153,-1.383,8,E,376,I,-1.273,7
-3.133,-1.361,24,E,376,K,-1.111,9
-2.551,-0.818,10,E,376,L,-0.9476,9
-3.069,-1.291,10,E,376,M,-1.583,7
-2.825,-1.049,14,E,376,N,-1.143,11
-3.044,-1.265,10,E,376,P,-1.593,7
-2.655,-0.9006,15,E,376,Q,-1.148,9
-2.293,-0.6375,5,E,376,R,-0.7927,4
-1.441,-0.2475,9,E,376,S,-0.4493,5
-2.33,-0.6611,6,E,376,T,-1.465,4
-2.388,-0.6997,11,E,376,V,-0.7883,7
-2.951,-1.17,15,E,376,W,-1.275,7
-2.84,-1.063,9,E,376,Y,-1.128,6
-0.1046,-0.008806,5,I,377,-,,
0.3545,0.02397,16,I,377,A,0.2613,7
-0.01537,-0.001238,15,I,377,C,0.3107,10
-3.608,-1.948,10,I,377,D,-1.55,8
2.628,0.07513,16,I,377,E,-0.1143,11
0.2119,0.01531,11,I,377,F,0.5077,7
2.317,0.07297,10,I,377,G,0.4956,7
1.549,0.06366,6,I,377,H,-0.2364,3
0,0,,I,377,I,0,
0.5747,0.03516,7,I,377,K,0.08724,7
2.379,0.07345,12,I,377,L,0.4704,9
-1.581,-0.2937,5,I,377,M,-0.3166,4
-3.063,-1.285,17,I,377,N,-1.269,9
-2.498,-0.7781,10,I,377,P,-0.9039,8
2.249,0.0724,10,I,377,Q,0.275,8
1.699,0.06606,9,I,377,R,0.4958,8
2.256,0.07246,7,I,377,S,0.1446,5
0.7809,0.04366,14,I,377,T,0.6367,8
2.76,0.07586,12,I,377,V,-0.2428,4
2.083,0.07084,11,I,377,W,0.5114,10
1.618,0.06481,3,I,377,Y,-6,1
0.5737,0.03512,4,D,378,-,,
-0.5096,-0.0527,13,D,378,A,-0.2222,3
0.006052,0.0004822,8,D,378,C,-0.1081,6
0,0,,D,378,D,0,
0.7832,0.04375,7,D,378,E,-0.1843,4
0.7053,0.04074,12,D,378,F,0.2065,8
-0.6718,-0.07564,17,D,378,G,0.06907,4
-0.8558,-0.1063,14,D,378,H,0.1548,10
0.7366,0.04198,8,D,378,I,0.1193,6
-0.3136,-0.02931,12,D,378,K,0.1422,7
0.3208,0.02203,9,D,378,L,0.1039,6
-0.9033,-0.1152,6,D,378,M,0.2919,3
-0.3833,-0.03713,25,D,378,N,0.184,9
-1.779,-0.3699,5,D,378,P,-0.4234,2
1.063,0.05282,13,D,378,Q,0.09679,10
0.05954,0.004627,6,D,378,R,0.863,3
-0.6142,-0.06709,11,D,378,S,0.5159,5
-0.2959,-0.02742,15,D,378,T,0.09671,10
2.183,0.07181,7,D,378,V,0.4732,5
-1.11,-0.1584,8,D,378,W,0.2512,6
1.169,0.05565,15,D,378,Y,0.3289,10
-0.7614,-0.08992,3,T,379,-,,
3.076,0.07727,11,T,379,A,0.3288,3
-0.9961,-0.1336,11,T,379,C,0.193,6
-0.9172,-0.1178,8,T,379,D,-0.5873,5
0.198,0.0144,13,T,379,E,0.2435,10
0.3219,0.02209,8,T,379,F,0.02095,5
1.42,0.06127,5,T,379,G,0.1424,3
-0.494,-0.05067,11,T,379,H,0.292,7
-0.7175,-0.08279,13,T,379,I,0.4207,6
0.3051,0.0211,15,T,379,K,0.0899,11
-0.1188,-0.01008,10,T,379,L,-0.04543,6
-1.847,-0.3991,8,T,379,M,0.08125,3
0.716,0.04117,7,T,379,N,-0.00434,5
-2.407,-0.713,12,T,379,P,-0.6141,10
-0.154,-0.01329,12,T,379,Q,0.04254,8
0.2901,0.02021,14,T,379,R,-0.1247,8
2.227,0.0722,11,T,379,S,-0.4247,8
0,0,,T,379,T,0,
0.04175,0.003272,13,T,379,V,0.2079,5
-1.069,-0.1493,12,T,379,W,-0.1487,8
6.474,0.08093,7,T,379,Y,-0.1746,6
-1.27,-0.198,3,V,380,-,,
2.346,0.0732,13,V,380,A,0.1152,9
0.9513,0.04949,5,V,380,C,0.3888,5
-3.577,-1.906,11,V,380,D,-2.043,5
-2.148,-0.5502,7,V,380,E,0.2383,4
-1.553,-0.2839,6,V,380,F,-0.7208,3
-1.76,-0.3619,8,V,380,G,-0.7422,3
2.158,0.07158,15,V,380,H,0.4214,12
-2.625,-0.8759,10,V,380,I,-0.6108,7
2.408,0.07367,9,V,380,K,0.3285,5
-1.428,-0.2433,17,V,380,L,-0.5881,4
0.3354,0.02288,24,V,380,M,-0.2798,8
0.2452,0.01745,15,V,380,N,0.05173,9
-3.844,-2.279,13,V,380,P,-2.143,10
-0.5732,-0.06128,13,V,380,Q,0.1436,8
1.112,0.05415,10,V,380,R,-0.08759,4
-0.2468,-0.0223,13,V,380,S,0.1561,9
0.009805,0.0007804,10,V,380,T,-0.1765,5
0,0,,V,380,V,0,
-2.077,-0.5114,11,V,380,W,-0.6054,8
-2.075,-0.5103,11,V,380,Y,-0.3882,9
-4.828,-3.759,3,C,381,-,,
-4.274,-2.926,13,C,381,A,-2.689,9
0,0,,C,381,C,0,
-11.93,-6.054,15,C,381,D,-6,10
-8.016,-5.909,7,C,381,E,-6,6
-3.579,-1.908,15,C,381,F,-2.016,9
-5.712,-4.841,9,C,381,G,-4.838,6
-5.5,-4.621,9,C,381,H,-3.858,5
-2.885,-1.105,9,C,381,I,-0.8944,6
-4.762,-3.664,17,C,381,K,-3.658,10
-3.269,-1.516,11,C,381,L,-1.493,8
-3.155,-1.385,3,C,381,M,-0.9137,2
-6.029,-5.121,5,C,381,N,-4.569,3
-8.569,-5.971,12,C,381,P,-6,7
-4.984,-3.979,10,C,381,Q,-4.033,6
-4.783,-3.695,8,C,381,R,-4.131,5
-4.566,-3.373,10,C,381,S,-3.502,7
-4.307,-2.978,9,C,381,T,-3.017,7
-3.622,-1.967,5,C,381,V,-2.14,1
-4.581,-3.396,9,C,381,W,-3.614,5
-5.076,-4.104,37,C,381,Y,-3.66,11
-7.224,-5.74,1,R,382,*,,
-1.129,-0.1629,2,R,382,-,,
-0.538,-0.05646,10,R,382,A,0.3185,8
-1.636,-0.3137,13,R,382,C,-0.1302,5
-2.689,-0.9285,10,R,382,D,-0.748,9
-2.508,-0.7855,17,R,382,E,-0.8339,12
-2.11,-0.5289,17,R,382,F,-0.8009,14
-1.775,-0.368,13,R,382,G,-0.2599,6
-0.5266,-0.05494,12,R,382,H,-0.1982,9
-0.6712,-0.07555,19,R,382,I,0.2301,9
-0.1826,-0.01598,13,R,382,K,0.3979,6
-1.994,-0.4681,11,R,382,L,-0.5012,5
-0.6249,-0.06864,5,R,382,M,-0.0362,5
-0.1765,-0.0154,12,R,382,N,0.02531,10
-0.4229,-0.04181,12,R,382,P,0.3672,4
0.8091,0.0447,1,R,382,Q,0.4307,1
0,0,,R,382,R,0,
0.1544,0.01146,6,R,382,S,0.4531,3
-0.504,-0.05196,18,R,382,T,0.01964,7
1.017,0.05148,9,R,382,V,0.0103,6
-2.366,-0.6852,14,R,382,W,-0.5419,12
0.2052,0.01488,9,R,382,Y,0.09658,6
-0.6723,-0.07572,1,H,383,-,,
-1.606,-0.3027,13,H,383,A,-1.083,3
-2.61,-0.8641,13,H,383,C,-0.6726,8
-2.699,-0.9376,5,H,383,D,-1.429,1
-2.361,-0.6814,7,H,383,E,-0.8031,5
-0.4247,-0.04203,5,H,383,F,-0.2386,2
-2.381,-0.6952,13,H,383,G,-0.4777,9
0,0,,H,383,H,0,
-3.02,-1.24,7,H,383,I,-1.139,5
-2.727,-0.9611,9,H,383,K,-0.9241,7
-2.472,-0.759,13,H,383,L,-0.9112,9
-2.018,-0.4802,9,H,383,M,-1.382,5
-1.337,-0.2164,12,H,383,N,-0.469,4
-0.3296,-0.03107,13,H,383,P,-0.1741,9
-2.382,-0.6955,11,H,383,Q,-0.5911,4
-0.9194,-0.1182,22,H,383,R,-0.6372,4
-0.6736,-0.07592,8,H,383,S,-0.9396,3
-2.681,-0.9223,17,H,383,T,-0.7345,9
-2.253,-0.6125,12,H,383,V,-0.9072,7
-0.6297,-0.06935,11,H,383,W,-0.4915,7
-0.914,-0.1172,17,H,383,Y,-0.3551,6
-3.542,-1.859,2,N,384,-,,
-3.083,-1.306,10,N,384,A,-1.233,7
-3.384,-1.655,5,N,384,C,-1.46,4
0.2089,0.01511,12,N,384,D,0.6596,5
-3.165,-1.397,12,N,384,E,-1.294,6
-3.023,-1.242,10,N,384,F,-1.26,6
-2.487,-0.7699,7,N,384,G,-0.8367,4
-3.074,-1.297,16,N,384,H,-1.492,7
-3.686,-2.055,18,N,384,I,-1.633,13
-3.089,-1.313,11,N,384,K,-1.7,6
-2.763,-0.9931,11,N,384,L,-1.315,7
-3.118,-1.344,7,N,384,M,-1.433,5
0,0,,N,384,N,0,
-3.167,-1.399,14,N,384,P,-1.304,11
-3.441,-1.727,9,N,384,Q,-1.638,4
-4.189,-2.796,15,N,384,R,-3.149,8
-2.467,-0.7554,12,N,384,S,-0.67,6
-3.096,-1.32,9,N,384,T,-1.44,7
-3.8,-2.217,4,N,384,V,-1.799,3
-3.725,-2.11,9,N,384,W,-2.236,6
-3.549,-1.868,8,N,384,Y,-2.176,7
0.431,0.02813,3,Y,385,-,,
-2.438,-0.7344,8,Y,385,A,-0.4135,5
-2.151,-0.5523,14,Y,385,C,-0.5213,11
-2.559,-0.8238,10,Y,385,D,-0.85,5
-2.472,-0.7586,16,Y,385,E,-0.7933,13
0.1273,0.009578,16,Y,385,F,0.04811,6
-0.6474,-0.07196,11,Y,385,G,-0.6696,7
-0.9971,-0.1338,10,Y,385,H,-0.1945,4
-1.96,-0.4513,8,Y,385,I,-0.404,6
-2.52,-0.7942,7,Y,385,K,-0.769,5
-1.601,-0.3009,6,Y,385,L,-0.2537,5
-1.29,-0.2035,16,Y,385,M,-0.2189,11
-2.299,-0.641,11,Y,385,N,-0.5533,6
-2.986,-1.205,11,Y,385,P,-1.298,6
-2.254,-0.6129,10,Y,385,Q,-0.5832,7
-2.297,-0.6401,12,Y,385,R,-0.7909,8
-1.535,-0.278,11,Y,385,S,-0.6259,6
-2.352,-0.6755,12,Y,385,T,-0.7562,6
-1.971,-0.457,12,Y,385,V,-0.7281,8
-0.7143,-0.08226,11,Y,385,W,0.3056,5
0,0,,Y,385,Y,0,
0.1973,0.01435,1,F,386,-,,
-2.934,-1.153,12,F,386,A,-1.265,9
-2.597,-0.8533,9,F,386,C,-0.9435,6
-2.669,-0.9122,9,F,386,D,-0.7525,7
-0.5426,-0.05708,7,F,386,E,-0.4586,4
0,0,,F,386,F,0,
-2.69,-0.9296,5,F,386,G,-1.437,4
-2.422,-0.7233,14,F,386,H,-0.7928,8
-2.32,-0.6544,16,F,386,I,-0.686,12
0.4003,0.0265,14,F,386,K,-0.9357,9
0.075,0.005785,12,F,386,L,-0.5741,6
-2.629,-0.8794,8,F,386,M,-1.049,5
-2.336,-0.6652,13,F,386,N,-0.7604,8
-2.221,-0.5926,13,F,386,P,-0.6549,12
-2.638,-0.8862,10,F,386,Q,-0.7854,7
-2.167,-0.5609,3,F,386,R,-1.078,2
-3.677,-2.042,12,F,386,S,-2.101,6
-3.256,-1.501,16,F,386,T,-1.434,10
-2.255,-0.6136,4,F,386,V,-0.487,4
-3.034,-1.254,15,F,386,W,-1.024,10
-2.623,-0.8746,8,F,386,Y,-0.716,5
0.1231,0.009281,1,M,387,-,,
0.9286,0.04877,8,M,387,A,-0.2732,3
-0.4998,-0.05142,10,M,387,C,0.04437,5
-2.787,-1.015,12,M,387,D,-1.087,10
-2.242,-0.6057,7,M,387,E,-0.7522,6
-1.63,-0.3113,14,M,387,F,-0.4456,8
-1.478,-0.2592,4,M,387,G,-0.2167,3
-0.4307,-0.04275,15,M,387,H,-0.6887,10
-2.231,-0.5986,22,M,387,I,-0.6865,7
-2.555,-0.8211,9,M,387,K,-0.5648,6
1.107,0.05402,10,M,387,L,-0.1305,5
0,0,,M,387,M,0,
-2.631,-0.881,14,M,387,N,-0.8079,7
-2.429,-0.7281,9,M,387,P,-1.103,6
-2.529,-0.8007,10,M,387,Q,-1.06,7
-2.288,-0.6343,11,M,387,R,-1.027,7
-1.322,-0.2123,9,M,387,S,-0.6076,5
-1.42,-0.241,5,M,387,T,-0.6155,3
-2.011,-0.4769,18,M,387,V,-0.7582,10
-2.368,-0.6861,10,M,387,W,-0.7426,5
-2.558,-0.8235,8,M,387,Y,-0.7925,6
-0.1356,-0.01159,1,A,388,-,,
0,0,,A,388,A,0,
-1.107,-0.1578,16,A,388,C,-0.07386,12
-2.69,-0.93,18,A,388,D,-1.012,11
-1.613,-0.3052,15,A,388,E,-0.5963,7
-2.98,-1.198,9,A,388,F,-1.177,7
-1.531,-0.2766,10,A,388,G,-0.3427,6
-1.18,-0.1752,6,A,388,H,-0.2504,2
-2.01,-0.4762,15,A,388,I,-0.824,7
-0.9952,-0.1334,10,A,388,K,-0.1218,8
-1.978,-0.4605,16,A,388,L,-0.5071,10
-2.827,-1.051,6,A,388,M,-1.139,3
-2.013,-0.4779,11,A,388,N,-1.168,4
-1.7,-0.3379,9,A,388,P,-0.9875,5
-1.552,-0.2836,9,A,388,Q,-0.4631,4
0.8012,0.04441,10,A,388,R,-0.2662,7
-2.023,-0.4828,22,A,388,S,-0.1335,11
-0.3033,-0.0282,40,A,388,T,0.2401,11
-1.087,-0.1531,27,A,388,V,-0.6024,9
-2.284,-0.6318,10,A,388,W,-0.9412,6
-2.69,-0.9298,11,A,388,Y,-0.9167,7
0.1126,0.008525,1,S,389,-,,
0.6333,0.03776,11,S,389,A,0.2404,6
-1.414,-0.2392,7,S,389,C,0.04525,6
-0.6334,-0.06989,7,S,389,D,-0.5364,1
-1.851,-0.4009,8,S,389,E,0.01901,4
-0.3911,-0.03804,11,S,389,F,0.2895,7
-0.3135,-0.02931,16,S,389,G,-0.2194,10
-0.8475,-0.1048,7,S,389,H,0.0115,2
-0.2269,-0.0203,15,S,389,I,1.09,3
-0.5237,-0.05455,11,S,389,K,-0.3167,7
-1.625,-0.3094,12,S,389,L,-0.4693,6
-0.5012,-0.0516,12,S,389,M,-0.3538,8
0.1032,0.007852,21,S,389,N,0.1485,11
2.307,0.07288,14,S,389,P,0.06026,10
-0.7818,-0.09335,10,S,389,Q,0.03313,8
2.394,0.07357,15,S,389,R,0.1024,10
0,0,,S,389,S,0,
0.003518,0.0002806,19,S,389,T,-0.1065,11
-0.3522,-0.03358,12,S,389,V,0.1327,7
-1.907,-0.4261,11,S,389,W,-0.4767,8
1.672,0.06567,8,S,389,Y,0.4446,7
-0.4225,-0.04176,1,F,390,-,,
-1.926,-0.435,5,F,390,A,-0.4202,2
0.9181,0.04843,8,F,390,C,-0.8208,5
-2.091,-0.519,5,F,390,D,-0.6236,4
-2.825,-1.049,11,F,390,E,-0.8821,9
0,0,,F,390,F,0,
-2.045,-0.4941,11,F,390,G,-0.6671,8
-1.848,-0.3997,8,F,390,H,-0.2563,6
-2.475,-0.7613,12,F,390,I,-0.9037,6
-0.7545,-0.08879,11,F,390,K,-0.5295,4
-2.173,-0.5645,18,F,390,L,-0.9744,5
-1.917,-0.4307,7,F,390,M,-0.7592,3
-2.477,-0.7628,12,F,390,N,-0.5775,10
0.2173,0.01566,14,F,390,P,-0.8011,9
-2.29,-0.6355,9,F,390,Q,-0.8506,5
-1.265,-0.1967,5,F,390,R,-0.8372,3
-1.732,-0.3507,19,F,390,S,-0.6855,9
-2.414,-0.7174,5,F,390,T,-0.8334,5
-2.304,-0.6446,14,F,390,V,-0.7015,10
0.4392,0.02856,8,F,390,W,0.0205,4
-2.161,-0.5577,8,F,390,Y,0.175,2
-0.0111,-0.0008927,1,T,391,-,,
0.009944,0.0007917,8,T,391,A,-1.031,3
-0.6287,-0.0692,12,T,391,C,-0.6231,6
-2.53,-0.8016,6,T,391,D,-0.8877,4
-2.373,-0.6898,9,T,391,E,-0.9784,6
-2.217,-0.5902,4,T,391,F,-0.7449,4
-2.693,-0.9324,9,T,391,G,-1.007,6
-1.612,-0.3047,6,T,391,H,-1.067,1
-2.02,-0.4816,17,T,391,I,-0.4925,7
-3.017,-1.237,5,T,391,K,-1.156,4
-0.9278,-0.1199,8,T,391,L,-0.6595,6
-2.355,-0.6773,4,T,391,M,-1.44,2
-1.513,-0.2706,11,T,391,N,-0.4984,6
-2.347,-0.6722,19,T,391,P,-0.8735,10
-2.796,-1.022,7,T,391,Q,-1.304,4
-2.754,-0.9854,16,T,391,R,-0.909,8
-2.759,-0.9895,9,T,391,S,-1.011,5
0,0,,T,391,T,0,
-2.279,-0.6284,11,T,391,V,-0.8533,9
-2.041,-0.4923,6,T,391,W,-0.6642,4
-1.349,-0.22,3,T,391,Y,-1.818,1
-0.7091,-0.08144,1,V,392,-,,
-1.15,-0.1679,13,V,392,A,-0.9689,6
-1.586,-0.2956,4,V,392,C,-0.6336,3
-2.305,-0.6449,7,V,392,D,-0.8886,3
-2.507,-0.7843,9,V,392,E,-0.7344,6
-2.077,-0.5112,10,V,392,F,-0.5898,6
-2.312,-0.6493,6,V,392,G,-0.5082,6
-2.4,-0.708,9,V,392,H,-0.8075,6
1.469,0.0622,8,V,392,I,0.3223,6
-2.203,-0.5823,12,V,392,K,-0.5371,5
0.2143,0.01547,13,V,392,L,0.05144,5
-0.7606,-0.0898,29,V,392,M,-0.7872,10
-2.198,-0.579,10,V,392,N,-0.9702,5
-2.698,-0.9365,6,V,392,P,-0.9493,4
-2.641,-0.8893,8,V,392,Q,-1.006,6
-2.614,-0.8671,10,V,392,R,-0.8685,8
-2.224,-0.5945,12,V,392,S,-0.9788,7
-2.05,-0.4968,10,V,392,T,-0.5866,9
0,0,,V,392,V,0,
-1.63,-0.3115,12,V,392,W,-0.8242,5
-2.526,-0.7987,10,V,392,Y,-0.7623,9
0.09708,0.007409,2,D,393,-,,
0.6174,0.03707,9,D,393,A,-0.6316,7
-1.69,-0.3341,9,D,393,C,-0.06584,7
0,0,,D,393,D,0,
-0.9809,-0.1304,9,D,393,E,-0.69,6
-0.905,-0.1155,9,D,393,F,-0.02728,7
0.4099,0.02701,14,D,393,G,0.1202,5
0.4313,0.02815,10,D,393,H,-0.3319,7
-1.521,-0.2733,4,D,393,I,-0.4488,3
0.7771,0.04352,10,D,393,K,-0.4854,5
-1.761,-0.3624,11,D,393,L,-0.1172,8
2.516,0.07443,8,D,393,M,0.2239,3
-1.198,-0.1796,24,D,393,N,0.08843,7
-2.431,-0.7296,7,D,393,P,-0.8274,3
-0.9935,-0.133,14,D,393,Q,-0.4319,7
-0.7046,-0.08074,13,D,393,R,-0.4382,9
0.5299,0.03308,9,D,393,S,-0.3293,4
-0.3409,-0.03232,13,D,393,T,-0.4058,7
-2.426,-0.7259,13,D,393,V,-0.737,9
-1.044,-0.1437,7,D,393,W,-0.3459,2
-1.641,-0.3156,17,D,393,Y,-0.5632,9
-7.69,-5.854,3,R,394,*,,
-0.1716,-0.01494,2,R,394,-,,
-1.762,-0.3626,13,R,394,A,-0.7683,7
-2.028,-0.4857,10,R,394,C,-0.5486,7
-1.515,-0.2711,10,R,394,D,-0.07633,8
-1.289,-0.2031,6,R,394,E,-0.08095,4
-2.756,-0.9865,8,R,394,F,-0.9026,6
-1.079,-0.1514,19,R,394,G,-0.2646,9
1.504,0.06285,10,R,394,H,-0.1932,8
-1.412,-0.2385,12,R,394,I,-0.5563,6
0.3759,0.02516,14,R,394,K,0.1598,6
-1.922,-0.4332,7,R,394,L,-0.5828,7
-0.9906,-0.1324,6,R,394,M,-0.1629,4
0.03105,0.002446,15,R,394,N,-0.07578,8
-1.458,-0.2529,15,R,394,P,-0.9372,9
-0.9719,-0.1286,8,R,394,Q,0.0286,7
0,0,,R,394,R,0,
1.047,0.05235,4,R,394,S,0.9038,1
-0.7846,-0.09382,12,R,394,T,-0.3001,6
1.912,0.06893,7,R,394,V,-0.1147,6
-1.546,-0.2816,9,R,394,W,-0.2622,6
-1.318,-0.2111,6,R,394,Y,-0.4849,5
-1.445,-0.2488,3,R,395,-,,
-0.2323,-0.02084,10,R,395,A,0.07313,8
-0.6638,-0.07443,12,R,395,C,-0.1434,8
-0.08295,-0.00691,10,R,395,D,-0.1908,8
-1.366,-0.2249,12,R,395,E,0.3643,7
-0.631,-0.06954,9,R,395,F,0.4448,5
-1.671,-0.3267,10,R,395,G,-0.1437,6
-1.186,-0.1766,13,R,395,H,0.06231,11
0.09171,0.007017,17,R,395,I,0.1519,13
-0.2984,-0.02768,9,R,395,K,-0.4742,4
0.04206,0.003296,22,R,395,L,-0.4522,10
-0.9785,-0.13,13,R,395,M,-0.07225,8
3.426,0.07838,13,R,395,N,0.05883,5
-1.475,-0.2582,4,R,395,P,-0.8786,1
-1.484,-0.2611,18,R,395,Q,-0.4945,6
0,0,,R,395,R,0,
-1.903,-0.4246,10,R,395,S,-0.4899,6
-1.613,-0.3052,11,R,395,T,-0.2594,8
0.2473,0.01757,6,R,395,V,-0.0041,4
1.753,0.06686,13,R,395,W,-0.0505,2
2.154,0.07153,9,R,395,Y,-0.5518,6
-0.4532,-0.04551,5,V,396,-,,
-0.9725,-0.1287,11,V,396,A,0.06745,7
0.6059,0.03656,11,V,396,C,-0.7096,7
-1.23,-0.1877,12,V,396,D,-0.1793,10
-1.83,-0.3917,10,V,396,E,-0.33,6
-1.117,-0.1601,19,V,396,F,-0.2025,11
1.528,0.06327,7,V,396,G,-0.00495,4
-1.528,-0.2755,9,V,396,H,-0.2087,2
2.174,0.07172,20,V,396,I,0.1847,10
-0.8636,-0.1078,10,V,396,K,0.2035,3
-0.0487,-0.003989,9,V,396,L,1.076,3
0.5825,0.03552,14,V,396,M,0.2134,5
-2.449,-0.7423,7,V,396,N,-0.5237,5
-2.432,-0.7303,8,V,396,P,-0.6608,3
0.8658,0.04669,15,V,396,Q,0.1937,11
0.3623,0.02441,12,V,396,R,0.02119,9
-0.5821,-0.06251,11,V,396,S,-0.6577,8
-0.1576,-0.01362,13,V,396,T,-0.3327,11
0,0,,V,396,V,0,
-0.2836,-0.02611,10,V,396,W,0.2716,5
-0.1349,-0.01153,5,V,396,Y,-0.0014,2
-5.794,-4.918,2,E,397,*,,
-1.286,-0.2025,4,E,397,-,,
-1.805,-0.3806,11,E,397,A,-0.1784,6
-0.9098,-0.1164,16,E,397,C,0.07933,8
0.5581,0.0344,17,E,397,D,-0.1089,11
0,0,,E,397,E,0,
-1.027,-0.1401,7,E,397,F,0.08575,5
0.5735,0.03511,10,E,397,G,0.567,5
-0.6426,-0.07125,9,E,397,H,0.03406,6
-1.439,-0.2467,7,E,397,I,0.2232,5
-0.6802,-0.07694,21,E,397,K,-0.05927,10
0.719,0.04129,9,E,397,L,-0.1916,6
1.26,0.05784,12,E,397,M,0.07016,6
1.412,0.0611,4,E,397,N,-0.6183,1
-0.8158,-0.0992,8,E,397,P,-0.1741,6
2.149,0.07149,13,E,397,Q,0.02745,6
2.059,0.07059,10,E,397,R,-0.008234,6
-0.3463,-0.03292,13,E,397,S,-0.1349,12
0.1403,0.01048,11,E,397,T,-0.06632,6
-0.8028,-0.09695,12,E,397,V,-0.1722,9
-0.1509,-0.013,7,E,397,W,-0.946,4
-1.46,-0.2533,9,E,397,Y,-0.3916,7
-3.789,-2.201,3,P,398,-,,
-1.667,-0.325,11,P,398,A,0.06498,4
0.7755,0.04346,9,P,398,C,0.01935,6
-3.454,-1.744,8,P,398,D,-0.4742,3
-2.384,-0.6967,18,P,398,E,-0.6308,13
-0.7884,-0.09448,5,P,398,F,-0.902,1
-1.27,-0.1981,13,P,398,G,-0.3965,10
-2.559,-0.8237,10,P,398,H,-0.9203,6
-2.654,-0.8994,12,P,398,I,-0.8763,8
-3.254,-1.499,11,P,398,K,-1.334,7
-2.68,-0.9217,8,P,398,L,-1.154,4
-1.979,-0.4609,8,P,398,M,-0.2913,5
-2.995,-1.214,8,P,398,N,-0.5542,4
0,0,,P,398,P,0,
-2.114,-0.5313,12,P,398,Q,0.03572,8
-3.319,-1.576,14,P,398,R,-1.45,8
-0.6247,-0.06862,18,P,398,S,-0.169,6
-1.874,-0.4113,11,P,398,T,-0.402,7
-1.313,-0.2097,13,P,398,V,0.0692,9
-2.93,-1.149,9,P,398,W,-1.019,7
-1.549,-0.2826,10,P,398,Y,-0.03404,9
-13.14,-6.056,1,K,399,*,,
-1.191,-0.1779,1,K,399,-,,
-1.869,-0.4088,7,K,399,A,-0.704,4
-1.879,-0.4135,13,K,399,C,-0.2945,6
-1.69,-0.3338,4,K,399,D,-0.3958,2
-1.042,-0.1432,12,K,399,E,-0.2629,5
-1.185,-0.1765,20,K,399,F,-0.1337,12
-0.3758,-0.03626,8,K,399,G,-0.2946,6
1.693,0.06598,11,K,399,H,-0.06326,6
-1.587,-0.2958,19,K,399,I,-0.144,14
0,0,,K,399,K,0,
0.2424,0.01727,9,K,399,L,-0.05271,7
-0.8983,-0.1142,11,K,399,M,-0.3592,2
-0.3517,-0.03353,19,K,399,N,-0.06839,9
-3.45,-1.74,10,K,399,P,-1.422,5
-1.407,-0.237,11,K,399,Q,-0.3736,6
0.6411,0.03809,19,K,399,R,0.225,7
0.1997,0.01451,13,K,399,S,-0.05657,10
0.3379,0.02302,14,K,399,T,0.1501,8
-2.104,-0.5257,12,K,399,V,-0.3286,8
0.03796,0.002981,7,K,399,W,0.00635,6
-1.345,-0.2189,16,K,399,Y,-0.03966,10
-3.877,-2.327,406,V,400,-,-2.217,1
-1.09,-0.1539,6,V,400,A,-0.1835,4
-0.6263,-0.06885,17,V,400,C,0.1915,11
-4.135,-2.714,10,V,400,D,-3.104,5
-2.097,-0.5219,7,V,400,E,-0.6976,6
-1.459,-0.2531,13,V,400,F,-0.1305,7
-2.154,-0.5538,6,V,400,G,-0.3665,2
-1.492,-0.2637,14,V,400,H,-0.01698,8
0.6167,0.03704,12,V,400,I,-0.04946,7
-2.885,-1.105,6,V,400,K,-1.349,4
0.2091,0.01513,18,V,400,L,-0.009681,11
-0.7006,-0.08011,22,V,400,M,-0.0107,14
-1.127,-0.1624,10,V,400,N,-0.2058,6
-0.3136,-0.02932,4,V,400,P,0.01469,2
-1.029,-0.1404,4,V,400,Q,-0.08441,3
-2.642,-0.89,14,V,400,R,-0.4818,9
-1.408,-0.2373,14,V,400,S,-0.1103,8
-1.634,-0.3129,11,V,400,T,-0.1524,8
0,0,,V,400,V,0,
-1.579,-0.2931,5,V,400,W,,
-1.599,-0.3,9,V,400,Y,0.3377,7
-0.4153,-0.0409,406,R,401,-,,
1.621,0.06486,5,R,401,A,-0.1297,3
0.03685,0.002895,11,R,401,C,-0.0819,7
-1.855,-0.4026,8,R,401,D,0.05943,7
0.6192,0.03715,11,R,401,E,-0.2778,10
0.6626,0.039,7,R,401,F,-0.01447,5
-1.098,-0.1558,11,R,401,G,-0.09751,5
-0.2314,-0.02076,14,R,401,H,-0.0754,11
2.269,0.07257,15,R,401,I,0.1149,10
-2.112,-0.5301,5,R,401,K,0.05375,4
-1.463,-0.2543,14,R,401,L,-0.3019,4
-0.3407,-0.03229,11,R,401,M,-0.0881,6
-0.8721,-0.1093,13,R,401,N,-0.4084,7
-9.639,-6.027,7,R,401,P,-3.974,1
-0.0998,-0.008382,15,R,401,Q,-0.5405,2
0,0,,R,401,R,0,
0.8591,0.04646,9,R,401,S,0.3609,7
-0.0287,-0.002328,10,R,401,T,0.09539,4
2.059,0.07059,10,R,401,V,0.1112,7
0.06277,0.00487,49,R,401,W,0.01854,13
3.657,0.07893,14,R,401,Y,0.4934,8
-0.3669,-0.03524,406,V,402,-,,
-0.5331,-0.0558,13,V,402,A,-0.1344,5
-0.5903,-0.06368,15,V,402,C,-0.308,9
-4.115,-2.684,11,V,402,D,-2.405,8
-3.432,-1.716,10,V,402,E,-1.68,5
-1.708,-0.3411,14,V,402,F,-0.2861,8
2.215,0.0721,9,V,402,G,0.1977,4
-2.391,-0.702,12,V,402,H,-0.5718,8
-1.31,-0.2089,5,V,402,I,-0.2218,4
-4.573,-3.384,6,V,402,K,-2.579,2
-0.9515,-0.1245,14,V,402,L,-0.1072,1
-0.5299,-0.05538,16,V,402,M,0.1912,5
-2.605,-0.8604,12,V,402,N,-0.6725,8
-2.16,-0.5572,9,V,402,P,-0.6411,6
-2.839,-1.062,9,V,402,Q,-0.6871,6
-2.664,-0.9083,8,V,402,R,-1.127,8
-2.395,-0.7047,10,V,402,S,-0.4739,4
-1.273,-0.1989,7,V,402,T,0.0225,4
0,0,,V,402,V,0,
-2.224,-0.5949,14,V,402,W,-0.3405,10
-1.785,-0.3723,10,V,402,Y,0.04747,7
-0.6437,-0.07142,406,S,403,-,,
0.5442,0.03376,6,S,403,A,0.07677,6
-0.5812,-0.06239,21,S,403,C,-0.1077,14
-1.441,-0.2473,14,S,403,D,-0.2019,11
1.249,0.05758,10,S,403,E,0.3989,9
-0.294,-0.02722,23,S,403,F,-0.04111,7
-1.086,-0.1531,10,S,403,G,0.1322,7
2.663,0.07533,12,S,403,H,0.1342,6
0.1132,0.008574,15,S,403,I,0.08759,10
-0.02408,-0.001949,17,S,403,K,0.1358,8
1.927,0.06912,5,S,403,L,-1.015,1
-0.6318,-0.06965,12,S,403,M,0.1813,6
0.1599,0.01184,10,S,403,N,0.2725,5
-0.6432,-0.07134,17,S,403,P,0.2892,10
1.072,0.05308,9,S,403,Q,0.2217,6
-0.1352,-0.01156,8,S,403,R,0.2808,4
0,0,,S,403,S,0,
-0.7732,-0.0919,6,S,403,T,1.206,1
1.198,0.05637,20,S,403,V,0.08736,14
-0.4625,-0.04667,7,S,403,W,0.2489,4
-1.566,-0.2885,11,S,403,Y,-0.3609,7
-0.4367,-0.04348,406,P,404,-,,
-0.295,-0.02732,7,P,404,A,0.1615,5
-0.8037,-0.0971,13,P,404,C,-0.00695,8
-1.495,-0.2646,11,P,404,D,0.06075,5
-0.7973,-0.096,11,P,404,E,0.1031,5
0.9985,0.05094,13,P,404,F,0.1658,6
-0.3505,-0.03339,13,P,404,G,0.1402,7
0.8641,0.04663,15,P,404,H,0.4103,6
2.756,0.07584,9,P,404,I,0.4281,6
2.116,0.07117,16,P,404,K,-0.03958,9
0.1454,0.01084,14,P,404,L,0.239,8
-2.119,-0.5343,12,P,404,M,-0.33,7
-1.191,-0.1779,9,P,404,N,0.1824,7
0,0,,P,404,P,0,
1.842,0.06807,12,P,404,Q,-0.3005,8
1.137,0.05482,6,P,404,R,0.4261,3
0.7076,0.04084,17,P,404,S,0.3133,4
0.2582,0.01826,11,P,404,T,0.1783,9
1.543,0.06355,10,P,404,V,0.5406,5
0.2431,0.01731,8,P,404,W,0.3006,6
0.001882,0.0001504,5,P,404,Y,0.1192,4
-1.36,-0.223,406,M,405,-,,
1.133,0.0547,9,M,405,A,0.0088,6
0.6383,0.03797,12,M,405,C,0.1413,7
-0.5318,-0.05564,12,M,405,D,0.09969,7
1.049,0.05242,8,M,405,E,0.2327,5
-1.216,-0.1841,8,M,405,F,0.06026,7
-0.2651,-0.02418,9,M,405,G,-0.1192,7
1.715,0.0663,8,M,405,H,0.433,5
0.2361,0.01687,41,M,405,I,-0.1134,19
-1.009,-0.1363,10,M,405,K,0.1148,7
-0.09578,-0.008029,12,M,405,L,-0.305,5
0,0,,M,405,M,0,
-1.528,-0.2756,9,M,405,N,-0.4332,5
3.397,0.0783,16,M,405,P,0.233,11
-1.781,-0.3708,9,M,405,Q,-0.6499,6
-0.4761,-0.04838,9,M,405,R,-0.06814,5
0.6506,0.03849,17,M,405,S,0.2433,10
-0.0358,-0.002914,14,M,405,T,-0.06813,8
-0.2249,-0.0201,14,M,405,V,0.1543,7
-0.2342,-0.02104,14,M,405,W,0.2925,9
-2.196,-0.5781,3,M,405,Y,-0.0835,2
-8.14,-5.926,20,Q,406,*,-6,3
0.03996,0.003134,405,Q,406,-,,
2.055,0.07055,10,Q,406,A,0.1829,6
-1.399,-0.2346,9,Q,406,C,-0.1002,8
-0.07389,-0.006128,12,Q,406,D,0.1573,4
-0.9756,-0.1294,12,Q,406,E,-0.1581,8
-1.255,-0.1942,5,Q,406,F,-3.295,2
0.9378,0.04906,8,Q,406,G,0.09454,7
-0.1382,-0.01183,24,Q,406,H,0.08233,6
1.423,0.06133,10,Q,406,I,0.3696,7
-0.8234,-0.1005,9,Q,406,K,0.1568,6
-1.409,-0.2375,16,Q,406,L,-0.1889,11
1.542,0.06353,12,Q,406,M,0.2744,8
0.05976,0.004643,17,Q,406,N,0.3614,12
1.387,0.06059,7,Q,406,P,0.3202,3
0,0,,Q,406,Q,0,
0.0814,0.006259,14,Q,406,R,0.2621,9
0.5476,0.03392,12,Q,406,S,0.1103,9
1.329,0.05939,12,Q,406,T,0.3061,8
0.5525,0.03414,11,Q,406,V,0.3155,5
0.7674,0.04316,11,Q,406,W,-0.1004,6
-1.278,-0.2002,11,Q,406,Y,-0.08276,7
-0.6902,-0.07848,405,S,407,-,,
1.217,0.05683,14,S,407,A,0.02086,9
-2.09,-0.5184,11,S,407,C,-0.419,7
0.4553,0.0294,10,S,407,D,0.7213,3
-1.133,-0.1638,12,S,407,E,0.1454,8
-0.1502,-0.01294,12,S,407,F,0.06234,7
1.152,0.0552,7,S,407,G,0.1609,5
1.177,0.05584,13,S,407,H,0.3318,11
0.09853,0.007513,15,S,407,I,0.01701,9
1.978,0.06971,13,S,407,K,-0.2561,8
-0.1807,-0.0158,14,S,407,L,0.1418,8
0.9436,0.04925,12,S,407,M,0.4306,5
0.4444,0.02883,20,S,407,N,-0.04245,6
2.06,0.0706,10,S,407,P,0.5187,5
2.013,0.0701,16,S,407,Q,0.3122,9
-0.4305,-0.04273,11,S,407,R,0.3095,6
0,0,,S,407,S,0,
-0.3224,-0.03028,9,S,407,T,-0.416,5
1.255,0.05773,7,S,407,V,-0.05709,5
-1.417,-0.24,5,S,407,W,-0.4609,4
-0.09002,-0.007526,10,S,407,Y,-0.1225,6
1.442,0.06169,407,S,408,-,,
-1.056,-0.1464,7,S,408,A,0.2148,5
-1.672,-0.3271,11,S,408,C,-0.217,5
1.597,0.06446,11,S,408,D,0.3036,6
1.961,0.06951,14,S,408,E,0.08372,10
-0.3085,-0.02877,17,S,408,F,0.3171,6
-1.687,-0.3328,8,S,408,G,-0.4809,4
-0.7228,-0.08363,14,S,408,H,-0.1005,10
0.3365,0.02294,9,S,408,I,-0.09077,5
1.577,0.06414,10,S,408,K,0.2146,7
1.274,0.05817,7,S,408,L,0.2618,6
-0.2641,-0.02408,10,S,408,M,0.004045,6
-0.02997,-0.002432,13,S,408,N,0.1579,8
0.4139,0.02723,21,S,408,P,0.1513,7
2.686,0.07546,8,S,408,Q,0.1011,5
-0.296,-0.02743,15,S,408,R,0.05966,7
0,0,,S,408,S,0,
-0.2684,-0.02452,18,S,408,T,0.31,11
0.8673,0.04674,10,S,408,V,0.343,7
-0.1341,-0.01146,14,S,408,W,-0.1478,12
0.4183,0.02747,5,S,408,Y,0.3601,3
0.3094,0.02136,406,S,409,-,,
1.156,0.05531,14,S,409,A,0.2253,8
-1.97,-0.4565,8,S,409,C,-0.1907,6
-0.3353,-0.0317,17,S,409,D,0.356,14
1.826,0.06786,7,S,409,E,0.2306,5
-0.2344,-0.02106,18,S,409,F,0.1256,7
1.574,0.06408,9,S,409,G,0.2814,8
0.02004,0.001587,10,S,409,H,0.2023,7
1.829,0.06789,9,S,409,I,0.6889,7
1.129,0.05459,13,S,409,K,0.159,9
-0.9794,-0.1301,6,S,409,L,-0.08515,4
-0.1253,-0.01066,10,S,409,M,-0.1597,4
-1.358,-0.2227,13,S,409,N,0.352,7
-0.0986,-0.008277,11,S,409,P,0.4213,4
1.863,0.06833,9,S,409,Q,0.3685,7
-1.653,-0.3201,16,S,409,R,-0.1515,8
0,0,,S,409,S,0,
-0.1485,-0.01277,11,S,409,T,-0.7099,7
0.2768,0.0194,10,S,409,V,-0.1551,4
-0.4834,-0.04931,10,S,409,W,0.1205,8
-0.6434,-0.07137,15,S,409,Y,-0.07956,11
-0.2268,-0.02029,407,L,410,-,,
0.3731,0.02501,14,L,410,A,0.1825,6
-0.5561,-0.05891,7,L,410,C,-0.4075,3
1.832,0.06794,7,L,410,D,-0.2976,5
4.278,0.07991,13,L,410,E,0.112,7
-0.2812,-0.02586,9,L,410,F,-0.3859,4
1.082,0.05333,5,L,410,G,0.8379,1
0.6792,0.03969,12,L,410,H,-0.03391,5
-0.462,-0.04661,12,L,410,I,0.1425,8
-0.8225,-0.1004,10,L,410,K,0.2377,7
0,0,,L,410,L,0,
-0.5661,-0.06029,9,L,410,M,-0.1183,6
-1.661,-0.3228,3,L,410,N,-0.7558,1
-0.8001,-0.09648,13,L,410,P,0.2717,5
-0.1589,-0.01374,10,L,410,Q,0.3699,8
0.8396,0.04578,7,L,410,R,-0.03532,7
-0.1502,-0.01294,8,L,410,S,-0.1709,5
0.2537,0.01797,14,L,410,T,0.0535,8
-0.07463,-0.006192,4,L,410,V,0.1044,1
0.2872,0.02003,15,L,410,W,0.00905,8
-0.3928,-0.03824,5,L,410,Y,-0.1132,3
-0.0429,-0.003505,408,P,411,-,,
-1.855,-0.4025,8,P,411,A,-0.2092,6
-0.5825,-0.06257,11,P,411,C,-0.2191,5
-0.5224,-0.05439,9,P,411,D,-0.05298,6
1.813,0.06768,13,P,411,E,0.0795,9
-0.07351,-0.006095,8,P,411,F,-0.4879,4
0.09831,0.007498,9,P,411,G,0.3412,5
1.805,0.06757,9,P,411,H,0.2905,8
0.02891,0.00228,12,P,411,I,-0.1042,8
-0.4019,-0.03931,12,P,411,K,0.09857,6
-1.517,-0.2719,11,P,411,L,-0.1068,7
-0.4586,-0.04618,11,P,411,M,0.5438,5
0.25,0.01774,8,P,411,N,-0.1645,5
0,0,,P,411,P,0,
0.7355,0.04194,9,P,411,Q,-0.09073,7
-0.2447,-0.0221,8,P,411,R,0.1642,3
-0.04702,-0.003849,17,P,411,S,-0.8158,3
-0.0116,-0.0009333,16,P,411,T,0.4165,7
-0.1915,-0.01684,11,P,411,V,-0.00746,8
-0.1057,-0.008908,9,P,411,W,-0.09159,4
-0.5763,-0.06171,9,P,411,Y,-0.1306,7
-6.763,-5.569,2,Q,412,*,,
-0.0306,-0.002485,409,Q,412,-,,
1.751,0.06683,10,Q,412,A,0.05725,8
-1.604,-0.302,11,Q,412,C,-0.1759,8
-1.571,-0.2904,8,Q,412,D,0.259,5
-0.3999,-0.03907,9,Q,412,E,0.2628,5
-0.6832,-0.0774,10,Q,412,F,-0.7683,7
-0.2119,-0.01882,9,Q,412,G,0.1072,8
-0.08054,-0.006702,17,Q,412,H,-0.3872,11
1.423,0.06133,5,Q,412,I,0.2786,4
-1.738,-0.353,8,Q,412,K,-0.5724,6
0.3027,0.02096,15,Q,412,L,-0.2043,8
-0.4499,-0.0451,12,Q,412,M,0.05895,9
0.3478,0.02359,14,Q,412,N,0.1728,9
0.7628,0.04298,13,Q,412,P,-0.1109,3
0,0,,Q,412,Q,0,
-0.09968,-0.008373,19,Q,412,R,0.2934,9
0.3888,0.02587,15,Q,412,S,-0.1374,8
-1.038,-0.1425,11,Q,412,T,-0.1211,10
1.93,0.06915,9,Q,412,V,0.2543,5
-0.2607,-0.02373,10,Q,412,W,-0.1451,6
0.6896,0.04011,15,Q,412,Y,0.005653,9
-0.5715,-0.06104,408,T,413,-,,
-0.4658,-0.04708,14,T,413,A,-0.05649,7
-0.6159,-0.06734,15,T,413,C,-0.01072,9
0.2197,0.01582,8,T,413,D,0.1858,5
-0.817,-0.09942,14,T,413,E,-0.0827,8
0.9886,0.05064,6,T,413,F,-0.7549,1
-0.1066,-0.008982,1,T,413,G,,
2.449,0.07397,12,T,413,H,-0.04905,8
0.6487,0.03841,12,T,413,I,0.323,6
-0.09644,-0.008088,11,T,413,K,-0.1747,4
-0.1291,-0.011,10,T,413,L,0.05885,8
0.8442,0.04594,16,T,413,M,-0.04072,15
-0.2417,-0.02179,7,T,413,N,-0.01266,5
1.352,0.05989,13,T,413,P,-0.04577,8
1.852,0.06819,12,T,413,Q,0.428,8
0.3215,0.02207,6,T,413,R,0.1664,4
-1.029,-0.1404,10,T,413,S,-0.4355,6
0,0,,T,413,T,0,
0.3364,0.02294,10,T,413,V,-0.5068,5
-1.605,-0.3022,7,T,413,W,0.0008042,5
-0.9697,-0.1282,9,T,413,Y,0.2914,7
-1.42,-0.2409,407,D,414,-,,
-0.1128,-0.009536,16,D,414,A,-0.01553,8
-0.5971,-0.06464,16,D,414,C,0.05415,12
0,0,,D,414,D,0,
0.7725,0.04335,9,D,414,E,0.5146,7
-0.3071,-0.02861,12,D,414,F,0.3725,8
0.05432,0.004231,9,D,414,G,0.2136,3
-1.248,-0.1924,9,D,414,H,0.1434,5
-0.1107,-0.009348,7,D,414,I,0.1039,4
0.8471,0.04605,10,D,414,K,0.1025,6
-0.1048,-0.008823,7,D,414,L,-0.3001,4
-0.1048,-0.008829,15,D,414,M,-0.1071,8
1.774,0.06714,20,D,414,N,0.3525,11
-0.1539,-0.01328,14,D,414,P,0.141,5
0.3229,0.02215,5,D,414,Q,0.7159,2
0.216,0.01558,13,D,414,R,0.1699,6
0.02662,0.002102,8,D,414,S,0.002296,7
0.1869,0.01367,7,D,414,T,-0.2846,4
1.92,0.06904,12,D,414,V,-0.4571,5
-0.4126,-0.04057,7,D,414,W,0.2418,3
0.9529,0.04954,7,D,414,Y,-0.4227,3
-2.55,-0.8173,408,R,415,-,,
-0.9852,-0.1313,5,R,415,A,0.5803,2
-1.414,-0.239,15,R,415,C,-0.1439,9
-1.299,-0.2061,12,R,415,D,-0.06968,10
-0.3283,-0.03092,7,R,415,E,-0.165,5
-1.786,-0.3725,12,R,415,F,-0.1009,7
-1.029,-0.1406,14,R,415,G,-0.3212,5
1.733,0.06658,10,R,415,H,0.3998,10
0.9197,0.04848,13,R,415,I,0.5381,7
0.5328,0.03322,25,R,415,K,0.2875,8
-0.865,-0.108,17,R,415,L,0.1945,12
0.5201,0.03261,8,R,415,M,0.05008,6
-1.332,-0.2151,15,R,415,N,0.004935,10
0.9191,0.04846,11,R,415,P,-0.274,6
0.5368,0.03341,11,R,415,Q,0.382,6
0,0,,R,415,R,0,
-0.5727,-0.0612,9,R,415,S,0.4348,3
-0.2189,-0.01951,11,R,415,T,0.1703,5
-0.9198,-0.1183,11,R,415,V,0.04226,6
-0.6194,-0.06785,11,R,415,W,0.3114,7
2.858,0.07634,12,R,415,Y,0.2326,3
-1.864,-0.4067,408,L,416,-,,
-1.396,-0.2338,10,L,416,A,-0.3144,8
-0.9305,-0.1204,15,L,416,C,-0.1011,7
-4.547,-3.345,8,L,416,D,-3.03,6
-1.328,-0.2139,9,L,416,E,-0.7006,7
0.906,0.04804,7,L,416,F,-0.2515,5
-1.748,-0.3571,7,L,416,G,0.05595,2
-0.875,-0.1098,10,L,416,H,0.1172,7
0.3032,0.02099,10,L,416,I,0.08798,6
-1.076,-0.1508,13,L,416,K,-0.2775,7
0,0,,L,416,L,0,
-0.6331,-0.06984,7,L,416,M,-0.7422,3
-2.274,-0.6256,6,L,416,N,-0.7543,5
-2.281,-0.6299,14,L,416,P,-0.08765,6
-1.737,-0.3525,8,L,416,Q,-0.2442,4
-1.347,-0.2193,12,L,416,R,-0.205,10
-1.801,-0.379,4,L,416,S,-0.1298,2
-2.26,-0.6169,6,L,416,T,0.06161,3
-0.103,-0.008664,7,L,416,V,0.06601,5
-0.1609,-0.01393,13,L,416,W,0.3912,7
-2,-0.4715,5,L,416,Y,0.09717,3
-2.455,-0.7468,408,A,417,-,,
0,0,,A,417,A,0,
0.1561,0.01158,11,A,417,C,0.2311,7
0.5673,0.03483,11,A,417,D,-0.3301,8
2.505,0.07435,7,A,417,E,0.7305,5
-0.8854,-0.1118,10,A,417,F,-0.4449,6
0.8513,0.04619,9,A,417,G,0.2467,5
-0.09095,-0.007606,11,A,417,H,0.07757,5
-0.5324,-0.05572,17,A,417,I,0.1465,8
-0.1801,-0.01574,11,A,417,K,-0.3894,5
-0.3557,-0.03398,7,A,417,L,-0.07955,4
-1.111,-0.1586,8,A,417,M,0.1333,7
-0.9176,-0.1179,20,A,417,N,-0.01735,15
-1.569,-0.2895,8,A,417,P,-0.3657,4
0.301,0.02086,16,A,417,Q,-0.09594,13
-1.523,-0.2738,8,A,417,R,-0.09158,8
-0.607,-0.06605,16,A,417,S,-0.257,8
-0.2885,-0.02663,30,A,417,T,-0.3143,11
-0.4463,-0.04466,20,A,417,V,0.03509,8
-0.7382,-0.08611,17,A,417,W,-0.3685,11
2.859,0.07635,15,A,417,Y,0.08497,11
-4.469,-3.226,5,C,418,*,,
-0.7382,-0.08612,407,C,418,-,,
1.763,0.067,7,C,418,A,-0.2236,4
0,0,,C,418,C,0,
-7.821,-5.878,13,C,418,D,-6,9
-7.712,-5.858,11,C,418,E,-6,5
-4.315,-2.99,21,C,418,F,-2.938,13
-2.539,-0.8082,10,C,418,G,-0.74,5
-8.723,-5.983,24,C,418,H,-6,17
-3.02,-1.24,18,C,418,I,-1.041,12
-7.256,-5.749,4,C,418,K,-6,4
-2.521,-0.7951,8,C,418,L,-0.876,4
-3.2,-1.436,5,C,418,M,-0.6649,1
-5.876,-4.993,12,C,418,N,-5.145,8
-8.09,-5.919,9,C,418,P,-6,6
-6.797,-5.584,7,C,418,Q,-6,5
-9.366,-6.018,11,C,418,R,-6,7
-2.949,-1.167,11,C,418,S,-1.393,5
-2.362,-0.6823,13,C,418,T,-0.6775,9
0.6187,0.03713,11,C,418,V,-0.2112,9
-7.255,-5.749,10,C,418,W,-6,9
-11.87,-6.054,32,C,418,Y,-6,17
-13.08,-6.056,4,Y,419,*,-6,2
-0.1464,-0.01258,408,Y,419,-,,
0.0669,0.00518,5,Y,419,A,0.1966,2
-0.9602,-0.1263,18,Y,419,C,0.06494,6
-2.813,-1.038,10,Y,419,D,-0.9725,8
-2.546,-0.8136,14,Y,419,E,-0.49,6
-0.8978,-0.1141,12,Y,419,F,0.1471,9
-2.062,-0.5032,6,Y,419,G,-0.2148,3
-0.8391,-0.1033,9,Y,419,H,-0.193,5
1.121,0.05441,9,Y,419,I,0.299,5
-0.5211,-0.05421,10,Y,419,K,0.0828,6
2.268,0.07256,9,Y,419,L,-0.4124,7
0.7288,0.04168,12,Y,419,M,0.4722,5
-6.149,-5.212,10,Y,419,N,-5.861,6
-3.846,-2.283,5,Y,419,P,-2.257,3
-1.113,-0.1591,11,Y,419,Q,-0.1406,10
0.4485,0.02905,10,Y,419,R,0.002405,6
-1.062,-0.1476,9,Y,419,S,-0.1657,4
0.3818,0.02549,13,Y,419,T,-0.2457,10
-1.251,-0.1931,6,Y,419,V,-0.2609,4
0.04234,0.003318,14,Y,419,W,0.1063,11
0,0,,Y,419,Y,0,
-0.4358,-0.04338,408,V,420,-,,
1.628,0.06497,22,V,420,A,0.2322,12
2.513,0.0744,16,V,420,C,0.2178,11
-7.153,-5.718,16,V,420,D,-4.769,11
-4.585,-3.402,14,V,420,E,-2.345,3
-1.691,-0.3343,12,V,420,F,-0.1739,9
0.1958,0.01426,6,V,420,G,-0.2064,1
-3.861,-2.305,4,V,420,H,-1.976,3
0.1196,0.009031,17,V,420,I,0.2941,11
-7.81,-5.876,9,V,420,K,-6,7
-0.342,-0.03244,13,V,420,L,-0.3902,7
0.07451,0.005748,18,V,420,M,-0.1603,3
-1.695,-0.3358,10,V,420,N,-0.1399,7
-2.776,-1.004,10,V,420,P,-0.7036,6
-3.593,-1.927,10,V,420,Q,-1.875,6
-7.984,-5.904,13,V,420,R,-6,8
-0.5238,-0.05456,13,V,420,S,0.231,8
-0.6741,-0.076,14,V,420,T,-0.08583,8
0,0,,V,420,V,0,
-4.71,-3.588,12,V,420,W,-3.537,5
-3.492,-1.793,4,V,420,Y,-1.724,3
-0.1032,-0.008679,409,T,421,-,,
0.2669,0.01879,21,T,421,A,0.01285,7
-0.7458,-0.08735,19,T,421,C,-0.1249,11
-1.365,-0.2246,8,T,421,D,-0.1913,6
0.1694,0.01249,14,T,421,E,-0.2338,9
1.308,0.05892,5,T,421,F,0.5196,3
-1.446,-0.2489,8,T,421,G,-0.04902,5
0.08327,0.006397,8,T,421,H,0.3069,3
-0.6443,-0.0715,29,T,421,I,-0.5012,9
-0.463,-0.04674,16,T,421,K,-0.2314,9
0.284,0.01984,6,T,421,L,0.03655,5
0.009474,0.0007537,10,T,421,M,0.06933,8
-1.158,-0.1697,13,T,421,N,0.2081,8
-3.035,-1.256,15,T,421,P,-0.9322,6
0.01897,0.001503,11,T,421,Q,-0.3381,5
-0.2705,-0.02475,10,T,421,R,0.1568,7
0.3539,0.02393,11,T,421,S,-0.1457,4
0,0,,T,421,T,0,
1.404,0.06095,12,T,421,V,-0.1539,7
-0.8402,-0.1035,11,T,421,W,0.3945,4
0.1471,0.01096,14,T,421,Y,-0.03995,10
-0.5961,-0.06449,410,G,422,-,,
-0.8723,-0.1094,13,G,422,A,-0.02266,4
-0.3439,-0.03265,17,G,422,C,-0.0985,10
-0.873,-0.1095,30,G,422,D,-0.4555,6
-1.534,-0.2776,6,G,422,E,-0.1401,5
0.3135,0.0216,11,G,422,F,-0.0781,6
0,0,,G,422,G,0,
1.162,0.05546,13,G,422,H,0.2354,10
-2.604,-0.8593,15,G,422,I,-0.6434,9
-0.178,-0.01554,12,G,422,K,-0.3395,7
-1.116,-0.1598,7,G,422,L,-0.3153,6
2.591,0.0749,8,G,422,M,0.07303,4
-0.4599,-0.04634,7,G,422,N,0.3761,4
-1.073,-0.15,8,G,422,P,-0.248,4
-1.989,-0.4658,7,G,422,Q,0.1387,5
0.2617,0.01847,16,G,422,R,0.1666,11
-0.6002,-0.06508,23,G,422,S,0.08634,9
-1.472,-0.2572,8,G,422,T,-0.6648,3
-2.611,-0.8652,12,G,422,V,-0.5936,7
-0.04221,-0.003447,12,G,422,W,0.4034,8
-0.2812,-0.02586,4,G,422,Y,0.3711,2
-6.679,-5.53,412,F,423,-,,
-1.057,-0.1466,9,F,423,A,-0.05837,4
-2.381,-0.6952,9,F,423,C,-0.3623,8
-2.894,-1.114,9,F,423,D,-1.065,6
-2.604,-0.8588,7,F,423,E,-0.6085,5
0,0,,F,423,F,0,
-2.01,-0.4761,9,F,423,G,0.09139,5
1.58,0.06417,6,F,423,H,-0.04496,3
0.6157,0.03699,12,F,423,I,-0.04799,10
-4.873,-3.824,8,F,423,K,-3.356,5
-1.772,-0.3669,29,F,423,L,0.1155,13
0.8744,0.04698,6,F,423,M,0.7309,1
-1.928,-0.4361,6,F,423,N,-0.4738,6
-3.544,-1.862,14,F,423,P,-1.932,11
-1.832,-0.3925,9,F,423,Q,0.1493,5
-4.621,-3.456,7,F,423,R,-2.727,1
-2.139,-0.5454,6,F,423,S,0.2175,4
-1.465,-0.255,5,F,423,T,-0.3255,3
-0.6258,-0.06878,9,F,423,V,0.01535,6
-0.3909,-0.03802,11,F,423,W,0.1896,7
-0.5788,-0.06206,13,F,423,Y,0.2879,5
-7.164,-5.721,2,Y,424,*,-6,1
-0.5005,-0.05152,411,Y,424,-,,
-2.83,-1.054,7,Y,424,A,-0.8827,3
-1.691,-0.3342,13,Y,424,C,-0.3742,7
-3.576,-1.904,7,Y,424,D,-1.61,5
-3.445,-1.733,6,Y,424,E,-1.885,4
-0.5166,-0.05362,13,Y,424,F,-0.4684,8
-3.155,-1.386,5,Y,424,G,-1.347,3
-1.213,-0.1833,12,Y,424,H,-0.3215,6
-2.906,-1.126,3,Y,424,I,-1.145,2
-3.66,-2.019,13,Y,424,K,-2.137,10
-1.526,-0.275,12,Y,424,L,-0.4374,6
-1.363,-0.224,11,Y,424,M,-0.2104,5
-2.271,-0.6237,12,Y,424,N,-0.2916,6
-4.294,-2.957,6,Y,424,P,-2.678,3
-1.353,-0.2212,16,Y,424,Q,-0.4852,8
-2.177,-0.5672,7,Y,424,R,-0.4868,4
-2.196,-0.5778,14,Y,424,S,-1.318,4
-2.849,-1.071,13,Y,424,T,-0.943,10
-2.517,-0.7917,5,Y,424,V,-0.9139,4
-2.448,-0.7415,8,Y,424,W,-0.4902,5
0,0,,Y,424,Y,0,
-1.593,-0.298,412,P,425,-,,
-0.9439,-0.123,14,P,425,A,-0.2611,8
-1.859,-0.4042,14,P,425,C,0.08041,7
0.662,0.03898,9,P,425,D,-0.03316,8
1.144,0.055,7,P,425,E,0.5517,6
-2.043,-0.4932,13,P,425,F,-0.7313,9
-2.149,-0.5507,10,P,425,G,-0.5965,6
-0.09333,-0.007815,15,P,425,H,0.1959,13
-2.324,-0.6571,12,P,425,I,-0.4482,7
-0.5233,-0.0545,7,P,425,K,0.0252,5
-1.536,-0.2783,15,P,425,L,-0.5028,7
0.9241,0.04863,3,P,425,M,0.5388,3
-0.6208,-0.06805,6,P,425,N,0.2658,3
0,0,,P,425,P,0,
2.039,0.07038,7,P,425,Q,0.705,6
-1.449,-0.2498,5,P,425,R,-0.2785,3
-2.201,-0.5812,14,P,425,S,-0.7332,4
-1.109,-0.1583,12,P,425,T,-0.2722,8
-1.392,-0.2326,15,P,425,V,-0.09583,11
-1.818,-0.3864,8,P,425,W,-0.2983,5
-1.885,-0.4161,10,P,425,Y,-0.2326,9
-4.25,-2.891,413,A,426,-,,
0,0,,A,426,A,0,
-1.337,-0.2166,6,A,426,C,-0.1346,5
-0.4494,-0.04504,17,A,426,D,0.3344,11
-1.013,-0.1371,10,A,426,E,0.318,8
1.141,0.05492,4,A,426,F,0.7672,3
-1.058,-0.1468,5,A,426,G,-0.5156,3
-1.026,-0.14,5,A,426,H,-0.05918,4
0.1369,0.01025,10,A,426,I,0.1795,5
-0.7708,-0.0915,9,A,426,K,-0.04563,6
-0.1014,-0.008521,13,A,426,L,-0.07146,9
0.5371,0.03342,7,A,426,M,0.07034,6
-1.273,-0.199,9,A,426,N,0.1231,8
1.241,0.0574,8,A,426,P,-0.3514,5
-1.133,-0.1639,10,A,426,Q,0.07077,6
1.942,0.0693,7,A,426,R,0.2657,4
-0.03595,-0.002927,13,A,426,S,0.01081,6
-0.3623,-0.03473,42,A,426,T,-0.02032,17
-0.4384,-0.0437,20,A,426,V,-0.1406,9
2.059,0.07059,15,A,426,W,0.2146,12
-2.01,-0.4764,5,A,426,Y,-0.2686,4
-2.165,-0.5598,412,D,427,-,,
-0.3124,-0.02918,15,D,427,A,0.4517,10
1.39,0.06066,10,D,427,C,-0.06428,8
0,0,,D,427,D,0,
0.2988,0.02073,10,D,427,E,-0.06145,6
0.3382,0.02304,7,D,427,F,-0.1566,3
-1.365,-0.2246,9,D,427,G,-0.2522,6
0.005366,0.000428,13,D,427,H,-0.1857,9
0.07246,0.005595,13,D,427,I,0.2844,4
0.05267,0.004106,11,D,427,K,0.1066,7
0.4636,0.02982,10,D,427,L,-0.2499,3
-1.241,-0.1904,9,D,427,M,-0.1742,6
0.111,0.008414,60,D,427,N,-0.1676,10
-0.76,-0.0897,8,D,427,P,0.04923,5
-2.633,-0.8826,4,D,427,Q,-1.111,2
-1.096,-0.1553,14,D,427,R,-0.03819,10
-0.0994,-0.008347,8,D,427,S,0.04639,4
1.881,0.06856,9,D,427,T,-0.1647,4
-0.4587,-0.0462,10,D,427,V,0.2038,5
-0.7229,-0.08365,8,D,427,W,-0.3157,5
-1.684,-0.3318,11,D,427,Y,-0.002715,6
-1.386,-0.2306,411,I,428,-,,
0.9248,0.04865,9,I,428,A,0.1223,8
-2.032,-0.4873,15,I,428,C,-0.5112,12
-3.405,-1.682,13,I,428,D,-1.316,8
-2.67,-0.9126,12,I,428,E,-1.071,8
-0.9639,-0.127,8,I,428,F,-0.2053,4
-1.188,-0.177,6,I,428,G,0.7382,3
-1.437,-0.2462,8,I,428,H,-0.1492,5
0,0,,I,428,I,0,
-3.141,-1.37,14,I,428,K,-1.245,10
1.166,0.05557,8,I,428,L,-0.4682,5
-0.6442,-0.07149,11,I,428,M,0.09945,6
-2.235,-0.6015,11,I,428,N,-0.4796,7
1.269,0.05805,7,I,428,P,-0.0381,4
-0.8158,-0.0992,19,I,428,Q,-0.3202,10
-2.364,-0.6833,19,I,428,R,-0.4764,13
-1.486,-0.2618,9,I,428,S,-0.242,4
-1.232,-0.1883,12,I,428,T,-0.1815,5
-0.254,-0.02305,15,I,428,V,0.5753,6
-1.177,-0.1744,14,I,428,W,-0.04111,7
-0.11,-0.009288,13,I,428,Y,-0.05937,11
-5.464,-4.581,4,Q,429,*,-4.341,2
-2.335,-0.6641,414,Q,429,-,,
0.2498,0.01773,12,Q,429,A,-0.02293,4
-0.404,-0.03955,14,Q,429,C,0.1143,6
0.895,0.04767,9,Q,429,D,-0.03727,4
3.006,0.07699,9,Q,429,E,-0.6477,3
0.3474,0.02357,10,Q,429,F,0.3131,6
-1.851,-0.4007,7,Q,429,G,-0.1108,3
-0.697,-0.07954,15,Q,429,H,-0.3831,5
0.3013,0.02088,17,Q,429,I,-0.1148,12
-1.15,-0.1679,22,Q,429,K,0.1389,8
0.4176,0.02743,18,Q,429,L,0.1416,6
-0.5945,-0.06426,12,Q,429,M,-0.4555,4
-1.255,-0.1941,10,Q,429,N,-0.4166,7
-2.828,-1.052,21,Q,429,P,-1.035,11
0,0,,Q,429,Q,0,
-0.8305,-0.1018,24,Q,429,R,0.215,12
0.7019,0.04061,14,Q,429,S,0.1985,10
3.066,0.07723,13,Q,429,T,-0.3755,8
-0.1443,-0.01239,13,Q,429,V,-0.252,5
1.808,0.06761,5,Q,429,W,0.5619,3
-0.4461,-0.04463,11,Q,429,Y,-0.3986,5
-0.5687,-0.06065,8,V,430,-,,
0.3583,0.02418,14,V,430,A,-0.1568,7
-1.25,-0.1929,6,V,430,C,-0.2075,6
-7.902,-5.892,13,V,430,D,-6,11
-6.781,-5.577,21,V,430,E,-5.159,9
-1.182,-0.1756,17,V,430,F,0.02564,8
-2.873,-1.094,14,V,430,G,-0.645,7
-3.333,-1.593,7,V,430,H,-1.458,6
1.516,0.06308,13,V,430,I,-0.1823,8
-5.255,-4.334,8,V,430,K,-3.928,4
-1.379,-0.2286,21,V,430,L,-0.07326,9
-1.194,-0.1785,25,V,430,M,-0.1708,4
-3.729,-2.116,16,V,430,N,-1.974,12
-1.555,-0.2847,13,V,430,P,-1.154,7
-2.035,-0.4893,9,V,430,Q,-0.5496,7
-4.7,-3.574,8,V,430,R,-3.248,4
-2.693,-0.932,9,V,430,S,-1.05,7
-2.195,-0.5772,8,V,430,T,-0.272,4
0,0,,V,430,V,0,
-1.852,-0.4014,9,V,430,W,0.4751,5
-0.1948,-0.01715,9,V,430,Y,0.1373,8
-6.007,-5.104,1,K,431,*,,
-0.02005,-0.00162,8,K,431,-,,
0.3889,0.02588,8,K,431,A,-0.1144,6
-1.898,-0.4223,9,K,431,C,-0.2487,5
2.027,0.07025,14,K,431,D,0.281,10
-0.743,-0.08689,20,K,431,E,-0.1017,11
1.815,0.06771,7,K,431,F,0.283,6
-1.751,-0.3582,8,K,431,G,-0.4302,3
-0.7542,-0.08873,12,K,431,H,0.1981,7
-0.0237,-0.001918,12,K,431,I,-0.05835,9
0,0,,K,431,K,0,
0.9751,0.05023,10,K,431,L,-0.4919,4
-0.115,-0.009729,11,K,431,M,0.4794,6
1.189,0.05614,14,K,431,N,-0.06928,8
-4.519,-3.302,14,K,431,P,-3.663,9
1.532,0.06335,10,K,431,Q,0.3932,6
0.7638,0.04302,7,K,431,R,0.0534,2
0.3105,0.02142,16,K,431,S,-0.1743,9
-0.7698,-0.09133,10,K,431,T,0.2388,4
-1.315,-0.2105,11,K,431,V,-0.2076,8
-0.03653,-0.002975,12,K,431,W,-0.05563,7
1.526,0.06324,14,K,431,Y,0.3917,11
-6.172,-5.229,14,W,432,*,-6,1
-0.6983,-0.07975,8,W,432,-,,
-2.114,-0.5312,8,W,432,A,-0.4513,6
-4.049,-2.584,10,W,432,C,-2.424,6
-8.914,-5.996,9,W,432,D,-6,5
-5.62,-4.748,11,W,432,E,-4.469,9
-0.04645,-0.0038,14,W,432,F,0.284,11
-4.37,-3.075,6,W,432,G,-2.398,2
-3.225,-1.465,6,W,432,H,-1.13,4
-0.8122,-0.09858,10,W,432,I,-0.115,8
-5.662,-4.791,5,W,432,K,-4.677,3
0.1739,0.01279,15,W,432,L,-0.0373,6
-0.01225,-0.000986,10,W,432,M,-0.5818,3
-4.965,-3.953,2,W,432,N,-3.986,2
-3.784,-2.194,9,W,432,P,-2.25,6
-2.825,-1.049,6,W,432,Q,-0.8797,4
-7.679,-5.852,9,W,432,R,-6,5
-4.251,-2.891,8,W,432,S,-2.77,6
-2.248,-0.6092,9,W,432,T,-0.5382,6
-1.846,-0.3988,11,W,432,V,-0.5521,7
0,0,,W,432,W,0,
-1.271,-0.1984,13,W,432,Y,0.2712,7
-0.4014,-0.03925,8,F,433,-,,
-0.57,-0.06084,5,F,433,A,0.0148,2
-1.125,-0.1618,9,F,433,C,-0.00365,6
-0.981,-0.1305,10,F,433,D,-0.4029,7
2.523,0.07447,7,F,433,E,-0.3057,3
0,0,,F,433,F,0,
-1.294,-0.2045,11,F,433,G,-0.04084,7
-0.5042,-0.05199,8,F,433,H,-0.2525,3
0.6034,0.03646,15,F,433,I,-0.1585,9
-0.5687,-0.06065,17,F,433,K,-0.1025,12
0.7706,0.04328,6,F,433,L,-0.2518,2
-1.86,-0.4047,11,F,433,M,0.1584,5
-1.28,-0.2009,8,F,433,N,-0.2775,4
-7.9,-5.891,12,F,433,P,-6,8
-1.573,-0.291,10,F,433,Q,0.1021,8
-4.152e-05,-3.658e-06,13,F,433,R,0.374,8
1.949,0.06938,5,F,433,S,-6,1
1.34,0.05962,8,F,433,T,0.1346,3
0.5277,0.03297,9,F,433,V,0.07055,4
0.2913,0.02028,7,F,433,W,-0.1071,4
-0.7573,-0.08925,6,F,433,Y,-0.04361,3
-0.9668,-0.1276,7,K,434,-,,
0.3283,0.02247,13,K,434,A,0.3279,7
-0.6325,-0.06976,9,K,434,C,0.138,6
-2.398,-0.7064,12,K,434,D,-0.5852,5
-0.3196,-0.02997,15,K,434,E,-0.1358,8
0.7357,0.04195,11,K,434,F,0.01664,6
-1.653,-0.3197,18,K,434,G,-0.4958,12
-0.4051,-0.03969,12,K,434,H,-0.2023,8
0.8612,0.04653,6,K,434,I,-0.2544,5
0,0,,K,434,K,0,
-1.474,-0.2577,6,K,434,L,-0.2127,5
-1.218,-0.1847,11,K,434,M,-0.6296,7
2.176,0.07174,13,K,434,N,-0.5237,9
-3.154,-1.384,15,K,434,P,-1.181,10
-0.7932,-0.0953,12,K,434,Q,0.3097,8
-0.2734,-0.02505,20,K,434,R,0.0562,9
-1.345,-0.2187,14,K,434,S,-0.1987,4
-0.2121,-0.01884,13,K,434,T,0.1928,9
0.1521,0.01131,6,K,434,V,0.1837,5
-1.903,-0.4246,7,K,434,W,-0.172,4
-2.524,-0.7972,7,K,434,Y,-0.8498,6
0.03654,0.002871,7,N,435,-,,
-0.1952,-0.01719,7,N,435,A,0.02557,5
-0.745,-0.08722,7,N,435,C,0.2143,2
0.1422,0.01062,13,N,435,D,-0.0781,5
2.004,0.07,11,N,435,E,0.233,5
-0.2607,-0.02373,10,N,435,F,-0.05699,7
-0.02684,-0.002175,12,N,435,G,-0.1661,8
-1.332,-0.2152,10,N,435,H,-0.1497,6
-2.727,-0.9613,6,N,435,I,0.2358,1
0.1663,0.01228,20,N,435,K,0.3115,12
-1.079,-0.1514,10,N,435,L,-0.03698,5
-1.029,-0.1405,12,N,435,M,0.03025,8
0,0,,N,435,N,0,
-3.186,-1.42,8,N,435,P,-1.354,5
-0.9248,-0.1193,7,N,435,Q,-0.1326,3
-0.7866,-0.09417,12,N,435,R,-0.2062,9
-0.4972,-0.05109,8,N,435,S,-0.4538,2
-0.8883,-0.1123,17,N,435,T,-0.1872,10
-1.602,-0.301,7,N,435,V,-0.3273,7
-1.598,-0.2998,6,N,435,W,-0.3347,3
-1.865,-0.4069,14,N,435,Y,-0.2298,8
-0.1391,-0.01191,6,G,436,-,,
-0.9961,-0.1336,12,G,436,A,-0.1985,6
-0.3085,-0.02877,23,G,436,C,0.3452,4
-0.784,-0.09373,15,G,436,D,-0.01809,5
0.1869,0.01367,9,G,436,E,0.297,4
0.08113,0.006239,8,G,436,F,0.1916,5
0,0,,G,436,G,0,
1.172,0.05572,7,G,436,H,0.1486,7
0.205,0.01486,8,G,436,I,0.1159,5
0.2335,0.0167,12,G,436,K,0.06178,3
-0.7702,-0.0914,9,G,436,L,0.1441,6
-0.9311,-0.1205,11,G,436,M,-0.02915,10
0.01232,0.000979,14,G,436,N,0.09771,10
-3.192,-1.426,13,G,436,P,-1.308,10
-1.717,-0.3447,9,G,436,Q,-0.197,7
2.711,0.0756,6,G,436,R,-0.0737,4
0.2093,0.01514,20,G,436,S,0.007966,9
0.0853,0.006546,7,G,436,T,0.1756,5
-2.126,-0.538,17,G,436,V,-0.2493,8
0.1618,0.01197,14,G,436,W,0.2757,10
-1.557,-0.2855,16,G,436,Y,-0.07708,10
-7.344,-5.774,7,Q,437,*,,
0.3224,0.02213,5,Q,437,-,,
-0.766,-0.09069,11,Q,437,A,-0.1739,4
-2.168,-0.5616,14,Q,437,C,-0.471,7
-0.9756,-0.1294,14,Q,437,D,-0.5042,9
1.975,0.06967,9,Q,437,E,-0.2112,7
1.124,0.05448,13,Q,437,F,-0.107,9
-0.8901,-0.1127,8,Q,437,G,0.2651,4
0.5254,0.03287,28,Q,437,H,-0.02128,17
1.545,0.06359,8,Q,437,I,0.5191,7
-0.4318,-0.04289,17,Q,437,K,-0.1214,9
-0.8862,-0.1119,15,Q,437,L,-0.1332,11
1.666,0.06557,9,Q,437,M,0.5634,6
0.21,0.01519,9,Q,437,N,-0.01829,7
-2.299,-0.6408,20,Q,437,P,-0.2955,8
0,0,,Q,437,Q,0,
1.401,0.06088,14,Q,437,R,-0.1192,5
-1.083,-0.1524,12,Q,437,S,-0.1364,9
0.7116,0.041,18,Q,437,T,0.1092,11
0.6204,0.0372,15,Q,437,V,0.1336,8
-0.5126,-0.05309,20,Q,437,W,-0.02155,11
-0.4544,-0.04566,14,Q,437,Y,-0.2264,11
-8.45,-5.96,9,E,438,*,,
-2.367,-0.6856,6,E,438,-,,
-1.115,-0.1595,13,E,438,A,-0.2446,7
-0.97,-0.1282,9,E,438,C,-0.2027,6
-0.04143,-0.003382,9,E,438,D,0.02138,7
0,0,,E,438,E,0,
-1.573,-0.2908,10,E,438,F,-0.3719,8
0.1265,0.009518,24,E,438,G,0.3588,9
-0.485,-0.04951,9,E,438,H,0.2785,6
-1.319,-0.2116,17,E,438,I,-0.002225,8
-0.939,-0.1221,22,E,438,K,-0.136,4
-0.27,-0.02469,15,E,438,L,0.2889,7
-0.7215,-0.08342,9,E,438,M,0.1689,7
-1.915,-0.43,10,E,438,N,0.08788,8
-0.1993,-0.01759,12,E,438,P,0.1358,9
-1.359,-0.2227,9,E,438,Q,-0.2893,7
0.01013,0.0008067,5,E,438,R,-0.05985,4
-0.6451,-0.07162,11,E,438,S,-0.186,8
-0.6355,-0.0702,11,E,438,T,-0.1614,6
-0.1589,-0.01375,10,E,438,V,-0.4797,6
0.4389,0.02855,10,E,438,W,0.05384,8
-0.958,-0.1258,17,E,438,Y,0.05702,11
-6.633,-5.507,6,E,439,*,,
0.02624,0.002072,3,E,439,-,,
1.307,0.0589,11,E,439,A,-0.03123,7
1.834,0.06796,12,E,439,C,0.2889,9
0.06869,0.005313,12,E,439,D,0.2385,6
0,0,,E,439,E,0,
-1.317,-0.2108,12,E,439,F,0.1381,8
-2.082,-0.514,9,E,439,G,-0.1395,4
-0.5782,-0.06197,13,E,439,H,0.06011,10
-0.2564,-0.02329,10,E,439,I,0.0234,5
-0.2971,-0.02754,67,E,439,K,0.08004,12
0.8744,0.04698,9,E,439,L,0.465,5
1.05,0.05245,2,E,439,M,0.3939,2
-1.878,-0.4129,8,E,439,N,-0.5049,4
-1.996,-0.4692,8,E,439,P,-0.2979,4
0.00558,0.0004452,14,E,439,Q,-0.02577,10
1.068,0.05294,6,E,439,R,0.3176,5
1.635,0.06508,9,E,439,S,0.189,8
0.2176,0.01568,9,E,439,T,-0.1668,5
0.618,0.0371,14,E,439,V,0.05618,9
-0.7561,-0.08905,13,E,439,W,-0.314,7
0.9999,0.05098,7,E,439,Y,0.4448,4
-0.3744,-0.0361,3,T,440,-,,
0.006554,0.0005221,10,T,440,A,-0.1157,4
-0.6506,-0.07245,12,T,440,C,-0.3481,9
-0.2826,-0.02601,10,T,440,D,-0.2548,7
-0.6006,-0.06514,5,T,440,E,-0.05469,5
-0.05664,-0.004658,18,T,440,F,0.1718,12
-0.4117,-0.04047,9,T,440,G,0.3122,6
0.9063,0.04805,10,T,440,H,-0.1036,8
-1.014,-0.1374,13,T,440,I,0.02235,6
0.02394,0.001892,11,T,440,K,0.2026,9
0.3401,0.02314,8,T,440,L,-0.4611,1
1.585,0.06426,11,T,440,M,0.1771,9
-0.494,-0.05067,11,T,440,N,-0.3938,5
0.23,0.01648,10,T,440,P,0.2935,5
-0.09043,-0.00756,15,T,440,Q,-0.00755,10
-0.7417,-0.08669,8,T,440,R,0.08175,4
0.3983,0.02639,12,T,440,S,0.1505,8
0,0,,T,440,T,0,
-0.8315,-0.102,14,T,440,V,-0.01035,12
1.335,0.05952,9,T,440,W,-0.2365,5
0.1725,0.0127,9,T,440,Y,0.1224,8
-6.7,-5.54,1,K,441,*,,
0.3264,0.02236,3,K,441,-,,
2.68,0.07543,12,K,441,A,-0.3635,7
-0.2168,-0.0193,9,K,441,C,0.1688,5
-1.285,-0.2021,7,K,441,D,-0.3166,5
0.6899,0.04012,22,K,441,E,0.04141,12
-0.7174,-0.08277,15,K,441,F,0.3927,12
-0.4625,-0.04667,16,K,441,G,-0.1004,12
-0.225,-0.02012,9,K,441,H,0.1087,5
0.8002,0.04438,18,K,441,I,0.01564,12
0,0,,K,441,K,0,
1.3,0.05875,4,K,441,L,0.05849,3
0.1284,0.009653,8,K,441,M,0.01954,5
-0.1582,-0.01368,16,K,441,N,-0.0615,6
-0.422,-0.0417,16,K,441,P,0.354,7
-0.6751,-0.07615,15,K,441,Q,0.05398,7
-0.6782,-0.07663,19,K,441,R,-0.06319,9
-0.7693,-0.09124,7,K,441,S,0.5707,2
-0.6051,-0.06577,7,K,441,T,0.1059,4
2.141,0.07142,8,K,441,V,-0.05448,7
-0.03517,-0.002862,11,K,441,W,0.2122,9
0.6451,0.03826,13,K,441,Y,0.1282,6
-0.535,-0.05606,2,H,442,-,,
-1.153,-0.1685,8,H,442,A,-0.2802,6
0.3316,0.02266,13,H,442,C,0.2249,8
-1.212,-0.1831,10,H,442,D,0.1688,7
-0.5849,-0.06291,7,H,442,E,-0.04155,4
-0.2624,-0.0239,11,H,442,F,0.01843,10
1.13,0.05464,17,H,442,G,-0.1515,11
0,0,,H,442,H,0,
2.841,0.07626,14,H,442,I,0.3387,10
0.6914,0.04019,7,H,442,K,0.2304,4
-0.7386,-0.08618,13,H,442,L,0.3226,8
-1.049,-0.1448,16,H,442,M,-0.108,9
-0.4618,-0.04658,18,H,442,N,-0.1768,9
-0.6842,-0.07755,16,H,442,P,-0.1506,10
-0.4843,-0.04943,11,H,442,Q,-0.2338,7
1.356,0.05996,15,H,442,R,0.05664,8
-0.58,-0.06222,8,H,442,S,-0.1161,5
2.453,0.07399,15,H,442,T,-0.05904,11
0.1052,0.007998,14,H,442,V,0.19,8
2.277,0.07264,7,H,442,W,-0.4057,4
0.2178,0.01569,44,H,442,Y,0.03763,14
-3.22,-1.459,3,V,443,-,,
-1.596,-0.2992,2,V,443,A,-0.3458,2
-1.696,-0.3363,10,V,443,C,0.05003,8
-1.906,-0.4259,11,V,443,D,-0.8337,5
-1.228,-0.1872,10,V,443,E,0.0619,6
-0.8541,-0.106,6,V,443,F,0.08337,4
-0.1825,-0.01597,15,V,443,G,-0.2295,7
-1.347,-0.2195,11,V,443,H,-0.1956,10
-0.5259,-0.05484,11,V,443,I,-0.07472,10
-1.508,-0.2689,11,V,443,K,0.0963,4
-0.1163,-0.009851,12,V,443,L,-0.0006,4
0.05395,0.004204,18,V,443,M,0.3979,7
-1.235,-0.1888,11,V,443,N,-0.2758,8
-0.4311,-0.04281,12,V,443,P,0.096,7
0.702,0.04061,4,V,443,Q,0.2809,2
0.09668,0.007379,9,V,443,R,-0.05597,5
2.172,0.07171,16,V,443,S,-0.3263,9
1.406,0.06098,11,V,443,T,-0.1682,8
0,0,,V,443,V,0,
1.966,0.06958,13,V,443,W,0.06158,11
-0.1304,-0.01112,3,V,444,-,,
-0.8683,-0.1086,13,V,444,A,0.2515,7
-1.449,-0.25,12,V,444,C,-0.4324,8
3.361,0.07821,9,V,444,D,-0.02587,5
0.3989,0.02642,13,V,444,E,0.373,6
-1.21,-0.1825,12,V,444,F,0.05602,7
2.302,0.07284,9,V,444,G,-0.2855,6
0.1255,0.009447,17,V,444,H,-0.01347,11
-1.054,-0.1458,8,V,444,I,-0.029,6
-0.2787,-0.02559,12,V,444,K,-0.3589,8
-1.309,-0.2086,12,V,444,L,-0.1326,8
0.06751,0.005225,17,V,444,M,-0.06492,9
-0.8039,-0.09714,12,V,444,N,0.4344,5
-0.2347,-0.02109,8,V,444,P,-0.549,4
-0.6017,-0.06529,11,V,444,Q,0.1983,8
2.106,0.07107,9,V,444,R,0.00835,6
0.1318,0.009895,18,V,444,S,-0.06034,9
-0.6973,-0.07959,11,V,444,T,0.04331,8
0,0,,V,444,V,0,
-0.7219,-0.08348,12,V,444,W,-0.02379,9
0.5203,0.03262,6,V,444,Y,0.1529,4
-1.321,-0.2121,4,S,445,-,,
-0.05285,-0.004338,10,S,445,A,0.2569,6
0.1443,0.01077,11,S,445,C,0.2983,8
-2.13,-0.54,8,S,445,D,0.1442,4
-0.3097,-0.02889,4,S,445,E,-0.1183,3
0.5531,0.03417,13,S,445,F,0.2551,8
1.134,0.05475,14,S,445,G,-0.187,4
-0.1248,-0.01061,15,S,445,H,0.2081,11
1.56,0.06385,20,S,445,I,0.07203,11
0.8159,0.04494,8,S,445,K,-0.01409,7
-0.1707,-0.01485,8,S,445,L,0.2941,4
0.5177,0.03249,12,S,445,M,0.0826,12
-0.404,-0.03956,20,S,445,N,-0.2091,6
-0.2354,-0.02115,3,S,445,P,-0.0652,3
-0.2263,-0.02025,15,S,445,Q,0.2026,9
-1.248,-0.1924,18,S,445,R,0.09463,15
0,0,,S,445,S,0,
-0.3713,-0.03575,9,S,445,T,0.78,2
0.2195,0.0158,9,S,445,V,0.2003,4
-0.361,-0.03457,7,S,445,W,0.4078,2
-0.6287,-0.06919,9,S,445,Y,0.2939,8
-1.872,-0.4103,4,T,446,-,,
-1.184,-0.1762,16,T,446,A,0.1352,5
-0.5265,-0.05493,13,T,446,C,-0.1621,9
0.7634,0.04301,3,T,446,D,0.001638,3
-0.7345,-0.08551,19,T,446,E,-0.2276,11
-1.04,-0.1429,8,T,446,F,0.1389,7
0.9048,0.048,12,T,446,G,-0.06071,6
-0.3431,-0.03256,12,T,446,H,-0.1581,6
-1.53,-0.276,21,T,446,I,-0.6481,11
-0.602,-0.06534,19,T,446,K,-0.285,11
-0.4319,-0.0429,7,T,446,L,0.2892,4
-0.928,-0.1199,12,T,446,M,0.1058,8
-0.7086,-0.08137,17,T,446,N,0.0373,11
-0.8797,-0.1107,18,T,446,P,-0.0404,6
-1.755,-0.3597,14,T,446,Q,-0.1346,9
2.154,0.07154,11,T,446,R,0.1825,5
0.7672,0.04315,7,T,446,S,-0.2005,4
0,0,,T,446,T,0,
-1.558,-0.2858,15,T,446,V,-0.1872,12
-0.1558,-0.01345,14,T,446,W,-0.3356,7
-0.8296,-0.1016,13,T,446,Y,-0.1206,6
-0.5166,-0.05361,13,D,447,A,0.03575,7
-0.7948,-0.09556,11,D,447,C,0.2411,9
0,0,,D,447,D,0,
1.685,0.06586,16,D,447,E,0.292,8
-0.7685,-0.09111,9,D,447,F,0.4061,6
0.467,0.02999,22,D,447,G,0.03775,13
1.246,0.05753,13,D,447,H,-0.0572,8
0.6751,0.03952,10,D,447,I,0.1054,8
-0.4214,-0.04163,11,D,447,K,0.1685,6
0.002622,0.0002093,7,D,447,L,-0.4652,4
0.8465,0.04603,8,D,447,M,0.3105,4
-0.07426,-0.006159,20,D,447,N,-0.2459,4
3.27,0.07793,18,D,447,P,-0.001544,11
0.9004,0.04785,11,D,447,Q,0.046,5
3.665,0.07895,14,D,447,R,0.3059,7
-0.7933,-0.09531,18,D,447,S,0.008048,7
-1.602,-0.3012,6,D,447,T,-0.1869,5
0.0197,0.001561,15,D,447,V,-0.2678,4
0.4209,0.0276,12,D,447,W,-0.1951,6
-0.5268,-0.05496,13,D,447,Y,0.4971,5
-3.256,-1.501,1,V,448,-,-1.495,1
-0.6843,-0.07757,11,V,448,A,0.2946,9
-0.1144,-0.009676,15,V,448,C,0.1276,8
1.086,0.05345,9,V,448,D,-0.3885,5
-1.933,-0.4383,16,V,448,E,-0.5053,13
-1.028,-0.1404,14,V,448,F,0.02404,9
-0.292,-0.027,13,V,448,G,-0.1084,8
-0.8104,-0.09827,8,V,448,H,0.107,2
-1.617,-0.3066,12,V,448,I,-0.1941,5
-1.323,-0.2126,7,V,448,K,-0.2873,4
-0.3772,-0.03642,16,V,448,L,0.1063,9
-0.9027,-0.1151,21,V,448,M,0.4204,8
-0.9975,-0.1339,16,V,448,N,0.003584,13
0.05172,0.004034,9,V,448,P,0.1733,6
-1.135,-0.1642,16,V,448,Q,-0.5092,3
-1.546,-0.2815,14,V,448,R,-0.007542,11
0.5807,0.03544,10,V,448,S,0.3398,6
0.3158,0.02174,7,V,448,T,-0.1895,2
0,0,,V,448,V,0,
0.6568,0.03876,9,V,448,W,0.0869,3
-1.524,-0.2741,9,V,448,Y,0.2012,5
-1.383,-0.2298,8,I,449,A,-0.05349,5
-0.7186,-0.08295,13,I,449,C,-0.06547,5
-1.977,-0.4599,13,I,449,D,-0.08708,8
-1.7,-0.3379,9,I,449,E,-0.1195,4
2.027,0.07025,7,I,449,F,0.2225,1
0.981,0.05041,9,I,449,G,-0.2012,5
1.363,0.06011,11,I,449,H,0.07316,5
0,0,,I,449,I,0,
-1.718,-0.345,4,I,449,K,-0.2795,3
-1.743,-0.3551,26,I,449,L,-0.351,12
-0.01266,-0.00102,12,I,449,M,0.3112,7
-1.137,-0.1648,12,I,449,N,-0.01116,5
-3.457,-1.748,14,I,449,P,-1.858,10
-1.483,-0.2607,9,I,449,Q,-0.01661,4
0.4237,0.02775,12,I,449,R,-0.2043,8
-0.918,-0.118,8,I,449,S,-0.1005,5
-1.715,-0.3439,13,I,449,T,0.05189,8
-0.7966,-0.09588,13,I,449,V,0.1355,8
-1.994,-0.4683,8,I,449,W,0.00355,4
-0.6468,-0.07187,10,I,449,Y,-0.2808,7
-1.404,-0.2362,1,Q,450,*,,
1.517,0.06308,6,Q,450,A,-0.1068,4
0.7909,0.04403,11,Q,450,C,0.5545,8
1.759,0.06693,12,Q,450,D,0.3477,9
-0.02661,-0.002156,10,Q,450,E,0.1174,7
-0.5001,-0.05146,13,Q,450,F,0.4181,9
-0.00936,-0.0007526,11,Q,450,G,-0.1454,5
4.165,0.07978,27,Q,450,H,0.01095,13
-0.05106,-0.004188,11,Q,450,I,0.09925,5
-0.07357,-0.0061,7,Q,450,K,0.2373,4
-1.21,-0.1825,13,Q,450,L,-0.432,5
0.8623,0.04657,8,Q,450,N,-0.06901,3
-0.4084,-0.04007,28,Q,450,P,-0.198,12
0,0,,Q,450,Q,0,
-0.002164,-0.0001734,24,Q,450,R,-0.01745,6
1.029,0.05184,11,Q,450,S,0.1303,8
0.5474,0.03391,8,Q,450,T,0.4444,4
-1.413,-0.2389,14,Q,450,V,0.3256,10
1.54,0.06349,7,Q,450,W,-0.3087,4
0.7348,0.04191,10,Q,450,Y,0.2354,7
-1.634,-0.3127,5,N,451,A,-0.6075,1
0.8083,0.04467,9,N,451,C,0.2419,8
-1.923,-0.4337,14,N,451,D,-0.08213,7
1.397,0.0608,9,N,451,E,0.5717,2
-2.793,-1.02,14,N,451,F,-1.046,8
-0.4895,-0.05009,7,N,451,G,-0.05895,4
-0.932,-0.1207,14,N,451,H,0.3577,5
-2.124,-0.537,4,N,451,I,-0.5924,3
-0.4525,-0.04543,7,N,451,K,0.0211,5
-1.073,-0.15,3,N,451,L,0.1631,2
-0.499,-0.05132,4,N,451,M,-0.02428,1
0,0,,N,451,N,0,
-2.656,-0.9015,6,N,451,P,-1.044,5
0.4922,0.03125,7,N,451,Q,0.1494,5
1.546,0.0636,7,N,451,R,0.4546,4
-1.646,-0.3174,10,N,451,S,-0.7393,5
-1.123,-0.1616,5,N,451,T,-0.279,2
-1.25,-0.1928,5,N,451,V,-0.2815,5
-4.052,-2.588,4,N,451,W,-2.329,3
-3.523,-1.833,10,N,451,Y,-1.998,3
-0.8845,-0.1116,9,G,452,A,0.08054,3
-2.318,-0.6531,10,G,452,C,-0.5699,4
-3.918,-2.389,14,G,452,D,-2.047,3
-3.491,-1.792,9,G,452,E,-1.869,6
-3.081,-1.304,18,G,452,F,-1.389,12
0,0,,G,452,G,0,
-2.37,-0.6874,8,G,452,H,-0.5717,3
-2.988,-1.207,11,G,452,I,-1.067,6
-2.545,-0.8134,10,G,452,K,-0.7986,9
-3.958,-2.447,7,G,452,L,-2.355,5
-0.9969,-0.1337,11,G,452,M,-0.382,3
-2.322,-0.656,9,G,452,N,-0.368,6
-1.083,-0.1524,11,G,452,P,0.3405,7
-2.036,-0.4894,14,G,452,Q,-0.6651,7
-3.001,-1.22,11,G,452,R,-2.093,4
-0.3378,-0.03197,12,G,452,S,-0.2379,3
-3.246,-1.489,9,G,452,T,-1.685,5
-3.18,-1.413,14,G,452,V,-1.043,6
-4.183,-2.787,14,G,452,W,-2.682,9
-3.207,-1.444,11,G,452,Y,-1.551,7
-4.032,-2.558,2,D,453,-,,
-0.6489,-0.07218,10,D,453,A,0.7332,7
-0.9803,-0.1303,5,D,453,C,-0.1942,4
0,0,,D,453,D,0,
-0.2,-0.01765,8,D,453,E,0.1564,2
-1.679,-0.3299,5,D,453,F,-0.2451,3
-0.6758,-0.07626,5,D,453,G,-0.2265,3
0.7962,0.04423,6,D,453,H,,
-1.29,-0.2035,9,D,453,I,0.1483,5
-0.5785,-0.06201,7,D,453,K,0.7642,5
-2.226,-0.5959,9,D,453,L,-0.08108,4
-0.2299,-0.02061,9,D,453,M,-0.07285,4
1.741,0.06669,20,D,453,N,1.238,6
-0.6444,-0.07152,7,D,453,P,-0.4187,2
0.5174,0.03248,10,D,453,Q,0.8755,6
1.702,0.06612,10,D,453,R,0.664,5
-3.673,-2.037,6,D,453,S,-2.049,4
-4.347,-3.038,8,D,453,T,-2.666,5
0.04985,0.003892,2,D,453,V,-0.08803,1
0.3193,0.02194,9,D,453,W,-0.114,6
-1.927,-0.4358,11,D,453,Y,-0.751,6
-13.77,-6.056,126,W,454,*,-6,18
-0.7582,-0.08939,1,W,454,-,,
-3.212,-1.45,10,W,454,A,-1.328,8
-1.456,-0.2521,14,W,454,C,-0.1218,5
-5.501,-4.623,8,W,454,D,-4.761,4
-5.85,-4.97,5,W,454,E,-4.402,4
-1.029,-0.1405,9,W,454,F,-0.4685,4
-2.501,-0.7799,4,W,454,G,-1.089,2
-1.981,-0.4617,12,W,454,H,-0.5531,9
-2.593,-0.8503,10,W,454,I,-1.151,6
-5.213,-4.282,12,W,454,K,-4.323,7
-2.868,-1.089,8,W,454,L,-0.9782,4
-3.132,-1.36,6,W,454,M,-1.34,4
-3.1,-1.324,8,W,454,N,-1.186,4
-5.152,-4.204,11,W,454,P,-4.343,7
-3.167,-1.399,9,W,454,Q,-1.478,8
-4.842,-3.78,11,W,454,R,-3.84,9
-2.835,-1.058,10,W,454,S,-1.54,4
-3.187,-1.422,7,W,454,T,-1.593,3
-2.044,-0.4936,6,W,454,V,-0.1604,3
0,0,,W,454,W,0,
-1.402,-0.2355,8,W,454,Y,-0.3861,4
-0.2083,-0.01846,1,T,455,-,,
-0.7928,-0.09523,18,T,455,A,-0.1332,13
0.4035,0.02667,13,T,455,C,-0.1732,11
3.116,0.07741,8,T,455,D,-0.4485,5
-1.468,-0.2558,16,T,455,E,-0.3645,12
1.106,0.054,7,T,455,F,0.4935,5
-0.3233,-0.03038,11,T,455,G,-0.09474,8
3.213,0.07775,7,T,455,H,0.6726,4
-1.442,-0.2478,12,T,455,I,-0.1965,5
0.2016,0.01464,9,T,455,K,0.1461,5
-0.4403,-0.04392,13,T,455,L,0.07493,9
-1.265,-0.1968,12,T,455,M,0.1715,8
-1.72,-0.3456,12,T,455,N,0.1511,6
-5.258,-4.338,8,T,455,P,-3.771,3
-0.887,-0.1121,13,T,455,Q,-0.3123,8
2.196,0.07193,7,T,455,R,0.4224,6
-0.8494,-0.1052,6,T,455,S,0.2879,4
0,0,,T,455,T,0,
0.2707,0.01903,13,T,455,V,-0.03387,6
-1.533,-0.2771,8,T,455,W,-0.4091,6
0.3585,0.02419,13,T,455,Y,0.1205,12
-10.13,-6.039,1,Y,456,*,,
-0.4164,-0.04103,1,Y,456,-,,
-0.6062,-0.06594,6,Y,456,A,0.04394,3
-2.21,-0.5863,12,Y,456,C,0.4314,2
-2.543,-0.8118,7,Y,456,D,-1.416,1
-2.677,-0.9185,6,Y,456,E,-0.92,5
-0.6154,-0.06726,16,Y,456,F,-0.06194,11
-1.187,-0.1769,5,Y,456,G,0.4132,3
-0.2901,-0.0268,22,Y,456,H,-0.05926,10
-2.123,-0.5363,11,Y,456,I,-0.2074,7
-1.465,-0.2551,9,Y,456,K,0.2527,4
-2.078,-0.5119,9,Y,456,L,-0.1374,6
-2.249,-0.6101,8,Y,456,M,-0.9588,4
-1.348,-0.2198,6,Y,456,N,-0.2581,5
-4.842,-3.78,13,Y,456,P,-3.764,10
-1.169,-0.1723,12,Y,456,Q,-0.5878,7
-0.01782,-0.001437,8,Y,456,R,0.4061,5
-1.693,-0.3352,15,Y,456,S,-0.2605,11
-1.338,-0.2168,14,Y,456,T,-0.01497,7
-2.18,-0.5687,4,Y,456,V,-0.3558,2
-0.689,-0.07829,12,Y,456,W,0.09248,7
0,0,,Y,456,Y,0,
-7.011,-5.669,9,Q,457,*,-6,1
0.1749,0.01286,1,Q,457,-,,
-0.02653,-0.00215,10,Q,457,A,0.001325,8
-0.6176,-0.06758,13,Q,457,C,0.05857,7
-1.073,-0.15,7,Q,457,D,-0.1632,4
-1.408,-0.2374,9,Q,457,E,0.3302,3
-1.854,-0.4022,9,Q,457,F,-0.3501,5
-0.3163,-0.02961,10,Q,457,G,-0.2658,5
-0.7715,-0.09162,6,Q,457,H,0.3622,3
-2.221,-0.5928,6,Q,457,I,-0.2452,5
-2.036,-0.4894,9,Q,457,K,-0.06811,4
-1.573,-0.291,6,Q,457,L,-0.3609,4
2.065,0.07066,15,Q,457,M,-0.5143,9
-1.43,-0.2441,4,Q,457,N,-0.06693,4
-9.716,-6.029,10,Q,457,P,-6,3
0,0,,Q,457,Q,0,
-0.07286,-0.00604,28,Q,457,R,-0.08195,9
2.304,0.07286,9,Q,457,S,0.5677,8
-1.298,-0.2056,12,Q,457,T,-0.2249,9
-2.044,-0.4939,10,Q,457,V,-0.5804,8
-0.7629,-0.09018,14,Q,457,W,0.08084,11
6.021,0.08085,8,Q,457,Y,0.2083,4
-1.164,-0.1712,1,V,458,-,,
1.649,0.06531,11,V,458,A,0.6245,7
-0.9625,-0.1267,9,V,458,C,-0.5617,6
-2.38,-0.694,9,V,458,D,-0.3152,5
-1.713,-0.3431,10,V,458,E,-0.5955,7
-1.161,-0.1706,11,V,458,F,-0.1744,10
-0.456,-0.04586,7,V,458,G,-0.0784,3
-0.8803,-0.1108,8,V,458,H,0.4116,7
-0.8784,-0.1105,13,V,458,I,0.01921,12
-0.9196,-0.1183,11,V,458,K,0.17,7
-1.447,-0.2494,12,V,458,L,0.3117,3
-0.1628,-0.01411,13,V,458,M,-0.2623,9
-1.672,-0.3272,6,V,458,N,0.2302,4
-7.933,-5.897,9,V,458,P,-6,7
0.8228,0.04519,12,V,458,Q,0.05686,9
-0.281,-0.02584,14,V,458,R,-0.4351,11
-1.362,-0.2238,16,V,458,S,-0.2217,13
-1.471,-0.2569,8,V,458,T,-0.1845,6
0,0,,V,458,V,0,
-0.647,-0.0719,9,V,458,W,0.123,7
-1.347,-0.2194,8,V,458,Y,0.407,4
-1.035,-0.1418,1,L,459,-,,
-0.2364,-0.02125,7,L,459,A,-0.05406,5
-0.2756,-0.02527,12,L,459,C,-0.1584,8
-2.369,-0.6867,10,L,459,D,-0.8333,8
-2.534,-0.8044,13,L,459,E,-0.7144,8
-1.35,-0.2202,4,L,459,F,0.3329,1
0.7807,0.04366,6,L,459,G,0.1898,5
-0.2287,-0.02049,7,L,459,H,-0.09196,3
0.887,0.04741,9,L,459,I,0.1945,5
-1.964,-0.4533,8,L,459,K,-0.3415,6
0,0,,L,459,L,0,
-0.7729,-0.09186,13,L,459,M,0.3284,6
0.3571,0.02412,7,L,459,N,-0.1021,3
-4.342,-3.031,15,L,459,P,-2.816,7
0.5712,0.03501,19,L,459,Q,-0.2755,8
-2.365,-0.684,6,L,459,R,-0.2758,4
1.875,0.06849,5,L,459,S,0.37,4
0.02334,0.001845,14,L,459,T,-0.1838,7
-2.112,-0.5301,9,L,459,V,-0.3019,7
-1.663,-0.3235,11,L,459,W,-0.4586,6
1.147,0.05507,7,L,459,Y,-0.0416,7
-0.9089,-0.1162,1,V,460,-,,
-0.1096,-0.009251,7,V,460,A,0.7304,1
-1.669,-0.3261,8,V,460,C,-0.5711,3
-1.785,-0.3722,8,V,460,D,-0.000445,6
-2.255,-0.6135,7,V,460,E,-0.6748,7
-0.3802,-0.03678,5,V,460,F,0.288,3
1.454,0.06192,7,V,460,G,0.2714,6
1.125,0.0545,14,V,460,H,-0.07803,11
1.639,0.06514,4,V,460,I,-0.06105,3
2.403,0.07363,6,V,460,K,0.2143,2
0.1606,0.01189,10,V,460,L,-0.00625,8
-1.551,-0.2835,11,V,460,M,0.2778,6
1.979,0.06972,8,V,460,N,0.02243,6
-3.277,-1.526,8,V,460,P,-1.663,7
-1.27,-0.1981,4,V,460,Q,,
-0.1163,-0.009853,11,V,460,R,0.1286,7
-1.476,-0.2585,6,V,460,S,-1.206,2
0.5968,0.03616,10,V,460,T,0.01997,7
0,0,,V,460,V,0,
-1.072,-0.1499,12,V,460,W,-0.1702,9
-1.451,-0.2505,5,V,460,Y,-0.454,2
-0.5696,-0.06077,1,M,461,-,,
-0.6772,-0.07648,11,M,461,A,0.2598,6
-0.05938,-0.004889,9,M,461,C,-0.009191,6
-1.01,-0.1365,11,M,461,D,-0.4436,9
-1.544,-0.281,10,M,461,E,-0.011,6
0.5218,0.03269,8,M,461,F,0.2238,4
-0.3209,-0.03011,10,M,461,G,0.184,6
1.562,0.06388,9,M,461,H,0.3,9
0.5269,0.03294,32,M,461,I,0.1587,13
0.3205,0.02201,8,M,461,K,0.3376,5
1.035,0.05202,8,M,461,L,0.1649,4
0,0,,M,461,M,0,
0.8225,0.04518,8,M,461,N,0.1811,5
-0.7044,-0.0807,14,M,461,P,0.1294,9
-0.2146,-0.01909,9,M,461,Q,0.2026,3
1.32,0.05919,5,M,461,R,-0.00385,2
-1.771,-0.3664,7,M,461,S,-0.5565,5
-0.5797,-0.06219,9,M,461,T,0.2283,6
0.6289,0.03757,7,M,461,V,0.8865,4
0.8844,0.04732,6,M,461,W,0.2516,4
1.413,0.06113,8,M,461,Y,0.1673,5
-1.356,-0.2219,9,L,462,A,-0.4654,5
-2.168,-0.5615,16,L,462,C,-0.36,8
-1.185,-0.1763,8,L,462,D,-0.4899,2
-0.4544,-0.04566,11,L,462,E,-0.289,5
1.57,0.06401,14,L,462,F,0.02313,7
-1.62,-0.3075,7,L,462,G,0.07647,4
0.1159,0.008765,7,L,462,H,0.1497,6
0.05979,0.004646,7,L,462,I,-0.3921,4
-0.6042,-0.06565,5,L,462,K,0.04039,3
0,0,,L,462,L,0,
-1.379,-0.2286,11,L,462,M,-0.4445,8
-4.208,-2.826,8,L,462,N,-2.534,3
-2.531,-0.8022,20,L,462,P,-0.2753,8
3.234,0.07782,11,L,462,Q,-0.06292,7
-1.495,-0.2647,17,L,462,R,-0.3637,10
-1.404,-0.236,10,L,462,S,-0.5174,5
0.39,0.02594,6,L,462,T,-0.1502,4
-0.3142,-0.02939,9,L,462,V,0.1631,7
-0.3963,-0.03865,12,L,462,W,-0.1032,6
1.223,0.05698,9,L,462,Y,0.3031,6
-14.06,-6.057,1,E,463,*,,
-1.388,-0.2312,5,E,463,A,-0.2909,5
-1.958,-0.4506,13,E,463,C,-0.3085,11
2.276,0.07263,11,E,463,D,0.01608,8
0,0,,E,463,E,0,
-1.004,-0.1352,13,E,463,F,-0.2898,9
-0.09447,-0.007914,16,E,463,G,-0.1217,7
1.432,0.0615,9,E,463,H,0.1232,8
1.892,0.06869,15,E,463,I,-0.1042,11
-0.09311,-0.007795,42,E,463,K,0.02615,10
-1.386,-0.2308,7,E,463,L,-0.3728,6
-1.609,-0.3038,13,E,463,M,-0.2619,8
1.647,0.06527,8,E,463,N,0.6351,4
0.03503,0.002754,11,E,463,P,0.1224,7
-1.413,-0.2387,8,E,463,Q,-0.3466,2
0.4465,0.02894,7,E,463,R,0.3844,4
1.866,0.06837,14,E,463,S,0.1758,14
-0.007091,-0.0005693,6,E,463,T,0.2815,4
1.186,0.05607,10,E,463,V,0.03077,7
2.557,0.07469,13,E,463,W,0.06608,8
0.3134,0.0216,13,E,463,Y,-0.1068,10
1.684,0.06585,6,S,464,A,0.6487,4
-0.03793,-0.003091,10,S,464,C,0.2632,4
-1.555,-0.2847,7,S,464,D,-0.2743,6
0.2155,0.01555,7,S,464,E,0.01019,5
0.5768,0.03526,11,S,464,F,-0.5298,7
-0.4495,-0.04505,25,S,464,G,0.3496,15
-0.3769,-0.03639,15,S,464,H,-0.04623,7
-0.7079,-0.08126,12,S,464,I,-0.2576,9
0.3418,0.02324,10,S,464,K,-0.1668,5
0.9489,0.04942,19,S,464,L,0.05166,17
1.559,0.06383,13,S,464,M,0.3449,8
-0.891,-0.1128,25,S,464,N,0.02223,9
1.016,0.05146,6,S,464,P,-0.1471,2
-0.4839,-0.04938,9,S,464,Q,-0.1848,5
-0.4607,-0.04644,12,S,464,R,-0.02383,5
0,0,,S,464,S,0,
-0.6743,-0.07603,11,S,464,T,-0.478,5
-0.7293,-0.08467,14,S,464,V,-0.03598,12
-0.9621,-0.1266,13,S,464,W,-0.1595,7
0.04639,0.003628,11,S,464,Y,-0.3477,6
-1.606,-0.3026,10,T,465,A,-0.1376,4
-3.011,-1.231,8,T,465,C,-0.8497,3
-0.4533,-0.04552,3,T,465,D,-0.4217,1
-1.918,-0.4316,4,T,465,E,0.04516,3
-1.51,-0.2694,8,T,465,F,-0.4484,6
-1.285,-0.202,12,T,465,G,0.09564,11
0.2142,0.01546,13,T,465,H,0.02002,9
2.491,0.07426,15,T,465,I,-0.2107,9
0.7743,0.04342,8,T,465,K,-0.09054,5
-0.8776,-0.1103,14,T,465,L,-0.4722,10
0.1772,0.01302,8,T,465,M,-0.04005,5
-0.2466,-0.02229,7,T,465,N,-0.1261,4
-0.03646,-0.002969,11,T,465,P,0.695,5
-1.858,-0.4041,8,T,465,Q,0.1961,3
-1.287,-0.2028,7,T,465,R,-0.08812,4
-0.05003,-0.004101,12,T,465,S,0.008555,8
0,0,,T,465,T,0,
0.5534,0.03418,13,T,465,V,-0.1019,6
0.1793,0.01316,3,T,465,W,-0.2787,1
-0.0408,-0.003329,15,T,465,Y,-0.09728,9
-0.2881,-0.02659,14,P,466,A,0.2666,9
-0.4704,-0.04766,10,P,466,C,-0.2701,7
1.395,0.06076,6,P,466,D,0.6419,4
-0.8888,-0.1124,7,P,466,E,-0.1215,5
-0.9917,-0.1327,11,P,466,F,0.2198,8
1.133,0.05472,10,P,466,G,-0.08835,4
-0.7042,-0.08067,10,P,466,H,-0.00586,4
0.2408,0.01717,6,P,466,I,-0.1692,3
1.527,0.06327,8,P,466,K,0.2491,7
1.006,0.05117,9,P,466,L,0.391,4
-0.6608,-0.07398,7,P,466,M,0.05196,5
0.4238,0.02776,4,P,466,N,-0.08925,4
0,0,,P,466,P,0,
-1.361,-0.2235,10,P,466,Q,-0.005275,6
-0.7269,-0.08429,10,P,466,R,-0.3816,8
-0.5863,-0.06311,18,P,466,S,-0.07931,13
-1.133,-0.1639,9,P,466,T,-0.1943,6
0.03178,0.002502,10,P,466,V,-0.1773,7
1.318,0.05915,5,P,466,W,0.5487,5
-0.3323,-0.03137,10,P,466,Y,0.2493,5
-10.98,-6.049,6,Q,467,*,-6,2
-0.2726,-0.02496,1,Q,467,-,,
0.1271,0.009562,15,Q,467,A,-0.1297,8
-2.174,-0.565,3,Q,467,C,-0.291,2
-1.408,-0.2373,9,Q,467,D,0.1453,3
0.3761,0.02517,6,Q,467,E,0.1026,3
1.16,0.05541,1,Q,467,F,0.9866,1
0.2048,0.01485,12,Q,467,G,-0.1655,11
-0.2462,-0.02225,13,Q,467,H,-0.2311,7
-1.242,-0.1909,7,Q,467,I,-0.51,6
-0.06893,-0.005703,17,Q,467,K,0.2701,9
1.2,0.05642,9,Q,467,L,0.3622,4
0.1171,0.008851,7,Q,467,M,0.01026,4
0.3033,0.021,6,Q,467,N,0.02671,5
0.6548,0.03867,1,Q,467,P,0.3225,1
0,0,,Q,467,Q,0,
0.7691,0.04322,23,Q,467,R,0.1502,12
-1.415,-0.2394,10,Q,467,S,-0.08921,7
0.04472,0.0035,16,Q,467,T,0.1712,9
-1.916,-0.4304,11,Q,467,V,-0.1597,7
-0.219,-0.01952,20,Q,467,W,0.04668,12
2.795,0.07604,12,Q,467,Y,-0.02664,9
-0.7302,-0.08481,1,H,468,-,,
0.389,0.02589,7,H,468,A,-0.0582,4
0.8704,0.04684,6,H,468,C,-0.0249,2
-2.359,-0.6805,11,H,468,D,-0.4475,6
0.949,0.04942,6,H,468,E,-0.1901,4
1.683,0.06582,10,H,468,F,0.255,8
0.3443,0.02338,8,H,468,G,0.02382,6
0,0,,H,468,H,0,
0.8986,0.04779,9,H,468,I,0.4778,6
-0.4407,-0.04397,11,H,468,K,0.02015,8
-0.3464,-0.03293,5,H,468,L,0.3272,4
0.03794,0.002979,6,H,468,M,0.09421,5
-0.1765,-0.0154,8,H,468,N,0.05808,6
-1.132,-0.1636,5,H,468,P,-0.2131,5
-0.09432,-0.007901,16,H,468,Q,-0.2252,8
-0.1321,-0.01128,18,H,468,R,-0.2582,8
0.4123,0.02714,12,H,468,S,0.2315,10
-1.569,-0.2894,10,H,468,T,-0.2334,8
0.7076,0.04084,10,H,468,V,0.09205,10
-1.177,-0.1744,8,H,468,W,0.2911,3
1.538,0.06346,18,H,468,Y,-0.1331,8
-0.7682,-0.09106,2,G,469,-,,
-0.9563,-0.1255,7,G,469,A,-0.09731,4
-0.8823,-0.1112,9,G,469,C,-0.2124,4
-0.4974,-0.05111,18,G,469,D,-0.271,3
-0.7561,-0.08905,5,G,469,E,-0.5637,3
-1.309,-0.2086,10,G,469,F,0.4896,5
0,0,,G,469,G,0,
0.3051,0.02111,11,G,469,H,0.6722,7
-0.8092,-0.09806,6,G,469,I,0.1178,3
-1.725,-0.3476,12,G,469,K,-0.1111,9
0.4194,0.02752,9,G,469,L,0.6086,6
-0.7885,-0.09449,6,G,469,M,0.3569,4
0.7389,0.04207,7,G,469,N,-0.1862,4
0.2119,0.01531,12,G,469,P,-0.1462,10
0.5352,0.03333,7,G,469,Q,-0.1616,4
-1.767,-0.3648,6,G,469,R,-0.1207,4
-0.05208,-0.004273,15,G,469,S,-0.2162,4
-1.399,-0.2346,10,G,469,T,0.2024,5
-0.6687,-0.07518,14,G,469,V,-0.4727,3
1.449,0.06183,12,G,469,W,0.1427,10
-2.193,-0.5762,9,G,469,Y,-0.7618,3
-0.6645,-0.07454,3,D,470,-,,
-0.8398,-0.1034,9,D,470,A,0.1646,6
-0.7126,-0.08201,17,D,470,C,0.1442,8
0,0,,D,470,D,0,
-0.4096,-0.04022,10,D,470,E,-0.5032,4
2.278,0.07264,8,D,470,F,0.1105,6
-2.016,-0.4796,11,D,470,G,-0.3205,5
0.7753,0.04345,11,D,470,H,0.4725,9
2.274,0.07262,8,D,470,I,0.8994,4
0.7011,0.04058,7,D,470,K,-0.04695,6
2.302,0.07285,12,D,470,L,0.08377,10
-0.8176,-0.09952,7,D,470,M,-0.1957,3
-0.2514,-0.02278,20,D,470,N,0.3447,9
-0.2097,-0.0186,11,D,470,P,0.0291,5
-1.777,-0.3688,8,D,470,Q,-0.2235,5
1.57,0.06401,10,D,470,R,0.2737,4
-0.8795,-0.1107,9,D,470,S,-0.1929,6
-0.1102,-0.009305,10,D,470,T,-0.01025,9
-1.234,-0.1887,4,D,470,V,-0.3356,4
-1.288,-0.2029,14,D,470,W,0.2722,8
-0.9016,-0.1148,11,D,470,Y,0.5562,5
-1.241,-0.1906,5,T,471,-,,
0.5555,0.03428,10,T,471,A,-0.1932,5
-0.1476,-0.01269,7,T,471,C,-0.03542,4
1.856,0.06825,7,T,471,D,0.3723,5
-1.753,-0.3592,9,T,471,E,0.01522,6
-0.82,-0.09994,4,T,471,F,0.2391,3
1.289,0.05851,15,T,471,G,0.01452,5
0.01371,0.00109,7,T,471,H,-0.06132,5
-0.06247,-0.005152,16,T,471,I,0.1786,10
-2.685,-0.9252,6,T,471,K,-0.4132,5
-0.281,-0.02584,13,T,471,L,0.1616,6
-0.5428,-0.05711,6,T,471,M,-0.02205,3
-1.153,-0.1686,13,T,471,N,0.2761,9
0.2251,0.01616,8,T,471,P,-0.6497,4
-1.357,-0.2221,7,T,471,Q,-0.1947,4
0.8335,0.04557,15,T,471,R,0.08548,8
0.2104,0.01522,7,T,471,S,0.09309,2
0,0,,T,471,T,0,
0.2975,0.02065,11,T,471,V,-0.4899,7
1.802,0.06754,15,T,471,W,-0.05265,10
0.09979,0.007605,17,T,471,Y,-0.262,10
-1.181,-0.1752,5,Y,472,-,,
-1.286,-0.2025,7,Y,472,A,0.06439,5
-0.4514,-0.04529,14,Y,472,C,0.2883,2
-3.334,-1.594,6,Y,472,D,-1.638,4
-3.462,-1.754,10,Y,472,E,-1.92,5
9.403,0.08105,9,Y,472,F,-0.00722,6
-3.154,-1.385,8,Y,472,G,-1.315,6
-1.357,-0.2221,22,Y,472,H,-0.01426,12
0.5071,0.03198,15,Y,472,I,0.05964,10
-2.836,-1.059,7,Y,472,K,-0.9609,4
-0.1846,-0.01617,4,Y,472,L,-0.1423,2
0.2743,0.01925,11,Y,472,M,-0.1706,8
-1.622,-0.3083,11,Y,472,N,-0.3588,7
-0.3738,-0.03603,8,Y,472,P,-1.469,3
-1.504,-0.2675,5,Y,472,Q,0.01854,3
-2.137,-0.5442,12,Y,472,R,-0.364,6
-1.729,-0.3494,4,Y,472,S,0.03372,1
0.07233,0.005586,5,Y,472,T,0.2511,3
0.2802,0.01961,9,Y,472,V,-0.8267,4
0.4612,0.0297,12,Y,472,W,0.5865,6
0,0,,Y,472,Y,0,
-8.073,-5.917,5,E,473,*,-6,1
-1.17,-0.1727,7,E,473,-,,
1.481,0.06243,14,E,473,A,0.4249,6
-0.3193,-0.02993,13,E,473,C,0.04154,10
-1.236,-0.1891,12,E,473,D,-0.1473,6
0,0,,E,473,E,0,
-0.9131,-0.117,11,E,473,F,-0.5595,6
0.2164,0.0156,11,E,473,G,-0.6675,4
-1.742,-0.3546,8,E,473,H,0.1334,6
0.2066,0.01496,12,E,473,I,0.1221,8
0.6679,0.03922,8,E,473,K,-0.06807,8
1.402,0.06091,15,E,473,L,-0.1973,12
0.2929,0.02037,10,E,473,M,0.2722,6
0.3562,0.02406,15,E,473,N,-0.02554,14
-4.743,-3.636,18,E,473,P,-3.677,13
0.3134,0.0216,7,E,473,Q,0.03645,5
0.6931,0.04025,6,E,473,R,-0.17,2
-1.303,-0.2072,9,E,473,S,-0.2524,3
1.263,0.05792,4,E,473,T,0.03641,3
-1.18,-0.1752,9,E,473,V,-0.697,7
-0.07888,-0.006558,7,E,473,W,-0.01665,2
0.1517,0.01128,15,E,473,Y,-0.06194,13
-1.944,-0.4436,7,C,474,-,,
-1.569,-0.2895,11,C,474,A,-0.967,4
0,0,,C,474,C,0,
-8.605,-5.974,10,C,474,D,-6,7
-8.684,-5.98,7,C,474,E,-6,3
-3.327,-1.585,11,C,474,F,-1.156,7
-4.765,-3.669,6,C,474,G,-3.661,3
-7.3,-5.762,8,C,474,H,-6,5
-2.481,-0.7651,7,C,474,I,-0.5228,4
-8.495,-5.965,7,C,474,K,-6,6
-1.057,-0.1465,8,C,474,L,0.03645,3
-1.988,-0.4655,9,C,474,M,-0.1548,6
-6.919,-5.634,4,C,474,N,-5.096,3
-5.255,-4.334,5,C,474,P,-4.016,3
-28.03,-6.057,5,C,474,Q,-5.34,1
-8.477,-5.963,16,C,474,R,-6,10
-3.925,-2.398,14,C,474,S,-2.437,8
-2.428,-0.7273,5,C,474,T,-0.3932,4
-2.62,-0.8719,7,C,474,V,-0.6467,3
-4.663,-3.518,12,C,474,W,-3.216,5
-4.39,-3.105,9,C,474,Y,-2.559,4
-0.8653,-0.1081,6,H,475,-,,
-0.8579,-0.1067,11,H,475,A,-0.1719,6
2.349,0.07322,13,H,475,C,0.1563,7
-0.4775,-0.04856,8,H,475,D,0.08846,5
0.964,0.04989,6,H,475,E,0.1502,3
-0.828,-0.1014,14,H,475,F,0.02393,8
-0.5371,-0.05634,11,H,475,G,0.4279,6
0,0,,H,475,H,0,
-0.1905,-0.01674,10,H,475,I,0.04527,8
0.005844,0.0004657,11,H,475,K,0.1738,8
0.5743,0.03515,5,H,475,L,0.3593,2
-2.025,-0.484,11,H,475,M,-0.1762,8
3.128,0.07746,7,H,475,N,0.4774,3
-11.64,-6.053,12,H,475,P,-3.77,8
0.405,0.02675,12,H,475,Q,0.1496,10
-1.453,-0.2511,19,H,475,R,-0.2211,6
-0.4177,-0.04118,13,H,475,S,0.4624,7
0.2309,0.01654,10,H,475,T,-0.0261,6
-0.6404,-0.07092,13,H,475,V,0.05058,7
1.246,0.05751,12,H,475,W,0.09173,6
0.1779,0.01306,12,H,475,Y,0.5191,7
-0.7296,-0.08472,6,V,476,-,,
-0.04063,-0.003315,18,V,476,A,-0.1089,8
-1.414,-0.2391,14,V,476,C,-0.1553,5
-7.346,-5.775,9,V,476,D,-5.809,4
-4.427,-3.162,15,V,476,E,-2.977,10
-1.02,-0.1385,9,V,476,F,-0.1003,7
-2.459,-0.7491,12,V,476,G,-0.9624,7
-3.918,-2.388,11,V,476,H,-2.365,7
-0.7985,-0.0962,9,V,476,I,-0.08706,3
-7.081,-5.694,14,V,476,K,-6,10
-0.8287,-0.1015,12,V,476,L,-0.1894,6
-0.3738,-0.03604,22,V,476,M,0.2436,9
-3.659,-2.018,10,V,476,N,-2.18,8
-2.796,-1.022,10,V,476,P,-0.9092,7
-3.821,-2.246,9,V,476,Q,-2.028,4
-8.456,-5.961,8,V,476,R,-5.833,5
-1.773,-0.3673,8,V,476,S,-0.3451,4
-0.6779,-0.07659,17,V,476,T,0.0513,8
0,0,,V,476,V,0,
-2.757,-0.9873,12,V,476,W,-1.292,10
0.3411,0.02321,4,V,476,Y,-0.3194,1
-22.9,-6.057,18,Q,477,*,,
-0.6279,-0.06908,6,Q,477,-,,
-0.8766,-0.1101,11,Q,477,A,-0.3746,9
-1.895,-0.4206,6,Q,477,C,-0.1393,5
-0.6856,-0.07776,8,Q,477,D,-0.6842,5
0.3188,0.02191,14,Q,477,E,0.163,9
-1.392,-0.2325,10,Q,477,F,-0.2221,10
0.6106,0.03677,13,Q,477,G,0.294,7
0.537,0.03342,10,Q,477,H,0.5405,5
0.9642,0.04989,8,Q,477,I,-0.1856,6
2.468,0.0741,10,Q,477,K,-0.07521,9
0.04433,0.00347,11,Q,477,L,0.3671,7
-0.5532,-0.05852,12,Q,477,M,0.1724,6
-0.3593,-0.03439,16,Q,477,N,-0.4353,9
-2.762,-0.9916,15,Q,477,P,-0.7515,9
0,0,,Q,477,Q,0,
-0.7822,-0.09341,14,Q,477,R,0.09645,7
-0.8025,-0.09689,9,Q,477,S,-0.4682,4
-0.4532,-0.04551,14,Q,477,T,-0.3361,9
0.1875,0.01371,7,Q,477,V,-0.125,4
0.9335,0.04893,9,Q,477,W,-0.4172,5
0.1285,0.009658,18,Q,477,Y,0.1225,12
-1.077,-0.151,6,H,478,-,,
0.1587,0.01176,7,H,478,A,0.1193,2
-0.3639,-0.03491,8,H,478,C,0.03361,7
-1.423,-0.2419,5,H,478,D,-0.5635,3
0.07006,0.005416,3,H,478,E,0.2703,1
-2.307,-0.6465,9,H,478,F,-0.6013,5
-0.5744,-0.06145,10,H,478,G,0.1678,6
0,0,,H,478,H,0,
-1.283,-0.2016,10,H,478,I,-0.02308,8
-1.744,-0.3554,11,H,478,K,-0.05184,7
0.5945,0.03606,14,H,478,L,-0.255,8
1.216,0.0568,11,H,478,M,-0.04469,6
-0.5143,-0.05331,9,H,478,N,-0.4283,7
-1.802,-0.3793,12,H,478,P,-0.2745,10
-0.2213,-0.01975,15,H,478,Q,0.3227,7
-1.158,-0.1698,22,H,478,R,0.2946,14
0.515,0.03237,9,H,478,S,-0.1129,7
-0.522,-0.05433,9,H,478,T,0.1184,8
-1.578,-0.2926,17,H,478,V,-0.2969,11
0.9975,0.05091,11,H,478,W,0.1772,8
-0.8931,-0.1132,23,H,478,Y,0.02856,9
-1.328,-0.214,6,A,479,-,,
0,0,,A,479,A,0,
-1.052,-0.1454,14,A,479,C,0.0148,10
-0.6895,-0.07837,10,A,479,D,-0.008192,5
1.596,0.06445,8,A,479,E,0.5925,4
0.5554,0.03428,12,A,479,F,0.2763,8
-1.641,-0.3155,3,A,479,G,-0.07463,3
-1.379,-0.2286,3,A,479,H,-0.2086,3
0.08676,0.006654,14,A,479,I,0.03894,6
1.063,0.05281,14,A,479,K,-0.08404,9
0.03799,0.002983,8,A,479,L,-0.2957,3
-0.2019,-0.01784,11,A,479,M,0.1521,5
-0.7193,-0.08307,13,A,479,N,0.3948,7
-0.05308,-0.004357,12,A,479,P,0.1688,6
-1.358,-0.2225,7,A,479,Q,-0.264,6
0.09563,0.007303,9,A,479,R,0.2552,6
0.347,0.02354,16,A,479,S,0.1921,10
-0.1534,-0.01323,24,A,479,T,-0.1116,12
0.1223,0.009223,16,A,479,V,-0.1689,8
-0.8176,-0.09952,12,A,479,W,0.5885,7
-1.051,-0.1453,14,A,479,Y,-0.05153,8
-0.675,-0.07614,6,S,480,-,,
0.2244,0.01612,9,S,480,A,0.071,4
-0.22,-0.01962,15,S,480,C,-0.07866,11
0.6827,0.03983,10,S,480,D,0.1366,6
0.5426,0.03368,8,S,480,E,0.4244,6
-1.52,-0.2729,12,S,480,F,-0.3467,7
2.338,0.07314,10,S,480,G,0.1624,6
0.5097,0.03211,9,S,480,H,0.2261,7
-1.11,-0.1585,9,S,480,I,-0.1267,3
-0.6811,-0.07707,10,S,480,K,0.5005,5
-2.432,-0.7305,4,S,480,L,-0.1928,3
-1.412,-0.2384,14,S,480,M,-0.4248,12
-0.2997,-0.02782,14,S,480,N,0.04761,10
-0.2583,-0.02348,20,S,480,P,-0.1843,9
-0.1047,-0.008812,5,S,480,Q,-0.1604,4
-0.2994,-0.02779,4,S,480,R,-0.8719,2
0,0,,S,480,S,0,
-0.1917,-0.01686,10,S,480,T,0.4075,4
-0.6685,-0.07515,12,S,480,V,-0.07009,8
-1.334,-0.2157,7,S,480,W,-0.1132,4
-1.357,-0.2223,10,S,480,Y,-0.1513,5
-1.276,-0.1998,6,L,481,-,,
0.4413,0.02867,9,L,481,A,-0.7929,4
0.1462,0.0109,15,L,481,C,-0.133,9
2.256,0.07246,11,L,481,D,0.2196,6
0.6844,0.0399,15,L,481,E,0.2808,12
0.7961,0.04422,10,L,481,F,-0.1779,6
-0.7786,-0.09281,5,L,481,G,0.0898,3
0.01859,0.001473,13,L,481,H,0.06179,6
-2.105,-0.5262,11,L,481,I,-0.132,7
1.541,0.06352,6,L,481,K,0.5001,5
0,0,,L,481,L,0,
-0.8746,-0.1098,9,L,481,M,0.05529,6
-0.72,-0.08317,13,L,481,N,-0.4493,6
-2.008,-0.4753,14,L,481,P,-0.577,8
0.3309,0.02262,5,L,481,Q,0.624,2
-0.01247,-0.001003,8,L,481,R,0.01669,6
0.8056,0.04457,11,L,481,S,0.375,6
1.308,0.05892,9,L,481,T,-0.2701,2
0.2807,0.01964,14,L,481,V,-0.1913,9
1.459,0.06202,7,L,481,W,0.136,7
-1.202,-0.1806,5,L,481,Y,-0.2991,5
-10.22,-6.04,1,K,482,*,,
-1.012,-0.137,5,K,482,-,,
2.217,0.07212,8,K,482,A,0.5927,5
-1.51,-0.2697,8,K,482,C,-0.06438,6
-1.565,-0.288,7,K,482,D,-0.1396,7
-0.4622,-0.04664,13,K,482,E,-0.0642,6
-1.219,-0.1848,11,K,482,F,-0.2146,5
-0.9326,-0.1208,11,K,482,G,-0.101,4
-0.2146,-0.01909,6,K,482,H,-0.4614,3
1.372,0.0603,5,K,482,I,0.337,5
0,0,,K,482,K,0,
-1.416,-0.2398,10,K,482,L,-0.116,7
-0.3153,-0.0295,10,K,482,M,0.1195,7
-0.534,-0.05592,15,K,482,N,0.1279,8
0.6998,0.04052,12,K,482,P,0.3963,6
-0.3583,-0.03427,13,K,482,Q,0.04579,7
0.2159,0.01557,13,K,482,R,-0.08419,9
-1.335,-0.2161,7,K,482,S,0.06831,5
1.573,0.06407,8,K,482,T,0.5358,5
-0.4026,-0.03939,9,K,482,V,-0.03956,7
-1.124,-0.1618,10,K,482,W,0.1908,7
-0.1368,-0.0117,10,K,482,Y,-0.01614,8
-0.9991,-0.1342,6,S,483,-,,
-0.3114,-0.02908,9,S,483,A,0.3422,5
-0.9174,-0.1179,14,S,483,C,-0.3251,6
-0.3351,-0.03167,9,S,483,D,0.02786,8
0.8447,0.04596,10,S,483,E,0.08255,6
-1.054,-0.1459,12,S,483,F,0.2505,8
0.1523,0.01132,16,S,483,G,0.1513,8
1.523,0.06319,17,S,483,H,0.2,7
-0.4979,-0.05117,13,S,483,I,-0.03443,9
1.541,0.06352,10,S,483,K,0.313,8
-1.024,-0.1395,12,S,483,L,-0.1796,7
2.423,0.07378,11,S,483,M,-0.03009,3
0.07567,0.005835,17,S,483,N,0.04987,9
1.165,0.05554,8,S,483,P,-0.07853,3
-1.312,-0.2096,13,S,483,Q,-0.2768,7
-0.1604,-0.01388,12,S,483,R,-0.112,9
0,0,,S,483,S,0,
-0.001928,-0.0001548,13,S,483,T,0.0147,8
0.3298,0.02255,9,S,483,V,0.1777,3
-0.1821,-0.01593,9,S,483,W,-0.1675,6
-1.125,-0.162,11,S,483,Y,-0.0329,10
-0.8535,-0.1059,5,P,484,-,,
-1.579,-0.2929,7,P,484,A,-0.08235,4
-1.183,-0.1757,5,P,484,C,-0.4403,4
-0.9408,-0.1224,4,P,484,D,0.3406,2
0.6451,0.03827,6,P,484,E,0.1478,2
-0.1618,-0.01401,8,P,484,F,-0.1363,5
0.7027,0.04064,19,P,484,G,0.191,15
-0.4432,-0.04428,27,P,484,H,0.07455,8
0.0536,0.004177,9,P,484,I,0.2475,7
0.1315,0.009868,7,P,484,K,0.03985,4
0.407,0.02686,15,P,484,L,0.3189,5
-0.9001,-0.1146,8,P,484,M,-0.02401,7
-0.561,-0.05959,7,P,484,N,-0.5915,6
0,0,,P,484,P,0,
0.736,0.04196,9,P,484,Q,-0.7621,5
-0.9849,-0.1313,19,P,484,R,-0.143,14
-0.1759,-0.01534,14,P,484,S,0.3925,8
-1.698,-0.3371,9,P,484,T,-0.2026,4
-0.5628,-0.05983,7,P,484,V,0.3257,3
2.213,0.07209,5,P,484,W,0.08939,3
0.2371,0.01693,12,P,484,Y,-0.198,10
-0.8425,-0.1039,5,I,485,-,,
-0.3916,-0.0381,10,I,485,A,-0.06109,8
1.601,0.06453,6,I,485,C,0.2508,4
-0.4647,-0.04694,10,I,485,D,0.3345,4
0.4719,0.03024,10,I,485,E,-0.36,7
-0.675,-0.07614,7,I,485,F,-0.2974,4
-0.456,-0.04586,11,I,485,G,-0.05373,7
0.02382,0.001883,12,I,485,H,-0.2535,6
0,0,,I,485,I,0,
0.2985,0.02071,10,I,485,K,0.1474,7
1.712,0.06626,8,I,485,L,0.1078,6
2.077,0.07077,15,I,485,M,-0.2426,11
1.001,0.05101,17,I,485,N,0.2277,7
-0.7964,-0.09585,10,I,485,P,-0.2383,6
-0.9635,-0.1269,16,I,485,Q,0.05028,8
-1.131,-0.1634,7,I,485,R,-0.2382,6
2.102,0.07103,14,I,485,S,0.09448,11
-1.085,-0.1527,5,I,485,T,-0.4702,2
-0.7454,-0.08729,17,I,485,V,-0.4042,7
-0.8316,-0.102,13,I,485,W,0.1861,8
2.398,0.0736,12,I,485,Y,-0.258,9
-0.6619,-0.07415,3,T,486,-,,
-1.33,-0.2145,18,T,486,A,-0.1763,9
-0.7018,-0.08029,15,T,486,C,-0.07171,12
1.456,0.06195,11,T,486,D,0.4087,6
-1.569,-0.2897,12,T,486,E,-0.4294,10
-0.1033,-0.008691,6,T,486,F,-0.533,4
1.028,0.05182,4,T,486,G,0.1955,3
1.059,0.0527,13,T,486,H,-0.1676,7
-0.4594,-0.04629,20,T,486,I,-0.1518,11
2.466,0.07409,6,T,486,K,0.09372,3
-0.8415,-0.1037,13,T,486,L,0.1168,8
-0.6233,-0.06841,11,T,486,M,-0.2032,7
-0.2246,-0.02007,12,T,486,N,0.3341,4
-2.549,-0.8162,9,T,486,P,-0.02397,6
-0.325,-0.03056,8,T,486,Q,0.448,6
-1.72,-0.3457,5,T,486,R,-0.4959,5
1.52,0.06313,13,T,486,S,0.2864,10
0,0,,T,486,T,0,
-1.063,-0.1479,8,T,486,V,-0.1687,2
-0.4252,-0.04209,13,T,486,W,-0.1143,8
-0.1565,-0.01352,16,T,486,Y,-0.2734,10
-7.787,-5.872,5,Y,487,*,,
-0.08089,-0.006732,2,Y,487,-,,
-0.15,-0.01291,8,Y,487,A,0.1987,5
2.178,0.07176,14,Y,487,C,0.01985,6
-0.1943,-0.01711,8,Y,487,D,0.1557,6
-1.447,-0.2493,12,Y,487,E,0.05985,7
1.925,0.0691,3,Y,487,F,-0.213,1
1.079,0.05326,9,Y,487,G,0.1768,7
0.5551,0.03427,24,Y,487,H,-0.1128,7
-0.07289,-0.006042,10,Y,487,I,0.5669,5
-0.2518,-0.02281,12,Y,487,K,-0.09702,5
4.649,0.08027,10,Y,487,L,-0.2278,6
1.149,0.05514,6,Y,487,M,0.257,3
-0.7837,-0.09366,22,Y,487,N,0.06008,16
-0.06563,-0.005421,6,Y,487,P,-1.274,2
0.08156,0.006271,8,Y,487,Q,0.2858,4
-0.09719,-0.008152,14,Y,487,R,-0.03771,5
-0.03279,-0.002665,8,Y,487,S,-0.3746,5
0.3502,0.02373,7,Y,487,T,0.691,3
0.4035,0.02668,11,Y,487,V,-0.3305,6
1.595,0.06443,22,Y,487,W,0.07725,13
0,0,,Y,487,Y,0,
-8.744,-5.985,3,E,488,*,,
0.63,0.03762,2,E,488,-,,
0.1282,0.009642,15,E,488,A,0.07268,9
-1.071,-0.1496,8,E,488,C,0.458,5
0.4733,0.03031,15,E,488,D,-0.01183,5
0,0,,E,488,E,0,
1.752,0.06684,6,E,488,F,0.3009,3
0.5599,0.03449,17,E,488,G,-0.1829,13
-0.435,-0.04328,11,E,488,H,0.03317,8
-0.9825,-0.1308,8,E,488,I,0.02275,6
0.05587,0.004349,17,E,488,K,0.02048,9
0.7214,0.04139,13,E,488,L,0.02043,8
-1.55,-0.2829,8,E,488,M,0.4026,4
-0.4299,-0.04266,9,E,488,N,0.8557,5
0.1734,0.01276,15,E,488,P,0.2483,9
0.4331,0.02824,13,E,488,Q,-0.04175,8
0.9637,0.04988,10,E,488,R,0.09968,6
1.997,0.06992,9,E,488,S,-0.2014,7
1.201,0.05644,10,E,488,T,0.03475,6
-1.633,-0.3124,11,E,488,V,-0.01389,7
2.715,0.07562,10,E,488,W,0.1111,6
0.0337,0.002652,8,E,488,Y,-0.2472,4
-17.04,-6.057,31,W,489,*,-6,4
-0.2751,-0.02523,2,W,489,-,,
2.295,0.07279,10,W,489,A,-0.2112,6
-0.6259,-0.06879,14,W,489,C,0.146,4
-1.104,-0.1571,5,W,489,D,0.05058,5
-1.365,-0.2246,10,W,489,E,-0.5433,7
-0.2838,-0.02613,7,W,489,F,0.04515,4
-2.138,-0.5446,5,W,489,G,0.4211,1
-0.8448,-0.1044,10,W,489,H,0.04911,8
-1.434,-0.2454,13,W,489,I,-0.4275,9
-1.404,-0.236,10,W,489,K,-0.2717,9
-0.4966,-0.051,10,W,489,L,0.1879,4
-1.125,-0.162,14,W,489,M,-0.151,11
-2.227,-0.5966,8,W,489,N,-0.5095,4
-1.503,-0.2673,9,W,489,P,0.07684,5
-2.41,-0.7148,12,W,489,Q,-0.4514,8
-1.325,-0.2131,13,W,489,R,0.05142,8
-1.766,-0.3645,9,W,489,S,-0.1333,9
-2.188,-0.5732,14,W,489,T,-0.6559,5
0.05596,0.004356,6,W,489,V,0.04141,4
0,0,,W,489,W,0,
1.211,0.05667,9,W,489,Y,0.07276,5
-0.3667,-0.03523,3,V,490,-,,
-0.6556,-0.07319,16,V,490,A,0.0931,10
0.02448,0.001935,15,V,490,C,0.06808,10
-0.222,-0.01981,12,V,490,D,-0.04357,7
-0.3331,-0.03145,9,V,490,E,0.1566,7
0.8638,0.04662,14,V,490,F,0.1856,6
-0.8315,-0.102,9,V,490,G,-0.0346,8
1.527,0.06327,10,V,490,H,-0.1887,5
0.2965,0.02059,10,V,490,I,-0.03782,8
0.7283,0.04166,8,V,490,K,-0.3438,4
0.2706,0.01902,12,V,490,L,0.2176,5
0.1966,0.01431,17,V,490,M,-0.1671,9
-1.388,-0.2312,13,V,490,N,-0.0276,8
-1.748,-0.357,10,V,490,P,0.0285,6
1.122,0.05441,11,V,490,Q,-0.1174,7
0.1668,0.01231,7,V,490,R,0.3706,5
-0.404,-0.03955,8,V,490,S,-0.008038,5
1.005,0.05112,7,V,490,T,0.1981,5
0,0,,V,490,V,0,
-0.9712,-0.1285,5,V,490,W,-0.2063,3
0.158,0.01171,12,V,490,Y,-0.3363,6
-0.4216,-0.04166,4,L,491,-,,
0.6531,0.0386,6,L,491,A,-0.295,3
0.7989,0.04433,5,L,491,C,0.7065,3
0.2087,0.0151,6,L,491,D,-0.4316,2
-0.2546,-0.0231,6,L,491,E,0.02473,5
-1.471,-0.2568,4,L,491,F,-0.1059,1
1.715,0.06631,11,L,491,G,0.1576,8
0.3262,0.02235,9,L,491,H,0.2407,5
1.07,0.05301,8,L,491,I,0.2417,5
1.599,0.0645,12,L,491,K,0.2234,11
0,0,,L,491,L,0,
-0.7034,-0.08054,16,L,491,M,0.1058,7
-0.5264,-0.05492,11,L,491,N,-0.1303,7
0.08343,0.006409,13,L,491,P,-0.1472,8
-0.1951,-0.01718,11,L,491,Q,0.1971,8
1.166,0.05556,11,L,491,R,0.4649,6
0.2208,0.01589,5,L,491,S,0.1423,3
-0.3886,-0.03775,11,L,491,T,0.2484,7
-0.231,-0.02071,8,L,491,V,0.2334,5
0.1281,0.009632,5,L,491,W,-0.4137,2
0.2338,0.01672,9,L,491,Y,0.2284,7
-0.5636,-0.05994,4,P,492,-,,
1.657,0.06543,14,P,492,A,0.4963,8
-1.88,-0.4137,12,P,492,C,-0.482,8
-2.128,-0.539,10,P,492,D,-0.05028,6
-1.039,-0.1426,13,P,492,E,-0.3393,8
0.9352,0.04898,17,P,492,F,-0.3841,10
-0.497,-0.05106,7,P,492,G,-0.6793,3
-0.6964,-0.07945,10,P,492,H,0.5131,4
0.5923,0.03596,5,P,492,I,0.2211,5
-0.6479,-0.07204,16,P,492,K,0.3294,8
1.204,0.05651,11,P,492,L,-0.1188,5
-0.4911,-0.0503,11,P,492,M,-0.3808,4
-1.166,-0.1717,3,P,492,N,0.2346,2
0,0,,P,492,P,0,
-0.3953,-0.03854,12,P,492,Q,0.0823,8
0.2646,0.01865,9,P,492,R,-0.1824,5
0.0778,0.005992,18,P,492,S,-0.3715,5
-0.3036,-0.02824,13,P,492,T,-0.08101,7
1.722,0.06641,11,P,492,V,0.07871,7
-0.8772,-0.1103,12,P,492,W,-0.1105,11
1.898,0.06877,5,P,492,Y,-0.2545,1
-1.697,-0.3366,6,A,493,-,,
0,0,,A,493,A,0,
-0.3596,-0.03441,13,A,493,C,-0.3639,8
0.3182,0.02188,11,A,493,D,0.3546,2
-0.8514,-0.1055,7,A,493,E,0.1066,5
-0.3854,-0.03738,11,A,493,F,0.2008,4
0.06601,0.005114,12,A,493,G,-0.032,6
1.056,0.05263,11,A,493,H,0.07766,7
-0.4358,-0.04337,11,A,493,I,0.2311,8
-0.5127,-0.05311,15,A,493,K,-0.02076,6
1.114,0.0542,13,A,493,L,-0.004482,12
-0.4413,-0.04404,3,A,493,M,0.1407,3
-0.4538,-0.04559,11,A,493,N,0.1377,7
-1.351,-0.2206,7,A,493,P,-0.42,4
0.6564,0.03874,6,A,493,Q,-0.1076,4
0.1228,0.00926,11,A,493,R,0.2457,7
0.6549,0.03868,13,A,493,S,0.1164,6
-0.1498,-0.0129,28,A,493,T,-0.2412,8
-0.1039,-0.008744,30,A,493,V,0.01958,13
-0.1651,-0.01432,5,A,493,W,-0.1489,2
-2.093,-0.5199,7,A,493,Y,-0.4173,4
-1.534,-0.2777,6,D,494,-,,
1.752,0.06684,11,D,494,A,0.05004,5
-2.465,-0.7538,6,D,494,C,-0.8734,5
0,0,,D,494,D,0,
-0.5974,-0.06467,13,D,494,E,-0.3695,9
-0.3825,-0.03704,10,D,494,F,-0.03566,5
0.6019,0.03639,16,D,494,G,-0.1072,8
-0.01038,-0.0008345,11,D,494,H,0.1449,8
-1.777,-0.3688,10,D,494,I,0.04273,5
0.9089,0.04813,6,D,494,K,0.484,5
-0.2566,-0.02331,6,D,494,L,0.7693,3
-1.094,-0.1547,7,D,494,M,-0.5574,5
-0.8887,-0.1124,27,D,494,N,0.01068,8
1.059,0.05269,8,D,494,P,0.07274,6
0.3544,0.02396,10,D,494,Q,0.0693,4
1.158,0.05536,6,D,494,R,-0.06797,3
0.5859,0.03567,8,D,494,S,0.3123,6
0.9495,0.04943,8,D,494,T,0.343,5
-0.1046,-0.008804,13,D,494,V,0.2169,6
0.288,0.02008,13,D,494,W,0.2849,8
-0.2751,-0.02523,12,D,494,Y,-0.1323,5
-0.4885,-0.04996,7,A,495,-,,
0,0,,A,495,A,0,
-0.2504,-0.02267,22,A,495,C,-0.1557,14
0.5351,0.03332,9,A,495,D,-0.3721,4
-0.1336,-0.01141,7,A,495,E,-0.2833,3
-0.5735,-0.06132,11,A,495,F,-0.3054,6
0.8352,0.04563,8,A,495,G,-0.2444,5
-0.5747,-0.06149,12,A,495,H,-0.08616,8
0.6333,0.03776,5,A,495,I,0.1748,3
1.073,0.05309,9,A,495,K,0.2647,5
1.117,0.05429,15,A,495,L,0.5066,9
0.8958,0.0477,6,A,495,M,0.1669,6
-0.5098,-0.05273,7,A,495,N,0.3453,4
0.1662,0.01227,16,A,495,P,0.02756,8
-0.8101,-0.09821,9,A,495,Q,-0.06245,6
0.05578,0.004342,13,A,495,R,0.1169,8
-0.1539,-0.01328,20,A,495,S,-0.03746,13
-0.3693,-0.03552,19,A,495,T,0.01894,7
-0.308,-0.02871,13,A,495,V,0.1642,8
-0.3339,-0.03154,11,A,495,W,-0.2297,7
-0.02368,-0.001916,14,A,495,Y,0.03277,9
0.2681,0.01887,8,A,496,-,,
0,0,,A,496,A,0,
-0.2312,-0.02074,22,A,496,C,-0.2261,13
0.02958,0.002332,12,A,496,D,0.1846,5
-0.3346,-0.03161,16,A,496,E,-0.1562,10
-2.005,-0.474,4,A,496,F,-0.3256,4
0.09287,0.007102,11,A,496,G,0.06985,8
6.798,0.08096,17,A,496,H,-0.03177,12
1.186,0.05606,9,A,496,I,0.2208,6
0.2216,0.01594,14,A,496,K,-0.1805,10
-1.167,-0.1719,9,A,496,L,-0.1136,6
1.145,0.05502,12,A,496,M,0.1555,7
-0.08762,-0.007316,7,A,496,N,-0.2068,4
0.4021,0.0266,10,A,496,P,0.2333,6
-0.5369,-0.05632,15,A,496,Q,-0.1757,10
-0.7252,-0.08402,19,A,496,R,-0.07488,17
0.5966,0.03615,16,A,496,S,-0.1567,7
0.8414,0.04584,23,A,496,T,-0.05295,10
-0.3637,-0.03488,14,A,496,V,0.3184,5
-0.06257,-0.00516,9,A,496,W,0.4151,6
0.4806,0.03068,8,A,496,Y,0.4477,2
-3.676,-2.042,2,R,497,*,,
-0.7611,-0.08987,7,R,497,-,,
0.4545,0.02936,10,R,497,A,-0.008149,5
-1.658,-0.3219,13,R,497,C,-0.66,9
0.9332,0.04892,6,R,497,D,-0.5761,3
0.2082,0.01507,13,R,497,E,0.06825,7
-1.299,-0.206,16,R,497,F,-0.4031,11
-1.031,-0.1408,25,R,497,G,-0.4526,7
-1.384,-0.2302,5,R,497,H,-0.03675,3
0.3691,0.02479,15,R,497,I,-0.2428,5
0.1111,0.008421,12,R,497,K,0.1769,4
-1.516,-0.2715,12,R,497,L,-0.4908,9
-1.669,-0.3258,9,R,497,M,-0.2682,6
0.4877,0.03103,14,R,497,N,-0.02042,12
0.5986,0.03624,11,R,497,P,-0.2543,7
-1.371,-0.2262,6,R,497,Q,-0.3304,5
0,0,,R,497,R,0,
2.678,0.07541,9,R,497,S,0.03813,8
-0.4562,-0.04589,10,R,497,T,0.0611,6
-0.04472,-0.003656,12,R,497,V,0.1488,8
0.06619,0.005126,11,R,497,W,-0.02937,8
-0.09416,-0.007887,8,R,497,Y,-0.2113,5
-1.841,-0.3965,7,G,498,-,,
0.5449,0.03379,20,G,498,A,0.1454,16
-0.2804,-0.02578,9,G,498,C,-0.2152,5
-0.29,-0.02678,24,G,498,D,0.04238,7
0.3239,0.02221,15,G,498,E,0.03731,7
1.177,0.05584,7,G,498,F,0.2164,6
0,0,,G,498,G,0,
1.975,0.06967,8,G,498,H,-0.1049,7
0.2086,0.0151,5,G,498,I,0.3144,3
-0.2319,-0.0208,19,G,498,K,0.7471,13
-0.9837,-0.131,13,G,498,L,0.02558,11
-0.1672,-0.01453,19,G,498,M,-0.05061,14
0.02061,0.001632,10,G,498,N,0.7422,6
0.6642,0.03906,7,G,498,P,0.1874,7
0.4624,0.02976,9,G,498,Q,-0.3468,6
1.228,0.05708,5,G,498,R,-0.5812,2
-0.5348,-0.05604,17,G,498,S,-0.4265,10
0.2008,0.01459,13,G,498,T,-0.7313,6
0.3328,0.02273,8,G,498,V,0.436,3
-0.3815,-0.03692,9,G,498,W,-0.312,7
-0.7096,-0.08153,9,G,498,Y,0.01672,6
-1.206,-0.1814,2,K,499,*,,
-1.418,-0.2404,7,K,499,-,,
-2.227,-0.5963,9,K,499,A,-0.6183,8
-1.471,-0.257,6,K,499,C,-0.6995,5
-0.6729,-0.07581,15,K,499,D,-0.3939,7
-0.2459,-0.02222,14,K,499,E,-0.3483,3
-2.5,-0.7797,9,K,499,F,-0.7173,9
-0.5648,-0.06011,13,K,499,G,-0.2551,6
1.404,0.06094,8,K,499,H,-0.04449,7
-0.02112,-0.001707,11,K,499,I,-0.3402,6
0,0,,K,499,K,0,
-1.97,-0.4563,6,K,499,L,-0.664,2
-1.455,-0.2519,8,K,499,M,-0.4706,3
-1.372,-0.2267,13,K,499,N,-0.1613,7
-0.9339,-0.1211,7,K,499,P,-0.0957,5
-0.48,-0.04887,10,K,499,Q,0.2544,5
0.08517,0.006537,20,K,499,R,0.1627,9
1.015,0.05143,8,K,499,S,0.007629,5
-1.041,-0.1431,13,K,499,T,-0.03676,6
-0.4463,-0.04466,6,K,499,V,-0.1374,3
0.3662,0.02462,11,K,499,W,-0.1167,8
0.2988,0.02073,21,K,499,Y,0.05475,13
